:020000022000DC
:1060000000000420E5530300255403002754030037
:10601000295403002B5403002D54030000000000FA
:1060200000000000000000000000000069520300B2
:10603000315403000000000089520300355403006E
:106040009555030037540300392603006DFA02000A
:1060500037540300375403001D270300375403004F
:1060600037540300375403003754030037540300F8
:1060700037540300375403003754030037540300E8
:1060800037540300ED4F0300375403003754030027
:1060900037540300375403003754030037540300C8
:1060A00037540300375403003754030037540300B8
:1060B00037540300375403000000000000000000C4
:1060C000375403003754030037540300BD5A03000C
:1060D000375403003754030037540300F16C0200B7
:1060E0003754030037540300375403000000000006
:1060F000000000003754030000000000355B03007F
:10610000000000000000000000000000000000008F
:10611000000000000000000000000000000000007F
:10612000000000000000000000000000000000006F
:10613000000000000000000000000000000000005F
:10614000000000000000000000000000000000004F
:10615000000000000000000000000000000000003F
:10616000000000000000000000000000000000002F
:10617000000000000000000000000000000000001F
:10618000000000000000000000000000000000000F
:1061900000000000000000000000000000000000FF
:1061A00000000000000000000000000000000000EF
:1061B00000000000000000000000000000000000DF
:1061C00000000000000000000000000000000000CF
:1061D00000000000000000000000000000000000BF
:1061E00000000000000000000000000000000000AF
:1061F000000000000000000000000000000000009F
:10620000F1EE103A43F08073E1EE103A704700BFB0
:1062100010B5054C237833B9044B13B10448AFF3E0
:1062200000800123237010BD1863002000000000CF
:106230004CB2030008B5034B1BB103490348AFF34D
:10624000008008BD000000001C6300204CB2030069
:10625000154B002B08BF134B9D46A3F5803A002138
:106260008B460F461348144A121A10F04DFE0F4B7E
:10627000002B00D098470E4B002B00D098470020F1
:10628000002104000D000D48002802D00C48AFF397
:10629000008010F0B5FD200029000FF0F5F810F097
:1062A00089FD00BF0000080000000420000000007D
:1062B000000000001863002080A7002000000000FC
:1062C000000000000146014800F08EBA5063002033
:1062D00038B5064B1D783DB100242046013400F04E
:1062E00049FEE0B28542F9D838BD00BF4C630020BA
:1062F000407DFF2806D010B500F088FD044618B197
:10630000204610BD002070470FF032FD204610BD22
:10631000407DFF280ED000B583B00DF1070100F0DD
:10632000C9FD20B19DF8070003B05DF804FB4FF0F4
:10633000FF30F9E74FF0FF30704700BF407DFF2886
:1063400011D000B583B001220DF1070100F06AFD04
:1063500020B94FF0FF3003B05DF804FB9DF8070053
:1063600003B05DF804FB4FF0FF307047407DFF281D
:1063700001D000F0FFBD7047407DFF2801D000F044
:106380003FBE0020704700BFF8B50646407DFF289D
:106390001CD017465AB10D46144600F011FD29468F
:1063A000224680B1707D00F08FFD241A01D138465D
:1063B000F8BD05440FF0DCFC707D00F001FD2946BE
:1063C00022460028EED13F1B3846F1E70020F8BDF9
:1063D0000AB32DE9F043524991F81C6191F81D511F
:1063E00091F81E7193B0994614467B1CAA1C8046F6
:1063F000B01C81F81C0181F81D2181F81E3101A813
:106400004222002110F080FDB9F1410F05D8002093
:1064100013B0BDE8F083422070478DF806608DF818
:106420000E608DF82660721C40F20126D2B2ADF8E3
:106430001060DFF8F0C08DF81E20242640F6083EDC
:106440006B1C8DF827208DF83120ADF804E08DF815
:1064500016608DF820608DF82460CDF818C00426F1
:106460004FF0060C65F07F0540F209424FF0010E37
:1064700098F81410ADF80C208DF81CE005228DF86A
:106480001F608DF830608DF822C040F207568DF8FD
:1064900025C08DF82A5020464FF0030E63F07F048C
:1064A0004FF0080C02234FF411658DF814108DF88D
:1064B00007308DF808308DF809308DF812308DF8DE
:1064C00021308DF815208DF823208DF82BE08DF8E4
:1064D0002CC04FF00A0EADF82E504FF0400C01A921
:1064E000ADF8286007258DF833308DF840208DF801
:1064F0004140422244F20204ADF838608DF83B304E
:106500008DF83A708DF834E08DF83CC08DF83F502E
:10651000ADF8424010F0D4FC422013B0BDE8F08347
:106520005063002020010524A0F11000FFF750BFA8
:1065300070B50368184A5B6882B093428DF8071003
:1065400024D10546407DFF281DD000F039FC0DF117
:10655000070601243146224688B1687D00F0B4FC6C
:10656000241A02D1012002B070BD06440FF000FCD5
:10657000687D00F025FC314622460028EDD1C4F1AB
:10658000010002B070BD002002B070BD01220DF10B
:106590000701984702B070BD89630200437DFF2B5D
:1065A00000D07047094B1A78002AFAD110B500F1D3
:1065B000100442750649204601221A7000F0E0F9E5
:1065C00021460448BDE8104000F0F0B84C630020BC
:1065D0005C9E030050630020407DFF2807D000B57B
:1065E00083B000F0EDFB20B103B05DF804FB0020A8
:1065F000704701900FF0BCFB019803B05DF804FBFD
:1066000001B900B1704700B583B0694600F0EEFBF8
:10661000009BB3F5966F02D003B05DF804FB00F069
:106620007DFBF9E730B4084B084A4FF47F4102F193
:106630000805002430324FF47A7099821D60C3E956
:1066400001401A6130BC7047346300206C9E030027
:106650002DE9F0410024484E2546435D4719A3B17A
:1066600003F14002D2B2012A0AD9F42B08D81A0643
:106670000ED44FF0010EA3F55842B2F5006F56D27A
:1066800001354719435D002BEAD12046BDE8F08172
:1066900003F0E002C02A57D003F0F002E02A66D0EF
:1066A00003F0F802F02AEBD103F007024FF0040EDA
:1066B0007B7803F0C00CBCF1800FE1D197F802C0E9
:1066C0000CF0C00803F03F03B8F1800F43EA8213D7
:1066D000D6D10CF03F0CBEF1030F4CEA83132DD042
:1066E000FA7802F0C007802FCAD102F03F0242EAD6
:1066F0008313A3F58032B242C2D8A3F55847B7F549
:10670000006FBDD3B3F5803F05F1040510D31E2CF7
:10671000BBDC6300970A0B44C2F30902A7F52057BC
:10672000A2F5105221F814705A80023495E775448E
:10673000202CAAD021F8143001348EE7A3F5006292
:10674000B2F5784F97D39BE77A7802F0C007802F95
:1067500003F01F0394D102F03F0242EA8313A3F136
:106760008002B2F5F06F8BD24FF0020E83E703F098
:106770000F024FF0030E9BE7FFFF0F0090F8503120
:106780000B2B0CD871B103F1480210B45C1C80F8DB
:10679000504140F822105DF8044B18467047002322
:1067A000184670470B461846704700BF70B5044640
:1067B0000E68B4F81821B4F81A31656936689B1A66
:1067C00008469BB294F81C112A44B04758B1B4F85B
:1067D00018216369104480B2A4F81801588094F815
:1067E0001C211A71012070BD2DE9F043284DDFF8FE
:1067F000B090AC4604468846BCE80F0089B003AFB1
:106800000FC703AE0FCE05F1140E25460FC59EE847
:106810000700DCF800303B806B4636682E8003C3EF
:106820006B4603CB012504F118034FF480766361B6
:10683000A061E16184F8202004F59870C4F81891F3
:106840002022A4F81C61002184F81E5110F05CFB8A
:1068500040F20947042240F2EF230E4E0E48C4F8DE
:1068600028010021C4F82C1184F85021A3804FF492
:10687000E131A571C4F82071C4F824610748FFF71D
:106880008DFE404600F038FA284609B0BDE8F08396
:10689000A09E0300D09E0300D89E03003463002016
:1068A000090000010048704750630020014B5869FF
:1068B000704700BF506300202DE9F04F89B0F8B158
:1068C000032816D02B4C94F8503183424FD94830CE
:1068D00004F5AA7154F82000FFF7BAFEC0B20130E7
:1068E000400040F44070A4F85201234809B0BDE8CC
:1068F000F08F204CD4F82C0150B104F5AA71EBE7CD
:106900001C4CD4F82031A4F854314FF44170EAE71C
:10691000684600F005FA054610B300F1FF3A0DF1A4
:106920000103164FE94653FA8AFAA64604AE97E8E1
:106930000F0019F801CB86E80F000CF00F080DF1DD
:10694000200BD8440BEB1C1C18F8108C1CF8103CC6
:10695000AEF85681D145AEF854310EF1040EE6D1B1
:106960006800C0B20130400040F44070BBE7002036
:10697000BCE700BF50630020A2640020C09E03005B
:1069800010B504460248FFF7F9FE207110BD00BFA4
:106990005063002030B5144C236883B013B31868DB
:1069A00051B909F0BFF9236893F90400012103B03C
:1069B000BDE830400FF010BC0C4B009300250123C4
:1069C0008DF805308DF8045002AB13E9060009F08C
:1069D00045F9236893F90400294603B0BDE8304027
:1069E0000FF0FABB03B030BDE464002080BA8C0124
:1069F0000448006828B108B5006809F099F9012039
:106A000008BD7047E4640020084B1B6843B141B9DE
:106A1000074B4022C3F88020BFF34F8FBFF36F8F27
:106A20007047034B40221A60704700BFE4640020A7
:106A300000E100E0024B53F8200000B1C06870474D
:106A4000E864002030B4094CBDF8085054F82040E8
:106A500044B1246934B10846A44611461A462B466F
:106A600030BC6047002030BC704700BFE8640020A5
:106A700030B4084CBDF8085054F8204044B1646963
:106A800034B10846A44611461A462B4630BC60472E
:106A900030BC7047E864002000207047024B186843
:106AA00008B190F860007047F06400202DE9F843C9
:106AB000234C2568002D3CD01E462C2303FB00539D
:106AC0001746D3F8209088460446B9F1000F32D01B
:106AD000484611F0DCF82C2303FB0454D4E9095494
:106AE000DFF864C0174B08280246494628BF082231
:106AF0004046002D08BF6546002C08BF1C4610F01C
:106B0000DFF9284611F0C3F810280246294628BFAD
:106B10001022384610F0D4F9204611F0B8F80428B5
:106B200002462146304628BF0422BDE8F84310F053
:106B3000C7B9BDE8F883DFF814900820CBE700BFA1
:106B4000F0640020089F0300F89E0300EC9E030001
:106B500070B5104E3368D3B12C2404FB00340546C5
:106B600062691AB19047336884F832002C2202FB24
:106B7000053393F8324014B10124204670BD2846F5
:106B800023463A22022101F0E7F8204670BD1C4658
:106B9000204670BDF0640020074B1B6853B110B451
:106BA0002C2404FB0030C46A038E0C6013805DF853
:106BB000044B7047704700BFF064002008B52022E6
:106BC0000023052101F0C8F84FF0FF3008BD00BFD9
:106BD00030B4094C24685CB10D4611462C2202FBEE
:106BE0000044E46924B11A462846234630BC1847BD
:106BF000012030BC704700BFF064002030B4094C65
:106C0000029A246854B10D462C2101FB0044A4686B
:106C100024B119462846234630BC18474FF0FF30B0
:106C200030BC7047F064002030B4094C029A2468EC
:106C300054B10D462C2101FB0044E46824B11946EF
:106C40002846234630BC18474FF0FF3030BC704711
:106C5000F0640020044B1B682BB12C2202FB003097
:106C6000036903B118477047F0640020054B1B68A7
:106C70002BB12C2202FB0030836903B1184701209D
:106C8000704700BFF064002005F0DCBB00B5164B78
:106C900083B04022002483F8272301A90123204642
:106CA0008DF804308DF8054002F0DAFE4FF0804395
:106CB00002A8D3F8385400F8084D0EF025FC0B4B11
:106CC000019301A80EF04CFC0EF05CFCEB0707D41E
:106CD00000214FF0FF3002F04DFFFFF7F9FAF7E720
:106CE000204605F0AFFBF3E700E100E0896C02000D
:106CF000002005F01DB800BF00B5002383B00322BB
:106D0000CDE9002303490448C8220DF02FF903B050
:106D10005DF804FB0C9F03008D6C02000FF0D4B9EA
:106D20004FF08052536E1BBA0360136E1BBA436060
:106D30000820704700487047149F030070B51E4C30
:106D40002368D3B1012901D0012070BD1578C5F3A6
:106D50004115012D13D0022D0FD15478012C21D0D3
:106D6000022CF1D19388072B07D1144C11462389AB
:106D70002246BDE8704003F035BE002070BD51785A
:106D80002229E1D111465288003218BF01225A75DA
:106D900003F010FE2268D369002BD5D0507D9847B0
:106DA000284670BD9C69002CE7D011462378224606
:106DB000BDE8704003F016BEF464002004600020BB
:106DC00010B5044602F034FE08B9002010BD02F0F0
:106DD00037FE0028F9D1044B4FF4367202FB04341D
:106DE000207900F0010010BD78650020064A4FF4BC
:106DF000367303FB00230833186808609A889B7970
:106E00008B718A80704700BF7865002008B5044AFE
:106E10004FF4367303FB0020103002F055FC08BD20
:106E2000786500202DE9F8434FF4367404FB00F434
:106E30001E4E4FF6FF73074604F110054FF6FE7025
:106E4000824288BF1A463544284692B202F066FC58
:106E5000804602F0EDFD10B94046BDE8F88302F02F
:106E6000EFFD81460028F7D13444E378002BF3D0BE
:106E7000284602F041FC3F28EED9E178484603F06D
:106E8000E7FC0028E8D0284602F036FC3F2804D86A
:106E9000E178484603F0ECFCDEE7054AE178484635
:106EA00002EBC712402303F0F3FCD5E7786500201E
:106EB000F8640020034A4FF4367303FB00201030BF
:106EC00002F096BC786500202DE9F8434FF4367542
:106ED00005FB00F5244F4FF6FF73064605F1240429
:106EE0004FF6FE70824288BF1A463C4492B220465A
:106EF00002F0B8FC8046204602F0E6FB3F2802D8AC
:106F00004046BDE8F88302F093FD0028F8D002F077
:106F100097FD81460028F3D1204602F0D5FB0028DA
:106F2000EED03D444846A97803F092FC0028E7D013
:106F30000E4B402202EBC6161E442046314602F09C
:106F4000EDFB034660B13246A978484603F0A0FC49
:106F50000028D5D1064B1B68DB07D1D500BECFE793
:106F6000A97803F085FCCBE778650020F864002061
:106F7000F0ED00E02DE9F041804602F059FD10B936
:106F80000020BDE8F08102F05BFD07460028F7D144
:106F90004FF4367404FB08F4164E04F1240535440E
:106FA000284602F091FB0028EAD026443846B17802
:106FB00003F04EFC0028E3D040220F4B02EBC81830
:106FC00098442846414602F0A9FB044660B1424677
:106FD000B1783846234603F05BFC40B9074B1B6889
:106FE000DB07CDD500BECCE7B17803F041FC2046ED
:106FF000C7E700BF78650020F8640020F0ED00E0EE
:1070000008B5044A4FF4367303FB0020243002F025
:1070100073FB08BD7865002070B5204C82B000215C
:107020004FF4367220460D460FF06EFFFF234FF4EB
:10703000E132082604F138016371A26001234FF4A4
:107040008072009504F11000A67302F001FB144B4E
:107050001B78C3F38003009304F59C7101234FF464
:10706000807204F1240002F0F3FA04F50E7101209D
:107070000CF0C0F904F52271064601200CF0BAF9B3
:1070800006B130B9074B1B68DB0700D500BE02B064
:1070900070BDC4E90756C4E90C05F8E7786500201F
:1070A000B8600020F0ED00E038B5094C206A256B8F
:1070B00020B10CF0C3FD0023C4E907332DB12846ED
:1070C0000CF0BCFD0023C4E90C33012038BD00BF27
:1070D0007865002010B50E4C0E482378002202601F
:1070E0000271DA0709D59B070DD521780A48C1F34B
:1070F0008001BDE8104002F063BC103002F040FC9B
:1071000023789B07F1D4044802F03AFCEDE700BF76
:10711000B8600020786500209C6500202DE9F041D2
:107120004B79022B82B004D00025284602B0BDE87E
:10713000F0818B79022BF7D1364EB3782BB1364BD9
:107140001B68DB07F0D500BEEEE78B7833700C7858
:107150000C4407466378242B4FF009050BD1082A0D
:1071600002D822E0AA4220D323781C441D4463782D
:10717000242BADB2F6D0052B38D0042B15D1637972
:107180000A2B12D1254A94F8008001920223013281
:107190000092384604EB08011A4603F095FA0028DD
:1071A000CDD00E3518FA85F5ADB202F041FC0028BD
:1071B000BBD002F045FC04460028B6D1F378002B82
:1071C000B3D0174802F098FA3F28AED9F17820469C
:1071D00003F03EFB0028A8D0114802F08DFA3F28AA
:1071E000F17811D8204603F043FB9EE7214638464C
:1071F00003F00AFB0028A2D0A378737023781C4404
:107200001D44ADB26378B8E7064A2046402303F038
:107210003FFB8AE778650020F0ED00E07A6500200A
:1072200088650020F864002038B5137803F0600307
:10723000202B01D0002038BD294C938825789D4211
:10724000F8D15378203B032BF4D8DFE803F008157E
:107250001E02012936D0032939D0012038BD012969
:107260000CD00329F9D11F4B002BF6D01E4900206A
:10727000AFF30080012038BD0129EED1114607236C
:10728000194A03F0AFFB012038BD01291AD00329A8
:10729000E3D1164B55881B781548257113F004016E
:1072A0001CBFE94301F0010102F08AFB114B002BE6
:1072B000D3D0C5F3400205F001010020FFF7A0F98B
:1072C000012038BD114603F075FB012038BD0A4B83
:1072D000002BC2D051880020AFF30080BDE700BF73
:1072E000786500200000000080650020B860002064
:1072F0009C65002001660200000000002DE9F047B7
:107300005F4CE2788A420D4680461F4659D15D4E59
:107310009AB2314604F1100002F0A4FA5A4BC3B1FC
:107320006379FF2B15D0A7B106EB070A04F110090A
:1073300002E056450DD0637916F8012B9A42F8D138
:10734000484602F0D1F90028F3D16179AFF300800B
:10735000EFE74E4B23B14E4802F0C6F9002863D048
:1073600002F066FB002862D1A3789D4202D0012082
:10737000BDE8F087474B13B10020AFF3008002F067
:1073800057FB00282BD1444802F09EF90028EED18B
:10739000002FECD017F03F07E9D1A178404603F069
:1073A00057FA0028E3D0A17840463B463A4603F01E
:1073B0006FFA0028DBD1394B1B68DA070CD500BE09
:1073C000D6E7A3788B42D5D0344B1B68DB0703D5B7
:1073D00000BE0020BDE8F0870020BDE8F08702F085
:1073E0002FFB05460028CED12B4802F06DF900286E
:1073F000C9D0A178284603F02BFA0028C3D0402238
:107400002749254802F08AF9034600282CD028464F
:10741000234AA17803F03CFA0028A8D11F4B1B682F
:10742000D907B0D500BEAEE7AFF3008098E702F011
:1074300007FB0646002897D1E378002B94D0144828
:1074400002F05AF93F288FD9E178304603F000FA6C
:10745000002889D00E4802F04FF93F28304607D85F
:10746000E17803F005FA7FE7A17803F001FA8AE7F3
:107470004023044AE17803F00BFAA37875E700BFD4
:1074800078650020F8640020000000000000000083
:1074900088650020000000009C650020F0ED00E001
:1074A00038650020704700BF01207047704700BF5B
:1074B000704700BF044B0022C3E90022C3E9022247
:1074C000C3E90422704700BFD06900200120704743
:1074D000044B0022C3E90022C3E90222C3E90422CB
:1074E000704700BFD06900202DE9F0434B79032B92
:1074F00083B004D00024204603B0BDE8F0830B79AC
:10750000C3EBC3041234A4B2944205D9254B1B68C3
:10751000DA07EFD500BEEDE7234A5578002D3ED0BF
:10752000557B002DF2D102F10C054FF4A0770E78B7
:107530008A1992F801C0BCF1210FE7D1AA608946EF
:10754000895D80466E1CA81C1144CDE900061A46D0
:107550004046032303F0B8F80028D7D099F8063046
:10756000A978012B04BF99F80730EB700123AB71A8
:1075700099F80220AB682A70B3F80730AB80002975
:10758000B9D00A4A40463A44402303F081F9002822
:10759000B1D1044B1B68DB07ADD500BEABE7154688
:1075A0008027C4E7F0ED00E0D0690020506800209B
:1075B0002DE9F047137803F01F06012E82B003D0A7
:1075C000002002B0BDE8F087DFF80882978898F8BD
:1075D0000040FFB2BC4200F0B08098F80C40BC42C2
:1075E000EED13746B4464FF0C00E4FF0130A4FF0BD
:1075F000120913F060030C460546164604D1012912
:1076000000F0A4800120DCE7202BD9D15378013B86
:107610000A2BD5D801A252F823F000BFF176020060
:10762000E7760200D1760200C1750200C175020042
:10763000C1750200C1750200C17502009176020099
:10764000697602004976020001291BD00329D9D1AD
:1076500073880C2606FB0786DBB260461946B371B9
:10766000FFF720FF0120ACE70129CBD173880C2262
:1076700002FB07871B0A60461946FB71FFF714FFE0
:1076800000289DD03146284603F094F9012098E760
:10769000012900F086800329B4D1F48871884B4B0E
:1076A000402C4FEA1122204628BF402011F0FF0154
:1076B000734407D0012C05D91C788C4202D10138C3
:1076C00080B2013300906046FFF7D2F9012078E7DD
:1076D000012997D108EB090231462846234603F0D9
:1076E00081F920466DE701298CD108EB0A02F3E706
:1076F000012987D1F3887188344F402B4FEA11223A
:10770000184628BF402011F0FF01774454D0012BC8
:1077100052D9013880B239707B1C00906046FFF767
:1077200091F90444A3B2002B49D1294A1268D20727
:107730007FF546AF00BE184643E74FF0000E774690
:10774000F4464FF0070A4FF0060952E75378062B2C
:107750007FF436AF53881B0A212B12D0222B7FF4E3
:107760002FAF6046FFF766F97B001F4408EB8708E0
:10777000024631462846B8F8043003F033F9204673
:107780001FE77B001F4408EB8708D8F80820002A71
:107790003FF416AF1378314602B0BDE8F04703F06E
:1077A00021B9F388402B3FF60BAF084A31467244AB
:1077B00003F018F9204604E73B460024ADE73A46BB
:1077C0003146284603F00EF90120FAE65068002001
:1077D000F0ED00E0D0690020F0B52C4CA67865787B
:1077E0008E4283B0074610D0A9422CD0A07B657B87
:1077F00088423FD0A94244D0254B1B68DA0702D407
:10780000002003B0F0BD00BEFAE780264FF0400C28
:107810000020A9429BB21AD01E4D3544FAB90093FC
:1078200011462B460222FFF723F92A46A178384653
:10783000402303F02DF80028E3D1154B1B68DB072C
:10784000DED500BEDDE74FF0400C00209BB21149B1
:1078500061444AB91A46FFF729FE0120D1E72A46BA
:107860000221FFF725FEE0E70A460121FFF720FE8F
:107870000120C6E70C344FF4A0764FF4807C012041
:10788000C7E74FF4807C0120E0E700BFD06900200B
:10789000F0ED00E05068002070B5194C82B0002176
:1078A0000D464FF4EC7220460FF02EFB04F1380128
:1078B0000123802204F11000009501F0C9FE04F1BB
:1078C000B80101238022009504F1240001F0C0FEDC
:1078D00004F59C7101200BF08DFD04F5C471064682
:1078E00001200BF087FD30B9064B1B68DB0700D584
:1078F00000BE02B070BDC4E90756C4E90C05F8E744
:10790000686A0020F0ED00E038B5094C206A256B6C
:1079100020B10CF093F90023C4E907332DB12846B8
:107920000CF08CF90023C4E90C33012038BD00BFF2
:10793000686A002010B5084C002304F11000C4E967
:107940000033C4E9023302F01BF804F12400BDE85F
:10795000104002F015B800BF686A00202DE9F0431E
:107960004B79012B83B004D00025284603B0BDE835
:10797000F0838B79012B0C46064616D049780429F2
:10798000F2D10025032BEFD1E379002BECD1DFF806
:10799000FC8098F8013013B998F802700FB3384B97
:1079A0001B68DB07E0D500BEDEE7CB79002BDBD11F
:1079B0000B781C449DB2617824290BD1954202D9E1
:1079C000D2E7AA42D0D323781C442B4461782429DF
:1079D0009DB2F6D00429C7D16379012BC4D1A37914
:1079E000D0E7A37888F8003094F8009021794D44CE
:1079F000ADB2A14439B925E099F800308F421D4459
:107A0000ADB299441ED2AA421CD399F80130052B7D
:107A1000F2D149463046019202F0F6FE019A002862
:107A2000BDD099F80230D90914BF88F8013088F820
:107A3000023099F80030217901371D44FFB2ADB210
:107A40009944D9E70F4801F057FE3F288DD998F89F
:107A50000210002002F0FCFE002886D0094801F048
:107A60004BFE3F2898F8021003D8002002F000FFD8
:107A70007BE7054A4023002002F00AFF75E700BFBC
:107A8000F0ED00E0786A0020286A0020686A002093
:107A900000207047F8B53C4DAA788A421F4612D1A3
:107AA0009AB23A4905F1100001F0DCFE384B13B1EF
:107AB0000020AFF30080374801F01EFE3F282CD88D
:107AC00001242046F8BD6B788B4208D0324B1C68ED
:107AD00014F00104F5D000BE00242046F8BD06468F
:107AE00005F1240001F0F0FD40BB2C4801F0ECFD55
:107AF0000028E5D1002FE3D017F03F07E0D16978E7
:107B0000304602F0A5FE04460028D9D069783046F8
:107B10003B463A4602F0BCFED3E7A978002002F0CB
:107B200097FE04460028CBD01A4801F0E5FD3F2817
:107B3000A9781ED8002002F09BFEC2E769780020D9
:107B400002F086FE0028D0D04022154905F124001D
:107B500001F0E4FD034690B1114A6978002002F07B
:107B600097FE0028ACD10C4B1B68DB07BDD500BECF
:107B7000BBE7064A4023002002F08AFEA1E76978AD
:107B800002F076FEB1E700BF686A0020286A002094
:107B900000000000786A0020F0ED00E08C6A002010
:107BA000E869002030B4114B9C689A6B93F83C5004
:107BB00083F82C10A21A022183F830109A6225B99A
:107BC00042F2050183F83E50998744B13AB11A7BDD
:107BD000D20906D193F82F1030BC02F099BE30BC08
:107BE000704793F82E1030BC02F092BE406E002019
:107BF00038B5214B214C05461BB1607BFFF736F8A9
:107C0000A8B1A06BA36894F82F101D4A1B1AB3F5F6
:107C1000007F28BF4FF4007328469BB202F038FE65
:107C200020B9184B1B68DB0700D500BE38BDA26821
:107C3000A36B84F83E0042F20771D31A0120A1879A
:107C40000221A36284F82C0084F83010002AEDD0C1
:107C5000002BEBD0237BDB0906D194F82F102846AC
:107C6000BDE8384002F054BE94F82E102846BDE816
:107C7000384002F04DBE00BF6D6C0200406E002027
:107C8000406C0020F0ED00E070B5304CE28AA36853
:107C900052BA92B286B0054612B1B3FBF2F292B27A
:107CA000A66BD4F81110607B9B1BB3F5007F28BF37
:107CB0004FF4007309BA0093B6FBF2F302FB1362B0
:107CC0001944234BFEF79AFF031E20DB94F82E2065
:107CD0000DD011469BB228461D4A02F0D9FDA0B92D
:107CE0001C4B1B68DB0710D500BE06B070BD072417
:107CF000194603A88DF80C508DF8102005938DF8C7
:107D000011308DF80D4002F0B7FB06B070BDA268CF
:107D1000A36B43F602200021D31AA08784F83E10FB
:107D200001200221A36284F82C0084F83010002A7C
:107D3000EBD0002BE9D0237BDB0914BF94F82E1085
:107D400094F82F10284602F0E3FDDEE7406E002095
:107D5000406C0020F0ED00E010B4054C012084F8E8
:107D60003C1084F83D2084F83E305DF8044B7047A9
:107D7000406E00204022002101480FF0C5B800BF2E
:107D8000406E00204022002101480FF0BDB800BF26
:107D9000406E00204B79082B01D0002070478B7972
:107DA000062BFAD1CB79502BF7D1162A06D81C4BCB
:107DB0001B68D907F1D500BE0020704770B5194D7A
:107DC0008B7885F82D300B7882B005F12F0205F104
:107DD0002E0619440223CDE900261A46044602F075
:107DE00073FC48B90E4B1B68DA0702D500BE02B01F
:107DF00070BD002002B070BD204695F82F100A4AD1
:107E000000241F2385F8304002F042FD30B9044BB6
:107E10001B68DB0702D500BE1720E8E71720E6E75E
:107E2000F0ED00E0406E0020406C0020012901D000
:107E300001207047F0B5137803F07F01022985B067
:107E4000054606D003F06003202B1AD0002005B0B1
:107E5000F0BD5478012CF5D15388002BF6D1434E58
:107E6000918896F83030042BC9B279D096F82E401C
:107E70008C423DD096F82F408C4257D0012005B05F
:107E8000F0BD5378FE2B16D0FF2BDFD15388002B8B
:107E9000DCD1D488A3B2002BD8D1344E1146284669
:107EA00086F83030C6E90D33B48786F83E3002F0EC
:107EB00081FD0120CBE75388002BC7D1D388012B4C
:107EC000C4D12B498DF80F3000294DD00192FEF717
:107ED000E5FD019A0028B9D0431EDBB204AC11467F
:107EE00004F8013D28462246012302F07BFDC5E748
:107EF000022BC3D1B26BB3681E4F9B1AB36206F15B
:107F000020030FCB07C73A46214602F80C39032459
:107F100028460D2386F8304002F0BAFC0028ADD187
:107F2000154B1B68DB0791D500BE90E7002BA5D150
:107F3000214602F0DFFC0028A0D12146284602F0AD
:107F400005FD00289AD1002496F82F10094A86F8DA
:107F5000304028461F2302F09BFC0028E0D08DE72C
:107F600002F0D6FC204672E70B46B7E7406E0020D1
:107F70009D6A0200406C0020F0ED00E02DE9F04128
:107F8000B44C94F83050012D8EB01E46074645D0B3
:107F900028D3032D05D0022D5FD001200EB0BDE8FF
:107FA000F08194F82E308B42F7D10D2EF5D1E37B82
:107FB000282B00F01A812A2B40F00D81A64B13B11B
:107FC000607BFEF747FE002594F82F10A34A84F843
:107FD00030501F23384602F05BFC002861D094F833
:107FE0003050D8E794F82F508D42D6D11F2B06D1B0
:107FF000DFF868829A4BD8F800209A4271D00423A7
:1080000094F82E1084F83030384602F081FC38465F
:1080100094F82F1002F07CFC0020BFE7B3F5007F3E
:1080200008D9904B1B68D90700D500BE00200EB0C0
:10803000BDE8F081E27BA36B282A00F087802A2A22
:1080400000F08F80217B626B1E44CB09A66336D083
:1080500096422CD3022384F8303094F82E10384600
:1080600002F074FC002898D1A368A26B94F82E60EB
:10807000934202D9217BC9092ED19B1A7A4AA36265
:108080000FCA764D07C52A46314602F80C3903253A
:1080900038460D2384F8305002F0FAFB00287FF4B4
:1080A0007CAF704B1B68DB07C0D500BE76E76D4B1D
:1080B0001B68DA0793D500BE94F830506BE793B293
:1080C000607B664A04F10F01FEF778FD0028C0F2DC
:1080D0009F80A66B626BBBE73146384602F018FC06
:1080E0005BE7C446BCE80F0026460FC69CE80F00BD
:1080F00007C626F8023B1B0C3370D4E90123E17B51
:108100005A4E626201200022282963632662A2621D
:1081100084F82C20A26384F8300000F0AD802A2976
:1081200000F0DF80002B00F0EF80227BD20940F0CE
:10813000EB80B3F5007F00F26F819BB22946474A7E
:10814000384602F0A5FB0028ABD048E7626B1E441E
:108150009642A663BFF47EAFFFF796FD94F83050C9
:1081600019E7E28A52BA92B21AB1A168B1FBF2F2EF
:1081700092B2D4F81110394DB3FBF2FC09BA02FBEC
:108180001C32607B009661442B46FEF74DFD0028B3
:10819000C0F2FB81864230D9361A40B1A36B291850
:1081A00013FA80F332462846A3630EF094FE0023B0
:1081B00094F82F508DF818500722194605A88DF80D
:1081C000147007968DF819308DF8152002F054F9C7
:1081D00094F83050DFE6264B002B3FF4F4AE04F168
:1081E0000F01607BAFF30080EDE6224B002B3FF4E4
:1081F000EAAE607BAFF30080E5E6D4E90D231E44D0
:108200009642A663BFF426AF3846FFF7F1FCE6E6D8
:10821000A368A66B94F83C1084F82C509A1B02209B
:10822000A26284F8300021B942F2050084F83E10C1
:10823000A087002B3FF44EAF002A3FF44BAF237BC7
:10824000DB0940F0E58194F82F10384602F060FB1E
:108250003FE700BF406E0020556C0200406C0020DC
:1082600055534243F0ED00E0606E002055534253F9
:108270000000000000000000E28A52BA92B20BBB7C
:10828000002A3FF4E7AE94F83C10A362022284F87F
:108290002C2084F8302000297FF4DFAE42F2050163
:1082A0000022A18784F83E20002B3FF4D6AE237B2A
:1082B000DB0940F09A812946384602F029FB94F800
:1082C000305068E6207BC00913D0002A00F080817E
:1082D000B3FBF2F2002A00F0A3812829384694D19A
:1082E0003AE7E28A52BA92B2002BC9D0207BC00989
:1082F000EBD094F83C10A362022284F82C2084F87E
:1083000030200029CAD0D2E7667B252900F22B81D4
:10831000DFE811F0220129012901E50029012901E5
:1083200029012901290129012901290129012901FD
:108330002901290129012901BD002901290129015A
:108340002901290129012901990087002901290111
:10835000710029012901290129014C002901260068
:10836000304604AA05A9FEF717FC059B002B00F078
:108370004481BDF81020002A00F03F81013B1BBA68
:1083800012BAC8E900320820A368002B44D09842F2
:1083900028BF184683B26063A64A94F82E10384668
:1083A00002F076FA00283FF47CAE18E605AD002313
:1083B0000DF10E02304604A96B600593AB60FEF729
:1083C000EBFB049A002A00F01881BDF80E30002B58
:1083D00000F0138112BA082106925BBA0222ADF8AE
:1083E0001E308DF817108DF81C2095E8070088E8DE
:1083F00007000C20C8E7904B03B33046227DE17C98
:10840000AFF30080D0B994F83C302BB943F6022288
:108410000023A28784F83E3001213846FFF7C2FBD3
:10842000DDE5864B53B1E17C3046C1F3400301F0FA
:1084300001020909FEF7CCFB0028E4D0A368002B59
:108440003FF408AEE8E79DF816307D49002203F0BE
:10845000800362F3C7138DF8163003238DF81520BF
:108460008DF817208DF81430002900F0E180304697
:10847000FEF7FCFB9DF8163080F0010060F3C71397
:108480008DF81630059BC8F8003004207CE74FF0CB
:10849000203302250022CDE90522304607A909AA8A
:1084A00008934FF0800C079309930D93CDE90A339D
:1084B0000C931F260DAB8DF816508DF8175005AD97
:1084C0008DF818608DF815C0FEF7F0FA0FCD594EF3
:1084D0000FC60FCD0FC62B683360242054E794F8E5
:1084E0003C2094F83D0094F83E10DFF848C1DFF8D6
:1084F00058E14FF000084FF00003CDE90588CDE9C1
:10850000078862F303038DF81630F0220A23ADF8D2
:1085100024808DF820008DF821108DF814208DF81E
:108520001B3005AD0FCDACE80F002B68ACF8003068
:10853000BEF1000F76D0ACF1100130464FF400725E
:10854000AFF300800028A4F83C8084F83E800FDB65
:1085500000283FF473AF17E73046FEF7F9FA00281A
:108560003FF451AF6AE794F83C30002B7FF454AFEE
:10857000A38E304A3349607BFEF720FB0028FFF6CC
:108580004BAF00283FF45AAFFEE6A36BA2681E442F
:1085900043F602200021931BA08784F83E1001209F
:1085A0000221A663A36284F82C0084F83010002A0C
:1085B0003FF453AD002B3FF450AD237BDB0914D1C6
:1085C00094F82F10384602F0A3F994F83050E2E402
:1085D000012294F83C1084F82C200222A36284F833
:1085E000302000293FF45AAE5EE694F82E1038464B
:1085F00002F08EF994F83050CDE494F83C30002B22
:108600007FF40AAF43F6022284F83E30A28703E7E4
:1086100094F82E10384602F07BF9D4E90D2617E5C0
:108620000222D6E7A4F83CE084F83EE01220ABE654
:1086300001201FE7406C002000000000D16B020009
:108640006D6C02004F6E00200000000070B5134CEE
:10865000134E84B020464FF4AE7200210EF054FC4D
:108660004025002304F58E720092CDE901561A468A
:10867000194604F1B000039504F068F92E4404F1A2
:1086800070020023CDE90025CDE90265201D1946C1
:10869000012204F05BF904B070BD00BF006F002040
:1086A000806E002010B5054C04F1B00004F07AF99A
:1086B000201D04F077F9012010BD00BF006F0020DD
:1086C00038B5074C2046002500F8B85B01F058F992
:1086D00004F10C0001F054F984F8B150657138BD13
:1086E000006F00204B79FF2B01D0002070472DE94F
:1086F000F04FDFF824B19BF8B13083B04BBB9BF84F
:10870000053033BB0B788A460AEB02050AEB0304FB
:1087100089788BF80010A542064614D91AF8032070
:10872000A3189D420FD36278042A0CD00B2A0AD0DA
:10873000052A0BF1B8080BF1B0070BF10C0917D0A3
:108740009D421C4609D8A4EB0A0080B203B0BDE8E4
:10875000F08F002003B0BDE8F08F1A7813449D42DB
:10876000F1D36278042AEED00B2AECD0052AE7D1A7
:108770002146304602F048F8002843D0A378DB09B0
:1087800005D19BF8B1301BB32278A318D8E79BF82A
:108790000530002BF8D14846019301F0F1F8A2789A
:1087A0008BF80520A2889BF804C0019B1849C2F3EE
:1087B0000A02A2F50072B2FA82F2520962F3410C87
:1087C00018468BF804C004F037F92278A318B7E7ED
:1087D000404601F0D5F8A3788BF8B130A3889BF818
:1087E000B020C3F30A03A3F50073B3FA83F35B0964
:1087F00063F34102394630468BF8B02004F064F947
:108800000028C1D1034B1B68DB07A2D500BEA1E73E
:10881000046F0020F0ED00E0006F002070B51C4CEC
:1088200094F8B1208A4205461E460FD1B4F8BC2008
:10883000F2B9184B23B1B2B217490020AFF3008050
:108840002846164904F040F9012070BD63798B4237
:1088500001D0002070BD124B1BB1B1B20020AFF3AC
:1088600000801049284604F0E7F848B1012070BDA7
:10887000B2B2D4F8B41004F1B80000F0F3FFD8E7B6
:1088800032462846074904F099F8012070BD00BF20
:10889000006F002000000000806E0020B06F0020FC
:1088A00000000000046F0020F8B50E688D88B778CE
:1088B0003544AE420BD23B469F42344603D10BE0D7
:1088C0006378042B05D023781C44A542F8D80020F7
:1088D000F8BDA3789F42F6D1E3789A42F3D1A5423E
:1088E000F5D9237D012B06D9144B1B68DA07EED589
:1088F00000BE0020ECE723790D46DBB1012BE6D169
:108900002278E389617A1344114423442144994233
:1089100004D3DCE70A7811448B42D8D94A78052A77
:10892000F8D101F071FF28B9044B1B68DB07CED5E5
:1089300000BEF8BDA41BEC800120F8BDF0ED00E006
:10894000C28832B9654B1B68DB0700D500BE00202A
:108950007047F0B40378624803EB830403EB4403ED
:10896000C058831803D08E781C7BA64207D95B4B76
:108970001B68D90700D500BE0020F0BC70472EB997
:10898000012C01D90120F8E701268E7001248C60AA
:10899000C1F80E404C7700256FF03F0481F822505B
:1089A0008C766FF003056FF06404CD760C774D4D37
:1089B000C1F81E50082481F82340825CB3F80D40B2
:1089C00014441C441344A342D1D2474F9D78102D28
:1089D0000CD827FA05F0C04310F0010006D1DA7870
:1089E000964203D107E05A78242AEFD01A7813442C
:1089F0009C42F8D8BBE79C42B9D0062D06D0102D7A
:108A000004D0042DB9D1012248730A73CF781A79A2
:108A1000974218D81FB9012AB4D80127CF701A7805
:108A20001A44A2420FD2967806F0FD0CBCF1050F55
:108A30000FD0112E03D10CE05678242EF3D01678E7
:108A400032449442F8D8254B1B68DA0794D500BE0F
:108A500093E7D678B742F2D19442F4D0D1F81240DD
:108A60008CB9062D30D0102D2ED0042D09D1B2F89E
:108A70000560B2F807505C7D05FB06F304FB03F4C8
:108A8000E408C1F812404B6863B9557E012D3FF6EA
:108A900079AFD2F81A3025B9D2F81E209A427FF465
:108AA00071AF4B60114AA2FB03235A0BCBD0631E5C
:108AB0001344B3FBF2F30233B3F5807F28BF4FF4C6
:108AC0008073C1F816305DE7B2F80530B2F80740A0
:108AD00004FB03F42401E408D3E700BFF0ED00E059
:108AE0005C70002003010101501001005917B7D13B
:108AF0002DE9F84F0B785D4C03EB83050E4603EB35
:108B000045030989E7589146804679B13944CB78C5
:108B100003F00303012B00F09480738933B13B44CD
:108B2000DA7802F00302012A00F091807488B58897
:108B300000233C44B381F38133827382B382F38296
:108B40003D44A278AC4238BF134609D29A4203D1C1
:108B50000CE06378042B06D023781C44A542F8D897
:108B60000020BDE8F88FA3789A42F5D1E3789945C3
:108B7000F2D1A542F4D994F804A0BAF1020F15D8A5
:108B8000E31BF380B9F1000F16D023781C44BAF12F
:108B9000000F4CD04FF0000B06E06378052B28D077
:108BA000042B03D023781C44A542F6D8304B1B6815
:108BB000DA07D5D500BED3E7737F012B12D006F1BB
:108BC0001E03494686F81D90A6F81890A6F81A903C
:108BD000184630220EF098F901463046FFF7B0FEF5
:108BE0000028BDD023781C44BAF1000FD2D1012057
:108BF000B7E7E37803F00303B9F1000F01D0012BCD
:108C000018D0022BACD12146404601F0FDFD28B31F
:108C100006EB4B03E21B1A8122780BF101039A4504
:108C200014444FF0010BBFD8B9F1000FDFD002237D
:108C30007377DCE7A388B269C3F30A039342E2D2F5
:108C40008EE700233381897801F08EFE65E70022EC
:108C500072819978404601F087FE67E7044B1B68F4
:108C6000DB077FF57DAF00BE7BE700BF5C700020B7
:108C7000F0ED00E010B4064C06480023C4E90033D0
:108C80001946C4F807304E225DF8044B0EF03CB98B
:108C90005C700020687100200120704710B4064C01
:108CA00006480023C4E900331946C4F807304E22B1
:108CB0005DF8044B0EF028B95C700020687100204C
:108CC0002DE9F0414B790E2B04D04FF000084046BF
:108CD000BDE8F0818B79012BF7D1CB79012BF4D151
:108CE0003E4E33682BB13E4B1B68DB07EDD500BE13
:108CF000EBE714460F461A46314605463760B48006
:108D0000FFF7D2FD0028E0D0F2883368B978134429
:108D10003C44A74293F814C03B4605D308E05A7878
:108D2000042A4DD00B2A4BD01A7813449C42F6D813
:108D3000BCF1000F4ED02B494A88002AD3D1D81B52
:108D40001FFA80F83272A1F802809C4293F802E088
:108D50000A8098BF034605D80BE05A78042A2BD026
:108D60000B2A29D01A7813449C42F6D8DB1B1FFA31
:108D700083F80022BCF1010FA1F804804A77B2D138
:108D800017FA80F017FA83F3984281780AD2827832
:108D90008A4203D118E04278042AF8D002781044BD
:108DA0008342F8D8284600220E49FFF7A1FE00288A
:108DB0008BD0A6F804808AE79A787245D2D0D5E79E
:108DC0009A788A42B0D0B3E7C278012AE6D18342CA
:108DD000EFD1E7E7DB1B1FFA83F8EAE75C700020BE
:108DE000F0ED00E0687100202DE9F047167806F0FC
:108DF0001F04012C8CB004D0002420460CB0BDE828
:108E0000F087DFF8F892B2F804C0D9F80070804615
:108E100015465FFA8CF317B1BA789A422CD0B44F4A
:108E20007C88002CE9D03A7802EB820002EB400209
:108E300059F802E07444A2789A42DDD1C6F3411693
:108E4000F3B2002B00F09C80012B12D15FEA1C2CA6
:108E50000FD16B881B0A022B00F02E81062B00F02D
:108E60001781012B00F0F580A24B1B68DB0700D5B2
:108E700000BE07233B77BFE7C6F34116F4B2002CD0
:108E800047D0012C25D15FEA1C2C26D0B9F806204A
:108E9000BB18B95CDA89114419448B420ED29A7816
:108EA000023A052A06D8DA78624503D107E05A78F3
:108EB000242AF4D01A7813449942F8D849B10023EF
:108EC00089F80930012498E78A4B1B68D90700D537
:108ED00000BE072389F809308EE76B881B0A012B37
:108EE00000F09580022BEFD16B78812B00F0478149
:108EF000862BE9D10129E2D10B46404629467E4A1C
:108F000001F070FD0028DAD1FF2389F80930002430
:108F100073E76B780A2B4AD00B2B3ED10129CED1B7
:108F2000EB88002BF0D1B9F80630FA181179A9B105
:108F3000F85CD189537A0144034413440A449342B0
:108F400005D395E119780B449A4240F29181597802
:108F50000529F7D19978404601F006FD0026A9F8C9
:108F600006606A8865494046FFF79EFC0446002873
:108F7000CAD02946404601F01DFD89F809603CE74A
:108F80006B780A2B27D00B2B7FF46EAF012900F0F2
:108F9000BD8000233B7701242FE7564B1B6813F05D
:108FA00001032FD107221C4689F8092025E7012952
:108FB00085D1EB88012BA7D1B9F80620BF18A3D023
:108FC0000CAAF97802F8301D294601F00BFD044681
:108FD0000028D2D198E70129DBD1EB88012B35D1CC
:108FE000FB889BB31EEB030330D00CAADB7802F89E
:108FF000303D40460B46294601F0F4FC044628B3B8
:109000003E77FAE600BE072389F80930F5E66B786B
:10901000812B00F0D180862B00F0BE80012B7FF4E5
:1090200053AF012900F0CB8002297FF448AF344BC5
:10903000002B3FF444AF99F80A100020AFF30080F2
:10904000B0FA80F489F809006409D6E6FF233B777B
:10905000D2E67B7F0BB187F81DC06C78842C61D879
:10906000822C65D2012C00F00A81812C7FF4FCAEA9
:1090700001298ED1EB883BB1294640463023214A55
:1090800001F0B0FC002884D1FF233B770024B4E634
:109090006B78812B00F0A180862B7FF4E5AE01294F
:1090A0007FF477AF294640460123134A01F09AFC2A
:1090B00000287FF46EAFE7E76B78812BD8D040F2C1
:1090C000B080852B00F09780862B7FF4CDAE0129F0
:1090D0007FF45FAFEB88012BD6D10B464046294683
:1090E000094A01F07FFC00287FF453AFCCE700BFB2
:1090F00068710020F0ED00E04D9F03005C700020DF
:1091000000000000867100204E9F03006A883946E7
:109110004046FFF7EDFC002898D02946404601F074
:1091200049FC36E7862CD2D065D3872C7FF49CAEE1
:1091300001297FF42EAFEB88002BA5D0B64EE9466F
:1091400006F1300A30687168B268F368CC46ACE862
:109150000F0010365645E146F4D19DF80210002963
:1091600040F09F80832C00F08381872C00F0648185
:10917000822C00F0618108233B7700243DE6012921
:109180007FF49DAE294640460123A44A01F02AFC03
:1091900000287FF494AEB7E601297FF490AEEB8807
:1091A000012B7FF4B1AE294640469D4A01F01AFCDE
:1091B00000287FF484AEA7E601297FF480AEEB8817
:1091C000012B7FF4A1AE294640460123954A01F0C8
:1091D00009FC00287FF473AE96E601297FF4D9AE2E
:1091E0000B464046294607F11C0201F0FBFB002814
:1091F0007FF4CFAE48E701297FF4CBAEEB88022B9A
:109200007FF442AF0CAA302122F8301D4046294697
:1092100001F0E8FB044600283FF436AF00233B771B
:10922000EBE5012B7FF420AE01293FF425AF0229A5
:109230007FF4AFAE7849A1F11E00FFF781FB044631
:1092400060B3794B7A6BBA613BB1734A79783878FD
:10925000AFF3008000287FF49CAE74490023022005
:109260004FF480720880C7E903337B61BA83C4E599
:109270006F4B1B68D8077FF547AE00BE44E6012957
:109280003FF4FAAE02297FF484AE6349A1F11E00D7
:10929000FFF756FB044600287FF47BAE08233B779C
:1092A000ABE59DF8030000287FD1FA88002A3AD068
:1092B0001EEB020337D01EF80220B3F80D005D4EFE
:1092C00010441844134498420FD99A78102A04D8AD
:1092D00026FA02F2D20700F1D5801A781344984298
:1092E000F1D95A78242AF8D1EDE70346832C5AD0D5
:1092F000872C4CD0822C7FF43EAF01218DF80310D7
:109300001A781A44904237D9947804F0FD06052E55
:1093100010D0112C0ED0147822449042F2D95478F7
:10932000242CF8D1EEE7424B1B68D9077FF523AF19
:1093300000BE20E7D478A142EDD1997806291DD04E
:1093400010291BD004297FF416AFB2F80510B2F82B
:1093500007205B7D02FB01F203FB02F3DB08CDF883
:1093600012306A4629464046302301F03BFB044652
:1093700000283FF489AE51E70246DEE7B2F8051057
:10938000B2F8073003FB01F31B01DB08E7E79A782B
:10939000062A06D0102A02D0042A7FF4ECAE997D6A
:1093A000ACE79979AAE71979A8E7019B002BD8D1F6
:1093B000FA88002AB7D01EEB0203B4D01EF802E0F0
:1093C000B3F80D20DFF86CC072449E1873449E42BF
:1093D0000ED99A78102A03D82CFA02F2D20756D462
:1093E0001A7813449E42F2D95A78242AF8D1EEE72B
:1093F00033461A7813449E4264D99A7802F0FD01EC
:10940000052948D0112A46D01A7813449E42F2D931
:109410005A78242AF8D1EEE7867100206570002082
:109420004E9F03006670002000000000687000205E
:10943000F0ED00E05010010001238DF8023001230F
:109440004FF00112029300230392ADF810304FF653
:10945000C0428DF8223040F29B13ADF81A20ADF8CF
:109460001C30404ACDF81E2008238DF8233078E7C1
:10947000FB88002BE3D01EEB0303E0D01B7B8DF8B1
:109480000230DCE7DA7891427FF427AF2EE7DA7812
:109490009142A5D1ADE7DA789042B5D1823C052C56
:1094A0003FF669AE01A252F824F000BF2D950200EC
:1094B00011950200F3940200779102007791020067
:1094C000C99402003346E9E7D3F8151042F210734D
:1094D000B1FBF3F3019100293ED0DDF812208BB9E6
:1094E000931CB3F5807F28BF4FF48073CDF81630FE
:1094F00037E75A7E72BBD3F8221042F21073B1FBE9
:10950000F3F3E7E7013A1A44B2FBF3F30233E8E777
:109510005A7ECAB1053203EB8202D2F80210D3F8A8
:109520001A3042F21072B3FBF2F3D3E75A7E72B1F3
:10953000053203EB8202D2F80220D3F81A1042F26D
:109540001073B2FBF3F3C5E7D3F81E10E7E7D3F8C7
:109550001E20F2E7002301930023ADF81630ADF88A
:109560001830FEE6030101012DE9F84F334C238941
:1095700053B12278324F02EB820502EB45057D594B
:109580002B449F788F420AD02E4B1B68DB0703D5F4
:1095900000BE0020BDE8F88F0020BDE8F88FD4E9B8
:1095A00004369E4205460BD327490023C4E9033302
:1095B000636119B161781046AFF300800120E9E7DB
:1095C00001F046F90028E7D0DFF88090A36999F808
:1095D0000000D4E9042BA2EB0B0808EB00069E4226
:1095E00028BF1E46B04213D9164B1B6813F0010367
:1095F00001D000BE002339462846144A01F048F93C
:109600000028DBD10F4B1B68DA07C5D500BEC1E7C8
:10961000E168A6EB000A5944484452460DF050FC5C
:109620000BEB0A03D0456361B3B2E4D199F8012092
:1096300042F0020289F80120DDE700BF68710020D6
:109640005C700020F0ED00E0000000006870002079
:109650002DE9F041B2F5004F9DF8188030D804464E
:10966000C0681E460F46154618B14FF0FF310AF08C
:109670002FF9206918B14FF0FF310AF029F9E2887B
:10968000E068276066F30E02C2F30721002368F347
:10969000C711E2806381A580E171238118B11A4668
:1096A000194609F0CDFC206938B100231A46194645
:1096B00009F0C6FC0120BDE8F0810120BDE8F08181
:1096C0000020BDE8F08100BF03894289808892B202
:1096D0009BB2934236BFC2EB40029B1A9B189BB2CF
:1096E000984228BF18467047028943899BB2981A4E
:1096F000B0FA80F04009704703894289808892B2AD
:109700009BB2934236BFC2EB40029B1A9B189BB29E
:10971000984286BFC01A80B2002070472DE9F843F6
:10972000054600690E46174618B14FF0FF310AF0A2
:10973000CFF82B896989A8889BB289B28B4236BF42
:10974000C1EB40045C1AE418A4B2002C4AD0A04239
:1097500006D283422CBF191A191889B269810446AE
:10976000BC4228BF3C468842A4B203D8091A89B239
:109770008842FBD9EA882B68401AC2F30E0887B2E8
:109780001FFA88F2BC4202FB013125D917FB08F908
:109790001FFA89F94A4630460DF092FBE21B12FB94
:1097A00008F206EB090092B229680DF089FB6A897C
:1097B000A88892B211198BB29A4215D940001B1A8F
:1097C0009BB228696B8120B100231A46194609F023
:1097D00037FC2046BDE8F88302FB04F230460DF06A
:1097E0006FFBE4E769898BB240008342E9DBE6E77F
:1097F00038B5054600690C4618B14FF0FF310AF044
:1098000067F829896B89AA8889B29BB2994236BFC9
:10981000C3EB4200C81A401880B200B3824209D29A
:1098200091422CBF8B1A8B189BB29A426B8103D842
:109830009B1A9BB29A42FBD9EA882968C2F30E02AE
:10984000204602FB03110DF03BFB0124286920B1E7
:1098500000231A46194609F0F3FB204638BD04469A
:10986000F4E700BF2DE9F0471446002A4FD0054623
:10987000C0680F4618B14FF0FF310AF029F8EA79B5
:109880002E896989AB88D209B6B289B242D18E429B
:1098900036BFC1EB4301711A891989B2994252D27C
:1098A000591A89B28C42E88828BF0C46C0F30E08CA
:1098B000B342304603D8C01A80B29842FBD21B1A7A
:1098C0002A681FFA83F9A14508FB002047D219FB3B
:1098D00008FA1FFA8AFA524639460DF0F1FAA4EB5B
:1098E000090212FB08F207EB0A0192B228680DF098
:1098F000E7FAA3199BB2AA88B3424FEA420201D306
:10990000934201DB9B1A9BB2E8682B81F8B9204691
:10991000BDE8F087E8889C42C0F30E080FD28E4263
:1099200023D3721A92B2580022448242C0DBCE186E
:10993000361BB6B2B14220D9361AB6B2B8E7E41A2D
:1099400008FB0477B3B9E86800240028DFD00023BF
:109950001A46194609F074FB2046BDE8F08708FB5B
:1099600004F239460DF0ACFAC3E75800421A32440B
:1099700092B2D9E70E461C4698E7B04298DCDBE786
:1099800010B50446C06818B14FF0FF3109F0A0FFD0
:10999000206918B14FF0FF3109F09AFFE068002309
:1099A0006381238118B11A46194609F049FB2069E1
:1099B00020B100231A46194609F042FB012010BDD0
:1099C00038B5C379B1EBD31F1FD00446C0680D462C
:1099D00018B14FF0FF3109F07BFF206918B14FF04B
:1099E000FF3109F075FFE379E06865F3C713E371B0
:1099F00020B100231A46194609F022FB206920B144
:109A000000231A46194609F01BFB012038BD00BF90
:109A1000704700BF704700BF0020704700207047AC
:109A2000704700BF704700BF704700BF704700BF5E
:109A3000024B5878003018BF012070471072002088
:109A4000024B1878C0F38000704700BF10720020EE
:109A5000024B1878FF3818BF0120704718610020AA
:109A60002DE9F047374E3378FF2B82B004D0012523
:109A7000284602B0BDE8F087002946D03822884643
:109A80000746002130480DF03FFA304B30490025A1
:109A900001201D7009F0AEFC2E4B1860002834D058
:109AA0002D4C2346626833F80C0B6188009509F051
:109AB00055FAA16805460AF0E5F8284B1D6075B314
:109AC000274B23B12748AFF30080274B1860254C64
:109AD000DFF89CA02278DFF8909000252B460EE05E
:109AE000D9F8003013EB45130FD05B686BB1984782
:109AF00022780135EDB2511DA9422B4615DBAA4251
:109B0000EED89B1A0AEB4313EFE7184B1B68DA07F2
:109B100000D500BE0025284602B0BDE8F087134BF3
:109B20001B68DB07F6D500BEA2E741463846377012
:109B300001F050FE05460028F1D0384601F04CFEF9
:109B400096E700BF186100201072002010730020FB
:109B5000C071002048720020BC6000204C720020C0
:109B600000000000BC710020B8710020F0ED00E0A2
:109B7000509F0300B94B1B78FF2B00F0A1812DE90A
:109B8000F04F04468BB04FF47A7200238002A10D8F
:109B90000CF060FFB24DDFF8E4B2B24E8246671CB3
:109BA000286800F02481002C00F02181BAF1000F18
:109BB00014BF5246012207A909F0F8FCC0B19DF874
:109BC0001D30013B072B00F21481DFE813F0F20097
:109BD000D300CA00BF00B700410014000800089B72
:109BE0000BB10998984728680AF01EF80028D6D1CA
:109BF0000BB0BDE8F08F9DF820109B4B01F07F0764
:109C000003EB470303EBD11393F826006FF3000037
:109C100083F8260093F826006FF3820083F826006D
:109C2000002F00F04581914A1B7D12789342C0F0CD
:109C30003381501D9842C0F234819B1A0BEB4313C1
:109C40009F699DF82120099B9DF81C00B847CAE731
:109C5000874A1378002B00F024811378013BDBB294
:109C60001370137803F0FF00002BBCD1DFF8F891DC
:109C70009DF81C8099F8003043F0010389F800300A
:109C800099F8263060F3000389F8263099F82630D9
:109C900060F3820389F8263099F8273060F30003D7
:109CA00089F8273099F8273060F3820389F8273044
:109CB00000F002FF9DF8203003F06002602A00F0FF
:109CC0000681402A00F00A8103F01F03012B00F0F7
:109CD000D581C0F01281022B40F0F9809DF824104C
:109CE00001F07F07082F00F2F2807B00C809019382
:109CF0004B44034400905D481F7D03789F4280F0F1
:109D00000F82336803EB4717002A00F0108257B127
:109D1000786900F0D1FE7B69404608AA0121984786
:109D200000287FF460AF9DF81C00002101F0BEFF09
:109D300080219DF81C0001F0B9FF54E74A4B1B78C5
:109D4000D8077FF550AFFFF771FE4CE7464B1A7806
:109D5000D7077FF548AF1878C0F3C000FFF764FE5F
:109D600041E7414BDB78D9077FF53DAF0898FFF716
:109D700051FE38E73D4F9DF81C903A7800239846F5
:109D800010E0336813EB481300F08080DB6848462E
:109D900098473A7808F101085FFA88F8511D88451C
:109DA000434645DC9045A3EB0203EAD30BEB431398
:109DB000ECE72E4F9DF81C903A78002398460FE070
:109DC000336813EB48135BD0DB68484698473A7812
:109DD00008F101085FFA88F8511D884543460FDCF9
:109DE0009045A3EB0203EBD30BEB4313ECE72246C6
:109DF000E1E6204B1B68DA077FF5F5AE00BEF2E620
:109E00003822002118480DF07FF81B4A4FF0FF332D
:109E1000C2E90533C2E90033C2E90233D3611384D6
:109E2000136100F03FFE104B9DF820209A70DAE697
:109E3000382200210C480DF067F80F4A4FF0FF332D
:109E4000C2E90533C2E90033C2E90233D3611384A6
:109E5000136100F027FEFFF7E5FDC4E6186100205E
:109E60004C720020B871002010720020BC710020DC
:109E700010730020F0ED00E014720020509F0300EA
:109E8000A44B1B68D907CCD500BECAE7A14B1B6801
:109E9000DA07DED500BEDCE7326812EB43137FF44D
:109EA000CFAE9C4B1B68DB077FF5A2AE00BE9FE6E2
:109EB000099B9DF821209DF81C0000F013FE92E6FE
:109EC0007047FCF7F3FC0246002840F0E981914B13
:109ED0001B68DA077FF527AF00BE24E78E4800280D
:109EE0003FF421AF00F0E8FD404608AA0121FCF74D
:109EF00025FF00287FF477AE15E7202A00F0F180D7
:109F0000002AE4D19DF82130092BE0D801A252F8B3
:109F100023F000BF3BA002001BA00200CF9E020066
:109F20005DA00200CF9E0200FD9F0200A99F0200DB
:109F3000CF9E0200939F02003D9F02009DF82230B9
:109F400001931A4699F801309A4200F0548199F829
:109F50000130002B40F05481019B89F80130002B27
:109F600000F04781581EC0B2FCF7A0FC18B143783E
:109F7000022B00F0C181674B1B68DB0700D500BED8
:109F8000644B1B68D80700D500BE002389F8013058
:109F9000C9E60AAA99F8013002F80E3D40460123AD
:109FA00008A900F01FFD1EE6BDF82200030A5A1E94
:109FB000C0B20E2A3FF6B7AE01A151F822F000BFA1
:109FC000B3A202008FA202007FA20200279D02001E
:109FD000279D020061A202008FA20200279D0200BD
:109FE000279D0200279D0200279D0200279D020059
:109FF000279D0200279D0200E3A2020008A800F0AE
:10A0000061FD40469DF8221001F0ECFB99F800300C
:10A0100043F0020389F80030E5E5BDF82230012B5A
:10A020007FF481AE99F8003040466FF3C30308A96E
:10A0300089F8003000F0BEFCD5E599F800309908A9
:10A0400001F00201C3F340130AAA0B4322F80E3DAC
:10A050004046022308A900F0C5FCC4E5BDF8223043
:10A06000012B7FF460AE99F80030404643F00803BE
:10A0700008A989F8003000F09DFCB4E59DF8243073
:10A080000F2B3FF650AE4B44244A1B791778BB4246
:10A0900038D2376817EB43173FF445AE786900F0C4
:10A0A0000BFD7B6908AA01214046984700287FF4F0
:10A0B0009AAD9DF8203013F060077FF434AE9DF820
:10A0C00021300A3B012B3FF62EAE00F0F5FC9DF847
:10A0D00021300A2B00F0FC8008A9404600F06AFC01
:10A0E00081E59DF824300F2B3FF61DAE4B440B4A03
:10A0F0001B791778BB4260D2376817EB43173FF4E0
:10A1000012AE05E67A1D9A42FFF60DAEDB1B0BEB95
:10A110004317C3E7F0ED00E03D6D0200BC71002085
:10A12000581DB84239DA002A7FF4FDAD17469DF874
:10A130002130012B03D036D3032B7FF4C8AEBDF8FA
:10A1400022200292AAB9B84A012B10783DD001F022
:10A15000ADFD019B009A4B44134493F8262042F036
:10A16000020283F8262093F8262042F0010283F8A9
:10A170002620002F3FF437AD786900F09DFC7B6905
:10A18000012108AA40469847002000F095FC99F864
:10A190002730D9073FF527AD9EE7FB1A0BEB431796
:10A1A000002AC4D0B4E5019B009A4B4413442033E9
:10A1B0000AAA9B79C3F3400348E77A1D9A42FFF647
:10A1C000B2ADDB1B0BEB4317A2E501F097FD019B42
:10A1D000009A02994B44134493F8262061F34102FC
:10A1E00083F8262093F8262061F3000283F82620C6
:10A1F000BFE7FFF717FC404608A900F0DBFBF2E4DD
:10A200000021404601F000FB404601F09FFB874FD4
:10A2100099F802300293002300943A781C460CE02F
:10A220000BEB4313DB68404698473A780134E4B2BD
:10A23000501D8442234600F3CE809442A3EB0203D8
:10A24000EED2336813EB4413ECD1794B009C1B68BE
:10A25000DB0700D500BE9DF8083089F802307BE6A8
:10A26000FFF7DAFB024600283FF45DAD4046137865
:10A2700008A900F0B7FB00287FF4B5AC53E5BDF8A2
:10A280002410FCF719FB02460028EFD14BE5022B06
:10A290003FF417AEFFF7C2FB024600283FF443AD80
:10A2A0004046538808A900F09DFB00287FF49BAC32
:10A2B00039E5FCF7F7FA024600283FF408AE4046BD
:10A2C000122308A900F08EFB00287FF48CAC2AE54D
:10A2D0000AAA08A902F80E7D4046012300F082FB7D
:10A2E00081E4544B002B3FF41EADFCF723FD0246E6
:10A2F00000283FF418ADD3E7C27999F80030511126
:10A3000061F30413921162F3451389F80030438816
:10A31000CDF81080CDE900A4C318039300F109071C
:10A32000039BBB4237D97B780B2B03BF3B7897F855
:10A3300003A0FF184FF0010A7B78042B43D1039B45
:10A340003A4ACDF814A0DB1B00219BB2029112788F
:10A3500088469A4617E0346814EB481433D05246C6
:10A360003946049823699847082808F1010201D961
:10A37000824543D22D4B5FFA82F81A78CDF80880D7
:10A38000511D88451CDC029B9045A3EB0202E2D3E1
:10A390000BEB4214E3E7DDF81080DDE900A4FFF7E2
:10A3A0003FFB28E70246434604463946224802F06E
:10A3B000B1FA1E4B029A1B78053393422744AFDA59
:10A3C000DDE900A4D7E51A4B1B68DF07DDE900A42F
:10A3D0007FF5D6ADD3E5382200211848009C0CF05B
:10A3E00093FD174A4FF0FF33C2E90533D36113845D
:10A3F000C2E90033C2E9023313612CE7DDF814A08F
:10A40000BAF1010F1ED00021CBB2534501F1010179
:10A41000C8D2BA78134459FA83F31A79FF2AD2D1F1
:10A4200083F80480F0E700BF18610020BC710020B1
:10A43000F0ED00E0356D0200247200201072002063
:10A440001472002023690A4A0A498B4208BF4FF060
:10A45000020A9342D7D17B79012BD4D1BB79012B4E
:10A46000D1D1FB79002B08BF4FF0020ACBE700BF28
:10A470005D7902001D7102002DE9F0434378023B33
:10A4800085B005460E46042B0CD8DFE803F0495D85
:10A49000037E3F00844B1A78D70715D51A7842F00F
:10A4A00004021A70814B18688EB933464FF0FF32A0
:10A4B000294608F0C5FD003018BF0120F0B97C4BDB
:10A4C0001B68DB0700D500BE05B0BDE8F08304AA19
:10A4D000002342F80C3D294608F0C2FF019B43B11E
:10A4E000744B4FF080525A6040BFBFF34F8FBFF3A1
:10A4F0006F8F003018BF01200028E0D03246697805
:10A500002878FFF785FA05B0BDE8F0836A4A13782A
:10A510000133DBB21370654B1868002ED7D1C4E746
:10A52000614B1A786FF300021A701A7800216FF3EA
:10A5300041021A7059701A7861F382021A705B4BEB
:10A540001868002EC3D1B0E75C4FDFF874913978FA
:10A55000DFF87081002423460AE0D8F8003013EBBE
:10A5600044130AD10134E4B24A1DA242234615DB4A
:10A570008C42F2D35B1A09EB4313DB69002BF1D059
:10A580006968287898473978ECE7474B1A78D407F8
:10A590009AD51A786FF382021A7083E7424C2378B7
:10A5A00058072FD5237841496FF3820323702B7806
:10A5B0008DF8043005220023CDF80A30CDF806309E
:10A5C000ADF80E3008688DF80520002E59D004AA89
:10A5D00001A942F8103D08F043FF009B43B1354B01
:10A5E0004FF080525A6040BFBFF34F8FBFF36F8F61
:10A5F000003018BF012000284DD12D4B1B68D90712
:10A6000000D500BEE378DA077FF55EAF274A2B78E6
:10A61000696810688DF8043003220023CDF80A30F1
:10A62000CDF80630ADF80E3002918DF80520F6B168
:10A6300004AA01A942F8103D08F012FF009B43B1A3
:10A640001C4B4FF080525A6040BFBFF34F8FBFF397
:10A650006F8F003018BF012000283FF430AF324622
:10A660009DF805109DF80400FFF7D2F92CE733465A
:10A670004FF0FF3201A908F0E3FC003018BF0120C1
:10A68000EAE733464FF0FF3201A908F0D9FC003069
:10A6900018BF0120AFE732469DF805109DF8040071
:10A6A000FFF7B6F9AEE700BF107200204C72002031
:10A6B000F0ED00E000ED00E010730020BC71002020
:10A6C000509F0300B87100202DE9F84F0A9F002A1F
:10A6D0004CD090464A78052A0C460ED1CE7806F02A
:10A6E0000306B34209D18A7802F07F02082A0DD905
:10A6F000204B1B68DA0700D500BE1E4B1B68DB072A
:10A7000002D40020BDE8F88F00BEFAE7DFF868B099
:10A71000DFF868A09BF8009000250EE06278052A1B
:10A72000EBD1E27802F00302B242E6D1A27802F065
:10A730007F02082ADCD89BF800909AF802100022C9
:10A74000204602F095F80028D2D04846214601F074
:10A750006FF80028D1D0A278D30916BF0B9B3A70AE
:10A760001A702278013545451444D7D10120BDE83F
:10A77000F88F00BFF0ED00E018610020107200209B
:10A7800030B51E4D85B0082400230290019303913B
:10A790008DF805402868144682B9134601A94FF088
:10A7A000FF3208F04DFC003018BF0120E0B9144B17
:10A7B0001B68DB0700D500BE05B030BD04AA01A9A7
:10A7C00042F8103D08F04CFE009B43B10D4B4FF09A
:10A7D00080525A6040BFBFF34F8FBFF36F8F00307E
:10A7E00018BF01200028E2D022469DF805109DF8F0
:10A7F0000400FFF70DF905B030BD00BF4C7200201A
:10A80000F0ED00E000ED00E038B58B7803F07F0359
:10A81000082B06D90B4B1B68DB0700D500BE0020B8
:10A8200038BD094A094B0C46204691781D78002214
:10A8300002F01EF80028EDD021462846BDE8384039
:10A8400000F0F6BFF0ED00E010720020186100206B
:10A85000CB09263301F07F010348044A03EB410191
:10A860000844116801F0BABF10720020487200203D
:10A87000CB09263301F07F010348044A03EB410171
:10A880000844116801F0D6BF107200204872002001
:10A8900038B5154C01F07F0504EB450404EBD114E9
:10A8A0002034A079C00706D5104B1B68DA0700D505
:10A8B00000BE002038BDA5790D4845F0010500789F
:10A8C000A57101F0F1F80028F4D1A379074A60F3EB
:10A8D0000003A371A37960F38203A3711368DB07FC
:10A8E000E7D500BE38BD00BF10720020F0ED00E0DB
:10A8F00018610020054B01F07F0203EB420303EBDC
:10A90000D11191F8260000F001007047107200206C
:10A9100010B50C4B18780C4601F0C8F90A4904F040
:10A920007F0301EB430101EBD41191F8263043F092
:10A93000020381F8263091F8263043F0010381F8B4
:10A94000263010BD1861002010720020054B01F068
:10A950007F0203EB420303EBD11191F82600C0F311
:10A96000400070471072002010B50F4B18780C464D
:10A9700001F036F80D4904F07F0301EB430101EBD0
:10A98000D41191F826306FF3410381F8263091F805
:10A9900026306FF3000381F8263091F826306FF3EC
:10A9A000820381F8263010BD18610020107200204B
:10A9B000704700BF0A4630B4094C49680546106824
:10A9C000234603C30023C4E9023392F900209A42CC
:10A9D0002846ACBF802119461A4630BCFFF758BF45
:10A9E00054730020F0B50E462B4C4968074630687A
:10A9F000A260254603C50021E181F588AB4228BF4E
:10AA00002B4683B0A381ADB13BB3002A3DD094F96E
:10AA10000000402B28BF402300282CDB1F4A38466B
:10AA2000FFF736FF98B91E4B1B68DB0712D500BE37
:10AA300003B0F0BD96F90030002BACBF802100219F
:10AA400038462B462A46FFF723FF0028EBD001208B
:10AA500003B0F0BD002003B0F0BD94F90020002A3F
:10AA6000ACBF194680211A463846FFF711FF00286F
:10AA7000D9D00120ECE71146084801931A460CF0A2
:10AA80001FFA064A019B8021EEE7054B1B68D90798
:10AA9000E0D500BE1046CBE75473002014730020AD
:10AAA000F0ED00E0034B0022C3E90022C3E90222DB
:10AAB0001A61704754730020014B1861704700BF42
:10AAC000547300200346064A5968006810B41346C0
:10AAD000002403C3C2E902445DF8044B704700BF81
:10AAE0005473002070B5404C2278C909B1EBD21FD5
:10AAF00082B0064615D03BB13C4B1B68DA0700D547
:10AB000000BE002002B070BD2146FFF751FF23694F
:10AB1000002B40D02246304603219847012002B046
:10AB200070BD94F90020A068002A08DB0028E8D056
:10AB30001A462F4901930CF0C3F9A068019BE589DF
:10AB4000E2881D44ADB21844AA42A060E58101D05C
:10AB50003F2B23D8236923B1234A0221304698474B
:10AB600088B194F9002000239A42ACBF8021194695
:10AB700030461A46FFF78CFE68B91C4B1B68DB0792
:10AB8000BFD500BEBEE70146304601F08FF8304623
:10AB9000802101F08BF8012002B070BDA28994F9E8
:10ABA0000010531B9BB2402B28BF402300290ADB17
:10ABB00095424FF0000112D00D4A3046FFF768FE73
:10ABC0000028DAD0E7E795420BD001461A4608483C
:10ABD00001930CF075F98021054A019BEDE70A46C7
:10ABE000EBE780210022E8E754730020F0ED00E05D
:10ABF0001473002000B170470AF0E0B900B170474B
:10AC00000AF0E6B90138C3B2042B07D856230D4A1F
:10AC100003FB00F013181B79DB0706D40A4B1B68F3
:10AC2000DB0700D500BE00207047CB09363301F0AA
:10AC30007F0103EB4101054B08441044196801F002
:10AC4000CDBD00BF68730020F0ED00E01875002056
:10AC50000138C3B2042B07D856230A4A03FB00F07D
:10AC600013181B79DB0701D400207047CB0936335A
:10AC700001F07F0103EB4101034B084410441968C4
:10AC800001F0D8BD6873002018750020F0B5441E8F
:10AC9000E5B2042D83B017D8562505FB04F5174EF1
:10ACA00001F07F0405EB4404344404EBD114303448
:10ACB000A779FF070BD5124B186810F0010001D0DF
:10ACC00000BE002003B0F0BD002003B0F0BD1F4661
:10ACD00013460A460146705DA579009745F00105C7
:10ACE000A57100F0BDFB0028ECD1A37960F300034F
:10ACF000A371A37960F38203A371E3E76873002073
:10AD0000F0ED00E02DE9F047764DAF798F4284B049
:10AD100091461E4604465BD0E2234FF0000AA9711B
:10AD20008DF809108DF80830ADF80CA0002E00F059
:10AD3000B380012103AF0DF10808FBF72BFE41465C
:10AD40003A4602232046FBF753FE51462046FBF7C6
:10AD500021FE9DF80C30EB702223D9F800908DF87D
:10AD60000730002E3ED020460121FBF713FE3A4665
:10AD70000DF1070101232046FBF73AFE9DF80C3048
:10AD8000EB704946082300222046FBF731FE20469F
:10AD90000021FBF7FFFD0026102241F2F2032046BE
:10ADA0000121EA71ADF80830ADF80C60FBF7F2FD57
:10ADB0003A46414602232046FBF71AFE314620461A
:10ADC000FBF7E8FD9DF80C30EB7004B0BDE8F087B0
:10ADD000222303AF0DF10808D9F800908DF8073051
:10ADE000002EC0D14FF0FF31E86D08F071FD314603
:10ADF0002046FBF709FE20460121FBF7CBFD3A4632
:10AE00000DF1070101232046FBF7F2FD9DF80C3000
:10AE1000EB703246082349462046FBF7E9FD3146F0
:10AE20002046FBF7B7FD20460121FBF7EDFD334639
:10AE300032463146E86D08F003F9102241F2F20380
:10AE40004FF0FF31E86DEA71ADF80830ADF80C60F5
:10AE500008F03EFD31462046FBF7D6FD2046012195
:10AE6000FBF798FD3A46022341462046FBF7C0FD1A
:10AE700031462046FBF78EFD20460121FBF7C4FD3D
:10AE8000334632463146E86D08F0DAF89DF80C306A
:10AE9000EB7004B0BDE8F0874FF0FF31E86D08F0CB
:10AEA00017FD31462046FBF7AFFD03AF20460121D9
:10AEB0000DF10808FBF76EFD3A4602234146204695
:10AEC000FBF796FD31462046FBF764FD2046012145
:10AED000FBF79AFD334632463146E86D08F0B0F88C
:10AEE00037E700BF1C7500202DE9F04F4B781D0798
:10AEF0000E4685B090460978044662D1DA0600F124
:10AF00004881B26812B1B288002A5AD1E24D03F0EA
:10AF10002006AB7966F07F068B42F6B200F06481C2
:10AF2000E2230027A9718DF809108DF80830ADF8DB
:10AF30000C70B8F1000F00F06C82012120460DF179
:10AF40000C090DF1080AFBF725FD51464A4602237C
:10AF50002046FBF74DFD39462046FBF71BFD9DF8CB
:10AF60000C30EB70F223EE718DF8096000268DF83D
:10AF70000830ADF80C60B8F1000F40F0D980E86DF2
:10AF80004FF0FF3108F0A4FC41462046FBF73CFDA2
:10AF900020460121FBF7FEFC4A460223514620468B
:10AFA000FBF726FD41462046FBF7F4FC2046012135
:10AFB000FBF72AFD434642464146E86D08F040F85B
:10AFC00045E0B54D13F02007AA7946D1914240F0F3
:10AFD000BE800DF10C090DF1080AB37813F0100FC3
:10AFE0000CBF10222022EA2300278DF809208DF8BB
:10AFF0000830ADF80C70B8F1000F00F0FA800121B4
:10B000002046FBF7C7FC02234A4651462046FBF781
:10B01000EFFC39462046FBF7BDFC9DF80C30EB7089
:10B020007378EB71F222012120468DF809308DF8FA
:10B030000820ADF80C70FBF7ADFC51464A460223E0
:10B040002046FBF7D5FC39462046FBF7A3FC9DF8CC
:10B050000C30EB7005B0BDE8F08F914240F0A1805C
:10B060000DF10C090DF1080AB37813F0100F0CBFA5
:10B0700040228022EA2300278DF809208DF808302D
:10B08000ADF80C70B8F1000F00F0E480012120460B
:10B09000FBF780FC514602234A462046FBF7A8FCFA
:10B0A00039462046FBF776FC9DF80C30EB70328871
:10B0B0002B899A422AD0B788F2887388BF1ABFB208
:10B0C0005B099F4228BF1F4617F0FF0740F0088129
:10B0D0003A23AF708DF8097000278DF80830ADF86D
:10B0E0000C70B8F1000F00F0D98001212046FBF769
:10B0F00051FC514602234A462046FBF779FC39466B
:10B100002046FBF747FC9DF80C30EB7033782B7230
:10B1100073786B727378EB71F22200268DF8093028
:10B120008DF80820ADF80C60B8F1000F3FF427AFA0
:10B1300020460121FBF72EFC51464A4602232046B9
:10B14000FBF756FC31462046FBF724FC7FE7E22361
:10B15000A9718DF80910ADF80C708DF80830B8F1B0
:10B16000000F00F0DE80012120460DF10C090DF1E9
:10B17000080AFBF70FFC51464A4602232046FBF71C
:10B1800037FC39462046FBF705FC9DF80C30EB7088
:10B1900023E7434606F10802FFF7B4FD05B0BDE81A
:10B1A000F08FE2230027A9718DF809108DF808307F
:10B1B000ADF80C70B8F1000F00F0D98001212046E5
:10B1C0000DF10C090DF1080AFBF7E4FB51464A4664
:10B1D00002232046FBF70CFC39462046FBF7DAFB3E
:10B1E0009DF80C30EB703FE70DF10C090DF1080AEA
:10B1F000B8E64FF0FF31E86D08F06AFB41462046A3
:10B20000FBF702FC01212046FBF7C4FB02234A4660
:10B2100051462046FBF7ECFB41462046FBF7BAFBC4
:10B2200001212046FBF7F0FB434642464146E86DCC
:10B2300007F006FF9DF80C30EB707378E86DEB714A
:10B24000F2224FF0FF318DF80930ADF80C808DF807
:10B25000082097E64FF0FF31E86D08F039FB4146D2
:10B260002046FBF7D1FB20460121FBF793FB4A4622
:10B27000022351462046FBF7BBFB41462046FBF725
:10B2800089FB20460121FBF7BFFB4346424641466E
:10B29000E86D07F0D5FE07E71C7500204FF0FF3181
:10B2A000E86D08F015FB41462046FBF7ADFB204654
:10B2B0000121FBF76FFB4A46022351462046FBF76C
:10B2C00097FB41462046FBF765FB20460121FBF733
:10B2D0009BFB434642464146E86D07F0B1FE12E74C
:10B2E00012238DF80730D6F808B0B8F1000F64D0FB
:10B2F00020460121FBF74EFB4A460DF107010123D1
:10B300002046FBF775FB9DF80C30EB7059463B4629
:10B3100000222046FBF76CFB00212046FBF73AFB9E
:10B32000D6E64FF0FF31E86D08F0D2FA41462046EC
:10B33000FBF76AFB0DF10C09204601210DF1080A0B
:10B34000FBF728FB4A46022351462046FBF750FBF9
:10B3500041462046FBF71EFB20460121FBF754FB2C
:10B36000434642464146E86D07F06AFE0DE74FF05E
:10B37000FF31E86D08F0ACFA41462046FBF744FB8C
:10B380000DF10C09204601210DF1080AFBF702FB23
:10B390004A46022351462046FBF72AFB41462046F7
:10B3A000FBF7F8FA20460121FBF72EFB4346424605
:10B3B0004146E86D07F044FE12E74FF0FF31E86DBB
:10B3C00008F086FA41462046FBF71EFB2046012185
:10B3D000FBF7E0FA4A460DF1070101232046FBF78F
:10B3E00007FB9DF80C30EB7042463B465946204621
:10B3F000FBF7FEFA41462046FBF7CCFA2046012136
:10B40000FBF702FB434642464146E86D07F018FE53
:10B410005EE64FF0FF31E86D08F05AFA41462046EB
:10B42000FBF7F2FA0DF10C09204601210DF1080A93
:10B43000FBF7B0FA4A46022351462046FBF7D8FAFA
:10B4400041462046FBF7A6FA20460121FBF7DCFA2D
:10B45000434642464146E86D07F0F2FD7FE500BFF6
:10B460002DE9F04102F07F0CBDF818E0D20981BB54
:10B47000BCF1000F5ED13E4EA6F160077178B47842
:10B4800082F0010262F345110A466FF3041244F0A0
:10B4900010017270B170B278B360032363F30302DA
:10B4A00000258046A6F804E0B270F5802846FFF734
:10B4B000A1FBBC7AC4BB01252046BD72FFF79EFBF1
:10B4C0002246404631462C46FFF70EFD2046BDE899
:10B4D000F08182F00108BCF1000F2ED0254F01222F
:10B4E0003C4604E00132142A04F10C0418D094F80C
:10B4F0006C508D42F6D102EB420507EB850595F8BD
:10B50000615005F00F066645ECD1C5F34015454581
:10B5100004F16C06BFD00132142A04F10C04E6D108
:10B5200000242046BDE8F0812846FFF767FB20464F
:10B53000BDE8F08182F00108D0E70E4F01243D46BE
:10B5400002E00134142CEBD095F86C608E4205F1CA
:10B550000C05F6D104EB4406B60007EB060C9CF88C
:10B5600061C01CF00F0FECD160363E4486E700BF8F
:10B570007C7500201C75002042DF704743DF704758
:10B5800044DF704712DF7047F0B5334CBFF35B8F79
:10B59000014604F590730125D3E84F2FC3E8405FBF
:10B5A0000028F9D1BFF35B8F12F0FF0F48D10829B3
:10B5B00029D04E01A21954F806C028489388284F74
:10B5C00001F5947601EB810E50F82660D2889A1A24
:10B5D00093B2B6B200EB8E0209B2B34228BF334633
:10B5E000C2F800C707EB8100C2F8043747F82150C2
:10B5F000BFF36F8FBFF34F8F1A4B984218D0043BA5
:10B60000984215D0F0BD154BD3F8C024D1030FD408
:10B6100094F80B1161B11449D4F80001C3F8A007E4
:10B62000C3F8A4270D60BFF36F8FBFF34F8FF0BD3A
:10B630000023BFF35B8F84F82031BFF35B8FF0BD35
:10B640000A4B0B485A68C2F30802003218BF0122A5
:10B65000BDE8F040FFF794B86C760020007002401F
:10B6600028700240507002404870024000ED00E037
:10B67000E9B60200174BBFF35B8F01460122D3E806
:10B680004F0FC3E84C2FBCF1000FF8D1BFF35B8F15
:10B6900010F0FF0F14D10A60BFF36F8FBFF34F8F0D
:10B6A0000D4B994203D0043B994200D070470B4B9D
:10B6B000BFF35B8F002283F82021BFF35B8F7047BD
:10B6C000074B08485A68C2F30802003218BF01222B
:10B6D000FFF756B88C770020507002406C7600203F
:10B6E00000ED00E075B60200F0B5334CBFF35B8FA0
:10B6F000C1B204F590730126D3E84F2FC3E8406F21
:10B700000028F9D1BFF35B8F12F0FF0F47D1082952
:10B7100028D04D01621954F805E028489388DFF8D5
:10B72000B0C001F5947550F82570D2888D009A1A32
:10B7300093B2BFB26A1800EB8202BB4228BF3B46FD
:10B74000C2F800E76544C2F804374CF82160BFF343
:10B750006F8FBFF34F8F1A4B9D4218D0043B9D4211
:10B7600015D0F0BD154BD3F8C024D1030FD494F8F5
:10B770000B1161B11349D4F80001C3F8A007C3F855
:10B78000A4270E60BFF36F8FBFF34F8FF0BD002370
:10B79000BFF35B8F84F82031BFF35B8FF0BD0A4BA2
:10B7A0000A485A68C2F30802003218BF0122BDE8F5
:10B7B000F040FEF7E5BF00BF6C760020007002404D
:10B7C000507002404870024000ED00E0E9B602000F
:10B7D0002870024001207047014B80225A60704758
:10B7E00000E100E0074BD3F80014D3F80024002058
:10B7F0000A434FF48001C3F80024C3F85801C3F88A
:10B800000413704700700240074B4FF4001229B92F
:10B81000C3F80823054B83F821117047C3F80423AC
:10B82000024B83F821117047007002406C760020B3
:10B8300070B48A788C88414EC97802F07F03D509AC
:10B8400005EB430006EB001001F00301C4F30A040A
:10B85000012904812BD0012101FA03F4BDB138483C
:10B8600002339940C0F80413D0F810352343C0F8D0
:10B870001035334B42F48071C3F81825C3F80C150A
:10B88000BFF36F8FBFF34F8F012070BC70472C4800
:10B8900003F10C06B140C0F80413D0F8141503F5F9
:10B8A00094730C43C0F8144540F82350E1E7082B8B
:10B8B00008D0244B186810F00100E6D000BE00202C
:10B8C00070BC7047EDB9B6F818311BB11C4B802223
:10B8D000C3F81C251A4A0023C2F85031D2F80033AD
:10B8E00013F4001308BFC2F85431154B4FF4401243
:10B8F000C3F80423D3F8142542F48072C3F8142546
:10B90000BEE7B6F808210E4B0021C3F82C1112B186
:10B910008022C3F81C250A4AD2F8003313F400131E
:10B9200008BFC2F85431064B074AC3F80423D3F8C2
:10B93000102542F48072C3F81025A1E76C76002030
:10B9400000700240F0ED00E0000820001F4B802254
:10B950002DE9F041C3F88420BFF34F8FBFF36F8F01
:10B9600001241B4D1B4FA0460026A30004F10C022E
:10B97000A11C03F1804303F51C3308FA01F108FA16
:10B9800002F20A43C7F8082328465E6001342022E9
:10B990009E6200210BF0B8FA082C05F12005E4D1D5
:10B9A0000D4BC7F808332022C7F81C6500217E62C2
:10B9B0000A48BE640BF0A8FAC7F81485C7F81085CA
:10B9C000024B80225A60BDE8F08100BF00E100E038
:10B9D0008C76002000700240000830006C77002058
:10B9E00001F07F02082A70B44FEAD11128D0012358
:10B9F00003FA02F0C043B1B1294C951CAB40C4F826
:10BA00000833D4F81055274B2840C4F8100501EB33
:10BA1000420103EB01110023CB72BFF36F8FBFF321
:10BA20004F8F70BC70471E4C02F10C05AB40C4F840
:10BA30000833D4F814551B4B2840C4F81405E6E726
:10BA4000184B03EB01100024A0F808411448D1B1B1
:10BA50004FF40064C0F80843D0F8104524F4807413
:10BA6000C0F81045B3F81841B3F808510C48EC423F
:10BA70004FF0000608BF4FF40014C0F81C6508BF63
:10BA8000C0F80843C3E74FF48014C0F80843D0F867
:10BA9000144524F48074C0F81445C0F85011E1E74F
:10BAA000007002406C76002001F07F004FEAD11C4C
:10BAB000F0B50CEB4005744E2D01771985B0FC7A7A
:10BAC0004CB1724B1C6814F0010401D000BE00247C
:10BAD000204605B0F0BD04F0FF0E7251BB80A7F800
:10BAE00006E0002843D1002B57D0BCF1000F00F036
:10BAF0008E8006EB401100EB8003CD8A8A8A0C8B86
:10BB00000969521B9B0092B203F1804303F51C3379
:10BB1000A24228BF22465E4DC3F8001600B2C3F809
:10BB200004265C4BBFF35B8F05EB80010122D3E859
:10BB30004F4FC3E8472F002FF9D1BFF35B8FE4B21B
:10BB4000002C40F0908045F82020BFF36F8FBFF3AA
:10BB50004F8F514B994202D0043B994219D1BFF308
:10BB60005B8F002386F82031BFF35B8F11E0BCF1BF
:10BB7000000FBED106EB40160123F372BFF36F8FA7
:10BB8000BFF34F8FB37A23B1F37A03F0FF04002B96
:10BB900074D10124204605B0F0BD404AD2F880247B
:10BBA000C2F3C0126245A0D03D4D6A688DF80810FE
:10BBB000C2F3080100314FF4E06218BF012101A86F
:10BBC00003938DF80930ADF80420FEF755FCBFF360
:10BBD0005B8F06F590720123D2E84F1FC2E8403F09
:10BBE0000028F9D1BFF35B8FCCB2002C38D12A4AA0
:10BBF0001360BFF36F8FBFF34F8F1C46BFF35B8F94
:10BC0000204686F82011BFF35B8F05B0F0BD0123FD
:10BC1000204AF372BFF35B8FD2E84F4FC2E8413F37
:10BC20000029F9D1BFF35B8FE4B26CB91D4A1360F0
:10BC3000BFF36F8FBFF34F8FBFF35B8F86F820C1C9
:10BC40001C46BFF35B8F43E7154B16495A681648ED
:10BC5000C2F30802003218BF0122FEF791FD37E758
:10BC60006A680D49F3E70E4B0F485A68C2F30802A1
:10BC7000003218BF0122FEF783FD29E786F80AC0CB
:10BC8000FFF782FC24E700BF6C760020F0ED00E0B7
:10BC9000047002408C770020507002400070024017
:10BCA00000ED00E04C70024075B6020011F07F001C
:10BCB00008B512D008280BD00E4B41F48072C90988
:10BCC000C3F8182504D10C4B03EB40139A7A62B9E0
:10BCD000BFF36F8FBFF34F8F08BD064B01225A652C
:10BCE000BFF36F8FBFF34F8F08BD9972FFF74CFC06
:10BCF000EEE700BF007002406C76002011F0770F75
:10BD000012D00A4B41F48072C3F80C15C3F80C250D
:10BD1000CA09C3F8181504BF01F5947143F821202E
:10BD2000BFF36F8FBFF34F8F704700BF00700240AB
:10BD30002DE9F04FA54BA64CD3F8000300238BB0A0
:10BD40001E461F46012520FA03F11A19C9074FEABA
:10BD5000820209D5116839B105FA03F117600E4363
:10BD6000BFF36F8FBFF34F8F0133192BEBD1F20766
:10BD700000F13582974D330508D5944BD3F8A8369A
:10BD800001229BB2A5F8163185F81C21B70206F4F2
:10BD9000800424D58D4BD3F81425D00540F1FC81C7
:10BDA000002C00F0A182D3F80024D20740F19C823D
:10BDB000D3F81035DA0540F1FB8195F81C3107AF57
:10BDC000002B40F0BD82814BD3F8203508933846D4
:10BDD0004FF440730121ADF81C30FEF74DFB04B366
:10BDE0007A4AD2F8004440F201732340C2F800348A
:10BDF000E30500F15682670510D5744B0122C3F8A4
:10BE000008259A65D3F8002312F4001208BFC3F87E
:10BE100054216E4B4FF40012C3F80423A00500F127
:10BE2000358231023DD5694BD3F880C4D3F88414F0
:10BE3000D3F888E4D3F88C74D3F89084D3F894447E
:10BE4000D3F89804D3F89C245FFA8CF35FFA80FC53
:10BE5000D0B25A06C9B25FFA8EFEFFB25FFA88F816
:10BE60005FFA84F901D105291BD00024224668F32A
:10BE7000070263F3070461F30F2469F30F226EF3E3
:10BE800017446CF3174260F31F6267F31F644FF4AB
:10BE9000C063012107A8CDE90842ADF81C30FEF7C8
:10BEA000EBFA4D4B3340002B40F09181DFF82491A9
:10BEB000464F4D46CA4609F5907800241DE02B44B4
:10BEC000DA7A002A00F0D781DA88AAF80420002262
:10BED000DA72D98809914FF4E063012107A88DF83F
:10BEE00020B08DF82120ADF81C30FEF7C5FABBF16B
:10BEF000080F47D001340AF1200A04F10C0326FA96
:10BF000003F3DB075FFA84FBF1D504EB840307EB53
:10BF10008303DAF80020D3F80807630112FA80F2ED
:10BF2000E918CAF80020CA8880B2024492B2082CEC
:10BF3000CA80C4D0BAF808208242C0D1CA88BAF8F0
:10BF400004109142BBD9BBF1000FD0D10122BFF345
:10BF50005B8FD8E84F3FC8E8412F0029F9D1BFF3E4
:10BF60005B8F13F0FF0F40F052821C490A60BFF351
:10BF70006F8FBFF34F8FBFF35B8F85F82031BFF317
:10BF80005B8FB7E7164B3340002B00F002810F4B5D
:10BF9000D3F86C240192C3F86C24BFF36F8FBFF306
:10BFA0004F8F16F4806600F06E81D3F88024D3F8AA
:10BFB000803483F08003C3F3C0130593C2F3C0132E
:10BFC0000493DFF808A00024A84613E000700240A4
:10BFD000409C00106C760020FCFB1F004C7002405F
:10BFE00000040001002C00F0F281072E52D0013431
:10BFF00009F120090199E14004EB8403C9070AEB28
:10C00000830308EB4412E6B2ECD5D3F80816D9F84E
:10C010001070C9B20F44C9F81070D08A014489B2B7
:10C02000D182A849D08AB9F8145061188900854294
:10C0300002914FF0010C66F07F0103914FF4E06B29
:10C040004FF0000E614607A840F2B480D18AB9F8DB
:10C050001820C3F800766D1AADB2954228BF154678
:10C06000994AC3F80456BFF35B8FD2E84F3FC2E84A
:10C0700041CF0029F9D1BFF35B8F13F0FF0F40F0E0
:10C08000ED80029BC3F800C0BFF36F8FBFF34F8FEB
:10C09000072EACD1019BDB03454601D4059B43B180
:10C0A000EB7A23B1EB88AA889A4200F271810123CE
:10C0B000AB72019B9F030BD595F82B3023B1EB8C12
:10C0C000AA8C9A4200F28881012385F82A30019BCC
:10C0D0005E030DD595F84B3033B1B5F84630B5F861
:10C0E00044209A4200F27D81012385F84A30019B69
:10C0F0001C030DD595F86B3033B1B5F86630B5F843
:10C1000064209A4200F27E81012385F86A30019B07
:10C11000D8020DD595F88B3033B1B5F88630B5F827
:10C1200084209A4200F23881012385F88A30019BED
:10C1300099020DD595F8AB3033B1B5F8A630B5F806
:10C14000A4209A4200F22D81012385F8AA30019B98
:10C150005A020DD595F8CB3033B1B5F8C630B5F8E5
:10C16000C4209A4200F22281012385F8CA30019B43
:10C170001B020ED595F8EB30002B00F0F380B5F8DC
:10C18000E630B5F8E4209A4240F2EC800720FFF751
:10C19000FBF90BB0BDE8F08FD3F81025D1053FF5C2
:10C1A0000CAE95F821211AB94FF40012C3F80823F8
:10C1B00007AF08E6D38A09939DF80C30ADF81CB0A0
:10C1C0008DF820308DF821E0FEF756F90DE70023B9
:10C1D000BFF35B8F85F82031BFF35B8F66E63B4B87
:10C1E0003B4A3C4D3C4800240127C2F81475C2F874
:10C1F0001075546094625C609C629C60DC62DC60E0
:10C200001C631C615C635C619C639C61DC63DC613E
:10C210001C6454629464C2F85841D2F80034D2F8D5
:10C2200000140B43C2F80034D2F80033C2F80833CC
:10C230002146C2F8040328464FF492720AF064FEC5
:10C2400040234FF48072394607A82B832B818DF849
:10C250002040ADF81C20FEF70FF98CE51F4B20485D
:10C260005A680299C2F30802B2EB0E0218BF01220B
:10C27000FEF786FAB9E61B4B1B68D80789D500BEC6
:10C280000BB0BDE8F08FCDE904669AE600220523E5
:10C29000012107A88DF81C208DF81D30FEF7ECF861
:10C2A000BFE50121C2F82C150423002207A88DF850
:10C2B0001C208DF81D30FEF7DFF867057FF5AEAD69
:10C2C0009BE500BF019C00108C77002004700240A9
:10C2D000007002406C7600200514C00100ED00E003
:10C2E00075B60200F0ED00E04F4BBFF35B8F01220B
:10C2F000D3E84F1FC3E8402F0028F9D1BFF35B8F6D
:10C3000011F0FF0F32D1494BD3F8C004C70352D408
:10C3100095F80B1101F0FF07002967D04449D5F8C3
:10C320000071C3F8A077C3F8A4070A60BFF36F8F4A
:10C33000BFF34F8FD3F81035D8053FF53EAD37E743
:10C34000B5F816310993002285F81C2188234FF493
:10C35000E06238460121ADF81C20ADF82030FEF730
:10C360008BF830E5012385F8EA3012E7314B32488B
:10C370005A68C2F30802003218BF01220821FEF7F2
:10C38000FFF92A4BD3F81035DB053FF516AD0FE763
:10C390000020FFF7F9F88CE60420FFF7F5F8019B81
:10C3A000C6E60520FFF7F0F8019BD1E60620FFF76F
:10C3B000EBF8019BDCE6BFF35B8F85F82011BFF340
:10C3C0005B8FD3F81035DF053FF5F7ACF0E6049945
:10C3D00000293FF40CAE18E60120FFF7D5F8019BC9
:10C3E00076E60220FFF7D0F8019B81E6BFF35B8F72
:10C3F00085F82071BFF35B8FD3F81035D9053FF571
:10C40000DCACD5E60320FFF7BFF8019B80E6094BC3
:10C410000A485A680A49C2F30802003218BF0122CA
:10C42000FEF7AEF966E500BF8C7700200070024091
:10C430004870024000ED00E0E9B6020075B6020067
:10C440004C70024030B5012885B000F09F8057D372
:10C45000022840D1BA4BD3F80435002B40F0D780E6
:10C46000B74AD2F800341C05FBD54FF40063C2F87C
:10C470000034BFF36F8FBFF34F8FB24AB24B1268D5
:10C480001B68082A00F0D780AD4BB04D80240122F4
:10C49000C3F81C45C3F80423C5F88441FDF7D8FA56
:10C4A000002840F0F880AA4D43F204044FF0804386
:10C4B0002268AA4211D0D3F80C14D3F80C24D0036C
:10C4C000F6D5CA07F4D59E4B0122C3F80425BFF365
:10C4D0006F8FBFF34F8F05B030BD04AA002102F863
:10C4E0000C1D1046FFF74EF89DF804000028E2D01E
:10C4F00010460191FFF744F8019A002AD8D0E2E7EC
:10C500008F4BD3F80025002AE5D14FF480014FF47A
:10C510000062C3F80813C3F80024BFF36F8FBFF3A2
:10C520004F8F884B1B68082B00F0B780844B01228B
:10C53000C3F80025BFF36F8FBFF34F8F43F20402A0
:10C5400003F18D5303F57723126803F2DB539A420C
:10C5500000F0CA804FF08043D3F80C24D3F80C3499
:10C56000D90301D5D207B6D443F20402784B12683E
:10C570009A4200F01881774B00221A601B680193E1
:10C580004FF08043012201991A60A4E76C4BD3F865
:10C590000025002A9FD00022C3F80425BFF36F8F27
:10C5A000BFF34F8F69498020C1F88400BFF34F8FDC
:10C5B000BFF36F8FD3F80013C3F80813C3F8002537
:10C5C000BFF36F8FBFF34F8F43F2040103F18D531D
:10C5D00003F57723096803F2DB53994200F0998051
:10C5E00001AB5D4A012111605C4A5168C1F3080149
:10C5F000003118464FF000024FF0020318BF01212E
:10C600008DF804208DF80530FDF736FF63E743F21F
:10C6100004024F4B12689A4200F0B0804FF0804302
:10C62000D3F80C24D3F80C34DB037FF519AFD5070E
:10C630007FF516AF4FE7032B0AD8494A1168002946
:10C6400040F09880474C49F27530106021601060CE
:10C650005A1E022A10D8424A1168002967D1424D59
:10C660003848394B00681B6849F2753414602960FA
:10C67000146008287FF408AF032B3FF605AF3B4951
:10C680003B4B40F2E370402208601A60BFF36F8FAB
:10C69000BFF34F8FF8E66C6005E72B4B1B685A1E03
:10C6A000022A12D82E4B1A68002A40F08E802E499A
:10C6B00049F2753203201A6008601A60214A224B41
:10C6C00012681B68082A7FF431AF032B3FF62EAFA8
:10C6D000234B1A68002A74D1224949F27532C020CE
:10C6E0001A6008601A6021E704AB002203F80C2DE1
:10C6F0001846FEF747FF9DF8041000293FF42AAFC3
:10C7000018460192FEF73CFF019B002B7FF4E3AE3D
:10C710002AE704AB03F80C2D1846FEF733FF9DF80B
:10C720000420002A3FF45DAFFEF728FF5CE70549CF
:10C73000054B0D4A08681B680021116099E700BF8E
:10C7400000700240300100103401001000E100E0F0
:10C75000DBE5B151000100400400004000ED00E0C5
:10C7600000EC064014EC064014ED06400078024050
:10C7700004780240174A0021116069E704AB0022E7
:10C7800003F80C2D1846FEF7FDFE9DF80410002955
:10C790003FF444AF18460192FEF7F2FE019B002BD6
:10C7A0007FF499AE5CE604A8002300F80C3DFEF788
:10C7B000E9FE9DF80430002B3FF4DDAEFEF7DCFE11
:10C7C00089E6044BC0221A60B0E6034B03221A60CC
:10C7D00074E700BF14EC064014ED0640F8B503788A
:10C7E00013F0010405D10678C6F3800626B1204671
:10C7F000F8BD00242046F8BD0F4605464FF0FF3136
:10C80000384607F065F82A7812F001040FD12B782A
:10C810005B0704D42B7843F004032B70012400231E
:10C8200038461A46194606F00BFC2046F8BD344639
:10C83000F5E700BF70B505460E4608464FF0FF31DC
:10C8400007F046F82878C0F3800444B90024002398
:10C8500030461A46194606F0F3FB204670BD2B7889
:10C8600013F00102F2D12B7862F382032B70EEE712
:10C8700010B4C378848803F00303022BC4F30A04C2
:10C8800026D019D8012B04D0002318465DF8044B9C
:10C890007047022940F2FF3208BF4FF48062A24283
:10C8A000F3D21A4B1B6813F00103EED000BE002335
:10C8B00018465DF8044B7047022914BF40234FF41B
:10C8C0008063A342EDD3012318465DF8044B704703
:10C8D00002290BD012B1B4F5007F11D0A4F10803E6
:10C8E0009BB2182B06D9402CEDD0DAE7B4F5007FC7
:10C8F000D7D1E8E7064A22FA03F3DB07D1D5E2E70E
:10C9000000244021134644710171BEE7F0ED00E0C0
:10C91000010100010A44914216D230B44C78052C32
:10C9200005D00C7821448A42F8D830BC70478C7806
:10C9300004F07F0500EB4505E4092B550C782144F4
:10C940008A42EBD830BC7047704700BF2DE9F041F8
:10C9500082B00678089DBDF82470009361F300064C
:10C960000446294600F8086B012316463A46BDF8EE
:10C970002C80FCF76DFE05B13FB90A9B6360012076
:10C98000A4F8028002B0BDE8F08104F11C0101208E
:10C9900006F030FD26B903463046C4E90503ECE74E
:10C9A0000023FAE710B50446406908B107F046F9DC
:10C9B000A06908B107F042F9012010BDF0B50B469F
:10C9C0000D4613F8081B83B011F0020F07461846F6
:10C9D00040F2FF130CBF3F241C461646FCF774FEC2
:10C9E000E8B9E6B126421AD12B786978DA073846D9
:10C9F00018D5FEF707F990B12B78697813F0010389
:10CA000013D000233846CDE900331A46FEF73EF92D
:10CA100030B9084B1B68DB0701D500BE00E00020E1
:10CA200003B0F0BDFDF714FFE5E738461A46FDF701
:10CA30002FFFEDE7F0ED00E070B501F1080582B0E1
:10CA4000064628460C46FCF73FFE38B1237861784D
:10CA5000DB07304605D5FEF7D5F830B9002002B027
:10CA600070BDFDF7F5FE0028F8D0284662886168A1
:10CA7000FCF754FE054690B1237862686178D807C8
:10CA800017D50023CDE9003330462B46FEF7FEF8DC
:10CA9000B0B90C4B1B68DB07E0D500BEDFE72078A0
:10CAA000617810F00104304608D1FDF7E1FE204620
:10CAB000D5E730462B46FDF7EBFEE9E7FEF7C8F871
:10CAC0002846CCE7F0ED00E02DE9F0418A890B78AB
:10CAD00082B00C460646E2B9DD07497857D5FEF725
:10CAE00091F800284FD0227863886178D20751D519
:10CAF000002B5DD0626800253046CDE90055FEF779
:10CB0000C5F800284DD1374B1B68DB073BD500BE6D
:10CB10003AE003F0020301F10808002B40460CBF85
:10CB200040274FF40077304D08BF6FF03F05FCF70A
:10CB3000E3FD874227D823786178DB07304634D578
:10CB4000FEF760F8F8B14046FCF7D6FD874233D8CF
:10CB500005EA000265882378617890B2854228BF93
:10CB60000546DA0732D5002D37D062680023CDE9BB
:10CB7000003330462B46FEF789F80028C3D02846FC
:10CB800002E0FEF765F8002002B0BDE8F081FDF795
:10CB90005FFEA6E773B162683046FDF779FE0028B4
:10CBA000B1D0608802B0BDE8F081FDF751FEC9E761
:10CBB0001A46A0E71A46EFE72078617810F00104E2
:10CBC0003046DED1FDF754FE2046DDE73DB1626818
:10CBD00030462B46FDF75CFECFE72A46C6E72A46DD
:10CBE000F6E700BFF0ED00E000FEFFFF0CB4144BD1
:10CBF00030B51B788342ABB004D22BB0BDE83040D7
:10CC000002B070472FAD2B462E9A01950C4602A814
:10CC1000A0210BF057F95B210A4805F041F92146A4
:10CC2000084805F02BF90849064805F027F902A93C
:10CC3000044805F079F92BB0BDE8304002B07047E8
:10CC400019610020346300201CA0030000B50020FF
:10CC500083B00BF0F5F80DF10703181A03B05DF877
:10CC600004FB00BF2DE9F84F04468946164606F03E
:10CC7000E3F8DFF8A880264FDFF898A00546206883
:10CC800003681B6998478346C0B1206803685B69E5
:10CC90009847C3B20D2BD4F810C004F1080B17D07D
:10CCA0000A2B15D0BCF5007F424639464FF00100F3
:10CCB00024D21946584605F01FFFE0E706F0BCF8FD
:10CCC000401BB0424FF001001FD206F0C1F8D6E77A
:10CCD000BCF1000FD3D008342146484605F042FE8F
:10CCE00020460C4905F08AFED9F800300A4A084966
:10CCF0000320FFF77BFF0120BDE8F88FFFF776FFE9
:10CD00005146584605F07AFEB9E75846BDE8F88F17
:10CD1000C0A103006CA2030070A1030078A103006E
:10CD20002DE9F04F06468DB00B46894603204D494C
:10CD300090464D4AFFF75AFF4946306805F09EF885
:10CD40000D21306805F0ACF806F076F84749074643
:10CD500003A805F025FD06F06FF8C01B40455BD227
:10CD6000142203A93046FFF77DFF05460028F2D0C4
:10CD7000DFF818B10BF124045BF8041F09A805F0D3
:10CD80000FFD09A903A805F04DFF824609A805F08B
:10CD9000E1FDBAF1000F27D15C45EDD1344903A87C
:10CDA00005F028FFC8B9334903A805F023FF58B997
:10CDB000314909A805F0F4FC09A903A805F032FFE0
:10CDC00090B309A805F0C6FD039B00932B4A2549A3
:10CDD0004B460120FFF70AFF002503A805F0BAFD26
:10CDE00028460DB0BDE8F08F96F8750096F87430BF
:10CDF000441C04F00704A3422CD00C2303FB006066
:10CE00000DEB0301143005F0ADFD86F8754006F01A
:10CE100013F8C01B4045A3D34B46194A11490120C2
:10CE2000FFF7E4FE0025D8E7164906A805F0B8FC90
:10CE300006A903A805F0F6FE044606A805F08AFD3B
:10CE400009A805F087FD002CBED1494603A805F0CE
:10CE5000D1FE80E7039B0C4A02490120FFF7C6FE82
:10CE600079E700BFC0A10300B8A103006CA20300D2
:10CE70004CA6030000A1030008A1030020A10300A9
:10CE80002CA1030014A10300D8A003001CA00300E0
:10CE900038B5044610460D461A460146206805F08E
:10CEA000B9FB206803682946DB6998474FF47A701C
:10CEB00005F0CEFF03E0206803685B6998472068AF
:10CEC00003681B6998470028F5D104F10805284636
:10CED0000F4905F093FD4FF4FA620E492046FFF723
:10CEE0001FFF03E0206803685B69984720680368B8
:10CEF0001B6998470028F5D12846054905F07EFDB5
:10CF000020464FF4FA620449BDE83840FFF708BFF5
:10CF10006CA20300CCA00300D4A003004FF4FA627B
:10CF20000149FFF7FDBE00BFD4A003002DE9F04F7B
:10CF300087B007463949DFF8ECB0DFF8EC90DFF84E
:10CF4000ECA0684605F02CFC002269463846FFF745
:10CF500089FE00B3324D03AC05F1240855F8041FD7
:10CF6000204605F01DFC2146684605F05BFE06469E
:10CF7000204605F0EFFCBEBBA845EFD1524649461E
:10CF80000320009BFFF732FE002269463846FFF778
:10CF900069FE0028DED197F8741097F875308B423F
:10CFA0001CD003AC0C26142516FB01513944204635
:10CFB00005F01CFC97F874307A68013303F007031E
:10CFC000204687F8743002B19047204605F0C2FC35
:10CFD00097F8741097F875308B42E5D1684605F0E4
:10CFE000B9FC07B0BDE8F08F97F8750097F874307A
:10CFF000441C04F00704A34209D00C2303FB007077
:10D000001430694605F0AEFC87F875409CE7009B3C
:10D010005A4649460120FFF7E9FD95E76CA2030057
:10D020001CA00300D8A00300C0A10300C0A00300FF
:10D030002DE9F04F064689468FB0574903209246A6
:10D040009846564A4B46FFF7D1FD4946306804F0F2
:10D0500015FF0D21306804F023FF05F0EDFE504967
:10D06000039005A805F09CFB05F0E6FE039BC01AA3
:10D07000404559D214220DEB02013046FFF7F2FD74
:10D0800005460028F0D0474C04F1240B54F8041F47
:10D090000BA805F085FB0BA905A805F0C3FD074605
:10D0A0000BA805F057FC3FBBA345EFD13E4905A8AF
:10D0B00005F0A0FDC8B93D4905A805F09BFD58B98C
:10D0C0003B4908A805F06CFB08A905A805F0AAFDD6
:10D0D00090B308A805F03EFC059B0093354A2E4905
:10D0E0004B460120FFF782FD002505A805F032FC24
:10D0F00028460FB0BDE8F08F96F8750096F87430AA
:10D10000441C04F00704A34239D00C2303FB006045
:10D1100005A9143005F026FC86F8754005F08CFE54
:10D12000039BC01A4045A5D34B46234A1A49012008
:10D13000FFF75CFD0025D8E720490BA805F030FB80
:10D140000BA905A805F06EFD04460BA805F002FC2E
:10D1500008A805F0FFFB002CBED1494605A805F044
:10D1600049FD002880D1BAF1000F3FF47DAFDAF815
:10D1700008305BB905A9504605F070FC74E7059BC3
:10D180000F4A05490120FFF731FD6DE70A2150469E
:10D1900005F0B2FCEEE700BFC0A10300B8A1030098
:10D1A0006CA203001CA003004CA6030000A1030016
:10D1B00008A1030020A103002CA1030014A1030077
:10D1C000D8A003004FF4FA620149FFF7A9BD00BFE0
:10D1D000A0A103002DE9F04F0F4697B016467749FE
:10D1E0004FF4FA620446FFF79BFD20B90546284636
:10D1F00017B0BDE8F08F724907A805F0D1FA07A96A
:10D20000384605F00FFD002800F0B3800DF104084A
:10D210003946404605F0EAFA0AAD07A805F09AFB40
:10D22000019B684A302128460AF0DEFC2B46664AFC
:10D2300066490320FFF7DAFC2946206804F01EFE49
:10D240000D21206804F02CFE05F0F6FD40F6B737FE
:10D25000054605F0F1FD401BB84206D9A7E020685D
:10D2600003685B6998473E2809D0206803681B69FA
:10D2700098470028F3D1012005F0EAFDE9E731469F
:10D280002068DFF8689104F0F3FD206803681A2134
:10D290001B68984705F0D0FD4D49074604A805F0E6
:10D2A0007FFA47F22F5605F0C7FDC31BB3424FF07C
:10D2B000320204A920466FD8FFF7D4FC05460028A7
:10D2C000F1D0DFF82CA10AF124065AF8041F07A8B0
:10D2D00005F066FA07A904A805F0A4FC834607A890
:10D2E00005F038FBBBF1000F1CD15645EDD1494686
:10D2F00004A805F07FFC58B9364904A805F07AFC6B
:10D3000050B3049B344A31490120FFF76FFC0025DC
:10D3100004A805F01FFB404605F01CFB284617B08B
:10D32000BDE8F08F94F8750094F87430451C05F052
:10D330000705AB4209D00C2303FB0040143004A9BD
:10D3400005F010FB84F87550ABE7049B234A1F4996
:10D350000120FFF74BFCA4E7214907A805F020FABC
:10D3600007A904A805F05EFCE8B907A805F0F2FAE1
:10D3700097E70AAD2846124905F012FA39462846C1
:10D3800005F0DCFB0DF104080146404605F02EFADD
:10D39000284605F0DFFA40E7124A0C490120FFF762
:10D3A00025FC0025B4E707A805F0D4FAA9E70E4A42
:10D3B00006490120FFF71AFC0025ACE7A0A10300F5
:10D3C0003CA1030040A10300B8A10300C0A10300D9
:10D3D0006CA2030000A1030050A10300D8A0030029
:10D3E00014A1030060A10300A4A003004CA6030045
:10D3F0001CA0030010B586B00B460446064A6846DA
:10D4000018210AF0F1FB6946204640F6B832FFF7D2
:10D4100087FC06B010BD00BFACA103002DE9F043AE
:10D42000884697B017465C494FF4FA620546FFF705
:10D4300077FC20B90446204617B0BDE8F083574971
:10D4400001A805F0ADF9284601AA40F6B8335449C1
:10D45000FFF7EEFD38B9002401A805F07BFA20465D
:10D4600017B0BDE8F0833A2101A805F0F9FB041ECE
:10D47000F1DB4A490AA805F093F948490DA805F0DF
:10D480008FF9464910A805F08BF9444913A805F017
:10D4900087F90025621C039B04A801A905F028FC5C
:10D4A0000AAE2C46069B1BE022462C2104A805F060
:10D4B000E7FBB0F10009B8BFDDF8189022464B46F3
:10D4C00004A907A805F014FC07A9304605F074FA72
:10D4D00007A809F1010405F03DFA069B01350C3659
:10D4E0009C4233D2042D45D0214604A805F0AEFB62
:10D4F0002228D9D101340146224604A805F0C0FBF8
:10D50000B0F1000922DB22464B4604A907A805F02A
:10D51000EFFB07A9304605F04FFA07A805F01AFA05
:10D52000069B09F101049C42D8D2214604A805F0CB
:10D530008DFB2C28214604A803D005F087FB20286A
:10D54000CBD1069B0134A342EFD8C7E704A805F06E
:10D5500001FA022DD8BF00240FDC13A805F0FAF958
:10D5600010A805F0F7F90DA805F0F4F90AA805F0E0
:10D57000F1F971E704A805F0EDF90DA805F054FCE8
:10D58000C8F8000010A805F04FFC00283860D4BF90
:10D5900000240124E1E700BFA0A103006CA2030066
:10D5A00094A103002DE9F04F0E469BB000F10C0949
:10D5B0007F49054605F0F4F87D49484605F0F0F846
:10D5C00005F1180A05F124031C46794903935046D6
:10D5D00005F0E6F82046764905F0E2F875490BA813
:10D5E00005F0DEF80BA9304605F05CFB04460BA8FD
:10D5F00005F0B0F9002CC0F2C38022460A21304663
:10D6000005F03EFB031E01932246BCBFB3680193A5
:10D610003A21304605F034FB0BACDFF894810290E0
:10D620001AAFA346584641460BF10C0B05F0B8F86B
:10D630005F45F7D1029A019B013205A831464FF0B0
:10D64000000805F055FBC346079B1AE05A462C21FB
:10D6500005A805F015FB071EB8BF079F5A463B46B5
:10D6600005A908A805F044FB08A9204605F0A4F97F
:10D6700008A807F1010B05F06DF9079B08F10108F7
:10D680000C345B4535D9B8F1050F53D0594605A880
:10D6900005F0DCFA2228D9D10BF1010B01465A46DC
:10D6A00005A805F0EDFA071E23DB5A463B4605A9FF
:10D6B00008A805F01DFB08A9204605F07DF908A87B
:10D6C00005F048F9079B07F1010B5B45D6D9594690
:10D6D00005A805F0BBFA2C28594605A803D005F08B
:10D6E000B5FA2028C9D1079B0BF1010B5B45EED899
:10D6F000C4E705A805F02EF9B8F1030F1DDC434679
:10D700002D4A2E490120FFF771FA0EAC14AF17A86D
:10D7100005F020F9384605F01DF911A805F01AF9B1
:10D72000204605F017F90BA805F014F928461BB0A0
:10D73000BDE8F08F05A805F00DF90BA928460EAC41
:10D7400005F010F914AF2146484605F00BF9504694
:10D75000394605F007F9B368019A9342D7DD0132E3
:10D76000314608A805F0C4FA039E08A9304605F022
:10D7700023F908A805F0EEF8304605F029FBC6E7C6
:10D780000F490BA805F00CF80BA9304605F08AFAF2
:10D7900004460BA805F0DEF8002CBFF62EAF094AB0
:10D7A00006490120FFF722FA28461BB0BDE8F08F9A
:10D7B0006CA2030044A0030070A00300C0A10300FA
:10D7C0004CA0030054A003004FF4FA620149FFF794
:10D7D000A7BA00BFB4A0030010B586B004461B4929
:10D7E000684604F0DDFF20466A4640F6B833184923
:10D7F000FFF71EFC30B3174903A804F0D1FF03A9BB
:10D80000684605F04FFA044603A805F0A3F8002C7B
:10D8100018DB22462C21684605F032FA031E11DB84
:10D82000621D694603A805F063FA03A805F0FCFA37
:10D83000044603A805F08EF8684605F08BF82046EC
:10D8400006B010BD4FF0FF34F6E700BF6CA2030036
:10D8500094A003009CA00300704700BF10B50446CD
:10D86000243005F077F804F1180005F073F804F19E
:10D870000C0005F06FF8204605F06CF8204610BD4E
:10D8800070B5064600F1140500F174040C3C204606
:10D8900005F060F8A542F9D106F1080005F05AF844
:10D8A000304670BD38B5074CA4F5607504F1100022
:10D8B00005F050F8201D1C3C05F04CF8AC42F5D1A9
:10D8C00038BD00BFA87B0020F0B589B0304D31498C
:10D8D000314E02A8002404F063FF0A2322462146A9
:10D8E000284601940093F02303F052FE4FF0FF33DB
:10D8F0002246C5E9044302A9282305A805F0F8F942
:10D9000005A9284604F0B4FA05A805F023F8D8279D
:10D9100002A805F01FF8F02321461822019428469A
:10D92000009703F035FE18241C49346002A804F067
:10D9300037FF02A91A4804F0E5FA1A4B1968C9B969
:10D940003368E62B1BDC1CB200216FF0F8200A467E
:10D9500028232982686102A905A86C8205F0C8F90C
:10D9600005A90B4804F084FA05A804F0F3FF336816
:10D970000A33336002A804F0EDFF09B0F0BDCDE931
:10D980000071F0232246284603F002FE3460DBE7F4
:10D99000C87B002070A203001C6100208CA2030041
:10D9A00034630020C07700202DE9F04F8FB07A4D0E
:10D9B0007A49DFF800B208A804F0F2FE00240A2336
:10D9C00028462246214600930194F02303F0E0FD0F
:10D9D0004FF0FF33224608A90BA8C5E904432823CA
:10D9E00005F086F90BA9284604F042FA0BA804F0CA
:10D9F000B1FF08A804F0AEFFD82300930194F023F0
:10DA000021462846182203F0C3FDDBF80070644B62
:10DA10001826A7421E606CD068DD624FDFF898912F
:10DA2000DFF8988101E0EA2E60D0D9F800105E4B53
:10DA3000A14218BF4346194602A804F0B1FE0A22CB
:10DA400057F8041C05A804F055FF05A908A804F020
:10DA5000CDFE414608A805F09DF80D230022394669
:10DA600082460BA805F044F90BA9504605F066F86C
:10DA7000414605F08FF807F10C0105F05FF801460B
:10DA800002A804F0EBFF0BA804F064FF08A804F060
:10DA900061FF05A804F05EFFD9F800206E824FF008
:10DAA00000032B824FF6FF7C4FF6E073A24208BFC3
:10DAB0009C4602A9282300220BA8A5F816C0A5F8A9
:10DAC00014C005F015F90BA9334804F0D1F90BA8DF
:10DAD00004F040FF02A804F03DFFDBF80030013401
:10DAE000A34206F10A0607F11C079CDC0FB0BDE853
:10DAF000F08F2E4908A804F053FE6FF0F8233A4641
:10DB0000B8466B612F4602F12804234608A90BA8EA
:10DB10006E82A5F8108005F0EBF80BA9384604F0EA
:10DB2000A7F90BA804F016FF0A9BA342224606F1B0
:10DB30000A0602D9B2F5527FE5D108A804F00AFF1F
:10DB40001B49DFF8548008A804F02AFE6FF0F82380
:10DB500000226B611746222602F12804234608A9F9
:10DB60000BA86E822F8205F0C3F80BA9404604F083
:10DB70007FF90BA804F0EEFE0A9BA342224606F1B1
:10DB80000A0602D9B2F5487FE6D108A804F0E2FE01
:10DB90000FB0BDE8F08F00BFC87B002098A4030041
:10DBA0001C6100204878002094A40300C0A4030056
:10DBB000D4A4030040780020C47B002018A50300F3
:10DBC0002DE9F04788B0564D564902A8002604F0CA
:10DBD000E7FD0A2328463246314600930196F0239A
:10DBE00003F0D6FC4FF0FF343246282302A905A8E3
:10DBF000C5E9046405F07CF805A9284604F038F965
:10DC000005A804F0A7FE02A804F0A4FED823182259
:10DC10003146284600930196F02303F0B9FC424BAD
:10DC2000424902A818241C6004F0BAFD02A8404929
:10DC300004F084FF3F4B6B6107463246B146A8466D
:10DC400002F128063346394605A86C82A5F81090E3
:10DC500005F04EF805A9404604F00AF905A804F0BD
:10DC600079FEBB68B34204F10A04324601D9EA2CBA
:10DC7000E6D1314F02A804F06DFE3B6A63BB00227F
:10DC80000434DFF8B880DFF898904FF0FF3302F1EA
:10DC90002806E62C6B6192463346414605A818DCFF
:10DCA0006C82A5F810A005F023F805A9484604F0F9
:10DCB000DFF805A80A3404F04DFE16B1FB6AB34242
:10DCC00007D9324602F12806E62C3346414605A81C
:10DCD000E6DD08B0BDE8F0876FF0F8230022DFF83A
:10DCE00040906B61924607F1180802F12806E62C75
:10DCF0003346414605A8C2DC6C82A5F810A004F0AA
:10DD0000F7FF05A9484604F0B3F805A80A3404F063
:10DD100021FE16B13B6AB342B1D93246E5E700BFF6
:10DD2000C87B0020F4A403001C61002014A503009C
:10DD3000387C00201FF81FF82C7C0020507C00202D
:10DD40002DE9F047DFF87C91554A564BD9F8001081
:10DD5000554E88B0032914BF1146194602A8002564
:10DD600004F01EFD0A2330462A46294600930195F9
:10DD7000F02303F00DFC4FF0FF342A46282302A9BC
:10DD800005A8C6E9045404F0B3FF05A9304604F021
:10DD90006FF805A804F0DEFD02A804F0DBFDD8232F
:10DDA00018222946304600930195F02303F0F0FB3A
:10DDB0003E4B3F4902A818241C6004F0F1FC3D4989
:10DDC00002A804F0BBFE3C4A3C4BD9F800100329E2
:10DDD00014BF1146194604F0DDFE6FF0F823074624
:10DDE0002A467361AA46B04602F128052B463946F9
:10DDF00005A8A6F810A0748204F07AFF05A9404691
:10DE000004F036F805A804F0A5FDBB68AB4204F1A8
:10DE10000A012A4603D9EA290C46E5D1E02402A8E2
:10DE200004F098FDD9F80030042B02D008B0BDE80A
:10DE3000F0872349DFF8708002A804F0D7FC1F495F
:10DE400002A804F0A7FE0E34002207464FF0FF336D
:10DE500002F12805E62C736191462B46394605A848
:10DE600018DC7482A6F8109004F042FF05A9404621
:10DE700003F0FEFF05A80A3404F06CFD15B1BB6881
:10DE8000AB4207D92A4602F12805E62C2B46394633
:10DE900005A8E6DD02A804F05DFD08B0BDE8F08746
:10DEA00044A2030024A20300C87B00201C610020C0
:10DEB00068A20300B07700206CA2030064A20300F4
:10DEC000A4770020C07700202DE9F0438FB00446EE
:10DED0000D4602A8574904F063FC294602AA41F204
:10DEE00088335548FFF7A4F82146064605A804F0F4
:10DEF00057FC05A908A804F079FC002E40D04F4932
:10DF000008A804F047FE4FF4FC690746DFF8448197
:10DF10004B48394603F0F6FFD8F80010F1B9494DE7
:10DF20002B68E62B6FDC1BB2474C4FF0000C6246AF
:10DF3000A4F810C039460BA86382A4F816902823D1
:10DF4000A4F8149004F0D4FE0BA9204603F090FF2F
:10DF50000BA804F0FFFC2B680A332B6008A804F020
:10DF6000F9FC05A804F0F6FC02A804F031FF049BBC
:10DF700073B902A804F0EEFC30460FB0BDE8F083A0
:10DF8000324908A804F006FE4FF478490746BDE779
:10DF90002F4908A804F004FC2623002202A905A8A2
:10DFA00004F0A6FE05A908A804F0C8FD014607462E
:10DFB000234803F0A7FFD8F80010E9B9214D2B68DA
:10DFC000E62B2BDC1BB2204C4FF0000C39466FF0D7
:10DFD000F8276246A4F810C063820BA82823676163
:10DFE00004F086FE0BA9204603F042FF0BA804F0C4
:10DFF000B1FC2B680A332B6005A804F0ABFC08A821
:10E0000004F0A8FCB5E7D823CDE900311822F023AD
:10E010000D4803F0BDFA18232B6085E7D823CDE91E
:10E0200000311822F023084803F0B2FA18232B60BD
:10E03000C9E700BF6CA20300C477002080A40300DE
:10E04000346300201C610020C87B002088A40300EA
:10E050007CA40300C077002030B587B00146044699
:10E06000684604F0C3FB684604F0A4FE434903A8D5
:10E0700004F096FB03A9684604F0D4FD054603A806
:10E0800004F068FCF5B13E4903A804F089FB21685F
:10E090003C4842F2107303AAFEF7CAFF059B0446F0
:10E0A000002B3CD1384B39493948002C08BF194660
:10E0B00003F03AFF03A804F04DFC684604F04AFC64
:10E0C00007B030BD3349204604F094FD80B1324999
:10E0D0003248FFF7F9FE32493248FFF7F5FE324980
:10E0E0003248FFF7F1FE684604F034FC07B030BD5B
:10E0F0002F49204604F07EFDB0B12E4B2E4C1A78ED
:10E100002E492348032A0ABF0222032221461A70FD
:10E1100003F00AFF684604F01DFC07B030BD03A9F8
:10E120001B4803F0EFFEBDE72046254904F062FDE1
:10E1300058B1FEF78BFD0A220146154803F0B4FEE4
:10E140002049134803F0F0FEB7E71F49104803F0D9
:10E15000EBFE1E490E4803F0E7FE1D490C4803F094
:10E16000E3FE1C490A4803F0DFFE1B49084803F0A0
:10E17000DBFE1A49064803F0D7FE9EE7D4A0030051
:10E180006CA20300C477002024A303004CA6030064
:10E190003463002044A303004CA3030050A30300F6
:10E1A0005CA3030068A303007CA3030088A303000F
:10E1B000A0A303001961002038A303002CA30300CF
:10E1C000A8A30300ACA30300B8A30300C4A30300E7
:10E1D00000A4030028A4030050A4030068A40300C3
:10E1E0002DE9F04F8B4B8C4E1B7800248DB03460A2
:10E1F00013B90DB0BDE8F08F8848FEF7E3FF8849FA
:10E2000003A804F0CDFA03AA42F2107385498348AB
:10E21000FEF70EFF002800F0B980059A3368002A47
:10E2200000F09A801F2B00F39780DFF824827E4F46
:10E2300006AD29E03368002B1DDD089ADAB1013BF9
:10E24000C3EBC30307EB830A0AF1100ADAF80830BC
:10E25000172B10D8002B40F0D580C3F118030022F3
:10E26000294609A804F044FD09A9504604F0F6FB2C
:10E2700009A804F06FFB284604F06CFB059B9C4248
:10E28000336869D21F2B67DC22460A2103A804F0F9
:10E29000F7FCB0F1000A01DADDF814A0224653467B
:10E2A00003A9284604F024FD414609A804F078FAA1
:10E2B00009A9284604F0B6FC834609A80AF101041E
:10E2C00004F048FBBBF1000FB4D0D6F800A0089BC7
:10E2D0000AF1010C0622294609A8C6F800C004F07C
:10E2E00007FD09A804F0A0FDCAEBCA034FEA830AA0
:10E2F00047F8230009A804F02DFB0AF11000484953
:10E30000384404F07BFB2221284604F0A9FC22219A
:10E31000421C284604F0B4FC2221421C284604F08A
:10E32000AFFC00F1010B81465A462221284604F039
:10E33000A7FC0AF1040A8145BA4422DA03465A4688
:10E34000294609A804F0D4FC504609A904F034FB7E
:10E3500009A804F0FFFA8EE7344A1168994205DBF8
:10E36000012B1946B8BF012101391160304A3149EA
:10E370000220FEF73BFC03A804F0ECFA0DB0BDE868
:10E38000F08F2D4909A804F00BFADDE706AD2B4903
:10E39000284604F005FA2946294803F0B3FD294B25
:10E3A0001968D9B9284E3368E62B20DC1BB2274CFC
:10E3B00000274FF0F8213A4609A8638261612823BB
:10E3C0002946278204F094FC09A9204603F050FD59
:10E3D00009A804F0BFFA33680A333360284604F012
:10E3E000B9FA03A804F0B6FA0DB0BDE8F08FD8234F
:10E3F000CDE900311822F023144803F0C9F818239E
:10E400003360D4E72021504604F076FBDAF8083078
:10E4100023E700BF3C78002040780020C47700202C
:10E420006CA203001CA5030044780020C47B0020DC
:10E4300048A5030060A5030044A503002CA5030024
:10E4400034630020C07700201C610020C87B0020BE
:10E450003CA5030070B5064696B02748FEF7B2FE0D
:10E460003346264A182104A809F0BEFB244901A816
:10E4700004F096F904A901AA41F288331E48FEF778
:10E48000D7FD044628B901A804F064FA204616B066
:10E4900070BD1C4D0AA801A9FFF784F80AA92846F7
:10E4A00004F08AFA0DA905F10C0004F085FA10A910
:10E4B00005F1180004F080FA13A905F1240004F016
:10E4C0007BFA13A804F046FA10A804F043FA0DA84A
:10E4D00004F040FA0AA804F03DFA0B4AEB6A166011
:10E4E000002BD0D16C6901A8003418BF012404F0BE
:10E4F00031FA204616B070BDC4770020ACA20300EC
:10E500006CA203002C7C0020206100202DE9F04F3C
:10E510008DB006468B498C4D06A804F041F9314672
:10E5200006A804F00BFB01460746884803F0EAFC06
:10E53000296800293DD1DFF83082D8F80030E62B79
:10E5400039DC1BB2DFF80C924FF0000C09AC3946F5
:10E550006246A9F81230204628236FF01F17A9F849
:10E5600010C0C9F8147004F0C3FB2146484603F0FC
:10E570007FFC204604F0EEF9D8F800300A33C8F8E2
:10E58000003006A804F0E6F97149204604F008F9C5
:10E590002146304604F046FB0746204604F0DAF9EF
:10E5A00027B12B68012B00F0B78083B10DB0BDE817
:10E5B000F08F09ACE5E7D823CDE900311822F0232C
:10E5C000644802F0E5FF1823C8F80030BAE72C21B0
:10E5D000304604F079FB0028E8DB421CB368314682
:10E5E000204604F085FB204604F01EFCFFF732FFB6
:10E5F000002800F09680204604F0ACF9564906A8A1
:10E6000004F0CEF8554906A804F098FA01460746EA
:10E610004E4803F077FC296809BBDFF84C81D8F835
:10E620000030E62B00F381801BB24A4E4C487382C7
:10E630004FF0000C28236246A6F810C039467061DE
:10E64000204604F055FB2146304603F011FC2046DD
:10E6500004F080F9D8F800300A33C8F80030DFF849
:10E660000CA106A804F076F9DAF82C30002B9DD026
:10E6700000270AF1240B28E01BB2DFF8D8904FF0F6
:10E68000000C4FF0FF3062464146A9F81230C9F83D
:10E69000140028232046A9F810C004F029FB2146C5
:10E6A000484603F0E5FB204604F054F93B680A3382
:10E6B0003B6006A804F04EF903A804F04BF9DAF821
:10E6C0002C30B34237467FF671AF264907F1260654
:10E6D00003A804F065F83A463346594606A804F004
:10E6E00007FB06A903A804F029FA0146804617484B
:10E6F0001D4F03F007FC29680029DAD13B68E62B9F
:10E70000BADDD823CDE900311822F023114802F0F8
:10E710003FFF18233B60B0E7FFF762FDFFF744F9C6
:10E7200044E7204604F016F940E7D823CDE900314C
:10E730001822F023074802F02BFF1823C8F80030F6
:10E7400073E700BFF8A20300C07700203463002005
:10E75000D8A10300C87B002000A30300387C002060
:10E760001FF81FF87CA403001C6100202C7C0020F3
:10E7700070B5514890B0FFF72FF8504904460DA8E6
:10E7800004F00EF80A2221460AA804F0B3F80AA9F8
:10E790000DA804F0D3F94A4904F0FCF9014604A895
:10E7A00004F024F80AA804F0D5F80DA804F0D2F873
:10E7B000002C36DD632C34D0092C71DD10AA002327
:10E7C00042F8343D02A93C480293FEF727FE68BB9D
:10E7D000002C62DD632C0CBF4FF47C464FF4FC66CA
:10E7E000384C00250A222046019529460092F02344
:10E7F00002F0CEFE2A464FF42025282304A90DA8B6
:10E80000E682A682256104F073FA0DA9204603F082
:10E810002FFB0DA804F09EF804A804F09BF810B09C
:10E8200070BD294904A804F03DF9C7E727490AA8A3
:10E8300003F0B6FF0A22029907A804F05BF807A9C3
:10E840000AA804F07BF9224904F0A4F90A2205463B
:10E8500003990DA804F04EF80DA9284604F06EF9AE
:10E86000014604A804F0FAF80DA804F073F807A80C
:10E8700004F070F80AA804F06DF8DDE90232934262
:10E8800013DA03EB8303B3EB820FA1DB114904A876
:10E8900004F008F94FF47C46A2E74FF47C469FE76A
:10E8A0000D4904A804F0FEF888E70C4904A804F018
:10E8B000F9F84FF4784693E7C4770020B8A2030034
:10E8C000C0A20300C87B0020C4A20300D4A203009E
:10E8D000DCA20300E8A20300CCA20300E0A2030034
:10E8E0002DE9F0438E4D8F4A8F4903468FB0044681
:10E8F0000320FEF77BF92B68042B12D8DFE803F026
:10E900002BA482911400632C00F01A82722C00F068
:10E9100024821B2C01D0092C03D100232B60FEF78D
:10E92000D3FF0FB0BDE8F0830D2C00F01981082C47
:10E9300000F095811B2C00F0A580A4F120035E2B34
:10E94000EFD87A4883689F2BEBD8214604F0D4F89F
:10E95000FFF7F6F9E5E7092C00F09480A4F1200315
:10E960005E2B00F2968005AF7149384603F018FF20
:10E97000214602A803F062FF02A9384604F0DEF83F
:10E980006C4904F007F908AE102280462146304653
:10E9900003F080FF3146404604F0D0F8664904F0A9
:10E9A000F9F801468046654803F0ACFA2968F9B9E0
:10E9B000634C2368E62B00F399811BB2614DDFF8AD
:10E9C0009CE1C5F814E04FF0000C6246A5F810C0B9
:10E9D0006B82414628230BA804F08AF90BA928462C
:10E9E00003F046FA0BA803F0B5FF23680A3323604F
:10E9F000304603F0AFFF02A803F0ACFF384603F047
:10EA0000A9FF8EE7642C00F06081722C00F0618118
:10EA10001B2C01D0092C84D101232B60FEF7C4FFED
:10EA20007FE70D2C00F00681082C00F00D811B2CD7
:10EA300028D0A4F120035E2B3FF673AF42488368D1
:10EA4000132B3FF66EAF80E7B52C5FD0B62C00F0ED
:10EA50002F810D2C40F009813C4B1B68002B7FF768
:10EA600060AF3B4B3B4A1B68C3EBC30352F8230028
:10EA7000FFF7F0FC00283FF454AF02232B60FFF7B0
:10EA80009FF84EE701232B60FFF7AAFBFEF78CFFF0
:10EA900047E708AE304905AF304603F081FE10224B
:10EAA0002146384603F0F6FE3946304604F046F873
:10EAB00001468046214803F025FA2968F9B9204C1F
:10EAC0002368E62B00F31D811BB21E4DDFF88CE09E
:10EAD000C5F814E04FF0000C6246A5F810C06B8238
:10EAE000414628230BA804F003F90BA9284603F09C
:10EAF000BFF90BA803F02EFF23680A3323603846C2
:10EB000003F028FF304603F025FF0AE7104A136898
:10EB1000002B7FF706AF013B1360FEF745FF00E7D0
:10EB2000C077002064A50300A8A20300A4770020FA
:10EB30006CA5030074A50300F4A503003463002052
:10EB40001C610020C87B0020B077002040780020A6
:10EB5000C47B0020447800207CA50300E007E00788
:10EB6000804FBB68002B3FF4DCAE08AE7E4C7F4983
:10EB7000DFF81092304603F013FE4FF000080A232E
:10EB80002046424641460093CDF80480F02302F02F
:10EB9000FFFC6FF0F823424631460BA86361C4F8CE
:10EBA0001080282304F0A4F80BA9204603F060F994
:10EBB0000BA803F0CFFE304603F0CCFE3A464946A0
:10EBC0006B48FEF707FBD9F80030002800F0A4805E
:10EBD000684A694900920220684AFEF707F8012353
:10EBE0002B60FFF7FDFAFEF7DFFE6549304603F0C4
:10EBF000D7FD4FF4FC6700250A22019529460092B3
:10EC0000F023594802F0C4FC2A464FF4202528235B
:10EC100031460BA8E782A782256104F069F80BA9A9
:10EC2000514803F025F90BA803F094FE304603F099
:10EC300091FE76E6534B9B68002B3FF472AE0423A3
:10EC40002B60FFF77DF86CE64E48816800293FF4A1
:10EC500068AE013904F0A6F8FFF772F861E64148A2
:10EC6000816800293FF45DAEF3E7642C7FF44BAE7E
:10EC7000454B1B68002B7FF754AE444B444A1B683E
:10EC80003B48C3EBC30352F82340E1B2FEF7B2FBAB
:10EC90004049384B404A00280CBF084618460090AF
:10ECA000234635490220FDF7A1FFFFF799FAB3E6A5
:10ECB000354B36491B680A68013B93427FF731AEFA
:10ECC00001320A60FEF770FE2BE6344B28481C68C0
:10ECD000DBE733492B4803F045FE3249214803F076
:10ECE0008DFE04232B60FFF72BF81AE6D823CDE91D
:10ECF00000311822F0231C4802F04AFC182323603C
:10ED00005CE6D823CDE900311822F023164802F042
:10ED10003FFC18232360D8E61E4A174900920220C0
:10ED2000164AFDF763FF01232B60FFF759FAFEF740
:10ED30003BFE1D49304603F033FD4FF478475AE758
:10ED40001849104803F05AFE1649064803F056FECB
:10ED500003232B60FEF7F4FFE3E5FFF741FAFEF72C
:10ED600023FEDEE5A4770020C87B002088A50300F1
:10ED7000C47700200CA3030060A5030094A5030042
:10ED8000A4A50300B077002040780020C47B0020B9
:10ED90004478002024A3030010A303002061002076
:10EDA000387C00206CA20300ACA503002DE9F043E1
:10EDB000064889B04FF4E1310446F7F7EFFB04F061
:10EDC0003BF840F6B73605460BE000BF3463002041
:10EDD00004F032F8401BB0424FF00A0006D804F0AD
:10EDE00037F82046F7F7F8FB0028F1D0B34CB448C9
:10EDF000B44F00F0EFFEF02211460023204602F04F
:10EE0000D5FE2046032102F077FE20460021002592
:10EE100001F026FA2046012101F0FCFE0A26AA494B
:10EE2000E57602A803F0BCFC2A4629460195204657
:10EE30000096F02302F0ACFB4FF0FF332A46C4E902
:10EE4000045302A9282305A803F052FF05A9204670
:10EE500003F00EF805A803F07DFD02A803F07AFD8B
:10EE60009A4902A803F09CFCCDE900653246294688
:10EE70002046F02302F08CFB6FF0F8262A464FF470
:10EE80002025282302A905A8C4E9045603F030FF71
:10EE900005A9204602F0ECFF05A803F05BFD02A8DF
:10EEA00003F058FD8A4902A803F07AFC02A98948B8
:10EEB00003F028F83968D9B9874D2B68E62B00F3A1
:10EEC0000C8219B200204FF0FF36024628236182DF
:10EED000208202A905A8666103F00AFF05A9774808
:10EEE00002F0C6FF05A803F035FD2B680A332B603E
:10EEF00002A803F02FFD79497648794E03F014F803
:10EF00007849744803F010F87749724803F00CF818
:10EF10007649704803F008F875496E4803F004F824
:10EF200074496C4803F000F8734800F08DFC5F21D1
:10EF3000714800F037FD704800F040FD6F4B70499C
:10EF400000280ABF19460023012302A8337003F0EA
:10EF500027FC33785F48002B02A90CBF4FF4784898
:10EF60004FF4FC6802F0CEFF3968F1B95A4D2868B9
:10EF7000E62800F3A78100B24FF0000C2823624678
:10EF8000A4F810C002A96082A4F8168005A8A4F80D
:10EF9000148003F0ADFE05A9484802F069FF05A8FA
:10EFA00003F0D8FC2B680A332B6002A803F0D2FCD4
:10EFB0003378002B00F05281524902A803F0F0FB95
:10EFC00002A9444802F09EFF3968D9B9424D2B6826
:10EFD000E62B00F36C8119B200204FF0FF36024699
:10EFE00028236182208202A905A8666103F080FEC1
:10EFF00005A9324802F03CFF05A803F0ABFC2B68E2
:10F000000A332B60404DDFF8149102A803F0A2FCF4
:10F010002E784FF00A08032304224FF4E1314846CA
:10F020002EB9FDF735FF2870002800F0948037498D
:10F0300002A803F0B5FB02A9264802F063FF396875
:10F04000D1B9254D2B68E62B00F352811BB200206D
:10F050002F4E63820246282302A92082666105A8FA
:10F0600003F046FE05A9154802F002FF05A803F0CB
:10F0700071FC2B680A332B6002A803F06BFC254956
:10F080002548264DFEF720FF25492648FEF71CFFA0
:10F0900025492648FEF718FF2846FEF795FB284627
:10F0A000FEF790F8224B23496B6002A803F078FB2F
:10F0B00002A9084802F026FF3EE000BFC87B0020FE
:10F0C000187C0020C077002028A6030038A6030083
:10F0D00044A60300346300201C610020B8A3030091
:10F0E000BC770020C4A3030000A4030028A40300ED
:10F0F00050A4030068A403005C7C0020F8A5030072
:10F100000CA6030074A603003C78002098A6030018
:10F11000E007E0074CA3030050A30300C4770020DE
:10F120005CA3030068A303007CA3030088A303007F
:10F130000DE50200B4A603003968002940F088807C
:10F14000874D2B68E62B00F3DE801BB200210A46B8
:10F150006FF01F106AE04FF4FA6003F079FEB8F127
:10F1600001082E787FF457AF002E7FF460AF7D4901
:10F1700002A803F015FB0A22CDE90026F023314650
:10F18000794802F005FA4FF420254FF0F8202823A3
:10F19000324602A96061256105A803F0A9FD05A911
:10F1A000714802F065FE05A803F0D4FB02A803F045
:10F1B000D1FB6E4902A803F0F3FA02A96C4802F0F1
:10F1C000A1FE3B68DBB9664D2968E62900F3A680FD
:10F1D00009B200204FF0FC260246282361822082DB
:10F1E00002A905A8666103F083FD05A95E4802F047
:10F1F0003FFE05A803F0AEFB2B680A332B6002A884
:10F2000003F0A8FB5B4902A803F0CAFA02A9584818
:10F2100002F078FE3968D9B9514D2B68E62B00F31E
:10F2200089801BB200210A464FF0FC2063822182B4
:10F23000282302A9606105A803F05AFD05A94A48E0
:10F2400002F016FE05A803F085FB2B680A332B603D
:10F2500002A803F07FFB09B0BDE8F083464902A88D
:10F2600003F09EFA02A9424802F04CFE3968D1B977
:10F270003B4D2B68E62B68DC19B200204FF0FC26D2
:10F28000024628236182208202A905A8666103F054
:10F290002FFD05A9344802F0EBFD05A803F05AFB49
:10F2A0002B680A332B6002A803F054FB84E6D823B2
:10F2B000CDE900311822F0232B4802F069F918211A
:10F2C000296089E6D823CDE900312748F0231822A8
:10F2D00002F05EF9182028604EE6D823CDE900310F
:10F2E0001822F023204602F053F918212960E9E59D
:10F2F000D823CDE900311822F0231B4802F048F949
:10F3000018232B60A3E6D823CDE900311822F0237F
:10F31000154802F03DF918232B6017E7D823314632
:10F3200000930196F02318220F4802F031F91821BA
:10F3300029604EE7D823CDE900311822F0230A488E
:10F3400002F026F918232B606CE7D823CDE90031B1
:10F350001822F023044802F01BF9182129608CE7D9
:10F360001C610020D4A60300C87B0020ECA603008B
:10F370003463002010A7030050A60300F0B583B04B
:10F38000022300930622092336493748374F384E67
:10F3900000F0EEFB052300930B220A233249354887
:10F3A00002F0EAFB344A3549324806F07FFF344B1D
:10F3B0003B603146002307F108007B6003F0F0F961
:10F3C00007F1140407F17405204631460C3403F0AC
:10F3D000E7F9A542F8D10023274A2A492348A7F88C
:10F3E0007430294C224D06F061FF04F56076294601
:10F3F000204603F0D5F904F10C0029461C3403F033
:10F40000CFF9A642F3D11C4A2049002006F04EFF56
:10F4100017491F4803F0C4F915491E4803F0C0F905
:10F4200013491D4803F0BCF911491C4803F0B8F911
:10F43000114A1B49164806F039FF0D49194803F0D7
:10F44000AFF90D4A1849174806F030FF0849174828
:10F4500003F0A6F9084A1449144803B0BDE8F04087
:10F4600006F024BF00300240187C0020C477002042
:10F470006CA20300C87B00200060002059D8020065
:10F48000C08C002081D8020048780020A5D8020056
:10F490002C7C0020387C0020447C0020507C002004
:10F4A0005DD80200B077002055290300A477002022
:10F4B00070B5214C2368DB0784B031D51F4C204D3B
:10F4C000204E2046F6F714FFA8B12046F6F736FF87
:10F4D000C3B20D2B294601A80FD00A2B0DD0AA6864
:10F4E000C72AEED81946284603F006FB2046F6F751
:10F4F000FFFE0028E9D104B070BD03F077F901A840
:10F5000003F066FC039B3BB901A803F023FA3146E4
:10F51000284603F073FAD4E701A8FEF79DFDF3E750
:10F520000849074803F03CF90123074A0749044802
:10F53000236006F0BBFEC1E7907700203463002013
:10F54000947700206CA2030000600020552903007E
:10F550002DE9F0437E4E337889B0002B40D07D4DAD
:10F560002B78EBB17C4C03F067FC236841F28732C7
:10F57000C01A904244D803F05FFC236841F28732FE
:10F58000C01A904238D82B78BBB97448FDF7CEFC2E
:10F59000FFF78EFF0A2003F05BFC09B0BDE8F083A3
:10F5A0006D4C03F049FC2368C01A41F2873398423E
:10F5B0002CD83378002BDED0D5E701225F216848B4
:10F5C00000F0A6F9664800F0EBF80028DDD06448AA
:10F5D00000F0EAF8C0B20028D7D0FFF781F9D4E7ED
:10F5E0005E48FDF79BFC307000284ED1594D2B78BA
:10F5F000002BD5D0584CBEE703F01EFC2060C2E7BC
:10F6000003F01AFC2060FFF7B3F8BCE754485F2111
:10F6100000F0C8F9524800F0D1F90028C9D102AF72
:10F62000012350492B70384603F0BAF839464E484A
:10F6300002F068FC4D4B196819BBDFF85C81D8F803
:10F640000030E62B77DC1BB2DFF82C914849A9F893
:10F6500012304FF0000C2823624605A8C9F8141098
:10F660003946A9F810C003F043FB05A9484602F04B
:10F67000FFFB05A803F06EF9D8F800300A33C8F88C
:10F680000030384603F066F993E702AF394938464F
:10F6900003F086F83946344802F034FC334B1968DD
:10F6A000F1B9DFF8F480D8F80030E62B37DC1BB274
:10F6B000314C2F496382002528232A4605A8616121
:10F6C0002582394603F014FB05A9204602F0D0FB41
:10F6D00005A803F03FF9D8F800300A33C8F8003025
:10F6E000384603F037F9254925481C4C194DFEF7DB
:10F6F000EBFB24492448FEF7E7FB24492448FEF7A6
:10F70000E3FB2046FEF760F82046FDF75BFD2B7813
:10F71000204A6260002B3FF443AF0F4C49E7D823E7
:10F72000CDE900311822F023134801F031FF1823EE
:10F73000C8F80030BCE7D823CDE900311822F02307
:10F740000D4801F025FF1823C8F800307CE700BF02
:10F750003C780020BC770020A0770020C4770020F0
:10F760005C7C0020D8A5030034630020C077002013
:10F77000E007E007B8A50300C87B00204CA3030006
:10F7800050A303005CA3030068A303007CA3030051
:10F7900088A303000DE502001C610020704700BF34
:10F7A000203002F00FBC00BF203002F0F9BB00BFD8
:10F7B000203002F011BC00BF38B5437F0BB90020E8
:10F7C00038BD00F6280420460D4602F00FFC002844
:10F7D000F5D12046294602F0CBFB012038BD00BF01
:10F7E0002DE9F0475AB30646DFF8588033681B68A6
:10F7F0004D1E434517464FF0000400F6280915F842
:10F8000001AF16D1737F13B92046BDE8F087484693
:10F8100002F0ECFB0028F7D15146484602F0A8FB65
:10F820000134A742F0D0336815F801AF1B68434597
:10F83000E8D05146304698470028F1D1E4E7144615
:10F84000E2E700BFB9F7020010B4837E1F2B4FF030
:10F85000010288BF03F01F03C27603F5E0738CBF7B
:10F86000284A4FF0A04240F20C6142F82310437E38
:10F870001F2B86BF03F01F03224A4FF0A04203F55F
:10F88000E07340F20C6142F8231003694FF0CC7230
:10F89000C3F8242503690622C3F800250369827E84
:10F8A000C3F808250369427EC3F80C2590F9183087
:10F8B000002B14DA144A03F00F031A446023137662
:10F8C00090F91830002B07DB104903F01F000122CC
:10F8D0005B09824041F823205DF8044B70475909C9
:10F8E000603103F01F030124084A04FA03F342F8CD
:10F8F000213090F91830002BDCDB1344602283F8B0
:10F900000023DDE700030050FCEC00E000E100E034
:10F910000AB910467047F8B5054600F12007384689
:10F9200014460E4602F036FB2B69C3F888652A6937
:10F93000012313622A69C2F834752A69C2F838456E
:10F940002A6913602B6902E0D3F824211AB9D3F88D
:10F950004C21002AF8D00022C3F84C212B6902E088
:10F96000D3F824211AB9D3F85C21002AF8D0002258
:10F97000C3F85C212B6901225A612A69D2F804314B
:10F98000002BFBD00021C2F804112B69D3F82421ED
:10F9900012B1C3F824112B69D3F83C05C5F820082F
:10F9A000C0B2F8BD10B541F23003044600F628009D
:10F9B000E15402F0EFFA0123637710BD70B541F214
:10F9C00030030269C15C00234377C2F888150269DD
:10F9D000C2F80431036901261E62036900F6280596
:10F9E0000446C3F84455284602F0ECFA2369C3F8EC
:10F9F000480523699E60236902E0D3F824211AB9DF
:10FA0000D3F85021002AF8D00022C3F8502128460C
:10FA100002F0D8FA236918BB0022C3F860212369D9
:10FA200001225A612269D2F80431002BFBD0002157
:10FA3000C2F804112369D3F8240160B1C3F824117A
:10FA40002369D3F8C404C3F8C404022803D00428EB
:10FA500014BF0420032070BDD3F82421002ADBD179
:10FA6000D3F86021002AF7D0D6E700BF70B52B4C41
:10FA70006369D3F86421002A3DD1D3F86821F2B933
:10FA8000D3F8042172B1227F0021C3F804114AB1D6
:10FA900041F23802D3F83C05A258C4F820080AB154
:10FAA00090476369D3F8242142B10022C3F824218E
:10FAB000D3F8D024C3F8D02401225A6170BD0022AB
:10FAC000C3F86821164822770123637702F062FAAF
:10FAD00041F23403E35803B1984763691048C3F80F
:10FAE00044050023637702F06DFA63690122C3F8CD
:10FAF00048055A63C4E7002204F12006C3F86421D4
:10FB000001253046257702F045FA63694FF400621B
:10FB1000C3F83465C3F838251D63AEE75C7C00206C
:10FB20008484002038B50E4C0E4A20464FF47A7378
:10FB300040F8202B0025C4E9015302F00DFA04F629
:10FB4000280002F009FA084A084B6577D2E9072134
:10FB5000032020766176A276C4E9043338BD00BF65
:10FB60005C7C002034A7030094AE0300003000400A
:10FB700070B5002444749DF81050C9B10F4E016057
:10FB8000B142846012D00E4CA14204BF0121017128
:10FB90000C4951F82220027351F82330837351F835
:10FBA000253043730023C373037470BD0471EFE702
:10FBB000054B064A0648242107F0CCF800300240E5
:10FBC00000F0024094AE030050A70300B8A7030062
:10FBD00060A70300437C03B1704730B5012285B0B4
:10FBE00042740321FF22019304468DF803208DF80F
:10FBF00006208DF80510827B417B8DF800204FF0A8
:10FC000080451A4602958DF80110057BC37369463D
:10FC1000037403938DF8025005F032FDA37B1F2B74
:10FC200086BF03F01F030C4A4FF0A04203F5E073B8
:10FC300040F2013142F82310637B1F2B86BF03F093
:10FC40001F0305494FF0A04103F5E07340F2033272
:10FC500041F8232005B030BD0003005010B483B03C
:10FC600002AB03E906009DF805309DF80410026818
:10FC700013F1FF3318BF012300240229C2F8004505
:10FC80001C460374C17332D003292DD0012925D01D
:10FC9000224B0099B3FBF1F3B3F5007FC2F8544552
:10FCA0001FD2FF2B0FD87F2B24D83F2B25D81F2BFB
:10FCB00026D80F2B27D8072B02D819498A4225D0DE
:10FCC0004FF0004101E04FF080610723C2F8241596
:10FCD000C2F8003503B05DF8044B704743F00204EE
:10FCE000D6E74FF00071F0E743F00604D0E743F0A9
:10FCF0000404CDE74FF00061E7E74FF08051E4E7FF
:10FD00004FF00051E1E74FF08041DEE7042B34BFB4
:10FD10004FF0A0514FF02061D7E700BF0090D00313
:10FD200000F0024003680022C3F80025704700BFBE
:10FD3000002B3AD02DE9F047814684B00D46174696
:10FD40001E464FF6FF784FF0000A4645344628BF5E
:10FD50004446002D14BF2346002300950297361B0E
:10FD600001938FB1002269464846039405F0D0FD07
:10FD700005B125442744002EE7D104B0BDE8F08743
:10FD8000CDE900550295361B002269464846CDF85C
:10FD90000CA005F0BDFD4DB94645344628BF44468C
:10FDA000002EEDD104B0BDE8F08770472544002E49
:10FDB000CBD1E2E710B586B006AB012403F8111DE4
:10FDC000002202A90293CDE90343059405F0A0FDAA
:10FDD0009DF8070006B010BD70B41049104A1148D4
:10FDE000114BD568946808601069D66C0D738C73DC
:10FDF0000125946C4873106D0D7100220B4D1E731C
:10FE00009C735873CA730A741A71DA731A741D607A
:10FE10004A748A605A749A6070BC7047988C00204B
:10FE200094AE030000F00240AC8C00200030024091
:10FE3000704700BF704700BF10B404682469A4462F
:10FE40005DF8044B604700BF30B40468BDF808504B
:10FE50000295A46BA44630BC604700BF30B4046870
:10FE6000BDF808500295E46BA44630BC604700BF63
:10FE7000704700BF01F0030101298176B0F9083015
:10FE8000B0F90A2004D0032902D08381C2817047CF
:10FE90008281C381704700BF2DE9F04385B099424C
:10FEA00004460768BDF93060BDF8348023D0B24203
:10FEB0001D4611D07B69DFF884904B4536D1CDE9E2
:10FEC00000682B46BE6A2046B0472368DB6A4B4574
:10FED00027D105B0BDE8F08399421FDDCDF8308011
:10FEE0000131FE6B4B1B1BB229462046B44605B0C0
:10FEF000BDE8F0436047B2420CDDCDF83080531CC2
:10FF0000BD6B9B1B1BB232462046AC4605B0BDE81C
:10FF1000F0436047334616461A46EEE70D4619464B
:10FF2000DCE7204605B0BDE8F0431847CDE90212F2
:10FF300098472768DDE90212C1E700BF35FE0200DD
:10FF40002DE9F04FD0F800C01F46DCF814601A4BC2
:10FF500083B09E420546BDF93090BDF834A00C46F2
:10FF600090461FD12744BC4214DADFF850B0DCF8C9
:10FF70002060CDF800A05E4521464B46424628460B
:10FF800001D1DCF83860013424B2B047BC42D5F866
:10FF900000C0ECDBDCF82C30074A934206D103B0FA
:10FFA000BDE8F08FB047D5F800C0DBE7284603B0C6
:10FFB000BDE8F04F184700BF35FE020049FE0200C1
:10FFC0002DE9F04FD0F800C01D46DCF814A02D4BF1
:10FFD00083B09A450446BDF93090BDF83470884628
:10FFE000164641D1DCF824B0DFF89CA00097D34539
:10FFF00008BFDCF83CB02B46324641462046D84785
:020000023000CC
:100000002368D3F824B0009709F1FF323244D34576
:1000100012B232D1D3F83CA041462B462046D047FD
:100020002368DFF868A0D3F820B00097D34508BF55
:10003000D3F838B032464B4641462046D84723686D
:10004000691E1D6A00975545414408BF9D6B3246A5
:100050004B4609B22046A84723680A4ADB6A934206
:1000600006D103B0BDE8F08FD047D4F800C0B9E79F
:10007000204603B0BDE8F04F18472B4641462046C6
:10008000D847CDE735FE02005DFE020049FE0200C2
:100090002DE9F04F85B01E46BDF93850BDF83CA0A3
:1000A000AB1A002B9046A6EB0102B8BF5B42002AB8
:1000B000B8BF52429342074679DCAE464446AC464E
:1000C000404635468846764621469946A8455CDD39
:1000D000A8EB0504A4B2A0EB0C0002944FF6FF7C41
:1000E00024B204EBD47480EAE079B142C8BF4FF087
:1000F000010CA9EBE0796410CDF80CC09342304BB1
:1001000001931FFA89F933DCD7F800C0019BDCF8B2
:1001100018B09B452946534608BFDCF810B0A4EB45
:10012000090432463846D847A3B21CB20135002C28
:100130002DB205DA039A1644029AD41836B224B2C4
:10014000A845E1DA05B0BDE8F08FDCF810B0D8477B
:10015000A4EB0904A3B21CB20135002C2DB205DAC0
:10016000039A1644029A9C1836B224B24545E9DC3B
:10017000D7F800C0019BDCF818B09B452A465346CF
:1001800031463846E1D0D847E2E7A5EB080080B217
:1001900004B204EBD474B14202904FEA64042846DE
:1001A0000E46454607DA012103918046A6E7B4468C
:1001B000084691468AE74FF6FF71039180469DE716
:1001C00039FE02002DE9F04FD0F800C0DFF888E0DA
:1001D000DCF8406083B07645BDF93080BDF834A0CE
:1001E00028D191461F461B4ADCF81430934205463D
:1001F0000C462BD12744BC4214DADFF860B0DCF89F
:100200002060CDF800A05E45214643464A46284678
:1002100001D1DCF83860013424B2B047BC42D5F8D3
:1002200000C0ECDBDCF82C300A4A934209D103B061
:10023000BDE8F08FB446CDE90C8A03B0BDE8F04FBD
:100240006047284603B0BDE8F04F18479847D5F8F7
:1002500000C0CFE735FE020041FF020049FE020068
:100260002DE9F04FD0F800C0284BDCF84040B0F941
:100270000C80B0F90E709C4283B0894633D1DCF813
:100280001430DFF88CB05B4505463AD1B8F1000F69
:1002900022DD0024DFF87CA0A64609E0DCF8386007
:1002A0000134B0470FFA84FEF045D5F800C013DDE5
:1002B000DCF82060CDF80090564571463B464FF083
:1002C00000022846EAD001340022B0470FFA84FE2B
:1002D000F045D5F800C0EBDCDCF82C305B450BD1E9
:1002E00003B0BDE8F08F0022CDE90071434611460E
:1002F000A04703B0BDE8F08F284603B0BDE8F04F3B
:1003000018479847D5F800C0C0E700BF41FF02007A
:1003100035FE020049FE02002DE9F04FD0F800C082
:100320001646DCF81450304A85B095420746BDF8B1
:1003300038B00C464DD19BB203F1FF39DCF82850A0
:100340002A4A1FFA89F909EB040895420FFA88F83E
:1003500010D0CDE9006B4346324621463846A847C7
:10036000D7F800C0DCF82C301F4A934237D105B0D3
:10037000BDE8F08F444526DDC3F101031FFA83F980
:100380000FFA89F5234605EBD57544466D1098465E
:10039000174BDCF818A09A4532465B462146384692
:1003A0000FD1DCF810A0D0470134002D24B203DABD
:1003B000013E4D4436B22DB2A045D7F800C0E7DA71
:1003C000D0E7D047F0E70FFA89F505EBD5756D104A
:1003D000DEE70393A847D7F800C0039BABE7384696
:1003E00005B0BDE8F04F184735FE0200910003004C
:1003F00039FE02002DE9F04FD0F800C09046DCF83D
:100400001440424A85B094420646BDF838900F46E3
:100410006ED1DCF828503E49013B1FFA88F21344A4
:100420009BB28D421CB250D1444528D066DAD31A13
:100430009BB21DB205EBD575A04503934FEA650548
:100440003BDBDFF8D0A010E0DCF810B0D847013477
:10045000002D24B2ABB204DA039A013F9D183FB2DB
:100460002DB2A045D6F800C027DBDCF818B0D34584
:100470004B46224639463046E6D0D847E7E7DFF814
:1004800094A03D464FF00008BB46DCF81870574575
:10049000224608BFDCF8107029464B463046B84764
:1004A0000135B8F1000FB8BF04F1FF342DB2B8BF69
:1004B00024B2AB45D6F800C0E7DADCF82C30134A9A
:1004C000934210D105B0BDE8F08F42463B46CDE9DE
:1004D000004939463046A847D6F800C00B4ADCF838
:1004E0002C309342EED0304605B0BDE8F04F1847AF
:1004F0000393A047D6F800C0039B8AE71046214625
:100500001A4644460346884691E700BF35FE02007E
:100510009100030039FE020070B4002461F30F045F
:1005200062F31F44094A02604FF0FF36002240F296
:10053000011501218460C46046610583C176426073
:10054000026182760277026270BC704700AD0300E0
:100550002DE9F04F97B083460D91016ABDF88000F8
:100560000290BDF8840003909DF8880006909DF8E5
:100570008C0008900592002900F0EB800A7AD1E9FE
:1005800000109B1ADBB200EBC30230F83330079344
:1005900093780493D378109392F905301593069BC2
:1005A0000A91012B92F9064040F2CB80BDF95430FC
:1005B0000E9323B21293AE4BDBF800C009931A4698
:1005C000DCF81430934240F04D81109B002B00F07A
:1005D0008B80BDF814301393002223440C921493A3
:1005E00092460B92049B002B76D00B9B129A089993
:1005F00013981A4402FB01021499CB181BB21193F1
:100600000FFA82F90C9B002509E00135049AEDB23E
:100610004FEA4A0AAA425FFA8AFA434658D95A1C54
:100620005B075FFA82F806D1079A0A99531C9BB2BE
:1006300011F802A007931AF0800FE6D0069ABDF8D1
:100640003430012A59D00E9A0699DCF81C60BDF9A5
:1006500020705419874A04FB0134964224B20BB22D
:1006600060D1DCF84060844A96425BD1DCF81430FB
:10067000099A934260D1069B2344A34203931DDD54
:100680007E4B05930F950BE0029D0095DCF83860DA
:10069000B0470134039BDBF800C024B2A3420CDD59
:1006A000DCF82060059DAE4221463B464A4658464E
:1006B000EAD0029B00933B46EAE70F9DDCF82C3022
:1006C000099A9342A1D058469847DBF800C09CE7AE
:1006D0000C9B1344DBB20C930B9B109A0133DBB2DF
:1006E0009A420B933FF67EAFDCF82C30099A934286
:1006F00040F0B38017B0BDE8F08F089A012AA2D16C
:10070000159ADCF8184013445D4A5919944208BF01
:10071000DCF81040029B119A09B25846A047DBF85A
:1007200000C072E7029A2146CDE9007258464A4657
:10073000B047DBF800C068E758469847DBF800C0D0
:1007400099E7089B012B3FF631AF002312930E93DC
:1007500031E7BBF90C200D998A42CBDDBBF90E20A5
:1007600005988242C6DDBDF81840062212FB04122D
:10077000002ABFDD089A00EBC202002ABADD9BF80E
:100780001C201AB9AF2B84BF0133DBB2384ADBF827
:1007900000C009921146DCF814208A4240F08C8196
:1007A000384ABDF834100F9103EB8303D3180D932F
:1007B000BDF818300E9300230B910C930D9ABDF9E0
:1007C0002C3012F8018B0D92069A07939F1808237C
:1007D00004930026B94618F0010F55D00699BDF8CC
:1007E00014200129B3B200F0F2800899DCF81C4013
:1007F00011FB03F313441F4A94421DB20FFA81FA0E
:10080000BDF9183040F00681DCF840401A4A9442A5
:1008100040F00081DCF81430099A934240F02281C4
:10082000079C4C4570DA0A960AE0029E0096DCF8B6
:100830003870013424B2B8474C45DBF800C062DAA6
:10084000DCF820700D4EB742214653462A465846E2
:10085000EBD0029B00935346EBE7584617B0BDE838
:10086000F04F184758469847DBF800C0ADE600BF88
:1008700035FE0200C501030041FF020049FE0200EF
:1008800039FE0200F8A70300DDE90232934241D0AD
:100890000699BDF814200129B3B200F0C58008996B
:1008A000DCF81C4011FB03F313448F4A94421DB241
:1008B0000FFA81FABDF9183040F0CD80DCF84040E5
:1008C0008A4A944240F0C780DCF81430099A934277
:1008D00040F0CD80079C4C4516DA0A96DCF8207073
:1008E000834EB742214653462A46584640F08680FA
:1008F000039E00960134DCF8387024B2B8474C45AA
:10090000DBF800C0EADB0A9EDCF82C30099A93423F
:1009100040F0A380049B013B013613F0FF0376B245
:100920004FEA580804937FF456AF0B9B0E9A13447A
:100930000C9A01329BB2052A0C920B937FF43EAFC6
:10094000DDE9023293423FF4CFAE069B012B00F06B
:10095000A0800E9B0F99DCF81C60634A03EB8303B5
:100960001944089B96424FEAC3050CB2BDF91830F2
:1009700040F0A980DCF840605C4A964240F0A380D9
:10098000DCF81430099A934240F0A980069B234476
:100990009C421E4670DADFF85881DDF814900AE0B8
:1009A000039F0097DCF83870013424B2B847B44292
:1009B000DBF800C060DADCF82070474521462B46A2
:1009C0004A465846ECD0039B00932B46ECE7089927
:1009D00001297FF40AAF13440C990F9ADCF81840F0
:1009E00051181AB2434B9C4208BFDCF81040029BDE
:1009F00009B25846A047DBF800C08BE7039B009381
:100A00000134534624B2B847A145DBF800C03FF794
:100A100065AF78E7029A0799CDE900A258462A46C1
:100A2000A047DBF800C075E7089901297FF437AFCC
:100A300013440C990F9ADCF8184051181AB22D4B38
:100A40009C4208BFDCF81040039B09B25846A047FF
:100A5000DBF800C05EE7039ADDE758469847DBF80D
:100A600000C057E758469847DBF800C0D8E658461C
:100A70009847DBF800C02DE7DCF82C30099A934248
:100A80003FF435AE58469847DBF80030099ADB6AE8
:100A90002DE6089B012B7FF45CAF0F990092053186
:100AA000059ADCF82040082309B25846A047DBF835
:100AB0000030099ADB6A1AE6049358469047DBF83F
:100AC00000C0049B6CE6039A2146CDE900525846CB
:100AD000059AB047DBF80030099ADB6A07E658460A
:100AE0009847DBF800C051E7C501030041FF020051
:100AF00049FE020039FE02002DE9F041036A84B08C
:100B00000446002B4FD00A2941D00D2947D01A7A2C
:100B1000914244D3987A884241D38A1A5D68B4F9E5
:100B20001060207ED2B205EBC205AF7857B3EA78E9
:100B300042B394F81BC0B4F9122094F819E0BCF148
:100B4000000F0FD095F905C0B4F90C80674400FB85
:100B50000767474506DD002626821B7B03FB0E2226
:100B600012B26282B4F816C0CDF80CE0A78A0290E7
:100B70000B4620463146CDE9007CFFF7E9FCB4F98D
:100B80001060207E297901FB0060208207E00022AE
:100B900002821B7B428A417E01FB032343820120A8
:100BA00004B0BDE8F0810A292CD00D29F7D0C67E0B
:100BB000B0F91070B4F91220007E657E66B1062689
:100BC000B4F90CC016FB0076664505DD02EBC502E4
:100BD00012B2628223821F46E68A0395A58A02909A
:100BE0000B4620463946CDE90056FFF7B1FC237E7F
:100BF000228A03EB430302EB43030120238204B068
:100C0000BDE8F081428A417E038202EBC103438248
:100C1000C5E700BF002908BF012101764176704772
:100C200010B590F8343004464BB194F936000028E2
:100C300004DB0021BDE8104005F0CEBA10BD00F184
:100C4000280393E80600406AFFF708F8EDE700BFC5
:100C500010B5044690F93600002802DB012105F0AA
:100C6000BBFA94F8343003B110BD606ABDE810409F
:100C7000FFF758B803683B4A5B69934270B5044676
:100C80000D466DD190F83430002B5DD094F93600CC
:100C9000002802DB002105F09FFA002D47D194F8CF
:100CA0003D5094F93700002105F096FA94F834305D
:100CB000002B3FD0012B2FD1082694F92430184661
:100CC0002B064FF0000148BF012105F085FA0121F4
:100CD00094F9260005F080FA013E002194F92600DF
:100CE0006D0005F079FA16F0FF06EDB2E5D10121AD
:100CF00094F9370005F070FA23681B4ADB6A9342C7
:100D00002AD194F93600002802DB012105F064FAAB
:100D100094F834309BB170BD94F92500002105F0A2
:100D20005BFA012194F9250005F056FADFE794F803
:100D30003C50B6E72946606AFFF73CF8D7E7606A9F
:100D4000BDE87040FEF7EEBF00F1280393E806000F
:100D5000406AFEF783FF99E72046BDE870401847D8
:100D600098479AE7210C0300510C030000290FDB80
:100D7000F0B51C46B0F90C308B4283B0054605DD5A
:100D8000002A03DBB0F90E30934202DC03B0F0BD61
:100D900070470368012600965F6D92B2334689B2B0
:100DA000B84795F8343053B3012B1BD1102695F971
:100DB0002430184623044FF0000148BF012105F0FC
:100DC0000BFA012195F9260005F006FA013E0021F3
:100DD00095F9260005F000FA640016F0FF06A4B2AB
:100DE000E5D1D3E795F92500002105F0F5F995F94E
:100DF0002500314603B0BDE8F04005F0EDB9210A09
:100E0000686AFEF7D7FF686AE1B203B0BDE8F04058
:100E1000FEF7D0BF2DE9F0410E1E82B00CDB1D465F
:100E2000B0F90C30B342044606DD002A174603DB56
:100E3000B0F90E30934202DC02B0BDE8F0810368E5
:100E4000394A5B6993426DD190F83430002B5CD005
:100E500094F93600002802DB002105F0BDF9236873
:100E60004FF00108CDF80080B1B2BAB25E6D2046F5
:100E70004346B04794F83430002B3DD0012B30D19D
:100E8000102694F9243018462B044FF0000148BF77
:100E9000012105F0A1F9012194F9260005F09CF942
:100EA000013E002194F9260005F096F96D0016F038
:100EB000FF06ADB2E5D123681C4ADB6A93422CD110
:100EC00094F93600002802DB012105F085F994F839
:100ED0003430002BB0D1606A02B0BDE8F041FEF7BB
:100EE00021BF94F92500002105F076F9414694F9D7
:100EF000250005F071F9DEE7290A606AFEF75AFF5E
:100F0000E9B2606AFEF756FFD5E700F1280393E8DF
:100F10000600406AFEF7A2FE9AE7204602B0BDE84E
:100F2000F041184798479AE7210C0300510C030041
:100F30002DE9F04112B2044609B21D469DF9187020
:100F40009DF91C609DF92080FFF7E6FA0022084910
:100F500084F8358084F8367084F8376084F834205B
:100F6000A263A2876562216022642046BDE8F08109
:100F700058AD0300F8B50446444D90F936000029F9
:100F800018BF0D460028174607DB012105F0A0F821
:100F9000012194F9360005F01FF9012194F9370079
:100FA00005F096F8012194F9370005F015F994F849
:100FB000346076BB606A364BA5620122984284F8A1
:100FC0002C70276384F82D2040D0324B98423DD0BE
:100FD00094F93500002838DB012105F079F801216A
:100FE00094F9350005F0F8F8642001F031FF002194
:100FF00094F9350005F0F0F8642001F029FF94F928
:101000003500012105F0E8F8C820BDE8F84001F0FE
:101010001FBF012E1DD0012194F9250005F058F8BD
:1010200094F92500012105F0D7F894F9260000284D
:10103000CEDB012105F04CF894F92600012105F0E2
:10104000CBF894F935000028C6DAF8BDFEF7C2FDEA
:10105000BEE7314694F9240005F03AF8002194F9EE
:10106000240005F0B9F8314694F9260005F030F86F
:1010700094F92600002105F0AFF894F92500002826
:10108000A6DB002105F024F8A2E700BF0024F4004D
:10109000988C0020AC8C002002B970472DE9F843F1
:1010A000B0F90C506D00954228BF15464FEA45092E
:1010B000064648468846174601F0E4FE044680B3DB
:1010C00098FA98F81FFA88F3002D73D06A1E012A47
:1010D00071D9002163F30F0163F31F4168082246B1
:1010E00000230133834242F8041BFAD325F00103A5
:1010F000AB4206D05A1C954224F8138001D924F83B
:101100001280AF424B464FF00002214655D87B007B
:10111000706A0022FEF70CFE2046BDE8F84301F09D
:10112000CBBE96F834304FEA18295FFA88F56BB9D0
:10113000013F4946706AFEF73DFE013F2946706A4D
:10114000FEF738FE7A1CF4D1BDE8F883012B13D0EA
:10115000A945F9D0013F002196F9250005F03CF89A
:10116000013F012196F9250005F036F87B1CF2D1EC
:10117000EAE70024002FE7D0013F454696F92430E6
:1011800015F4004F18464FF0000118BF012105F07B
:1011900023F80134012196F9260005F01DF8A4B2C8
:1011A000002196F926006D0005F016F8102CADB25E
:1011B000E4D1DEE7FEE700239CE77F1B706AFEF7C1
:1011C000B7FD002F9DD1A7E72DE9F04F83B0BDF902
:1011D0003050BDF83470002B58D0002D56D0002B65
:1011E00006461C4655DBB6F90C308B424EDD002D11
:1011F00005DAADB201322A446D4212B22DB2B6F90F
:101200000E00904242DD1FFA81FE0EEB04081FFA29
:1012100088F808F1FF3C0FFA8CFCBCF1000F35DBBD
:101220001FFA82F909EB050B1FFA8BFB0BF1FF3A52
:101230000FFA8AFABAF1000F28DB0029BCBF0FFAB7
:1012400088F44FF0000E002ABCBF0FFA8BF54FF068
:1012500000096345DCBFA3EB0E0424B25045DCBF9C
:10126000A0EB09052DB23368AAB2009271464A4636
:10127000D3F854803046A3B2C04704FB05F2394688
:10128000304603B0BDE8F04FFFF706BF03B0BDE83E
:10129000F08F9CB201312144B6F90C3009B264429E
:1012A0008B4224B2A3DCF1E7F0B583B00029BDF88E
:1012B000206036DB1C46B0F90C308B42054630DD31
:1012C000002C2ED005DAA4B201322244644212B2BC
:1012D00024B2B5F90E30934223DD1FFA82FC0CEBE9
:1012E0000407BFB2781E00B200281ADB002ABCBF78
:1012F0003CB24FF0000C8342DCBFA3EB0C0424B2E1
:101300002B68A2B200925F6D6246284689B2012323
:10131000B84722463146284603B0BDE8F040FFF703
:10132000BBBE03B0F0BD00BFF0B583B0002ABDF86E
:10133000206038DB1C46B0F90E309342054632DDA2
:10134000002C30D005DAA4B201312144644209B244
:1013500024B2B5F90C308B4225DD1FFA81FC0CEB71
:101360000407BFB2781E00B200281CDB0029BCBFF6
:101370003CB24FF0000C8342D8BFA3EB0C044FF0FB
:1013800001012B680091D8BF24B261465F6D2846E9
:1013900092B2A3B2B84722463146284603B0BDE810
:1013A000F040FFF779BE03B0F0BD00BF2DE9F04378
:1013B00083B0161EBDF8287051DB1D46B0F90E3003
:1013C000B34204464BDD002D49D005DAADB2013100
:1013D00029446D4209B22DB2B4F90C308B423EDD86
:1013E0001FFA81F808EB050080B2421E12B2002AF3
:1013F00035DB0029BCBF05B24FF000089342D8BFCF
:10140000A3EB08052368244A5B69D8BF2DB2934239
:101410003AD194F834307BB394F93600002802DBDB
:10142000002104F0D9FE23684FF00109CDF80090A7
:10143000B2B241465E6D2046ABB2B0472A4639464D
:101440002046FFF729FE2368144ADB6A93421ED127
:1014500094F93600002805DA94F8343033B103B03B
:10146000BDE8F083494604F0B7FEF5E7606A03B0D3
:10147000BDE8F043FEF756BC04F1280393E80600EC
:10148000606AFEF7EBFBC7E720469847CBE72046AC
:1014900003B0BDE8F0431847210C0300510C0300D2
:1014A0002DE9F04182B00E1EBDF820704FDB1D46C5
:1014B000B0F90C30B342044649DD002D47D005DABF
:1014C000ADB201322A446D4212B22DB2B4F90E30DF
:1014D00093423CDD1FFA82F808EB050080B2411E02
:1014E00009B2002933DB002ABCBF05B24FF0000867
:1014F0008B42D8BFA3EB08052368234A5B69D8BF9A
:101500002DB2934238D194F834306BB394F936004D
:10151000002802DB002104F05FFE2368AAB20092DB
:10152000B1B242465E6D20460123B0472A46394695
:101530002046FFF7B1FD2368144ADB6A93421ED1AF
:1015400094F93600002805DA94F8343033B102B04B
:10155000BDE8F081012104F03FFEF5E7606A02B0CA
:10156000BDE8F041FEF7DEBB04F1280393E8060076
:10157000606AFEF773FBC9E720469847CDE720462F
:1015800002B0BDE8F0411847210C0300510C0300E4
:101590002DE9F04F83B0BDF93050BDF83470002B09
:1015A0007BD0002D79D0002B06461C4678DBB6F99F
:1015B0000C308B4271DD002D05DAADB201322A44C8
:1015C0006D4212B22DB2B6F90E00904265DD1FFADF
:1015D00081F808EB040E1FFA8EFE0EF1FF3C0FFAA5
:1015E0008CFCBCF1000F58DB1FFA82F909EB050BEC
:1015F0001FFA8BFB0BF1FF3A0FFA8AFABAF1000FD0
:101600004BDB0029BCBF0FFA8EF44FF00008002A14
:10161000BCBF0FFA8BF54FF000096345D8BFA3EBB1
:10162000080433682C4A5B69D8BF24B25045DCBF3C
:10163000A0EB09052DB293424AD196F83430002B25
:1016400039D096F93600002802DB002104F0C4FDF1
:101650003368AAB2009241464A46D3F854803046D5
:10166000A3B2C04704FB05F239463046FFF714FD2C
:1016700033681A4ADB6A934225D196F9360000286E
:1016800002DB012104F0A8FD96F834302BB9706A12
:1016900003B0BDE8F04FFEF745BB03B0BDE8F08FE7
:1016A0009CB201312144B6F90C3009B264428B423C
:1016B00024B280DCF1E706F1280393E80600706AA3
:1016C000FEF7CCFABDE7304603B0BDE8F04F18474F
:1016D00030469847BCE700BF210C0300510C0300C3
:1016E0002DE9F8430D4690F834100446904699468B
:1016F000002900F0A48094F93600002802DB0021C4
:1017000004F06AFD002194F9370004F065FD94F8B7
:101710003430002B00F09B80012B43D1082694F934
:1017200024302A0618464FF0000148BF012104F07A
:1017300053FD012194F9260004F04EFD013E0021E5
:1017400094F926006D0004F047FD16F0FF06EDB297
:10175000E5D1012194F9370004F03EFDB9F1000F05
:1017600032D0002712E094F8273094F92500002B9E
:1017700055D1002104F030FD012194F9250004F039
:101780002BFD08F1010801374F451DD094F8343086
:10179000022BE8D098F8005013BB2946606AFEF788
:1017A00009FBEEE7002194F9250004F015FD012165
:1017B00094F9250004F010FD012194F9370004F09C
:1017C0000BFDB9F1000FCCD194F93600002802DBF3
:1017D000012104F001FD94F834305BB3BDE8F883D7
:1017E000012B08BF082637D194F9243018462B0660
:1017F0004FF0000148BF012104F0EEFC012194F9F3
:10180000260004F0E9FC013E002194F926006D0059
:1018100004F0E2FC16F0FF06EDB2E5D1B1E70021DD
:1018200004F0DAFC012194F9250008F1020804F023
:10183000D3FCA8E7606ABDE8F843FEF773BA00F18D
:10184000280393E80600406AFEF708FA53E72946A2
:10185000606AFEF7AFFA7CE794F9250089E700BFDC
:101860002DE9F8430D4690F8341004461646984684
:10187000002900F09F8094F93600002802DB002147
:1018800004F0AAFC002194F9370004F0A5FC94F8B8
:101890003430002B00F09680012B52D1082794F9A8
:1018A00024302A0618464FF0000148BF012104F0F9
:1018B00093FC012194F9260004F08EFC013F0021E5
:1018C00094F926006D0004F087FC17F0FF07EDB2D5
:1018D000E5D1012194F9370004F07EFCB8F1000F46
:1018E00023D0002711E094F8273094F92500002B2D
:1018F00051D10136002104F06FFC012194F925003B
:1019000004F06AFC013747450FD094F83430022BBD
:10191000E9D006F101093578F3B92946606A013743
:10192000FEF748FA47454E46EFD194F936000028B5
:1019300002DB012104F050FC94F83430ABB3BDE875
:10194000F88394F92500002104F046FC012194F964
:10195000250004F041FCBCE7012B38D1082694F99E
:10196000243018462B064FF0000148BF012104F037
:1019700033FC012194F9260004F02EFC013E0021E5
:1019800094F926006D0004F027FC16F0FF06EDB276
:10199000E5D14E46B6E7002104F01EFC012194F982
:1019A0002500023604F018FCACE7606ABDE8F84395
:1019B000FEF7B8B900F1280393E80600406AFEF785
:1019C0004DF958E72946606AFEF7F4F981E794F982
:1019D00025004E468EE700BF70B506460C4690F9CE
:1019E0003700002104F0F8FB96F83430A3B3012B44
:1019F00021D1082596F92430184623064FF000011E
:101A000048BF012104F0E8FB012196F9260004F00B
:101A1000E3FB013D002196F92600640004F0DCFBA5
:101A200015F0FF05E4B2E5D196F937000121BDE8D4
:101A3000704004F0D1BB96F92500002104F0CCFBE6
:101A400096F92500012104F0C7FB96F93700012122
:101A5000BDE8704004F0C0BB2146706AFEF7AAF9E9
:101A600096F937000121BDE8704004F0B5BB00BF16
:101A700070B590F8343005460E4643B3012B1AD1A9
:101A80002024002195F924308E42B8BF0121184648
:101A900004F0A2FB012195F9260004F09DFB013C16
:101AA000002195F9260004F097FB14F0FF044FEA9B
:101AB0004606E6D170BD002190F9250004F08CFBAC
:101AC00095F925000121BDE8704004F085BB090EA1
:101AD000406AFEF76FF9C6F30741686AFEF76AF9D4
:101AE000C6F30721686AFEF765F9F1B2686ABDE8D6
:101AF0007040FEF75FB900BF30B501F0030183B05D
:101B0000002302298176B0F94A40B0F94C208DF8C3
:101B1000073028D0032920D0012912D0C02590F801
:101B2000441090F845308481C2818DF807500187B8
:101B3000438701230DF107023621FFF7D1FD03B0E2
:101B400030BD90F8451090F84730A025C4818281BF
:101B50008DF8075001874387EBE7602590F8481020
:101B600090F84430F2E790F8471090F848308481BC
:101B7000C28101874387DCE710B584B0CDE900233B
:101B80009DF9184002940B464FF4A072F0210446D0
:101B900000F0DAF8044B23602046002384F8473035
:101BA00084F8483004B010BDDCAD030070B50D46BC
:101BB00082B080F8463000210446164600F004F951
:101BC000F02D48D0872D39D0C6F5A071C5F1F003AE
:101BD00001EBD17103EBD373C1F34701C3F34703A7
:101BE00084F8481084F8451084F8473084F844306D
:101BF000A4F84A50A4F84C601F49204600F0BEF8F3
:101C000023681E4A1B6B934231D194F8445094F8D8
:101C10004500D4F84A10E1600023A37602AA65F3D8
:101C20000F0360F31F43C025A36302F8015D204644
:101C300001233621FFF754FD02B070BDF02EC3D151
:101C4000282142F63502342384F84810A4F84420B1
:101C500084F84730CCE7F02EB6D100234FF4A042F1
:101C600084F8483084F84730A4F84420C0E7204680
:101C70000021984702B070BDB0AD0300F91A03000F
:101C8000054B90F84620002908BF194642F221036F
:101C900001648387FFF76EB90048E801F8B5078F44
:101CA000448FBDF81850394489B2224492B20B4493
:101CB000013B5419064643EA0145013C2A2144EA06
:101CC0000244FFF789FE29463046FFF7D1FE304631
:101CD0002B21FFF781FE21463046FFF7C9FE304633
:101CE0002C21BDE8F840FFF777BE00BF10B501F02A
:101CF000030182B000230229817690F8444090F8D5
:101D000045208DF807301CD0032914D001290CD0B0
:101D1000C023048742878DF8073001230DF10702A5
:101D20003621FFF7DDFC02B010BDA02344870287F7
:101D30008DF80730F1E76023448702878DF807307C
:101D4000EBE704874287E8E730B585B09DF920408E
:101D50009DF9245000949DF92840CDE90154044692
:101D6000FFF7E6F8044B236020460023A4F8443034
:101D700084F8463005B030BD3CAE03002DE9F0419B
:101D8000013111F8015C8046013DEDB28C1CFF2D44
:101D90002246404615D04F78097807F07F06334633
:101DA000FFF75EFD3B0604EB0601EDD5A05DFF28C5
:101DB00001F1010408BF4FF4FA7001F049F821461F
:101DC000E2E7BDE8F08100BF03681B4A1B6D934248
:101DD0002DE9F04180460C462AD11849016442F2AF
:101DE0002103838790F84620FFF7C4F8F4B12578E3
:101DF000611C013DEDB28C1CFF2D2246404615D0E2
:101E00004F78097807F07F063346FFF729FD3B0638
:101E100004EB0601EDD5A05DFF2801F1010408BF28
:101E20004FF4FA7001F014F82146E2E7BDE8F081C2
:101E300000219847DAE700BF811C03000048E80151
:101E4000704700BFF8B5174682B105460E4600241C
:101E500002E00134A74207D02B6816F8011B1B686B
:101E6000284698470028F4D12046F8BD1446FBE7E1
:101E700003688A685B680968184700BF69B170B574
:101E8000054608460C4605F002FF2B68024621462F
:101E900028465B68BDE8704018470846704700BF99
:101EA00003681B68184700BFF0B506688BB022B9FD
:101EB0003368C9B298470BB0F0BD0AACD2B2002368
:101EC000022A04F8043D05462CBF10460A20B1FB47
:101ED000F0F200FB1217FBB2092F03F130078ABFA3
:101EE0003733FBB2DBB2114604F8013D002AEED1D4
:101EF000204605F0CCFE73680246214628469847E6
:101F00000BB0F0BD38B503688A685B6809680446A1
:101F10009847236803495B68054602222046984794
:101F2000284438BDF0AE0300036870B505460C4682
:101F30005E6849B1084605F0AAFE214602462846D9
:101F4000B0472B685E680446284602220149B04724
:101F5000204470BDF0AE030008B54FF400620021CC
:101F600004F0D2FF0022C0F80028C0F8042808BD01
:101F7000D0F8002810B4531CD0F80448C3F30A0367
:101F80009C4218BF81545DF8044B18BFC0F800385C
:101F9000704700BF0023C0F80038C0F8043870470D
:101FA000D0F80438D0F80028934207D05A1CC35CFC
:101FB000C2F30A02C0F80428184670474FF0FF30F9
:101FC000704700BFD0F80038D0F80408181A48BF8E
:101FD00000F50060704700BFD0F80438D0F8002842
:101FE000934214BFC05C4FF0FF307047D0F8003808
:101FF000D0F804080133C3F30A03181AB0FA80F0CA
:102000004009704741F22303C05C704770B541F24C
:102010001D030446C356002B0DDB5A092032012153
:10202000234803F01F0301FA03F340F82230BFF303
:102030004F8FBFF36F8F23694FF48872C3F8082363
:1020400022690023C2F844312269C2F8583122695A
:10205000012353602269D36001E003F089FE236904
:10206000D3F85821002AF8D0D3F84421002AF4D01C
:102070000025C3F8005522694FF0FF33C2F80C3534
:102080002269C2F814352269C2F80835226941F282
:102090002406C2F8103504F11400FFF77BFFA059A5
:1020A00001F0CCFD41F22303A551E55470BD00BF02
:1020B00000E100E01430FFF785BF00BF1430FFF7E8
:1020C0008BBF00BF1430FFF76BBF00BF08B541F2F4
:1020D0002403C05801F0A8FD002814BF4FF400608D
:1020E000002008BD41F22303C35C03B9704770B5FB
:1020F00041F2240504464FF0FF31405901F0E8FB5E
:10210000002360591A461946BDE8704000F098BF98
:1021100010B50368104A5B6882B093428DF80710CF
:1021200014D141F2240304464FF0FF31C05801F0AE
:10213000CFFB22699DF8073084F81D380123C2F8CF
:10214000483522691846936002B010BD01220DF196
:102150000701984702B010BD5D2103002DE9F84F3B
:102160004AB300F5815916468846074609F1040925
:1021700000F61D0B00254FF0010A741BB4F5006F2B
:1021800028BF4FF400644FF0FF31D9F8000001F090
:102190009FFB08EB05012246584604F091FE3B697F
:1021A000C3F848453B692544AE42C3F808A0E4D8CB
:1021B0002846BDE8F88F15462846BDE8F88F00BFD1
:1021C00070B50468824A246A944240F0BD8041F2AE
:1021D00023020346825C002A40F0B58041F21F00D2
:1021E0000D461969185CC1F80C0541F21E00196909
:1021F000185CC1F8140541F22201595C012900F074
:10220000B2801969C1F86C25B5F5966F45D9B5F559
:10221000166F40F29E80B5F5965F40F2B480B5F53A
:10222000165F40F2B280B5F5615F40F2B080B5F55F
:10223000964F40F2AE80B5F5E14F40F2AC8047F6E4
:102240001222954240F2A980B5F5164F40F2A880BF
:102250004DF6C022954240F2A680B5F5614F40F29E
:10226000A580B5F5963F40F2A480B5F5E13F40F278
:10227000A580B5F5613F40F29E80564A954240F2F6
:10228000A380B5F5E12F40F29C80B5F5612F8CBF9E
:102290004FF080524FF0706201E04FF49E221969B6
:1022A000C1F824251A690821C2F800151A6903F635
:1022B0001D01C2F844151A690021C2F820111A69DB
:1022C00003F61C01C2F834151A690121C2F8381549
:1022D0001A6911601A694FF4887041F21D04C2F83E
:1022E00004031A57002A37DB5509603502F01F0234
:1022F000394801FA02F240F825201A57002A2BDB50
:102300000244602182F8001341F21D029A56002A0D
:1023100007DB314802F01F0401215209A14040F8B7
:1023200022100322002101201C4600F047FE41F24A
:1023300024020023A05019461A4600F081FE41F203
:1023400023030122E25470BD23460022BDE8704001
:1023500018474FF41D22A2E7204902F00F02114452
:1023600060220A76D0E703F5815218691278C0F826
:10237000102541F221001A69185CC2F808051A6993
:10238000C2F86C1540E7164A89E7164A87E7164AED
:1023900085E7164A83E7164A81E74FF400027EE795
:1023A0004FF41D027BE74FF4650278E74FF46B02B0
:1023B00075E7104A73E74FF06C7270E74FF0EB72FD
:1023C0006DE74FF0E8626AE74FF0806267E700BFB1
:1023D000F923030090D0030000E100E0FCEC00E0F2
:1023E00000B013000050270000F03A0000A04E009B
:1023F00000C0750000903A0138B541F22303C35C78
:10240000002B40F0B48041F21F040369045DC3F85F
:102410000C4541F21E040369045DC3F8144541F202
:102420002203C35C012B00F0A3800369C3F86C2571
:10243000B1F5966F45D9B1F5166F40F2AB80B1F5A5
:10244000965F40F2B180B1F5165F40F2AF80B1F512
:10245000615F40F2AD80B1F5964F40F2AB80B1F5CF
:10246000E14F40F2A98047F61223994240F2A6803C
:10247000B1F5164F40F2A5804DF6C023994240F2C7
:10248000A380B1F5614F40F2A280B1F5963F40F2D2
:10249000A180B1F5E13F40F29F80B1F5613F40F28C
:1024A0009E80534B994240F2A080B1F5E12F40F25B
:1024B0009980B1F5612F8CBF4FF080534FF070635E
:1024C00001E04FF49E230269C2F824350369082213
:1024D000C3F80025036900F61D02C3F8442503690B
:1024E0000022C3F82021036900F61C02C3F834253A
:1024F00003690122C3F8382503691A6003694FF4A0
:10250000887141F21D04C3F804130357002B44DB08
:102510005D09603503F01F03364902FA03F341F801
:1025200025300357002B38DB0B44602283F800234F
:1025300041F21D03C356002B07DB2E4903F01F0495
:1025400001225B09A24041F8232004460322002116
:10255000012000F033FD41F224020023A05019466F
:102560001A4600F06DFD41F223030122E25438BD0A
:1025700000F5815304691B78C4F8103541F2210439
:102580000369045DC3F80845036942F00102C3F81A
:102590006C254DE74FF41D2395E7174A03F00F0311
:1025A0001A4460231376C3E7144B8CE7144B8AE775
:1025B000144B88E7144B86E7144B84E74FF4000371
:1025C00081E74FF41D037EE74FF465037BE74FF48B
:1025D0006B0378E70E4B76E74FF0EB7373E74FF042
:1025E0006C7370E74FF0E8636DE74FF080636AE764
:1025F00090D0030000E100E0FCEC00E000B013002C
:102600000050270000F03A0000A04E0000C0750006
:1026100000903A01074B10B441F21E0453F8211008
:10262000015541F21F0153F8223043545DF8044B29
:10263000704700BF94AE030010B5124C2369D3F865
:10264000102142B10022C3F81021D3F83C2582B9F1
:1026500001221A602369D3F8202102B910BD00219C
:1026600041F22402C3F82011A058BDE8104000F048
:1026700071BF94F81C1804F11400FFF779FC23696A
:10268000E6E700BFC08C002038B5124C124A204645
:1026900000254FF47A7340F8142BC4E90153FFF777
:1026A0005BFC41F21D010D4B0D4A2261022060547A
:1026B000D3E9001341F21E0241F21F00A15423543A
:1026C00041F2220141F2240241F223036554A55054
:1026D000E55438BDC08C0020FCAE030094AE03006E
:1026E0000020004008B5094B1BB10948F3F700FE74
:1026F00048B9084B1BB10848FFF764FC00B908BD96
:10270000AFF3008008BDAFF30080F2E700000000E7
:102710003463002000000000D48C00202DE9F04339
:102720001B4B1C4FD3F80463DFF86C80DFF86C9010
:1027300085B000240123A200A34002F1804533426A
:1027400005F5C0450FD0D5F8003163B1E35701332B
:1027500006D052F808201AB114F809307BB9904716
:102760000023C5F800310134082CE3D1BFF34F8FAB
:1027700000BF00BF00BF00BF05B0BDE8F08304ABE1
:10278000002143F8041D0846009103F0CBFBE7E766
:1027900000600040109D0020F09C0020E89C00207C
:1027A000F8B500250446C0E90055856091B108469A
:1027B0000E4605F06CFA0746411C284600F092FBD5
:1027C00050B1A368C4E9000703B90370A76031469C
:1027D00005F055FA2046F8BD206808B100F06CFB02
:1027E00000232360C4E901332046F8BD70B50446D8
:1027F0008C424FF00000C4E90000A06001D00D68D9
:102800000DB9204670BD8E68711C00F06BFB50B195
:10281000A368C4E9000603B90370A660294605F061
:102820002EFA204670BD206808B100F045FB002359
:102830002360C4E90133204670BD00BF70B5002598
:1028400082B0C0E900558560044601A88DF80410E7
:102850008DF8055005F01BFA0646411C284600F08D
:1028600041FB58B1A368C4E9000603B90370A66030
:1028700001A905F004FA204602B070BD206808B135
:1028800000F01AFB002320462360C4E9013302B0A4
:1028900070BD00BF30B5044685B000230846C4E9CA
:1028A0000033A36001A902F069FD01A805F0EFF96A
:1028B0000546206810B163689D4209D9691C00F083
:1028C00011FB60B1A368C4E900050BB9037020686F
:1028D000A56001A905F0D3F9204605B030BD2068F8
:1028E00008B100F0E9FA002320462360C4E901336F
:1028F00005B030BD30B504468BB000230846C4E9AE
:102900000033A36001A902F0F1FC01A805F0BFF9B2
:102910000546206810B163689D4209D9691C00F022
:10292000E1FA60B1A368C4E900050BB9037020683F
:10293000A56001A905F0A3F920460BB030BD2068C1
:1029400008B100F0B9FA002320462360C4E901333E
:102950000BB030BD10B50446006800F0ADFA20465B
:1029600010BD00BF884270B5044609D00D680068EC
:1029700045B908B100F0A0FA0023C4E9013323608F
:10298000204670BD8E6810B163689E4209D9711CE3
:1029900000F0A8FA58B1A368C4E900060BB90370A7
:1029A0002068A660294605F06AF9204670BD2068B7
:1029B0000028DFD1E0E700BF884238B5044612D0D6
:1029C00000688B680D4628B162689A420DD200F00B
:1029D00073FAAB68D5E9002122600022C4E9011333
:1029E000C5E90022AA60204638BD096805F047F90C
:1029F000AB68A3600023AB60204638BDF8B5044641
:102A0000056849B915B1284600F056FA002323603D
:102A1000C4E901332046F8BD08460E4605F037F9F3
:102A2000074615B1636898420BD92846791C00F017
:102A300059FA054660B1A368C4E900070BB90370F1
:102A40002568A7603146284605F019F92046F8BDEB
:102A500020680028DAD000F02FFAD7E770B50E68AA
:102A6000EEB18D680DB9012070BD82680446006822
:102A7000154410B163689D420AD9691C00F032FA0E
:102A800068B1A268C4E9000512B902702068A268A2
:102A90003146104405F0F3F8A560012070BD002018
:102AA00070BD00BF29B370B5054608460C4605F059
:102AB000EEF808B9012070BDAA682B68861813B11A
:102AC00069688E420CD91846711C00F00BFA034657
:102AD00068B1AA68C5E9000612B902702B68AA6835
:102AE0002146981805F0CBF8AE60012070BD00209B
:102AF00070BD0020704700BF30B5836883B00446C6
:102B000000688DF8041000225D1C8DF8052010B1BE
:102B1000626895420AD9991C00F0E4F960B1A36893
:102B2000C4E9000513B903702068A368184401A91B
:102B300005F0A5F8A560012003B030BD70B50E68A2
:102B400004461EB18D685DB9204670BD206808B18D
:102B500000F0B2F900232360C4E90133204670BDC0
:102B600082680068154410B163689D420BD9691CE6
:102B700000F0B8F90028E9D0A268C4E9000512B94C
:102B800002702068A2683146104405F078F8A5600C
:102B9000DAE700BF70B5044631B108460D4605F0CE
:102BA00076F858B9204670BD206808B100F084F965
:102BB00000232360C4E90133204670BDA268236866
:102BC000861813B161688E420DD91846711C00F049
:102BD00089F903460028E7D0A268C4E9000612B9C3
:102BE00002702368A2682946981805F048F8A66084
:102BF000D8E700BF826808B52AB989B10878B0FA69
:102C000080F0400908BD006829B105F02EF8B0FA3F
:102C100080F0400908BD0078B0FA80F0400908BD96
:102C2000012008BD08B58A688368934209D300680B
:102C300030B1096839B105F032F8B0FA80F04009D6
:102C400008BD002008BD084608BD00BF83688B4250
:102C500003D9006810B1405C70470020704700BF86
:102C600083683BB110B50468204604F0F1FF20B141
:102C7000001B10BD4FF0FF3070474FF0FF3010BD0C
:102C80008368934207D910B50468A01804F0E0FFE8
:102C900020B1001B10BD4FF0FF3070474FF0FF30E8
:102CA00010BD00BF836843B110B5046809682046B1
:102CB00005F01BF820B1001B10BD4FF0FF3070472E
:102CC0004FF0FF3010BD00BFF8B585686DB10368E7
:102CD00000225F5D5A5506680446304604F0F1FF55
:102CE000775510B12368C01AF8BD4FF0FF30F8BD1A
:102CF0009A422DE9F84317461E460446884601D8F5
:102D000016461F460025C4E90055A5602846012146
:102D100000F0E8F808B3C4E90005A5600570D8F82C
:102D20000820B24216D9974228BF1746D8F800307B
:102D30000022DD5DDA55D8F80000861916D120682A
:102D400008B100F0B9F80023C4E901332360D8F8D2
:102D50000030DD552046BDE8F883206808B100F05A
:102D6000ABF800232360C4E90133D8E7304604F010
:102D70008EFF8146206810B1636899450BD909F12F
:102D8000010100F0AFF80028D9D0A368C4E9000918
:102D90000BB903702068C4F80890314604F06FFF47
:102DA000D5E700BF8368994203D20368816000229F
:102DB0005A54704710B5046844B1207830B105F01A
:102DC00047F8207014F8010F0028F8D110BD00BF9B
:102DD0002DE9F0410768F7B18468E4B106463D4645
:102DE00000E04546287805F1010804F02DF8002898
:102DF000F7D1013C3C4402E0A54205D8013C2078D3
:102E000004F022F80028F7D1621C521BAF42B260D6
:102E100003D30023BB54BDE8F0813846294604F0B3
:102E20004FF83768B268F4E7006808B103F0B0BF44
:102E3000704700BFFEE700BF08B501F077FA4FF416
:102E40007A72A0FB0223900A40EA835008BD00BFBB
:102E5000014638B54FF47A7200238002890D03F0E1
:102E6000F9FD054601F062FA0446F3F731FA01F084
:102E70005DFA001B854200D838BD281ABDE83840ED
:102E800001F078BB10B5044601F0CEFD022804D055
:102E90002046BDE8104003F0F1BF01F03FFA2046A4
:102EA00003F0ECFF044601F0DFFA0CB1204610BD40
:102EB00002F070FFFAE700BF10B5044601F0B4FD60
:102EC00002280AD144B101F029FA204603F0DEFFBE
:102ED000BDE8104001F0C8BA10BD2046BDE8104062
:102EE00003F0D4BF38B504460D4601F09DFD02281D
:102EF00005D029462046BDE8384004F05DBE01F00B
:102F00000DFA2046294604F057FE044601F0ACFABB
:102F10000CB1204638BD02F03DFFFAE710B504467B
:102F200001F0FCF9204603F0A9FF044601F09CFAE9
:102F30000CB1204610BD02F02DFF204610BD00BF91
:102F400050B110B5044601F0E9F9204603F09EFFA8
:102F5000BDE8104001F088BA704700BF38B51C4684
:102F60009DF8105043B3002908BF1A460123C4E955
:102F70000F01226084F8463002F020F8D4E90F13E4
:102F80002268A26001FB03F1CB1A134400200A441B
:102F9000FF21A063E36084F84410626084F8451068
:102FA00004F1100003F034F904F1240003F030F9C7
:102FB00002F00EF884F84C50204638BDF8B50746AC
:102FC00015460E4669B100FB01F05030FFF7A6FF31
:102FD000044690B3002200F1500380F846200360BD
:102FE00007E05020FFF79AFF044630B384F84660AC
:102FF0002460C4E90F7601F0E1FFD4E90F132268E1
:10300000A26001FB03F1CB1A134400200A44FF2104
:10301000A063E36084F84410626084F8451004F112
:10302000100003F0F5F804F1240003F0F1F801F0CA
:10303000CFFF84F84C502046F8BD00242046F8BD50
:103040002DE9F04F044685B01D460192884601F0F7
:10305000B5FFA26BE36BA84F4FF000099A424E46B2
:10306000C0F08B80022D00F006810198002800F04E
:103070003081B9F1000F00F0958001F0A9FF01F057
:103080004DF901F09BFF94F84430FF2B08BF84F802
:10309000446094F84530FF2B08BF84F8456001F088
:1030A00097FF01A902A801F067FC002840F01881F1
:1030B00001F084FFA26BE36B9A4277D001F088FFA6
:1030C00001F07CFF94F845304FFA83FABAF1000F13
:1030D0001ADD636AC3B104F1240907E00AF1FF3382
:1030E000DBB24FFA83FA7BB1636A6BB1484601F0F9
:1030F000E9FB0028F2D001F077FC0AF1FF33DBB2E4
:103100004FFA83FA002BEFD1FF2384F8453001F00A
:103110005FFF01F053FF94F844304FFA83FABAF19D
:10312000000F1ADD2369C3B104F1100907E00AF1A9
:10313000FF33DBB24FFA83FA7BB123696BB14846A8
:1031400001F0C0FB0028F2D001F04EFC0AF1FF3381
:10315000DBB24FFA83FA002BEFD1FF2384F844301F
:1031600001F036FF01F080F901F028FFA26BE36B5C
:103170009A424FF00109BFF475AF226CA66B002A8A
:1031800040F0FC8025680136002D00F01881A66310
:10319000636A002B40F08C8001F01AFF012005B01B
:1031A000BDE8F08F02A801F0DBFB66E704F110092F
:1031B00001F00EFF4846019901F008FB01F0FEFE08
:1031C00094F845A04FFA8AFABAF1000F1CDD636A41
:1031D000D3B104F1240B08E00AF1FF3A5FFA8AF355
:1031E0004FFA83FA83B1636A73B1584601F06AFB00
:1031F0000028F1D00AF1FF3A01F0F6FB5FFA8AF3FA
:103200004FFA83FA002BEED1FF2384F8453001F00A
:10321000DFFE01F0D3FE94F844304FFA83FABAF19E
:10322000000F06DC15E00AF1FF33DBB24FFA83FA38
:103230007BB123696BB1484601F044FB0028F2D012
:1032400001F0D2FB0AF1FF33DBB24FFA83FA002B15
:10325000EFD1FF2384F8443001F0BAFE01F004F905
:10326000002881D14FF080537B6040BFBFF34F8F68
:10327000BFF36F8F78E7226CA66B002A82D041469D
:10328000E06803F01DFE236CE26821685B421A448B
:103290008A42E26080F0898062681344E360022D14
:1032A00000F083800136A663636A002B3FF474AF9D
:1032B00004F1240001F006FB00283FF46DAF0E4B33
:1032C0004FF080525A6040BFBFF34F8FBFF36F8FF4
:1032D00062E7009001F07CFE009805B0BDE8F08F39
:1032E00001F06CFE94F845506DB2002D18DD636A54
:1032F000B3B104F1240607E000ED00E0013DEBB2BC
:103300005DB26BB1636A5BB1304601F0DBFA002855
:10331000F4D0013D01F068FBEBB25DB2002BF1D1BE
:10332000FF2384F8453001F053FE01F047FE94F886
:1033300044506DB2002D16DD2369A3B104F11006CF
:1033400005E0013DEBB25DB26BB123695BB1304684
:1033500001F0B8FA0028F4D0013D01F045FBEBB2D2
:103360005DB2002BF1D1FF2384F8443001F030FE30
:1033700001F07AF8002005B0BDE8F08F41465DBB52
:10338000A06803F09DFDA368216C62680B44934222
:1033900006F10106A360FFF4FAAEA663636A226831
:1033A000A260002B3FF4F8AE82E7002E7FF4EFAE70
:1033B0000123A363636A002B3FF4EEAE78E76068F5
:1033C00001F084FBA663636A6560002B7FF470AF35
:1033D00000287FF474AFDFE6E06803F071FD236C32
:1033E000E26821685B421A448A42E260BFF457AF48
:1033F00052E700BFF8B50C4679B3002501232160E0
:1034000081F84630C1E90F35064601F0D7FDD4E911
:103410000F322168A56303FB02F39A1A0A440B4496
:10342000FF27C4E90131E26084F8447004F1100020
:1034300084F8457002F0ECFE04F1240002F0E8FE8E
:1034400001F0C6FDC4E90055E56084F84C602B46E8
:103450002A4629462046FFF7F3FD2046F8BD00BF67
:103460002DE9F0418C4682B004461746EFF31186F1
:10347000402282F31188806BE26B904221D3022BB1
:1034800005D0002086F3118802B0BDE8F08194F8E1
:103490004550226CD4F838806DB252BB236808F1D5
:1034A0000108002B4FD06B1CC4F8388037D0013591
:1034B0006DB284F84550012086F3118802B0BDE852
:1034C000F08194F84550226CD4F838806DB2002A0F
:1034D000E4D073B9A06803F0F3FCA368216C6268C0
:1034E0000B44934208F10108A360DCD32368A36076
:1034F000D9E76146E068019303F0E2FC206CE268E2
:103500002168019B404202448A42E26002D2626822
:103510001044E060022B10D008F10108C3E7636A91
:10352000002BC8D004F1240001F0CCF90028C2D04F
:10353000002FC0D001203860A4E7B8F1000F08BF09
:103540004FF00108AFE76068019301F0BFFA019BFB
:103550006360A8E738B5EFF31184402383F3118843
:10356000826BC36B93420ED990F8453001325BB247
:1035700082635A1C0BD001335BB280F845300120C6
:1035800084F3118838BD002084F3118838BD436A64
:10359000002BF4D024300D4601F094F90028EED031
:1035A000002DECD001202860EAE700BF2DE9F047AC
:1035B000044684B08846019201F000FDD4F83890AA
:1035C000B9F1000F40F09380019B002B00F00A81BD
:1035D00002A801F0C5F9B34F4E4604F1240501F0ED
:1035E000F7FC00F09BFE01F0E9FC94F84430FF2B5F
:1035F00008BF84F8446094F84530FF2B08BF84F876
:10360000456001F0E5FC01A902A801F0B5F9002828
:1036100040F0878001F0D2FCA36B002B40F0E880E3
:1036200001F0D6FC0199284601F0D0F801F0C6FC63
:1036300094F845304FFA83F9B9F1000F06DC15E034
:1036400009F1FF33DBB24FFA83F97BB1636A6BB1E7
:10365000284601F037F90028F2D001F0C5F909F148
:10366000FF33DBB24FFA83F9002BEFD1FF2384F84D
:10367000453001F0ADFC01F0A1FC94F844304FFA64
:1036800083FABAF1000F1ADD2369C3B104F11009FE
:1036900007E00AF1FF33DBB24FFA83FA7BB123690B
:1036A0006BB1484601F00EF90028F2D001F09CF908
:1036B0000AF1FF33DBB24FFA83FA002BEFD1FF237D
:1036C00084F8443001F084FC00F0CEFE00287ED166
:1036D0004FF080537B6040BFBFF34F8FBFF36F8FBE
:1036E00001F06CFCD4F83890B9F1000F76D0226C60
:1036F00052B1E168636811449942E16024BF2168D6
:10370000E160404603F0DCFB09F1FF33A36323696A
:10371000002B40F0C98001F05BFC012004B0BDE843
:10372000F08701F04BFC94F845304FFA83F9B9F17A
:10373000000F06DC15E009F1FF33DBB24FFA83F925
:103740007BB1636A6BB1284601F0BCF80028F2D067
:1037500001F04AF909F1FF33DBB24FFA83F9002B8C
:10376000EFD1FF2384F8453001F032FC01F026FC54
:1037700094F844304FFA83FABAF1000F1ADD236946
:10378000C3B104F1100907E00AF1FF33DBB24FFACD
:1037900083FA7BB123696BB1484601F093F80028A6
:1037A000F2D001F021F90AF1FF33DBB24FFA83FACC
:1037B000002BEFD1FF2384F8443001F009FC00F026
:1037C00053FE01F0FBFBA36B63B101F001FC01F0C0
:1037D000F5FBD4F83890B9F1000F88D1019B002B8C
:1037E0007FF4FDAE01F0F4FB002004B0BDE8F087EB
:1037F00001F0EEFB01F0E2FB94F845304FFA83F95B
:10380000B9F1000F06DC15E009F1FF33DBB24FFA26
:1038100083F97BB1636A6BB1284601F053F8002845
:10382000F2D001F0E1F809F1FF33DBB24FFA83F98E
:10383000002BEFD1FF2384F8453001F0C9FB01F0E4
:10384000BDFB94F844304FFA83FABAF1000F1ADD49
:103850002369C3B104F1100907E00AF1FF33DBB2B9
:103860004FFA83FA7BB123696BB1484601F02AF81D
:103870000028F2D001F0B8F80AF1FF33DBB24FFABA
:1038800083FA002BEFD1FF2384F8443001F0A0FB32
:1038900000F0EAFD01F092FBD4F83890B9F1000F86
:1038A0009CD024E700ED00E004F1100001F00AF8DC
:1038B00000283FF430AF054B4FF080525A6040BFB4
:1038C000BFF34F8FBFF36F8F25E700BF00ED00E020
:1038D0002DE9F043044685B00026019101F06EFB0E
:1038E000A36BB24FB0463546002B40F0F380019BEE
:1038F000002B00F05D81B8F1000F00F0FC8001F0BA
:1039000067FB00F00BFD01F059FB94F84430FF2BEE
:1039100008BF84F8445094F84530FF2B08BF84F862
:10392000455001F055FB01A902A801F025F8002837
:103930006CD101F043FBA36B002B40F0E08001F061
:1039400047FB2368002B00F03C8104F12409484622
:10395000019900F03BFF01F031FB94F845304FFA3C
:1039600083F8B8F1000F06DC15E008F1FF33DBB295
:103970004FFA83F87BB1636A6BB1484600F0A2FF4F
:103980000028F2D001F030F808F1FF33DBB24FFA33
:1039900083F8002BEFD1FF2384F8453001F018FBAA
:1039A00001F00CFB94F844304FFA83F8B8F1000FA3
:1039B0001ADD2369C3B104F1100907E008F1FF33F0
:1039C000DBB24FFA83F87BB123696BB1484600F054
:1039D00079FF0028F2D001F007F808F1FF33DBB2DD
:1039E0004FFA83F8002BEFD1FF2384F8443001F025
:1039F000EFFA00F039FD002864D14FF080537B606E
:103A000040BFBFF34F8FBFF36F8F5BE001F0D6FA7B
:103A100094F845304FFA83F8B8F1000F1ADD636A65
:103A2000C3B104F1240907E008F1FF33DBB24FFA18
:103A300083F87BB1636A6BB1484600F043FF00280E
:103A4000F2D000F0D1FF08F1FF33DBB24FFA83F878
:103A5000002BEFD1FF2384F8453001F0B9FA01F0D3
:103A6000ADFA94F844304FFA83F8B8F1000F1ADD3C
:103A70002369C3B104F1100907E008F1FF33DBB299
:103A80004FFA83F87BB123696BB1484600F01AFF07
:103A90000028F2D000F0A8FF08F1FF33DBB24FFAA4
:103AA00083F8002BEFD1FF2384F8443001F090FA23
:103AB00000F0DAFC01F082FAA36B002B00F08A80A0
:103AC00001F086FA01F07AFAA36B4FF00108002B9F
:103AD0003FF40DAF2268013BA363002A00F09E80F3
:103AE0002369002B40F0898001F072FA01263046EC
:103AF00005B0BDE8F08302A800F032FFFFE601F058
:103B000067FA01F05BFA94F845304FFA83F8B8F1A0
:103B1000000F1ADD636AC3B104F1240907E008F15C
:103B2000FF33DBB24FFA83F87BB1636A6BB148466F
:103B300000F0C8FE0028F2D000F056FF08F1FF3375
:103B4000DBB24FFA83F8002BEFD1FF2384F8453026
:103B500001F03EFA01F032FA94F844304FFA83F85B
:103B6000B8F1000F1ADD2369C3B104F1100907E0B1
:103B700008F1FF33DBB24FFA83F87BB123696BB1F5
:103B8000484600F09FFE0028F2D000F02DFF08F11B
:103B9000FF33DBB24FFA83F8002BEFD1FF2384F819
:103BA000443001F015FA00F05FFC8BE700ED00E017
:103BB000009301F00DFA009B1E46304605B0BDE8AB
:103BC000F08301F0FBF9606800F03EFF064601F06B
:103BD000FFF9BAE601F0FCF9002E88D001F0EEF909
:103BE000616A19B1236B1968C1F10501606800F0C1
:103BF00099FF002601F0ECF979E704F1100000F0DC
:103C000061FE00283FF470AF064B4FF080525A60BF
:103C100040BFBFF34F8FBFF36F8F65E700F0B8FF72
:103C200060605DE700ED00E010B5044601F0C6F904
:103C3000A46B01F0CDF9204610BD00BF104B5A68AF
:103C4000904208D0DA68904208BF012204D090F870
:103C5000463093B170470022002110B403EBC20438
:103C600043F8321090F84630616013B15DF8044BB0
:103C700070475DF8044BFFF763B9FFF761B900BF08
:103C80005CA70020074B1A681AB19A6802B1704706
:103C9000012210B403EBC20443F8321060605DF8F7
:103CA000044B70475CA7002070B505460C461646CD
:103CB00001F084F995F84430FF2B04BF002385F808
:103CC000443095F84530FF2B04BF002385F845307C
:103CD00001F07EF9AB6B2BB93246214605F1240089
:103CE00000F0B0FD01F06AF995F8454064B2002C8F
:103CF00016DD6B6AA3B105F1240605E0013CE3B2D1
:103D00005CB26BB16B6A5BB1304600F0DBFD002842
:103D1000F4D0013C00F068FEE3B25CB2002BF1D1BC
:103D2000FF2385F8453001F053F901F047F995F884
:103D3000444064B2002C16DD2B69A3B105F11006D6
:103D400005E0013CE3B25CB26BB12B695BB130467C
:103D500000F0B8FD0028F4D0013C00F045FEE3B2CD
:103D60005CB2002BF1D1FF2385F84430BDE87040F0
:103D700001F02EB92DE9F041044601F01FF9344A53
:103D8000344D1368013313602B68002B2FD0324E53
:103D9000E36A32682AB33148314907680A689F42AA
:103DA00038BF03602F48013203EB83030A6000EB46
:103DB0008300E263211D02F03BFA01F009F9336848
:103DC0006BB12A68E36AD26A9A4208D2264B4FF056
:103DD00080525A6040BFBFF34F8FBFF36F8FBDE873
:103DE000F0812A68D26A9A4298BF2C60D3E72C608F
:103DF0001368012B02D0E36A174ECCE71948DFF8AD
:103E000094801A4F144E02F003FA194802F000FA97
:103E1000184802F0FDF9184802F0FAF9174802F0C4
:103E2000F7F9404602F0F4F9384602F0F1F9144887
:103E300002F0EEF9134802F0EBF9134802F0E8F94A
:103E4000124B134AC2F800801F60E36AA3E700BF69
:103E5000889D0020189D0020E89D00209C9D00204A
:103E6000989D0020249D002000ED00E0B49D0020DE
:103E7000389D00204C9D0020609D0020749D0020F6
:103E8000D49D0020009E0020EC9D0020209D00205D
:103E90001C9D0020A09D00202DE9F843DDE9096468
:103EA000002C60D016B93046BDE8F8830D46970067
:103EB000984602233A4684F85130814626633046BC
:103EC000A52103F021F82A78236B84F83420043FDD
:103ED0002A781F4427F0070702B36B7884F835303F
:103EE0006B78DBB1AB7884F83630AB78B3B1EB7874
:103EF00084F83730EB788BB12B7984F838302B7914
:103F000063B16B7984F839306B793BB1AB7984F864
:103F10003A30AB7913B1EB7984F83B30089D042D2E
:103F200028BF04250026E5626564201D84F83B60F7
:103F3000A66402F079F9C5F1050504F1180002F054
:103F400073F9E66442464946A561246184F85060ED
:103F50006462384600F0F6FF20602046FFF70AFF53
:103F60002046BDE8F8832046BDE8F8832DE9F047F8
:103F70009600804630460D469946099FFEF7CEFFD3
:103F8000002869D082465420FEF7C8FF0446002866
:103F90005BD00023C0F830A03246504684F8513040
:103FA000A52102F0B1FF2A78236B84F83420043E67
:103FB0002A781E4426F0070A02B36B7884F835305D
:103FC0006B78DBB1AB7884F83630AB78B3B1EB7893
:103FD00084F83730EB788BB12B7984F838302B7933
:103FE00063B16B7984F839306B793BB1AB7984F884
:103FF0003A30AB7913B1EB7984F83B30089D042D4E
:1040000028BF04250026E5626564201D84F83B6016
:10401000A66402F009F9C5F1050504F1180002F0E3
:1040200003F9E664A561246184F8506064624A463D
:104030004146504600F086FF206007B13C602046B4
:10404000FFF798FE0120BDE8F0875046FEF778FFA5
:104050004FF0FF30BDE8F0874FF0FF30F3E700BFCF
:1040600070B504464C4E00F0A9FF002C39D0251D38
:10407000284602F007F9A36A1BB104F1180002F008
:1040800001F929464548464D02F0D2F894F85030DF
:10409000012B04BF002384F8503000F099FF2B68F7
:1040A00093B93368A34200D070BD2B68DBB93B499C
:1040B0003C4A09681268914226D03B4B1B682BB3DF
:1040C0003A4B01221A6070BD00F078FF384B1A6835
:1040D000126892B9374B4FF0FF321A6000F078FF48
:1040E000DFE73468C3E7344B4FF080525A6040BF7B
:1040F000BFF34F8FBFF36F8F70BD1A682D4BD2681F
:10410000D26852681A60E9E7336070BD274A1360CD
:104110003268336812681B6B9A4236D9274C28499B
:1041200022689300981880000858E0B9551EAB002B
:1041300058198000085830BB951EAB0058198000F4
:10414000085800BBD51EAB00581980000858D0B9DC
:10415000151FAB00581980000858A0B9053A930004
:1041600098188000085813449B00CD1808336868DD
:10417000406868600B44984204BF40686860C36848
:104180003360226070BD2A46EDE730683168343113
:1041900001F0FEFDC2E700BF189D0020EC9D00204D
:1041A000E89D0020889D0020949D0020189E0020FE
:1041B0001C9D0020CC9D002000ED00E09C9D002077
:1041C000249D002080B170B51B4D2B6883420AD01E
:1041D000044600F0F3FE194B62699A4205D0BDE82F
:1041E000704000F0F5BE70BD7047A36A144A934258
:1041F000F5D0002BF3D1261D304602F043F8114ACA
:10420000E36A116810488B4288BF136003EB830395
:1042100000EB8300314602F00BF82B68E26ADB6AA0
:104220009A42DCD3094B4FF080525A6040BFBFF333
:104230004F8FBFF36F8FD2E7189D0020EC9D0020B9
:10424000D49D00209C9D0020249D002000ED00E0D6
:1042500070B584B0002503AA02A901A8CDE90155D3
:1042600001F09AFD019C002C46D00298002843D012
:10427000039E20630223B600A521324684F8513004
:1042800002F042FE236B1F4A6263201D84F83850FF
:10429000043E84F83B50E562C4E911551E4401F028
:1042A000C3FF04F1180001F0BFFF26F00706052345
:1042B000A3612A461449E56430462461646284F8A7
:1042C000505000F03FFE20602046FFF753FD0F4B9B
:1042D0001C6000F0DBFD012811D1402383F311881D
:1042E0000B490C4A0C4B4FF0FF340C6010601D6002
:1042F00000F03EFE04B070BD044B00221A6004B012
:1043000070BD00BF49444C45F9450300C89D0020DD
:10431000CC9D0020E89D0020149E0020024A1368D6
:1043200001331360704700BF949D0020014B186853
:10433000704700BF149E0020024A136818441060A2
:10434000704700BF149E00202DE9F04F3B4B1B68C7
:1043500083B0002B42D13A4B1F6801371F60002FFA
:104360004AD0384B01931B68BB423BD8364EDFF82E
:10437000EC80DFF8ECA0DFF8EC90002525E0336856
:10438000DB68DC68636804F1040B9F42584651D334
:1043900001F078FFA36A04F118000BB101F072FF7D
:1043A000E36AD8F8002003EB8300934259460AEBF6
:1043B000800088BFC8F8003001F03AFFD9F800301B
:1043C000E26ADB6A9A4228BF012533681B68002B2A
:1043D000D5D1019A4FF0FF33136004E01B4A1368F4
:1043E0000133136000251A4B1B68002B0CBF2846B5
:1043F000012003B0BDE8F08F134E164B3168164A0A
:1044000018683060196013680133136033681B68E3
:104410003BB90C4B01931A464FF0FF331360134620
:10442000A1E73368074ADB680192DB685B681360C9
:10443000134698E7019A1360D5E700BF949D0020CA
:10444000149E0020CC9D00201C9D0020909D0020EB
:10445000189E0020209D0020D09D00209C9D0020C3
:10446000249D0020189D00202DE9F04700F0A6FDB6
:10447000354B1A68013A1A601C68002C57D1334B2F
:104480001B68002B53D0DFF8E0A0314E314FDFF82E
:10449000DC90DFF8DC80336813B3F368DC68251D3B
:1044A00004F1180001F0EEFE284601F0EBFEE36A8D
:1044B0003A6803EB83009342294609EB800088BFEA
:1044C0003B6001F0B5FED8F80030E26ADB6A9A4240
:1044D0004FF00103DFD3CAF800303368002BDCD182
:1044E0003CB11D4B1A6812683ABB1C4B4FF0FF32AF
:1044F0001A601B4D2C6844B10126FFF725FF08B157
:10450000CAF80060013CF8D12C60DAF8003073B1D1
:10451000144B4FF080525A6040BFBFF34F8FBFF330
:104520006F8F012400F054FD2046BDE8F087002481
:1045300000F04EFD2046BDE8F0871A68074BD268B0
:10454000D26852681A60D4E7949D0020889D0020AC
:10455000D49D00209C9D00201C9D0020CC9D00200F
:10456000909D002000ED00E0189E0020249D00207A
:10457000189D002070B548B9184B4FF080525A6012
:1045800040BFBFF34F8FBFF36F8F70BD144A154903
:104590001368154E013313600D680446306804300B
:1045A00001F070FE336864195C600FD20F4B18681D
:1045B0003168043101F04CFE0D4B1A68944238BF4B
:1045C0001C60FFF751FF0028D6D070BD094B18685A
:1045D0003168043101F03CFEF3E700BF00ED00E07C
:1045E000949D0020149E0020189D00201C9D0020FA
:1045F000CC9D0020209D00202DE9F84F3C4E3D4DE4
:104600003D4CDFF80891DFF80881DFF808B14FF082
:10461000805A2368D3B100F0D1FCF368DF68381DFD
:1046200001F030FE2B68013B2B602368013B2360C7
:1046300000F0CEFC97F85130002B37D0012BE8D199
:104640003846FEF77DFC2368002BE4D12B4B1B681A
:10465000012B06D9CBF804A040BFBFF34F8FBFF3A7
:104660006F8F00F041FED9F8003033BBD8F800302E
:10467000DB6A002BCDD1214B1B68012BC9D8204B05
:10468000204A1B6812689B1A012BC2D91E4A136864
:1046900001331360D9F80030BBB1D8F80030DB6AC1
:1046A0000BB9164B1B68FFF7DFFEB2E7386BFEF75E
:1046B00047FC3846FEF744FCABE7D8F80030DB6A2D
:1046C000002BA6D10D4B1B68A3E7D8F80030DB6A9E
:1046D000002BE8D1094B1B68012BE4D8084B186864
:1046E000084B1B68C01A0128DDD900F0DDFCDAE7B1
:1046F000009E0020889D00208C9D0020249D00208D
:10470000CC9D0020149E0020949D00209C9D0020A4
:10471000189D002000ED00E0274B1B68002B40D1C6
:10472000264A70B5264C13602268236812681B6BFA
:104730009A423AD9234D24492A6893009818800058
:104740000858E0B9561EB30098198000085830BBCD
:10475000961EB30098198000085800BBD61EB300FF
:10476000981980000858D0B9161FB3009819800016
:104770000858A0B9053A93009818800008581344C7
:104780009B00CE1808337068406870600B449842F4
:1047900004BF40687060C36823602A6070BD324601
:1047A000EDE7064B01221A6070472068216834311A
:1047B00001F0EEFABEE700BF949D0020189E002095
:1047C000189D00209C9D0020249D002070B5174D51
:1047D0002B680C4603F1180101F03AFD144B1E68DA
:1047E0002868043001F04EFD631C17D02B68A41913
:1047F0005C600BD20F4B18682968043101F028FD6A
:104800000D4B1A68944238BF1C6070BD0B4B186882
:104810002968BDE87040043101F01ABD29680848D4
:104820000431BDE8704001F003BD00BF189D0020B9
:10483000149E00201C9D0020CC9D0020209D002067
:10484000EC9D002070B5194D2B680C46164603F1FF
:10485000180101F0EDFC164B5EB11B6828680430AE
:1048600001F010FD296813480431BDE8704001F0E3
:10487000DFBC1E682868043001F004FD2B68A41911
:104880005C600BD20C4B18682968043101F0E0FC25
:104890000A4B1A68944238BF1C6070BD084B1868F8
:1048A0002968BDE87040043101F0D2BC189D002099
:1048B000149E0020EC9D00201C9D0020CC9D00201B
:1048C000209D002038B5C368DC6804F1180528462F
:1048D00001F0D8FC1A4B1B682BBB251D284601F0A4
:1048E000D1FC184AE36A116817488B4288BF1360ED
:1048F00003EB8303294600EB830001F099FC134B83
:10490000E26A1B68DB6A9A4282BF114B0120186081
:10491000104B1A68126898BF00204AB90E4B4FF02E
:10492000FF321A6038BD29460C4801F081FCE6E7E9
:104930001A68094BD268D26852681A6038BD00BF45
:10494000949D00209C9D0020249D0020189D002007
:10495000189E00201C9D0020CC9D0020D49D00208E
:10496000034A044B12681B68C0E90023704700BF6C
:10497000D09D0020149E0020F8B50D46044600F09E
:104980001DFB2B681649581C0A6813D0DFF854C069
:10499000D4E90060DCF80070BE4201D090421AD920
:1049A000121A93420BD800232B60012500F010FB54
:1049B0002846F8BD002500F00BFB2846F8BDDCF8C2
:1049C00000009B1A0A682B60C4E90002002500F071
:1049D000FFFA2846F8BD012500F0FAFA2846F8BD8E
:1049E000149E0020D09D0020014B01221A607047C8
:1049F000189E0020084B186860B9084B1B6853B913
:104A0000074A084B10681B68013B984214BF0120FD
:104A10000220704700207047D49D0020189E00207F
:104A2000EC9D0020889D0020054B1B6833B1054B91
:104A30001B68002B0CBF022000207047012070472C
:104A4000E89D0020949D002018B3F8B51C4CC36A63
:104A50002268D26A934214D28269002A04DB226857
:104A6000D26AC2F105028261164D426903EB8303EB
:104A700005EB83039A420DD02368DB6AC3620120F1
:104A8000F8BD2368406CDB6A98422CBF00200120EF
:104A9000F8BD7047061D0746304601F0F3FB22685B
:104AA000094BD06A1A68F862904200D9186000EB8E
:104AB000800005EB8000314601F0BAFB0120F8BD13
:104AC000189D0020249D00209C9D002050B138B5E9
:104AD000C16A836C426C013B9142836400D01BB17C
:104AE000002038BD00207047051D0446284601F00F
:104AF000C9FB0A4A636C1168E362C3F105008B428B
:104B0000A061074888BF136003EB830300EB8300B9
:104B1000294601F08DFB012038BD00BF9C9D00207F
:104B2000249D002048B1426CC36A914238BF1146AF
:104B30008B4202D0826C012A00D07047826970B526
:104B4000114DC162002A03EB83034269A8BFC1F182
:104B5000050105EB8303A8BF81619A4200D070BDB7
:104B6000061D0446304601F08DFB084BE06A1A68CA
:104B7000904288BF186000EB800005EB8000314652
:104B8000BDE8704001F054BB249D00209C9D002096
:104B9000044B1A681AB119688A6C01328A64186861
:104BA000704700BF189D00202DE9F04FAD4EDFF893
:104BB000C482AD4D89B033681C68002C00F08E8033
:104BC000DB681C68FFF7AAFBFFF7B0FBD8F80030E2
:104BD000984207465DD38442C8F8000040F20B813A
:104BE0000022E11B2868FFF75FF8FFF73DFC88B95A
:104BF0009E4A4FF08053536040BFBFF34F8FBFF3C7
:104C00006F8F07E0019B039920469847009B002B7C
:104C100080F23881286800226946FEF7C7FC002828
:104C2000C9D0009B029C002BECDB636913B1201DF3
:104C300001F028FBFFF77AFBD8F800309842814654
:104C400043D3009BC8F80090092BE3D8012202FA55
:104C500003F313F4047F69D113F0C70F40F0A18070
:104C60009B06D7D594F82C30002BD3D12046FEF7E5
:104C700067F9CFE7DB68DC68D3F800A004F104092A
:104C8000484601F0FFFA636A20469847E369012B22
:104C900036D033681A68002AECD17549C8F800701C
:104CA0000A6832600B60FFF7DFFBB3E7DB68DF68A1
:104CB000D3F800B007F1040A504601F0E3FA7B6A2A
:104CC00038469847FB69012B25D033681A68002ABB
:104CD000ECD167490A6832600B60B2E7FFF71EFB50
:104CE000FFF724FBD8F8003083420746D1D8604B49
:104CF000C8F800701B681A68B2FA82F2520970E7AD
:104D0000A36953449A45494622D2636024613068BE
:104D100001F09EFABDE7BB695B449B45514627D233
:104D20007B603F61306801F093FACEE7019B24611C
:104D300003EB09024A45A36162602CD8002B3FF4C3
:104D400069AF4B4B211D186801F082FA286862E7B1
:104D50002B68002B9DD00023CDE9043A0694FFF781
:104D600063FE00231A4604A92868FEF769F990E754
:104D70002B68002BA9D00023CDE9043B0697FFF751
:104D800053FE00231A4604A92868FEF759F99CE748
:104D90004B4500D998B13068211D01F059FA2868B7
:104DA00039E7019BA269246199182CBF01200020DA
:104DB00049456160ECD8A9EB03039A42C1D8636A04
:104DC00020469847E369012B7FF424AF019BA26939
:104DD0002868134400283FF41EAF0022CDE90423C5
:104DE0000694FFF721FE00231A4604A92868FEF75F
:104DF00027F928680FE7FFF737FB3368DB68D3F83C
:104E00000C9009F1040A504601F03CFAD9F81C3024
:104E1000012B04D0D9F8243048469847FAE6D9F84F
:104E20001830C9F81090E218BA42C9F8042004D921
:104E30005146306801F00CFAECE73F1BBB421BD82F
:104E40002B68002BE6D00023CDE90434CDF8189070
:104E5000FFF7EAFD00231A4604A92868FEF7F0F8D8
:104E6000D8E700BF1C9E0020A0A0002000ED00E0BD
:104E7000209E00204CA00020034B5146186801F0F2
:104E8000E7F9C7E7029CD0E6209E0020F0B5204C51
:104E900089B000F093F82568FDB100F099F820681A
:104EA000C8B1002407AA06A905A8CDE9054400F069
:104EB00081FFDDE905300221CDE90010079A029358
:104EC000144915482346FEF7E7FF144A0346001B22
:104ED00018BF0120136009B0F0BD114F114E3846C4
:104EE00001F096F9304601F093F90F4A0F49009509
:104EF0000F4B17600E600F4A10212020FEF72EF88E
:104F000020600028C9D00C49FEF7BCFEC5E700BFF1
:104F1000A0A0002030AF0300A94B0300A4A00020F4
:104F200024A0002038A000201C9E0020209E0020ED
:104F300050A00020249E002028AF0300402383F3CC
:104F40001188FEE730B46FF002034FF08075074C14
:104F500040F8045C40F80C4C40F8081C40F8202C49
:104F600040F8243C30BC4438704700BF3D4F03003C
:104F70000F4C08B5E02384F8223000F077F80D4B91
:104F80000D4A00211960D4F8883043F47003C4F846
:104F90008830536843F040435360236943F0100363
:104FA000236100F04FF9402383F31188FEE700BF2F
:104FB00000ED00E0A8A0002030EF00E0402383F3E4
:104FC0001188024A1368013313607047A8A00020BB
:104FD000034A1368013B13600BB983F311887047D0
:104FE000A8A0002041DF704712DF704770B51B4B4F
:104FF00000251D6082B01B680193019BEFF31186B1
:10500000402383F31188164A164BD2F804451D60DD
:105010001B680093009BFFF789F9241A24F07F4452
:10502000012C0DD844B1FFF78FF9054625B10E4B81
:105030004FF080525A6040BF86F3118802B070BDB5
:10504000FFF7F2FC0228EED1013CFFF77DF9013CAD
:10505000631C45EA0005F8D1E8E700BF40110140B4
:10506000001001400011014000ED00E00B4B0C4925
:1050700030B41F200B4DC3F8080501220224E020A4
:10508000C3F804232A601A60C3F8444381F811036B
:105090004FF400330B6030BC704700BF001001407C
:1050A00000E100E0081001402DE9F041804684B0A5
:1050B000EFF3108272B6584CA36883B9574B584827
:1050C0000121A160D3F8801001402160C3F8800065
:1050D000D3F8841061604FF0FF31C3F8841002B937
:1050E00062B6504ED6F80475FFF784FC00283DD018
:1050F0004D4A4E49424528BF4246BB1823F07F43E4
:1051000001200025C6F80803C6F840350D600B687D
:1051100001934FF480330199C6F80433BFF34F8FE6
:10512000B8F1000F54D13F4B404D41494FF480300E
:10513000C3F80803002028602D680395039D0860CC
:105140000968029101210298C3F80413D3F80435C9
:105150003249DB1B23F07F45954228BF15464FF4AB
:105160000033012DC1F8803111D827D0A3685BB17D
:10517000EFF3108372B6294A2168116061685160AB
:105180000022A26003B962B604B0BDE8F081681ED7
:10519000FFF7D2F8274BDB68DA010FD5264A1368F0
:1051A000DB070BD5254B516803FB05F5A5F57425E9
:1051B000A5F51075AD0A01EB85155560FFF7C4F82C
:1051C0000028D3D01E4B4FF080525A6040BFCDE72D
:1051D000F1EE103A23F09F03E1EE103AF1EE103AAF
:1051E0000E4B04A84FF480614026C3F88461C3F8D5
:1051F000841100F8045DFFF7F7FE9DF80C1039B933
:1052000020BFD3F80001D3F804110143F8D08AE796
:10521000FFF7E8FE87E700BF70A7002000E100E08D
:10522000FC06FFBD00100140FDFFFF0040110140E2
:1052300000110140F0ED00E0001000E040420F00DE
:1052400000ED00E00748006880F3088862B661B6A8
:10525000BFF34F8FBFF36F8F4FF0E00080F31188E3
:1052600000DF00BF00600200064B19680868B0E864
:10527000F04F80F30988BFF36F8F4FF0000080F389
:1052800011887047189D0020EFF30980BFF36F8FDE
:10529000144B1A681EF0100F08BF20ED108A20E989
:1052A000F04F10604DF8043D4FF0400080F311883E
:1052B000BFF34F8FBFF36F8FFFF72EFA4FF0000051
:1052C00080F3118808BC19680868B0E8F04F1EF038
:1052D000100F08BFB0EC108A80F30988BFF36F8FFE
:1052E000704700BF189D0020704700BF002942D0C2
:1052F000931E222B3FD8F0B50A2A8BB035D04FF041
:10530000000E01AF3B4688B1B0FBF2F602FB16057A
:105310005FFA85FC092D0CF1570498BF0CF130049D
:10532000E4B2304603F8014B0028EDD1302201E011
:1053300003F8012BBB42FBD0BEF1000F11D10D468B
:10534000BB4209D9681E1A4612F8014D00F8014FF8
:10535000BA42F9D19B1A1D44002308462B700BB0AA
:10536000F0BD2D220A704D1CEAE70028C7DA404242
:105370004FF0010EC5E70020704700BF79B3931EC0
:10538000222B2CD8F0B48AB001AF3C4670B1B0FBF0
:10539000F2F602FB1605EBB2092D94BF30335733FA
:1053A000DBB2304604F8013B0028F0D1302301E0A5
:1053B00004F8013BBC42FBD00FD94A1E234613F828
:1053C000010D02F8010FBB42F9D1E41A0C4400238D
:1053D000084623700AB0F0BC70470C46F7E700207F
:1053E000704700BF0A490B4A0B4B9B1A03DD043B75
:1053F000C858D050FBDC094809494FF0AD32026073
:1054000004300439FBD100F0D5FBF0F721FF000098
:1054100058B20300006000201863002000F8032049
:1054200000080000FEE7FEE7FEE7FEE7FEE7FEE716
:10543000FEE7FEE7FEE7FEE708B50020F0F742FFD3
:10544000F9F7B4FC0E4B43B10E4B7BB1FAF780F881
:1054500000F08EFCFDF746F9F8E7FAF779F800F06E
:1054600087FCFAF775F800F083FCF6E7FAF770F8B6
:1054700000F07EFCFAF76CF800F07AFCF6E700BF6B
:1054800000000000E526030000B583B000F0DCFD5D
:10549000FCF7D6FC0E4B019301234FF480620D49BB
:1054A00000930D480023FEF761FD4FF4407000F0BB
:1054B0007FFDFEF7CDFEBFF34F8F0849084BCA684A
:1054C00002F4E0621343CB60BFF34F8F00BFFDE7F0
:1054D000ACA0002038AF03003954030000ED00E019
:1054E0000400FA0538B507480C461546F1F774F87C
:1054F00000B938BD2A4621460248BDE83840F0F7D9
:1055000043BF00BF34630020114B1A78EAB9017819
:10551000104810B40A464FF0804402F00102C1F373
:105520004001C4F88015C4F878250268D20706D473
:10553000E021012280F80013C0F8802102600122DE
:1055400005481A705DF8044B70470448704700BF67
:105550006CA7002000E100E00000AD0B0C00AD0BDB
:105560000268074B4FF0804010B400214FF4607484
:10557000C0F80843196002B11A605DF8044B704727
:10558000B8A000204FF080434FF46072C3F80423AA
:10559000704700BF10B54FF0804386B0D3F8044386
:1055A000620705D5D3F8082103F58473002A4ED18C
:1055B000A30603D52A4B1A68002A3FD1600603D5FB
:1055C000284B1A68002A2FD1210602D5264B1A68CB
:1055D0000ABBE20502D5254B1A6892B9A3050ED580
:1055E000234B1A685AB100221A601A68214B05929F
:1055F000059A1B68022006B0BDE81040184706B0A7
:1056000010BD00221A601B4A1B6804930120136816
:10561000049A9847E2E700201860164A1B68039333
:105620001368039A9847D4E700221A60124A1B684D
:10563000029301201368029A9847C5E7002018607A
:105640000D4A1B6801931368019A9847B6E7002238
:105650001A600A4A1B6800931368009A9847A7E7E4
:1056600014010040180100401C01004020010040CE
:1056700024010040B8A00020B4A00020B0A0002069
:105680002DE9F04F04799D4DE6003719BF0005EB79
:10569000070E83B09EF81CC0BCF1000F40F0E580FF
:1056A00091F80CC00068EA51CEF80430BCF1010F4B
:1056B0000B7840F2DE801F2B87BF03F01F08DFF856
:1056C00040E298464FF0A04E012707FA08F7CEF8BF
:1056D00008751F2B8BBF03F01F071F46DFF820E262
:1056E0004FF0A04E07F5E0774FF001084EF8278005
:1056F0004F78FF2F00F0E9801F2F8ABF07F01F09A6
:10570000B946DFF8FC81009798BF4FF0A04809F533
:10571000E07A4FF0010E0EFA09FE4FF00309C8F8C7
:105720000CE548F82A9091F802E0BEF1FF0F00F076
:10573000D580BEF11F0F91F80EA088BFDFF8C0B171
:10574000CDF804E08EBF0EF01F08F0464FF0A04BDE
:1057500008F5E0784FEA8A0A4BF828A006EB04081F
:1057600005EB880888F820E091F803E088F81FE04E
:10577000BEF1FF0F2AD091F80490F046B9F1000F66
:1057800040F08680BEF11F0F87BF0EF01F0B5C4FED
:10579000F3464FF0A0474FF0010A0AFA0BFAC7F898
:1057A00008A5BEF11F0F86BF0EF01F08DFF850A13D
:1057B0004FF0A04A08F5E07806EB040E4FF0030B1B
:1057C00005EB8E0E4AF828B08EF81E9091F80DE089
:1057D000C0F80835009BD1F80880C0F80C351EF1E0
:1057E000000318BF0123019FC0F81075BCF1020F20
:1057F000C0F824857FD0BCF1030F79D0BCF1010F34
:1058000056D0C0F854358B79C0F8C035002A58D02E
:1058100040220723C0F80423C0F800354A79000B62
:1058200043B25201002BD1B2C0B25BDB5A099200E5
:1058300002F1604203F16043012702F5614203F582
:10584000614300F01F0007FA00F083F80013C2F86C
:1058500080011060344405EB84052A4800220123AE
:105860006A772B7703B0BDE8F08F274803B0BDE817
:10587000F08F1F2B87BF03F01F08DFF884E09846E6
:105880004FF0A04E012707FA08F7CEF80C7520E775
:10589000BEF11F0F87BF0EF01F0B194FF3464FF0DD
:1058A000A0474FF0010A0AFA0BFAC7F80CA578E7EF
:1058B00043F00203C0F854358B79C0F8C035002A94
:1058C000A6D10723C0F80035C4E791F802E04FF0F5
:1058D000FF37BEF1FF0F00977FF42BAF4FF0FF377C
:1058E00001973BE7094B00F00F0003441976B1E73D
:1058F00043F0060385E743F0040382E7BCA00020E1
:10590000000300500000AD0B0500AD0BFCEC00E007
:105910002DE9F04F0479644F4FEAC40C0CEB0403FB
:105920009B008646F8180E46417F83B0002940F060
:10593000918057F803909046B9F1000F04D012F00F
:10594000140F04BF012343770CEB040507EB850517
:1059500096E80F0095F81FA005F10C0BBAF1FF0FA8
:105960008BE80F0010D0AA7F5346002A76D0BAF1F8
:105970001F0F86BF0AF01F034C494FF0A0410122C0
:1059800002FA03F3C1F8083532686AB102F06043E5
:10599000B3F1005F08D0644407EB84070023444858
:1059A0007B7703B0BDE8F08FB16821B101F06043AF
:1059B000B3F1005FEFD1DEF800307568F068C3F82E
:1059C00044250022C3F84855C3F83415C3F83805F8
:1059D000C3F81821D3F818210192019A18F0010296
:1059E00018BF0122C3F8502518F0020218BF012287
:1059F00018F0080FC3F8402504BF01221A61B9F15D
:105A0000000F0BD02B48402218F0040F14BFC3F82E
:105A10000823C3F8042303B0BDE8F08FD3F818219E
:105A2000002AFBD0BAF1FF0F2CD0644407EB8407A7
:105A3000BB7F4BB3BAF11F0F84BF0AF01F0A1B4A8A
:105A40001C4898BF4FF0A042012303FA0AF3C2F8A2
:105A50000C35A6E7184803B0BDE8F08FBAF11F0F68
:105A60004FF0010288BF0AF01F0302FA03F388BF58
:105A70000E49326898BF4FF0A041C1F80C35002A9A
:105A800084D191E70B488CE7BAF11F0F84BF0AF06D
:105A90001F0A064A074898BF4FF0A042012303FAA5
:105AA0000AF3C2F808357CE7BCA0002000030050D0
:105AB0000A00AD0B0000AD0B0B00AD0B194BD3F87A
:105AC000182102B970470021174AC3F81811D3F8FA
:105AD0001811D37F82B0FF2B019101990DD0917FD6
:105AE00099B11F2B86BF03F01F0310484FF0A04051
:105AF000012101FA03F3C0F80C3500235377137228
:105B0000D2E900310A4802B018471F2B86BF03F0C4
:105B10001F0306484FF0A040012101FA03F3C0F82B
:105B20000835EAE700300240BCA000200003005026
:105B3000C4A000201B4BD3F8182102B970470021E4
:105B4000194AC3F81811D3F8181192F8433082B0EB
:105B5000FF2B019101990ED092F84210A9B11F2B91
:105B600086BF03F01F0311484FF0A040012101FA46
:105B700003F3C0F80C35002382F8413082F82C3052
:105B8000D2E909310A4802B018471F2B86BF03F03B
:105B90001F0306484FF0A040012101FA03F3C0F8AB
:105BA0000835E8E700F00240BCA0002000030050E8
:105BB000E8A00020604B1B6830B45C1C37D05F4A03
:105BC000082B126800F08F805B4B5C4A1B681268E0
:105BD000082B15D0591C23D0584A1268082B12D014
:105BE000574AD2F8883043F47003C2F88830BFF3C4
:105BF0004F8FBFF36F8F534B534A1A6030BC7047BF
:105C0000002A00F08280032AEAD84FF08043D3F8BC
:105C10000024D20744BF6FF00102C3F80024DFE77D
:105C20004A4A4B4B12681B78C2F30312D6E7484A24
:105C3000464B12781B68082AC3F3031301D1032BC8
:105C400053D9424A424B12681B78C2F30312082B05
:105C5000BAD1032AB8D84FF080523E4BD2F8041480
:105C6000C3F82015D2F80814C3F82415D2F80C1480
:105C7000C3F82815D2F81014C3F82C15D2F8141450
:105C8000C3F83015D2F81814C3F83415D2F81C1420
:105C9000C3F84015D2F82014C3F84415D2F82414E0
:105CA000C3F84815D2F82814C3F84C15D2F82C14B0
:105CB000C3F85015D2F83014C3F85415D2F8341480
:105CC000C3F86015D2F83814C3F86415D2F83C1440
:105CD000C3F86815D2F84014C3F86C15D2F8442400
:105CE000C3F8702570E7032A0CD8134B1B684FF0DC
:105CF00080420021581CC2F80C11C2F81011C2F8E1
:105D000038159ED00D4A1268A1E7134C1349144D63
:105D100025601448144AFB24C1F81845016812682C
:105D2000124C21F00F0102F00F020A434FF40071F0
:105D30000260216050E700BF300100103401001004
:105D400000ED00E0246100200090D003E80F00F097
:105D5000E00F00F000C000408C56004000F0004012
:105D600048810300E40E00405802001040960240B3
:105D700008B5F0F7ADFA054B4FF080525A6040BFBE
:105D8000BFF34F8FBFF36F8F08BD00BF00ED00E082
:105D9000704700BF704700BF044B036010B464231A
:105DA000034C0C6013605DF8044B704704A10020A5
:105DB00058A10020054B036010B44FF48073044CCD
:105DC0000C6013605DF8044B704700BFE8A2002030
:105DD0003CA3002070B51F4C84B04FF0FF3203A9E4
:105DE0002068FDF7E3FB0028F7D00398037A4568A5
:105DF000052B0DD8DFE803F0272A221C1503D0E974
:105E00000361D0E90523C06900903046A847039894
:105E100003681BB11846FDF74FF80398FDF74CF8DF
:105E2000DBE7D0E90523D0E90301A8470398EFE7B2
:105E3000D0E90412C068A8470398E9E7D0E9030154
:105E4000A8470398E4E7A8470398E1E7C068A84794
:105E50000398DDE740A700202DE9F0432D4B2E4CA1
:105E60005B6885B0C3F30803019001AF2068002B85
:105E700044D0002339461A46FDF7F2FA01283AD0F9
:105E8000DFF89880D8F80000002240000421FDF7D8
:105E900095F8064678B3DFF88890D9F80000FEF749
:105EA000DFF8FFF78BF802E03046FDF7C9F8002273
:105EB00003A92068FDF77AFB00230546642203A9A5
:105EC0000028F1D12068FDF7B9FE2660FFF780F8C1
:105ED000D9F80000FEF776F9D8F800300D4A2068AE
:105EE0005B00C8F800305368C3F30803394653B960
:105EF0006422FDF7A5F805B0BDE8F08339466422B9
:105F0000FDF79EF8BAE72B462A46FDF7A9FA05B039
:105F1000BDE8F08300ED00E040A700203CA7002092
:105F200044A700202DE9F8439DF8205006460F466F
:105F300091469846CDB1A8000C30FCF7A3FF04466B
:105F400088B10023C0F804900572036006B177B9E8
:105F50002DB1AA00414604F10C0000F0B1FF20462B
:105F6000FFF77AFF0120BDE8F8831020E5E7384607
:105F7000FCF788FF81462060A0B13A46314600F028
:105F80009FFF002DEBD0691EC9B208EB8101A8F17B
:105F9000040353F8042FB24208BFC3F8009099429B
:105FA000F7D1D6E72046FCF787FF4846DBE700BF7E
:105FB00030B540230B4D83B004460022184604211F
:105FC0002B60FCF7FBFF084B084918600223CDE962
:105FD0000031A2B2002306490648FDF7C7FF03B00F
:105FE00030BD00BF3CA7002040A7002044A70020F0
:105FF00040AF0300D55D030011DF704708B50446CC
:10600000FFF7FAFF0D4B4FF080414FF0FF32C3F81E
:106010008020C3F88021C3F88420C3F88421C1F80C
:106020001C45BFF34F8F0649064BCA6802F4E06275
:106030001343CB60BFF34F8F00BFFDE700E100E0EB
:1060400000ED00E00400FA054FF08043194AD3F850
:106050000014194830B41160D3F80054D3F8002468
:10606000164C17492A43C3F80024D4F8402502608F
:10607000002401224FF40030C3F818459A60C1F89B
:106080008000BFF34F8FBFF36F8F0E4C03F5883343
:106090004FF0A0454FF480304FF0FF31C3F8480374
:1060A000C3F808035A609A60C5F80815C4F80815C3
:1060B00030BC704748A700204CA7002000A000403B
:1060C00000E100E00003005008B54E20FFF796FF06
:1060D00016281BD83C4B53F820301F2B86BF03F0EB
:1060E0001F033A4A4FF0A0420E290FD8DFE801F013
:1060F000655F59534D474039322B241D160F080058
:1061000003F5E07340F2037142F82310704703F582
:10611000E07340F2036142F82310704703F5E07327
:1061200040F2035142F82310704703F5E07340F248
:10613000034142F82310704703F5E07340F2033146
:1061400042F82310704703F5E07340F2032142F850
:106150002310704703F5E07340F2031142F8231057
:10616000704703F5E0734FF4403142F82310704755
:1061700003F5E0734FF4003142F82310704703F544
:10618000E073134942F82310704703F5E073114997
:1061900042F82310704703F5E073042142F82310FE
:1061A000704703F5E0730C2142F82310704703F5A4
:1061B000E073032142F82310704703F5E0730021D8
:1061C00042F82310704700BF94AE03000003005054
:1061D000040002000C000300162811D80A4B53F8E3
:1061E00020301F2B88BF03F01F034FF001028CBF2C
:1061F00006484FF0A04002FA03F311B1C0F8083589
:106200007047C0F80C35704794AE0300000300508F
:1062100000F108034FF0FF3100228160026043600B
:10622000C0E90333704700BF00230361704700BF1C
:106230004368026810B49C688C609C684B600132B3
:10624000616099605DF8044B08610260704700BFAF
:1062500030B40D686B1C11D000F1080200E01A4642
:1062600053681C68AC42FAD904684B6001349960E9
:106270008A6051600861046030BC704702695368ED
:10628000F2E700BF42688168036910B491608168D9
:106290005C684A601A68844208BF5960013A00216C
:1062A00001611A6018685DF8044B70470B4601469F
:1062B000184600F071BD000081F0004102E000BF0F
:1062C00083F0004330B54FEA41044FEA430594EAB6
:1062D000050F08BF90EA020F1FBF54EA000C55EAF1
:1062E000020C7FEA645C7FEA655C00F0E2804FEAC2
:1062F0005454D4EB5555B8BF6D420CDD2C4480EAA4
:10630000020281EA030382EA000083EA010180EAD3
:10631000020281EA0303362D88BF30BD11F0004F21
:106320004FEA01314FF4801C4CEA113102D0404257
:1063300061EB410113F0004F4FEA03334CEA133392
:1063400002D0524263EB430394EA050F00F0A780AA
:10635000A4F10104D5F1200E0DDB02FA0EFC22FAA5
:1063600005F2801841F1000103FA0EF2801843FA99
:1063700005F359410EE0A5F120050EF1200E012A8A
:1063800003FA0EFC28BF4CF0020C43FA05F3C018C8
:1063900051EBE37101F0004507D54FF0000EDCF141
:1063A000000C7EEB00006EEB0101B1F5801F1BD3EA
:1063B000B1F5001F0CD349085FEA30004FEA3C0CEE
:1063C00004F101044FEA445212F5800F80F09A80E4
:1063D000BCF1004F08BF5FEA500C50F1000041EBE8
:1063E000045141EA050130BD5FEA4C0C404141EBEC
:1063F000010111F4801FA4F10104E9D191F0000F13
:1064000004BF01460020B1FA81F308BF2033A3F195
:106410000B03B3F120020CDA0C3208DD02F1140C8C
:10642000C2F10C0201FA0CF021FA02F10CE002F1C7
:106430001402D8BFC2F1200C01FA02F120FA0CFCC0
:10644000DCBF41EA0C019040E41AA2BF01EB045109
:10645000294330BD6FEA04041F3C1CDA0C340EDC07
:1064600004F11404C4F1200220FA04F001FA02F34A
:1064700040EA030021FA04F345EA030130BDC4F108
:106480000C04C4F1200220FA02F001FA04F340EAFD
:106490000300294630BD21FA04F0294630BD94F0AE
:1064A000000F83F4801306BF81F480110134013D95
:1064B0004EE77FEA645C18BF7FEA655C29D094EA06
:1064C000050F08BF90EA020F05D054EA000C04BF84
:1064D0001946104630BD91EA030F1EBF002100206F
:1064E00030BD5FEA545C05D14000494128BF41F00E
:1064F000004130BD14F580043CBF01F5801130BD72
:1065000001F0004545F0FE4141F470014FF00000FC
:1065100030BD7FEA645C1ABF194610467FEA655CAD
:106520001CBF0B46024650EA013406BF52EA03354F
:1065300091EA030F41F4002130BD00BF90F0000F3D
:1065400004BF0021704730B54FF4806404F1320479
:106550004FF000054FF0000150E700BF90F0000F32
:1065600004BF0021704730B54FF4806404F1320459
:1065700010F0004548BF40424FF000013EE700BF29
:1065800042004FEAE2014FEA31014FEA02701FBFB9
:1065900012F07F4393F07F4F81F06051704732F0EB
:1065A0007F4208BF704793F07F4F04BF41F4002142
:1065B000704730B54FF4607401F0004521F00041A0
:1065C0001CE700BF50EA010208BF704730B54FF02A
:1065D00000050AE050EA010208BF704730B511F02B
:1065E000004502D5404261EB41014FF4806404F163
:1065F00032045FEA915C3FF4D8AE4FF003025FEAE9
:10660000DC0C18BF03325FEADC0C18BF033202EB6C
:10661000DC02C2F1200300FA03FC20FA02F001FAC6
:1066200003FE40EA0E0021FA02F11444BDE600BF69
:1066300070B54FF0FF0C4CF4E06C1CEA11541DBF18
:106640001CEA135594EA0C0F95EA0C0F00F0DEF8E3
:106650002C4481EA030621EA4C5123EA4C5350EAC8
:10666000013518BF52EA033541F4801143F4801319
:1066700038D0A0FB02CE4FF00005E1FB02E506F0AA
:106680000042E0FB03E54FF00006E1FB03569CF0FF
:10669000000F18BF4EF0010EA4F1FF04B6F5007F05
:1066A00064F5407404D25FEA4E0E6D4146EB060677
:1066B00042EAC62141EA55514FEAC52040EA5E5000
:1066C0004FEACE2EB4F1FD0C88BFBCF5E06F1ED8AA
:1066D000BEF1004F08BF5FEA500E50F1000041EBE1
:1066E000045170BD06F0004646EA010140EA02008E
:1066F00081EA0301B4EB5C04C2BFD4EB0C0541EAB0
:10670000045170BD41F480114FF0000E013C00F3C4
:10671000AB8014F1360FDEBF002001F0004170BDE8
:10672000C4F10004203C35DA0C341BDC04F1140401
:10673000C4F1200500FA05F320FA04F001FA05F28D
:1067400040EA020001F0004221F0004110EBD3705A
:1067500021FA04F642EB06015EEA430E08BF20EA86
:10676000D37070BDC4F10C04C4F1200500FA04F329
:1067700020FA05F001FA04F240EA020001F00041BB
:1067800010EBD37041F100015EEA430E08BF20EA2E
:10679000D37070BDC4F1200500FA05F24EEA020E76
:1067A00020FA04F301FA05F243EA020321FA04F0A5
:1067B00001F0004121FA04F220EA020000EBD3705C
:1067C0005EEA430E08BF20EAD37070BD94F0000F5C
:1067D0000FD101F00046400041EB010111F4801F90
:1067E00008BF013CF7D041EA060195F0000F18BF41
:1067F000704703F00046520043EB030313F4801F7D
:1068000008BF013DF7D043EA0603704794EA0C0F36
:106810000CEA135518BF95EA0C0F0CD050EA41064C
:1068200018BF52EA4306D1D181EA030101F00041C9
:106830004FF0000070BD50EA410606BF10461946F1
:1068400052EA430619D094EA0C0F02D150EA0136FD
:1068500013D195EA0C0F05D152EA03361CBF10463E
:1068600019460AD181EA030101F0004141F0FE41DD
:1068700041F470014FF0000070BD41F0FE4141F461
:10688000780170BD70B54FF0FF0C4CF4E06C1CEA61
:1068900011541DBF1CEA135594EA0C0F95EA0C0F16
:1068A00000F0A7F8A4EB050481EA030E52EA0335D1
:1068B0004FEA013100F088804FEA03334FF08055F2
:1068C00045EA131343EA12634FEA022245EA11151F
:1068D00045EA10654FEA00260EF000419D4208BFD0
:1068E000964244F1FD0404F5407402D25B084FEA7D
:1068F0003202B61A65EB03055B084FEA32024FF429
:1069000080104FF4002CB6EB020E75EB030E22BF85
:10691000B61A754640EA0C005B084FEA3202B6EB45
:10692000020E75EB030E22BFB61A754640EA5C00F4
:106930005B084FEA3202B6EB020E75EB030E22BF84
:10694000B61A754640EA9C005B084FEA3202B6EB85
:10695000020E75EB030E22BFB61A754640EADC0044
:1069600055EA060E18D04FEA051545EA16754FEAA6
:1069700006164FEAC30343EA52734FEAC2025FEAC4
:106980001C1CC0D111F4801F0BD141EA00014FF053
:1069900000004FF0004CB6E711F4801F04BF014324
:1069A0000020B4F1FD0C88BFBCF5E06F3FF6AFAE40
:1069B000B5EB030C04BFB6EB020C5FEA500C50F1D0
:1069C000000041EB045170BD0EF0004E4EEA113153
:1069D00014EB5C04C2BFD4EB0C0541EA045170BD5A
:1069E00041F480114FF0000E013C90E645EA060E9E
:1069F0008DE60CEA135594EA0C0F08BF95EA0C0FCC
:106A00003FF43BAF94EA0C0F0AD150EA01347FF413
:106A100034AF95EA0C0F7FF425AF104619462CE7EA
:106A200095EA0C0F06D152EA03353FF4FDAE10464D
:106A3000194622E750EA410618BF52EA43067FF49E
:106A4000C5AE50EA41047FF40DAF52EA43057FF42E
:106A5000EBAE12E753B94AB9002908BF00281CBFA2
:106A60004FF0FF314FF0FF3000F072B9ADF1080C7C
:106A70006DE904CE00F006F8DDF804E0DDE902235C
:106A800004B070472DE9F047089E04468846002B65
:106A90004BD18A42154667D9B2FA82F24AB1C2F1A5
:106AA000200701FA02F320FA07F7954047EA0308A6
:106AB00094404FEA154E230CB8FBFEF71FFA85FCF5
:106AC0000EFB178843EA084307FB0CF1994209D9EA
:106AD000EB1807F1FF3080F01B81994240F21881DA
:106AE000023F2B445B1AA4B2B3FBFEF00EFB103343
:106AF00044EA034400FB0CFCA44509D92C1900F11D
:106B0000FF3380F00781A44540F2048102382C4411
:106B100040EA0740A4EB0C0400271EB1D440002338
:106B2000C6E900433946BDE8F0878B4209D9002EFB
:106B300000F0EB800027C6E9000138463946BDE881
:106B4000F087B3FA83F7002F47D18B4202D38242FA
:106B500000F2FA80841A61EB030301209846002EAC
:106B6000E0D0C6E90048DDE702B9FFDEB2FA82F202
:106B7000002A40F08F80491B4FEA154E1FFA85F816
:106B80000127B1FBFEFC230C0EFB1C1143EA014361
:106B900008FB0CF1994207D9EB180CF1FF3002D237
:106BA000994200F2CD808446591AA3B2B1FBFEF09F
:106BB0000EFB101443EA044408FB00F8A04507D973
:106BC0002C1900F1FF3302D2A04500F2B68018461E
:106BD000A4EB080440EA0C409FE7C7F1200CBB403F
:106BE00022FA0CFE4EEA030E01FA07F420FA0CF525
:106BF00021FA0CF34FEA1E482543B3FBF8F92C0C9D
:106C000008FB19331FFA8EFA44EA034309FB0AF41E
:106C10009C4202FA07F200FA07F10BD91EEB0303BC
:106C200009F1FF3080F087809C4240F28480A9F116
:106C3000020973441B1BADB2B3FBF8F008FB103321
:106C400045EA034400FB0AFAA24508D91EEB0404F6
:106C500000F1FF336BD2A24569D90238744440EA8F
:106C60000940A0FB0289A4EB0A044C45C2464B46EE
:106C700054D351D0002E69D0B1EB0A0564EB030464
:106C800004FA0CFCFD40FC404CEA0505C6E9005442
:106C9000002747E7C2F1200320FA03F7954001FAE5
:106CA00002F021FA03F34FEA154E3843010CB3FB0F
:106CB000FEF71FFA85F80EFB173341EA034107FB85
:106CC00008F38B4204FA02F407D9691807F1FF3C74
:106CD0002FD28B422DD9023F2944CB1A81B2B3FB6C
:106CE000FEF00EFB103341EA034100FB08F38B4238
:106CF00007D9691800F1FF3C17D28B4215D9023829
:106D00002944C91A40EA07473BE73746304609E7B6
:106D10000746E7E61846FBE64145ABD2B8EB020A68
:106D200069EB0E0201381346A4E76046E9E718460E
:106D300095E76746D1E781467CE702382C4447E770
:106D4000ACF1020C2B442FE7384608E73746E9E65A
:106D5000704700BF1FB51C46094B1B680546D86825
:106D600052B1084B0091CDE9013207492B4622462A
:106D700000F034F801F082F9044B1A46F2E700BF44
:106D8000286100204CAF030059AF030087AF030018
:106D90000A22002101F03EB810B5054C13462CB173
:106DA0000A4601460220AFF3008010BD2046FCE7F2
:106DB0000000000008B5074B044613B10021AFF3F3
:106DC0000080054B1868836A03B19847204603F09A
:106DD00037F800BF0000000088AF03000EB403B511
:106DE000014603AB054853F8042B0068019300F0FB
:106DF00073F902B05DF804EB03B07047286100201E
:106E000070B50D4E0D4CA41BA4100025A54209D150
:106E10000B4E0C4C03F016F8A41BA4100025A54241
:106E200005D170BD56F8253098470135EEE756F884
:106E3000253098470135F2E7F8620020F86200201B
:106E4000F86200201463002010B5044600F008F832
:106E50002044407800F0080010BDD0F8EC007047E6
:106E6000044B054A1B681B6A002B08BF1346D3F866
:106E7000EC007047286100208C610020024B014625
:106E8000186800F0A5B800BF28610020024B014639
:106E9000186800F04FB800BF2861002082B001B927
:106EA00001A942B14BB113780B601278101C18BFC6
:106EB000012002B070471046FBE76FF00100F8E7D1
:106EC00010B5431E0A44914200D110BD11F8014B88
:106ED00003F8014FF7E7884210B501EB020307D82A
:106EE000421E99420AD011F8014B02F8014FF8E70F
:106EF0008342F5D98118D21AD34200D110BD13F8BC
:106F0000014D01F8014DF7E702440346934200D1D9
:106F1000704703F8011BF9E738B502FB01F421467D
:106F200000F056F8054618B122460021FFF7ECFFA5
:106F3000284638BD38B50546002945D051F8043CEF
:106F40000C1F002BB8BFE41802F022F91F4A136887
:106F5000104633B9636014602846BDE8384002F03B
:106F600018B9A3420CD921686218934204BF1A6869
:106F70005B68636004BF521822600460ECE713464C
:106F80005A680AB1A242FAD919685818A0420BD11E
:106F900020680144581882421960DDD11068526897
:106FA0005A6001441960D7E702D90C232B60D3E75C
:106FB000206821188A4204BF11685268626004BFC9
:106FC000091821605C60C7E738BD00BF50A70020EA
:106FD00070B5CD1C25F0030508350C2D38BF0C25E8
:106FE000002D064601DBA94203D90C2333600020A3
:106FF00070BD02F0CDF8214A1468214691B9204CA9
:1070000023681BB9304600F0DFFD2060294630467A
:1070100000F0DAFD431C24D10C233360304602F02B
:10702000B8F8E4E70B685B1B18D40B2B0FD90B6087
:10703000CD50CC18304602F0ACF804F10B00231D03
:1070400020F00700C31AD3D05A42E250D0E78C4256
:107050004B6816BF636013600C46EBE70C4649684B
:10706000CCE7C41C24F00304A04205D0211A30460A
:1070700000F0AAFD0130CFD02560DBE750A700204B
:1070800054A700209368013B002B10B4936008DAEA
:107090009469A34201DB0A2903D15DF8044B00F097
:1070A0001FBF1368581C1060197008465DF8044B28
:1070B0007047F8B506460F461446D518AC4201D1C4
:1070C000002007E03A4614F8011B3046FFF7DAFFCC
:1070D000431CF3D1F8BD00002DE9F04F9DB00C46E4
:1070E00017460393064618B183690BB901F004FFF4
:1070F0007B4B9C4257D17468A38918075DD52369DF
:10710000002B5AD00023099320238DF829303023F7
:107110008DF82A304FF0010BB846454615F8013B73
:107120000BB1252B54D1B8EB070A0BD053463A4686
:1071300021463046FFF7BDFF013000F0C280099BB9
:107140005344099398F80030002B00F0BA800023D4
:107150004FF0FF32CDE90523049307938DF85330A8
:107160001A93A846052218F8011B5E4801F0C0FFDB
:10717000049B78BBD90644BF20228DF853201A0700
:1071800044BF2B228DF853202A782A2A2AD0079A26
:10719000A84600200A25414611F8013B303B092B47
:1071A00069D960B324E0504B9C4201D1B468A3E795
:1071B0004E4B9C4208BFF4689EE72146304600F0E3
:1071C000EFFE00289ED04FF0FF301DB0BDE8F08FDD
:1071D000A846A2E7434A801A0BFA00F0184304902D
:1071E0004546BEE7039A111D12680391002A01DB90
:1071F000079204E0524243F002030792049398F886
:1072000000302E2B0ED198F801302A2B38D1039B59
:107210001A1D1B680392002BB8BF4FF0FF3308F113
:1072200002080593324D98F800100322284601F019
:107230005FFF40B14023401B03FA00F0049B03436F
:1072400008F10108049398F800102A488DF82810D6
:10725000062208F1010701F04BFF002837D0264B2A
:107260001BBB039B073323F0070308330393099BDE
:107270004B44099350E705FB0232012088468AE718
:10728000002308F10108059319460A25404610F825
:10729000012B303A092A03D9002BC3D00591C1E74D
:1072A00005FB012101238046F0E703AB0093224652
:1072B000124B04A9304600F0B7F8B0F1FF3F814609
:1072C000D5D1A3895B063FF57EAF09987DE703AB77
:1072D00000932246094B04A9304600F05BFBECE723
:1072E0000CB1030096AF03002CB10300ECB0030017
:1072F0009CAF0300A0AF030029740300B370030028
:107300002DE9FF4755EC104B0D9FDDF830A0002D07
:107310000E4691461946B8BF22462B4627F0200755
:10732000BBBF05F100431D4600232D23B8BF144603
:10733000462F0B7004D0452F00D10136022100E00A
:10734000032103AB019302AB00933246534645EC55
:10735000104B00F029FF472F804602D119F0010F92
:1073600026D0462F08EB060911D198F80030302BB3
:107370000AD1002200232046294602F0ABFC18B9AE
:10738000C6F10106CAF80060DAF80030994400221C
:1073900000232046294602F09DFC38B93022039B89
:1073A0004B4505D2591C03911A70F8E7CDF80C90A3
:1073B000039B0E9AA3EB08034046136004B0BDE89C
:1073C000F087F7B500290446BABF49422D232B2385
:1073D000092904F8022B437020DD0DF107031F4635
:1073E0000A2691FBF6F506FB15113031092D03F83D
:1073F000011C03F1FF32294609DC3031023B02F85F
:10740000011CBB42224604D3101A03B0F0BD134640
:10741000E7E713F8012B04F8012BF2E730231944B6
:107420008370021DC170EFE72DE9F04F8DB00C465F
:10743000DDF8588016461F46054601F0E7FD036853
:107440000493184600F023FC00230A93D8F8003078
:107450000590073323F0070303F1080294F818A0FE
:10746000D4F800B0C8F80020D3E90023C4E91223FF
:10747000D4E9128929F000430793CDF818804FF022
:10748000FF32A74BDDE9060102F056FC70BB4FF05E
:10749000FF32A34BDDE9060102F030FC30BB0022D5
:1074A00000234046494602F01FFC10B12D2384F80A
:1074B00043309C4A9C4BBAF1470F8CBF904698468C
:1074C00003232BF00402236122604FF00009009790
:1074D00033460BAA2146284600F0E6F9013040F079
:1074E0008D804FF0FF300DB0BDE8F08F42464B4627
:1074F0004046494602F020FC10B18C4A8C4BDAE73A
:1075000061684B1C4BF480620AA83ED1062363607D
:107510000023CDE9020309AB009349EC108B0DF178
:1075200023032260CDF804A061682846FFF7E8FE37
:107530000AF0DF03472B804609D1099BD81C02DBE8
:107540006268934247DDAAF1020A5FFA8AFABAF149
:10755000650F099924D80139524604F15000099168
:10756000FFF72FFF0A9A1318012A8146236102DCD4
:107570002268D10701D5013323619DF82330002B08
:10758000A5D02D2384F84330A1E7BAF1670F00F0AE
:107590007781BAF1470FBBD10029B9D10123B6E7F2
:1075A000BAF1660F19D1002963680CDD216113B9A6
:1075B0002268D20702D501330B442361099BA365DE
:1075C0004FF00009D9E713B92268D00701D502337B
:1075D000F3E70123F1E74FF0670ADDE9093293424F
:1075E00005DB22682361D107E8D50133E5E7002BED
:1075F000D4BFC3F1020301231344DEE723685A0515
:1076000007D42369424631462846B84701302BD17A
:1076100067E7BAF1650F40F2DC8000220023D4E96D
:10762000120102F057FB002833D00123414A3146B2
:107630002846B84701303FF454AFDDE909239A42A8
:1076400002DB2368D8070FD5DDE90423314628463D
:10765000B84701303FF445AF4FF0000804F11A0974
:107660000A9B013B434509DC23689B0700F103812A
:10767000E0680B9B9842B8BF184634E701234A469E
:1076800031462846B84701303FF42BAF08F10108D6
:10769000E6E7099B002B2BDC0123264A31462846CE
:1076A000B84701303FF41DAF099B23B90A9B13B9BA
:1076B0002368D907D8D5DDE9042331462846B847E1
:1076C00001303FF40EAF4FF0000904F11A0A099B94
:1076D0005B424B4501DC0A9B94E70123524631464D
:1076E0002846B84701303FF4FCAE09F10109EEE746
:1076F0000A9AA36D9A42A8BF1A46002A914607DD4E
:107700001346314642462846B84701303FF4E9AEB9
:1077100004F11A034FF0000B29EAE979069315E00A
:10772000FFFFEF7FABAF0300A7AF0300B3AF0300D2
:10773000AFAF0300B7AF03000123069A31462846D6
:10774000B84701303FF4CDAE0BF1010BD4F858A08F
:10775000AAEB09035B45EFDCDDE909239A42D0443B
:1077600015DB2368DA0712D40A9B0999A3EB0A02F6
:10777000A3EB010A9245A8BF9246BAF1000F0EDCB6
:107780004FF000082AEAEA7A04F11A0919E0DDE963
:10779000042331462846B8470130E5D1A1E65346D7
:1077A000424631462846B8470130E9D199E60123DF
:1077B0004A4631462846B84701303FF492AE08F1B8
:1077C0000108DDE909239B1AA3EB0A034345EEDC1C
:1077D0004AE70A9A012A01DCDB073AD5012342462F
:1077E00031462846B84701303FF47BAEDDE904233B
:1077F00031462846B847013008F101083FF471AE20
:107800000A9B002203F1FF3AD4E91201002302F09F
:1078100061FAC8B95346424631462846B847013056
:107820000ED15EE60123524631462846B847013064
:107830003FF457AE08F101080A9B013B4345F1DCD8
:107840004B4604F15002DEE64FF0000804F11A0A3C
:10785000F2E70123DFE701234A4631462846B847CD
:1078600001303FF43EAE08F10108E3680B9A9B1A21
:107870004345F0DCFCE64FF0000804F11909F4E799
:1078800000293FF48BAE0023CDE9020309AB00933E
:1078900049EC108B2260CDF804A00DF1230328469B
:1078A000FFF72EFD804648E62DE9F04791461F463A
:1078B0008A680B69DDF820809342B8BF1346C9F887
:1078C000003091F8432006460C4612B10133C9F846
:1078D00000302368990642BFD9F800300233C9F856
:1078E0000030256815F0060507D104F1190AE36890
:1078F000D9F800209B1AAB4228DC94F84330226868
:10790000003318BF012392062DD404F143023946F7
:107910003046C047013020D02368E568D9F8002000
:1079200003F00603042B08BFAD1AA36822690CBF3D
:1079300025EAE57500259342C4BF9B1AED184FF068
:1079400000091A344D451AD1002008E0012352469F
:1079500039463046C047013003D14FF0FF30BDE813
:10796000F0870135C3E7E1185A1C302081F8430045
:10797000224494F8451082F843100233C5E70123EE
:10798000224639463046C0470130E6D009F10109A8
:10799000D8E700002DE9F04301F1430C0C46097EC5
:1079A00085B06E291746064698460C9A00F0B380BB
:1079B00022D8632936D00AD8002900F0B980582986
:1079C00000F0838004F1420584F8421032E064291B
:1079D00001D06929F6D120681368050603F1040176
:1079E0002AD51B681160002B03DA2D225B4284F834
:1079F00043206F480A2239E0732900F09D8008D89F
:107A00006F2920D07029DDD1236843F02003236043
:107A100003E0752917D07829D4D1782384F845302C
:107A2000644855E01368191D1B68116004F1420594
:107A300084F8423001238CE01B68116010F0400F85
:107A400018BF1BB2CFE713682568181D1060280601
:107A500001D51B6802E06806FBD51B8854486F29D6
:107A600014BF0A220822002184F843106568A5602B
:107A7000002DC0F29580216821F004012160002BC7
:107A80003DD1002D40F08E806546082A0BD1236839
:107A9000DB0708D5236962689A42DEBF302305F808
:107AA000013C05F1FF35ACEB05032361CDF8008007
:107AB0003B4603AA21463046FFF7F6FE01304DD182
:107AC0004FF0FF3005B0BDE8F083394884F8451029
:107AD000136821681D1D1B6815600A060BD5CA07AF
:107AE00044BF41F0200121601BB9226822F020022E
:107AF00022601022B7E74D0648BF9BB2EFE765460C
:107B0000B3FBF2F102FB1133C35C05F8013D0B46F8
:107B10000029F5D1B9E7136825686169181D10605F
:107B200028061B6801D5196002E06A06FBD519809A
:107B3000002323616546B9E71368191D11601D68AC
:107B400062680021284601F0D3FA08B1401B60604A
:107B500063682361002384F84330A7E723692A463A
:107B600039463046C0470130AAD023689B0713D45A
:107B7000E068039B9842B8BF1846A3E701234A4632
:107B800039463046C04701309AD00135E368039A40
:107B90009B1AAB42F2DCEBE7002504F11909F5E78B
:107BA000002BACD1037884F8423004F142056CE735
:107BB000B9AF0300CAAF0300024B0A46014618687A
:107BC00001F0C4BD2861002038B5064C00230546ED
:107BD0000846236002F026F9431C02D1236803B152
:107BE0002B6038BD7CA700200CB430B5174B0C1EA1
:107BF0009DB01D6808DA8B232B604FF0FF301DB05D
:107C0000BDE8304002B070474FF40273ADF8143055
:107C100014BF04F1FF332346049307934FF6FF7319
:107C200002900690ADF81630209A21AB02A92846A2
:107C3000019301F00BFE431CBCBF8B232B60002C77
:107C4000DDD0029B00221A70D9E700BF2861002016
:107C5000C9B2034610F8012B1AB18A42F9D118466D
:107C60007047002918BF0023F9E710F8012B11F81D
:107C7000013B012A28BF9A42F7D0D01A7047034629
:107C800011F8012B03F8012B002AF9D170470346A4
:107C900013F8012B002AFBD1181A0138704710B5D0
:107CA0006AB10139841810F8013B11F8012F934291
:107CB00003D1A04201D0002BF5D1981A10BD104677
:107CC000FCE738B503460D4669B9BDE83840FFF713
:107CD000BFBF431C044629461846FFF7B9FF0028DA
:107CE000F7D1204638BD0024F5E7F0B503787BB125
:107CF000044623782046661C7BB14A1E631E12F898
:107D0000015F4DB113F8017FAF423446F7D0F0E781
:107D10000B78002B18BF0020F0BD1846FCE72DE9BA
:107D2000F0478046894692461E460F463D460898D3
:107D300015F8014BFFF791F82044437813F008033E
:107D400032D12D2C32D17C78BD1C0122002E5DD089
:107D5000102E09D1302C07D12B7803F0DF03582BDC
:107D60004FD16C7810260235002A14BF4FF0004125
:107D70006FF000410027B1FBF6FC384606FB1C1EE5
:107D8000A4F13003092B17D81C46A64223DD7B1C27
:107D900007D084451CD301D1A64519DB00FB064062
:107DA000012715F8014BEBE72F46BFE72B2C04BF4B
:107DB000BD1C7C781A46C9E7A4F14103192B01D8F0
:107DC000373CE2E7A4F16103192B04D8573CDCE708
:107DD0004FF0FF37E5E77B1C08D12223C8F80030BD
:107DE0000846BAF1000F07D1BDE8F08702B1404262
:107DF000BAF1000FF8D00FB105F1FF39CAF80090C1
:107E0000F2E73024002EAFD10826ADE7302CA3D006
:107E10000A26A9E7084B37B51C68084D236A002BD2
:107E200008BF2B46009313460A4601462046FFF73B
:107E300076FF03B030BD00BF286100208C610020B8
:107E4000024B01461868FFF7BFBE00BF2861002043
:107E500010B50446FFF704F82044437803F0030309
:107E6000022B08BF203C204610BD30B5141E05462D
:107E70009BB0184605DA8B232B604FF0FF301BB008
:107E800030BD4FF40273ADF80C3014BF04F1FF3372
:107E90002346029305934FF6FF7300910491ADF8CA
:107EA0000E3002461E9B6946284601F0CFFC431C5B
:107EB000BCBF8B232B60002CE1D0009B00221A70EA
:107EC000DDE7000007B5009313460A460146034864
:107ED0000068FFF7CAFF03B05DF804FB28610020CB
:107EE000F8B50E461446054618B183690BB901F082
:107EF00003F8214B9C422AD16C68A369A360A38933
:107F00001A072ED5236963B323692068C01A6369F1
:107F1000F6B28342374604DC2146284600F082FF51
:107F200028BBA368013BA36023685A1C22601E7013
:107F300063690130834204D0A389DB0719D50A2E77
:107F400017D12146284600F06DFF90B10FE00B4B92
:107F50009C4201D1AC68D0E7094B9C4208BFEC6859
:107F6000CBE72146284600F01BF80028CCD04FF084
:107F7000FF373846F8BD00BF0CB103002CB1030039
:107F8000ECB0030049B1FF2A85BF8A2303600A7061
:107F90004FF0FF3098BF012070470846704700003F
:107FA000324B70B51D6806460C4625B1AB6913B956
:107FB000284600F0A1FF2E4B9C420FD16C68B4F90B
:107FC0000C309AB215072CD4D00611D40922326095
:107FD00043F04003A3814FF0FF303EE0254B9C422D
:107FE00001D1AC68EBE7244B9C4208BFEC68E6E7A4
:107FF000510712D5616B41B104F14403994202D09B
:108000003046FEF797FF00236363A38923F0240320
:10801000A3810023636023692360A38943F00803DD
:10802000A38123694BB9A38903F42073B3F5007FBF
:1080300003D02146304601F01BF8A28912F001035B
:108040000CD00023A36063695B42A361236953B929
:10805000B4F90C3013F08000BAD170BD920758BF4C
:108060006369A360F2E70020F7E700BF2861002002
:108070000CB103002CB10300ECB0030008B50620DE
:1080800001F002FD012001F0DBFE2DE9F74F03694D
:108090000C69A3428046C0F28280013C01F11407C2
:1080A0004FEA840C00F1140657F8245056F82400C7
:1080B00006EB0C03013507EB0C090193B0FBF5F55A
:1080C00095B34FF0000A3846B646D34650F8042B15
:1080D00093B205FB03A34FEA134A9BB2ABEB030336
:1080E000120CDEF800B005FB02A213FA8BF34FEA84
:1080F000124A1FFA82FBDEF80020CBEB124202EBA1
:1081000023429BB243EA024381454FEA224B4EF899
:10811000043BDBD256F80C3033B9019B043B9E4242
:108120001A4630D3C8F81040404601F049FA0028FA
:1081300025DB013530464FF0000C57F8042BD0F802
:1081400000E093B2ACEB0303120C13FA8EF3C2EB14
:108150001E4202EB23429BB243EA0243B9454FEA77
:10816000224C40F8043BE8D256F8242006EB840366
:108170002AB9043B9E421A460BD3C8F81040284641
:1081800003B0BDE8F08F1268043B002ACAD1013C5D
:10819000C5E71268043B002AEFD1013CEAE7002062
:1081A000EEE70000000000002DE9F04F57EC106BE7
:1081B00097B0456A069104460B921293DDF88080D1
:1081C000CDE900673DB91020FAF75CFE6062C0E9B6
:1081D00001550560C560636A196851B15A684A6003
:1081E000012393408B60204601F008F8636A002267
:1081F0001A603B1EBBBF23F0004301930023012202
:10820000ACBFC8F80030C8F80020AF4BDDF80480E0
:1082100033EA080314D1129A42F20F731360009BE1
:1082200023B9C8F31300002800F04285219BDFF832
:10823000ACB2002B00F044850BF1030300F03EBD0F
:10824000DDE90067002200233046394601F042FD97
:10825000814668B1129A01231360219B002B00F024
:1082600024859A4B219A03F1FF3B136000F028BD4F
:1082700014AA15A947EC106B204601F018FAC8F3B0
:108280000A550490002D7CD0C7F3130343F07F5BA5
:10829000B2464BF4401BA5F2FF35CDF84C900022BE
:1082A0008B4B50465946FEF70BF881A3D3E90023C8
:1082B000FEF7BEF980A3D3E90023FEF703F80646D4
:1082C00028460F46FEF74AF97DA3D3E90023FEF7BF
:1082D000AFF902460B4630463946FDF7F3FF064636
:1082E0000F4601F03FFD002282460023304639460A
:1082F00001F0FAFC48B15046FEF730F932463B46F1
:1083000001F0E8FC08B90AF1FF3ABAF1160F59D8A2
:10831000704901EBCA01DDE90023D1E9000101F058
:1083200001FD002850D00AF1FF3A00230F93149B5F
:108330005D1BB5F1010849BFC5F101030023059399
:108340004FF0000858BF0593BAF1000F3EDB002341
:10835000D044CDF838A00793069B092B00F29080FB
:10836000052BC4BF043B0693069BA3F10203CCBFBD
:1083700000250125032B00F28F80DFE803F07D7FCD
:108380003171DDE914531D4405F23240202813DD1C
:10839000C0F14000009B08FA00F805F2124023FAF1
:1083A00000F048EA0000FEF7C9F801238246A1F177
:1083B000F87B013D139372E7009BC0F1200003FAA4
:1083C00000F0F0E70123B1E70F90B0E7059BA3EBC6
:1083D0000A030593CAF10003079300230E93BBE73A
:1083E00001230A930B9B002B59DD02939946666A81
:1083F00000227260042202F114009842716853D97D
:10840000204600F0C7FE636A3060B9F10E0FD3F862
:1084100000B000F2E680002D00F0E3809DED007BCF
:10842000BAF1000F8DED107B74DD2A4A0AF00F03BC
:1084300002EBC30393ED007B4FEA2A16F0068DEDA5
:10844000087B65D5244BDDE91001D3E90823FEF74D
:1084500019FACDE9000106F00F0603251E4F4CE086
:1084600001230A930B9B534403F1010902934B46EA
:10847000012BB8BF0123BAE70023B2E70023F0E7DE
:108480000125002306930A954FF0FF330293994686
:10849000002212230B92AAE701230A93F4E7012397
:1084A000029399461A46F5E7013171605200A2E73E
:1084B00061436F63A787D23FB3C8608B288AC63FEA
:1084C000FB799F501344D33F0000F07FB8AF030007
:1084D0000000F83F78B1030050B10300E5B003009D
:1084E000F10708D5DDE90801D7E90023FEF7A0F878
:1084F000CDE90801013576100837002EF0D1DDE90D
:108500000823DDE90001FEF7BDF9CDE900011AE01D
:108510000225A3E700F0A080CAF100069F4BA04F00
:1085200006F00F0203EBC203D3E90023DDE91001DB
:10853000FEF77EF8CDE90001361100230225002E5A
:108540007FD1002BE1D10F9B002B00F08780DDE96C
:1085500000670022934B3046394601F0C5FB0028E6
:108560007CD0B9F1000F79D0029B002B35DD0AF1E8
:10857000FF330893394600228B4B3046FEF758F8FC
:10858000CDE90001029F01352846FDF7E7FFDDE94F
:108590000023FEF74DF80022844BFDF793FE0546BD
:1085A000A1F15076002F5DD10022814BDDE9000161
:1085B000FDF786FE2A463346CDE9000101F0B2FB05
:1085C000002840F088822A4606F10043DDE90001D8
:1085D00001F08AFB002840F07C82DDE91023CDE920
:1085E0000023159B002BC0F25081BAF10E0F00F34F
:1085F0004C816A4B03EBCA0393ED007B0B9B002B72
:108600008DED027B80F2D880B9F1000F00F3D480A9
:1086100040F05E820022664B51EC170BFEF708F823
:10862000DDE9002301F074FB4F464E46002840F080
:10863000348231230BF101058BF800300AF1010A75
:108640002FE2F20705D5D7E90023FDF7F1FF013549
:1086500001237610083772E7022574E7CDF820A0D1
:108660004F4691E74D4B03EBC70353E902010A9BC9
:10867000002B47D002460B4600204E49FEF702F978
:108680002A463346FDF71CFECDE90C015D46DDE9C7
:10869000000101F067FB0646FDF760FF02460B464E
:1086A000DDE90001FDF70CFE303605F8016BDDE970
:1086B0000C23CDE9000101F017FB002863D1DDE9AF
:1086C000002300203749FDF7FBFDDDE90C2301F015
:1086D0000BFB002840F0B780A5EB0B039F427FF710
:1086E0007CAF0022304BDDE90C01FDF7A1FF002239
:1086F000CDE90C012C4BDDE90001FDF799FFCDE937
:108700000001C4E72A463346FDF792FFCDE90C018C
:108710000BEB07055E46DDE9000101F023FB074690
:10872000FDF71CFF303702460B46DDE90001FDF77F
:10873000C7FD06F8017BAE42CDE900014FF0000213
:1087400026D11C4BDDE90C01FDF7BCFD02460B46B2
:10875000DDE9000101F0E6FA002874D1DDE90C231F
:1087600000201449FDF7ACFD02460B46DDE900018F
:1087700001F0BAFA00283FF430AF15F8013C302B75
:1087800005F1FF3202D0DDF820A04AE01546F4E7FB
:10879000054BFDF74DFFCDE90001BCE778B10300C3
:1087A00050B103000000F03F0000244000001C40D6
:1087B000000014400000E03FDDE900675D46DDE9B0
:1087C000022330463946FEF75DF801F0CBFA8046C9
:1087D000FDF7C4FEDDE90223FDF72AFF02460B4642
:1087E0003046394608F13006FDF76AFD05F8016BA1
:1087F000A5EB0B06B14502460B4639D1FDF762FDEC
:10880000DDE9022306460F4601F08CFAC8B9DDE91E
:1088100002233046394601F05DFA10B118F0010F1D
:108820000FD10499204600F0E9FC0023129A2B7026
:108830000AF101031360219B002B00F041821D60AF
:108840003EE2CDF820A015F8012C392A05F1FF33BE
:1088500008D19B450AD1089B0133089330238BF83C
:1088600000305B461A7801321A708CE71D46EAE741
:1088700000229B4BFDF7DCFE0022002306460F463C
:1088800001F028FA00289AD0CBE70A9A002A00F0D3
:108890008B80069A012A6EDC139A002A67D003F2B5
:1088A0003343079F059D059A01211A4420460592EE
:1088B000984400F043FD0646002D0CDDB8F1000F92
:1088C00009DD4545059A2B46A8BF4346D21A0592B5
:1088D000ED1AA8EB0308079BEBB10A9B002B67D0AE
:1088E0008FB131463A46204600F0C8FD049A014651
:1088F0000646204600F02BFD04990890204600F023
:108900007DFC089B0493079BDA1B04D00499204646
:1089100000F0B4FD04900121204600F00FFD0E9BF5
:108920000746002B00F0D0811A460146204600F091
:10893000A5FD069B012B074640DC009B002B39D18F
:10894000019BC3F31303002B36D1019B23F000439B
:108950001B0D1B052BB1059B0133059308F1010885
:10896000012307930E9B002B2AD1012030E0149B9A
:10897000C3F1360395E7079B09F1FF37BB42BFBF41
:10898000079B0797FA1A0E9BBBBF9B180E93DF1B22
:108990000027B9F1000FB5BF059B059DA3EB0905A5
:1089A0004B46B8BF00237EE7079F059D0A9E83E7DD
:1089B000079AABE70023D4E7009BD2E70023079395
:1089C0003B6907EB8303186900F06AFCC0F12000E3
:1089D000404410F01F0047D0C0F12003042B3BDDC2
:1089E000059BC0F11C000344059305448044059B8E
:1089F000002B05DD1A460499204600F08DFD0490F9
:108A0000B8F1000F05DD39464246204600F084FDEE
:108A100007460F9B53B33946049800F0D1FD002858
:108A200024DA00230A220499204600F0FEFB0A9B68
:108A300004900AF1FF3A002B00F04D8100233146EB
:108A40000A22204600F0F1FB029B002B06464FDC79
:108A5000069B022B4CDD11E0C9D0059A1C331A4449
:108A600005921D449844C2E70346F6E7B9F1000FAA
:108A700038DC069B022B35DDCDF80890029B63B9EC
:108A800039460522204600F0D0FB014607460498EF
:108A900000F096FD00283FF7CCAD0B9B5D466FEADA
:108AA000030A4FF000093946204600F0A7FB002ECC
:108AB0003FF4B7AEB9F1000F05D0B14503D0494638
:108AC000204600F09BFB3146204600F097FBA8E6CD
:108AD00000273E46E1E7DDF820A03E46A9E500BFBD
:108AE000000024400A9BCDF80890002B00F0FA808B
:108AF000002D05DD31462A46204600F00DFD0646D4
:108B0000079B002B4CD07168204600F043FB326974
:108B100002320546920006F10C010C30FEF7D0F946
:108B200001222946204600F0F7FC009BCDF814B046
:108B300003F00103B1460793064639460498FFF750
:108B4000A4FA4946054600F13008049800F038FDC3
:108B5000324600903946204600F04CFDC36802467C
:108B600003BB01460890049800F02AFD089A0346CA
:108B700011462046089300F041FB089BA3B9069AD2
:108B800092B9079A82B9B8F1390F29D0009B002B0E
:108B900001DD05F13108059B5D1C83F8008082E74B
:108BA0003046C2E70123E3E7009A002A04DB25D11F
:108BB000069A1ABB079A0ABB002BECDD0122049926
:108BC000204600F0A9FC3946049000F0F9FC00288A
:108BD00003DCE0D118F0010FDDD0B8F1390FD8D1A6
:108BE000059B059A5D1C3923137015F8013C392B40
:108BF00005F1FF324FD00133137054E7059A002B73
:108C000002F1010506DDB8F1390FE9D008F10108DC
:108C1000059BC2E7029A05F8018CA5EB0B03934272
:108C200021D000230A220499204600F0FEFAB14523
:108C300004904FF000034FF00A024946204605D148
:108C400000F0F3FA81460646059576E700F0EDFA66
:108C50003146814600230A22204600F0E6FA064605
:108C6000F2E74FF0000901220499204600F054FC7D
:108C70003946049000F0A4FC0028B6DC02D118F0BC
:108C8000010FB2D115F8013C302B05F1FF327FF412
:108C90000AAF1546F6E7934505D131230AF1010ADB
:108CA0008BF80030FFE615469FE7DFF864B007E079
:108CB000219BDFF860B01BB10BF10803219A136010
:108CC000584617B0BDE8F08F069B012B7FF735AEF5
:108CD0000E9B079349E6029B002B03DC069B022BAD
:108CE0003FF7CCAE5D4639460498FFF7CEF900F168
:108CF000300805F8018B029AA5EB0B039A42B0DD10
:108D000000230A220499204600F08FFA0490EAE733
:108D1000B7AF0300DCB003008A892DE9F0410546B6
:108D200010070C4658D44B68002B05DC0B6C002B4D
:108D300002DC0020BDE8F081E66A002EF9D00023B5
:108D400012F480522F68216A2B6032D0606DA389A3
:108D50005A0705D56368C01A636B0BB1236CC01A40
:108D600000230246E66A216A2846B047431CA389CD
:108D700006D129681D2948D8294ACA40D60744D5B2
:108D800000226260D9042269226004D5421C01D10C
:108D90002B6803B96065616B2F600029C9D004F1AD
:108DA0004403994202D02846FEF7C4F800206063CD
:108DB000C0E701232846B047411CC8D12B68002BCF
:108DC000C5D01D2B01D0162B01D12F60B1E7A3898F
:108DD00043F04003A381ADE70F69002FA9D09307AB
:108DE0000E6808BF4B690F6018BF0023A6EB070889
:108DF0008B60B8F1000F9CDD43463A46216AA66AB3
:108E00002846B047002806DCA38943F04003A3812D
:108E10004FF0FF308EE70744A8EB0008E9E700BFFA
:108E20000100402038B50B6905460C46DBB118B18E
:108E300083690BB900F060F80C4B9C4209D16C6857
:108E4000B4F90C307BB121462846BDE83840FFF725
:108E500063BF074B9C4201D1AC68F1E7054B9C42D4
:108E600008BFEC68ECE7002038BD00BF0CB1030080
:108E70002CB10300ECB00300002310B50446C0E998
:108E80000033836081814366C281C0E9043383611A
:108E9000194608225C30FEF737F8054B6362054B34
:108EA000A362054BE362054B2462236310BD00BF40
:108EB000C19A0300E39A03001B9B03003F9B03003E
:108EC000014900F085B800BF258E030070B54A1E29
:108ED000682555430E4605F17401FEF779F80446FE
:108EE00040B10021C0E900160C30A06005F1680215
:108EF000FEF70AF8204670BD836910B5044633BBFF
:108F0000C0E912330365124B124A1B688262984211
:108F100004BF0123836100F01FF86060204600F069
:108F20001BF8A060204600F017F80022E060042142
:108F30006068FFF7A1FF01220921A068FFF79CFFED
:108F400002221221E068FFF797FF0123A36110BD01
:108F500088AF0300C18E0300F8B51B4B1E68B369D0
:108F6000074613B93046FFF7C7FF4836D6E9013444
:108F7000013B03D5336833B13668F7E7B4F90C50D9
:108F80006DB16834F4E704213846FFF79FFF306085
:108F90000028F1D10C233B6004462046F8BD0B4B62
:108FA0006566C4E90055A560C4E90335C4E9055503
:108FB0000822294604F15C00FDF7A6FFC4E90D551F
:108FC000C4E91255E9E700BF88AF03000100FFFFC5
:108FD0002DE9F8438046894600F14804002614B97B
:108FE0003046BDE8F883D4E90175013F01D5246816
:108FF000F5E7AB89012B07D9B5F90E30013303D062
:1090000029464046C84706436835EEE7044B1B68CF
:10901000186A044B002808BF1846F030704700BF9C
:10902000286100208C61002070B50E46B1F90E1049
:10903000002996B014461D4607DA00232B60B38939
:109040001A0610D44FF480630EE06A4600F09EFDCD
:109050000028F2DB019A02F47042A2F500535A4252
:109060005A412A60EEE740230020236016B070BD0D
:109070008B8973B59D0706460C4607D504F1470357
:10908000236023610123636102B070BD01AB6A46B6
:10909000FFF7CAFF009905463046FDF799FF48B92A
:1090A000B4F90C309A05EFD423F0030343F0020324
:1090B000A381E3E70D4BB362A389206043F08003F3
:1090C000A381009B6361019B20615BB1B4F90E1029
:1090D000304600F06DFD28B1A38923F0030343F06F
:1090E0000103A381A3891D43A581CDE7C18E0300A0
:1090F00001F0FF01102A2BDB10F0070F08D010F849
:10910000013B013A8B422DD010F0070F42B3F6D14C
:10911000F0B441EA012141EA014122F007047FF065
:1091200000070023F0E80256083C85EA010586EABC
:10913000010685FA47F5A3FA87F586FA47F6A5FAF8
:1091400087F68EB9EED1F0BC01F0FF0102F0070204
:1091500032B110F8013B013A83EA010313B1F8D1AF
:109160000020704701387047002D06BF3546033890
:10917000073815F0010F07D1013015F4807F02BFC9
:10918000013015F4C03F0130F0BC0138704700BF1A
:109190007047704770B5456A04460E463DB91020C9
:1091A000F9F770FE6062C0E901550560C560656A47
:1091B000EB6883B1636ADB6853F82600B8B9012114
:1091C00001FA06F56A1D92002046FDF7A5FE60B182
:1091D000C0E901650EE0212204212046FDF79CFE36
:1091E000636AE860DB68002BE4D1002070BD026890
:1091F00043F826200023C0E90333F7E770B5446A3B
:1092000006460D463CB91020F9F73CFE7062C0E9F5
:1092100001440460C4603DB1736A6A68DB6853F856
:109220002210296043F8225070BD2DE9F0410D69EC
:109230001F4606460C4601F1140C0023DCF8000022
:1092400081B202FB01710F0C000C02FB007089B2AD
:10925000013301EB00419D424FEA10474CF8041BDB
:10926000ECDCD7B1A368AB4212DC61683046013157
:10927000FFF790FF2269023204F10C018046920050
:109280000C30FDF71DFE21463046FFF7B7FF444680
:1092900004EB850301355F6125612046BDE8F0815F
:1092A000020C12040346B2B90304102013F07F4FDE
:1092B00004BF1B02083013F0704F04BF1B010430C1
:1092C00013F0404F04BF9B000230002B06DB5B0015
:1092D00003D5013070470020E8E72020704703687D
:1092E00013F0070201460BD0DA0723D4980749BFD1
:1092F0005B089B0801200B605CBF0B60022070477D
:1093000098B2A8B91B0C102013F0FF0F04BF1B0A62
:1093100008301A0704BF1B0904309A0704BF9B08D2
:109320000230DA0702D45B0806D001300B607047C8
:109330001046E9E7002070472020704710B50C4622
:109340000121FFF727FF01224461026110BD2DE9D1
:10935000F74F14460A6923699A42B8BF0B468846FC
:10936000BCBFA0461C46D8F81070D4F81090D8F8AE
:109370000830D8F8041007EB0906B342B8BF013132
:10938000FFF708FF00F1140505EB860E2B460022BF
:10939000734516D304F1140208F1140102EB89039A
:1093A00001EB87070093009B019293420CD8002E9B
:1093B00003DD5EF8043D002B5DD0066103B0BDE81F
:1093C000F08F43F8042BE3E7B2F800B0BBF1000FD5
:1093D00023D08946AC464FF0000859F8044BDCF81E
:1093E00000A0A3B21FFA8AFA0BFB03A34FEA144AA8
:1093F000DCF8004043444FEA14480BFB0A8404EBBA
:109400001344E2469BB243EA04434F454FEA1448F3
:109410004AF8043B2BD8CCF80480019BB3F802A097
:109420000432BAF1000F20D02B688946A8464FF0CD
:10943000000BB9F800C0B8F802400AFB0C445C44C9
:10944000C4469BB243EA04434CF8043B59F8043B3E
:10945000B8F804B01B0C0AFB03B303EB14434F45ED
:109460004FEA134B05D8C8F8043004359BE7D446BF
:10947000B3E7E046DDE7013E99E700002DE9F84358
:10948000154612F0030206460F4607D0013A214C5A
:10949000002354F82220FFF7C8FE0746AD1035D050
:1094A000746A3CB91020F9F7EDFC7062C0E9014420
:1094B0000460C460D6F82480D8F808404CB940F263
:1094C00071213046FFF73AFF0023C8F80800044630
:1094D00003604FF00008EB070AD5394622463046B4
:1094E000FFF735FF394681463046FFF787FE4F4686
:1094F0006D100BD0206838B9224621463046FFF760
:1095000026FF2060C0F800800446E4E73846BDE846
:10951000F88300BF40B203002DE9F0470C464FEA44
:10952000621A236949680AEB0309A36807461646CD
:1095300009F10105AB4232DB3846FFF72BFE002371
:10954000804600F114011A4653452BDB20692AEAB4
:10955000EA7A04F1140316F01F0201EB8A0103EB0F
:10956000800C25D0C2F1200E00201E688A4696404D
:1095700030434AF8040B53F8040B9C4520FA0EF0D4
:1095800014D8486008B109F10205013D3846C8F811
:1095900010502146FFF732FE4046BDE8F08701310A
:1095A0005B00C7E741F823200133CDE75146DCE7F4
:1095B000043953F8042B41F8042F9C45F9D8E4E70B
:1095C00003690A699B1A30B50CD19200143014312A
:1095D0008418114454F8045D51F8042D954203D0C9
:1095E00005D30123184630BDA042F3D3FAE74FF06C
:1095F000FF33F7E72DE9F0470D46074611462846A9
:109600001446FFF7DDFF061E08D131463846FFF746
:10961000C1FD0123C0E90436BDE8F087A4BF23469D
:109620002C4638466168A6BF1D4600260126FFF776
:10963000B1FD2B69C660266905F1140904F1140215
:1096400002EB860709EB830800F114054FF0000ECA
:1096500052F804AB59F8044B1EFA8AF1A3B2C91AA6
:10966000230CC3EB1A4303EB214389B24FEA234E89
:10967000C84541EA0343944645F8043BE8D8BC4555
:1096800004D355F8043D83B10661C5E75CF8041BBB
:109690001EFA81F31A1402EB11429BB243EA024311
:1096A0004FEA224E45F8043BE9E7013EE9E72DE9A0
:1096B000F7430E46012159EC108B1546FFF76AFD62
:1096C000C9F30A540746C9F3130334BB0193B8F135
:1096D000000327D002A840F8083DFFF700FE0099DC
:1096E000F0B1019AC0F1200302FA03F30B43C24028
:1096F0007B610192019BBB61002B14BF0221012100
:109700003961C4B1A4F2334404443460C0F135007B
:109710002860384603B0BDE8F08343F48013D5E7F2
:109720007961E7E701A8FFF7DAFD019B7B61012181
:1097300039612030E5E707EB8103A0F23240306069
:109740001869FFF7ADFDC0EB4110E1E7F8B507463A
:1097500014460E4621B91146BDE8F840FDF738BC65
:1097600022B9FDF7E7FB25462846F8BD00F042FA8E
:10977000A0420FD221463846FDF72AFC05460028B4
:10978000F2D031462246FDF79BFB31463846FDF7C5
:10979000D1FBE9E73546E7E72DE9F0478E689E42C1
:1097A00082460C469046994637D88A8912F4906FC3
:1097B00031D0256809696F1A6569022305EB4505F3
:1097C00095FBF3F509F101033B449D4238BF1D466B
:1097D000530530D52946FDF7FBFB064650B90C234F
:1097E000CAF80030A38943F04003A3814FF0FF3053
:1097F000BDE8F0873A462169FDF762FBA38923F4AF
:10980000906343F08003A381266165613E44ED1BB4
:109810002660A5604E464E4500D94E46324641462A
:109820002068FDF758FBA3689B1BA36023681E44B8
:1098300026600020DCE72A46FFF788FF064600285E
:10984000E2D121695046FDF775FBC8E72DE9F04FDD
:109850009DB0804603938B891D060C4616460FD596
:109860000B696BB94021FDF7B3FB2060206128B97B
:109870000C23C8F800304FF0FF30C7E0402363618D
:109880000023099320238DF8293030238DF82A30C6
:109890004FF0010B37463D4615F8013B0BB1252B28
:1098A0003ED1B7EB060A0BD053463246214640461E
:1098B000FFF772FF013000F0A480099B5344099325
:1098C0003B78002B00F09D8000234FF0FF32CDE964
:1098D0000523049307938DF853301A932F460522DE
:1098E00017F8011B4F48FFF703FC049BD0B9D906BA
:1098F00044BF20228DF853201A0744BF2B228DF835
:1099000053202A782A2A15D0079A2F4600200A25A4
:10991000394611F8013B303B092B4DD9B8B10FE066
:109920002F46B8E73F4A801A0BFA00F0184304901C
:109930003D46D3E7039A111D12680391002A01DB0B
:10994000079204E0524243F00203079204933B78EB
:109950002E2B0CD17B782A2B33D1039B1A1D1B682D
:109960000392002BB8BF4FF0FF33023705932E4D03
:10997000397803222846FFF7BBFB38B14023401B50
:1099800003FA00F0049B0343013704933978274816
:109990008DF8281006227E1CFFF7AAFB002838D07D
:1099A000234B13BB039B073323F0070308330393B5
:1099B000099B4B4409936DE705FB023201200F46DA
:1099C000A6E700230137059319460A25384610F803
:1099D000012B303A092A03D9002BC8D00591C6E7DC
:1099E00005FB012101230746F0E703AB0093224664
:1099F000104B04A94046FDF717FDB0F1FF3F81462B
:109A0000D6D1A3895B063FF536AF09981DB0BDE8F6
:109A1000F08F03AB00932246064B04A94046FDF7A6
:109A2000B9FFEAE796AF03009CAF0300A0AF0300C5
:109A300029740300999703001F2938B504460D4681
:109A400004D9162303604FF0FF3038BD426C12B1C9
:109A500052F821304BB9204600F030F82A46014632
:109A60002046BDE8384000F017B8012B0AD0591C39
:109A700003D1162303600120E7E7002442F82540C4
:109A8000284698470020E0E7024B01461868FFF798
:109A9000D3BF00BF2861002038B5074C002305461E
:109AA00008461146236000F0A5F9431C02D1236843
:109AB00003B12B6038BD00BF7CA7002000F08AB93D
:109AC00010B50C46B1F90E1000F09CF80028ABBFA1
:109AD000636DA3891B1823F48053ACBF6365A38116
:109AE00010BD2DE9F0411F468B89DB0505460C466C
:109AF000164605D502230022B1F90E1000F068F8D1
:109B0000A389B4F90E1023F48053A38132463B4657
:109B10002846BDE8F04100F017B810B50C46B1F981
:109B20000E1000F055F8431CA38915BF606523F49F
:109B3000805343F48053A38118BFA38110BDB1F9B2
:109B40000E1000F013B8000038B5074C0546084663
:109B50001146002222601A46FBF7C4FC431C02D1C6
:109B6000236803B12B6038BD7CA7002038B5064CB4
:109B7000002305460846236000F01CF9431C02D16F
:109B8000236803B12B6038BD7CA7002038B5074C93
:109B90000023054608461146236000F013F9431CD4
:109BA00002D1236803B12B6038BD00BF7CA7002021
:109BB00038B5064C002305460846236000F012F92C
:109BC000431C02D1236803B12B6038BD7CA7002061
:109BD00038B5074C054608461146002222601A4651
:109BE00000F010F9431C02D1236803B12B6038BD8B
:109BF0007CA7002051F8043C181F002BBCBF0B5859
:109C0000C018704738B5074C054608461146002273
:109C100022601A4600F0FEF8431C02D1236803B10B
:109C20002B6038BD7CA700204FF0FF3C06E000BF52
:109C30004FF0010C02E000BF4FF0010C4DF804CDD5
:109C40004FEA410C7FEA6C5C4FEA430C18BF7FEA95
:109C50006C5C1BD001B050EA410C0CBF52EA430CC3
:109C600091EA030F02BF90EA020F0020704710F143
:109C7000000F91EA030F58BF994208BF90422CBFD2
:109C8000D8176FEAE37040F0010070474FEA410CCB
:109C90007FEA6C5C02D150EA013C07D14FEA430CE9
:109CA0007FEA6C5CD6D152EA033CD3D05DF8040B5A
:109CB000704700BF8446104662468C46194663468C
:109CC00000E000BF01B5FFF7B7FF002848BF10F163
:109CD000000F01BD4DF808EDFFF7F4FF0CBF0120A8
:109CE00000205DF808FB00BF4DF808EDFFF7EAFF24
:109CF00034BF012000205DF808FB00BF4DF808EDDF
:109D0000FFF7E0FF94BF012000205DF808FB00BFD3
:109D10004DF808EDFFF7CEFF94BF012000205DF85D
:109D200008FB00BF4DF808EDFFF7C4FF34BF01206A
:109D300000205DF808FB00BF4FEA410C7FEA6C5C35
:109D400002D150EA013C0AD14FEA430C7FEA6C5C35
:109D500002D152EA033C02D14FF0000070474FF0AD
:109D6000010070474FEA410212F5001215D211D5D9
:109D70006FF47873B3EB625212D94FEAC12343F008
:109D8000004343EA505311F0004F23FA02F018BF8A
:109D9000404270474FF00000704750EA013005D153
:109DA00011F0004008BF6FF0004070474FF0000016
:109DB000704700BF024B58221A604FF0FF307047C7
:109DC0007CA70020024B58221A604FF0FF307047EA
:109DD0007CA70020024B58221A604FF0FF307047DA
:109DE0007CA70020024B58221A600020704700BF59
:109DF0007CA70020024B58221A604FF0FF307047BA
:109E00007CA70020024B58221A604FF0FF307047A9
:109E10007CA70020024B58221A604FF0FF30704799
:109E20007CA70020044A05491368002B08BF0B4695
:109E3000184410601846704758A7002080A70020DB
:109E4000FEE700BFF8B500BFF8BC08BC9E467047EF
:109E5000F8B500BFF8BC08BC9E46704754696E79DF
:109E60005553422053657269616C00000000000088
:109E7000000000003165020089630200796302007E
:109E80006D630200F16202003D6302001163020093
:109E9000D1630200F0FFFFFF00000000296502000F
:109EA00012010002000000409A23B30000010102E9
:109EB0000301000009020900000100A032000000B7
:109EC00030313233343536373839414243444546F0
:109ED0004E6F6C6F676F000050726F4D6963726FE9
:109EE000204E5246353238343000000041646166FD
:109EF00072756974000000004D6173732053746FB4
:109F00007261676500000000312E30007573626475
:109F100000000000050F3900021810050038B608CF
:109F200034A909A0478BFDA0768815B6650001010C
:109F3000011C100500DF60DDD88945C74C9CD26547
:109F40009D9E648A9F00000306B200020001030088
:109F50000000000019700200A9700200D570020014
:109F60001D71020029720200FD7202000000000053
:109F700000000000757D020000000000857D0200E9
:109F8000957D02002D7E02007D7F02000000000012
:109F900000000000B5740200CD740200D17402000C
:109FA000E9740200B1750200D977020000000000D8
:109FB00000000000758C0200998C02009D8C02004C
:109FC000C18C0200E98D02006995020000000000CA
:109FD000000000009978020009790200357902003A
:109FE0005D790200917A0200957A0200000000007B
:109FF000000000004D860200A5860200C186020016
:10A00000E58602003D6D02001D8802000000000090
:10A010005F757362645F7164656600005D200000B7
:10A02000C8A10300D0A10300D8A10300E0A1030050
:10A03000ECA10300F4A1030000A2030010A203009E
:10A040001CA203002B434D4752443A002B434D477B
:10A05000523A00006E6F202B434D475220686561D5
:10A0600064657220696E207265706C790000000072
:10A07000756E6578706563746564202B434D475237
:10A0800020706172616D6574657273202825642982
:10A090000000000041542B43535100002B43535107
:10A0A0003A0000006E6F20273E272070726F6D709F
:10A0B0007400000041542B434C49503D31000000D6
:10A0C00069676E6F7265643A2025730041544530AC
:10A0D00000000000415400006E6F7469666963619E
:10A0E00074696F6E2071756575652066756C6C2C72
:10A0F0002064726F7070696E673A202573000000EB
:10A100004552524F520000002B434D4520455252BC
:10A110004F5200002B434D53204552524F520000E6
:10A120002573202D3E202573000000002573207428
:10A13000696D6564206F7574000000002B000000DD
:10A1400041542B434D47533D22257322000000000C
:10A1500073656E64206661696C65643A20257300DE
:10A1600073656E642074696D6564206F757400009A
:10A1700052582025730000006F76657273697A6506
:10A1800064206C696E6520646973636172646564E0
:10A190000000000041542B43504D533F000000008D
:10A1A00041542B434D47463D3100000041542B4361
:10A1B0004D47443D2575000054582025730000008C
:10A1C0006D6F64656D00000052494E47000000004D
:10A1D0002B434C49503A00002B434D54493A000060
:10A1E0004E4F204341525249455200002B43454EA9
:10A1F000443A0000564F4943452043414C4C3A00F5
:10A200004D49535345445F43414C4C3A00000000D4
:10A210004E4F20414E53574552000000425553596E
:10A2200000000000636F6D706F73652020454E5411
:10A2300045523A6E657874204553433A63616E63C4
:10A24000656C0000636F6D706F73652020454E5420
:10A2500045523A73656E64204553433A63616E63B9
:10A26000656C00005F000000546F3A2000000000A1
:10A2700076343220636F6E736F6C652020205441FA
:10A28000423A6D6573736167657300006B6579733E
:10A29000206563686F2068657265202D2D207072BF
:10A2A00065737320616E79206B65790041542B438F
:10A2B0004D47523D2564000073696720000000008F
:10A2C0002F33310020286E6F6E65290020287765B6
:10A2D000616B29002020736D732000002F000000A7
:10A2E0002046554C4C21000020286E6561726C7927
:10A2F0002066756C6C2900004556454E543A200086
:10A30000534D532066726F6D200000006F6B00008C
:10A3100064656C65746520736C6F742025643A20E5
:10A32000257300004641494C454400006465627550
:10A3300067206F6E000000006465627567206F66BD
:10A340006600000073746174757300004154490025
:10A350006D6F64656C2028415449290041542B439A
:10A3600050494E3F0000000053494D206361726424
:10A37000202841542B4350494E3F290041542B4340
:10A380005245473F0000000072656769737472614F
:10A3900074696F6E202841542B435245473F290072
:10A3A000646562756700000072616D0020627974F7
:10A3B0006573206672656500636F6D6D616E6473B1
:10A3C0003A000000202041542E2E2E2020207365BC
:10A3D0006E6420616E7920415420636F6D6D616EF3
:10A3E0006420746F20746865206D6F64656D2C2027
:10A3F0007072696E7420746865207265706C790083
:10A400002020737461747573202072652D72756ECF
:10A4100020746865206D6F64656D206865616C747B
:10A420006820636865636B0020206465627567203F
:10A430002020746F67676C6520726177204154201B
:10A4400054582F52582074726163696E670000007F
:10A45000202072616D202020202073686F77206695
:10A460007265652052414D00202068656C70202087
:10A47000202074686973206C6973740020200000C8
:10A480003A204F4B000000003A204641494C4544D9
:10A49000000000003E0000006D7367732020454EF1
:10A4A000543A7669657720643A64656C20633A6E45
:10A4B000657720723A6C6F61642045534300000059
:10A4C0006E6F206D65737361676573206F6E2053C7
:10A4D000494D000028746578742074686973207091
:10A4E000686F6E652C207468656E2070726573737A
:10A4F000207229006D6573736167652020643A647A
:10A50000656C20723A7265706C79204553433A62EB
:10A5100061636B0046726F6D2000000041542B4355
:10A520004D474C3D22414C4C2200000041542B43EE
:10A530004D474C206661696C656400002B434D47B4
:10A540004C3A00003F0000002564206D6573736184
:10A550006765287329206F6E2053494D0000000065
:10A56000736D730030782530325800006B65793A8E
:10A570002027000027202028307800006B657920F4
:10A58000636F64652030780073656E64696E672E52
:10A590002E2E000073656E6420746F2025733A20A0
:10A5A0002573000073656E74204F4B0053454E4475
:10A5B000204641494C4544006D6F64656D207265CD
:10A5C00073706F6E646564206C617465202D2D203E
:10A5D00055415254204F4B006B6579626F61726434
:10A5E000204F4B2028706C756767656420696E206A
:10A5F0006C617465290000006B6579626F6172643B
:10A60000204F4B2028307835462900006B65796251
:10A610006F617264204E4F5420464F554E44206166
:10A6200074203078354600006469792D70686F6E4B
:10A6300065207634320000007374617274696E674D
:10A640002E2E2E00646973706C6179204F4B0000D0
:10A650002020636865636B205344412D3E382C20D5
:10A6600053434C2D3E372C20332E33562C20474E4F
:10A670004400000077616974696E6720666F72201C
:10A680006D6F64656D2028757020746F2033307392
:10A69000292E2E2E0000000041543A204F4B202D31
:10A6A0002D205541525420776972696E6720676F7B
:10A6B0006F6400005441423A206D657373616765B1
:10A6C000206C69737420207C202074657874206D60
:10A6D000652100004E4F20524553504F4E534520A8
:10A6E00066726F6D206D6F64656D000041543A2095
:10A6F0006E6F207265706C79202D2D206368656304
:10A700006B2054582D3E342C2052582D3E332C00B3
:10A710002020636F6D6D6F6E20474E442C206D6F4F
:10A7200064656D20706F77657200000000000000A6
:10A7300000000000B9F70200E1F70200996A020088
:10A740009DF70200A1F70200A9F70200B1F702008D
:10A75000705F73706920213D204E554C4C00000005
:10A760002F686F6D652F6477626C6169722F2E7030
:10A770006C6174666F726D696F2F7061636B616776
:10A7800065732F6672616D65776F726B2D61726490
:10A7900075696E6F61646166727569746E72663533
:10A7A000322F6C69627261726965732F5350492F41
:10A7B0005350492E63707000535049436C6173735A
:10A7C0003A3A535049436C617373284E52465F5373
:10A7D00050494D5F547970652A2C2075696E743824
:10A7E0005F742C2075696E74385F742C2075696EE7
:10A7F00074385F742900000000000000003E5B4FC9
:10A800005B3E3E6B4F6B3E1C3E7C3E1C183C7E3CD0
:10A81000181C577D571C1C5E7F5E1C00183C1800DE
:10A82000FFE7C3E7FF0018241800FFE7DBE7FF306E
:10A83000483A060E2629792926407F050507407FDC
:10A8400005253F5A3CE73C5A7F3E1C1C08081C1C4F
:10A850003E7F14227F22145F5F005F5F06097F0145
:10A860007F006689956A606060606094A2FFA29430
:10A8700008047E040810207E201008082A1C0808FE
:10A880001C2A08081E101010100C1E0C1E0C30384C
:10A890003E3830060E3E0E06000000000000005F4D
:10A8A00000000007000700147F147F14242A7F2A69
:10A8B000122313086462364956205000080703002B
:10A8C000001C2241000041221C002A1C7F1C2A0877
:10A8D000083E0808008070300008080808080000DA
:10A8E00060600020100804023E5149453E00427F4E
:10A8F000400072494949462141494D331814127F9D
:10A900001027454545393C4A49493141211109073C
:10A910003649494936464949291E000014000000BD
:10A92000403400000008142241141414141400418F
:10A9300022140802015909063E415D594E7C12114C
:10A94000127C7F494949363E414141227F41414184
:10A950003E7F494949417F090909013E41415173FF
:10A960007F0808087F00417F41002040413F017F70
:10A97000081422417F404040407F021C027F7F0438
:10A9800008107F3E4141413E7F090909063E415181
:10A99000215E7F09192946264949493203017F0171
:10A9A000033F4040403F1F2040201F3F4038403F72
:10A9B000631408146303047804036159494D430088
:10A9C0007F4141410204081020004141417F0402BF
:10A9D0000102044040404040000307080020545456
:10A9E00078407F2844443838444444283844442834
:10A9F0007F385454541800087E090218A4A49C7887
:10AA00007F0804047800447D40002040403D007FE2
:10AA10001028440000417F40007C047804787C08C2
:10AA20000404783844444438FC1824241818242496
:10AA300018FC7C08040408485454542404043F447B
:10AA4000243C4040207C1C2040201C3C4030403CAA
:10AA500044281028444C9090907C4464544C44000A
:10AA6000083641000000770000004136080002016E
:10AA70000204023C2623263C1EA1A161123A40405A
:10AA8000207A3854545559215555794122545478D7
:10AA900042215554784020545579400C1E52721270
:10AAA00039555555593954545459395554545800F9
:10AAB00000457C410002457D420001457C407D12FD
:10AAC00011127DF0282528F07C545545002054545F
:10AAD0007C547C0A097F4932494949323A4444440A
:10AAE0003A324A4848303A4141217A3A4240207845
:10AAF000009DA0A07D3D4242423D3D4040403D3C46
:10AB000024FF2424487E4943662B2FFC2F2BFF096A
:10AB100029F620C0887E090320545479410000445E
:10AB20007D413048484A32384040227A007A0A0A49
:10AB3000727D0D19317D2629292F282629292926BC
:10AB400030484D4020380808080808080808382F01
:10AB500010C8ACBA2F102834FA00007B000008148B
:10AB60002A142222142A14085500550055AA55AA61
:10AB700055AAFF55FF55FF000000FF00101010FF01
:10AB800000141414FF001010FF00FF1010F010F05C
:10AB9000141414FC001414F700FF0000FF00FF144D
:10ABA00014F404FC141417101F10101F101F141499
:10ABB000141F00101010F0000000001F10101010E3
:10ABC0001F10101010F010000000FF1010101010D7
:10ABD00010101010FF10000000FF140000FF00FF15
:10ABE00000001F10170000FC04F4141417101714B1
:10ABF00014F404F40000FF00F714141414141414D3
:10AC0000F700F7141414171410101F101F14141445
:10AC1000F4141010F010F000001F101F0000001FAF
:10AC200014000000FC140000F010F01010FF10FFE2
:10AC3000141414FF141010101F00000000F010FF77
:10AC4000FFFFFFFFF0F0F0F0F0FFFFFF000000005B
:10AC500000FFFF0F0F0F0F0F3844443844FC4A4ADF
:10AC60004A347E02020606027E027E026355494194
:10AC7000633844443C04407E201E2006027E0202CB
:10AC800099A5E7A5991C2A492A1C4C7201724C30DF
:10AC90004A4D4D303048784830BC625A463D3E49B6
:10ACA0004949007E0101017E2A2A2A2A2A44445F5A
:10ACB000444440514A444040444A51400000FF014E
:10ACC00003E080FF000008086B6B0836123624365C
:10ACD000060F090F060000181800000010100030C1
:10ACE00040FF0101001F01011E00191D1712003C49
:10ACF0003C3C3C00000000000000000000000000A0
:10AD0000F90A0300451E0300996A020031FE0200A1
:10AD1000352E030035FE020039FE0200C501030096
:10AD200049FE02005DFE02009100030035FE0200B4
:10AD300075FE020071FE0200F50303001903030013
:10AD400041FF02006102030099FE0200C1FF020000
:10AD50000000000000000000F90A0300451E030087
:10AD6000996A020031FE0200150E0300210C030057
:10AD70006D0D0300C9110300A9120300291303007C
:10AD800091000300510C030075FE0200750C0300D6
:10AD9000A1140300AD130300911503006102030029
:10ADA00099FE0200C1FF0200352E0300352E03007C
:10ADB0000901809611800A3A81550A3601082A0451
:10ADC000000000F02B040000014021800A13800ADB
:10ADD00029800A000000000000000000F90A0300BA
:10ADE000451E0300996A020031FE0200150E0300A1
:10ADF000210C03006D0D0300C9110300A91203000B
:10AE00002913030091000300510C0300F91A0300F9
:10AE1000750C0300A1140300AD130300911503008A
:10AE20006102030099FE0200C1FF0200811C0300C1
:10AE30009D1C03000000000000000000F90A030050
:10AE4000451E0300996A020031FE0200150E030040
:10AE5000210C03006D0D0300C9110300A9120300AA
:10AE60002913030091000300510C0300ED1C0300A3
:10AE7000750C0300A1140300AD130300911503002A
:10AE80006102030099FE0200C1FF0200811C030061
:10AE90009D1C0300080000000600000011000000D7
:10AEA0001400000016000000180000002000000040
:10AEB0000B00000024000000260000000900000034
:10AEC0000A0000002B0000002D0000002F000000F1
:10AED000020000001D0000001F0000002100000013
:10AEE00022000000250000000D0000000F000000FF
:10AEF0000D0A000000000000000000001121030006
:10AF00005D210300CD200300E5200300B5200300F0
:10AF1000C5200300BD200300C1210300F923030065
:10AF20000D20030005200300546D72510000000045
:10AF3000546D7220537663006C6F6F7000000000D8
:10AF400043616C6C6261636B000000002C206675CD
:10AF50006E6374696F6E3A20006173736572746911
:10AF60006F6E2022257322206661696C65643A2029
:10AF700066696C6520222573222C206C696E652021
:10AF80002564257325730A002C6100204300504F6F
:10AF9000534958002E00232D302B2000686C4C00A4
:10AFA00065666745464700494E4600696E66004E35
:10AFB000414E006E616E0030003031323334353630
:10AFC0003738394142434445460030313233343515
:10AFD00036373839616263646566000020202020BE
:10AFE0002020202020282828282820202020202039
:10AFF0002020202020202020202020208810101019
:10B000001010101010101010101010100404040470
:10B0100004040404040410101010101010414141E5
:10B020004141410101010101010101010101010150
:10B0300001010101010101101010101010424242E3
:10B040004242420202020202020202020202020220
:10B050000202020202020210101010200000000082
:10B0600000000000000000000000000000000000E0
:10B0700000000000000000000000000000000000D0
:10B0800000000000000000000000000000000000C0
:10B0900000000000000000000000000000000000B0
:10B0A00000000000000000000000000000000000A0
:10B0B0000000000000000000000000000000000090
:10B0C0000000000000000000000000000000000080
:10B0D000000000000000000000000000496E6669EA
:10B0E0006E697479004E614E00000000000000009F
:10B0F0000000000000000000000000000000000050
:10B10000000000000000000000000000000000003F
:10B11000000000000000000000000000000000002F
:10B12000000000000000000000000000000000001F
:10B13000000000000000000000000000000000000F
:10B1400000000000000000000000000000000000FF
:10B150000080E03779C34143176E05B5B5B8934613
:10B16000F5F93FE9034F384D321D30F94877825ADF
:10B170003CBF737FDD4F1575000000000000F03FFD
:10B1800000000000000024400000000000005940C2
:10B190000000000000408F40000000000088C34015
:10B1A00000000000006AF8400000000080842E418A
:10B1B00000000000D01263410000000084D79741D6
:10B1C0000000000065CDCD41000000205FA00242DC
:10B1D000000000E876483742000000A2941A6D4251
:10B1E000000040E59C30A2420000901EC4BCD64244
:10B1F00000003426F56B0C430080E03779C34143EF
:10B2000000A0D8855734764300C84E676DC1AB4364
:10B21000003D9160E458E143408CB5781DAF154482
:10B2200050EFE2D6E41A4B4492D54D06CFF080445D
:10B23000F64AE1C7022DB544B49DD9794378EA4472
:10B2400005000000190000007D0000000000000063
:08B2500000B0FE7F01000000C8
:10B25800000000000A00000000000306B200080019
:10B2680001000000A800080002000000A00014006F
:10B27800030057494E5553420000000000000000EB
:10B2880000008400040007002A00440065007600DE
:10B2980069006300650049006E0074006500720073
:10B2A80066006100630065004700550049004400DE
:10B2B8007300000050007B0039003700350046005D
:10B2C80034003400440039002D00300044003000C0
:10B2D80038002D0034003300460044002D003800AB
:10B2E8004200330045002D00310032003700430092
:10B2F800410038004100460046004600390044003D
:10B308007D000000000000000400000010000C0098
:10B318005072002010A00300000000000000000090
:10B328000000000000000000000000000000000015
:10B338000000000000000000000000000000000005
:10B3480000000000000000000000000000000000F5
:10B3580000000000000000000000000000000000E5
:10B368000000000000000000FF02000018000000BC
:10B37800FFFFFFFF0090D0032C61002000000000B9
:10B388000CB103002CB10300ECB003000000000076
:10B3980000000000000000000000000000000000A5
:10B3A8000000000000000000000000000000000095
:10B3B8000000000000000000000000000000000085
:10B3C8000000000000000000000000000000000075
:10B3D8000000000000000000000000004300000022
:10B3E8000000000000000000000000000000000055
:10B3F8000000000000000000000000004300000002
:10B408000000000000000000000000000000000034
:10B4180000000000000000000000000043000000E1
:10B428000000000000000000000000000000000014
:10B4380000000000000000000000000043000000C1
:10B4480000000000000000000000000000000000F4
:10B4580000000000000000000000000043000000A1
:10B4680000000000000000000000000000000000D4
:10B478000000000000000000000000004300000081
:10B4880000000000000000000000000000000000B4
:10B498000000000000000000000000004300000061
:10B4A8000000000000000000000000000000000094
:10B4B800000000000000000000000000857F03007D
:10B4C8009D6E030000000000DBAF030094AF030093
:10B4D80087AF030087AF030087AF030087AF030080
:10B4E80087AF030087AF030087AF030087AF030070
:10B4F80087AF0300FFFFFFFFFFFFFFFFFFFFFFFF17
:10B50800FFFF0000010041534349490000000000CB
:10B518000000000000000000000000000000000023
:10B5280000000000000041534349490000000000AA
:10B538000000000000000000000000000000000003
:10B5480000000000000000000162020035620200F5
:10B55800256602007DF3020025FB0200D9FD0200EA
:08B568008926030011620200B4
:04000003300053E591
:00000001FF
