:020000022000DC
:106000000000042059830300998303009B8303004D
:106010009D8303009F830300A18303000000000011
:106020000000000000000000000000007581030077
:10603000A58303000000000095810300A9830300ED
:1060400009850300AB83030001530300411E0300D5
:10605000AB830300AB830300E5530300AB83030072
:10606000AB830300AB830300AB830300AB8303006C
:10607000AB830300AB830300AB830300AB8303005C
:10608000AB830300F97E0300AB830300AB83030003
:10609000AB830300AB830300AB830300AB8303003C
:1060A000AB830300AB830300AB830300AB8303002C
:1060B000AB830300AB83030000000000000000007E
:1060C000AB830300AB830300AB830300F58A0300BB
:1060D000AB830300AB830300AB830300F16C0200CE
:1060E000AB830300AB830300AB830300000000001D
:1060F00000000000AB830300000000006D8B030074
:10610000000000000000000000000000000000008F
:10611000000000000000000000000000000000007F
:10612000000000000000000000000000000000006F
:10613000000000000000000000000000000000005F
:10614000000000000000000000000000000000004F
:10615000000000000000000000000000000000003F
:10616000000000000000000000000000000000002F
:10617000000000000000000000000000000000001F
:10618000000000000000000000000000000000000F
:1061900000000000000000000000000000000000FF
:1061A00000000000000000000000000000000000EF
:1061B00000000000000000000000000000000000DF
:1061C00000000000000000000000000000000000CF
:1061D00000000000000000000000000000000000BF
:1061E00000000000000000000000000000000000AF
:1061F000000000000000000000000000000000009F
:10620000F1EE103A43F08073E1EE103A704700BFB0
:1062100010B5054C237833B9044B13B10448AFF3E0
:1062200000800123237010BD3463002000000000B3
:106230006CF0030008B5034B1BB103490348AFF3EF
:10624000008008BD00000000386300206CF00300EF
:10625000154B002B08BF134B9D46A3F5803A002138
:106260008B460F461348144A121A13F08BFE0F4B3D
:10627000002B00D098470E4B002B00D098470020F1
:10628000002104000D000D48002802D00C48AFF397
:10629000008013F0F3FD2000290012F0AFF813F096
:1062A000C7FD00BF0000080000000420000000003F
:1062B0000000000034630020E8BD00200000000062
:1062C000000000000146014800F08EBA6C63002017
:1062D00038B5064B1D783DB100242046013400F04E
:1062E00049FEE0B28542F9D838BD00BF686300209E
:1062F000407DFF2806D010B500F088FD044618B197
:10630000204610BD0020704712F04EFD204610BD03
:10631000407DFF280ED000B583B00DF1070100F0DD
:10632000C9FD20B19DF8070003B05DF804FB4FF0F4
:10633000FF30F9E74FF0FF30704700BF407DFF2886
:1063400011D000B583B001220DF1070100F06AFD04
:1063500020B94FF0FF3003B05DF804FB9DF8070053
:1063600003B05DF804FB4FF0FF307047407DFF281D
:1063700001D000F0FFBD7047407DFF2801D000F044
:106380003FBE0020704700BFF8B50646407DFF289D
:106390001CD017465AB10D46144600F011FD29468F
:1063A000224680B1707D00F08FFD241A01D138465D
:1063B000F8BD054412F0F8FC707D00F001FD29469F
:1063C00022460028EED13F1B3846F1E70020F8BDF9
:1063D0000AB32DE9F043524991F81C6191F81D511F
:1063E00091F81E7193B0994614467B1CAA1C8046F6
:1063F000B01C81F81C0181F81D2181F81E3101A813
:106400004222002113F0BEFDB9F1410F05D8002052
:1064100013B0BDE8F083422070478DF806608DF818
:106420000E608DF82660721C40F20126D2B2ADF8E3
:106430001060DFF8F0C08DF81E20242640F6083EDC
:106440006B1C8DF827208DF83120ADF804E08DF815
:1064500016608DF820608DF82460CDF818C00426F1
:106460004FF0060C65F07F0540F209424FF0010E37
:1064700098F81410ADF80C208DF81CE005228DF86A
:106480001F608DF830608DF822C040F207568DF8FD
:1064900025C08DF82A5020464FF0030E63F07F048C
:1064A0004FF0080C02234FF411658DF814108DF88D
:1064B00007308DF808308DF809308DF812308DF8DE
:1064C00021308DF815208DF823208DF82BE08DF8E4
:1064D0002CC04FF00A0EADF82E504FF0400C01A921
:1064E000ADF8286007258DF833308DF840208DF801
:1064F0004140422244F20204ADF838608DF83B304E
:106500008DF83A708DF834E08DF83CC08DF83F502E
:10651000ADF8424013F012FD422013B0BDE8F08305
:106520006C63002020010524A0F11000FFF750BF8C
:1065300070B50368184A5B6882B093428DF8071003
:1065400024D10546407DFF281DD000F039FC0DF117
:10655000070601243146224688B1687D00F0B4FC6C
:10656000241A02D1012002B070BD064412F01CFCB6
:10657000687D00F025FC314622460028EDD1C4F1AB
:10658000010002B070BD002002B070BD01220DF10B
:106590000701984702B070BD89630200437DFF2B5D
:1065A00000D07047094B1A78002AFAD110B500F1D3
:1065B000100442750649204601221A7000F0E0F9E5
:1065C00021460448BDE8104000F0F0B868630020A0
:1065D000ECCE03006C630020407DFF2807D000B59F
:1065E00083B000F0EDFB20B103B05DF804FB0020A8
:1065F0007047019012F0D8FB019803B05DF804FBDE
:1066000001B900B1704700B583B0694600F0EEFBF8
:10661000009BB3F5966F02D003B05DF804FB00F069
:106620007DFBF9E730B4084B084A4FF47F4102F193
:106630000805002430324FF47A7099821D60C3E956
:1066400001401A6130BC704750630020FCCE03004B
:106650002DE9F0410024484E2546435D4719A3B17A
:1066600003F14002D2B2012A0AD9F42B08D81A0643
:106670000ED44FF0010EA3F55842B2F5006F56D27A
:1066800001354719435D002BEAD12046BDE8F08172
:1066900003F0E002C02A57D003F0F002E02A66D0EF
:1066A00003F0F802F02AEBD103F007024FF0040EDA
:1066B0007B7803F0C00CBCF1800FE1D197F802C0E9
:1066C0000CF0C00803F03F03B8F1800F43EA8213D7
:1066D000D6D10CF03F0CBEF1030F4CEA83132DD042
:1066E000FA7802F0C007802FCAD102F03F0242EAD6
:1066F0008313A3F58032B242C2D8A3F55847B7F549
:10670000006FBDD3B3F5803F05F1040510D31E2CF7
:10671000BBDC6300970A0B44C2F30902A7F52057BC
:10672000A2F5105221F814705A80023495E775448E
:10673000202CAAD021F8143001348EE7A3F5006292
:10674000B2F5784F97D39BE77A7802F0C007802F95
:1067500003F01F0394D102F03F0242EA8313A3F136
:106760008002B2F5F06F8BD24FF0020E83E703F098
:106770000F024FF0030E9BE7FFFF0F0090F8503120
:106780000B2B0CD871B103F1480210B45C1C80F8DB
:10679000504140F822105DF8044B18467047002322
:1067A000184670470B461846704700BF70B5044640
:1067B0000E68B4F81821B4F81A31656936689B1A66
:1067C00008469BB294F81C112A44B04758B1B4F85B
:1067D00018216369104480B2A4F81801588094F815
:1067E0001C211A71012070BD2DE9F043284DDFF8FE
:1067F000B090AC4604468846BCE80F0089B003AFB1
:106800000FC703AE0FCE05F1140E25460FC59EE847
:106810000700DCF800303B806B4636682E8003C3EF
:106820006B4603CB012504F118034FF480766361B6
:10683000A061E16184F8202004F59870C4F81891F3
:106840002022A4F81C61002184F81E5113F09AFB49
:1068500040F20947042240F2EF230E4E0E48C4F8DE
:1068600028010021C4F82C1184F85021A3804FF492
:10687000E131A571C4F82071C4F824610748FFF71D
:106880008DFE404600F038FA284609B0BDE8F08396
:1068900030CF030060CF030068CF030050630020B7
:1068A00009000001004870476C630020014B5869E3
:1068B000704700BF6C6300202DE9F04F89B0F8B13C
:1068C000032816D02B4C94F8503183424FD94830CE
:1068D00004F5AA7154F82000FFF7BAFEC0B20130E7
:1068E000400040F44070A4F85201234809B0BDE8CC
:1068F000F08F204CD4F82C0150B104F5AA71EBE7CD
:106900001C4CD4F82031A4F854314FF44170EAE71C
:10691000684600F005FA054610B300F1FF3A0DF1A4
:106920000103164FE94653FA8AFAA64604AE97E8E1
:106930000F0019F801CB86E80F000CF00F080DF1DD
:10694000200BD8440BEB1C1C18F8108C1CF8103CC6
:10695000AEF85681D145AEF854310EF1040EE6D1B1
:106960006800C0B20130400040F44070BBE7002036
:10697000BCE700BF6C630020BE64002050CF030062
:1069800010B504460248FFF7F9FE207110BD00BFA4
:106990006C63002030B5144C236883B013B31868BF
:1069A00051B90BF0B1FB236893F90400012103B046
:1069B000BDE8304012F02CBC0C4B009300250123A5
:1069C0008DF805308DF8045002AB13E906000BF08A
:1069D00037FB236893F90400294603B0BDE8304033
:1069E00012F016BC03B030BD0065002080BA8C01E7
:1069F0000448006828B108B500680BF08BFB012043
:106A000008BD704700650020084B1B6843B141B9C1
:106A1000074B4022C3F88020BFF34F8FBFF36F8F27
:106A20007047034B40221A60704700BF006500208A
:106A300000E100E0024B53F8200000B1C06870474D
:106A40000465002030B4094CBDF8085054F82040CB
:106A500044B1246934B10846A44611461A462B466F
:106A600030BC6047002030BC704700BF0465002088
:106A700030B4084CBDF8085054F8204044B1646963
:106A800034B10846A44611461A462B4630BC60472E
:106A900030BC70470465002000207047024B186826
:106AA00008B190F8600070470C6500202DE9F843AC
:106AB000234C2568002D3CD01E462C2303FB00539D
:106AC0001746D3F8209088460446B9F1000F32D01B
:106AD000484614F01AF92C2303FB0454D4E9095452
:106AE000DFF864C0174B08280246494628BF082231
:106AF0004046002D08BF6546002C08BF1C4613F019
:106B00001DFA284614F001F910280246294628BF2C
:106B10001022384613F012FA204614F0F6F8042832
:106B200002462146304628BF0422BDE8F84313F050
:106B300005BABDE8F883DFF814900820CBE700BF62
:106B40000C65002098CF030088CF03007CCF0300A2
:106B500070B5104E3368D3B12C2404FB00340546C5
:106B600062691AB19047336884F832002C2202FB24
:106B7000053393F8324014B10124204670BD2846F5
:106B800023463A22022101F0E7F8204670BD1C4658
:106B9000204670BD0C650020074B1B6853B110B434
:106BA0002C2404FB0030C46A038E0C6013805DF853
:106BB000044B7047704700BF0C65002008B52022C9
:106BC0000023052101F0C8F84FF0FF3008BD00BFD9
:106BD00030B4094C24685CB10D4611462C2202FBEE
:106BE0000044E46924B11A462846234630BC1847BD
:106BF000012030BC704700BF0C65002030B4094C48
:106C0000029A246854B10D462C2101FB0044A4686B
:106C100024B119462846234630BC18474FF0FF30B0
:106C200030BC70470C65002030B4094C029A2468CF
:106C300054B10D462C2101FB0044E46824B11946EF
:106C40002846234630BC18474FF0FF3030BC704711
:106C50000C650020044B1B682BB12C2202FB00307A
:106C6000036903B1184770470C650020054B1B688A
:106C70002BB12C2202FB0030836903B1184701209D
:106C8000704700BF0C65002005F0DCBB00B5164B5B
:106C900083B04022002483F8272301A90123204642
:106CA0008DF804308DF8054002F0DAFE4FF0804395
:106CB00002A8D3F8385400F8084D11F0DFFB0B4B55
:106CC000019301A811F006FC11F016FCEB0707D4A4
:106CD00000214FF0FF3002F04DFFFFF7F9FAF7E720
:106CE000204605F0AFFBF3E700E100E0896C02000D
:106CF000002005F01DB800BF00B5002383B00322BB
:106D0000CDE9002303490448C82210F0B5F803B0C8
:106D10005DF804FB9CCF03008D6C020012F0F0B90B
:106D20004FF08052536E1BBA0360136E1BBA436060
:106D30000820704700487047A4CF030070B51E4C70
:106D40002368D3B1012901D0012070BD1578C5F3A6
:106D50004115012D13D0022D0FD15478012C21D0D3
:106D6000022CF1D19388072B07D1144C11462389AB
:106D70002246BDE8704003F035BE002070BD51785A
:106D80002229E1D111465288003218BF01225A75DA
:106D900003F010FE2268D369002BD5D0507D9847B0
:106DA000284670BD9C69002CE7D011462378224606
:106DB000BDE8704003F016BE10650020046000209E
:106DC00010B5044602F034FE08B9002010BD02F0F0
:106DD00037FE0028F9D1044B4FF4367202FB04341D
:106DE000207900F0010010BD94650020064A4FF4A0
:106DF000367303FB00230833186808609A889B7970
:106E00008B718A80704700BF9465002008B5044AE2
:106E10004FF4367303FB0020103002F055FC08BD20
:106E2000946500202DE9F8434FF4367404FB00F418
:106E30001E4E4FF6FF73074604F110054FF6FE7025
:106E4000824288BF1A463544284692B202F066FC58
:106E5000804602F0EDFD10B94046BDE8F88302F02F
:106E6000EFFD81460028F7D13444E378002BF3D0BE
:106E7000284602F041FC3F28EED9E178484603F06D
:106E8000E7FC0028E8D0284602F036FC3F2804D86A
:106E9000E178484603F0ECFCDEE7054AE178484635
:106EA00002EBC712402303F0F3FCD5E79465002002
:106EB00014650020034A4FF4367303FB00201030A2
:106EC00002F096BC946500202DE9F8434FF4367526
:106ED00005FB00F5244F4FF6FF73064605F1240429
:106EE0004FF6FE70824288BF1A463C4492B220465A
:106EF00002F0B8FC8046204602F0E6FB3F2802D8AC
:106F00004046BDE8F88302F093FD0028F8D002F077
:106F100097FD81460028F3D1204602F0D5FB0028DA
:106F2000EED03D444846A97803F092FC0028E7D013
:106F30000E4B402202EBC6161E442046314602F09C
:106F4000EDFB034660B13246A978484603F0A0FC49
:106F50000028D5D1064B1B68DB07D1D500BECFE793
:106F6000A97803F085FCCBE7946500201465002028
:106F7000F0ED00E02DE9F041804602F059FD10B936
:106F80000020BDE8F08102F05BFD07460028F7D144
:106F90004FF4367404FB08F4164E04F1240535440E
:106FA000284602F091FB0028EAD026443846B17802
:106FB00003F04EFC0028E3D040220F4B02EBC81830
:106FC00098442846414602F0A9FB044660B1424677
:106FD000B1783846234603F05BFC40B9074B1B6889
:106FE000DB07CDD500BECCE7B17803F041FC2046ED
:106FF000C7E700BF9465002014650020F0ED00E0B5
:1070000008B5044A4FF4367303FB0020243002F025
:1070100073FB08BD9465002070B5204C82B0002140
:107020004FF4367220460D4612F0ACFFFF234FF4AA
:10703000E132082604F138016371A26001234FF4A4
:107040008072009504F11000A67302F001FB144B4E
:107050001B78C3F38003009304F59C7101234FF464
:10706000807204F1240002F0F3FA04F50E7101209D
:107070000FF046F904F52271064601200FF040F9A1
:1070800006B130B9074B1B68DB0700D500BE02B064
:1070900070BDC4E90756C4E90C05F8E79465002003
:1070A000B8600020F0ED00E038B5094C206A256B8F
:1070B00020B10FF049FD0023C4E907332DB1284664
:1070C0000FF042FD0023C4E90C33012038BD00BF9E
:1070D0009465002010B50E4C0E4823780022026003
:1070E0000271DA0709D59B070DD521780A48C1F34B
:1070F0008001BDE8104002F063BC103002F040FC9B
:1071000023789B07F1D4044802F03AFCEDE700BF76
:10711000B860002094650020B86500202DE9F0419A
:107120004B79022B82B004D00025284602B0BDE87E
:10713000F0818B79022BF7D1364EB3782BB1364BD9
:107140001B68DB07F0D500BEEEE78B7833700C7858
:107150000C4407466378242B4FF009050BD1082A0D
:1071600002D822E0AA4220D323781C441D4463782D
:10717000242BADB2F6D0052B38D0042B15D1637972
:107180000A2B12D1254A94F8008001920223013281
:107190000092384604EB08011A4603F095FA0028DD
:1071A000CDD00E3518FA85F5ADB202F041FC0028BD
:1071B000BBD002F045FC04460028B6D1F378002B82
:1071C000B3D0174802F098FA3F28AED9F17820469C
:1071D00003F03EFB0028A8D0114802F08DFA3F28AA
:1071E000F17811D8204603F043FB9EE7214638464C
:1071F00003F00AFB0028A2D0A378737023781C4404
:107200001D44ADB26378B8E7064A2046402303F038
:107210003FFB8AE794650020F0ED00E096650020D2
:10722000A46500201465002038B5137803F06003CE
:10723000202B01D0002038BD294C938825789D4211
:10724000F8D15378203B032BF4D8DFE803F008157E
:107250001E02012936D0032939D0012038BD012969
:107260000CD00329F9D11F4B002BF6D01E4900206A
:10727000AFF30080012038BD0129EED1114607236C
:10728000194A03F0AFFB012038BD01291AD00329A8
:10729000E3D1164B55881B781548257113F004016E
:1072A0001CBFE94301F0010102F08AFB114B002BE6
:1072B000D3D0C5F3400205F001010020FFF7A0F98B
:1072C000012038BD114603F075FB012038BD0A4B83
:1072D000002BC2D051880020AFF30080BDE700BF73
:1072E00094650020000000009C650020B86000202C
:1072F000B865002001660200000000002DE9F0479B
:107300005F4CE2788A420D4680461F4659D15D4E59
:107310009AB2314604F1100002F0A4FA5A4BC3B1FC
:107320006379FF2B15D0A7B106EB070A04F110090A
:1073300002E056450DD0637916F8012B9A42F8D138
:10734000484602F0D1F90028F3D16179AFF300800B
:10735000EFE74E4B23B14E4802F0C6F9002863D048
:1073600002F066FB002862D1A3789D4202D0012082
:10737000BDE8F087474B13B10020AFF3008002F067
:1073800057FB00282BD1444802F09EF90028EED18B
:10739000002FECD017F03F07E9D1A178404603F069
:1073A00057FA0028E3D0A17840463B463A4603F01E
:1073B0006FFA0028DBD1394B1B68DA070CD500BE09
:1073C000D6E7A3788B42D5D0344B1B68DB0703D5B7
:1073D00000BE0020BDE8F0870020BDE8F08702F085
:1073E0002FFB05460028CED12B4802F06DF900286E
:1073F000C9D0A178284603F02BFA0028C3D0402238
:107400002749254802F08AF9034600282CD028464F
:10741000234AA17803F03CFA0028A8D11F4B1B682F
:10742000D907B0D500BEAEE7AFF3008098E702F011
:1074300007FB0646002897D1E378002B94D0144828
:1074400002F05AF93F288FD9E178304603F000FA6C
:10745000002889D00E4802F04FF93F28304607D85F
:10746000E17803F005FA7FE7A17803F001FA8AE7F3
:107470004023044AE17803F00BFAA37875E700BFD4
:10748000946500201465002000000000000000004A
:10749000A465002000000000B8650020F0ED00E0C9
:1074A00054650020704700BF01207047704700BF3F
:1074B000704700BF044B0022C3E90022C3E9022247
:1074C000C3E90422704700BFEC6900200120704727
:1074D000044B0022C3E90022C3E90222C3E90422CB
:1074E000704700BFEC6900202DE9F0434B79032B76
:1074F00083B004D00024204603B0BDE8F0830B79AC
:10750000C3EBC3041234A4B2944205D9254B1B68C3
:10751000DA07EFD500BEEDE7234A5578002D3ED0BF
:10752000557B002DF2D102F10C054FF4A0770E78B7
:107530008A1992F801C0BCF1210FE7D1AA608946EF
:10754000895D80466E1CA81C1144CDE900061A46D0
:107550004046032303F0B8F80028D7D099F8063046
:10756000A978012B04BF99F80730EB700123AB71A8
:1075700099F80220AB682A70B3F80730AB80002975
:10758000B9D00A4A40463A44402303F081F9002822
:10759000B1D1044B1B68DB07ADD500BEABE7154688
:1075A0008027C4E7F0ED00E0EC6900206C68002063
:1075B0002DE9F047137803F01F06012E82B003D0A7
:1075C000002002B0BDE8F087DFF80882978898F8BD
:1075D0000040FFB2BC4200F0B08098F80C40BC42C2
:1075E000EED13746B4464FF0C00E4FF0130A4FF0BD
:1075F000120913F060030C460546164604D1012912
:1076000000F0A4800120DCE7202BD9D15378013B86
:107610000A2BD5D801A252F823F000BFF176020060
:10762000E7760200D1760200C1750200C175020042
:10763000C1750200C1750200C17502009176020099
:10764000697602004976020001291BD00329D9D1AD
:1076500073880C2606FB0786DBB260461946B371B9
:10766000FFF720FF0120ACE70129CBD173880C2262
:1076700002FB07871B0A60461946FB71FFF714FFE0
:1076800000289DD03146284603F094F9012098E760
:10769000012900F086800329B4D1F48871884B4B0E
:1076A000402C4FEA1122204628BF402011F0FF0154
:1076B000734407D0012C05D91C788C4202D10138C3
:1076C00080B2013300906046FFF7D2F9012078E7DD
:1076D000012997D108EB090231462846234603F0D9
:1076E00081F920466DE701298CD108EB0A02F3E706
:1076F000012987D1F3887188344F402B4FEA11223A
:10770000184628BF402011F0FF01774454D0012BC8
:1077100052D9013880B239707B1C00906046FFF767
:1077200091F90444A3B2002B49D1294A1268D20727
:107730007FF546AF00BE184643E74FF0000E774690
:10774000F4464FF0070A4FF0060952E75378062B2C
:107750007FF436AF53881B0A212B12D0222B7FF4E3
:107760002FAF6046FFF766F97B001F4408EB8708E0
:10777000024631462846B8F8043003F033F9204673
:107780001FE77B001F4408EB8708D8F80820002A71
:107790003FF416AF1378314602B0BDE8F04703F06E
:1077A00021B9F388402B3FF60BAF084A31467244AB
:1077B00003F018F9204604E73B460024ADE73A46BB
:1077C0003146284603F00EF90120FAE66C680020E5
:1077D000F0ED00E0EC690020F0B52C4CA67865785F
:1077E0008E4283B0074610D0A9422CD0A07B657B87
:1077F00088423FD0A94244D0254B1B68DA0702D407
:10780000002003B0F0BD00BEFAE780264FF0400C28
:107810000020A9429BB21AD01E4D3544FAB90093FC
:1078200011462B460222FFF723F92A46A178384653
:10783000402303F02DF80028E3D1154B1B68DB072C
:10784000DED500BEDDE74FF0400C00209BB21149B1
:1078500061444AB91A46FFF729FE0120D1E72A46BA
:107860000221FFF725FEE0E70A460121FFF720FE8F
:107870000120C6E70C344FF4A0764FF4807C012041
:10788000C7E74FF4807C0120E0E700BFEC690020EF
:10789000F0ED00E06C68002070B5194C82B000215A
:1078A0000D464FF4EC72204612F06CFB04F13801E7
:1078B0000123802204F11000009501F0C9FE04F1BB
:1078C000B80101238022009504F1240001F0C0FEDC
:1078D00004F59C7101200EF013FD04F5C4710646F9
:1078E00001200EF00DFD30B9064B1B68DB0700D5FB
:1078F00000BE02B070BDC4E90756C4E90C05F8E744
:10790000846A0020F0ED00E038B5094C206A256B50
:1079100020B10FF019F90023C4E907332DB128462F
:107920000FF012F90023C4E90C33012038BD00BF69
:10793000846A002010B5084C002304F11000C4E94B
:107940000033C4E9023302F01BF804F12400BDE85F
:10795000104002F015B800BF846A00202DE9F04302
:107960004B79012B83B004D00025284603B0BDE835
:10797000F0838B79012B0C46064616D049780429F2
:10798000F2D10025032BEFD1E379002BECD1DFF806
:10799000FC8098F8013013B998F802700FB3384B97
:1079A0001B68DB07E0D500BEDEE7CB79002BDBD11F
:1079B0000B781C449DB2617824290BD1954202D9E1
:1079C000D2E7AA42D0D323781C442B4461782429DF
:1079D0009DB2F6D00429C7D16379012BC4D1A37914
:1079E000D0E7A37888F8003094F8009021794D44CE
:1079F000ADB2A14439B925E099F800308F421D4459
:107A0000ADB299441ED2AA421CD399F80130052B7D
:107A1000F2D149463046019202F0F6FE019A002862
:107A2000BDD099F80230D90914BF88F8013088F820
:107A3000023099F80030217901371D44FFB2ADB210
:107A40009944D9E70F4801F057FE3F288DD998F89F
:107A50000210002002F0FCFE002886D0094801F048
:107A60004BFE3F2898F8021003D8002002F000FFD8
:107A70007BE7054A4023002002F00AFF75E700BFBC
:107A8000F0ED00E0946A0020446A0020846A00203F
:107A900000207047F8B53C4DAA788A421F4612D1A3
:107AA0009AB23A4905F1100001F0DCFE384B13B1EF
:107AB0000020AFF30080374801F01EFE3F282CD88D
:107AC00001242046F8BD6B788B4208D0324B1C68ED
:107AD00014F00104F5D000BE00242046F8BD06468F
:107AE00005F1240001F0F0FD40BB2C4801F0ECFD55
:107AF0000028E5D1002FE3D017F03F07E0D16978E7
:107B0000304602F0A5FE04460028D9D069783046F8
:107B10003B463A4602F0BCFED3E7A978002002F0CB
:107B200097FE04460028CBD01A4801F0E5FD3F2817
:107B3000A9781ED8002002F09BFEC2E769780020D9
:107B400002F086FE0028D0D04022154905F124001D
:107B500001F0E4FD034690B1114A6978002002F07B
:107B600097FE0028ACD10C4B1B68DB07BDD500BECF
:107B7000BBE7064A4023002002F08AFEA1E76978AD
:107B800002F076FEB1E700BF846A0020446A00205C
:107B900000000000946A0020F0ED00E0A86A0020D8
:107BA000046A002030B4114B9C689A6B93F83C50E7
:107BB00083F82C10A21A022183F830109A6225B99A
:107BC00042F2050183F83E50998744B13AB11A7BDD
:107BD000D20906D193F82F1030BC02F099BE30BC08
:107BE000704793F82E1030BC02F092BE5C6E0020FD
:107BF00038B5214B214C05461BB1607BFFF736F8A9
:107C0000A8B1A06BA36894F82F101D4A1B1AB3F5F6
:107C1000007F28BF4FF4007328469BB202F038FE65
:107C200020B9184B1B68DB0700D500BE38BDA26821
:107C3000A36B84F83E0042F20771D31A0120A1879A
:107C40000221A36284F82C0084F83010002AEDD0C1
:107C5000002BEBD0237BDB0906D194F82F102846AC
:107C6000BDE8384002F054BE94F82E102846BDE816
:107C7000384002F04DBE00BF6D6C02005C6E00200B
:107C80005C6C0020F0ED00E070B5304CE28AA36837
:107C900052BA92B286B0054612B1B3FBF2F292B27A
:107CA000A66BD4F81110607B9B1BB3F5007F28BF37
:107CB0004FF4007309BA0093B6FBF2F302FB1362B0
:107CC0001944234BFEF79AFF031E20DB94F82E2065
:107CD0000DD011469BB228461D4A02F0D9FDA0B92D
:107CE0001C4B1B68DB0710D500BE06B070BD072417
:107CF000194603A88DF80C508DF8102005938DF8C7
:107D000011308DF80D4002F0B7FB06B070BDA268CF
:107D1000A36B43F602200021D31AA08784F83E10FB
:107D200001200221A36284F82C0084F83010002A7C
:107D3000EBD0002BE9D0237BDB0914BF94F82E1085
:107D400094F82F10284602F0E3FDDEE75C6E002079
:107D50005C6C0020F0ED00E010B4054C012084F8CC
:107D60003C1084F83D2084F83E305DF8044B7047A9
:107D70005C6E002040220021014812F003B900BFD0
:107D80005C6E002040220021014812F0FBB800BFC9
:107D90005C6E00204B79082B01D0002070478B7956
:107DA000062BFAD1CB79502BF7D1162A06D81C4BCB
:107DB0001B68D907F1D500BE0020704770B5194D7A
:107DC0008B7885F82D300B7882B005F12F0205F104
:107DD0002E0619440223CDE900261A46044602F075
:107DE00073FC48B90E4B1B68DA0702D500BE02B01F
:107DF00070BD002002B070BD204695F82F100A4AD1
:107E000000241F2385F8304002F042FD30B9044BB6
:107E10001B68DB0702D500BE1720E8E71720E6E75E
:107E2000F0ED00E05C6E00205C6C0020012901D0C8
:107E300001207047F0B5137803F07F01022985B067
:107E4000054606D003F06003202B1AD0002005B0B1
:107E5000F0BD5478012CF5D15388002BF6D1434E58
:107E6000918896F83030042BC9B279D096F82E401C
:107E70008C423DD096F82F408C4257D0012005B05F
:107E8000F0BD5378FE2B16D0FF2BDFD15388002B8B
:107E9000DCD1D488A3B2002BD8D1344E1146284669
:107EA00086F83030C6E90D33B48786F83E3002F0EC
:107EB00081FD0120CBE75388002BC7D1D388012B4C
:107EC000C4D12B498DF80F3000294DD00192FEF717
:107ED000E5FD019A0028B9D0431EDBB204AC11467F
:107EE00004F8013D28462246012302F07BFDC5E748
:107EF000022BC3D1B26BB3681E4F9B1AB36206F15B
:107F000020030FCB07C73A46214602F80C39032459
:107F100028460D2386F8304002F0BAFC0028ADD187
:107F2000154B1B68DB0791D500BE90E7002BA5D150
:107F3000214602F0DFFC0028A0D12146284602F0AD
:107F400005FD00289AD1002496F82F10094A86F8DA
:107F5000304028461F2302F09BFC0028E0D08DE72C
:107F600002F0D6FC204672E70B46B7E75C6E0020B5
:107F70009D6A02005C6C0020F0ED00E02DE9F0410C
:107F8000B44C94F83050012D8EB01E46074645D0B3
:107F900028D3032D05D0022D5FD001200EB0BDE8FF
:107FA000F08194F82E308B42F7D10D2EF5D1E37B82
:107FB000282B00F01A812A2B40F00D81A64B13B11B
:107FC000607BFEF747FE002594F82F10A34A84F843
:107FD00030501F23384602F05BFC002861D094F833
:107FE0003050D8E794F82F508D42D6D11F2B06D1B0
:107FF000DFF868829A4BD8F800209A4271D00423A7
:1080000094F82E1084F83030384602F081FC38465F
:1080100094F82F1002F07CFC0020BFE7B3F5007F3E
:1080200008D9904B1B68D90700D500BE00200EB0C0
:10803000BDE8F081E27BA36B282A00F087802A2A22
:1080400000F08F80217B626B1E44CB09A66336D083
:1080500096422CD3022384F8303094F82E10384600
:1080600002F074FC002898D1A368A26B94F82E60EB
:10807000934202D9217BC9092ED19B1A7A4AA36265
:108080000FCA764D07C52A46314602F80C3903253A
:1080900038460D2384F8305002F0FAFB00287FF4B4
:1080A0007CAF704B1B68DB07C0D500BE76E76D4B1D
:1080B0001B68DA0793D500BE94F830506BE793B293
:1080C000607B664A04F10F01FEF778FD0028C0F2DC
:1080D0009F80A66B626BBBE73146384602F018FC06
:1080E0005BE7C446BCE80F0026460FC69CE80F00BD
:1080F00007C626F8023B1B0C3370D4E90123E17B51
:108100005A4E626201200022282963632662A2621D
:1081100084F82C20A26384F8300000F0AD802A2976
:1081200000F0DF80002B00F0EF80227BD20940F0CE
:10813000EB80B3F5007F00F26F819BB22946474A7E
:10814000384602F0A5FB0028ABD048E7626B1E441E
:108150009642A663BFF47EAFFFF796FD94F83050C9
:1081600019E7E28A52BA92B21AB1A168B1FBF2F2EF
:1081700092B2D4F81110394DB3FBF2FC09BA02FBEC
:108180001C32607B009661442B46FEF74DFD0028B3
:10819000C0F2FB81864230D9361A40B1A36B291850
:1081A00013FA80F332462846A36311F0D2FE00236F
:1081B00094F82F508DF818500722194605A88DF80D
:1081C000147007968DF819308DF8152002F054F9C7
:1081D00094F83050DFE6264B002B3FF4F4AE04F168
:1081E0000F01607BAFF30080EDE6224B002B3FF4E4
:1081F000EAAE607BAFF30080E5E6D4E90D231E44D0
:108200009642A663BFF426AF3846FFF7F1FCE6E6D8
:10821000A368A66B94F83C1084F82C509A1B02209B
:10822000A26284F8300021B942F2050084F83E10C1
:10823000A087002B3FF44EAF002A3FF44BAF237BC7
:10824000DB0940F0E58194F82F10384602F060FB1E
:108250003FE700BF5C6E0020556C02005C6C0020A4
:1082600055534243F0ED00E07C6E002055534253DD
:108270000000000000000000E28A52BA92B20BBB7C
:10828000002A3FF4E7AE94F83C10A362022284F87F
:108290002C2084F8302000297FF4DFAE42F2050163
:1082A0000022A18784F83E20002B3FF4D6AE237B2A
:1082B000DB0940F09A812946384602F029FB94F800
:1082C000305068E6207BC00913D0002A00F080817E
:1082D000B3FBF2F2002A00F0A3812829384694D19A
:1082E0003AE7E28A52BA92B2002BC9D0207BC00989
:1082F000EBD094F83C10A362022284F82C2084F87E
:1083000030200029CAD0D2E7667B252900F22B81D4
:10831000DFE811F0220129012901E50029012901E5
:1083200029012901290129012901290129012901FD
:108330002901290129012901BD002901290129015A
:108340002901290129012901990087002901290111
:10835000710029012901290129014C002901260068
:10836000304604AA05A9FEF717FC059B002B00F078
:108370004481BDF81020002A00F03F81013B1BBA68
:1083800012BAC8E900320820A368002B44D09842F2
:1083900028BF184683B26063A64A94F82E10384668
:1083A00002F076FA00283FF47CAE18E605AD002313
:1083B0000DF10E02304604A96B600593AB60FEF729
:1083C000EBFB049A002A00F01881BDF80E30002B58
:1083D00000F0138112BA082106925BBA0222ADF8AE
:1083E0001E308DF817108DF81C2095E8070088E8DE
:1083F00007000C20C8E7904B03B33046227DE17C98
:10840000AFF30080D0B994F83C302BB943F6022288
:108410000023A28784F83E3001213846FFF7C2FBD3
:10842000DDE5864B53B1E17C3046C1F3400301F0FA
:1084300001020909FEF7CCFB0028E4D0A368002B59
:108440003FF408AEE8E79DF816307D49002203F0BE
:10845000800362F3C7138DF8163003238DF81520BF
:108460008DF817208DF81430002900F0E180304697
:10847000FEF7FCFB9DF8163080F0010060F3C71397
:108480008DF81630059BC8F8003004207CE74FF0CB
:10849000203302250022CDE90522304607A909AA8A
:1084A00008934FF0800C079309930D93CDE90A339D
:1084B0000C931F260DAB8DF816508DF8175005AD97
:1084C0008DF818608DF815C0FEF7F0FA0FCD594EF3
:1084D0000FC60FCD0FC62B683360242054E794F8E5
:1084E0003C2094F83D0094F83E10DFF848C1DFF8D6
:1084F00058E14FF000084FF00003CDE90588CDE9C1
:10850000078862F303038DF81630F0220A23ADF8D2
:1085100024808DF820008DF821108DF814208DF81E
:108520001B3005AD0FCDACE80F002B68ACF8003068
:10853000BEF1000F76D0ACF1100130464FF400725E
:10854000AFF300800028A4F83C8084F83E800FDB65
:1085500000283FF473AF17E73046FEF7F9FA00281A
:108560003FF451AF6AE794F83C30002B7FF454AFEE
:10857000A38E304A3349607BFEF720FB0028FFF6CC
:108580004BAF00283FF45AAFFEE6A36BA2681E442F
:1085900043F602200021931BA08784F83E1001209F
:1085A0000221A663A36284F82C0084F83010002A0C
:1085B0003FF453AD002B3FF450AD237BDB0914D1C6
:1085C00094F82F10384602F0A3F994F83050E2E402
:1085D000012294F83C1084F82C200222A36284F833
:1085E000302000293FF45AAE5EE694F82E1038464B
:1085F00002F08EF994F83050CDE494F83C30002B22
:108600007FF40AAF43F6022284F83E30A28703E7E4
:1086100094F82E10384602F07BF9D4E90D2617E5C0
:108620000222D6E7A4F83CE084F83EE01220ABE654
:1086300001201FE75C6C002000000000D16B0200ED
:108640006D6C02006B6E00200000000070B5134CD2
:10865000134E84B020464FF4AE72002111F092FC0C
:108660004025002304F58E720092CDE901561A468A
:10867000194604F1B000039504F068F92E4404F1A2
:1086800070020023CDE90025CDE90265201D1946C1
:10869000012204F05BF904B070BD00BF1C6F002024
:1086A0009C6E002010B5054C04F1B00004F07AF97E
:1086B000201D04F077F9012010BD00BF1C6F0020C1
:1086C00038B5074C2046002500F8B85B01F058F992
:1086D00004F10C0001F054F984F8B150657138BD13
:1086E0001C6F00204B79FF2B01D0002070472DE933
:1086F000F04FDFF824B19BF8B13083B04BBB9BF84F
:10870000053033BB0B788A460AEB02050AEB0304FB
:1087100089788BF80010A542064614D91AF8032070
:10872000A3189D420FD36278042A0CD00B2A0AD0DA
:10873000052A0BF1B8080BF1B0070BF10C0917D0A3
:108740009D421C4609D8A4EB0A0080B203B0BDE8E4
:10875000F08F002003B0BDE8F08F1A7813449D42DB
:10876000F1D36278042AEED00B2AECD0052AE7D1A7
:108770002146304602F048F8002843D0A378DB09B0
:1087800005D19BF8B1301BB32278A318D8E79BF82A
:108790000530002BF8D14846019301F0F1F8A2789A
:1087A0008BF80520A2889BF804C0019B1849C2F3EE
:1087B0000A02A2F50072B2FA82F2520962F3410C87
:1087C00018468BF804C004F037F92278A318B7E7ED
:1087D000404601F0D5F8A3788BF8B130A3889BF818
:1087E000B020C3F30A03A3F50073B3FA83F35B0964
:1087F00063F34102394630468BF8B02004F064F947
:108800000028C1D1034B1B68DB07A2D500BEA1E73E
:10881000206F0020F0ED00E01C6F002070B51C4CB4
:1088200094F8B1208A4205461E460FD1B4F8BC2008
:10883000F2B9184B23B1B2B217490020AFF3008050
:108840002846164904F040F9012070BD63798B4237
:1088500001D0002070BD124B1BB1B1B20020AFF3AC
:1088600000801049284604F0E7F848B1012070BDA7
:10887000B2B2D4F8B41004F1B80000F0F3FFD8E7B6
:1088800032462846074904F099F8012070BD00BF20
:108890001C6F0020000000009C6E0020CC6F0020A8
:1088A00000000000206F0020F8B50E688D88B778B2
:1088B0003544AE420BD23B469F42344603D10BE0D7
:1088C0006378042B05D023781C44A542F8D80020F7
:1088D000F8BDA3789F42F6D1E3789A42F3D1A5423E
:1088E000F5D9237D012B06D9144B1B68DA07EED589
:1088F00000BE0020ECE723790D46DBB1012BE6D169
:108900002278E389617A1344114423442144994233
:1089100004D3DCE70A7811448B42D8D94A78052A77
:10892000F8D101F071FF28B9044B1B68DB07CED5E5
:1089300000BEF8BDA41BEC800120F8BDF0ED00E006
:10894000C28832B9654B1B68DB0700D500BE00202A
:108950007047F0B40378624803EB830403EB4403ED
:10896000C058831803D08E781C7BA64207D95B4B76
:108970001B68D90700D500BE0020F0BC70472EB997
:10898000012C01D90120F8E701268E7001248C60AA
:10899000C1F80E404C7700256FF03F0481F822505B
:1089A0008C766FF003056FF06404CD760C774D4D37
:1089B000C1F81E50082481F82340825CB3F80D40B2
:1089C00014441C441344A342D1D2474F9D78102D28
:1089D0000CD827FA05F0C04310F0010006D1DA7870
:1089E000964203D107E05A78242AEFD01A7813442C
:1089F0009C42F8D8BBE79C42B9D0062D06D0102D7A
:108A000004D0042DB9D1012248730A73CF781A79A2
:108A1000974218D81FB9012AB4D80127CF701A7805
:108A20001A44A2420FD2967806F0FD0CBCF1050F55
:108A30000FD0112E03D10CE05678242EF3D01678E7
:108A400032449442F8D8254B1B68DA0794D500BE0F
:108A500093E7D678B742F2D19442F4D0D1F81240DD
:108A60008CB9062D30D0102D2ED0042D09D1B2F89E
:108A70000560B2F807505C7D05FB06F304FB03F4C8
:108A8000E408C1F812404B6863B9557E012D3FF6EA
:108A900079AFD2F81A3025B9D2F81E209A427FF465
:108AA00071AF4B60114AA2FB03235A0BCBD0631E5C
:108AB0001344B3FBF2F30233B3F5807F28BF4FF4C6
:108AC0008073C1F816305DE7B2F80530B2F80740A0
:108AD00004FB03F42401E408D3E700BFF0ED00E059
:108AE0007870002003010101501001005917B7D11F
:108AF0002DE9F84F0B785D4C03EB83050E4603EB35
:108B000045030989E7589146804679B13944CB78C5
:108B100003F00303012B00F09480738933B13B44CD
:108B2000DA7802F00302012A00F091807488B58897
:108B300000233C44B381F38133827382B382F38296
:108B40003D44A278AC4238BF134609D29A4203D1C1
:108B50000CE06378042B06D023781C44A542F8D897
:108B60000020BDE8F88FA3789A42F5D1E3789945C3
:108B7000F2D1A542F4D994F804A0BAF1020F15D8A5
:108B8000E31BF380B9F1000F16D023781C44BAF12F
:108B9000000F4CD04FF0000B06E06378052B28D077
:108BA000042B03D023781C44A542F6D8304B1B6815
:108BB000DA07D5D500BED3E7737F012B12D006F1BB
:108BC0001E03494686F81D90A6F81890A6F81A903C
:108BD0001846302211F0D6F901463046FFF7B0FEB4
:108BE0000028BDD023781C44BAF1000FD2D1012057
:108BF000B7E7E37803F00303B9F1000F01D0012BCD
:108C000018D0022BACD12146404601F0FDFD28B31F
:108C100006EB4B03E21B1A8122780BF101039A4504
:108C200014444FF0010BBFD8B9F1000FDFD002237D
:108C30007377DCE7A388B269C3F30A039342E2D2F5
:108C40008EE700233381897801F08EFE65E70022EC
:108C500072819978404601F087FE67E7044B1B68F4
:108C6000DB077FF57DAF00BE7BE700BF787000209B
:108C7000F0ED00E010B4064C06480023C4E90033D0
:108C80001946C4F807304E225DF8044B11F07AB94A
:108C900078700020847100200120704710B4064CC9
:108CA00006480023C4E900331946C4F807304E22B1
:108CB0005DF8044B11F066B97870002084710020D3
:108CC0002DE9F0414B790E2B04D04FF000084046BF
:108CD000BDE8F0818B79012BF7D1CB79012BF4D151
:108CE0003E4E33682BB13E4B1B68DB07EDD500BE13
:108CF000EBE714460F461A46314605463760B48006
:108D0000FFF7D2FD0028E0D0F2883368B978134429
:108D10003C44A74293F814C03B4605D308E05A7878
:108D2000042A4DD00B2A4BD01A7813449C42F6D813
:108D3000BCF1000F4ED02B494A88002AD3D1D81B52
:108D40001FFA80F83272A1F802809C4293F802E088
:108D50000A8098BF034605D80BE05A78042A2BD026
:108D60000B2A29D01A7813449C42F6D8DB1B1FFA31
:108D700083F80022BCF1010FA1F804804A77B2D138
:108D800017FA80F017FA83F3984281780AD2827832
:108D90008A4203D118E04278042AF8D002781044BD
:108DA0008342F8D8284600220E49FFF7A1FE00288A
:108DB0008BD0A6F804808AE79A787245D2D0D5E79E
:108DC0009A788A42B0D0B3E7C278012AE6D18342CA
:108DD000EFD1E7E7DB1B1FFA83F8EAE778700020A2
:108DE000F0ED00E0847100202DE9F047167806F0E0
:108DF0001F04012C8CB004D0002420460CB0BDE828
:108E0000F087DFF8F892B2F804C0D9F80070804615
:108E100015465FFA8CF317B1BA789A422CD0B44F4A
:108E20007C88002CE9D03A7802EB820002EB400209
:108E300059F802E07444A2789A42DDD1C6F3411693
:108E4000F3B2002B00F09C80012B12D15FEA1C2CA6
:108E50000FD16B881B0A022B00F02E81062B00F02D
:108E60001781012B00F0F580A24B1B68DB0700D5B2
:108E700000BE07233B77BFE7C6F34116F4B2002CD0
:108E800047D0012C25D15FEA1C2C26D0B9F806204A
:108E9000BB18B95CDA89114419448B420ED29A7816
:108EA000023A052A06D8DA78624503D107E05A78F3
:108EB000242AF4D01A7813449942F8D849B10023EF
:108EC00089F80930012498E78A4B1B68D90700D537
:108ED00000BE072389F809308EE76B881B0A012B37
:108EE00000F09580022BEFD16B78812B00F0478149
:108EF000862BE9D10129E2D10B46404629467E4A1C
:108F000001F070FD0028DAD1FF2389F80930002430
:108F100073E76B780A2B4AD00B2B3ED10129CED1B7
:108F2000EB88002BF0D1B9F80630FA181179A9B105
:108F3000F85CD189537A0144034413440A449342B0
:108F400005D395E119780B449A4240F29181597802
:108F50000529F7D19978404601F006FD0026A9F8C9
:108F600006606A8865494046FFF79EFC0446002873
:108F7000CAD02946404601F01DFD89F809603CE74A
:108F80006B780A2B27D00B2B7FF46EAF012900F0F2
:108F9000BD8000233B7701242FE7564B1B6813F05D
:108FA00001032FD107221C4689F8092025E7012952
:108FB00085D1EB88012BA7D1B9F80620BF18A3D023
:108FC0000CAAF97802F8301D294601F00BFD044681
:108FD0000028D2D198E70129DBD1EB88012B35D1CC
:108FE000FB889BB31EEB030330D00CAADB7802F89E
:108FF000303D40460B46294601F0F4FC044628B3B8
:109000003E77FAE600BE072389F80930F5E66B786B
:10901000812B00F0D180862B00F0BE80012B7FF4E5
:1090200053AF012900F0CB8002297FF448AF344BC5
:10903000002B3FF444AF99F80A100020AFF30080F2
:10904000B0FA80F489F809006409D6E6FF233B777B
:10905000D2E67B7F0BB187F81DC06C78842C61D879
:10906000822C65D2012C00F00A81812C7FF4FCAEA9
:1090700001298ED1EB883BB1294640463023214A55
:1090800001F0B0FC002884D1FF233B770024B4E634
:109090006B78812B00F0A180862B7FF4E5AE01294F
:1090A0007FF477AF294640460123134A01F09AFC2A
:1090B00000287FF46EAFE7E76B78812BD8D040F2C1
:1090C000B080852B00F09780862B7FF4CDAE0129F0
:1090D0007FF45FAFEB88012BD6D10B464046294683
:1090E000094A01F07FFC00287FF453AFCCE700BFB2
:1090F00084710020F0ED00E0DDCF030078700020E7
:1091000000000000A2710020DECF03006A8839460B
:109110004046FFF7EDFC002898D02946404601F074
:1091200049FC36E7862CD2D065D3872C7FF49CAEE1
:1091300001297FF42EAFEB88002BA5D0B64EE9466F
:1091400006F1300A30687168B268F368CC46ACE862
:109150000F0010365645E146F4D19DF80210002963
:1091600040F09F80832C00F08381872C00F0648185
:10917000822C00F0618108233B7700243DE6012921
:109180007FF49DAE294640460123A44A01F02AFC03
:1091900000287FF494AEB7E601297FF490AEEB8807
:1091A000012B7FF4B1AE294640469D4A01F01AFCDE
:1091B00000287FF484AEA7E601297FF480AEEB8817
:1091C000012B7FF4A1AE294640460123954A01F0C8
:1091D00009FC00287FF473AE96E601297FF4D9AE2E
:1091E0000B464046294607F11C0201F0FBFB002814
:1091F0007FF4CFAE48E701297FF4CBAEEB88022B9A
:109200007FF442AF0CAA302122F8301D4046294697
:1092100001F0E8FB044600283FF436AF00233B771B
:10922000EBE5012B7FF420AE01293FF425AF0229A5
:109230007FF4AFAE7849A1F11E00FFF781FB044631
:1092400060B3794B7A6BBA613BB1734A79783878FD
:10925000AFF3008000287FF49CAE74490023022005
:109260004FF480720880C7E903337B61BA83C4E599
:109270006F4B1B68D8077FF547AE00BE44E6012957
:109280003FF4FAAE02297FF484AE6349A1F11E00D7
:10929000FFF756FB044600287FF47BAE08233B779C
:1092A000ABE59DF8030000287FD1FA88002A3AD068
:1092B0001EEB020337D01EF80220B3F80D005D4EFE
:1092C00010441844134498420FD99A78102A04D8AD
:1092D00026FA02F2D20700F1D5801A781344984298
:1092E000F1D95A78242AF8D1EDE70346832C5AD0D5
:1092F000872C4CD0822C7FF43EAF01218DF80310D7
:109300001A781A44904237D9947804F0FD06052E55
:1093100010D0112C0ED0147822449042F2D95478F7
:10932000242CF8D1EEE7424B1B68D9077FF523AF19
:1093300000BE20E7D478A142EDD1997806291DD04E
:1093400010291BD004297FF416AFB2F80510B2F82B
:1093500007205B7D02FB01F203FB02F3DB08CDF883
:1093600012306A4629464046302301F03BFB044652
:1093700000283FF489AE51E70246DEE7B2F8051057
:10938000B2F8073003FB01F31B01DB08E7E79A782B
:10939000062A06D0102A02D0042A7FF4ECAE997D6A
:1093A000ACE79979AAE71979A8E7019B002BD8D1F6
:1093B000FA88002AB7D01EEB0203B4D01EF802E0F0
:1093C000B3F80D20DFF86CC072449E1873449E42BF
:1093D0000ED99A78102A03D82CFA02F2D20756D462
:1093E0001A7813449E42F2D95A78242AF8D1EEE72B
:1093F00033461A7813449E4264D99A7802F0FD01EC
:10940000052948D0112A46D01A7813449E42F2D931
:109410005A78242AF8D1EEE7A2710020817000204A
:10942000DECF030082700020000000008470002066
:10943000F0ED00E05010010001238DF8023001230F
:109440004FF00112029300230392ADF810304FF653
:10945000C0428DF8223040F29B13ADF81A20ADF8CF
:109460001C30404ACDF81E2008238DF8233078E7C1
:10947000FB88002BE3D01EEB0303E0D01B7B8DF8B1
:109480000230DCE7DA7891427FF427AF2EE7DA7812
:109490009142A5D1ADE7DA789042B5D1823C052C56
:1094A0003FF669AE01A252F824F000BF2D950200EC
:1094B00011950200F3940200779102007791020067
:1094C000C99402003346E9E7D3F8151042F210734D
:1094D000B1FBF3F3019100293ED0DDF812208BB9E6
:1094E000931CB3F5807F28BF4FF48073CDF81630FE
:1094F00037E75A7E72BBD3F8221042F21073B1FBE9
:10950000F3F3E7E7013A1A44B2FBF3F30233E8E777
:109510005A7ECAB1053203EB8202D2F80210D3F8A8
:109520001A3042F21072B3FBF2F3D3E75A7E72B1F3
:10953000053203EB8202D2F80220D3F81A1042F26D
:109540001073B2FBF3F3C5E7D3F81E10E7E7D3F8C7
:109550001E20F2E7002301930023ADF81630ADF88A
:109560001830FEE6030101012DE9F84F334C238941
:1095700053B12278324F02EB820502EB45057D594B
:109580002B449F788F420AD02E4B1B68DB0703D5F4
:1095900000BE0020BDE8F88F0020BDE8F88FD4E9B8
:1095A00004369E4205460BD327490023C4E9033302
:1095B000636119B161781046AFF300800120E9E7DB
:1095C00001F046F90028E7D0DFF88090A36999F808
:1095D0000000D4E9042BA2EB0B0808EB00069E4226
:1095E00028BF1E46B04213D9164B1B6813F0010367
:1095F00001D000BE002339462846144A01F048F93C
:109600000028DBD10F4B1B68DA07C5D500BEC1E7C8
:10961000E168A6EB000A59444844524610F08EFC1B
:109620000BEB0A03D0456361B3B2E4D199F8012092
:1096300042F0020289F80120DDE700BF84710020BA
:1096400078700020F0ED00E0000000008470002041
:109650002DE9F041B2F5004F9DF8188030D804464E
:10966000C0681E460F46154618B14FF0FF310DF089
:10967000B5F8206918B14FF0FF310DF0AFF8E2886E
:10968000E068276066F30E02C2F30721002368F347
:10969000C711E2806381A580E171238118B11A4668
:1096A00019460CF053FC206938B100231A461946BC
:1096B0000CF04CFC0120BDE8F0810120BDE8F081F8
:1096C0000020BDE8F08100BF03894289808892B202
:1096D0009BB2934236BFC2EB40029B1A9B189BB2CF
:1096E000984228BF18467047028943899BB2981A4E
:1096F000B0FA80F04009704703894289808892B2AD
:109700009BB2934236BFC2EB40029B1A9B189BB29E
:10971000984286BFC01A80B2002070472DE9F843F6
:10972000054600690E46174618B14FF0FF310DF09F
:1097300055F82B896989A8889BB289B28B4236BFBC
:10974000C1EB40045C1AE418A4B2002C4AD0A04239
:1097500006D283422CBF191A191889B269810446AE
:10976000BC4228BF3C468842A4B203D8091A89B239
:109770008842FBD9EA882B68401AC2F30E0887B2E8
:109780001FFA88F2BC4202FB013125D917FB08F908
:109790001FFA89F94A46304610F0D0FBE21B12FB53
:1097A00008F206EB090092B2296810F0C7FB6A893B
:1097B000A88892B211198BB29A4215D940001B1A8F
:1097C0009BB228696B8120B100231A4619460CF020
:1097D000BDFB2046BDE8F88302FB04F2304610F0E2
:1097E000ADFBE4E769898BB240008342E9DBE6E741
:1097F00038B5054600690C4618B14FF0FF310CF042
:10980000EDFF29896B89AA8889B29BB2994236BF3C
:10981000C3EB4200C81A401880B200B3824209D29A
:1098200091422CBF8B1A8B189BB29A426B8103D842
:109830009B1A9BB29A42FBD9EA882968C2F30E02AE
:10984000204602FB031110F079FB0124286920B1A6
:1098500000231A4619460CF079FB204638BD044611
:10986000F4E700BF2DE9F0471446002A4FD0054623
:10987000C0680F4618B14FF0FF310CF0AFFFEA7926
:109880002E896989AB88D209B6B289B242D18E429B
:1098900036BFC1EB4301711A891989B2994252D27C
:1098A000591A89B28C42E88828BF0C46C0F30E08CA
:1098B000B342304603D8C01A80B29842FBD21B1A7A
:1098C0002A681FFA83F9A14508FB002047D219FB3B
:1098D00008FA1FFA8AFA5246394610F02FFBA4EB19
:1098E000090212FB08F207EB0A0192B2286810F095
:1098F00025FBA3199BB2AA88B3424FEA420201D3C7
:10990000934201DB9B1A9BB2E8682B81F8B9204691
:10991000BDE8F087E8889C42C0F30E080FD28E4263
:1099200023D3721A92B2580022448242C0DBCE186E
:10993000361BB6B2B14220D9361AB6B2B8E7E41A2D
:1099400008FB0477B3B9E86800240028DFD00023BF
:109950001A4619460CF0FAFA2046BDE8F08708FBD3
:1099600004F2394610F0EAFAC3E75800421A3244CA
:1099700092B2D9E70E461C4698E7B04298DCDBE786
:1099800010B50446C06818B14FF0FF310CF026FF47
:10999000206918B14FF0FF310CF020FFE068002380
:1099A0006381238118B11A4619460CF0CFFA206959
:1099B00020B100231A4619460CF0C8FA012010BD48
:1099C00038B5C379B1EBD31F1FD00446C0680D462C
:1099D00018B14FF0FF310CF001FF206918B14FF0C2
:1099E000FF310CF0FBFEE379E06865F3C713E37128
:1099F00020B100231A4619460CF0A8FA206920B1BC
:109A000000231A4619460CF0A1FA012038BD00BF08
:109A1000704700BF704700BF0020704700207047AC
:109A2000704700BF704700BF704700BF704700BF5E
:109A3000024B5878003018BF012070472C7200206C
:109A4000024B1878C0F38000704700BF2C720020D2
:109A5000024B1878FF3818BF0120704718610020AA
:109A60002DE9F047374E3378FF2B82B004D0012523
:109A7000284602B0BDE8F087002946D03822884643
:109A800007460021304810F07DFA304B3049002560
:109A900001201D700CF034FC2E4B1860002834D0CF
:109AA0002D4C2346626833F80C0B618800950CF04E
:109AB000DBF9A16805460DF06BF8284B1D6075B306
:109AC000274B23B12748AFF30080274B1860254C64
:109AD000DFF89CA02278DFF8909000252B460EE05E
:109AE000D9F8003013EB45130FD05B686BB1984782
:109AF00022780135EDB2511DA9422B4615DBAA4251
:109B0000EED89B1A0AEB4313EFE7184B1B68DA07F2
:109B100000D500BE0025284602B0BDE8F087134BF3
:109B20001B68DB07F6D500BEA2E741463846377012
:109B300001F050FE05460028F1D0384601F04CFEF9
:109B400096E700BF186100202C7200202C730020C3
:109B5000DC71002064720020BC600020687200206C
:109B600000000000D8710020D4710020F0ED00E06A
:109B7000E0CF0300B94B1B78FF2B00F0A1812DE94A
:109B8000F04F04468BB04FF47A7200238002A10D8F
:109B90000FF09EFFB24DDFF8E4B2B24E8246671C72
:109BA000286800F02481002C00F02181BAF1000F18
:109BB00014BF5246012207A90CF07EFCC0B19DF8EB
:109BC0001D30013B072B00F21481DFE813F0F20097
:109BD000D300CA00BF00B700410014000800089B72
:109BE0000BB10998984728680CF0A4FF0028D6D13B
:109BF0000BB0BDE8F08F9DF820109B4B01F07F0764
:109C000003EB470303EBD11393F826006FF3000037
:109C100083F8260093F826006FF3820083F826006D
:109C2000002F00F04581914A1B7D12789342C0F0CD
:109C30003381501D9842C0F234819B1A0BEB4313C1
:109C40009F699DF82120099B9DF81C00B847CAE731
:109C5000874A1378002B00F024811378013BDBB294
:109C60001370137803F0FF00002BBCD1DFF8F891DC
:109C70009DF81C8099F8003043F0010389F800300A
:109C800099F8263060F3000389F8263099F82630D9
:109C900060F3820389F8263099F8273060F30003D7
:109CA00089F8273099F8273060F3820389F8273044
:109CB00000F002FF9DF8203003F06002602A00F0FF
:109CC0000681402A00F00A8103F01F03012B00F0F7
:109CD000D581C0F01281022B40F0F9809DF824104C
:109CE00001F07F07082F00F2F2807B00C809019382
:109CF0004B44034400905D481F7D03789F4280F0F1
:109D00000F82336803EB4717002A00F0108257B127
:109D1000786900F0D1FE7B69404608AA0121984786
:109D200000287FF460AF9DF81C00002101F0BEFF09
:109D300080219DF81C0001F0B9FF54E74A4B1B78C5
:109D4000D8077FF550AFFFF771FE4CE7464B1A7806
:109D5000D7077FF548AF1878C0F3C000FFF764FE5F
:109D600041E7414BDB78D9077FF53DAF0898FFF716
:109D700051FE38E73D4F9DF81C903A7800239846F5
:109D800010E0336813EB481300F08080DB6848462E
:109D900098473A7808F101085FFA88F8511D88451C
:109DA000434645DC9045A3EB0203EAD30BEB431398
:109DB000ECE72E4F9DF81C903A78002398460FE070
:109DC000336813EB48135BD0DB68484698473A7812
:109DD00008F101085FFA88F8511D884543460FDCF9
:109DE0009045A3EB0203EBD30BEB4313ECE72246C6
:109DF000E1E6204B1B68DA077FF5F5AE00BEF2E620
:109E000038220021184810F0BDF81B4A4FF0FF33EC
:109E1000C2E90533C2E90033C2E90233D3611384D6
:109E2000136100F03FFE104B9DF820209A70DAE697
:109E3000382200210C4810F0A5F80F4A4FF0FF33EC
:109E4000C2E90533C2E90033C2E90233D3611384A6
:109E5000136100F027FEFFF7E5FDC4E6186100205E
:109E600068720020D47100202C720020D87100206C
:109E70002C730020F0ED00E030720020E0CF0300F2
:109E8000A44B1B68D907CCD500BECAE7A14B1B6801
:109E9000DA07DED500BEDCE7326812EB43137FF44D
:109EA000CFAE9C4B1B68DB077FF5A2AE00BE9FE6E2
:109EB000099B9DF821209DF81C0000F013FE92E6FE
:109EC0007047FCF7F3FC0246002840F0E981914B13
:109ED0001B68DA077FF527AF00BE24E78E4800280D
:109EE0003FF421AF00F0E8FD404608AA0121FCF74D
:109EF00025FF00287FF477AE15E7202A00F0F180D7
:109F0000002AE4D19DF82130092BE0D801A252F8B3
:109F100023F000BF3BA002001BA00200CF9E020066
:109F20005DA00200CF9E0200FD9F0200A99F0200DB
:109F3000CF9E0200939F02003D9F02009DF82230B9
:109F400001931A4699F801309A4200F0548199F829
:109F50000130002B40F05481019B89F80130002B27
:109F600000F04781581EC0B2FCF7A0FC18B143783E
:109F7000022B00F0C181674B1B68DB0700D500BED8
:109F8000644B1B68D80700D500BE002389F8013058
:109F9000C9E60AAA99F8013002F80E3D40460123AD
:109FA00008A900F01FFD1EE6BDF82200030A5A1E94
:109FB000C0B20E2A3FF6B7AE01A151F822F000BFA1
:109FC000B3A202008FA202007FA20200279D02001E
:109FD000279D020061A202008FA20200279D0200BD
:109FE000279D0200279D0200279D0200279D020059
:109FF000279D0200279D0200E3A2020008A800F0AE
:10A0000061FD40469DF8221001F0ECFB99F800300C
:10A0100043F0020389F80030E5E5BDF82230012B5A
:10A020007FF481AE99F8003040466FF3C30308A96E
:10A0300089F8003000F0BEFCD5E599F800309908A9
:10A0400001F00201C3F340130AAA0B4322F80E3DAC
:10A050004046022308A900F0C5FCC4E5BDF8223043
:10A06000012B7FF460AE99F80030404643F00803BE
:10A0700008A989F8003000F09DFCB4E59DF8243073
:10A080000F2B3FF650AE4B44244A1B791778BB4246
:10A0900038D2376817EB43173FF445AE786900F0C4
:10A0A0000BFD7B6908AA01214046984700287FF4F0
:10A0B0009AAD9DF8203013F060077FF434AE9DF820
:10A0C00021300A3B012B3FF62EAE00F0F5FC9DF847
:10A0D00021300A2B00F0FC8008A9404600F06AFC01
:10A0E00081E59DF824300F2B3FF61DAE4B440B4A03
:10A0F0001B791778BB4260D2376817EB43173FF4E0
:10A1000012AE05E67A1D9A42FFF60DAEDB1B0BEB95
:10A110004317C3E7F0ED00E03D6D0200D871002069
:10A12000581DB84239DA002A7FF4FDAD17469DF874
:10A130002130012B03D036D3032B7FF4C8AEBDF8FA
:10A1400022200292AAB9B84A012B10783DD001F022
:10A15000ADFD019B009A4B44134493F8262042F036
:10A16000020283F8262093F8262042F0010283F8A9
:10A170002620002F3FF437AD786900F09DFC7B6905
:10A18000012108AA40469847002000F095FC99F864
:10A190002730D9073FF527AD9EE7FB1A0BEB431796
:10A1A000002AC4D0B4E5019B009A4B4413442033E9
:10A1B0000AAA9B79C3F3400348E77A1D9A42FFF647
:10A1C000B2ADDB1B0BEB4317A2E501F097FD019B42
:10A1D000009A02994B44134493F8262061F34102FC
:10A1E00083F8262093F8262061F3000283F82620C6
:10A1F000BFE7FFF717FC404608A900F0DBFBF2E4DD
:10A200000021404601F000FB404601F09FFB874FD4
:10A2100099F802300293002300943A781C460CE02F
:10A220000BEB4313DB68404698473A780134E4B2BD
:10A23000501D8442234600F3CE809442A3EB0203D8
:10A24000EED2336813EB4413ECD1794B009C1B68BE
:10A25000DB0700D500BE9DF8083089F802307BE6A8
:10A26000FFF7DAFB024600283FF45DAD4046137865
:10A2700008A900F0B7FB00287FF4B5AC53E5BDF8A2
:10A280002410FCF719FB02460028EFD14BE5022B06
:10A290003FF417AEFFF7C2FB024600283FF443AD80
:10A2A0004046538808A900F09DFB00287FF49BAC32
:10A2B00039E5FCF7F7FA024600283FF408AE4046BD
:10A2C000122308A900F08EFB00287FF48CAC2AE54D
:10A2D0000AAA08A902F80E7D4046012300F082FB7D
:10A2E00081E4544B002B3FF41EADFCF723FD0246E6
:10A2F00000283FF418ADD3E7C27999F80030511126
:10A3000061F30413921162F3451389F80030438816
:10A31000CDF81080CDE900A4C318039300F109071C
:10A32000039BBB4237D97B780B2B03BF3B7897F855
:10A3300003A0FF184FF0010A7B78042B43D1039B45
:10A340003A4ACDF814A0DB1B00219BB2029112788F
:10A3500088469A4617E0346814EB481433D05246C6
:10A360003946049823699847082808F1010201D961
:10A37000824543D22D4B5FFA82F81A78CDF80880D7
:10A38000511D88451CDC029B9045A3EB0202E2D3E1
:10A390000BEB4214E3E7DDF81080DDE900A4FFF7E2
:10A3A0003FFB28E70246434604463946224802F06E
:10A3B000B1FA1E4B029A1B78053393422744AFDA59
:10A3C000DDE900A4D7E51A4B1B68DF07DDE900A42F
:10A3D0007FF5D6ADD3E5382200211848009C0FF058
:10A3E000D1FD174A4FF0FF33C2E90533D36113841F
:10A3F000C2E90033C2E9023313612CE7DDF814A08F
:10A40000BAF1010F1ED00021CBB2534501F1010179
:10A41000C8D2BA78134459FA83F31A79FF2AD2D1F1
:10A4200083F80480F0E700BF18610020D871002095
:10A43000F0ED00E0356D0200407200202C7200202B
:10A440003072002023690A4A0A498B4208BF4FF044
:10A45000020A9342D7D17B79012BD4D1BB79012B4E
:10A46000D1D1FB79002B08BF4FF0020ACBE700BF28
:10A470005D7902001D7102002DE9F0434378023B33
:10A4800085B005460E46042B0CD8DFE803F0495D85
:10A49000037E3F00844B1A78D70715D51A7842F00F
:10A4A00004021A70814B18688EB933464FF0FF32A0
:10A4B00029460BF04BFD003018BF0120F0B97C4B52
:10A4C0001B68DB0700D500BE05B0BDE8F08304AA19
:10A4D000002342F80C3D29460BF048FF019B43B195
:10A4E000744B4FF080525A6040BFBFF34F8FBFF3A1
:10A4F0006F8F003018BF01200028E0D03246697805
:10A500002878FFF785FA05B0BDE8F0836A4A13782A
:10A510000133DBB21370654B1868002ED7D1C4E746
:10A52000614B1A786FF300021A701A7800216FF3EA
:10A5300041021A7059701A7861F382021A705B4BEB
:10A540001868002EC3D1B0E75C4FDFF874913978FA
:10A55000DFF87081002423460AE0D8F8003013EBBE
:10A5600044130AD10134E4B24A1DA242234615DB4A
:10A570008C42F2D35B1A09EB4313DB69002BF1D059
:10A580006968287898473978ECE7474B1A78D407F8
:10A590009AD51A786FF382021A7083E7424C2378B7
:10A5A00058072FD5237841496FF3820323702B7806
:10A5B0008DF8043005220023CDF80A30CDF806309E
:10A5C000ADF80E3008688DF80520002E59D004AA89
:10A5D00001A942F8103D0BF0C9FE009B43B1354B79
:10A5E0004FF080525A6040BFBFF34F8FBFF36F8F61
:10A5F000003018BF012000284DD12D4B1B68D90712
:10A6000000D500BEE378DA077FF55EAF274A2B78E6
:10A61000696810688DF8043003220023CDF80A30F1
:10A62000CDF80630ADF80E3002918DF80520F6B168
:10A6300004AA01A942F8103D0BF098FE009B43B11B
:10A640001C4B4FF080525A6040BFBFF34F8FBFF397
:10A650006F8F003018BF012000283FF430AF324622
:10A660009DF805109DF80400FFF7D2F92CE733465A
:10A670004FF0FF3201A90BF069FC003018BF012038
:10A68000EAE733464FF0FF3201A90BF05FFC0030E0
:10A6900018BF0120AFE732469DF805109DF8040071
:10A6A000FFF7B6F9AEE700BF2C72002068720020F9
:10A6B000F0ED00E000ED00E02C730020D8710020E8
:10A6C000E0CF0300D47100202DE9F84F0A9F002A43
:10A6D0004CD090464A78052A0C460ED1CE7806F02A
:10A6E0000306B34209D18A7802F07F02082A0DD905
:10A6F000204B1B68DA0700D500BE1E4B1B68DB072A
:10A7000002D40020BDE8F88F00BEFAE7DFF868B099
:10A71000DFF868A09BF8009000250EE06278052A1B
:10A72000EBD1E27802F00302B242E6D1A27802F065
:10A730007F02082ADCD89BF800909AF802100022C9
:10A74000204602F095F80028D2D04846214601F074
:10A750006FF80028D1D0A278D30916BF0B9B3A70AE
:10A760001A702278013545451444D7D10120BDE83F
:10A77000F88F00BFF0ED00E0186100202C7200207F
:10A7800030B51E4D85B0082400230290019303913B
:10A790008DF805402868144682B9134601A94FF088
:10A7A000FF320BF0D3FB003018BF0120E0B9144B8F
:10A7B0001B68DB0700D500BE05B030BD04AA01A9A7
:10A7C00042F8103D0BF0D2FD009B43B10D4B4FF012
:10A7D00080525A6040BFBFF34F8FBFF36F8F00307E
:10A7E00018BF01200028E2D022469DF805109DF8F0
:10A7F0000400FFF70DF905B030BD00BF68720020FE
:10A80000F0ED00E000ED00E038B58B7803F07F0359
:10A81000082B06D90B4B1B68DB0700D500BE0020B8
:10A8200038BD094A094B0C46204691781D78002214
:10A8300002F01EF80028EDD021462846BDE8384039
:10A8400000F0F6BFF0ED00E02C720020186100204F
:10A85000CB09263301F07F010348044A03EB410191
:10A860000844116801F0BABF2C7200206472002005
:10A87000CB09263301F07F010348044A03EB410171
:10A880000844116801F0D6BF2C72002064720020C9
:10A8900038B5154C01F07F0504EB450404EBD114E9
:10A8A0002034A079C00706D5104B1B68DA0700D505
:10A8B00000BE002038BDA5790D4845F0010500789F
:10A8C000A57101F0F1F80028F4D1A379074A60F3EB
:10A8D0000003A371A37960F38203A3711368DB07FC
:10A8E000E7D500BE38BD00BF2C720020F0ED00E0BF
:10A8F00018610020054B01F07F0203EB420303EBDC
:10A90000D11191F8260000F0010070472C72002050
:10A9100010B50C4B18780C4601F0C8F90A4904F040
:10A920007F0301EB430101EBD41191F8263043F092
:10A93000020381F8263091F8263043F0010381F8B4
:10A94000263010BD186100202C720020054B01F04C
:10A950007F0203EB420303EBD11191F82600C0F311
:10A96000400070472C72002010B50F4B18780C4631
:10A9700001F036F80D4904F07F0301EB430101EBD0
:10A98000D41191F826306FF3410381F8263091F805
:10A9900026306FF3000381F8263091F826306FF3EC
:10A9A000820381F8263010BD186100202C7200202F
:10A9B000704700BF0A4630B4094C49680546106824
:10A9C000234603C30023C4E9023392F900209A42CC
:10A9D0002846ACBF802119461A4630BCFFF758BF45
:10A9E00070730020F0B50E462B4C4968074630685E
:10A9F000A260254603C50021E181F588AB4228BF4E
:10AA00002B4683B0A381ADB13BB3002A3DD094F96E
:10AA10000000402B28BF402300282CDB1F4A38466B
:10AA2000FFF736FF98B91E4B1B68DB0712D500BE37
:10AA300003B0F0BD96F90030002BACBF802100219F
:10AA400038462B462A46FFF723FF0028EBD001208B
:10AA500003B0F0BD002003B0F0BD94F90020002A3F
:10AA6000ACBF194680211A463846FFF711FF00286F
:10AA7000D9D00120ECE71146084801931A460FF09F
:10AA80005DFA064A019B8021EEE7054B1B68D9075A
:10AA9000E0D500BE1046CBE7707300203073002075
:10AAA000F0ED00E0034B0022C3E90022C3E90222DB
:10AAB0001A61704770730020014B1861704700BF26
:10AAC000707300200346064A5968006810B41346A4
:10AAD000002403C3C2E902445DF8044B704700BF81
:10AAE0007073002070B5404C2278C909B1EBD21FB9
:10AAF00082B0064615D03BB13C4B1B68DA0700D547
:10AB000000BE002002B070BD2146FFF751FF23694F
:10AB1000002B40D02246304603219847012002B046
:10AB200070BD94F90020A068002A08DB0028E8D056
:10AB30001A462F4901930FF001FAA068019BE5899D
:10AB4000E2881D44ADB21844AA42A060E58101D05C
:10AB50003F2B23D8236923B1234A0221304698474B
:10AB600088B194F9002000239A42ACBF8021194695
:10AB700030461A46FFF78CFE68B91C4B1B68DB0792
:10AB8000BFD500BEBEE70146304601F08FF8304623
:10AB9000802101F08BF8012002B070BDA28994F9E8
:10ABA0000010531B9BB2402B28BF402300290ADB17
:10ABB00095424FF0000112D00D4A3046FFF768FE73
:10ABC0000028DAD0E7E795420BD001461A4608483C
:10ABD00001930FF0B3F98021054A019BEDE70A4686
:10ABE000EBE780210022E8E770730020F0ED00E041
:10ABF0003073002000B170470DF066B900B17047A6
:10AC00000DF06CB90138C3B2042B07D856230D4A96
:10AC100003FB00F013181B79DB0706D40A4B1B68F3
:10AC2000DB0700D500BE00207047CB09363301F0AA
:10AC30007F0103EB4101054B08441044196801F002
:10AC4000CDBD00BF84730020F0ED00E0347500201E
:10AC50000138C3B2042B07D856230A4A03FB00F07D
:10AC600013181B79DB0701D400207047CB0936335A
:10AC700001F07F0103EB4101034B084410441968C4
:10AC800001F0D8BD8473002034750020F0B5441E57
:10AC9000E5B2042D83B017D8562505FB04F5174EF1
:10ACA00001F07F0405EB4404344404EBD114303448
:10ACB000A779FF070BD5124B186810F0010001D0DF
:10ACC00000BE002003B0F0BD002003B0F0BD1F4661
:10ACD00013460A460146705DA579009745F00105C7
:10ACE000A57100F0BDFB0028ECD1A37960F300034F
:10ACF000A371A37960F38203A371E3E78473002057
:10AD0000F0ED00E02DE9F047764DAF798F4284B049
:10AD100091461E4604465BD0E2234FF0000AA9711B
:10AD20008DF809108DF80830ADF80CA0002E00F059
:10AD3000B380012103AF0DF10808FBF72BFE41465C
:10AD40003A4602232046FBF753FE51462046FBF7C6
:10AD500021FE9DF80C30EB702223D9F800908DF87D
:10AD60000730002E3ED020460121FBF713FE3A4665
:10AD70000DF1070101232046FBF73AFE9DF80C3048
:10AD8000EB704946082300222046FBF731FE20469F
:10AD90000021FBF7FFFD0026102241F2F2032046BE
:10ADA0000121EA71ADF80830ADF80C60FBF7F2FD57
:10ADB0003A46414602232046FBF71AFE314620461A
:10ADC000FBF7E8FD9DF80C30EB7004B0BDE8F087B0
:10ADD000222303AF0DF10808D9F800908DF8073051
:10ADE000002EC0D14FF0FF31E86D0BF0F7FC31467B
:10ADF0002046FBF709FE20460121FBF7CBFD3A4632
:10AE00000DF1070101232046FBF7F2FD9DF80C3000
:10AE1000EB703246082349462046FBF7E9FD3146F0
:10AE20002046FBF7B7FD20460121FBF7EDFD334639
:10AE300032463146E86D0BF089F8102241F2F203F8
:10AE40004FF0FF31E86DEA71ADF80830ADF80C60F5
:10AE50000BF0C4FC31462046FBF7D6FD204601210D
:10AE6000FBF798FD3A46022341462046FBF7C0FD1A
:10AE700031462046FBF78EFD20460121FBF7C4FD3D
:10AE8000334632463146E86D0BF060F89DF80C30E1
:10AE9000EB7004B0BDE8F0874FF0FF31E86D0BF0C8
:10AEA0009DFC31462046FBF7AFFD03AF2046012154
:10AEB0000DF10808FBF76EFD3A4602234146204695
:10AEC000FBF796FD31462046FBF764FD2046012145
:10AED000FBF79AFD334632463146E86D0BF036F803
:10AEE00037E700BF387500202DE9F04F4B781D077C
:10AEF0000E4685B090460978044662D1DA0600F124
:10AF00004881B26812B1B288002A5AD1E24D03F0EA
:10AF10002006AB7966F07F068B42F6B200F06481C2
:10AF2000E2230027A9718DF809108DF80830ADF8DB
:10AF30000C70B8F1000F00F06C82012120460DF179
:10AF40000C090DF1080AFBF725FD51464A4602237C
:10AF50002046FBF74DFD39462046FBF71BFD9DF8CB
:10AF60000C30EB70F223EE718DF8096000268DF83D
:10AF70000830ADF80C60B8F1000F40F0D980E86DF2
:10AF80004FF0FF310BF02AFC41462046FBF73CFD19
:10AF900020460121FBF7FEFC4A460223514620468B
:10AFA000FBF726FD41462046FBF7F4FC2046012135
:10AFB000FBF72AFD434642464146E86D0AF0C6FFCC
:10AFC00045E0B54D13F02007AA7946D1914240F0F3
:10AFD000BE800DF10C090DF1080AB37813F0100FC3
:10AFE0000CBF10222022EA2300278DF809208DF8BB
:10AFF0000830ADF80C70B8F1000F00F0FA800121B4
:10B000002046FBF7C7FC02234A4651462046FBF781
:10B01000EFFC39462046FBF7BDFC9DF80C30EB7089
:10B020007378EB71F222012120468DF809308DF8FA
:10B030000820ADF80C70FBF7ADFC51464A460223E0
:10B040002046FBF7D5FC39462046FBF7A3FC9DF8CC
:10B050000C30EB7005B0BDE8F08F914240F0A1805C
:10B060000DF10C090DF1080AB37813F0100F0CBFA5
:10B0700040228022EA2300278DF809208DF808302D
:10B08000ADF80C70B8F1000F00F0E480012120460B
:10B09000FBF780FC514602234A462046FBF7A8FCFA
:10B0A00039462046FBF776FC9DF80C30EB70328871
:10B0B0002B899A422AD0B788F2887388BF1ABFB208
:10B0C0005B099F4228BF1F4617F0FF0740F0088129
:10B0D0003A23AF708DF8097000278DF80830ADF86D
:10B0E0000C70B8F1000F00F0D98001212046FBF769
:10B0F00051FC514602234A462046FBF779FC39466B
:10B100002046FBF747FC9DF80C30EB7033782B7230
:10B1100073786B727378EB71F22200268DF8093028
:10B120008DF80820ADF80C60B8F1000F3FF427AFA0
:10B1300020460121FBF72EFC51464A4602232046B9
:10B14000FBF756FC31462046FBF724FC7FE7E22361
:10B15000A9718DF80910ADF80C708DF80830B8F1B0
:10B16000000F00F0DE80012120460DF10C090DF1E9
:10B17000080AFBF70FFC51464A4602232046FBF71C
:10B1800037FC39462046FBF705FC9DF80C30EB7088
:10B1900023E7434606F10802FFF7B4FD05B0BDE81A
:10B1A000F08FE2230027A9718DF809108DF808307F
:10B1B000ADF80C70B8F1000F00F0D98001212046E5
:10B1C0000DF10C090DF1080AFBF7E4FB51464A4664
:10B1D00002232046FBF70CFC39462046FBF7DAFB3E
:10B1E0009DF80C30EB703FE70DF10C090DF1080AEA
:10B1F000B8E64FF0FF31E86D0BF0F0FA414620461B
:10B20000FBF702FC01212046FBF7C4FB02234A4660
:10B2100051462046FBF7ECFB41462046FBF7BAFBC4
:10B2200001212046FBF7F0FB434642464146E86DCC
:10B230000AF08CFE9DF80C30EB707378E86DEB71C2
:10B24000F2224FF0FF318DF80930ADF80C808DF807
:10B25000082097E64FF0FF31E86D0BF0BFFA41464A
:10B260002046FBF7D1FB20460121FBF793FB4A4622
:10B27000022351462046FBF7BBFB41462046FBF725
:10B2800089FB20460121FBF7BFFB4346424641466E
:10B29000E86D0AF05BFE07E7387500204FF0FF31DC
:10B2A000E86D0BF09BFA41462046FBF7ADFB2046CC
:10B2B0000121FBF76FFB4A46022351462046FBF76C
:10B2C00097FB41462046FBF765FB20460121FBF733
:10B2D0009BFB434642464146E86D0AF037FE12E7C3
:10B2E00012238DF80730D6F808B0B8F1000F64D0FB
:10B2F00020460121FBF74EFB4A460DF107010123D1
:10B300002046FBF775FB9DF80C30EB7059463B4629
:10B3100000222046FBF76CFB00212046FBF73AFB9E
:10B32000D6E64FF0FF31E86D0BF058FA4146204663
:10B33000FBF76AFB0DF10C09204601210DF1080A0B
:10B34000FBF728FB4A46022351462046FBF750FBF9
:10B3500041462046FBF71EFB20460121FBF754FB2C
:10B36000434642464146E86D0AF0F0FD0DE74FF0D6
:10B37000FF31E86D0BF032FA41462046FBF744FB03
:10B380000DF10C09204601210DF1080AFBF702FB23
:10B390004A46022351462046FBF72AFB41462046F7
:10B3A000FBF7F8FA20460121FBF72EFB4346424605
:10B3B0004146E86D0AF0CAFD12E74FF0FF31E86D33
:10B3C0000BF00CFA41462046FBF71EFB20460121FC
:10B3D000FBF7E0FA4A460DF1070101232046FBF78F
:10B3E00007FB9DF80C30EB7042463B465946204621
:10B3F000FBF7FEFA41462046FBF7CCFA2046012136
:10B40000FBF702FB434642464146E86D0AF09EFDCB
:10B410005EE64FF0FF31E86D0BF0E0F94146204663
:10B42000FBF7F2FA0DF10C09204601210DF1080A93
:10B43000FBF7B0FA4A46022351462046FBF7D8FAFA
:10B4400041462046FBF7A6FA20460121FBF7DCFA2D
:10B45000434642464146E86D0AF078FD7FE500BF6D
:10B460002DE9F04102F07F0CBDF818E0D20981BB54
:10B47000BCF1000F5ED13E4EA6F160077178B47842
:10B4800082F0010262F345110A466FF3041244F0A0
:10B4900010017270B170B278B360032363F30302DA
:10B4A00000258046A6F804E0B270F5802846FFF734
:10B4B000A1FBBC7AC4BB01252046BD72FFF79EFBF1
:10B4C0002246404631462C46FFF70EFD2046BDE899
:10B4D000F08182F00108BCF1000F2ED0254F01222F
:10B4E0003C4604E00132142A04F10C0418D094F80C
:10B4F0006C508D42F6D102EB420507EB850595F8BD
:10B50000615005F00F066645ECD1C5F34015454581
:10B5100004F16C06BFD00132142A04F10C04E6D108
:10B5200000242046BDE8F0812846FFF767FB20464F
:10B53000BDE8F08182F00108D0E70E4F01243D46BE
:10B5400002E00134142CEBD095F86C608E4205F1CA
:10B550000C05F6D104EB4406B60007EB060C9CF88C
:10B5600061C01CF00F0FECD160363E4486E700BF8F
:10B57000987500203875002042DF704743DF704720
:10B5800044DF704712DF7047F0B5334CBFF35B8F79
:10B59000014604F590730125D3E84F2FC3E8405FBF
:10B5A0000028F9D1BFF35B8F12F0FF0F48D10829B3
:10B5B00029D04E01A21954F806C028489388284F74
:10B5C00001F5947601EB810E50F82660D2889A1A24
:10B5D00093B2B6B200EB8E0209B2B34228BF334633
:10B5E000C2F800C707EB8100C2F8043747F82150C2
:10B5F000BFF36F8FBFF34F8F1A4B984218D0043BA5
:10B60000984215D0F0BD154BD3F8C024D1030FD408
:10B6100094F80B1161B11449D4F80001C3F8A007E4
:10B62000C3F8A4270D60BFF36F8FBFF34F8FF0BD3A
:10B630000023BFF35B8F84F82031BFF35B8FF0BD35
:10B640000A4B0B485A68C2F30802003218BF0122A5
:10B65000BDE8F040FFF794B8887600200070024003
:10B6600028700240507002404870024000ED00E037
:10B67000E9B60200174BBFF35B8F01460122D3E806
:10B680004F0FC3E84C2FBCF1000FF8D1BFF35B8F15
:10B6900010F0FF0F14D10A60BFF36F8FBFF34F8F0D
:10B6A0000D4B994203D0043B994200D070470B4B9D
:10B6B000BFF35B8F002283F82021BFF35B8F7047BD
:10B6C000074B08485A68C2F30802003218BF01222B
:10B6D000FFF756B8A8770020507002408876002007
:10B6E00000ED00E075B60200F0B5334CBFF35B8FA0
:10B6F000C1B204F590730126D3E84F2FC3E8406F21
:10B700000028F9D1BFF35B8F12F0FF0F47D1082952
:10B7100028D04D01621954F805E028489388DFF8D5
:10B72000B0C001F5947550F82570D2888D009A1A32
:10B7300093B2BFB26A1800EB8202BB4228BF3B46FD
:10B74000C2F800E76544C2F804374CF82160BFF343
:10B750006F8FBFF34F8F1A4B9D4218D0043B9D4211
:10B7600015D0F0BD154BD3F8C024D1030FD494F8F5
:10B770000B1161B11349D4F80001C3F8A007C3F855
:10B78000A4270E60BFF36F8FBFF34F8FF0BD002370
:10B79000BFF35B8F84F82031BFF35B8FF0BD0A4BA2
:10B7A0000A485A68C2F30802003218BF0122BDE8F5
:10B7B000F040FEF7E5BF00BF887600200070024031
:10B7C000507002404870024000ED00E0E9B602000F
:10B7D0002870024001207047014B80225A60704758
:10B7E00000E100E0074BD3F80014D3F80024002058
:10B7F0000A434FF48001C3F80024C3F85801C3F88A
:10B800000413704700700240074B4FF4001229B92F
:10B81000C3F80823054B83F821117047C3F80423AC
:10B82000024B83F821117047007002408876002097
:10B8300070B48A788C88414EC97802F07F03D509AC
:10B8400005EB430006EB001001F00301C4F30A040A
:10B85000012904812BD0012101FA03F4BDB138483C
:10B8600002339940C0F80413D0F810352343C0F8D0
:10B870001035334B42F48071C3F81825C3F80C150A
:10B88000BFF36F8FBFF34F8F012070BC70472C4800
:10B8900003F10C06B140C0F80413D0F8141503F5F9
:10B8A00094730C43C0F8144540F82350E1E7082B8B
:10B8B00008D0244B186810F00100E6D000BE00202C
:10B8C00070BC7047EDB9B6F818311BB11C4B802223
:10B8D000C3F81C251A4A0023C2F85031D2F80033AD
:10B8E00013F4001308BFC2F85431154B4FF4401243
:10B8F000C3F80423D3F8142542F48072C3F8142546
:10B90000BEE7B6F808210E4B0021C3F82C1112B186
:10B910008022C3F81C250A4AD2F8003313F400131E
:10B9200008BFC2F85431064B074AC3F80423D3F8C2
:10B93000102542F48072C3F81025A1E78876002014
:10B9400000700240F0ED00E0000820001F4B802254
:10B950002DE9F041C3F88420BFF34F8FBFF36F8F01
:10B9600001241B4D1B4FA0460026A30004F10C022E
:10B97000A11C03F1804303F51C3308FA01F108FA16
:10B9800002F20A43C7F8082328465E6001342022E9
:10B990009E6200210EF0F6FA082C05F12005E4D194
:10B9A0000D4BC7F808332022C7F81C6500217E62C2
:10B9B0000A48BE640EF0E6FAC7F81485C7F8108589
:10B9C000024B80225A60BDE8F08100BF00E100E038
:10B9D000A876002000700240000830008877002020
:10B9E00001F07F02082A70B44FEAD11128D0012358
:10B9F00003FA02F0C043B1B1294C951CAB40C4F826
:10BA00000833D4F81055274B2840C4F8100501EB33
:10BA1000420103EB01110023CB72BFF36F8FBFF321
:10BA20004F8F70BC70471E4C02F10C05AB40C4F840
:10BA30000833D4F814551B4B2840C4F81405E6E726
:10BA4000184B03EB01100024A0F808411448D1B1B1
:10BA50004FF40064C0F80843D0F8104524F4807413
:10BA6000C0F81045B3F81841B3F808510C48EC423F
:10BA70004FF0000608BF4FF40014C0F81C6508BF63
:10BA8000C0F80843C3E74FF48014C0F80843D0F867
:10BA9000144524F48074C0F81445C0F85011E1E74F
:10BAA000007002408876002001F07F004FEAD11C30
:10BAB000F0B50CEB4005744E2D01771985B0FC7A7A
:10BAC0004CB1724B1C6814F0010401D000BE00247C
:10BAD000204605B0F0BD04F0FF0E7251BB80A7F800
:10BAE00006E0002843D1002B57D0BCF1000F00F036
:10BAF0008E8006EB401100EB8003CD8A8A8A0C8B86
:10BB00000969521B9B0092B203F1804303F51C3379
:10BB1000A24228BF22465E4DC3F8001600B2C3F809
:10BB200004265C4BBFF35B8F05EB80010122D3E859
:10BB30004F4FC3E8472F002FF9D1BFF35B8FE4B21B
:10BB4000002C40F0908045F82020BFF36F8FBFF3AA
:10BB50004F8F514B994202D0043B994219D1BFF308
:10BB60005B8F002386F82031BFF35B8F11E0BCF1BF
:10BB7000000FBED106EB40160123F372BFF36F8FA7
:10BB8000BFF34F8FB37A23B1F37A03F0FF04002B96
:10BB900074D10124204605B0F0BD404AD2F880247B
:10BBA000C2F3C0126245A0D03D4D6A688DF80810FE
:10BBB000C2F3080100314FF4E06218BF012101A86F
:10BBC00003938DF80930ADF80420FEF755FCBFF360
:10BBD0005B8F06F590720123D2E84F1FC2E8403F09
:10BBE0000028F9D1BFF35B8FCCB2002C38D12A4AA0
:10BBF0001360BFF36F8FBFF34F8F1C46BFF35B8F94
:10BC0000204686F82011BFF35B8F05B0F0BD0123FD
:10BC1000204AF372BFF35B8FD2E84F4FC2E8413F37
:10BC20000029F9D1BFF35B8FE4B26CB91D4A1360F0
:10BC3000BFF36F8FBFF34F8FBFF35B8F86F820C1C9
:10BC40001C46BFF35B8F43E7154B16495A681648ED
:10BC5000C2F30802003218BF0122FEF791FD37E758
:10BC60006A680D49F3E70E4B0F485A68C2F30802A1
:10BC7000003218BF0122FEF783FD29E786F80AC0CB
:10BC8000FFF782FC24E700BF88760020F0ED00E09B
:10BC900004700240A87700205070024000700240FB
:10BCA00000ED00E04C70024075B6020011F07F001C
:10BCB00008B512D008280BD00E4B41F48072C90988
:10BCC000C3F8182504D10C4B03EB40139A7A62B9E0
:10BCD000BFF36F8FBFF34F8F08BD064B01225A652C
:10BCE000BFF36F8FBFF34F8F08BD9972FFF74CFC06
:10BCF000EEE700BF007002408876002011F0770F59
:10BD000012D00A4B41F48072C3F80C15C3F80C250D
:10BD1000CA09C3F8181504BF01F5947143F821202E
:10BD2000BFF36F8FBFF34F8F704700BF00700240AB
:10BD30002DE9F04FA54BA64CD3F8000300238BB0A0
:10BD40001E461F46012520FA03F11A19C9074FEABA
:10BD5000820209D5116839B105FA03F117600E4363
:10BD6000BFF36F8FBFF34F8F0133192BEBD1F20766
:10BD700000F13582974D330508D5944BD3F8A8369A
:10BD800001229BB2A5F8163185F81C21B70206F4F2
:10BD9000800424D58D4BD3F81425D00540F1FC81C7
:10BDA000002C00F0A182D3F80024D20740F19C823D
:10BDB000D3F81035DA0540F1FB8195F81C3107AF57
:10BDC000002B40F0BD82814BD3F8203508933846D4
:10BDD0004FF440730121ADF81C30FEF74DFB04B366
:10BDE0007A4AD2F8004440F201732340C2F800348A
:10BDF000E30500F15682670510D5744B0122C3F8A4
:10BE000008259A65D3F8002312F4001208BFC3F87E
:10BE100054216E4B4FF40012C3F80423A00500F127
:10BE2000358231023DD5694BD3F880C4D3F88414F0
:10BE3000D3F888E4D3F88C74D3F89084D3F894447E
:10BE4000D3F89804D3F89C245FFA8CF35FFA80FC53
:10BE5000D0B25A06C9B25FFA8EFEFFB25FFA88F816
:10BE60005FFA84F901D105291BD00024224668F32A
:10BE7000070263F3070461F30F2469F30F226EF3E3
:10BE800017446CF3174260F31F6267F31F644FF4AB
:10BE9000C063012107A8CDE90842ADF81C30FEF7C8
:10BEA000EBFA4D4B3340002B40F09181DFF82491A9
:10BEB000464F4D46CA4609F5907800241DE02B44B4
:10BEC000DA7A002A00F0D781DA88AAF80420002262
:10BED000DA72D98809914FF4E063012107A88DF83F
:10BEE00020B08DF82120ADF81C30FEF7C5FABBF16B
:10BEF000080F47D001340AF1200A04F10C0326FA96
:10BF000003F3DB075FFA84FBF1D504EB840307EB53
:10BF10008303DAF80020D3F80807630112FA80F2ED
:10BF2000E918CAF80020CA8880B2024492B2082CEC
:10BF3000CA80C4D0BAF808208242C0D1CA88BAF8F0
:10BF400004109142BBD9BBF1000FD0D10122BFF345
:10BF50005B8FD8E84F3FC8E8412F0029F9D1BFF3E4
:10BF60005B8F13F0FF0F40F052821C490A60BFF351
:10BF70006F8FBFF34F8FBFF35B8F85F82031BFF317
:10BF80005B8FB7E7164B3340002B00F002810F4B5D
:10BF9000D3F86C240192C3F86C24BFF36F8FBFF306
:10BFA0004F8F16F4806600F06E81D3F88024D3F8AA
:10BFB000803483F08003C3F3C0130593C2F3C0132E
:10BFC0000493DFF808A00024A84613E000700240A4
:10BFD000409C001088760020FCFB1F004C70024043
:10BFE00000040001002C00F0F281072E52D0013431
:10BFF00009F120090199E14004EB8403C9070AEB28
:10C00000830308EB4412E6B2ECD5D3F80816D9F84E
:10C010001070C9B20F44C9F81070D08A014489B2B7
:10C02000D182A849D08AB9F8145061188900854294
:10C0300002914FF0010C66F07F0103914FF4E06B29
:10C040004FF0000E614607A840F2B480D18AB9F8DB
:10C050001820C3F800766D1AADB2954228BF154678
:10C06000994AC3F80456BFF35B8FD2E84F3FC2E84A
:10C0700041CF0029F9D1BFF35B8F13F0FF0F40F0E0
:10C08000ED80029BC3F800C0BFF36F8FBFF34F8FEB
:10C09000072EACD1019BDB03454601D4059B43B180
:10C0A000EB7A23B1EB88AA889A4200F271810123CE
:10C0B000AB72019B9F030BD595F82B3023B1EB8C12
:10C0C000AA8C9A4200F28881012385F82A30019BCC
:10C0D0005E030DD595F84B3033B1B5F84630B5F861
:10C0E00044209A4200F27D81012385F84A30019B69
:10C0F0001C030DD595F86B3033B1B5F86630B5F843
:10C1000064209A4200F27E81012385F86A30019B07
:10C11000D8020DD595F88B3033B1B5F88630B5F827
:10C1200084209A4200F23881012385F88A30019BED
:10C1300099020DD595F8AB3033B1B5F8A630B5F806
:10C14000A4209A4200F22D81012385F8AA30019B98
:10C150005A020DD595F8CB3033B1B5F8C630B5F8E5
:10C16000C4209A4200F22281012385F8CA30019B43
:10C170001B020ED595F8EB30002B00F0F380B5F8DC
:10C18000E630B5F8E4209A4240F2EC800720FFF751
:10C19000FBF90BB0BDE8F08FD3F81025D1053FF5C2
:10C1A0000CAE95F821211AB94FF40012C3F80823F8
:10C1B00007AF08E6D38A09939DF80C30ADF81CB0A0
:10C1C0008DF820308DF821E0FEF756F90DE70023B9
:10C1D000BFF35B8F85F82031BFF35B8F66E63B4B87
:10C1E0003B4A3C4D3C4800240127C2F81475C2F874
:10C1F0001075546094625C609C629C60DC62DC60E0
:10C200001C631C615C635C619C639C61DC63DC613E
:10C210001C6454629464C2F85841D2F80034D2F8D5
:10C2200000140B43C2F80034D2F80033C2F80833CC
:10C230002146C2F8040328464FF492720DF0A2FE84
:10C2400040234FF48072394607A82B832B818DF849
:10C250002040ADF81C20FEF70FF98CE51F4B20485D
:10C260005A680299C2F30802B2EB0E0218BF01220B
:10C27000FEF786FAB9E61B4B1B68D80789D500BEC6
:10C280000BB0BDE8F08FCDE904669AE600220523E5
:10C29000012107A88DF81C208DF81D30FEF7ECF861
:10C2A000BFE50121C2F82C150423002207A88DF850
:10C2B0001C208DF81D30FEF7DFF867057FF5AEAD69
:10C2C0009BE500BF019C0010A8770020047002408D
:10C2D00000700240887600200514C00100ED00E0E7
:10C2E00075B60200F0ED00E04F4BBFF35B8F01220B
:10C2F000D3E84F1FC3E8402F0028F9D1BFF35B8F6D
:10C3000011F0FF0F32D1494BD3F8C004C70352D408
:10C3100095F80B1101F0FF07002967D04449D5F8C3
:10C320000071C3F8A077C3F8A4070A60BFF36F8F4A
:10C33000BFF34F8FD3F81035D8053FF53EAD37E743
:10C34000B5F816310993002285F81C2188234FF493
:10C35000E06238460121ADF81C20ADF82030FEF730
:10C360008BF830E5012385F8EA3012E7314B32488B
:10C370005A68C2F30802003218BF01220821FEF7F2
:10C38000FFF92A4BD3F81035DB053FF516AD0FE763
:10C390000020FFF7F9F88CE60420FFF7F5F8019B81
:10C3A000C6E60520FFF7F0F8019BD1E60620FFF76F
:10C3B000EBF8019BDCE6BFF35B8F85F82011BFF340
:10C3C0005B8FD3F81035DF053FF5F7ACF0E6049945
:10C3D00000293FF40CAE18E60120FFF7D5F8019BC9
:10C3E00076E60220FFF7D0F8019B81E6BFF35B8F72
:10C3F00085F82071BFF35B8FD3F81035D9053FF571
:10C40000DCACD5E60320FFF7BFF8019B80E6094BC3
:10C410000A485A680A49C2F30802003218BF0122CA
:10C42000FEF7AEF966E500BFA87700200070024075
:10C430004870024000ED00E0E9B6020075B6020067
:10C440004C70024030B5012885B000F09F8057D372
:10C45000022840D1BA4BD3F80435002B40F0D780E6
:10C46000B74AD2F800341C05FBD54FF40063C2F87C
:10C470000034BFF36F8FBFF34F8FB24AB24B1268D5
:10C480001B68082A00F0D780AD4BB04D80240122F4
:10C49000C3F81C45C3F80423C5F88441FDF7D8FA56
:10C4A000002840F0F880AA4D43F204044FF0804386
:10C4B0002268AA4211D0D3F80C14D3F80C24D0036C
:10C4C000F6D5CA07F4D59E4B0122C3F80425BFF365
:10C4D0006F8FBFF34F8F05B030BD04AA002102F863
:10C4E0000C1D1046FFF74EF89DF804000028E2D01E
:10C4F00010460191FFF744F8019A002AD8D0E2E7EC
:10C500008F4BD3F80025002AE5D14FF480014FF47A
:10C510000062C3F80813C3F80024BFF36F8FBFF3A2
:10C520004F8F884B1B68082B00F0B780844B01228B
:10C53000C3F80025BFF36F8FBFF34F8F43F20402A0
:10C5400003F18D5303F57723126803F2DB539A420C
:10C5500000F0CA804FF08043D3F80C24D3F80C3499
:10C56000D90301D5D207B6D443F20402784B12683E
:10C570009A4200F01881774B00221A601B680193E1
:10C580004FF08043012201991A60A4E76C4BD3F865
:10C590000025002A9FD00022C3F80425BFF36F8F27
:10C5A000BFF34F8F69498020C1F88400BFF34F8FDC
:10C5B000BFF36F8FD3F80013C3F80813C3F8002537
:10C5C000BFF36F8FBFF34F8F43F2040103F18D531D
:10C5D00003F57723096803F2DB53994200F0998051
:10C5E00001AB5D4A012111605C4A5168C1F3080149
:10C5F000003118464FF000024FF0020318BF01212E
:10C600008DF804208DF80530FDF736FF63E743F21F
:10C6100004024F4B12689A4200F0B0804FF0804302
:10C62000D3F80C24D3F80C34DB037FF519AFD5070E
:10C630007FF516AF4FE7032B0AD8494A1168002946
:10C6400040F09880474C49F27530106021601060CE
:10C650005A1E022A10D8424A1168002967D1424D59
:10C660003848394B00681B6849F2753414602960FA
:10C67000146008287FF408AF032B3FF605AF3B4951
:10C680003B4B40F2E370402208601A60BFF36F8FAB
:10C69000BFF34F8FF8E66C6005E72B4B1B685A1E03
:10C6A000022A12D82E4B1A68002A40F08E802E499A
:10C6B00049F2753203201A6008601A60214A224B41
:10C6C00012681B68082A7FF431AF032B3FF62EAFA8
:10C6D000234B1A68002A74D1224949F27532C020CE
:10C6E0001A6008601A6021E704AB002203F80C2DE1
:10C6F0001846FEF747FF9DF8041000293FF42AAFC3
:10C7000018460192FEF73CFF019B002B7FF4E3AE3D
:10C710002AE704AB03F80C2D1846FEF733FF9DF80B
:10C720000420002A3FF45DAFFEF728FF5CE70549CF
:10C73000054B0D4A08681B680021116099E700BF8E
:10C7400000700240300100103401001000E100E0F0
:10C75000DBE5B151000100400400004000ED00E0C5
:10C7600000EC064014EC064014ED06400078024050
:10C7700004780240174A0021116069E704AB0022E7
:10C7800003F80C2D1846FEF7FDFE9DF80410002955
:10C790003FF444AF18460192FEF7F2FE019B002BD6
:10C7A0007FF499AE5CE604A8002300F80C3DFEF788
:10C7B000E9FE9DF80430002B3FF4DDAEFEF7DCFE11
:10C7C00089E6044BC0221A60B0E6034B03221A60CC
:10C7D00074E700BF14EC064014ED0640F8B503788A
:10C7E00013F0010405D10678C6F3800626B1204671
:10C7F000F8BD00242046F8BD0F4605464FF0FF3136
:10C80000384609F0EBFF2A7812F001040FD12B789B
:10C810005B0704D42B7843F004032B70012400231E
:10C8200038461A46194609F091FB2046F8BD3446B1
:10C83000F5E700BF70B505460E4608464FF0FF31DC
:10C8400009F0CCFF2878C0F3800444B90024002309
:10C8500030461A46194609F079FB204670BD2B7800
:10C8600013F00102F2D12B7862F382032B70EEE712
:10C8700010B4C378848803F00303022BC4F30A04C2
:10C8800026D019D8012B04D0002318465DF8044B9C
:10C890007047022940F2FF3208BF4FF48062A24283
:10C8A000F3D21A4B1B6813F00103EED000BE002335
:10C8B00018465DF8044B7047022914BF40234FF41B
:10C8C0008063A342EDD3012318465DF8044B704703
:10C8D00002290BD012B1B4F5007F11D0A4F10803E6
:10C8E0009BB2182B06D9402CEDD0DAE7B4F5007FC7
:10C8F000D7D1E8E7064A22FA03F3DB07D1D5E2E70E
:10C9000000244021134644710171BEE7F0ED00E0C0
:10C91000010100010A44914216D230B44C78052C32
:10C9200005D00C7821448A42F8D830BC70478C7806
:10C9300004F07F0500EB4505E4092B550C782144F4
:10C940008A42EBD830BC7047704700BF2DE9F041F8
:10C9500082B00678089DBDF82470009361F300064C
:10C960000446294600F8086B012316463A46BDF8EE
:10C970002C80FCF76DFE05B13FB90A9B6360012076
:10C98000A4F8028002B0BDE8F08104F11C0101208E
:10C9900009F0B6FC26B903463046C4E90503ECE7C6
:10C9A0000023FAE710B50446406908B10AF0CCF854
:10C9B000A06908B10AF0C8F8012010BDF0B50B4617
:10C9C0000D4613F8081B83B011F0020F07461846F6
:10C9D00040F2FF130CBF3F241C461646FCF774FEC2
:10C9E000E8B9E6B126421AD12B786978DA073846D9
:10C9F00018D5FEF707F990B12B78697813F0010389
:10CA000013D000233846CDE900331A46FEF73EF92D
:10CA100030B9084B1B68DB0701D500BE00E00020E1
:10CA200003B0F0BDFDF714FFE5E738461A46FDF701
:10CA30002FFFEDE7F0ED00E070B501F1080582B0E1
:10CA4000064628460C46FCF73FFE38B1237861784D
:10CA5000DB07304605D5FEF7D5F830B9002002B027
:10CA600070BDFDF7F5FE0028F8D0284662886168A1
:10CA7000FCF754FE054690B1237862686178D807C8
:10CA800017D50023CDE9003330462B46FEF7FEF8DC
:10CA9000B0B90C4B1B68DB07E0D500BEDFE72078A0
:10CAA000617810F00104304608D1FDF7E1FE204620
:10CAB000D5E730462B46FDF7EBFEE9E7FEF7C8F871
:10CAC0002846CCE7F0ED00E02DE9F0418A890B78AB
:10CAD00082B00C460646E2B9DD07497857D5FEF725
:10CAE00091F800284FD0227863886178D20751D519
:10CAF000002B5DD0626800253046CDE90055FEF779
:10CB0000C5F800284DD1374B1B68DB073BD500BE6D
:10CB10003AE003F0020301F10808002B40460CBF85
:10CB200040274FF40077304D08BF6FF03F05FCF70A
:10CB3000E3FD874227D823786178DB07304634D578
:10CB4000FEF760F8F8B14046FCF7D6FD874233D8CF
:10CB500005EA000265882378617890B2854228BF93
:10CB60000546DA0732D5002D37D062680023CDE9BB
:10CB7000003330462B46FEF789F80028C3D02846FC
:10CB800002E0FEF765F8002002B0BDE8F081FDF795
:10CB90005FFEA6E773B162683046FDF779FE0028B4
:10CBA000B1D0608802B0BDE8F081FDF751FEC9E761
:10CBB0001A46A0E71A46EFE72078617810F00104E2
:10CBC0003046DED1FDF754FE2046DDE73DB1626818
:10CBD00030462B46FDF75CFECFE72A46C6E72A46DD
:10CBE000F6E700BFF0ED00E000FEFFFF0CB4144BD1
:10CBF00030B51B788342ABB004D22BB0BDE83040D7
:10CC000002B070472FAD2B462E9A01950C4602A814
:10CC1000A0210EF0A1F95B210A4807F0FFFE214692
:10CC2000084807F0E9FE0849064807F0E5FE02A9B2
:10CC3000044807F0A5FF2BB0BDE8304002B07047B4
:10CC40001961002050630020ACD0030000B5002023
:10CC500083B00EF033F90DF10703181A03B05DF835
:10CC600004FB00BF2DE9F84F04468946164609F03B
:10CC700069F8DFF8A880264FDFF898A005462068FD
:10CC800003681B6998478346C0B1206803685B69E5
:10CC90009847C3B20D2BD4F810C004F1080B17D07D
:10CCA0000A2B15D0BCF5007F424639464FF00100F3
:10CCB00024D21946584608F0E3FDE0E709F042F8AF
:10CCC000401BB0424FF001001FD209F047F8D6E7F1
:10CCD000BCF1000FD3D008342146484608F006FDC9
:10CCE00020460C4908F04EFDD9F800300A4A0849A0
:10CCF0000320FFF77BFF0120BDE8F88FFFF776FFE9
:10CD00005146584608F03EFDB9E75846BDE8F88F51
:10CD10005CD203008CD303000CD2030014D20300B6
:10CD20002DE9F04F06468DB00B46894603204D494C
:10CD300090464D4AFFF75AFF4946306807F05CFEBF
:10CD40000D21306807F06AFE08F0FCFF47490746EE
:10CD500003A808F089FB08F0F5FFC01B40455BD233
:10CD6000142203A93046FFF77DFF05460028F2D0C4
:10CD7000DFF818B10BF124045BF8041F09A808F0D0
:10CD800073FB09A903A808F02DFE824609A808F044
:10CD9000A5FCBAF1000F27D15C45EDD1344903A8B9
:10CDA00008F008FEC8B9334903A808F003FE58B9D3
:10CDB000314909A808F058FB09A903A808F012FE98
:10CDC00090B309A808F08AFC039B00932B4A2549DD
:10CDD0004B460120FFF70AFF002503A808F07EFC60
:10CDE00028460DB0BDE8F08F96F8750096F87430BF
:10CDF000441C04F00704A3422CD00C2303FB006066
:10CE00000DEB0301143008F071FC86F8754008F052
:10CE100099FFC01B4045A3D34B46194A1149012035
:10CE2000FFF7E4FE0025D8E7164906A808F01CFB2A
:10CE300006A903A808F0D6FD044606A808F04EFC93
:10CE400009A808F04BFC002CBED1494603A808F005
:10CE5000B1FD80E7039B0C4A02490120FFF7C6FEA3
:10CE600079E700BF5CD2030054D203008CD30300E7
:10CE700074D403009CD10300A4D10300BCD10300EF
:10CE8000C8D10300B0D1030074D10300ACD00300BB
:10CE900038B5044610460D461A460146206808F08B
:10CEA0001DFA206803682946DB6998474FF47A70B9
:10CEB00008F054FF03E0206803685B699847206826
:10CEC00003681B6998470028F5D104F10805284636
:10CED0000F4908F057FC4FF4FA620E492046FFF75D
:10CEE0001FFF03E0206803685B69984720680368B8
:10CEF0001B6998470028F5D12846054908F042FCEF
:10CF000020464FF4FA620449BDE83840FFF708BFF5
:10CF10008CD3030068D1030070D103004FF4FA6290
:10CF20000149FFF7FDBE00BF70D103002DE9F04FAE
:10CF300087B007463949DFF8ECB0DFF8EC90DFF84E
:10CF4000ECA0684608F090FA002269463846FFF7E0
:10CF500089FE00B3324D03AC05F1240855F8041FD7
:10CF6000204608F081FA2146684608F03BFD064657
:10CF7000204608F0B3FBBEBBA845EFD15246494658
:10CF80000320009BFFF732FE002269463846FFF778
:10CF900069FE0028DED197F8741097F875308B423F
:10CFA0001CD003AC0C26142516FB01513944204635
:10CFB00008F080FA97F874307A68013303F00703B9
:10CFC000204687F8743002B19047204608F086FB6F
:10CFD00097F8741097F875308B42E5D1684608F0E1
:10CFE0007DFB07B0BDE8F08F97F8750097F87430B7
:10CFF000441C04F00704A34209D00C2303FB007077
:10D000001430694608F072FB87F875409CE7009B76
:10D010005A4649460120FFF7E9FD95E78CD3030006
:10D02000ACD0030074D103005CD203005CD10300D8
:10D030002DE9F04F064689468FB0574903209246A6
:10D040009846564A4B46FFF7D1FD4946306807F0EF
:10D05000D3FC0D21306807F0E1FC08F073FE504965
:10D06000039005A808F000FA08F06CFE039BC01AB4
:10D07000404559D214220DEB02013046FFF7F2FD74
:10D0800005460028F0D0474C04F1240B54F8041F47
:10D090000BA808F0E9F90BA905A808F0A3FC0746BE
:10D0A0000BA808F01BFB3FBBA345EFD13E4905A8E9
:10D0B00008F080FCC8B93D4905A808F07BFC58B9C8
:10D0C0003B4908A808F0D0F908A905A808F08AFC8F
:10D0D00090B308A808F002FB059B0093354A2E493F
:10D0E0004B460120FFF782FD002505A808F0F6FA5F
:10D0F00028460FB0BDE8F08F96F8750096F87430AA
:10D10000441C04F00704A34239D00C2303FB006045
:10D1100005A9143008F0EAFA86F8754008F012FE06
:10D12000039BC01A4045A5D34B46234A1A49012008
:10D13000FFF75CFD0025D8E720490BA808F094F91B
:10D140000BA905A808F04EFC04460BA808F0C6FA87
:10D1500008A808F0C3FA002CBED1494605A808F07B
:10D1600029FC002880D1BAF1000F3FF47DAFDAF836
:10D1700008305BB905A9504608F034FB74E7059BFD
:10D180000F4A05490120FFF731FD6DE70A2150469E
:10D1900008F076FBEEE700BF5CD2030054D2030038
:10D1A0008CD30300ACD0030074D403009CD10300E3
:10D1B000A4D10300BCD10300C8D10300B0D1030047
:10D1C00074D103004FF4FA620149FFF7A9BD00BF13
:10D1D0003CD203002DE9F04F0F4697B01646774931
:10D1E0004FF4FA620446FFF79BFD20B90546284636
:10D1F00017B0BDE8F08F724907A808F035F907A904
:10D20000384608F0EFFB002800F0B3800DF1040869
:10D210003946404608F04EF90AAD07A808F05EFA14
:10D22000019B684A302128460DF01CFD2B46664ABA
:10D2300066490320FFF7DAFC2946206807F0DCFB8B
:10D240000D21206807F0EAFB08F07CFD40F6B737B7
:10D25000054608F077FD401BB84206D9A7E02068D4
:10D2600003685B6998473E2809D0206803681B69FA
:10D2700098470028F3D1012008F070FDE9E7314616
:10D280002068DFF8689107F0B1FB206803681A2175
:10D290001B68984708F056FD4D49074604A808F05A
:10D2A000E3F847F22F5608F04DFDC31BB3424FF091
:10D2B000320204A920466FD8FFF7D4FC05460028A7
:10D2C000F1D0DFF82CA10AF124065AF8041F07A8B0
:10D2D00008F0CAF807A904A808F084FB834607A849
:10D2E00008F0FCF9BBF1000F1CD15645EDD14946C1
:10D2F00004A808F05FFB58B9364904A808F05AFBA7
:10D3000050B3049B344A31490120FFF76FFC0025DC
:10D3100004A808F0E3F9404608F0E0F9284617B001
:10D32000BDE8F08F94F8750094F87430451C05F052
:10D330000705AB4209D00C2303FB0040143004A9BD
:10D3400008F0D4F984F87550ABE7049B234A1F49D1
:10D350000120FFF74BFCA4E7214907A808F084F857
:10D3600007A904A808F03EFBE8B907A808F0B6F939
:10D3700097E70AAD2846124908F076F8394628465C
:10D3800008F0A0FA0DF104080146404608F092F8B2
:10D39000284608F0A3F940E7124A0C490120FFF79C
:10D3A00025FC0025B4E707A808F098F9A9E70E4A7C
:10D3B00006490120FFF71AFC0025ACE73CD2030028
:10D3C000D8D10300DCD1030054D203005CD20300A7
:10D3D0008CD303009CD10300ECD1030074D1030073
:10D3E000B0D10300FCD1030040D1030074D403008A
:10D3F000ACD0030010B586B00B460446064A68461A
:10D4000018210DF02FFC6946204640F6B832FFF790
:10D4100087FC06B010BD00BF48D203002DE9F043E1
:10D42000884697B017465C494FF4FA620546FFF705
:10D4300077FC20B90446204617B0BDE8F083574971
:10D4400001A808F011F8284601AA40F6B83354495B
:10D45000FFF7EEFD38B9002401A808F03FF9204697
:10D4600017B0BDE8F0833A2101A808F0E7FA041EDE
:10D47000F1DB4A490AA807F0F7FF48490DA807F071
:10D48000F3FF464910A807F0EFFF444913A807F03F
:10D49000EBFF0025621C039B04A801A908F016FB02
:10D4A0000AAE2C46069B1BE022462C2104A808F05D
:10D4B000D5FAB0F10009B8BFDDF8189022464B4606
:10D4C00004A907A808F002FB07A9304608F038F9BC
:10D4D00007A809F1010408F001F9069B01350C3693
:10D4E0009C4233D2042D45D0214604A808F09CFA72
:10D4F0002228D9D101340146224604A808F0AEFA08
:10D50000B0F1000922DB22464B4604A907A808F027
:10D51000DDFA07A9304608F013F907A808F0DEF88D
:10D52000069B09F101049C42D8D2214604A808F0C8
:10D530007BFA2C28214604A803D008F075FA20288D
:10D54000CBD1069B0134A342EFD8C7E704A808F06B
:10D55000C5F8022DD8BF00240FDC13A808F0BEF8D0
:10D5600010A808F0BBF80DA808F0B8F80AA808F051
:10D57000B5F871E704A808F0B1F80DA808F0DAFBD7
:10D58000C8F8000010A808F0D5FB00283860D4BF08
:10D5900000240124E1E700BF3CD203008CD3030048
:10D5A00030D203002DE9F04F0E469BB000F10C097C
:10D5B0007F49054607F058FF7D49484607F054FF6C
:10D5C00005F1180A05F124031C46794903935046D6
:10D5D00007F04AFF2046764907F046FF75490BA839
:10D5E00007F042FF0BA9304608F04AFA04460BA8A0
:10D5F00008F074F8002CC0F2C38022460A2130469D
:10D6000008F02CFA031E01932246BCBFB3680193B5
:10D610003A21304608F022FA0BACDFF894810290F0
:10D620001AAFA346584641460BF10C0B07F01CFFFE
:10D630005F45F7D1029A019B013205A831464FF0B0
:10D64000000808F043FAC346079B1AE05A462C210B
:10D6500005A808F003FA071EB8BF079F5A463B46C5
:10D6600005A908A808F032FA08A9204608F068F8C9
:10D6700008A807F1010B08F031F8079B08F1010831
:10D680000C345B4535D9B8F1050F53D0594605A880
:10D6900008F0CAF92228D9D10BF1010B01465A46EC
:10D6A00005A808F0DBF9071E23DB5A463B4605A90F
:10D6B00008A808F00BFA08A9204608F041F808A8C5
:10D6C00008F00CF8079B07F1010B5B45D6D95946CA
:10D6D00005A808F0A9F92C28594605A803D008F098
:10D6E000A3F92028C9D1079B0BF1010B5B45EED8AC
:10D6F000C4E705A807F0F2FFB8F1030F1DDC4346AD
:10D700002D4A2E490120FFF771FA0EAC14AF17A86D
:10D7100007F0E4FF384607F0E1FF11A807F0DEFF4D
:10D72000204607F0DBFF0BA807F0D8FF28461BB008
:10D73000BDE8F08F05A807F0D1FF0BA928460EAC75
:10D7400007F0D4FF14AF2146484607F0CFFF5046FC
:10D75000394607F0CBFFB368019A9342D7DD013217
:10D76000314608A808F0B2F9039E08A9304607F030
:10D77000E7FF08A807F0B2FF304608F0AFFAC6E7A7
:10D780000F490BA807F070FE0BA9304608F078F996
:10D7900004460BA807F0A2FF002CBFF62EAF094AE3
:10D7A00006490120FFF722FA28461BB0BDE8F08F9A
:10D7B0008CD30300E0D003000CD103005CD2030043
:10D7C000E8D00300F0D003004FF4FA620149FFF7FC
:10D7D000A7BA00BF50D1030010B586B004461B495C
:10D7E000684607F041FE20466A4640F6B8331849BD
:10D7F000FFF71EFC30B3174903A807F035FE03A955
:10D80000684608F03DF9044603A807F067FF002CBE
:10D8100018DB22462C21684608F020F9031E11DB94
:10D82000621D694603A808F051F903A808F082FABE
:10D83000044603A807F052FF684607F04FFF204652
:10D8400006B010BD4FF0FF34F6E700BF8CD30300E5
:10D8500030D1030038D1030030B585B00D46044601
:10D86000174901A807F000FE284601AA40F6B83380
:10D870001449FFF7DDFBC0B1222101A808F0DEF852
:10D88000002812DB451C2A46222101A808F0E6F8F0
:10D89000031E0ADB2A4601A9204608F017F901A851
:10D8A00007F01CFF204605B030BD0549204607F0B3
:10D8B000DBFD01A807F012FF204605B030BD00BF18
:10D8C0008CD30300D4D003002DE9F04F0E468FB067
:10D8D0002C21044608F0B2F8051EC0F2A68002A86A
:10D8E0002B460022214608F0F1F8A3686A1C05A81F
:10D8F000214608F0EBF8079B012B88BF012733D89E
:10D9000000252F2102A808F099F82F21834602A8AC
:10D9100008F0C8F83A21824605A808F08FF83A21A5
:10D92000074605A808F0BEF8BBF1000F804601DBF2
:10D93000D3457FDB2368AA4AAA490320FFF756F99B
:10D94000002405A807F0CAFE02A807F0C7FE20467B
:10D950000FB0BDE8F08F08F059F803782D2B0CD0EC
:10D96000079B01379F42CBD2394605A808F04EF8F5
:10D9700003782B2B394605A8EDD1002FC0DD079B7E
:10D9800008A83A4605A908F0A1F80A9B012B40F225
:10D990000F813A2108A808F051F80028C0F20C8144
:10D9A000002108A808F040F84FF6FF752D284FF029
:10D9B0003A0108A80CBFAA464FF0010A08F03EF849
:10D9C0000DF12C080346012208A90546404608F03F
:10D9D0007DF8404608F0AEF98146404607F07EFEED
:10D9E0006A1C0A9B08A9404608F070F8404608F0F7
:10D9F000A1F9C9EB09190546404605EB890507F071
:10DA00006DFE15FB0AF52DB208A807F067FE3B4630
:10DA1000002205A9404608F059F8414605A807F03C
:10DA20008FFE404607F05AFE6BE7002420460FB0F9
:10DA3000BDE8F08F002FFFF67DAF8742BFF67AAFCB
:10DA40005B46002202A90BA808F040F80BA808F0DA
:10DA500071F981460BA807F041FE53460BF1010214
:10DA600002A90BA808F032F80BA808F063F9834666
:10DA70000BA807F033FE0AF10102049B02A90BA8D0
:10DA800008F024F80BA808F055F982460BA807F017
:10DA900025FE3B46002205A90BA808F017F80BA8A5
:10DAA00008F048F901900BA807F018FE43467A1CCD
:10DAB00005A90BA808F00AF80BA808F03BF90746DF
:10DAC0000BA807F00BFE08F10102079B05A90BA8A4
:10DAD00007F0FCFF0BA808F02DF980460BA807F013
:10DAE000FDFDB9F1630F07DCB9F1450F40F26C732E
:10DAF000D8BF4FF4FA6399440BF1FF330B2B64D872
:10DB00000AF1FF3ABAF11E0F5FD8019B172B5CDCBC
:10DB10003B2F5ADCB8F13B0F57DCB9F5FA6F54DBF9
:10DB20005FFA8BF3304A3149022B98BFA9F1010902
:10DB30004FF4C87399FBF3F302FB03994FEA990280
:10DB4000BBF1020F40F26D1000FB0920CCBF6FF05B
:10DB500002020922824493449922642002FB0BF2C0
:10DB6000B9FBF0F9AAEB090002320524B2FBF4F28A
:10DB7000024401FB0323A3F532236FF4A76213448D
:10DB8000002B2ADB01981A494FF4616202FB00F274
:10DB900001FB03233C2202FB0737B8444FF6C47352
:10DBA00015FB0383002B18DD3360B5800124C8E624
:10DBB00000250DF12C0827E708A808F0BBF8C0EBFA
:10DBC000001005B20DF12C081EE72368094A05492B
:10DBD0000320FFF70BF80024B3E60024B1E600BFF2
:10DBE000C0D20300D0D2030070FEFFFFB13A0200A2
:10DBF00080510100D8D2030070B50D6884B004468E
:10DC000015B33C2613491448144B12FB0652A1FBD2
:10DC10000251090C00FB1121A3FB0123DB0A4FF485
:10DC200061600F4D0F4A00FB1311A5FB010149096B
:10DC3000009102A806210DF015F802A9204607F070
:10DC400013FC204604B070BD074907F00DFC2046C8
:10DC500004B070BD07452EC280510100C5B3A2912A
:10DC600089888888ECD203008CD30300704700BFFA
:10DC7000002914BFFF210021643041F288320CF0EA
:10DC800081B900BF002969DB70B4B0F90C408C4247
:10DC900062DD002A60DBB0F90E5095425CDD41F296
:10DCA000EE3589B2455D15B1C943214489B2847E00
:10DCB000022C92B265D0032C5DD0012C55D041F2DC
:10DCC000FA3541F2EF34465B045D41F2FC35891BC5
:10DCD00009B2455B002C42D1521B12B200293BDB3A
:10DCE00041F2FE34045B25B2A94235DA002A33DB67
:10DCF00000F5A055B5F9005095422DDD41F2F835FB
:10DD000041F2F436455B865B16FB05F6921B12B2B8
:10DD1000002A21DB2DB2AA421EDA00294FEAD404E0
:10DD20000D4602FB04F2B8BFCD1D4C4204F00704BF
:10DD300001F0070102EBE50258BF61420244C1F164
:10DD40000701012000FA01F149B292F964000BBB0E
:10DD500020EA010182F8641070BC70477047448962
:10DD6000641B013CA21A12B2B8E70489D2431444DE
:10DD70000A46A1B2A3E74489013C641A1146A2B243
:10DD80009DE704894589D243013C2A44611A92B235
:10DD900089B294E7014382F86410DDE710B50446C8
:10DDA000243007F09BFC04F1180007F097FC04F105
:10DDB0000C0007F093FC204607F090FC204610BDB5
:10DDC00070B5064600F1140500F174040C3C2046C1
:10DDD00007F084FCA542F9D106F1080007F07EFCAB
:10DDE000304670BD38B5074CA4F5A06504F11400A9
:10DDF00007F074FC04F10800283C07F06FFCAC420B
:10DE0000F4D138BDE890002038B5074CA4F1C00526
:10DE1000183C04F10C0007F061FC204607F05EFCA2
:10DE2000AC42F5D138BD00BFDC9100202DE9F041B6
:10DE3000284E294C336841F2F83786B00025E25F5E
:10DE400001924FF0C808172BCDE9035502952B46D8
:10DE50002A46CDF8008004F1640104F124001DDDA0
:10DE600006F074F8294604F1240005F065FDE35F2F
:10DE7000CDF80080CDE901352A462B4604F1640136
:10DE800004F12400CDE9035506F060F804F1240004
:10DE900005F08EFC356006B0BDE8F08106F03CF878
:10DEA00004F12400012105F047FDE35FCDF8008077
:10DEB000CDE90135CDE903552B462A4604F164012D
:10DEC00004F1240006F042F833680133336006B0F1
:10DED000BDE8F08190920020F87700202DE9F04312
:10DEE000002293B04FF6FF710E23CDE90031674851
:10DEF0001146C82304F014FA0021C82300910D2212
:10DF0000624804F0F9FB624B1F68132F0ADC0D2FE7
:10DF100000F39D80072F00F3B680002FD4BF0027A9
:10DF2000012700E004270026DFF86081B1460A25BA
:10DF3000B4000234C5F10D0C24B20FFA8CFC0FFAB8
:10DF400085FEB742CDE900C94FF003037246214672
:10DF5000404678DD04F0E4F90136033D042EADB20D
:10DF6000E6D14A4C4B4D0121204605F043F82B6881
:10DF7000494900229342C4E904126FDC474E3368DA
:10DF8000002B08DD4649414806F036FD31683F4820
:10DF90000A2206F047FD434B434E1B68434D013BAD
:10DFA000042B96BF424A434952F8231003A807F0B6
:10DFB0005BFA059B3548A3EB83036433032223827A
:10DFC00003A9628206F012FD0A2231680CA807F04C
:10DFD000F5FA0CA90FA807F06DFA37490FA807F05A
:10DFE0009DFC0A220746296809A807F0E7FA09A953
:10DFF000384607F067FC014606A807F05BFA09A857
:10E0000007F06CFB0FA807F069FB0CA807F066FB94
:10E010002B68002B02DD326893421ADD089B1B48F7
:10E02000A3EB83035B00C4330322238206A962822D
:10E0300006F0DCFC06A807F051FB03A807F04EFB36
:10E0400013B0BDE8F083032304F0AAF984E70327A3
:10E0500069E7134906A807F0E9FBDFE717490F4E08
:10E06000204606F0C9FC0A222968204606F0DAFCA0
:10E070003368002B8FDD2B68002B83DD1049204691
:10E0800006F0BAFC7EE702274DE700BFF8770020D4
:10E0900034610020BC92002018000300E0910020B1
:10E0A000C8EB030098920020A4920020A0920020C8
:10E0B00050D3030088E40300BCD30300B8D30300AB
:10E0C0003CD4030030B587B001460446684607F0EB
:10E0D000F1F9684607F0F4FD564903A807F0C4F9C2
:10E0E00003A9684607F07EFC054603A807F0F6FA88
:10E0F000F5B1514903A807F0B7F921684F4842F23A
:10E10000107303AAFEF794FF059B0446002B61D110
:10E110004B4B4C494C48002C08BF194606F030FDCB
:10E1200003A807F0DBFA684607F0D8FA07B030BD5D
:10E130004649204607F03EFC002834D03E4903A85B
:10E1400007F092F903AA41F2883341493B48FEF7B0
:10E150006FFF03A93C4806F001FD374903A807F00B
:10E1600011FB03AA41F288333A493448FEF760FFB5
:10E1700003A9354806F0F2FC2F4903A807F002FB7B
:10E1800041F2883303AA34492C48FEF751FF03A912
:10E190002D4806F0E3FC03A807F0A0FA684607F054
:10E1A0009DFA07B030BD2D49204607F003FCB0B101
:10E1B0002B4B2C4C1A782C492348032A0ABF0222E5
:10E1C000032221461A7006F0DBFC684607F086FA47
:10E1D00007B030BD03A91C4806F0C0FC98E72046F4
:10E1E000224907F0E7FB58B1FEF730FD0A2201464D
:10E1F000154806F085FC1E49134806F0C1FC92E75D
:10E200001C49114806F0BCFC1B490F4806F0B8FC3D
:10E210001A490D4806F0B4FC19490B4806F0B0FC49
:10E220001849094806F0ACFC1749074806F0A8FC55
:10E2300079E700BF70D103008CD30300E491002084
:10E24000F0D4030074D403005063002010D5030001
:10E2500018D503001CD5030028D5030034D50300CE
:10E260001961002004D50300F8D403003CD5030055
:10E2700040D503004CD5030058D5030094D50300C6
:10E28000B4D50300DCD50300F4D503002DE9F04F2D
:10E290003C4FBE89FD89BB7EC82E28BFC8260E2DE7
:10E2A00028BF0E25022B8BB062D0032B57D0012B39
:10E2B0004AD04FF00008444641F2EF33FB5C1BB1FB
:10E2C0007B895B1B1C1BA4B241F2F83A2E4937F93B
:10E2D0000A30019324B24FF0000936B22DB24FF04C
:10E2E000C80B2346A1F140004246CDF80880CDE995
:10E2F00003460595CDE90799CDF81890CDF800B003
:10E3000005F0DEFF33462246414600951F4805F0E2
:10E310006DFB1D4937F90A30019342462346CDE98A
:10E320000799CDE90559CDE90346CDF800B0CDF800
:10E330000880A1F1400006F011F8154A1368013376
:10E3400013600BB0BDE8F08FB7F808803346A8EB38
:10E3500005082E460FFA88F800241D46ACE77C8994
:10E360003346A61BB4B24FF000082E461D46A3E765
:10E370007C89B7F80880641BA8EB0608A4B20FFAE2
:10E3800088F899E7F87700205C7800201C78002056
:10E39000909200202DE9F0415448554C554E564D71
:10E3A00088B0FFF719FA02AA206001A94F48FFF7C9
:10E3B00035F818B1DDE9012332602B604F4F3B780F
:10E3C0009BB107F0BFFC4E4B4E4A1B68C01A9042EF
:10E3D0000BD82368132B35DC0D2B58DC072B74DC92
:10E3E000002BD4BF002301232DE0002305A83F49C3
:10E3F0000393ADF81030FFF72FFA05A803A9FFF734
:10E4000063FA804605A807F069F9B8F1000FE0D07B
:10E41000DFF81881BDF91030B8F90020934206D01A
:10E42000394A3A490220FEF7E1FBBDF91020A8F86D
:10E43000002001233B7007F085FC314B18602368F6
:10E44000132BC9DD0423324A324F1068324C316835
:10E450002D683F68D4F800E09842304819D104682C
:10E460002F4E8C4229D0DFF8C8C0DFF8C8802D4C71
:10E47000136001603560CCF80070C8F800E007F068
:10E4800061FC236898420AD208B0BDE8F0810323FA
:10E49000D9E7234EDFF898C0DFF89880E7E700213E
:10E4A000214804F0ADFD07F04DFC236898420ED2E0
:10E4B000FFF7ECFE08B0BDE8F0813468DFF870C00B
:10E4C000AC4207D0DFF86C80D1E70223BBE7FFF74F
:10E4D00005FDEDE7DCF80040DFF85880BC42C6D10E
:10E4E000D8F800407445C2D1CEE700BFE4910020C7
:10E4F00034610020A4920020A0920020B892002055
:10E50000189100207FEE3600C0D30300D0D2030064
:10E5100028610020BC920020E09100202C610020A6
:10E520001C610020B4920020F877002038610020A0
:10E53000246100202061002070B50D4686B006469B
:10E540002249684606F090FFAB685BB10024214683
:10E55000284607F069FA3038092828D9AB68013411
:10E560009C42F4D31A4903A806F07EFF03A928466B
:10E5700007F038FA044603A807F0B0F814B9029B74
:10E580000A2B21D0124903A806F06EFF694603A8A2
:10E5900007F098F90146304606F08CFF03A807F013
:10E5A0009DF8684607F09AF8304606B070BD2146DF
:10E5B000284607F039FA0146684607F061F9AB686A
:10E5C00001349C42C3D3CDE70249DCE78CD303007E
:10E5D000D8D1030058D403002DE9F04305468DB08F
:10E5E00009A8484906F040FFAB685BB1002421460A
:10E5F000284607F019FA3038092863D9AB68013486
:10E60000A342F4D80B9B6F460A2B38466BD809A956
:10E6100006F050FF09A8DFF8F090DFF8E88007F077
:10E620005DF84D460026696803A806F01DFF4146C7
:10E6300009A806F019FF059B5BB10024214603A839
:10E6400007F0F2F93038092826D9059B0134A34296
:10E65000F4D80B9B0A2B2ED809A906A806F02AFF8E
:10E6600009A807F03BF8394606A807F087F90446E1
:10E6700006A807F033F803A807F030F8002C38D1CB
:10E680000136032E05F10805CDD1384607F026F8EE
:10E6900020460DB0BDE8F083214603A807F0C4F979
:10E6A000014609A807F0ECF8059B01349C42C5D34C
:10E6B0000B9B0A2BD0D9A3F10A0209A906A807F0DF
:10E6C00005FACDE72146284607F0AEF9014609A82C
:10E6D00007F0D6F8AB6801349C4288D30B9B6F4699
:10E6E0000A2B384693D9A3F10A0209A907F0EEF9DB
:10E6F00090E7384659F8364006F0F0FF20460DB056
:10E70000BDE8F0838CD3030090E403002DE9F04FC3
:10E71000AB4AAC4BDFF8CCB21B7800261670AA4A85
:10E72000CBF800609DB0166013B91DB0BDE8F08F46
:10E73000A648FEF747FDA64907A806F095FE07AADA
:10E7400042F21073A349A148FEF772FC002800F0C2
:10E75000CC81099ADBF80030002A00F0FC801F2BE6
:10E7600000F3FC80DFF880A22BE0DBF80030002B08
:10E770001BDD0C9ACAB1013B03EB83030AEBC30414
:10E780001434A3689F2B10D8002B40F0BB81C3F139
:10E79000A00300220AA910A807F098F910A92046A2
:10E7A00007F020F810A806F099FF0AA806F096FFD7
:10E7B000099B9E42DBF8003080F0CD801F2B00F3D8
:10E7C000CD8032460A2107A807F048F9041EB8BFD9
:10E7D000099C3246234607A90AA807F077F97E4923
:10E7E00010A806F041FE10A90AA807F0FBF805469C
:10E7F00010A8661C06F072FF002DB6D0DBF8007082
:10E800000C9B06220AA97C1C10A8CBF8004007F03C
:10E810005DF9BB001C4610A8039307F08BFA234652
:10E820003B44DC004AF8330010A806F057FF0AEB1F
:10E83000040504F11400664904945044002406F0D1
:10E84000A1FF63492C62AC8410A806F00DFE60495C
:10E8500013A806F009FE5E4916A806F005FE5C49FD
:10E8600019A806F001FE22210AA807F0E7F8049B88
:10E870000833534400280593B8BF0DADC0F223817F
:10E880000DF140080DAD814609F101094A462221EA
:10E890000AA807F0E3F84A46B0F100090AA94B4676
:10E8A0002846C0F2358107F011F92946404606F0A6
:10E8B00047FF284606F012FF09F1010222210AA8AB
:10E8C00007F0CCF8B0F1000904F1010408F10C08DC
:10E8D000C0F22081042CD7D14049284606F0C4FD5F
:10E8E000294610A807F0CCF8039B3B440AEBC3036E
:10E8F000C243D20F1A71284606F0F0FE13A928462B
:10E9000006F0D8FD2946059806F01AFF284606F0BD
:10E91000E5FE0499013C04EB4404203110AB03EB09
:10E9200084005144FEF7D0FF039B3B440AEBC3072E
:10E930003B791BB1244A13680133136019A806F010
:10E94000CDFE16A806F0CAFE13A806F0C7FE10A852
:10E9500006F0C4FE29E7012B40F39D80204F0023E1
:10E960000393A7F130030593C7F128084FF001097D
:10E9700017F8043C57F8082C8DF84430394612A893
:10E9800007F10C0A109206F095FD514615A806F005
:10E9900091FD07F1180393E8030018AB83E8030027
:10E9A00057F8100C18998842BC4608EB070380F012
:10E9B000A780A7F12804A7F11C05039E1DE000BF56
:10E9C000149100205C920020BC920020E491002071
:10E9D0008CD30300F4D6030018D7030020D703001C
:10E9E000408C002010910020108C00205CF8101C3E
:10E9F000189A914206F1FF3620D214F8043C54F8DC
:10EA0000082C84F824302262214604F1280006F004
:10EA10006DFE294604F1340006F068FE04F1180387
:10EA200093E80300A4462064A4F84410AA4608EB27
:10EA30000403283DB646283C002ED7D1059D1099E9
:10EA400004930EEB8E0E05EBCE0445F83E109DF8B8
:10EA500044102171604612A906F048FE15A95046DF
:10EA600006F044FE18AB93E80300049B2B4409F125
:10EA700001091862998415A806F030FE12A806F064
:10EA80002DFE039ADBF8003001324B45039207F16B
:10EA900028073FF76DAF304A1168994205DB012B1B
:10EAA0001946B8BF0121013911602C4A2C4912685E
:10EAB000009202202B4AFEF799F807A806F00EFEF6
:10EAC0001DB0BDE8F08F039B3B440AEBC30300225B
:10EAD0001A712549284606F0C7FC2946059806F014
:10EAE0002FFE284606F0FAFD1EE7204A1C490120A9
:10EAF000FEF77CF807A806F0F1FD1DB0BDE8F08F29
:10EB0000CE469BE72021204606F0BAFEA3683EE6EB
:10EB1000002CD8D01649284606F0A6FC294610A895
:10EB200006F0AEFF282303FB07A3C243D20F2846FB
:10EB30001A7106F0D3FD012CCBD013A9284606F09C
:10EB4000B9FC2946059806F0FBFD284606F0C6FDEF
:10EB5000022C3FF4E9AEDCE69C920020BC9200203F
:10EB600014D7030028D7030068D4030004D7030098
:10EB700020D703002DE9F04F9E4B1B6899B08342CC
:10EB8000CDE9030100F02681002301468A000592A9
:10EB90000A44D4002146984E984A0794984DB2F9F9
:10EBA0000020EB8220310834314409A83444AB8280
:10EBB000FFF722F82046FFF70FFD0CAB0693002865
:10EBC00000F003810146184606F04EFC0A2300229D
:10EBD0000FA8069906F07AFF0FA912A806F06AFCA2
:10EBE00012A8884906F09AFE0B9B15AE04463046E3
:10EBF000002B40F0E680844906F036FC3146204682
:10EC000006F060FE824681497D4804F0F9F9DAF8A1
:10EC10000830002B00F0EC80049BDFF8F491DFF863
:10EC2000E08103F10D07BFB2002401E0222C1ED0C9
:10EC3000A9FB04231B0903EB0312A21A02EB8201B6
:10EC400002EB410203EBC30307EB4303023221460D
:10EC500050466B822A8206F0E7FE0146404605F0E8
:10EC6000DDFEDAF808300134A342A346DED8304690
:10EC700006F034FD12A806F031FD0FA806F02EFDB7
:10EC8000069806F02BFD5F49304606F0EDFB059B2C
:10EC9000039A9A18584B03EBC2021279002A00F02B
:10ECA0008B805A49564804F0ABF9179A82B3BBF1EE
:10ECB000220F2DD0049BDFF85881514F03F10D0432
:10ECC000A4B24FF0000902E0BBF1220F20D0A8FB54
:10ECD0000B231B0903EB0312ABEB020202EB8201D5
:10ECE00002EB410203EBC30304EB43030232494648
:10ECF00030466B822A8206F097FE0146384605F0C0
:10ED00008DFE179B09F101094B450BF1010BDBD877
:10ED1000304606F0E3FC039A059B13449A46364BB3
:10ED2000079A03EBCA0A02F114099AF804209944DD
:10ED3000002A3CD03549324804F062F9D9F808205D
:10ED40007AB3BBF1220F2CD0049C314F2C4E0D34E2
:10ED5000A4B2CBF122084FF0000A01E0C24520D056
:10ED60000AEB0B03A7FB0312120902EB02115B1A59
:10ED700003EB830103EB410302EBC202023304EB1A
:10ED80004202514648462B826A8206F04DFE0146F9
:10ED9000304605F043FED9F808300AF1010A534520
:10EDA000DCD809A806F09AFC19B0BDE8F08F194923
:10EDB000134804F025F9C1E71649114804F020F979
:10EDC00073E709A906F076FB18E72146184606F016
:10EDD00071FBFBE600212423CDE90031BDF91020B1
:10EDE0000748C82303F09CFA4FF6FF730399CDE65A
:10EDF0009B463CE79C920020108C0020386100204C
:10EE0000F877002050D6030054D6030054D70300EF
:10EE1000F1F0F0F044D703002DE9F04F644CDFF837
:10EE2000B4819DB04FF6FF75AC23CDE900351022BB
:10EE3000C8232046002103F073FA2046002104F085
:10EE4000DFF800210C23019520460D460093BC22DB
:10EE5000C82303F065FAC823BC2220462946009542
:10EE600003F04AFC2046012104F0C4F8514B5249FA
:10EE700065612046236105F0BFFDD8F80060002ED3
:10EE800040F0AA804D4B4E4A19784E4B0DF1580B6D
:10EE9000A9420CBF11461946584606F0E5FA4A4900
:10EEA000204604F0ADF80121204604F0A3F82F25F8
:10EEB000666132464FF0010819AE4FF0020AA146D2
:10EEC00002F111073B46594630466582A4F810A06E
:10EED00006F0FCFD3146484605F088FD304606F058
:10EEE000FDFB189B1235BB423A4608F10108ADB252
:10EEF00003D9882AE4D14FF0090800212C4804F0F6
:10EF00007FF8584606F0EAFB2C4B1B7873B90021BA
:10EF1000274804F075F806F015FF2C4B1B68984243
:10EF200042D2FEF783FF1DB0BDE8F08FDFF880907E
:10EF30002749584608F1010806F096FA08EBC8057B
:10EF40002149484604F05CF86D000121484604F070
:10EF500051F81D350022ADB262614FF0020A02E0A5
:10EF60001235ADB23A4602F11107B8F1080F3B462F
:10EF70005946304608F101080EDCA4F810A065825D
:10EF800006F0A4FD3146484605F030FD304606F057
:10EF9000A5FB189BBB42E3D80021054804F030F8DC
:10EFA000584606F09BFBB2E7FEF798FFB9E700BFB3
:10EFB000F87700200200BF0078D603005C920020A2
:10EFC00068D603005CD6030044D70300B492002047
:10EFD00098D6030010910020DFF8E092AB4F01219A
:10EFE000204604F007F8D9F800A0A94A4FEA8A039E
:10EFF00003EB0A05ED0005F1140B059307EB0B037A
:10F0000006939B681033A2FB03231B09042B00F219
:10F01000F180012BB8BF01231A46079301330893EF
:10F02000C3F109035B100993531E039302EB021310
:10F03000049300211223CDE900311022C823954802
:10F0400003F06EF9944B05F12001B3F900204FF065
:10F05000FF3363610AA83944FEF7CEFD08358F49B6
:10F060008C4803F0CDFF7E198D4B23613046FFF7AE
:10F07000B3FA0DAD002800F000810146284606F0E5
:10F08000F3F90B23002210A8294606F01FFD10A952
:10F0900013A806F00FFA13A8824906F03FFC0C9B58
:10F0A0000DF1580B06465846002B00F0DD800AA9EA
:10F0B00006F000FA3046594606F004FC19AE0E235D
:10F0C00000220146304606F001FD3146714805F048
:10F0D0008DFC304606F002FB584606F0FFFA13A8F6
:10F0E00006F0FCFA10A806F0F9FA284606F0F6FA3F
:10F0F000D9F80030002B2ADD0021664803F080FF9C
:10F100006949304606F0B0F90A22D9F8001058468D
:10F1100006F054FA5946304606F0D4FB014613A8CF
:10F1200006F0C8F9584606F0D9FA304606F0D6FA85
:10F13000159B5848A3EB83035B00C433152213A926
:10F140002382628205F052FC13A806F0C7FA059BE1
:10F15000534407EBC30700223B796261002B00F0A8
:10F1600087804E494B4803F04BFFCDF814B0DFF8D1
:10F1700024A1DDF818B006962F270025079E0DE084
:10F18000022313A967822382504605F02FFC13A89F
:10F1900006F0A4FA1237B542BFB236D005EB05121D
:10F1A00002F11103594613A806F090FC0135039AA9
:10F1B0006B1E9A42E4D1DBF80830049A9342DFD9FF
:10F1C00000220E2313A9059806F080FCDDE9051046
:10F1D00006F070F93549069806F0A0FB13AB01461E
:10F1E000184606F083FA069806F078FA059806F0B5
:10F1F00075FAC5E705230222CDE90832442103232D
:10F20000CDE903310423079313E7089B099E03EB21
:10F21000C304640010340025D9F80030D8F8002069
:10F2200001332B449A422146184605F1010504F1A9
:10F23000240403DDFFF79EFCB542EDDB00211548F9
:10F2400003F0DEFE0021134803F0DAFE06F07AFD3B
:10F25000174B1B68984215D2FEF7E8FD0AA806F086
:10F260003DFA1DB0BDE8F08F124906F0FDF821E728
:10F270001149084803F0C4FE77E73146284606F0F6
:10F2800019F9FEE6FEF72AFEE6E700BF108C002023
:10F29000F1F0F0F0F87700203861002054D7030037
:10F2A00002001D0050D60300A4D60300A8D6030018
:10F2B000B492002054D6030044D703009C9200204F
:10F2C00070B5064696B02948FDF77CFF3346284ABC
:10F2D000182104A80BF0C6FC264901A806F0C4F8C2
:10F2E00004A901AA41F288332048FDF7A1FE044693
:10F2F00028B901A806F0F2F9204616B070BD1E4DDF
:10F300000AA801A9FEF74EF90AA9284606F018FA3C
:10F310000DA905F10C0006F013FA10A905F118006B
:10F3200006F00EFA13A905F1240006F009FA13A855
:10F3300006F0D4F910A806F0D1F90DA806F0CEF920
:10F340000AA806F0CBF90D490D4AEB6A0E600021C0
:10F350001160002BCDD16C6901A8641A18BF01247B
:10F3600006F0BCF9204616B070BD00BFE491002045
:10F37000ACD303008CD30300609200203C610020DA
:10F38000949200202DE9F04FA04D91B04FF6FF74FC
:10F39000AC2310222846CDE900340021C82302F016
:10F3A000BFFF2846002103F02BFE00210C230E4650
:10F3B00028460093BC22C823019402F0B1FFC82361
:10F3C000BC2228463146009603F096F928460121D2
:10F3D00003F010FE8E4B8F496E6128462B6105F0BD
:10F3E0000BFB8D480596ADF81860FFF7F5F800287F
:10F3F00000F0018107AB0DAC01461F462046039388
:10F4000006F032F83846324621460B2306F05EFB02
:10F41000204606F063F905A98048FEF755FA002852
:10F4200040F0CC807E4979487E4FDFF81882002674
:10F4300003F0E6FD0121754803F0DCFD324611239F
:10F4400003996E6120462F6106F040FB21466F480C
:10F4500005F0CCFA204606F041F931466B4803F03E
:10F46000CFFD7149694803F0CBFD0121674803F0E6
:10F47000C1FD08F10C0A6E6132464FF001092F26DA
:10F480004FF0020B02F111073B46514620466E82B7
:10F49000A5F810B006F01AFB21465C4805F0A6FA64
:10F4A000204606F01BF9D8F814301236BB423A4613
:10F4B00009F10101B6B238D9882A8946E2D1002182
:10F4C000524803F09DFD0021C8230091B4224F480B
:10F4D00003F012F954494D4803F092FD534B1F6855
:10F4E00007EB07170021494803F08AFDD8F82C30B4
:10F4F000BB4208D94FF0B21200234D494348C5E939
:10F50000042305F079FA0021404803F079FD06F064
:10F5100019FC484B1B6898426AD2FEF787FC039897
:10F5200006F0DCF811B0BDE8F08F09F1020909EB33
:10F53000C90600213548760003F062FDB6B200210D
:10F5400032B2C8230091314803F0D6F836492F482B
:10F5500003F056FD354B1A68B9F1080F02EB0212A1
:10F5600051DCD8F82C309A424DD21D36DFF8D8B095
:10F57000DFF898A0B6B24FF0020903E0D8F82C30BB
:10F580009A42AFD202F111073B464FF0000C5946A8
:10F590002046C5F814C06E82A5F8109006F096FAC1
:10F5A0002146504605F022FA204606F097F806F16B
:10F5B0001203AD2E3A469EB2E0D193E71E49204693
:10F5C00005F052FF1D4B05A9B3F900200AA8FEF76C
:10F5D00013FB0AA9204606F075F90146039806F0C8
:10F5E00001F90AA806F07AF8204606F077F819E73C
:10F5F000FEF774FC91E707AB1846114903930DAC75
:10F6000005F032FF07E717466CE700BFF8770020E8
:10F610000200BF0028D603006C92002078920020E0
:10F6200054D7030002001D0044D703009492002029
:10F63000A8D60300B492002050D603003861002001
:10F6400044D6030060920020849200202DE9F04F00
:10F65000984D97B0AC234FF6FF742846CDE900349F
:10F660000021C823102202F05BFE934B1B68032B82
:10F670004FF00001284600F0398103F0C1FC002161
:10F680000C23CDE90034BC220C46C823284602F0E6
:10F6900047FEC823BC2221462846009403F02CF8DC
:10F6A0000121284603F0A6FC844B85492B6128469E
:10F6B0006C6105F0A1F983498B68002B40F0E48070
:10F6C00007AB18468049039305F0F4FE13AC10AB6A
:10F6D0001E4618467D49029305F0C6FE0399DFF8E1
:10F6E000D4B1304606F0EEF879498146584603F029
:10F6F00087FC0121584603F07DFC002398466B618E
:10F700001A461D264FF0020A02F111073B464946F0
:10F7100020466E82A5F810A006F0D8F9214658467A
:10F7200005F064F9204605F0D9FFD9F80830123603
:10F73000BB4208F10101B6B23A4640F2D281092932
:10F740008846E1D10A234FF0B40804935026594863
:10F75000DFF8809100218346002703F051FC0298D6
:10F7600005F0BCFF4246C82339465846009702F0D0
:10F77000C3FF5749584603F043FC0121584603F0A4
:10F7800039FC049B6F611E4476001D36B6B23A46C2
:10F7900098464FF0020A02E01236B6B23A4602F13B
:10F7A0001107B8F1080F3B464A49204608F1010805
:10F7B0000FDCA5F810A06E8206F088F921465846A5
:10F7C00005F014F9204605F089FFD9F80830BB424E
:10F7D000E2D80021374803F013FC3F4B3F491A6839
:10F7E00081FB0213D117C1EBE301049B0B44082BEF
:10F7F00040F389810A22D9F808100DA805F00EFF00
:10F80000029F0DA9384605F055FE3549384606F0E9
:10F8100085F80A220646A021204605F0CFFE2146A3
:10F82000304606F04FF801460AA805F043FE204690
:10F8300005F054FF384605F051FF0DA805F04EFFC6
:10F840000C9B1C48A3EB83035B00C43300220AA972
:10F85000B2242B826A616C8205F0C8F80AA805F010
:10F860003DFF039805F03AFF0021124803F0C8FB62
:10F8700006F068FA1B4B1B68984280F03D81FEF74A
:10F88000D5FA17B0BDE8F08F13AC204605F012FE94
:10F890002046154906F042F80B4906F013F807AB6D
:10F8A00001461846039305F005FE204605F016FFB5
:10F8B0000DE700BFF8770020989200200200BF00FB
:10F8C00090D30300E0770020EC77002088D303007A
:10F8D00044D70300C4770020D07700207978787867
:10F8E000BCD30300B4920020A8D3030003F088FB2C
:10F8F00000210C23CDE90034BC220C46C823284645
:10F9000002F00EFDBC222146C8230094284602F0D6
:10F91000F3FE0121284603F06DFB10AB1E46029357
:10F92000AE49AF4B2B6128466C6105F065F8304657
:10F93000AC4905F099FD3046AB4905F0C3FFAB4B30
:10F94000AB4A1968AB4BA142ACBF1146194605F052
:10F95000E5FFA9498146284603F052FB01212846CC
:10F9600003F048FBA0466C6122461D2613AC4FF005
:10F97000020BAA4602F111073B46494620466E8219
:10F98000A5F810B006F0A2F82146504605F02EF872
:10F99000204605F0A3FED9F808301236BB423A469D
:10F9A00008F10101B6B240F2D780992A8846E1D128
:10F9B0000A23B42605930021904803F021FB029FFF
:10F9C000384605F08BFE0021C823324600918B4853
:10F9D00002F092FE8449384605F06CFD384606F088
:10F9E00061F9129B002B40F0BF8000220D924FF076
:10F9F000010A002B40F0CB8016AA02EB8A020121FB
:10FA00008A4442F8241C002B40F0D18016AB03EB53
:10FA10008A030222029843F8242C05F05FFE7649FF
:10FA200076480AF1010A03F0EBFA059B082B00F374
:10FA30008E8003EBC3077F001D37C3F10903002647
:10FA4000BFB20493DFF8B4B1CDF80CA00DF13409C6
:10FA5000DDF8088028E04FF002032B82A5F812A001
:10FA6000002359F826206649EB8251F83210AB8208
:10FA7000404605F0F9FC112300224146204606F0DD
:10FA800025F82146584604F0B1FF204605F026FE31
:10FA9000404605F023FE039B013612379E42BFB25B
:10FAA00055D0049B9E4252D0504B1B68B3420FFA74
:10FAB00087FAD0D1059B334403EBC30252001223D3
:10FAC0000021103200930191C82312B2584602F06F
:10FAD00027FC4FF002032B82A5F812A04FF6FF730C
:10FAE000BFE708F10203DE0003EB06084FEA48080F
:10FAF00004930FFA88F82AE6FEF7F0F9FEF796F974
:10FB000017B0BDE8F08F01EB0111511A013303EB7F
:10FB1000C30301EB81005A0001EB400100230E32C8
:10FB20000231009312B209B20B23344802F0E4FD13
:10FB300060E6204605F0D2FD029805F0CFFD2E4983
:10FB40002E4803F05DFABAF1000F7FF46EAF00218A
:10FB50002A4803F055FA87E608F1020303EBC306CF
:10FB60007600059336B226E72649204605F07CFC50
:10FB70000299204605F036FF82462046BAF1000F72
:10FB800023D105F0ABFD129B002B3FF435AF1E498E
:10FB9000204605F069FC0299204605F023FFC0B914
:10FBA000204605F09BFD129B002B3FF42FAF174919
:10FBB000204605F059FC0299204605F013FF002865
:10FBC000B7D0204605F08AFD20E705F087FD129B9F
:10FBD0000BE7204605F082FD129B0DE768D303007A
:10FBE0000200BF0088D30300D477002030610020DA
:10FBF0008CD3030064D3030044D70300F8770020BC
:10FC000090E4030008D6030010D6030014D60300C6
:10FC10002DE9F04FB84D95B04FF6FF74AC23CDE908
:10FC200000341022C8232846002102F079FB284620
:10FC3000002103F0E5F900210C230E46019428462B
:10FC40000093BC22C82302F06BFBBC223146C823C0
:10FC50002846009602F050FD2846012103F0CAF91B
:10FC6000A64BA7492B6128466E6104F0C5FEA54945
:10FC70000EA805F0F9FBA4490BA805F0F5FB0BA9AC
:10FC80000EA805F01FFEA1498046284603F0B8F9EA
:10FC90002846012103F0AEF934466E613246AA4689
:10FCA0001D264FF0020902F111073B46414611A8FB
:10FCB0006E82A5F8109005F009FF11A9504604F0D6
:10FCC00095FE11A805F00AFDD8F808301236BB429F
:10FCD00004F10104B6B23A4601D9092CE3D18648B1
:10FCE000DFF850B20021824603F08AF90BA805F034
:10FCF000F5FC0EA805F0F2FC854B864A1978864B78
:10FD00000BA800290CBF1146194605F0ADFB0BA945
:10FD10000EA805F0CFFB814A814B9BF800100EA87E
:10FD200000290CBF1146194605F0F8FD04EBC40686
:10FD300076498046504603F063F97600012150462B
:10FD400003F058F91D360022B6B26A614FF002097D
:10FD500002E01236B6B23A4602F11107BF2E3B4618
:10FD6000414611A811D0A5F810906E8205F0AEFEA4
:10FD700011A9504604F03AFE11A805F0AFFCD8F8DE
:10FD80000830BB4204F10104E3D800215A4803F0D3
:10FD900037F90EA805F0A2FC0BA805F09FFC9BF814
:10FDA0000030002B40F04E815E49DFF84C910EA8E8
:10FDB00005F05AFBFCF74AFF0A2220FA02F10BA8D1
:10FDC00005F05CFC0BA90EA805F07CFD564905F07A
:10FDD000A5FD04EBC4064D498046484603F010F9E2
:10FDE00076000121484603F005F91D360022B6B21F
:10FDF0006A614FF0020A02E01236B6B23A4602F1E8
:10FE00001107082C3B46414611A811DCA5F810A0AB
:10FE10006E8205F05BFE11A9484604F0E7FD11A8CB
:10FE200005F05CFCD8F80830BB4204F10104E3D8CB
:10FE300031480021804603F0E3F80BA805F04EFCA2
:10FE40000EA805F04BFC39490EA805F00DFB04EB9C
:10FE5000C4062E49404603F0D3F8760001214046FF
:10FE600003F0C8F81D360022B6B26A614FF00209ED
:10FE700002E01236B6B23A4602F11107082C3B46B0
:10FE80000EA911A810DCA5F810906E8205F01EFED8
:10FE900011A9404604F0AAFD11A805F01FFC109B13
:10FEA000BB4204F10104E4D800211348DFF888A024
:10FEB00003F0A6F80EA805F011FCDAF80080B8F1FE
:10FEC000000F40F042810C4F19490EA804EBC40604
:10FED00005F0CAFA76000D49384603F091F81D3650
:10FEE0000121384603F086F8B6B2C5F814804246C0
:10FEF0004FF0020925E000BFF87700200200BF00A4
:10FF000084D40300A4D4030088E4030044D703008E
:10FF10001591002064D403005CD4030078D403005E
:10FF20006CD40300CCD40300D4D40300D8D4030091
:10FF3000E0D403005C920020DC9100201236B6B2BF
:10FF4000424602F11108082C43460EA911A810DC04
:10FF5000A5F810906E8205F0B9FD11A9384604F09D
:10FF600045FD11A805F0BAFB109B434504F10104BF
:10FF7000E4D8BA48002103F043F80EA805F0AEFB20
:10FF8000B74BB84900220EA81A6005F06DFAB649C1
:10FF90008B68002B52D1B5490BA805F065FA0BA967
:10FFA0000EA805F08FFC8046AC48B149814604EBB1
:10FFB000C40603F025F876000121484603F01AF83C
:10FFC0001D360022B6B26A614FF0020A02E0123614
:10FFD000B6B23A4602F11107082C3B46414611A839
:10FFE00012DCA5F810A06E8205F070FD11A948463C
:10FFF00004F0FCFC11A8013405F070FB002FE6D0E2
:020000023000CC
:10000000D8F80830BB42E2D80021944802F0F8FF4B
:100010000BA805F063FB0EA805F060FB00218F48DC
:1000200002F0EEFF05F08EFE924B1B68984280F0C6
:100030008580FDF7FBFE15B0BDE8F08F0BA805F03D
:1000400039FAACE78C49DFF8149208A805F00CFAED
:100050008A4B0A22196805A805F0B0FA05A908A874
:1000600005F030FC864905F059FC864B0A221968D8
:1000700006460BA805F0A2FA0BA9304605F022FCB3
:10008000814905F04BFC814B0A22196806460EA8EF
:1000900005F094FA0EA9304605F014FC04EBC406F2
:1000A00073498046484602F0ABFF7600012148467E
:1000B00002F0A0FF1D360022B6B26A614FF0020ABC
:1000C00002E01236B6B23A4602F11107082C3B465E
:1000D000414611A811DCA5F810A06E8205F0F6FCCF
:1000E00011A9484604F082FC11A805F0F7FAD8F8E7
:1000F0000830BB4204F10104E3D80021574802F064
:100100007FFF0EA805F0EAFA0BA805F0E7FA05A8AC
:1001100005F0E4FA08A805F0E1FA5D490BA805F03E
:10012000A3F941F288330BAA5A495B48FCF780FFD8
:1001300000286FD10BA805F0D1FA35E6FDF7CEFE09
:10014000FDF774FE15B0BDE8F08F7FF719AF0023FF
:100150000393DFF80891514B029351490EA805F023
:1001600083F90298FEF738FA002800F0BE800146B5
:100170000BA805F079F90BA90EA805F0A3FB04EB79
:10018000C4063B498046484602F03AFF760001210A
:10019000484602F02FFF1D3600236B61B6B21A46A7
:1001A0004FF0020B02E01236B6B23A4602F11107E6
:1001B000082C3B46414611A812DCA5F810B06E820F
:1001C00005F084FC11A9484604F010FC11A8013484
:1001D00005F084FA002FE6D0D8F80830BB42E2D808
:1001E0000021484602F00CFF0BA805F077FA0EA894
:1001F00005F074FA039BDAF8002001339A427FF786
:10020000BFAE029A18320292022B4FF00102039203
:10021000A3D1B5E622210BA805F010FC061E69DA71
:100220004FF0FF30B04285DD721C03460BA90EA8CB
:1002300005F04CFC09480E49804604EBC40602F068
:10024000DFFE76000121404602F0D4FE1D3600227A
:10025000B6B26A614FF0020927E000BFF8770020CC
:10026000E0910020E8D40300A8920020A8D6030063
:1002700044D70300B4920020B0D4030034610020BE
:10028000B8D40300A4920020BCD30300A0920020A5
:100290008CD30300C0D40300E49100201C91002003
:1002A0003CD403001236B6B23A4602F11107082CCC
:1002B0003B460EA911A810DCA5F810906E8205F03F
:1002C00005FC11A9404604F091FB11A805F006FABF
:1002D000109BBB4204F10104E4D80021084802F05D
:1002E0008FFE0EA805F0FAF924E702990BA805F095
:1002F000E1F840E7721C22210BA805F0AFFB91E763
:10030000F87700202DE9F04703689D4A9D498EB09B
:1003100004460220FCF76AFC9B490BA805F0A4F8F0
:100320000BA9204605F05EFB05460BA805F0D6F9A3
:10033000002D57D0954C2368033B012B18D9FEF7AD
:10034000E5F9934B1B68002B00F3A7802368012B72
:1003500000F0F18000218F4802F052FE05F0F2FC1F
:100360008D4B1B68984280F0E6810EB0BDE8F087A7
:100370008A4B8B49874C012608A81E7005F074F83B
:1003800005F0E0FC844B00F57A62002120460D4622
:100390001A6002F035FE0E232A46204601952946B2
:1003A0000093C82301F0BCFF3146204602F022FE34
:1003B0002A464FF0FF337B4D636108A920230BA829
:1003C000256105F083FB0BA9204604F00FFB0BA869
:1003D00005F084F9FDF75AFF08A805F07FF90EB083
:1003E000BDE8F08708AD7049284605F03DF829467C
:1003F000204605F0F7FA002800F0B5800DF1080856
:10040000284605F06BF96949404605F02DF841464C
:10041000204605F0E7FA0746002840F0918064493D
:10042000284605F021F805F08DFC5A4C5A4B00F592
:100430007A62002120460E461A6002F0E1FD0E238A
:1004400032463146204601960093C82301F068FFEA
:100450002046012102F0CEFD32464FF0FF33514ECF
:100460006361294620230BA8266105F02FFB0BA909
:10047000204604F0BBFA0BA805F030F9FDF706FFA3
:10048000284605F02BF917B105A805F027F94046D5
:1004900005F024F90EB0BDE8F08708AD45492846BF
:1004A00004F0E2FF4448FEF797F805AF002855D066
:1004B0000146384604F0D8FF3946284605F002FACE
:1004C000814605F03FFC334E334B00F57A62002144
:1004D000304688461A6002F093FD0E2342463046AD
:1004E00041460093CDF80480C82301F019FF30463F
:1004F000012102F07FFDDFF8ACC0C6F810C04FF05C
:10050000FF334246494673610BA8202305F0DEFA0B
:100510000BA9304604F06AFA0BA805F0DFF8FDF7E6
:10052000B5FE384605F0DAF8284605F0D7F8236816
:10053000012B7FF40FAFFEF76FFC0EB0BDE8F08724
:100540001E4905A804F090FF214605A805F0BAF958
:100550000146284604F0AEFF012764E738461649F5
:1005600004F0A8FFA8E711490BA804F07DFF0BA930
:10057000204605F037FA18B30BA805F0AFF83DE7B1
:1005800054D40300D8D3030074D2030098920020FF
:1005900010910020F8770020B492002014910020E0
:1005A000E0D303000400030064D2030010D403006E
:1005B00020D40300FCD30300188C002018D40300BF
:1005C0000BA805F08BF8284605F088F866490BA8BB
:1005D00004F04AFF0BA9204605F004FA06460BA8D2
:1005E00005F07CF8002E3FF4C0AE0DF10808A368BA
:1005F000DFF89C9121460C22404605F067FA404600
:1006000005F06CFB4046202105F04CFAD9F800308B
:10061000072B1E46A8BF0726002B824614DD534C2D
:1006200006EB460304EBC304A4F118073946204641
:1006300005F05CF8013EA4F10C0104F10C0005F09A
:1006400055F83C46002EEFD1BAF1000F76DD534647
:10065000002241460BA805F039FA0BA9444805F0E1
:100660006FF80BA805F03AF80AF10102049B414625
:100670000BA805F02BFA0BA93C4805F061F80BA874
:1006800005F02CF8D9F800303A4A3B49072BDCBF7B
:100690000133C9F80030136828460133136004F0B1
:1006A000E3FE3248FDF798FF05AF002856D001461B
:1006B000384604F0D9FE3946284605F003F981464C
:1006C00005F040FB2D4C2E4B00F57A6200212046B0
:1006D0000E461A6002F094FC0E2332463146204644
:1006E00001960093C82301F01BFE2046012102F071
:1006F00081FC32464FF0FF33224E6361494620238E
:100700000BA8266105F0E2F90BA9204604F06EF96A
:100710000BA804F0E3FFFDF7B9FD384604F0DEFF57
:10072000284604F0DBFF184B1B68052B7FF4AFAEA7
:10073000FFF76EFAABE6FDF7D1FB16E613490BA8FF
:1007400004F092FE0BA90A4804F0FAFF0BA804F08B
:10075000C5FF41460BA804F0ADFE8CE738460349BF
:1007600004F0A8FEA7E700BF9CD203001C91002064
:1007700028910020E091002030D40300F877002079
:10078000B492002004000300989200208CD3030050
:10079000DC9100202DE9F0479A4D2B68013B8EB08B
:1007A0000446042B4ED8DFE803F0AF890350640001
:1007B00008AF9549384604F07DFE384605F072FAD8
:1007C0000A9B002B40F0E381002205920126002BBA
:1007D00040F0ED810EAA02EB860201210E4442F8A0
:1007E000241C002B40F0E8800EAB03EB86030222B2
:1007F000384643F8242C04F071FFB62C06F10106AC
:1008000000F0F180092C00F0EB80B52C00F018828C
:100810000D2C00F0B582082C00F0E9821B2C00F0B2
:10082000C180A4F120035E2B0CD877488368132B7A
:1008300008D8214605F024F8744B4FF0FF321A60B7
:10084000FEF704FF0EB0BDE8F087714E0D28B368C7
:1008500000F00881B42800F02B82B72840F00F8206
:100860006C490A689342EDDD01320A60FEF7EEFE44
:10087000E8E71B2800F09680092800F09380A0F19B
:1008800020035E2B40F2A28163490BA804F0ECFD2B
:100890001022214608A804F061FE08A90BA805F063
:1008A00011F801465D4804F021FF08A804F016FF86
:1008B0000BA804F013FFFFF7ABF9C3E7B62800F06D
:1008C0002382B52800F0FA8100F0DF03442B45D0E5
:1008D000522B62D15249534804F008FF52494C4808
:1008E00004F050FF4B4B4F4800221A60FDF774FE96
:1008F0004D49002818BF01464C4804F043FF04232B
:100900002B60FEF7A3FE9DE7B52800F03681B628E0
:1009100000F0C1810D2840F0A081454B1B68002BE1
:1009200090DD444E444C336803EB830354F83300AA
:10093000FEF7C6FC002885D0336803EB830304EB85
:10094000C30423792BB13D4A13680021013B136096
:10095000217102232B60FEF715FD73E7384B3948F0
:100960001C68E1B2FCF746FD3749384B384A00288D
:100970000CBF084618460090234636490220FCF773
:1009800035F9FDF7C3FE344B1B78002B40F048814E
:1009900001232B60FEF740FA54E71B2802D00928F8
:1009A0007FF450AF2D4B1B7801222A6033BBFEF73A
:1009B00033FA0EB0BDE8F08729490BA804F054FDC6
:1009C00039460BA805F00EF8002840F031810BA83D
:1009D00004F084FE384604F081FEB62C7FF412AF9A
:1009E000002E3FF42FAF09490B68013393FBF6F259
:1009F00006FB12360E60FEF729FE23E7FDF786FEA2
:100A0000D5E700BF98920020D47700203061002005
:100A1000C4770020D0770020DCD60300A892002005
:100A20006C920020EC7700208CD30300E07700204C
:100A3000109100209C920020108C0020BC9200207D
:100A40003C610020E4910020F0D4030040D4030076
:100A500044D4030014D703005C92002014910020BA
:100A600014D60300002B7FF7EDAE08AFAA49AB4CBC
:100A7000DFF80893DFF8F4A2384604F0F5FC05F03F
:100A800061F9002100F57A6320468846C9F80030F4
:100A900002F0B6FA0E234246204641460093CDF8B6
:100AA0000480C82301F03CFC2046012102F0A2FA98
:100AB0004FF0FF319A4B6161424639460BA82361E2
:100AC000202305F003F80BA9204603F08FFF0BA8A5
:100AD00004F004FEFDF7DAFB384604F0FFFD324671
:100AE00051469048FCF776FBDAF80030002800F019
:100AF0006C818D4A00928D498D4A0220FCF776F870
:100B00008C4B1B7801222A60002B40F0A581FEF758
:100B100083F98949384604F0A7FC05F013F9002150
:100B200000F57A637D48C9F800300D4602F068FA96
:100B30000E232A460195294600937848C82301F0E0
:100B4000EFFB0121754802F055FA2A464FF0FF33BA
:100B5000734D6361394620230BA8256104F0B6FF6D
:100B60000BA96E4803F042FF0BA804F0B7FDFDF798
:100B70008DFB384604F0B2FD64E6704A1368002B22
:100B80007FF760AE013B1360FEF746F95AE66C4909
:100B90000BA804F069FC39460BA804F023FF0646B5
:100BA0000BA8002E48D004F099FD0A9B0CE665497D
:100BB0000BA804F059FC39460BA804F013FF0028D9
:100BC00031D00BA804F08AFD0A9B03E608A85E4911
:100BD00004F04AFC214605A804F094FC05A908A8E5
:100BE00004F070FE594904F099FE10220546214692
:100BF0000BA804F0B3FC0BA9284604F063FE54498B
:100C000004F08CFE0146534804F070FD0BA804F07C
:100C100065FD05A804F062FD08A804F05FFD4AE642
:100C2000FDF7B8FBB4E60BA804F058FD0A9BD8E525
:100C30000BA804F053FDD7E504F050FD0A9BC6E570
:100C4000002E3FF4FFAD444A1368002B40F3EC80C4
:100C5000013B1360FEF7FAFCF4E500F0DF03442BE0
:100C600000F0D480432B33D0522B3FF4C7AE092879
:100C70007FF4E8AD05232B60FEF7CAFFE2E5B52857
:100C800040F0ED80354A1368002B7FF7DBAD113B58
:100C900023EAE373DDE7324B28491B680A68013B0E
:100CA00093427FF7CFAD01320A60FEF7B5F8C9E590
:100CB0002A4A1368002B7FF7C5ADC9E7294A136894
:100CC000002B7FF7BFAD013B1360FEF75BFBB9E57F
:100CD0002549264804F056FD2349254804F052FDD5
:100CE0002149244804F04EFD1F49234804F04AFDE1
:100CF00019481A4A4FF0FF340021032304601160A1
:100D00002B60FEF7A3FC9DE5164A136801331360C0
:100D1000FEF738FB96E500BFC0D60300F877002049
:100D200004000300E491002040D4030014D7030022
:100D3000E4D6030014910020ACD603009C9200205E
:100D400008D6030010D60300CCD60300D0D603008B
:100D5000D8D60300A892002030610020D077002070
:100D600010910020949200208CD30300EC77002097
:100D7000C4770020D4770020E0770020B4920020D0
:100D8000674C2368B34251D366498B68022B7FF6C8
:100D900059AD0BA8FDF7D0FB0BA9634804F0D0FCBC
:100DA0000BA804F09BFC6048FDF716FC5F49002887
:100DB00018BF01465E4804F0E5FC5E4A00210423AA
:100DC00011602B60FEF742FC3CE55B4A00925B49F8
:100DD0005B4A0220FBF70AFF5A4B1B7801222A606C
:100DE0000BB1FDF793FCFEF717F8574992E64D4813
:100DF000816800293FF426AD013904F0C1FE484B5B
:100E00004FF0FF321A60FEF721FC1BE54F4B1B68C9
:100E1000002B7FF717AD4E4B4E4A1B684E4803EB35
:100E2000830352F833409CE5731E12E70EAA02EBCF
:100E300083034A4E53F8243C3D4856F8331004F0DF
:100E4000A1FC236838480EAA02EB830353F8243C24
:100E500006EBC3067168AEE7FDF758FC57E6B62807
:100E60000CD134490A6893427FF7ECAC11329342BB
:100E7000A8BF13460B60FEF7E9FBE3E408280FD197
:100E80002C4C216800297FF7DDAC01393046012266
:100E900004F07EFE2368013B2360FEF7D7FBD1E41C
:100EA0001B283FF47FADA0F120025E2A3FF6CAACBA
:100EB0009F2B3FF7C7AC1F4D00222B6802A831467D
:100EC00004F004FE02A908A804F0F4FA214605A8DB
:100ED00004F018FB05A908A804F0F4FCB3682A681C
:100EE000044631460BA804F0F1FD0BA9204604F09E
:100EF000E9FC0146304604F0F9FB0BA804F0EEFBD8
:100F000005A804F0EBFB08A804F0E8FB02A804F035
:100F1000E5FB2B6801332B60FEF798FB92E400BFE2
:100F200030610020D4770020EC7700208CD30300C0
:100F3000E0770020D0770020F0D4030014D703001E
:100F4000E4D6030014910020B4D6030010910020D1
:100F50009C920020108C0020E491002090E403007B
:100F60002DE9F04F064891B04FF4E1310446F5F712
:100F700015FB04F0E7FE40F6B73605460BE000BF70
:100F80005063002004F0DEFE401BB0424FF00A0028
:100F900006D804F0E3FE2046F5F71EFB0028F1D04A
:100FA000C549C648C64CC74E03F0EAFDC649C3480A
:100FB00003F0E6FDC549C14803F0E2FDC449BF485E
:100FC00003F0DEFDC349BD4803F0DAFDC249BB486A
:100FD00003F0D6FDC14800F0E7FF00250127C04B14
:100FE0000D938DF839708DF838500DF1340898E86C
:100FF0000C00BA4904F1240002F072FA294604F107
:10100000240002F047F941F2EC3341F2F43041F2AE
:10101000FA3241F2FE31E5544FF0C80904F5A0530D
:101020002552A55024F8019062891A80294620464D
:1010300001F010F941F28832FF2104F1640008F058
:10104000A1FF20460221E57601F0D4FFA54BA64979
:1010500023616561204603F0CFFCA44B2361394630
:10106000204601F0C7FFA249204603F0C5FCA14875
:1010700000F0D4FD5F219F4800F07EFE9D4800F007
:1010800087FEB0F1000A0CBF3B462B46337040F0A0
:1010900043824FF6FF710C224B46CDE900212046DA
:1010A0004B22514601F03CF93946204601F0A2FF9F
:1010B000914B9249C4F814A02046236103F09CFC94
:1010C0008F49C4F814A0204603F096FC41F2F83B87
:1010D0008C4934F90B30019300274FF0C80AA1F175
:1010E00040003B463A46CDF800A0CDE90377029791
:1010F00002F02CFF84487F4D3946A0F1240902F00C
:101100001BFC34F90B30029709F16401CDE900A30F
:10111000A1F140003B463A46CDE9037702F016FFC5
:1011200009F1240002F044FB784BDFF8CCA11F60EA
:10113000337883BB4FF47A7004F010FE5F212846A9
:1011400000F01AFE284600F023FE071E0CBF012304
:1011500000233370EED10C234FF6FF72CDE900323D
:101160003946C8234B22484601F0DAF801214846A7
:1011700001F040FF6149C4F810A04846676103F0E0
:101180003BFC5F496761484603F036FCFCF74EFEC6
:101190003378002BCED05E4A5E495F4DDFF8A491D4
:1011A0000220FBF723FD0C234FF6FF72CDE900323E
:1011B00000215922C823424801F0B2F801214048D9
:1011C00001F018FF0026554B2361554966613C48E4
:1011D00003F012FC53496661394803F00DFC524993
:1011E0006661374803F008FC5049354803F004FCB9
:1011F000FCF71CFE2E780F27032304224FF4E13165
:1012000048462EB9FBF744FE2870002800F0CF8036
:101210000C234FF6FF72CDE9003200215922C8237A
:10122000274801F07DF80121254801F0E3FE3B4B02
:10123000324923480026C4E9043603F0DDFB39496E
:101240001F48666103F0D8FB2B78002B40F0E2804A
:10125000FCF7ECFD40F6C41004F080FDFF2141F2E4
:1012600088322848324D08F08DFE324A0127176037
:10127000264A4FF47A731360FDF7CEFD29680029E2
:1012800040F3928007AE0A22304604F097F93146C7
:101290000AA804F00FF928490AA804F03FFB274ADE
:1012A000274B2968B942D4BF1146194604F036FBD2
:1012B000814604F047FD47E04CD503005063002011
:1012C000F87700201591002058D5030094D503002D
:1012D000B4D50300DCD50300F4D50300FC8B00205B
:1012E00000093D002E001E00B8E403005500360042
:1012F00088E40300C092002018004C0018D60300B8
:10130000C4E403005C7800201C7800209092002048
:10131000D0E40300DCE403005C92002018005A00D3
:1013200020D603005CD20300A8D30300E4E403004A
:10133000BC920020989200200CE503008CD303009F
:1013400098D10300E4910020BB4B00F57A620021A4
:10135000BA481A600D4601F053FE0E232A4629466C
:1013600001950093B548C82300F0DAFF3946B34829
:1013700001F040FE2A464FF0FF33B14D636149460C
:1013800020234046256104F0A1FB4146AB4803F011
:101390002DFB404604F0A2F9FCF778FF0AA804F000
:1013A0009DF9304604F09AF911B0BDE8F08F4FF482
:1013B000FA6004F0D3FC013F2E787FF41DAF002EBD
:1013C0007FF426AF0C234FF6FF72CDE90032314691
:1013D0005922C823994800F0A3FF0121974801F042
:1013E00009FE984B98499548C4E9043603F004FB7C
:1013F00096499248666103F0FFFA95498F48666105
:1014000003F0FAFA93498D4803F0F6FA2B78002B93
:101410003FF41EAF07AE9049304604F025F832463F
:1014200041F288338D498E48FBF702FE07460028BB
:1014300040F097800C234FF6FF72CDE90032014651
:10144000C82367227D4800F06BFF01217B4801F033
:10145000D1FD844B7C49C4E90437784803F0CCFAC9
:10146000002363618049754803F0C6FA7A49304623
:1014700004F088F941F2883332467C497848FBF71A
:10148000D7FD002840F098800C234FF6FF72CDE97D
:10149000003200217522C823684800F041FF012175
:1014A000664801F0A7FD724B674964484FF0000998
:1014B000C4E9043903F0A0FA6E496048C4F81490F6
:1014C00003F09AFA62495D48C4F8149003F094FA64
:1014D00069495A4803F090FADFF884914846FCF7CE
:1014E00073F94846FBF76EFE2B78644AC9F804206E
:1014F0000BB1FCF74FFFFDF709F9304604F0EEF8A9
:10150000FCF794FC2B78002B53D0002F40F6C4102E
:1015100018BF4FF448709FE64FF6FF710C224B4600
:10152000CDE9002120464B22294600F0F9FE39463C
:10153000204601F05FFD524B23614349656120461F
:1015400003F05AFA4F496561204603F055FA4049C5
:101550006561204603F050FA4B49204603F04CFAEF
:10156000B4E54A49404603F07FFF4146304604F067
:1015700087FA8146404604F0B1F80C234FF6FF721B
:10158000CDE900320021C82367222C4800F0C8FEB4
:1015900001212A4801F02EFD324B2B4A2361B9F17B
:1015A000000F4FF000033A496361BCBF1F4611466C
:1015B00053E740F6C4104FE636490AA803F054FF3B
:1015C0000AA9304604F05CFA002821DB0AA804F0DE
:1015D00085F80C234FF6FF72CDE900320021752209
:1015E000C823164800F09CFE0121144801F002FDBA
:1015F0001F4B274911484FF00009C4E9043903F093
:10160000FBF91C49C4F814900C4803F0F5F963E7A2
:101610002149404603F028FF4146304604F030FAA5
:101620008146404604F05AF80AA804F057F8B9F188
:10163000000FCEDA28E700BFB4920020F877002030
:101640000400030018005A0020D603005CD20300F7
:10165000A8D303002CE503008CD303001CD50300A2
:10166000E491002018006800F8E4030028D5030086
:101670001800760040E5030048E503000503030079
:1016800018004C00C4E403001CE50300F0E4030070
:1016900018D6030004E5030008E50300F0B593B095
:1016A00002230093062209238F499048904C914FC2
:1016B000914E00F047FC102300930A2205230B21D2
:1016C00002A802F0C1F8C8221146204601F014F920
:1016D0000CAB93E80300039A884B2360A2629DF849
:1016E00010309DF8112084F82C3084F82D209DF8BE
:1016F00012309DF8132084F82E3084F82F20059B9B
:10170000069A23636263079BBDF82020A363A28728
:10171000099B9DF82820236484F844209DF82930F3
:101720000B9A84F84530A26404F14C039DF83820EC
:1017300083E8030084F854209DF83A0084F85600AA
:101740009DF83B0084F857009DF83C0084F8580051
:101750009DF83D0084F85900BDF83E00A4F85A00F9
:101760001098B4F90A20E065654B11989DF839107E
:101770002066644884F85510D51783FB0213606215
:1017800041F2F830C821C5EBA313215201FB132508
:1017900041F2F630002DC8BF013304F5A0552352A5
:1017A00041F2EF3000232A8041F2EE32235441F21D
:1017B000EC30A35441F2F432235441F2FA30A352F4
:1017C00041F2FC32235241F2FE30A3524E4A2152E2
:1017D00007F108004849C7E9002303F045FE07F177
:1017E000140407F17405204631460C3403F03CFE26
:1017F000AC42F8D10025A7F87450444A44493D480A
:10180000444C3D4E07F090FD04F5A067314620465C
:1018100003F02AFE04F10C00314603F025FE2834C3
:1018200044F8105C24F80C5CBC42EFD1324D374ACE
:1018300039493A4C002007F077FD2946384803F033
:1018400013FE2946374803F00FFE2946364803F0B9
:101850000BFE2946354803F007FE2C4A3449304830
:1018600007F062FD2946334803F0FEFD274A32495E
:10187000304807F059FD2946304803F0F5FD234A6A
:101880002D492E4807F050FD29462D4803F0ECFD68
:101890001E4A29492A4807F047FD2946294803F0EE
:1018A000E3FD1A4A2449274807F03EFD2946264809
:1018B00003F0DAFD154A2049234807F035FD04F10D
:1018C000C0062946204603F0CFFD04F10C0029464E
:1018D000183403F0C9FDA642F3D10C4A1B4900207D
:1018E00007F022FD13B0F0BD00300240FC8B002059
:1018F000F8770020E49100208CD3030000D303008C
:101900001F85EB5160EC030024A300200060002041
:10191000C1DD0200188C0020E5DD02001C910020D2
:10192000609200206C920020789200208492002027
:101930009DDD0200EC770020DD560300C477002017
:10194000D4770020E0770020A892002009DE020072
:1019500070B5214C2368DB0784B031D51F4C204D76
:10196000204E2046F4F7C4FCA8B12046F4F7E6FC6C
:10197000C3B20D2B294601A80FD00A2B0DD0AA689F
:10198000C72AEED81946284603F07AFF2046F4F716
:10199000AFFC0028E9D104B070BD03F08BFD01A8B5
:1019A00004F09CF9039B3BB901A803F097FE314674
:1019B000284603F0E7FED4E701A8FCF783FBF3E732
:1019C0000849074803F050FD0123074A0749044826
:1019D000236007F0A9FCC1E7AC770020506300202A
:1019E000B07700208CD3030000600020DD56030098
:1019F000F0B5534C237889B0002B3FD0514E524D57
:101A000004F0A0F92B68C01A41F2873398422CD811
:101A100004F098F94D4C3368227898422CBF002589
:101A200001250AB1984276D2494B25701B784BB9F3
:101A30004848FBF77BFAFFF78BFF0A2004F08EF98A
:101A400009B0F0BD01225F21434800F04BF9424844
:101A500000F090F80028EBD03F4800F08FF8C0B2BB
:101A60000028E5D0FEF796FEE2E704F06BF9237854
:101A70002860002BCCD0FCF78DFCC9E7354D2846FB
:101A8000FBF74CFA20700028B8D02846FBF79CFEE4
:101A90002846FBF797FB2378304A6A60002B49D130
:101AA000FCF734FE2E4B1B68012B46D02D492E4DE2
:101AB000244E02A803F0D8FC04F044F9002100F5FC
:101AC0007A6328460F46336001F09AFA0E233A46AD
:101AD0002846019739460093C82300F021FC284688
:101AE000012101F087FA3A464FF0FF331F4F6B6137
:101AF00002A9202305A82F6103F0E8FF05A92846C5
:101B000002F074FF05A803F0E9FDFCF7BFFB02A893
:101B100003F0E4FD73E70021134801F071FA04F0CB
:101B200011F93368984202D2FCF7B0FB7CE7FCF76E
:101B3000D5F9F9E7FCF72EFCB2E7FDF76DF9B5E74B
:101B40005C920020B4920020BC770020C077002077
:101B500015910020E4910020C092002005030300AD
:101B600098920020A8E40300F87700200400030006
:101B7000704700BF203003F089B800BF203003F069
:101B800073B800BF203003F08BB800BF38B5437F77
:101B90000BB9002038BD00F6280420460D4603F09E
:101BA00089F80028F5D12046294603F045F80120A0
:101BB00038BD00BF2DE9F0475AB30646DFF858801C
:101BC00033681B684D1E434517464FF0000400F66E
:101BD000280915F801AF16D1737F13B92046BDE867
:101BE000F087484603F066F80028F7D1514648468A
:101BF00003F022F80134A742F0D0336815F801AFA2
:101C00001B684345E8D05146304698470028F1D13B
:101C1000E4E71446E2E700BF8D1B030010B4837EA7
:101C20001F2B4FF0010288BF03F01F03C27603F59C
:101C3000E0738CBF284A4FF0A04240F20C6142F89A
:101C40002310437E1F2B86BF03F01F03224A4FF051
:101C5000A04203F5E07340F20C6142F823100369DF
:101C60004FF0CC72C3F8242503690622C3F800257F
:101C70000369827EC3F808250369427EC3F80C25F8
:101C800090F91830002B14DA144A03F00F031A44A9
:101C90006023137690F91830002B07DB104903F00E
:101CA0001F0001225B09824041F823205DF8044BAC
:101CB00070475909603103F01F030124084A04FAF0
:101CC00003F342F8213090F91830002BDCDB134489
:101CD000602283F80023DDE700030050FCEC00E005
:101CE00000E100E00AB910467047F8B5054600F17A
:101CF0002007384614460E4602F0B0FF2B69C3F8A1
:101D000088652A69012313622A69C2F834752A6931
:101D1000C2F838452A6913602B6902E0D3F8242100
:101D20001AB9D3F84C21002AF8D00022C3F84C216C
:101D30002B6902E0D3F824211AB9D3F85C21002AD8
:101D4000F8D00022C3F85C212B6901225A612A696C
:101D5000D2F80431002BFBD00021C2F804112B690A
:101D6000D3F8242112B1C3F824112B69D3F83C0510
:101D7000C5F82008C0B2F8BD10B541F230030446E2
:101D800000F62800E15402F069FF0123637710BDDB
:101D900070B541F230030269C15C00234377C2F899
:101DA00088150269C2F80431036901261E620369BD
:101DB00000F628050446C3F84455284602F066FF9D
:101DC0002369C3F8480523699E60236902E0D3F8BC
:101DD00024211AB9D3F85021002AF8D00022C3F8E0
:101DE0005021284602F052FF236918BB0022C3F895
:101DF0006021236901225A612269D2F80431002B43
:101E0000FBD00021C2F804112369D3F8240160B18A
:101E1000C3F824112369D3F8C404C3F8C404022806
:101E200003D0042814BF0420032070BDD3F824215C
:101E3000002ADBD1D3F86021002AF7D0D6E700BF13
:101E400070B52B4C6369D3F86421002A3DD1D3F8D7
:101E50006821F2B9D3F8042172B1227F0021C3F8BE
:101E600004114AB141F23802D3F83C05A258C4F833
:101E700020080AB190476369D3F8242142B10022B7
:101E8000C3F82421D3F8D024C3F8D02401225A6106
:101E900070BD0022C3F868211648227701236377BA
:101EA00002F0DCFE41F23403E35803B19847636962
:101EB0001048C3F844050023637702F0E7FE636926
:101EC0000122C3F848055A63C4E7002204F1200642
:101ED000C3F8642101253046257702F0BFFE63690F
:101EE0004FF40062C3F83465C3F838251D63AEE7CC
:101EF000C0920020E89A002038B50E4C0E4A2046C9
:101F00004FF47A7340F8202B0025C4E9015302F006
:101F100087FE04F6280002F083FE084A084B657726
:101F2000D2E90721032020766176A276C4E9043342
:101F300038BD00BFC0920020A0E50300B4EC030050
:101F40000030004070B5002444749DF81050C9B1B1
:101F50000F4E0160B142846012D00E4CA14204BF0A
:101F6000012101710C4951F82220027351F82330EC
:101F7000837351F8253043730023C373037470BD1A
:101F80000471EFE7054B064A0648242107F020FFBD
:101F90000030024000F00240B4EC0300BCE5030056
:101FA00024E60300CCE50300437C03B1704730B561
:101FB000012285B042740321FF22019304468DF86B
:101FC00003208DF806208DF80510827B417B8DF86B
:101FD00000204FF080451A4602958DF80110057BD0
:101FE000C3736946037403938DF8025006F002FB35
:101FF000A37B1F2B86BF03F01F030C4A4FF0A042A8
:1020000003F5E07340F2013142F82310637B1F2B8C
:1020100086BF03F01F0305494FF0A04103F5E073AD
:1020200040F2033241F8232005B030BD00030050D8
:1020300010B5044606F026FC0023637410BD00BFF3
:1020400010B483B002AB03E906009DF805309DF89B
:102050000410026813F1FF3318BF01230024022982
:10206000C2F800451C460374C17332D003292DD039
:10207000012925D0224B0099B3FBF1F3B3F5007F82
:10208000C2F854451FD2FF2B0FD87F2B24D83F2BEB
:1020900025D81F2B26D80F2B27D8072B02D8194954
:1020A0008A4225D04FF0004101E04FF080610723C4
:1020B000C2F82415C2F8003503B05DF8044B704730
:1020C00043F00204D6E74FF00071F0E743F0060456
:1020D000D0E743F00404CDE74FF00061E7E74FF0AD
:1020E0008051E4E74FF00051E1E74FF08041DEE737
:1020F000042B34BF4FF0A0514FF02061D7E700BF51
:102100000090D00300F0024003680022C3F80025CD
:10211000704700BF002B3AD02DE9F047814684B0CC
:102120000D4617461E464FF6FF784FF0000A46450B
:10213000344628BF4446002D14BF23460023009593
:102140000297361B01938FB10022694648460394DB
:1021500006F0FAFB05B125442744002EE7D104B070
:10216000BDE8F087CDE900550295361B002269468F
:102170004846CDF80CA006F0E7FB4DB9464534467D
:1021800028BF4446002EEDD104B0BDE8F08770476B
:102190002544002ECBD1E2E710B586B006AB012472
:1021A00003F8111D002202A90293CDE9034305940F
:1021B00006F0CAFB9DF8070006B010BD70B41049C8
:1021C000104A1148114BD568946808601069D66CA4
:1021D0000D738C730125946C4873106D0D71002282
:1021E0000B4D1E739C735873CA730A741A71DA7399
:1021F0001A741D604A748A605A749A6070BC704781
:10220000FCA20020B4EC030000F0024010A3002068
:1022100000300240704700BF10B404682469A4462F
:102220005DF8044B604700BF30B40468BDF8085047
:102230000295A46BA44630BC604700BF30B404686C
:10224000BDF808500295E46BA44630BC604700BF5F
:10225000704700BF01F0030101298176B0F9083011
:10226000B0F90A2004D0032902D08381C2817047CB
:102270008281C381704700BF2DE9F04385B0994248
:1022800004460768BDF93060BDF8348023D0B242FF
:102290001D4611D07B69DFF884904B4536D1CDE9DE
:1022A00000682B46BE6A2046B0472368DB6A4B4570
:1022B00027D105B0BDE8F08399421FDDCDF830800D
:1022C0000131FE6B4B1B1BB229462046B44605B0BC
:1022D000BDE8F0436047B2420CDDCDF83080531CBE
:1022E000BD6B9B1B1BB232462046AC4605B0BDE819
:1022F000F0436047334616461A46EEE70D46194648
:10230000DCE7204605B0BDE8F0431847CDE90212EE
:1023100098472768DDE90212C1E700BF15220300D4
:102320002DE9F04FD0F800C01F46DCF814601A4BBE
:1023300083B09E420546BDF93090BDF834A00C46EE
:1023400090461FD12744BC4214DADFF850B0DCF8C5
:102350002060CDF800A05E4521464B464246284607
:1023600001D1DCF83860013424B2B047BC42D5F862
:1023700000C0ECDBDCF82C30074A934206D103B0F6
:10238000BDE8F08FB047D5F800C0DBE7284603B0C2
:10239000BDE8F04F184700BF1522030029220300B3
:1023A0002DE9F04FD0F800C01D46DCF814A02D4BED
:1023B00083B09A450446BDF93090BDF83470884624
:1023C000164641D1DCF824B0DFF89CA00097D34535
:1023D00008BFDCF83CB02B46324641462046D84781
:1023E0002368D3F824B0009709F1FF323244D34573
:1023F00012B232D1D3F83CA041462B462046D047FA
:102400002368DFF868A0D3F820B00097D34508BF51
:10241000D3F838B032464B4641462046D847236869
:10242000691E1D6A00975545414408BF9D6B3246A1
:102430004B4609B22046A84723680A4ADB6A934202
:1024400006D103B0BDE8F08FD047D4F800C0B9E79B
:10245000204603B0BDE8F04F18472B4641462046C2
:10246000D847CDE7152203003D22030029220300AF
:102470002DE9F04F85B01E46BDF93850BDF83CA09F
:10248000AB1A002B9046A6EB0102B8BF5B42002AB4
:10249000B8BF52429342074679DCAE464446AC464A
:1024A000404635468846764621469946A8455CDD35
:1024B000A8EB0504A4B2A0EB0C0002944FF6FF7C3D
:1024C00024B204EBD47480EAE079B142C8BF4FF083
:1024D000010CA9EBE0796410CDF80CC09342304BAD
:1024E00001931FFA89F933DCD7F800C0019BDCF8AF
:1024F00018B09B452946534608BFDCF810B0A4EB42
:10250000090432463846D847A3B21CB20135002C24
:102510002DB205DA039A1644029AD41836B224B2C0
:10252000A845E1DA05B0BDE8F08FDCF810B0D84777
:10253000A4EB0904A3B21CB20135002C2DB205DABC
:10254000039A1644029A9C1836B224B24545E9DC37
:10255000D7F800C0019BDCF818B09B452A465346CB
:1025600031463846E1D0D847E2E7A5EB080080B213
:1025700004B204EBD474B14202904FEA64042846DA
:102580000E46454607DA012103918046A6E7B44688
:10259000084691468AE74FF6FF71039180469DE712
:1025A000192203002DE9F04FD0F800C0DFF888E0D1
:1025B000DCF8406083B07645BDF93080BDF834A0CA
:1025C00028D191461F461B4ADCF814309342054639
:1025D0000C462BD12744BC4214DADFF860B0DCF89B
:1025E0002060CDF800A05E45214643464A46284675
:1025F00001D1DCF83860013424B2B047BC42D5F8D0
:1026000000C0ECDBDCF82C300A4A934209D103B05D
:10261000BDE8F08FB446CDE90C8A03B0BDE8F04FB9
:102620006047284603B0BDE8F04F18479847D5F8F3
:1026300000C0CFE715220300212303002922030055
:102640002DE9F04FD0F800C0284BDCF84040B0F93D
:102650000C80B0F90E709C4283B0894633D1DCF80F
:102660001430DFF88CB05B4505463AD1B8F1000F65
:1026700022DD0024DFF87CA0A64609E0DCF8386003
:102680000134B0470FFA84FEF045D5F800C013DDE1
:10269000DCF82060CDF80090564571463B464FF07F
:1026A00000022846EAD001340022B0470FFA84FE27
:1026B000F045D5F800C0EBDCDCF82C305B450BD1E5
:1026C00003B0BDE8F08F0022CDE90071434611460A
:1026D000A04703B0BDE8F08F284603B0BDE8F04F37
:1026E00018479847D5F800C0C0E700BF2123030072
:1026F00015220300292203002DE9F04FD0F800C075
:102700001646DCF81450304A85B095420746BDF8AD
:1027100038B00C464DD19BB203F1FF39DCF828509C
:102720002A4A1FFA89F909EB040895420FFA88F83A
:1027300010D0CDE9006B4346324621463846A847C3
:10274000D7F800C0DCF82C301F4A934237D105B0CF
:10275000BDE8F08F444526DDC3F101031FFA83F97C
:102760000FFA89F5234605EBD57544466D1098465A
:10277000174BDCF818A09A4532465B46214638468E
:102780000FD1DCF810A0D0470134002D24B203DAB9
:10279000013E4D4436B22DB2A045D7F800C0E7DA6D
:1027A000D0E7D047F0E70FFA89F505EBD5756D1046
:1027B000DEE70393A847D7F800C0039BABE7384692
:1027C00005B0BDE8F04F184715220300712403003F
:1027D000192203002DE9F04FD0F800C09046DCF834
:1027E0001440424A85B094420646BDF838900F46E0
:1027F0006ED1DCF828503E49013B1FFA88F21344A1
:102800009BB28D421CB250D1444528D066DAD31A0F
:102810009BB21DB205EBD575A04503934FEA650544
:102820003BDBDFF8D0A010E0DCF810B0D847013473
:10283000002D24B2ABB204DA039A013F9D183FB2D7
:102840002DB2A045D6F800C027DBDCF818B0D34580
:102850004B46224639463046E6D0D847E7E7DFF810
:1028600094A03D464FF00008BB46DCF81870574571
:10287000224608BFDCF8107029464B463046B84760
:102880000135B8F1000FB8BF04F1FF342DB2B8BF65
:1028900024B2AB45D6F800C0E7DADCF82C30134A96
:1028A000934210D105B0BDE8F08F42463B46CDE9DA
:1028B000004939463046A847D6F800C00B4ADCF834
:1028C0002C309342EED0304605B0BDE8F04F1847AB
:1028D0000393A047D6F800C0039B8AE71046214621
:1028E0001A4644460346884691E700BF1522030076
:1028F000712403001922030070B4002461F30F0453
:1029000062F31F44094A02604FF0FF36002240F292
:10291000011501218460C46046610583C17642606F
:10292000026182760277026270BC70476CEB030032
:102930002DE9F04F97B083460D91016ABDF88000F4
:102940000290BDF8840003909DF8880006909DF8E1
:102950008C0008900592002900F0EB800A7AD1E9FA
:1029600000109B1ADBB200EBC30230F83330079340
:1029700093780493D378109392F905301593069BBE
:102980000A91012B92F9064040F2CB80BDF95430F8
:102990000E9323B21293AE4BDBF800C009931A4694
:1029A000DCF81430934240F04D81109B002B00F076
:1029B0008B80BDF814301393002223440C9214939F
:1029C00092460B92049B002B76D00B9B129A08998F
:1029D00013981A4402FB01021499CB181BB21193ED
:1029E0000FFA82F90C9B002509E00135049AEDB23B
:1029F0004FEA4A0AAA425FFA8AFA434658D95A1C51
:102A00005B075FFA82F806D1079A0A99531C9BB2BA
:102A100011F802A007931AF0800FE6D0069ABDF8CD
:102A20003430012A59D00E9A0699DCF81C60BDF9A1
:102A300020705419874A04FB0134964224B20BB229
:102A400060D1DCF84060844A96425BD1DCF81430F7
:102A5000099A934260D1069B2344A34203931DDD50
:102A60007E4B05930F950BE0029D0095DCF83860D6
:102A7000B0470134039BDBF800C024B2A3420CDD55
:102A8000DCF82060059DAE4221463B464A4658464A
:102A9000EAD0029B00933B46EAE70F9DDCF82C301E
:102AA000099A9342A1D058469847DBF800C09CE7AA
:102AB0000C9B1344DBB20C930B9B109A0133DBB2DB
:102AC0009A420B933FF67EAFDCF82C30099A934282
:102AD00040F0B38017B0BDE8F08F089A012AA2D168
:102AE000159ADCF8184013445D4A5919944208BFFE
:102AF000DCF81040029B119A09B25846A047DBF857
:102B000000C072E7029A2146CDE9007258464A4653
:102B1000B047DBF800C068E758469847DBF800C0CC
:102B200099E7089B012B3FF631AF002312930E93D8
:102B300031E7BBF90C200D998A42CBDDBBF90E20A1
:102B400005988242C6DDBDF81840062212FB041229
:102B5000002ABFDD089A00EBC202002ABADD9BF80A
:102B60001C201AB9AF2B84BF0133DBB2384ADBF823
:102B700000C009921146DCF814208A4240F08C8192
:102B8000384ABDF834100F9103EB8303D3180D932B
:102B9000BDF818300E9300230B910C930D9ABDF9DC
:102BA0002C3012F8018B0D92069A07939F18082378
:102BB00004930026B94618F0010F55D00699BDF8C8
:102BC00014200129B3B200F0F2800899DCF81C400F
:102BD00011FB03F313441F4A94421DB20FFA81FA0A
:102BE000BDF9183040F00681DCF840401A4A9442A2
:102BF00040F00081DCF81430099A934240F02281C1
:102C0000079C4C4570DA0A960AE0029E0096DCF8B2
:102C10003870013424B2B8474C45DBF800C062DAA2
:102C2000DCF820700D4EB742214653462A465846DE
:102C3000EBD0029B00935346EBE7584617B0BDE834
:102C4000F04F184758469847DBF800C0ADE600BF84
:102C500015220300A52503002123030029220300D8
:102C60001922030064E60300DDE90232934241D0F9
:102C70000699BDF814200129B3B200F0C580089967
:102C8000DCF81C4011FB03F313448F4A94421DB23D
:102C90000FFA81FABDF9183040F0CD80DCF84040E1
:102CA0008A4A944240F0C780DCF81430099A934273
:102CB00040F0CD80079C4C4516DA0A96DCF820706F
:102CC000834EB742214653462A46584640F08680F6
:102CD000039E00960134DCF8387024B2B8474C45A6
:102CE000DBF800C0EADB0A9EDCF82C30099A93423C
:102CF00040F0A380049B013B013613F0FF0376B242
:102D00004FEA580804937FF456AF0B9B0E9A134476
:102D10000C9A01329BB2052A0C920B937FF43EAFC2
:102D2000DDE9023293423FF4CFAE069B012B00F067
:102D3000A0800E9B0F99DCF81C60634A03EB8303B1
:102D40001944089B96424FEAC3050CB2BDF91830EE
:102D500040F0A980DCF840605C4A964240F0A380D5
:102D6000DCF81430099A934240F0A980069B234472
:102D70009C421E4670DADFF85881DDF814900AE0B4
:102D8000039F0097DCF83870013424B2B847B4428E
:102D9000DBF800C060DADCF82070474521462B469E
:102DA0004A465846ECD0039B00932B46ECE7089923
:102DB00001297FF40AAF13440C990F9ADCF81840EC
:102DC00051181AB2434B9C4208BFDCF81040029BDA
:102DD00009B25846A047DBF800C08BE7039B00937D
:102DE0000134534624B2B847A145DBF800C03FF791
:102DF00065AF78E7029A0799CDE900A258462A46BE
:102E0000A047DBF800C075E7089901297FF437AFC8
:102E100013440C990F9ADCF8184051181AB22D4B34
:102E20009C4208BFDCF81040039B09B25846A047FB
:102E3000DBF800C05EE7039ADDE758469847DBF809
:102E400000C057E758469847DBF800C0D8E6584618
:102E50009847DBF800C02DE7DCF82C30099A934244
:102E60003FF435AE58469847DBF80030099ADB6AE4
:102E70002DE6089B012B7FF45CAF0F990092053182
:102E8000059ADCF82040082309B25846A047DBF831
:102E90000030099ADB6A1AE6049358469047DBF83B
:102EA00000C0049B6CE6039A2146CDE900525846C7
:102EB000059AB047DBF80030099ADB6A07E6584606
:102EC0009847DBF800C051E7A52503002123030044
:102ED00029220300192203002DE9F041036A84B07E
:102EE0000446002B4FD00A2941D00D2947D01A7A29
:102EF000914244D3987A884241D38A1A5D68B4F9E2
:102F00001060207ED2B205EBC205AF7857B3EA78E5
:102F100042B394F81BC0B4F9122094F819E0BCF144
:102F2000000F0FD095F905C0B4F90C80674400FB81
:102F30000767474506DD002626821B7B03FB0E2222
:102F400012B26282B4F816C0CDF80CE0A78A0290E3
:102F50000B4620463146CDE9007CFFF7E9FCB4F989
:102F60001060207E297901FB0060208207E00022AA
:102F700002821B7B428A417E01FB032343820120A4
:102F800004B0BDE8F0810A292CD00D29F7D0C67E07
:102F9000B0F91070B4F91220007E657E66B1062685
:102FA000B4F90CC016FB0076664505DD02EBC502E0
:102FB00012B2628223821F46E68A0395A58A029096
:102FC0000B4620463946CDE90056FFF7B1FC237E7B
:102FD000228A03EB430302EB43030120238204B064
:102FE000BDE8F081428A417E038202EBC103438245
:102FF000C5E700BF002908BF01210176417670476F
:10300000036A39B10BB101627047438A016206332A
:1030100043827047002BF6D0438A0162063B43820D
:10302000704700BF30B4BDF90850BDF90C4002959F
:1030300003949DF810509DF81440049505949DF854
:103040001850046806956469A44630BC604700BF08
:10305000704700BF03681B69184700BF30B4BDF953
:103060000850BDF90C40029503949DF810509DF84E
:103070001440049505949DF81850046806956469F9
:10308000A44630BC604700BF30B4BDF90850BDF95C
:103090000C4002950394BDF91050BDF914400495FD
:1030A0000594BDF91850BDF91C40069507949DF88C
:1030B00020509DF82440089509949DF828500468F4
:1030C0000A95246AA44630BC604700BF704700BF21
:1030D000704700BF704700BF704700BF704700BF18
:1030E00010B50446406AFEF7A3FFB4F90C000028AF
:1030F00002DB002106F008F8B4F90E00002802DB1C
:10310000002106F001F8B4F91000002804DB0021CA
:10311000BDE8104005F0F8BF10BD00BF38B504464B
:103120009DF81000E386002384F8302084F83120D5
:1031300084F8210084F8323084F8333084F8343055
:1031400084F83530002940F09B80B4F90C00002849
:103150000CDB012106F05CF80121B4F90C0005F04C
:10316000D3FF0121B4F90C0006F052F8B4F91000B5
:10317000002829DB94F82150002D64D1012106F0AC
:1031800047F80121B4F9100005F0BEFF0121B4F9A0
:10319000100006F03DF80A2002F0E0FD2946B4F9DF
:1031A000100006F035F8E08E02F0D8FDB4F91000FA
:1031B000012106F02DF8E08E0A2838BF0A2002F01F
:1031C000CDFD002384F83430606AFEF7EDFEB4F9DB
:1031D000100000280CDB012106F01AF80121B4F9D7
:1031E000100005F091FF0121B4F9100006F010F86D
:1031F000B4F90C0000280CDB012106F009F80121CC
:10320000B4F90C0005F080FF0121B4F90C0005F0C1
:10321000FFFFB4F90E0000280CDB012105F0F8FFD8
:103220000121B4F90E0005F06FFF0121B4F90E0081
:1032300005F0EEFFB4F91200002820DB0021BDE804
:10324000384005F061BF002105F0E2FFB4F910003D
:10325000012105F059FF0021B4F9100005F0D8FF55
:10326000E08E02F07BFDB4F91000022105F04CFF66
:10327000E08E0A2838BF0A2002F070FDA1E738BDB1
:103280000348F3F78BF9012384F820305DE700BF92
:103290005063002030B50268674B55689D4283B08B
:1032A0005CD10446002340F201150A2084F8213045
:1032B00084F8343084F835302563E086002940F006
:1032C000B480B4F90C00002880F28580B4F91000B5
:1032D00000282ADB94F82150002D40F08A8001213B
:1032E00005F096FF0121B4F9100005F00DFF012152
:1032F000B4F9100005F08CFF0A2002F02FFD2946DA
:10330000B4F9100005F084FFE08E02F027FDB4F957
:103310001000012105F07CFFE08E0A2838BF0A204A
:1033200002F01CFD002384F83430606AFEF73CFE96
:10333000B4F9100000283CDAB4F90C00002826DAB1
:10334000B4F90E00002810DAB4F9120000280ADBE4
:10335000002103B0BDE8304005F0D6BE0023009345
:1033600001220A23A84703B030BD012105F050FF18
:103370000121B4F90E0005F0C7FEB4F90E000121D9
:1033800005F046FFB4F912000028E1DAEBE701216D
:1033900005F03EFF0121B4F90C0005F0B5FEB4F9CB
:1033A0000C00012105F034FFB4F90E000028CBDB3E
:1033B000DBE7012105F02CFF0121B4F9100005F035
:1033C000A3FEB4F91000012105F022FFB4F90C00AE
:1033D0000028B5DBDBE7012105F01AFFB4F90C008A
:1033E000012105F091FE0121B4F90C0005F010FF58
:1033F0006CE7002105F00CFFB4F91000012105F085
:1034000083FE0021B4F9100005F002FFE08E02F007
:10341000A5FCB4F91000022105F076FEE08E0A2822
:1034200038BF0A2002F09AFC7CE70448F3F7B6F8AC
:10343000012384F8203044E71D310300506300204D
:10344000F0B4BDF81C50BDF91070BDF82040002646
:1034500065F30F06002561F30F0562F31F45002297
:1034600063F30F021B4B9DF82810036064F31F46A3
:103470009DF82C30466067F31F429DF830609DF840
:10348000247041728372BDF91410134B0261069AC5
:103490000772C672C560114F8182012640F2011584
:1034A000C26143624FF6FF7200230A21876280F8EF
:1034B0002D600563C18680F8203080F82C3080F8BC
:1034C000343080F83530C0E90E33C2820283F0BC5C
:1034D000704700BFD8EB0300FCA2002000093D00AC
:1034E00010B483B06C4684E80C00A3884162826209
:1034F000838503B05DF8044B704700BF38B5B0F961
:103500001030002B2ADB90F821500446184635BBBA
:10351000012105F07DFE0121B4F9100005F0F4FD54
:103520000121B4F9100005F073FE0A2002F016FC28
:103530002946B4F9100005F06BFEE08E02F00EFC97
:10354000B4F91000012105F063FEE08E0A2838BFAF
:103550000A2002F003FC002384F8343038BD002137
:1035600005F056FEB4F91000012105F0CDFD002153
:10357000B4F9100005F04CFEE08E02F0EFFBB4F958
:103580001000022105F0C0FDE08E0A2838BF0A2095
:1035900002F0E4FBDFE700BF2DE9F843B0F9123099
:1035A000002B6EDB04460120894602F0D7FB3E4B20
:1035B000DB68D9015AD53D4B1A68D20756D55D68EC
:1035C000AD09394FDFF8F480384E05E07368E269E1
:1035D0009B095B1B934225D8B4F9120005F034FE19
:1035E000B4F91430984221D1A36B002B57D0E06B73
:1035F0009847B4F9120005F027FEB4F91430984248
:1036000014D1FB68DB0102D53368D807DED403F0A0
:1036100013FEA0FB0801830A43EA8153E2695B1BA6
:103620009342D9D92249234801F0AAFAB9F1000FEF
:1036300025D094F8203013B31B4BDB68D90125D576
:103640001A4B1A68D20721D55B689B09494619486D
:103650005D1B01F0D1F91849164801F0CDF9294652
:103660000A221448BDE8F84301F0A2BA03F0E4FDD1
:10367000124BA0FB0301850A45EA8155A1E7BDE88D
:10368000F8831046BDE8F84302F068BB03F0D4FDB0
:103690000A4BA0FB0301830A43EA8153D6E70120CA
:1036A00002F05CFBA5E700BFF0ED00E0001000E0D9
:1036B000BCEB030050630020CCEB030040420F0042
:1036C00038B500F1280304460D46406A93E8060029
:1036D000FEF7B6FCB4F90E00002802DB002105F06D
:1036E00097FDB4F90C00002802DB002105F090FDE5
:1036F0002946606AFEF750FDB4F90C00002802DB91
:10370000012105F085FDB4F90E00002802DB01213E
:1037100005F07EFD606ABDE83840FEF7F5BC00BFED
:1037200038B500F1280304460D46406A93E80600C8
:10373000FEF786FCB4F90C00002802DB002105F03E
:1037400067FD2946606AFEF727FDB4F90C000028E2
:1037500002DB012105F05CFD606ABDE83840FEF740
:10376000D3BC00BF00F1280310B5044693E806005F
:10377000406AFEF765FCB4F90C00002804DB002168
:10378000BDE8104005F044BD10BD00BF406AFEF723
:1037900003BD00BF10B50446B0F90C00002802DBE1
:1037A000012105F035FD606ABDE81040FEF7ACBCB4
:1037B00090F8323010B504467BB12221FFF780FF2C
:1037C00083212046FFF7ACFF20212046FFF778FF3A
:1037D000962205492046FFF7DFFE002384F83230A9
:1037E00084F8333010BD00BF4CEC030038B590F8BE
:1037F000323004467BB12221FFF762FF832120464D
:10380000FFF78EFF20212046FFF75AFF96220D4931
:103810002046FFF7C1FEB4F910300025AB4284F812
:10382000325084F833500CDB10212046FFF748FF5C
:1038300001212046FFF774FF012384F8355084F8F6
:10384000343038BD4CEC030030B58BB04FF0000C79
:10385000BDF9384000940124CDE9074401940324C4
:10386000CDE9054C064D0295C824CDE90344044634
:10387000FFF7E6FD034B236020460BB030BD00BFD1
:103880008096980060EC03002DE9F84304460E464C
:10389000112115469946BDF82080FFF711FF2046FB
:1038A0000321FFF73DFFC6F3C70720464421FFF77A
:1038B00007FF39462046FFF733FF06EB0903591E81
:1038C00048BF991D2046C1F3C701FFF729FF5FFAE2
:1038D00085F920464521FFF7F3FEA84449462D0A05
:1038E0002046FFF71DFF08F1FF3629462046FFF767
:1038F00017FFF1B22046FFF713FF311EB8BF08F1E2
:10390000FE012046C1F30721FFF70AFF20464E21A2
:10391000FFF7D6FE39462046FFF702FF20464F212B
:10392000FFF7CEFE49462046FFF7FAFE294620461D
:10393000BDE8F843FFF7F4BE30B5044683B039B3B1
:103940000368264ADD6B95423BD190F83120DAB905
:10395000C82300931146FFF797FF20462221FFF767
:10396000AFFE2046FC21FFF7DBFE20462021FFF7BB
:10397000A7FE4FF4FA721A492046FFF70DFE012305
:1039800084F8323003B030BD9B6B164A93421FD18E
:1039900020462221FFF794FE2046F721FFF7C0FEC4
:1039A00020462021FFF78CFE40F628220E492046B3
:1039B000FFF7F2FD002384F8323084F8313003B091
:1039C00030BDC823002200931146A84703B030BD84
:1039D000002103B0BDE83040184700BFED390300B7
:1039E0003CEC0300393903002CEC0300F0B590F8EF
:1039F000316083B00446BDF92050002E51D100291A
:103A0000BCBF5B181BB221EAE170002AB8BFAD1839
:103A100000EB0301B8BF2DB222EAE272C729C8BF8A
:103A2000C0F1C80302EB0501C8BF1BB2C729C4BF60
:103A3000C2F1C8052DB2002B31DD002D2FDD00F0C5
:103A400007010B4499B20EB2774207F0070706F060
:103A5000070358BF7B42002B02DD0831CB1A1EB290
:103A6000ADB24FF6F871B3B292B201400095204664
:103A7000FFF70AFF22212046FFF722FEFC21204605
:103A8000FFF74EFE20212046FFF71AFE4FF4FA7290
:103A900015492046FFF780FD012384F8323003B03A
:103AA000F0BD0368114A9B6B934217D12221FFF7A7
:103AB00007FE2046F721FFF733FE20462021FFF7BF
:103AC000FFFD40F628220A492046FFF765FD002346
:103AD00084F8323084F8313003B0F0BD002103B0F7
:103AE000BDE8F040184700BF3CEC03003939030043
:103AF0002CEC030090F8343010B504460BB1FFF7FE
:103B0000FDFC0A2002F02AF912212046FFF7D8FD19
:103B10000A2002F023F901212046FFF7D1FDC72139
:103B20002046FFF7FDFD00212046FFF7F9FD0021AB
:103B30002046FFF7F5FD3C212046FFF7C1FD05219A
:103B40002046FFF7EDFD18212046FFF7B9FD802143
:103B50002046FFF7E5FD11212046FFF7B1FD0321C7
:103B60002046FFF7DDFD44212046FFF7A9FD002197
:103B70002046FFF7D5FD18212046FFF7D1FD45214E
:103B80002046FFF79DFD00212046FFF7C9FD0021DB
:103B90002046FFF7C5FDC7212046FFF7C1FD0021E4
:103BA0002046FFF7BDFD4E212046FFF789FD00218D
:103BB0002046FFF7B5FD4F212046FFF781FD00218C
:103BC0002046FFF7ADFD00212046FFF7A9FD0123A8
:103BD00084F8353010BD00BF90F8353070B505461B
:103BE0000C461646002B4FD011212846FFF768FDE2
:103BF00003212846FFF794FD44212846FFF760FD86
:103C000000212846FFF78CFD18212846FFF788FD84
:103C100045212846FFF754FD00212846FFF780FD87
:103C200000212846FFF77CFDC7212846FFF778FDD5
:103C300000212846FFF774FD4E212846FFF740FD7E
:103C400000212846FFF76CFD4F212846FFF738FD7D
:103C500000212846FFF764FD00212846FFF760FD9C
:103C600021462846FFF72CFD2846FFF77BFD41F251
:103C7000883431462846FFF789FD013CF9D12846B2
:103C8000BDE87040FFF786BDFFF734FFACE700BF2B
:103C90002DE9F04F8BB01E469DF85C30059305462C
:103CA0009DF86030BDF954B0BDF950A0BDF9584041
:103CB000069101200493174602F050F8734203F076
:103CC000070306F0070858BFC3F100081BF10709F6
:103CD00048BF0BF10E09A6EB0806C9F3CF091FFA7E
:103CE00086F84FEAC9031BB20FFA88F6F11826EAE4
:103CF000E676C729B6B2C8BFC8F1C803A6EB080864
:103D0000C8BF1BB21FFA88F80AEB0401A3EB080333
:103D1000C7291FFA8AF09BB2C8BFC0F1C8010FFAC9
:103D200083FBCCBF09B22146BBF1000F6DDD2AEA4F
:103D3000EA7292B2101A1FFA80FAA1EB0A010792F6
:103D40008AB2089212B2002A03925EDD95F83520FD
:103D5000002A00F0C78095F83020002A40F08C80BF
:103D6000089A00923146079A2846FFF78DFD06997A
:103D70002846FFF7A5FC0FFA88F82846FFF7F2FC63
:103D8000B8F1000F0FFA8AF304F1FF36B8BF08F15B
:103D9000070813FB09F4C8F3CF08F61A16FB0986C7
:103DA000A0441FFA88F44FEAEB0BB6B24FF00008BC
:103DB000BBF1000F14D0049B53BB059B04EB0B0A13
:103DC000002B38D11FFA8AF306949A4622B228466D
:103DD000B95CFFF7DBFC631C9CB25445F6D1069C32
:103DE000039B08F101080FFA88F8A6EB09064C447A
:103DF0004345B6B2A4B2DBD12846FFF7CBFC012085
:103E00000BB0BDE8F04F01F0A9BF0BB0BDE8F08FDB
:103E1000059B06EB0B0AF3B91FFA8AF306949A4640
:103E2000344622B22846B95CFFF7B0FC631C9CB252
:103E30005445F6D1D3E71FFA8AF306949A4622B284
:103E40002846B95CC943C9B2FFF7A0FC631C9CB209
:103E5000A245F4D1C3E71FFA8AF306949A46344682
:103E600022B22846B95CC943C9B2FFF78FFC631C74
:103E70009CB2A245F4D1B2E7296823480A6982427C
:103E800036D1CA68214909938A4232D1FF222621BC
:103E90002846FFF7A1FEFF2224212846FFF79CFEBB
:103EA0002A681B49926B099B8A4227D12221284606
:103EB000FFF706FCF7212846FFF732FC20212846B1
:103EC000FFF7FEFB40F6282212492846FFF764FB65
:103ED0000022099B85F8322085F83120002285F8E0
:103EE00030203DE728460993FFF704FE099B32E79F
:103EF0000993FF2128469047099B31E70993002148
:103F000028469047099BE9E74D4703009945030080
:103F1000393903002CEC030030B587B0BDF92850C7
:103F2000BDF92C40009301959DF830309DF8345038
:103F300002949DF8384003930495134605940A466D
:103F40002421FFF7A5FE07B030BD00BF2DE9F04FDB
:103F500089B00C46BDF94870BDF94C809DF8509071
:103F60009DF854A09DF858B0009315461E46CDE923
:103F700001781346CDE9039A0A46CDF814B02621FC
:103F80000790FFF785FECDE904ABCDE90289CDE9C5
:103F900000672B46224607982421FFF779FE09B0D7
:103FA000BDE8F08F30B587B0BDF92850BDF92C4081
:103FB000009301959DF830309DF8345002949DF89F
:103FC000384003930495134605940A462621FFF7CB
:103FD0005FFE07B030BD00BF2DE9F04F5C428DB0F1
:103FE00004F0070403F0070658BF66429E1B9DF8C5
:103FF0007440BDF958300493BDF95CA007949DF856
:104000007840BDF96C50BDF9607006940FFA86FBDC
:10401000049CBDF970E0BDF96430BDF968C0AAEB3D
:104020000B063C1BB542A8BF354674450994A8BF92
:1040300074465F422DB207F0070703F0070658BF2A
:104040007E42EF1D48BF05F10E079B1B9BB227F078
:1040500007073FB21EB2F51926EAE676C72DB6B2BB
:10406000C8BFC3F1C807A6EB030324B2C8BF3FB261
:104070001FFA83F90CEB040EA7EB0907BEF1C70F7B
:104080001FFA8CF5BFB2C8BFC5F1C8040FFA87F894
:10409000C8BF24B2B8F1000F7BDD2CEAEC7C1FFA1C
:1040A0008CF35D1B0393ABB2E41A0893A3B21CB26A
:1040B000002C05946DDD154690F835200A910446D4
:1040C000002A00F0E48094F83020002A40F0A98013
:1040D000039A009331463B462046FFF7D5FB0A99E9
:1040E0002046FFF7EDFA4FEAE80320460FFA89F978
:1040F0000393FFF737FBBBF10002B8BF0732099B00
:10410000B9F1000F4FEAE207B8BF09F10709BDF99D
:104110002020089207EBE907013B1AF1070948BF85
:104120000AF10E09BFB29B1A0993C9F3CF09002601
:10413000BA460399F9B10498089A02440998B3B2AF
:104140001A44C31A13FB09A31FFA83FB069B12FB35
:1041500009A297B203BB079B002B35D107EB0108DF
:104160001FFA88F83BB201372046E95CBFB2FFF77F
:104170000DFBB845F6D10136059B36B2B342D8D116
:104180002046FFF707FB01200DB0BDE8F04F01F01E
:10419000E5BD0DB0BDE8F08F079B53BB0BEB0108ED
:1041A0001FFA88F80FFA8BF30BF1010B2046E95C3C
:1041B0001FFA8BFBFFF7EAFAC345F3D10136059BE3
:1041C00036B2B342B5D1DBE707EB01081FFA88F836
:1041D0003BB20137E95CC9432046C9B2BFB2FFF721
:1041E000D5FAB845F4D10136059B36B2B342A0D119
:1041F000C6E70BEB01081FFA88F80FFA8BF30BF1F7
:10420000010BE95CC9432046C9B21FFA8BFBFFF7DB
:10421000BDFAC345F1D10136059B36B2B34288D110
:10422000AEE7216822480A69824235D1CA6821492D
:104230000B938A4231D1FF2226212046FFF7CCFC86
:10424000FF2224212046FFF7C7FC22681A49926BFF
:104250000B9B8A4226D122212046FFF731FAF72113
:104260002046FFF75DFA20212046FFF729FA40F6A5
:10427000282212492046FFF78FF900220B9B84F871
:10428000322084F83120002284F8302020E70B937C
:10429000FFF730FC0B9B16E70B93FF21204690475E
:1042A0000B9B15E70B930021204690470B9BEAE7F9
:1042B0004D47030099450300393903002CEC0300F6
:1042C0002DE9F04F91B08246BDF974709DF884C01D
:1042D000BDF96840BDF970600C97CDF838C09DF805
:1042E00080709DF888C00B9601200D97BDF96C5029
:1042F000BDF97860BDF97C80CDF83CC08B4617468F
:10430000994601F02BFD002C24DB002D22DB002E32
:1043100020DBB8F1000F1DDB002F1BDBA74219DAF1
:10432000B9F1000F16DBA94514DA0D9A05960B9E1C
:104330000F980E990C9B09900891CDE90682049381
:10434000CDE90256CDE900943B465A465046242119
:10435000FFF742FE11B0BDE8F08F00BF2DE9F04F2E
:1043600091B08246BDF974709DF884C0BDF9684073
:10437000BDF970600C97CDF838C09DF880709DF83D
:1043800088C00B9601200D97BDF96C50BDF978607F
:10439000BDF97C80CDF83CC08B461746994601F0AC
:1043A000DDFC002C3FDB002D3DDB002E3BDBB8F1BC
:1043B000000F38DB002F36DBA74234DAB9F1000FEB
:1043C00031DBA9452FDA0F9B0D9909930B9B0E98B2
:1043D0000C9A0890CDE906810492CDE902535A4621
:1043E0003B46262150460596CDE90094FFF7F4FDA3
:1043F000012001F0B3FC0F9B0D9909930B9B0E98C4
:104400000C9A0890CDE906810492CDE902530596F5
:10441000CDE900943B465A4650462421FFF7DCFD87
:1044200011B0BDE8F08F012011B0BDE8F04F01F0F0
:1044300095BC00BF90F8353070B505460E46002B90
:1044400000F0A28011212846FFF73AF903212846FF
:10445000FFF766F944212846FFF732F90021284684
:10446000FFF75EF918212846FFF75AF9452128463B
:10447000FFF726F900212846FFF752F900212846C8
:10448000FFF74EF9C7212846FFF74AF900212846D1
:10449000FFF746F94E212846FFF712F9002128467A
:1044A000FFF73EF94F212846FFF70AF90021284679
:1044B000FFF736F900212846FFF732F92421284674
:1044C000FFF7FEF82846FFF74DF941F288343146F0
:1044D0002846FFF75BF9013CF9D12846FFF75AF966
:1044E00095F83530002B52D011212846FFF7E8F817
:1044F00003212846FFF714F944212846FFF7E0F886
:1045000000212846FFF70CF918212846FFF708F983
:1045100045212846FFF7D4F800212846FFF700F987
:1045200000212846FFF7FCF8C7212846FFF7F8F8D6
:1045300000212846FFF7F4F84E212846FFF7C0F87F
:1045400000212846FFF7ECF84F212846FFF7B8F87E
:1045500000212846FFF7E4F800212846FFF7E0F89D
:1045600026212846FFF7ACF82846FFF7FBF841F272
:10457000883431462846FFF709F9013CF9D128462D
:10458000BDE87040FFF706B9FFF7B4FA5AE72846CE
:10459000FFF7B0FAA8E700BF90F8353070B50546D0
:1045A0000E46002B00F0BF8011212846FFF788F847
:1045B00003212846FFF7B4F844212846FFF780F886
:1045C00000212846FFF7ACF818212846FFF7A8F885
:1045D00045212846FFF774F800212846FFF7A0F888
:1045E00000212846FFF79CF8C7212846FFF798F8D6
:1045F00000212846FFF794F84E212846FFF760F87F
:1046000000212846FFF78CF84F212846FFF758F87D
:1046100000212846FFF784F800212846FFF780F89C
:1046200026212846FFF74CF82846FFF79BF841F271
:10463000883431462846FFF7A9F8013CF9D12846CD
:10464000FFF7A8F895F83530002B6FD011212846D8
:10465000FFF736F803212846FFF762F84421284681
:10466000FFF72EF800212846FFF75AF818212846B0
:10467000FFF756F845212846FFF722F80021284683
:10468000FFF74EF800212846FFF74AF8C7212846D1
:10469000FFF746F800212846FFF742F84E2128464A
:1046A000FFF70EF800212846FFF73AF84F21284679
:1046B000FFF706F800212846FFF732F800212846C8
:1046C000FFF72EF824212846FEF7FAFF2846FFF7C9
:1046D00049F841F2883431462846FFF757F8013C43
:1046E000F9D12846FFF756F82B68164A9B6B934280
:1046F00020D122212846FEF7E3FFF7212846FFF7C5
:104700000FF820212846FEF7DBFF40F628220E494D
:104710002846FEF741FF002385F8324085F83140F6
:1047200085F8303070BDFFF7E5F93DE72846FFF723
:10473000E1F98BE7214628469847002385F8303079
:1047400070BD00BF393903002CEC030090F8303005
:1047500070B504460E46002B00F0CC800368944AE6
:10476000DB68934240F01A8190F835300BB9FFF7BF
:10477000C1F911212046FEF7A3FF03212046FEF7D1
:10478000CFFF44212046FEF79BFF00212046FEF785
:10479000C7FF18212046FEF7C3FF45212046FEF73C
:1047A0008FFF00212046FEF7BBFF00212046FEF7C9
:1047B000B7FFC7212046FEF7B3FF00212046FEF7D2
:1047C000AFFF4E212046FEF77BFF00212046FEF77B
:1047D000A7FF4F212046FEF773FF00212046FEF77A
:1047E0009FFF00212046FEF79BFF26212046FEF773
:1047F00067FF2046FEF7B6FF41F288353146204676
:10480000FEF7C4FF013DF9D12046FEF7C3FF94F83F
:10481000353013B92046FFF76DF911212046FEF718
:104820004FFF03212046FEF77BFF44212046FEF781
:1048300047FF00212046FEF773FF18212046FEF7B0
:104840006FFF45212046FEF73BFF00212046FEF783
:1048500067FF00212046FEF763FFC7212046FEF7D1
:104860005FFF00212046FEF75BFF4E212046FEF74A
:1048700027FF00212046FEF753FF4F212046FEF779
:104880001FFF00212046FEF74BFF00212046FEF7C8
:1048900047FF24212046FEF713FF2046FEF762FF64
:1048A00041F2883531462046FEF770FF013DF9D1CF
:1048B0002046FEF76FFF23683E4A9B6B934273D1FD
:1048C00022212046FEF7FCFEF7212046FEF728FFB6
:1048D00020212046FEF7F4FE40F6282236492046E5
:1048E000FEF75AFE84F8325084F83150002384F8E1
:1048F000303070BD90F83530002B52D01121204659
:10490000FEF7DEFE03212046FEF70AFF4421204683
:10491000FEF7D6FE00212046FEF702FF18212046B2
:10492000FEF7FEFE45212046FEF7CAFE0021204686
:10493000FEF7F6FE00212046FEF7F2FEC7212046D4
:10494000FEF7EEFE00212046FEF7EAFE4E2120464D
:10495000FEF7B6FE00212046FEF7E2FE4F2120467C
:10496000FEF7AEFE00212046FEF7DAFE00212046CB
:10497000FEF7D6FE24212046FEF7A2FE2046FEF7D3
:10498000F1FE41F2883531462046FEF7FFFE013D3B
:10499000F9D12046BDE87040FEF7FCBEBDE870408E
:1049A0001847FFF7A7F8A9E72946204698479DE74B
:1049B00099450300393903002CEC0300704700BF10
:1049C000F8B5174682B105460E46002402E00134D0
:1049D000A74207D02B6816F8011B1B68284698478A
:1049E0000028F4D12046F8BD1446FBE703688A6826
:1049F0005B680968184700BF69B170B5054608468D
:104A00000C4606F082F92B680246214628465B6870
:104A1000BDE8704018470846704700BF03681B6830
:104A2000184700BFF0B50F468BB00568002A3DD08F
:104A30000A2A04461ED100293DDB0AAE00232F4876
:104A400006F8043D0B46A0FB0312D20802EB8201DC
:104A5000A3EB4103303306F8013D1346002AF2D19F
:104A6000304606F052F96B680246314620469847B8
:104A70000BB0F0BD0AAED2B20023022A06F8043D04
:104A80002CBF10460A200A46B2FBF0F100FB1127AA
:104A9000FBB2092F03F130078ABF3733FBB2DBB219
:104AA0000A4606F8013D0029EED1D9E72B68C9B2C4
:104AB00098470BB0F0BD2B682D2198470AAD002315
:104AC00006460E4805F8043D7B42A0FB0321C908B9
:104AD00001EB8102A3EB4203303305F8013D0B46A5
:104AE0000029F2D1284606F010F92368024629462B
:104AF0005B682046984730440BB0F0BDCDCCCCCCA1
:104B0000F0B506688BB022B93368C9B298470BB0CC
:104B1000F0BD0AACD2B20023022A04F8043D0546D7
:104B20002CBF10460A20B1FBF0F200FB1217FBB2BB
:104B3000092F03F130078ABF3733FBB2DBB21146CE
:104B400004F8013D002AEED1204606F0DEF8736835
:104B500002462146284698470BB0F0BD38B5036899
:104B60008A685B68096804469847236803495B685C
:104B70000546022220469847284438BD10ED030020
:104B8000036870B505460C465E6849B1084606F0F4
:104B9000BCF8214602462846B0472B685E680446AA
:104BA000284602220149B047204470BD10ED0300A1
:104BB000F0B505468BB0066862B93368C9B298474C
:104BC00004462B6815495B68284602229847204412
:104BD0000BB0F0BD0AACD2B20023022A04F8043DA7
:104BE0002CBF10460A20B1FBF0F200FB1217FBB2FB
:104BF000092F03F130078ABF3733FBB2DBB211460E
:104C000004F8013D002AEED1204606F07EF8214648
:104C100002467368284698470446D2E710ED030021
:104C200008B54FF40062002105F0ACF90022C0F88D
:104C30000028C0F8042808BDD0F8002810B4531C80
:104C4000D0F80448C3F30A039C4218BF81545DF8AE
:104C5000044B18BFC0F80038704700BF0023C0F8ED
:104C60000038C0F804387047D0F80438D0F800286D
:104C7000934207D05A1CC35CC2F30A02C0F804284E
:104C8000184670474FF0FF30704700BFD0F800382B
:104C9000D0F80408181A48BF00F50060704700BF3C
:104CA000D0F80438D0F80028934214BFC05C4FF00D
:104CB000FF307047D0F80038D0F804080133C3F350
:104CC0000A03181AB0FA80F04009704741F2230332
:104CD000C05C704770B541F21D030446C356002BFB
:104CE0000DDB5A0920320121234803F01F0301FA8A
:104CF00003F340F82230BFF34F8FBFF36F8F236968
:104D00004FF48872C3F8082322690023C2F84431A3
:104D10002269C2F858312269012353602269D360A5
:104D200001E004F041F82369D3F85821002AF8D0B3
:104D3000D3F84421002AF4D00025C3F80055226995
:104D40004FF0FF33C2F80C352269C2F814352269DE
:104D5000C2F80835226941F22406C2F8103504F180
:104D60001400FFF77BFFA05901F0EEFE41F2230390
:104D7000A551E55470BD00BF00E100E01430FFF71D
:104D800085BF00BF1430FFF78BBF00BF1430FFF7A3
:104D90006BBF00BF08B541F22403C05801F0CAFE42
:104DA000002814BF4FF40060002008BD41F2230327
:104DB000C35C03B9704770B541F2240504464FF057
:104DC000FF31405901F00AFD002360591A46194687
:104DD000BDE8704001F0BAB810B50368104A5B68CE
:104DE00082B093428DF8071014D141F22403044697
:104DF0004FF0FF31C05801F0F1FC22699DF80730F7
:104E000084F81D380123C2F848352269184693609A
:104E100002B010BD01220DF10701984702B010BD8C
:104E2000254E03002DE9F84F4AB300F58159164687
:104E30008846074609F1040900F61D0B00254FF0CE
:104E4000010A741BB4F5006F28BF4FF400644FF0E3
:104E5000FF31D9F8000001F0C1FC08EB0501224642
:104E6000584605F06BF83B69C3F848453B69254453
:104E7000AE42C3F808A0E4D82846BDE8F88F15462E
:104E80002846BDE8F88F00BF70B50468824A246ADE
:104E9000944240F0BD8041F223020346825C002A26
:104EA00040F0B58041F21F000D461969185CC1F849
:104EB0000C0541F21E001969185CC1F8140541F295
:104EC0002201595C012900F0B2801969C1F86C25F2
:104ED000B5F5966F45D9B5F5166F40F29E80B5F5DC
:104EE000965F40F2B480B5F5165F40F2B280B5F53A
:104EF000615F40F2B080B5F5964F40F2AE80B5F5F7
:104F0000E14F40F2AC8047F61222954240F2A98070
:104F1000B5F5164F40F2A8804DF6C022954240F2FA
:104F2000A680B5F5614F40F2A580B5F5963F40F2F9
:104F3000A480B5F5E13F40F2A580B5F5613F40F2B0
:104F40009E80564A954240F2A380B5F5E12F40F28B
:104F50009C80B5F5612F8CBF4FF080524FF070628E
:104F600001E04FF49E221969C1F824251A6908212D
:104F7000C2F800151A6903F61D01C2F844151A6932
:104F80000021C2F820111A6903F61C01C2F8341579
:104F90001A690121C2F838151A6911601A694FF4AB
:104FA000887041F21D04C2F804031A57002A37DB47
:104FB0005509603502F01F02394801FA02F240F843
:104FC00025201A57002A2BDB0244602182F80013A7
:104FD00041F21D029A56002A07DB314802F01F04F5
:104FE00001215209A14040F8221003220021012092
:104FF0001C4600F069FF41F224020023A05019462C
:105000001A4600F0A3FF41F223030122E25470BDCF
:1050100023460022BDE8704018474FF41D22A2E746
:10502000204902F00F02114460220A76D0E703F50E
:10503000815218691278C0F8102541F221001A69CE
:10504000185CC2F808051A69C2F86C1540E7164AE0
:1050500089E7164A87E7164A85E7164A83E7164A1C
:1050600081E74FF400027EE74FF41D027BE74FF427
:10507000650278E74FF46B0275E7104A73E74FF06B
:105080006C7270E74FF0EB726DE74FF0E8626AE721
:105090004FF0806267E700BFC150030090D003006B
:1050A00000E100E0FCEC00E000B01300005027003D
:1050B00000F03A0000A04E0000C0750000903A01D8
:1050C00038B541F22303C35C002B40F0B48041F2B9
:1050D0001F040369045DC3F80C4541F21E04036913
:1050E000045DC3F8144541F22203C35C012B00F0B8
:1050F000A3800369C3F86C25B1F5966F45D9B1F566
:10510000166F40F2AB80B1F5965F40F2B180B1F519
:10511000165F40F2AF80B1F5615F40F2AD80B1F54E
:10512000964F40F2AB80B1F5E14F40F2A98047F6CF
:105130001223994240F2A680B1F5164F40F2A580A5
:105140004DF6C023994240F2A380B1F5614F40F281
:10515000A280B1F5963F40F2A180B1F5E13F40F267
:105160009F80B1F5613F40F29E80534B994240F2DF
:10517000A080B1F5E12F40F29980B1F5612F8CBF8D
:105180004FF080534FF0706301E04FF49E230269AB
:10519000C2F8243503690822C3F80025036900F624
:1051A0001D02C3F8442503690022C3F820210369C6
:1051B00000F61C02C3F8342503690122C3F8382520
:1051C00003691A6003694FF4887141F21D04C3F842
:1051D00004130357002B44DB5D09603503F01F0304
:1051E000364902FA03F341F825300357002B38DB28
:1051F0000B44602283F8002341F21D03C356002BA9
:1052000007DB2E4903F01F0401225B09A24041F88D
:105210002320044603220021012000F055FE41F224
:1052200024020023A05019461A4600F08FFE41F2D6
:1052300023030122E25438BD00F5815304691B7831
:10524000C4F8103541F221040369045DC3F8084530
:10525000036942F00102C3F86C254DE74FF41D23AA
:1052600095E7174A03F00F031A4460231376C3E748
:10527000144B8CE7144B8AE7144B88E7144B86E7F2
:10528000144B84E74FF4000381E74FF41D037EE7DE
:105290004FF465037BE74FF46B0378E70E4B76E73B
:1052A0004FF0EB7373E74FF06C7370E74FF0E86308
:1052B0006DE74FF080636AE790D0030000E100E003
:1052C000FCEC00E000B013000050270000F03A00B2
:1052D00000A04E0000C0750000903A01074B10B4CA
:1052E00041F21E0453F82110015541F21F0153F8F9
:1052F000223043545DF8044B704700BFB4EC030008
:1053000010B5124C2369D3F8102142B10022C3F822
:105310001021D3F83C2582B901221A602369D3F801
:10532000202102B910BD002141F22402C3F820114E
:10533000A058BDE8104001F093B894F81C1804F18F
:105340001400FFF779FC2369E6E700BF24A30020DF
:1053500038B5124C124A204600254FF47A7340F8B3
:10536000142BC4E90153FFF75BFC41F21D010D4B07
:105370000D4A226102206054D3E9001341F21E025B
:1053800041F21F00A154235441F2220141F22402B0
:1053900041F223036554A550E55438BD24A30020F1
:1053A0001CED0300B4EC03000020004008B5094BDD
:1053B0001BB10948F0F79CFF48B9084B1BB10848DE
:1053C000FFF764FC00B908BDAFF3008008BDAFF380
:1053D0000080F2E7000000005063002000000000A1
:1053E00038A300202DE9F0431B4B1C4FD3F8046376
:1053F000DFF86C80DFF86C9085B000240123A200F8
:10540000A34002F18045334205F5C0450FD0D5F8E1
:10541000003163B1E357013306D052F808201AB1C6
:1054200014F809307BB990470023C5F800310134E6
:10543000082CE3D1BFF34F8F00BF00BF00BF00BFF8
:1054400005B0BDE8F08304AB002143F8041D084615
:10545000009103F083FDE7E70060004074B3002093
:1054600054B300204CB30020F8B500250446C0E931
:105470000055856091B108460E4605F046FC07468A
:10548000411C284600F0B4FC50B1A368C4E90007F1
:1054900003B90370A760314605F02FFC2046F8BD24
:1054A000206808B100F08EFC00232360C4E90133BA
:1054B0002046F8BD70B504468C424FF00000C4E9A8
:1054C0000000A06001D00D680DB9204670BD8E6847
:1054D000711C00F08DFC50B1A368C4E9000603B94B
:1054E0000370A660294605F008FC204670BD2068C0
:1054F00008B100F067FC00232360C4E901332046B3
:1055000070BD00BF70B5002582B0C0E90055856050
:10551000044601A88DF804108DF8055005F0F5FB40
:105520000646411C284600F063FC58B1A368C4E954
:10553000000603B90370A66001A905F0DEFB204652
:1055400002B070BD206808B100F03CFC002320468A
:105550002360C4E9013302B070BD00BF30B504461A
:1055600085B000230846C4E90033A36001A902F016
:105570008BFE01A805F0C9FB0546206810B16368E1
:105580009D4209D9691C00F033FC60B1A368C4E9ED
:1055900000050BB903702068A56001A905F0ADFBFB
:1055A000204605B030BD206808B100F00BFC002398
:1055B00020462360C4E9013305B030BD30B5044650
:1055C0008BB000230846C4E90033A36001A902F0B0
:1055D00013FE01A805F099FB0546206810B1636829
:1055E0009D4209D9691C00F003FC60B1A368C4E9BD
:1055F00000050BB903702068A56001A905F07DFBCB
:1056000020460BB030BD206808B100F0DBFB002362
:1056100020462360C4E901330BB030BD30B50446E9
:105620008BB000230846C4E90033A36001A902F04F
:105630002BFE01A805F069FB0546206810B16368E0
:105640009D4209D9691C00F0D3FB60B1A368C4E98D
:1056500000050BB903702068A56001A905F04DFB9A
:1056600020460BB030BD206808B100F0ABFB002332
:1056700020462360C4E901330BB030BD30B5044689
:105680008BB000230846C4E90033A36001A902F0EF
:105690002FFE01A805F039FB0546206810B16368AC
:1056A0009D4209D9691C00F0A3FB60B1A368C4E95D
:1056B00000050BB903702068A56001A905F01DFB6A
:1056C00020460BB030BD206808B100F07BFB002302
:1056D00020462360C4E901330BB030BD10B5044649
:1056E000006800F06FFB204610BD00BF884270B517
:1056F000044609D00D68006845B908B100F062FBA6
:105700000023C4E901332360204670BD8E6810B1C8
:1057100063689E4209D9711C00F06AFB58B1A36806
:10572000C4E900060BB903702068A660294605F09D
:10573000E4FA204670BD20680028DFD1E0E700BF12
:10574000884238B5044612D000688B680D4628B1EF
:1057500062689A420DD200F035FBAB68D5E90021B2
:1057600022600022C4E90113C5E90022AA60204694
:1057700038BD096805F0C1FAAB68A3600023AB60CF
:10578000204638BDF8B50446056849B915B1284624
:1057900000F018FB00232360C4E901332046F8BD64
:1057A00008460E4605F0B1FA074615B163689842FF
:1057B0000BD92846791C00F01BFB054660B1A36895
:1057C000C4E900070BB903702568A7603146284675
:1057D00005F093FA2046F8BD20680028DAD000F0E2
:1057E000F1FAD7E770B50E68EEB18D680DB90120FA
:1057F00070BD826804460068154410B163689D421C
:105800000AD9691C00F0F4FA68B1A268C4E900057D
:1058100012B902702068A2683146104405F06DFA92
:10582000A560012070BD002070BD00BF29B370B518
:10583000054608460C4605F068FA08B9012070BD17
:10584000AA682B68861813B169688E420CD918466D
:10585000711C00F0CDFA034668B1AA68C5E90006DC
:1058600012B902702B68AA682146981805F045FA0B
:10587000AE60012070BD002070BD0020704700BFE9
:1058800030B5836883B0044600688DF804100022A8
:105890005D1C8DF8052010B1626895420AD9991CEB
:1058A00000F0A6FA60B1A368C4E9000513B903705B
:1058B0002068A368184401A905F01FFAA56001201B
:1058C00003B030BD70B50E6804461EB18D685DB979
:1058D000204670BD206808B100F074FA00232360F0
:1058E000C4E90133204670BD82680068154410B1D8
:1058F00063689D420BD9691C00F07AFA0028E9D050
:10590000A268C4E9000512B902702068A268314695
:10591000104405F0F2F9A560DAE700BF70B504465F
:1059200031B108460D4605F0F0F958B9204670BD72
:10593000206808B100F046FA00232360C4E901336F
:10594000204670BDA2682368861813B161688E4234
:105950000DD91846711C00F04BFA03460028E7D019
:10596000A268C4E9000612B902702368A268294639
:10597000981805F0C2F9A660D8E700BF08B58A6894
:105980008368934201D0002008BD0068096848B1CF
:1059900029B105F0A8F9B0FA80F0400908BD1BB1A3
:1059A0000078F8E701B10BB9012008BD0878404242
:1059B000F1E700BF826808B52AB989B10878B0FA62
:1059C00080F0400908BD006829B105F08CF9B0FAF3
:1059D00080F0400908BD0078B0FA80F0400908BDA9
:1059E000012008BD08B58A688368934209D300681E
:1059F00030B1096839B105F090F9B0FA80F040098A
:105A000008BD002008BD084608BD00BF83688B4262
:105A100003D9006808B108447047024800230370A6
:105A2000704700BF7CB3002083688B4203D90068B5
:105A300010B1405C70470020704700BF83683BB1E5
:105A400010B50468204605F041F920B1001B10BDD7
:105A50004FF0FF3070474FF0FF3010BD8368934226
:105A600007D910B50468A01805F030F920B1001B63
:105A700010BD4FF0FF3070474FF0FF3010BD00BF3A
:105A8000836843B110B504680968204605F06BF9D6
:105A900020B1001B10BD4FF0FF3070474FF0FF30BA
:105AA00010BD00BFF8B585686DB1036800225F5D69
:105AB0005A5506680446304605F041F9775510B14D
:105AC0002368C01AF8BD4FF0FF30F8BD9A422DE9A7
:105AD000F84317461E460446884601D816461F4618
:105AE0000025C4E90055A5602846012100F080F991
:105AF00008B3C4E90005A5600570D8F80820B242D3
:105B000016D9974228BF1746D8F800300022DD5D2D
:105B1000DA55D8F80000861916D1206808B100F0CF
:105B200051F90023C4E901332360D8F80030DD5572
:105B30002046BDE8F883206808B100F043F900234F
:105B40002360C4E90133D8E7304605F0DEF881462A
:105B5000206810B1636899450BD909F1010100F083
:105B600047F90028D9D0A368C4E900090BB903702C
:105B70002068C4F80890314605F0BFF8D5E700BFAB
:105B80008368994203D20368816000225A547047A7
:105B9000002A77D083688B4274D92DE9F0415C1AD2
:105BA000A24228BF2246D0F800C09B1A8C185F1A68
:105BB00083600CEB04060CEB01055ED001F1040ED2
:105BC0007244A645C8BF8A4261DC0B2F5FD973427D
:105BD00013F0030364D0B6462A461EF8018B02F880
:105BE000018B012B4FD072786A70022B05F10202F3
:105BF00006F1020E47D0B278AA70033603354FF093
:105C0000030EE2181944A7EB030862446144002321
:105C10004FEA980C013352F8044B41F8044B9C4571
:105C2000F8D828F0030398459E4405EB030206EBE1
:105C300003011FD0F45CEC540EF101039F4219D90B
:105C40004B7853700EF102039F4213D98B789370F7
:105C50000EF103039F420DD9CB78D3700EF10403EC
:105C60009F4207D90EF1050E0B791371774501D9C3
:105C70004B795371D0F800C0836800220CF80320E0
:105C8000BDE8F0817047764615469E46B9E7013E6D
:105C9000634416F8012F05F8012B9D42F9D1E9E77D
:105CA0009E46AEE710B5046844B1207830B105F0E7
:105CB0000DF9207014F8010F0028F8D110BD00BFB5
:105CC00010B5046844B1207830B105F00CF92070AB
:105CD00014F8010F0028F8D110BD00BF2DE9F041E4
:105CE0000768F7B18468E4B106463D4600E04546E2
:105CF000287805F1010804F0E5F80028F7D1013C07
:105D00003C4402E0A54205D8013C207804F0DAF8D2
:105D10000028F7D1621C521BAF42B26003D30023AC
:105D2000BB54BDE8F0813846294604F007F93768CE
:105D3000B268F4E7006808B104F068B8704700BFC3
:105D4000FEE700BF08B501F077FA4FF47A72A0FBC6
:105D50000223900A40EA835008BD00BF014638B5CF
:105D60004FF47A7200238002890D03F0B1FE0546DC
:105D700001F062FA0446F0F7ABFA01F05DFA001B9D
:105D8000854200D838BD281ABDE8384001F078BBFC
:105D900010B5044601F0CEFD022804D02046BDE82F
:105DA000104004F0A9B801F03FFA204604F0A4F82E
:105DB000044601F0DFFA0CB1204610BD03F006F8EE
:105DC000FAE700BF10B5044601F0B4FD02280AD17D
:105DD00044B101F029FA204604F096F8BDE81040DD
:105DE00001F0C8BA10BD2046BDE8104004F08CB8E0
:105DF00038B504460D4601F09DFD022805D0294620
:105E00002046BDE8384004F015BF01F00DFA2046E9
:105E1000294604F00FFF044601F0ACFA0CB120460D
:105E200038BD02F0D3FFFAE710B5044601F0FCF9E3
:105E3000204604F061F8044601F09CFA0CB12046BB
:105E400010BD02F0C3FF204610BD00BF50B110B519
:105E5000044601F0E9F9204604F056F8BDE8104088
:105E600001F088BA704700BF38B51C469DF8105045
:105E700043B3002908BF1A460123C4E90F01226079
:105E800084F8463002F020F8D4E90F132268A260AB
:105E900001FB03F1CB1A134400200A44FF21A06345
:105EA000E36084F84410626084F8451004F1100047
:105EB00003F0ECF904F1240003F0E8F902F00EF825
:105EC00084F84C50204638BDF8B5074615460E46B6
:105ED00069B100FB01F05030FFF7A6FF044690B314
:105EE000002200F1500380F84620036007E05020B4
:105EF000FFF79AFF044630B384F846602460C4E993
:105F00000F7601F0E1FFD4E90F132268A26001FBD4
:105F100003F1CB1A134400200A44FF21A063E3607D
:105F200084F84410626084F8451004F1100003F016
:105F3000ADF904F1240003F0A9F901F0CFFF84F8D2
:105F40004C502046F8BD00242046F8BD2DE9F04F06
:105F5000044685B01D460192884601F0B5FFA26B4C
:105F6000E36BA84F4FF000099A424E46C0F08B8079
:105F7000022D00F006810198002800F03081B9F16F
:105F8000000F00F0958001F0A9FF01F04DF901F03C
:105F90009BFF94F84430FF2B08BF84F8446094F8CA
:105FA0004530FF2B08BF84F8456001F097FF01A939
:105FB00002A801F067FC002840F0188101F084FF7E
:105FC000A26BE36B9A4277D001F088FF01F07CFF6F
:105FD00094F845304FFA83FABAF1000F1ADD636A7C
:105FE000C3B104F1240907E00AF1FF33DBB24FFA31
:105FF00083FA7BB1636A6BB1484601F0E9FB002884
:10600000F2D001F077FC0AF1FF33DBB24FFA83FAEA
:10601000002BEFD1FF2384F8453001F05FFF01F042
:1060200053FF94F844304FFA83FABAF1000F1ADDA7
:106030002369C3B104F1100907E00AF1FF33DBB2B1
:106040004FFA83FA7BB123696BB1484601F0C0FB7C
:106050000028F2D001F04EFC0AF1FF33DBB24FFA18
:1060600083FA002BEFD1FF2384F8443001F036FF90
:1060700001F080F901F028FFA26BE36B9A424FF028
:106080000109BFF475AF226CA66B002A40F0FC80BA
:1060900025680136002D00F01881A663636A002B85
:1060A00040F08C8001F01AFF012005B0BDE8F08FB0
:1060B00002A801F0DBFB66E704F1100901F00EFF16
:1060C0004846019901F008FB01F0FEFE94F845A056
:1060D0004FFA8AFABAF1000F1CDD636AD3B104F1FA
:1060E000240B08E00AF1FF3A5FFA8AF34FFA83FAC9
:1060F00083B1636A73B1584601F06AFB0028F1D09E
:106100000AF1FF3A01F0F6FB5FFA8AF34FFA83FADD
:10611000002BEED1FF2384F8453001F0DFFE01F0C3
:10612000D3FE94F844304FFA83FABAF1000F06DC3C
:1061300015E00AF1FF33DBB24FFA83FA7BB1236932
:106140006BB1484601F044FB0028F2D001F0D2FBCD
:106150000AF1FF33DBB24FFA83FA002BEFD1FF23B2
:1061600084F8443001F0BAFE01F004F9002881D12E
:106170004FF080537B6040BFBFF34F8FBFF36F8FF3
:1061800078E7226CA66B002A82D04146E06803F0D3
:10619000D5FE236CE26821685B421A448A42E260C1
:1061A00080F0898062681344E360022D00F08380F0
:1061B0000136A663636A002B3FF474AF04F1240038
:1061C00001F006FB00283FF46DAF0E4B4FF08052FC
:1061D0005A6040BFBFF34F8FBFF36F8F62E70090ED
:1061E00001F07CFE009805B0BDE8F08F01F06CFE78
:1061F00094F845506DB2002D18DD636AB3B104F117
:10620000240607E000ED00E0013DEBB25DB26BB1AA
:10621000636A5BB1304601F0DBFA0028F4D0013D3F
:1062200001F068FBEBB25DB2002BF1D1FF2384F8E3
:10623000453001F053FE01F047FE94F844506DB232
:10624000002D16DD2369A3B104F1100605E0013D20
:10625000EBB25DB26BB123695BB1304601F0B8FAC5
:106260000028F4D0013D01F045FBEBB25DB2002BFC
:10627000F1D1FF2384F8443001F030FE01F07AF8C8
:10628000002005B0BDE8F08F41465DBBA06803F07B
:1062900055FEA368216C62680B44934206F1010627
:1062A000A360FFF4FAAEA663636A2268A260002BC3
:1062B0003FF4F8AE82E7002E7FF4EFAE0123A36334
:1062C000636A002B3FF4EEAE78E7606801F084FB70
:1062D000A663636A6560002B7FF470AF00287FF4CB
:1062E00074AFDFE6E06803F029FE236CE268216802
:1062F0005B421A448A42E260BFF457AF52E700BFE4
:10630000F8B50C4679B300250123216081F84630A9
:10631000C1E90F35064601F0D7FDD4E90F322168F7
:10632000A56303FB02F39A1A0A440B44FF27C4E94E
:106330000131E26084F8447004F1100084F8457083
:1063400002F0A4FF04F1240002F0A0FF01F0C6FD5A
:10635000C4E90055E56084F84C602B462A4629467E
:106360002046FFF7F3FD2046F8BD00BF2DE9F041C0
:106370008C4682B004461746EFF31186402282F322
:106380001188806BE26B904221D3022B05D0002054
:1063900086F3118802B0BDE8F08194F84550226C74
:1063A000D4F838806DB252BB236808F10108002B85
:1063B0004FD06B1CC4F8388037D001356DB284F8EB
:1063C0004550012086F3118802B0BDE8F08194F8B1
:1063D0004550226CD4F838806DB2002AE4D073B9ED
:1063E000A06803F0ABFDA368216C62680B44934284
:1063F00008F10108A360DCD32368A360D9E76146F4
:10640000E068019303F09AFD206CE2682168019B2B
:10641000404202448A42E26002D262681044E06074
:10642000022B10D008F10108C3E7636A002BC8D023
:1064300004F1240001F0CCF90028C2D0002FC0D014
:1064400001203860A4E7B8F1000F08BF4FF0010841
:10645000AFE76068019301F0BFFA019B6360A8E7B2
:1064600038B5EFF31184402383F31188826BC36B3B
:1064700093420ED990F8453001325BB282635A1CC8
:106480000BD001335BB280F84530012084F31188D2
:1064900038BD002084F3118838BD436A002BF4D046
:1064A00024300D4601F094F90028EED0002DECD0F8
:1064B00001202860EAE700BF2DE9F047044684B0D8
:1064C0008846019201F000FDD4F83890B9F1000F30
:1064D00040F09380019B002B00F00A8102A801F09C
:1064E000C5F9B34F4E4604F1240501F0F7FC00F066
:1064F0009BFE01F0E9FC94F84430FF2B08BF84F8C0
:10650000446094F84530FF2B08BF84F8456001F0E3
:10651000E5FC01A902A801F0B5F9002840F0878048
:1065200001F0D2FCA36B002B40F0E88001F0D6FC18
:106530000199284601F0D0F801F0C6FC94F84530E6
:106540004FFA83F9B9F1000F06DC15E009F1FF33CA
:10655000DBB24FFA83F97BB1636A6BB1284601F075
:1065600037F90028F2D001F0C5F909F1FF33DBB2A9
:106570004FFA83F9002BEFD1FF2384F8453001F067
:10658000ADFC01F0A1FC94F844304FFA83FABAF163
:10659000000F1ADD2369C3B104F1100907E00AF105
:1065A000FF33DBB24FFA83FA7BB123696BB1484604
:1065B00001F00EF90028F2D001F09CF90AF1FF3346
:1065C000DBB24FFA83FA002BEFD1FF2384F844307B
:1065D00001F084FC00F0CEFE00287ED14FF0805305
:1065E0007B6040BFBFF34F8FBFF36F8F01F06CFC38
:1065F000D4F83890B9F1000F76D0226C52B1E1682E
:10660000636811449942E16024BF2168E16040461B
:1066100003F094FC09F1FF33A3632369002B40F0DE
:10662000C98001F05BFC012004B0BDE8F08701F0F7
:106630004BFC94F845304FFA83F9B9F1000F06DCB2
:1066400015E009F1FF33DBB24FFA83F97BB1636ADE
:106650006BB1284601F0BCF80028F2D001F04AF9ED
:1066600009F1FF33DBB24FFA83F9002BEFD1FF239F
:1066700084F8453001F032FC01F026FC94F84430F7
:106680004FFA83FABAF1000F1ADD2369C3B104F19E
:10669000100907E00AF1FF33DBB24FFA83FA7BB14E
:1066A00023696BB1484601F093F80028F2D001F05D
:1066B00021F90AF1FF33DBB24FFA83FA002BEFD155
:1066C000FF2384F8443001F009FC00F053FE01F090
:1066D000FBFBA36B63B101F001FC01F0F5FBD4F807
:1066E0003890B9F1000F88D1019B002B7FF4FDAEEB
:1066F00001F0F4FB002004B0BDE8F08701F0EEFBF0
:1067000001F0E2FB94F845304FFA83F9B9F1000F3C
:1067100006DC15E009F1FF33DBB24FFA83F97BB1F8
:10672000636A6BB1284601F053F80028F2D001F0FB
:10673000E1F809F1FF33DBB24FFA83F9002BEFD117
:10674000FF2384F8453001F0C9FB01F0BDFB94F84C
:1067500044304FFA83FABAF1000F1ADD2369C3B14E
:1067600004F1100907E00AF1FF33DBB24FFA83FAB4
:106770007BB123696BB1484601F02AF80028F2D0BA
:1067800001F0B8F80AF1FF33DBB24FFA83FA002BBD
:10679000EFD1FF2384F8443001F0A0FB00F0EAFDC4
:1067A00001F092FBD4F83890B9F1000F9CD024E7A7
:1067B00000ED00E004F1100001F00AF800283FF4B9
:1067C00030AF054B4FF080525A6040BFBFF34F8F40
:1067D000BFF36F8F25E700BF00ED00E02DE9F04328
:1067E000044685B00026019101F06EFBA36BB24F09
:1067F000B0463546002B40F0F380019B002B00F0A3
:106800005D81B8F1000F00F0FC8001F067FB00F043
:106810000BFD01F059FB94F84430FF2B08BF84F8BE
:10682000445094F84530FF2B08BF84F8455001F0E0
:1068300055FB01A902A801F025F800286CD101F050
:1068400043FBA36B002B40F0E08001F047FB236883
:10685000002B00F03C8104F124094846019900F026
:106860003BFF01F031FB94F845304FFA83F8B8F163
:10687000000F06DC15E008F1FF33DBB24FFA83F8B6
:106880007BB1636A6BB1484600F0A2FF0028F2D0EA
:1068900001F030F808F1FF33DBB24FFA83F8002B38
:1068A000EFD1FF2384F8453001F018FB01F00CFB19
:1068B00094F844304FFA83F8B8F1000F1ADD2369D9
:1068C000C3B104F1100907E008F1FF33DBB24FFA5E
:1068D00083F87BB123696BB1484600F079FF00284B
:1068E000F2D001F007F808F1FF33DBB24FFA83F87A
:1068F000002BEFD1FF2384F8443001F0EFFA00F0D1
:1069000039FD002864D14FF080537B6040BFBFF356
:106910004F8FBFF36F8F5BE001F0D6FA94F84530EC
:106920004FFA83F8B8F1000F1ADD636AC3B104F1BE
:10693000240907E008F1FF33DBB24FFA83F87BB19B
:10694000636A6BB1484600F043FF0028F2D000F0C4
:10695000D1FF08F1FF33DBB24FFA83F8002BEFD100
:10696000FF2384F8453001F0B9FA01F0ADFA94F84C
:1069700044304FFA83F8B8F1000F1ADD2369C3B130
:1069800004F1100907E008F1FF33DBB24FFA83F896
:106990007BB123696BB1484600F01AFF0028F2D0A2
:1069A00000F0A8FF08F1FF33DBB24FFA83F8002BA9
:1069B000EFD1FF2384F8443001F090FA00F0DAFCC4
:1069C00001F082FAA36B002B00F08A8001F086FAB6
:1069D00001F07AFAA36B4FF00108002B3FF40DAFE2
:1069E0002268013BA363002A00F09E802369002BEC
:1069F00040F0898001F072FA0126304605B0BDE80A
:106A0000F08302A800F032FFFFE601F067FA01F020
:106A10005BFA94F845304FFA83F8B8F1000F1ADDAD
:106A2000636AC3B104F1240907E008F1FF33DBB264
:106A30004FFA83F87BB1636A6BB1484600F0C8FE39
:106A40000028F2D000F056FF08F1FF33DBB24FFA16
:106A500083F8002BEFD1FF2384F8453001F03EFA94
:106A600001F032FA94F844304FFA83F8B8F1000F8D
:106A70001ADD2369C3B104F1100907E008F1FF33FF
:106A8000DBB24FFA83F87BB123696BB1484600F063
:106A90009FFE0028F2D000F02DFF08F1FF33DBB29B
:106AA0004FFA83F8002BEFD1FF2384F8443001F034
:106AB00015FA00F05FFC8BE700ED00E0009301F0B9
:106AC0000DFA009B1E46304605B0BDE8F08301F08C
:106AD000FBF9606800F03EFF064601F0FFF9BAE6F8
:106AE00001F0FCF9002E88D001F0EEF9616A19B1CD
:106AF000236B1968C1F10501606800F099FF002659
:106B000001F0ECF979E704F1100000F061FE0028D3
:106B10003FF470AF064B4FF080525A6040BFBFF356
:106B20004F8FBFF36F8F65E700F0B8FF60605DE7E0
:106B300000ED00E010B5044601F0C6F9A46B01F0C9
:106B4000CDF9204610BD00BF104B5A68904208D0C6
:106B5000DA68904208BF012204D090F8463093B121
:106B600070470022002110B403EBC20443F8321036
:106B700090F84630616013B15DF8044B70475DF8E2
:106B8000044BFFF763B9FFF761B900BFC4BD002034
:106B9000074B1A681AB19A6802B17047012210B403
:106BA00003EBC20443F8321060605DF8044B704799
:106BB000C4BD002070B505460C46164601F084F9A8
:106BC00095F84430FF2B04BF002385F8443095F836
:106BD0004530FF2B04BF002385F8453001F07EF9D6
:106BE000AB6B2BB93246214605F1240000F0B0FD15
:106BF00001F06AF995F8454064B2002C16DD6B6A25
:106C0000A3B105F1240605E0013CE3B25CB26BB12F
:106C10006B6A5BB1304600F0DBFD0028F4D0013C2C
:106C200000F068FEE3B25CB2002BF1D1FF2385F8DF
:106C3000453001F053F901F047F995F8444064B24A
:106C4000002C16DD2B69A3B105F1100605E0013C0F
:106C5000E3B25CB26BB12B695BB1304600F0B8FDBA
:106C60000028F4D0013C00F045FEE3B25CB2002BFA
:106C7000F1D1FF2385F84430BDE8704001F02EB912
:106C80002DE9F041044601F01FF9344A344D1368F0
:106C9000013313602B68002B2FD0324EE36A326829
:106CA0002AB33148314907680A689F4238BF0360F8
:106CB0002F48013203EB83030A6000EB8300E26399
:106CC000211D02F0F3FA01F009F933686BB12A686B
:106CD000E36AD26A9A4208D2264B4FF080525A6039
:106CE00040BFBFF34F8FBFF36F8FBDE8F0812A68BD
:106CF000D26A9A4298BF2C60D3E72C601368012BAC
:106D000002D0E36A174ECCE71948DFF894801A4F97
:106D1000144E02F0BBFA194802F0B8FA184802F013
:106D2000B5FA184802F0B2FA174802F0AFFA404636
:106D300002F0ACFA384602F0A9FA144802F0A6FABA
:106D4000134802F0A3FA134802F0A0FA124B134AB8
:106D5000C2F800801F60E36AA3E700BFF0B3002021
:106D600080B3002050B4002004B4002000B4002000
:106D70008CB3002000ED00E01CB40020A0B3002084
:106D8000B4B30020C8B30020DCB300203CB4002022
:106D900068B4002054B4002088B3002084B30020DD
:106DA00008B400202DE9F843DDE90964002C60D027
:106DB00016B93046BDE8F8830D4697009846022381
:106DC0003A4684F85130814626633046A52103F0C7
:106DD000D9F82A78236B84F83420043F2A781F449A
:106DE00027F0070702B36B7884F835306B78DBB196
:106DF000AB7884F83630AB78B3B1EB7884F83730C1
:106E0000EB788BB12B7984F838302B7963B16B79BF
:106E100084F839306B793BB1AB7984F83A30AB798F
:106E200013B1EB7984F83B30089D042D28BF04256D
:106E30000026E5626564201D84F83B60A66402F0CC
:106E400031FAC5F1050504F1180002F02BFAE664E9
:106E500042464946A561246184F850606462384620
:106E600000F0F6FF20602046FFF70AFF2046BDE84D
:106E7000F8832046BDE8F8832DE9F0479600804668
:106E800030460D469946099FFEF7CEFF002869D08F
:106E900082465420FEF7C8FF044600285BD000233A
:106EA000C0F830A03246504684F85130A52103F096
:106EB00069F82A78236B84F83420043E2A781E442B
:106EC00026F0070A02B36B7884F835306B78DBB1B3
:106ED000AB7884F83630AB78B3B1EB7884F83730E0
:106EE000EB788BB12B7984F838302B7963B16B79DF
:106EF00084F839306B793BB1AB7984F83A30AB79AF
:106F000013B1EB7984F83B30089D042D28BF04258C
:106F10000026E5626564201D84F83B60A66402F0EB
:106F2000C1F9C5F1050504F1180002F0BBF9E664EA
:106F3000A561246184F8506064624A464146504627
:106F400000F086FF206007B13C602046FFF798FE06
:106F50000120BDE8F0875046FEF778FF4FF0FF3084
:106F6000BDE8F0874FF0FF30F3E700BF70B504468F
:106F70004C4E00F0A9FF002C39D0251D284602F008
:106F8000BFF9A36A1BB104F1180002F0B9F9294650
:106F90004548464D02F08AF994F85030012B04BF61
:106FA000002384F8503000F099FF2B6893B93368C0
:106FB000A34200D070BD2B68DBB93B493C4A09684D
:106FC0001268914226D03B4B1B682BB33A4B0122EF
:106FD0001A6070BD00F078FF384B1A68126892B9D9
:106FE000374B4FF0FF321A6000F078FFDFE734686C
:106FF000C3E7344B4FF080525A6040BFBFF34F8F0E
:10700000BFF36F8F70BD1A682D4BD268D26852687B
:107010001A60E9E7336070BD274A1360326833684D
:1070200012681B6B9A4236D9274C28492268930074
:10703000981880000858E0B9551EAB005819800018
:10704000085830BB951EAB0058198000085800BB8B
:10705000D51EAB00581980000858D0B9151FAB00D9
:10706000581980000858A0B9053A93009818800074
:10707000085813449B00CD1808336868406868605E
:107080000B44984204BF40686860C3683360226064
:1070900070BD2A46EDE730683168343101F094FE66
:1070A000C2E700BF80B3002054B4002050B40020D9
:1070B000F0B30020FCB3002080B4002084B3002093
:1070C00034B4002000ED00E004B400208CB30020B4
:1070D00080B170B51B4D2B6883420AD0044600F086
:1070E000F3FE194B62699A4205D0BDE8704000F08A
:1070F000F5BE70BD7047A36A144A9342F5D0002BC9
:10710000F3D1261D304602F0FBF8114AE36A1168FC
:1071100010488B4288BF136003EB830300EB8300AE
:10712000314602F0C3F82B68E26ADB6A9A42DCD38C
:10713000094B4FF080525A6040BFBFF34F8FBFF3EF
:107140006F8FD2E780B3002054B400203CB40020FD
:1071500004B400208CB3002000ED00E070B584B0D2
:10716000002503AA02A901A8CDE9015501F030FECE
:10717000019C002C46D00298002843D0039E206337
:107180000223B600A521324684F8513002F0FAFEFF
:10719000236B1F4A6263201D84F83850043E84F834
:1071A0003B50E562C4E911551E4402F07BF804F13E
:1071B000180002F077F826F007060523A3612A4697
:1071C0001449E56430462461646284F8505000F04C
:1071D0003FFE20602046FFF753FD0F4B1C6000F080
:1071E000DBFD012811D1402383F311880B490C4AA0
:1071F0000C4B4FF0FF340C6010601D6000F03EFE41
:1072000004B070BD044B00221A6004B070BD00BF12
:1072100049444C450575030030B4002034B40020C7
:1072200050B400207CB40020024A1368013313607C
:10723000704700BFFCB30020014B1868704700BFC7
:107240007CB40020024A136818441060704700BFE5
:107250007CB400202DE9F04F3B4B1B6883B0002B22
:1072600042D13A4B1F6801371F60002F4AD0384B7C
:1072700001931B68BB423BD8364EDFF8EC80DFF849
:10728000ECA0DFF8EC90002525E03368DB68DC68D3
:10729000636804F1040B9F42584651D302F030F862
:1072A000A36A04F118000BB102F02AF8E36AD8F8D7
:1072B000002003EB8300934259460AEB800088BF0D
:1072C000C8F8003001F0F2FFD9F80030E26ADB6A5A
:1072D0009A4228BF012533681B68002BD5D1019A3B
:1072E0004FF0FF33136004E01B4A1368013313604F
:1072F00000251A4B1B68002B0CBF2846012003B049
:10730000BDE8F08F134E164B3168164A186830608E
:10731000196013680133136033681B683BB90C4B69
:1073200001931A464FF0FF3313601346A1E7336809
:10733000074ADB680192DB685B681360134698E7D5
:10734000019A1360D5E700BFFCB300207CB4002095
:1073500034B4002084B30020F8B3002080B40020AF
:1073600088B3002038B4002004B400208CB300207F
:1073700080B300202DE9F04700F0A6FD354B1A68D8
:10738000013A1A601C68002C57D1334B1B68002B44
:1073900053D0DFF8E0A0314E314FDFF8DC90DFF85A
:1073A000DC80336813B3F368DC68251D04F1180032
:1073B00001F0A6FF284601F0A3FFE36A3A6803EB59
:1073C00083009342294609EB800088BF3B6001F0AF
:1073D0006DFFD8F80030E26ADB6A9A424FF0010391
:1073E000DFD3CAF800303368002BDCD13CB11D4B31
:1073F0001A6812683ABB1C4B4FF0FF321A601B4DE3
:107400002C6844B10126FFF725FF08B1CAF80060D7
:10741000013CF8D12C60DAF8003073B1144B4FF016
:1074200080525A6040BFBFF34F8FBFF36F8F01246C
:1074300000F054FD2046BDE8F087002400F04EFD2A
:107440002046BDE8F0871A68074BD268D2685268B8
:107450001A60D4E7FCB30020F0B300203CB4002055
:1074600004B4002084B3002034B40020F8B300201A
:1074700000ED00E080B400208CB3002080B3002039
:1074800070B548B9184B4FF080525A6040BFBFF3F7
:107490004F8FBFF36F8F70BD144A15491368154E97
:1074A000013313600D6804463068043001F028FF92
:1074B000336864195C600FD20F4B1868316804316F
:1074C00001F004FF0D4B1A68944238BF1C60FFF7AF
:1074D00051FF0028D6D070BD094B186831680431BF
:1074E00001F0F4FEF3E700BF00ED00E0FCB3002084
:1074F0007CB4002080B3002084B3002034B400208A
:1075000088B300202DE9F84F3C4E3D4D3D4CDFF84F
:107510000891DFF80881DFF808B14FF0805A23683E
:10752000D3B100F0D1FCF368DF68381D01F0E8FE4C
:107530002B68013B2B602368013B236000F0CEFCED
:1075400097F85130002B37D0012BE8D13846FEF7A1
:107550007DFC2368002BE4D12B4B1B68012B06D943
:10756000CBF804A040BFBFF34F8FBFF36F8F00F085
:1075700041FED9F8003033BBD8F80030DB6A002B6D
:10758000CDD1214B1B68012BC9D8204B204A1B6849
:1075900012689B1A012BC2D91E4A1368013313606B
:1075A000D9F80030BBB1D8F80030DB6A0BB9164B04
:1075B0001B68FFF7DFFEB2E7386BFEF747FC384683
:1075C000FEF744FCABE7D8F80030DB6A002BA6D10D
:1075D0000D4B1B68A3E7D8F80030DB6A002BE8D11D
:1075E000094B1B68012BE4D8084B1868084B1B6833
:1075F000C01A0128DDD900F0DDFCDAE768B400200C
:10760000F0B30020F4B300208CB3002034B4002089
:107610007CB40020FCB3002004B4002080B3002020
:1076200000ED00E0274B1B68002B40D1264A70B5C7
:10763000264C13602268236812681B6B9A423AD961
:10764000234D24492A689300981880000858E0B90F
:10765000561EB30098198000085830BB961EB30020
:1076600098198000085800BBD61EB30098198000F6
:107670000858D0B9161FB300981980000858A0B94F
:10768000053A930098188000085813449B00CE18C0
:1076900008337068406870600B44984204BF4068CB
:1076A0007060C36823602A6070BD3246EDE7064B08
:1076B00001221A60704720682168343101F084FB90
:1076C000BEE700BFFCB3002080B4002080B30020E0
:1076D00004B400208CB3002070B5174D2B680C4605
:1076E00003F1180101F0F2FD144B1E682868043004
:1076F00001F006FE631C17D02B68A4195C600BD246
:107700000F4B18682968043101F0E0FD0D4B1A6831
:10771000944238BF1C6070BD0B4B18682968BDE8E7
:107720007040043101F0D2BD296808480431BDE839
:10773000704001F0BBBD00BF80B300207CB40020CE
:1077400084B3002034B4002088B3002054B4002057
:1077500070B5194D2B680C46164603F1180101F05F
:10776000A5FD164B5EB11B682868043001F0C8FD0A
:10777000296813480431BDE8704001F097BD1E68C8
:107780002868043001F0BCFD2B68A4195C600BD2A2
:107790000C4B18682968043101F098FD0A4B1A68EF
:1077A000944238BF1C6070BD084B18682968BDE85A
:1077B0007040043101F08ABD80B300207CB4002009
:1077C00054B4002084B3002034B4002088B30020D7
:1077D00038B5C368DC6804F11805284601F090FD4F
:1077E0001A4B1B682BBB251D284601F089FD184A42
:1077F000E36A116817488B4288BF136003EB830369
:10780000294600EB830001F051FD134BE26A1B682F
:10781000DB6A9A4282BF114B01201860104B1A6834
:10782000126898BF00204AB90E4B4FF0FF321A6021
:1078300038BD29460C4801F039FDE6E71A68094BC6
:10784000D268D26852681A6038BD00BFFCB300200D
:1078500004B400208CB3002080B3002080B400204A
:1078600084B3002034B400203CB40020034A044B0D
:1078700012681B68C0E90023704700BF38B40020BD
:107880007CB40020F8B50D46044600F01DFB2B68C3
:107890001649581C0A6813D0DFF854C0D4E90060B8
:1078A000DCF80070BE4201D090421AD9121A9342FD
:1078B0000BD800232B60012500F010FB2846F8BDF3
:1078C000002500F00BFB2846F8BDDCF800009B1AF1
:1078D0000A682B60C4E90002002500F0FFFA284680
:1078E000F8BD012500F0FAFA2846F8BD7CB4002066
:1078F00038B40020014B01221A60704780B4002088
:10790000084B186860B9084B1B6853B9074A084B05
:1079100010681B68013B984214BF01200220704789
:10792000002070473CB4002080B4002054B40020F4
:10793000F0B30020054B1B6833B1054B1B68002BCF
:107940000CBF0220002070470120704750B4002077
:10795000FCB3002018B3F8B51C4CC36A2268D26A85
:10796000934214D28269002A04DB2268D26AC2F1EF
:1079700005028261164D426903EB830305EB830325
:107980009A420DD02368DB6AC3620120F8BD2368E8
:10799000406CDB6A98422CBF00200120F8BD704784
:1079A000061D0746304601F0ABFC2268094BD06A41
:1079B0001A68F862904200D9186000EB800005EB6D
:1079C0008000314601F072FC0120F8BD80B3002038
:1079D0008CB3002004B4002050B138B5C16A836C68
:1079E000426C013B9142836400D01BB1002038BD42
:1079F00000207047051D0446284601F081FC0A4A14
:107A0000636C1168E362C3F105008B42A061074813
:107A100088BF136003EB830300EB8300294601F06A
:107A200045FC012038BD00BF04B400208CB3002009
:107A300048B1426CC36A914238BF11468B4202D0B2
:107A4000826C012A00D07047826970B5114DC16205
:107A5000002A03EB83034269A8BFC1F1050105EBCE
:107A60008303A8BF81619A4200D070BD061D044601
:107A7000304601F045FC084BE06A1A68904288BF26
:107A8000186000EB800005EB80003146BDE87040D7
:107A900001F00CBC8CB3002004B40020044B1A6825
:107AA0001AB119688A6C01328A641868704700BF7D
:107AB00080B300202DE9F04FAD4EDFF8C482AD4D0C
:107AC00089B033681C68002C00F08E80DB681C686D
:107AD000FFF7AAFBFFF7B0FBD8F800309842074643
:107AE0005DD38442C8F8000040F20B810022E11B04
:107AF0002868FFF75FF8FFF73DFC88B99E4A4FF012
:107B00008053536040BFBFF34F8FBFF36F8F07E0C9
:107B1000019B039920469847009B002B80F23881F7
:107B2000286800226946FEF7C7FC0028C9D0009BE0
:107B3000029C002BECDB636913B1201D01F0E0FB1C
:107B4000FFF77AFBD8F800309842814643D3009B78
:107B5000C8F80090092BE3D8012202FA03F313F4CA
:107B6000047F69D113F0C70F40F0A1809B06D7D5E1
:107B700094F82C30002BD3D12046FEF767F9CFE7DD
:107B8000DB68DC68D3F800A004F10409484601F082
:107B9000B7FB636A20469847E369012B36D0336808
:107BA0001A68002AECD17549C8F800700A6832607A
:107BB0000B60FFF7DFFBB3E7DB68DF68D3F800B0EB
:107BC00007F1040A504601F09BFB7B6A3846984750
:107BD000FB69012B25D033681A68002AECD167496C
:107BE0000A6832600B60B2E7FFF71EFBFFF724FB69
:107BF000D8F8003083420746D1D8604BC8F80070EF
:107C00001B681A68B2FA82F2520970E7A3695344FA
:107C10009A45494622D263602461306801F056FBE0
:107C2000BDE7BB695B449B45514627D27B603F6102
:107C3000306801F04BFBCEE7019B246103EB0902A6
:107C40004A45A36162602CD8002B3FF469AF4B4BCF
:107C5000211D186801F03AFB286862E72B68002BA9
:107C60009DD00023CDE9043A0694FFF763FE00237C
:107C70001A4604A92868FEF769F990E72B68002BDB
:107C8000A9D00023CDE9043B0697FFF753FE00235C
:107C90001A4604A92868FEF759F99CE74B4500D914
:107CA00098B13068211D01F011FB286839E7019B6C
:107CB000A269246199182CBF012000204945616008
:107CC000ECD8A9EB03039A42C1D8636A20469847CF
:107CD000E369012B7FF424AF019BA2692868134458
:107CE00000283FF41EAF0022CDE904230694FFF7DD
:107CF00021FE00231A4604A92868FEF727F9286800
:107D00000FE7FFF737FB3368DB68D3F80C9009F116
:107D1000040A504601F0F4FAD9F81C30012B04D0C3
:107D2000D9F8243048469847FAE6D9F81830C9F807
:107D30001090E218BA42C9F8042004D951463068BC
:107D400001F0C4FAECE73F1BBB421BD82B68002BA9
:107D5000E6D00023CDE90434CDF81890FFF7EAFD12
:107D600000231A4604A92868FEF7F0F8D8E700BFF8
:107D700084B4002008B7002000ED00E088B40020A3
:107D8000B4B60020034B5146186801F09FFAC7E7CC
:107D9000029CD0E688B40020F0B5204C89B000F0F9
:107DA00093F82568FDB100F099F82068C8B1002467
:107DB00007AA06A905A8CDE9054401F017F8DDE9F1
:107DC00005300221CDE90010079A029314491548A5
:107DD0002346FEF7E7FF144A0346001B18BF0120A5
:107DE000136009B0F0BD114F114E384601F04EFA44
:107DF000304601F04BFA0F4A0F4900950F4B1760C0
:107E00000E600F4A10212020FEF72EF82060002877
:107E1000C9D00C49FEF7BCFEC5E700BF08B700207B
:107E200050ED0300B57A03000CB700208CB600209B
:107E3000A0B6002084B4002088B40020B8B600208A
:107E40008CB4002048ED0300402383F31188FEE743
:107E500030B46FF002034FF08075074C40F8045CBB
:107E600040F80C4C40F8081C40F8202C40F8243C0A
:107E700030BC4438704700BF497E03000F4C08B542
:107E8000E02384F8223000F077F80D4B0D4A0021F2
:107E90001960D4F8883043F47003C4F8883053680C
:107EA00043F040435360236943F01003236100F023
:107EB0004FF9402383F31188FEE700BF00ED00E097
:107EC00010B7002030EF00E0402383F31188024A0E
:107ED000136801331360704710B70020034A13681A
:107EE000013B13600BB983F31188704710B7002072
:107EF00041DF704712DF704770B51B4B00251D60D6
:107F000082B01B680193019BEFF31186402383F33A
:107F10001188164A164BD2F804451D601B68009361
:107F2000009BFFF789F9241A24F07F44012C0DD817
:107F300044B1FFF78FF9054625B10E4B4FF0805243
:107F40005A6040BF86F3118802B070BDFFF7F2FCA3
:107F50000228EED1013CFFF77DF9013C631C45EAA4
:107F60000005F8D1E8E700BF4011014000100140D2
:107F70000011014000ED00E00B4B0C4930B41F2014
:107F80000B4DC3F8080501220224E020C3F80423A6
:107F90002A601A60C3F8444381F811034FF4003398
:107FA0000B6030BC704700BF0010014000E100E0F2
:107FB000081001402DE9F041804684B0EFF31082B3
:107FC00072B6584CA36883B9574B58480121A16039
:107FD000D3F8801001402160C3F88000D3F88410EA
:107FE00061604FF0FF31C3F8841002B962B6504EA1
:107FF000D6F80475FFF784FC00283DD04D4A4E4961
:10800000424528BF4246BB1823F07F43012000258C
:10801000C6F80803C6F840350D600B6801934FF4AD
:1080200080330199C6F80433BFF34F8FB8F1000FC6
:1080300054D13F4B404D41494FF48030C3F80803C1
:10804000002028602D680395039D0860096802914F
:1080500001210298C3F80413D3F804353249DB1B1D
:1080600023F07F45954228BF15464FF40033012D7C
:10807000C1F8803111D827D0A3685BB1EFF310832A
:1080800072B6294A21681160616851600022A260BD
:1080900003B962B604B0BDE8F081681EFFF7D2F8FC
:1080A000274BDB68DA010FD5264A1368DB070BD5AF
:1080B000254B516803FB05F5A5F57425A5F510754D
:1080C000AD0A01EB85155560FFF7C4F80028D3D041
:1080D0001E4B4FF080525A6040BFCDE7F1EE103A90
:1080E00023F09F03E1EE103AF1EE103A0E4B04A894
:1080F0004FF480614026C3F88461C3F8841100F80E
:10810000045DFFF7F7FE9DF80C1039B920BFD3F8D6
:108110000001D3F804110143F8D08AE7FFF7E8FE25
:1081200087E700BFD8BD002000E100E0FC06FFBDEE
:1081300000100140FDFFFF0040110140001101400F
:10814000F0ED00E0001000E040420F0000ED00E024
:108150000748006880F3088862B661B6BFF34F8FA6
:10816000BFF36F8F4FF0E00080F3118800DF00BF96
:1081700000600200064B19680868B0E8F04F80F311
:108180000988BFF36F8F4FF0000080F311887047AC
:1081900080B30020EFF30980BFF36F8F144B1A6890
:1081A0001EF0100F08BF20ED108A20E9F04F10607C
:1081B0004DF8043D4FF0400080F31188BFF34F8F1E
:1081C000BFF36F8FFFF72EFA4FF0000080F3118896
:1081D00008BC19680868B0E8F04F1EF0100F08BF1F
:1081E000B0EC108A80F30988BFF36F8F704700BF2F
:1081F00080B30020704700BF002942D0931E222B7D
:108200003FD8F0B50A2A8BB035D04FF0000E01AF41
:108210003B4688B1B0FBF2F602FB16055FFA85FC1F
:10822000092D0CF1570498BF0CF13004E4B230462C
:1082300003F8014B0028EDD1302201E003F8012BB7
:10824000BB42FBD0BEF1000F11D10D46BB4209D994
:10825000681E1A4612F8014D00F8014FBA42F9D1D2
:108260009B1A1D44002308462B700BB0F0BD2D2235
:108270000A704D1CEAE70028C7DA40424FF0010EB1
:10828000C5E70020704700BF79B3931E222B2CD87E
:10829000F0B48AB001AF3C4670B1B0FBF2F602FB1D
:1082A0001605EBB2092D94BF30335733DBB230469D
:1082B00004F8013B0028F0D1302301E004F8013B31
:1082C000BC42FBD00FD94A1E234613F8010D02F819
:1082D000010FBB42F9D1E41A0C4400230846237075
:1082E0000AB0F0BC70470C46F7E70020704700BFAB
:1082F00079B3931E222B2CD8F0B48AB001AF3C4640
:1083000070B1B0FBF2F602FB1605EBB2092D94BF7B
:1083100030335733DBB2304604F8013B0028F0D14C
:10832000302301E004F8013BBC42FBD00FD94A1EC8
:10833000234613F8010D02F8010FBB42F9D1E41AEC
:108340000C440023084623700AB0F0BC70470C466A
:10835000F7E70020704700BF0A490B4A0B4B9B1AF6
:1083600003DD043BC858D050FBDC094809494FF0F5
:10837000AD32026004300439FBD100F037FCEDF778
:1083800067FF000078F003000060002034630020E5
:1083900000F8032000080000FEE7FEE7FEE7FEE726
:1083A000FEE7FEE7FEE7FEE7FEE7FEE708B5002092
:1083B000EDF788FFF8F7D4FD0E4B43B10E4B7BB1C0
:1083C000F9F716FB00F0F0FCFCF7F0FFF8E7F9F71F
:1083D0000FFB00F0E9FCF9F70BFB00F0E5FCF6E71A
:1083E000F9F706FB00F0E0FCF9F702FB00F0DCFC1B
:1083F000F6E700BF00000000AD53030000B583B0F6
:1084000000F03EFEFCF7DAFA0E4B019301234FF425
:1084100080620D4900930D480023FEF72DFD4FF4B7
:10842000407000F0E1FDFEF799FEBFF34F8F084961
:10843000084BCA6802F4E0621343CB60BFF34F8F6E
:1084400000BFFDE714B7002058ED0300AD83030023
:1084500000ED00E00400FA0538B507480C46154663
:10846000EEF7BAF800B938BD2A4621460248BDE801
:108470003840EDF789BF00BF50630020114B1A78D8
:10848000EAB90178104810B40A464FF0804402F06F
:108490000102C1F34001C4F88015C4F878250268D0
:1084A000D20706D4E021012280F80013C0F8802111
:1084B0000260012205481A705DF8044B70470448B9
:1084C000704700BFD4BD002000E100E00000AD0B0C
:1084D0000C00AD0B0268074B4FF0804010B4002138
:1084E0004FF46074C0F80843196002B11A605DF877
:1084F000044B704720B700204FF080434FF4607268
:10850000C3F80423704700BF10B54FF0804386B016
:10851000D3F80443620705D5D3F8082103F5847323
:10852000002A4ED1A30603D52A4B1A68002A3FD150
:10853000600603D5284B1A68002A2FD1210602D5E0
:10854000264B1A680ABBE20502D5254B1A6892B978
:10855000A3050ED5234B1A685AB100221A601A6877
:10856000214B0592059A1B68022006B0BDE8104019
:10857000184706B010BD00221A601B4A1B680493FE
:1085800001201368049A9847E2E700201860164A11
:108590001B6803931368039A9847D4E700221A6074
:1085A000124A1B68029301201368029A9847C5E794
:1085B000002018600D4A1B6801931368019A9847C0
:1085C000B6E700221A600A4A1B6800931368009AF3
:1085D0009847A7E714010040180100401C01004023
:1085E000200100402401004020B700201CB70020DB
:1085F00018B700202DE9F04F04799D4DE60037199A
:10860000BF0005EB070E83B09EF81CC0BCF1000F45
:1086100040F0E58091F80CC00068EA51CEF80430D3
:10862000BCF1010F0B7840F2DE801F2B87BF03F0F7
:108630001F08DFF840E298464FF0A04E012707FAE6
:1086400008F7CEF808751F2B8BBF03F01F071F46D6
:10865000DFF820E24FF0A04E07F5E0774FF0010879
:108660004EF827804F78FF2F00F0E9801F2F8ABF38
:1086700007F01F09B946DFF8FC81009798BF4FF05B
:10868000A04809F5E07A4FF0010E0EFA09FE4FF00E
:108690000309C8F80CE548F82A9091F802E0BEF109
:1086A000FF0F00F0D580BEF11F0F91F80EA088BF1C
:1086B000DFF8C0B1CDF804E08EBF0EF01F08F04621
:1086C0004FF0A04B08F5E0784FEA8A0A4BF828A053
:1086D00006EB040805EB880888F820E091F803E031
:1086E00088F81FE0BEF1FF0F2AD091F80490F04601
:1086F000B9F1000F40F08680BEF11F0F87BF0EF06A
:108700001F0B5C4FF3464FF0A0474FF0010A0AFAE7
:108710000BFAC7F808A5BEF11F0F86BF0EF01F08A1
:10872000DFF850A14FF0A04A08F5E07806EB040E00
:108730004FF0030B05EB8E0E4AF828B08EF81E9012
:1087400091F80DE0C0F80835009BD1F80880C0F81A
:108750000C351EF1000318BF0123019FC0F81075EE
:10876000BCF1020FC0F824857FD0BCF1030F79D093
:10877000BCF1010F56D0C0F854358B79C0F8C03524
:10878000002A58D040220723C0F80423C0F800353F
:108790004A79000B43B25201002BD1B2C0B25BDB6D
:1087A0005A09920002F1604203F16043012702F589
:1087B000614203F5614300F01F0007FA00F083F8FF
:1087C0000013C2F880011060344405EB84052A4888
:1087D000002201236A772B7703B0BDE8F08F27488A
:1087E00003B0BDE8F08F1F2B87BF03F01F08DFF831
:1087F00084E098464FF0A04E012707FA08F7CEF81C
:108800000C7520E7BEF11F0F87BF0EF01F0B194F2D
:10881000F3464FF0A0474FF0010A0AFA0BFAC7F8E7
:108820000CA578E743F00203C0F854358B79C0F803
:10883000C035002AA6D10723C0F80035C4E791F857
:1088400002E04FF0FF37BEF1FF0F00977FF42BAF30
:108850004FF0FF3701973BE7094B00F00F0003444F
:108860001976B1E743F0060385E743F0040382E796
:1088700024B70020000300500000AD0B0500AD0B35
:10888000FCEC00E0F0B40479294A0368E1000D191A
:10889000AD005659EEB11F0B7EB2002E11DB7609EA
:1088A00020360123DFF89CC007F01F0703FA07F703
:1088B0004CF82670BFF34F8FBFF36F8F5559036885
:1088C0003DB1081902EB80001A4DC3F80853407FF0
:1088D00010BB081902EB800090F82000FF280BD095
:1088E0001F288ABF00F01F004FF0A045124D00F571
:1088F000E070022645F82060104800258342C3F846
:10890000005502D10E4B01201860214402EB810278
:1089100000231377F0BC704701205861D3F804019D
:108920000028FBD0081902EB800000254577D0E72E
:1089300024B70020520108000003005000F002405C
:1089400004F0024000E100E02DE9F04F0479644FAB
:108950004FEAC40C0CEB04039B008646F8180E4645
:10896000417F83B0002940F0918057F803909046F2
:10897000B9F1000F04D012F0140F04BF01234377A4
:108980000CEB040507EB850596E80F0095F81FA092
:1089900005F10C0BBAF1FF0F8BE80F0010D0AA7F86
:1089A0005346002A76D0BAF11F0F86BF0AF01F0384
:1089B0004C494FF0A041012202FA03F3C1F80835F7
:1089C00032686AB102F06043B3F1005F08D06444DA
:1089D00007EB8407002344487B7703B0BDE8F08FA2
:1089E000B16821B101F06043B3F1005FEFD1DEF86F
:1089F00000307568F068C3F844250022C3F8485574
:108A0000C3F83415C3F83805C3F81821D3F8182172
:108A10000192019A18F0010218BF0122C3F85025F3
:108A200018F0020218BF012218F0080FC3F8402501
:108A300004BF01221A61B9F1000F0BD02B4840226C
:108A400018F0040F14BFC3F80823C3F8042303B0BD
:108A5000BDE8F08FD3F81821002AFBD0BAF1FF0F40
:108A60002CD0644407EB8407BB7F4BB3BAF11F0FD4
:108A700084BF0AF01F0A1B4A1C4898BF4FF0A0424F
:108A8000012303FA0AF3C2F80C35A6E7184803B02D
:108A9000BDE8F08FBAF11F0F4FF0010288BF0AF056
:108AA0001F0302FA03F388BF0E49326898BF4FF0E4
:108AB000A041C1F80C35002A84D191E70B488CE71E
:108AC000BAF11F0F84BF0AF01F0A064A074898BF71
:108AD0004FF0A042012303FA0AF3C2F808357CE7FD
:108AE00024B70020000300500A00AD0B0000AD0BBE
:108AF0000B00AD0B194BD3F8182102B970470021B8
:108B0000174AC3F81811D3F81811D37F82B0FF2B7E
:108B1000019101990DD0917F99B11F2B86BF03F070
:108B20001F0310484FF0A040012101FA03F3C0F8E1
:108B30000C35002353771372D2E900310A4802B092
:108B400018471F2B86BF03F01F0306484FF0A040B5
:108B5000012101FA03F3C0F80835EAE700300240CA
:108B600024B70020000300502CB700201B4BD3F883
:108B7000182102B970470021194AC3F81811D3F817
:108B8000181192F8433082B0FF2B019101990ED059
:108B900092F84210A9B11F2B86BF03F01F031148A2
:108BA0004FF0A040012101FA03F3C0F80C35002377
:108BB00082F8413082F82C30D2E909310A4802B0FB
:108BC00018471F2B86BF03F01F0306484FF0A04035
:108BD000012101FA03F3C0F80835E8E700F002408C
:108BE00024B700200003005050B70020604B1B68E2
:108BF00030B45C1C37D05F4A082B126800F08F80BD
:108C00005B4B5C4A1B681268082B15D0591C23D09B
:108C1000584A1268082B12D0574AD2F8883043F4C9
:108C20007003C2F88830BFF34F8FBFF36F8F534B81
:108C3000534A1A6030BC7047002A00F08280032A31
:108C4000EAD84FF08043D3F80024D20744BF6FF036
:108C50000102C3F80024DFE74A4A4B4B12681B7835
:108C6000C2F30312D6E7484A464B12781B68082A1B
:108C7000C3F3031301D1032B53D9424A424B126869
:108C80001B78C2F30312082BBAD1032AB8D84FF0CD
:108C900080523E4BD2F80414C3F82015D2F80814C1
:108CA000C3F82415D2F80C14C3F82815D2F8101400
:108CB000C3F82C15D2F81414C3F83015D2F81814D0
:108CC000C3F83415D2F81C14C3F84015D2F8201498
:108CD000C3F84415D2F82414C3F84815D2F8281460
:108CE000C3F84C15D2F82C14C3F85015D2F8301430
:108CF000C3F85415D2F83414C3F86015D2F83814F8
:108D0000C3F86415D2F83C14C3F86815D2F84014BF
:108D1000C3F86C15D2F84424C3F8702570E7032A11
:108D20000CD8134B1B684FF080420021581CC2F82E
:108D30000C11C2F81011C2F838159ED00D4A1268F5
:108D4000A1E7134C1349144D25601448144AFB2421
:108D5000C1F8184501681268124C21F00F0102F0A9
:108D60000F020A434FF400710260216050E700BF18
:108D7000300100103401001000ED00E040610020DF
:108D80000090D003E80F00F0E00F00F000C00040BA
:108D90008C56004000F0004048810300E40E004083
:108DA000580200104096024008B5EDF791FA054BC5
:108DB0004FF080525A6040BFBFF34F8FBFF36F8FA9
:108DC00008BD00BF00ED00E0704700BF704700BF66
:108DD000044B036010B46423034C0C6013605DF813
:108DE000044B70476CB70020C0B70020054B0360F0
:108DF00010B44FF48073044C0C6013605DF8044BA6
:108E0000704700BF50B90020A4B9002070B51F4CB6
:108E100084B04FF0FF3203A92068FDF74DFB002816
:108E2000F7D00398037A4568052B0DD8DFE803F0E7
:108E3000272A221C1503D0E90361D0E90523C06964
:108E400000903046A847039803681BB11846FCF70A
:108E5000B9FF0398FCF7B6FFDBE7D0E90523D0E9BB
:108E60000301A8470398EFE7D0E90412C068A847B8
:108E70000398E9E7D0E90301A8470398E4E7A84786
:108E80000398E1E7C068A8470398DDE7A8BD002084
:108E90002DE9F0432D4B2E4C5B6885B0C3F30803DE
:108EA000019001AF2068002B44D0002339461A46B8
:108EB000FDF75CFA01283AD0DFF89880D8F8000076
:108EC000002240000421FCF7FFFF064678B3DFF8DC
:108ED0008890D9F80000FEF749F8FEF7F5FF02E0A8
:108EE0003046FDF733F8002203A92068FDF7E4FAC5
:108EF00000230546642203A90028F1D12068FDF76C
:108F000023FE2660FEF7EAFFD9F80000FEF7E0F83E
:108F1000D8F800300D4A20685B00C8F8003053686C
:108F2000C3F30803394653B96422FDF70FF805B0BF
:108F3000BDE8F08339466422FDF708F8BAE72B460E
:108F40002A46FDF713FA05B0BDE8F08300ED00E016
:108F5000A8BD0020A4BD0020ACBD00202DE9F84331
:108F60009DF8205006460F4691469846CDB1A80080
:108F70000C30FCF70DFF044688B10023C0F80490C4
:108F80000572036006B177B92DB1AA00414604F11C
:108F90000C0000F0D3FF2046FFF77AFF0120BDE868
:108FA000F8831020E5E73846FCF7F2FE81462060A2
:108FB000A0B13A46314600F0C1FF002DEBD0691E4A
:108FC000C9B208EB8101A8F1040353F8042FB2429F
:108FD00008BFC3F800909942F7D1D6E72046FCF7C6
:108FE000F1FE4846DBE700BF30B540230B4D83B0B0
:108FF00004460022184604212B60FCF765FF084B4D
:10900000084918600223CDE90031A2B200230649C5
:109010000648FDF731FF03B030BD00BFA4BD0020FE
:10902000A8BD0020ACBD002060ED03000D8E030044
:1090300011DF704708B50446FFF7FAFF0D4B4FF0FC
:1090400080414FF0FF32C3F88020C3F88021C3F87D
:109050008420C3F88421C1F81C45BFF34F8F064913
:10906000064BCA6802F4E0621343CB60BFF34F8F34
:1090700000BFFDE700E100E000ED00E00400FA05BC
:109080004FF08043194AD3F80014194830B41160E6
:10909000D3F80054D3F80024164C17492A43C3F8D8
:1090A0000024D4F840250260002401224FF400304F
:1090B000C3F818459A60C1F88000BFF34F8FBFF323
:1090C0006F8F0E4C03F588334FF0A0454FF480307E
:1090D0004FF0FF31C3F84803C3F808035A609A60A1
:1090E000C5F80815C4F8081530BC7047B0BD00209D
:1090F000B4BD002000A0004000E100E000030050EB
:1091000008B54E20FFF796FF16281BD83C4B53F8A6
:1091100020301F2B86BF03F01F033A4A4FF0A042B6
:109120000E290FD8DFE801F0655F59534D474039EC
:10913000322B241D160F080003F5E07340F2037173
:1091400042F82310704703F5E07340F2036142F8E0
:109150002310704703F5E07340F2035142F82310E7
:10916000704703F5E07340F2034142F82310704763
:1091700003F5E07340F2033142F82310704703F522
:10918000E07340F2032142F82310704703F5E073C7
:1091900040F2031142F82310704703F5E0734FF4D7
:1091A000403142F82310704703F5E0734FF400316B
:1091B00042F82310704703F5E073134942F8231077
:1091C000704703F5E073114942F82310704703F527
:1091D000E073042142F82310704703F5E0730C217B
:1091E00042F82310704703F5E073032142F823107F
:1091F000704703F5E073002142F82310704700BF69
:10920000B4EC030000030050040002000C00030053
:10921000162811D80A4B53F820301F2B88BF03F0B3
:109220001F034FF001028CBF06484FF0A04002FA26
:1092300003F311B1C0F808357047C0F80C3570471A
:10924000B4EC030000030050162818D80D4B53F857
:1092500020201F2A8ABF0C494FF0A04102F01F02B4
:10926000D1F8140501239340034214BFD1F804251B
:10927000D1F81025134214BF0120002070470020B0
:10928000704700BFB4EC03000003005000F1080376
:109290004FF0FF310022816002604360C0E9033378
:1092A000704700BF00230361704700BF4368026836
:1092B00010B49C688C609C684B600132616099605E
:1092C0005DF8044B08610260704700BF30B40D6860
:1092D0006B1C11D000F1080200E01A4653681C68AC
:1092E000AC42FAD904684B60013499608A605160DD
:1092F0000861046030BC704702695368F2E700BF40
:1093000042688168036910B4916081685C684A6052
:109310001A68844208BF5960013A002101611A604D
:1093200018685DF8044B70470B460146184600F07C
:1093300071BD000081F0004102E000BF83F00043F6
:1093400030B54FEA41044FEA430594EA050F08BFE0
:1093500090EA020F1FBF54EA000C55EA020C7FEAA4
:10936000645C7FEA655C00F0E2804FEA5454D4EB21
:109370005555B8BF6D420CDD2C4480EA020281EAEB
:10938000030382EA000083EA010180EA020281EA23
:109390000303362D88BF30BD11F0004F4FEA013175
:1093A0004FF4801C4CEA113102D0404261EB410184
:1093B00013F0004F4FEA03334CEA133302D052420A
:1093C00063EB430394EA050F00F0A780A4F10104C6
:1093D000D5F1200E0DDB02FA0EFC22FA05F2801800
:1093E00041F1000103FA0EF2801843FA05F35941E6
:1093F0000EE0A5F120050EF1200E012A03FA0EFC65
:1094000028BF4CF0020C43FA05F3C01851EBE3718E
:1094100001F0004507D54FF0000EDCF1000C7EEBAB
:1094200000006EEB0101B1F5801F1BD3B1F5001FE9
:109430000CD349085FEA30004FEA3C0C04F1010408
:109440004FEA445212F5800F80F09A80BCF1004F31
:1094500008BF5FEA500C50F1000041EB045141EAB3
:10946000050130BD5FEA4C0C404141EB010111F4B4
:10947000801FA4F10104E9D191F0000F04BF01465F
:109480000020B1FA81F308BF2033A3F10B03B3F13D
:1094900020020CDA0C3208DD02F1140CC2F10C02CD
:1094A00001FA0CF021FA02F10CE002F11402D8BF2B
:1094B000C2F1200C01FA02F120FA0CFCDCBF41EAF7
:1094C0000C019040E41AA2BF01EB0451294330BDC6
:1094D0006FEA04041F3C1CDA0C340EDC04F11404A3
:1094E000C4F1200220FA04F001FA02F340EA03007A
:1094F00021FA04F345EA030130BDC4F10C04C4F1C0
:10950000200220FA02F001FA04F340EA030029469F
:1095100030BD21FA04F0294630BD94F0000F83F4E9
:10952000801306BF81F480110134013D4EE77FEACC
:10953000645C18BF7FEA655C29D094EA050F08BF18
:1095400090EA020F05D054EA000C04BF19461046F9
:1095500030BD91EA030F1EBF0021002030BD5FEA3D
:10956000545C05D14000494128BF41F0004130BD65
:1095700014F580043CBF01F5801130BD01F00045B9
:1095800045F0FE4141F470014FF0000030BD7FEA2C
:10959000645C1ABF194610467FEA655C1CBF0B4627
:1095A000024650EA013406BF52EA033591EA030F3E
:1095B00041F4002130BD00BF90F0000F04BF002136
:1095C000704730B54FF4806404F132044FF0000569
:1095D0004FF0000150E700BF90F0000F04BF0021E2
:1095E000704730B54FF4806404F1320410F0004548
:1095F00048BF40424FF000013EE700BF42004FEA43
:10960000E2014FEA31014FEA02701FBF12F07F43BF
:1096100093F07F4F81F06051704732F07F4208BF76
:10962000704793F07F4F04BF41F40021704730B57D
:109630004FF4607401F0004521F000411CE700BFC9
:1096400050EA010208BF704730B54FF000050AE04C
:1096500050EA010208BF704730B511F0004502D54D
:10966000404261EB41014FF4806404F132045FEA4F
:10967000915C3FF4D8AE4FF003025FEADC0C18BFF8
:1096800003325FEADC0C18BF033202EBDC02C2F1EA
:10969000200300FA03FC20FA02F001FA03FE40EA7C
:1096A0000E0021FA02F11444BDE600BF70B54FF080
:1096B000FF0C4CF4E06C1CEA11541DBF1CEA13555E
:1096C00094EA0C0F95EA0C0F00F0DEF82C4481EAC6
:1096D000030621EA4C5123EA4C5350EA013518BFE6
:1096E00052EA033541F4801143F4801338D0A0FBD3
:1096F00002CE4FF00005E1FB02E506F00042E0FB80
:1097000003E54FF00006E1FB03569CF0000F18BF85
:109710004EF0010EA4F1FF04B6F5007F64F540742D
:1097200004D25FEA4E0E6D4146EB060642EAC621C0
:1097300041EA55514FEAC52040EA5E504FEACE2E2D
:10974000B4F1FD0C88BFBCF5E06F1ED8BEF1004F30
:1097500008BF5FEA500E50F1000041EB045170BDAC
:1097600006F0004646EA010140EA020081EA0301F0
:10977000B4EB5C04C2BFD4EB0C0541EA045170BDEC
:1097800041F480114FF0000E013C00F3AB8014F166
:10979000360FDEBF002001F0004170BDC4F10004AF
:1097A000203C35DA0C341BDC04F11404C4F1200530
:1097B00000FA05F320FA04F001FA05F240EA02008B
:1097C00001F0004221F0004110EBD37021FA04F6C1
:1097D00042EB06015EEA430E08BF20EAD37070BD7B
:1097E000C4F10C04C4F1200500FA04F320FA05F0DA
:1097F00001FA04F240EA020001F0004110EBD370DC
:1098000041F100015EEA430E08BF20EAD37070BD4B
:10981000C4F1200500FA05F24EEA020E20FA04F324
:1098200001FA05F243EA020321FA04F001F00041D3
:1098300021FA04F220EA020000EBD3705EEA430E44
:1098400008BF20EAD37070BD94F0000F0FD101F073
:109850000046400041EB010111F4801F08BF013CAC
:10986000F7D041EA060195F0000F18BF704703F0EA
:109870000046520043EB030313F4801F08BF013D71
:10988000F7D043EA0603704794EA0C0F0CEA13552D
:1098900018BF95EA0C0F0CD050EA410618BF52EAE7
:1098A0004306D1D181EA030101F000414FF00000ED
:1098B00070BD50EA410606BF1046194652EA4306FB
:1098C00019D094EA0C0F02D150EA013613D195EA6F
:1098D0000C0F05D152EA03361CBF104619460AD1B7
:1098E00081EA030101F0004141F0FE4141F47001C1
:1098F0004FF0000070BD41F0FE4141F4780170BDB1
:1099000070B54FF0FF0C4CF4E06C1CEA11541DBF15
:109910001CEA135594EA0C0F95EA0C0F00F0A7F817
:10992000A4EB050481EA030E52EA03354FEA013144
:1099300000F088804FEA03334FF0805545EA131357
:1099400043EA12634FEA022245EA111545EA10651F
:109950004FEA00260EF000419D4208BF964244F1B6
:10996000FD0404F5407402D25B084FEA3202B61AD5
:1099700065EB03055B084FEA32024FF480104FF4A9
:10998000002CB6EB020E75EB030E22BFB61A75461D
:1099900040EA0C005B084FEA3202B6EB020E75EBB0
:1099A000030E22BFB61A754640EA5C005B084FEA18
:1099B0003202B6EB020E75EB030E22BFB61A7546E5
:1099C00040EA9C005B084FEA3202B6EB020E75EBF0
:1099D000030E22BFB61A754640EADC0055EA060EB1
:1099E00018D04FEA051545EA16754FEA06164FEAF4
:1099F000C30343EA52734FEAC2025FEA1C1CC0D1A0
:109A000011F4801F0BD141EA00014FF000004FF02C
:109A1000004CB6E711F4801F04BF01430020B4F1ED
:109A2000FD0C88BFBCF5E06F3FF6AFAEB5EB030CA5
:109A300004BFB6EB020C5FEA500C50F1000041EBA2
:109A4000045170BD0EF0004E4EEA113114EB5C046F
:109A5000C2BFD4EB0C0541EA045170BD41F4801142
:109A60004FF0000E013C90E645EA060E8DE60CEA4A
:109A7000135594EA0C0F08BF95EA0C0F3FF43BAF67
:109A800094EA0C0F0AD150EA01347FF434AF95EA1E
:109A90000C0F7FF425AF104619462CE795EA0C0F02
:109AA00006D152EA03353FF4FDAE1046194622E7CF
:109AB00050EA410618BF52EA43067FF4C5AE50EAA9
:109AC00041047FF40DAF52EA43057FF4EBAE12E799
:109AD00053B94AB9002908BF00281CBF4FF0FF3115
:109AE0004FF0FF3000F072B9ADF1080C6DE904CE13
:109AF00000F006F8DDF804E0DDE9022304B0704769
:109B00002DE9F047089E04468846002B4BD18A4237
:109B1000154667D9B2FA82F24AB1C2F1200701FABA
:109B200002F320FA07F7954047EA030894404FEA0A
:109B3000154E230CB8FBFEF71FFA85FC0EFB1788A9
:109B400043EA084307FB0CF1994209D9EB1807F1E6
:109B5000FF3080F01B81994240F21881023F2B4474
:109B60005B1AA4B2B3FBFEF00EFB103344EA0344CD
:109B700000FB0CFCA44509D92C1900F1FF3380F03F
:109B80000781A44540F2048102382C4440EA074092
:109B9000A4EB0C0400271EB1D4400023C6E9004307
:109BA0003946BDE8F0878B4209D9002E00F0EB80E2
:109BB0000027C6E9000138463946BDE8F087B3FA08
:109BC00083F7002F47D18B4202D3824200F2FA8002
:109BD000841A61EB030301209846002EE0D0C6E909
:109BE0000048DDE702B9FFDEB2FA82F2002A40F057
:109BF0008F80491B4FEA154E1FFA85F80127B1FBEC
:109C0000FEFC230C0EFB1C1143EA014308FB0CF184
:109C1000994207D9EB180CF1FF3002D2994200F2B9
:109C2000CD808446591AA3B2B1FBFEF00EFB10148E
:109C300043EA044408FB00F8A04507D92C1900F1B9
:109C4000FF3302D2A04500F2B6801846A4EB080408
:109C500040EA0C409FE7C7F1200CBB4022FA0CFE03
:109C60004EEA030E01FA07F420FA0CF521FA0CF380
:109C70004FEA1E482543B3FBF8F92C0C08FB1933B7
:109C80001FFA8EFA44EA034309FB0AF49C4202FAE3
:109C900007F200FA07F10BD91EEB030309F1FF30BD
:109CA00080F087809C4240F28480A9F102097344CD
:109CB0001B1BADB2B3FBF8F008FB103345EA0344BD
:109CC00000FB0AFAA24508D91EEB040400F1FF3399
:109CD0006BD2A24569D90238744440EA0940A0FB1E
:109CE0000289A4EB0A044C45C2464B4654D351D0DA
:109CF000002E69D0B1EB0A0564EB030404FA0CFCF6
:109D0000FD40FC404CEA0505C6E90054002747E742
:109D1000C2F1200320FA03F7954001FA02F021FA7C
:109D200003F34FEA154E3843010CB3FBFEF71FFA5D
:109D300085F80EFB173341EA034107FB08F38B421A
:109D400004FA02F407D9691807F1FF3C2FD28B42BD
:109D50002DD9023F2944CB1A81B2B3FBFEF00EFB92
:109D6000103341EA034100FB08F38B4207D969181D
:109D700000F1FF3C17D28B4215D902382944C91A89
:109D800040EA07473BE73746304609E70746E7E63C
:109D90001846FBE64145ABD2B8EB020A69EB0E026E
:109DA00001381346A4E76046E9E7184695E7674699
:109DB000D1E781467CE702382C4447E7ACF1020C3E
:109DC0002B442FE7384608E73746E9E6704700BFDF
:109DD0001FB51C46094B1B680546D86852B1084B95
:109DE0000091CDE9013207492B46224600F034F8B4
:109DF00001F08EF9044B1A46F2E700BF44610020DF
:109E00006CED030079ED0300A7ED03000A220021A9
:109E100001F03EB810B5054C13462CB10A46014678
:109E20000220AFF3008010BD2046FCE700000000D8
:109E300008B5074B044613B10021AFF30080054B72
:109E40001868836A03B19847204603F041F800BFC1
:109E500000000000A8ED03000EB403B5014603ABFB
:109E6000054853F8042B0068019300F073F902B021
:109E70005DF804EB03B070474461002070B50D4EEF
:109E80000D4CA41BA4100025A54209D10B4E0C4C6F
:109E900003F020F8A41BA4100025A54205D170BD35
:109EA00056F8253098470135EEE756F825309847A3
:109EB0000135F2E7146300201463002014630020CE
:109EC0003063002010B5044600F008F820444078C4
:109ED00000F0080010BDD0F8EC007047044B054AB4
:109EE0001B681B6A002B08BF1346D3F8EC007047B1
:109EF00044610020A8610020024B0146186800F070
:109F0000A5B800BF44610020024B0146186800F06C
:109F10004FB800BF4461002082B001B901A942B12D
:109F20004BB113780B601278101C18BF012002B0DF
:109F300070471046FBE76FF00100F8E710B5431ECD
:109F40000A44914200D110BD11F8014B03F8014FB2
:109F5000F7E7884210B501EB020307D8421E994289
:109F60000AD011F8014B02F8014FF8E78342F5D906
:109F70008118D21AD34200D110BD13F8014D01F857
:109F8000014DF7E702440346934200D1704703F8BE
:109F9000011BF9E738B502FB01F4214600F056F841
:109FA000054618B122460021FFF7ECFF284638BDD0
:109FB00038B50546002945D051F8043C0C1F002B4C
:109FC000B8BFE41802F02CF91F4A1368104633B9E1
:109FD000636014602846BDE8384002F022B9A3420D
:109FE0000CD921686218934204BF1A685B686360E9
:109FF00004BF521822600460ECE713465A680AB1A5
:10A00000A242FAD919685818A0420BD1206801441D
:10A01000581882421960DDD1106852685A600144B4
:10A020001960D7E702D90C232B60D3E720682118E9
:10A030008A4204BF11685268626004BF0918216037
:10A040005C60C7E738BD00BFB8BD002070B5CD1C4F
:10A0500025F0030508350C2D38BF0C25002D0646CC
:10A0600001DBA94203D90C233360002070BD02F04C
:10A07000D7F8214A1468214691B9204C23681BB9AE
:10A08000304600F0DFFD20602946304600F0DAFD62
:10A09000431C24D10C233360304602F0C2F8E4E7BD
:10A0A0000B685B1B18D40B2B0FD90B60CD50CC1851
:10A0B000304602F0B6F804F10B00231D20F0070033
:10A0C000C31AD3D05A42E250D0E78C424B6816BF35
:10A0D000636013600C46EBE70C464968CCE7C41C90
:10A0E00024F00304A04205D0211A304600F0AAFD56
:10A0F0000130CFD02560DBE7B8BD0020BCBD00201B
:10A100009368013B002B10B4936008DA9469A34272
:10A1100001DB0A2903D15DF8044B00F02BBF136863
:10A12000581C1060197008465DF8044B7047F8B56C
:10A1300006460F461446D518AC4201D1002007E070
:10A140003A4614F8011B3046FFF7DAFF431CF3D1FF
:10A15000F8BD00002DE9F04F9DB00C461746039363
:10A16000064618B183690BB901F00EFF7B4B9C4288
:10A1700057D17468A38918075DD52369002B5AD07D
:10A180000023099320238DF8293030238DF82A30BD
:10A190004FF0010BB846454615F8013B0BB1252B96
:10A1A00054D1B8EB070A0BD053463A462146304605
:10A1B000FFF7BDFF013000F0C280099B53440993B3
:10A1C00098F80030002B00F0BA8000234FF0FF32E7
:10A1D000CDE90523049307938DF853301A93A846CD
:10A1E000052218F8011B5E4801F0CAFF049B78BBEA
:10A1F000D90644BF20228DF853201A0744BF2B22D2
:10A200008DF853202A782A2A2AD0079AA8460020B7
:10A210000A25414611F8013B303B092B69D960B34F
:10A2200024E0504B9C4201D1B468A3E74E4B9C42C2
:10A2300008BFF4689EE72146304600F0FBFE002888
:10A240009ED04FF0FF301DB0BDE8F08FA846A2E7CA
:10A25000434A801A0BFA00F0184304904546BEE7C3
:10A26000039A111D12680391002A01DB079204E092
:10A27000524243F002030792049398F800302E2BC9
:10A280000ED198F801302A2B38D1039B1A1D1B6878
:10A290000392002BB8BF4FF0FF3308F1020805937B
:10A2A000324D98F800100322284601F069FF40B1B2
:10A2B0004023401B03FA00F0049B034308F101080C
:10A2C000049398F800102A488DF82810062208F107
:10A2D000010701F055FF002837D0264B1BBB039B1D
:10A2E000073323F0070308330393099B4B44099377
:10A2F00050E705FB0232012088468AE7002308F177
:10A300000108059319460A25404610F8012B303AFA
:10A31000092A03D9002BC3D00591C1E705FB012110
:10A3200001238046F0E703AB00932246124B04A9B9
:10A33000304600F0B7F8B0F1FF3F8146D5D1A38990
:10A340005B063FF57EAF09987DE703AB009322469D
:10A35000094B04A9304600F05BFBECE72CEF03004F
:10A36000B6ED03004CEF03000CEF0300BCED03005F
:10A37000C0ED0300A5A403002FA103002DE9FF47B2
:10A3800055EC104B0D9FDDF830A0002D0E46914688
:10A390001946B8BF22462B4627F02007BBBF05F160
:10A3A00000431D4600232D23B8BF1446462F0B70D3
:10A3B00004D0452F00D10136022100E0032103AB78
:10A3C000019302AB00933246534645EC104B00F02C
:10A3D00033FF472F804602D119F0010F26D0462FB8
:10A3E00008EB060911D198F80030302B0AD1002271
:10A3F00000232046294602F0B5FC18B9C6F1010633
:10A40000CAF80060DAF800309944002200232046A0
:10A41000294602F0A7FC38B93022039B4B4505D2F0
:10A42000591C03911A70F8E7CDF80C90039B0E9A13
:10A43000A3EB08034046136004B0BDE8F087F7B50E
:10A4400000290446BABF49422D232B23092904F8C9
:10A45000022B437020DD0DF107031F460A2691FBF6
:10A46000F6F506FB15113031092D03F8011C03F137
:10A47000FF32294609DC3031023B02F8011CBB42A5
:10A48000224604D3101A03B0F0BD1346E7E713F8D1
:10A49000012B04F8012BF2E7302319448370021DCD
:10A4A000C170EFE72DE9F04F8DB00C46DDF8588014
:10A4B00016461F46054601F0F1FD03680493184651
:10A4C00000F023FC00230A93D8F8003005900733EE
:10A4D00023F0070303F1080294F818A0D4F800B0A1
:10A4E000C8F80020D3E90023C4E91223D4E9128973
:10A4F00029F000430793CDF818804FF0FF32A74BA7
:10A50000DDE9060102F060FC70BB4FF0FF32A34BA7
:10A51000DDE9060102F03AFC30BB00220023404690
:10A52000494602F029FC10B12D2384F843309C4A9F
:10A530009C4BBAF1470F8CBF9046984603232BF0F3
:10A540000402236122604FF00009009733460BAAF2
:10A550002146284600F0E6F9013040F08D804FF0AA
:10A56000FF300DB0BDE8F08F42464B4640464946AD
:10A5700002F02AFC10B18C4A8C4BDAE761684B1C64
:10A580004BF480620AA83ED1062363600023CDE924
:10A59000020309AB009349EC108B0DF123032260F9
:10A5A000CDF804A061682846FFF7E8FE0AF0DF0353
:10A5B000472B804609D1099BD81C02DB6268934275
:10A5C00047DDAAF1020A5FFA8AFABAF1650F099922
:10A5D00024D80139524604F150000991FFF72FFFAA
:10A5E0000A9A1318012A8146236102DC2268D107E6
:10A5F00001D5013323619DF82330002BA5D02D23F5
:10A6000084F84330A1E7BAF1670F00F07781BAF11F
:10A61000470FBBD10029B9D10123B6E7BAF1660FC4
:10A6200019D1002963680CDD216113B92268D207B2
:10A6300002D501330B442361099BA3654FF0000948
:10A64000D9E713B92268D00701D50233F3E7012314
:10A65000F1E74FF0670ADDE90932934205DB226832
:10A660002361D107E8D50133E5E7002BD4BFC3F15F
:10A67000020301231344DEE723685A0507D4236944
:10A68000424631462846B84701302BD167E7BAF138
:10A69000650F40F2DC8000220023D4E9120102F0B1
:10A6A00061FB002833D00123414A31462846B84790
:10A6B00001303FF454AFDDE909239A4202DB2368FD
:10A6C000D8070FD5DDE9042331462846B8470130C5
:10A6D0003FF445AF4FF0000804F11A090A9B013B13
:10A6E000434509DC23689B0700F10381E0680B9B6D
:10A6F0009842B8BF184634E701234A4631462846F7
:10A70000B84701303FF42BAF08F10108E6E7099B99
:10A71000002B2BDC0123264A31462846B84701305E
:10A720003FF41DAF099B23B90A9B13B92368D907CE
:10A73000D8D5DDE9042331462846B84701303FF437
:10A740000EAF4FF0000904F11A0A099B5B424B451A
:10A7500001DC0A9B94E70123524631462846B8475C
:10A7600001303FF4FCAE09F10109EEE70A9AA36D4E
:10A770009A42A8BF1A46002A914607DD1346314681
:10A7800042462846B84701303FF4E9AE04F11A03C7
:10A790004FF0000B29EAE979069315E0FFFFEF7F00
:10A7A000CBED0300C7ED0300D3ED0300CFED0300B5
:10A7B000D7ED03000123069A31462846B8470130F9
:10A7C0003FF4CDAE0BF1010BD4F858A0AAEB09036E
:10A7D0005B45EFDCDDE909239A42D04415DB2368B1
:10A7E000DA0712D40A9B0999A3EB0A02A3EB010A28
:10A7F0009245A8BF9246BAF1000F0EDC4FF0000858
:10A800002AEAEA7A04F11A0919E0DDE9042331465B
:10A810002846B8470130E5D1A1E6534642463146C5
:10A820002846B8470130E9D199E601234A46314626
:10A830002846B84701303FF492AE08F10108DDE93F
:10A8400009239B1AA3EB0A034345EEDC4AE70A9A65
:10A85000012A01DCDB073AD501234246314628466E
:10A86000B84701303FF47BAEDDE90423314628468A
:10A87000B847013008F101083FF471AE0A9B00228D
:10A8800003F1FF3AD4E91201002302F06BFAC8B9D0
:10A890005346424631462846B84701300ED15EE65F
:10A8A0000123524631462846B84701303FF457AE9F
:10A8B00008F101080A9B013B4345F1DC4B4604F1DA
:10A8C0005002DEE64FF0000804F11A0AF2E7012315
:10A8D000DFE701234A4631462846B84701303FF4B6
:10A8E0003EAE08F10108E3680B9A9B1A4345F0DC81
:10A8F000FCE64FF0000804F11909F4E700293FF4E1
:10A900008BAE0023CDE9020309AB009349EC108B19
:10A910002260CDF804A00DF123032846FFF72EFD99
:10A92000804648E62DE9F04791461F468A680B6944
:10A93000DDF820809342B8BF1346C9F8003091F883
:10A94000432006460C4612B10133C9F80030236893
:10A95000990642BFD9F800300233C9F800302568A3
:10A9600015F0060507D104F1190AE368D9F80020AB
:10A970009B1AAB4228DC94F843302268003318BF9E
:10A98000012392062DD404F1430239463046C047D4
:10A99000013020D02368E568D9F8002003F00603D1
:10A9A000042B08BFAD1AA36822690CBF25EAE57520
:10A9B00000259342C4BF9B1AED184FF000091A34CA
:10A9C0004D451AD1002008E0012352463946304651
:10A9D000C047013003D14FF0FF30BDE8F0870135AB
:10A9E000C3E7E1185A1C302081F84300224494F850
:10A9F000451082F843100233C5E701232246394649
:10AA00003046C0470130E6D009F10109D8E700001F
:10AA10002DE9F04301F1430C0C46097E85B06E2907
:10AA20001746064698460C9A00F0B38022D8632950
:10AA300036D00AD8002900F0B980582900F0838068
:10AA400004F1420584F8421032E0642901D06929FA
:10AA5000F6D120681368050603F104012AD51B68A6
:10AA60001160002B03DA2D225B4284F843206F48EB
:10AA70000A2239E0732900F09D8008D86F2920D080
:10AA80007029DDD1236843F02003236003E075299A
:10AA900017D07829D4D1782384F84530644855E01C
:10AAA0001368191D1B68116004F1420584F84230D7
:10AAB00001238CE01B68116010F0400F18BF1BB21F
:10AAC000CFE713682568181D1060280601D51B689C
:10AAD00002E06806FBD51B8854486F2914BF0A2280
:10AAE0000822002184F843106568A560002DC0F29B
:10AAF0009580216821F004012160002B3DD1002DBB
:10AB000040F08E806546082A0BD12368DB0708D504
:10AB1000236962689A42DEBF302305F8013C05F1E3
:10AB2000FF35ACEB05032361CDF800803B4603AA5B
:10AB300021463046FFF7F6FE01304DD14FF0FF3091
:10AB400005B0BDE8F083394884F8451013682168E2
:10AB50001D1D1B6815600A060BD5CA0744BF41F0CE
:10AB6000200121601BB9226822F0200222601022FD
:10AB7000B7E74D0648BF9BB2EFE76546B3FBF2F17E
:10AB800002FB1133C35C05F8013D0B460029F5D1EA
:10AB9000B9E7136825686169181D106028061B68ED
:10ABA00001D5196002E06A06FBD5198000232361F4
:10ABB0006546B9E71368191D11601D6862680021B8
:10ABC000284601F0DDFA08B1401B6060636823612C
:10ABD000002384F84330A7E723692A4639463046E4
:10ABE000C0470130AAD023689B0713D4E068039BB9
:10ABF0009842B8BF1846A3E701234A463946304673
:10AC0000C04701309AD00135E368039A9B1AAB42E2
:10AC1000F2DCEBE7002504F11909F5E7002BACD1D4
:10AC2000037884F8423004F142056CE7D9ED030063
:10AC3000EAED0300024B0A460146186801F0CEBD5A
:10AC40004461002038B5064C0023054608462360C1
:10AC500002F030F9431C02D1236803B12B6038BDE8
:10AC6000E4BD00200CB430B5174B0C1E9DB01D6820
:10AC700008DA8B232B604FF0FF301DB0BDE8304069
:10AC800002B070474FF40273ADF8143014BF04F1F2
:10AC9000FF332346049307934FF6FF730290069009
:10ACA000ADF81630209A21AB02A92846019301F095
:10ACB00015FE431CBCBF8B232B60002CDDD0029BF8
:10ACC00000221A70D9E700BF44610020C9B20346D0
:10ACD00010F8012B1AB18A42F9D1184670470029A1
:10ACE00018BF0023F9E710F8012B11F8013B012AE6
:10ACF00028BF9A42F7D0D01A7047034611F8012BAB
:10AD000003F8012B002AF9D17047034613F8012BF1
:10AD1000002AFBD1181A0138704710B56AB1013901
:10AD2000841810F8013B11F8012F934203D1A0427F
:10AD300001D0002BF5D1981A10BD1046FCE738B5AC
:10AD400003460D4669B9BDE83840FFF7BFBF431C55
:10AD5000044629461846FFF7B9FF0028F7D12046D8
:10AD600038BD0024F5E7F0B503787BB104462378BD
:10AD70002046661C7BB14A1E631E12F8015F4DB16E
:10AD800013F8017FAF423446F7D0F0E70B78002B81
:10AD900018BF0020F0BD1846FCE72DE9F0478046BB
:10ADA000894692461E460F463D46089815F8014BC7
:10ADB000FFF791F82044437813F0080332D12D2C8B
:10ADC00032D17C78BD1C0122002E5DD0102E09D11D
:10ADD000302C07D12B7803F0DF03582B4FD16C7840
:10ADE00010260235002A14BF4FF000416FF00041D9
:10ADF0000027B1FBF6FC384606FB1C1EA4F130030D
:10AE0000092B17D81C46A64223DD7B1C07D084459E
:10AE10001CD301D1A64519DB00FB0640012715F81C
:10AE2000014BEBE72F46BFE72B2C04BFBD1C7C7802
:10AE30001A46C9E7A4F14103192B01D8373CE2E7D0
:10AE4000A4F16103192B04D8573CDCE74FF0FF371E
:10AE5000E5E77B1C08D12223C8F800300846BAF188
:10AE6000000F07D1BDE8F08702B14042BAF1000FF0
:10AE7000F8D00FB105F1FF39CAF80090F2E730249D
:10AE8000002EAFD10826ADE7302CA3D00A26A9E7C3
:10AE9000084B37B51C68084D236A002B08BF2B46AA
:10AEA000009313460A4601462046FFF776FF03B09B
:10AEB00030BD00BF44610020A8610020024B014664
:10AEC0001868FFF7BFBE00BF4461002010B50446FC
:10AED000FFF704F82044437803F00303012B08BF75
:10AEE0002034204610BD10B50446FEF7F7FF20447D
:10AEF000437803F00303022B08BF203C204610BD1B
:10AF000030B5141E05469BB0184605DA8B232B601E
:10AF10004FF0FF301BB030BD4FF40273ADF80C3072
:10AF200014BF04F1FF332346029305934FF6FF73DA
:10AF300000910491ADF80E3002461E9B69462846EA
:10AF400001F0CCFC431CBCBF8B232B60002CE1D058
:10AF5000009B00221A70DDE707B5009313460A46EE
:10AF6000014603480068FFF7CBFF03B05DF804FB20
:10AF700044610020F8B50E461446054618B18369B1
:10AF80000BB901F001F8214B9C422AD16C68A369EE
:10AF9000A360A3891A072ED5236963B323692068A8
:10AFA000C01A6369F6B28342374604DC214628465C
:10AFB00000F080FF28BBA368013BA36023685A1CF4
:10AFC00022601E7063690130834204D0A389DB07CD
:10AFD00019D50A2E17D12146284600F06BFF90B1F3
:10AFE0000FE00B4B9C4201D1AC68D0E7094B9C426F
:10AFF00008BFEC68CBE72146284600F01BF8002884
:10B00000CCD04FF0FF373846F8BD00BF2CEF03001F
:10B010004CEF03000CEF030049B1FF2A85BF8A23E0
:10B0200003600A704FF0FF3098BF01207047084658
:10B0300070470000324B70B51D6806460C4625B1BE
:10B04000AB6913B9284600F09FFF2E4B9C420FD1ED
:10B050006C68B4F90C309AB215072CD4D00611D410
:10B060000922326043F04003A3814FF0FF303EE0FD
:10B07000254B9C4201D1AC68EBE7244B9C4208BFB6
:10B08000EC68E6E7510712D5616B41B104F1440366
:10B09000994202D03046FEF78BFF00236363A389F9
:10B0A00023F02403A3810023636023692360A38921
:10B0B00043F00803A38123694BB9A38903F42073E8
:10B0C000B3F5007F03D02146304601F019F8A2897C
:10B0D00012F001030CD00023A36063695B42A361FB
:10B0E000236953B9B4F90C3013F08000BAD170BDA4
:10B0F000920758BF6369A360F2E70020F7E700BF3B
:10B10000446100202CEF03004CEF03000CEF030020
:10B1100008B5062001F000FD012001F0D9FE2DE95F
:10B12000F74F03690C69A3428046C0F28280013C5C
:10B1300001F114074FEA840C00F1140657F824506B
:10B1400056F8240006EB0C03013507EB0C090193BC
:10B15000B0FBF5F595B34FF0000A3846B646D34636
:10B1600050F8042B93B205FB03A34FEA134A9BB29A
:10B17000ABEB0303120CDEF800B005FB02A213FADE
:10B180008BF34FEA124A1FFA82FBDEF80020CBEB6A
:10B19000124202EB23429BB243EA024381454FEA4B
:10B1A000224B4EF8043BDBD256F80C3033B9019BEE
:10B1B000043B9E421A4630D3C8F81040404601F086
:10B1C00047FA002825DB013530464FF0000C57F8D0
:10B1D000042BD0F800E093B2ACEB0303120C13FA8B
:10B1E0008EF3C2EB1E4202EB23429BB243EA0243C0
:10B1F000B9454FEA224C40F8043BE8D256F82420E7
:10B2000006EB84032AB9043B9E421A460BD3C8F8C6
:10B210001040284603B0BDE8F08F1268043B002AB6
:10B22000CAD1013CC5E71268043B002AEFD1013CBA
:10B23000EAE70020EEE700002DE9F04F57EC106B35
:10B2400097B0456A069104460B921293DDF8808010
:10B25000CDE900673DB91020FAF79AFD6062C0E9B8
:10B2600001550560C560636A196851B15A684A6042
:10B27000012393408B60204601F008F8636A0022A6
:10B280001A603B1EBBBF23F0004301930023012241
:10B29000ACBFC8F80030C8F80020AF4BDDF8048020
:10B2A00033EA080314D1129A42F20F731360009B21
:10B2B00023B9C8F31300002800F04285219BDFF872
:10B2C000ACB2002B00F044850BF1030300F03EBD4F
:10B2D000DDE90067002200233046394601F042FDD7
:10B2E000814668B1129A01231360219B002B00F064
:10B2F00024859A4B219A03F1FF3B136000F028BD8F
:10B3000014AA15A947EC106B204601F018FAC8F3EF
:10B310000A550490002D7CD0C7F3130343F07F5BE4
:10B32000B2464BF4401BA5F2FF35CDF84C900022FD
:10B330008B4B50465946FEF701F881A3D3E9002311
:10B34000FEF7B4F980A3D3E90023FDF7F9FF064621
:10B3500028460F46FEF740F97DA3D3E90023FEF708
:10B36000A5F902460B4630463946FDF7E9FF064689
:10B370000F4601F03FFD0022824600233046394649
:10B3800001F0FAFC48B15046FEF726F932463B463A
:10B3900001F0E8FC08B90AF1FF3ABAF1160F59D8E2
:10B3A000704901EBCA01DDE90023D1E9000101F098
:10B3B00001FD002850D00AF1FF3A00230F93149B9F
:10B3C0005D1BB5F1010849BFC5F1010300230593D9
:10B3D0004FF0000858BF0593BAF1000F3EDB002381
:10B3E000D044CDF838A00793069B092B00F290803B
:10B3F000052BC4BF043B0693069BA3F10203CCBFFD
:10B4000000250125032B00F28F80DFE803F07D7F0C
:10B410003171DDE914531D4405F23240202813DD5B
:10B42000C0F14000009B08FA00F805F2124023FA30
:10B4300000F048EA0000FEF7BFF801238246A1F1C0
:10B44000F87B013D139372E7009BC0F1200003FAE3
:10B4500000F0F0E70123B1E70F90B0E7059BA3EB05
:10B460000A030593CAF10003079300230E93BBE779
:10B4700001230A930B9B002B59DD02939946666AC0
:10B4800000227260042202F114009842716853D9BC
:10B49000204600F0C7FE636A3060B9F10E0FD3F8A2
:10B4A00000B000F2E680002D00F0E3809DED007B0F
:10B4B000BAF1000F8DED107B74DD2A4A0AF00F03FC
:10B4C00002EBC30393ED007B4FEA2A16F0068DEDE5
:10B4D000087B65D5244BDDE91001D3E90823FEF78D
:10B4E0000FFACDE9000106F00F0603251E4F4CE0D0
:10B4F00001230A930B9B534403F1010902934B462A
:10B50000012BB8BF0123BAE70023B2E70023F0E71D
:10B510000125002306930A954FF0FF3302939946C5
:10B52000002212230B92AAE701230A93F4E70123D6
:10B53000029399461A46F5E7013171605200A2E77D
:10B5400061436F63A787D23FB3C8608B288AC63F29
:10B55000FB799F501344D33F0000F07FD8ED0300E8
:10B560000000F83F98EF030070EF030005EF0300C1
:10B57000F10708D5DDE90801D7E90023FEF796F8C1
:10B58000CDE90801013576100837002EF0D1DDE94C
:10B590000823DDE90001FEF7B3F9CDE900011AE067
:10B5A0000225A3E700F0A080CAF100069F4BA04F40
:10B5B00006F00F0203EBC203D3E90023DDE910011B
:10B5C000FEF774F8CDE90001361100230225002EA4
:10B5D0007FD1002BE1D10F9B002B00F08780DDE9AC
:10B5E00000670022934B3046394601F0C5FB002826
:10B5F0007CD0B9F1000F79D0029B002B35DD0AF128
:10B60000FF330893394600228B4B3046FEF74EF845
:10B61000CDE90001029F01352846FDF7DDFFDDE998
:10B620000023FEF743F80022844BFDF789FE054610
:10B63000A1F15076002F5DD10022814BDDE90001A0
:10B64000FDF77CFE2A463346CDE9000101F0B2FB4E
:10B65000002840F088822A4606F10043DDE9000117
:10B6600001F08AFB002840F07C82DDE91023CDE95F
:10B670000023159B002BC0F25081BAF10E0F00F38E
:10B680004C816A4B03EBCA0393ED007B0B9B002BB1
:10B690008DED027B80F2D880B9F1000F00F3D480E9
:10B6A00040F05E820022664B51EC170BFDF7FEFF67
:10B6B000DDE9002301F074FB4F464E46002840F0C0
:10B6C000348231230BF101058BF800300AF1010AB5
:10B6D0002FE2F20705D5D7E90023FDF7E7FF013593
:10B6E00001237610083772E7022574E7CDF820A011
:10B6F0004F4691E74D4B03EBC70353E902010A9B09
:10B70000002B47D002460B4600204E49FEF7F8F8C2
:10B710002A463346FDF712FECDE90C015D46DDE910
:10B72000000101F067FB0646FDF756FF02460B4697
:10B73000DDE90001FDF702FE303605F8016BDDE9B9
:10B740000C23CDE9000101F017FB002863D1DDE9EE
:10B75000002300203749FDF7F1FDDDE90C2301F05E
:10B760000BFB002840F0B780A5EB0B039F427FF74F
:10B770007CAF0022304BDDE90C01FDF797FF002282
:10B78000CDE90C012C4BDDE90001FDF78FFFCDE980
:10B790000001C4E72A463346FDF788FFCDE90C01D6
:10B7A0000BEB07055E46DDE9000101F023FB0746D0
:10B7B000FDF712FF303702460B46DDE90001FDF7C9
:10B7C000BDFD06F8017BAE42CDE900014FF000025D
:10B7D00026D11C4BDDE90C01FDF7B2FD02460B46FC
:10B7E000DDE9000101F0E6FA002874D1DDE90C235F
:10B7F00000201449FDF7A2FD02460B46DDE90001D9
:10B8000001F0BAFA00283FF430AF15F8013C302BB4
:10B8100005F1FF3202D0DDF820A04AE01546F4E73A
:10B82000054BFDF743FFCDE90001BCE798EF0300AE
:10B8300070EF03000000F03F0000244000001C40B7
:10B84000000014400000E03FDDE900675D46DDE9EF
:10B85000022330463946FEF753F801F0CBFA804612
:10B86000FDF7BAFEDDE90223FDF720FF02460B4695
:10B870003046394608F13006FDF760FD05F8016BEA
:10B88000A5EB0B06B14502460B4639D1FDF758FD35
:10B89000DDE9022306460F4601F08CFAC8B9DDE95E
:10B8A00002233046394601F05DFA10B118F0010F5D
:10B8B0000FD10499204600F0E9FC0023129A2B7066
:10B8C0000AF101031360219B002B00F041821D60EF
:10B8D0003EE2CDF820A015F8012C392A05F1FF33FE
:10B8E00008D19B450AD1089B0133089330238BF87C
:10B8F00000305B461A7801321A708CE71D46EAE781
:10B9000000229B4BFDF7D2FE0022002306460F4685
:10B9100001F028FA00289AD0CBE70A9A002A00F012
:10B920008B80069A012A6EDC139A002A67D003F2F4
:10B930003343079F059D059A01211A44204605922D
:10B94000984400F043FD0646002D0CDDB8F1000FD1
:10B9500009DD4545059A2B46A8BF4346D21A0592F4
:10B96000ED1AA8EB0308079BEBB10A9B002B67D0ED
:10B970008FB131463A46204600F0C8FD049A014690
:10B980000646204600F02BFD04990890204600F062
:10B990007DFC089B0493079BDA1B04D00499204686
:10B9A00000F0B4FD04900121204600F00FFD0E9B35
:10B9B0000746002B00F0D0811A460146204600F0D1
:10B9C000A5FD069B012B074640DC009B002B39D1CF
:10B9D000019BC3F31303002B36D1019B23F00043DB
:10B9E0001B0D1B052BB1059B0133059308F10108C5
:10B9F000012307930E9B002B2AD1012030E0149BDA
:10BA0000C3F1360395E7079B09F1FF37BB42BFBF80
:10BA1000079B0797FA1A0E9BBBBF9B180E93DF1B61
:10BA20000027B9F1000FB5BF059B059DA3EB0905E4
:10BA30004B46B8BF00237EE7079F059D0A9E83E71C
:10BA4000079AABE70023D4E7009BD2E700230793D4
:10BA50003B6907EB8303186900F06AFCC0F1200022
:10BA6000404410F01F0047D0C0F12003042B3BDD01
:10BA7000059BC0F11C000344059305448044059BCD
:10BA8000002B05DD1A460499204600F08DFD049038
:10BA9000B8F1000F05DD39464246204600F084FD2E
:10BAA00007460F9B53B33946049800F0D1FD002898
:10BAB00024DA00230A220499204600F0FEFB0A9BA8
:10BAC00004900AF1FF3A002B00F04D81002331462B
:10BAD0000A22204600F0F1FB029B002B06464FDCB9
:10BAE000069B022B4CDD11E0C9D0059A1C331A4489
:10BAF00005921D449844C2E70346F6E7B9F1000FEA
:10BB000038DC069B022B35DDCDF80890029B63B92B
:10BB100039460522204600F0D0FB0146074604982E
:10BB200000F096FD00283FF7CCAD0B9B5D466FEA19
:10BB3000030A4FF000093946204600F0A7FB002E0B
:10BB40003FF4B7AEB9F1000F05D0B14503D0494677
:10BB5000204600F09BFB3146204600F097FBA8E60C
:10BB600000273E46E1E7DDF820A03E46A9E500BFFC
:10BB7000000024400A9BCDF80890002B00F0FA80CA
:10BB8000002D05DD31462A46204600F00DFD064613
:10BB9000079B002B4CD07168204600F043FB3269B4
:10BBA00002320546920006F10C010C30FEF7C6F990
:10BBB00001222946204600F0F7FC009BCDF814B086
:10BBC00003F00103B1460793064639460498FFF790
:10BBD000A6FA4946054600F13008049800F038FD01
:10BBE000324600903946204600F04CFDC3680246BC
:10BBF00003BB01460890049800F02AFD089A03460A
:10BC000011462046089300F041FB089BA3B9069A11
:10BC100092B9079A82B9B8F1390F29D0009B002B4D
:10BC200001DD05F13108059B5D1C83F8008082E78A
:10BC30003046C2E70123E3E7009A002A04DB25D15E
:10BC4000069A1ABB079A0ABB002BECDD0122049965
:10BC5000204600F0A9FC3946049000F0F9FC0028C9
:10BC600003DCE0D118F0010FDDD0B8F1390FD8D1E5
:10BC7000059B059A5D1C3923137015F8013C392B7F
:10BC800005F1FF324FD00133137054E7059A002BB2
:10BC900002F1010506DDB8F1390FE9D008F101081C
:10BCA000059BC2E7029A05F8018CA5EB0B039342B2
:10BCB00021D000230A220499204600F0FEFAB14563
:10BCC00004904FF000034FF00A024946204605D188
:10BCD00000F0F3FA81460646059576E700F0EDFAA6
:10BCE0003146814600230A22204600F0E6FA064645
:10BCF000F2E74FF0000901220499204600F054FCBD
:10BD00003946049000F0A4FC0028B6DC02D118F0FB
:10BD1000010FB2D115F8013C302B05F1FF327FF451
:10BD20000AAF1546F6E7934505D131230AF1010A1A
:10BD30008BF80030FFE615469FE7DFF864B007E0B8
:10BD4000219BDFF860B01BB10BF10803219A13604F
:10BD5000584617B0BDE8F08F069B012B7FF735AE34
:10BD60000E9B079349E6029B002B03DC069B022BEC
:10BD70003FF7CCAE5D4639460498FFF7D0F900F1A5
:10BD8000300805F8018B029AA5EB0B039A42B0DD4F
:10BD900000230A220499204600F08FFA0490EAE773
:10BDA000D7ED0300FCEE03008A892DE9F04105463A
:10BDB00010070C4658D44B68002B05DC0B6C002B8D
:10BDC00002DC0020BDE8F081E66A002EF9D00023F5
:10BDD00012F480522F68216A2B6032D0606DA389E3
:10BDE0005A0705D56368C01A636B0BB1236CC01A80
:10BDF00000230246E66A216A2846B047431CA3890D
:10BE000006D129681D2948D8294ACA40D60744D5F1
:10BE100000226260D9042269226004D5421C01D14B
:10BE20002B6803B96065616B2F600029C9D004F1EC
:10BE30004403994202D02846FEF7BAF80020606316
:10BE4000C0E701232846B047411CC8D12B68002B0E
:10BE5000C5D01D2B01D0162B01D12F60B1E7A389CE
:10BE600043F04003A381ADE70F69002FA9D09307EA
:10BE70000E6808BF4B690F6018BF0023A6EB0708C8
:10BE80008B60B8F1000F9CDD43463A46216AA66AF2
:10BE90002846B047002806DCA38943F04003A3816D
:10BEA0004FF0FF308EE70744A8EB0008E9E700BF3A
:10BEB0000100402038B50B6905460C46DBB118B1CE
:10BEC00083690BB900F060F80C4B9C4209D16C6897
:10BED000B4F90C307BB121462846BDE83840FFF765
:10BEE00063BF074B9C4201D1AC68F1E7054B9C4214
:10BEF00008BFEC68ECE7002038BD00BF2CEF030062
:10BF00004CEF03000CEF0300002310B50446C0E91A
:10BF10000033836081814366C281C0E90433836159
:10BF2000194608225C30FEF72DF8054B6362054B7D
:10BF3000A362054BE362054B2462236310BD00BF7F
:10BF400051CB030073CB0300ABCB0300CFCB03007B
:10BF5000014900F085B800BFB5BE030070B54A1EA8
:10BF6000682555430E4605F17401FEF76FF8044647
:10BF700040B10021C0E900160C30A06005F1680254
:10BF8000FEF700F8204670BD836910B5044633BB48
:10BF9000C0E912330365124B124A1B688262984251
:10BFA00004BF0123836100F01FF86060204600F0A9
:10BFB0001BF8A060204600F017F80022E060042182
:10BFC0006068FFF7A1FF01220921A068FFF79CFF2D
:10BFD00002221221E068FFF797FF0123A36110BD41
:10BFE000A8ED030051BF0300F8B51B4B1E68B369F1
:10BFF000074613B93046FFF7C7FF4836D6E9013484
:10C00000013B03D5336833B13668F7E7B4F90C5018
:10C010006DB16834F4E704213846FFF79FFF3060C4
:10C020000028F1D10C233B6004462046F8BD0B4BA1
:10C030006566C4E90055A560C4E90335C4E9055542
:10C040000822294604F15C00FDF79CFFC4E90D5568
:10C05000C4E91255E9E700BFA8ED03000100FFFFA6
:10C060002DE9F8438046894600F14804002614B9BA
:10C070003046BDE8F883D4E90175013F01D5246855
:10C08000F5E7AB89012B07D9B5F90E30013303D0A1
:10C0900029464046C84706436835EEE7044B1B680F
:10C0A000186A044B002808BF1846F030704700BFDC
:10C0B00044610020A861002070B50E46B1F90E1051
:10C0C000002996B014461D4607DA00232B60B38979
:10C0D0001A0610D44FF480630EE06A4600F09EFD0D
:10C0E0000028F2DB019A02F47042A2F500535A4292
:10C0F0005A412A60EEE740230020236016B070BD4D
:10C100008B8973B59D0706460C4607D504F1470396
:10C11000236023610123636102B070BD01AB6A46F5
:10C12000FFF7CAFF009905463046FDF78FFF48B973
:10C13000B4F90C309A05EFD423F0030343F0020363
:10C14000A381E3E70D4BB362A389206043F0800332
:10C15000A381009B6361019B20615BB1B4F90E1068
:10C16000304600F06DFD28B1A38923F0030343F0AE
:10C170000103A381A3891D43A581CDE751BF03001E
:10C1800001F0FF01102A2BDB10F0070F08D010F888
:10C19000013B013A8B422DD010F0070F42B3F6D18C
:10C1A000F0B441EA012141EA014122F007047FF0A5
:10C1B00000070023F0E80256083C85EA010586EAFC
:10C1C000010685FA47F5A3FA87F586FA47F6A5FA38
:10C1D00087F68EB9EED1F0BC01F0FF0102F0070244
:10C1E00032B110F8013B013A83EA010313B1F8D1EF
:10C1F0000020704701387047002D06BF35460338D0
:10C20000073815F0010F07D1013015F4807F02BF08
:10C21000013015F4C03F0130F0BC0138704700BF59
:10C220007047704770B5456A04460E463DB9102008
:10C23000F9F7AEFD6062C0E901550560C560656A49
:10C24000EB6883B1636ADB6853F82600B8B9012153
:10C2500001FA06F56A1D92002046FDF79BFE60B1CB
:10C26000C0E901650EE0212204212046FDF792FE7F
:10C27000636AE860DB68002BE4D1002070BD0268CF
:10C2800043F826200023C0E90333F7E770B5446A7A
:10C2900006460D463CB91020F9F77AFD7062C0E9F8
:10C2A00001440460C4603DB1736A6A68DB6853F896
:10C2B0002210296043F8225070BD2DE9F0410D692C
:10C2C0001F4606460C4601F1140C0023DCF8000062
:10C2D00081B202FB01710F0C000C02FB007089B2ED
:10C2E000013301EB00419D424FEA10474CF8041B1B
:10C2F000ECDCD7B1A368AB4212DC61683046013197
:10C30000FFF790FF2269023204F10C01804692008F
:10C310000C30FDF713FE21463046FFF7B7FF4446C9
:10C3200004EB850301355F6125612046BDE8F0819E
:10C33000020C12040346B2B90304102013F07F4F1D
:10C3400004BF1B02083013F0704F04BF1B01043000
:10C3500013F0404F04BF9B000230002B06DB5B0054
:10C3600003D5013070470020E8E7202070470368BC
:10C3700013F0070201460BD0DA0723D4980749BF10
:10C380005B089B0801200B605CBF0B6002207047BC
:10C3900098B2A8B91B0C102013F0FF0F04BF1B0AA2
:10C3A00008301A0704BF1B0904309A0704BF9B0812
:10C3B0000230DA0702D45B0806D001300B60704708
:10C3C0001046E9E7002070472020704710B50C4662
:10C3D0000121FFF727FF01224461026110BD2DE911
:10C3E000F74F14460A6923699A42B8BF0B4688463C
:10C3F000BCBFA0461C46D8F81070D4F81090D8F8EE
:10C400000830D8F8041007EB0906B342B8BF013171
:10C41000FFF708FF00F1140505EB860E2B460022FE
:10C42000734516D304F1140208F1140102EB8903D9
:10C4300001EB87070093009B019293420CD8002EDA
:10C4400003DD5EF8043D002B5DD0066103B0BDE85E
:10C45000F08F43F8042BE3E7B2F800B0BBF1000F14
:10C4600023D08946AC464FF0000859F8044BDCF85D
:10C4700000A0A3B21FFA8AFA0BFB03A34FEA144AE7
:10C48000DCF8004043444FEA14480BFB0A8404EBF9
:10C490001344E2469BB243EA04434F454FEA144833
:10C4A0004AF8043B2BD8CCF80480019BB3F802A0D7
:10C4B0000432BAF1000F20D02B688946A8464FF00D
:10C4C000000BB9F800C0B8F802400AFB0C445C4409
:10C4D000C4469BB243EA04434CF8043B59F8043B7E
:10C4E000B8F804B01B0C0AFB03B303EB14434F452D
:10C4F0004FEA134B05D8C8F8043004359BE7D446FF
:10C50000B3E7E046DDE7013E99E700002DE9F84397
:10C51000154612F0030206460F4607D0013A214C99
:10C52000002354F82220FFF7C8FE0746AD1035D08F
:10C53000746A3CB91020F9F72BFC7062C0E9014421
:10C540000460C460D6F82480D8F808404CB940F2A2
:10C5500071213046FFF73AFF0023C8F8080004466F
:10C5600003604FF00008EB070AD5394622463046F3
:10C57000FFF735FF394681463046FFF787FE4F46C5
:10C580006D100BD0206838B9224621463046FFF79F
:10C5900026FF2060C0F800800446E4E73846BDE886
:10C5A000F88300BF60F003002DE9F0470C464FEA26
:10C5B000621A236949680AEB0309A368074616460D
:10C5C00009F10105AB4232DB3846FFF72BFE0023B1
:10C5D000804600F114011A4653452BDB20692AEAF4
:10C5E000EA7A04F1140316F01F0201EB8A0103EB4F
:10C5F000800C25D0C2F1200E00201E688A4696408D
:10C6000030434AF8040B53F8040B9C4520FA0EF013
:10C6100014D8486008B109F10205013D3846C8F850
:10C6200010502146FFF732FE4046BDE8F087013149
:10C630005B00C7E741F823200133CDE75146DCE733
:10C64000043953F8042B41F8042F9C45F9D8E4E74A
:10C6500003690A699B1A30B50CD192001430143169
:10C660008418114454F8045D51F8042D954203D008
:10C6700005D30123184630BDA042F3D3FAE74FF0AB
:10C68000FF33F7E72DE9F0470D46074611462846E8
:10C690001446FFF7DDFF061E08D131463846FFF786
:10C6A000C1FD0123C0E90436BDE8F087A4BF2346DD
:10C6B0002C4638466168A6BF1D4600260126FFF7B6
:10C6C000B1FD2B69C660266905F1140904F1140255
:10C6D00002EB860709EB830800F114054FF0000E0A
:10C6E00052F804AB59F8044B1EFA8AF1A3B2C91AE6
:10C6F000230CC3EB1A4303EB214389B24FEA234EC9
:10C70000C84541EA0343944645F8043BE8D8BC4594
:10C7100004D355F8043D83B10661C5E75CF8041BFA
:10C720001EFA81F31A1402EB11429BB243EA024350
:10C730004FEA224E45F8043BE9E7013EE9E72DE9DF
:10C74000F7430E46012159EC108B1546FFF76AFDA1
:10C75000C9F30A540746C9F3130334BB0193B8F174
:10C76000000327D002A840F8083DFFF700FE00991B
:10C77000F0B1019AC0F1200302FA03F30B43C24067
:10C780007B610192019BBB61002B14BF022101213F
:10C790003961C4B1A4F2334404443460C0F13500BB
:10C7A0002860384603B0BDE8F08343F48013D5E732
:10C7B0007961E7E701A8FFF7DAFD019B7B610121C1
:10C7C00039612030E5E707EB8103A0F232403060A9
:10C7D0001869FFF7ADFDC0EB4110E1E7F8B507467A
:10C7E00014460E4621B91146BDE8F840FDF72EBCAF
:10C7F00022B9FDF7DDFB25462846F8BD00F042FAD8
:10C80000A0420FD221463846FDF720FC05460028FD
:10C81000F2D031462246FDF791FB31463846FDF70E
:10C82000C7FBE9E73546E7E72DE9F0478E689E420A
:10C8300082460C469046994637D88A8912F4906F02
:10C8400031D0256809696F1A6569022305EB450532
:10C8500095FBF3F509F101033B449D4238BF1D46AA
:10C86000530530D52946FDF7F1FB064650B90C2398
:10C87000CAF80030A38943F04003A3814FF0FF3092
:10C88000BDE8F0873A462169FDF758FBA38923F4F8
:10C89000906343F08003A381266165613E44ED1BF4
:10C8A0002660A5604E464E4500D94E46324641466A
:10C8B0002068FDF74EFBA3689B1BA36023681E4402
:10C8C00026600020DCE72A46FFF788FF064600289E
:10C8D000E2D121695046FDF76BFBC8E72DE9F04F27
:10C8E0009DB0804603938B891D060C4616460FD5D6
:10C8F0000B696BB94021FDF7A9FB2060206128B9C5
:10C900000C23C8F800304FF0FF30C7E040236361CC
:10C910000023099320238DF8293030238DF82A3005
:10C920004FF0010B37463D4615F8013B0BB1252B67
:10C930003ED1B7EB060A0BD053463246214640465D
:10C94000FFF772FF013000F0A480099B5344099364
:10C950003B78002B00F09D8000234FF0FF32CDE9A3
:10C960000523049307938DF853301A932F4605221D
:10C9700017F8011B4F48FFF703FC049BD0B9D906F9
:10C9800044BF20228DF853201A0744BF2B228DF874
:10C9900053202A782A2A15D0079A2F4600200A25E4
:10C9A000394611F8013B303B092B4DD9B8B10FE0A6
:10C9B0002F46B8E73F4A801A0BFA00F0184304905C
:10C9C0003D46D3E7039A111D12680391002A01DB4B
:10C9D000079204E0524243F00203079204933B782B
:10C9E0002E2B0CD17B782A2B33D1039B1A1D1B686D
:10C9F0000392002BB8BF4FF0FF33023705932E4D43
:10CA0000397803222846FFF7BBFB38B14023401B8F
:10CA100003FA00F0049B0343013704933978274855
:10CA20008DF8281006227E1CFFF7AAFB002838D0BC
:10CA3000234B13BB039B073323F0070308330393F4
:10CA4000099B4B4409936DE705FB023201200F4619
:10CA5000A6E700230137059319460A25384610F842
:10CA6000012B303A092A03D9002BC8D00591C6E71B
:10CA700005FB012101230746F0E703AB00932246A3
:10CA8000104B04A94046FDF70DFDB0F1FF3F814674
:10CA9000D6D1A3895B063FF536AF09981DB0BDE836
:10CAA000F08F03AB00932246064B04A94046FDF7E6
:10CAB000AFFFEAE7B6ED0300BCED0300C0ED0300F5
:10CAC000A5A4030029C803001F2938B504460D4654
:10CAD00004D9162303604FF0FF3038BD426C12B109
:10CAE00052F821304BB9204600F030F82A46014672
:10CAF0002046BDE8384000F017B8012B0AD0591C79
:10CB000003D1162303600120E7E7002442F8254003
:10CB1000284698470020E0E7024B01461868FFF7D7
:10CB2000D3BF00BF4461002038B5074C0023054641
:10CB300008461146236000F0A5F9431C02D1236882
:10CB400003B12B6038BD00BFE4BD002000F08AB9FE
:10CB500010B50C46B1F90E1000F09CF80028ABBFE0
:10CB6000636DA3891B1823F48053ACBF6365A38155
:10CB700010BD2DE9F0411F468B89DB0505460C46AB
:10CB8000164605D502230022B1F90E1000F068F810
:10CB9000A389B4F90E1023F48053A38132463B4697
:10CBA0002846BDE8F04100F017B810B50C46B1F9C1
:10CBB0000E1000F055F8431CA38915BF606523F4DF
:10CBC000805343F48053A38118BFA38110BDB1F9F2
:10CBD0000E1000F013B8000038B5074C05460846A3
:10CBE0001146002222601A46FBF736FC431C02D194
:10CBF000236803B12B6038BDE4BD002038B5064C76
:10CC0000002305460846236000F01CF9431C02D1AE
:10CC1000236803B12B6038BDE4BD002038B5074C54
:10CC20000023054608461146236000F013F9431C13
:10CC300002D1236803B12B6038BD00BFE4BD0020E2
:10CC400038B5064C002305460846236000F012F96B
:10CC5000431C02D1236803B12B6038BDE4BD002022
:10CC600038B5074C054608461146002222601A4690
:10CC700000F010F9431C02D1236803B12B6038BDCA
:10CC8000E4BD002051F8043C181F002BBCBF0B581A
:10CC9000C018704738B5074C0546084611460022B3
:10CCA00022601A4600F0FEF8431C02D1236803B14B
:10CCB0002B6038BDE4BD00204FF0FF3C06E000BF14
:10CCC0004FF0010C02E000BF4FF0010C4DF804CD15
:10CCD0004FEA410C7FEA6C5C4FEA430C18BF7FEAD5
:10CCE0006C5C1BD001B050EA410C0CBF52EA430C03
:10CCF00091EA030F02BF90EA020F0020704710F183
:10CD0000000F91EA030F58BF994208BF90422CBF11
:10CD1000D8176FEAE37040F0010070474FEA410C0A
:10CD20007FEA6C5C02D150EA013C07D14FEA430C28
:10CD30007FEA6C5CD6D152EA033CD3D05DF8040B99
:10CD4000704700BF8446104662468C4619466346CB
:10CD500000E000BF01B5FFF7B7FF002848BF10F1A2
:10CD6000000F01BD4DF808EDFFF7F4FF0CBF0120E7
:10CD700000205DF808FB00BF4DF808EDFFF7EAFF63
:10CD800034BF012000205DF808FB00BF4DF808ED1E
:10CD9000FFF7E0FF94BF012000205DF808FB00BF13
:10CDA0004DF808EDFFF7CEFF94BF012000205DF89D
:10CDB00008FB00BF4DF808EDFFF7C4FF34BF0120AA
:10CDC00000205DF808FB00BF4FEA410C7FEA6C5C75
:10CDD00002D150EA013C0AD14FEA430C7FEA6C5C75
:10CDE00002D152EA033C02D14FF0000070474FF0ED
:10CDF000010070474FEA410212F5001215D211D519
:10CE00006FF47873B3EB625212D94FEAC12343F047
:10CE1000004343EA505311F0004F23FA02F018BFC9
:10CE2000404270474FF00000704750EA013005D192
:10CE300011F0004008BF6FF0004070474FF0000055
:10CE4000704700BF024B58221A604FF0FF30704706
:10CE5000E4BD0020024B58221A604FF0FF307047AB
:10CE6000E4BD0020024B58221A604FF0FF3070479B
:10CE7000E4BD0020024B58221A600020704700BF1A
:10CE8000E4BD0020024B58221A604FF0FF3070477B
:10CE9000E4BD0020024B58221A604FF0FF3070476B
:10CEA000E4BD0020024B58221A604FF0FF3070475B
:10CEB000E4BD0020044A05491368002B08BF0B4657
:10CEC0001844106018467047C0BD0020E8BD00201F
:10CED000FEE700BFF8B500BFF8BC08BC9E4670472F
:10CEE000F8B500BFF8BC08BC9E46704754696E791F
:10CEF0005553422053657269616C000000000000C8
:10CF000000000000316502008963020079630200BD
:10CF10006D630200F16202003D63020011630200D2
:10CF2000D1630200F0FFFFFF00000000296502004E
:10CF300012010002000000409A23B3000001010228
:10CF40000301000009020900000100A032000000F6
:10CF5000303132333435363738394142434445462F
:10CF60004E6F6C6F676F000050726F4D6963726F28
:10CF7000204E52463532383430000000416461663C
:10CF800072756974000000004D6173732053746FF3
:10CF90007261676500000000312E300075736264B5
:10CFA00000000000050F3900021810050038B6080F
:10CFB00034A909A0478BFDA0768815B6650001014C
:10CFC000011C100500DF60DDD88945C74C9CD26587
:10CFD0009D9E648A9F00000306B2000200010300C8
:10CFE0000000000019700200A9700200D570020054
:10CFF0001D71020029720200FD7202000000000093
:10D0000000000000757D020000000000857D020028
:10D01000957D02002D7E02007D7F02000000000051
:10D0200000000000B5740200CD740200D17402004B
:10D03000E9740200B1750200D97702000000000017
:10D0400000000000758C0200998C02009D8C02008B
:10D05000C18C0200E98D0200699502000000000009
:10D060000000000099780200097902003579020079
:10D070005D790200917A0200957A020000000000BA
:10D08000000000004D860200A5860200C186020055
:10D09000E58602003D6D02001D88020000000000D0
:10D0A0005F757362645F7164656600005D200000F7
:10D0B00064D203006CD2030074D203007CD203005C
:10D0C00088D2030090D203009CD20300ACD20300AC
:10D0D000B8D2030041542B43434C4B3F00000000A7
:10D0E0002B434D4752443A002B434D47523A0000E0
:10D0F0006E6F202B434D4752206865616465722036
:10D10000696E207265706C7900000000756E65783C
:10D11000706563746564202B434D475220706172C3
:10D12000616D657465727320282564290000000014
:10D1300041542B43535100002B4353513A000000FC
:10D140006E6F20273E272070726F6D707400000094
:10D1500041542B434C49503D3100000069676E6FCC
:10D160007265643A20257300415445300000000088
:10D17000415400006E6F74696669636174696F6E13
:10D180002071756575652066756C6C2C2064726FF6
:10D190007070696E673A2025730000004552524F47
:10D1A000520000002B434D45204552524F52000083
:10D1B0002B434D53204552524F5200002573202DD2
:10D1C0003E2025730000000025732074696D65649E
:10D1D000206F7574000000002B00000041542B43A9
:10D1E0004D47533D222573220000000073656E6495
:10D1F000206661696C65643A2025730073656E640E
:10D200002074696D6564206F757400005258202584
:10D21000730000006F76657273697A6564206C69CB
:10D220006E65206469736361726465640000000068
:10D2300041542B43504D533F0000000041542B43B9
:10D240004D47463D3100000041542B434D47443D7E
:10D250002575000054582025730000006D6F64652B
:10D260006D00000052494E47000000002B434C491E
:10D27000503A00002B434D54493A00004E4F204392
:10D2800041525249455200002B43454E443A00005A
:10D29000564F4943452043414C4C3A004D49535366
:10D2A00045445F43414C4C3A000000004E4F204142
:10D2B0004E5357455200000042555359000000009C
:10D2C000756E706172736561626C653A20257300DA
:10D2D00074696D65000000006F7574206F662072C0
:10D2E000616E67653A2025730000000025303275B5
:10D2F0003A253032750000000000000000000000F8
:10D30000D92E0300C1490300996A02006DDC0200B6
:10D3100085DC02001522030019220300A525030065
:10D32000292203003D22030071240300152203007B
:10D330005522030051220300D5270300F9260300DC
:10D340002123030071DC020079220300A1230300E2
:10D3500058E5030014E5030060E5030060E5030001
:10D3600010D503005F0000006E616D652F6E756D56
:10D37000626572202055502F444E2020454E542087
:10D380002045534300000000546F3A200000000085
:10D3900074797065206D73672020454E5420736545
:10D3A0006E642020455343002020000041542B434D
:10D3B0004D47523D256400002A0000002F00000068
:10D3C000747A206F6666736574206E6F77202564AB
:10D3D000206D696E000000006576656E74000000C7
:10D3E0004E6577206D657373616765202D2D20690B
:10D3F0006E626F78206F6E20455343004E65772034
:10D400006D6573736167652066726F6D2000000043
:10D410002B434C495000000043616C6C3A200000E3
:10D42000496E636F6D696E672063616C6C0000000C
:10D430004D69737365642063616C6C3A2000000071
:10D440006F6B000064656C65746520736C6F74208D
:10D4500025643A20257300002B3100006B62204FB9
:10D460004B0000006B62203F3F00000020206D6FEA
:10D4700064656D204F4B000020206D6F64656D204A
:10D480003F3F00007072657373206B657973207481
:10D490006F20746573742020455343206261636B71
:10D4A000000000006469792D70686F6E65200000CF
:10D4B00073696720000000002020736D7320000056
:10D4C00041542B434F50533F0000000072616D20C8
:10D4D000000000006B0000006D69737365643A0022
:10D4E000206E6F6E650000006B65793A20000000C9
:10D4F0004641494C454400006465627567206F6E83
:10D50000000000006465627567206F6666000000B9
:10D5100073746174757300004154490041542B4386
:10D5200050494E3F0000000041542B435245473FB5
:10D5300000000000646562756700000072616D00A4
:10D54000206279746573206672656500636F6D6D26
:10D55000616E64733A000000202041542E2E2E206C
:10D56000202073656E6420616E7920415420636FC2
:10D570006D6D616E6420746F20746865206D6F64DA
:10D58000656D2C207072696E7420746865207265F8
:10D59000706C7900202073746174757320206D6F36
:10D5A00064656D206865616C746820636865636B91
:10D5B0000000000020206465627567202020746FE1
:10D5C00067676C65207261772041542054582F5250
:10D5D000582074726163696E6700000020207261D8
:10D5E0006D202020202073686F772066726565208B
:10D5F00052414D00202068656C7020202020746806
:10D600006973206C69737400656D696C69650000ED
:10D610006C697A00646F6E005B6F6B5D20000000C8
:10D620005B2D2D5D2000000055502F444E202044DE
:10D630002064656C202052207265706C7920204532
:10D64000534300003C756E6B6E6F776E3E000000BA
:10D650007C0000002D2D3A2D2D000000696E626FB8
:10D660007820656D707479006D6F64656D206F66EC
:10D67000666C696E65000000454E542072656164F9
:10D68000202043206E65772020442064656C202094
:10D690005220205441420000433A20636F6D706F66
:10D6A000736500005E0000002E2E2E0073656E7400
:10D6B0000000000053454E44204641494C4544007B
:10D6C00073656E64696E672E2E2E000027000000C1
:10D6D000272020283078000029000000636F64654F
:10D6E0002030780073656E6420746F2025733A20B3
:10D6F0002573000041542B434D474C3D22414C4C77
:10D700002200000041542B434D474C206661696C58
:10D7100065640000736D73002B434D474C3A000065
:10D72000554E5245414400002564206D6573736178
:10D7300067652873292C20256420756E72656164E5
:10D74000000000005CDA030064D7030020007E00C4
:10D7500012000000A0E00300A8DD030020007E000E
:10D7600012000000000000000B0001000000020B8E
:10D770000B04F600030006050B02F6000700070C79
:10D780000B02F6001200080C0B01F6001E00070B3E
:10D790000B02F6002800070A0B02F7003100030510
:10D7A0000B04F6003300020D0B05F6003700020DE6
:10D7B0000B04F6003B0007070B02F60042000707C8
:10D7C0000B02F800490003050B02FF004B000901A2
:10D7D0000B01FB004D0002020B04FF004E00070D81
:10D7E0000B02F5005A00070B0B02F6006400050B54
:10D7F0000B03F6006B00070B0B02F6007500080B1D
:10D800000B01F6008000060B0B03F6008900070BE6
:10D810000B02F6009300070B0B02F6009D00070BAE
:10D820000B02F600A700070B0B02F600B100070B76
:10D830000B02F600BB0002080B04F900BD00030B4D
:10D840000B03F900C20008080B01F800CA00090424
:10D850000B01FA00CF0009080B01F800D800070AF5
:10D860000B02F700E100080C0B02F600ED000B0ABA
:10D870000B00F700FB00090A0B01F7000701090A7A
:10D880000B01F7001301090A0B01F7001F01090A38
:10D890000B01F7002B01090A0B01F70037010A0AF7
:10D8A0000B01F7004401090A0B01F7005001050ABA
:10D8B0000B03F7005701080A0B02F7006101090A80
:10D8C0000B01F7006D01080A0B02F70077010B0A44
:10D8D0000B00F7008501090A0B01F7009101090A05
:10D8E0000B01F7009D01080A0B01F700A701090DC4
:10D8F0000B01F700B601090A0B01F700C201070A84
:10D900000B02F700CB01090A0B01F700D701090A46
:10D910000B01F700E3010B0A0B00F700F1010B0A02
:10D920000B00F700FF01090A0B01F7000B02090ABF
:10D930000B01F7001702070A0B02F7002002020D85
:10D940000B05F6002402070D0B02F5003002020D54
:10D950000B04F600340207050B02F60039020B0136
:10D960000B0002003B0203030B03F5003D02090814
:10D970000B01F9004602090B0B01F60053020708E0
:10D980000B02F9005A02090B0B01F60067020808A6
:10D990000B01F9006F02060B0B03F6007802090B6E
:10D9A0000B01F9008502090B0B01F6009202070A30
:10D9B0000B02F7009B02050D0B03F700A402080BF6
:10D9C0000B02F600AF02070B0B02F600B9020908C2
:10D9D0000B01F900C20209080B01F900CB0209088A
:10D9E0000B01F900D402090B0B01F900E102090B4C
:10D9F0000B01F900EE0207080B03F900F502070816
:10DA00000B02F900FC02080A0B02F70006030808E3
:10DA10000B01F9000E0309080B01F90017030908AF
:10DA20000B01F900200309080B01F9002903090B78
:10DA30000B01F900360307080B02F9003D03030D43
:10DA40000B04F6004203010D0B05F6004403030D21
:10DA50000B04F600490307030B02FA00AAA80CED19
:10DA60002492482448912FE4897F28512240083E7F
:10DA70006240300E0181C3BE08087112238023B8B2
:10DA80000E224470388102061A6546C8ECE9245A11
:10DA9000AAA940A9555A8010224BE3051100102075
:10DAA00047F10204006B48FF00F002081060810497
:10DAB000082041020800388A0C183060C18288E0D2
:10DAC0002728421084213E388A08102082086103EA
:10DAD000F87C0602021C06010101423C18A2928A4F
:10DAE00028BF0821C07C8103E44040810388E01EF8
:10DAF00041040B98B0C1C288E0FE040820408204B3
:10DB0000082040388A0C14471141838CE0388A1C65
:10DB10001868CE810413C0F00F6C00D2D200030449
:10DB2000186060180403FF80001FF04018030060B5
:10DB30002060C0803D840830C2000000303C468236
:10DB40008EB2A2A29F8080403C3C01402809011077
:10DB5000420FC104409E3CFE21904867E2090281C9
:10DB600041FF803EB0F0300804020080608F80FEEC
:10DB7000219068140A050283437F00FF20900887E4
:10DB8000C221008140FFC0FFA0500887C221008051
:10DB90004078001E986C0A008020F80B026087C055
:10DBA000E3A0904827F20904824171C0F9084210AD
:10DBB0008427C01F02020202028282C678E3A111FA
:10DBC0000905832108844170C0E040404040404145
:10DBD0004141FFE0EC194528A4A494911202405C55
:10DBE0001CC3B0944A249249148A4370801E319019
:10DBF00050180C060282630F00FE434141427C40F4
:10DC00004040F01C319050180C060282631F04073C
:10DC10009230FE2190482423E110844170C03ACD17
:10DC20000A030180C1C778FFC46221008040201030
:10DC3000081F00E3A090482412090482220E00F17C
:10DC4000E81082104210220480500C0080F1E80994
:10DC5000112544A8550CA18C318430E3A088828022
:10DC600080C090444171C0E3A08882814040201070
:10DC7000081F00FD0A208104102183FCEAAAAAC023
:10DC8000808103020404080810102020D55555C0D7
:10DC90001051222820FFE088807E008047EC140A83
:10DCA0000CFBC020100BC61205028140B0B7803AB1
:10DCB0008E0C0810109E03008047A4340A050281D0
:10DCC000218F603C4381FF8080613E3D043E4104E2
:10DCD00010410F803DA1A0502814090C7A01018742
:10DCE00080C020100BC6320904824120B8E0100128
:10DCF000C08102040811FC103E10842108423F003C
:10DD0000C040404F445870484442C7702040810290
:10DD100004081023F8B7646231188C4623915E31F1
:10DD2000904824120905C73E31A030180C058C7CA0
:10DD3000DE309028140A0584BC402038003DA1A0A4
:10DD4000502814090C7A010080E0CEA1820408104A
:10DD50007C3A8D0B80F070DE4040FC4040404040FB
:10DD6000413EC34141414141433DE3A090844220B3
:10DD7000A05010E3C0924B2592A99844E3310501CD
:10DD800001411105C7E3A090844240A06010100833
:10DD90003E00FD0820820810BF2924A24926FFF872
:10DDA00089248A492C612430000000000B00010006
:10DDB0000000030B0B04F600050007050B02F6003C
:10DDC0000A00080C0B01F6001600070E0B02F50006
:10DDD0002300070B0B02F6002D00080A0B01F700C9
:10DDE000370003050B04F6003900040E0B05F6009E
:10DDF0004000040E0B02F600470008070B02F60075
:10DE00004E0008090B02F800570003050B03FF0042
:10DE1000590009020B01FB005C0002020B04FF0029
:10DE20005D00070F0B02F4006B00070C0B02F500FE
:10DE30007600070B0B02F6008000080C0B01F500C2
:10DE40008C00080C0B02F5009800070A0B02F70083
:10DE5000A100090B0B01F600AE00080C0B02F50047
:10DE6000BA00080B0B01F600C500070C0B02F50009
:10DE7000D000080C0B02F500DC0002080B04F900CE
:10DE8000DE00030B0B03F900E30009080B01F800A7
:10DE9000EC0009060B01F900F30009080B01F8007A
:10DEA000FC00080B0B02F6000701090F0B01F5003F
:10DEB00018010B0B0B00F60028010A0B0B01F600F2
:10DEC0003601090B0B01F60043010A0B0B00F600AB
:10DED0005101090B0B01F6005E01090B0B01F60065
:10DEE0006B010A0B0B01F6007901090B0B01F6001F
:10DEF0008601060B0B03F6008F010A0B0B01F600DF
:10DF00009D010A0B0B01F600AB01090B0B01F6009A
:10DF1000B8010B0B0B00F600C8010B0B0B00F60051
:10DF2000D8010B0B0B00F600E801090B0B01F60002
:10DF3000F5010B0E0B00F6000902090B0B01F600B0
:10DF40001602090B0B01F6002302090B0B01F60068
:10DF500030020B0B0B00F60040020B0B0B00F6001F
:10DF600050020A0B0B00F6005E020A0B0B00F600D3
:10DF70006C020A0B0B00F6007A02080B0B02F6008B
:10DF80008502040E0B05F6008C02070F0B02F4004D
:10DF90009A02040E0B02F600A10207060B02F5001E
:10DFA000A7020B020B000300AA0203030B03F500F8
:10DFB000AC0209080B01F900B5020A0B0B00F600D0
:10DFC000C30209080B01F900CC020A0B0B01F60091
:10DFD000DA0209080B01F900E302080B0B02F60054
:10DFE000EE02090C0B01F900FC02090B0B01F60013
:10DFF0000903080B0B02F6001403060F0B02F600D0
:10E000002003090B0B01F6002D03080B0B02F60091
:10E0100038030B080B00F900430309080B01F90052
:10E020004C0309080B01F90055030B0C0B00F90018
:10E0300066030B0C0B00F900770309080B01F900CC
:10E04000800308080B02F9008803080B0B01F60097
:10E05000930309080B01F9009C030B080B00F9005E
:10E06000A7030B080B00F900B20309080B01F90024
:10E07000BB030A0C0B00F900CA0307080B02F900E6
:10E08000D103040E0B03F600D803020E0B05F600B5
:10E09000DC03040E0B04F600E30309040B01FA0091
:10E0A000FFFFD21F80EC891224403636367F7F3640
:10E0B000FFFF3C3C3C0018FFFE3C1F1F83468DF0D9
:10E0C000C1830061224486673711224C703C7E6018
:10E0D00060307BDFCEFF7FC9243766CCCCCC663185
:10E0E000CE6633333366C81818FFFF3C3C661818F9
:10E0F00018FFFF181818186B48FFFFC0F0020C1823
:10E1000060C3060C3061830C18200038FBBE3C78DD
:10E11000F1E3C7DDF1C038F360C183060C18FDF8E8
:10E120003CFEC70303060C1870E3FFFF7CFE0303ED
:10E13000031E1E070303FE7C1C38B164D9BFFF3EDB
:10E140007C7E3F180FC7F31C0603C3FF9F800F3F61
:10E15000306060DCFEE3C3637E3CFFFFC303060662
:10E16000060C0C0C1838FB1E3C6F9F63C78FF1C068
:10E170003C7EE6C3C3E77F3B060EFCF0F00F6C006D
:10E180001AD2000183870E0F80E01C03FFFFC0003E
:10E190000FFFFCC0780F01E0F9E3C1807CFEC703EC
:10E1A0000E1C00000030301E1F1CDC6C767B6DB630
:10E1B000DB6FF3FC0633F8783C07C0380581B036D6
:10E1C0000FE1FC71DF7FEF80FF3FE619867F1FE6DE
:10E1D0001D8360FFFFF01FBFD8F83C06030180617C
:10E1E000BFC7C0FE3FE6198360D8360D8361BFEF1D
:10E1F000E0FFFFD86DB7C3E1B0C361FFFFE0FFFFF1
:10E20000D86DB7C3E1B0C0607C3E001F9FE61B061F
:10E21000C0300C7F1FE19FE3F0F7FBD8CC6633F9E9
:10E22000FCC6637BFDE0FFF30C30C30C33FFC01F63
:10E23000C7F0300C0300CC330CC73F87C0F7BDE6F6
:10E2400061B0781F06E198633CFF3CFC7E0C06033E
:10E250000180C66331FFFFE0E0FE3DC73DE7BCD76C
:10E260009BB37660DE3FC780E1FE3DE33C66CCDDDC
:10E2700099B31E63DE3BC3001F07F1C7707C0780A4
:10E28000F01F0771C7F07C00FE7F986C361BF9F811
:10E29000C0607C3E001F07F1C7707C0780F01F073D
:10E2A00071C7F07C0C33FE7F80FC7F18CC6673F165
:10E2B000F0CC637DFE603FBFF0780F03F83F83C36F
:10E2C000FFBF80FFFFF67B3D98C06030183F1F8086
:10E2D000F1FE3D8330660CC198330660C7F07C00C8
:10E2E000FBFF7DC318C3183606C0500E01C01000D6
:10E2F000FBFEF60D936EDBB7ADEE7B8EE318F3FC01
:10E30000F738FC1E0301E0CC73BCFF3CF3FCF7388C
:10E31000CC1E0780C0300C0FC3F0FEFEC6CC181810
:10E320003063C3FFFFFFCCCCCCCCCCFF010306068F
:10E330000C0C181830306060C080FF333333333337
:10E34000FF1071E36C7040FFFFFC88807E3F8FCF31
:10E35000EE361BFEFFE0380601BC7F9C760D837114
:10E36000FFEEF03FBFF8783C0705FE7E0380E01823
:10E37000F67FB8EC1B06E39FF3FC3E3FB0FFFFFEC9
:10E3800001FE7E1F3F307E7E30303030FEFE3FBFCC
:10E39000F9D86C3739FC7603018FC7C0E070180DCF
:10E3A000C7F3998CC6637BFDE018180078781818BD
:10E3B0001818FFFF18603FFC30C30C30C30FFF80FC
:10E3C000E070180DE6F3E1E0F86E73F9E078781884
:10E3D000181818181818FFFFFD9FF99B33666CCDAD
:10E3E000BDFFBFEE7F98CC66331BDFEF3E3FB8F832
:10E3F0003C1F1DFC7CEF1FF9C3B03606E1DFF3784C
:10E40000600C03E07C001EEFFF87606C0DC39FF083
:10E41000F600C0180F81F077BFCF06030183F9FC27
:10E420003FFFC3FC3FC3FFFC606060FEFE606060B6
:10E43000617F3EE77398CC663319FE7FFBFF7CC695
:10E4400018C1B036038070F1FE3DBB3763F8770E1C
:10E45000E18CF7FBCD8383C3BBDFEFF3FCF618CC75
:10E46000330781E0300C060FC3F0FFFF30C30C7F91
:10E47000FF376666CC666673FFFFFFF0CE666633D5
:10E480006666EC707CF3C0C076343965000000002D
:10E4900008D6030068E5030010D6030078E5030002
:10E4A00014D6030088E503006D6F64656D206F6E00
:10E4B0006C696E65000000006469792D70686F6E8C
:10E4C000650000006B6579626F6172640000000096
:10E4D0006B6579626F617264206F6B00626F6F743D
:10E4E0000000000077616974696E672E2E2E0000AF
:10E4F000524541445900000053494D206361726404
:10E50000000000002C3100002C35000020756E72D8
:10E51000656164206D657373616765005344412DC7
:10E520003E382053434C2D3E373F000054582D3E7B
:10E53000342052582D3E333F20706F7765723F0074
:10E540006E6574776F726B00736561726368696E74
:10E55000672E2E2E00000000696E626F78000000AA
:10E56000636F6D706F7365002B313634363332371D
:10E5700038323230000000002B3136313734323936
:10E5800039313434000000002B3136353132353228
:10E5900034373635000000000000000000000000A5
:10E5A0008D1B0300B51B0300996A0200711B030059
:10E5B000751B03007D1B0300851B0300705F7370D8
:10E5C0006920213D204E554C4C0000002F686F6D96
:10E5D000652F6477626C6169722F2E706C6174664E
:10E5E0006F726D696F2F7061636B616765732F6602
:10E5F00072616D65776F726B2D61726475696E6F94
:10E6000061646166727569746E726635322F6C6909
:10E61000627261726965732F5350492F5350492EAE
:10E6200063707000535049436C6173733A3A5350AE
:10E6300049436C617373284E52465F5350494D5F96
:10E64000547970652A2C2075696E74385F742C209B
:10E6500075696E74385F742C2075696E74385F74D8
:10E660002900000000000000003E5B4F5B3E3E6B57
:10E670004F6B3E1C3E7C3E1C183C7E3C181C577D5C
:10E68000571C1C5E7F5E1C00183C1800FFE7C3E7A8
:10E69000FF0018241800FFE7DBE7FF30483A060EBA
:10E6A0002629792926407F050507407F05253F5A01
:10E6B0003CE73C5A7F3E1C1C08081C1C3E7F142271
:10E6C0007F22145F5F005F5F06097F017F0066891C
:10E6D000956A606060606094A2FFA29408047E0462
:10E6E0000810207E201008082A1C08081C2A080888
:10E6F0001E101010100C1E0C1E0C30383E38300648
:10E700000E3E0E06000000000000005F0000000743
:10E71000000700147F147F14242A7F2A1223130871
:10E72000646236495620500008070300001C22414D
:10E73000000041221C002A1C7F1C2A08083E0808F1
:10E7400000807030000808080808000060600020A1
:10E75000100804023E5149453E00427F4000724984
:10E760004949462141494D331814127F1027454528
:10E7700045393C4A4949314121110907364949493E
:10E7800036464949291E00001400000040340000AC
:10E790000008142241141414141400412214080215
:10E7A000015909063E415D594E7C1211127C7F4988
:10E7B0004949363E414141227F4141413E7F4949DD
:10E7C00049417F090909013E414151737F08080809
:10E7D0007F00417F41002040413F017F08142241DA
:10E7E0007F404040407F021C027F7F0408107F3E34
:10E7F0004141413E7F090909063E4151215E7F09A1
:10E80000192946264949493203017F01033F404007
:10E81000403F1F2040201F3F4038403F63140814F2
:10E820006303047804036159494D43007F4141412A
:10E830000204081020004141417F0402010204400B
:10E8400040404040000307080020545478407F288F
:10E850004444383844444428384444287F38545485
:10E86000541800087E090218A4A49C787F080404A8
:10E870007800447D40002040403D007F1028440047
:10E8800000417F40007C047804787C0804047838D8
:10E8900044444438FC1824241818242418FC7C0808
:10E8A000040408485454542404043F44243C404085
:10E8B000207C1C2040201C3C4030403C4428102838
:10E8C000444C9090907C4464544C44000836410081
:10E8D0000000770000004136080002010204023CFB
:10E8E0002623263C1EA1A161123A4040207A3854CA
:10E8F0005455592155557941225454784221555443
:10E90000784020545579400C1E5272123955555595
:10E9100059395454545939555454580000457C4180
:10E920000002457D420001457C407D1211127DF0C0
:10E93000282528F07C545545002054547C547C0AEA
:10E94000097F4932494949323A4444443A324A48B3
:10E9500048303A4141217A3A42402078009DA0A0B7
:10E960007D3D4242423D3D4040403D3C24FF242409
:10E97000487E4943662B2FFC2F2BFF0929F620C028
:10E98000887E090320545479410000447D41304879
:10E99000484A32384040227A007A0A0A727D0D19BC
:10E9A000317D2629292F28262929292630484D401E
:10E9B00020380808080808080808382F10C8ACBA1A
:10E9C0002F102834FA00007B000008142A14222299
:10E9D000142A14085500550055AA55AA55AAFF55E2
:10E9E000FF55FF000000FF00101010FF001414146A
:10E9F000FF001010FF00FF1010F010F0141414FCB2
:10EA0000001414F700FF0000FF00FF1414F404FCCE
:10EA1000141417101F10101F101F1414141F0010AF
:10EA20001010F0000000001F101010101F10101028
:10EA300010F010000000FF10101010101010101037
:10EA4000FF10000000FF140000FF00FF00001F1077
:10EA5000170000FC04F414141710171414F404F431
:10EA60000000FF00F714141414141414F700F71422
:10EA70001414171410101F101F141414F414101071
:10EA8000F010F000001F101F0000001F1400000015
:10EA9000FC140000F010F01010FF10FF141414FF0D
:10EAA000141010101F00000000F010FFFFFFFFFF08
:10EAB000F0F0F0F0F0FFFFFF0000000000FFFF0F9C
:10EAC0000F0F0F0F3844443844FC4A4A4A347E0240
:10EAD000020606027E027E026355494163384444C1
:10EAE0003C04407E201E2006027E020299A5E7A576
:10EAF000991C2A492A1C4C7201724C304A4D4D30E7
:10EB00003048784830BC625A463D3E494949007E0B
:10EB10000101017E2A2A2A2A2A44445F44444051A2
:10EB20004A444040444A51400000FF0103E080FF56
:10EB3000000008086B6B083612362436060F090FE2
:10EB400006000018180000001010003040FF0101FE
:10EB5000001F01011E00191D1712003C3C3C3C0027
:10EB6000000000000000000000000000D92E03009B
:10EB7000C1490300996A02006DDC0200415D030097
:10EB80001522030019220300A525030029220300F2
:10EB90003D220300712403001522030055220300C7
:10EBA00051220300D5270300F92603002123030087
:10EBB0004126030079220300A123030042757379E3
:10EBC0002054696D656F757421000000203A2000A3
:10EBD0000000000000000000953203001D3103001A
:10EBE000E1300300415D0300415D0300415D03002E
:10EBF0002530030051300300415D03005530030010
:10EC00005D30030089300300CD300300D1300300B4
:10EC1000415D0300415D0300415D0300415D030070
:10EC2000D5300300D9300300DD3003005F55706438
:10EC30006174655F46756C6C000000005F55706420
:10EC40006174655F50617274000000005F506F77FF
:10EC500065724F66660000000000000000000000C2
:10EC6000953203001D310300E13003009945030094
:10EC70004D470300193F03004D3F0300A53F03002C
:10EC8000C1420300354403004D3F03005D430300D0
:10EC9000CD300300D130030039390300ED390300D2
:10ECA000B1370300ED370300D5300300D93003003E
:10ECB000DD30030008000000060000001100000025
:10ECC00014000000160000001800000020000000E2
:10ECD0000B000000240000002600000009000000D6
:10ECE0000A0000002B0000002D0000002F00000093
:10ECF000020000001D0000001F00000021000000B5
:10ED000022000000250000000D0000000F000000A0
:10ED10000D0A00000000000000000000D94D0300B3
:10ED2000254E0300954D0300AD4D03007D4D0300BE
:10ED30008D4D0300854D0300894E0300C150030033
:10ED4000D54C0300CD4C0300546D725100000000FF
:10ED5000546D7220537663006C6F6F70000000007A
:10ED600043616C6C6261636B000000002C2066756F
:10ED70006E6374696F6E3A200061737365727469B3
:10ED80006F6E2022257322206661696C65643A20CB
:10ED900066696C6520222573222C206C696E6520C3
:10EDA0002564257325730A00486100204300504FF5
:10EDB000534958002E00232D302B2000686C4C0046
:10EDC00065666745464700494E4600696E66004ED7
:10EDD000414E006E616E00300030313233343536D2
:10EDE00037383941424344454600303132333435B7
:10EDF0003637383961626364656600002020202060
:10EE000020202020202828282828202020202020DA
:10EE100020202020202020202020202088101010BA
:10EE20001010101010101010101010100404040412
:10EE30000404040404041010101010101041414187
:10EE400041414101010101010101010101010101F2
:10EE50000101010101010110101010101042424285
:10EE600042424202020202020202020202020202C2
:10EE70000202020202020210101010200000000024
:10EE80000000000000000000000000000000000082
:10EE90000000000000000000000000000000000072
:10EEA0000000000000000000000000000000000062
:10EEB0000000000000000000000000000000000052
:10EEC0000000000000000000000000000000000042
:10EED0000000000000000000000000000000000032
:10EEE0000000000000000000000000000000000022
:10EEF000000000000000000000000000496E66698C
:10EF00006E697479004E614E000000000000000040
:10EF100000000000000000000000000000000000F1
:10EF200000000000000000000000000000000000E1
:10EF300000000000000000000000000000000000D1
:10EF400000000000000000000000000000000000C1
:10EF500000000000000000000000000000000000B1
:10EF600000000000000000000000000000000000A1
:10EF70000080E03779C34143176E05B5B5B89346B5
:10EF8000F5F93FE9034F384D321D30F94877825A81
:10EF90003CBF737FDD4F1575000000000000F03F9F
:10EFA0000000000000002440000000000000594064
:10EFB0000000000000408F40000000000088C340B7
:10EFC00000000000006AF8400000000080842E412C
:10EFD00000000000D01263410000000084D7974178
:10EFE0000000000065CDCD41000000205FA002427E
:10EFF000000000E876483742000000A2941A6D42F3
:10F00000000040E59C30A2420000901EC4BCD642E5
:10F0100000003426F56B0C430080E03779C3414390
:10F0200000A0D8855734764300C84E676DC1AB4306
:10F03000003D9160E458E143408CB5781DAF154424
:10F0400050EFE2D6E41A4B4492D54D06CFF08044FF
:10F05000F64AE1C7022DB544B49DD9794378EA4414
:10F0600005000000190000007D0000000000000005
:08F07000E071FE7F01000000C9
:10F07800000000000A00000000000306B2000800BB
:10F0880001000000A800080002000000A000140011
:10F09800030057494E55534200000000000000008D
:10F0A80000008400040007002A0044006500760080
:10F0B80069006300650049006E0074006500720015
:10F0C8006600610063006500470055004900440080
:10F0D8007300000050007B003900370035004600FF
:10F0E80034003400440039002D0030004400300062
:10F0F80038002D0034003300460044002D0038004D
:10F108004200330045002D00310032003700430033
:10F1180041003800410046004600460039004400DE
:10F128007D000000000000000400000010000C003A
:10F138006C720020A0D00300000000000000000056
:10F1480000000000000000000000000000000000B7
:10F1580000000000000000000000000000000000A7
:10F168000000000000000000000000000000000097
:10F178000000000000000000000000000000000087
:10F188000000000000000000FF020000FFFFFFFF7A
:10F19800FFFFFFFFFFFFFFFFFFFFFFFFFFFFFFFF77
:10F1A800FFFFFFFFFFFFFFFF10FF0000FFFFFFFF54
:10F1B8000090D00348610020000000002CEF0300FD
:10F1C8004CEF03000CEF03000000000000000000FB
:10F1D8000000000000000000000000000000000027
:10F1E8000000000000000000000000000000000017
:10F1F8000000000000000000000000000000000007
:10F2080000000000000000000000000000000000F6
:10F2180000000000000000004300000000000000A3
:10F2280000000000000000000000000000000000D6
:10F238000000000000000000430000000000000083
:10F2480000000000000000000000000000000000B6
:10F258000000000000000000430000000000000063
:10F268000000000000000000000000000000000096
:10F278000000000000000000430000000000000043
:10F288000000000000000000000000000000000076
:10F298000000000000000000430000000000000023
:10F2A8000000000000000000000000000000000056
:10F2B8000000000000000000430000000000000003
:10F2C8000000000000000000000000000000000036
:10F2D80000000000000000004300000000000000E3
:10F2E8000000000000000000000000000000000016
:10F2F800000000000000000019B00300199F03007F
:10F3080000000000FBED0300B4ED0300A7ED0300CF
:10F31800A7ED0300A7ED0300A7ED0300A7ED030089
:10F32800A7ED0300A7ED0300A7ED0300A7ED030079
:10F33800FFFFFFFFFFFFFFFFFFFFFFFFFFFF0000D3
:10F34800010041534349490000000000000000004B
:10F3580000000000000000000000000000000000A5
:10F36800000041534349490000000000000000002C
:10F378000000000000000000000000000000000085
:10F3880000000000016202003562020025660200EA
:10F398009D160300F91E0300BD210300515303000D
:04F3A80011620200EC
:0400000330008359ED
:00000001FF
