:020000022000DC
:1060000000000420A1950300E1950300E39503003F
:10601000E5950300E7950300E99503000000000003
:10602000000000000000000000000000BD9303001D
:10603000ED95030000000000DD930300F1950300DF
:1060400051970300F395030049650300D12E030027
:10605000F3950300F39503002D660300F395030009
:10606000F3950300F3950300F3950300F395030004
:10607000F3950300F3950300F3950300F3950300F4
:10608000F395030041910300F3950300F39503009A
:10609000F3950300F3950300F3950300F3950300D4
:1060A000F3950300F3950300F3950300F3950300C4
:1060B000F3950300F39503000000000000000000CA
:1060C000F3950300F3950300F39503003D9D030052
:1060D000F3950300F3950300F3950300F16C0200C0
:1060E000F3950300F3950300F3950300000000000F
:1060F00000000000F395030000000000B59D0300C0
:10610000000000000000000000000000000000008F
:10611000000000000000000000000000000000007F
:10612000000000000000000000000000000000006F
:10613000000000000000000000000000000000005F
:10614000000000000000000000000000000000004F
:10615000000000000000000000000000000000003F
:10616000000000000000000000000000000000002F
:10617000000000000000000000000000000000001F
:10618000000000000000000000000000000000000F
:1061900000000000000000000000000000000000FF
:1061A00000000000000000000000000000000000EF
:1061B00000000000000000000000000000000000DF
:1061C00000000000000000000000000000000000CF
:1061D00000000000000000000000000000000000BF
:1061E00000000000000000000000000000000000AF
:1061F000000000000000000000000000000000009F
:10620000F1EE103A43F08073E1EE103A704700BFB0
:1062100010B5054C237833B9044B13B10448AFF3E0
:1062200000800123237010BD3863002000000000AF
:1062300074F8030008B5034B1BB103490348AFF3DF
:10624000008008BD000000003C63002074F80300DB
:10625000154B002B08BF134B9D46A3F5803A002138
:106260008B460F461348144A121A14F0AFFF0F4B17
:10627000002B00D098470E4B002B00D098470020F1
:10628000002104000D000D48002802D00C48AFF397
:10629000008014F017FF2000290013F0D3F914F048
:1062A000EBFE00BF0000080000000420000000001A
:1062B000000000003863002020BE00200000000025
:1062C000000000000146014800F08EBA7063002013
:1062D00038B5064B1D783DB100242046013400F04E
:1062E00049FEE0B28542F9D838BD00BF6C6300209A
:1062F000407DFF2806D010B500F088FD044618B197
:10630000204610BD0020704713F072FE204610BDDD
:10631000407DFF280ED000B583B00DF1070100F0DD
:10632000C9FD20B19DF8070003B05DF804FB4FF0F4
:10633000FF30F9E74FF0FF30704700BF407DFF2886
:1063400011D000B583B001220DF1070100F06AFD04
:1063500020B94FF0FF3003B05DF804FB9DF8070053
:1063600003B05DF804FB4FF0FF307047407DFF281D
:1063700001D000F0FFBD7047407DFF2801D000F044
:106380003FBE0020704700BFF8B50646407DFF289D
:106390001CD017465AB10D46144600F011FD29468F
:1063A000224680B1707D00F08FFD241A01D138465D
:1063B000F8BD054413F01CFE707D00F001FD294678
:1063C00022460028EED13F1B3846F1E70020F8BDF9
:1063D0000AB32DE9F043524991F81C6191F81D511F
:1063E00091F81E7193B0994614467B1CAA1C8046F6
:1063F000B01C81F81C0181F81D2181F81E3101A813
:106400004222002114F0E2FEB9F1410F05D800202C
:1064100013B0BDE8F083422070478DF806608DF818
:106420000E608DF82660721C40F20126D2B2ADF8E3
:106430001060DFF8F0C08DF81E20242640F6083EDC
:106440006B1C8DF827208DF83120ADF804E08DF815
:1064500016608DF820608DF82460CDF818C00426F1
:106460004FF0060C65F07F0540F209424FF0010E37
:1064700098F81410ADF80C208DF81CE005228DF86A
:106480001F608DF830608DF822C040F207568DF8FD
:1064900025C08DF82A5020464FF0030E63F07F048C
:1064A0004FF0080C02234FF411658DF814108DF88D
:1064B00007308DF808308DF809308DF812308DF8DE
:1064C00021308DF815208DF823208DF82BE08DF8E4
:1064D0002CC04FF00A0EADF82E504FF0400C01A921
:1064E000ADF8286007258DF833308DF840208DF801
:1064F0004140422244F20204ADF838608DF83B304E
:106500008DF83A708DF834E08DF83CC08DF83F502E
:10651000ADF8424014F036FE422013B0BDE8F083DF
:106520007063002020010524A0F11000FFF750BF88
:1065300070B50368184A5B6882B093428DF8071003
:1065400024D10546407DFF281DD000F039FC0DF117
:10655000070601243146224688B1687D00F0B4FC6C
:10656000241A02D1012002B070BD064413F040FD90
:10657000687D00F025FC314622460028EDD1C4F1AB
:10658000010002B070BD002002B070BD01220DF10B
:106590000701984702B070BD89630200437DFF2B5D
:1065A00000D07047094B1A78002AFAD110B500F1D3
:1065B000100442750649204601221A7000F0E0F9E5
:1065C00021460448BDE8104000F0F0B86C6300209C
:1065D0003CE1030070630020407DFF2807D000B538
:1065E00083B000F0EDFB20B103B05DF804FB0020A8
:1065F0007047019013F0FCFC019803B05DF804FBB8
:1066000001B900B1704700B583B0694600F0EEFBF8
:10661000009BB3F5966F02D003B05DF804FB00F069
:106620007DFBF9E730B4084B084A4FF47F4102F193
:106630000805002430324FF47A7099821D60C3E956
:1066400001401A6130BC7047546300204CE10300E4
:106650002DE9F0410024484E2546435D4719A3B17A
:1066600003F14002D2B2012A0AD9F42B08D81A0643
:106670000ED44FF0010EA3F55842B2F5006F56D27A
:1066800001354719435D002BEAD12046BDE8F08172
:1066900003F0E002C02A57D003F0F002E02A66D0EF
:1066A00003F0F802F02AEBD103F007024FF0040EDA
:1066B0007B7803F0C00CBCF1800FE1D197F802C0E9
:1066C0000CF0C00803F03F03B8F1800F43EA8213D7
:1066D000D6D10CF03F0CBEF1030F4CEA83132DD042
:1066E000FA7802F0C007802FCAD102F03F0242EAD6
:1066F0008313A3F58032B242C2D8A3F55847B7F549
:10670000006FBDD3B3F5803F05F1040510D31E2CF7
:10671000BBDC6300970A0B44C2F30902A7F52057BC
:10672000A2F5105221F814705A80023495E775448E
:10673000202CAAD021F8143001348EE7A3F5006292
:10674000B2F5784F97D39BE77A7802F0C007802F95
:1067500003F01F0394D102F03F0242EA8313A3F136
:106760008002B2F5F06F8BD24FF0020E83E703F098
:106770000F024FF0030E9BE7FFFF0F0090F8503120
:106780000B2B0CD871B103F1480210B45C1C80F8DB
:10679000504140F822105DF8044B18467047002322
:1067A000184670470B461846704700BF70B5044640
:1067B0000E68B4F81821B4F81A31656936689B1A66
:1067C00008469BB294F81C112A44B04758B1B4F85B
:1067D00018216369104480B2A4F81801588094F815
:1067E0001C211A71012070BD2DE9F043284DDFF8FE
:1067F000B090AC4604468846BCE80F0089B003AFB1
:106800000FC703AE0FCE05F1140E25460FC59EE847
:106810000700DCF800303B806B4636682E8003C3EF
:106820006B4603CB012504F118034FF480766361B6
:10683000A061E16184F8202004F59870C4F81891F3
:106840002022A4F81C61002184F81E5114F0BEFC23
:1068500040F20947042240F2EF230E4E0E48C4F8DE
:1068600028010021C4F82C1184F85021A3804FF492
:10687000E131A571C4F82071C4F824610748FFF71D
:106880008DFE404600F038FA284609B0BDE8F08396
:1068900080E10300B0E10300B8E10300546300208D
:1068A000090000010048704770630020014B5869DF
:1068B000704700BF706300202DE9F04F89B0F8B138
:1068C000032816D02B4C94F8503183424FD94830CE
:1068D00004F5AA7154F82000FFF7BAFEC0B20130E7
:1068E000400040F44070A4F85201234809B0BDE8CC
:1068F000F08F204CD4F82C0150B104F5AA71EBE7CD
:106900001C4CD4F82031A4F854314FF44170EAE71C
:10691000684600F005FA054610B300F1FF3A0DF1A4
:106920000103164FE94653FA8AFAA64604AE97E8E1
:106930000F0019F801CB86E80F000CF00F080DF1DD
:10694000200BD8440BEB1C1C18F8108C1CF8103CC6
:10695000AEF85681D145AEF854310EF1040EE6D1B1
:106960006800C0B20130400040F44070BBE7002036
:10697000BCE700BF70630020C2640020A0E10300F8
:1069800010B504460248FFF7F9FE207110BD00BFA4
:106990007063002030B5144C236883B013B31868BB
:1069A00051B90CF0F9FB236893F90400012103B0FD
:1069B000BDE8304013F050BD0C4B0093002501237F
:1069C0008DF805308DF8045002AB13E906000CF089
:1069D0007FFB236893F90400294603B0BDE83040EB
:1069E00013F03ABD03B030BD0465002080BA8C01BD
:1069F0000448006828B108B500680CF0D3FB0120FA
:106A000008BD704704650020084B1B6843B141B9BD
:106A1000074B4022C3F88020BFF34F8FBFF36F8F27
:106A20007047034B40221A60704700BF0465002086
:106A300000E100E0024B53F8200000B1C06870474D
:106A40000865002030B4094CBDF8085054F82040C7
:106A500044B1246934B10846A44611461A462B466F
:106A600030BC6047002030BC704700BF0865002084
:106A700030B4084CBDF8085054F8204044B1646963
:106A800034B10846A44611461A462B4630BC60472E
:106A900030BC70470865002000207047024B186822
:106AA00008B190F860007047106500202DE9F843A8
:106AB000234C2568002D3CD01E462C2303FB00539D
:106AC0001746D3F8209088460446B9F1000F32D01B
:106AD000484615F03EFA2C2303FB0454D4E909542C
:106AE000DFF864C0174B08280246494628BF082231
:106AF0004046002D08BF6546002C08BF1C4614F018
:106B000041FB284615F025FA10280246294628BFE1
:106B10001022384614F036FB204615F01AFA0428E5
:106B200002462146304628BF0422BDE8F84314F04F
:106B300029BBBDE8F883DFF814900820CBE700BF3D
:106B400010650020E8E10300D8E10300CCE1030078
:106B500070B5104E3368D3B12C2404FB00340546C5
:106B600062691AB19047336884F832002C2202FB24
:106B7000053393F8324014B10124204670BD2846F5
:106B800023463A22022101F0E7F8204670BD1C4658
:106B9000204670BD10650020074B1B6853B110B430
:106BA0002C2404FB0030C46A038E0C6013805DF853
:106BB000044B7047704700BF1065002008B52022C5
:106BC0000023052101F0C8F84FF0FF3008BD00BFD9
:106BD00030B4094C24685CB10D4611462C2202FBEE
:106BE0000044E46924B11A462846234630BC1847BD
:106BF000012030BC704700BF1065002030B4094C44
:106C0000029A246854B10D462C2101FB0044A4686B
:106C100024B119462846234630BC18474FF0FF30B0
:106C200030BC70471065002030B4094C029A2468CB
:106C300054B10D462C2101FB0044E46824B11946EF
:106C40002846234630BC18474FF0FF3030BC704711
:106C500010650020044B1B682BB12C2202FB003076
:106C6000036903B11847704710650020054B1B6886
:106C70002BB12C2202FB0030836903B1184701209D
:106C8000704700BF1065002005F0DCBB00B5164B57
:106C900083B04022002483F8272301A90123204642
:106CA0008DF804308DF8054002F0DAFE4FF0804395
:106CB00002A8D3F8385400F8084D12F003FD0B4B2E
:106CC000019301A812F02AFD12F03AFDEB0707D458
:106CD00000214FF0FF3002F04DFFFFF7F9FAF7E720
:106CE000204605F0AFFBF3E700E100E0896C02000D
:106CF000002005F01DB800BF00B5002383B00322BB
:106D0000CDE9002303490448C82211F0D9F903B0A2
:106D10005DF804FBECE103008D6C020013F014BB82
:106D20004FF08052536E1BBA0360136E1BBA436060
:106D30000820704700487047F4E1030070B51E4C0E
:106D40002368D3B1012901D0012070BD1578C5F3A6
:106D50004115012D13D0022D0FD15478012C21D0D3
:106D6000022CF1D19388072B07D1144C11462389AB
:106D70002246BDE8704003F035BE002070BD51785A
:106D80002229E1D111465288003218BF01225A75DA
:106D900003F010FE2268D369002BD5D0507D9847B0
:106DA000284670BD9C69002CE7D011462378224606
:106DB000BDE8704003F016BE14650020046000209A
:106DC00010B5044602F034FE08B9002010BD02F0F0
:106DD00037FE0028F9D1044B4FF4367202FB04341D
:106DE000207900F0010010BD98650020064A4FF49C
:106DF000367303FB00230833186808609A889B7970
:106E00008B718A80704700BF9865002008B5044ADE
:106E10004FF4367303FB0020103002F055FC08BD20
:106E2000986500202DE9F8434FF4367404FB00F414
:106E30001E4E4FF6FF73074604F110054FF6FE7025
:106E4000824288BF1A463544284692B202F066FC58
:106E5000804602F0EDFD10B94046BDE8F88302F02F
:106E6000EFFD81460028F7D13444E378002BF3D0BE
:106E7000284602F041FC3F28EED9E178484603F06D
:106E8000E7FC0028E8D0284602F036FC3F2804D86A
:106E9000E178484603F0ECFCDEE7054AE178484635
:106EA00002EBC712402303F0F3FCD5E798650020FE
:106EB00018650020034A4FF4367303FB002010309E
:106EC00002F096BC986500202DE9F8434FF4367522
:106ED00005FB00F5244F4FF6FF73064605F1240429
:106EE0004FF6FE70824288BF1A463C4492B220465A
:106EF00002F0B8FC8046204602F0E6FB3F2802D8AC
:106F00004046BDE8F88302F093FD0028F8D002F077
:106F100097FD81460028F3D1204602F0D5FB0028DA
:106F2000EED03D444846A97803F092FC0028E7D013
:106F30000E4B402202EBC6161E442046314602F09C
:106F4000EDFB034660B13246A978484603F0A0FC49
:106F50000028D5D1064B1B68DB07D1D500BECFE793
:106F6000A97803F085FCCBE7986500201865002020
:106F7000F0ED00E02DE9F041804602F059FD10B936
:106F80000020BDE8F08102F05BFD07460028F7D144
:106F90004FF4367404FB08F4164E04F1240535440E
:106FA000284602F091FB0028EAD026443846B17802
:106FB00003F04EFC0028E3D040220F4B02EBC81830
:106FC00098442846414602F0A9FB044660B1424677
:106FD000B1783846234603F05BFC40B9074B1B6889
:106FE000DB07CDD500BECCE7B17803F041FC2046ED
:106FF000C7E700BF9865002018650020F0ED00E0AD
:1070000008B5044A4FF4367303FB0020243002F025
:1070100073FB08BD9865002070B5204C82B000213C
:107020004FF4367220460D4614F0D0F8FF234FF48B
:10703000E132082604F138016371A26001234FF4A4
:107040008072009504F11000A67302F001FB144B4E
:107050001B78C3F38003009304F59C7101234FF464
:10706000807204F1240002F0F3FA04F50E7101209D
:1070700010F06AFA04F522710646012010F064FA55
:1070800006B130B9074B1B68DB0700D500BE02B064
:1070900070BDC4E90756C4E90C05F8E798650020FF
:1070A000B8600020F0ED00E038B5094C206A256B8F
:1070B00020B110F06DFE0023C4E907332DB128463E
:1070C00010F066FE0023C4E90C33012038BD00BF78
:1070D0009865002010B50E4C0E48237800220260FF
:1070E0000271DA0709D59B070DD521780A48C1F34B
:1070F0008001BDE8104002F063BC103002F040FC9B
:1071000023789B07F1D4044802F03AFCEDE700BF76
:10711000B860002098650020BC6500202DE9F04192
:107120004B79022B82B004D00025284602B0BDE87E
:10713000F0818B79022BF7D1364EB3782BB1364BD9
:107140001B68DB07F0D500BEEEE78B7833700C7858
:107150000C4407466378242B4FF009050BD1082A0D
:1071600002D822E0AA4220D323781C441D4463782D
:10717000242BADB2F6D0052B38D0042B15D1637972
:107180000A2B12D1254A94F8008001920223013281
:107190000092384604EB08011A4603F095FA0028DD
:1071A000CDD00E3518FA85F5ADB202F041FC0028BD
:1071B000BBD002F045FC04460028B6D1F378002B82
:1071C000B3D0174802F098FA3F28AED9F17820469C
:1071D00003F03EFB0028A8D0114802F08DFA3F28AA
:1071E000F17811D8204603F043FB9EE7214638464C
:1071F00003F00AFB0028A2D0A378737023781C4404
:107200001D44ADB26378B8E7064A2046402303F038
:107210003FFB8AE798650020F0ED00E09A650020CA
:10722000A86500201865002038B5137803F06003C6
:10723000202B01D0002038BD294C938825789D4211
:10724000F8D15378203B032BF4D8DFE803F008157E
:107250001E02012936D0032939D0012038BD012969
:107260000CD00329F9D11F4B002BF6D01E4900206A
:10727000AFF30080012038BD0129EED1114607236C
:10728000194A03F0AFFB012038BD01291AD00329A8
:10729000E3D1164B55881B781548257113F004016E
:1072A0001CBFE94301F0010102F08AFB114B002BE6
:1072B000D3D0C5F3400205F001010020FFF7A0F98B
:1072C000012038BD114603F075FB012038BD0A4B83
:1072D000002BC2D051880020AFF30080BDE700BF73
:1072E0009865002000000000A0650020B860002024
:1072F000BC65002001660200000000002DE9F04797
:107300005F4CE2788A420D4680461F4659D15D4E59
:107310009AB2314604F1100002F0A4FA5A4BC3B1FC
:107320006379FF2B15D0A7B106EB070A04F110090A
:1073300002E056450DD0637916F8012B9A42F8D138
:10734000484602F0D1F90028F3D16179AFF300800B
:10735000EFE74E4B23B14E4802F0C6F9002863D048
:1073600002F066FB002862D1A3789D4202D0012082
:10737000BDE8F087474B13B10020AFF3008002F067
:1073800057FB00282BD1444802F09EF90028EED18B
:10739000002FECD017F03F07E9D1A178404603F069
:1073A00057FA0028E3D0A17840463B463A4603F01E
:1073B0006FFA0028DBD1394B1B68DA070CD500BE09
:1073C000D6E7A3788B42D5D0344B1B68DB0703D5B7
:1073D00000BE0020BDE8F0870020BDE8F08702F085
:1073E0002FFB05460028CED12B4802F06DF900286E
:1073F000C9D0A178284603F02BFA0028C3D0402238
:107400002749254802F08AF9034600282CD028464F
:10741000234AA17803F03CFA0028A8D11F4B1B682F
:10742000D907B0D500BEAEE7AFF3008098E702F011
:1074300007FB0646002897D1E378002B94D0144828
:1074400002F05AF93F288FD9E178304603F000FA6C
:10745000002889D00E4802F04FF93F28304607D85F
:10746000E17803F005FA7FE7A17803F001FA8AE7F3
:107470004023044AE17803F00BFAA37875E700BFD4
:107480009865002018650020000000000000000042
:10749000A865002000000000BC650020F0ED00E0C1
:1074A00058650020704700BF01207047704700BF3B
:1074B000704700BF044B0022C3E90022C3E9022247
:1074C000C3E90422704700BFF06900200120704723
:1074D000044B0022C3E90022C3E90222C3E90422CB
:1074E000704700BFF06900202DE9F0434B79032B72
:1074F00083B004D00024204603B0BDE8F0830B79AC
:10750000C3EBC3041234A4B2944205D9254B1B68C3
:10751000DA07EFD500BEEDE7234A5578002D3ED0BF
:10752000557B002DF2D102F10C054FF4A0770E78B7
:107530008A1992F801C0BCF1210FE7D1AA608946EF
:10754000895D80466E1CA81C1144CDE900061A46D0
:107550004046032303F0B8F80028D7D099F8063046
:10756000A978012B04BF99F80730EB700123AB71A8
:1075700099F80220AB682A70B3F80730AB80002975
:10758000B9D00A4A40463A44402303F081F9002822
:10759000B1D1044B1B68DB07ADD500BEABE7154688
:1075A0008027C4E7F0ED00E0F0690020706800205B
:1075B0002DE9F047137803F01F06012E82B003D0A7
:1075C000002002B0BDE8F087DFF80882978898F8BD
:1075D0000040FFB2BC4200F0B08098F80C40BC42C2
:1075E000EED13746B4464FF0C00E4FF0130A4FF0BD
:1075F000120913F060030C460546164604D1012912
:1076000000F0A4800120DCE7202BD9D15378013B86
:107610000A2BD5D801A252F823F000BFF176020060
:10762000E7760200D1760200C1750200C175020042
:10763000C1750200C1750200C17502009176020099
:10764000697602004976020001291BD00329D9D1AD
:1076500073880C2606FB0786DBB260461946B371B9
:10766000FFF720FF0120ACE70129CBD173880C2262
:1076700002FB07871B0A60461946FB71FFF714FFE0
:1076800000289DD03146284603F094F9012098E760
:10769000012900F086800329B4D1F48871884B4B0E
:1076A000402C4FEA1122204628BF402011F0FF0154
:1076B000734407D0012C05D91C788C4202D10138C3
:1076C00080B2013300906046FFF7D2F9012078E7DD
:1076D000012997D108EB090231462846234603F0D9
:1076E00081F920466DE701298CD108EB0A02F3E706
:1076F000012987D1F3887188344F402B4FEA11223A
:10770000184628BF402011F0FF01774454D0012BC8
:1077100052D9013880B239707B1C00906046FFF767
:1077200091F90444A3B2002B49D1294A1268D20727
:107730007FF546AF00BE184643E74FF0000E774690
:10774000F4464FF0070A4FF0060952E75378062B2C
:107750007FF436AF53881B0A212B12D0222B7FF4E3
:107760002FAF6046FFF766F97B001F4408EB8708E0
:10777000024631462846B8F8043003F033F9204673
:107780001FE77B001F4408EB8708D8F80820002A71
:107790003FF416AF1378314602B0BDE8F04703F06E
:1077A00021B9F388402B3FF60BAF084A31467244AB
:1077B00003F018F9204604E73B460024ADE73A46BB
:1077C0003146284603F00EF90120FAE670680020E1
:1077D000F0ED00E0F0690020F0B52C4CA67865785B
:1077E0008E4283B0074610D0A9422CD0A07B657B87
:1077F00088423FD0A94244D0254B1B68DA0702D407
:10780000002003B0F0BD00BEFAE780264FF0400C28
:107810000020A9429BB21AD01E4D3544FAB90093FC
:1078200011462B460222FFF723F92A46A178384653
:10783000402303F02DF80028E3D1154B1B68DB072C
:10784000DED500BEDDE74FF0400C00209BB21149B1
:1078500061444AB91A46FFF729FE0120D1E72A46BA
:107860000221FFF725FEE0E70A460121FFF720FE8F
:107870000120C6E70C344FF4A0764FF4807C012041
:10788000C7E74FF4807C0120E0E700BFF0690020EB
:10789000F0ED00E07068002070B5194C82B0002156
:1078A0000D464FF4EC72204613F090FC04F13801C1
:1078B0000123802204F11000009501F0C9FE04F1BB
:1078C000B80101238022009504F1240001F0C0FEDC
:1078D00004F59C7101200FF037FE04F5C4710646D3
:1078E00001200FF031FE30B9064B1B68DB0700D5D5
:1078F00000BE02B070BDC4E90756C4E90C05F8E744
:10790000886A0020F0ED00E038B5094C206A256B4C
:1079100020B110F03DFA0023C4E907332DB1284609
:1079200010F036FA0023C4E90C33012038BD00BF43
:10793000886A002010B5084C002304F11000C4E947
:107940000033C4E9023302F01BF804F12400BDE85F
:10795000104002F015B800BF886A00202DE9F043FE
:107960004B79012B83B004D00025284603B0BDE835
:10797000F0838B79012B0C46064616D049780429F2
:10798000F2D10025032BEFD1E379002BECD1DFF806
:10799000FC8098F8013013B998F802700FB3384B97
:1079A0001B68DB07E0D500BEDEE7CB79002BDBD11F
:1079B0000B781C449DB2617824290BD1954202D9E1
:1079C000D2E7AA42D0D323781C442B4461782429DF
:1079D0009DB2F6D00429C7D16379012BC4D1A37914
:1079E000D0E7A37888F8003094F8009021794D44CE
:1079F000ADB2A14439B925E099F800308F421D4459
:107A0000ADB299441ED2AA421CD399F80130052B7D
:107A1000F2D149463046019202F0F6FE019A002862
:107A2000BDD099F80230D90914BF88F8013088F820
:107A3000023099F80030217901371D44FFB2ADB210
:107A40009944D9E70F4801F057FE3F288DD998F89F
:107A50000210002002F0FCFE002886D0094801F048
:107A60004BFE3F2898F8021003D8002002F000FFD8
:107A70007BE7054A4023002002F00AFF75E700BFBC
:107A8000F0ED00E0986A0020486A0020886A002033
:107A900000207047F8B53C4DAA788A421F4612D1A3
:107AA0009AB23A4905F1100001F0DCFE384B13B1EF
:107AB0000020AFF30080374801F01EFE3F282CD88D
:107AC00001242046F8BD6B788B4208D0324B1C68ED
:107AD00014F00104F5D000BE00242046F8BD06468F
:107AE00005F1240001F0F0FD40BB2C4801F0ECFD55
:107AF0000028E5D1002FE3D017F03F07E0D16978E7
:107B0000304602F0A5FE04460028D9D069783046F8
:107B10003B463A4602F0BCFED3E7A978002002F0CB
:107B200097FE04460028CBD01A4801F0E5FD3F2817
:107B3000A9781ED8002002F09BFEC2E769780020D9
:107B400002F086FE0028D0D04022154905F124001D
:107B500001F0E4FD034690B1114A6978002002F07B
:107B600097FE0028ACD10C4B1B68DB07BDD500BECF
:107B7000BBE7064A4023002002F08AFEA1E76978AD
:107B800002F076FEB1E700BF886A0020486A002054
:107B900000000000986A0020F0ED00E0AC6A0020D0
:107BA000086A002030B4114B9C689A6B93F83C50E3
:107BB00083F82C10A21A022183F830109A6225B99A
:107BC00042F2050183F83E50998744B13AB11A7BDD
:107BD000D20906D193F82F1030BC02F099BE30BC08
:107BE000704793F82E1030BC02F092BE606E0020F9
:107BF00038B5214B214C05461BB1607BFFF736F8A9
:107C0000A8B1A06BA36894F82F101D4A1B1AB3F5F6
:107C1000007F28BF4FF4007328469BB202F038FE65
:107C200020B9184B1B68DB0700D500BE38BDA26821
:107C3000A36B84F83E0042F20771D31A0120A1879A
:107C40000221A36284F82C0084F83010002AEDD0C1
:107C5000002BEBD0237BDB0906D194F82F102846AC
:107C6000BDE8384002F054BE94F82E102846BDE816
:107C7000384002F04DBE00BF6D6C0200606E002007
:107C8000606C0020F0ED00E070B5304CE28AA36833
:107C900052BA92B286B0054612B1B3FBF2F292B27A
:107CA000A66BD4F81110607B9B1BB3F5007F28BF37
:107CB0004FF4007309BA0093B6FBF2F302FB1362B0
:107CC0001944234BFEF79AFF031E20DB94F82E2065
:107CD0000DD011469BB228461D4A02F0D9FDA0B92D
:107CE0001C4B1B68DB0710D500BE06B070BD072417
:107CF000194603A88DF80C508DF8102005938DF8C7
:107D000011308DF80D4002F0B7FB06B070BDA268CF
:107D1000A36B43F602200021D31AA08784F83E10FB
:107D200001200221A36284F82C0084F83010002A7C
:107D3000EBD0002BE9D0237BDB0914BF94F82E1085
:107D400094F82F10284602F0E3FDDEE7606E002075
:107D5000606C0020F0ED00E010B4054C012084F8C8
:107D60003C1084F83D2084F83E305DF8044B7047A9
:107D7000606E002040220021014813F027BA00BFA6
:107D8000606E002040220021014813F01FBA00BF9E
:107D9000606E00204B79082B01D0002070478B7952
:107DA000062BFAD1CB79502BF7D1162A06D81C4BCB
:107DB0001B68D907F1D500BE0020704770B5194D7A
:107DC0008B7885F82D300B7882B005F12F0205F104
:107DD0002E0619440223CDE900261A46044602F075
:107DE00073FC48B90E4B1B68DA0702D500BE02B01F
:107DF00070BD002002B070BD204695F82F100A4AD1
:107E000000241F2385F8304002F042FD30B9044BB6
:107E10001B68DB0702D500BE1720E8E71720E6E75E
:107E2000F0ED00E0606E0020606C0020012901D0C0
:107E300001207047F0B5137803F07F01022985B067
:107E4000054606D003F06003202B1AD0002005B0B1
:107E5000F0BD5478012CF5D15388002BF6D1434E58
:107E6000918896F83030042BC9B279D096F82E401C
:107E70008C423DD096F82F408C4257D0012005B05F
:107E8000F0BD5378FE2B16D0FF2BDFD15388002B8B
:107E9000DCD1D488A3B2002BD8D1344E1146284669
:107EA00086F83030C6E90D33B48786F83E3002F0EC
:107EB00081FD0120CBE75388002BC7D1D388012B4C
:107EC000C4D12B498DF80F3000294DD00192FEF717
:107ED000E5FD019A0028B9D0431EDBB204AC11467F
:107EE00004F8013D28462246012302F07BFDC5E748
:107EF000022BC3D1B26BB3681E4F9B1AB36206F15B
:107F000020030FCB07C73A46214602F80C39032459
:107F100028460D2386F8304002F0BAFC0028ADD187
:107F2000154B1B68DB0791D500BE90E7002BA5D150
:107F3000214602F0DFFC0028A0D12146284602F0AD
:107F400005FD00289AD1002496F82F10094A86F8DA
:107F5000304028461F2302F09BFC0028E0D08DE72C
:107F600002F0D6FC204672E70B46B7E7606E0020B1
:107F70009D6A0200606C0020F0ED00E02DE9F04108
:107F8000B44C94F83050012D8EB01E46074645D0B3
:107F900028D3032D05D0022D5FD001200EB0BDE8FF
:107FA000F08194F82E308B42F7D10D2EF5D1E37B82
:107FB000282B00F01A812A2B40F00D81A64B13B11B
:107FC000607BFEF747FE002594F82F10A34A84F843
:107FD00030501F23384602F05BFC002861D094F833
:107FE0003050D8E794F82F508D42D6D11F2B06D1B0
:107FF000DFF868829A4BD8F800209A4271D00423A7
:1080000094F82E1084F83030384602F081FC38465F
:1080100094F82F1002F07CFC0020BFE7B3F5007F3E
:1080200008D9904B1B68D90700D500BE00200EB0C0
:10803000BDE8F081E27BA36B282A00F087802A2A22
:1080400000F08F80217B626B1E44CB09A66336D083
:1080500096422CD3022384F8303094F82E10384600
:1080600002F074FC002898D1A368A26B94F82E60EB
:10807000934202D9217BC9092ED19B1A7A4AA36265
:108080000FCA764D07C52A46314602F80C3903253A
:1080900038460D2384F8305002F0FAFB00287FF4B4
:1080A0007CAF704B1B68DB07C0D500BE76E76D4B1D
:1080B0001B68DA0793D500BE94F830506BE793B293
:1080C000607B664A04F10F01FEF778FD0028C0F2DC
:1080D0009F80A66B626BBBE73146384602F018FC06
:1080E0005BE7C446BCE80F0026460FC69CE80F00BD
:1080F00007C626F8023B1B0C3370D4E90123E17B51
:108100005A4E626201200022282963632662A2621D
:1081100084F82C20A26384F8300000F0AD802A2976
:1081200000F0DF80002B00F0EF80227BD20940F0CE
:10813000EB80B3F5007F00F26F819BB22946474A7E
:10814000384602F0A5FB0028ABD048E7626B1E441E
:108150009642A663BFF47EAFFFF796FD94F83050C9
:1081600019E7E28A52BA92B21AB1A168B1FBF2F2EF
:1081700092B2D4F81110394DB3FBF2FC09BA02FBEC
:108180001C32607B009661442B46FEF74DFD0028B3
:10819000C0F2FB81864230D9361A40B1A36B291850
:1081A00013FA80F332462846A36312F0F6FF002349
:1081B00094F82F508DF818500722194605A88DF80D
:1081C000147007968DF819308DF8152002F054F9C7
:1081D00094F83050DFE6264B002B3FF4F4AE04F168
:1081E0000F01607BAFF30080EDE6224B002B3FF4E4
:1081F000EAAE607BAFF30080E5E6D4E90D231E44D0
:108200009642A663BFF426AF3846FFF7F1FCE6E6D8
:10821000A368A66B94F83C1084F82C509A1B02209B
:10822000A26284F8300021B942F2050084F83E10C1
:10823000A087002B3FF44EAF002A3FF44BAF237BC7
:10824000DB0940F0E58194F82F10384602F060FB1E
:108250003FE700BF606E0020556C0200606C00209C
:1082600055534243F0ED00E0806E002055534253D9
:108270000000000000000000E28A52BA92B20BBB7C
:10828000002A3FF4E7AE94F83C10A362022284F87F
:108290002C2084F8302000297FF4DFAE42F2050163
:1082A0000022A18784F83E20002B3FF4D6AE237B2A
:1082B000DB0940F09A812946384602F029FB94F800
:1082C000305068E6207BC00913D0002A00F080817E
:1082D000B3FBF2F2002A00F0A3812829384694D19A
:1082E0003AE7E28A52BA92B2002BC9D0207BC00989
:1082F000EBD094F83C10A362022284F82C2084F87E
:1083000030200029CAD0D2E7667B252900F22B81D4
:10831000DFE811F0220129012901E50029012901E5
:1083200029012901290129012901290129012901FD
:108330002901290129012901BD002901290129015A
:108340002901290129012901990087002901290111
:10835000710029012901290129014C002901260068
:10836000304604AA05A9FEF717FC059B002B00F078
:108370004481BDF81020002A00F03F81013B1BBA68
:1083800012BAC8E900320820A368002B44D09842F2
:1083900028BF184683B26063A64A94F82E10384668
:1083A00002F076FA00283FF47CAE18E605AD002313
:1083B0000DF10E02304604A96B600593AB60FEF729
:1083C000EBFB049A002A00F01881BDF80E30002B58
:1083D00000F0138112BA082106925BBA0222ADF8AE
:1083E0001E308DF817108DF81C2095E8070088E8DE
:1083F00007000C20C8E7904B03B33046227DE17C98
:10840000AFF30080D0B994F83C302BB943F6022288
:108410000023A28784F83E3001213846FFF7C2FBD3
:10842000DDE5864B53B1E17C3046C1F3400301F0FA
:1084300001020909FEF7CCFB0028E4D0A368002B59
:108440003FF408AEE8E79DF816307D49002203F0BE
:10845000800362F3C7138DF8163003238DF81520BF
:108460008DF817208DF81430002900F0E180304697
:10847000FEF7FCFB9DF8163080F0010060F3C71397
:108480008DF81630059BC8F8003004207CE74FF0CB
:10849000203302250022CDE90522304607A909AA8A
:1084A00008934FF0800C079309930D93CDE90A339D
:1084B0000C931F260DAB8DF816508DF8175005AD97
:1084C0008DF818608DF815C0FEF7F0FA0FCD594EF3
:1084D0000FC60FCD0FC62B683360242054E794F8E5
:1084E0003C2094F83D0094F83E10DFF848C1DFF8D6
:1084F00058E14FF000084FF00003CDE90588CDE9C1
:10850000078862F303038DF81630F0220A23ADF8D2
:1085100024808DF820008DF821108DF814208DF81E
:108520001B3005AD0FCDACE80F002B68ACF8003068
:10853000BEF1000F76D0ACF1100130464FF400725E
:10854000AFF300800028A4F83C8084F83E800FDB65
:1085500000283FF473AF17E73046FEF7F9FA00281A
:108560003FF451AF6AE794F83C30002B7FF454AFEE
:10857000A38E304A3349607BFEF720FB0028FFF6CC
:108580004BAF00283FF45AAFFEE6A36BA2681E442F
:1085900043F602200021931BA08784F83E1001209F
:1085A0000221A663A36284F82C0084F83010002A0C
:1085B0003FF453AD002B3FF450AD237BDB0914D1C6
:1085C00094F82F10384602F0A3F994F83050E2E402
:1085D000012294F83C1084F82C200222A36284F833
:1085E000302000293FF45AAE5EE694F82E1038464B
:1085F00002F08EF994F83050CDE494F83C30002B22
:108600007FF40AAF43F6022284F83E30A28703E7E4
:1086100094F82E10384602F07BF9D4E90D2617E5C0
:108620000222D6E7A4F83CE084F83EE01220ABE654
:1086300001201FE7606C002000000000D16B0200E9
:108640006D6C02006F6E00200000000070B5134CCE
:10865000134E84B020464FF4AE72002112F0B6FDE6
:108660004025002304F58E720092CDE901561A468A
:10867000194604F1B000039504F068F92E4404F1A2
:1086800070020023CDE90025CDE90265201D1946C1
:10869000012204F05BF904B070BD00BF206F002020
:1086A000A06E002010B5054C04F1B00004F07AF97A
:1086B000201D04F077F9012010BD00BF206F0020BD
:1086C00038B5074C2046002500F8B85B01F058F992
:1086D00004F10C0001F054F984F8B150657138BD13
:1086E000206F00204B79FF2B01D0002070472DE92F
:1086F000F04FDFF824B19BF8B13083B04BBB9BF84F
:10870000053033BB0B788A460AEB02050AEB0304FB
:1087100089788BF80010A542064614D91AF8032070
:10872000A3189D420FD36278042A0CD00B2A0AD0DA
:10873000052A0BF1B8080BF1B0070BF10C0917D0A3
:108740009D421C4609D8A4EB0A0080B203B0BDE8E4
:10875000F08F002003B0BDE8F08F1A7813449D42DB
:10876000F1D36278042AEED00B2AECD0052AE7D1A7
:108770002146304602F048F8002843D0A378DB09B0
:1087800005D19BF8B1301BB32278A318D8E79BF82A
:108790000530002BF8D14846019301F0F1F8A2789A
:1087A0008BF80520A2889BF804C0019B1849C2F3EE
:1087B0000A02A2F50072B2FA82F2520962F3410C87
:1087C00018468BF804C004F037F92278A318B7E7ED
:1087D000404601F0D5F8A3788BF8B130A3889BF818
:1087E000B020C3F30A03A3F50073B3FA83F35B0964
:1087F00063F34102394630468BF8B02004F064F947
:108800000028C1D1034B1B68DB07A2D500BEA1E73E
:10881000246F0020F0ED00E0206F002070B51C4CAC
:1088200094F8B1208A4205461E460FD1B4F8BC2008
:10883000F2B9184B23B1B2B217490020AFF3008050
:108840002846164904F040F9012070BD63798B4237
:1088500001D0002070BD124B1BB1B1B20020AFF3AC
:1088600000801049284604F0E7F848B1012070BDA7
:10887000B2B2D4F8B41004F1B80000F0F3FFD8E7B6
:1088800032462846074904F099F8012070BD00BF20
:10889000206F002000000000A06E0020D06F00209C
:1088A00000000000246F0020F8B50E688D88B778AE
:1088B0003544AE420BD23B469F42344603D10BE0D7
:1088C0006378042B05D023781C44A542F8D80020F7
:1088D000F8BDA3789F42F6D1E3789A42F3D1A5423E
:1088E000F5D9237D012B06D9144B1B68DA07EED589
:1088F00000BE0020ECE723790D46DBB1012BE6D169
:108900002278E389617A1344114423442144994233
:1089100004D3DCE70A7811448B42D8D94A78052A77
:10892000F8D101F071FF28B9044B1B68DB07CED5E5
:1089300000BEF8BDA41BEC800120F8BDF0ED00E006
:10894000C28832B9654B1B68DB0700D500BE00202A
:108950007047F0B40378624803EB830403EB4403ED
:10896000C058831803D08E781C7BA64207D95B4B76
:108970001B68D90700D500BE0020F0BC70472EB997
:10898000012C01D90120F8E701268E7001248C60AA
:10899000C1F80E404C7700256FF03F0481F822505B
:1089A0008C766FF003056FF06404CD760C774D4D37
:1089B000C1F81E50082481F82340825CB3F80D40B2
:1089C00014441C441344A342D1D2474F9D78102D28
:1089D0000CD827FA05F0C04310F0010006D1DA7870
:1089E000964203D107E05A78242AEFD01A7813442C
:1089F0009C42F8D8BBE79C42B9D0062D06D0102D7A
:108A000004D0042DB9D1012248730A73CF781A79A2
:108A1000974218D81FB9012AB4D80127CF701A7805
:108A20001A44A2420FD2967806F0FD0CBCF1050F55
:108A30000FD0112E03D10CE05678242EF3D01678E7
:108A400032449442F8D8254B1B68DA0794D500BE0F
:108A500093E7D678B742F2D19442F4D0D1F81240DD
:108A60008CB9062D30D0102D2ED0042D09D1B2F89E
:108A70000560B2F807505C7D05FB06F304FB03F4C8
:108A8000E408C1F812404B6863B9557E012D3FF6EA
:108A900079AFD2F81A3025B9D2F81E209A427FF465
:108AA00071AF4B60114AA2FB03235A0BCBD0631E5C
:108AB0001344B3FBF2F30233B3F5807F28BF4FF4C6
:108AC0008073C1F816305DE7B2F80530B2F80740A0
:108AD00004FB03F42401E408D3E700BFF0ED00E059
:108AE0007C70002003010101501001005917B7D11B
:108AF0002DE9F84F0B785D4C03EB83050E4603EB35
:108B000045030989E7589146804679B13944CB78C5
:108B100003F00303012B00F09480738933B13B44CD
:108B2000DA7802F00302012A00F091807488B58897
:108B300000233C44B381F38133827382B382F38296
:108B40003D44A278AC4238BF134609D29A4203D1C1
:108B50000CE06378042B06D023781C44A542F8D897
:108B60000020BDE8F88FA3789A42F5D1E3789945C3
:108B7000F2D1A542F4D994F804A0BAF1020F15D8A5
:108B8000E31BF380B9F1000F16D023781C44BAF12F
:108B9000000F4CD04FF0000B06E06378052B28D077
:108BA000042B03D023781C44A542F6D8304B1B6815
:108BB000DA07D5D500BED3E7737F012B12D006F1BB
:108BC0001E03494686F81D90A6F81890A6F81A903C
:108BD0001846302212F0FAFA01463046FFF7B0FE8E
:108BE0000028BDD023781C44BAF1000FD2D1012057
:108BF000B7E7E37803F00303B9F1000F01D0012BCD
:108C000018D0022BACD12146404601F0FDFD28B31F
:108C100006EB4B03E21B1A8122780BF101039A4504
:108C200014444FF0010BBFD8B9F1000FDFD002237D
:108C30007377DCE7A388B269C3F30A039342E2D2F5
:108C40008EE700233381897801F08EFE65E70022EC
:108C500072819978404601F087FE67E7044B1B68F4
:108C6000DB077FF57DAF00BE7BE700BF7C70002097
:108C7000F0ED00E010B4064C06480023C4E90033D0
:108C80001946C4F807304E225DF8044B12F09EBA24
:108C90007C700020887100200120704710B4064CC1
:108CA00006480023C4E900331946C4F807304E22B1
:108CB0005DF8044B12F08ABA7C70002088710020A5
:108CC0002DE9F0414B790E2B04D04FF000084046BF
:108CD000BDE8F0818B79012BF7D1CB79012BF4D151
:108CE0003E4E33682BB13E4B1B68DB07EDD500BE13
:108CF000EBE714460F461A46314605463760B48006
:108D0000FFF7D2FD0028E0D0F2883368B978134429
:108D10003C44A74293F814C03B4605D308E05A7878
:108D2000042A4DD00B2A4BD01A7813449C42F6D813
:108D3000BCF1000F4ED02B494A88002AD3D1D81B52
:108D40001FFA80F83272A1F802809C4293F802E088
:108D50000A8098BF034605D80BE05A78042A2BD026
:108D60000B2A29D01A7813449C42F6D8DB1B1FFA31
:108D700083F80022BCF1010FA1F804804A77B2D138
:108D800017FA80F017FA83F3984281780AD2827832
:108D90008A4203D118E04278042AF8D002781044BD
:108DA0008342F8D8284600220E49FFF7A1FE00288A
:108DB0008BD0A6F804808AE79A787245D2D0D5E79E
:108DC0009A788A42B0D0B3E7C278012AE6D18342CA
:108DD000EFD1E7E7DB1B1FFA83F8EAE77C7000209E
:108DE000F0ED00E0887100202DE9F047167806F0DC
:108DF0001F04012C8CB004D0002420460CB0BDE828
:108E0000F087DFF8F892B2F804C0D9F80070804615
:108E100015465FFA8CF317B1BA789A422CD0B44F4A
:108E20007C88002CE9D03A7802EB820002EB400209
:108E300059F802E07444A2789A42DDD1C6F3411693
:108E4000F3B2002B00F09C80012B12D15FEA1C2CA6
:108E50000FD16B881B0A022B00F02E81062B00F02D
:108E60001781012B00F0F580A24B1B68DB0700D5B2
:108E700000BE07233B77BFE7C6F34116F4B2002CD0
:108E800047D0012C25D15FEA1C2C26D0B9F806204A
:108E9000BB18B95CDA89114419448B420ED29A7816
:108EA000023A052A06D8DA78624503D107E05A78F3
:108EB000242AF4D01A7813449942F8D849B10023EF
:108EC00089F80930012498E78A4B1B68D90700D537
:108ED00000BE072389F809308EE76B881B0A012B37
:108EE00000F09580022BEFD16B78812B00F0478149
:108EF000862BE9D10129E2D10B46404629467E4A1C
:108F000001F070FD0028DAD1FF2389F80930002430
:108F100073E76B780A2B4AD00B2B3ED10129CED1B7
:108F2000EB88002BF0D1B9F80630FA181179A9B105
:108F3000F85CD189537A0144034413440A449342B0
:108F400005D395E119780B449A4240F29181597802
:108F50000529F7D19978404601F006FD0026A9F8C9
:108F600006606A8865494046FFF79EFC0446002873
:108F7000CAD02946404601F01DFD89F809603CE74A
:108F80006B780A2B27D00B2B7FF46EAF012900F0F2
:108F9000BD8000233B7701242FE7564B1B6813F05D
:108FA00001032FD107221C4689F8092025E7012952
:108FB00085D1EB88012BA7D1B9F80620BF18A3D023
:108FC0000CAAF97802F8301D294601F00BFD044681
:108FD0000028D2D198E70129DBD1EB88012B35D1CC
:108FE000FB889BB31EEB030330D00CAADB7802F89E
:108FF000303D40460B46294601F0F4FC044628B3B8
:109000003E77FAE600BE072389F80930F5E66B786B
:10901000812B00F0D180862B00F0BE80012B7FF4E5
:1090200053AF012900F0CB8002297FF448AF344BC5
:10903000002B3FF444AF99F80A100020AFF30080F2
:10904000B0FA80F489F809006409D6E6FF233B777B
:10905000D2E67B7F0BB187F81DC06C78842C61D879
:10906000822C65D2012C00F00A81812C7FF4FCAEA9
:1090700001298ED1EB883BB1294640463023214A55
:1090800001F0B0FC002884D1FF233B770024B4E634
:109090006B78812B00F0A180862B7FF4E5AE01294F
:1090A0007FF477AF294640460123134A01F09AFC2A
:1090B00000287FF46EAFE7E76B78812BD8D040F2C1
:1090C000B080852B00F09780862B7FF4CDAE0129F0
:1090D0007FF45FAFEB88012BD6D10B464046294683
:1090E000094A01F07FFC00287FF453AFCCE700BFB2
:1090F00088710020F0ED00E02DE203007C7000207C
:1091000000000000A67100202EE203006A883946A4
:109110004046FFF7EDFC002898D02946404601F074
:1091200049FC36E7862CD2D065D3872C7FF49CAEE1
:1091300001297FF42EAFEB88002BA5D0B64EE9466F
:1091400006F1300A30687168B268F368CC46ACE862
:109150000F0010365645E146F4D19DF80210002963
:1091600040F09F80832C00F08381872C00F0648185
:10917000822C00F0618108233B7700243DE6012921
:109180007FF49DAE294640460123A44A01F02AFC03
:1091900000287FF494AEB7E601297FF490AEEB8807
:1091A000012B7FF4B1AE294640469D4A01F01AFCDE
:1091B00000287FF484AEA7E601297FF480AEEB8817
:1091C000012B7FF4A1AE294640460123954A01F0C8
:1091D00009FC00287FF473AE96E601297FF4D9AE2E
:1091E0000B464046294607F11C0201F0FBFB002814
:1091F0007FF4CFAE48E701297FF4CBAEEB88022B9A
:109200007FF442AF0CAA302122F8301D4046294697
:1092100001F0E8FB044600283FF436AF00233B771B
:10922000EBE5012B7FF420AE01293FF425AF0229A5
:109230007FF4AFAE7849A1F11E00FFF781FB044631
:1092400060B3794B7A6BBA613BB1734A79783878FD
:10925000AFF3008000287FF49CAE74490023022005
:109260004FF480720880C7E903337B61BA83C4E599
:109270006F4B1B68D8077FF547AE00BE44E6012957
:109280003FF4FAAE02297FF484AE6349A1F11E00D7
:10929000FFF756FB044600287FF47BAE08233B779C
:1092A000ABE59DF8030000287FD1FA88002A3AD068
:1092B0001EEB020337D01EF80220B3F80D005D4EFE
:1092C00010441844134498420FD99A78102A04D8AD
:1092D00026FA02F2D20700F1D5801A781344984298
:1092E000F1D95A78242AF8D1EDE70346832C5AD0D5
:1092F000872C4CD0822C7FF43EAF01218DF80310D7
:109300001A781A44904237D9947804F0FD06052E55
:1093100010D0112C0ED0147822449042F2D95478F7
:10932000242CF8D1EEE7424B1B68D9077FF523AF19
:1093300000BE20E7D478A142EDD1997806291DD04E
:1093400010291BD004297FF416AFB2F80510B2F82B
:1093500007205B7D02FB01F203FB02F3DB08CDF883
:1093600012306A4629464046302301F03BFB044652
:1093700000283FF489AE51E70246DEE7B2F8051057
:10938000B2F8073003FB01F31B01DB08E7E79A782B
:10939000062A06D0102A02D0042A7FF4ECAE997D6A
:1093A000ACE79979AAE71979A8E7019B002BD8D1F6
:1093B000FA88002AB7D01EEB0203B4D01EF802E0F0
:1093C000B3F80D20DFF86CC072449E1873449E42BF
:1093D0000ED99A78102A03D82CFA02F2D20756D462
:1093E0001A7813449E42F2D95A78242AF8D1EEE72B
:1093F00033461A7813449E4264D99A7802F0FD01EC
:10940000052948D0112A46D01A7813449E42F2D931
:109410005A78242AF8D1EEE7A67100208570002042
:109420002EE20300867000200000000088700020FB
:10943000F0ED00E05010010001238DF8023001230F
:109440004FF00112029300230392ADF810304FF653
:10945000C0428DF8223040F29B13ADF81A20ADF8CF
:109460001C30404ACDF81E2008238DF8233078E7C1
:10947000FB88002BE3D01EEB0303E0D01B7B8DF8B1
:109480000230DCE7DA7891427FF427AF2EE7DA7812
:109490009142A5D1ADE7DA789042B5D1823C052C56
:1094A0003FF669AE01A252F824F000BF2D950200EC
:1094B00011950200F3940200779102007791020067
:1094C000C99402003346E9E7D3F8151042F210734D
:1094D000B1FBF3F3019100293ED0DDF812208BB9E6
:1094E000931CB3F5807F28BF4FF48073CDF81630FE
:1094F00037E75A7E72BBD3F8221042F21073B1FBE9
:10950000F3F3E7E7013A1A44B2FBF3F30233E8E777
:109510005A7ECAB1053203EB8202D2F80210D3F8A8
:109520001A3042F21072B3FBF2F3D3E75A7E72B1F3
:10953000053203EB8202D2F80220D3F81A1042F26D
:109540001073B2FBF3F3C5E7D3F81E10E7E7D3F8C7
:109550001E20F2E7002301930023ADF81630ADF88A
:109560001830FEE6030101012DE9F84F334C238941
:1095700053B12278324F02EB820502EB45057D594B
:109580002B449F788F420AD02E4B1B68DB0703D5F4
:1095900000BE0020BDE8F88F0020BDE8F88FD4E9B8
:1095A00004369E4205460BD327490023C4E9033302
:1095B000636119B161781046AFF300800120E9E7DB
:1095C00001F046F90028E7D0DFF88090A36999F808
:1095D0000000D4E9042BA2EB0B0808EB00069E4226
:1095E00028BF1E46B04213D9164B1B6813F0010367
:1095F00001D000BE002339462846144A01F048F93C
:109600000028DBD10F4B1B68DA07C5D500BEC1E7C8
:10961000E168A6EB000A59444844524611F0B2FDF5
:109620000BEB0A03D0456361B3B2E4D199F8012092
:1096300042F0020289F80120DDE700BF88710020B6
:109640007C700020F0ED00E0000000008870002039
:109650002DE9F041B2F5004F9DF8188030D804464E
:10966000C0681E460F46154618B14FF0FF310EF088
:10967000D9F9206918B14FF0FF310EF0D3F9E28823
:10968000E068276066F30E02C2F30721002368F347
:10969000C711E2806381A580E171238118B11A4668
:1096A00019460DF077FD206938B100231A46194696
:1096B0000DF070FD0120BDE8F0810120BDE8F081D2
:1096C0000020BDE8F08100BF03894289808892B202
:1096D0009BB2934236BFC2EB40029B1A9B189BB2CF
:1096E000984228BF18467047028943899BB2981A4E
:1096F000B0FA80F04009704703894289808892B2AD
:109700009BB2934236BFC2EB40029B1A9B189BB29E
:10971000984286BFC01A80B2002070472DE9F843F6
:10972000054600690E46174618B14FF0FF310EF09E
:1097300079F92B896989A8889BB289B28B4236BF97
:10974000C1EB40045C1AE418A4B2002C4AD0A04239
:1097500006D283422CBF191A191889B269810446AE
:10976000BC4228BF3C468842A4B203D8091A89B239
:109770008842FBD9EA882B68401AC2F30E0887B2E8
:109780001FFA88F2BC4202FB013125D917FB08F908
:109790001FFA89F94A46304611F0F4FCE21B12FB2D
:1097A00008F206EB090092B2296811F0EBFC6A8915
:1097B000A88892B211198BB29A4215D940001B1A8F
:1097C0009BB228696B8120B100231A4619460DF01F
:1097D000E1FC2046BDE8F88302FB04F2304611F0BC
:1097E000D1FCE4E769898BB240008342E9DBE6E71C
:1097F00038B5054600690C4618B14FF0FF310EF040
:1098000011F929896B89AA8889B29BB2994236BF1E
:10981000C3EB4200C81A401880B200B3824209D29A
:1098200091422CBF8B1A8B189BB29A426B8103D842
:109830009B1A9BB29A42FBD9EA882968C2F30E02AE
:10984000204602FB031111F09DFC0124286920B180
:1098500000231A4619460DF09DFC204638BD0446EB
:10986000F4E700BF2DE9F0471446002A4FD0054623
:10987000C0680F4618B14FF0FF310EF0D3F8EA7907
:109880002E896989AB88D209B6B289B242D18E429B
:1098900036BFC1EB4301711A891989B2994252D27C
:1098A000591A89B28C42E88828BF0C46C0F30E08CA
:1098B000B342304603D8C01A80B29842FBD21B1A7A
:1098C0002A681FFA83F9A14508FB002047D219FB3B
:1098D00008FA1FFA8AFA5246394611F053FCA4EBF3
:1098E000090212FB08F207EB0A0192B2286811F094
:1098F00049FCA3199BB2AA88B3424FEA420201D3A2
:10990000934201DB9B1A9BB2E8682B81F8B9204691
:10991000BDE8F087E8889C42C0F30E080FD28E4263
:1099200023D3721A92B2580022448242C0DBCE186E
:10993000361BB6B2B14220D9361AB6B2B8E7E41A2D
:1099400008FB0477B3B9E86800240028DFD00023BF
:109950001A4619460DF01EFC2046BDE8F08708FBAC
:1099600004F2394611F00EFCC3E75800421A3244A3
:1099700092B2D9E70E461C4698E7B04298DCDBE786
:1099800010B50446C06818B14FF0FF310EF04AF828
:10999000206918B14FF0FF310EF044F8E068002361
:1099A0006381238118B11A4619460DF0F3FB206933
:1099B00020B100231A4619460DF0ECFB012010BD22
:1099C00038B5C379B1EBD31F1FD00446C0680D462C
:1099D00018B14FF0FF310EF025F8206918B14FF0A3
:1099E000FF310EF01FF8E379E06865F3C713E37108
:1099F00020B100231A4619460DF0CCFB206920B196
:109A000000231A4619460DF0C5FB012038BD00BFE2
:109A1000704700BF704700BF0020704700207047AC
:109A2000704700BF704700BF704700BF704700BF5E
:109A3000024B5878003018BF012070473072002068
:109A4000024B1878C0F38000704700BF30720020CE
:109A5000024B1878FF3818BF0120704718610020AA
:109A60002DE9F047374E3378FF2B82B004D0012523
:109A7000284602B0BDE8F087002946D03822884643
:109A800007460021304811F0A1FB304B304900253A
:109A900001201D700DF058FD2E4B1860002834D0A9
:109AA0002D4C2346626833F80C0B618800950DF04D
:109AB000FFFAA16805460EF08FF9284B1D6075B3BB
:109AC000274B23B12748AFF30080274B1860254C64
:109AD000DFF89CA02278DFF8909000252B460EE05E
:109AE000D9F8003013EB45130FD05B686BB1984782
:109AF00022780135EDB2511DA9422B4615DBAA4251
:109B0000EED89B1A0AEB4313EFE7184B1B68DA07F2
:109B100000D500BE0025284602B0BDE8F087134BF3
:109B20001B68DB07F6D500BEA2E741463846377012
:109B300001F050FE05460028F1D0384601F04CFEF9
:109B400096E700BF186100203072002030730020BB
:109B5000E071002068720020BC6000206C72002060
:109B600000000000DC710020D8710020F0ED00E062
:109B700030E20300B94B1B78FF2B00F0A1812DE9E7
:109B8000F04F04468BB04FF47A7200238002A10D8F
:109B900011F0C2F8B24DDFF8E4B2B24E8246671C53
:109BA000286800F02481002C00F02181BAF1000F18
:109BB00014BF5246012207A90DF0A2FDC0B19DF8C5
:109BC0001D30013B072B00F21481DFE813F0F20097
:109BD000D300CA00BF00B700410014000800089B72
:109BE0000BB10998984728680EF0C8F80028D6D11C
:109BF0000BB0BDE8F08F9DF820109B4B01F07F0764
:109C000003EB470303EBD11393F826006FF3000037
:109C100083F8260093F826006FF3820083F826006D
:109C2000002F00F04581914A1B7D12789342C0F0CD
:109C30003381501D9842C0F234819B1A0BEB4313C1
:109C40009F699DF82120099B9DF81C00B847CAE731
:109C5000874A1378002B00F024811378013BDBB294
:109C60001370137803F0FF00002BBCD1DFF8F891DC
:109C70009DF81C8099F8003043F0010389F800300A
:109C800099F8263060F3000389F8263099F82630D9
:109C900060F3820389F8263099F8273060F30003D7
:109CA00089F8273099F8273060F3820389F8273044
:109CB00000F002FF9DF8203003F06002602A00F0FF
:109CC0000681402A00F00A8103F01F03012B00F0F7
:109CD000D581C0F01281022B40F0F9809DF824104C
:109CE00001F07F07082F00F2F2807B00C809019382
:109CF0004B44034400905D481F7D03789F4280F0F1
:109D00000F82336803EB4717002A00F0108257B127
:109D1000786900F0D1FE7B69404608AA0121984786
:109D200000287FF460AF9DF81C00002101F0BEFF09
:109D300080219DF81C0001F0B9FF54E74A4B1B78C5
:109D4000D8077FF550AFFFF771FE4CE7464B1A7806
:109D5000D7077FF548AF1878C0F3C000FFF764FE5F
:109D600041E7414BDB78D9077FF53DAF0898FFF716
:109D700051FE38E73D4F9DF81C903A7800239846F5
:109D800010E0336813EB481300F08080DB6848462E
:109D900098473A7808F101085FFA88F8511D88451C
:109DA000434645DC9045A3EB0203EAD30BEB431398
:109DB000ECE72E4F9DF81C903A78002398460FE070
:109DC000336813EB48135BD0DB68484698473A7812
:109DD00008F101085FFA88F8511D884543460FDCF9
:109DE0009045A3EB0203EBD30BEB4313ECE72246C6
:109DF000E1E6204B1B68DA077FF5F5AE00BEF2E620
:109E000038220021184811F0E1F91B4A4FF0FF33C6
:109E1000C2E90533C2E90033C2E90233D3611384D6
:109E2000136100F03FFE104B9DF820209A70DAE697
:109E3000382200210C4811F0C9F90F4A4FF0FF33C6
:109E4000C2E90533C2E90033C2E90233D3611384A6
:109E5000136100F027FEFFF7E5FDC4E6186100205E
:109E60006C720020D871002030720020DC7100205C
:109E700030730020F0ED00E03472002030E2030087
:109E8000A44B1B68D907CCD500BECAE7A14B1B6801
:109E9000DA07DED500BEDCE7326812EB43137FF44D
:109EA000CFAE9C4B1B68DB077FF5A2AE00BE9FE6E2
:109EB000099B9DF821209DF81C0000F013FE92E6FE
:109EC0007047FCF7F3FC0246002840F0E981914B13
:109ED0001B68DA077FF527AF00BE24E78E4800280D
:109EE0003FF421AF00F0E8FD404608AA0121FCF74D
:109EF00025FF00287FF477AE15E7202A00F0F180D7
:109F0000002AE4D19DF82130092BE0D801A252F8B3
:109F100023F000BF3BA002001BA00200CF9E020066
:109F20005DA00200CF9E0200FD9F0200A99F0200DB
:109F3000CF9E0200939F02003D9F02009DF82230B9
:109F400001931A4699F801309A4200F0548199F829
:109F50000130002B40F05481019B89F80130002B27
:109F600000F04781581EC0B2FCF7A0FC18B143783E
:109F7000022B00F0C181674B1B68DB0700D500BED8
:109F8000644B1B68D80700D500BE002389F8013058
:109F9000C9E60AAA99F8013002F80E3D40460123AD
:109FA00008A900F01FFD1EE6BDF82200030A5A1E94
:109FB000C0B20E2A3FF6B7AE01A151F822F000BFA1
:109FC000B3A202008FA202007FA20200279D02001E
:109FD000279D020061A202008FA20200279D0200BD
:109FE000279D0200279D0200279D0200279D020059
:109FF000279D0200279D0200E3A2020008A800F0AE
:10A0000061FD40469DF8221001F0ECFB99F800300C
:10A0100043F0020389F80030E5E5BDF82230012B5A
:10A020007FF481AE99F8003040466FF3C30308A96E
:10A0300089F8003000F0BEFCD5E599F800309908A9
:10A0400001F00201C3F340130AAA0B4322F80E3DAC
:10A050004046022308A900F0C5FCC4E5BDF8223043
:10A06000012B7FF460AE99F80030404643F00803BE
:10A0700008A989F8003000F09DFCB4E59DF8243073
:10A080000F2B3FF650AE4B44244A1B791778BB4246
:10A0900038D2376817EB43173FF445AE786900F0C4
:10A0A0000BFD7B6908AA01214046984700287FF4F0
:10A0B0009AAD9DF8203013F060077FF434AE9DF820
:10A0C00021300A3B012B3FF62EAE00F0F5FC9DF847
:10A0D00021300A2B00F0FC8008A9404600F06AFC01
:10A0E00081E59DF824300F2B3FF61DAE4B440B4A03
:10A0F0001B791778BB4260D2376817EB43173FF4E0
:10A1000012AE05E67A1D9A42FFF60DAEDB1B0BEB95
:10A110004317C3E7F0ED00E03D6D0200DC71002065
:10A12000581DB84239DA002A7FF4FDAD17469DF874
:10A130002130012B03D036D3032B7FF4C8AEBDF8FA
:10A1400022200292AAB9B84A012B10783DD001F022
:10A15000ADFD019B009A4B44134493F8262042F036
:10A16000020283F8262093F8262042F0010283F8A9
:10A170002620002F3FF437AD786900F09DFC7B6905
:10A18000012108AA40469847002000F095FC99F864
:10A190002730D9073FF527AD9EE7FB1A0BEB431796
:10A1A000002AC4D0B4E5019B009A4B4413442033E9
:10A1B0000AAA9B79C3F3400348E77A1D9A42FFF647
:10A1C000B2ADDB1B0BEB4317A2E501F097FD019B42
:10A1D000009A02994B44134493F8262061F34102FC
:10A1E00083F8262093F8262061F3000283F82620C6
:10A1F000BFE7FFF717FC404608A900F0DBFBF2E4DD
:10A200000021404601F000FB404601F09FFB874FD4
:10A2100099F802300293002300943A781C460CE02F
:10A220000BEB4313DB68404698473A780134E4B2BD
:10A23000501D8442234600F3CE809442A3EB0203D8
:10A24000EED2336813EB4413ECD1794B009C1B68BE
:10A25000DB0700D500BE9DF8083089F802307BE6A8
:10A26000FFF7DAFB024600283FF45DAD4046137865
:10A2700008A900F0B7FB00287FF4B5AC53E5BDF8A2
:10A280002410FCF719FB02460028EFD14BE5022B06
:10A290003FF417AEFFF7C2FB024600283FF443AD80
:10A2A0004046538808A900F09DFB00287FF49BAC32
:10A2B00039E5FCF7F7FA024600283FF408AE4046BD
:10A2C000122308A900F08EFB00287FF48CAC2AE54D
:10A2D0000AAA08A902F80E7D4046012300F082FB7D
:10A2E00081E4544B002B3FF41EADFCF723FD0246E6
:10A2F00000283FF418ADD3E7C27999F80030511126
:10A3000061F30413921162F3451389F80030438816
:10A31000CDF81080CDE900A4C318039300F109071C
:10A32000039BBB4237D97B780B2B03BF3B7897F855
:10A3300003A0FF184FF0010A7B78042B43D1039B45
:10A340003A4ACDF814A0DB1B00219BB2029112788F
:10A3500088469A4617E0346814EB481433D05246C6
:10A360003946049823699847082808F1010201D961
:10A37000824543D22D4B5FFA82F81A78CDF80880D7
:10A38000511D88451CDC029B9045A3EB0202E2D3E1
:10A390000BEB4214E3E7DDF81080DDE900A4FFF7E2
:10A3A0003FFB28E70246434604463946224802F06E
:10A3B000B1FA1E4B029A1B78053393422744AFDA59
:10A3C000DDE900A4D7E51A4B1B68DF07DDE900A42F
:10A3D0007FF5D6ADD3E5382200211848009C10F057
:10A3E000F5FE174A4FF0FF33C2E90533D3611384FA
:10A3F000C2E90033C2E9023313612CE7DDF814A08F
:10A40000BAF1010F1ED00021CBB2534501F1010179
:10A41000C8D2BA78134459FA83F31A79FF2AD2D1F1
:10A4200083F80480F0E700BF18610020DC71002091
:10A43000F0ED00E0356D0200447200203072002023
:10A440003472002023690A4A0A498B4208BF4FF040
:10A45000020A9342D7D17B79012BD4D1BB79012B4E
:10A46000D1D1FB79002B08BF4FF0020ACBE700BF28
:10A470005D7902001D7102002DE9F0434378023B33
:10A4800085B005460E46042B0CD8DFE803F0495D85
:10A49000037E3F00844B1A78D70715D51A7842F00F
:10A4A00004021A70814B18688EB933464FF0FF32A0
:10A4B00029460CF06FFE003018BF0120F0B97C4B2C
:10A4C0001B68DB0700D500BE05B0BDE8F08304AA19
:10A4D000002342F80C3D29460DF06CF8019B43B176
:10A4E000744B4FF080525A6040BFBFF34F8FBFF3A1
:10A4F0006F8F003018BF01200028E0D03246697805
:10A500002878FFF785FA05B0BDE8F0836A4A13782A
:10A510000133DBB21370654B1868002ED7D1C4E746
:10A52000614B1A786FF300021A701A7800216FF3EA
:10A5300041021A7059701A7861F382021A705B4BEB
:10A540001868002EC3D1B0E75C4FDFF874913978FA
:10A55000DFF87081002423460AE0D8F8003013EBBE
:10A5600044130AD10134E4B24A1DA242234615DB4A
:10A570008C42F2D35B1A09EB4313DB69002BF1D059
:10A580006968287898473978ECE7474B1A78D407F8
:10A590009AD51A786FF382021A7083E7424C2378B7
:10A5A00058072FD5237841496FF3820323702B7806
:10A5B0008DF8043005220023CDF80A30CDF806309E
:10A5C000ADF80E3008688DF80520002E59D004AA89
:10A5D00001A942F8103D0CF0EDFF009B43B1354B53
:10A5E0004FF080525A6040BFBFF34F8FBFF36F8F61
:10A5F000003018BF012000284DD12D4B1B68D90712
:10A6000000D500BEE378DA077FF55EAF274A2B78E6
:10A61000696810688DF8043003220023CDF80A30F1
:10A62000CDF80630ADF80E3002918DF80520F6B168
:10A6300004AA01A942F8103D0CF0BCFF009B43B1F5
:10A640001C4B4FF080525A6040BFBFF34F8FBFF397
:10A650006F8F003018BF012000283FF430AF324622
:10A660009DF805109DF80400FFF7D2F92CE733465A
:10A670004FF0FF3201A90CF08DFD003018BF012012
:10A68000EAE733464FF0FF3201A90CF083FD0030BA
:10A6900018BF0120AFE732469DF805109DF8040071
:10A6A000FFF7B6F9AEE700BF307200206C720020F1
:10A6B000F0ED00E000ED00E030730020DC710020E0
:10A6C00030E20300D87100202DE9F84F0A9F002ADC
:10A6D0004CD090464A78052A0C460ED1CE7806F02A
:10A6E0000306B34209D18A7802F07F02082A0DD905
:10A6F000204B1B68DA0700D500BE1E4B1B68DB072A
:10A7000002D40020BDE8F88F00BEFAE7DFF868B099
:10A71000DFF868A09BF8009000250EE06278052A1B
:10A72000EBD1E27802F00302B242E6D1A27802F065
:10A730007F02082ADCD89BF800909AF802100022C9
:10A74000204602F095F80028D2D04846214601F074
:10A750006FF80028D1D0A278D30916BF0B9B3A70AE
:10A760001A702278013545451444D7D10120BDE83F
:10A77000F88F00BFF0ED00E018610020307200207B
:10A7800030B51E4D85B0082400230290019303913B
:10A790008DF805402868144682B9134601A94FF088
:10A7A000FF320CF0F7FC003018BF0120E0B9144B69
:10A7B0001B68DB0700D500BE05B030BD04AA01A9A7
:10A7C00042F8103D0CF0F6FE009B43B10D4B4FF0EC
:10A7D00080525A6040BFBFF34F8FBFF36F8F00307E
:10A7E00018BF01200028E2D022469DF805109DF8F0
:10A7F0000400FFF70DF905B030BD00BF6C720020FA
:10A80000F0ED00E000ED00E038B58B7803F07F0359
:10A81000082B06D90B4B1B68DB0700D500BE0020B8
:10A8200038BD094A094B0C46204691781D78002214
:10A8300002F01EF80028EDD021462846BDE8384039
:10A8400000F0F6BFF0ED00E030720020186100204B
:10A85000CB09263301F07F010348044A03EB410191
:10A860000844116801F0BABF3072002068720020FD
:10A87000CB09263301F07F010348044A03EB410171
:10A880000844116801F0D6BF3072002068720020C1
:10A8900038B5154C01F07F0504EB450404EBD114E9
:10A8A0002034A079C00706D5104B1B68DA0700D505
:10A8B00000BE002038BDA5790D4845F0010500789F
:10A8C000A57101F0F1F80028F4D1A379074A60F3EB
:10A8D0000003A371A37960F38203A3711368DB07FC
:10A8E000E7D500BE38BD00BF30720020F0ED00E0BB
:10A8F00018610020054B01F07F0203EB420303EBDC
:10A90000D11191F8260000F001007047307200204C
:10A9100010B50C4B18780C4601F0C8F90A4904F040
:10A920007F0301EB430101EBD41191F8263043F092
:10A93000020381F8263091F8263043F0010381F8B4
:10A94000263010BD1861002030720020054B01F048
:10A950007F0203EB420303EBD11191F82600C0F311
:10A96000400070473072002010B50F4B18780C462D
:10A9700001F036F80D4904F07F0301EB430101EBD0
:10A98000D41191F826306FF3410381F8263091F805
:10A9900026306FF3000381F8263091F826306FF3EC
:10A9A000820381F8263010BD18610020307200202B
:10A9B000704700BF0A4630B4094C49680546106824
:10A9C000234603C30023C4E9023392F900209A42CC
:10A9D0002846ACBF802119461A4630BCFFF758BF45
:10A9E00074730020F0B50E462B4C4968074630685A
:10A9F000A260254603C50021E181F588AB4228BF4E
:10AA00002B4683B0A381ADB13BB3002A3DD094F96E
:10AA10000000402B28BF402300282CDB1F4A38466B
:10AA2000FFF736FF98B91E4B1B68DB0712D500BE37
:10AA300003B0F0BD96F90030002BACBF802100219F
:10AA400038462B462A46FFF723FF0028EBD001208B
:10AA500003B0F0BD002003B0F0BD94F90020002A3F
:10AA6000ACBF194680211A463846FFF711FF00286F
:10AA7000D9D00120ECE71146084801931A4610F09E
:10AA800081FB064A019B8021EEE7054B1B68D90735
:10AA9000E0D500BE1046CBE774730020347300206D
:10AAA000F0ED00E0034B0022C3E90022C3E90222DB
:10AAB0001A61704774730020014B1861704700BF22
:10AAC000747300200346064A5968006810B41346A0
:10AAD000002403C3C2E902445DF8044B704700BF81
:10AAE0007473002070B5404C2278C909B1EBD21FB5
:10AAF00082B0064615D03BB13C4B1B68DA0700D547
:10AB000000BE002002B070BD2146FFF751FF23694F
:10AB1000002B40D02246304603219847012002B046
:10AB200070BD94F90020A068002A08DB0028E8D056
:10AB30001A462F49019310F025FBA068019BE58977
:10AB4000E2881D44ADB21844AA42A060E58101D05C
:10AB50003F2B23D8236923B1234A0221304698474B
:10AB600088B194F9002000239A42ACBF8021194695
:10AB700030461A46FFF78CFE68B91C4B1B68DB0792
:10AB8000BFD500BEBEE70146304601F08FF8304623
:10AB9000802101F08BF8012002B070BDA28994F9E8
:10ABA0000010531B9BB2402B28BF402300290ADB17
:10ABB00095424FF0000112D00D4A3046FFF768FE73
:10ABC0000028DAD0E7E795420BD001461A4608483C
:10ABD000019310F0D7FA8021054A019BEDE70A4660
:10ABE000EBE780210022E8E774730020F0ED00E03D
:10ABF0003473002000B170470EF08ABA00B170477C
:10AC00000EF090BA0138C3B2042B07D856230D4A70
:10AC100003FB00F013181B79DB0706D40A4B1B68F3
:10AC2000DB0700D500BE00207047CB09363301F0AA
:10AC30007F0103EB4101054B08441044196801F002
:10AC4000CDBD00BF88730020F0ED00E03875002016
:10AC50000138C3B2042B07D856230A4A03FB00F07D
:10AC600013181B79DB0701D400207047CB0936335A
:10AC700001F07F0103EB4101034B084410441968C4
:10AC800001F0D8BD8873002038750020F0B5441E4F
:10AC9000E5B2042D83B017D8562505FB04F5174EF1
:10ACA00001F07F0405EB4404344404EBD114303448
:10ACB000A779FF070BD5124B186810F0010001D0DF
:10ACC00000BE002003B0F0BD002003B0F0BD1F4661
:10ACD00013460A460146705DA579009745F00105C7
:10ACE000A57100F0BDFB0028ECD1A37960F300034F
:10ACF000A371A37960F38203A371E3E78873002053
:10AD0000F0ED00E02DE9F047764DAF798F4284B049
:10AD100091461E4604465BD0E2234FF0000AA9711B
:10AD20008DF809108DF80830ADF80CA0002E00F059
:10AD3000B380012103AF0DF10808FBF72BFE41465C
:10AD40003A4602232046FBF753FE51462046FBF7C6
:10AD500021FE9DF80C30EB702223D9F800908DF87D
:10AD60000730002E3ED020460121FBF713FE3A4665
:10AD70000DF1070101232046FBF73AFE9DF80C3048
:10AD8000EB704946082300222046FBF731FE20469F
:10AD90000021FBF7FFFD0026102241F2F2032046BE
:10ADA0000121EA71ADF80830ADF80C60FBF7F2FD57
:10ADB0003A46414602232046FBF71AFE314620461A
:10ADC000FBF7E8FD9DF80C30EB7004B0BDE8F087B0
:10ADD000222303AF0DF10808D9F800908DF8073051
:10ADE000002EC0D14FF0FF31E86D0CF01BFE314654
:10ADF0002046FBF709FE20460121FBF7CBFD3A4632
:10AE00000DF1070101232046FBF7F2FD9DF80C3000
:10AE1000EB703246082349462046FBF7E9FD3146F0
:10AE20002046FBF7B7FD20460121FBF7EDFD334639
:10AE300032463146E86D0CF0ADF9102241F2F203D2
:10AE40004FF0FF31E86DEA71ADF80830ADF80C60F5
:10AE50000CF0E8FD31462046FBF7D6FD20460121E7
:10AE6000FBF798FD3A46022341462046FBF7C0FD1A
:10AE700031462046FBF78EFD20460121FBF7C4FD3D
:10AE8000334632463146E86D0CF084F99DF80C30BB
:10AE9000EB7004B0BDE8F0874FF0FF31E86D0CF0C7
:10AEA000C1FD31462046FBF7AFFD03AF204601212F
:10AEB0000DF10808FBF76EFD3A4602234146204695
:10AEC000FBF796FD31462046FBF764FD2046012145
:10AED000FBF79AFD334632463146E86D0CF05AF9DD
:10AEE00037E700BF3C7500202DE9F04F4B781D0778
:10AEF0000E4685B090460978044662D1DA0600F124
:10AF00004881B26812B1B288002A5AD1E24D03F0EA
:10AF10002006AB7966F07F068B42F6B200F06481C2
:10AF2000E2230027A9718DF809108DF80830ADF8DB
:10AF30000C70B8F1000F00F06C82012120460DF179
:10AF40000C090DF1080AFBF725FD51464A4602237C
:10AF50002046FBF74DFD39462046FBF71BFD9DF8CB
:10AF60000C30EB70F223EE718DF8096000268DF83D
:10AF70000830ADF80C60B8F1000F40F0D980E86DF2
:10AF80004FF0FF310CF04EFD41462046FBF73CFDF3
:10AF900020460121FBF7FEFC4A460223514620468B
:10AFA000FBF726FD41462046FBF7F4FC2046012135
:10AFB000FBF72AFD434642464146E86D0CF0EAF8AD
:10AFC00045E0B54D13F02007AA7946D1914240F0F3
:10AFD000BE800DF10C090DF1080AB37813F0100FC3
:10AFE0000CBF10222022EA2300278DF809208DF8BB
:10AFF0000830ADF80C70B8F1000F00F0FA800121B4
:10B000002046FBF7C7FC02234A4651462046FBF781
:10B01000EFFC39462046FBF7BDFC9DF80C30EB7089
:10B020007378EB71F222012120468DF809308DF8FA
:10B030000820ADF80C70FBF7ADFC51464A460223E0
:10B040002046FBF7D5FC39462046FBF7A3FC9DF8CC
:10B050000C30EB7005B0BDE8F08F914240F0A1805C
:10B060000DF10C090DF1080AB37813F0100F0CBFA5
:10B0700040228022EA2300278DF809208DF808302D
:10B08000ADF80C70B8F1000F00F0E480012120460B
:10B09000FBF780FC514602234A462046FBF7A8FCFA
:10B0A00039462046FBF776FC9DF80C30EB70328871
:10B0B0002B899A422AD0B788F2887388BF1ABFB208
:10B0C0005B099F4228BF1F4617F0FF0740F0088129
:10B0D0003A23AF708DF8097000278DF80830ADF86D
:10B0E0000C70B8F1000F00F0D98001212046FBF769
:10B0F00051FC514602234A462046FBF779FC39466B
:10B100002046FBF747FC9DF80C30EB7033782B7230
:10B1100073786B727378EB71F22200268DF8093028
:10B120008DF80820ADF80C60B8F1000F3FF427AFA0
:10B1300020460121FBF72EFC51464A4602232046B9
:10B14000FBF756FC31462046FBF724FC7FE7E22361
:10B15000A9718DF80910ADF80C708DF80830B8F1B0
:10B16000000F00F0DE80012120460DF10C090DF1E9
:10B17000080AFBF70FFC51464A4602232046FBF71C
:10B1800037FC39462046FBF705FC9DF80C30EB7088
:10B1900023E7434606F10802FFF7B4FD05B0BDE81A
:10B1A000F08FE2230027A9718DF809108DF808307F
:10B1B000ADF80C70B8F1000F00F0D98001212046E5
:10B1C0000DF10C090DF1080AFBF7E4FB51464A4664
:10B1D00002232046FBF70CFC39462046FBF7DAFB3E
:10B1E0009DF80C30EB703FE70DF10C090DF1080AEA
:10B1F000B8E64FF0FF31E86D0CF014FC41462046F4
:10B20000FBF702FC01212046FBF7C4FB02234A4660
:10B2100051462046FBF7ECFB41462046FBF7BAFBC4
:10B2200001212046FBF7F0FB434642464146E86DCC
:10B230000BF0B0FF9DF80C30EB707378E86DEB719C
:10B24000F2224FF0FF318DF80930ADF80C808DF807
:10B25000082097E64FF0FF31E86D0CF0E3FB414624
:10B260002046FBF7D1FB20460121FBF793FB4A4622
:10B27000022351462046FBF7BBFB41462046FBF725
:10B2800089FB20460121FBF7BFFB4346424641466E
:10B29000E86D0BF07FFF07E73C7500204FF0FF31B2
:10B2A000E86D0CF0BFFB41462046FBF7ADFB2046A6
:10B2B0000121FBF76FFB4A46022351462046FBF76C
:10B2C00097FB41462046FBF765FB20460121FBF733
:10B2D0009BFB434642464146E86D0BF05BFF12E79D
:10B2E00012238DF80730D6F808B0B8F1000F64D0FB
:10B2F00020460121FBF74EFB4A460DF107010123D1
:10B300002046FBF775FB9DF80C30EB7059463B4629
:10B3100000222046FBF76CFB00212046FBF73AFB9E
:10B32000D6E64FF0FF31E86D0CF07CFB414620463D
:10B33000FBF76AFB0DF10C09204601210DF1080A0B
:10B34000FBF728FB4A46022351462046FBF750FBF9
:10B3500041462046FBF71EFB20460121FBF754FB2C
:10B36000434642464146E86D0BF014FF0DE74FF0AF
:10B37000FF31E86D0CF056FB41462046FBF744FBDD
:10B380000DF10C09204601210DF1080AFBF702FB23
:10B390004A46022351462046FBF72AFB41462046F7
:10B3A000FBF7F8FA20460121FBF72EFB4346424605
:10B3B0004146E86D0BF0EEFE12E74FF0FF31E86D0D
:10B3C0000CF030FB41462046FBF71EFB20460121D6
:10B3D000FBF7E0FA4A460DF1070101232046FBF78F
:10B3E00007FB9DF80C30EB7042463B465946204621
:10B3F000FBF7FEFA41462046FBF7CCFA2046012136
:10B40000FBF702FB434642464146E86D0BF0C2FEA5
:10B410005EE64FF0FF31E86D0CF004FB414620463C
:10B42000FBF7F2FA0DF10C09204601210DF1080A93
:10B43000FBF7B0FA4A46022351462046FBF7D8FAFA
:10B4400041462046FBF7A6FA20460121FBF7DCFA2D
:10B45000434642464146E86D0BF09CFE7FE500BF47
:10B460002DE9F04102F07F0CBDF818E0D20981BB54
:10B47000BCF1000F5ED13E4EA6F160077178B47842
:10B4800082F0010262F345110A466FF3041244F0A0
:10B4900010017270B170B278B360032363F30302DA
:10B4A00000258046A6F804E0B270F5802846FFF734
:10B4B000A1FBBC7AC4BB01252046BD72FFF79EFBF1
:10B4C0002246404631462C46FFF70EFD2046BDE899
:10B4D000F08182F00108BCF1000F2ED0254F01222F
:10B4E0003C4604E00132142A04F10C0418D094F80C
:10B4F0006C508D42F6D102EB420507EB850595F8BD
:10B50000615005F00F066645ECD1C5F34015454581
:10B5100004F16C06BFD00132142A04F10C04E6D108
:10B5200000242046BDE8F0812846FFF767FB20464F
:10B53000BDE8F08182F00108D0E70E4F01243D46BE
:10B5400002E00134142CEBD095F86C608E4205F1CA
:10B550000C05F6D104EB4406B60007EB060C9CF88C
:10B5600061C01CF00F0FECD160363E4486E700BF8F
:10B570009C7500203C75002042DF704743DF704718
:10B5800044DF704712DF7047F0B5334CBFF35B8F79
:10B59000014604F590730125D3E84F2FC3E8405FBF
:10B5A0000028F9D1BFF35B8F12F0FF0F48D10829B3
:10B5B00029D04E01A21954F806C028489388284F74
:10B5C00001F5947601EB810E50F82660D2889A1A24
:10B5D00093B2B6B200EB8E0209B2B34228BF334633
:10B5E000C2F800C707EB8100C2F8043747F82150C2
:10B5F000BFF36F8FBFF34F8F1A4B984218D0043BA5
:10B60000984215D0F0BD154BD3F8C024D1030FD408
:10B6100094F80B1161B11449D4F80001C3F8A007E4
:10B62000C3F8A4270D60BFF36F8FBFF34F8FF0BD3A
:10B630000023BFF35B8F84F82031BFF35B8FF0BD35
:10B640000A4B0B485A68C2F30802003218BF0122A5
:10B65000BDE8F040FFF794B88C76002000700240FF
:10B6600028700240507002404870024000ED00E037
:10B67000E9B60200174BBFF35B8F01460122D3E806
:10B680004F0FC3E84C2FBCF1000FF8D1BFF35B8F15
:10B6900010F0FF0F14D10A60BFF36F8FBFF34F8F0D
:10B6A0000D4B994203D0043B994200D070470B4B9D
:10B6B000BFF35B8F002283F82021BFF35B8F7047BD
:10B6C000074B08485A68C2F30802003218BF01222B
:10B6D000FFF756B8AC770020507002408C760020FF
:10B6E00000ED00E075B60200F0B5334CBFF35B8FA0
:10B6F000C1B204F590730126D3E84F2FC3E8406F21
:10B700000028F9D1BFF35B8F12F0FF0F47D1082952
:10B7100028D04D01621954F805E028489388DFF8D5
:10B72000B0C001F5947550F82570D2888D009A1A32
:10B7300093B2BFB26A1800EB8202BB4228BF3B46FD
:10B74000C2F800E76544C2F804374CF82160BFF343
:10B750006F8FBFF34F8F1A4B9D4218D0043B9D4211
:10B7600015D0F0BD154BD3F8C024D1030FD494F8F5
:10B770000B1161B11349D4F80001C3F8A007C3F855
:10B78000A4270E60BFF36F8FBFF34F8FF0BD002370
:10B79000BFF35B8F84F82031BFF35B8FF0BD0A4BA2
:10B7A0000A485A68C2F30802003218BF0122BDE8F5
:10B7B000F040FEF7E5BF00BF8C760020007002402D
:10B7C000507002404870024000ED00E0E9B602000F
:10B7D0002870024001207047014B80225A60704758
:10B7E00000E100E0074BD3F80014D3F80024002058
:10B7F0000A434FF48001C3F80024C3F85801C3F88A
:10B800000413704700700240074B4FF4001229B92F
:10B81000C3F80823054B83F821117047C3F80423AC
:10B82000024B83F821117047007002408C76002093
:10B8300070B48A788C88414EC97802F07F03D509AC
:10B8400005EB430006EB001001F00301C4F30A040A
:10B85000012904812BD0012101FA03F4BDB138483C
:10B8600002339940C0F80413D0F810352343C0F8D0
:10B870001035334B42F48071C3F81825C3F80C150A
:10B88000BFF36F8FBFF34F8F012070BC70472C4800
:10B8900003F10C06B140C0F80413D0F8141503F5F9
:10B8A00094730C43C0F8144540F82350E1E7082B8B
:10B8B00008D0244B186810F00100E6D000BE00202C
:10B8C00070BC7047EDB9B6F818311BB11C4B802223
:10B8D000C3F81C251A4A0023C2F85031D2F80033AD
:10B8E00013F4001308BFC2F85431154B4FF4401243
:10B8F000C3F80423D3F8142542F48072C3F8142546
:10B90000BEE7B6F808210E4B0021C3F82C1112B186
:10B910008022C3F81C250A4AD2F8003313F400131E
:10B9200008BFC2F85431064B074AC3F80423D3F8C2
:10B93000102542F48072C3F81025A1E78C76002010
:10B9400000700240F0ED00E0000820001F4B802254
:10B950002DE9F041C3F88420BFF34F8FBFF36F8F01
:10B9600001241B4D1B4FA0460026A30004F10C022E
:10B97000A11C03F1804303F51C3308FA01F108FA16
:10B9800002F20A43C7F8082328465E6001342022E9
:10B990009E6200210FF01AFC082C05F12005E4D16D
:10B9A0000D4BC7F808332022C7F81C6500217E62C2
:10B9B0000A48BE640FF00AFCC7F81485C7F8108562
:10B9C000024B80225A60BDE8F08100BF00E100E038
:10B9D000AC76002000700240000830008C77002018
:10B9E00001F07F02082A70B44FEAD11128D0012358
:10B9F00003FA02F0C043B1B1294C951CAB40C4F826
:10BA00000833D4F81055274B2840C4F8100501EB33
:10BA1000420103EB01110023CB72BFF36F8FBFF321
:10BA20004F8F70BC70471E4C02F10C05AB40C4F840
:10BA30000833D4F814551B4B2840C4F81405E6E726
:10BA4000184B03EB01100024A0F808411448D1B1B1
:10BA50004FF40064C0F80843D0F8104524F4807413
:10BA6000C0F81045B3F81841B3F808510C48EC423F
:10BA70004FF0000608BF4FF40014C0F81C6508BF63
:10BA8000C0F80843C3E74FF48014C0F80843D0F867
:10BA9000144524F48074C0F81445C0F85011E1E74F
:10BAA000007002408C76002001F07F004FEAD11C2C
:10BAB000F0B50CEB4005744E2D01771985B0FC7A7A
:10BAC0004CB1724B1C6814F0010401D000BE00247C
:10BAD000204605B0F0BD04F0FF0E7251BB80A7F800
:10BAE00006E0002843D1002B57D0BCF1000F00F036
:10BAF0008E8006EB401100EB8003CD8A8A8A0C8B86
:10BB00000969521B9B0092B203F1804303F51C3379
:10BB1000A24228BF22465E4DC3F8001600B2C3F809
:10BB200004265C4BBFF35B8F05EB80010122D3E859
:10BB30004F4FC3E8472F002FF9D1BFF35B8FE4B21B
:10BB4000002C40F0908045F82020BFF36F8FBFF3AA
:10BB50004F8F514B994202D0043B994219D1BFF308
:10BB60005B8F002386F82031BFF35B8F11E0BCF1BF
:10BB7000000FBED106EB40160123F372BFF36F8FA7
:10BB8000BFF34F8FB37A23B1F37A03F0FF04002B96
:10BB900074D10124204605B0F0BD404AD2F880247B
:10BBA000C2F3C0126245A0D03D4D6A688DF80810FE
:10BBB000C2F3080100314FF4E06218BF012101A86F
:10BBC00003938DF80930ADF80420FEF755FCBFF360
:10BBD0005B8F06F590720123D2E84F1FC2E8403F09
:10BBE0000028F9D1BFF35B8FCCB2002C38D12A4AA0
:10BBF0001360BFF36F8FBFF34F8F1C46BFF35B8F94
:10BC0000204686F82011BFF35B8F05B0F0BD0123FD
:10BC1000204AF372BFF35B8FD2E84F4FC2E8413F37
:10BC20000029F9D1BFF35B8FE4B26CB91D4A1360F0
:10BC3000BFF36F8FBFF34F8FBFF35B8F86F820C1C9
:10BC40001C46BFF35B8F43E7154B16495A681648ED
:10BC5000C2F30802003218BF0122FEF791FD37E758
:10BC60006A680D49F3E70E4B0F485A68C2F30802A1
:10BC7000003218BF0122FEF783FD29E786F80AC0CB
:10BC8000FFF782FC24E700BF8C760020F0ED00E097
:10BC900004700240AC7700205070024000700240F7
:10BCA00000ED00E04C70024075B6020011F07F001C
:10BCB00008B512D008280BD00E4B41F48072C90988
:10BCC000C3F8182504D10C4B03EB40139A7A62B9E0
:10BCD000BFF36F8FBFF34F8F08BD064B01225A652C
:10BCE000BFF36F8FBFF34F8F08BD9972FFF74CFC06
:10BCF000EEE700BF007002408C76002011F0770F55
:10BD000012D00A4B41F48072C3F80C15C3F80C250D
:10BD1000CA09C3F8181504BF01F5947143F821202E
:10BD2000BFF36F8FBFF34F8F704700BF00700240AB
:10BD30002DE9F04FA54BA64CD3F8000300238BB0A0
:10BD40001E461F46012520FA03F11A19C9074FEABA
:10BD5000820209D5116839B105FA03F117600E4363
:10BD6000BFF36F8FBFF34F8F0133192BEBD1F20766
:10BD700000F13582974D330508D5944BD3F8A8369A
:10BD800001229BB2A5F8163185F81C21B70206F4F2
:10BD9000800424D58D4BD3F81425D00540F1FC81C7
:10BDA000002C00F0A182D3F80024D20740F19C823D
:10BDB000D3F81035DA0540F1FB8195F81C3107AF57
:10BDC000002B40F0BD82814BD3F8203508933846D4
:10BDD0004FF440730121ADF81C30FEF74DFB04B366
:10BDE0007A4AD2F8004440F201732340C2F800348A
:10BDF000E30500F15682670510D5744B0122C3F8A4
:10BE000008259A65D3F8002312F4001208BFC3F87E
:10BE100054216E4B4FF40012C3F80423A00500F127
:10BE2000358231023DD5694BD3F880C4D3F88414F0
:10BE3000D3F888E4D3F88C74D3F89084D3F894447E
:10BE4000D3F89804D3F89C245FFA8CF35FFA80FC53
:10BE5000D0B25A06C9B25FFA8EFEFFB25FFA88F816
:10BE60005FFA84F901D105291BD00024224668F32A
:10BE7000070263F3070461F30F2469F30F226EF3E3
:10BE800017446CF3174260F31F6267F31F644FF4AB
:10BE9000C063012107A8CDE90842ADF81C30FEF7C8
:10BEA000EBFA4D4B3340002B40F09181DFF82491A9
:10BEB000464F4D46CA4609F5907800241DE02B44B4
:10BEC000DA7A002A00F0D781DA88AAF80420002262
:10BED000DA72D98809914FF4E063012107A88DF83F
:10BEE00020B08DF82120ADF81C30FEF7C5FABBF16B
:10BEF000080F47D001340AF1200A04F10C0326FA96
:10BF000003F3DB075FFA84FBF1D504EB840307EB53
:10BF10008303DAF80020D3F80807630112FA80F2ED
:10BF2000E918CAF80020CA8880B2024492B2082CEC
:10BF3000CA80C4D0BAF808208242C0D1CA88BAF8F0
:10BF400004109142BBD9BBF1000FD0D10122BFF345
:10BF50005B8FD8E84F3FC8E8412F0029F9D1BFF3E4
:10BF60005B8F13F0FF0F40F052821C490A60BFF351
:10BF70006F8FBFF34F8FBFF35B8F85F82031BFF317
:10BF80005B8FB7E7164B3340002B00F002810F4B5D
:10BF9000D3F86C240192C3F86C24BFF36F8FBFF306
:10BFA0004F8F16F4806600F06E81D3F88024D3F8AA
:10BFB000803483F08003C3F3C0130593C2F3C0132E
:10BFC0000493DFF808A00024A84613E000700240A4
:10BFD000409C00108C760020FCFB1F004C7002403F
:10BFE00000040001002C00F0F281072E52D0013431
:10BFF00009F120090199E14004EB8403C9070AEB28
:10C00000830308EB4412E6B2ECD5D3F80816D9F84E
:10C010001070C9B20F44C9F81070D08A014489B2B7
:10C02000D182A849D08AB9F8145061188900854294
:10C0300002914FF0010C66F07F0103914FF4E06B29
:10C040004FF0000E614607A840F2B480D18AB9F8DB
:10C050001820C3F800766D1AADB2954228BF154678
:10C06000994AC3F80456BFF35B8FD2E84F3FC2E84A
:10C0700041CF0029F9D1BFF35B8F13F0FF0F40F0E0
:10C08000ED80029BC3F800C0BFF36F8FBFF34F8FEB
:10C09000072EACD1019BDB03454601D4059B43B180
:10C0A000EB7A23B1EB88AA889A4200F271810123CE
:10C0B000AB72019B9F030BD595F82B3023B1EB8C12
:10C0C000AA8C9A4200F28881012385F82A30019BCC
:10C0D0005E030DD595F84B3033B1B5F84630B5F861
:10C0E00044209A4200F27D81012385F84A30019B69
:10C0F0001C030DD595F86B3033B1B5F86630B5F843
:10C1000064209A4200F27E81012385F86A30019B07
:10C11000D8020DD595F88B3033B1B5F88630B5F827
:10C1200084209A4200F23881012385F88A30019BED
:10C1300099020DD595F8AB3033B1B5F8A630B5F806
:10C14000A4209A4200F22D81012385F8AA30019B98
:10C150005A020DD595F8CB3033B1B5F8C630B5F8E5
:10C16000C4209A4200F22281012385F8CA30019B43
:10C170001B020ED595F8EB30002B00F0F380B5F8DC
:10C18000E630B5F8E4209A4240F2EC800720FFF751
:10C19000FBF90BB0BDE8F08FD3F81025D1053FF5C2
:10C1A0000CAE95F821211AB94FF40012C3F80823F8
:10C1B00007AF08E6D38A09939DF80C30ADF81CB0A0
:10C1C0008DF820308DF821E0FEF756F90DE70023B9
:10C1D000BFF35B8F85F82031BFF35B8F66E63B4B87
:10C1E0003B4A3C4D3C4800240127C2F81475C2F874
:10C1F0001075546094625C609C629C60DC62DC60E0
:10C200001C631C615C635C619C639C61DC63DC613E
:10C210001C6454629464C2F85841D2F80034D2F8D5
:10C2200000140B43C2F80034D2F80033C2F80833CC
:10C230002146C2F8040328464FF492720EF0C6FF5E
:10C2400040234FF48072394607A82B832B818DF849
:10C250002040ADF81C20FEF70FF98CE51F4B20485D
:10C260005A680299C2F30802B2EB0E0218BF01220B
:10C27000FEF786FAB9E61B4B1B68D80789D500BEC6
:10C280000BB0BDE8F08FCDE904669AE600220523E5
:10C29000012107A88DF81C208DF81D30FEF7ECF861
:10C2A000BFE50121C2F82C150423002207A88DF850
:10C2B0001C208DF81D30FEF7DFF867057FF5AEAD69
:10C2C0009BE500BF019C0010AC7700200470024089
:10C2D000007002408C7600200514C00100ED00E0E3
:10C2E00075B60200F0ED00E04F4BBFF35B8F01220B
:10C2F000D3E84F1FC3E8402F0028F9D1BFF35B8F6D
:10C3000011F0FF0F32D1494BD3F8C004C70352D408
:10C3100095F80B1101F0FF07002967D04449D5F8C3
:10C320000071C3F8A077C3F8A4070A60BFF36F8F4A
:10C33000BFF34F8FD3F81035D8053FF53EAD37E743
:10C34000B5F816310993002285F81C2188234FF493
:10C35000E06238460121ADF81C20ADF82030FEF730
:10C360008BF830E5012385F8EA3012E7314B32488B
:10C370005A68C2F30802003218BF01220821FEF7F2
:10C38000FFF92A4BD3F81035DB053FF516AD0FE763
:10C390000020FFF7F9F88CE60420FFF7F5F8019B81
:10C3A000C6E60520FFF7F0F8019BD1E60620FFF76F
:10C3B000EBF8019BDCE6BFF35B8F85F82011BFF340
:10C3C0005B8FD3F81035DF053FF5F7ACF0E6049945
:10C3D00000293FF40CAE18E60120FFF7D5F8019BC9
:10C3E00076E60220FFF7D0F8019B81E6BFF35B8F72
:10C3F00085F82071BFF35B8FD3F81035D9053FF571
:10C40000DCACD5E60320FFF7BFF8019B80E6094BC3
:10C410000A485A680A49C2F30802003218BF0122CA
:10C42000FEF7AEF966E500BFAC7700200070024071
:10C430004870024000ED00E0E9B6020075B6020067
:10C440004C70024030B5012885B000F09F8057D372
:10C45000022840D1BA4BD3F80435002B40F0D780E6
:10C46000B74AD2F800341C05FBD54FF40063C2F87C
:10C470000034BFF36F8FBFF34F8FB24AB24B1268D5
:10C480001B68082A00F0D780AD4BB04D80240122F4
:10C49000C3F81C45C3F80423C5F88441FDF7D8FA56
:10C4A000002840F0F880AA4D43F204044FF0804386
:10C4B0002268AA4211D0D3F80C14D3F80C24D0036C
:10C4C000F6D5CA07F4D59E4B0122C3F80425BFF365
:10C4D0006F8FBFF34F8F05B030BD04AA002102F863
:10C4E0000C1D1046FFF74EF89DF804000028E2D01E
:10C4F00010460191FFF744F8019A002AD8D0E2E7EC
:10C500008F4BD3F80025002AE5D14FF480014FF47A
:10C510000062C3F80813C3F80024BFF36F8FBFF3A2
:10C520004F8F884B1B68082B00F0B780844B01228B
:10C53000C3F80025BFF36F8FBFF34F8F43F20402A0
:10C5400003F18D5303F57723126803F2DB539A420C
:10C5500000F0CA804FF08043D3F80C24D3F80C3499
:10C56000D90301D5D207B6D443F20402784B12683E
:10C570009A4200F01881774B00221A601B680193E1
:10C580004FF08043012201991A60A4E76C4BD3F865
:10C590000025002A9FD00022C3F80425BFF36F8F27
:10C5A000BFF34F8F69498020C1F88400BFF34F8FDC
:10C5B000BFF36F8FD3F80013C3F80813C3F8002537
:10C5C000BFF36F8FBFF34F8F43F2040103F18D531D
:10C5D00003F57723096803F2DB53994200F0998051
:10C5E00001AB5D4A012111605C4A5168C1F3080149
:10C5F000003118464FF000024FF0020318BF01212E
:10C600008DF804208DF80530FDF736FF63E743F21F
:10C6100004024F4B12689A4200F0B0804FF0804302
:10C62000D3F80C24D3F80C34DB037FF519AFD5070E
:10C630007FF516AF4FE7032B0AD8494A1168002946
:10C6400040F09880474C49F27530106021601060CE
:10C650005A1E022A10D8424A1168002967D1424D59
:10C660003848394B00681B6849F2753414602960FA
:10C67000146008287FF408AF032B3FF605AF3B4951
:10C680003B4B40F2E370402208601A60BFF36F8FAB
:10C69000BFF34F8FF8E66C6005E72B4B1B685A1E03
:10C6A000022A12D82E4B1A68002A40F08E802E499A
:10C6B00049F2753203201A6008601A60214A224B41
:10C6C00012681B68082A7FF431AF032B3FF62EAFA8
:10C6D000234B1A68002A74D1224949F27532C020CE
:10C6E0001A6008601A6021E704AB002203F80C2DE1
:10C6F0001846FEF747FF9DF8041000293FF42AAFC3
:10C7000018460192FEF73CFF019B002B7FF4E3AE3D
:10C710002AE704AB03F80C2D1846FEF733FF9DF80B
:10C720000420002A3FF45DAFFEF728FF5CE70549CF
:10C73000054B0D4A08681B680021116099E700BF8E
:10C7400000700240300100103401001000E100E0F0
:10C75000DBE5B151000100400400004000ED00E0C5
:10C7600000EC064014EC064014ED06400078024050
:10C7700004780240174A0021116069E704AB0022E7
:10C7800003F80C2D1846FEF7FDFE9DF80410002955
:10C790003FF444AF18460192FEF7F2FE019B002BD6
:10C7A0007FF499AE5CE604A8002300F80C3DFEF788
:10C7B000E9FE9DF80430002B3FF4DDAEFEF7DCFE11
:10C7C00089E6044BC0221A60B0E6034B03221A60CC
:10C7D00074E700BF14EC064014ED0640F8B503788A
:10C7E00013F0010405D10678C6F3800626B1204671
:10C7F000F8BD00242046F8BD0F4605464FF0FF3136
:10C8000038460BF00FF92A7812F001040FD12B787B
:10C810005B0704D42B7843F004032B70012400231E
:10C8200038461A4619460AF0B5FC2046F8BD34468B
:10C83000F5E700BF70B505460E4608464FF0FF31DC
:10C840000BF0F0F82878C0F3800444B900240023EA
:10C8500030461A4619460AF09DFC204670BD2B78DA
:10C8600013F00102F2D12B7862F382032B70EEE712
:10C8700010B4C378848803F00303022BC4F30A04C2
:10C8800026D019D8012B04D0002318465DF8044B9C
:10C890007047022940F2FF3208BF4FF48062A24283
:10C8A000F3D21A4B1B6813F00103EED000BE002335
:10C8B00018465DF8044B7047022914BF40234FF41B
:10C8C0008063A342EDD3012318465DF8044B704703
:10C8D00002290BD012B1B4F5007F11D0A4F10803E6
:10C8E0009BB2182B06D9402CEDD0DAE7B4F5007FC7
:10C8F000D7D1E8E7064A22FA03F3DB07D1D5E2E70E
:10C9000000244021134644710171BEE7F0ED00E0C0
:10C91000010100010A44914216D230B44C78052C32
:10C9200005D00C7821448A42F8D830BC70478C7806
:10C9300004F07F0500EB4505E4092B550C782144F4
:10C940008A42EBD830BC7047704700BF2DE9F041F8
:10C9500082B00678089DBDF82470009361F300064C
:10C960000446294600F8086B012316463A46BDF8EE
:10C970002C80FCF76DFE05B13FB90A9B6360012076
:10C98000A4F8028002B0BDE8F08104F11C0101208E
:10C990000AF0DAFD26B903463046C4E90503ECE7A0
:10C9A0000023FAE710B50446406908B10BF0F0F92E
:10C9B000A06908B10BF0ECF9012010BDF0B50B46F1
:10C9C0000D4613F8081B83B011F0020F07461846F6
:10C9D00040F2FF130CBF3F241C461646FCF774FEC2
:10C9E000E8B9E6B126421AD12B786978DA073846D9
:10C9F00018D5FEF707F990B12B78697813F0010389
:10CA000013D000233846CDE900331A46FEF73EF92D
:10CA100030B9084B1B68DB0701D500BE00E00020E1
:10CA200003B0F0BDFDF714FFE5E738461A46FDF701
:10CA30002FFFEDE7F0ED00E070B501F1080582B0E1
:10CA4000064628460C46FCF73FFE38B1237861784D
:10CA5000DB07304605D5FEF7D5F830B9002002B027
:10CA600070BDFDF7F5FE0028F8D0284662886168A1
:10CA7000FCF754FE054690B1237862686178D807C8
:10CA800017D50023CDE9003330462B46FEF7FEF8DC
:10CA9000B0B90C4B1B68DB07E0D500BEDFE72078A0
:10CAA000617810F00104304608D1FDF7E1FE204620
:10CAB000D5E730462B46FDF7EBFEE9E7FEF7C8F871
:10CAC0002846CCE7F0ED00E02DE9F0418A890B78AB
:10CAD00082B00C460646E2B9DD07497857D5FEF725
:10CAE00091F800284FD0227863886178D20751D519
:10CAF000002B5DD0626800253046CDE90055FEF779
:10CB0000C5F800284DD1374B1B68DB073BD500BE6D
:10CB10003AE003F0020301F10808002B40460CBF85
:10CB200040274FF40077304D08BF6FF03F05FCF70A
:10CB3000E3FD874227D823786178DB07304634D578
:10CB4000FEF760F8F8B14046FCF7D6FD874233D8CF
:10CB500005EA000265882378617890B2854228BF93
:10CB60000546DA0732D5002D37D062680023CDE9BB
:10CB7000003330462B46FEF789F80028C3D02846FC
:10CB800002E0FEF765F8002002B0BDE8F081FDF795
:10CB90005FFEA6E773B162683046FDF779FE0028B4
:10CBA000B1D0608802B0BDE8F081FDF751FEC9E761
:10CBB0001A46A0E71A46EFE72078617810F00104E2
:10CBC0003046DED1FDF754FE2046DDE73DB1626818
:10CBD00030462B46FDF75CFECFE72A46C6E72A46DD
:10CBE000F6E700BFF0ED00E000FEFFFF0CB4144BD1
:10CBF00030B51B788342ABB004D22BB0BDE83040D7
:10CC000002B070472FAD2B462E9A01950C4602A814
:10CC1000A0210FF0C5FA5B210A4809F01BF8214654
:10CC2000084809F005F80849064809F001F802A982
:10CC3000044809F0C9F82BB0BDE8304002B0704795
:10CC40001961002054630020FCE2030000B50020BD
:10CC500083B00FF057FA0DF10703181A03B05DF80F
:10CC600004FB00BF2DE9F84F0446894616460AF03A
:10CC70008DF9DFF8A880264FDFF898A005462068D8
:10CC800003681B6998478346C0B1206803685B69E5
:10CC90009847C3B20D2BD4F810C004F1080B17D07D
:10CCA0000A2B15D0BCF5007F424639464FF00100F3
:10CCB00024D21946584609F007FFE0E70AF066F962
:10CCC000401BB0424FF001001FD20AF06BF9D6E7CB
:10CCD000BCF1000FD3D008342146484609F02AFEA3
:10CCE00020460C4909F072FED9F800300A4A08497A
:10CCF0000320FFF77BFF0120BDE8F88FFFF776FFE9
:10CD00005146584609F062FEB9E75846BDE8F88F2B
:10CD1000ECE4030040E603009CE40300A4E4030009
:10CD20002DE9F04F06468DB00B46894603204D494C
:10CD300090464D4AFFF75AFF4946306808F078FFA1
:10CD40000D21306808F086FF0AF020F947490746B0
:10CD500003A809F0ADFC0AF019F9C01B40455BD2ED
:10CD6000142203A93046FFF77DFF05460028F2D0C4
:10CD7000DFF818B10BF124045BF8041F09A809F0CF
:10CD800097FC09A903A809F051FF824609A809F0F8
:10CD9000C9FDBAF1000F27D15C45EDD1344903A894
:10CDA00009F02CFFC8B9334903A809F027FF58B987
:10CDB000314909A809F07CFC09A903A809F036FF4C
:10CDC00090B309A809F0AEFD039B00932B4A2549B7
:10CDD0004B460120FFF70AFF002503A809F0A2FD3A
:10CDE00028460DB0BDE8F08F96F8750096F87430BF
:10CDF000441C04F00704A3422CD00C2303FB006066
:10CE00000DEB0301143009F095FD86F875400AF02A
:10CE1000BDF8C01B4045A3D34B46194A1149012018
:10CE2000FFF7E4FE0025D8E7164906A809F040FC04
:10CE300006A903A809F0FAFE044606A809F072FD47
:10CE400009A809F06FFD002CBED1494603A809F0DE
:10CE5000D5FE80E7039B0C4A02490120FFF7C6FE7E
:10CE600079E700BFECE40300E4E4030040E60300DC
:10CE700064E4030028E4030030E4030048E4030012
:10CE800054E403003CE4030000E40300FCE203007C
:10CE900038B5044610460D461A460146206809F08A
:10CEA00041FB206803682946DB6998474FF47A7094
:10CEB0000AF078F803E0206803685B699847206807
:10CEC00003681B6998470028F5D104F10805284636
:10CED0000F4909F07BFD4FF4FA620E492046FFF737
:10CEE0001FFF03E0206803685B69984720680368B8
:10CEF0001B6998470028F5D12846054909F066FDC9
:10CF000020464FF4FA620449BDE83840FFF708BFF5
:10CF100040E60300E8E30300F0E303004FF4FA62A5
:10CF20000149FFF7FDBE00BFF0E303002DE9F04F1C
:10CF300087B007463949DFF8ECB0DFF8EC90DFF84E
:10CF4000ECA0684609F0B4FB002269463846FFF7BA
:10CF500089FE00B3324D03AC05F1240855F8041FD7
:10CF6000204609F0A5FB2146684609F05FFE06460B
:10CF7000204609F0D7FCBEBBA845EFD15246494632
:10CF80000320009BFFF732FE002269463846FFF778
:10CF900069FE0028DED197F8741097F875308B423F
:10CFA0001CD003AC0C26142516FB01513944204635
:10CFB00009F0A4FB97F874307A68013303F0070393
:10CFC000204687F8743002B19047204609F0AAFC49
:10CFD00097F8741097F875308B42E5D1684609F0E0
:10CFE000A1FC07B0BDE8F08F97F8750097F8743092
:10CFF000441C04F00704A34209D00C2303FB007077
:10D000001430694609F096FC87F875409CE7009B50
:10D010005A4649460120FFF7E9FD95E740E603003F
:10D02000FCE2030000E40300ECE40300DCE30300A3
:10D030002DE9F04F064689468FB0574903209246A6
:10D040009846564A4B46FFF7D1FD4946306808F0EE
:10D05000EFFD0D21306808F0FDFD09F097FF504904
:10D06000039005A809F024FB09F090FF039BC01A68
:10D07000404559D214220DEB02013046FFF7F2FD74
:10D0800005460028F0D0474C04F1240B54F8041F47
:10D090000BA809F00DFB0BA905A809F0C7FD074671
:10D0A0000BA809F03FFC3FBBA345EFD13E4905A8C3
:10D0B00009F0A4FDC8B93D4905A809F09FFD58B97C
:10D0C0003B4908A809F0F4FA08A905A809F0AEFD43
:10D0D00090B308A809F026FC059B0093354A2E4919
:10D0E0004B460120FFF782FD002505A809F01AFC38
:10D0F00028460FB0BDE8F08F96F8750096F87430AA
:10D10000441C04F00704A34239D00C2303FB006045
:10D1100005A9143009F00EFC86F8754009F036FFB9
:10D12000039BC01A4045A5D34B46234A1A49012008
:10D13000FFF75CFD0025D8E720490BA809F0B8FAF5
:10D140000BA905A809F072FD04460BA809F0EAFB3B
:10D1500008A809F0E7FB002CBED1494605A809F054
:10D160004DFD002880D1BAF1000F3FF47DAFDAF811
:10D1700008305BB905A9504609F058FC74E7059BD7
:10D180000F4A05490120FFF731FD6DE70A2150469E
:10D1900009F09AFCEEE700BFECE40300E4E40300CE
:10D1A00040E60300FCE2030064E4030028E403001B
:10D1B00030E4030048E4030054E403003CE40300CB
:10D1C00000E403004FF4FA620149FFF7A9BD00BF74
:10D1D000CCE403002DE9F04F0F4697B0164677498F
:10D1E0004FF4FA620446FFF79BFD20B90546284636
:10D1F00017B0BDE8F08F724907A809F059FA07A9DE
:10D20000384609F013FD002800F0B3800DF1040842
:10D210003946404609F072FA0AAD07A809F082FBC8
:10D22000019B684A302128460EF040FE2B46664A94
:10D2300066490320FFF7DAFC2946206808F0F8FC6D
:10D240000D21206808F006FD09F0A0FE40F6B73772
:10D25000054609F09BFE401BB84206D9A7E02068AE
:10D2600003685B6998473E2809D0206803681B69FA
:10D2700098470028F3D1012009F094FEE9E73146F0
:10D280002068DFF8689108F0CDFC206803681A2157
:10D290001B68984709F07AFE4D49074604A809F033
:10D2A00007FA47F22F5609F071FEC31BB3424FF045
:10D2B000320204A920466FD8FFF7D4FC05460028A7
:10D2C000F1D0DFF82CA10AF124065AF8041F07A8B0
:10D2D00009F0EEF907A904A809F0A8FC834607A8FD
:10D2E00009F020FBBBF1000F1CD15645EDD149469A
:10D2F00004A809F083FC58B9364904A809F07EFC5B
:10D3000050B3049B344A31490120FFF76FFC0025DC
:10D3100004A809F007FB404609F004FB284617B0B3
:10D32000BDE8F08F94F8750094F87430451C05F052
:10D330000705AB4209D00C2303FB0040143004A9BD
:10D3400009F0F8FA84F87550ABE7049B234A1F49AB
:10D350000120FFF74BFCA4E7214907A809F0A8F931
:10D3600007A904A809F062FCE8B907A809F0DAFAED
:10D3700097E70AAD2846124909F09AF93946284636
:10D3800009F0C4FB0DF104080146404609F0B6F966
:10D39000284609F0C7FA40E7124A0C490120FFF776
:10D3A00025FC0025B4E707A809F0BCFAA9E70E4A56
:10D3B00006490120FFF71AFC0025ACE7CCE4030086
:10D3C00068E403006CE40300E4E40300ECE403001D
:10D3D00040E6030028E403007CE4030000E40300CB
:10D3E0003CE403008CE40300A0E3030064E40300D6
:10D3F000FCE2030010B586B00B460446064A6846B8
:10D4000018210EF053FD6946204640F6B832FFF76A
:10D4100087FC06B010BD00BFD8E403002DE9F0433F
:10D42000884697B017465C494FF4FA620546FFF705
:10D4300077FC20B90446204617B0BDE8F083574971
:10D4400001A809F035F9284601AA40F6B833544935
:10D45000FFF7EEFD38B9002401A809F063FA204671
:10D4600017B0BDE8F0833A2101A809F00BFC041EB7
:10D47000F1DB4A490AA809F01BF948490DA809F04F
:10D4800017F9464910A809F013F9444913A809F0FF
:10D490000FF90025621C039B04A801A909F03AFCBE
:10D4A0000AAE2C46069B1BE022462C2104A809F05C
:10D4B000F9FBB0F10009B8BFDDF8189022464B46E1
:10D4C00004A907A809F026FC07A9304609F05CFA70
:10D4D00007A809F1010409F025FA069B01350C366D
:10D4E0009C4233D2042D45D0214604A809F0C0FB4C
:10D4F0002228D9D101340146224604A809F0D2FBE2
:10D50000B0F1000922DB22464B4604A907A809F026
:10D5100001FC07A9304609F037FA07A809F002FA1A
:10D52000069B09F101049C42D8D2214604A809F0C7
:10D530009FFB2C28214604A803D009F099FB202842
:10D54000CBD1069B0134A342EFD8C7E704A809F06A
:10D55000E9F9022DD8BF00240FDC13A809F0E2F985
:10D5600010A809F0DFF90DA809F0DCF90AA809F004
:10D57000D9F971E704A809F0D5F90DA809F0FEFC66
:10D58000C8F8000010A809F0F9FC00283860D4BFE2
:10D5900000240124E1E700BFCCE4030040E60300DF
:10D5A000C0E403002DE9F04F0E469BB000F10C09DA
:10D5B0007F49054609F07CF87D49484609F078F82E
:10D5C00005F1180A05F124031C46794903935046D6
:10D5D00009F06EF82046764909F06AF875490BA8FB
:10D5E00009F066F80BA9304609F06EFB04460BA85B
:10D5F00009F098F9002CC0F2C38022460A21304677
:10D6000009F050FB031E01932246BCBFB36801938F
:10D610003A21304609F046FB0BACDFF894810290CA
:10D620001AAFA346584641460BF10C0B09F040F8DF
:10D630005F45F7D1029A019B013205A831464FF0B0
:10D64000000809F067FBC346079B1AE05A462C21E5
:10D6500005A809F027FB071EB8BF079F5A463B469F
:10D6600005A908A809F056FB08A9204609F08CF97D
:10D6700008A807F1010B09F055F9079B08F101080B
:10D680000C345B4535D9B8F1050F53D0594605A880
:10D6900009F0EEFA2228D9D10BF1010B01465A46C6
:10D6A00005A809F0FFFA071E23DB5A463B4605A9E9
:10D6B00008A809F02FFB08A9204609F065F908A879
:10D6C00009F030F9079B07F1010B5B45D6D95946A4
:10D6D00005A809F0CDFA2C28594605A803D009F071
:10D6E000C7FA2028C9D1079B0BF1010B5B45EED887
:10D6F000C4E705A809F016F9B8F1030F1DDC43468D
:10D700002D4A2E490120FFF771FA0EAC14AF17A86D
:10D7100009F008F9384609F005F911A809F002F9ED
:10D72000204609F0FFF80BA809F0FCF828461BB0CA
:10D73000BDE8F08F05A809F0F5F80BA928460EAC56
:10D7400009F0F8F814AF2146484609F0F3F85046BE
:10D75000394609F0EFF8B368019A9342D7DD0132F8
:10D76000314608A809F0D6FA039E08A9304609F008
:10D770000BF908A809F0D6F8304609F0D3FBC6E744
:10D780000F490BA808F094FF0BA9304609F09CFA4A
:10D7900004460BA809F0C6F8002CBFF62EAF094AC4
:10D7A00006490120FFF722FA28461BB0BDE8F08F9A
:10D7B00040E6030040E303006CE30300ECE40300F5
:10D7C00048E3030050E3030070B58EB00323064620
:10D7D0000D46204A182106A80EF068FB06A94FF452
:10D7E000FA623046FFF79CFA1B4903A808F060FF75
:10D7F00003A9284609F01AFAD0B16C4629462046FA
:10D8000008F07CFF03A809F08DF8009B134A202143
:10D8100006A80EF04BFB06A941F288323046FFF70E
:10D820007FFA0546204609F07DF828460EB070BD07
:10D83000094906A808F03CFF294606A809F066F940
:10D840006C460146204608F059FF06A809F06AF820
:10D85000D8E700BFC8E3030068E40300D4E3030093
:10D8600041F288320149FFF75BBA00BFF4E30300DD
:10D8700040F6B8320149FFF753BA00BFF8E303009E
:10D880004FF4FA620149FFF74BBA00BFB0E303005F
:10D8900010B586B00B460446064A684618210EF0BD
:10D8A00005FB694620464FF4FA62FFF739FA06B0E5
:10D8B00010BD00BFBCE3030010B586B00B460446A4
:10D8C000064A684618210EF0F1FA694620464FF4E0
:10D8D000FA62FFF725FA06B010BD00BF24E303008B
:10D8E00010B586B00B460446064A684618210EF06D
:10D8F000DDFA694620464FF4FA62FFF711FA06B0E6
:10D9000010BD00BFC8E3030010B586B004461B4934
:10D91000684608F0CDFE20466A4640F6B8331849FE
:10D92000FFF786FB30B3174903A808F0C1FE03A92F
:10D93000684609F0C9F9044603A808F0F3FF002C73
:10D9400018DB22462C21684609F0ACF9031E11DBD6
:10D95000621D694603A809F0DDF903A809F00EFB72
:10D96000044603A808F0DEFF684608F0DBFF204607
:10D9700006B010BD4FF0FF34F6E700BF40E60300ED
:10D9800090E3030098E3030030B585B00D460446EC
:10D99000174901A808F08CFE284601AA40F6B833C2
:10D9A0001449FFF745FBC0B1222101A809F06AF92B
:10D9B000002812DB451C2A46222101A809F072F931
:10D9C000031E0ADB2A4601A9204609F0A3F901A893
:10D9D00008F0A8FF204605B030BD0549204608F0F4
:10D9E00067FE01A808F09EFF204605B030BD00BFCD
:10D9F00040E6030034E303002DE9F04F0E468FB0FC
:10DA00002C21044609F03EF9051EC0F2A68002A8AA
:10DA10002B460022214609F07DF9A3686A1C05A85F
:10DA2000214609F077F9079B012B88BF012733D8DE
:10DA300000252F2102A809F025F92F21834602A8ED
:10DA400009F054F93A21824605A809F01BF93A2158
:10DA5000074605A809F04AF9BBF1000F804601DB33
:10DA6000D3457FDB2368AA4AAA490320FFF7BEF803
:10DA7000002405A808F056FF02A808F053FF20462E
:10DA80000FB0BDE8F08F09F0E5F803782D2B0CD02E
:10DA9000079B01379F42CBD2394605A809F0DAF837
:10DAA00003782B2B394605A8EDD1002FC0DD079B4D
:10DAB00008A83A4605A909F02DF90A9B012B40F266
:10DAC0000F813A2108A809F0DDF80028C0F20C8186
:10DAD000002108A809F0CCF84FF6FF752D284FF06B
:10DAE0003A0108A80CBFAA464FF0010A09F0CAF88B
:10DAF0000DF12C080346012208A90546404609F00D
:10DB000009F9404609F03AFA8146404608F00AFF12
:10DB10006A1C0A9B08A9404609F0FCF8404609F037
:10DB20002DFAC9EB09190546404605EB890508F0B1
:10DB3000F9FE15FB0AF52DB208A808F0F3FE3B46E6
:10DB4000002205A9404609F0E5F8414605A808F07D
:10DB50001BFF404608F0E6FE6BE7002420460FB0AE
:10DB6000BDE8F08F002FFFF67DAF8742BFF67AAF9A
:10DB70005B46002202A90BA809F0CCF80BA809F01B
:10DB8000FDF981460BA808F0CDFE53460BF10102CA
:10DB900002A90BA809F0BEF80BA809F0EFF983461B
:10DBA0000BA808F0BFFE0AF10102049B02A90BA812
:10DBB00009F0B0F80BA809F0E1F982460BA808F0CB
:10DBC000B1FE3B46002205A90BA809F0A3F80BA85B
:10DBD00009F0D4F901900BA808F0A4FE43467A1C82
:10DBE00005A90BA809F096F80BA809F0C7F9074694
:10DBF0000BA808F097FE08F10102079B05A90BA8E6
:10DC000009F088F80BA809F0B9F980460BA808F0CC
:10DC100089FEB9F1630F07DCB9F1450F40F26C736F
:10DC2000D8BF4FF4FA6399440BF1FF330B2B64D840
:10DC30000AF1FF3ABAF11E0F5FD8019B172B5CDC8B
:10DC40003B2F5ADCB8F13B0F57DCB9F5FA6F54DBC8
:10DC50005FFA8BF3304A3149022B98BFA9F10109D1
:10DC60004FF4C87399FBF3F302FB03994FEA99024F
:10DC7000BBF1020F40F26D1000FB0920CCBF6FF02A
:10DC800002020922824493449922642002FB0BF28F
:10DC9000B9FBF0F9AAEB090002320524B2FBF4F259
:10DCA000024401FB0323A3F532236FF4A76213445C
:10DCB000002B2ADB01981A494FF4616202FB00F243
:10DCC00001FB03233C2202FB0737B8444FF6C47321
:10DCD00015FB0383002B18DD3360B5800124C8E6F3
:10DCE00000250DF12C0827E708A809F047F9C0EB3B
:10DCF000001005B20DF12C081EE72368094A0549FA
:10DD00000320FEF773FF0024B3E60024B1E600BF52
:10DD100050E5030060E5030070FEFFFFB13A02002A
:10DD20008051010068E5030070B50D6884B00446B9
:10DD300015B33C2613491448144B12FB0652A1FBA1
:10DD40000251090C00FB1121A3FB0123DB0A4FF454
:10DD500061600F4D0F4A00FB1311A5FB010149093A
:10DD6000009102A806210EF0A1F802A9204608F0B1
:10DD70009FFC204604B070BD074908F099FC20467E
:10DD800004B070BD07452EC280510100C5B3A291F9
:10DD9000898888887CE5030040E60300704700BF5F
:10DDA000002914BFFF210021643041F288320DF0B8
:10DDB0000DBA00BF002969DB70B4B0F90C408C4289
:10DDC00062DD002A60DBB0F90E5095425CDD41F265
:10DDD000EE3589B2455D15B1C943214489B2847ECF
:10DDE000022C92B265D0032C5DD0012C55D041F2AB
:10DDF000FA3541F2EF34465B045D41F2FC35891B94
:10DE000009B2455B002C42D1521B12B200293BDB08
:10DE100041F2FE34045B25B2A94235DA002A33DB35
:10DE200000F5A055B5F9005095422DDD41F2F835C9
:10DE300041F2F436455B865B16FB05F6921B12B287
:10DE4000002A21DB2DB2AA421EDA00294FEAD404AF
:10DE50000D4602FB04F2B8BFCD1D4C4204F007048E
:10DE600001F0070102EBE50258BF61420244C1F133
:10DE70000701012000FA01F149B292F964000BBBDD
:10DE800020EA010182F8641070BC70477047448931
:10DE9000641B013CA21A12B2B8E70489D2431444AD
:10DEA0000A46A1B2A3E74489013C641A1146A2B212
:10DEB0009DE704894589D243013C2A44611A92B204
:10DEC00089B294E7014382F86410DDE710B5044697
:10DED000243008F027FD04F1180008F023FD04F1B8
:10DEE0000C0008F01FFD204608F01CFD204610BD68
:10DEF00070B5064600F1140500F174040C3C204690
:10DF000008F010FDA542F9D106F1080008F00AFD5D
:10DF1000304670BD38B5074CA4F5A06504F1140077
:10DF200008F000FD04F10800283C08F0FBFCAC42BE
:10DF3000F4D138BD1891002038B5074CA4F1C005C4
:10DF4000183C04F10C0008F0EDFC204608F0EAFC57
:10DF5000AC42F5D138BD00BF149200202DE9F04F3E
:10DF6000002293B04FF6FF710E23CDE900318948AE
:10DF7000DFF87CB21146C82305F01AFA0021C82345
:10DF800000910D22834805F0FFFBDBF80030132BD6
:10DF90000BDC0D2B55DC072B00F3EC80002BD4BFE2
:10DFA0004FF000084FF0010801E04FF0040800278F
:10DFB000DFF8E091BA460A25BC000234C5F10D062F
:10DFC00024B236B20FFA85FCB845CDE9006A4FF0AD
:10DFD00003036246214648462FDD05F0E9F9013783
:10DFE000033D042FADB2E7D16A4C6B4E01212046B0
:10DFF00006F02EF93368694900229342C4E90412FD
:10E0000022DCDFF8F081D8F80030002B09DD64490C
:10E01000604807F00DFE0A22D8F800105D4807F0AE
:10E020001DFE604B1B68013B062B00F2B180DFE850
:10E0300003F09B228F9F97999D00032305F0F8F929
:10E04000CDE74FF00308B2E75749DFF8A881204633
:10E0500007F0EEFD0A223168204607F0FFFDD8F8F0
:10E060000030002BDDDD3368002BD0DD4F4920462A
:10E0700007F0DEFDCBE74E494E4F4F4D03A808F0A9
:10E0800017FB059B4348A3EB8303643303222382DE
:10E0900003A9628207F0C6FD0A2239680CA808F0BD
:10E0A000B1FB0CA90FA808F029FB44490FA808F000
:10E0B00059FD0A228146296809A808F0A3FB09A98D
:10E0C000484608F023FD014606A808F017FB09A8FA
:10E0D00008F028FC0FA808F025FC0CA808F022FC8A
:10E0E0002B68002B02DD3A6893424ADD089B2948E1
:10E0F000A3EB83035B00C4334FF00309238206A91B
:10E10000A4F8129007F08EFDDBF80030132B34DCFE
:10E110000D2B34DC072B39DC002BD4BF002301236B
:10E1200027483968274A2F68016027482749176020
:10E130003568274AD8F80040056006A80C601360CF
:10E1400008F0F0FB03A808F0EDFB13B0BDE8F08F7A
:10E15000204B21491A78214B002A18BF19468BE71A
:10E160001F4989E71D4987E71E4985E71E4983E75F
:10E17000194981E74FF0020819E70423D0E74B461D
:10E18000CEE7074906A808F075FCAFE70223C7E70A
:10E19000164971E728780020F49200201800030047
:10E1A000D0F30300D0920020A8E60300BCE70300F0
:10E1B0000CED0300DC920020D8920020ACE60300B6
:10E1C0003C61002034610020386100203061002073
:10E1D0002C610020C892002088E6030098E6030026
:10E1E00090E6030004EB0300A0E6030058EC0300F4
:10E1F000206100201892002030B587B00146044607
:10E20000684608F07BFA684608F07EFE564903A887
:10E2100008F04EFA03A9684608F008FD054603A871
:10E2200008F080FBF5B1514903A808F041FA2168D4
:10E230004F4842F2107303AAFEF7FAFE059B04460C
:10E24000002B61D14B4B4C494C48002C08BF194660
:10E2500007F0BAFD03A808F065FB684608F062FB0A
:10E2600007B030BD4649204608F0C8FC002834D02D
:10E270003E4903A808F01CFA03AA41F28833414939
:10E280003B48FEF7D5FE03A93C4807F08BFD374914
:10E2900003A808F09BFB03AA41F288333A493448AB
:10E2A000FEF7C6FE03A9354807F07CFD2F4903A8F9
:10E2B00008F08CFB41F2883303AA34492C48FEF75E
:10E2C000B7FE03A92D4807F06DFD03A808F02AFB4F
:10E2D000684608F027FB07B030BD2D49204608F0FE
:10E2E0008DFCB0B12B4B2C4C1A782C492348032AB7
:10E2F0000ABF0222032221461A7007F065FD684614
:10E3000008F010FB07B030BD03A91C4807F04AFD18
:10E3100098E72046224908F071FC58B1FEF796FCB8
:10E320000A220146154807F007FD1E49134807F069
:10E330004BFD92E71C49114807F046FD1B490F4869
:10E3400007F042FD1A490D4807F03EFD19490B48F8
:10E3500007F03AFD1849094807F036FD1749074804
:10E3600007F032FD79E700BFF0E3030040E6030069
:10E370001C920020CCE8030064E4030054630020F6
:10E3800090E60300ECE80300F0E80300FCE803007B
:10E3900008E9030019610020E0E80300D4E8030065
:10E3A00010E9030014E9030020E903002CE903004D
:10E3B00068E9030088E90300B0E90300C8E9030045
:10E3C0002DE9F0415D485E4C5E4E5F4D8EB0FFF72B
:10E3D0009BFA08AA206007A95848FFF71FF818B150
:10E3E000DDE9072332602B60584F3B78A3B108F07A
:10E3F000CDFD574B574A1B68C01A90420CD8226873
:10E40000132A36DC0D2A56DC072A00F39180002AF5
:10E41000D4BF002201222DE000230BA84749099315
:10E42000ADF82830FFF7B0FA0BA809A9FFF7E4FA16
:10E4300080460BA808F076FAB8F1000FDFD0DFF8BD
:10E440005481BDF92830B8F90020934206D0424AE1
:10E4500042490220FEF7CAFBBDF92820A8F8002097
:10E4600001233B7008F092FD2268394B132A186093
:10E47000C8DD04223A4B3B4C1B683B4F286831688F
:10E4800024683D68934203D1384E36688E4242D0AC
:10E49000CDE90110CDE9034500923549354A364CA6
:10E4A0000220FEF7A3FB08F071FD2368984204D216
:10E4B0000EB0BDE8F0810322DCE708F067FD2368B9
:10E4C000984237D22D4A2A490220FEF78FFB2C4A68
:10E4D0000024C825A2F140002346CDE9044403945A
:10E4E0000094CDE90155242106F0EEFC244A059460
:10E4F0000126A2F1400023460494CDE90155009481
:10E500000396262106F0E0FC31461E4806F030FB5B
:10E510000EB0BDE8F0811C4E36688642B8D11B4E65
:10E520003668A642B4D11A4E3668AE42B0D1BFE7C3
:10E5300002229FE7FFF712FDC4E700BF1C920020F4
:10E5400020610020DC920020D8920020F092002070
:10E55000509100207FEE3600F8E6030060E50300EE
:10E560002C610020F4920020189200203C610020D1
:10E570004CE7030010E70300EC92002050E7030093
:10E580008C7800204C780020346100203861002015
:10E59000306100202461002070B50D4686B006462B
:10E5A0002249684608F084F8AB685BB10024214634
:10E5B000284608F05DFB3038092828D9AB680134BB
:10E5C0009C42F4D31A4903A808F072F803A928461C
:10E5D00008F02CFB044603A808F0A4F914B9029B28
:10E5E0000A2B21D0124903A808F062F8694603A853
:10E5F00008F08CFA0146304608F080F803A808F0CD
:10E6000091F9684608F08EF9304606B070BD214693
:10E61000284608F02DFB0146684608F055FAAB681D
:10E6200001349C42C3D3CDE70249DCE740E6030056
:10E6300068E40300D8E703002DE9F04305468DB0F8
:10E6400009A8484908F034F8AB685BB100242146BA
:10E65000284608F00DFB3038092863D9AB6801342F
:10E66000A342F4D80B9B6F460A2B38466BD809A9F6
:10E6700008F044F809A8DFF8F090DFF8E88008F027
:10E6800051F94D460026696803A808F011F8414683
:10E6900009A808F00DF8059B5BB10024214603A8EA
:10E6A00008F0E6FA3038092826D9059B0134A34240
:10E6B000F4D80B9B0A2B2ED809A906A808F01EF83F
:10E6C00009A808F02FF9394606A808F07BFA044695
:10E6D00006A808F027F903A808F024F9002C38D17F
:10E6E0000136052E05F10805CDD1384608F01AF996
:10E6F00020460DB0BDE8F083214603A808F0B8FA23
:10E70000014609A808F0E0F9059B01349C42C5D3F5
:10E710000B9B0A2BD0D9A3F10A0209A906A808F07D
:10E72000F9FACDE72146284608F0A2FA014609A8E1
:10E7300008F0CAF9AB6801349C4288D30B9B6F4642
:10E740000A2B384693D9A3F10A0209A908F0E2FA84
:10E7500090E7384659F8364008F0E4F820460DB006
:10E76000BDE8F08340E6030060EC03002DE9F041D2
:10E770008AB0064608F00AFC274D284F002400F511
:10E780007A6C0E232246009301942846C7F800C0F5
:10E790002146C82304F00CFE2846012105F058FD4F
:10E7A00031464FF0FF331E4E6B612E6122461F2310
:10E7B00007A808F0AFFA07A9284607F033FA07A818
:10E7C00008F0B0F805F16408C8262435154A164942
:10E7D0000220FEF70BFA0127424628462346CDE9E0
:10E7E000044403940094CDE90166242106F06CFBF7
:10E7F000424623462846CDE90444CDE9016600940B
:10E800000397262106F060FB3946284606F0B0F94A
:10E810000AB0BDE8F08100BF28780020EC9200200B
:10E820000400030050E703004CE703002DE9F04F1C
:10E83000AB4AAC4BDFF8CCB21B7800261670AA4A64
:10E84000CBF800609DB0166013B91DB0BDE8F08F25
:10E85000A648FEF7B7FCA64907A807F029FF07AAB4
:10E8600042F21073A349A148FEF7E2FB002800F032
:10E87000CC81099ADBF80030002A00F0FC801F2BC5
:10E8800000F3FC80DFF880A22BE0DBF80030002BE7
:10E890001BDD0C9ACAB1013B03EB83030AEBC304F3
:10E8A0001434A368132B10D8002B40F0BB81C3F1A4
:10E8B000140300220AA910A808F02CFA10A9204677
:10E8C00008F0B4F810A808F02DF80AA808F02AF803
:10E8D000099B9E42DBF8003080F0CD801F2B00F3B7
:10E8E000CD8032460A2107A808F0DCF9041EB8BF23
:10E8F000099C3246234607A90AA808F00BFA7E496C
:10E9000010A807F0D5FE10A90AA808F08FF905464F
:10E9100010A8661C08F006F8002DB6D0DBF80070D1
:10E920000C9B06220AA97C1C10A8CBF8004008F01A
:10E93000F1F9BB001C4610A8039308F01FFB234607
:10E940003B44DC004AF8330010A807F0EBFF0AEB69
:10E95000040504F11400664904945044002408F0AE
:10E9600035F863492C62AC8410A807F0A1FE604919
:10E9700013A807F09DFE5E4916A807F099FE5C49B2
:10E9800019A807F095FE22210AA808F07BF9049B3C
:10E990000833534400280593B8BF0DADC0F223815E
:10E9A0000DF140080DAD814609F101094A462221C9
:10E9B0000AA808F077F94A46B0F100090AA94B46BF
:10E9C0002846C0F2358108F0A5F92946404607F0EF
:10E9D000DBFF284607F0A6FF09F1010222210AA861
:10E9E00008F060F9B0F1000904F1010408F10C0825
:10E9F000C0F22081042CD7D14049284607F058FEA8
:10EA0000294610A808F060F9039B3B440AEBC303B6
:10EA1000C243D20F1A71284607F084FF13A9284673
:10EA200007F06CFE2946059807F0AEFF284607F070
:10EA300079FF0499013C04EB4404203110AB03EB53
:10EA400084005144FEF7D8FF039B3B440AEBC30705
:10EA50003B791BB1244A13680133136019A807F0EE
:10EA600061FF16A807F05EFF13A807F05BFF10A870
:10EA700007F058FF29E7012B40F39D80204F00232A
:10EA80000393A7F130030593C7F128084FF001095C
:10EA900017F8043C57F8082C8DF84430394612A872
:10EAA00007F10C0A109207F029FE514615A807F04D
:10EAB00025FE07F1180393E8030018AB83E8030071
:10EAC00057F8100C18998842BC4608EB070380F0F1
:10EAD000A780A7F12804A7F11C05039E1DE000BF35
:10EAE0004491002094920020F49200201C92002077
:10EAF00040E6030004EC030028EC030030EC0300C4
:10EB0000708C002040910020408C00205CF8101C8C
:10EB1000189A914206F1FF3620D214F8043C54F8BA
:10EB2000082C84F824302262214604F1280007F0E2
:10EB300001FF294604F1340007F0FCFE04F118033C
:10EB400093E80300A4462064A4F84410AA4608EB06
:10EB50000403283DB646283C002ED7D1059D1099C8
:10EB600004930EEB8E0E05EBCE0445F83E109DF897
:10EB700044102171604612A907F0DCFE15A9504629
:10EB800007F0D8FE18AB93E80300049B2B4409F16F
:10EB900001091862998415A807F0C4FE12A807F0AD
:10EBA000C1FE039ADBF8003001324B45039207F1B6
:10EBB00028073FF76DAF304A1168994205DB012BFA
:10EBC0001946B8BF0121013911602C4A2C4912683D
:10EBD000009202202B4AFEF709F807A807F0A2FED0
:10EBE0001DB0BDE8F08F039B3B440AEBC30300223A
:10EBF0001A712549284607F05BFD2946059807F05C
:10EC0000C3FE284607F08EFE1EE7204A1C4901205D
:10EC1000FDF7ECFF07A807F085FE1DB0BDE8F08FFB
:10EC2000CE469BE72021204607F04EFFA3683EE634
:10EC3000002CD8D01649284607F03AFD294610A8DE
:10EC400008F042F8282303FB07A3C243D20F28464B
:10EC50001A7107F067FE012CCBD013A9284607F0E4
:10EC60004DFD2946059807F08FFE284607F05AFE0D
:10EC7000022C3FF4E9AEDCE6D4920020F4920020AE
:10EC800024EC03003CEC030038EC030014EC03001C
:10EC900030EC03002DE9F04FB14DDFF800B395B033
:10ECA0004FF6FF74AC23CDE900342846C823102268
:10ECB000002104F07DFB00210C23019428460C4622
:10ECC0000093BC22C82304F073FB2146C823BC2256
:10ECD0002846009404F058FD2846012105F0B8FAB2
:10ECE000A04B6C61A0492B61284606F0A1FFDBF820
:10ECF0000040002C6BD1DFF8A8B29C4A9C4B9BF8DB
:10ED000000100DF1380800290CBF11461946404685
:10ED100007F0CEFC0121284605F09AFA1A266C610C
:10ED200022464FF0020A11ACA94602F120073B46E9
:10ED3000414620466E82A5F810A007F0EBFF214661
:10ED4000484606F06FFF204607F0ECFD109B0A36A0
:10ED5000BB423A46B6B202D9B2F5007FE5D1404691
:10ED600007F0E0FD9BF80030002B40F01D8108F01B
:10ED70000DF9804B1B68984280F0EE807E4A7F49F7
:10ED80000220FDF733FF7E4A0024C825A2F140008F
:10ED90002346CDE9044403940094CDE90155242190
:10EDA00006F092F8764A05940126A2F14000234627
:10EDB0000494CDE9015500940396262106F084F8C9
:10EDC0003146704805F0D4FE15B0BDE8F08F6E4BAB
:10EDD0006E491A680B689A42C0F2B88010339A42A2
:10EDE000C8BF6A4B5E48C8BF1A600121DFF8B4A1F2
:10EDF00005F02EFA4FF010084FF0000961E008A965
:10EE000007F07CFC11AE3946304607F077FC6049CC
:10EE1000304607F0A7FE01460BA807F06FFC30460E
:10EE200007F080FD384607F07DFD04F108030AEB8A
:10EE3000030108460791FFF7FFFB0799002869D0F7
:10EE40000146384607F034FC0D230022394630468F
:10EE500007F060FF31460BA807F0E8FD304607F0E9
:10EE600061FD384607F05EFD49490BA807F002FE38
:10EE700004F11401514400240BA80E2707F0D6FD1D
:10EE800022461E230BA93046A5F812806C612F8202
:10EE900007F040FF3146324806F0C4FE304607F026
:10EEA00041FD0BA807F03EFD09F1010908A807F094
:10EEB00039FD08F10A08B9F1110F1FFA88F83FF47B
:10EEC00056AF324B1C68DBF800304C44A3427FF74E
:10EED0004EAF2D4B1B68A3422DD0A60033190AEB71
:10EEE000C3031B79D3B93444E4002A4A002304F154
:10EEF000200108A86B615144B2F90020FEF714FF0D
:10EF00000A9B0EAF3846002B7FF479AF224907F0F9
:10EF1000CFFB77E7384607F0F1FB95E708F1FF32C2
:10EF200000210A23CDE9003112B20523C3210C4888
:10EF300004F03EFAD7E708F103020023009312B26F
:10EF400002230421064804F03BFDC6E7A2F11003AA
:10EF500023EAE3730B6041E7FFF700F80EE700BF19
:10EF6000287800200200BF000CEB0300F0EA030049
:10EF7000E4EA0300EC92002050E703004CE70300B2
:10EF80008C7800204C780020D492002048910020FA
:10EF9000BCE703002461002068EB030040910020DF
:10EFA00094920020408C0020DFF8C0A02D494046FC
:10EFB00007F07EFB0121504605F04AF900226A6104
:10EFC0002E264FF0020902F120073B46414620461B
:10EFD0006E82A5F8109007F09DFE2146504606F07F
:10EFE00021FE204607F09EFC109B0A36BB423A46A3
:10EFF000B6B202D9B2F5E07FE5D1404607F092FC07
:10F000009BF80030002B3FF4B2AEDFF86090164959
:10F01000404607F04DFB0121484605F019F9002252
:10F020006A6138264FF0020A02F120073B4641464A
:10F0300020466E82A5F810A007F06CFE21464846D7
:10F0400006F0F0FD204607F06DFC109B0A36BB422F
:10F050003A46B6B202D9B2F5D07FE5D1404607F0C4
:10F0600061FC84E62CEB03004CEB030028780020C5
:10F0700008B5064B064A1B78012111600BB1FFF75A
:10F08000D5FBBDE80840FFF705BE00BF4491002056
:10F09000D092002070B5064696B02948FEF792F847
:10F0A0003346284A182104A80CF000FF264901A87D
:10F0B00007F0FEFA04A901AA41F288332048FDF7BF
:10F0C000B7FF044628B901A807F02CFC204616B06B
:10F0D00070BD1E4D0AA801A9FEF764FA0AA92846C8
:10F0E00007F052FC0DA905F10C0007F04DFC10A92A
:10F0F00005F1180007F048FC13A905F1240007F0FA
:10F1000043FC13A807F00EFC10A807F00BFC0DA899
:10F1100007F008FC0AA807F005FC0D490D4AEB6A48
:10F120000E6000211160002BCDD16C6901A8641A1A
:10F1300018BF012407F0F6FB204616B070BD00BFD3
:10F140001C92002060E6030040E603009892002035
:10F1500028610020CC9200202DE9F04FB94E97B0E5
:10F160004FF6FF74AC23CDE900343046C82310229B
:10F17000002104F01DF900210C23019430460C46B7
:10F180000093BC22C82304F013F9BC22C8233046E4
:10F190002146009404F0F8FA3046012105F058F8B1
:10F1A000A94B3361A9497461304606F041FDA84876
:10F1B000FFF742FA0AAB0793002800F0DA80014615
:10F1C000184607F075FAA249079807F0FBFC13AD43
:10F1D000002800F0D3809F4910A807F069FA07992A
:10F1E00010A807F093FC01218146964805F030F8FD
:10F1F00000231C4673611A4610274FF0020A02F1E1
:10F2000020084346494628467782A6F810A007F012
:10F2100081FD29468B4806F005FD284607F082FB54
:10F22000D9F808300A37434504F1010BBFB2424612
:10F2300005D95C46112CE2D11224AA2704E00BEB7D
:10F240008B077F000234BFB210A807F06BFB4FF0B2
:10F25000000808A98048CDF82080ADF82480FEF78A
:10F26000CBFB002840F09A8007F11202002712B26F
:10F27000C82339467348009704F086FA0221714882
:10F28000DFF8048204F0E4FF04EB8404734B77613D
:10F29000640014341A68AC2C4FEA021200F3CF80D9
:10F2A000D8F82C309A4280F0CA804FF0020B08F157
:10F2B000240ADFF8909103E0D8F82C309A4214D257
:10F2C00002F110073B46514628467482A6F810B05A
:10F2D00007F020FD2946484606F0A4FC10342846D5
:10F2E00007F020FBAC2C3A46E6DD0121554804F03E
:10F2F000AFFFD8F82C30BB4208D94FF0B212002330
:10F3000057495048C6E9042306F092FC07F03EFE38
:10F31000544B1B68984280F08F80534A5349022017
:10F32000FDF764FC524A0024C825A2F140002346A0
:10F33000CDE9044403940094CDE90155242105F05E
:10F34000C3FD4B4A05940126A2F1400023460494D4
:10F35000CDE9015500940396262105F0B5FD31460F
:10F36000444805F005FC079807F0DCFA17B0BDE843
:10F37000F08F1846364907F0C1F924E728463E4980
:10F3800007F096F92846324907F0C0FB0146079876
:10F3900007F04CFB284607F0C5FA1CE7374910A8D0
:10F3A00007F086F9364B08A9B3F900200DA8FEF73F
:10F3B000BBFC0DA910A807F0A9FB324907F0D2FB4E
:10F3C0000BEB8B07814601211E487F0004F040FFB4
:10F3D000BFB2C6F8148042464FF0020A03E00A3773
:10F3E000BFB2A346424602F12008AA2F434607F1C6
:10F3F000100C494628460BF1010416D0A6F812C09D
:10F40000A6F810A007F086FC29460E4806F00AFC74
:10F41000284607F087FAD9F808304345DFD804EBCF
:10F4200084046700BFB20BF102040DA807F07AFA5A
:10F4300010A807F077FA17E7FEF790FD6DE717467B
:10F4400053E700BF287800200200BF00B0EA0300A5
:10F45000A4920020CCEA0300B0920020CC920020BD
:10F46000E0EA0300EC92002050E703004CE70300C1
:10F470008C7800204C7800204CE80300D4EA03008C
:10F4800024610020D8EA0300989200202DE9F04F73
:10F49000AC4C9BB0AC234FF6FF75CDE90035204650
:10F4A000C8231022002103F083FFA74B1B68032B06
:10F4B00040F06C81A54FDFF8D0C297F800E0A44E71
:10F4C000019500210C230D460093BC22C823204641
:10F4D0008E4518BF664603F06BFFBC222946C82341
:10F4E0000095204604F050F90121204604F0B0FEBA
:10F4F000984B656131462361204606F099FB964A98
:10F50000964B39780DF1480BA9420CBF11461946AC
:10F510000FA807F0CDF80FA9584607F0EFF890496B
:10F52000584607F0F3FA8F4B8F4A19688F4BA94260
:10F53000ACBF1146194607F015FB01218146204654
:10F5400004F086FE2F4665612A46102615ADA246B8
:10F5500002F120084FF0020C4346A4F810C04946BF
:10F560002846668207F0D6FB2946504606F05AFB2D
:10F57000284607F0D7F9D9F808200A36424507F19E
:10F580000103B6B2424640F2EB81112B1F46DFD198
:10F590001227BC26584607F0C5F90FA807F0C2F994
:10F5A0000021C82332460091664804F0EDF86C490A
:10F5B0000FA807F0A3F80FA807F098FC119B002BE9
:10F5C00040F0DE81002215924FF0010A002B40F03E
:10F5D000EB811AAA02EB8A0201218A4442F8141C28
:10F5E000002B40F0F2811AAA02EB8A0202210AF1F2
:10F5F000010A42F8141C002B40F0F8811AAA02EB11
:10F600008A0203210AF1010A42F8141C002B40F07F
:10F61000FE811AAB03EB8A0304220FA843F8142CD3
:10F6200007F080F90AF1010A102F47DC07EB870782
:10F630007F00BEB21037BF1BA9461036BBB24C4D7F
:10F6400006934FF00008B6B2464B1B68434537B2ED
:10F6500064D0022323826782002359F8047BE3826B
:10F66000A38255F837100FA807F022F8119B092B39
:10F6700006D820210FA807F027FA119B092BF8D9EB
:10F6800005EBC7070FA8796807F0F4F920230022DB
:10F690000FA9584607F03EFB59462A4806F0C2FA21
:10F6A000584607F03FF908F101080FA807F03AF9AA
:10F6B000D04503D00A36B6B2BA2EC5D107F066FCE3
:10F6C0002C4B1B68984280F048812B4A2B49022022
:10F6D000FDF78CFA2A4A0024C825A2F140002346EF
:10F6E000CDE9044403940094CDE90155242105F0AB
:10F6F000EBFB234A05940126A2F140002346049423
:10F70000CDE9015500940396262105F0DDFB314635
:10F710001C4805F02DFA1BB0BDE8F08F069B094888
:10F72000A3F1110200210A23324400930191C8235E
:10F7300012B203F03DFE0223238267824FF6FF736D
:10F740008BE700BF28780020D0920020C8920020CC
:10F7500014E603000200BF003CE6030034E60300A9
:10F76000F87700201C61002040E6030044E6030017
:10F7700060EC0300EC92002050E703004CE703002C
:10F780008C7800204C780020F0E5030000210C2349
:10F79000CDE90035BC220D46C823204603F008FE03
:10F7A000C823BC2229462046009503F0EDFF012125
:10F7B000204604F04DFDC34BC349236165612046DB
:10F7C00006F036FAC1498B68002B40F0528109AB34
:10F7D0001846BF49069306F091FF15AD0DF1480B91
:10F7E000BC49584606F064FF0699584607F08EF962
:10F7F00001218146B84804F02BFD0023984663613F
:10F800001A4610264FF0020A02F120073B464946ED
:10F8100028466682A4F810A007F07CFA2946AE4874
:10F8200006F000FA284607F07DF8D9F808200A36D5
:10F83000BA4208F10103B6B23A4640F29880112B61
:10F840009846E1D112230793BC260027584607F0BB
:10F8500069F83246C82339469F48009703F094FF61
:10F8600001219D48DFF8749204F0F2FC079B676168
:10F8700003EB8306760010363A46B6B298464FF050
:10F88000020A02E00A36B6B23A4602F12007B8F19F
:10F89000100F3B469149284608F101080FDCA4F8F7
:10F8A00010A0668207F036FA29468B4806F0BAF9AE
:10F8B000284607F037F8D9F80830BB42E2D8884B21
:10F8C000079A1B68002B9846B8BF03F11F0802EB8C
:10F8D0006818B8F1100F40F3B2800A22D9F8081066
:10F8E0000FA806F0BFFF0FA9584606F007FF7D4995
:10F8F000584607F037F90A220646A021284606F0A6
:10F9000081FF2946304607F001F901460CA806F0B0
:10F91000F5FE284607F006F8584607F003F80FA84A
:10F9200007F000F80E9B6C48A3EB83035B00C43325
:10F930000022B22523820CA96261658206F072F969
:10F940000CA806F0EFFF069806F0ECFF07F01EFB90
:10F95000654B1B689842FFF4B8AEFEF7FFFAB4E6B9
:10F9600003EB83035E00123636B2023712E603EB76
:10F9700083035E00123608F1020336B2079364E790
:10F980005A49584606F094FE0FA9584607F04EF91A
:10F9900082465846BAF1000F40F08A8006F0C2FF56
:10F9A000119B002B3FF415AE5149584606F080FEDE
:10F9B0000FA9584607F03AF900287DD1584606F0BD
:10F9C000B1FF119B002B3FF40EAE4A49584606F09A
:10F9D0006FFE0FA9584607F029F900285ED1584656
:10F9E00006F0A0FF119B002B3FF408AE4249584699
:10F9F00006F05EFE0FA9584607F018F9002852D10C
:10FA0000584606F08FFF119B002B3FF402AE3B4996
:10FA1000584606F04DFE0FA9584607F007F918B1F1
:10FA2000584606F07FFFF4E5584606F07BFF0FA826
:10FA300006F078FFBAF1000F7FF4F6AD3EE65A42C9
:10FA400002F01F0208F1010803F01F0308EB880809
:10FA500058BF534203EB43034FEA480259000E32AA
:10FA60000023009312B2023106231B4803F08CFEE0
:10FA700033E715AD284606F041FE2846204907F039
:10FA800071F8134907F042F809AB0146184606938E
:10FA900006F034FE284606F045FF9FE6584606F07D
:10FAA00041FF119B9FE5584606F03CFF119BA5E5E1
:10FAB00006F038FF119B85E5584606F033FF119B91
:10FAC00087E500BF0200BF0048E60300047800207D
:10FAD000107800203CE6030028780020E87700201A
:10FAE000F4770020ACE60300EC920020DCE9030090
:10FAF000E4E90300E8E90300ECE90300F0E90300AE
:10FB00004CE8030010B503212048214CFDF7E8FE26
:10FB1000204B1E481978FDF7BBFE94F900305A1CA3
:10FB200004D0012B21D0022B0BD010BD4FF47A73DF
:10FB3000002219491548FDF77BFA58B101232370BB
:10FB400010BD4FF47A73002214491048BDE81040EC
:10FB5000FDF76EBA02464FF47A7310490B48FDF771
:10FB600067FA58B10223237010BD4FF47A73002254
:10FB700009490648BDE81040FDF75ABA2070084A06
:10FB800008490120BDE81040FDF730B81C92002064
:10FB90004161002040610020B0E60300D0E6030090
:10FBA000DCE6030098E603002DE9F04FB848B94DB4
:10FBB000B94E95B04FF6FF77AC23CDE90037102250
:10FBC000C8230021044603F0F3FBB44B1A680792E4
:10FBD0000197079F00210C23012F08BF2E462046C6
:10FBE0000D460093BC22C82303F0E2FBC823BC22CD
:10FBF00020462946009503F0C7FD2046012104F068
:10FC000027FBA74B236131466561204606F010F8BB
:10FC1000A24B1B68012B00F03081A249A24A022BA3
:10FC200008BF1146DFF868820EA806F041FD0121E9
:10FC3000404604F00DFB002262611A2601254FF0B8
:10FC4000020902F120073B460EA911A86682A4F81A
:10FC5000109007F05FF811A9404605F0E3FF11A8E6
:10FC600006F060FE109B0A36BB423A4605F10101E0
:10FC7000B6B205D9B2F5007F0D46E2D1122500E0FB
:10FC80000235DFF828920EA806F04CFE4846FEF733
:10FC9000D3FC002800F0F38001460EA806F008FD12
:10FCA0007B4805EB850701217F008346103704F070
:10FCB000CFFA0022BFB262614FF0020A03E00A37B6
:10FCC000BFB23546424602F12008102D43460EA928
:10FCD00011A805F1010611D8A4F810A0678207F059
:10FCE00019F811A9584605F09DFF11A806F01AFE53
:10FCF000109B4345E3D8AB1C35461E460EA806F0C4
:10FD000011FE6A48FEF798FC60B3614805EB850771
:10FD100001217F008346103704F09AFA0022BFB217
:10FD200062614FF0020A03E00A37BFB2354642462D
:10FD300002F12008102D43465C4911A805F1010687
:10FD400010D8A4F810A0678206F0E4FF11A9584665
:10FD500005F068FF11A806F0E5FDD9F80830434525
:10FD6000E2D8AE1C4D4B1B6806F10108032B45463B
:10FD700000F0B2800DF12C0A4D49DFF814B1504665
:10FD800006F096FC4B4B0A22197808A806F00AFDEB
:10FD900008A9504606F0BAFE474906F0E3FE474B75
:10FDA0000A22197806460EA806F0FCFC0EA9304679
:10FDB00006F0ACFE05EB850680460121584676002C
:10FDC00004F046FA10360022B6B262614FF0020922
:10FDD00002E00A36B6B23A4602F12007102D3B4641
:10FDE000414611A805F101050FDCA4F810906682C8
:10FDF00006F090FF11A9584605F014FF11A806F06F
:10FE000091FDD8F80830BB42E3D80EA806F08AFD71
:10FE100008A806F087FD504606F084FD07F0B6F806
:10FE2000274B1B6898422FD2264A27490220FCF70D
:10FE3000DDFE264A0024C825A2F140002346CDE974
:10FE4000044403940094CDE90155242105F03CF8C5
:10FE50001E4A05940126A2F1400023460494CDE9F0
:10FE6000015500940396262105F02EF831461848D6
:10FE700004F07EFE15B0BDE8F08F1649D2E6494683
:10FE80000EA806F03BFC0BE7FEF768F8CCE700BFD6
:10FE9000287800201CEA030034EA0300E4770020FD
:10FEA0000200BF0054EA03006CEA0300D47700208C
:10FEB00078EA03004061002080EA03002661002008
:10FEC000EC92002050E703004CE703008C78002000
:10FED0004C7800205CEA030007F058F8274B2849CB
:10FEE0001F68284B284D294AC01BA1FB00718909B6
:10FEF000A3FB01735B09C3EB0313A1EB8301A5FB18
:10FF000000500DF12C0A830B0091504608210BF094
:10FF1000CDFF06EB860751460EA806F0C9FB7F0011
:10FF200001211B4804F094F910370022BFB262612E
:10FF30004FF0020B05E00A374646BFB24A4608F1C9
:10FF4000010802F12009102E4B460EA911A84546C2
:10FF50000FD8A4F810B0678206F0DCFE11A90C4897
:10FF600005F060FE11A806F0DDFC109B4B45E2D8C1
:10FF7000B51C0EA806F0D6FCFEE600BFE077002018
:10FF8000D34D62108988888873B2E7457CE5030009
:10FF900028780020F0B53F4B93F90030012B8DB04D
:10FFA00004466ED0022B64D03B4B3C483C4A1B7845
:10FFB00000250121056011600BB1FEF737FCFEF74B
:10FFC00069FE214606A806F073FB06F0DFFF354DFB
:10FFD000354E002400F57A670E23224600930194E3
:10FFE00028462146C823376003F0E2F9284601215C
:10FFF00004F02EF92D4E2E614FF0FF3322466B6137
:020000023000CC
:1000000006A91F2309A806F085FE09A9284605F0C0
:1000100009FE09A806F086FCC826254A25490220C3
:10002000FCF7E4FD0127234605F1640205F12400F5
:10003000CDE9044403940094CDE90166242104F041
:1000400043FF234605F1640205F12400CDE9044491
:10005000CDE9016600940397262104F035FF394667
:1000600005F1240004F084FD06A806F05BFC0DB049
:10007000F0BD4FF47A7300220F491048FCF7D8FF07
:1000800092E74FF47A7300220D490C48FCF7D0FF39
:100090008AE700BF4161002044910020E4770020FE
:1000A000D092002028780020EC9200200400030069
:1000B00050E703004CE703007CE603001C9200209D
:1000C0006CE603001C4B1B7833B170B51B4D2B68DD
:1000D00084B013B104B070BD7047194B0446197851
:1000E0001848FDF7D5FB184B16481978FDF7E4FBC7
:1000F00021461448FDF768FB064660B901A813497C
:1001000006F0D6FA314601A8FEF730FB01A806F04A
:1001100009FC04B070BD06F039FF0D4B2146186094
:1001200002230C482B6006F005FC0B4B06221A60DC
:10013000FFF73AFDCEE700BF94920020E47700205D
:10014000406100201C92002026610020E0E50300B1
:10015000E0770020D4770020D09200202DE9F047EE
:10016000844D90B04FF6FF74AC23CDE9003428469F
:10017000C8231022002103F01BF900210C23019455
:1001800028460C460093BC22C82303F011F9BC2278
:100190002146C8232846009403F0F6FA2846012198
:1001A00004F056F8744B2B6174496C61284605F0D5
:1001B0003FFD73490AA806F07BFA72490AA806F0C7
:1001C000A5FC714906F0CEFC01218046284604F0CA
:1001D0003FF8A9466C61224601261A244FF0020A14
:1001E00002F120073B4641460DA86C82A5F810A0FD
:1001F00006F090FD0DA9484605F014FD0DA806F087
:1002000091FBD8F808300A34BB4206F10101A4B2D0
:100210003A4604D911290E46E2D1122600E00236F0
:100220000AA806F07FFB57498B68022B2FD806F0EF
:10023000ADFE564B1B68984280F09880544A554951
:100240000220FCF7D3FC544A0024C825A2F1400048
:100250002346CDE9044403940094CDE901552421BB
:1002600004F032FE4C4A05940126A2F140002346D8
:100270000494CDE9015500940396262104F024FE50
:100280003146464804F074FC10B0BDE8F08707A87A
:10029000FEF782F907A8FEF7CFF906EB8604814640
:1002A0003448012164008046103403F0D1FF00225D
:1002B000A4B26A614FF0020A02E00A34A4B23A46DC
:1002C00002F12007102E3B4607A90DA810DCA5F867
:1002D00010A06C8206F01EFD0DA9404605F0A2FCA0
:1002E0000DA806F01FFB099BBB4206F10106E4D8EE
:1002F000B9F1000F30D049460AA806F0D9F906EB4B
:1003000086041C48012164008046103403F0A0FFDD
:100310000022A4B26A614FF0020902E00A34A4B2DA
:100320003A4602F12007102E3B460AA90DA806F115
:1003300001060EDCA5F810906C8206F0EBFC0DA90E
:10034000404605F06FFC0DA806F0ECFA0C9BBB4292
:10035000E4D80AA806F0E6FA07A806F0E3FA06F0E1
:1003600015FE0A4B1B689842FFF468AFFDF7F6FDD7
:1003700064E700BF287800200200BF0088EA03007D
:10038000A8EA03001C78002044E60300EC92002059
:1003900050E703004CE703008C7800204C780020E5
:1003A0002DE9F04FB04C9BB04FF6FF75AC23CDE973
:1003B00000352046C8231022002102F0F9FF002159
:1003C0000C23019520460D460093BC22C82302F061
:1003D000EFFFBC222946C8232046009503F0D4F93C
:1003E0002046012103F034FFA04B2361A049656141
:1003F000204605F01DFC9F4914A806F059F99E49B6
:1004000011A806F055F911A914A806F07FFB0121E7
:100410008046204603F01CFF2E4665612A46A24610
:1004200010254FF0020902F120073B46414617A86C
:100430006582A4F8109006F06DFC17A9504605F0EF
:10044000F1FB17A806F06EFAD8F808300A35BB425F
:100450003A4606F10106ADB203D9B2F5087FE2D102
:10046000112611A806F05EFA14A806F05BFA83497B
:10047000DFF8F4B114A806F01BF9FCF7E7FB0A2239
:10048000014611A806F01EFA11A914A806F03EFBB9
:100490007B4906F067FB06EB86058146012158463D
:1004A0006D0003F0D5FE10350022ADB262614FF051
:1004B000020A03E00A35ADB242463E4602F1200888
:1004C000BA2D4346494617A806F1010700F0FF81FF
:1004D000A4F810A0658206F01DFC17A9584605F087
:1004E000A1FB17A806F01EFAD9F808304345E1D859
:1004F00011A806F017FA14A806F014FA6149DFF8FB
:1005000068B114A806F0D4F85F4B604A1978604BC4
:1005100011A800290CBF1146194606F0C9F811A907
:1005200014A806F0F3FA07EB870581460121584627
:100530006D0003F08DFE10350022ADB262614FF008
:10054000020A03E00A35ADB24246374602F12008FE
:10055000102F4346494617A807F1010600F2B5815E
:10056000A4F810A0658206F0D5FB17A9584605F03F
:1005700059FB17A806F0D6F9D9F808304345E1D859
:1005800011A806F0CFF914A806F0CCF94149DFF81C
:10059000D8B014A806F08CF83F4B404A19783C4B71
:1005A00011A800290CBF1146194606F081F811A9BF
:1005B00014A806F0ABFA06EB8607814601215846DF
:1005C0007F0003F045FE10370022BFB262614FF09A
:1005D000020A03E00A37BFB22E46424602F1200863
:1005E000102E4346494617A806F1010512D8A4F873
:1005F00010A0678206F08EFB17A9584605F012FB83
:1006000017A806F08FF9D9F808304345E2D8B31C93
:100610002E461D4611A806F085F914A806F082F9A9
:100620001D4B1B78002B40F0918105EB8506760071
:10063000B6B200270C48009706F10C0212B2C8238C
:100640003946814603F0A0F8154914A806F030F8A1
:1006500010360121484603F0FBFDB6B267613A4609
:100660004FF0020A22E000BF287800200200BF00FD
:10067000F8E7030018E8030058EC030024E803003F
:1006800030E8030038E803004C910020DCE7030069
:1006900064E4030044E8030094920020E8E70300C8
:1006A00098E803000A36B6B245463A4602F12007FA
:1006B000102D3B4614A917A805F1010811D8A4F87C
:1006C00010A0668206F026FB17A9484605F0AAFA94
:1006D00017A806F027F9169BBB42E3D8AB1C45468A
:1006E000984614A806F01EF9B44B1F68002F00F0BE
:1006F000F78065DDB24B0693DFF8D0A200230793A5
:10070000B04911A805F0D4FF069F11A807F10C010C
:1007100006F0FCF9AB4906F025FA06463846FDF727
:100720008BFF002800F0CC80014614A805F0C0FF24
:10073000304614A906F0EAF905EB85068146012149
:100740005046760003F084FD10360022B6B2626196
:100750004FF0020B03E00A36B6B245463A4602F1C4
:100760002007102D3B46494617A805F1010814DC67
:10077000A4F810B0668206F0CDFA17A9504605F02D
:1007800051FA17A806F0CEF8002FE4D0D9F80830B7
:10079000BB42E0D8AB1C4546984614A806F0C2F808
:1007A00011A806F0BFF8854B079A1B6801329342E7
:1007B000079205DD069B18330693079B052B9FD1F7
:1007C00008EB88056D00ADB27F4E8048002305F12F
:1007D0000C020093194612B23360C82302F0D4FF12
:1007E0007B4914A805F064FF7A498B68002B70D10F
:1007F000794911A805F05CFF11A914A806F086F943
:100800000746724801218146103503F021FD002280
:10081000ADB262614FF0020A02E00A35ADB2324673
:1008200002F12006B8F1100F3346394617A812DC42
:10083000A4F810A0658206F06DFA17A9484605F0E5
:10084000F1F917A808F1010806F06CF8002EE4D0C1
:10085000BB68B342E1D811A806F064F814A806F00A
:1008600061F806F093FB5D4B1B68984235D25C4AF9
:100870005C490220FCF7BAF95B4A0024C825A2F1C2
:1008800040002346CDE9044403940094CDE901558A
:10089000242104F019FB544A05940126A2F14000DA
:1008A00023460494CDE9015500940396262104F0D3
:1008B0000BFB31464D4804F05BF91BB0BDE8F08FEF
:1008C000069914A805F01AFF32E73E4658E6374667
:1008D0000EE611A805F012FF8EE7FDF73FFBC6E715
:1008E000DFF8E890424905EB850614A8760005F08C
:1008F000DFFE10360121484603F0AAFCB6B267615C
:100900003A464FF0020A03E00A36B6B245463A4686
:1009100002F12007102D3B4614A917A805F1010884
:1009200010D8A4F810A0668206F0F4F917A948467A
:1009300005F078F917A805F0F5FF169BBB42E3D840
:1009400005F1020814A805F0EDFF39E7294908A8C8
:1009500005F0AEFE08AA41F2883327492748FCF784
:1009600067FB002840F0D2800BA82449FDF70CF863
:100970000D9B002B40F01B812149DFF850B014A8DB
:1009800005F096FE1F4B0A22196811A805F03AFFE0
:1009900011A914A806F0BAF81B4906F0E3F806EB13
:1009A00086058146012158466D0003F051FC103543
:1009B0000022ADB262614FF0020A2BE014920020D7
:1009C000549100204CE80300189200202878002061
:1009D000B0E80300E0920020BCE80300EC920020A5
:1009E00050E703004CE703008C7800204C7800208F
:1009F000A8E8030040E6030050E803001C92002032
:100A000074E803002061002080E803000A35ADB2DD
:100A100042463E4602F12008102E4346494617A89A
:100A200006F1010770D8A4F810A0658206F072F9EB
:100A300017A9584605F0F6F817A805F073FFD9F87E
:100A400008304345E2D811A805F06CFF14A805F062
:100A500069FF7A49DFF8FCB111A805F029FE784B4F
:100A60000A2219680EA805F0CDFE0EA911A806F0FD
:100A70004DF8744906F076F8734B0A22196805465A
:100A800014A805F0BFFE14A9284606F03FF807EBAE
:100A90008706814601215846760003F0D9FB1036BF
:100AA0000022B6B262614FF0020A03E00A36B6B223
:100AB0002F46424602F12008102F4346494617A808
:100AC00007F1010510D8A4F810A0668206F022F9FB
:100AD00017A9584605F0A6F817A805F023FFD9F87E
:100AE00008304345E2D8BD1C14A805F01BFF0EA832
:100AF00005F018FF11A805F015FF0BA805F012FF6F
:100B000008A805F00FFF90E537469CE7222108A8CA
:100B100006F0B8F8051E80F288804FF0FF37AF422C
:100B20007FF722AF4949DFF82C9114A805F0C0FDEA
:100B30006A1C3B4608A911A806F0ECF811A914A8F4
:100B400005F0E4FF06EB86058046012148466D006E
:100B500003F07EFB10350022ADB26261B4464FF067
:100B6000020A03E00A35ADB23A46B44602F1200764
:100B7000BCF1100F3B46414617A806F101065BD8B1
:100B8000A4F810A0658206F0C5F817A9484605F03C
:100B900049F817A805F0C6FED8F80830BB42E1D8DE
:100BA00011A805F0BFFE14A805F0BCFEDCE628493C
:100BB000DFF8A09014A805F07BFD0BA914A805F0A0
:100BC000A5FF06EB86058046012148466D0003F02F
:100BD0003FFB10350022ADB26261B4464FF0020A0D
:100BE00003E00A35ADB23A46B44602F12007BCF143
:100BF000100F3B46414617A806F1010613D8A4F88A
:100C000010A0658206F086F817A9484605F00AF894
:100C100017A805F087FED8F80830BB42E1D814A821
:100C200005F080FEA8E66646F9E76A1C222108A8BE
:100C300006F038F8074672E76646B1E784E8030035
:100C4000DC92002090E80300D89200205CE80300CA
:100C500068E80300287800202DE9F0410368784A0D
:100C600078498AB004460220FBF7C0FF764907A8FE
:100C700005F01EFD07A9204605F0D8FF054607A888
:100C800005F050FEF5B1714C2368033B012B13D9DD
:100C9000FDF7CCFD07AA04A96D48FCF7BFFB30BBEC
:100CA0002368012B2CD006F071F96A4B1B6898421F
:100CB00005D3FDF753F902E0674B01221A700AB021
:100CC000BDE8F081654907A805F0F2FC07A92046B8
:100CD00005F0ACFF054607A805F024FE4DB3604CB7
:100CE000236893B1012BEAD1FEF70CFFE7E75D4BD8
:100CF000079A1A6023685C4904980860012BD2D1D6
:100D0000FDF7C8FF0AB0BDE8F081584907A805F013
:100D1000CFFC012307A95648236005F00BFE4B4B7F
:100D200006221A60FEF740FF07A805F0FBFD2368C6
:100D3000D8E7504907A805F0BBFC07A9204605F0F5
:100D400075FF054607A805F0EDFDD5B12221204627
:100D500005F098FF051E46DA4FF0FF36AE42AEDDD5
:100D60000135214607A82A46334605F0D3FF4049FE
:100D700007A805F027FF00283CD007A805F0D2FD02
:100D80009DE73D4907A805F093FC07A9204605F01B
:100D90004DFF054607A805F0C5FDADB9374901A8C7
:100DA00005F086FC01A9204605F040FF002837D059
:100DB00001A805F0B7FD2A4B1B68002B3FF47FAF5D
:100DC0002F48FFF7E7F87AE7254B03221A6006F071
:100DD000DDF81E4B2B4A1B681060062B7FF46FAFAB
:100DE000FEF7E2FE6BE76A1C2221204605F05AFF5F
:100DF0000646B3E707A805F095FD33462A46214687
:100E000007A805F087FF07A9194805F0BDFD07A849
:100E100005F088FD0D4B1B68062B7FF450AFDFE714
:100E2000194904A805F044FC04A9204605F0FEFE7B
:100E300060B304A805F076FD01A805F073FDBAE7DC
:100E4000D4E7030070E7030004E50300D09200201C
:100E50001C920020EC92002044910020F4E4030056
:100E6000E4770020D8920020DC92002040E60300C6
:100E7000D4770020FCE4030078E703000CE50300CE
:100E8000A4E70300E07700208CE70300664907A889
:100E900005F00EFC07A9204605F0C8FE054607A888
:100EA00005F040FD04A805F03DFD01A805F03AFD60
:100EB000002D80D15D4907A805F0FAFB07A920465F
:100EC00005F0B4FE054607A805F02CFD002D3FF403
:100ED000F6AEA368564F21460C2201A805F01AFF72
:100EE00001A806F01FF8202101A805F0FFFE3B68CD
:100EF000072B1D46A8BF0725002B804614DD4D4C4F
:100F000005EB450304EBC304A4F118063146204663
:100F100005F010FD013DA4F10C0104F10C0005F0F9
:100F200009FD3446002DEFD1B8F1000F51DD4346E5
:100F3000002201A907A805F0EDFE07A93E4805F02B
:100F400023FD07A805F0EEFC08F10102039B01A9AF
:100F500007A805F0DFFE07A9364805F015FD07A82C
:100F600005F0E0FC3B68354A3549072BDCBF01330F
:100F70003B60136807A80133136005F099FB2D4807
:100F8000FDF75AFB002834D0014604A805F090FB79
:100F900004A907A805F0BAFD0021FDF7E7FB04A8A6
:100FA00005F0C0FC07A805F0BDFC264B93F9003006
:100FB000012B2ED0022B24D0234B244A1B68002166
:100FC000062B11601AD0052B2BD001A805F0AAFC26
:100FD00075E61F4907A805F06BFB07A9164805F041
:100FE000D3FC07A805F09EFC01A907A805F086FB25
:100FF000B1E7104904A805F081FBC9E7FEF738F80E
:10100000E3E74FF47A73002212491348FCF710F813
:10101000D2E74FF47A73002210490F48FCF708F822
:10102000CAE7FFF7BDF9D0E794E703002CE503001A
:10103000149200205491002060910020189200200A
:10104000B0E7030041610020D0920020E477002047
:1010500040E603007CE603001C9200206CE60300DF
:10106000F0B5B94D2B68013B91B00446062B4DD825
:10107000DFE813F007008200AD000C0121014E00F3
:101080006A00B52800F03882B62800F08B810D2860
:1010900000F0668320F02003DAB2442A00F0ED84E9
:1010A0004D2A00F04183432A00F03384502A40F057
:1010B000A785A64B1B68002B28DDA54B1B782BB3FF
:1010C000A44E336813BBA44BA44A1C68A44BA54888
:1010D000282101FB04241978FCF7DAFBA24BA14874
:1010E00019780834FCF7E8FB21469E48FCF76CFBB6
:1010F000002840F075859D490BA805F0D9FA0BA88A
:101100000021FDF733FB0BA805F00CFC11B0F0BD7E
:10111000904E3368012B00F01182B52800F0268331
:10112000B62800F08A81B72840F0B5848E4A13783B
:10113000072BEBD80133DBB219468A481370FCF752
:10114000BBFBFEF731FDE1E70D2800F0DC8108284C
:1011500000F0EB801B2800F04E83A0F13003092B38
:1011600000F28B85824883680F2BCFD8214605F08B
:10117000ABFCFEF7F3FFC9E7B62800F0FE82B52806
:1011800000F0C88200F0DF03502B00F08B81442B6D
:1011900000F0FA82522B40F049857649764805F0F6
:1011A000C9FB7649764805F011FC764B724800225F
:1011B0001A60FDF741FA7149002818BF01467248CC
:1011C00005F004FC04232B60FEF760F99EE76F49ED
:1011D00005A805F093FA05A805F088FE079B002BEB
:1011E00040F0338200220B920126002B40F00E8249
:1011F00010AA02EB860201210E4442F8141C002BB7
:1012000040F0F48110AA02EB86020221013642F876
:10121000141C002B40F06C8210AA02EB8602032102
:10122000013642F8141C002B40F0008210AB03EB97
:101230008603042205A843F8142C05F073FBB62C92
:1012400006F1010600F01481092C00F00E81B52C86
:1012500000F019810D2C00F03183082C00F0FD8383
:101260001B2C4BD0A4F120035E2B3FF64FAF474819
:101270008368132B3FF64AAF214605F025FC444B0B
:101280004FF0FF321A60FEF701F93FE73C4E0D28A0
:10129000B36800F06D81B42800F09B80B72840F05F
:1012A000CE8238490A6893427FF730AF01320A6034
:1012B000FEF7ECF82AE71B282DD009282BD0A0F147
:1012C00020035E2B40F28F8032490BA805F0F0F925
:1012D0001022214608A805F065FA08A90BA805F018
:1012E00015FC01462C4805F025FB08A805F01AFB63
:1012F0000BA805F017FBFFF753F807E7274B1A7801
:101300004AB100221D4921481A7005F05FFB204BAD
:101310004FF0FF321A60224B1B7801222A60002B0B
:1013200040F0F581FDF7B6FCF0E6114CA16800290C
:101330003FF4ECAE0139204605F046FDA368002BD2
:101340007FF417AFE7E700BFD09200204091002064
:1013500094920020E4770020D4920020408C00205A
:10136000406100201C92002026610020E0E503007F
:101370001C780020A49200201078002040E6030092
:10138000E8770020F477002004780020F877002028
:101390001C610020ECEB0300E0920020C8920020CA
:1013A00044910020B14BB2491B680A68013B93424B
:1013B00000F3C0829623522B00F0A9811B2C00F071
:1013C000BA83092C7FF4A2AE05232B60FEF7E8FF59
:1013D0009CE6A84A1368002B7FF798AE013B136088
:1013E000FEF754F892E608A8A34905F061F92146F2
:1013F00005A805F0ABF905A908A805F087FB9F49EA
:1014000005F0B0FB1022054621460BA805F0CAF9ED
:101410000BA9284605F07AFB994905F0A3FB014684
:10142000984805F087FA0BA805F07CFA05A805F0A6
:1014300079FA08A805F076FA5DE7934A1378002B4D
:101440003FF464AE013BDBB2194690481370FCF7E1
:101450001FFAFEF7A9FB59E608A805F063FA05A8EC
:1014600005F060FAB62C7FF4EFAE002E3FF44EAEDE
:1014700087490B68013393FBF6F206FB12360E60C8
:10148000FEF704F842E6002E3FF440AE804C23689D
:10149000002BD4BF06F1FF3303F1FF332360FDF7C8
:1014A000F5FF33E67B4B1B78002B3FF42FAE7A4CD5
:1014B0002368002B7FF42AAE734B74481978FCF72D
:1014C000E7F9764B71481978FCF7F6F974496F48DB
:1014D000FCF77AF900283FF40EAE05F057FD714B8A
:1014E0006F49186002237048236005F023FA062331
:1014F0002B60FEF759FB09E65D4A1368002B00F3E9
:101500007581952357E7694CA368022B7FF6FEADE2
:1015100008A82146FDF740F8204665495E4E05F0D3
:1015200055FA5C4B1B78002B00F027823368002BA8
:1015300000F0068208A805F0F5F9E7E50D2800F0AF
:1015400065821B2804D000F0DF04482C7FF4DEAD58
:10155000584B93F90030012B00F0CC82022B00F0A5
:10156000C1824A48FCF784F95348FEF713FDCDE5E4
:10157000002B7FF7CBAD5149514C0BA805F098F8E3
:1015800000210BA8FDF7F2F80BA805F0CBF92146D6
:1015900032463E48FBF71EFE2368002800F07C819F
:1015A000484A00924849494A0220FBF71FFB40493C
:1015B000204605F00BFA3E49304605F007FA3C4953
:1015C000434805F003FA3A49424805F0FFF9424B17
:1015D00028491B780020012208602A600BB1FDF722
:1015E00025F9FDF757FB3D490BA886E53C4908A8BE
:1015F00005F05EF805A908A805F018FB002840F0E2
:10160000E28008A805F08EF9079B02E6354908A894
:1016100005F04EF805A908A805F008FB002840F0E1
:10162000DC8008A805F07EF9079BE8E52E4908A8AC
:1016300005F03EF805A908A805F0F8FA00283FF4DF
:101640000BAF08A805F06EF9F0E5284908A805F0E9
:101650002FF805A908A805F0E9FA064608A8002E03
:1016600040F0C08005F05EF9079BBEE54091002088
:10167000D4920020F4770020DCEB0300E0EB0300C1
:10168000E8EB0300E0920020406100201C92002063
:101690001C61002094920020E47700202661002045
:1016A000A4920020E0770020D47700201C7800204E
:1016B00040E6030041610020CCEB0300A4EB0300F3
:1016C00010780020C0E7030024EC0300F4EB0300D3
:1016D000F8770020047800204491002070EB03008C
:1016E000E8E90300E4E90300F0E90300DCE90300B2
:1016F000A94908A804F0DCFF05A908A805F096FA96
:10170000002865D108A805F00DF9079B8BE5FDF7CA
:101710008DF807E6A14A1368002B7FF7F7AC013B71
:101720001360FDF719FDF1E49D4C9E4AA368002665
:101730001670002B64D09C4B9B68002B40F0B68148
:1017400003232B60FDF7A2FE98490BA804F0B0FF1D
:101750000BA80021FDF70AF80BA805F0E3F8D5E483
:10176000934B1B68002B79DC034624E6914A1378DF
:10177000042B3FF6CBAC013365E6884A136801338E
:101780001360FDF7E9FCC1E48B4B8C481C68E1B2A7
:10179000FBF730FE8A498B4B8B4A00280CBF08466A
:1017A00018460090234689490220FBF71FFAFDF7EF
:1017B0003DF8874B1B780BB1FCF702FE01232B6031
:1017C000FDF768FAA2E408A805F0ACF8079B19E554
:1017D00008A805F0A7F8079B1EE508A805F0A2F8E1
:1017E000079B05E505F09EF8079BFBE4013B1360B2
:1017F000FDF750FA8AE47749774805F0E7F88AE57B
:10180000764EB768002F9BD17249674805F0DEF825
:101810002046704905F0DAF830466E4905F0D6F8F2
:101820006C496F4805F0D2F86E496F4A4FF0FF30AF
:101830000323086017602B60FDF728FE66E4B528D7
:1018400040F00B82684A1368002B7FF75FAC203BA7
:1018500023EAE3731360FDF719FE57E4634E644C0B
:10186000336803EB830354F83300FDF713FC0028BF
:101870003FF44CAC336803EB830304EBC3042379DC
:101880002BB15C4A13680021013B136021710223D4
:101890002B60FDF761FC39E4494A00924B49564AF6
:1018A0000220FBF7A3F9554B1B7801222A60002B7D
:1018B00040F02881FDF7EEF9514995E6394F3C7823
:1018C000002C40F0FB80474F3B689E4200F21D8198
:1018D00042498B68022B7FF619AC08A8FCF75CFE26
:1018E00008A9314805F050F808A805F01BF82E4863
:1018F000FCF7A2FE3749002818BF0146384805F01A
:1019000065F8394A042314602B60FDF7BFFDFFF72B
:10191000FDBB244B2F49314801221A7005F056F8BF
:10192000304A4FF0FF31032311602B60FDF7AEFD0D
:10193000FFF7ECBB01320A60FDF7ACF9FFF7E6BB3D
:101940001C4B1E481978FBF7A3FF2E4B1B48197838
:10195000FBF7B2FF08A91948FBF736FF0446002839
:1019600040F0048128490BA804F0A2FE0BA82146F0
:10197000FCF7FCFE0BA804F0D5FF3368002B7FF4C6
:10198000D9AD1E4B1B7801222A600BB1FCF74EFF2C
:10199000FDF780F9CEE500BFECE90300CC92002012
:1019A000E8770020C89200201078002094EB030014
:1019B0004091002040610020286100201C920020FE
:1019C000CCE80300C0E70300C4E7030024EC0300F5
:1019D0009492002040E603001C780020F877002055
:1019E000047800201C610020F4770020D4920020AD
:1019F000408C0020F4920020F4EB0300449100207E
:101A000078EB030026610020E0E50300AE4B93F97C
:101A10000030012B00F0A280022B00F09780032100
:101A2000AA48FBF75DFFA948FBF71AFF00283FF41F
:101A30006DAB0323336005F0A9FAA54AA54B1060EE
:101A40001978A248FBF724FFA34BA0481978FBF7AD
:101A500033FFFEF7A9F8FFF759BBA04881680029BA
:101A60003FF454AB013905F0AFF99D4B4FF0FF3215
:101A70001A60FDF70BFDFFF749BB9A4B1B68002B63
:101A80007FF79CAC984B994A1B68904803EB830303
:101A900052F833407BE6B42840F0D0808E4A137869
:101AA000002B3FF433AB013BFFF745BB04232B6016
:101AB000FDF7ECFC0BA88E49FFF71FBB884C8D4946
:101AC00005A804F0F5FD2368B3427CD383498B68F5
:101AD000022B6DD8079B002B57D105A804F022FFDD
:101AE000FFF714BB4FF47A73002283497748FBF762
:101AF0009FFA36E54FF47A73002280497348FBF76A
:101B000097FA2EE5FCF792FED4E610AA02EB8303C7
:101B10007B4E53F8143C7B4856F8331004F056FFC4
:101B20003B68794810AA02EB830353F8143C06EB98
:101B3000C3067168E3E66C4B1A68002A7FF7E6AAD1
:101B400000221A60FDF7A6F8FFF7E0BA4FF47A73A7
:101B5000002269495D48FBF76BFA60E74FF47A733E
:101B6000002266495948FBF763FA58E705F00EFA78
:101B7000574B08A9186002236448336004F0DAFE6A
:101B800006232B60FEF710F8F7E600235949534867
:101B90003B7004F01BFF4FF0FF3305A82360FEF7F6
:101BA00091FA5B4B1B68002B97D1FDF761FA94E724
:101BB00008A8FCF7F1FC08A905A804F0E5FE08A8B0
:101BC00004F0B0FE86E710AA02EB83034C4A53F8F8
:101BD000143C02EBC30305A8596804F0F7FE79E74B
:101BE00005F0D4F93A4B2146186002234748336088
:101BF00004F0A0FE06232B60FDF7D6FFFFF786BAA0
:101C0000A0F13002092A3FF6D6AB01460BA804F03A
:101C10009DFD0BA93F4804F0B7FE0BA804F082FE1F
:101C200007232B60FEF79AFAFFF770BA1B283FF4E0
:101C300072AB09283FF46FABFFF768BA1B2804D0DA
:101C400000F0DF04482C7FF461AA2048FBF710FE67
:101C50003148FEF79FF9FFF759BAB62812D12F493C
:101C60000A6893427FF752AA20329342A8BF1346D4
:101C70000B60FDF70BFCFFF749BA2B283FF472AA63
:101C8000FFF744BA082810D1244C216800297FF7B7
:101C90003DAA01393046012205F09EF82368013B38
:101CA0002360FDF7F3FBFFF731BA1B283CD11C4B37
:101CB0001B7801222A600BB1FCF7B8FDFCF7EAFFA4
:101CC0000BA8184942E500BF416100201C9200208A
:101CD000E07700204061002026610020F877002096
:101CE0001C61002040910020D4920020408C0020F4
:101CF00094EB030040E603007CE603006CE603007F
:101D000060EC03000478002010780020D4770020D5
:101D1000E47700201C780020A4E70300F47700207B
:101D200044910020B0EB0300A0F120025E2A3FF6B0
:101D3000EDA99F2B3FF7EAA91A4D00222B6802A8B4
:101D4000314604F0E7FF02A908A804F0D7FC2146B9
:101D500005A804F0FBFC05A908A804F0D7FEB368A9
:101D60002A68044631460BA804F0D4FF0BA920468C
:101D700004F0CCFE0146304604F0DCFD0BA804F074
:101D8000D1FD05A804F0CEFD08A804F0CBFD02A803
:101D900004F0C8FD2B6801332B60FDF777FBFFF7DC
:101DA000B5B900BFF47700202DE9F04F064891B097
:101DB0004FF4E1310446F4F7F1FB05F0E7F840F6A3
:101DC000B73605460BE000BF5463002005F0DEF88F
:101DD000401BB0424FF00A0006D805F0E3F8204659
:101DE000F4F7FAFB0028F1D0CB49CC48CC4CCD4FCE
:101DF00003F0EAFFCC49C94803F0E6FFCB49C748E6
:101E000003F0E2FFCA49C54803F0DEFFC949C348F1
:101E100003F0DAFFC849C14803F0D6FFC74801F014
:101E20000BF900250126C64B0D938DF839608DF80E
:101E300038500DF1340898E80C00C04904F1240032
:101E400002F06AFC294604F1240002F03FFB41F253
:101E5000EC3341F2F43041F2FA3241F2FE31E55412
:101E60004FF0C80904F5A0532552A55024F801905D
:101E700062891A802946204601F034FA41F28832FC
:101E8000FF2104F1640009F0A1F920460221E57662
:101E900002F0DEF9AB4BAC4923616561204603F0EB
:101EA000C7FEAA4B23613146204602F0D1F9A8496A
:101EB000204603F0BDFEA74800F0F8FE5F21A548CC
:101EC00000F0A2FFA34800F0ABFFB0F1000A0CBF86
:101ED00033462B463B7040F0A1824FF6FF710C2237
:101EE0004B46CDE9002120464B22514601F060FAD5
:101EF0003146204602F0ACF9974B9849C4F814A03B
:101F00002046236103F094FE9549C4F814A02046AE
:101F100003F08EFE934A94498E4D022041F2F83B25
:101F2000FAF764FE914934F90B30019300264FF023
:101F3000C80AA1F1400033463246CDE90366029655
:101F4000CDF800A003F01EF989483146A0F124091C
:101F500002F00EFE34F90B30029609F16401A1F192
:101F60004000CDE900A332463346CDE9036603F0D5
:101F700009F909F1240002F037FD3B78002B58D114
:101F80004FF47A7005F00EF85F21284600F03CFF10
:101F9000284600F045FF061E0CBF012300233B70BE
:101FA000EED10C234FF6FF72CDE9003231464B22C1
:101FB000C823484601F0FCF90121484602F048F9DF
:101FC000654B236165496661484603F031FE64490B
:101FD0006661484603F02CFE664A63490220FAF720
:101FE00005FE624A05964FF0C80AA2F1400033464A
:101FF0002421CDE903660096CDE901AA02F064FF31
:102000005A4ACDF808A04FF0010B3346A2F1400028
:102010002621CDF804A0CDE904660096CDF80CB0D9
:1020200002F052FF5946524802F0A2FD3B78002BC5
:10203000A6D0514A5149524E0220FAF7D7FD0C233F
:102040004FF6FF72CDE9003200215922C8233448EF
:1020500001F0AEF90121324802F0FAF8494B4A4941
:102060002F480025C4E9043503F0E2FD47496561C6
:102070002B4803F0DDFD46496561294803F0D8FD92
:102080004449274803F0D4FD3A4A37490220FAF779
:10209000ADFD364A0595C8272B46A2F14000CDE993
:1020A00003550095CDE90177242102F00DFF2F4A59
:1020B00005954FF001092B46A2F140000495CDE9AA
:1020C00001770095CDF80C90262102F0FDFE4946DF
:1020D0002748DFF8C49002F04BFD35780F27032323
:1020E00004224FF4E13148462DB9FAF7D1FE3070A1
:1020F000002800F0BD800C234FF6FF72CDE90032BE
:1021000000215922C823064801F052F90121044850
:1021100002F09EF842E000BF20E903005463002073
:10212000287800204C9100202CE9030068E9030086
:1021300088E90300B0E90300C8E903002C8C002003
:1021400000093D002E001E00B0EC030055003600D3
:1021500058EC0300F892002018004C000CEA030031
:10216000BCEC0300FCE903004CE703008C78002082
:102170004C78002050E70300C8EC0300D4EC0300C7
:102180009492002018005A0014EA0300ECE40300C3
:102190004CE80300DCEC03001C920020B24BB34976
:1021A000B3480025C4E9043503F042FD6561B14937
:1021B000AF4803F03DFD3578002D40F08C80AE4AED
:1021C000AE490220FAF712FDAD4A0595C824A2F1E6
:1021D00040002B462421CDE903550095CDE901446B
:1021E00002F072FEA64A02940126A2F140002B469C
:1021F00026210194CDE904550095039602F064FE72
:10220000A048314602F0B4FC40F6C41004F0CAFE07
:10221000FF2141F288329A489B4C08F0D7FF9B4B34
:1022200001221A60FCF736FD216800291DDD0A2213
:102230000AA804F0E7FA0AA9404604F05FFA9449B4
:10224000404604F08FFC934A934B21680129D4BF88
:102250001146194604F086FC0021FCF787FA404637
:1022600004F060FB0AA804F05DFB11B0BDE8F08F3C
:102270004FF4FA6004F096FE013F35787FF42FAFFB
:10228000002D7FF438AF0C234FF6FF72CDE90032FA
:1022900029465922C823764801F08AF8012174485A
:1022A00001F0D6FF704B7D497148C4E9043503F055
:1022B000BFFC704965616E4803F0BAFC78496561FE
:1022C0006B4803F0B5FC7749694803F0B1FC3578F9
:1022D000002D3FF474AF6F4907A804F0E9F907AA8D
:1022E00041F2883370497148FAF7A2FE054600288A
:1022F00040F0F2800C234FF6FF72CDE90032014628
:10230000C82367225A4801F053F80121584801F0C8
:102310009FFF674B6149C4E90435554803F088FCC9
:10232000002363616349524803F082FC594907A8BE
:1023300004F04CFB41F2883307AA5F495B48FAF787
:1023400077FE002840F0EF800C234FF6FF72CDE9B6
:10235000003200217522C823454801F029F80121E7
:10236000434801F075FF554B4C4941480027C4E9EB
:10237000043703F05DFC52493D48676103F058FCA7
:1023800047493B48676103F053FC4E49384803F026
:102390004FFC464C2046FBF773FA2046FAF712FF33
:1023A0003378494A62600BB1FCF70AF8FCF73EFA51
:1023B00007A804F0B7FA304A30490220FAF716FCB1
:1023C0002F4A0024C827A2F1400023462421CDE94A
:1023D000044403940094CDE9017702F075FD284A86
:1023E00005944FF001092346A2F1400026210494F0
:1023F000CDE901770094CDF80C9002F065FD4946D7
:10240000204802F0B5FB3378002B00F0C880A542CD
:1024100040F6C41018BF4FF44870F7E64FF6FF714E
:102420000C224B46CDE9002120464B22294600F0E4
:10243000BFFF3146204601F00BFF244B23611749B3
:102440006561204603F0F4FB21496561204603F0F5
:10245000EFFB13496561204603F0EAFB1D49204666
:1024600003F0E6FB56E500BF18005A000CEA030033
:1024700028780020ECE4030050E703004CE7030059
:102480008C7800204C780020F4920020D09200201C
:1024900004ED030040E6030024E4030014EA030013
:1024A0004CE8030024ED0300F0E803001C92002038
:1024B00018006800F0EC0300FCE803001800760048
:1024C00038ED030040ED0300590C030018004C00E8
:1024D000BCEC030014ED03003249404604F0E8F878
:1024E000414607A804F0F0FB0746404604F01AFAFC
:1024F0000C234FF6FF72CDE900320021C82367227A
:10250000294800F055FF0121274801F0A1FE274B83
:10251000274A2361002F4FF0000326496361BCBFA7
:102520001D461146F9E624490AA804F0C1F80AA993
:1025300007A804F0C9FB00281FDB0AA804F0F2F981
:102540000C234FF6FF72CDE9003200217522C8231B
:10255000154800F02DFF0121134801F079FE174BBB
:10256000144911480027C4E9043703F061FB1449FA
:1025700067610D4803F05CFB0BE71249404604F02D
:1025800097F8414607A804F09FFB0746404604F031
:10259000C9F90AA804F0C6F9002FD1DAD4E640F64A
:1025A000C41033E6E8EC0300287800201800680027
:1025B00014EA03000CEA0300FCEC030018007600A8
:1025C00038ED030000ED0300F0B593B00223009353
:1025D0000622092398499948994C9A4F9A4E00F03F
:1025E000F9FC102300930A2205230B2102A802F014
:1025F00047FAC8221146204601F0C6F90CAB93E811
:102600000300039A914B2360A2629DF810309DF85D
:10261000112084F82C3084F82D209DF812309DF87C
:10262000132084F82E3084F82F20059B069A23630C
:102630006263079BBDF82020A363A287099B9DF8D6
:102640002820236484F844209DF829300B9A84F8CC
:102650004530A26404F14C039DF8382083E8030060
:1026600084F854209DF83A0084F856009DF83B0009
:1026700084F857009DF83C0084F858009DF83D0010
:1026800084F85900BDF83E00A4F85A001098B4F937
:102690000A20E0656E4B11989DF8391020666D4850
:1026A00084F85510D51783FB0213606241F2F830AD
:1026B000C821C5EBA313215201FB132541F2F630CB
:1026C000002DC8BF013304F5A055235241F2EF306D
:1026D00000232A8041F2EE32235441F2EC30A3541D
:1026E00041F2F432235441F2FA30A35241F2FC3267
:1026F000235241F2FE30A352574A215207F10800FB
:102700005149C7E9002303F0D3FF07F1140407F18F
:102710007405204631460C3403F0CAFFAC42F8D1B0
:102720000025A7F874504D4A4D4946484D4C464E39
:1027300007F01EFF04F5A0673146204603F0B8FFFE
:1027400004F10C00314603F0B3FF283444F8105C68
:1027500024F80C5CBC42EFD13B4D404A4249434C0B
:10276000002007F005FF2946414803F0A1FF294654
:10277000404803F09DFF29463F4803F099FF294652
:102780003E4803F095FF354A3D49394807F0F0FED1
:1027900029463C4803F08CFF304A3B49394807F052
:1027A000E7FE2946394803F083FF2C4A364937486B
:1027B00007F0DEFE2946364803F07AFF274A324901
:1027C000334807F0D5FE2946324803F071FF234A0B
:1027D0002D49304807F0CCFE29462F4803F068FF0A
:1027E0001E4A29492C4807F0C3FE04F1C0062946B9
:1027F000204603F05DFF04F10C002946183403F075
:1028000057FFA642F3D1154A2449002007F0B0FE35
:102810000D49234803F04CFF104A1B49204807F09C
:10282000A7FE09491F4803F043FF0C4A16491D48FB
:1028300007F09EFE13B0F0BD003002402C8C00204B
:10284000287800201C92002040E6030090E5030059
:102850001F85EB5168F403005CA30020006000209A
:10286000F1DE0200488C002015DF020054910020A8
:1028700098920020A4920020B0920020BC920020E8
:10288000CDDE02001078002025690300E8770020E3
:10289000F877002004780020E092002039DF020061
:1028A000D47700201C780020F0B52D4C2368DB077E
:1028B00085B048D52B4D2C4E2C4F2846F3F718FDEC
:1028C00098B12846F3F73AFDC4B20D2C0FD00A2C6C
:1028D0000DD0082CB3681ED07F2C1CD0C72B1BD961
:1028E0002846F3F705FD0028EBD105B0F0BD2846DA
:1028F00003F050FA314601A803F000FF01A804F0EC
:1029000011FB039B8BB901A804F00CF83946304643
:1029100004F05CF8D1E763B92146284603F09AF940
:102920002146304604F0D0F8C7E701A8FBF764FC65
:10293000E9E70F49284603F07BF9B16830460139D1
:1029400004F042FAB9E70949074803F0B1FE012350
:10295000084A09490448236007F00AFEAAE700BFB5
:10296000B077002054630020B477002040E60300D5
:10297000ECE5030000600020256903002DE9F0412B
:10298000894C23788AB0002B00F0A680874D04F094
:10299000FDFA2B6841F28732C01A904200F2928011
:1029A000834D844C04F0F2FA2B68227898422CBFB5
:1029B0000026012612B1984280F0B3807E4D267029
:1029C0002C68032C0FD0FCB17C4B1B78002B61D101
:1029D0007B48FAF7ABFAFFF767FF0A2004F0E2FA48
:1029E0000AB0BDE8F081774B1B68062BECD1764C22
:1029F00004F0CCFA236842F20F72C01A904200F23F
:102A0000C7802C68002CDFD104F0C0FA6F4B704DEA
:102A10001B68C01AA842D7D96E4E04F0B7FA3368C3
:102A2000C01AA842D0D904F0B1FA6B4D306041F21F
:102A3000F8376A4A6A490220FAF7D8F8694A6849B9
:102A40000220FAF7D3F8EB5FC8262246CDE901341D
:102A500005F16401234605F12400CDE90344009605
:102A600002F090FB214605F1240002F081F8EB5FB3
:102A70000294CDE9006305F12400CDE9034405F19A
:102A800064012346224602F07DFB05F1240001F09B
:102A9000ABFF99E701225F21534800F06BF95248E0
:102AA00000F0B0F8002893D04F4800F0AFF8C4B25F
:102AB000002C8DD004F06AFA444B18602046FEF7D3
:102AC000CFFA85E704F062FA23782860002B3FF400
:102AD00067AFFBF775FC63E7394D2846FAF71EFA36
:102AE000207000283FF452AF2846FAF7C9FE284666
:102AF000FAF768FB23783D4A6A60002B4ED1FBF75A
:102B000095FE304B1B68012B4BD007A8384903F0CA
:102B1000CFFD07A80021FBF729FE07A803F002FF5D
:102B200034E704F033FA2B6898422ED2314A2C490C
:102B30000220FAF75BF8304A0025C827A2F14000CE
:102B40002B46CDE90455039500952421CDE9017765
:102B500002F0BAF9284A05954FF001082B46A2F178
:102B60004000049500952621CDE90177CDF80C8031
:102B7000114D02F0A9F94146204801F0F9FF2670F5
:102B80002C68032C7FF41FAF2DE7FBF7E7F9CDE7A7
:102B900004F0FCF92060FDF707F832E7FBF710FCC2
:102BA000ADE7FCF777F8B0E794920020C0770020FB
:102BB000EC920020C4770020E47700204C910020A4
:102BC0001C920020D0920020CC770020C8770020F3
:102BD0003F771B00D07700202878002098EC030076
:102BE0004CE70300FCE90300F8920020590C0300B5
:102BF00088EC030050E703008C7800204C7800201C
:102C0000704700BF203003F065B900BF203003F0EB
:102C10004FB900BF203003F067B900BF38B5437F1C
:102C20000BB9002038BD00F6280420460D4603F0FD
:102C300065F90028F5D12046294603F021F9012045
:102C400038BD00BF2DE9F0475AB30646DFF858807B
:102C500033681B684D1E434517464FF0000400F6CD
:102C6000280915F801AF16D1737F13B92046BDE8C6
:102C7000F087484603F042F90028F7D1514648460C
:102C800003F0FEF80134A742F0D0336815F801AF25
:102C90001B684345E8D05146304698470028F1D19B
:102CA000E4E71446E2E700BF1D2C030010B4837E66
:102CB0001F2B4FF0010288BF03F01F03C27603F5FC
:102CC000E0738CBF284A4FF0A04240F20C6142F8FA
:102CD0002310437E1F2B86BF03F01F03224A4FF0B1
:102CE000A04203F5E07340F20C6142F8231003693F
:102CF0004FF0CC72C3F8242503690622C3F80025DF
:102D00000369827EC3F808250369427EC3F80C2557
:102D100090F91830002B14DA144A03F00F031A4408
:102D20006023137690F91830002B07DB104903F06D
:102D30001F0001225B09824041F823205DF8044B0B
:102D400070475909603103F01F030124084A04FA4F
:102D500003F342F8213090F91830002BDCDB1344E8
:102D6000602283F80023DDE700030050FCEC00E064
:102D700000E100E00AB910467047F8B5054600F1D9
:102D80002007384614460E4603F08CF82B69C3F82A
:102D900088652A69012313622A69C2F834752A6991
:102DA000C2F838452A6913602B6902E0D3F8242160
:102DB0001AB9D3F84C21002AF8D00022C3F84C21CC
:102DC0002B6902E0D3F824211AB9D3F85C21002A38
:102DD000F8D00022C3F85C212B6901225A612A69CC
:102DE000D2F80431002BFBD00021C2F804112B696A
:102DF000D3F8242112B1C3F824112B69D3F83C0570
:102E0000C5F82008C0B2F8BD10B541F23003044641
:102E100000F62800E15403F045F80123637710BD64
:102E200070B541F230030269C15C00234377C2F8F8
:102E300088150269C2F80431036901261E6203691C
:102E400000F628050446C3F84455284603F042F826
:102E50002369C3F8480523699E60236902E0D3F81B
:102E600024211AB9D3F85021002AF8D00022C3F83F
:102E70005021284603F02EF8236918BB0022C3F81E
:102E80006021236901225A612269D2F80431002BA2
:102E9000FBD00021C2F804112369D3F8240160B1EA
:102EA000C3F824112369D3F8C404C3F8C404022866
:102EB00003D0042814BF0420032070BDD3F82421BC
:102EC000002ADBD1D3F86021002AF7D0D6E700BF73
:102ED00070B52B4C6369D3F86421002A3DD1D3F837
:102EE0006821F2B9D3F8042172B1227F0021C3F81E
:102EF00004114AB141F23802D3F83C05A258C4F893
:102F000020080AB190476369D3F8242142B1002216
:102F1000C3F82421D3F8D024C3F8D02401225A6165
:102F200070BD0022C3F86821164822770123637719
:102F300002F0B8FF41F23403E35803B198476369E4
:102F40001048C3F844050023637702F0C3FF6369A8
:102F50000122C3F848055A63C4E7002204F12006A1
:102F6000C3F8642101253046257702F09BFF636991
:102F70004FF40062C3F83465C3F838251D63AEE72B
:102F8000F8920020209B002038B50E4C0E4A2046B7
:102F90004FF47A7340F8202B0025C4E9015302F066
:102FA00063FF04F6280002F05FFF084A084B6577CC
:102FB000D2E90721032020766176A276C4E90433A2
:102FC00038BD00BFF8920020A8ED0300BCF4030058
:102FD0000030004070B5002444749DF81050C9B111
:102FE0000F4E0160B142846012D00E4CA14204BF6A
:102FF000012101710C4951F82220027351F823304C
:10300000837351F8253043730023C373037470BD79
:103010000471EFE7054B064A0648242107F0FCFF40
:103020000030024000F00240BCF40300C4ED030095
:103030002CEE0300D4ED0300437C03B1704730B5A0
:10304000012285B042740321FF22019304468DF8CA
:1030500003208DF806208DF80510827B417B8DF8CA
:1030600000204FF080451A4602958DF80110057B2F
:10307000C3736946037403938DF8025006F0DEFBB8
:10308000A37B1F2B86BF03F01F030C4A4FF0A04207
:1030900003F5E07340F2013142F82310637B1F2BEC
:1030A00086BF03F01F0305494FF0A04103F5E0730D
:1030B00040F2033241F8232005B030BD0003005038
:1030C00010B5044606F002FD0023637410BD00BF76
:1030D00010B483B002AB03E906009DF805309DF8FB
:1030E0000410026813F1FF3318BF012300240229E2
:1030F000C2F800451C460374C17332D003292DD099
:10310000012925D0224B0099B3FBF1F3B3F5007FE1
:10311000C2F854451FD2FF2B0FD87F2B24D83F2B4A
:1031200025D81F2B26D80F2B27D8072B02D81949B3
:103130008A4225D04FF0004101E04FF08061072323
:10314000C2F82415C2F8003503B05DF8044B70478F
:1031500043F00204D6E74FF00071F0E743F00604B5
:10316000D0E743F00404CDE74FF00061E7E74FF00C
:103170008051E4E74FF00051E1E74FF08041DEE796
:10318000042B34BF4FF0A0514FF02061D7E700BFB0
:103190000090D00300F0024003680022C3F800252D
:1031A000704700BF002B3AD02DE9F047814684B02C
:1031B0000D4617461E464FF6FF784FF0000A46456B
:1031C000344628BF4446002D14BF234600230095F3
:1031D0000297361B01938FB100226946484603943B
:1031E00006F0D6FC05B125442744002EE7D104B0F3
:1031F000BDE8F087CDE900550295361B00226946EF
:103200004846CDF80CA006F0C3FC4DB946453446FF
:1032100028BF4446002EEDD104B0BDE8F0877047CA
:103220002544002ECBD1E2E710B586B006AB0124D1
:1032300003F8111D002202A90293CDE9034305946E
:1032400006F0A6FC9DF8070006B010BD70B410494A
:10325000104A1148114BD568946808601069D66C03
:103260000D738C730125946C4873106D0D710022E1
:103270000B4D1E739C735873CA730A741A71DA73F8
:103280001A741D604A748A605A749A6070BC7047E0
:1032900034A30020BCF4030000F0024048A3002047
:1032A00000300240704700BF10B404682469A4468F
:1032B0005DF8044B604700BF30B40468BDF80850A7
:1032C0000295A46BA44630BC604700BF30B40468CC
:1032D000BDF808500295E46BA44630BC604700BFBF
:1032E000704700BF01F0030101298176B0F9083071
:1032F000B0F90A2004D0032902D08381C28170472B
:103300008281C381704700BF2DE9F04385B09942A7
:1033100004460768BDF93060BDF8348023D0B2425E
:103320001D4611D07B69DFF884904B4536D1CDE93D
:1033300000682B46BE6A2046B0472368DB6A4B45CF
:1033400027D105B0BDE8F08399421FDDCDF830806C
:103350000131FE6B4B1B1BB229462046B44605B01B
:10336000BDE8F0436047B2420CDDCDF83080531C1D
:10337000BD6B9B1B1BB232462046AC4605B0BDE878
:10338000F0436047334616461A46EEE70D461946A7
:10339000DCE7204605B0BDE8F0431847CDE902124E
:1033A00098472768DDE90212C1E700BFA532030094
:1033B0002DE9F04FD0F800C01F46DCF814601A4B1E
:1033C00083B09E420546BDF93090BDF834A00C464E
:1033D00090461FD12744BC4214DADFF850B0DCF825
:1033E0002060CDF800A05E4521464B464246284667
:1033F00001D1DCF83860013424B2B047BC42D5F8C2
:1034000000C0ECDBDCF82C30074A934206D103B055
:10341000BDE8F08FB047D5F800C0DBE7284603B021
:10342000BDE8F04F184700BFA5320300B9320300D2
:103430002DE9F04FD0F800C01D46DCF814A02D4B4C
:1034400083B09A450446BDF93090BDF83470884683
:10345000164641D1DCF824B0DFF89CA00097D34594
:1034600008BFDCF83CB02B46324641462046D847E0
:103470002368D3F824B0009709F1FF323244D345D2
:1034800012B232D1D3F83CA041462B462046D04759
:103490002368DFF868A0D3F820B00097D34508BFB1
:1034A000D3F838B032464B4641462046D8472368C9
:1034B000691E1D6A00975545414408BF9D6B324601
:1034C0004B4609B22046A84723680A4ADB6A934262
:1034D00006D103B0BDE8F08FD047D4F800C0B9E7FB
:1034E000204603B0BDE8F04F18472B464146204622
:1034F000D847CDE7A5320300CD320300B93203002F
:103500002DE9F04F85B01E46BDF93850BDF83CA0FE
:10351000AB1A002B9046A6EB0102B8BF5B42002A13
:10352000B8BF52429342074679DCAE464446AC46A9
:10353000404635468846764621469946A8455CDD94
:10354000A8EB0504A4B2A0EB0C0002944FF6FF7C9C
:1035500024B204EBD47480EAE079B142C8BF4FF0E2
:10356000010CA9EBE0796410CDF80CC09342304B0C
:1035700001931FFA89F933DCD7F800C0019BDCF80E
:1035800018B09B452946534608BFDCF810B0A4EBA1
:10359000090432463846D847A3B21CB20135002C84
:1035A0002DB205DA039A1644029AD41836B224B220
:1035B000A845E1DA05B0BDE8F08FDCF810B0D847D7
:1035C000A4EB0904A3B21CB20135002C2DB205DA1C
:1035D000039A1644029A9C1836B224B24545E9DC97
:1035E000D7F800C0019BDCF818B09B452A4653462B
:1035F00031463846E1D0D847E2E7A5EB080080B273
:1036000004B204EBD474B14202904FEA6404284639
:103610000E46454607DA012103918046A6E7B446E7
:10362000084691468AE74FF6FF71039180469DE771
:10363000A93203002DE9F04FD0F800C0DFF888E090
:10364000DCF8406083B07645BDF93080BDF834A029
:1036500028D191461F461B4ADCF814309342054698
:103660000C462BD12744BC4214DADFF860B0DCF8FA
:103670002060CDF800A05E45214643464A462846D4
:1036800001D1DCF83860013424B2B047BC42D5F82F
:1036900000C0ECDBDCF82C300A4A934209D103B0BD
:1036A000BDE8F08FB446CDE90C8A03B0BDE8F04F19
:1036B0006047284603B0BDE8F04F18479847D5F853
:1036C00000C0CFE7A5320300B1330300B9320300D5
:1036D0002DE9F04FD0F800C0284BDCF84040B0F99D
:1036E0000C80B0F90E709C4283B0894633D1DCF86F
:1036F0001430DFF88CB05B4505463AD1B8F1000FC5
:1037000022DD0024DFF87CA0A64609E0DCF8386062
:103710000134B0470FFA84FEF045D5F800C013DD40
:10372000DCF82060CDF80090564571463B464FF0DE
:1037300000022846EAD001340022B0470FFA84FE86
:10374000F045D5F800C0EBDCDCF82C305B450BD144
:1037500003B0BDE8F08F0022CDE900714346114669
:10376000A04703B0BDE8F08F284603B0BDE8F04F96
:1037700018479847D5F800C0C0E700BFB133030031
:10378000A5320300B93203002DE9F04FD0F800C094
:103790001646DCF81450304A85B095420746BDF80D
:1037A00038B00C464DD19BB203F1FF39DCF82850FC
:1037B0002A4A1FFA89F909EB040895420FFA88F89A
:1037C00010D0CDE9006B4346324621463846A84723
:1037D000D7F800C0DCF82C301F4A934237D105B02F
:1037E000BDE8F08F444526DDC3F101031FFA83F9DC
:1037F0000FFA89F5234605EBD57544466D109846BA
:10380000174BDCF818A09A4532465B4621463846ED
:103810000FD1DCF810A0D0470134002D24B203DA18
:10382000013E4D4436B22DB2A045D7F800C0E7DACC
:10383000D0E7D047F0E70FFA89F505EBD5756D10A5
:10384000DEE70393A847D7F800C0039BABE73846F1
:1038500005B0BDE8F04F1847A5320300013503005D
:10386000A93203002DE9F04FD0F800C09046DCF8F3
:103870001440424A85B094420646BDF838900F463F
:103880006ED1DCF828503E49013B1FFA88F2134400
:103890009BB28D421CB250D1444528D066DAD31A6F
:1038A0009BB21DB205EBD575A04503934FEA6505A4
:1038B0003BDBDFF8D0A010E0DCF810B0D8470134D3
:1038C000002D24B2ABB204DA039A013F9D183FB237
:1038D0002DB2A045D6F800C027DBDCF818B0D345E0
:1038E0004B46224639463046E6D0D847E7E7DFF870
:1038F00094A03D464FF00008BB46DCF818705745D1
:10390000224608BFDCF8107029464B463046B847BF
:103910000135B8F1000FB8BF04F1FF342DB2B8BFC4
:1039200024B2AB45D6F800C0E7DADCF82C30134AF5
:10393000934210D105B0BDE8F08F42463B46CDE939
:10394000004939463046A847D6F800C00B4ADCF893
:103950002C309342EED0304605B0BDE8F04F18470A
:103960000393A047D6F800C0039B8AE71046214680
:103970001A4644460346884691E700BFA532030035
:1039800001350300A932030070B4002461F30F0471
:1039900062F31F44094A02604FF0FF36002240F2F2
:1039A000011501218460C46046610583C1764260CF
:1039B000026182760277026270BC704774F3030082
:1039C0002DE9F04F8BB00568BDF8504005946E6945
:1039D0001C466C4B9E428246884640F0CD802F6A42
:1039E0006949A6B28F4292B2059900914FEA460307
:1039F000079203F10103A2EB06021BB208BFAF6BF3
:103A0000504612B24146B847C6EBC6335B00C6F11A
:103A100001061BB2002C04930FFA86F9DAF80000B5
:103A200040F385801FFA88F303934FF0000B77E093
:103A3000049A023292B21344661E12B29BB20492EE
:103A400036B21FFA8BF808F10105ADB26F00BAB2B9
:103A500002F101090FFA85FB99445E4506920FFABF
:103A600089F92BDB016A0F460799B3B25A00CB1ACA
:103A70001BB203990893444B0132294412B29F426E
:103A8000059B099209B200936CD1806B13460746DF
:103A9000089A5046B847DAF8003003991A6A3A484B
:103AA0004D1B8242174629B253D1059A00929D6B55
:103AB0005046DDE90823A847DAF80000A6422DD0D9
:103AC000079A036AA2EB0805069A571E039AA4B246
:103AD00011192D4A2DB293429C4606953FB209B268
:103AE0002CD1059B0093D0F838803B462A4650469F
:103AF000C047039ADAF80030141BD3F82080224A1A
:103B0000904521B222D1059A0092D3F83880069AC6
:103B100050463B46C047DAF8000034465C4506DDB7
:103B2000B9F1000F1FFA89F382DA264689E7C36AE2
:103B3000144A93421BD10BB0BDE8F08F059B009354
:103B40002A463B4650466546A847D2E7059B009368
:103B5000DDE7059B00935046DDE90823B847DAF816
:103B60000000ABE7DDE908235046B84793E750462D
:103B70000BB0BDE8F04F18470392B047DAF8005099
:103B8000039A2CE7A5320300B93203002DE9F04F68
:103B900097B083460D91016ABDF880000290BDF890
:103BA000840003909DF8880006909DF88C00089092
:103BB0000592002900F0EB800A7AD1E900109B1AE7
:103BC000DBB200EBC30230F83330079393780493F1
:103BD000D378109392F905301593069B0A91012B27
:103BE00092F9064040F2CB80BDF954300E9323B2D7
:103BF0001293AE4BDBF800C009931A46DCF8143080
:103C0000934240F04D81109B002B00F08B80BDF85B
:103C100014301393002223440C92149392460B9277
:103C2000049B002B76D00B9B129A089913981A4488
:103C300002FB01021499CB181BB211930FFA82F9FF
:103C40000C9B002509E00135049AEDB24FEA4A0ABF
:103C5000AA425FFA8AFA434658D95A1C5B075FFAB0
:103C600082F806D1079A0A99531C9BB211F802A058
:103C700007931AF0800FE6D0069ABDF83430012A77
:103C800059D00E9A0699DCF81C60BDF920705419C1
:103C9000874A04FB0134964224B20BB260D1DCF8AF
:103CA0004060844A96425BD1DCF81430099A934212
:103CB00060D1069B2344A34203931DDD7E4B0593F5
:103CC0000F950BE0029D0095DCF83860B047013499
:103CD000039BDBF800C024B2A3420CDDDCF82060BB
:103CE000059DAE4221463B464A465846EAD0029BD5
:103CF00000933B46EAE70F9DDCF82C30099A93428B
:103D0000A1D058469847DBF800C09CE70C9B1344B1
:103D1000DBB20C930B9B109A0133DBB29A420B93EC
:103D20003FF67EAFDCF82C30099A934240F0B38026
:103D300017B0BDE8F08F089A012AA2D1159ADCF8D5
:103D4000184013445D4A5919944208BFDCF81040EA
:103D5000029B119A09B25846A047DBF800C072E7EF
:103D6000029A2146CDE9007258464A46B047DBF830
:103D700000C068E758469847DBF800C099E7089B01
:103D8000012B3FF631AF002312930E9331E7BBF9BD
:103D90000C200D998A42CBDDBBF90E20059882429A
:103DA000C6DDBDF81840062212FB0412002ABFDD52
:103DB000089A00EBC202002ABADD9BF81C201AB94F
:103DC000AF2B84BF0133DBB2384ADBF800C0099265
:103DD0001146DCF814208A4240F08C81384ABDF844
:103DE00034100F9103EB8303D3180D93BDF81830F3
:103DF0000E9300230B910C930D9ABDF92C3012F801
:103E0000018B0D92069A07939F18082304930026AE
:103E1000B94618F0010F55D00699BDF814200129B4
:103E2000B3B200F0F2800899DCF81C4011FB03F3F8
:103E300013441F4A94421DB20FFA81FABDF918309B
:103E400040F00681DCF840401A4A944240F000817C
:103E5000DCF81430099A934240F02281079C4C45CB
:103E600070DA0A960AE0029E0096DCF83870013497
:103E700024B2B8474C45DBF800C062DADCF82070A9
:103E80000D4EB742214653462A465846EBD0029B78
:103E900000935346EBE7584617B0BDE8F04F18477C
:103EA00058469847DBF800C0ADE600BFA5320300D6
:103EB00035360300B1330300B9320300A9320300E1
:103EC0006CEE0300DDE90232934241D00699BDF861
:103ED00014200129B3B200F0C5800899DCF81C4019
:103EE00011FB03F313448F4A94421DB20FFA81FA77
:103EF000BDF9183040F0CD80DCF840408A4A944249
:103F000040F0C780DCF81430099A934240F0CD802D
:103F1000079C4C4516DA0A96DCF82070834EB742AF
:103F2000214653462A46584640F08680039E009616
:103F30000134DCF8387024B2B8474C45DBF800C0D7
:103F4000EADB0A9EDCF82C30099A934240F0A38009
:103F5000049B013B013613F0FF0376B24FEA580889
:103F600004937FF456AF0B9B0E9A13440C9A0132C4
:103F70009BB2052A0C920B937FF43EAFDDE902322F
:103F800093423FF4CFAE069B012B00F0A0800E9B26
:103F90000F99DCF81C60634A03EB83031944089B08
:103FA00096424FEAC3050CB2BDF9183040F0A98023
:103FB000DCF840605C4A964240F0A380DCF81430A4
:103FC000099A934240F0A980069B23449C421E46D6
:103FD00070DADFF85881DDF814900AE0039F00974B
:103FE000DCF83870013424B2B847B442DBF800C0C2
:103FF00060DADCF82070474521462B464A46584691
:10400000ECD0039B00932B46ECE7089901297FF441
:104010000AAF13440C990F9ADCF8184051181AB2E1
:10402000434B9C4208BFDCF81040029B09B2584643
:10403000A047DBF800C08BE7039B00930134534695
:1040400024B2B847A145DBF800C03FF765AF78E779
:10405000029A0799CDE900A258462A46A047DBF804
:1040600000C075E7089901297FF437AF13440C9914
:104070000F9ADCF8184051181AB22D4B9C4208BF19
:10408000DCF81040039B09B25846A047DBF800C09B
:104090005EE7039ADDE758469847DBF800C057E72C
:1040A00058469847DBF800C0D8E658469847DBF8F2
:1040B00000C02DE7DCF82C30099A93423FF435AE6E
:1040C00058469847DBF80030099ADB6A2DE6089BD2
:1040D000012B7FF45CAF0F9900920531059ADCF853
:1040E0002040082309B25846A047DBF80030099A5F
:1040F000DB6A1AE6049358469047DBF800C0049B3D
:104100006CE6039A2146CDE900525846059AB0471D
:10411000DBF80030099ADB6A07E658469847DBF877
:1041200000C051E735360300B1330300B932030054
:10413000A93203002DE9F041036A84B00446002B44
:104140004FD00A2941D00D2947D01A7A914244D341
:10415000987A884241D38A1A5D68B4F91060207E4B
:10416000D2B205EBC205AF7857B3EA7842B394F800
:104170001BC0B4F9122094F819E0BCF1000F0FD065
:1041800095F905C0B4F90C80674400FB0767474503
:1041900006DD002626821B7B03FB0E2212B2628202
:1041A000B4F816C0CDF80CE0A78A02900B46204662
:1041B0003146CDE9007CFFF7E9FCB4F91060207EC0
:1041C000297901FB0060208207E0002202821B7B2C
:1041D000428A417E01FB03234382012004B0BDE8F3
:1041E000F0810A292CD00D29F7D0C67EB0F91070C5
:1041F000B4F91220007E657E66B10626B4F90CC0C3
:1042000016FB0076664505DD02EBC50212B262823E
:1042100023821F46E68A0395A58A02900B46204614
:104220003946CDE90056FFF7B1FC237E228A03EB25
:10423000430302EB43030120238204B0BDE8F08175
:10424000428A417E038202EBC1034382C5E700BF7D
:10425000002908BF012101764176704730B4BDF9CD
:104260000850BDF90C40029503949DF810509DF83C
:104270001440049505949DF81850046806956469E7
:10428000A44630BC604700BF704700BF03681B698D
:10429000184700BF30B4BDF90850BDF90C40029575
:1042A00003949DF810509DF81440049505949DF8D2
:1042B0001850046806956469A44630BC604700BF86
:1042C00030B4BDF90850BDF90C4002950394BDF916
:1042D0001050BDF9144004950594BDF91850BDF96E
:1042E0001C40069507949DF820509DF824400895A1
:1042F00009949DF8285004680A95246AA44630BCA5
:10430000604700BF704700BF704700BF704700BFE5
:10431000704700BF704700BF10B50446406AFEF703
:10432000CFFEB4F90C00002802DB002106F010F8E3
:10433000B4F90E00002802DB002106F009F8B4F9F8
:104340001000002804DB0021BDE8104006F000B892
:1043500010BD00BF38B504469DF81000E386002369
:1043600084F8302084F8312084F8210084F8323039
:1043700084F8333084F8343084F83530002940F044
:104380009B80B4F90C0000280CDB012106F064F8D6
:104390000121B4F90C0005F0DBFF0121B4F90C0098
:1043A00006F05AF8B4F91000002829DB94F82150DF
:1043B000002D64D1012106F04FF80121B4F910005D
:1043C00005F0C6FF0121B4F9100006F045F80A20F7
:1043D00002F0E8FD2946B4F9100006F03DF8E08E41
:1043E00002F0E0FDB4F91000012106F035F8E08E8E
:1043F0000A2838BF0A2002F0D5FD002384F83430A3
:10440000606AFEF719FEB4F9100000280CDB0121E8
:1044100006F022F80121B4F9100005F099FF0121FE
:10442000B4F9100006F018F8B4F90C0000280CDB01
:10443000012106F011F80121B4F90C0005F088FF04
:104440000121B4F90C0006F007F8B4F90E000028B9
:104450000CDB012106F000F80121B4F90E0005F093
:1044600077FF0121B4F90E0005F0F6FFB4F9120050
:10447000002820DB0021BDE8384005F069BF00219D
:1044800005F0EAFFB4F91000012105F061FF0021F9
:10449000B4F9100005F0E0FFE08E02F083FDB4F9FE
:1044A0001000022105F054FFE08E0A2838BF0A20D0
:1044B00002F078FDA1E738BD0348F2F76FF8012359
:1044C00084F820305DE700BF5463002030B50268F7
:1044D000674B55689D4283B05CD10446002340F28F
:1044E00001150A2084F8213084F8343084F83530FE
:1044F0002563E086002940F0B480B4F90C00002860
:1045000080F28580B4F9100000282ADB94F821504D
:10451000002D40F08A80012105F09EFF0121B4F9B1
:10452000100005F015FF0121B4F9100005F094FF0B
:104530000A2002F037FD2946B4F9100005F08CFF7F
:10454000E08E02F02FFDB4F91000012105F084FF88
:10455000E08E0A2838BF0A2002F024FD002384F8E8
:104560003430606AFEF768FDB4F9100000283CDAC8
:10457000B4F90C00002826DAB4F90E00002810DA8D
:10458000B4F9120000280ADB002103B0BDE8304076
:1045900005F0DEBE0023009301220A23A84703B0E2
:1045A00030BD012105F058FF0121B4F90E0005F0DE
:1045B000CFFEB4F90E00012105F04EFFB4F9120050
:1045C0000028E1DAEBE7012105F046FF0121B4F90B
:1045D0000C0005F0BDFEB4F90C00012105F03CFF14
:1045E000B4F90E000028CBDBDBE7012105F034FF36
:1045F0000121B4F9100005F0ABFEB4F9100001215F
:1046000005F02AFFB4F90C000028B5DBDBE7012137
:1046100005F022FFB4F90C00012105F099FE0121FB
:10462000B4F90C0005F018FF6CE7002105F014FF49
:10463000B4F91000012105F08BFE0021B4F910003F
:1046400005F00AFFE08E02F0ADFCB4F91000022183
:1046500005F07EFEE08E0A2838BF0A2002F0A2FC98
:104660007CE70448F1F79AFF012384F8203044E7FF
:104670005543030054630020F0B4BDF81C50BDF94D
:104680001070BDF82040002665F30F06002561F389
:104690000F0562F31F45002263F30F021B4B9DF8C9
:1046A0002810036064F31F469DF82C30466067F3C2
:1046B0001F429DF830609DF8247041728372BDF9ED
:1046C0001410134B0261069A0772C672C560114F2F
:1046D0008182012640F20115C26143624FF6FF72EA
:1046E00000230A21876280F82D600563C18680F867
:1046F000203080F82C3080F8343080F83530C0E934
:104700000E33C2820283F0BC704700BFE0F30300A7
:1047100034A3002000093D0010B483B06C4684E847
:104720000C00A38841628262838503B05DF8044B6C
:10473000704700BF38B5B0F91030002B2ADB90F875
:1047400021500446184635BB012105F085FE0121A4
:10475000B4F9100005F0FCFD0121B4F9100005F0DA
:104760007BFE0A2002F01EFC2946B4F9100005F079
:1047700073FEE08E02F016FCB4F91000012105F082
:104780006BFEE08E0A2838BF0A2002F00BFC0023E3
:1047900084F8343038BD002105F05EFEB4F9100015
:1047A000012105F0D5FD0021B4F9100005F054FEFB
:1047B000E08E02F0F7FBB4F91000022105F0C8FD0D
:1047C000E08E0A2838BF0A2002F0ECFBDFE700BFCA
:1047D0002DE9F843B0F91230002B6EDB04460120BE
:1047E000894602F0DFFB3E4BDB68D9015AD53D4BD1
:1047F0001A68D20756D55D68AD09394FDFF8F480E5
:10480000384E05E07368E2699B095B1B934225D82B
:10481000B4F9120005F03CFEB4F91430984221D1ED
:10482000A36B002B57D0E06B9847B4F9120005F04A
:104830002FFEB4F91430984214D1FB68DB0102D585
:104840003368D807DED403F01BFEA0FB0801830AFF
:1048500043EA8153E2695B1B9342D9D92249234839
:1048600001F0B2FAB9F1000F25D094F8203013B35B
:104870001B4BDB68D90125D51A4B1A68D20721D505
:104880005B689B09494619485D1B01F0D1F918493D
:10489000164801F0CDF929460A221448BDE8F8432C
:1048A00001F0AABA03F0ECFD124BA0FB0301850A4C
:1048B00045EA8155A1E7BDE8F8831046BDE8F84315
:1048C00002F070BB03F0DCFD0A4BA0FB0301830A7E
:1048D00043EA8153D6E7012002F064FBA5E700BF5D
:1048E000F0ED00E0001000E0C4F30300546300208A
:1048F000D4F3030040420F0038B500F1280304460A
:104900000D46406A93E80600FEF7E2FBB4F90E009C
:10491000002802DB002105F09FFDB4F90C000028FF
:1049200002DB002105F098FD2946606AFEF77CFC59
:10493000B4F90C00002802DB012105F08DFDB4F96B
:104940000E00002802DB012105F086FD606ABDE84B
:104950003840FEF721BC00BF38B500F128030446FB
:104960000D46406A93E80600FEF7B2FBB4F90C006E
:10497000002802DB002105F06FFD2946606AFEF782
:1049800053FCB4F90C00002802DB012105F064FDA2
:10499000606ABDE83840FEF7FFBB00BF00F12803A6
:1049A00010B5044693E80600406AFEF791FBB4F99F
:1049B0000C00002804DB0021BDE8104005F04CBDD0
:1049C00010BD00BF406AFEF72FBC00BF10B5044603
:1049D000B0F90C00002802DB012105F03DFD606A02
:1049E000BDE81040FEF7D8BB90F8323010B5044651
:1049F0007BB12221FFF780FF83212046FFF7ACFF28
:104A000020212046FFF778FF962205492046FFF730
:104A1000DFFE002384F8323084F8333010BD00BF4D
:104A200054F4030038B590F8323004467BB12221AB
:104A3000FFF762FF83212046FFF78EFF20212046EB
:104A4000FFF75AFF96220D492046FFF7C1FEB4F941
:104A500010300025AB4284F8325084F833500CDB20
:104A600010212046FFF748FF01212046FFF774FF81
:104A7000012384F8355084F8343038BD54F40300F1
:104A800030B58BB04FF0000CBDF9384000940124D4
:104A9000CDE9074401940324CDE9054C064D029568
:104AA000C824CDE903440446FFF7E6FD034B236029
:104AB00020460BB030BD00BF8096980068F403001C
:104AC0002DE9F84304460E46112115469946BDF8D6
:104AD0002080FFF711FF20460321FFF73DFFC6F3BB
:104AE000C70720464421FFF707FF39462046FFF756
:104AF00033FF06EB0903591E48BF991D2046C1F339
:104B0000C701FFF729FF5FFA85F920464521FFF726
:104B1000F3FEA84449462D0A2046FFF71DFF08F181
:104B2000FF3629462046FFF717FFF1B22046FFF770
:104B300013FF311EB8BF08F1FE012046C1F3072163
:104B4000FFF70AFF20464E21FFF7D6FE39462046E2
:104B5000FFF702FF20464F21FFF7CEFE49462046D1
:104B6000FFF7FAFE29462046BDE8F843FFF7F4BEFA
:104B700030B5044683B039B30368264ADD6B9542ED
:104B80003BD190F83120DAB9C82300931146FFF7E2
:104B900097FF20462221FFF7AFFE2046FC21FFF7BA
:104BA000DBFE20462021FFF7A7FE4FF4FA721A49D8
:104BB0002046FFF70DFE012384F8323003B030BDEC
:104BC0009B6B164A93421FD120462221FFF794FE89
:104BD0002046F721FFF7C0FE20462021FFF78CFE7C
:104BE00040F628220E492046FFF7F2FD002384F804
:104BF000323084F8313003B030BDC8230022009336
:104C00001146A84703B030BD002103B0BDE83040D5
:104C1000184700BF254C030044F40300714B030008
:104C200034F40300F0B590F8316083B00446BDF968
:104C30002050002E51D10029BCBF5B181BB221EAC5
:104C4000E170002AB8BFAD1800EB0301B8BF2DB268
:104C500022EAE272C729C8BFC0F1C80302EB05010E
:104C6000C8BF1BB2C729C4BFC2F1C8052DB2002BF3
:104C700031DD002D2FDD00F007010B4499B20EB29B
:104C8000774207F0070706F0070358BF7B42002B67
:104C900002DD0831CB1A1EB2ADB24FF6F871B3B2D5
:104CA00092B2014000952046FFF70AFF22212046DC
:104CB000FFF722FEFC212046FFF74EFE2021204672
:104CC000FFF71AFE4FF4FA7215492046FFF780FDF0
:104CD000012384F8323003B0F0BD0368114A9B6BA6
:104CE000934217D12221FFF707FE2046F721FFF755
:104CF00033FE20462021FFF7FFFD40F628220A4917
:104D00002046FFF765FD002384F8323084F8313007
:104D100003B0F0BD002103B0BDE8F040184700BF6C
:104D200044F40300714B030034F4030090F8343072
:104D300010B504460BB1FFF7FDFC0A2002F032F972
:104D400012212046FFF7D8FD0A2002F02BF901219D
:104D50002046FFF7D1FDC7212046FFF7FDFD0021CA
:104D60002046FFF7F9FD00212046FFF7F5FD3C2125
:104D70002046FFF7C1FD05212046FFF7EDFD182174
:104D80002046FFF7B9FD80212046FFF7E5FD112100
:104D90002046FFF7B1FD03212046FFF7DDFD44214A
:104DA0002046FFF7A9FD00212046FFF7D5FD182179
:104DB0002046FFF7D1FD45212046FFF79DFD00214C
:104DC0002046FFF7C9FD00212046FFF7C5FDC7219A
:104DD0002046FFF7C1FD00212046FFF7BDFD4E2113
:104DE0002046FFF789FD00212046FFF7B5FD4F2142
:104DF0002046FFF781FD00212046FFF7ADFD002191
:104E00002046FFF7A9FD012384F8353010BD00BF0F
:104E100090F8353070B505460C461646002B4FD03D
:104E200011212846FFF768FD03212846FFF794FD6E
:104E300044212846FFF760FD00212846FFF78CFD3E
:104E400018212846FFF788FD45212846FFF754FD25
:104E500000212846FFF780FD00212846FFF77CFD52
:104E6000C7212846FFF778FD00212846FFF774FD8B
:104E70004E212846FFF740FD00212846FFF76CFD34
:104E80004F212846FFF738FD00212846FFF764FD33
:104E900000212846FFF760FD21462846FFF72CFD3C
:104EA0002846FFF77BFD41F2883431462846FFF75C
:104EB00089FD013CF9D12846BDE87040FFF786BD69
:104EC000FFF734FFACE700BF2DE9F04F8BB01E4673
:104ED0009DF85C30059305469DF86030BDF954B0EF
:104EE000BDF950A0BDF95840069101200493174622
:104EF00002F058F8734203F0070306F0070858BFA2
:104F0000C3F100081BF1070948BF0BF10E09A6EB1E
:104F10000806C9F3CF091FFA86F84FEAC9031BB286
:104F20000FFA88F6F11826EAE676C729B6B2C8BFA6
:104F3000C8F1C803A6EB0808C8BF1BB21FFA88F85F
:104F40000AEB0401A3EB0803C7291FFA8AF09BB2FE
:104F5000C8BFC0F1C8010FFA83FBCCBF09B221461C
:104F6000BBF1000F6DDD2AEAEA7292B2101A1FFA45
:104F700080FAA1EB0A0107928AB2089212B2002AC3
:104F800003925EDD95F83520002A00F0C78095F881
:104F90003020002A40F08C80089A00923146079A0F
:104FA0002846FFF78DFD06992846FFF7A5FC0FFA66
:104FB00088F82846FFF7F2FCB8F1000F0FFA8AF3E1
:104FC00004F1FF36B8BF08F1070813FB09F4C8F372
:104FD000CF08F61A16FB0986A0441FFA88F44FEA98
:104FE000EB0BB6B24FF00008BBF1000F14D0049BDE
:104FF00053BB059B04EB0B0A002B38D11FFA8AF335
:1050000006949A4622B22846B95CFFF7DBFC631C83
:105010009CB25445F6D1069C039B08F101080FFA97
:1050200088F8A6EB09064C444345B6B2A4B2DBD1DE
:105030002846FFF7CBFC01200BB0BDE8F04F01F094
:10504000B1BF0BB0BDE8F08F059B06EB0B0AF3B9BF
:105050001FFA8AF306949A46344622B22846B95C6F
:10506000FFF7B0FC631C9CB25445F6D1D3E71FFA9E
:105070008AF306949A4622B22846B95CC943C9B25B
:10508000FFF7A0FC631C9CB2A245F4D1C3E71FFA52
:105090008AF306949A46344622B22846B95CC9433C
:1050A000C9B2FFF78FFC631C9CB2A245F4D1B2E7F2
:1050B000296823480A69824236D1CA68214909937E
:1050C0008A4232D1FF2226212846FFF7A1FEFF2285
:1050D00024212846FFF79CFE2A681B49926B099BF6
:1050E0008A4227D122212846FFF706FCF7212846CD
:1050F000FFF732FC20212846FFF7FEFB40F628226E
:1051000012492846FFF764FB0022099B85F83220EC
:1051100085F83120002285F830203DE728460993A4
:10512000FFF704FE099B32E70993FF2128469047C9
:10513000099B31E70993002128469047099BE9E73D
:1051400085590300D1570300714B030034F4030069
:1051500030B587B0BDF92850BDF92C4000930195BA
:105160009DF830309DF8345002949DF838400393F8
:105170000495134605940A462421FFF7A5FE07B0BF
:1051800030BD00BF2DE9F04F89B00C46BDF9487025
:10519000BDF94C809DF850909DF854A09DF858B0F2
:1051A000009315461E46CDE901781346CDE9039AD2
:1051B0000A46CDF814B026210790FFF785FECDE909
:1051C00004ABCDE90289CDE900672B46224607985A
:1051D0002421FFF779FE09B0BDE8F08F30B587B024
:1051E000BDF92850BDF92C40009301959DF8303051
:1051F0009DF8345002949DF838400393049513466B
:1052000005940A462621FFF75FFE07B030BD00BFB8
:105210002DE9F04F5C428DB004F0070403F007065F
:1052200058BF66429E1B9DF87440BDF958300493E8
:10523000BDF95CA007949DF87840BDF96C50BDF9AC
:10524000607006940FFA86FB049CBDF970E0BDF90E
:105250006430BDF968C0AAEB0B063C1BB542A8BF81
:10526000354674450994A8BF74465F422DB207F0D5
:10527000070703F0070658BF7E42EF1D48BF05F140
:105280000E079B1B9BB227F007073FB21EB2F51912
:1052900026EAE676C72DB6B2C8BFC3F1C807A6EBAB
:1052A000030324B2C8BF3FB21FFA83F90CEB040E0C
:1052B000A7EB0907BEF1C70F1FFA8CF5BFB2C8BF35
:1052C000C5F1C8040FFA87F8C8BF24B2B8F1000FBF
:1052D0007BDD2CEAEC7C1FFA8CF35D1B0393ABB2F5
:1052E000E41A0893A3B21CB2002C05946DDD154698
:1052F00090F835200A910446002A00F0E48094F8E2
:105300003020002A40F0A980039A009331463B46A2
:105310002046FFF7D5FB0A992046FFF7EDFA4FEA42
:10532000E80320460FFA89F90393FFF737FBBBF137
:105330000002B8BF0732099BB9F1000F4FEAE2073C
:10534000B8BF09F10709BDF92020089207EBE9076A
:10535000013B1AF1070948BF0AF10E09BFB29B1AB7
:105360000993C9F3CF090026BA460399F9B1049805
:10537000089A02440998B3B21A44C31A13FB09A34A
:105380001FFA83FB069B12FB09A297B203BB079B84
:10539000002B35D107EB01081FFA88F83BB2013723
:1053A0002046E95CBFB2FFF70DFBB845F6D10136E8
:1053B000059B36B2B342D8D12046FFF707FB012048
:1053C0000DB0BDE8F04F01F0EDBD0DB0BDE8F08FC0
:1053D000079B53BB0BEB01081FFA88F80FFA8BF3FE
:1053E0000BF1010B2046E95C1FFA8BFBFFF7EAFA91
:1053F000C345F3D10136059B36B2B342B5D1DBE7E5
:1054000007EB01081FFA88F83BB20137E95CC94392
:105410002046C9B2BFB2FFF7D5FAB845F4D101367C
:10542000059B36B2B342A0D1C6E70BEB01081FFAC9
:1054300088F80FFA8BF30BF1010BE95CC9432046A6
:10544000C9B21FFA8BFBFFF7BDFAC345F1D1013694
:10545000059B36B2B34288D1AEE7216822480A697B
:10546000824235D1CA6821490B938A4231D1FF2249
:1054700026212046FFF7CCFCFF2224212046FFF7FF
:10548000C7FC22681A49926B0B9B8A4226D12221C3
:105490002046FFF731FAF7212046FFF75DFA202179
:1054A0002046FFF729FA40F6282212492046FFF746
:1054B0008FF900220B9B84F8322084F831200022DF
:1054C00084F8302020E70B93FFF730FC0B9B16E7A6
:1054D0000B93FF21204690470B9B15E70B93002170
:1054E000204690470B9BEAE785590300D1570300FC
:1054F000714B030034F403002DE9F04F91B0824664
:10550000BDF974709DF884C0BDF96840BDF9706044
:105510000C97CDF838C09DF880709DF888C00B9628
:1055200001200D97BDF96C50BDF97860BDF97C8004
:10553000CDF83CC08B461746994601F033FD002C50
:1055400024DB002D22DB002E20DBB8F1000F1DDB59
:10555000002F1BDBA74219DAB9F1000F16DBA945B2
:1055600014DA0D9A05960B9E0F980E990C9B0990D4
:105570000891CDE906820493CDE90256CDE9009465
:105580003B465A4650462421FFF742FE11B0BDE883
:10559000F08F00BF2DE9F04F91B08246BDF97470D5
:1055A0009DF884C0BDF96840BDF970600C97CDF8D6
:1055B00038C09DF880709DF888C00B9601200D972B
:1055C000BDF96C50BDF97860BDF97C80CDF83CC068
:1055D0008B461746994601F0E5FC002C3FDB002D79
:1055E0003DDB002E3BDBB8F1000F38DB002F36DB54
:1055F000A74234DAB9F1000F31DBA9452FDA0F9B4E
:105600000D9909930B9B0E980C9A0890CDE9068191
:105610000492CDE902535A463B4626215046059650
:10562000CDE90094FFF7F4FD012001F0BBFC0F9BD6
:105630000D9909930B9B0E980C9A0890CDE9068161
:105640000492CDE902530596CDE900943B465A46B3
:1056500050462421FFF7DCFD11B0BDE8F08F01209A
:1056600011B0BDE8F04F01F09DBC00BF90F835309F
:1056700070B505460E46002B00F0A2801121284689
:10568000FFF73AF903212846FFF766F94421284637
:10569000FFF732F900212846FFF75EF91821284666
:1056A000FFF75AF945212846FFF726F90021284639
:1056B000FFF752F900212846FFF74EF9C721284687
:1056C000FFF74AF900212846FFF746F94E21284600
:1056D000FFF712F900212846FFF73EF94F2128462F
:1056E000FFF70AF900212846FFF736F9002128467E
:1056F000FFF732F924212846FFF7FEF82846FFF786
:105700004DF941F2883431462846FFF75BF9013CF8
:10571000F9D12846FFF75AF995F83530002B52D0C9
:1057200011212846FFF7E8F803212846FFF714F96E
:1057300044212846FFF7E0F800212846FFF70CF93E
:1057400018212846FFF708F945212846FFF7D4F825
:1057500000212846FFF700F900212846FFF7FCF852
:10576000C7212846FFF7F8F800212846FFF7F4F88C
:105770004E212846FFF7C0F800212846FFF7ECF835
:105780004F212846FFF7B8F800212846FFF7E4F834
:1057900000212846FFF7E0F826212846FFF7ACF85D
:1057A0002846FFF7FBF841F2883431462846FFF7D8
:1057B00009F9013CF9D12846BDE87040FFF706B968
:1057C000FFF7B4FA5AE72846FFF7B0FAA8E700BF98
:1057D00090F8353070B505460E46002B00F0BF80BE
:1057E00011212846FFF788F803212846FFF7B4F86F
:1057F00044212846FFF780F800212846FFF7ACF83F
:1058000018212846FFF7A8F845212846FFF774F825
:1058100000212846FFF7A0F800212846FFF79CF852
:10582000C7212846FFF798F800212846FFF794F88B
:105830004E212846FFF760F800212846FFF78CF834
:105840004F212846FFF758F800212846FFF784F833
:1058500000212846FFF780F826212846FFF74CF85C
:105860002846FFF79BF841F2883431462846FFF777
:10587000A9F8013CF9D12846FFF7A8F895F835308A
:10588000002B6FD011212846FFF736F80321284658
:10589000FFF762F844212846FFF72EF8002128463A
:1058A000FFF75AF818212846FFF756F845212846F1
:1058B000FFF722F800212846FFF74EF8002128467E
:1058C000FFF74AF8C7212846FFF746F80021284687
:1058D000FFF742F84E212846FFF70EF80021284630
:1058E000FFF73AF84F212846FFF706F8002128462F
:1058F000FFF732F800212846FFF72EF8242128462A
:10590000FEF7FAFF2846FFF749F841F2883431469E
:105910002846FFF757F8013CF9D12846FFF756F81B
:105920002B68164A9B6B934220D122212846FEF712
:10593000E3FFF7212846FFF70FF820212846FEF75E
:10594000DBFF40F628220E492846FEF741FF0023E0
:1059500085F8324085F8314085F8303070BDFFF76A
:10596000E5F93DE72846FFF7E1F98BE721462846B0
:105970009847002385F8303070BD00BF714B03009D
:1059800034F4030090F8303070B504460E46002B16
:1059900000F0CC800368944ADB68934240F01A819F
:1059A00090F835300BB9FFF7C1F911212046FEF709
:1059B000A3FF03212046FEF7CFFF44212046FEF738
:1059C0009BFF00212046FEF7C7FF18212046FEF767
:1059D000C3FF45212046FEF78FFF00212046FEF73A
:1059E000BBFF00212046FEF7B7FFC7212046FEF788
:1059F000B3FF00212046FEF7AFFF4E212046FEF701
:105A00007BFF00212046FEF7A7FF4F212046FEF72F
:105A100073FF00212046FEF79FFF00212046FEF77E
:105A20009BFF26212046FEF767FF2046FEF7B6FFC4
:105A300041F2883531462046FEF7C4FF013DF9D1D9
:105A40002046FEF7C3FF94F8353013B92046FFF720
:105A50006DF911212046FEF74FFF03212046FEF786
:105A60007BFF44212046FEF747FF00212046FEF73A
:105A700073FF18212046FEF76FFF45212046FEF7F1
:105A80003BFF00212046FEF767FF00212046FEF77E
:105A900063FFC7212046FEF75FFF00212046FEF787
:105AA0005BFF4E212046FEF727FF00212046FEF730
:105AB00053FF4F212046FEF71FFF00212046FEF72F
:105AC0004BFF00212046FEF747FF24212046FEF72A
:105AD00013FF2046FEF762FF41F28835314620462B
:105AE000FEF770FF013DF9D12046FEF76FFF2368F6
:105AF0003E4A9B6B934273D122212046FEF7FCFE67
:105B0000F7212046FEF728FF20212046FEF7F4FE6D
:105B100040F6282236492046FEF75AFE84F83250D5
:105B200084F83150002384F8303070BD90F835305F
:105B3000002B52D011212046FEF7DEFE0321204625
:105B4000FEF70AFF44212046FEF7D6FE002120463C
:105B5000FEF702FF18212046FEF7FEFE45212046F3
:105B6000FEF7CAFE00212046FEF7F6FE0021204681
:105B7000FEF7F2FEC7212046FEF7EEFE002120468A
:105B8000FEF7EAFE4E212046FEF7B6FE0021204633
:105B9000FEF7E2FE4F212046FEF7AEFE0021204632
:105BA000FEF7DAFE00212046FEF7D6FE242120462D
:105BB000FEF7A2FE2046FEF7F1FE41F2883531469F
:105BC0002046FEF7FFFE013DF9D12046BDE87040BA
:105BD000FEF7FCBEBDE870401847FFF7A7F8A9E73D
:105BE0002946204698479DE7D1570300714B030093
:105BF00034F40300704700BFF8B5174682B105467C
:105C00000E46002402E00134A74207D02B6816F8A4
:105C1000011B1B68284698470028F4D12046F8BD90
:105C20001446FBE703688A685B680968184700BF89
:105C300069B170B5054608460C4606F08AF92B682E
:105C40000246214628465B68BDE870401847084672
:105C5000704700BF03681B68184700BFF0B50F46C8
:105C60008BB00568002A3DD00A2A04461ED10029BF
:105C70003DDB0AAE00232F4806F8043D0B46A0FB8F
:105C80000312D20802EB8201A3EB4103303306F882
:105C9000013D1346002AF2D1304606F05AF96B68EE
:105CA00002463146204698470BB0F0BD0AAED2B24C
:105CB0000023022A06F8043D2CBF10460A200A469B
:105CC000B2FBF0F100FB1127FBB2092F03F1300703
:105CD0008ABF3733FBB2DBB20A4606F8013D002922
:105CE000EED1D9E72B68C9B298470BB0F0BD2B684D
:105CF0002D2198470AAD002306460E4805F8043DBD
:105D00007B42A0FB0321C90801EB8102A3EB420304
:105D1000303305F8013D0B460029F2D1284606F044
:105D200018F92368024629465B68204698473044A4
:105D30000BB0F0BDCDCCCCCCF0B506688BB022B9A1
:105D40003368C9B298470BB0F0BD0AACD2B2002399
:105D5000022A04F8043D05462CBF10460A20B1FB78
:105D6000F0F200FB1217FBB2092F03F130078ABFD4
:105D70003733FBB2DBB2114604F8013D002AEED105
:105D8000204606F0E6F87368024621462846984702
:105D90000BB0F0BD036802495B680222184700BFE0
:105DA00018F5030038B503688A685B68096804461B
:105DB0009847236803495B680546022220469847B6
:105DC000284438BD18F50300036870B505460C4635
:105DD0005E6849B1084606F0BCF8214602462846EE
:105DE000B0472B685E680446284602220149B04746
:105DF000204470BD18F50300F0B505468BB0066869
:105E000062B93368C9B2984704462B6815495B6884
:105E100028460222984720440BB0F0BD0AACD2B20B
:105E20000023022A04F8043D2CBF10460A20B1FBCF
:105E3000F0F200FB1217FBB2092F03F130078ABF03
:105E40003733FBB2DBB2114604F8013D002AEED134
:105E5000204606F07EF82146024673682846984799
:105E60000446D2E718F5030008B54FF4006200219C
:105E700005F0ACF90022C0F80028C0F8042808BDDD
:105E8000D0F8002810B4531CD0F80448C3F30A0318
:105E90009C4218BF81545DF8044B18BFC0F800380D
:105EA000704700BF0023C0F80038C0F804387047BE
:105EB000D0F80438D0F80028934207D05A1CC35CAD
:105EC000C2F30A02C0F80428184670474FF0FF30AA
:105ED000704700BFD0F80038D0F80408181A48BF3F
:105EE00000F50060704700BFD0F80438D0F80028F3
:105EF000934214BFC05C4FF0FF307047D0F80038B9
:105F0000D0F804080133C3F30A03181AB0FA80F07A
:105F10004009704741F22303C05C704770B541F2FD
:105F20001D030446C356002B0DDB5A092032012104
:105F3000234803F01F0301FA03F340F82230BFF3B4
:105F40004F8FBFF36F8F23694FF48872C3F8082314
:105F500022690023C2F844312269C2F8583122690B
:105F6000012353602269D36001E004F041F8236902
:105F7000D3F85821002AF8D0D3F84421002AF4D0CD
:105F80000025C3F8005522694FF0FF33C2F80C35E5
:105F90002269C2F814352269C2F80835226941F233
:105FA0002406C2F8103504F11400FFF77BFFA05956
:105FB00001F0EEFE41F22303A551E55470BD00BF90
:105FC00000E100E01430FFF785BF00BF1430FFF799
:105FD0008BBF00BF1430FFF76BBF00BF08B541F2A5
:105FE0002403C05801F0CAFE002814BF4FF400601B
:105FF000002008BD41F22303C35C03B9704770B5AC
:1060000041F2240504464FF0FF31405901F00AFDEA
:10601000002360591A461946BDE8704001F0BAB82D
:1060200010B50368104A5B6882B093428DF8071080
:1060300014D141F2240304464FF0FF31C05801F05F
:10604000F1FC22699DF8073084F81D380123C2F85D
:10605000483522691846936002B010BD01220DF147
:106060000701984702B010BD6D6003002DE9F84F9D
:106070004AB300F5815916468846074609F10409D6
:1060800000F61D0B00254FF0010A741BB4F5006FDC
:1060900028BF4FF400644FF0FF31D9F8000001F041
:1060A000C1FC08EB05012246584605F06BF83B6938
:1060B000C3F848453B692544AE42C3F808A0E4D87C
:1060C0002846BDE8F88F15462846BDE8F88F00BF82
:1060D00070B50468824A246A944240F0BD8041F25F
:1060E00023020346825C002A40F0B58041F21F0083
:1060F0000D461969185CC1F80C0541F21E001969BA
:10610000185CC1F8140541F22201595C012900F024
:10611000B2801969C1F86C25B5F5966F45D9B5F50A
:10612000166F40F29E80B5F5965F40F2B480B5F5EB
:10613000165F40F2B280B5F5615F40F2B080B5F510
:10614000964F40F2AE80B5F5E14F40F2AC8047F695
:106150001222954240F2A980B5F5164F40F2A88070
:106160004DF6C022954240F2A680B5F5614F40F24F
:10617000A580B5F5963F40F2A480B5F5E13F40F229
:10618000A580B5F5613F40F29E80564A954240F2A7
:10619000A380B5F5E12F40F29C80B5F5612F8CBF4F
:1061A0004FF080524FF0706201E04FF49E22196967
:1061B000C1F824251A690821C2F800151A6903F6E6
:1061C0001D01C2F844151A690021C2F820111A698C
:1061D00003F61C01C2F834151A690121C2F83815FA
:1061E0001A6911601A694FF4887041F21D04C2F8EF
:1061F00004031A57002A37DB5509603502F01F02E5
:10620000394801FA02F240F825201A57002A2BDB00
:106210000244602182F8001341F21D029A56002ABE
:1062200007DB314802F01F0401215209A14040F868
:1062300022100322002101201C4600F069FF41F2D8
:1062400024020023A05019461A4600F0A3FF41F291
:1062500023030122E25470BD23460022BDE87040B2
:1062600018474FF41D22A2E7204902F00F02114403
:1062700060220A76D0E703F5815218691278C0F8D7
:10628000102541F221001A69185CC2F808051A6944
:10629000C2F86C1540E7164A89E7164A87E7164A9E
:1062A00085E7164A83E7164A81E74FF400027EE746
:1062B0004FF41D027BE74FF4650278E74FF46B0261
:1062C00075E7104A73E74FF06C7270E74FF0EB72AE
:1062D0006DE74FF0E8626AE74FF0806267E700BF62
:1062E0000963030090D0030000E100E0FCEC00E053
:1062F00000B013000050270000F03A0000A04E004C
:1063000000C0750000903A0138B541F22303C35C28
:10631000002B40F0B48041F21F040369045DC3F810
:106320000C4541F21E040369045DC3F8144541F2B3
:106330002203C35C012B00F0A3800369C3F86C2522
:10634000B1F5966F45D9B1F5166F40F2AB80B1F556
:10635000965F40F2B180B1F5165F40F2AF80B1F5C3
:10636000615F40F2AD80B1F5964F40F2AB80B1F580
:10637000E14F40F2A98047F61223994240F2A680ED
:10638000B1F5164F40F2A5804DF6C023994240F278
:10639000A380B1F5614F40F2A280B1F5963F40F283
:1063A000A180B1F5E13F40F29F80B1F5613F40F23D
:1063B0009E80534B994240F2A080B1F5E12F40F20C
:1063C0009980B1F5612F8CBF4FF080534FF070630F
:1063D00001E04FF49E230269C2F8243503690822C4
:1063E000C3F80025036900F61D02C3F844250369BC
:1063F0000022C3F82021036900F61C02C3F83425EB
:1064000003690122C3F8382503691A6003694FF450
:10641000887141F21D04C3F804130357002B44DBB9
:106420005D09603503F01F03364902FA03F341F8B2
:1064300025300357002B38DB0B44602283F8002300
:1064400041F21D03C356002B07DB2E4903F01F0446
:1064500001225B09A24041F82320044603220021C7
:10646000012000F055FE41F224020023A0501946FD
:106470001A4600F08FFE41F223030122E25438BD98
:1064800000F5815304691B78C4F8103541F22104EA
:106490000369045DC3F80845036942F00102C3F8CB
:1064A0006C254DE74FF41D2395E7174A03F00F03C2
:1064B0001A4460231376C3E7144B8CE7144B8AE726
:1064C000144B88E7144B86E7144B84E74FF4000322
:1064D00081E74FF41D037EE74FF465037BE74FF43C
:1064E0006B0378E70E4B76E74FF0EB7373E74FF0F3
:1064F0006C7370E74FF0E8636DE74FF080636AE715
:1065000090D0030000E100E0FCEC00E000B01300DC
:106510000050270000F03A0000A04E0000C07500B7
:1065200000903A01074B10B441F21E0453F82110B9
:10653000015541F21F0153F8223043545DF8044BDA
:10654000704700BFBCF4030010B5124C2369D3F8A8
:10655000102142B10022C3F81021D3F83C2582B9A2
:1065600001221A602369D3F8202102B910BD00214D
:1065700041F22402C3F82011A058BDE8104001F0F8
:1065800093B894F81C1804F11400FFF779FC236900
:10659000E6E700BF5CA3002038B5124C124A204643
:1065A00000254FF47A7340F8142BC4E90153FFF728
:1065B0005BFC41F21D010D4B0D4A2261022060542B
:1065C000D3E9001341F21E0241F21F00A1542354EB
:1065D00041F2220141F2240241F223036554A55005
:1065E000E55438BD5CA3002024F50300BCF403008F
:1065F0000020004008B5094B1BB10948EFF778FEB1
:1066000048B9084B1BB10848FFF764FC00B908BD46
:10661000AFF3008008BDAFF30080F2E70000000098
:10662000546300200000000070A300202DE9F04317
:106630001B4B1C4FD3F80463DFF86C80DFF86C90C1
:1066400085B000240123A200A34002F1804533421B
:1066500005F5C0450FD0D5F8003163B1E3570133DC
:1066600006D052F808201AB114F809307BB99047C7
:106670000023C5F800310134082CE3D1BFF34F8F5C
:1066800000BF00BF00BF00BF05B0BDE8F08304AB92
:10669000002143F8041D0846009103F083FDE7E75D
:1066A00000600040ACB300208CB3002084B3002015
:1066B000F8B500250446C0E90055856091B108464B
:1066C0000E4605F046FC0746411C284600F0B4FC87
:1066D00050B1A368C4E9000703B90370A76031464D
:1066E00005F02FFC2046F8BD206808B100F08EFCB4
:1066F00000232360C4E901332046F8BD70B5044689
:106700008C424FF00000C4E90000A06001D00D6889
:106710000DB9204670BD8E68711C00F08DFC50B123
:10672000A368C4E9000603B90370A660294605F012
:1067300008FC204670BD206808B100F067FC00230B
:106740002360C4E90133204670BD00BF70B5002549
:1067500082B0C0E900558560044601A88DF8041098
:106760008DF8055005F0F5FB0646411C284600F063
:1067700063FC58B1A368C4E9000603B90370A660BE
:1067800001A905F0DEFB204602B070BD206808B10B
:1067900000F03CFC002320462360C4E9013302B032
:1067A00070BD00BF30B5044685B000230846C4E97B
:1067B0000033A36001A902F08BFE01A805F0C9FB1C
:1067C0000546206810B163689D4209D9691C00F034
:1067D00033FC60B1A368C4E900050BB903702068FD
:1067E000A56001A905F0ADFB204605B030BD2068CD
:1067F00008B100F00BFC002320462360C4E90133FC
:1068000005B030BD30B504468BB000230846C4E95E
:106810000033A36001A902F013FE01A805F099FB63
:106820000546206810B163689D4209D9691C00F0D3
:1068300003FC60B1A368C4E900050BB903702068CC
:10684000A56001A905F07DFB20460BB030BD206896
:1068500008B100F0DBFB002320462360C4E90133CC
:106860000BB030BD30B504468BB000230846C4E9F8
:106870000033A36001A902F02BFE01A805F069FB1B
:106880000546206810B163689D4209D9691C00F073
:10689000D3FB60B1A368C4E900050BB9037020689D
:1068A000A56001A905F04DFB20460BB030BD206866
:1068B00008B100F0ABFB002320462360C4E901339C
:1068C0000BB030BD30B504468BB000230846C4E998
:1068D0000033A36001A902F02FFE01A805F039FBE7
:1068E0000546206810B163689D4209D9691C00F013
:1068F000A3FB60B1A368C4E900050BB9037020686D
:10690000A56001A905F01DFB20460BB030BD206835
:1069100008B100F07BFB002320462360C4E901336B
:106920000BB030BD10B50446006800F06FFB204688
:1069300010BD00BF884270B5044609D00D680068DC
:1069400045B908B100F062FB0023C4E901332360BC
:10695000204670BD8E6810B163689E4209D9711CD3
:1069600000F06AFB58B1A368C4E900060BB90370D4
:106970002068A660294605F0E4FA204670BD20682C
:106980000028DFD1E0E700BF884238B5044612D0C6
:1069900000688B680D4628B162689A420DD200F0FB
:1069A00035FBAB68D5E9002122600022C4E9011360
:1069B000C5E90022AA60204638BD096805F0C1FA81
:1069C000AB68A3600023AB60204638BDF8B5044631
:1069D000056849B915B1284600F018FB002323606B
:1069E000C4E901332046F8BD08460E4605F0B1FA69
:1069F000074615B1636898420BD92846791C00F008
:106A00001BFB054660B1A368C4E900070BB903701E
:106A10002568A7603146284605F093FA2046F8BD60
:106A200020680028DAD000F0F1FAD7E770B50E68D8
:106A3000EEB18D680DB9012070BD82680446006812
:106A4000154410B163689D420AD9691C00F0F4FA3C
:106A500068B1A268C4E9000512B902702068A26892
:106A60003146104405F06DFAA560012070BD00208C
:106A700070BD00BF29B370B5054608460C4605F049
:106A800068FA08B9012070BDAA682B68861813B18E
:106A900069688E420CD91846711C00F0CDFA034685
:106AA00068B1AA68C5E9000612B902702B68AA6825
:106AB0002146981805F045FAAE60012070BD00200F
:106AC00070BD0020704700BF30B5836883B00446B6
:106AD00000688DF8041000225D1C8DF8052010B1AF
:106AE000626895420AD9991C00F0A6FA60B1A368C1
:106AF000C4E9000513B903702068A368184401A90C
:106B000005F01FFAA560012003B030BD70B50E6816
:106B100004461EB18D685DB9204670BD206808B17D
:106B200000F074FA00232360C4E90133204670BDED
:106B300082680068154410B163689D420BD9691CD6
:106B400000F07AFA0028E9D0A268C4E9000512B979
:106B500002702068A2683146104405F0F2F9A56081
:106B6000DAE700BF70B5044631B108460D4605F0BE
:106B7000F0F958B9204670BD206808B100F046FA17
:106B800000232360C4E90133204670BDA268236856
:106B9000861813B161688E420DD91846711C00F039
:106BA0004BFA03460028E7D0A268C4E9000612B9F0
:106BB00002702368A2682946981805F0C2F9A660F9
:106BC000D8E700BF08B58A688368934201D00020E7
:106BD00008BD0068096848B129B105F0A8F9B0FA04
:106BE00080F0400908BD1BB10078F8E701B10BB98E
:106BF000012008BD08784042F1E700BF826808B56F
:106C00002AB989B10878B0FA80F0400908BD006857
:106C100029B105F08CF9B0FA80F0400908BD007880
:106C2000B0FA80F0400908BD012008BD08B58A68A7
:106C30008368934209D3006830B1096839B105F01F
:106C400090F9B0FA80F0400908BD002008BD084660
:106C500008BD00BF83688B4203D9006808B10844AF
:106C60007047024800230370704700BFB4B3002090
:106C700083688B4203D9006810B1405C70470020E4
:106C8000704700BF83683BB110B50468204605F02B
:106C900041F920B1001B10BD4FF0FF3070474FF09D
:106CA000FF3010BD8368934207D910B50468A0185F
:106CB00005F030F920B1001B10BD4FF0FF307047D8
:106CC0004FF0FF3010BD00BF836843B110B50468BA
:106CD0000968204605F06BF920B1001B10BD4FF08C
:106CE000FF3070474FF0FF3010BD00BFF8B585682A
:106CF0006DB1036800225F5D5A5506680446304650
:106D000005F041F9775510B12368C01AF8BD4FF06E
:106D1000FF30F8BD9A422DE9F84317461E46044657
:106D2000884601D816461F460025C4E90055A560CF
:106D30002846012100F080F908B3C4E90005A560E8
:106D40000570D8F80820B24216D9974228BF1746D6
:106D5000D8F800300022DD5DDA55D8F80000861939
:106D600016D1206808B100F051F90023C4E90133BD
:106D70002360D8F80030DD552046BDE8F883206850
:106D800008B100F043F900232360C4E90133D8E7D8
:106D9000304605F0DEF88146206810B163689945F9
:106DA0000BD909F1010100F047F90028D9D0A368F7
:106DB000C4E900090BB903702068C4F80890314693
:106DC00005F0BFF8D5E700BF8368994203D2036896
:106DD000816000225A547047002A77D083688B4222
:106DE00074D92DE9F0415C1AA24228BF2246D0F89E
:106DF00000C09B1A8C185F1A83600CEB04060CEB26
:106E000001055ED001F1040E7244A645C8BF8A4256
:106E100061DC0B2F5FD9734213F0030364D0B646D5
:106E20002A461EF8018B02F8018B012B4FD0727895
:106E30006A70022B05F1020206F1020E47D0B27809
:106E4000AA70033603354FF0030EE2181944A7EB7E
:106E500003086244614400234FEA980C013352F85E
:106E6000044B41F8044B9C45F8D828F0030398459F
:106E70009E4405EB030206EB03011FD0F45CEC54C7
:106E80000EF101039F4219D94B7853700EF10203A2
:106E90009F4213D98B7893700EF103039F420DD953
:106EA000CB78D3700EF104039F4207D90EF1050E83
:106EB0000B791371774501D94B795371D0F800C024
:106EC000836800220CF80320BDE8F0817047764605
:106ED00015469E46B9E7013E634416F8012F05F8B2
:106EE000012B9D42F9D1E9E79E46AEE710B5046853
:106EF00044B1207830B105F00DF9207014F8010F7D
:106F00000028F8D110BD00BF10B5046844B1207846
:106F100030B105F00CF9207014F8010F0028F8D1F9
:106F200010BD00BF2DE9F0410768F7B18468E4B1F6
:106F300006463D4600E04546287805F1010804F084
:106F4000E5F80028F7D1013C3C4402E0A54205D811
:106F5000013C207804F0DAF80028F7D1621C521BBB
:106F6000AF42B26003D30023BB54BDE8F081384682
:106F7000294604F007F93768B268F4E7006808B1F9
:106F800004F068B8704700BFFEE700BF08B501F025
:106F900077FA4FF47A72A0FB0223900A40EA8350FA
:106FA00008BD00BF014638B54FF47A720023800255
:106FB000890D03F0B1FE054601F062FA0446EFF7D1
:106FC00087F901F05DFA001B854200D838BD281A08
:106FD000BDE8384001F078BB10B5044601F0CEFDA5
:106FE000022804D02046BDE8104004F0A9B801F002
:106FF0003FFA204604F0A4F8044601F0DFFA0CB191
:10700000204610BD03F006F8FAE700BF10B50446AD
:1070100001F0B4FD02280AD144B101F029FA20465A
:1070200004F096F8BDE8104001F0C8BA10BD204643
:10703000BDE8104004F08CB838B504460D4601F0A8
:107040009DFD022805D029462046BDE8384004F0C1
:1070500015BF01F00DFA2046294604F00FFF044643
:1070600001F0ACFA0CB1204638BD02F0D3FFFAE7CC
:1070700010B5044601F0FCF9204604F061F804461E
:1070800001F09CFA0CB1204610BD02F0C3FF20466F
:1070900010BD00BF50B110B5044601F0E9F920461B
:1070A00004F056F8BDE8104001F088BA704700BF00
:1070B00038B51C469DF8105043B3002908BF1A4646
:1070C0000123C4E90F01226084F8463002F020F861
:1070D000D4E90F132268A26001FB03F1CB1A134419
:1070E00000200A44FF21A063E36084F8441062603A
:1070F00084F8451004F1100003F0ECF904F12400C9
:1071000003F0E8F902F00EF884F84C50204638BD40
:10711000F8B5074615460E4669B100FB01F0503040
:10712000FFF7A6FF044690B3002200F1500380F859
:107130004620036007E05020FFF79AFF044630B373
:1071400084F846602460C4E90F7601F0E1FFD4E9D9
:107150000F132268A26001FB03F1CB1A1344002035
:107160000A44FF21A063E36084F84410626084F85D
:10717000451004F1100003F0ADF904F1240003F010
:10718000A9F901F0CFFF84F84C502046F8BD002447
:107190002046F8BD2DE9F04F044685B01D4601920A
:1071A000884601F0B5FFA26BE36BA84F4FF00009D2
:1071B0009A424E46C0F08B80022D00F00681019865
:1071C000002800F03081B9F1000F00F0958001F047
:1071D000A9FF01F04DF901F09BFF94F84430FF2B1B
:1071E00008BF84F8446094F84530FF2B08BF84F84A
:1071F000456001F097FF01A902A801F067FC002893
:1072000040F0188101F084FFA26BE36B9A4277D0C3
:1072100001F088FF01F07CFF94F845304FFA83FAC3
:10722000BAF1000F1ADD636AC3B104F1240907E063
:107230000AF1FF33DBB24FFA83FA7BB1636A6BB1B9
:10724000484601F0E9FB0028F2D001F077FC0AF192
:10725000FF33DBB24FFA83FA002BEFD1FF2384F820
:10726000453001F05FFF01F053FF94F844304FFACE
:1072700083FABAF1000F1ADD2369C3B104F11009D2
:1072800007E00AF1FF33DBB24FFA83FA7BB12369DF
:107290006BB1484601F0C0FB0028F2D001F04EFC73
:1072A0000AF1FF33DBB24FFA83FA002BEFD1FF2351
:1072B00084F8443001F036FF01F080F901F028FF36
:1072C000A26BE36B9A424FF00109BFF475AF226CD9
:1072D000A66B002A40F0FC8025680136002D00F0E6
:1072E0001881A663636A002B40F08C8001F01AFFBE
:1072F000012005B0BDE8F08F02A801F0DBFB66E7D6
:1073000004F1100901F00EFF4846019901F008FB55
:1073100001F0FEFE94F845A04FFA8AFABAF1000F88
:107320001CDD636AD3B104F1240B08E00AF1FF3AD3
:107330005FFA8AF34FFA83FA83B1636A73B15846EE
:1073400001F06AFB0028F1D00AF1FF3A01F0F6FBE8
:107350005FFA8AF34FFA83FA002BEED1FF2384F809
:10736000453001F0DFFE01F0D3FE94F844304FFACF
:1073700083FABAF1000F06DC15E00AF1FF33DBB245
:107380004FFA83FA7BB123696BB1484601F044FBA5
:107390000028F2D001F0D2FB0AF1FF33DBB24FFA42
:1073A00083FA002BEFD1FF2384F8443001F0BAFEBA
:1073B00001F004F9002881D14FF080537B6040BF79
:1073C000BFF34F8FBFF36F8F78E7226CA66B002A55
:1073D00082D04146E06803F0D5FE236CE268216864
:1073E0005B421A448A42E26080F0898062681344FA
:1073F000E360022D00F083800136A663636A002BF0
:107400003FF474AF04F1240001F006FB00283FF4C0
:107410006DAF0E4B4FF080525A6040BFBFF34F8F9D
:10742000BFF36F8F62E7009001F07CFE009805B01B
:10743000BDE8F08F01F06CFE94F845506DB2002D60
:1074400018DD636AB3B104F1240607E000ED00E043
:10745000013DEBB25DB26BB1636A5BB1304601F0E6
:10746000DBFA0028F4D0013D01F068FBEBB25DB21D
:10747000002BF1D1FF2384F8453001F053FE01F0D9
:1074800047FE94F844506DB2002D16DD2369A3B178
:1074900004F1100605E0013DEBB25DB26BB123696A
:1074A0005BB1304601F0B8FA0028F4D0013D01F09C
:1074B00045FBEBB25DB2002BF1D1FF2384F84430E1
:1074C00001F030FE01F07AF8002005B0BDE8F08F41
:1074D00041465DBBA06803F055FEA368216C62685D
:1074E0000B44934206F10106A360FFF4FAAEA663D3
:1074F000636A2268A260002B3FF4F8AE82E7002E98
:107500007FF4EFAE0123A363636A002B3FF4EEAE7A
:1075100078E7606801F084FBA663636A6560002B0E
:107520007FF470AF00287FF474AFDFE6E06803F00B
:1075300029FE236CE26821685B421A448A42E260B9
:10754000BFF457AF52E700BFF8B50C4679B300253A
:107550000123216081F84630C1E90F35064601F06C
:10756000D7FDD4E90F322168A56303FB02F39A1A11
:107570000A440B44FF27C4E90131E26084F84470F7
:1075800004F1100084F8457002F0A4FF04F1240017
:1075900002F0A0FF01F0C6FDC4E90055E56084F8E3
:1075A0004C602B462A4629462046FFF7F3FD20462D
:1075B000F8BD00BF2DE9F0418C4682B00446174665
:1075C000EFF31186402282F31188806BE26B9042C8
:1075D00021D3022B05D0002086F3118802B0BDE82C
:1075E000F08194F84550226CD4F838806DB252BBCB
:1075F000236808F10108002B4FD06B1CC4F83880B9
:1076000037D001356DB284F84550012086F31188DA
:1076100002B0BDE8F08194F84550226CD4F838806F
:107620006DB2002AE4D073B9A06803F0ABFDA36883
:10763000216C62680B44934208F10108A360DCD31B
:107640002368A360D9E76146E068019303F09AFDDF
:10765000206CE2682168019B404202448A42E26059
:1076600002D262681044E060022B10D008F10108D9
:10767000C3E7636A002BC8D004F1240001F0CCF901
:107680000028C2D0002FC0D001203860A4E7B8F194
:10769000000F08BF4FF00108AFE76068019301F0E9
:1076A000BFFA019B6360A8E738B5EFF3118440236C
:1076B00083F31188826BC36B93420ED990F84530E7
:1076C00001325BB282635A1C0BD001335BB280F88B
:1076D0004530012084F3118838BD002084F31188DF
:1076E00038BD436A002BF4D024300D4601F094F9E4
:1076F0000028EED0002DECD001202860EAE700BF82
:107700002DE9F047044684B08846019201F000FD5F
:10771000D4F83890B9F1000F40F09380019B002B12
:1077200000F00A8102A801F0C5F9B34F4E4604F1FA
:10773000240501F0F7FC00F09BFE01F0E9FC94F851
:107740004430FF2B08BF84F8446094F84530FF2B89
:1077500008BF84F8456001F0E5FC01A902A801F02A
:10776000B5F9002840F0878001F0D2FCA36B002B14
:1077700040F0E88001F0D6FC0199284601F0D0F8ED
:1077800001F0C6FC94F845304FFA83F9B9F1000FC7
:1077900006DC15E009F1FF33DBB24FFA83F97BB168
:1077A000636A6BB1284601F037F90028F2D001F086
:1077B000C5F909F1FF33DBB24FFA83F9002BEFD1A2
:1077C000FF2384F8453001F0ADFC01F0A1FC94F8F2
:1077D00044304FFA83FABAF1000F1ADD2369C3B1BE
:1077E00004F1100907E00AF1FF33DBB24FFA83FA24
:1077F0007BB123696BB1484601F00EF90028F2D045
:1078000001F09CF90AF1FF33DBB24FFA83FA002B47
:10781000EFD1FF2384F8443001F084FC00F0CEFE69
:1078200000287ED14FF080537B6040BFBFF34F8F65
:10783000BFF36F8F01F06CFCD4F83890B9F1000FF2
:1078400076D0226C52B1E168636811449942E160DC
:1078500024BF2168E160404603F094FC09F1FF3346
:10786000A3632369002B40F0C98001F05BFC012079
:1078700004B0BDE8F08701F04BFC94F845304FFAB6
:1078800083F9B9F1000F06DC15E009F1FF33DBB233
:107890004FFA83F97BB1636A6BB1284601F0BCF8FB
:1078A0000028F2D001F04AF909F1FF33DBB24FFAB8
:1078B00083F9002BEFD1FF2384F8453001F032FC2F
:1078C00001F026FC94F844304FFA83FABAF1000F25
:1078D0001ADD2369C3B104F1100907E00AF1FF338F
:1078E000DBB24FFA83FA7BB123696BB1484601F0F2
:1078F00093F80028F2D001F021F90AF1FF33DBB24E
:107900004FFA83FA002BEFD1FF2384F8443001F0C3
:1079100009FC00F053FE01F0FBFBA36B63B101F027
:1079200001FC01F0F5FBD4F83890B9F1000F88D1D3
:10793000019B002B7FF4FDAE01F0F4FB002004B0AE
:10794000BDE8F08701F0EEFB01F0E2FB94F8453072
:107950004FFA83F9B9F1000F06DC15E009F1FF33A6
:10796000DBB24FFA83F97BB1636A6BB1284601F051
:1079700053F80028F2D001F0E1F809F1FF33DBB24F
:107980004FFA83F9002BEFD1FF2384F8453001F043
:10799000C9FB01F0BDFB94F844304FFA83FABAF109
:1079A000000F1ADD2369C3B104F1100907E00AF1E1
:1079B000FF33DBB24FFA83FA7BB123696BB14846E0
:1079C00001F02AF80028F2D001F0B8F80AF1FF33EC
:1079D000DBB24FFA83FA002BEFD1FF2384F8443057
:1079E00001F0A0FB00F0EAFD01F092FBD4F8389022
:1079F000B9F1000F9CD024E700ED00E004F1100085
:107A000001F00AF800283FF430AF054B4FF08052E8
:107A10005A6040BFBFF34F8FBFF36F8F25E700BFA2
:107A200000ED00E02DE9F043044685B00026019109
:107A300001F06EFBA36BB24FB0463546002B40F011
:107A4000F380019B002B00F05D81B8F1000F00F086
:107A5000FC8001F067FB00F00BFD01F059FB94F88E
:107A60004430FF2B08BF84F8445094F84530FF2B76
:107A700008BF84F8455001F055FB01A902A801F0A8
:107A800025F800286CD101F043FBA36B002B40F0DC
:107A9000E08001F047FB2368002B00F03C8104F1FB
:107AA00024094846019900F03BFF01F031FB94F8AE
:107AB00045304FFA83F8B8F1000F06DC15E008F105
:107AC000FF33DBB24FFA83F87BB1636A6BB1484690
:107AD00000F0A2FF0028F2D001F030F808F1FF33E7
:107AE000DBB24FFA83F8002BEFD1FF2384F8453047
:107AF00001F018FB01F00CFB94F844304FFA83F8C6
:107B0000B8F1000F1ADD2369C3B104F1100907E0D1
:107B100008F1FF33DBB24FFA83F87BB123696BB115
:107B2000484600F079FF0028F2D001F007F808F18C
:107B3000FF33DBB24FFA83F8002BEFD1FF2384F839
:107B4000443001F0EFFA00F039FD002864D14FF025
:107B500080537B6040BFBFF34F8FBFF36F8F5BE0FD
:107B600001F0D6FA94F845304FFA83F8B8F1000FD7
:107B70001ADD636AC3B104F1240907E008F1FF3399
:107B8000DBB24FFA83F87BB1636A6BB1484600F011
:107B900043FF0028F2D000F0D1FF08F1FF33DBB241
:107BA0004FFA83F8002BEFD1FF2384F8453001F022
:107BB000B9FA01F0ADFA94F844304FFA83F8B8F10D
:107BC000000F1ADD2369C3B104F1100907E008F1C1
:107BD000FF33DBB24FFA83F87BB123696BB14846C0
:107BE00000F01AFF0028F2D000F0A8FF08F1FF33E0
:107BF000DBB24FFA83F8002BEFD1FF2384F8443037
:107C000001F090FA00F0DAFC01F082FAA36B002B8D
:107C100000F08A8001F086FA01F07AFAA36B4FF047
:107C20000108002B3FF40DAF2268013BA363002A3B
:107C300000F09E802369002B40F0898001F072FAE9
:107C40000126304605B0BDE8F08302A800F032FFFF
:107C5000FFE601F067FA01F05BFA94F845304FFA5D
:107C600083F8B8F1000F1ADD636AC3B104F1240987
:107C700007E008F1FF33DBB24FFA83F87BB1636AA8
:107C80006BB1484600F0C8FE0028F2D000F056FF65
:107C900008F1FF33DBB24FFA83F8002BEFD1FF235B
:107CA00084F8453001F03EFA01F032FA94F844309D
:107CB0004FFA83F8B8F1000F1ADD2369C3B104F15C
:107CC000100907E008F1FF33DBB24FFA83F87BB10C
:107CD00023696BB1484600F09FFE0028F2D000F007
:107CE0002DFF08F1FF33DBB24FFA83F8002BEFD101
:107CF000FF2384F8443001F015FA00F05FFC8BE7B5
:107D000000ED00E0009301F00DFA009B1E463046A6
:107D100005B0BDE8F08301F0FBF9606800F03EFFBC
:107D2000064601F0FFF9BAE601F0FCF9002E88D012
:107D300001F0EEF9616A19B1236B1968C1F105010F
:107D4000606800F099FF002601F0ECF979E704F192
:107D5000100000F061FE00283FF470AF064B4FF0BA
:107D600080525A6040BFBFF34F8FBFF36F8F65E7FC
:107D700000F0B8FF60605DE700ED00E010B504467C
:107D800001F0C6F9A46B01F0CDF9204610BD00BF8B
:107D9000104B5A68904208D0DA68904208BF01221E
:107DA00004D090F8463093B170470022002110B4FF
:107DB00003EBC20443F8321090F84630616013B10F
:107DC0005DF8044B70475DF8044BFFF763B9FFF7AC
:107DD00061B900BFFCBD0020074B1A681AB19A6850
:107DE00002B17047012210B403EBC20443F8321011
:107DF00060605DF8044B7047FCBD002070B505461F
:107E00000C46164601F084F995F84430FF2B04BF68
:107E1000002385F8443095F84530FF2B04BF00233C
:107E200085F8453001F07EF9AB6B2BB9324621461F
:107E300005F1240000F0B0FD01F06AF995F8454025
:107E400064B2002C16DD6B6AA3B105F1240605E0CF
:107E5000013CE3B25CB26BB16B6A5BB1304600F0DF
:107E6000DBFD0028F4D0013C00F068FEE3B25CB218
:107E7000002BF1D1FF2385F8453001F053F901F0D3
:107E800047F995F8444064B2002C16DD2B69A3B184
:107E900005F1100605E0013CE3B25CB26BB12B6961
:107EA0005BB1304600F0B8FD0028F4D0013C00F092
:107EB00045FEE3B25CB2002BF1D1FF2385F84430DC
:107EC000BDE8704001F02EB92DE9F041044601F003
:107ED0001FF9344A344D1368013313602B68002BAB
:107EE0002FD0324EE36A32682AB3314831490768ED
:107EF0000A689F4238BF03602F48013203EB8303B7
:107F00000A6000EB8300E263211D02F0F3FA01F046
:107F100009F933686BB12A68E36AD26A9A4208D2D7
:107F2000264B4FF080525A6040BFBFF34F8FBFF3D4
:107F30006F8FBDE8F0812A68D26A9A4298BF2C60A0
:107F4000D3E72C601368012B02D0E36A174ECCE70D
:107F50001948DFF894801A4F144E02F0BBFA194802
:107F600002F0B8FA184802F0B5FA184802F0B2FA6E
:107F7000174802F0AFFA404602F0ACFA384602F079
:107F8000A9FA144802F0A6FA134802F0A3FA13481B
:107F900002F0A0FA124B134AC2F800801F60E36A95
:107FA000A3E700BF28B40020B8B3002088B40020A5
:107FB0003CB4002038B40020C4B3002000ED00E041
:107FC00054B40020D8B30020ECB3002000B400204B
:107FD00014B4002074B40020A0B400208CB400209D
:107FE000C0B30020BCB3002040B400202DE9F8430A
:107FF000DDE90964002C60D016B93046BDE8F8838D
:108000000D469700984602233A4684F8513081463F
:1080100026633046A52103F0D9F82A78236B84F82B
:108020003420043F2A781F4427F0070702B36B78F7
:1080300084F835306B78DBB1AB7884F83630AB78C8
:10804000B3B1EB7884F83730EB788BB12B7984F8C7
:1080500038302B7963B16B7984F839306B793BB167
:10806000AB7984F83A30AB7913B1EB7984F83B30D3
:10807000089D042D28BF04250026E5626564201DA7
:1080800084F83B60A66402F031FAC5F1050504F1FD
:10809000180002F02BFAE66442464946A5612461C5
:1080A00084F850606462384600F0F6FF2060204695
:1080B000FFF70AFF2046BDE8F8832046BDE8F883B5
:1080C0002DE9F0479600804630460D469946099FB7
:1080D000FEF7CEFF002869D082465420FEF7C8FF85
:1080E000044600285BD00023C0F830A0324650463A
:1080F00084F85130A52103F069F82A78236B84F8BD
:108100003420043E2A781E4426F0070A02B36B7816
:1081100084F835306B78DBB1AB7884F83630AB78E7
:10812000B3B1EB7884F83730EB788BB12B7984F8E6
:1081300038302B7963B16B7984F839306B793BB186
:10814000AB7984F83A30AB7913B1EB7984F83B30F2
:10815000089D042D28BF04250026E5626564201DC6
:1081600084F83B60A66402F0C1F9C5F1050504F18D
:10817000180002F0BBF9E664A561246184F8506040
:1081800064624A464146504600F086FF206007B1CF
:108190003C602046FFF798FE0120BDE8F08750467E
:1081A000FEF778FF4FF0FF30BDE8F0874FF0FF306B
:1081B000F3E700BF70B504464C4E00F0A9FF002C59
:1081C00039D0251D284602F0BFF9A36A1BB104F17E
:1081D000180002F0B9F929464548464D02F08AF9DF
:1081E00094F85030012B04BF002384F8503000F085
:1081F00099FF2B6893B93368A34200D070BD2B68F8
:10820000DBB93B493C4A09681268914226D03B4B96
:108210001B682BB33A4B01221A6070BD00F078FF47
:10822000384B1A68126892B9374B4FF0FF321A6018
:1082300000F078FFDFE73468C3E7344B4FF080523B
:108240005A6040BFBFF34F8FBFF36F8F70BD1A6886
:108250002D4BD268D26852681A60E9E7336070BD6E
:10826000274A13603268336812681B6B9A4236D90A
:10827000274C284922689300981880000858E0B9D4
:10828000551EAB0058198000085830BB951EAB0036
:1082900058198000085800BBD51EAB005819800043
:1082A0000858D0B9151FAB00581980000858A0B95C
:1082B000053A930098188000085813449B00CD1885
:1082C00008336868406868600B44984204BF40689F
:1082D0006860C3683360226070BD2A46EDE730688D
:1082E0003168343101F094FEC2E700BFB8B300201A
:1082F0008CB4002088B4002028B4002034B40020BE
:10830000B8B40020BCB300206CB4002000ED00E045
:108310003CB40020C4B3002080B170B51B4D2B6865
:1083200083420AD0044600F0F3FE194B62699A4278
:1083300005D0BDE8704000F0F5BE70BD7047A36A7F
:10834000144A9342F5D0002BF3D1261D304602F09B
:10835000FBF8114AE36A116810488B4288BF13602A
:1083600003EB830300EB8300314602F0C3F82B6874
:10837000E26ADB6A9A42DCD3094B4FF080525A60C2
:1083800040BFBFF34F8FBFF36F8FD2E7B8B300206A
:108390008CB4002074B400203CB40020C4B300208E
:1083A00000ED00E070B584B0002503AA02A901A881
:1083B000CDE9015501F030FE019C002C46D0029819
:1083C000002843D0039E20630223B600A521324635
:1083D00084F8513002F0FAFE236B1F4A6263201DBD
:1083E00084F83850043E84F83B50E562C4E91155E6
:1083F0001E4402F07BF804F1180002F077F826F032
:1084000007060523A3612A461449E5643046246122
:10841000646284F8505000F03FFE20602046FFF771
:1084200053FD0F4B1C6000F0DBFD012811D14023F0
:1084300083F311880B490C4A0C4B4FF0FF340C604E
:1084400010601D6000F03EFE04B070BD044B0022C1
:108450001A6004B070BD00BF49444C454D8703000D
:1084600068B400206CB4002088B40020B4B40020AC
:10847000024A136801331360704700BF34B4002010
:10848000014B1868704700BFB4B40020024A13685B
:1084900018441060704700BFB4B400202DE9F04FBD
:1084A0003B4B1B6883B0002B42D13A4B1F6801370E
:1084B0001F60002F4AD0384B01931B68BB423BD84A
:1084C000364EDFF8EC80DFF8ECA0DFF8EC9000250A
:1084D00025E03368DB68DC68636804F1040B9F42C5
:1084E000584651D302F030F8A36A04F118000BB1DA
:1084F00002F02AF8E36AD8F8002003EB83009342E5
:1085000059460AEB800088BFC8F8003001F0F2FF3E
:10851000D9F80030E26ADB6A9A4228BF0125336845
:108520001B68002BD5D1019A4FF0FF33136004E094
:108530001B4A13680133136000251A4B1B68002B7C
:108540000CBF2846012003B0BDE8F08F134E164B38
:108550003168164A18683060196013680133136077
:1085600033681B683BB90C4B01931A464FF0FF333D
:1085700013601346A1E73368074ADB680192DB68A2
:108580005B681360134698E7019A1360D5E700BF54
:1085900034B40020B4B400206CB40020BCB300207C
:1085A00030B40020B8B40020C0B3002070B4002064
:1085B0003CB40020C4B30020B8B300202DE9F0473C
:1085C00000F0A6FD354B1A68013A1A601C68002CB1
:1085D00057D1334B1B68002B53D0DFF8E0A0314E4E
:1085E000314FDFF8DC90DFF8DC80336813B3F368D9
:1085F000DC68251D04F1180001F0A6FF284601F0F3
:10860000A3FFE36A3A6803EB83009342294609EB30
:10861000800088BF3B6001F06DFFD8F80030E26A4F
:10862000DB6A9A424FF00103DFD3CAF800303368A7
:10863000002BDCD13CB11D4B1A6812683ABB1C4BB5
:108640004FF0FF321A601B4D2C6844B10126FFF732
:1086500025FF08B1CAF80060013CF8D12C60DAF8B7
:10866000003073B1144B4FF080525A6040BFBFF3DB
:108670004F8FBFF36F8F012400F054FD2046BDE8FB
:10868000F087002400F04EFD2046BDE8F0871A6810
:10869000074BD268D26852681A60D4E734B400201D
:1086A00028B4002074B400203CB40020BCB30020E7
:1086B0006CB4002030B4002000ED00E0B8B400201D
:1086C000C4B30020B8B3002070B548B9184B4FF0C0
:1086D00080525A6040BFBFF34F8FBFF36F8F70BDA2
:1086E000144A15491368154E013313600D6804468A
:1086F0003068043001F028FF336864195C600FD2E1
:108700000F4B18683168043101F004FF0D4B1A68F3
:10871000944238BF1C60FFF751FF0028D6D070BDCF
:10872000094B18683168043101F0F4FEF3E700BF2B
:1087300000ED00E034B40020B4B40020B8B3002051
:10874000BCB300206CB40020C0B300202DE9F84F6A
:108750003C4E3D4D3D4CDFF80891DFF80881DFF8D5
:1087600008B14FF0805A2368D3B100F0D1FCF36810
:10877000DF68381D01F0E8FE2B68013B2B602368A1
:10878000013B236000F0CEFC97F85130002B37D02E
:10879000012BE8D13846FEF77DFC2368002BE4D19D
:1087A0002B4B1B68012B06D9CBF804A040BFBFF3AD
:1087B0004F8FBFF36F8F00F041FED9F8003033BB0D
:1087C000D8F80030DB6A002BCDD1214B1B68012B80
:1087D000C9D8204B204A1B6812689B1A012BC2D9AA
:1087E0001E4A136801331360D9F80030BBB1D8F8C2
:1087F0000030DB6A0BB9164B1B68FFF7DFFEB2E7F0
:10880000386BFEF747FC3846FEF744FCABE7D8F878
:108810000030DB6A002BA6D10D4B1B68A3E7D8F80C
:108820000030DB6A002BE8D1094B1B68012BE4D830
:10883000084B1868084B1B68C01A0128DDD900F0E6
:10884000DDFCDAE7A0B4002028B400202CB400201E
:10885000C4B300206CB40020B4B4002034B40020B1
:108860003CB40020B8B3002000ED00E0274B1B68AB
:10887000002B40D1264A70B5264C1360226823682D
:1088800012681B6B9A423AD9234D24492A689300F7
:10889000981880000858E0B9561EB3009819800057
:1088A000085830BB961EB30098198000085800BBCA
:1088B000D61EB300981980000858D0B9161FB3000F
:1088C000981980000858A0B9053A930098188000BC
:1088D000085813449B00CE180833706840687060D5
:1088E0000B44984204BF40687060C36823602A60EC
:1088F00070BD3246EDE7064B01221A6070472068D2
:108900002168343101F084FBBEE700BF34B400209D
:10891000B8B40020B8B300203CB40020C4B3002099
:1089200070B5174D2B680C4603F1180101F0F2FDEC
:10893000144B1E682868043001F006FE631C17D033
:108940002B68A4195C600BD20F4B1868296804319E
:1089500001F0E0FD0D4B1A68944238BF1C6070BDF9
:108960000B4B18682968BDE87040043101F0D2BD96
:10897000296808480431BDE8704001F0BBBD00BF64
:10898000B8B30020B4B40020BCB300206CB4002005
:10899000C0B300208CB4002070B5194D2B680C4674
:1089A000164603F1180101F0A5FD164B5EB11B68D8
:1089B0002868043001F0C8FD296813480431BDE877
:1089C000704001F097BD1E682868043001F0BCFDBE
:1089D0002B68A4195C600BD20C4B18682968043111
:1089E00001F098FD0A4B1A68944238BF1C6070BDB4
:1089F000084B18682968BDE87040043101F08ABD51
:108A0000B8B30020B4B400208CB40020BCB3002064
:108A10006CB40020C0B3002038B5C368DC6804F132
:108A20001805284601F090FD1A4B1B682BBB251D2D
:108A3000284601F089FD184AE36A116817488B42FD
:108A400088BF136003EB8303294600EB830001F02A
:108A500051FD134BE26A1B68DB6A9A4282BF114BDD
:108A600001201860104B1A68126898BF00204AB99C
:108A70000E4B4FF0FF321A6038BD29460C4801F00A
:108A800039FDE6E71A68094BD268D26852681A6065
:108A900038BD00BF34B400203CB40020C4B3002073
:108AA000B8B30020B8B40020BCB300206CB40020E0
:108AB00074B40020034A044B12681B68C0E9002309
:108AC000704700BF70B40020B4B40020F8B50D4664
:108AD000044600F01DFB2B681649581C0A6813D089
:108AE000DFF854C0D4E90060DCF80070BE4201D069
:108AF00090421AD9121A93420BD800232B600125F9
:108B000000F010FB2846F8BD002500F00BFB2846BE
:108B1000F8BDDCF800009B1A0A682B60C4E900026B
:108B2000002500F0FFFA2846F8BD012500F0FAFA0A
:108B30002846F8BDB4B4002070B40020014B0122D7
:108B40001A607047B8B40020084B186860B9084B29
:108B50001B6853B9074A084B10681B68013B9842D1
:108B600014BF0120022070470020704774B4002019
:108B7000B8B400208CB4002028B40020054B1B683A
:108B800033B1054B1B68002B0CBF0220002070473F
:108B90000120704788B4002034B4002018B3F8B521
:108BA0001C4CC36A2268D26A934214D28269002A9A
:108BB00004DB2268D26AC2F105028261164D426965
:108BC00003EB830305EB83039A420DD02368DB6A32
:108BD000C3620120F8BD2368406CDB6A98422CBF59
:108BE00000200120F8BD7047061D0746304601F001
:108BF000ABFC2268094BD06A1A68F862904200D92F
:108C0000186000EB800005EB8000314601F072FC3B
:108C10000120F8BDB8B30020C4B300203CB400204C
:108C200050B138B5C16A836C426C013B9142836498
:108C300000D01BB1002038BD00207047051D044640
:108C4000284601F081FC0A4A636C1168E362C3F1B3
:108C500005008B42A061074888BF136003EB8303C4
:108C600000EB8300294601F045FC012038BD00BF20
:108C70003CB40020C4B3002048B1426CC36A9142A6
:108C800038BF11468B4202D0826C012A00D0704757
:108C9000826970B5114DC162002A03EB83034269FA
:108CA000A8BFC1F1050105EB8303A8BF81619A420A
:108CB00000D070BD061D0446304601F045FC084B4F
:108CC000E06A1A68904288BF186000EB800005EBEC
:108CD00080003146BDE8704001F00CBCC4B30020F8
:108CE0003CB40020044B1A681AB119688A6C01322E
:108CF0008A641868704700BFB8B300202DE9F04FB0
:108D0000AD4EDFF8C482AD4D89B033681C68002CCD
:108D100000F08E80DB681C68FFF7AAFBFFF7B0FB52
:108D2000D8F80030984207465DD38442C8F8000066
:108D300040F20B810022E11B2868FFF75FF8FFF784
:108D40003DFC88B99E4A4FF08053536040BFBFF34B
:108D50004F8FBFF36F8F07E0019B03992046984721
:108D6000009B002B80F23881286800226946FEF7BC
:108D7000C7FC0028C9D0009B029C002BECDB636978
:108D800013B1201D01F0E0FBFFF77AFBD8F80030AB
:108D90009842814643D3009BC8F80090092BE3D842
:108DA000012202FA03F313F4047F69D113F0C70F11
:108DB00040F0A1809B06D7D594F82C30002BD3D15E
:108DC0002046FEF767F9CFE7DB68DC68D3F800A040
:108DD00004F10409484601F0B7FB636A204698474E
:108DE000E369012B36D033681A68002AECD1754943
:108DF000C8F800700A6832600B60FFF7DFFBB3E76A
:108E0000DB68DF68D3F800B007F1040A504601F0D0
:108E10009BFB7B6A38469847FB69012B25D033685A
:108E20001A68002AECD167490A6832600B60B2E721
:108E3000FFF71EFBFFF724FBD8F8003083420746FC
:108E4000D1D8604BC8F800701B681A68B2FA82F279
:108E5000520970E7A36953449A45494622D2636098
:108E60002461306801F056FBBDE7BB695B449B455C
:108E7000514627D27B603F61306801F04BFBCEE763
:108E8000019B246103EB09024A45A36162602CD86F
:108E9000002B3FF469AF4B4B211D186801F03AFBE2
:108EA000286862E72B68002B9DD00023CDE9043AA7
:108EB0000694FFF763FE00231A4604A92868FEF70C
:108EC00069F990E72B68002BA9D00023CDE9043B7A
:108ED0000697FFF753FE00231A4604A92868FEF7F9
:108EE00059F99CE74B4500D998B13068211D01F034
:108EF00011FB286839E7019BA269246199182CBFEE
:108F00000120002049456160ECD8A9EB03039A4297
:108F1000C1D8636A20469847E369012B7FF424AFE8
:108F2000019BA2692868134400283FF41EAF002269
:108F3000CDE904230694FFF721FE00231A4604A975
:108F40002868FEF727F928680FE7FFF737FB336833
:108F5000DB68D3F80C9009F1040A504601F0F4FAEA
:108F6000D9F81C30012B04D0D9F824304846984752
:108F7000FAE6D9F81830C9F81090E218BA42C9F8E0
:108F8000042004D95146306801F0C4FAECE73F1BD5
:108F9000BB421BD82B68002BE6D00023CDE904345C
:108FA000CDF81890FFF7EAFD00231A4604A92868B7
:108FB000FEF7F0F8D8E700BFBCB4002040B70020AF
:108FC00000ED00E0C0B40020ECB60020034B514699
:108FD000186801F09FFAC7E7029CD0E6C0B40020F1
:108FE000F0B5204C89B000F093F82568FDB100F091
:108FF00099F82068C8B1002407AA06A905A8CDE9F8
:10900000054401F017F8DDE905300221CDE9001033
:10901000079A0293144915482346FEF7E7FF144ABE
:109020000346001B18BF0120136009B0F0BD114FAB
:10903000114E384601F04EFA304601F04BFA0F4A15
:109040000F4900950F4B17600E600F4A102120202A
:10905000FEF72EF820600028C9D00C49FEF7BCFEB0
:10906000C5E700BF40B7002058F50300FD8C0300A2
:1090700044B70020C4B60020D8B60020BCB40020FD
:10908000C0B40020F0B60020C4B4002050F50300A6
:10909000402383F31188FEE730B46FF002034FF0F2
:1090A0008075074C40F8045C40F80C4C40F8081CF4
:1090B00040F8202C40F8243C30BC4438704700BFB6
:1090C000919003000F4C08B5E02384F8223000F0A3
:1090D00077F80D4B0D4A00211960D4F8883043F41D
:1090E0007003C4F88830536843F0404353602369E9
:1090F00043F01003236100F04FF9402383F31188FC
:10910000FEE700BF00ED00E048B7002030EF00E0D0
:10911000402383F31188024A1368013313607047B8
:1091200048B70020034A1368013B13600BB983F36F
:109130001188704748B7002041DF704712DF704741
:1091400070B51B4B00251D6082B01B680193019B0D
:10915000EFF31186402383F31188164A164BD2F899
:1091600004451D601B680093009BFFF789F9241AD2
:1091700024F07F44012C0DD844B1FFF78FF9054648
:1091800025B10E4B4FF080525A6040BF86F31188D4
:1091900002B070BDFFF7F2FC0228EED1013CFFF7F0
:1091A0007DF9013C631C45EA0005F8D1E8E700BF02
:1091B00040110140001001400011014000ED00E0AD
:1091C0000B4B0C4930B41F200B4DC3F8080501228E
:1091D0000224E020C3F804232A601A60C3F8444341
:1091E00081F811034FF400330B6030BC704700BFAF
:1091F0000010014000E100E0081001402DE9F041BD
:10920000804684B0EFF3108272B6584CA36883B9DD
:10921000574B58480121A160D3F8801001402160CC
:10922000C3F88000D3F8841061604FF0FF31C3F8B9
:10923000841002B962B6504ED6F80475FFF784FC6C
:1092400000283DD04D4A4E49424528BF4246BB18F2
:1092500023F07F4301200025C6F80803C6F84035F7
:109260000D600B6801934FF480330199C6F8043305
:10927000BFF34F8FB8F1000F54D13F4B404D4149E0
:109280004FF48030C3F80803002028602D68039550
:10929000039D08600968029101210298C3F8041334
:1092A000D3F804353249DB1B23F07F45954228BFB4
:1092B00015464FF40033012DC1F8803111D827D065
:1092C000A3685BB1EFF3108372B6294A216811607D
:1092D000616851600022A26003B962B604B0BDE8C3
:1092E000F081681EFFF7D2F8274BDB68DA010FD553
:1092F000264A1368DB070BD5254B516803FB05F5A0
:10930000A5F57425A5F51075AD0A01EB8515556019
:10931000FFF7C4F80028D3D01E4B4FF080525A609C
:1093200040BFCDE7F1EE103A23F09F03E1EE103A93
:10933000F1EE103A0E4B04A84FF480614026C3F8BA
:109340008461C3F8841100F8045DFFF7F7FE9DF80F
:109350000C1039B920BFD3F80001D3F80411014330
:10936000F8D08AE7FFF7E8FE87E700BF10BE0020CD
:1093700000E100E0FC06FFBD00100140FDFFFF0022
:109380004011014000110140F0ED00E0001000E04C
:1093900040420F0000ED00E00748006880F30888B5
:1093A00062B661B6BFF34F8FBFF36F8F4FF0E0002F
:1093B00080F3118800DF00BF00600200064B1968CF
:1093C0000868B0E8F04F80F30988BFF36F8F4FF063
:1093D000000080F311887047B8B30020EFF30980D4
:1093E000BFF36F8F144B1A681EF0100F08BF20EDEB
:1093F000108A20E9F04F10604DF8043D4FF0400016
:1094000080F31188BFF34F8FBFF36F8FFFF72EFAF2
:109410004FF0000080F3118808BC19680868B0E8B4
:10942000F04F1EF0100F08BFB0EC108A80F30988CF
:10943000BFF36F8F704700BFB8B30020704700BF05
:10944000002942D0931E222B3FD8F0B50A2A8BB0B8
:1094500035D04FF0000E01AF3B4688B1B0FBF2F6BD
:1094600002FB16055FFA85FC092D0CF1570498BF25
:109470000CF13004E4B2304603F8014B0028EDD182
:10948000302201E003F8012BBB42FBD0BEF1000FFC
:1094900011D10D46BB4209D9681E1A4612F8014D7A
:1094A00000F8014FBA42F9D19B1A1D440023084627
:1094B0002B700BB0F0BD2D220A704D1CEAE700287E
:1094C000C7DA40424FF0010EC5E70020704700BFE9
:1094D00079B3931E222B2CD8F0B48AB001AF3C464E
:1094E00070B1B0FBF2F602FB1605EBB2092D94BF8A
:1094F00030335733DBB2304604F8013B0028F0D15B
:10950000302301E004F8013BBC42FBD00FD94A1ED6
:10951000234613F8010D02F8010FBB42F9D1E41AFA
:109520000C440023084623700AB0F0BC70470C4678
:10953000F7E70020704700BF79B3931E222B2CD889
:10954000F0B48AB001AF3C4670B1B0FBF2F602FB5A
:109550001605EBB2092D94BF30335733DBB23046DA
:1095600004F8013B0028F0D1302301E004F8013B6E
:10957000BC42FBD00FD94A1E234613F8010D02F856
:10958000010FBB42F9D1E41A0C44002308462370B2
:109590000AB0F0BC70470C46F7E70020704700BFE8
:1095A0000A490B4A0B4B9B1A03DD043BC858D050A9
:1095B000FBDC094809494FF0AD3202600430043940
:1095C000FBD100F037FCECF743FE000080F803000D
:1095D000006000203863002000F80320000800002D
:1095E000FEE7FEE7FEE7FEE7FEE7FEE7FEE7FEE753
:1095F000FEE7FEE708B50020ECF764FEF8F7D4FBC1
:109600000E4B43B10E4B7BB1F9F7B8F900F0F0FC0B
:10961000FCF7F0FFF8E7F9F7B1F900F0E9FCF9F72A
:10962000ADF900F0E5FCF6E7F9F7A8F900F0E0FC89
:10963000F9F7A4F900F0DCFCF6E700BF0000000039
:10964000F565030000B583B000F03EFEFCF7D2FAEA
:109650000E4B019301234FF480620D4900930D4896
:109660000023FEF72DFD4FF4407000F0E1FDFEF702
:1096700099FEBFF34F8F0849084BCA6802F4E062B5
:109680001343CB60BFF34F8F00BFFDE74CB7002003
:1096900060F50300F595030000ED00E00400FA0515
:1096A00038B507480C461546ECF796FF00B938BDAB
:1096B0002A4621460248BDE83840ECF765BE00BFA7
:1096C00054630020114B1A78EAB90178104810B49D
:1096D0000A464FF0804402F00102C1F34001C4F891
:1096E0008015C4F878250268D20706D4E02101224B
:1096F00080F80013C0F880210260012205481A702A
:109700005DF8044B70470448704700BF0CBE002052
:1097100000E100E00000AD0B0C00AD0B0268074B50
:109720004FF0804010B400214FF46074C0F808433B
:10973000196002B11A605DF8044B704758B70020F9
:109740004FF080434FF46072C3F80423704700BFAA
:1097500010B54FF0804386B0D3F80443620705D5B7
:10976000D3F8082103F58473002A4ED1A30603D54C
:109770002A4B1A68002A3FD1600603D5284B1A6885
:10978000002A2FD1210602D5264B1A680ABBE20512
:1097900002D5254B1A6892B9A3050ED5234B1A683A
:1097A0005AB100221A601A68214B0592059A1B686B
:1097B000022006B0BDE81040184706B010BD0022D8
:1097C0001A601B4A1B68049301201368049A984787
:1097D000E2E700201860164A1B6803931368039A97
:1097E0009847D4E700221A60124A1B6802930120AE
:1097F0001368029A9847C5E7002018600D4A1B6855
:1098000001931368019A9847B6E700221A600A4A42
:109810001B6800931368009A9847A7E7140100405B
:10982000180100401C0100402001004024010040BC
:1098300058B7002054B7002050B700202DE9F04F52
:1098400004799D4DE6003719BF0005EB070E83B084
:109850009EF81CC0BCF1000F40F0E58091F80CC0F0
:109860000068EA51CEF80430BCF1010F0B7840F2E9
:10987000DE801F2B87BF03F01F08DFF840E2984609
:109880004FF0A04E012707FA08F7CEF808751F2BF6
:109890008BBF03F01F071F46DFF820E24FF0A04EFA
:1098A00007F5E0774FF001084EF827804F78FF2F3B
:1098B00000F0E9801F2F8ABF07F01F09B946DFF8C3
:1098C000FC81009798BF4FF0A04809F5E07A4FF06F
:1098D000010E0EFA09FE4FF00309C8F80CE548F82E
:1098E0002A9091F802E0BEF1FF0F00F0D580BEF1A2
:1098F0001F0F91F80EA088BFDFF8C0B1CDF804E0CB
:109900008EBF0EF01F08F0464FF0A04B08F5E07830
:109910004FEA8A0A4BF828A006EB040805EB8808F2
:1099200088F820E091F803E088F81FE0BEF1FF0F0F
:109930002AD091F80490F046B9F1000F40F08680EB
:10994000BEF11F0F87BF0EF01F0B5C4FF3464FF0A9
:10995000A0474FF0010A0AFA0BFAC7F808A5BEF1B2
:109960001F0F86BF0EF01F08DFF850A14FF0A04A6E
:1099700008F5E07806EB040E4FF0030B05EB8E0EB6
:109980004AF828B08EF81E9091F80DE0C0F808351E
:10999000009BD1F80880C0F80C351EF1000318BFF9
:1099A0000123019FC0F81075BCF1020FC0F8248597
:1099B0007FD0BCF1030F79D0BCF1010F56D0C0F8B5
:1099C00054358B79C0F8C035002A58D0402207237F
:1099D000C0F80423C0F800354A79000B43B25201A5
:1099E000002BD1B2C0B25BDB5A09920002F1604297
:1099F00003F16043012702F5614203F5614300F082
:109A00001F0007FA00F083F80013C2F8800110600D
:109A1000344405EB84052A48002201236A772B771A
:109A200003B0BDE8F08F274803B0BDE8F08F1F2BCF
:109A300087BF03F01F08DFF884E098464FF0A04E80
:109A4000012707FA08F7CEF80C7520E7BEF11F0FC3
:109A500087BF0EF01F0B194FF3464FF0A0474FF092
:109A6000010A0AFA0BFAC7F80CA578E743F00203DB
:109A7000C0F854358B79C0F8C035002AA6D1072329
:109A8000C0F80035C4E791F802E04FF0FF37BEF1AF
:109A9000FF0F00977FF42BAF4FF0FF3701973BE7A5
:109AA000094B00F00F0003441976B1E743F00603B9
:109AB00085E743F0040382E75CB700200003005011
:109AC0000000AD0B0500AD0BFCEC00E0F0B4047938
:109AD000294A0368E1000D19AD005659EEB11F0B7C
:109AE0007EB2002E11DB760920360123DFF89CC000
:109AF00007F01F0703FA07F74CF82670BFF34F8FE4
:109B0000BFF36F8F555903683DB1081902EB800010
:109B10001A4DC3F80853407F10BB081902EB8000B0
:109B200090F82000FF280BD01F288ABF00F01F00EC
:109B30004FF0A045124D00F5E070022645F8206078
:109B4000104800258342C3F8005502D10E4B012076
:109B50001860214402EB810200231377F0BC7047A8
:109B600001205861D3F804010028FBD0081902EB4A
:109B7000800000254577D0E75CB70020520108003F
:109B80000003005000F0024004F0024000E100E059
:109B90002DE9F04F0479644F4FEAC40C0CEB040339
:109BA0009B008646F8180E46417F83B0002940F09E
:109BB000918057F803909046B9F1000F04D012F04D
:109BC000140F04BF012343770CEB040507EB850555
:109BD00096E80F0095F81FA005F10C0BBAF1FF0FE6
:109BE0008BE80F0010D0AA7F5346002A76D0BAF136
:109BF0001F0F86BF0AF01F034C494FF0A0410122FE
:109C000002FA03F3C1F8083532686AB102F0604322
:109C1000B3F1005F08D0644407EB84070023444895
:109C20007B7703B0BDE8F08FB16821B101F06043EC
:109C3000B3F1005FEFD1DEF800307568F068C3F86B
:109C400044250022C3F84855C3F83415C3F8380535
:109C5000C3F81821D3F818210192019A18F00102D3
:109C600018BF0122C3F8502518F0020218BF0122C4
:109C700018F0080FC3F8402504BF01221A61B9F19A
:109C8000000F0BD02B48402218F0040F14BFC3F86C
:109C90000823C3F8042303B0BDE8F08FD3F81821DC
:109CA000002AFBD0BAF1FF0F2CD0644407EB8407E5
:109CB000BB7F4BB3BAF11F0F84BF0AF01F0A1B4AC8
:109CC0001C4898BF4FF0A042012303FA0AF3C2F8E0
:109CD0000C35A6E7184803B0BDE8F08FBAF11F0FA6
:109CE0004FF0010288BF0AF01F0302FA03F388BF96
:109CF0000E49326898BF4FF0A041C1F80C35002AD8
:109D000084D191E70B488CE7BAF11F0F84BF0AF0AA
:109D10001F0A064A074898BF4FF0A042012303FAE2
:109D20000AF3C2F808357CE75CB700200003005056
:109D30000A00AD0B0000AD0B0B00AD0B194BD3F8B7
:109D4000182102B970470021174AC3F81811D3F837
:109D50001811D37F82B0FF2B019101990DD0917F13
:109D600099B11F2B86BF03F01F0310484FF0A0408E
:109D7000012101FA03F3C0F80C3500235377137265
:109D8000D2E900310A4802B018471F2B86BF03F002
:109D90001F0306484FF0A040012101FA03F3C0F869
:109DA0000835EAE7003002405CB7002000030050AD
:109DB00064B700201B4BD3F8182102B9704700216B
:109DC000194AC3F81811D3F8181192F8433082B029
:109DD000FF2B019101990ED092F84210A9B11F2BCF
:109DE00086BF03F01F0311484FF0A040012101FA84
:109DF00003F3C0F80C35002382F8413082F82C3090
:109E0000D2E909310A4802B018471F2B86BF03F078
:109E10001F0306484FF0A040012101FA03F3C0F8E8
:109E20000835E8E700F002405CB70020000300506E
:109E300088B70020604B1B6830B45C1C37D05F4A89
:109E4000082B126800F08F805B4B5C4A1B6812681D
:109E5000082B15D0591C23D0584A1268082B12D051
:109E6000574AD2F8883043F47003C2F88830BFF301
:109E70004F8FBFF36F8F534B534A1A6030BC7047FC
:109E8000002A00F08280032AEAD84FF08043D3F8FA
:109E90000024D20744BF6FF00102C3F80024DFE7BB
:109EA0004A4A4B4B12681B78C2F30312D6E7484A62
:109EB000464B12781B68082AC3F3031301D1032B06
:109EC00053D9424A424B12681B78C2F30312082B43
:109ED000BAD1032AB8D84FF080523E4BD2F80414BE
:109EE000C3F82015D2F80814C3F82415D2F80C14BE
:109EF000C3F82815D2F81014C3F82C15D2F814148E
:109F0000C3F83015D2F81814C3F83415D2F81C145D
:109F1000C3F84015D2F82014C3F84415D2F824141D
:109F2000C3F84815D2F82814C3F84C15D2F82C14ED
:109F3000C3F85015D2F83014C3F85415D2F83414BD
:109F4000C3F86015D2F83814C3F86415D2F83C147D
:109F5000C3F86815D2F84014C3F86C15D2F844243D
:109F6000C3F8702570E7032A0CD8134B1B684FF019
:109F700080420021581CC2F80C11C2F81011C2F81E
:109F800038159ED00D4A1268A1E7134C1349144DA1
:109F900025601448144AFB24C1F81845016812686A
:109FA000124C21F00F0102F00F020A434FF400712E
:109FB0000260216050E700BF300100103401001042
:109FC00000ED00E0446100200090D003E80F00F0B5
:109FD000E00F00F000C000408C56004000F0004050
:109FE00048810300E40E00405802001040960240F1
:109FF00008B5ECF76DF9054B4FF080525A6040BF41
:10A00000BFF34F8FBFF36F8F08BD00BF00ED00E0BF
:10A01000704700BF704700BF044B036010B4642357
:10A02000034C0C6013605DF8044B7047A4B700202C
:10A03000F8B70020054B036010B44FF48073044C54
:10A040000C6013605DF8044B704700BF88B90020B6
:10A05000DCB9002070B51F4C84B04FF0FF3203A96B
:10A060002068FDF74DFB0028F7D00398037A456878
:10A07000052B0DD8DFE803F0272A221C1503D0E9B1
:10A080000361D0E90523C06900903046A8470398D2
:10A0900003681BB11846FCF7B9FF0398FCF7B6FF3D
:10A0A000DBE7D0E90523D0E90301A8470398EFE7F0
:10A0B000D0E90412C068A8470398E9E7D0E9030192
:10A0C000A8470398E4E7A8470398E1E7C068A847D2
:10A0D0000398DDE7E0BD00202DE9F0432D4B2E4C29
:10A0E0005B6885B0C3F30803019001AF2068002BC3
:10A0F00044D0002339461A46FDF75CFA01283AD0CD
:10A10000DFF89880D8F80000002240000421FCF716
:10A11000FFFF064678B3DFF88890D9F80000FEF715
:10A1200049F8FEF7F5FF02E03046FDF733F800226C
:10A1300003A92068FDF7E4FA00230546642203A979
:10A140000028F1D12068FDF723FE2660FEF7EAFF24
:10A15000D9F80000FEF7E0F8D8F800300D4A206882
:10A160005B00C8F800305368C3F30803394653B99D
:10A170006422FDF70FF805B0BDE8F083394664228C
:10A18000FDF708F8BAE72B462A46FDF713FA05B0A3
:10A19000BDE8F08300ED00E0E0BD0020DCBD002064
:10A1A000E4BD00202DE9F8439DF8205006460F46F7
:10A1B00091469846CDB1A8000C30FCF70DFF04463F
:10A1C00088B10023C0F804900572036006B177B926
:10A1D0002DB1AA00414604F10C0000F0D3FF204647
:10A1E000FFF77AFF0120BDE8F8831020E5E7384645
:10A1F000FCF7F2FE81462060A0B13A46314600F0FD
:10A20000C1FF002DEBD0691EC9B208EB8101A8F196
:10A21000040353F8042FB24208BFC3F800909942D8
:10A22000F7D1D6E72046FCF7F1FE4846DBE700BF52
:10A2300030B540230B4D83B004460022184604215C
:10A240002B60FCF765FF084B084918600223CDE935
:10A250000031A2B2002306490648FDF731FF03B0E2
:10A2600030BD00BFDCBD0020E0BD0020E4BD00200B
:10A2700068F5030055A0030011DF704708B50446D8
:10A28000FFF7FAFF0D4B4FF080414FF0FF32C3F85C
:10A290008020C3F88021C3F88420C3F88421C1F84A
:10A2A0001C45BFF34F8F0649064BCA6802F4E062B3
:10A2B0001343CB60BFF34F8F00BFFDE700E100E029
:10A2C00000ED00E00400FA054FF08043194AD3F88E
:10A2D0000014194830B41160D3F80054D3F80024A6
:10A2E000164C17492A43C3F80024D4F840250260CD
:10A2F000002401224FF40030C3F818459A60C1F8D9
:10A300008000BFF34F8FBFF36F8F0E4C03F5883380
:10A310004FF0A0454FF480304FF0FF31C3F84803B1
:10A32000C3F808035A609A60C5F80815C4F8081500
:10A3300030BC7047E8BD0020ECBD002000A000400C
:10A3400000E100E00003005008B54E20FFF796FF43
:10A3500016281BD83C4B53F820301F2B86BF03F028
:10A360001F033A4A4FF0A0420E290FD8DFE801F050
:10A37000655F59534D474039322B241D160F080095
:10A3800003F5E07340F2037142F82310704703F5C0
:10A39000E07340F2036142F82310704703F5E07365
:10A3A00040F2035142F82310704703F5E07340F286
:10A3B000034142F82310704703F5E07340F2033184
:10A3C00042F82310704703F5E07340F2032142F88E
:10A3D0002310704703F5E07340F2031142F8231095
:10A3E000704703F5E0734FF4403142F82310704793
:10A3F00003F5E0734FF4003142F82310704703F582
:10A40000E073134942F82310704703F5E0731149D4
:10A4100042F82310704703F5E073042142F823103B
:10A42000704703F5E0730C2142F82310704703F5E1
:10A43000E073032142F82310704703F5E073002115
:10A4400042F82310704700BFBCF403000003005023
:10A45000040002000C000300162811D80A4B53F820
:10A4600020301F2B88BF03F01F034FF001028CBF69
:10A4700006484FF0A04002FA03F311B1C0F80835C6
:10A480007047C0F80C357047BCF40300000300505F
:10A49000162818D80D4B53F820201F2A8ABF0C49C4
:10A4A0004FF0A04102F01F02D1F8140501239340A0
:10A4B000034214BFD1F80425D1F81025134214BF6C
:10A4C0000120002070470020704700BFBCF403004B
:10A4D0000003005000F108034FF0FF3100228160BB
:10A4E00002604360C0E90333704700BF002303618B
:10A4F000704700BF4368026810B49C688C609C6819
:10A500004B600132616099605DF8044B0861026044
:10A51000704700BF30B40D686B1C11D000F1080209
:10A5200000E01A4653681C68AC42FAD904684B60D4
:10A53000013499608A6051600861046030BC7047E2
:10A5400002695368F2E700BF42688168036910B48A
:10A55000916081685C684A601A68844208BF5960EB
:10A56000013A002101611A6018685DF8044B7047D8
:10A570000B460146184600F071BD000081F0004115
:10A5800002E000BF83F0004330B54FEA41044FEAD8
:10A59000430594EA050F08BF90EA020F1FBF54EA73
:10A5A000000C55EA020C7FEA645C7FEA655C00F00F
:10A5B000E2804FEA5454D4EB5555B8BF6D420CDDE0
:10A5C0002C4480EA020281EA030382EA000083EA63
:10A5D000010180EA020281EA0303362D88BF30BD03
:10A5E00011F0004F4FEA01314FF4801C4CEA113159
:10A5F00002D0404261EB410113F0004F4FEA0333B8
:10A600004CEA133302D0524263EB430394EA050F42
:10A6100000F0A780A4F10104D5F1200E0DDB02FAB1
:10A620000EFC22FA05F2801841F1000103FA0EF245
:10A63000801843FA05F359410EE0A5F120050EF10B
:10A64000200E012A03FA0EFC28BF4CF0020C43FA3C
:10A6500005F3C01851EBE37101F0004507D54FF049
:10A66000000EDCF1000C7EEB00006EEB0101B1F599
:10A67000801F1BD3B1F5001F0CD349085FEA3000DF
:10A680004FEA3C0C04F101044FEA445212F5800FEA
:10A6900080F09A80BCF1004F08BF5FEA500C50F187
:10A6A000000041EB045141EA050130BD5FEA4C0C6A
:10A6B000404141EB010111F4801FA4F10104E9D1F3
:10A6C00091F0000F04BF01460020B1FA81F308BFEA
:10A6D0002033A3F10B03B3F120020CDA0C3208DDB6
:10A6E00002F1140CC2F10C0201FA0CF021FA02F191
:10A6F0000CE002F11402D8BFC2F1200C01FA02F101
:10A7000020FA0CFCDCBF41EA0C019040E41AA2BF25
:10A7100001EB0451294330BD6FEA04041F3C1CDAED
:10A720000C340EDC04F11404C4F1200220FA04F00D
:10A7300001FA02F340EA030021FA04F345EA0301B7
:10A7400030BDC4F10C04C4F1200220FA02F001FA79
:10A7500004F340EA0300294630BD21FA04F02946FB
:10A7600030BD94F0000F83F4801306BF81F4801194
:10A770000134013D4EE77FEA645C18BF7FEA655C07
:10A7800029D094EA050F08BF90EA020F05D054EAD9
:10A79000000C04BF1946104630BD91EA030F1EBFDE
:10A7A0000021002030BD5FEA545C05D140004941E2
:10A7B00028BF41F0004130BD14F580043CBF01F5D5
:10A7C000801130BD01F0004545F0FE4141F47001BB
:10A7D0004FF0000030BD7FEA645C1ABF1946104696
:10A7E0007FEA655C1CBF0B46024650EA013406BF97
:10A7F00052EA033591EA030F41F4002130BD00BF56
:10A8000090F0000F04BF0021704730B54FF4806412
:10A8100004F132044FF000054FF0000150E700BF93
:10A8200090F0000F04BF0021704730B54FF48064F2
:10A8300004F1320410F0004548BF40424FF00001DF
:10A840003EE700BF42004FEAE2014FEA31014FEA22
:10A8500002701FBF12F07F4393F07F4F81F0605171
:10A86000704732F07F4208BF704793F07F4F04BFBC
:10A8700041F40021704730B54FF4607401F0004599
:10A8800021F000411CE700BF50EA010208BF7047F9
:10A8900030B54FF000050AE050EA010208BF7047EA
:10A8A00030B511F0004502D5404261EB41014FF453
:10A8B000806404F132045FEA915C3FF4D8AE4FF05B
:10A8C00003025FEADC0C18BF03325FEADC0C18BF3E
:10A8D000033202EBDC02C2F1200300FA03FC20FA8F
:10A8E00002F001FA03FE40EA0E0021FA02F11444DC
:10A8F000BDE600BF70B54FF0FF0C4CF4E06C1CEAF5
:10A9000011541DBF1CEA135594EA0C0F95EA0C0F65
:10A9100000F0DEF82C4481EA030621EA4C5123EAD8
:10A920004C5350EA013518BF52EA033541F4801107
:10A9300043F4801338D0A0FB02CE4FF00005E1FBBA
:10A9400002E506F00042E0FB03E54FF00006E1FB04
:10A9500003569CF0000F18BF4EF0010EA4F1FF0447
:10A96000B6F5007F64F5407404D25FEA4E0E6D4187
:10A9700046EB060642EAC62141EA55514FEAC52098
:10A9800040EA5E504FEACE2EB4F1FD0C88BFBCF514
:10A99000E06F1ED8BEF1004F08BF5FEA500E50F1C5
:10A9A000000041EB045170BD06F0004646EA01018B
:10A9B00040EA020081EA0301B4EB5C04C2BFD4EBBD
:10A9C0000C0541EA045170BD41F480114FF0000EB6
:10A9D000013C00F3AB8014F1360FDEBF002001F024
:10A9E000004170BDC4F10004203C35DA0C341BDC9E
:10A9F00004F11404C4F1200500FA05F320FA04F070
:10AA000001FA05F240EA020001F0004221F00041A3
:10AA100010EBD37021FA04F642EB06015EEA430E16
:10AA200008BF20EAD37070BDC4F10C04C4F1200546
:10AA300000FA04F320FA05F001FA04F240EA0200F9
:10AA400001F0004110EBD37041F100015EEA430ECA
:10AA500008BF20EAD37070BDC4F1200500FA05F2EA
:10AA60004EEA020E20FA04F301FA05F243EA020369
:10AA700021FA04F001F0004121FA04F220EA020078
:10AA800000EBD3705EEA430E08BF20EAD37070BDBE
:10AA900094F0000F0FD101F00046400041EB01019E
:10AAA00011F4801F08BF013CF7D041EA060195F080
:10AAB000000F18BF704703F00046520043EB03033A
:10AAC00013F4801F08BF013DF7D043EA0603704727
:10AAD00094EA0C0F0CEA135518BF95EA0C0F0CD032
:10AAE00050EA410618BF52EA4306D1D181EA030178
:10AAF00001F000414FF0000070BD50EA410606BF72
:10AB00001046194652EA430619D094EA0C0F02D1B6
:10AB100050EA013613D195EA0C0F05D152EA0336FB
:10AB20001CBF104619460AD181EA030101F0004119
:10AB300041F0FE4141F470014FF0000070BD41F062
:10AB4000FE4141F4780170BD70B54FF0FF0C4CF43C
:10AB5000E06C1CEA11541DBF1CEA135594EA0C0F5B
:10AB600095EA0C0F00F0A7F8A4EB050481EA030EA8
:10AB700052EA03354FEA013100F088804FEA03338F
:10AB80004FF0805545EA131343EA12634FEA02225D
:10AB900045EA111545EA10654FEA00260EF000411E
:10ABA0009D4208BF964244F1FD0404F5407402D270
:10ABB0005B084FEA3202B61A65EB03055B084FEA01
:10ABC00032024FF480104FF4002CB6EB020E75EBFE
:10ABD000030E22BFB61A754640EA0C005B084FEA26
:10ABE0003202B6EB020E75EB030E22BFB61A7546A3
:10ABF00040EA5C005B084FEA3202B6EB020E75EBEE
:10AC0000030E22BFB61A754640EA9C005B084FEA65
:10AC10003202B6EB020E75EB030E22BFB61A754672
:10AC200040EADC0055EA060E18D04FEA051545EA61
:10AC300016754FEA06164FEAC30343EA52734FEA0A
:10AC4000C2025FEA1C1CC0D111F4801F0BD141EA83
:10AC500000014FF000004FF0004CB6E711F4801FE8
:10AC600004BF01430020B4F1FD0C88BFBCF5E06FC8
:10AC70003FF6AFAEB5EB030C04BFB6EB020C5FEAD8
:10AC8000500C50F1000041EB045170BD0EF0004E2D
:10AC90004EEA113114EB5C04C2BFD4EB0C0541EA5F
:10ACA000045170BD41F480114FF0000E013C90E65C
:10ACB00045EA060E8DE60CEA135594EA0C0F08BF20
:10ACC00095EA0C0F3FF43BAF94EA0C0F0AD150EA1F
:10ACD00001347FF434AF95EA0C0F7FF425AF1046B2
:10ACE00019462CE795EA0C0F06D152EA03353FF4DA
:10ACF000FDAE1046194622E750EA410618BF52EA57
:10AD000043067FF4C5AE50EA41047FF40DAF52EA2A
:10AD100043057FF4EBAE12E753B94AB9002908BFE7
:10AD200000281CBF4FF0FF314FF0FF3000F072B928
:10AD3000ADF1080C6DE904CE00F006F8DDF804E092
:10AD4000DDE9022304B070472DE9F047089E044670
:10AD50008846002B4BD18A42154667D9B2FA82F257
:10AD60004AB1C2F1200701FA02F320FA07F7954031
:10AD700047EA030894404FEA154E230CB8FBFEF750
:10AD80001FFA85FC0EFB178843EA084307FB0CF10A
:10AD9000994209D9EB1807F1FF3080F01B819942E5
:10ADA00040F21881023F2B445B1AA4B2B3FBFEF0C1
:10ADB0000EFB103344EA034400FB0CFCA44509D904
:10ADC0002C1900F1FF3380F00781A44540F2048183
:10ADD00002382C4440EA0740A4EB0C0400271EB1C3
:10ADE000D4400023C6E900433946BDE8F0878B42D2
:10ADF00009D9002E00F0EB800027C6E90001384693
:10AE00003946BDE8F087B3FA83F7002F47D18B426C
:10AE100002D3824200F2FA80841A61EB030301201C
:10AE20009846002EE0D0C6E90048DDE702B9FFDE13
:10AE3000B2FA82F2002A40F08F80491B4FEA154E89
:10AE40001FFA85F80127B1FBFEFC230C0EFB1C1139
:10AE500043EA014308FB0CF1994207D9EB180CF1C6
:10AE6000FF3002D2994200F2CD808446591AA3B233
:10AE7000B1FBFEF00EFB101443EA044408FB00F89B
:10AE8000A04507D92C1900F1FF3302D2A04500F2EA
:10AE9000B6801846A4EB080440EA0C409FE7C7F1CF
:10AEA000200CBB4022FA0CFE4EEA030E01FA07F416
:10AEB00020FA0CF521FA0CF34FEA1E482543B3FBA8
:10AEC000F8F92C0C08FB19331FFA8EFA44EA0343F5
:10AED00009FB0AF49C4202FA07F200FA07F10BD9C7
:10AEE0001EEB030309F1FF3080F087809C4240F2A3
:10AEF0008480A9F1020973441B1BADB2B3FBF8F0C7
:10AF000008FB103345EA034400FB0AFAA24508D9BE
:10AF10001EEB040400F1FF336BD2A24569D902385D
:10AF2000744440EA0940A0FB0289A4EB0A044C45A2
:10AF3000C2464B4654D351D0002E69D0B1EB0A051E
:10AF400064EB030404FA0CFCFD40FC404CEA0505EC
:10AF5000C6E90054002747E7C2F1200320FA03F7AF
:10AF6000954001FA02F021FA03F34FEA154E3843F7
:10AF7000010CB3FBFEF71FFA85F80EFB173341EA0D
:10AF8000034107FB08F38B4204FA02F407D969185E
:10AF900007F1FF3C2FD28B422DD9023F2944CB1A17
:10AFA00081B2B3FBFEF00EFB103341EA034100FB1C
:10AFB00008F38B4207D9691800F1FF3C17D28B4286
:10AFC00015D902382944C91A40EA07473BE73746F2
:10AFD000304609E70746E7E61846FBE64145ABD2AF
:10AFE000B8EB020A69EB0E0201381346A4E760468B
:10AFF000E9E7184695E76746D1E781467CE70238DE
:10B000002C4447E7ACF1020C2B442FE7384608E705
:10B010003746E9E6704700BF1FB51C46094B1B6861
:10B020000546D86852B1084B0091CDE90132074975
:10B030002B46224600F034F801F08EF9044B1A46F4
:10B04000F2E700BF4861002074F5030081F50300BA
:10B05000AFF503000A22002101F03EB810B5054CFF
:10B0600013462CB10A4601460220AFF3008010BD02
:10B070002046FCE70000000008B5074B044613B16A
:10B080000021AFF30080054B1868836A03B198472D
:10B09000204603F045F800BF00000000B0F50300B3
:10B0A0000EB403B5014603AB054853F8042B006802
:10B0B000019300F073F902B05DF804EB03B0704740
:10B0C0004861002070B50D4E0D4CA41BA410002546
:10B0D000A54209D10B4E0C4C03F024F8A41BA4107C
:10B0E0000025A54205D170BD56F825309847013599
:10B0F000EEE756F8253098470135F2E7186300204F
:10B1000018630020186300203463002010B5044643
:10B1100000F008F82044407800F0080010BDD0F896
:10B12000EC007047044B054A1B681B6A002B08BFE4
:10B130001346D3F8EC00704748610020AC61002052
:10B14000024B0146186800F0A5B800BF4861002016
:10B15000024B0146186800F04FB800BF486100205C
:10B1600082B001B901A942B14BB113780B601278DA
:10B17000101C18BF012002B070471046FBE76FF0AB
:10B180000100F8E710B5431E0A44914200D110BDFA
:10B1900011F8014B03F8014FF7E7884210B501EBB6
:10B1A000020307D8421E99420AD011F8014B02F857
:10B1B000014FF8E78342F5D98118D21AD34200D162
:10B1C00010BD13F8014D01F8014DF7E702440346A5
:10B1D000934200D1704703F8011BF9E738B502FB31
:10B1E00001F4214600F056F8054618B12246002128
:10B1F000FFF7ECFF284638BD38B50546002945D095
:10B2000051F8043C0C1F002BB8BFE41802F030F9D1
:10B210001F4A1368104633B9636014602846BDE8BE
:10B22000384002F026B9A3420CD921686218934233
:10B2300004BF1A685B68636004BF52182260046030
:10B24000ECE713465A680AB1A242FAD919685818AD
:10B25000A0420BD120680144581882421960DDD108
:10B26000106852685A6001441960D7E702D90C236C
:10B270002B60D3E7206821188A4204BF1168526806
:10B28000626004BF091821605C60C7E738BD00BF79
:10B29000F0BD002070B5CD1C25F0030508350C2D40
:10B2A00038BF0C25002D064601DBA94203D90C232B
:10B2B0003360002070BD02F0DBF8214A146821469B
:10B2C00091B9204C23681BB9304600F0DFFD2060A7
:10B2D0002946304600F0DAFD431C24D10C233360AC
:10B2E000304602F0C6F8E4E70B685B1B18D40B2B62
:10B2F0000FD90B60CD50CC18304602F0BAF804F1EB
:10B300000B00231D20F00700C31AD3D05A42E2508D
:10B31000D0E78C424B6816BF636013600C46EBE7C6
:10B320000C464968CCE7C41C24F00304A04205D0B5
:10B33000211A304600F0AAFD0130CFD02560DBE7AE
:10B34000F0BD0020F4BD00209368013B002B10B439
:10B35000936008DA9469A34201DB0A2903D15DF8FE
:10B36000044B00F02BBF1368581C1060197008467E
:10B370005DF8044B7047F8B506460F461446D518DD
:10B38000AC4201D1002007E03A4614F8011B3046D8
:10B39000FFF7DAFF431CF3D1F8BD00002DE9F04FB1
:10B3A0009DB00C4617460393064618B183690BB946
:10B3B00001F00EFF7B4B9C4257D17468A38918079C
:10B3C0005DD52369002B5AD00023099320238DF8E3
:10B3D000293030238DF82A304FF0010BB84645460E
:10B3E00015F8013B0BB1252B54D1B8EB070A0BD054
:10B3F00053463A4621463046FFF7BDFF013000F084
:10B40000C280099B5344099398F80030002B00F048
:10B41000BA8000234FF0FF32CDE905230493079350
:10B420008DF853301A93A846052218F8011B5E4880
:10B4300001F0CEFF049B78BBD90644BF20228DF8D3
:10B4400053201A0744BF2B228DF853202A782A2A2A
:10B450002AD0079AA84600200A25414611F8013B48
:10B46000303B092B69D960B324E0504B9C4201D199
:10B47000B468A3E74E4B9C4208BFF4689EE72146A0
:10B48000304600F0FBFE00289ED04FF0FF301DB08C
:10B49000BDE8F08FA846A2E7434A801A0BFA00F0F5
:10B4A000184304904546BEE7039A111D12680391A4
:10B4B000002A01DB079204E0524243F002030792A4
:10B4C000049398F800302E2B0ED198F801302A2BD7
:10B4D00038D1039B1A1D1B680392002BB8BF4FF095
:10B4E000FF3308F102080593324D98F8001003224B
:10B4F000284601F06DFF40B14023401B03FA00F0E5
:10B50000049B034308F10108049398F800102A48AB
:10B510008DF82810062208F1010701F059FF0028D4
:10B5200037D0264B1BBB039B073323F0070308339D
:10B530000393099B4B44099350E705FB023201201A
:10B5400088468AE7002308F10108059319460A2571
:10B55000404610F8012B303A092A03D9002BC3D0FA
:10B560000591C1E705FB012101238046F0E703AB0C
:10B5700000932246124B04A9304600F0B7F8B0F110
:10B58000FF3F8146D5D1A3895B063FF57EAF099881
:10B590007DE703AB00932246094B04A9304600F037
:10B5A0005BFBECE734F70300BEF5030054F7030040
:10B5B00014F70300C4F50300C8F50300EDB603005B
:10B5C00077B303002DE9FF4755EC104B0D9FDDF8D5
:10B5D00030A0002D0E4691461946B8BF22462B4694
:10B5E00027F02007BBBF05F100431D4600232D2394
:10B5F000B8BF1446462F0B7004D0452F00D101363A
:10B60000022100E0032103AB019302AB0093324619
:10B61000534645EC104B00F033FF472F804602D1D4
:10B6200019F0010F26D0462F08EB060911D198F822
:10B630000030302B0AD1002200232046294602F098
:10B64000B9FC18B9C6F10106CAF80060DAF8003092
:10B650009944002200232046294602F0ABFC38B969
:10B660003022039B4B4505D2591C03911A70F8E711
:10B67000CDF80C90039B0E9AA3EB08034046136091
:10B6800004B0BDE8F087F7B500290446BABF4942C7
:10B690002D232B23092904F8022B437020DD0DF103
:10B6A00007031F460A2691FBF6F506FB15113031FC
:10B6B000092D03F8011C03F1FF32294609DC303162
:10B6C000023B02F8011CBB42224604D3101A03B00D
:10B6D000F0BD1346E7E713F8012B04F8012BF2E75E
:10B6E000302319448370021DC170EFE72DE9F04F3C
:10B6F0008DB00C46DDF8588016461F46054601F011
:10B70000F1FD03680493184600F023FC00230A931C
:10B71000D8F800300590073323F0070303F108023F
:10B7200094F818A0D4F800B0C8F80020D3E900239A
:10B73000C4E91223D4E9128929F000430793CDF814
:10B7400018804FF0FF32A74BDDE9060102F064FCE0
:10B7500070BB4FF0FF32A34BDDE9060102F03EFC67
:10B7600030BB002200234046494602F02DFC10B1B8
:10B770002D2384F843309C4A9C4BBAF1470F8CBF71
:10B780009046984603232BF00402236122604FF079
:10B790000009009733460BAA2146284600F0E6F937
:10B7A000013040F08D804FF0FF300DB0BDE8F08FDC
:10B7B00042464B464046494602F02EFC10B18C4AA8
:10B7C0008C4BDAE761684B1C4BF480620AA83ED1CF
:10B7D000062363600023CDE9020309AB009349EC23
:10B7E000108B0DF123032260CDF804A06168284678
:10B7F000FFF7E8FE0AF0DF03472B804609D1099BDB
:10B80000D81C02DB6268934247DDAAF1020A5FFAA4
:10B810008AFABAF1650F099924D80139524604F120
:10B8200050000991FFF72FFF0A9A1318012A814649
:10B83000236102DC2268D10701D5013323619DF821
:10B840002330002BA5D02D2384F84330A1E7BAF193
:10B85000670F00F07781BAF1470FBBD10029B9D14A
:10B860000123B6E7BAF1660F19D1002963680CDD30
:10B87000216113B92268D20702D501330B44236139
:10B88000099BA3654FF00009D9E713B92268D007D7
:10B8900001D50233F3E70123F1E74FF0670ADDE951
:10B8A0000932934205DB22682361D107E8D50133D1
:10B8B000E5E7002BD4BFC3F1020301231344DEE705
:10B8C00023685A0507D42369424631462846B847BB
:10B8D00001302BD167E7BAF1650F40F2DC8000221E
:10B8E0000023D4E9120102F065FB002833D00123C4
:10B8F000414A31462846B84701303FF454AFDDE9AC
:10B9000009239A4202DB2368D8070FD5DDE9042317
:10B9100031462846B84701303FF445AF4FF00008A4
:10B9200004F11A090A9B013B434509DC23689B0784
:10B9300000F10381E0680B9B9842B8BF184634E7DA
:10B9400001234A4631462846B84701303FF42BAF21
:10B9500008F10108E6E7099B002B2BDC0123264AAE
:10B9600031462846B84701303FF41DAF099B23B943
:10B970000A9B13B92368D907D8D5DDE904233146DA
:10B980002846B84701303FF40EAF4FF0000904F1EC
:10B990001A0A099B5B424B4501DC0A9B94E7012391
:10B9A000524631462846B84701303FF4FCAE09F113
:10B9B0000109EEE70A9AA36D9A42A8BF1A46002A27
:10B9C000914607DD1346314642462846B8470130C6
:10B9D0003FF4E9AE04F11A034FF0000B29EAE979CC
:10B9E000069315E0FFFFEF7FD3F50300CFF50300CB
:10B9F000DBF50300D7F50300DFF503000123069A0A
:10BA000031462846B84701303FF4CDAE0BF1010B6B
:10BA1000D4F858A0AAEB09035B45EFDCDDE9092364
:10BA20009A42D04415DB2368DA0712D40A9B09999D
:10BA3000A3EB0A02A3EB010A9245A8BF9246BAF112
:10BA4000000F0EDC4FF000082AEAEA7A04F11A0926
:10BA500019E0DDE9042331462846B8470130E5D135
:10BA6000A1E65346424631462846B8470130E9D15F
:10BA700099E601234A4631462846B84701303FF44B
:10BA800092AE08F10108DDE909239B1AA3EB0A0332
:10BA90004345EEDC4AE70A9A012A01DCDB073AD586
:10BAA0000123424631462846B84701303FF47BAE79
:10BAB000DDE9042331462846B847013008F1010882
:10BAC0003FF471AE0A9B002203F1FF3AD4E9120160
:10BAD000002302F06FFAC8B9534642463146284661
:10BAE000B84701300ED15EE6012352463146284662
:10BAF000B84701303FF457AE08F101080A9B013BFB
:10BB00004345F1DC4B4604F15002DEE64FF00008FD
:10BB100004F11A0AF2E70123DFE701234A4631461E
:10BB20002846B84701303FF43EAE08F10108E3680B
:10BB30000B9A9B1A4345F0DCFCE64FF0000804F139
:10BB40001909F4E700293FF48BAE0023CDE9020385
:10BB500009AB009349EC108B2260CDF804A00DF1E5
:10BB600023032846FFF72EFD804648E62DE9F047DF
:10BB700091461F468A680B69DDF820809342B8BF62
:10BB80001346C9F8003091F8432006460C4612B11E
:10BB90000133C9F800302368990642BFD9F8003054
:10BBA0000233C9F80030256815F0060507D104F105
:10BBB000190AE368D9F800209B1AAB4228DC94F8F4
:10BBC00043302268003318BF012392062DD404F1BC
:10BBD000430239463046C047013020D02368E5682B
:10BBE000D9F8002003F00603042B08BFAD1AA368A0
:10BBF00022690CBF25EAE57500259342C4BF9B1A54
:10BC0000ED184FF000091A344D451AD1002008E014
:10BC10000123524639463046C047013003D14FF028
:10BC2000FF30BDE8F0870135C3E7E1185A1C30202A
:10BC300081F84300224494F8451082F843100233FF
:10BC4000C5E70123224639463046C0470130E6D0D9
:10BC500009F10109D8E700002DE9F04301F1430C97
:10BC60000C46097E85B06E291746064698460C9A02
:10BC700000F0B38022D8632936D00AD8002900F01A
:10BC8000B980582900F0838004F1420584F84210FD
:10BC900032E0642901D06929F6D1206813680506CD
:10BCA00003F104012AD51B681160002B03DA2D2251
:10BCB0005B4284F843206F480A2239E0732900F080
:10BCC0009D8008D86F2920D07029DDD1236843F0EA
:10BCD0002003236003E0752917D07829D4D1782375
:10BCE00084F84530644855E01368191D1B681160DD
:10BCF00004F1420584F8423001238CE01B68116096
:10BD000010F0400F18BF1BB2CFE713682568181D4D
:10BD10001060280601D51B6802E06806FBD51B8869
:10BD200054486F2914BF0A220822002184F84310C6
:10BD30006568A560002DC0F29580216821F004019E
:10BD40002160002B3DD1002D40F08E806546082AF1
:10BD50000BD12368DB0708D5236962689A42DEBFEE
:10BD6000302305F8013C05F1FF35ACEB05032361F9
:10BD7000CDF800803B4603AA21463046FFF7F6FE89
:10BD800001304DD14FF0FF3005B0BDE8F0833948A8
:10BD900084F84510136821681D1D1B6815600A068C
:10BDA0000BD5CA0744BF41F0200121601BB92268AE
:10BDB00022F0200222601022B7E74D0648BF9BB256
:10BDC000EFE76546B3FBF2F102FB1133C35C05F804
:10BDD000013D0B460029F5D1B9E713682568616973
:10BDE000181D106028061B6801D5196002E06A065C
:10BDF000FBD51980002323616546B9E71368191D37
:10BE000011601D6862680021284601F0E1FA08B15E
:10BE1000401B606063682361002384F84330A7E718
:10BE200023692A4639463046C0470130AAD02368E4
:10BE30009B0713D4E068039B9842B8BF1846A3E75A
:10BE400001234A4639463046C04701309AD0013571
:10BE5000E368039A9B1AAB42F2DCEBE7002504F19E
:10BE60001909F5E7002BACD1037884F8423004F1CE
:10BE700042056CE7E1F50300F2F50300024B0A46C8
:10BE80000146186801F0D2BD4861002038B5064C63
:10BE9000002305460846236002F034F9431C02D112
:10BEA000236803B12B6038BD1CBE00200CB430B534
:10BEB000174B0C1E9DB01D6808DA8B232B604FF0CA
:10BEC000FF301DB0BDE8304002B070474FF4027340
:10BED000ADF8143014BF04F1FF33234604930793E5
:10BEE0004FF6FF7302900690ADF81630209A21AB02
:10BEF00002A92846019301F019FE431CBCBF8B2305
:10BF00002B60002CDDD0029B00221A70D9E700BF05
:10BF100048610020C9B2034610F8012B1AB18A42C9
:10BF2000F9D118467047002918BF0023F9E710F827
:10BF3000012B11F8013B012A28BF9A42F7D0D01AF1
:10BF40007047034611F8012B03F8012B002AF9D1A1
:10BF50007047034613F8012B002AFBD1181A013849
:10BF6000704710B56AB10139841810F8013B11F817
:10BF7000012F934203D1A04201D0002BF5D1981A92
:10BF800010BD1046FCE738B503460D4669B9BDE85B
:10BF90003840FFF7BFBF431C044629461846FFF749
:10BFA000B9FF0028F7D1204638BD0024F5E7F0B5E9
:10BFB00003787BB1044623782046661C7BB14A1E79
:10BFC000631E12F8015F4DB113F8017FAF42344692
:10BFD000F7D0F0E70B78002B18BF0020F0BD184613
:10BFE000FCE72DE9F0478046894692461E460F46FB
:10BFF0003D46089815F8014BFFF791F82044437827
:10C0000013F0080332D12D2C32D17C78BD1C0122D3
:10C01000002E5DD0102E09D1302C07D12B7803F0E3
:10C02000DF03582B4FD16C7810260235002A14BF3D
:10C030004FF000416FF000410027B1FBF6FC38469D
:10C0400006FB1C1EA4F13003092B17D81C46A64280
:10C0500023DD7B1C07D084451CD301D1A64519DB09
:10C0600000FB0640012715F8014BEBE72F46BFE721
:10C070002B2C04BFBD1C7C781A46C9E7A4F14103F0
:10C08000192B01D8373CE2E7A4F16103192B04D83E
:10C09000573CDCE74FF0FF37E5E77B1C08D1222354
:10C0A000C8F800300846BAF1000F07D1BDE8F087A4
:10C0B00002B14042BAF1000FF8D00FB105F1FF39DB
:10C0C000CAF80090F2E73024002EAFD10826ADE781
:10C0D000302CA3D00A26A9E7084B37B51C68084DB9
:10C0E000236A002B08BF2B46009313460A460146DD
:10C0F0002046FFF776FF03B030BD00BF4861002047
:10C10000AC610020024B01461868FFF7BFBE00BFBC
:10C110004861002010B50446FFF704F82044437836
:10C1200003F00303012B08BF2034204610BD10B5D7
:10C130000446FEF7F7FF2044437803F00303022B85
:10C1400008BF203C204610BD30B5141E05469BB0EC
:10C15000184605DA8B232B604FF0FF301BB030BD43
:10C160004FF40273ADF80C3014BF04F1FF332346D3
:10C17000029305934FF6FF7300910491ADF80E30D2
:10C1800002461E9B6946284601F0D0FC431CBCBFFA
:10C190008B232B60002CE1D0009B00221A70DDE77E
:10C1A00007B5009313460A46014603480068FFF7A7
:10C1B000CBFF03B05DF804FB48610020F8B50E46E4
:10C1C0001446054618B183690BB901F001F8214BFB
:10C1D0009C422AD16C68A369A360A3891A072ED553
:10C1E000236963B323692068C01A6369F6B2834286
:10C1F000374604DC2146284600F080FF28BBA368B0
:10C20000013BA36023685A1C22601E7063690130E1
:10C21000834204D0A389DB0719D50A2E17D1214602
:10C22000284600F06BFF90B10FE00B4B9C4201D110
:10C23000AC68D0E7094B9C4208BFEC68CBE72146CD
:10C24000284600F01BF80028CCD04FF0FF373846C6
:10C25000F8BD00BF34F7030054F7030014F70300E0
:10C2600049B1FF2A85BF8A2303600A704FF0FF306F
:10C2700098BF01207047084670470000324B70B5E8
:10C280001D6806460C4625B1AB6913B9284600F077
:10C290009FFF2E4B9C420FD16C68B4F90C309AB2C0
:10C2A00015072CD4D00611D40922326043F0400384
:10C2B000A3814FF0FF303EE0254B9C4201D1AC689A
:10C2C000EBE7244B9C4208BFEC68E6E7510712D528
:10C2D000616B41B104F14403994202D03046FEF74C
:10C2E0008BFF00236363A38923F02403A38100232E
:10C2F000636023692360A38943F00803A381236952
:10C300004BB9A38903F42073B3F5007F03D0214612
:10C31000304601F019F8A28912F001030CD0002375
:10C32000A36063695B42A361236953B9B4F90C301C
:10C3300013F08000BAD170BD920758BF6369A36043
:10C34000F2E70020F7E700BF4861002034F7030060
:10C3500054F7030014F7030008B5062001F004FDAC
:10C36000012001F0DDFE2DE9F74F03690C69A342BE
:10C370008046C0F28280013C01F114074FEA840C30
:10C3800000F1140657F8245056F8240006EB0C036D
:10C39000013507EB0C090193B0FBF5F595B34FF0B0
:10C3A000000A3846B646D34650F8042B93B205FB34
:10C3B00003A34FEA134A9BB2ABEB0303120CDEF864
:10C3C00000B005FB02A213FA8BF34FEA124A1FFAE0
:10C3D00082FBDEF80020CBEB124202EB23429BB241
:10C3E00043EA024381454FEA224B4EF8043BDBD23D
:10C3F00056F80C3033B9019B043B9E421A4630D3A9
:10C40000C8F81040404601F04BFA002825DB013502
:10C4100030464FF0000C57F8042BD0F800E093B2F0
:10C42000ACEB0303120C13FA8EF3C2EB1E4202EBC9
:10C4300023429BB243EA0243B9454FEA224C40F8FB
:10C44000043BE8D256F8242006EB84032AB9043BC7
:10C450009E421A460BD3C8F81040284603B0BDE8E8
:10C46000F08F1268043B002ACAD1013CC5E712686C
:10C47000043B002AEFD1013CEAE70020EEE7000090
:10C480002DE9F04F57EC106B97B0456A06910446C2
:10C490000B921293DDF88080CDE900673DB9102042
:10C4A000FAF79AFD6062C0E901550560C560636AEC
:10C4B000196851B15A684A60012393408B60204645
:10C4C00001F00CF8636A00221A603B1EBBBF23F028
:10C4D0000043019300230122ACBFC8F80030C8F824
:10C4E0000020AF4BDDF8048033EA080314D1129A20
:10C4F00042F20F731360009B23B9C8F313000028A6
:10C5000000F04285219BDFF8ACB2002B00F044859F
:10C510000BF1030300F03EBDDDE9006700220023BC
:10C520003046394601F046FD814668B1129A012332
:10C530001360219B002B00F024859A4B219A03F174
:10C54000FF3B136000F028BD14AA15A947EC106B3F
:10C55000204601F01CFAC8F30A550490002D7CD047
:10C56000C7F3130343F07F5BB2464BF4401BA5F2C5
:10C57000FF35CDF84C9000228B4B50465946FEF7C4
:10C5800001F881A3D3E90023FEF7B4F980A3D3E92E
:10C590000023FDF7F9FF064628460F46FEF740F94F
:10C5A0007DA3D3E90023FEF7A5F902460B463046EA
:10C5B0003946FDF7E9FF06460F4601F043FD00222C
:10C5C000824600233046394601F0FEFC48B1504611
:10C5D000FEF726F932463B4601F0ECFC08B90AF1B9
:10C5E000FF3ABAF1160F59D8704901EBCA01DDE9DB
:10C5F0000023D1E9000101F005FD002850D00AF127
:10C60000FF3A00230F93149B5D1BB5F1010849BF4E
:10C61000C5F10103002305934FF0000858BF0593AF
:10C62000BAF1000F3EDB0023D044CDF838A00793C9
:10C63000069B092B00F29080052BC4BF043B069398
:10C64000069BA3F10203CCBF00250125032B00F2BA
:10C650008F80DFE803F07D7F3171DDE914531D44E5
:10C6600005F23240202813DDC0F14000009B08FA9B
:10C6700000F805F2124023FA00F048EA0000FEF745
:10C68000BFF801238246A1F1F87B013D139372E7C5
:10C69000009BC0F1200003FA00F0F0E70123B1E7AE
:10C6A0000F90B0E7059BA3EB0A030593CAF10003C3
:10C6B000079300230E93BBE701230A930B9B002BE8
:10C6C00059DD02939946666A00227260042202F1E3
:10C6D00014009842716853D9204600F0CBFE636A7B
:10C6E0003060B9F10E0FD3F800B000F2E680002DF3
:10C6F00000F0E3809DED007BBAF1000F8DED107B23
:10C7000074DD2A4A0AF00F0302EBC30393ED007BAA
:10C710004FEA2A16F0068DED087B65D5244BDDE93E
:10C720001001D3E90823FEF70FFACDE9000106F066
:10C730000F0603251E4F4CE001230A930B9B534425
:10C7400003F1010902934B46012BB8BF0123BAE75D
:10C750000023B2E70023F0E70125002306930A95A2
:10C760004FF0FF3302939946002212230B92AAE75F
:10C7700001230A93F4E70123029399461A46F5E749
:10C78000013171605200A2E761436F63A787D23F16
:10C79000B3C8608B288AC63FFB799F501344D33FB0
:10C7A0000000F07FE0F503000000F83FA0F7030071
:10C7B00078F703000DF70300F10708D5DDE908015C
:10C7C000D7E90023FEF796F8CDE908010135761088
:10C7D0000837002EF0D1DDE90823DDE90001FEF77E
:10C7E000B3F9CDE900011AE00225A3E700F0A0802B
:10C7F000CAF100069F4BA04F06F00F0203EBC203E5
:10C80000D3E90023DDE91001FEF774F8CDE900015A
:10C81000361100230225002E7FD1002BE1D10F9B82
:10C82000002B00F08780DDE900670022934B304643
:10C83000394601F0C9FB00287CD0B9F1000F79D04E
:10C84000029B002B35DD0AF1FF33089339460022A5
:10C850008B4B3046FEF74EF8CDE90001029F0135C3
:10C860002846FDF7DDFFDDE90023FEF743F800224F
:10C87000844BFDF789FE0546A1F15076002F5DD16E
:10C880000022814BDDE90001FDF77CFE2A4633469C
:10C89000CDE9000101F0B6FB002840F088822A466D
:10C8A00006F10043DDE9000101F08EFB002840F0B5
:10C8B0007C82DDE91023CDE90023159B002BC0F21B
:10C8C0005081BAF10E0F00F34C816A4B03EBCA039F
:10C8D00093ED007B0B9B002B8DED027B80F2D880CB
:10C8E000B9F1000F00F3D48040F05E820022664B65
:10C8F00051EC170BFDF7FEFFDDE9002301F078FB9B
:10C900004F464E46002840F0348231230BF101059A
:10C910008BF800300AF1010A2FE2F20705D5D7E9BA
:10C920000023FDF7E7FF013501237610083772E792
:10C93000022574E7CDF820A04F4691E74D4B03EB5D
:10C94000C70353E902010A9B002B47D002460B465E
:10C9500000204E49FEF7F8F82A463346FDF712FE4E
:10C96000CDE90C015D46DDE9000101F06BFB0646F7
:10C97000FDF756FF02460B46DDE90001FDF702FE1A
:10C98000303605F8016BDDE90C23CDE9000101F03B
:10C990001BFB002863D1DDE9002300203749FDF7A8
:10C9A000F1FDDDE90C2301F00FFB002840F0B7801A
:10C9B000A5EB0B039F427FF77CAF0022304BDDE9F4
:10C9C0000C01FDF797FF0022CDE90C012C4BDDE9AE
:10C9D0000001FDF78FFFCDE90001C4E72A46334689
:10C9E000FDF788FFCDE90C010BEB07055E46DDE99D
:10C9F000000101F027FB0746FDF712FF3037024622
:10CA00000B46DDE90001FDF7BDFD06F8017BAE42F6
:10CA1000CDE900014FF0000226D11C4BDDE90C01ED
:10CA2000FDF7B2FD02460B46DDE9000101F0EAFA2E
:10CA3000002874D1DDE90C2300201449FDF7A2FD84
:10CA400002460B46DDE9000101F0BEFA00283FF482
:10CA500030AF15F8013C302B05F1FF3202D0DDF884
:10CA600020A04AE01546F4E7054BFDF743FFCDE96A
:10CA70000001BCE7A0F7030078F703000000F03FD7
:10CA80000000244000001C40000014400000E03F73
:10CA9000DDE900675D46DDE9022330463946FEF7F1
:10CAA00053F801F0CFFA8046FDF7BAFEDDE9022324
:10CAB000FDF720FF02460B463046394608F13006A6
:10CAC000FDF760FD05F8016BA5EB0B06B1450246CD
:10CAD0000B4639D1FDF758FDDDE9022306460F4626
:10CAE00001F090FAC8B9DDE902233046394601F079
:10CAF00061FA10B118F0010F0FD10499204600F02F
:10CB0000EDFC0023129A2B700AF101031360219BA4
:10CB1000002B00F041821D603EE2CDF820A015F808
:10CB2000012C392A05F1FF3308D19B450AD1089B16
:10CB30000133089330238BF800305B461A780132BA
:10CB40001A708CE71D46EAE700229B4BFDF7D2FEE8
:10CB50000022002306460F4601F02CFA00289AD046
:10CB6000CBE70A9A002A00F08B80069A012A6EDC35
:10CB7000139A002A67D003F23343079F059D059A55
:10CB800001211A4420460592984400F047FD0646CC
:10CB9000002D0CDDB8F1000F09DD4545059A2B4647
:10CBA000A8BF4346D21A0592ED1AA8EB0308079BCB
:10CBB000EBB10A9B002B67D08FB131463A46204635
:10CBC00000F0CCFD049A01460646204600F02FFDF9
:10CBD00004990890204600F081FC089B0493079B71
:10CBE000DA1B04D00499204600F0B8FD049001211E
:10CBF000204600F013FD0E9B0746002B00F0D0816D
:10CC00001A460146204600F0A9FD069B012B074667
:10CC100040DC009B002B39D1019BC3F31303002B95
:10CC200036D1019B23F000431B0D1B052BB1059B47
:10CC30000133059308F10108012307930E9B002B94
:10CC40002AD1012030E0149BC3F1360395E7079BFE
:10CC500009F1FF37BB42BFBF079B0797FA1A0E9B2C
:10CC6000BBBF9B180E93DF1B0027B9F1000FB5BFA8
:10CC7000059B059DA3EB09054B46B8BF00237EE746
:10CC8000079F059D0A9E83E7079AABE70023D4E739
:10CC9000009BD2E7002307933B6907EB83031869E6
:10CCA00000F06EFCC0F12000404410F01F0047D09F
:10CCB000C0F12003042B3BDD059BC0F11C000344A5
:10CCC000059305448044059B002B05DD1A46049915
:10CCD000204600F091FD0490B8F1000F05DD3946C3
:10CCE0004246204600F088FD07460F9B53B3394665
:10CCF000049800F0D5FD002824DA00230A220499C4
:10CD0000204600F002FC0A9B04900AF1FF3A002B37
:10CD100000F04D81002331460A22204600F0F5FB49
:10CD2000029B002B06464FDC069B022B4CDD11E0DC
:10CD3000C9D0059A1C331A4405921D449844C2E791
:10CD40000346F6E7B9F1000F38DC069B022B35DD10
:10CD5000CDF80890029B63B939460522204600F0C1
:10CD6000D4FB01460746049800F09AFD00283FF7DF
:10CD7000CCAD0B9B5D466FEA030A4FF000093946C4
:10CD8000204600F0ABFB002E3FF4B7AEB9F1000F28
:10CD900005D0B14503D04946204600F09FFB3146FF
:10CDA000204600F09BFBA8E600273E46E1E7DDF8C1
:10CDB00020A03E46A9E500BF000024400A9BCDF814
:10CDC0000890002B00F0FA80002D05DD31462A4640
:10CDD000204600F011FD0646079B002B4CD07168E1
:10CDE000204600F047FB326902320546920006F108
:10CDF0000C010C30FEF7C6F901222946204600F04E
:10CE0000FBFC009BCDF814B003F00103B14607937F
:10CE1000064639460498FFF7A6FA4946054600F14A
:10CE20003008049800F03CFD324600903946204618
:10CE300000F050FDC368024603BB01460890049809
:10CE400000F02EFD089A034611462046089300F094
:10CE500045FB089BA3B9069A92B9079A82B9B8F123
:10CE6000390F29D0009B002B01DD05F13108059B0E
:10CE70005D1C83F8008082E73046C2E70123E3E7C8
:10CE8000009A002A04DB25D1069A1ABB079A0ABB2E
:10CE9000002BECDD01220499204600F0ADFC394660
:10CEA000049000F0FDFC002803DCE0D118F0010F35
:10CEB000DDD0B8F1390FD8D1059B059A5D1C392317
:10CEC000137015F8013C392B05F1FF324FD00133B7
:10CED000137054E7059A002B02F1010506DDB8F145
:10CEE000390FE9D008F10108059BC2E7029A05F85D
:10CEF000018CA5EB0B03934221D000230A22049955
:10CF0000204600F002FBB14504904FF000034FF0C3
:10CF10000A024946204605D100F0F7FA8146064646
:10CF2000059576E700F0F1FA3146814600230A22A2
:10CF3000204600F0EAFA0646F2E74FF00009012227
:10CF40000499204600F058FC3946049000F0A8FCF3
:10CF50000028B6DC02D118F0010FB2D115F8013C5F
:10CF6000302B05F1FF327FF40AAF1546F6E7934503
:10CF700005D131230AF1010A8BF80030FFE615468E
:10CF80009FE7DFF864B007E0219BDFF860B01BB1DA
:10CF90000BF10803219A1360584617B0BDE8F08FD3
:10CFA000069B012B7FF735AE0E9B079349E6029B4C
:10CFB000002B03DC069B022B3FF7CCAE5D463946C7
:10CFC0000498FFF7D0F900F1300805F8018B029AB8
:10CFD000A5EB0B039A42B0DD00230A2204992046F8
:10CFE00000F093FA0490EAE7DFF5030004F703008A
:10CFF0008A892DE9F041054610070C4658D44B6844
:10D00000002B05DC0B6C002B02DC0020BDE8F0815E
:10D01000E66A002EF9D0002312F480522F68216AAC
:10D020002B6032D0606DA3895A0705D56368C01A9A
:10D03000636B0BB1236CC01A00230246E66A216AB7
:10D040002846B047431CA38906D129681D2948D822
:10D05000294ACA40D60744D500226260D904226911
:10D06000226004D5421C01D12B6803B96065616B55
:10D070002F600029C9D004F14403994202D0284608
:10D08000FEF7BAF800206063C0E701232846B047E6
:10D09000411CC8D12B68002BC5D01D2B01D0162BED
:10D0A00001D12F60B1E7A38943F04003A381ADE72D
:10D0B0000F69002FA9D093070E6808BF4B690F6056
:10D0C00018BF0023A6EB07088B60B8F1000F9CDDAA
:10D0D00043463A46216AA66A2846B047002806DC3D
:10D0E000A38943F04003A3814FF0FF308EE707444C
:10D0F000A8EB0008E9E700BF0100402038B50B6944
:10D1000005460C46DBB118B183690BB900F060F835
:10D110000C4B9C4209D16C68B4F90C307BB12146B0
:10D120002846BDE83840FFF763BF074B9C4201D15A
:10D13000AC68F1E7054B9C4208BFEC68ECE70020C7
:10D1400038BD00BF34F7030054F7030014F70300A1
:10D15000002310B50446C0E9003383608181436633
:10D16000C281C0E904338361194608225C30FEF7AE
:10D170002DF8054B6362054BA362054BE362054B3B
:10D180002462236310BD00BFA1DD0300C3DD0300E3
:10D19000FBDD03001FDE0300014900F085B800BF7E
:10D1A000FDD0030070B54A1E682555430E4605F1B3
:10D1B0007401FEF76FF8044640B10021C0E9001683
:10D1C0000C30A06005F16802FEF700F8204670BD43
:10D1D000836910B5044633BBC0E912330365124BB3
:10D1E000124A1B688262984204BF0123836100F0E7
:10D1F0001FF86060204600F01BF8A060204600F099
:10D2000017F80022E06004216068FFF7A1FF012207
:10D210000921A068FFF79CFF02221221E068FFF7B6
:10D2200097FF0123A36110BDB0F5030099D103005E
:10D23000F8B51B4B1E68B369074613B93046FFF7B4
:10D24000C7FF4836D6E90134013B03D5336833B113
:10D250003668F7E7B4F90C506DB16834F4E704218F
:10D260003846FFF79FFF30600028F1D10C233B6068
:10D2700004462046F8BD0B4B6566C4E90055A56021
:10D28000C4E90335C4E905550822294604F15C00C8
:10D29000FDF79CFFC4E90D55C4E91255E9E700BF4D
:10D2A000B0F503000100FFFF2DE9F84380468946F1
:10D2B00000F14804002614B93046BDE8F883D4E9EB
:10D2C0000175013F01D52468F5E7AB89012B07D92A
:10D2D000B5F90E30013303D029464046C84706430E
:10D2E0006835EEE7044B1B68186A044B002808BF3A
:10D2F0001846F030704700BF48610020AC61002044
:10D3000070B50E46B1F90E10002996B014461D46B0
:10D3100007DA00232B60B3891A0610D44FF4806318
:10D320000EE06A4600F0A2FD0028F2DB019A02F44A
:10D330007042A2F500535A425A412A60EEE7402358
:10D340000020236016B070BD8B8973B59D0706461B
:10D350000C4607D504F14703236023610123636171
:10D3600002B070BD01AB6A46FFF7CAFF00990546DF
:10D370003046FDF78FFF48B9B4F90C309A05EFD469
:10D3800023F0030343F00203A381E3E70D4BB362F1
:10D39000A389206043F08003A381009B6361019B0C
:10D3A00020615BB1B4F90E10304600F071FD28B178
:10D3B000A38923F0030343F00103A381A3891D4341
:10D3C000A581CDE799D10300000000000000000016
:10D3D00001F0FF01102A2BDB10F0070F08D010F826
:10D3E000013B013A8B422DD010F0070F42B3F6D12A
:10D3F000F0B441EA012141EA014122F007047FF043
:10D4000000070023F0E80256083C85EA010586EA99
:10D41000010685FA47F5A3FA87F586FA47F6A5FAD5
:10D4200087F68EB9EED1F0BC01F0FF0102F00702E1
:10D4300032B110F8013B013A83EA010313B1F8D18C
:10D440000020704701387047002D06BF354603386D
:10D45000073815F0010F07D1013015F4807F02BFA6
:10D46000013015F4C03F0130F0BC0138704700BFF7
:10D470007047704770B5456A04460E463DB91020A6
:10D48000F9F7AAFD6062C0E901550560C560656AEB
:10D49000EB6883B1636ADB6853F82600B8B90121F1
:10D4A00001FA06F56A1D92002046FDF797FE60B16D
:10D4B000C0E901650EE0212204212046FDF78EFE21
:10D4C000636AE860DB68002BE4D1002070BD02686D
:10D4D00043F826200023C0E90333F7E770B5446A18
:10D4E00006460D463CB91020F9F776FD7062C0E99A
:10D4F00001440460C4603DB1736A6A68DB6853F834
:10D500002210296043F8225070BD2DE9F0410D69C9
:10D510001F4606460C4601F1140C0023DCF80000FF
:10D5200081B202FB01710F0C000C02FB007089B28A
:10D53000013301EB00419D424FEA10474CF8041BB8
:10D54000ECDCD7B1A368AB4212DC61683046013134
:10D55000FFF790FF2269023204F10C01804692002D
:10D560000C30FDF70FFE21463046FFF7B7FF44466B
:10D5700004EB850301355F6125612046BDE8F0813C
:10D58000020C12040346B2B90304102013F07F4FBB
:10D5900004BF1B02083013F0704F04BF1B0104309E
:10D5A00013F0404F04BF9B000230002B06DB5B00F2
:10D5B00003D5013070470020E8E72020704703685A
:10D5C00013F0070201460BD0DA0723D4980749BFAE
:10D5D0005B089B0801200B605CBF0B60022070475A
:10D5E00098B2A8B91B0C102013F0FF0F04BF1B0A40
:10D5F00008301A0704BF1B0904309A0704BF9B08B0
:10D600000230DA0702D45B0806D001300B607047A5
:10D610001046E9E7002070472020704710B50C46FF
:10D620000121FFF727FF01224461026110BD2DE9AE
:10D63000F74F14460A6923699A42B8BF0B468846D9
:10D64000BCBFA0461C46D8F81070D4F81090D8F88B
:10D650000830D8F8041007EB0906B342B8BF01310F
:10D66000FFF708FF00F1140505EB860E2B4600229C
:10D67000734516D304F1140208F1140102EB890377
:10D6800001EB87070093009B019293420CD8002E78
:10D6900003DD5EF8043D002B5DD0066103B0BDE8FC
:10D6A000F08F43F8042BE3E7B2F800B0BBF1000FB2
:10D6B00023D08946AC464FF0000859F8044BDCF8FB
:10D6C00000A0A3B21FFA8AFA0BFB03A34FEA144A85
:10D6D000DCF8004043444FEA14480BFB0A8404EB97
:10D6E0001344E2469BB243EA04434F454FEA1448D1
:10D6F0004AF8043B2BD8CCF80480019BB3F802A075
:10D700000432BAF1000F20D02B688946A8464FF0AA
:10D71000000BB9F800C0B8F802400AFB0C445C44A6
:10D72000C4469BB243EA04434CF8043B59F8043B1B
:10D73000B8F804B01B0C0AFB03B303EB14434F45CA
:10D740004FEA134B05D8C8F8043004359BE7D4469C
:10D75000B3E7E046DDE7013E99E700002DE9F84335
:10D76000154612F0030206460F4607D0013A214C37
:10D77000002354F82220FFF7C8FE0746AD1035D02D
:10D78000746A3CB91020F9F727FC7062C0E90144C3
:10D790000460C460D6F82480D8F808404CB940F240
:10D7A00071213046FFF73AFF0023C8F8080004460D
:10D7B00003604FF00008EB070AD539462246304691
:10D7C000FFF735FF394681463046FFF787FE4F4663
:10D7D0006D100BD0206838B9224621463046FFF73D
:10D7E00026FF2060C0F800800446E4E73846BDE824
:10D7F000F88300BF68F803002DE9F0470C464FEAB4
:10D80000621A236949680AEB0309A36807461646AA
:10D8100009F10105AB4232DB3846FFF72BFE00234E
:10D82000804600F114011A4653452BDB20692AEA91
:10D83000EA7A04F1140316F01F0201EB8A0103EBEC
:10D84000800C25D0C2F1200E00201E688A4696402A
:10D8500030434AF8040B53F8040B9C4520FA0EF0B1
:10D8600014D8486008B109F10205013D3846C8F8EE
:10D8700010502146FFF732FE4046BDE8F0870131E7
:10D880005B00C7E741F823200133CDE75146DCE7D1
:10D89000043953F8042B41F8042F9C45F9D8E4E7E8
:10D8A00003690A699B1A30B50CD192001430143107
:10D8B0008418114454F8045D51F8042D954203D0A6
:10D8C00005D30123184630BDA042F3D3FAE74FF049
:10D8D000FF33F7E72DE9F0470D4607461146284686
:10D8E0001446FFF7DDFF061E08D131463846FFF724
:10D8F000C1FD0123C0E90436BDE8F087A4BF23467B
:10D900002C4638466168A6BF1D4600260126FFF753
:10D91000B1FD2B69C660266905F1140904F11402F2
:10D9200002EB860709EB830800F114054FF0000EA7
:10D9300052F804AB59F8044B1EFA8AF1A3B2C91A83
:10D94000230CC3EB1A4303EB214389B24FEA234E66
:10D95000C84541EA0343944645F8043BE8D8BC4532
:10D9600004D355F8043D83B10661C5E75CF8041B98
:10D970001EFA81F31A1402EB11429BB243EA0243EE
:10D980004FEA224E45F8043BE9E7013EE9E72DE97D
:10D99000F7430E46012159EC108B1546FFF76AFD3F
:10D9A000C9F30A540746C9F3130334BB0193B8F112
:10D9B000000327D002A840F8083DFFF700FE0099B9
:10D9C000F0B1019AC0F1200302FA03F30B43C24005
:10D9D0007B610192019BBB61002B14BF02210121DD
:10D9E0003961C4B1A4F2334404443460C0F1350059
:10D9F0002860384603B0BDE8F08343F48013D5E7D0
:10DA00007961E7E701A8FFF7DAFD019B7B6101215E
:10DA100039612030E5E707EB8103A0F23240306046
:10DA20001869FFF7ADFDC0EB4110E1E7F8B5074617
:10DA300014460E4621B91146BDE8F840FDF72ABC50
:10DA400022B9FDF7D9FB25462846F8BD00F042FA79
:10DA5000A0420FD221463846FDF71CFC054600289F
:10DA6000F2D031462246FDF78DFB31463846FDF7B0
:10DA7000C3FBE9E73546E7E72DE9F0478E689E42AC
:10DA800082460C469046994637D88A8912F4906FA0
:10DA900031D0256809696F1A6569022305EB4505D0
:10DAA00095FBF3F509F101033B449D4238BF1D4648
:10DAB000530530D52946FDF7EDFB064650B90C233A
:10DAC000CAF80030A38943F04003A3814FF0FF3030
:10DAD000BDE8F0873A462169FDF754FBA38923F49A
:10DAE000906343F08003A381266165613E44ED1B92
:10DAF0002660A5604E464E4500D94E463246414608
:10DB00002068FDF74AFBA3689B1BA36023681E44A3
:10DB100026600020DCE72A46FFF788FF064600283B
:10DB2000E2D121695046FDF767FBC8E72DE9F04FC8
:10DB30009DB0804603938B891D060C4616460FD573
:10DB40000B696BB94021FDF7A5FB2060206128B966
:10DB50000C23C8F800304FF0FF30C7E0402363616A
:10DB60000023099320238DF8293030238DF82A30A3
:10DB70004FF0010B37463D4615F8013B0BB1252B05
:10DB80003ED1B7EB060A0BD05346324621464046FB
:10DB9000FFF772FF013000F0A480099B5344099302
:10DBA0003B78002B00F09D8000234FF0FF32CDE941
:10DBB0000523049307938DF853301A932F460522BB
:10DBC00017F8011B4F48FFF703FC049BD0B9D90697
:10DBD00044BF20228DF853201A0744BF2B228DF812
:10DBE00053202A782A2A15D0079A2F4600200A2582
:10DBF000394611F8013B303B092B4DD9B8B10FE044
:10DC00002F46B8E73F4A801A0BFA00F018430490F9
:10DC10003D46D3E7039A111D12680391002A01DBE8
:10DC2000079204E0524243F00203079204933B78C8
:10DC30002E2B0CD17B782A2B33D1039B1A1D1B680A
:10DC40000392002BB8BF4FF0FF33023705932E4DE0
:10DC5000397803222846FFF7BBFB38B14023401B2D
:10DC600003FA00F0049B03430137049339782748F3
:10DC70008DF8281006227E1CFFF7AAFB002838D05A
:10DC8000234B13BB039B073323F007030833039392
:10DC9000099B4B4409936DE705FB023201200F46B7
:10DCA000A6E700230137059319460A25384610F8E0
:10DCB000012B303A092A03D9002BC8D00591C6E7B9
:10DCC00005FB012101230746F0E703AB0093224641
:10DCD000104B04A94046FDF709FDB0F1FF3F814616
:10DCE000D6D1A3895B063FF536AF09981DB0BDE8D4
:10DCF000F08F03AB00932246064B04A94046FDF784
:10DD0000ABFFEAE7BEF50300C4F50300C8F5030066
:10DD1000EDB6030079DA03001F2938B504460D4635
:10DD200004D9162303604FF0FF3038BD426C12B1A6
:10DD300052F821304BB9204600F030F82A4601460F
:10DD40002046BDE8384000F017B8012B0AD0591C16
:10DD500003D1162303600120E7E7002442F82540A1
:10DD6000284698470020E0E7024B01461868FFF775
:10DD7000D3BF00BF4861002038B5074C00230546DB
:10DD800008461146236000F0A5F9431C02D1236820
:10DD900003B12B6038BD00BF1CBE002000F08AB963
:10DDA00010B50C46B1F90E1000F09CF80028ABBF7E
:10DDB000636DA3891B1823F48053ACBF6365A381F3
:10DDC00010BD2DE9F0411F468B89DB0505460C4649
:10DDD000164605D502230022B1F90E1000F068F8AE
:10DDE000A389B4F90E1023F48053A38132463B4635
:10DDF0002846BDE8F04100F017B810B50C46B1F95F
:10DE00000E1000F055F8431CA38915BF606523F47C
:10DE1000805343F48053A38118BFA38110BDB1F98F
:10DE20000E1000F013B8000038B5074C0546084640
:10DE30001146002222601A46FBF732FC431C02D135
:10DE4000236803B12B6038BD1CBE002038B5064CDA
:10DE5000002305460846236000F01CF9431C02D14C
:10DE6000236803B12B6038BD1CBE002038B5074CB9
:10DE70000023054608461146236000F013F9431CB1
:10DE800002D1236803B12B6038BD00BF1CBE002047
:10DE900038B5064C002305460846236000F012F909
:10DEA000431C02D1236803B12B6038BD1CBE002087
:10DEB00038B5074C054608461146002222601A462E
:10DEC00000F010F9431C02D1236803B12B6038BD68
:10DED0001CBE002051F8043C181F002BBCBF0B587F
:10DEE000C018704738B5074C054608461146002251
:10DEF00022601A4600F0FEF8431C02D1236803B1E9
:10DF00002B6038BD1CBE00204FF0FF3C06E000BF78
:10DF10004FF0010C02E000BF4FF0010C4DF804CDB2
:10DF20004FEA410C7FEA6C5C4FEA430C18BF7FEA72
:10DF30006C5C1BD001B050EA410C0CBF52EA430CA0
:10DF400091EA030F02BF90EA020F0020704710F120
:10DF5000000F91EA030F58BF994208BF90422CBFAF
:10DF6000D8176FEAE37040F0010070474FEA410CA8
:10DF70007FEA6C5C02D150EA013C07D14FEA430CC6
:10DF80007FEA6C5CD6D152EA033CD3D05DF8040B37
:10DF9000704700BF8446104662468C461946634669
:10DFA00000E000BF01B5FFF7B7FF002848BF10F140
:10DFB000000F01BD4DF808EDFFF7F4FF0CBF012085
:10DFC00000205DF808FB00BF4DF808EDFFF7EAFF01
:10DFD00034BF012000205DF808FB00BF4DF808EDBC
:10DFE000FFF7E0FF94BF012000205DF808FB00BFB1
:10DFF0004DF808EDFFF7CEFF94BF012000205DF83B
:10E0000008FB00BF4DF808EDFFF7C4FF34BF012047
:10E0100000205DF808FB00BF4FEA410C7FEA6C5C12
:10E0200002D150EA013C0AD14FEA430C7FEA6C5C12
:10E0300002D152EA033C02D14FF0000070474FF08A
:10E04000010070474FEA410212F5001215D211D5B6
:10E050006FF47873B3EB625212D94FEAC12343F0E5
:10E06000004343EA505311F0004F23FA02F018BF67
:10E07000404270474FF00000704750EA013005D130
:10E0800011F0004008BF6FF0004070474FF00000F3
:10E09000704700BF024B58221A604FF0FF307047A4
:10E0A0001CBE0020024B58221A604FF0FF30704710
:10E0B0001CBE0020024B58221A604FF0FF30704700
:10E0C0001CBE0020024B58221A600020704700BF7F
:10E0D0001CBE0020024B58221A604FF0FF307047E0
:10E0E0001CBE0020024B58221A604FF0FF307047D0
:10E0F0001CBE0020024B58221A604FF0FF307047C0
:10E100001CBE0020044A05491368002B08BF0B46BB
:10E110001844106018467047F8BD002020BE00204B
:10E12000FEE700BFF8B500BFF8BC08BC9E467047CC
:10E13000F8B500BFF8BC08BC9E46704754696E79BC
:10E140005553422053657269616C00000000000065
:10E15000000000003165020089630200796302005B
:10E160006D630200F16202003D6302001163020070
:10E17000D1630200F0FFFFFF0000000029650200EC
:10E1800012010002000000409A23B30000010102C6
:10E190000301000009020900000100A03200000094
:10E1A00030313233343536373839414243444546CD
:10E1B0004E6F6C6F676F000050726F4D6963726FC6
:10E1C000204E5246353238343000000041646166DA
:10E1D00072756974000000004D6173732053746F91
:10E1E0007261676500000000312E30007573626453
:10E1F00000000000050F3900021810050038B608AD
:10E2000034A909A0478BFDA0768815B665000101E9
:10E21000011C100500DF60DDD88945C74C9CD26524
:10E220009D9E648A9F00000306B200020001030065
:10E230000000000019700200A9700200D5700200F1
:10E240001D71020029720200FD7202000000000030
:10E2500000000000757D020000000000857D0200C6
:10E26000957D02002D7E02007D7F020000000000EF
:10E2700000000000B5740200CD740200D1740200E9
:10E28000E9740200B1750200D977020000000000B5
:10E2900000000000758C0200998C02009D8C020029
:10E2A000C18C0200E98D02006995020000000000A7
:10E2B0000000000099780200097902003579020017
:10E2C0005D790200917A0200957A02000000000058
:10E2D000000000004D860200A5860200C1860200F3
:10E2E000E58602003D6D02001D880200000000006E
:10E2F0005F757362645F7164656600005D20000095
:10E30000F4E40300FCE4030004E503000CE503006F
:10E3100018E5030020E503002CE503003CE50300BD
:10E3200048E5030041542B434D49434741494E3D85
:10E330002575000041542B43434C4B3F0000000027
:10E340002B434D4752443A002B434D47523A00006D
:10E350006E6F202B434D47522068656164657220C3
:10E36000696E207265706C7900000000756E6578CA
:10E37000706563746564202B434D47522070617251
:10E38000616D6574657273202825642900000000A2
:10E3900041542B43535100002B4353513A0000008A
:10E3A0006E6F20273E272070726F6D707400000022
:10E3B00041542B434C49503D3100000041542B4304
:10E3C0004C564C3D2575000041542B435344564355
:10E3D0003D25750041544425733B000069676E6F0D
:10E3E0007265643A202573004154453000000000F6
:10E3F000415400004154410041542B4348555000C2
:10E400006E6F74696669636174696F6E207175659A
:10E4100075652066756C6C2C2064726F7070696E07
:10E42000673A2025730000004552524F5200000009
:10E430002B434D45204552524F5200002B434D5324
:10E44000204552524F5200002573202D3E20257347
:10E450000000000025732074696D6564206F757479
:10E46000000000004F4B00002B00000041542B43E4
:10E470004D47533D222573220000000073656E64F2
:10E48000206661696C65643A2025730073656E646B
:10E490002074696D6564206F7574000052582025E2
:10E4A000730000006F76657273697A6564206C6929
:10E4B0006E652064697363617264656400000000C6
:10E4C00041542B43504D533F0000000041542B4317
:10E4D0004D47463D3100000041542B434D47443DDC
:10E4E0002575000054582025730000006D6F646589
:10E4F0006D00000052494E47000000002B434C497C
:10E50000503A00002B434D54493A00004E4F2043EF
:10E5100041525249455200002B43454E443A0000B7
:10E52000564F4943452043414C4C3A004D495353C3
:10E5300045445F43414C4C3A000000004E4F20419F
:10E540004E535745520000004255535900000000F9
:10E55000756E706172736561626C653A2025730037
:10E5600074696D65000000006F7574206F6620721D
:10E57000616E67653A202573000000002530327512
:10E580003A25303275000000000000000000000055
:10E5900035410300F95B0300996A02009DDD02002A
:10E5A000B5DD0200A5320300A932030035360300B1
:10E5B000B9320300CD32030001350300A532030058
:10E5C000E5320300E13203006538030089370300B8
:10E5D000B1330300A1DD020009330300313403002D
:10E5E00063616C6C206661696C65640008200800DA
:10E5F0006E616D652F6E756D626572202055502FAE
:10E60000444E2020454E542063616C6C20204553BD
:10E61000430000006E616D652F6E756D626572203E
:10E620002055502F444E2020454E54202045534322
:10E630000000000043616C6C3A200000546F3A20E7
:10E64000000000005F00000074797065206D736742
:10E650002020454E542073656E64202045534300AE
:10E6600041542B434D47523D2564000041542B53E8
:10E67000494D544F4E453D300000000041542B435E
:10E6800050544F4E453D3000636F6D706F736500A1
:10E69000737461747573000063616C6C000000003A
:10E6A0006469616C000000002A0000002F00000077
:10E6B00041542B53494D544F4E453D312C38353044
:10E6C0002C3330302C3230302C31383030000000D8
:10E6D00041542B4350544F4E453D38006E6F206CD3
:10E6E0006F63616C2072696E6720746F6E65207352
:10E6F0007570706F72740000747A206F666673654F
:10E7000074206E6F77202564206D696E0000000014
:10E71000766974616C73206368616E6765643A2022
:10E72000626172732025642D3E256420736D732011
:10E7300025642F256420756E726561642025642030
:10E740006D69737365642025640000006570640062
:10E750007061727469616C2072656672657368209D
:10E7600028616C6C2D64726976656E29000000006A
:10E770006576656E74000000564F4943452043415D
:10E780004C4C3A20424547494E0000002B43454E31
:10E7900044000000564F4943452043414C4C3A2029
:10E7A000454E440063616C6C20656E6465640000D6
:10E7B0004D69737365642063616C6C3A20000000DE
:10E7C0006F6B000064656C65746520736C6F7420FA
:10E7D00025643A20257300002B3100004E4F542051
:10E7E000464F554E440000004E4F54205245535062
:10E7F0004F4E44494E4700007072657373206B653D
:10E80000797320746F2074657374202045534320FE
:10E810006261636B000000006469792D70686F6E3F
:10E8200065200000667265652052414D2020000081
:10E8300020627974657300006B6579626F61726440
:10E84000202000006D6F64656D20202020200000D6
:10E8500041542B434F50533F000000006F706572CE
:10E8600061746F72202000006E65742074696D659C
:10E87000202000007369676E616C2020202000005A
:10E880002F333100736D7320736C6F74732000002D
:10E89000206F6620000000006D697373656420635B
:10E8A000616C6C730000000020206E6F6E650000CC
:10E8B0006B657920746573743A200000707265731B
:10E8C0007320616E79206B65790000004641494CE8
:10E8D000454400006465627567206F6E00000000AB
:10E8E0006465627567206F666600000041544900E8
:10E8F00041542B4350494E3F0000000041542B43EC
:10E900005245473F000000006465627567000000E3
:10E9100072616D00206279746573206672656500AE
:10E92000636F6D6D616E64733A0000002020415486
:10E930002E2E2E20202073656E6420616E7920417A
:10E940005420636F6D6D616E6420746F2074686510
:10E95000206D6F64656D2C207072696E7420746810
:10E9600065207265706C7900202073746174757312
:10E9700020206D6F64656D206865616C746820632C
:10E980006865636B00000000202064656275672085
:10E990002020746F67676C65207261772041542076
:10E9A00054582F52582074726163696E67000000DA
:10E9B000202072616D202020202073686F772066F0
:10E9C0007265652052414D00202068656C702020E2
:10E9D000202074686973206C69737400656D696CBC
:10E9E000696500006C697A00646F6E006D6F6D0080
:10E9F0006D696B65206265616368000046554C4C2B
:10EA00002072656672657368000000005B6F6B5D65
:10EA1000200000005B2D2D5D20000000454E54209D
:10EA2000616E7377657220204553432072656A6575
:10EA30006374000055502F444E20766F6C20204C9C
:10EA40002F52206D696320204553432068616E6713
:10EA500020757000696E2063616C6C00696E636F75
:10EA60006D696E672063616C6C00000063616C6CA3
:10EA7000696E672E2E2E0000766F6C20000000005D
:10EA800020206D6963200000302D39207479706575
:10EA90002020454E542063616C6C20204553432058
:10EAA00063616E63656C00006469616C3A2000000C
:10EAB00055502F444E204420523A7265706C792094
:10EAC000503A63616C6C20455343000046726F6D91
:10EAD0002000000061742000206C6F63616C0000F6
:10EAE0002E2E2E00696E626F7820656D707479002D
:10EAF0006D6F64656D206F66666C696E65202D2D87
:10EB0000206E6F20696E626F780000004D3A6D7361
:10EB10006720433A63616C6C20454E542044205278
:10EB2000205020302D392054414200004320636F93
:10EB30006D706F7365732061206D657373616765B8
:10EB40003B20746578742074686973006E756D621B
:10EB5000657220746F2066696C6C2074686520692A
:10EB60006E626F782E0000002D2D3A2D2D000000D2
:10EB700073656E740000000053454E4420464149C1
:10EB80004C4544202D2D204D20726573756D6573A5
:10EB900000000000647261667420726573756D65B3
:10EBA0006400000073656E64696E672E2E2E00008F
:10EBB0006472616674207361766564202D2D204D2A
:10EBC00020726573756D65730000000063616C6C85
:10EBD0002072656A656374656400000027000000A8
:10EBE000272020283078000029000000636F64652A
:10EBF0002030780073656E6420746F2025733A208E
:10EC00002573000041542B434D474C3D22414C4C51
:10EC10002200000041542B434D474C206661696C33
:10EC200065640000736D73002B434D474C3A000040
:10EC3000554E5245414400003F0000002564206DC0
:10EC40006573736167652873292C20256420756EB0
:10EC500072656164000000007636316500000000D6
:10EC6000DCE9030050ED0300E4E9030060ED03007C
:10EC7000E8E9030070ED0300ECE9030080ED030018
:10EC8000F0E9030090ED03006D6F64656D206F6E19
:10EC90006C696E650000000070616E656C2D6361CB
:10ECA00072652066756C6C207265667265736800AB
:10ECB0006469792D70686F6E650000006B6579621C
:10ECC0006F617264000000006B6579626F6172644D
:10ECD000206F6B00626F6F740000000077616974D1
:10ECE000696E672E2E2E00005245414459000000E7
:10ECF00053494D2063617264000000002C31000014
:10ED00002C35000020756E72656164206D6573732B
:10ED1000616765005344412D3E382053434C2D3EDE
:10ED2000373F000054582D3E342052582D3E333F7B
:10ED300020706F7765723F006E6574776F726B003D
:10ED4000736561726368696E672E2E2E0000000085
:10ED50002B3136343633323738323230000000004F
:10ED60002B31363137343239393134340000000038
:10ED70002B3136353132353234373635000000002C
:10ED80002B3137383135393739303833000000000E
:10ED90002B3136313734373033363138000000000C
:10EDA00000000000000000001D2C0300452C0300A3
:10EDB000996A0200012C0300052C03000D2C0300AE
:10EDC000152C0300705F73706920213D204E554C57
:10EDD0004C0000002F686F6D652F6477626C61696D
:10EDE000722F2E706C6174666F726D696F2F706117
:10EDF000636B616765732F6672616D65776F726BA8
:10EE00002D61726475696E6F616461667275697493
:10EE10006E726635322F6C69627261726965732F2A
:10EE20005350492F5350492E63707000535049433B
:10EE30006C6173733A3A535049436C617373284E53
:10EE400052465F5350494D5F547970652A2C2075A6
:10EE5000696E74385F742C2075696E74385F742C19
:10EE60002075696E74385F7429000000000000008E
:10EE7000003E5B4F5B3E3E6B4F6B3E1C3E7C3E1C40
:10EE8000183C7E3C181C577D571C1C5E7F5E1C0086
:10EE9000183C1800FFE7C3E7FF0018241800FFE73D
:10EEA000DBE7FF30483A060E2629792926407F0500
:10EEB0000507407F05253F5A3CE73C5A7F3E1C1C16
:10EEC00008081C1C3E7F14227F22145F5F005F5FD6
:10EED00006097F017F006689956A606060606094C2
:10EEE000A2FFA29408047E040810207E20100808C7
:10EEF0002A1C08081C2A08081E101010100C1E0CD2
:10EF00001E0C30383E3830060E3E0E060000000063
:10EF10000000005F00000007000700147F147F144A
:10EF2000242A7F2A1223130864623649562050008F
:10EF300008070300001C2241000041221C002A1C7B
:10EF40007F1C2A08083E0808008070300008080866
:10EF50000808000060600020100804023E51494586
:10EF60003E00427F400072494949462141494D33A4
:10EF70001814127F1027454545393C4A494931410B
:10EF8000211109073649494936464949291E0000D9
:10EF9000140000004034000000081422411414142E
:10EFA0001414004122140802015909063E415D591A
:10EFB0004E7C1211127C7F494949363E4141412223
:10EFC0007F4141413E7F494949417F090909013E4D
:10EFD000414151737F0808087F00417F4100204074
:10EFE000413F017F081422417F404040407F021C86
:10EFF000027F7F0408107F3E4141413E7F0909099D
:10F00000063E4151215E7F09192946264949493268
:10F0100003017F01033F4040403F1F2040201F3F2E
:10F020004038403F631408146303047804036159B3
:10F03000494D43007F4141410204081020004141F5
:10F04000417F0402010204404040404000030708A1
:10F050000020545478407F2844443838444444289D
:10F06000384444287F385454541800087E09021844
:10F07000A4A49C787F0804047800447D40002040CC
:10F08000403D007F1028440000417F40007C047810
:10F0900004787C080404783844444438FC18242458
:10F0A0001818242418FC7C080404084854545424D8
:10F0B00004043F44243C4040207C1C2040201C3C55
:10F0C0004030403C44281028444C9090907C44644C
:10F0D000544C4400083641000000770000004136DF
:10F0E000080002010204023C2623263C1EA1A16165
:10F0F000123A4040207A3854545559215555794197
:10F100002254547842215554784020545579400C6B
:10F110001E5272123955555559395454545939554E
:10F120005454580000457C410002457D4200014591
:10F130007C407D1211127DF0282528F07C54554525
:10F14000002054547C547C0A097F49324949493291
:10F150003A4444443A324A4848303A4141217A3AA2
:10F1600042402078009DA0A07D3D4242423D3D406E
:10F1700040403D3C24FF2424487E4943662B2FFC1D
:10F180002F2BFF0929F620C0887E090320545479CB
:10F19000410000447D413048484A32384040227A9C
:10F1A000007A0A0A727D0D19317D2629292F282619
:10F1B0002929292630484D40203808080808080821
:10F1C0000808382F10C8ACBA2F102834FA00007B7A
:10F1D000000008142A142222142A1408550055008D
:10F1E00055AA55AA55AAFF55FF55FF000000FF007C
:10F1F000101010FF00141414FF001010FF00FF1077
:10F2000010F010F0141414FC001414F700FF0000A8
:10F21000FF00FF1414F404FC141417101F10101F27
:10F22000101F1414141F00101010F0000000001F15
:10F23000101010101F10101010F010000000FF1020
:10F240001010101010101010FF10000000FF14001C
:10F2500000FF00FF00001F10170000FC04F414144E
:10F260001710171414F404F40000FF00F71414141A
:10F2700014141414F700F7141414171410101F109A
:10F280001F141414F4141010F010F000001F101FBD
:10F290000000001F14000000FC140000F010F0102B
:10F2A00010FF10FF141414FF141010101F000000A2
:10F2B00000F010FFFFFFFFFFF0F0F0F0F0FFFFFFA6
:10F2C0000000000000FFFF0F0F0F0F0F38444438FD
:10F2D00044FC4A4A4A347E02020606027E027E024C
:10F2E00063554941633844443C04407E201E200657
:10F2F000027E020299A5E7A5991C2A492A1C4C7294
:10F3000001724C304A4D4D303048784830BC625A1A
:10F31000463D3E494949007E0101017E2A2A2A2AAA
:10F320002A44445F444440514A444040444A514086
:10F330000000FF0103E080FF000008086B6B083647
:10F3400012362436060F090F0600001818000000B8
:10F350001010003040FF0101001F01011E00191DA7
:10F360001712003C3C3C3C00000000000000000084
:10F370000000000035410300F95B0300996A0200B8
:10F380009DDD0200896F0300A5320300A93203004E
:10F3900035360300B9320300CD32030001350300D6
:10F3A000A5320300E5320300E132030065380300B3
:10F3B00089370300B1330300D1360300093303005A
:10F3C00031340300427573792054696D656F75742B
:10F3D00021000000203A2000000000000000000092
:10F3E000CD4403005543030019430300896F030014
:10F3F000896F0300896F03005D42030089420300A7
:10F40000896F03008D42030095420300C14203004F
:10F410000543030009430300896F0300896F03005C
:10F42000896F0300896F03000D430300114303003C
:10F43000154303005F5570646174655F46756C6CBD
:10F44000000000005F5570646174655F5061727404
:10F45000000000005F506F7765724F666600000025
:10F460000000000000000000CD44030055430300ED
:10F4700019430300D157030085590300515103007C
:10F4800085510300DD510300F95403006D5603005C
:10F49000855103009555030005430300094303000C
:10F4A000714B0300254C0300E9490300254A030082
:10F4B0000D4303001143030015430300080000003F
:10F4C00006000000110000001400000016000000FB
:10F4D00018000000200000000B00000024000000C5
:10F4E00026000000090000000A0000002B000000B8
:10F4F0002D0000002F000000020000001D00000091
:10F500001F00000021000000220000002500000074
:10F510000D0000000F0000000D0A000000000000B8
:10F5200000000000216003006D600300DD5F030048
:10F53000F55F0300C55F0300D55F0300CD5F0300E7
:10F54000D1600300096303001D5F0300155F030022
:10F55000546D725100000000546D722053766300A8
:10F560006C6F6F700000000043616C6C6261636BD4
:10F57000000000002C2066756E6374696F6E3A207F
:10F5800000617373657274696F6E20222573222087
:10F590006661696C65643A2066696C652022257332
:10F5A000222C206C696E65202564257325730A0062
:10F5B0004C6100204300504F534958002E00232D2A
:10F5C000302B2000686C4C00656667454647004953
:10F5D0004E4600696E66004E414E006E616E003010
:10F5E00000303132333435363738394142434445BF
:10F5F000460030313233343536373839616263642E
:10F600006566000020202020202020202028282897
:10F6100028282020202020202020202020202020DA
:10F620002020202088101010101010101010101022
:10F630001010101004040404040404040404101042
:10F6400010101010104141414141410101010101DF
:10F65000010101010101010101010101010101108B
:10F6600010101010104242424242420202020202B4
:10F67000020202020202020202020202020202105C
:10F68000101010200000000000000000000000002A
:10F69000000000000000000000000000000000006A
:10F6A000000000000000000000000000000000005A
:10F6B000000000000000000000000000000000004A
:10F6C000000000000000000000000000000000003A
:10F6D000000000000000000000000000000000002A
:10F6E000000000000000000000000000000000001A
:10F6F000000000000000000000000000000000000A
:10F7000000000000496E66696E697479004E614EB2
:10F7100000000000000000000000000000000000E9
:10F7200000000000000000000000000000000000D9
:10F7300000000000000000000000000000000000C9
:10F7400000000000000000000000000000000000B9
:10F7500000000000000000000000000000000000A9
:10F760000000000000000000000000000000000099
:10F7700000000000000000000080E03779C3414332
:10F78000176E05B5B5B89346F5F93FE9034F384D07
:10F79000321D30F94877825A3CBF737FDD4F1575B3
:10F7A000000000000000F03F0000000000002440C6
:10F7B00000000000000059400000000000408F40A1
:10F7C000000000000088C34000000000006AF8400C
:10F7D0000000000080842E4100000000D012634130
:10F7E0000000000084D797410000000065CDCD41A6
:10F7F000000000205FA00242000000E87648374287
:10F80000000000A2941A6D42000040E59C30A24224
:10F810000000901EC4BCD64200003426F56B0C4399
:10F820000080E03779C3414300A0D8855734764340
:10F8300000C84E676DC1AB43003D9160E458E143A1
:10F84000408CB5781DAF154450EFE2D6E41A4B4416
:10F8500092D54D06CFF08044F64AE1C7022DB5445B
:10F86000B49DD9794378EA440500000019000000EE
:08F870007D0000000000000013
:08F87800D869FE7F01000000C9
:10F88000000000000A00000000000306B2000800AB
:10F8900001000000A800080002000000A000140001
:10F8A000030057494E55534200000000000000007D
:10F8B00000008400040007002A0044006500760070
:10F8C00069006300650049006E0074006500720005
:10F8D0006600610063006500470055004900440070
:10F8E0007300000050007B003900370035004600EF
:10F8F00034003400440039002D0030004400300052
:10F9000038002D0034003300460044002D0038003C
:10F910004200330045002D00310032003700430023
:10F9200041003800410046004600460039004400CE
:10F930007D000000000000000400000010000C002A
:10F9400070720020F0E203000000000000000000E0
:10F9500000000000000000000000000000000000A7
:10F960000000000000000000000000000000000097
:10F970000000000000000000000000000000000087
:10F980000000000000000000000000000000000077
:10F990000000000000000000FF020000FFFFFFFF6A
:10F9A000FFFFFFFF10FF0500FFFFFFFFFEFFFFFF50
:10F9B000FFFFFFFFFFFFFFFFFFFFFFFFFFFFFFFF57
:10F9C00003FF00000090D0034C6100200000000005
:10F9D00034F7030054F7030014F70300000000009D
:10F9E0000000000000000000000000000000000017
:10F9F0000000000000000000000000000000000007
:10FA000000000000000000000000000000000000F6
:10FA100000000000000000000000000000000000E6
:10FA20000000000000000000000000004300000093
:10FA300000000000000000000000000000000000C6
:10FA40000000000000000000000000004300000073
:10FA500000000000000000000000000000000000A6
:10FA60000000000000000000000000004300000053
:10FA70000000000000000000000000000000000086
:10FA80000000000000000000000000004300000033
:10FA90000000000000000000000000000000000066
:10FAA0000000000000000000000000004300000013
:10FAB0000000000000000000000000000000000046
:10FAC00000000000000000000000000043000000F3
:10FAD0000000000000000000000000000000000026
:10FAE00000000000000000000000000043000000D3
:10FAF0000000000000000000000000000000000006
:10FB000000000000000000000000000061C20300CF
:10FB100061B103000000000003F60300BCF5030020
:10FB2000AFF50300AFF50300AFF50300AFF5030039
:10FB3000AFF50300AFF50300AFF50300AFF5030029
:10FB4000AFF50300FFFFFFFFFFFFFFFFFFFFFFFF1A
:10FB5000FFFF00000100415343494900000000003D
:10FB60000000000000000000000000000000000095
:10FB7000000000000000415343494900000000001C
:10FB80000000000000000000000000000000000075
:10FB90000000000000000000016202003562020067
:10FBA00025660200C9250300892F03004D3203009A
:08FBB0009965030011620200D7
:04000003300095A193
:00000001FF
