:020000022000DC
:1060000000000420E57F03002580030027800300B3
:10601000298003002B8003002D8003000000000076
:10602000000000000000000000000000017E0300EE
:106030003180030000000000217E03003580030052
:1060400095810300378003008D4F0300CD1A0300B4
:10605000378003003780030071500300378003004E
:106060003780030037800300378003003780030048
:106070003780030037800300378003003780030038
:1060800037800300857B03003780030037800300DF
:106090003780030037800300378003003780030018
:1060A0003780030037800300378003003780030008
:1060B000378003003780030000000000000000006C
:1060C0003780030037800300378003008187030097
:1060D000378003003780030037800300F16C020033
:1060E0003780030037800300378003000000000082
:1060F000000000003780030000000000F987030063
:10610000000000000000000000000000000000008F
:10611000000000000000000000000000000000007F
:10612000000000000000000000000000000000006F
:10613000000000000000000000000000000000005F
:10614000000000000000000000000000000000004F
:10615000000000000000000000000000000000003F
:10616000000000000000000000000000000000002F
:10617000000000000000000000000000000000001F
:10618000000000000000000000000000000000000F
:1061900000000000000000000000000000000000FF
:1061A00000000000000000000000000000000000EF
:1061B00000000000000000000000000000000000DF
:1061C00000000000000000000000000000000000CF
:1061D00000000000000000000000000000000000BF
:1061E00000000000000000000000000000000000AF
:1061F000000000000000000000000000000000009F
:10620000F1EE103A43F08073E1EE103A704700BFB0
:1062100010B5054C237833B9044B13B10448AFF3E0
:1062200000800123237010BD3463002000000000B3
:106230000CE6030008B5034B1BB103490348AFF359
:10624000008008BD00000000386300200CE6030059
:10625000154B002B08BF134B9D46A3F5803A002138
:106260008B460F461348144A121A13F0D1FC0F4BF9
:10627000002B00D098470E4B002B00D098470020F1
:10628000002104000D000D48002802D00C48AFF397
:10629000008013F039FC2000290011F0F5FE13F006
:1062A0000DFC00BF000008000000042000000000FA
:1062B0000000000034630020F0BD0020000000005A
:1062C000000000000146014800F08EBA6C63002017
:1062D00038B5064B1D783DB100242046013400F04E
:1062E00049FEE0B28542F9D838BD00BF686300209E
:1062F000407DFF2806D010B500F088FD044618B197
:10630000204610BD0020704712F094FB204610BDBF
:10631000407DFF280ED000B583B00DF1070100F0DD
:10632000C9FD20B19DF8070003B05DF804FB4FF0F4
:10633000FF30F9E74FF0FF30704700BF407DFF2886
:1063400011D000B583B001220DF1070100F06AFD04
:1063500020B94FF0FF3003B05DF804FB9DF8070053
:1063600003B05DF804FB4FF0FF307047407DFF281D
:1063700001D000F0FFBD7047407DFF2801D000F044
:106380003FBE0020704700BFF8B50646407DFF289D
:106390001CD017465AB10D46144600F011FD29468F
:1063A000224680B1707D00F08FFD241A01D138465D
:1063B000F8BD054412F03EFB707D00F001FD29465A
:1063C00022460028EED13F1B3846F1E70020F8BDF9
:1063D0000AB32DE9F043524991F81C6191F81D511F
:1063E00091F81E7193B0994614467B1CAA1C8046F6
:1063F000B01C81F81C0181F81D2181F81E3101A813
:106400004222002113F004FCB9F1410F05D800200D
:1064100013B0BDE8F083422070478DF806608DF818
:106420000E608DF82660721C40F20126D2B2ADF8E3
:106430001060DFF8F0C08DF81E20242640F6083EDC
:106440006B1C8DF827208DF83120ADF804E08DF815
:1064500016608DF820608DF82460CDF818C00426F1
:106460004FF0060C65F07F0540F209424FF0010E37
:1064700098F81410ADF80C208DF81CE005228DF86A
:106480001F608DF830608DF822C040F207568DF8FD
:1064900025C08DF82A5020464FF0030E63F07F048C
:1064A0004FF0080C02234FF411658DF814108DF88D
:1064B00007308DF808308DF809308DF812308DF8DE
:1064C00021308DF815208DF823208DF82BE08DF8E4
:1064D0002CC04FF00A0EADF82E504FF0400C01A921
:1064E000ADF8286007258DF833308DF840208DF801
:1064F0004140422244F20204ADF838608DF83B304E
:106500008DF83A708DF834E08DF83CC08DF83F502E
:10651000ADF8424013F058FB422013B0BDE8F083C1
:106520006C63002020010524A0F11000FFF750BF8C
:1065300070B50368184A5B6882B093428DF8071003
:1065400024D10546407DFF281DD000F039FC0DF117
:10655000070601243146224688B1687D00F0B4FC6C
:10656000241A02D1012002B070BD064412F062FA72
:10657000687D00F025FC314622460028EDD1C4F1AB
:10658000010002B070BD002002B070BD01220DF10B
:106590000701984702B070BD89630200437DFF2B5D
:1065A00000D07047094B1A78002AFAD110B500F1D3
:1065B000100442750649204601221A7000F0E0F9E5
:1065C00021460448BDE8104000F0F0B868630020A0
:1065D0007CCB03006C630020407DFF2807D000B512
:1065E00083B000F0EDFB20B103B05DF804FB0020A8
:1065F0007047019012F01EFA019803B05DF804FB99
:1066000001B900B1704700B583B0694600F0EEFBF8
:10661000009BB3F5966F02D003B05DF804FB00F069
:106620007DFBF9E730B4084B084A4FF47F4102F193
:106630000805002430324FF47A7099821D60C3E956
:1066400001401A6130BC7047506300208CCB0300BE
:106650002DE9F0410024484E2546435D4719A3B17A
:1066600003F14002D2B2012A0AD9F42B08D81A0643
:106670000ED44FF0010EA3F55842B2F5006F56D27A
:1066800001354719435D002BEAD12046BDE8F08172
:1066900003F0E002C02A57D003F0F002E02A66D0EF
:1066A00003F0F802F02AEBD103F007024FF0040EDA
:1066B0007B7803F0C00CBCF1800FE1D197F802C0E9
:1066C0000CF0C00803F03F03B8F1800F43EA8213D7
:1066D000D6D10CF03F0CBEF1030F4CEA83132DD042
:1066E000FA7802F0C007802FCAD102F03F0242EAD6
:1066F0008313A3F58032B242C2D8A3F55847B7F549
:10670000006FBDD3B3F5803F05F1040510D31E2CF7
:10671000BBDC6300970A0B44C2F30902A7F52057BC
:10672000A2F5105221F814705A80023495E775448E
:10673000202CAAD021F8143001348EE7A3F5006292
:10674000B2F5784F97D39BE77A7802F0C007802F95
:1067500003F01F0394D102F03F0242EA8313A3F136
:106760008002B2F5F06F8BD24FF0020E83E703F098
:106770000F024FF0030E9BE7FFFF0F0090F8503120
:106780000B2B0CD871B103F1480210B45C1C80F8DB
:10679000504140F822105DF8044B18467047002322
:1067A000184670470B461846704700BF70B5044640
:1067B0000E68B4F81821B4F81A31656936689B1A66
:1067C00008469BB294F81C112A44B04758B1B4F85B
:1067D00018216369104480B2A4F81801588094F815
:1067E0001C211A71012070BD2DE9F043284DDFF8FE
:1067F000B090AC4604468846BCE80F0089B003AFB1
:106800000FC703AE0FCE05F1140E25460FC59EE847
:106810000700DCF800303B806B4636682E8003C3EF
:106820006B4603CB012504F118034FF480766361B6
:10683000A061E16184F8202004F59870C4F81891F3
:106840002022A4F81C61002184F81E5113F0E0F905
:1068500040F20947042240F2EF230E4E0E48C4F8DE
:1068600028010021C4F82C1184F85021A3804FF492
:10687000E131A571C4F82071C4F824610748FFF71D
:106880008DFE404600F038FA284609B0BDE8F08396
:10689000C0CB0300F0CB0300F8CB03005063002013
:1068A00009000001004870476C630020014B5869E3
:1068B000704700BF6C6300202DE9F04F89B0F8B13C
:1068C000032816D02B4C94F8503183424FD94830CE
:1068D00004F5AA7154F82000FFF7BAFEC0B20130E7
:1068E000400040F44070A4F85201234809B0BDE8CC
:1068F000F08F204CD4F82C0150B104F5AA71EBE7CD
:106900001C4CD4F82031A4F854314FF44170EAE71C
:10691000684600F005FA054610B300F1FF3A0DF1A4
:106920000103164FE94653FA8AFAA64604AE97E8E1
:106930000F0019F801CB86E80F000CF00F080DF1DD
:10694000200BD8440BEB1C1C18F8108C1CF8103CC6
:10695000AEF85681D145AEF854310EF1040EE6D1B1
:106960006800C0B20130400040F44070BBE7002036
:10697000BCE700BF6C630020BE640020E0CB0300D6
:1069800010B504460248FFF7F9FE207110BD00BFA4
:106990006C63002030B5144C236883B013B31868BF
:1069A00051B90BF0F7F9236893F90400012103B002
:1069B000BDE8304012F072BA0C4B00930025012361
:1069C0008DF805308DF8045002AB13E906000BF08A
:1069D0007DF9236893F90400294603B0BDE83040EF
:1069E00012F05CBA03B030BD0065002080BA8C01A3
:1069F0000448006828B108B500680BF0D1F90120FF
:106A000008BD704700650020084B1B6843B141B9C1
:106A1000074B4022C3F88020BFF34F8FBFF36F8F27
:106A20007047034B40221A60704700BF006500208A
:106A300000E100E0024B53F8200000B1C06870474D
:106A40000465002030B4094CBDF8085054F82040CB
:106A500044B1246934B10846A44611461A462B466F
:106A600030BC6047002030BC704700BF0465002088
:106A700030B4084CBDF8085054F8204044B1646963
:106A800034B10846A44611461A462B4630BC60472E
:106A900030BC70470465002000207047024B186826
:106AA00008B190F8600070470C6500202DE9F843AC
:106AB000234C2568002D3CD01E462C2303FB00539D
:106AC0001746D3F8209088460446B9F1000F32D01B
:106AD000484613F060FF2C2303FB0454D4E9095407
:106AE000DFF864C0174B08280246494628BF082231
:106AF0004046002D08BF6546002C08BF1C4613F019
:106B000063F8284613F047FF10280246294628BF9D
:106B10001022384613F058F8204613F03CFF0428A2
:106B200002462146304628BF0422BDE8F84313F050
:106B30004BB8BDE8F883DFF814900820CBE700BF1E
:106B40000C65002028CC030018CC03000CCC0300FB
:106B500070B5104E3368D3B12C2404FB00340546C5
:106B600062691AB19047336884F832002C2202FB24
:106B7000053393F8324014B10124204670BD2846F5
:106B800023463A22022101F0E7F8204670BD1C4658
:106B9000204670BD0C650020074B1B6853B110B434
:106BA0002C2404FB0030C46A038E0C6013805DF853
:106BB000044B7047704700BF0C65002008B52022C9
:106BC0000023052101F0C8F84FF0FF3008BD00BFD9
:106BD00030B4094C24685CB10D4611462C2202FBEE
:106BE0000044E46924B11A462846234630BC1847BD
:106BF000012030BC704700BF0C65002030B4094C48
:106C0000029A246854B10D462C2101FB0044A4686B
:106C100024B119462846234630BC18474FF0FF30B0
:106C200030BC70470C65002030B4094C029A2468CF
:106C300054B10D462C2101FB0044E46824B11946EF
:106C40002846234630BC18474FF0FF3030BC704711
:106C50000C650020044B1B682BB12C2202FB00307A
:106C6000036903B1184770470C650020054B1B688A
:106C70002BB12C2202FB0030836903B1184701209D
:106C8000704700BF0C65002005F0DCBB00B5164B5B
:106C900083B04022002483F8272301A90123204642
:106CA0008DF804308DF8054002F0DAFE4FF0804395
:106CB00002A8D3F8385400F8084D11F025FA0B4B10
:106CC000019301A811F04CFA11F05CFAEB0707D41C
:106CD00000214FF0FF3002F04DFFFFF7F9FAF7E720
:106CE000204605F0AFFBF3E700E100E0896C02000D
:106CF000002005F01DB800BF00B5002383B00322BB
:106D0000CDE9002303490448C8220FF0FBFE03B07D
:106D10005DF804FB2CCC03008D6C020012F036B839
:106D20004FF08052536E1BBA0360136E1BBA436060
:106D3000082070470048704734CC030070B51E4CE3
:106D40002368D3B1012901D0012070BD1578C5F3A6
:106D50004115012D13D0022D0FD15478012C21D0D3
:106D6000022CF1D19388072B07D1144C11462389AB
:106D70002246BDE8704003F035BE002070BD51785A
:106D80002229E1D111465288003218BF01225A75DA
:106D900003F010FE2268D369002BD5D0507D9847B0
:106DA000284670BD9C69002CE7D011462378224606
:106DB000BDE8704003F016BE10650020046000209E
:106DC00010B5044602F034FE08B9002010BD02F0F0
:106DD00037FE0028F9D1044B4FF4367202FB04341D
:106DE000207900F0010010BD94650020064A4FF4A0
:106DF000367303FB00230833186808609A889B7970
:106E00008B718A80704700BF9465002008B5044AE2
:106E10004FF4367303FB0020103002F055FC08BD20
:106E2000946500202DE9F8434FF4367404FB00F418
:106E30001E4E4FF6FF73074604F110054FF6FE7025
:106E4000824288BF1A463544284692B202F066FC58
:106E5000804602F0EDFD10B94046BDE8F88302F02F
:106E6000EFFD81460028F7D13444E378002BF3D0BE
:106E7000284602F041FC3F28EED9E178484603F06D
:106E8000E7FC0028E8D0284602F036FC3F2804D86A
:106E9000E178484603F0ECFCDEE7054AE178484635
:106EA00002EBC712402303F0F3FCD5E79465002002
:106EB00014650020034A4FF4367303FB00201030A2
:106EC00002F096BC946500202DE9F8434FF4367526
:106ED00005FB00F5244F4FF6FF73064605F1240429
:106EE0004FF6FE70824288BF1A463C4492B220465A
:106EF00002F0B8FC8046204602F0E6FB3F2802D8AC
:106F00004046BDE8F88302F093FD0028F8D002F077
:106F100097FD81460028F3D1204602F0D5FB0028DA
:106F2000EED03D444846A97803F092FC0028E7D013
:106F30000E4B402202EBC6161E442046314602F09C
:106F4000EDFB034660B13246A978484603F0A0FC49
:106F50000028D5D1064B1B68DB07D1D500BECFE793
:106F6000A97803F085FCCBE7946500201465002028
:106F7000F0ED00E02DE9F041804602F059FD10B936
:106F80000020BDE8F08102F05BFD07460028F7D144
:106F90004FF4367404FB08F4164E04F1240535440E
:106FA000284602F091FB0028EAD026443846B17802
:106FB00003F04EFC0028E3D040220F4B02EBC81830
:106FC00098442846414602F0A9FB044660B1424677
:106FD000B1783846234603F05BFC40B9074B1B6889
:106FE000DB07CDD500BECCE7B17803F041FC2046ED
:106FF000C7E700BF9465002014650020F0ED00E0B5
:1070000008B5044A4FF4367303FB0020243002F025
:1070100073FB08BD9465002070B5204C82B0002140
:107020004FF4367220460D4612F0F2FDFF234FF466
:10703000E132082604F138016371A26001234FF4A4
:107040008072009504F11000A67302F001FB144B4E
:107050001B78C3F38003009304F59C7101234FF464
:10706000807204F1240002F0F3FA04F50E7101209D
:107070000EF08CFF04F52271064601200EF086FF0B
:1070800006B130B9074B1B68DB0700D500BE02B064
:1070900070BDC4E90756C4E90C05F8E79465002003
:1070A000B8600020F0ED00E038B5094C206A256B8F
:1070B00020B10FF08FFB0023C4E907332DB1284620
:1070C0000FF088FB0023C4E90C33012038BD00BF5A
:1070D0009465002010B50E4C0E4823780022026003
:1070E0000271DA0709D59B070DD521780A48C1F34B
:1070F0008001BDE8104002F063BC103002F040FC9B
:1071000023789B07F1D4044802F03AFCEDE700BF76
:10711000B860002094650020B86500202DE9F0419A
:107120004B79022B82B004D00025284602B0BDE87E
:10713000F0818B79022BF7D1364EB3782BB1364BD9
:107140001B68DB07F0D500BEEEE78B7833700C7858
:107150000C4407466378242B4FF009050BD1082A0D
:1071600002D822E0AA4220D323781C441D4463782D
:10717000242BADB2F6D0052B38D0042B15D1637972
:107180000A2B12D1254A94F8008001920223013281
:107190000092384604EB08011A4603F095FA0028DD
:1071A000CDD00E3518FA85F5ADB202F041FC0028BD
:1071B000BBD002F045FC04460028B6D1F378002B82
:1071C000B3D0174802F098FA3F28AED9F17820469C
:1071D00003F03EFB0028A8D0114802F08DFA3F28AA
:1071E000F17811D8204603F043FB9EE7214638464C
:1071F00003F00AFB0028A2D0A378737023781C4404
:107200001D44ADB26378B8E7064A2046402303F038
:107210003FFB8AE794650020F0ED00E096650020D2
:10722000A46500201465002038B5137803F06003CE
:10723000202B01D0002038BD294C938825789D4211
:10724000F8D15378203B032BF4D8DFE803F008157E
:107250001E02012936D0032939D0012038BD012969
:107260000CD00329F9D11F4B002BF6D01E4900206A
:10727000AFF30080012038BD0129EED1114607236C
:10728000194A03F0AFFB012038BD01291AD00329A8
:10729000E3D1164B55881B781548257113F004016E
:1072A0001CBFE94301F0010102F08AFB114B002BE6
:1072B000D3D0C5F3400205F001010020FFF7A0F98B
:1072C000012038BD114603F075FB012038BD0A4B83
:1072D000002BC2D051880020AFF30080BDE700BF73
:1072E00094650020000000009C650020B86000202C
:1072F000B865002001660200000000002DE9F0479B
:107300005F4CE2788A420D4680461F4659D15D4E59
:107310009AB2314604F1100002F0A4FA5A4BC3B1FC
:107320006379FF2B15D0A7B106EB070A04F110090A
:1073300002E056450DD0637916F8012B9A42F8D138
:10734000484602F0D1F90028F3D16179AFF300800B
:10735000EFE74E4B23B14E4802F0C6F9002863D048
:1073600002F066FB002862D1A3789D4202D0012082
:10737000BDE8F087474B13B10020AFF3008002F067
:1073800057FB00282BD1444802F09EF90028EED18B
:10739000002FECD017F03F07E9D1A178404603F069
:1073A00057FA0028E3D0A17840463B463A4603F01E
:1073B0006FFA0028DBD1394B1B68DA070CD500BE09
:1073C000D6E7A3788B42D5D0344B1B68DB0703D5B7
:1073D00000BE0020BDE8F0870020BDE8F08702F085
:1073E0002FFB05460028CED12B4802F06DF900286E
:1073F000C9D0A178284603F02BFA0028C3D0402238
:107400002749254802F08AF9034600282CD028464F
:10741000234AA17803F03CFA0028A8D11F4B1B682F
:10742000D907B0D500BEAEE7AFF3008098E702F011
:1074300007FB0646002897D1E378002B94D0144828
:1074400002F05AF93F288FD9E178304603F000FA6C
:10745000002889D00E4802F04FF93F28304607D85F
:10746000E17803F005FA7FE7A17803F001FA8AE7F3
:107470004023044AE17803F00BFAA37875E700BFD4
:10748000946500201465002000000000000000004A
:10749000A465002000000000B8650020F0ED00E0C9
:1074A00054650020704700BF01207047704700BF3F
:1074B000704700BF044B0022C3E90022C3E9022247
:1074C000C3E90422704700BFEC6900200120704727
:1074D000044B0022C3E90022C3E90222C3E90422CB
:1074E000704700BFEC6900202DE9F0434B79032B76
:1074F00083B004D00024204603B0BDE8F0830B79AC
:10750000C3EBC3041234A4B2944205D9254B1B68C3
:10751000DA07EFD500BEEDE7234A5578002D3ED0BF
:10752000557B002DF2D102F10C054FF4A0770E78B7
:107530008A1992F801C0BCF1210FE7D1AA608946EF
:10754000895D80466E1CA81C1144CDE900061A46D0
:107550004046032303F0B8F80028D7D099F8063046
:10756000A978012B04BF99F80730EB700123AB71A8
:1075700099F80220AB682A70B3F80730AB80002975
:10758000B9D00A4A40463A44402303F081F9002822
:10759000B1D1044B1B68DB07ADD500BEABE7154688
:1075A0008027C4E7F0ED00E0EC6900206C68002063
:1075B0002DE9F047137803F01F06012E82B003D0A7
:1075C000002002B0BDE8F087DFF80882978898F8BD
:1075D0000040FFB2BC4200F0B08098F80C40BC42C2
:1075E000EED13746B4464FF0C00E4FF0130A4FF0BD
:1075F000120913F060030C460546164604D1012912
:1076000000F0A4800120DCE7202BD9D15378013B86
:107610000A2BD5D801A252F823F000BFF176020060
:10762000E7760200D1760200C1750200C175020042
:10763000C1750200C1750200C17502009176020099
:10764000697602004976020001291BD00329D9D1AD
:1076500073880C2606FB0786DBB260461946B371B9
:10766000FFF720FF0120ACE70129CBD173880C2262
:1076700002FB07871B0A60461946FB71FFF714FFE0
:1076800000289DD03146284603F094F9012098E760
:10769000012900F086800329B4D1F48871884B4B0E
:1076A000402C4FEA1122204628BF402011F0FF0154
:1076B000734407D0012C05D91C788C4202D10138C3
:1076C00080B2013300906046FFF7D2F9012078E7DD
:1076D000012997D108EB090231462846234603F0D9
:1076E00081F920466DE701298CD108EB0A02F3E706
:1076F000012987D1F3887188344F402B4FEA11223A
:10770000184628BF402011F0FF01774454D0012BC8
:1077100052D9013880B239707B1C00906046FFF767
:1077200091F90444A3B2002B49D1294A1268D20727
:107730007FF546AF00BE184643E74FF0000E774690
:10774000F4464FF0070A4FF0060952E75378062B2C
:107750007FF436AF53881B0A212B12D0222B7FF4E3
:107760002FAF6046FFF766F97B001F4408EB8708E0
:10777000024631462846B8F8043003F033F9204673
:107780001FE77B001F4408EB8708D8F80820002A71
:107790003FF416AF1378314602B0BDE8F04703F06E
:1077A00021B9F388402B3FF60BAF084A31467244AB
:1077B00003F018F9204604E73B460024ADE73A46BB
:1077C0003146284603F00EF90120FAE66C680020E5
:1077D000F0ED00E0EC690020F0B52C4CA67865785F
:1077E0008E4283B0074610D0A9422CD0A07B657B87
:1077F00088423FD0A94244D0254B1B68DA0702D407
:10780000002003B0F0BD00BEFAE780264FF0400C28
:107810000020A9429BB21AD01E4D3544FAB90093FC
:1078200011462B460222FFF723F92A46A178384653
:10783000402303F02DF80028E3D1154B1B68DB072C
:10784000DED500BEDDE74FF0400C00209BB21149B1
:1078500061444AB91A46FFF729FE0120D1E72A46BA
:107860000221FFF725FEE0E70A460121FFF720FE8F
:107870000120C6E70C344FF4A0764FF4807C012041
:10788000C7E74FF4807C0120E0E700BFEC690020EF
:10789000F0ED00E06C68002070B5194C82B000215A
:1078A0000D464FF4EC72204612F0B2F904F13801A3
:1078B0000123802204F11000009501F0C9FE04F1BB
:1078C000B80101238022009504F1240001F0C0FEDC
:1078D00004F59C7101200EF059FB04F5C4710646B5
:1078E00001200EF053FB30B9064B1B68DB0700D5B7
:1078F00000BE02B070BDC4E90756C4E90C05F8E744
:10790000846A0020F0ED00E038B5094C206A256B50
:1079100020B10EF05FFF0023C4E907332DB12846E4
:107920000EF058FF0023C4E90C33012038BD00BF1E
:10793000846A002010B5084C002304F11000C4E94B
:107940000033C4E9023302F01BF804F12400BDE85F
:10795000104002F015B800BF846A00202DE9F04302
:107960004B79012B83B004D00025284603B0BDE835
:10797000F0838B79012B0C46064616D049780429F2
:10798000F2D10025032BEFD1E379002BECD1DFF806
:10799000FC8098F8013013B998F802700FB3384B97
:1079A0001B68DB07E0D500BEDEE7CB79002BDBD11F
:1079B0000B781C449DB2617824290BD1954202D9E1
:1079C000D2E7AA42D0D323781C442B4461782429DF
:1079D0009DB2F6D00429C7D16379012BC4D1A37914
:1079E000D0E7A37888F8003094F8009021794D44CE
:1079F000ADB2A14439B925E099F800308F421D4459
:107A0000ADB299441ED2AA421CD399F80130052B7D
:107A1000F2D149463046019202F0F6FE019A002862
:107A2000BDD099F80230D90914BF88F8013088F820
:107A3000023099F80030217901371D44FFB2ADB210
:107A40009944D9E70F4801F057FE3F288DD998F89F
:107A50000210002002F0FCFE002886D0094801F048
:107A60004BFE3F2898F8021003D8002002F000FFD8
:107A70007BE7054A4023002002F00AFF75E700BFBC
:107A8000F0ED00E0946A0020446A0020846A00203F
:107A900000207047F8B53C4DAA788A421F4612D1A3
:107AA0009AB23A4905F1100001F0DCFE384B13B1EF
:107AB0000020AFF30080374801F01EFE3F282CD88D
:107AC00001242046F8BD6B788B4208D0324B1C68ED
:107AD00014F00104F5D000BE00242046F8BD06468F
:107AE00005F1240001F0F0FD40BB2C4801F0ECFD55
:107AF0000028E5D1002FE3D017F03F07E0D16978E7
:107B0000304602F0A5FE04460028D9D069783046F8
:107B10003B463A4602F0BCFED3E7A978002002F0CB
:107B200097FE04460028CBD01A4801F0E5FD3F2817
:107B3000A9781ED8002002F09BFEC2E769780020D9
:107B400002F086FE0028D0D04022154905F124001D
:107B500001F0E4FD034690B1114A6978002002F07B
:107B600097FE0028ACD10C4B1B68DB07BDD500BECF
:107B7000BBE7064A4023002002F08AFEA1E76978AD
:107B800002F076FEB1E700BF846A0020446A00205C
:107B900000000000946A0020F0ED00E0A86A0020D8
:107BA000046A002030B4114B9C689A6B93F83C50E7
:107BB00083F82C10A21A022183F830109A6225B99A
:107BC00042F2050183F83E50998744B13AB11A7BDD
:107BD000D20906D193F82F1030BC02F099BE30BC08
:107BE000704793F82E1030BC02F092BE5C6E0020FD
:107BF00038B5214B214C05461BB1607BFFF736F8A9
:107C0000A8B1A06BA36894F82F101D4A1B1AB3F5F6
:107C1000007F28BF4FF4007328469BB202F038FE65
:107C200020B9184B1B68DB0700D500BE38BDA26821
:107C3000A36B84F83E0042F20771D31A0120A1879A
:107C40000221A36284F82C0084F83010002AEDD0C1
:107C5000002BEBD0237BDB0906D194F82F102846AC
:107C6000BDE8384002F054BE94F82E102846BDE816
:107C7000384002F04DBE00BF6D6C02005C6E00200B
:107C80005C6C0020F0ED00E070B5304CE28AA36837
:107C900052BA92B286B0054612B1B3FBF2F292B27A
:107CA000A66BD4F81110607B9B1BB3F5007F28BF37
:107CB0004FF4007309BA0093B6FBF2F302FB1362B0
:107CC0001944234BFEF79AFF031E20DB94F82E2065
:107CD0000DD011469BB228461D4A02F0D9FDA0B92D
:107CE0001C4B1B68DB0710D500BE06B070BD072417
:107CF000194603A88DF80C508DF8102005938DF8C7
:107D000011308DF80D4002F0B7FB06B070BDA268CF
:107D1000A36B43F602200021D31AA08784F83E10FB
:107D200001200221A36284F82C0084F83010002A7C
:107D3000EBD0002BE9D0237BDB0914BF94F82E1085
:107D400094F82F10284602F0E3FDDEE75C6E002079
:107D50005C6C0020F0ED00E010B4054C012084F8CC
:107D60003C1084F83D2084F83E305DF8044B7047A9
:107D70005C6E002040220021014811F049BF00BF85
:107D80005C6E002040220021014811F041BF00BF7D
:107D90005C6E00204B79082B01D0002070478B7956
:107DA000062BFAD1CB79502BF7D1162A06D81C4BCB
:107DB0001B68D907F1D500BE0020704770B5194D7A
:107DC0008B7885F82D300B7882B005F12F0205F104
:107DD0002E0619440223CDE900261A46044602F075
:107DE00073FC48B90E4B1B68DA0702D500BE02B01F
:107DF00070BD002002B070BD204695F82F100A4AD1
:107E000000241F2385F8304002F042FD30B9044BB6
:107E10001B68DB0702D500BE1720E8E71720E6E75E
:107E2000F0ED00E05C6E00205C6C0020012901D0C8
:107E300001207047F0B5137803F07F01022985B067
:107E4000054606D003F06003202B1AD0002005B0B1
:107E5000F0BD5478012CF5D15388002BF6D1434E58
:107E6000918896F83030042BC9B279D096F82E401C
:107E70008C423DD096F82F408C4257D0012005B05F
:107E8000F0BD5378FE2B16D0FF2BDFD15388002B8B
:107E9000DCD1D488A3B2002BD8D1344E1146284669
:107EA00086F83030C6E90D33B48786F83E3002F0EC
:107EB00081FD0120CBE75388002BC7D1D388012B4C
:107EC000C4D12B498DF80F3000294DD00192FEF717
:107ED000E5FD019A0028B9D0431EDBB204AC11467F
:107EE00004F8013D28462246012302F07BFDC5E748
:107EF000022BC3D1B26BB3681E4F9B1AB36206F15B
:107F000020030FCB07C73A46214602F80C39032459
:107F100028460D2386F8304002F0BAFC0028ADD187
:107F2000154B1B68DB0791D500BE90E7002BA5D150
:107F3000214602F0DFFC0028A0D12146284602F0AD
:107F400005FD00289AD1002496F82F10094A86F8DA
:107F5000304028461F2302F09BFC0028E0D08DE72C
:107F600002F0D6FC204672E70B46B7E75C6E0020B5
:107F70009D6A02005C6C0020F0ED00E02DE9F0410C
:107F8000B44C94F83050012D8EB01E46074645D0B3
:107F900028D3032D05D0022D5FD001200EB0BDE8FF
:107FA000F08194F82E308B42F7D10D2EF5D1E37B82
:107FB000282B00F01A812A2B40F00D81A64B13B11B
:107FC000607BFEF747FE002594F82F10A34A84F843
:107FD00030501F23384602F05BFC002861D094F833
:107FE0003050D8E794F82F508D42D6D11F2B06D1B0
:107FF000DFF868829A4BD8F800209A4271D00423A7
:1080000094F82E1084F83030384602F081FC38465F
:1080100094F82F1002F07CFC0020BFE7B3F5007F3E
:1080200008D9904B1B68D90700D500BE00200EB0C0
:10803000BDE8F081E27BA36B282A00F087802A2A22
:1080400000F08F80217B626B1E44CB09A66336D083
:1080500096422CD3022384F8303094F82E10384600
:1080600002F074FC002898D1A368A26B94F82E60EB
:10807000934202D9217BC9092ED19B1A7A4AA36265
:108080000FCA764D07C52A46314602F80C3903253A
:1080900038460D2384F8305002F0FAFB00287FF4B4
:1080A0007CAF704B1B68DB07C0D500BE76E76D4B1D
:1080B0001B68DA0793D500BE94F830506BE793B293
:1080C000607B664A04F10F01FEF778FD0028C0F2DC
:1080D0009F80A66B626BBBE73146384602F018FC06
:1080E0005BE7C446BCE80F0026460FC69CE80F00BD
:1080F00007C626F8023B1B0C3370D4E90123E17B51
:108100005A4E626201200022282963632662A2621D
:1081100084F82C20A26384F8300000F0AD802A2976
:1081200000F0DF80002B00F0EF80227BD20940F0CE
:10813000EB80B3F5007F00F26F819BB22946474A7E
:10814000384602F0A5FB0028ABD048E7626B1E441E
:108150009642A663BFF47EAFFFF796FD94F83050C9
:1081600019E7E28A52BA92B21AB1A168B1FBF2F2EF
:1081700092B2D4F81110394DB3FBF2FC09BA02FBEC
:108180001C32607B009661442B46FEF74DFD0028B3
:10819000C0F2FB81864230D9361A40B1A36B291850
:1081A00013FA80F332462846A36311F018FD00232A
:1081B00094F82F508DF818500722194605A88DF80D
:1081C000147007968DF819308DF8152002F054F9C7
:1081D00094F83050DFE6264B002B3FF4F4AE04F168
:1081E0000F01607BAFF30080EDE6224B002B3FF4E4
:1081F000EAAE607BAFF30080E5E6D4E90D231E44D0
:108200009642A663BFF426AF3846FFF7F1FCE6E6D8
:10821000A368A66B94F83C1084F82C509A1B02209B
:10822000A26284F8300021B942F2050084F83E10C1
:10823000A087002B3FF44EAF002A3FF44BAF237BC7
:10824000DB0940F0E58194F82F10384602F060FB1E
:108250003FE700BF5C6E0020556C02005C6C0020A4
:1082600055534243F0ED00E07C6E002055534253DD
:108270000000000000000000E28A52BA92B20BBB7C
:10828000002A3FF4E7AE94F83C10A362022284F87F
:108290002C2084F8302000297FF4DFAE42F2050163
:1082A0000022A18784F83E20002B3FF4D6AE237B2A
:1082B000DB0940F09A812946384602F029FB94F800
:1082C000305068E6207BC00913D0002A00F080817E
:1082D000B3FBF2F2002A00F0A3812829384694D19A
:1082E0003AE7E28A52BA92B2002BC9D0207BC00989
:1082F000EBD094F83C10A362022284F82C2084F87E
:1083000030200029CAD0D2E7667B252900F22B81D4
:10831000DFE811F0220129012901E50029012901E5
:1083200029012901290129012901290129012901FD
:108330002901290129012901BD002901290129015A
:108340002901290129012901990087002901290111
:10835000710029012901290129014C002901260068
:10836000304604AA05A9FEF717FC059B002B00F078
:108370004481BDF81020002A00F03F81013B1BBA68
:1083800012BAC8E900320820A368002B44D09842F2
:1083900028BF184683B26063A64A94F82E10384668
:1083A00002F076FA00283FF47CAE18E605AD002313
:1083B0000DF10E02304604A96B600593AB60FEF729
:1083C000EBFB049A002A00F01881BDF80E30002B58
:1083D00000F0138112BA082106925BBA0222ADF8AE
:1083E0001E308DF817108DF81C2095E8070088E8DE
:1083F00007000C20C8E7904B03B33046227DE17C98
:10840000AFF30080D0B994F83C302BB943F6022288
:108410000023A28784F83E3001213846FFF7C2FBD3
:10842000DDE5864B53B1E17C3046C1F3400301F0FA
:1084300001020909FEF7CCFB0028E4D0A368002B59
:108440003FF408AEE8E79DF816307D49002203F0BE
:10845000800362F3C7138DF8163003238DF81520BF
:108460008DF817208DF81430002900F0E180304697
:10847000FEF7FCFB9DF8163080F0010060F3C71397
:108480008DF81630059BC8F8003004207CE74FF0CB
:10849000203302250022CDE90522304607A909AA8A
:1084A00008934FF0800C079309930D93CDE90A339D
:1084B0000C931F260DAB8DF816508DF8175005AD97
:1084C0008DF818608DF815C0FEF7F0FA0FCD594EF3
:1084D0000FC60FCD0FC62B683360242054E794F8E5
:1084E0003C2094F83D0094F83E10DFF848C1DFF8D6
:1084F00058E14FF000084FF00003CDE90588CDE9C1
:10850000078862F303038DF81630F0220A23ADF8D2
:1085100024808DF820008DF821108DF814208DF81E
:108520001B3005AD0FCDACE80F002B68ACF8003068
:10853000BEF1000F76D0ACF1100130464FF400725E
:10854000AFF300800028A4F83C8084F83E800FDB65
:1085500000283FF473AF17E73046FEF7F9FA00281A
:108560003FF451AF6AE794F83C30002B7FF454AFEE
:10857000A38E304A3349607BFEF720FB0028FFF6CC
:108580004BAF00283FF45AAFFEE6A36BA2681E442F
:1085900043F602200021931BA08784F83E1001209F
:1085A0000221A663A36284F82C0084F83010002A0C
:1085B0003FF453AD002B3FF450AD237BDB0914D1C6
:1085C00094F82F10384602F0A3F994F83050E2E402
:1085D000012294F83C1084F82C200222A36284F833
:1085E000302000293FF45AAE5EE694F82E1038464B
:1085F00002F08EF994F83050CDE494F83C30002B22
:108600007FF40AAF43F6022284F83E30A28703E7E4
:1086100094F82E10384602F07BF9D4E90D2617E5C0
:108620000222D6E7A4F83CE084F83EE01220ABE654
:1086300001201FE75C6C002000000000D16B0200ED
:108640006D6C02006B6E00200000000070B5134CD2
:10865000134E84B020464FF4AE72002111F0D8FAC8
:108660004025002304F58E720092CDE901561A468A
:10867000194604F1B000039504F068F92E4404F1A2
:1086800070020023CDE90025CDE90265201D1946C1
:10869000012204F05BF904B070BD00BF1C6F002024
:1086A0009C6E002010B5054C04F1B00004F07AF97E
:1086B000201D04F077F9012010BD00BF1C6F0020C1
:1086C00038B5074C2046002500F8B85B01F058F992
:1086D00004F10C0001F054F984F8B150657138BD13
:1086E0001C6F00204B79FF2B01D0002070472DE933
:1086F000F04FDFF824B19BF8B13083B04BBB9BF84F
:10870000053033BB0B788A460AEB02050AEB0304FB
:1087100089788BF80010A542064614D91AF8032070
:10872000A3189D420FD36278042A0CD00B2A0AD0DA
:10873000052A0BF1B8080BF1B0070BF10C0917D0A3
:108740009D421C4609D8A4EB0A0080B203B0BDE8E4
:10875000F08F002003B0BDE8F08F1A7813449D42DB
:10876000F1D36278042AEED00B2AECD0052AE7D1A7
:108770002146304602F048F8002843D0A378DB09B0
:1087800005D19BF8B1301BB32278A318D8E79BF82A
:108790000530002BF8D14846019301F0F1F8A2789A
:1087A0008BF80520A2889BF804C0019B1849C2F3EE
:1087B0000A02A2F50072B2FA82F2520962F3410C87
:1087C00018468BF804C004F037F92278A318B7E7ED
:1087D000404601F0D5F8A3788BF8B130A3889BF818
:1087E000B020C3F30A03A3F50073B3FA83F35B0964
:1087F00063F34102394630468BF8B02004F064F947
:108800000028C1D1034B1B68DB07A2D500BEA1E73E
:10881000206F0020F0ED00E01C6F002070B51C4CB4
:1088200094F8B1208A4205461E460FD1B4F8BC2008
:10883000F2B9184B23B1B2B217490020AFF3008050
:108840002846164904F040F9012070BD63798B4237
:1088500001D0002070BD124B1BB1B1B20020AFF3AC
:1088600000801049284604F0E7F848B1012070BDA7
:10887000B2B2D4F8B41004F1B80000F0F3FFD8E7B6
:1088800032462846074904F099F8012070BD00BF20
:108890001C6F0020000000009C6E0020CC6F0020A8
:1088A00000000000206F0020F8B50E688D88B778B2
:1088B0003544AE420BD23B469F42344603D10BE0D7
:1088C0006378042B05D023781C44A542F8D80020F7
:1088D000F8BDA3789F42F6D1E3789A42F3D1A5423E
:1088E000F5D9237D012B06D9144B1B68DA07EED589
:1088F00000BE0020ECE723790D46DBB1012BE6D169
:108900002278E389617A1344114423442144994233
:1089100004D3DCE70A7811448B42D8D94A78052A77
:10892000F8D101F071FF28B9044B1B68DB07CED5E5
:1089300000BEF8BDA41BEC800120F8BDF0ED00E006
:10894000C28832B9654B1B68DB0700D500BE00202A
:108950007047F0B40378624803EB830403EB4403ED
:10896000C058831803D08E781C7BA64207D95B4B76
:108970001B68D90700D500BE0020F0BC70472EB997
:10898000012C01D90120F8E701268E7001248C60AA
:10899000C1F80E404C7700256FF03F0481F822505B
:1089A0008C766FF003056FF06404CD760C774D4D37
:1089B000C1F81E50082481F82340825CB3F80D40B2
:1089C00014441C441344A342D1D2474F9D78102D28
:1089D0000CD827FA05F0C04310F0010006D1DA7870
:1089E000964203D107E05A78242AEFD01A7813442C
:1089F0009C42F8D8BBE79C42B9D0062D06D0102D7A
:108A000004D0042DB9D1012248730A73CF781A79A2
:108A1000974218D81FB9012AB4D80127CF701A7805
:108A20001A44A2420FD2967806F0FD0CBCF1050F55
:108A30000FD0112E03D10CE05678242EF3D01678E7
:108A400032449442F8D8254B1B68DA0794D500BE0F
:108A500093E7D678B742F2D19442F4D0D1F81240DD
:108A60008CB9062D30D0102D2ED0042D09D1B2F89E
:108A70000560B2F807505C7D05FB06F304FB03F4C8
:108A8000E408C1F812404B6863B9557E012D3FF6EA
:108A900079AFD2F81A3025B9D2F81E209A427FF465
:108AA00071AF4B60114AA2FB03235A0BCBD0631E5C
:108AB0001344B3FBF2F30233B3F5807F28BF4FF4C6
:108AC0008073C1F816305DE7B2F80530B2F80740A0
:108AD00004FB03F42401E408D3E700BFF0ED00E059
:108AE0007870002003010101501001005917B7D11F
:108AF0002DE9F84F0B785D4C03EB83050E4603EB35
:108B000045030989E7589146804679B13944CB78C5
:108B100003F00303012B00F09480738933B13B44CD
:108B2000DA7802F00302012A00F091807488B58897
:108B300000233C44B381F38133827382B382F38296
:108B40003D44A278AC4238BF134609D29A4203D1C1
:108B50000CE06378042B06D023781C44A542F8D897
:108B60000020BDE8F88FA3789A42F5D1E3789945C3
:108B7000F2D1A542F4D994F804A0BAF1020F15D8A5
:108B8000E31BF380B9F1000F16D023781C44BAF12F
:108B9000000F4CD04FF0000B06E06378052B28D077
:108BA000042B03D023781C44A542F6D8304B1B6815
:108BB000DA07D5D500BED3E7737F012B12D006F1BB
:108BC0001E03494686F81D90A6F81890A6F81A903C
:108BD0001846302211F01CF801463046FFF7B0FE6F
:108BE0000028BDD023781C44BAF1000FD2D1012057
:108BF000B7E7E37803F00303B9F1000F01D0012BCD
:108C000018D0022BACD12146404601F0FDFD28B31F
:108C100006EB4B03E21B1A8122780BF101039A4504
:108C200014444FF0010BBFD8B9F1000FDFD002237D
:108C30007377DCE7A388B269C3F30A039342E2D2F5
:108C40008EE700233381897801F08EFE65E70022EC
:108C500072819978404601F087FE67E7044B1B68F4
:108C6000DB077FF57DAF00BE7BE700BF787000209B
:108C7000F0ED00E010B4064C06480023C4E90033D0
:108C80001946C4F807304E225DF8044B10F0C0BFFF
:108C900078700020847100200120704710B4064CC9
:108CA00006480023C4E900331946C4F807304E22B1
:108CB0005DF8044B10F0ACBF787000208471002088
:108CC0002DE9F0414B790E2B04D04FF000084046BF
:108CD000BDE8F0818B79012BF7D1CB79012BF4D151
:108CE0003E4E33682BB13E4B1B68DB07EDD500BE13
:108CF000EBE714460F461A46314605463760B48006
:108D0000FFF7D2FD0028E0D0F2883368B978134429
:108D10003C44A74293F814C03B4605D308E05A7878
:108D2000042A4DD00B2A4BD01A7813449C42F6D813
:108D3000BCF1000F4ED02B494A88002AD3D1D81B52
:108D40001FFA80F83272A1F802809C4293F802E088
:108D50000A8098BF034605D80BE05A78042A2BD026
:108D60000B2A29D01A7813449C42F6D8DB1B1FFA31
:108D700083F80022BCF1010FA1F804804A77B2D138
:108D800017FA80F017FA83F3984281780AD2827832
:108D90008A4203D118E04278042AF8D002781044BD
:108DA0008342F8D8284600220E49FFF7A1FE00288A
:108DB0008BD0A6F804808AE79A787245D2D0D5E79E
:108DC0009A788A42B0D0B3E7C278012AE6D18342CA
:108DD000EFD1E7E7DB1B1FFA83F8EAE778700020A2
:108DE000F0ED00E0847100202DE9F047167806F0E0
:108DF0001F04012C8CB004D0002420460CB0BDE828
:108E0000F087DFF8F892B2F804C0D9F80070804615
:108E100015465FFA8CF317B1BA789A422CD0B44F4A
:108E20007C88002CE9D03A7802EB820002EB400209
:108E300059F802E07444A2789A42DDD1C6F3411693
:108E4000F3B2002B00F09C80012B12D15FEA1C2CA6
:108E50000FD16B881B0A022B00F02E81062B00F02D
:108E60001781012B00F0F580A24B1B68DB0700D5B2
:108E700000BE07233B77BFE7C6F34116F4B2002CD0
:108E800047D0012C25D15FEA1C2C26D0B9F806204A
:108E9000BB18B95CDA89114419448B420ED29A7816
:108EA000023A052A06D8DA78624503D107E05A78F3
:108EB000242AF4D01A7813449942F8D849B10023EF
:108EC00089F80930012498E78A4B1B68D90700D537
:108ED00000BE072389F809308EE76B881B0A012B37
:108EE00000F09580022BEFD16B78812B00F0478149
:108EF000862BE9D10129E2D10B46404629467E4A1C
:108F000001F070FD0028DAD1FF2389F80930002430
:108F100073E76B780A2B4AD00B2B3ED10129CED1B7
:108F2000EB88002BF0D1B9F80630FA181179A9B105
:108F3000F85CD189537A0144034413440A449342B0
:108F400005D395E119780B449A4240F29181597802
:108F50000529F7D19978404601F006FD0026A9F8C9
:108F600006606A8865494046FFF79EFC0446002873
:108F7000CAD02946404601F01DFD89F809603CE74A
:108F80006B780A2B27D00B2B7FF46EAF012900F0F2
:108F9000BD8000233B7701242FE7564B1B6813F05D
:108FA00001032FD107221C4689F8092025E7012952
:108FB00085D1EB88012BA7D1B9F80620BF18A3D023
:108FC0000CAAF97802F8301D294601F00BFD044681
:108FD0000028D2D198E70129DBD1EB88012B35D1CC
:108FE000FB889BB31EEB030330D00CAADB7802F89E
:108FF000303D40460B46294601F0F4FC044628B3B8
:109000003E77FAE600BE072389F80930F5E66B786B
:10901000812B00F0D180862B00F0BE80012B7FF4E5
:1090200053AF012900F0CB8002297FF448AF344BC5
:10903000002B3FF444AF99F80A100020AFF30080F2
:10904000B0FA80F489F809006409D6E6FF233B777B
:10905000D2E67B7F0BB187F81DC06C78842C61D879
:10906000822C65D2012C00F00A81812C7FF4FCAEA9
:1090700001298ED1EB883BB1294640463023214A55
:1090800001F0B0FC002884D1FF233B770024B4E634
:109090006B78812B00F0A180862B7FF4E5AE01294F
:1090A0007FF477AF294640460123134A01F09AFC2A
:1090B00000287FF46EAFE7E76B78812BD8D040F2C1
:1090C000B080852B00F09780862B7FF4CDAE0129F0
:1090D0007FF45FAFEB88012BD6D10B464046294683
:1090E000094A01F07FFC00287FF453AFCCE700BFB2
:1090F00084710020F0ED00E06DCC0300787000205A
:1091000000000000A27100206ECC03006A8839467E
:109110004046FFF7EDFC002898D02946404601F074
:1091200049FC36E7862CD2D065D3872C7FF49CAEE1
:1091300001297FF42EAFEB88002BA5D0B64EE9466F
:1091400006F1300A30687168B268F368CC46ACE862
:109150000F0010365645E146F4D19DF80210002963
:1091600040F09F80832C00F08381872C00F0648185
:10917000822C00F0618108233B7700243DE6012921
:109180007FF49DAE294640460123A44A01F02AFC03
:1091900000287FF494AEB7E601297FF490AEEB8807
:1091A000012B7FF4B1AE294640469D4A01F01AFCDE
:1091B00000287FF484AEA7E601297FF480AEEB8817
:1091C000012B7FF4A1AE294640460123954A01F0C8
:1091D00009FC00287FF473AE96E601297FF4D9AE2E
:1091E0000B464046294607F11C0201F0FBFB002814
:1091F0007FF4CFAE48E701297FF4CBAEEB88022B9A
:109200007FF442AF0CAA302122F8301D4046294697
:1092100001F0E8FB044600283FF436AF00233B771B
:10922000EBE5012B7FF420AE01293FF425AF0229A5
:109230007FF4AFAE7849A1F11E00FFF781FB044631
:1092400060B3794B7A6BBA613BB1734A79783878FD
:10925000AFF3008000287FF49CAE74490023022005
:109260004FF480720880C7E903337B61BA83C4E599
:109270006F4B1B68D8077FF547AE00BE44E6012957
:109280003FF4FAAE02297FF484AE6349A1F11E00D7
:10929000FFF756FB044600287FF47BAE08233B779C
:1092A000ABE59DF8030000287FD1FA88002A3AD068
:1092B0001EEB020337D01EF80220B3F80D005D4EFE
:1092C00010441844134498420FD99A78102A04D8AD
:1092D00026FA02F2D20700F1D5801A781344984298
:1092E000F1D95A78242AF8D1EDE70346832C5AD0D5
:1092F000872C4CD0822C7FF43EAF01218DF80310D7
:109300001A781A44904237D9947804F0FD06052E55
:1093100010D0112C0ED0147822449042F2D95478F7
:10932000242CF8D1EEE7424B1B68D9077FF523AF19
:1093300000BE20E7D478A142EDD1997806291DD04E
:1093400010291BD004297FF416AFB2F80510B2F82B
:1093500007205B7D02FB01F203FB02F3DB08CDF883
:1093600012306A4629464046302301F03BFB044652
:1093700000283FF489AE51E70246DEE7B2F8051057
:10938000B2F8073003FB01F31B01DB08E7E79A782B
:10939000062A06D0102A02D0042A7FF4ECAE997D6A
:1093A000ACE79979AAE71979A8E7019B002BD8D1F6
:1093B000FA88002AB7D01EEB0203B4D01EF802E0F0
:1093C000B3F80D20DFF86CC072449E1873449E42BF
:1093D0000ED99A78102A03D82CFA02F2D20756D462
:1093E0001A7813449E42F2D95A78242AF8D1EEE72B
:1093F00033461A7813449E4264D99A7802F0FD01EC
:10940000052948D0112A46D01A7813449E42F2D931
:109410005A78242AF8D1EEE7A2710020817000204A
:109420006ECC0300827000200000000084700020D9
:10943000F0ED00E05010010001238DF8023001230F
:109440004FF00112029300230392ADF810304FF653
:10945000C0428DF8223040F29B13ADF81A20ADF8CF
:109460001C30404ACDF81E2008238DF8233078E7C1
:10947000FB88002BE3D01EEB0303E0D01B7B8DF8B1
:109480000230DCE7DA7891427FF427AF2EE7DA7812
:109490009142A5D1ADE7DA789042B5D1823C052C56
:1094A0003FF669AE01A252F824F000BF2D950200EC
:1094B00011950200F3940200779102007791020067
:1094C000C99402003346E9E7D3F8151042F210734D
:1094D000B1FBF3F3019100293ED0DDF812208BB9E6
:1094E000931CB3F5807F28BF4FF48073CDF81630FE
:1094F00037E75A7E72BBD3F8221042F21073B1FBE9
:10950000F3F3E7E7013A1A44B2FBF3F30233E8E777
:109510005A7ECAB1053203EB8202D2F80210D3F8A8
:109520001A3042F21072B3FBF2F3D3E75A7E72B1F3
:10953000053203EB8202D2F80220D3F81A1042F26D
:109540001073B2FBF3F3C5E7D3F81E10E7E7D3F8C7
:109550001E20F2E7002301930023ADF81630ADF88A
:109560001830FEE6030101012DE9F84F334C238941
:1095700053B12278324F02EB820502EB45057D594B
:109580002B449F788F420AD02E4B1B68DB0703D5F4
:1095900000BE0020BDE8F88F0020BDE8F88FD4E9B8
:1095A00004369E4205460BD327490023C4E9033302
:1095B000636119B161781046AFF300800120E9E7DB
:1095C00001F046F90028E7D0DFF88090A36999F808
:1095D0000000D4E9042BA2EB0B0808EB00069E4226
:1095E00028BF1E46B04213D9164B1B6813F0010367
:1095F00001D000BE002339462846144A01F048F93C
:109600000028DBD10F4B1B68DA07C5D500BEC1E7C8
:10961000E168A6EB000A59444844524610F0D4FAD7
:109620000BEB0A03D0456361B3B2E4D199F8012092
:1096300042F0020289F80120DDE700BF84710020BA
:1096400078700020F0ED00E0000000008470002041
:109650002DE9F041B2F5004F9DF8188030D804464E
:10966000C0681E460F46154618B14FF0FF310CF08A
:10967000FBFE206918B14FF0FF310CF0F5FEE288D7
:10968000E068276066F30E02C2F30721002368F347
:10969000C711E2806381A580E171238118B11A4668
:1096A00019460CF099FA206938B100231A46194678
:1096B0000CF092FA0120BDE8F0810120BDE8F081B4
:1096C0000020BDE8F08100BF03894289808892B202
:1096D0009BB2934236BFC2EB40029B1A9B189BB2CF
:1096E000984228BF18467047028943899BB2981A4E
:1096F000B0FA80F04009704703894289808892B2AD
:109700009BB2934236BFC2EB40029B1A9B189BB29E
:10971000984286BFC01A80B2002070472DE9F843F6
:10972000054600690E46174618B14FF0FF310CF0A0
:109730009BFE2B896989A8889BB289B28B4236BF70
:10974000C1EB40045C1AE418A4B2002C4AD0A04239
:1097500006D283422CBF191A191889B269810446AE
:10976000BC4228BF3C468842A4B203D8091A89B239
:109770008842FBD9EA882B68401AC2F30E0887B2E8
:109780001FFA88F2BC4202FB013125D917FB08F908
:109790001FFA89F94A46304610F016FAE21B12FB0E
:1097A00008F206EB090092B2296810F00DFA6A89F6
:1097B000A88892B211198BB29A4215D940001B1A8F
:1097C0009BB228696B8120B100231A4619460CF020
:1097D00003FA2046BDE8F88302FB04F2304610F09D
:1097E000F3F9E4E769898BB240008342E9DBE6E7FD
:1097F00038B5054600690C4618B14FF0FF310CF042
:1098000033FE29896B89AA8889B29BB2994236BFF7
:10981000C3EB4200C81A401880B200B3824209D29A
:1098200091422CBF8B1A8B189BB29A426B8103D842
:109830009B1A9BB29A42FBD9EA882968C2F30E02AE
:10984000204602FB031110F0BFF90124286920B162
:1098500000231A4619460CF0BFF9204638BD0446CD
:10986000F4E700BF2DE9F0471446002A4FD0054623
:10987000C0680F4618B14FF0FF310CF0F5FDEA79E2
:109880002E896989AB88D209B6B289B242D18E429B
:1098900036BFC1EB4301711A891989B2994252D27C
:1098A000591A89B28C42E88828BF0C46C0F30E08CA
:1098B000B342304603D8C01A80B29842FBD21B1A7A
:1098C0002A681FFA83F9A14508FB002047D219FB3B
:1098D00008FA1FFA8AFA5246394610F075F9A4EBD5
:1098E000090212FB08F207EB0A0192B2286810F095
:1098F0006BF9A3199BB2AA88B3424FEA420201D383
:10990000934201DB9B1A9BB2E8682B81F8B9204691
:10991000BDE8F087E8889C42C0F30E080FD28E4263
:1099200023D3721A92B2580022448242C0DBCE186E
:10993000361BB6B2B14220D9361AB6B2B8E7E41A2D
:1099400008FB0477B3B9E86800240028DFD00023BF
:109950001A4619460CF040F92046BDE8F08708FB8E
:1099600004F2394610F030F9C3E75800421A324485
:1099700092B2D9E70E461C4698E7B04298DCDBE786
:1099800010B50446C06818B14FF0FF310CF06CFD03
:10999000206918B14FF0FF310CF066FDE06800233C
:1099A0006381238118B11A4619460CF015F9206914
:1099B00020B100231A4619460CF00EF9012010BD03
:1099C00038B5C379B1EBD31F1FD00446C0680D462C
:1099D00018B14FF0FF310CF047FD206918B14FF07E
:1099E000FF310CF041FDE379E06865F3C713E371E3
:1099F00020B100231A4619460CF0EEF8206920B178
:109A000000231A4619460CF0E7F8012038BD00BFC4
:109A1000704700BF704700BF0020704700207047AC
:109A2000704700BF704700BF704700BF704700BF5E
:109A3000024B5878003018BF012070472C7200206C
:109A4000024B1878C0F38000704700BF2C720020D2
:109A5000024B1878FF3818BF0120704718610020AA
:109A60002DE9F047374E3378FF2B82B004D0012523
:109A7000284602B0BDE8F087002946D03822884643
:109A800007460021304810F0C3F8304B304900251C
:109A900001201D700CF07AFA2E4B1860002834D08B
:109AA0002D4C2346626833F80C0B618800950CF04E
:109AB00021F8A16805460CF0B1FE284B1D6075B376
:109AC000274B23B12748AFF30080274B1860254C64
:109AD000DFF89CA02278DFF8909000252B460EE05E
:109AE000D9F8003013EB45130FD05B686BB1984782
:109AF00022780135EDB2511DA9422B4615DBAA4251
:109B0000EED89B1A0AEB4313EFE7184B1B68DA07F2
:109B100000D500BE0025284602B0BDE8F087134BF3
:109B20001B68DB07F6D500BEA2E741463846377012
:109B300001F050FE05460028F1D0384601F04CFEF9
:109B400096E700BF186100202C7200202C730020C3
:109B5000DC71002064720020BC600020687200206C
:109B600000000000D8710020D4710020F0ED00E06A
:109B700070CC0300B94B1B78FF2B00F0A1812DE9BD
:109B8000F04F04468BB04FF47A7200238002A10D8F
:109B90000FF0E4FDB24DDFF8E4B2B24E8246671C2E
:109BA000286800F02481002C00F02181BAF1000F18
:109BB00014BF5246012207A90CF0C4FAC0B19DF8A7
:109BC0001D30013B072B00F21481DFE813F0F20097
:109BD000D300CA00BF00B700410014000800089B72
:109BE0000BB10998984728680CF0EAFD0028D6D1F7
:109BF0000BB0BDE8F08F9DF820109B4B01F07F0764
:109C000003EB470303EBD11393F826006FF3000037
:109C100083F8260093F826006FF3820083F826006D
:109C2000002F00F04581914A1B7D12789342C0F0CD
:109C30003381501D9842C0F234819B1A0BEB4313C1
:109C40009F699DF82120099B9DF81C00B847CAE731
:109C5000874A1378002B00F024811378013BDBB294
:109C60001370137803F0FF00002BBCD1DFF8F891DC
:109C70009DF81C8099F8003043F0010389F800300A
:109C800099F8263060F3000389F8263099F82630D9
:109C900060F3820389F8263099F8273060F30003D7
:109CA00089F8273099F8273060F3820389F8273044
:109CB00000F002FF9DF8203003F06002602A00F0FF
:109CC0000681402A00F00A8103F01F03012B00F0F7
:109CD000D581C0F01281022B40F0F9809DF824104C
:109CE00001F07F07082F00F2F2807B00C809019382
:109CF0004B44034400905D481F7D03789F4280F0F1
:109D00000F82336803EB4717002A00F0108257B127
:109D1000786900F0D1FE7B69404608AA0121984786
:109D200000287FF460AF9DF81C00002101F0BEFF09
:109D300080219DF81C0001F0B9FF54E74A4B1B78C5
:109D4000D8077FF550AFFFF771FE4CE7464B1A7806
:109D5000D7077FF548AF1878C0F3C000FFF764FE5F
:109D600041E7414BDB78D9077FF53DAF0898FFF716
:109D700051FE38E73D4F9DF81C903A7800239846F5
:109D800010E0336813EB481300F08080DB6848462E
:109D900098473A7808F101085FFA88F8511D88451C
:109DA000434645DC9045A3EB0203EAD30BEB431398
:109DB000ECE72E4F9DF81C903A78002398460FE070
:109DC000336813EB48135BD0DB68484698473A7812
:109DD00008F101085FFA88F8511D884543460FDCF9
:109DE0009045A3EB0203EBD30BEB4313ECE72246C6
:109DF000E1E6204B1B68DA077FF5F5AE00BEF2E620
:109E00003822002118480FF003FF1B4A4FF0FF33A0
:109E1000C2E90533C2E90033C2E90233D3611384D6
:109E2000136100F03FFE104B9DF820209A70DAE697
:109E3000382200210C480FF0EBFE0F4A4FF0FF33A1
:109E4000C2E90533C2E90033C2E90233D3611384A6
:109E5000136100F027FEFFF7E5FDC4E6186100205E
:109E600068720020D47100202C720020D87100206C
:109E70002C730020F0ED00E03072002070CC030065
:109E8000A44B1B68D907CCD500BECAE7A14B1B6801
:109E9000DA07DED500BEDCE7326812EB43137FF44D
:109EA000CFAE9C4B1B68DB077FF5A2AE00BE9FE6E2
:109EB000099B9DF821209DF81C0000F013FE92E6FE
:109EC0007047FCF7F3FC0246002840F0E981914B13
:109ED0001B68DA077FF527AF00BE24E78E4800280D
:109EE0003FF421AF00F0E8FD404608AA0121FCF74D
:109EF00025FF00287FF477AE15E7202A00F0F180D7
:109F0000002AE4D19DF82130092BE0D801A252F8B3
:109F100023F000BF3BA002001BA00200CF9E020066
:109F20005DA00200CF9E0200FD9F0200A99F0200DB
:109F3000CF9E0200939F02003D9F02009DF82230B9
:109F400001931A4699F801309A4200F0548199F829
:109F50000130002B40F05481019B89F80130002B27
:109F600000F04781581EC0B2FCF7A0FC18B143783E
:109F7000022B00F0C181674B1B68DB0700D500BED8
:109F8000644B1B68D80700D500BE002389F8013058
:109F9000C9E60AAA99F8013002F80E3D40460123AD
:109FA00008A900F01FFD1EE6BDF82200030A5A1E94
:109FB000C0B20E2A3FF6B7AE01A151F822F000BFA1
:109FC000B3A202008FA202007FA20200279D02001E
:109FD000279D020061A202008FA20200279D0200BD
:109FE000279D0200279D0200279D0200279D020059
:109FF000279D0200279D0200E3A2020008A800F0AE
:10A0000061FD40469DF8221001F0ECFB99F800300C
:10A0100043F0020389F80030E5E5BDF82230012B5A
:10A020007FF481AE99F8003040466FF3C30308A96E
:10A0300089F8003000F0BEFCD5E599F800309908A9
:10A0400001F00201C3F340130AAA0B4322F80E3DAC
:10A050004046022308A900F0C5FCC4E5BDF8223043
:10A06000012B7FF460AE99F80030404643F00803BE
:10A0700008A989F8003000F09DFCB4E59DF8243073
:10A080000F2B3FF650AE4B44244A1B791778BB4246
:10A0900038D2376817EB43173FF445AE786900F0C4
:10A0A0000BFD7B6908AA01214046984700287FF4F0
:10A0B0009AAD9DF8203013F060077FF434AE9DF820
:10A0C00021300A3B012B3FF62EAE00F0F5FC9DF847
:10A0D00021300A2B00F0FC8008A9404600F06AFC01
:10A0E00081E59DF824300F2B3FF61DAE4B440B4A03
:10A0F0001B791778BB4260D2376817EB43173FF4E0
:10A1000012AE05E67A1D9A42FFF60DAEDB1B0BEB95
:10A110004317C3E7F0ED00E03D6D0200D871002069
:10A12000581DB84239DA002A7FF4FDAD17469DF874
:10A130002130012B03D036D3032B7FF4C8AEBDF8FA
:10A1400022200292AAB9B84A012B10783DD001F022
:10A15000ADFD019B009A4B44134493F8262042F036
:10A16000020283F8262093F8262042F0010283F8A9
:10A170002620002F3FF437AD786900F09DFC7B6905
:10A18000012108AA40469847002000F095FC99F864
:10A190002730D9073FF527AD9EE7FB1A0BEB431796
:10A1A000002AC4D0B4E5019B009A4B4413442033E9
:10A1B0000AAA9B79C3F3400348E77A1D9A42FFF647
:10A1C000B2ADDB1B0BEB4317A2E501F097FD019B42
:10A1D000009A02994B44134493F8262061F34102FC
:10A1E00083F8262093F8262061F3000283F82620C6
:10A1F000BFE7FFF717FC404608A900F0DBFBF2E4DD
:10A200000021404601F000FB404601F09FFB874FD4
:10A2100099F802300293002300943A781C460CE02F
:10A220000BEB4313DB68404698473A780134E4B2BD
:10A23000501D8442234600F3CE809442A3EB0203D8
:10A24000EED2336813EB4413ECD1794B009C1B68BE
:10A25000DB0700D500BE9DF8083089F802307BE6A8
:10A26000FFF7DAFB024600283FF45DAD4046137865
:10A2700008A900F0B7FB00287FF4B5AC53E5BDF8A2
:10A280002410FCF719FB02460028EFD14BE5022B06
:10A290003FF417AEFFF7C2FB024600283FF443AD80
:10A2A0004046538808A900F09DFB00287FF49BAC32
:10A2B00039E5FCF7F7FA024600283FF408AE4046BD
:10A2C000122308A900F08EFB00287FF48CAC2AE54D
:10A2D0000AAA08A902F80E7D4046012300F082FB7D
:10A2E00081E4544B002B3FF41EADFCF723FD0246E6
:10A2F00000283FF418ADD3E7C27999F80030511126
:10A3000061F30413921162F3451389F80030438816
:10A31000CDF81080CDE900A4C318039300F109071C
:10A32000039BBB4237D97B780B2B03BF3B7897F855
:10A3300003A0FF184FF0010A7B78042B43D1039B45
:10A340003A4ACDF814A0DB1B00219BB2029112788F
:10A3500088469A4617E0346814EB481433D05246C6
:10A360003946049823699847082808F1010201D961
:10A37000824543D22D4B5FFA82F81A78CDF80880D7
:10A38000511D88451CDC029B9045A3EB0202E2D3E1
:10A390000BEB4214E3E7DDF81080DDE900A4FFF7E2
:10A3A0003FFB28E70246434604463946224802F06E
:10A3B000B1FA1E4B029A1B78053393422744AFDA59
:10A3C000DDE900A4D7E51A4B1B68DF07DDE900A42F
:10A3D0007FF5D6ADD3E5382200211848009C0FF058
:10A3E00017FC174A4FF0FF33C2E90533D3611384DA
:10A3F000C2E90033C2E9023313612CE7DDF814A08F
:10A40000BAF1010F1ED00021CBB2534501F1010179
:10A41000C8D2BA78134459FA83F31A79FF2AD2D1F1
:10A4200083F80480F0E700BF18610020D871002095
:10A43000F0ED00E0356D0200407200202C7200202B
:10A440003072002023690A4A0A498B4208BF4FF044
:10A45000020A9342D7D17B79012BD4D1BB79012B4E
:10A46000D1D1FB79002B08BF4FF0020ACBE700BF28
:10A470005D7902001D7102002DE9F0434378023B33
:10A4800085B005460E46042B0CD8DFE803F0495D85
:10A49000037E3F00844B1A78D70715D51A7842F00F
:10A4A00004021A70814B18688EB933464FF0FF32A0
:10A4B00029460BF091FB003018BF0120F0B97C4B0E
:10A4C0001B68DB0700D500BE05B0BDE8F08304AA19
:10A4D000002342F80C3D29460BF08EFD019B43B151
:10A4E000744B4FF080525A6040BFBFF34F8FBFF3A1
:10A4F0006F8F003018BF01200028E0D03246697805
:10A500002878FFF785FA05B0BDE8F0836A4A13782A
:10A510000133DBB21370654B1868002ED7D1C4E746
:10A52000614B1A786FF300021A701A7800216FF3EA
:10A5300041021A7059701A7861F382021A705B4BEB
:10A540001868002EC3D1B0E75C4FDFF874913978FA
:10A55000DFF87081002423460AE0D8F8003013EBBE
:10A5600044130AD10134E4B24A1DA242234615DB4A
:10A570008C42F2D35B1A09EB4313DB69002BF1D059
:10A580006968287898473978ECE7474B1A78D407F8
:10A590009AD51A786FF382021A7083E7424C2378B7
:10A5A00058072FD5237841496FF3820323702B7806
:10A5B0008DF8043005220023CDF80A30CDF806309E
:10A5C000ADF80E3008688DF80520002E59D004AA89
:10A5D00001A942F8103D0BF00FFD009B43B1354B34
:10A5E0004FF080525A6040BFBFF34F8FBFF36F8F61
:10A5F000003018BF012000284DD12D4B1B68D90712
:10A6000000D500BEE378DA077FF55EAF274A2B78E6
:10A61000696810688DF8043003220023CDF80A30F1
:10A62000CDF80630ADF80E3002918DF80520F6B168
:10A6300004AA01A942F8103D0BF0DEFC009B43B1D7
:10A640001C4B4FF080525A6040BFBFF34F8FBFF397
:10A650006F8F003018BF012000283FF430AF324622
:10A660009DF805109DF80400FFF7D2F92CE733465A
:10A670004FF0FF3201A90BF0AFFA003018BF0120F4
:10A68000EAE733464FF0FF3201A90BF0A5FA00309C
:10A6900018BF0120AFE732469DF805109DF8040071
:10A6A000FFF7B6F9AEE700BF2C72002068720020F9
:10A6B000F0ED00E000ED00E02C730020D8710020E8
:10A6C00070CC0300D47100202DE9F84F0A9F002AB6
:10A6D0004CD090464A78052A0C460ED1CE7806F02A
:10A6E0000306B34209D18A7802F07F02082A0DD905
:10A6F000204B1B68DA0700D500BE1E4B1B68DB072A
:10A7000002D40020BDE8F88F00BEFAE7DFF868B099
:10A71000DFF868A09BF8009000250EE06278052A1B
:10A72000EBD1E27802F00302B242E6D1A27802F065
:10A730007F02082ADCD89BF800909AF802100022C9
:10A74000204602F095F80028D2D04846214601F074
:10A750006FF80028D1D0A278D30916BF0B9B3A70AE
:10A760001A702278013545451444D7D10120BDE83F
:10A77000F88F00BFF0ED00E0186100202C7200207F
:10A7800030B51E4D85B0082400230290019303913B
:10A790008DF805402868144682B9134601A94FF088
:10A7A000FF320BF019FA003018BF0120E0B9144B4A
:10A7B0001B68DB0700D500BE05B030BD04AA01A9A7
:10A7C00042F8103D0BF018FC009B43B10D4B4FF0CD
:10A7D00080525A6040BFBFF34F8FBFF36F8F00307E
:10A7E00018BF01200028E2D022469DF805109DF8F0
:10A7F0000400FFF70DF905B030BD00BF68720020FE
:10A80000F0ED00E000ED00E038B58B7803F07F0359
:10A81000082B06D90B4B1B68DB0700D500BE0020B8
:10A8200038BD094A094B0C46204691781D78002214
:10A8300002F01EF80028EDD021462846BDE8384039
:10A8400000F0F6BFF0ED00E02C720020186100204F
:10A85000CB09263301F07F010348044A03EB410191
:10A860000844116801F0BABF2C7200206472002005
:10A87000CB09263301F07F010348044A03EB410171
:10A880000844116801F0D6BF2C72002064720020C9
:10A8900038B5154C01F07F0504EB450404EBD114E9
:10A8A0002034A079C00706D5104B1B68DA0700D505
:10A8B00000BE002038BDA5790D4845F0010500789F
:10A8C000A57101F0F1F80028F4D1A379074A60F3EB
:10A8D0000003A371A37960F38203A3711368DB07FC
:10A8E000E7D500BE38BD00BF2C720020F0ED00E0BF
:10A8F00018610020054B01F07F0203EB420303EBDC
:10A90000D11191F8260000F0010070472C72002050
:10A9100010B50C4B18780C4601F0C8F90A4904F040
:10A920007F0301EB430101EBD41191F8263043F092
:10A93000020381F8263091F8263043F0010381F8B4
:10A94000263010BD186100202C720020054B01F04C
:10A950007F0203EB420303EBD11191F82600C0F311
:10A96000400070472C72002010B50F4B18780C4631
:10A9700001F036F80D4904F07F0301EB430101EBD0
:10A98000D41191F826306FF3410381F8263091F805
:10A9900026306FF3000381F8263091F826306FF3EC
:10A9A000820381F8263010BD186100202C7200202F
:10A9B000704700BF0A4630B4094C49680546106824
:10A9C000234603C30023C4E9023392F900209A42CC
:10A9D0002846ACBF802119461A4630BCFFF758BF45
:10A9E00070730020F0B50E462B4C4968074630685E
:10A9F000A260254603C50021E181F588AB4228BF4E
:10AA00002B4683B0A381ADB13BB3002A3DD094F96E
:10AA10000000402B28BF402300282CDB1F4A38466B
:10AA2000FFF736FF98B91E4B1B68DB0712D500BE37
:10AA300003B0F0BD96F90030002BACBF802100219F
:10AA400038462B462A46FFF723FF0028EBD001208B
:10AA500003B0F0BD002003B0F0BD94F90020002A3F
:10AA6000ACBF194680211A463846FFF711FF00286F
:10AA7000D9D00120ECE71146084801931A460FF09F
:10AA8000A3F8064A019B8021EEE7054B1B68D90716
:10AA9000E0D500BE1046CBE7707300203073002075
:10AAA000F0ED00E0034B0022C3E90022C3E90222DB
:10AAB0001A61704770730020014B1861704700BF26
:10AAC000707300200346064A5968006810B41346A4
:10AAD000002403C3C2E902445DF8044B704700BF81
:10AAE0007073002070B5404C2278C909B1EBD21FB9
:10AAF00082B0064615D03BB13C4B1B68DA0700D547
:10AB000000BE002002B070BD2146FFF751FF23694F
:10AB1000002B40D02246304603219847012002B046
:10AB200070BD94F90020A068002A08DB0028E8D056
:10AB30001A462F4901930FF047F8A068019BE58959
:10AB4000E2881D44ADB21844AA42A060E58101D05C
:10AB50003F2B23D8236923B1234A0221304698474B
:10AB600088B194F9002000239A42ACBF8021194695
:10AB700030461A46FFF78CFE68B91C4B1B68DB0792
:10AB8000BFD500BEBEE70146304601F08FF8304623
:10AB9000802101F08BF8012002B070BDA28994F9E8
:10ABA0000010531B9BB2402B28BF402300290ADB17
:10ABB00095424FF0000112D00D4A3046FFF768FE73
:10ABC0000028DAD0E7E795420BD001461A4608483C
:10ABD00001930EF0F9FF8021054A019BEDE70A463B
:10ABE000EBE780210022E8E770730020F0ED00E041
:10ABF0003073002000B170470CF0ACBF00B170475B
:10AC00000CF0B2BF0138C3B2042B07D856230D4A4B
:10AC100003FB00F013181B79DB0706D40A4B1B68F3
:10AC2000DB0700D500BE00207047CB09363301F0AA
:10AC30007F0103EB4101054B08441044196801F002
:10AC4000CDBD00BF84730020F0ED00E0347500201E
:10AC50000138C3B2042B07D856230A4A03FB00F07D
:10AC600013181B79DB0701D400207047CB0936335A
:10AC700001F07F0103EB4101034B084410441968C4
:10AC800001F0D8BD8473002034750020F0B5441E57
:10AC9000E5B2042D83B017D8562505FB04F5174EF1
:10ACA00001F07F0405EB4404344404EBD114303448
:10ACB000A779FF070BD5124B186810F0010001D0DF
:10ACC00000BE002003B0F0BD002003B0F0BD1F4661
:10ACD00013460A460146705DA579009745F00105C7
:10ACE000A57100F0BDFB0028ECD1A37960F300034F
:10ACF000A371A37960F38203A371E3E78473002057
:10AD0000F0ED00E02DE9F047764DAF798F4284B049
:10AD100091461E4604465BD0E2234FF0000AA9711B
:10AD20008DF809108DF80830ADF80CA0002E00F059
:10AD3000B380012103AF0DF10808FBF72BFE41465C
:10AD40003A4602232046FBF753FE51462046FBF7C6
:10AD500021FE9DF80C30EB702223D9F800908DF87D
:10AD60000730002E3ED020460121FBF713FE3A4665
:10AD70000DF1070101232046FBF73AFE9DF80C3048
:10AD8000EB704946082300222046FBF731FE20469F
:10AD90000021FBF7FFFD0026102241F2F2032046BE
:10ADA0000121EA71ADF80830ADF80C60FBF7F2FD57
:10ADB0003A46414602232046FBF71AFE314620461A
:10ADC000FBF7E8FD9DF80C30EB7004B0BDE8F087B0
:10ADD000222303AF0DF10808D9F800908DF8073051
:10ADE000002EC0D14FF0FF31E86D0BF03DFB314636
:10ADF0002046FBF709FE20460121FBF7CBFD3A4632
:10AE00000DF1070101232046FBF7F2FD9DF80C3000
:10AE1000EB703246082349462046FBF7E9FD3146F0
:10AE20002046FBF7B7FD20460121FBF7EDFD334639
:10AE300032463146E86D0AF0CFFE102241F2F203AD
:10AE40004FF0FF31E86DEA71ADF80830ADF80C60F5
:10AE50000BF00AFB31462046FBF7D6FD20460121C8
:10AE6000FBF798FD3A46022341462046FBF7C0FD1A
:10AE700031462046FBF78EFD20460121FBF7C4FD3D
:10AE8000334632463146E86D0AF0A6FE9DF80C3096
:10AE9000EB7004B0BDE8F0874FF0FF31E86D0BF0C8
:10AEA000E3FA31462046FBF7AFFD03AF2046012110
:10AEB0000DF10808FBF76EFD3A4602234146204695
:10AEC000FBF796FD31462046FBF764FD2046012145
:10AED000FBF79AFD334632463146E86D0AF07CFEB8
:10AEE00037E700BF387500202DE9F04F4B781D077C
:10AEF0000E4685B090460978044662D1DA0600F124
:10AF00004881B26812B1B288002A5AD1E24D03F0EA
:10AF10002006AB7966F07F068B42F6B200F06481C2
:10AF2000E2230027A9718DF809108DF80830ADF8DB
:10AF30000C70B8F1000F00F06C82012120460DF179
:10AF40000C090DF1080AFBF725FD51464A4602237C
:10AF50002046FBF74DFD39462046FBF71BFD9DF8CB
:10AF60000C30EB70F223EE718DF8096000268DF83D
:10AF70000830ADF80C60B8F1000F40F0D980E86DF2
:10AF80004FF0FF310BF070FA41462046FBF73CFDD5
:10AF900020460121FBF7FEFC4A460223514620468B
:10AFA000FBF726FD41462046FBF7F4FC2046012135
:10AFB000FBF72AFD434642464146E86D0AF00CFE87
:10AFC00045E0B54D13F02007AA7946D1914240F0F3
:10AFD000BE800DF10C090DF1080AB37813F0100FC3
:10AFE0000CBF10222022EA2300278DF809208DF8BB
:10AFF0000830ADF80C70B8F1000F00F0FA800121B4
:10B000002046FBF7C7FC02234A4651462046FBF781
:10B01000EFFC39462046FBF7BDFC9DF80C30EB7089
:10B020007378EB71F222012120468DF809308DF8FA
:10B030000820ADF80C70FBF7ADFC51464A460223E0
:10B040002046FBF7D5FC39462046FBF7A3FC9DF8CC
:10B050000C30EB7005B0BDE8F08F914240F0A1805C
:10B060000DF10C090DF1080AB37813F0100F0CBFA5
:10B0700040228022EA2300278DF809208DF808302D
:10B08000ADF80C70B8F1000F00F0E480012120460B
:10B09000FBF780FC514602234A462046FBF7A8FCFA
:10B0A00039462046FBF776FC9DF80C30EB70328871
:10B0B0002B899A422AD0B788F2887388BF1ABFB208
:10B0C0005B099F4228BF1F4617F0FF0740F0088129
:10B0D0003A23AF708DF8097000278DF80830ADF86D
:10B0E0000C70B8F1000F00F0D98001212046FBF769
:10B0F00051FC514602234A462046FBF779FC39466B
:10B100002046FBF747FC9DF80C30EB7033782B7230
:10B1100073786B727378EB71F22200268DF8093028
:10B120008DF80820ADF80C60B8F1000F3FF427AFA0
:10B1300020460121FBF72EFC51464A4602232046B9
:10B14000FBF756FC31462046FBF724FC7FE7E22361
:10B15000A9718DF80910ADF80C708DF80830B8F1B0
:10B16000000F00F0DE80012120460DF10C090DF1E9
:10B17000080AFBF70FFC51464A4602232046FBF71C
:10B1800037FC39462046FBF705FC9DF80C30EB7088
:10B1900023E7434606F10802FFF7B4FD05B0BDE81A
:10B1A000F08FE2230027A9718DF809108DF808307F
:10B1B000ADF80C70B8F1000F00F0D98001212046E5
:10B1C0000DF10C090DF1080AFBF7E4FB51464A4664
:10B1D00002232046FBF70CFC39462046FBF7DAFB3E
:10B1E0009DF80C30EB703FE70DF10C090DF1080AEA
:10B1F000B8E64FF0FF31E86D0BF036F941462046D6
:10B20000FBF702FC01212046FBF7C4FB02234A4660
:10B2100051462046FBF7ECFB41462046FBF7BAFBC4
:10B2200001212046FBF7F0FB434642464146E86DCC
:10B230000AF0D2FC9DF80C30EB707378E86DEB717E
:10B24000F2224FF0FF318DF80930ADF80C808DF807
:10B25000082097E64FF0FF31E86D0BF005F9414605
:10B260002046FBF7D1FB20460121FBF793FB4A4622
:10B27000022351462046FBF7BBFB41462046FBF725
:10B2800089FB20460121FBF7BFFB4346424641466E
:10B29000E86D0AF0A1FC07E7387500204FF0FF3198
:10B2A000E86D0BF0E1F841462046FBF7ADFB204688
:10B2B0000121FBF76FFB4A46022351462046FBF76C
:10B2C00097FB41462046FBF765FB20460121FBF733
:10B2D0009BFB434642464146E86D0AF07DFC12E77F
:10B2E00012238DF80730D6F808B0B8F1000F64D0FB
:10B2F00020460121FBF74EFB4A460DF107010123D1
:10B300002046FBF775FB9DF80C30EB7059463B4629
:10B3100000222046FBF76CFB00212046FBF73AFB9E
:10B32000D6E64FF0FF31E86D0BF09EF8414620461F
:10B33000FBF76AFB0DF10C09204601210DF1080A0B
:10B34000FBF728FB4A46022351462046FBF750FBF9
:10B3500041462046FBF71EFB20460121FBF754FB2C
:10B36000434642464146E86D0AF036FC0DE74FF091
:10B37000FF31E86D0BF078F841462046FBF744FBBF
:10B380000DF10C09204601210DF1080AFBF702FB23
:10B390004A46022351462046FBF72AFB41462046F7
:10B3A000FBF7F8FA20460121FBF72EFB4346424605
:10B3B0004146E86D0AF010FC12E74FF0FF31E86DEE
:10B3C0000BF052F841462046FBF71EFB20460121B8
:10B3D000FBF7E0FA4A460DF1070101232046FBF78F
:10B3E00007FB9DF80C30EB7042463B465946204621
:10B3F000FBF7FEFA41462046FBF7CCFA2046012136
:10B40000FBF702FB434642464146E86D0AF0E4FB87
:10B410005EE64FF0FF31E86D0BF026F8414620461E
:10B42000FBF7F2FA0DF10C09204601210DF1080A93
:10B43000FBF7B0FA4A46022351462046FBF7D8FAFA
:10B4400041462046FBF7A6FA20460121FBF7DCFA2D
:10B45000434642464146E86D0AF0BEFB7FE500BF29
:10B460002DE9F04102F07F0CBDF818E0D20981BB54
:10B47000BCF1000F5ED13E4EA6F160077178B47842
:10B4800082F0010262F345110A466FF3041244F0A0
:10B4900010017270B170B278B360032363F30302DA
:10B4A00000258046A6F804E0B270F5802846FFF734
:10B4B000A1FBBC7AC4BB01252046BD72FFF79EFBF1
:10B4C0002246404631462C46FFF70EFD2046BDE899
:10B4D000F08182F00108BCF1000F2ED0254F01222F
:10B4E0003C4604E00132142A04F10C0418D094F80C
:10B4F0006C508D42F6D102EB420507EB850595F8BD
:10B50000615005F00F066645ECD1C5F34015454581
:10B5100004F16C06BFD00132142A04F10C04E6D108
:10B5200000242046BDE8F0812846FFF767FB20464F
:10B53000BDE8F08182F00108D0E70E4F01243D46BE
:10B5400002E00134142CEBD095F86C608E4205F1CA
:10B550000C05F6D104EB4406B60007EB060C9CF88C
:10B5600061C01CF00F0FECD160363E4486E700BF8F
:10B57000987500203875002042DF704743DF704720
:10B5800044DF704712DF7047F0B5334CBFF35B8F79
:10B59000014604F590730125D3E84F2FC3E8405FBF
:10B5A0000028F9D1BFF35B8F12F0FF0F48D10829B3
:10B5B00029D04E01A21954F806C028489388284F74
:10B5C00001F5947601EB810E50F82660D2889A1A24
:10B5D00093B2B6B200EB8E0209B2B34228BF334633
:10B5E000C2F800C707EB8100C2F8043747F82150C2
:10B5F000BFF36F8FBFF34F8F1A4B984218D0043BA5
:10B60000984215D0F0BD154BD3F8C024D1030FD408
:10B6100094F80B1161B11449D4F80001C3F8A007E4
:10B62000C3F8A4270D60BFF36F8FBFF34F8FF0BD3A
:10B630000023BFF35B8F84F82031BFF35B8FF0BD35
:10B640000A4B0B485A68C2F30802003218BF0122A5
:10B65000BDE8F040FFF794B8887600200070024003
:10B6600028700240507002404870024000ED00E037
:10B67000E9B60200174BBFF35B8F01460122D3E806
:10B680004F0FC3E84C2FBCF1000FF8D1BFF35B8F15
:10B6900010F0FF0F14D10A60BFF36F8FBFF34F8F0D
:10B6A0000D4B994203D0043B994200D070470B4B9D
:10B6B000BFF35B8F002283F82021BFF35B8F7047BD
:10B6C000074B08485A68C2F30802003218BF01222B
:10B6D000FFF756B8A8770020507002408876002007
:10B6E00000ED00E075B60200F0B5334CBFF35B8FA0
:10B6F000C1B204F590730126D3E84F2FC3E8406F21
:10B700000028F9D1BFF35B8F12F0FF0F47D1082952
:10B7100028D04D01621954F805E028489388DFF8D5
:10B72000B0C001F5947550F82570D2888D009A1A32
:10B7300093B2BFB26A1800EB8202BB4228BF3B46FD
:10B74000C2F800E76544C2F804374CF82160BFF343
:10B750006F8FBFF34F8F1A4B9D4218D0043B9D4211
:10B7600015D0F0BD154BD3F8C024D1030FD494F8F5
:10B770000B1161B11349D4F80001C3F8A007C3F855
:10B78000A4270E60BFF36F8FBFF34F8FF0BD002370
:10B79000BFF35B8F84F82031BFF35B8FF0BD0A4BA2
:10B7A0000A485A68C2F30802003218BF0122BDE8F5
:10B7B000F040FEF7E5BF00BF887600200070024031
:10B7C000507002404870024000ED00E0E9B602000F
:10B7D0002870024001207047014B80225A60704758
:10B7E00000E100E0074BD3F80014D3F80024002058
:10B7F0000A434FF48001C3F80024C3F85801C3F88A
:10B800000413704700700240074B4FF4001229B92F
:10B81000C3F80823054B83F821117047C3F80423AC
:10B82000024B83F821117047007002408876002097
:10B8300070B48A788C88414EC97802F07F03D509AC
:10B8400005EB430006EB001001F00301C4F30A040A
:10B85000012904812BD0012101FA03F4BDB138483C
:10B8600002339940C0F80413D0F810352343C0F8D0
:10B870001035334B42F48071C3F81825C3F80C150A
:10B88000BFF36F8FBFF34F8F012070BC70472C4800
:10B8900003F10C06B140C0F80413D0F8141503F5F9
:10B8A00094730C43C0F8144540F82350E1E7082B8B
:10B8B00008D0244B186810F00100E6D000BE00202C
:10B8C00070BC7047EDB9B6F818311BB11C4B802223
:10B8D000C3F81C251A4A0023C2F85031D2F80033AD
:10B8E00013F4001308BFC2F85431154B4FF4401243
:10B8F000C3F80423D3F8142542F48072C3F8142546
:10B90000BEE7B6F808210E4B0021C3F82C1112B186
:10B910008022C3F81C250A4AD2F8003313F400131E
:10B9200008BFC2F85431064B074AC3F80423D3F8C2
:10B93000102542F48072C3F81025A1E78876002014
:10B9400000700240F0ED00E0000820001F4B802254
:10B950002DE9F041C3F88420BFF34F8FBFF36F8F01
:10B9600001241B4D1B4FA0460026A30004F10C022E
:10B97000A11C03F1804303F51C3308FA01F108FA16
:10B9800002F20A43C7F8082328465E6001342022E9
:10B990009E6200210EF03CF9082C05F12005E4D14F
:10B9A0000D4BC7F808332022C7F81C6500217E62C2
:10B9B0000A48BE640EF02CF9C7F81485C7F8108544
:10B9C000024B80225A60BDE8F08100BF00E100E038
:10B9D000A876002000700240000830008877002020
:10B9E00001F07F02082A70B44FEAD11128D0012358
:10B9F00003FA02F0C043B1B1294C951CAB40C4F826
:10BA00000833D4F81055274B2840C4F8100501EB33
:10BA1000420103EB01110023CB72BFF36F8FBFF321
:10BA20004F8F70BC70471E4C02F10C05AB40C4F840
:10BA30000833D4F814551B4B2840C4F81405E6E726
:10BA4000184B03EB01100024A0F808411448D1B1B1
:10BA50004FF40064C0F80843D0F8104524F4807413
:10BA6000C0F81045B3F81841B3F808510C48EC423F
:10BA70004FF0000608BF4FF40014C0F81C6508BF63
:10BA8000C0F80843C3E74FF48014C0F80843D0F867
:10BA9000144524F48074C0F81445C0F85011E1E74F
:10BAA000007002408876002001F07F004FEAD11C30
:10BAB000F0B50CEB4005744E2D01771985B0FC7A7A
:10BAC0004CB1724B1C6814F0010401D000BE00247C
:10BAD000204605B0F0BD04F0FF0E7251BB80A7F800
:10BAE00006E0002843D1002B57D0BCF1000F00F036
:10BAF0008E8006EB401100EB8003CD8A8A8A0C8B86
:10BB00000969521B9B0092B203F1804303F51C3379
:10BB1000A24228BF22465E4DC3F8001600B2C3F809
:10BB200004265C4BBFF35B8F05EB80010122D3E859
:10BB30004F4FC3E8472F002FF9D1BFF35B8FE4B21B
:10BB4000002C40F0908045F82020BFF36F8FBFF3AA
:10BB50004F8F514B994202D0043B994219D1BFF308
:10BB60005B8F002386F82031BFF35B8F11E0BCF1BF
:10BB7000000FBED106EB40160123F372BFF36F8FA7
:10BB8000BFF34F8FB37A23B1F37A03F0FF04002B96
:10BB900074D10124204605B0F0BD404AD2F880247B
:10BBA000C2F3C0126245A0D03D4D6A688DF80810FE
:10BBB000C2F3080100314FF4E06218BF012101A86F
:10BBC00003938DF80930ADF80420FEF755FCBFF360
:10BBD0005B8F06F590720123D2E84F1FC2E8403F09
:10BBE0000028F9D1BFF35B8FCCB2002C38D12A4AA0
:10BBF0001360BFF36F8FBFF34F8F1C46BFF35B8F94
:10BC0000204686F82011BFF35B8F05B0F0BD0123FD
:10BC1000204AF372BFF35B8FD2E84F4FC2E8413F37
:10BC20000029F9D1BFF35B8FE4B26CB91D4A1360F0
:10BC3000BFF36F8FBFF34F8FBFF35B8F86F820C1C9
:10BC40001C46BFF35B8F43E7154B16495A681648ED
:10BC5000C2F30802003218BF0122FEF791FD37E758
:10BC60006A680D49F3E70E4B0F485A68C2F30802A1
:10BC7000003218BF0122FEF783FD29E786F80AC0CB
:10BC8000FFF782FC24E700BF88760020F0ED00E09B
:10BC900004700240A87700205070024000700240FB
:10BCA00000ED00E04C70024075B6020011F07F001C
:10BCB00008B512D008280BD00E4B41F48072C90988
:10BCC000C3F8182504D10C4B03EB40139A7A62B9E0
:10BCD000BFF36F8FBFF34F8F08BD064B01225A652C
:10BCE000BFF36F8FBFF34F8F08BD9972FFF74CFC06
:10BCF000EEE700BF007002408876002011F0770F59
:10BD000012D00A4B41F48072C3F80C15C3F80C250D
:10BD1000CA09C3F8181504BF01F5947143F821202E
:10BD2000BFF36F8FBFF34F8F704700BF00700240AB
:10BD30002DE9F04FA54BA64CD3F8000300238BB0A0
:10BD40001E461F46012520FA03F11A19C9074FEABA
:10BD5000820209D5116839B105FA03F117600E4363
:10BD6000BFF36F8FBFF34F8F0133192BEBD1F20766
:10BD700000F13582974D330508D5944BD3F8A8369A
:10BD800001229BB2A5F8163185F81C21B70206F4F2
:10BD9000800424D58D4BD3F81425D00540F1FC81C7
:10BDA000002C00F0A182D3F80024D20740F19C823D
:10BDB000D3F81035DA0540F1FB8195F81C3107AF57
:10BDC000002B40F0BD82814BD3F8203508933846D4
:10BDD0004FF440730121ADF81C30FEF74DFB04B366
:10BDE0007A4AD2F8004440F201732340C2F800348A
:10BDF000E30500F15682670510D5744B0122C3F8A4
:10BE000008259A65D3F8002312F4001208BFC3F87E
:10BE100054216E4B4FF40012C3F80423A00500F127
:10BE2000358231023DD5694BD3F880C4D3F88414F0
:10BE3000D3F888E4D3F88C74D3F89084D3F894447E
:10BE4000D3F89804D3F89C245FFA8CF35FFA80FC53
:10BE5000D0B25A06C9B25FFA8EFEFFB25FFA88F816
:10BE60005FFA84F901D105291BD00024224668F32A
:10BE7000070263F3070461F30F2469F30F226EF3E3
:10BE800017446CF3174260F31F6267F31F644FF4AB
:10BE9000C063012107A8CDE90842ADF81C30FEF7C8
:10BEA000EBFA4D4B3340002B40F09181DFF82491A9
:10BEB000464F4D46CA4609F5907800241DE02B44B4
:10BEC000DA7A002A00F0D781DA88AAF80420002262
:10BED000DA72D98809914FF4E063012107A88DF83F
:10BEE00020B08DF82120ADF81C30FEF7C5FABBF16B
:10BEF000080F47D001340AF1200A04F10C0326FA96
:10BF000003F3DB075FFA84FBF1D504EB840307EB53
:10BF10008303DAF80020D3F80807630112FA80F2ED
:10BF2000E918CAF80020CA8880B2024492B2082CEC
:10BF3000CA80C4D0BAF808208242C0D1CA88BAF8F0
:10BF400004109142BBD9BBF1000FD0D10122BFF345
:10BF50005B8FD8E84F3FC8E8412F0029F9D1BFF3E4
:10BF60005B8F13F0FF0F40F052821C490A60BFF351
:10BF70006F8FBFF34F8FBFF35B8F85F82031BFF317
:10BF80005B8FB7E7164B3340002B00F002810F4B5D
:10BF9000D3F86C240192C3F86C24BFF36F8FBFF306
:10BFA0004F8F16F4806600F06E81D3F88024D3F8AA
:10BFB000803483F08003C3F3C0130593C2F3C0132E
:10BFC0000493DFF808A00024A84613E000700240A4
:10BFD000409C001088760020FCFB1F004C70024043
:10BFE00000040001002C00F0F281072E52D0013431
:10BFF00009F120090199E14004EB8403C9070AEB28
:10C00000830308EB4412E6B2ECD5D3F80816D9F84E
:10C010001070C9B20F44C9F81070D08A014489B2B7
:10C02000D182A849D08AB9F8145061188900854294
:10C0300002914FF0010C66F07F0103914FF4E06B29
:10C040004FF0000E614607A840F2B480D18AB9F8DB
:10C050001820C3F800766D1AADB2954228BF154678
:10C06000994AC3F80456BFF35B8FD2E84F3FC2E84A
:10C0700041CF0029F9D1BFF35B8F13F0FF0F40F0E0
:10C08000ED80029BC3F800C0BFF36F8FBFF34F8FEB
:10C09000072EACD1019BDB03454601D4059B43B180
:10C0A000EB7A23B1EB88AA889A4200F271810123CE
:10C0B000AB72019B9F030BD595F82B3023B1EB8C12
:10C0C000AA8C9A4200F28881012385F82A30019BCC
:10C0D0005E030DD595F84B3033B1B5F84630B5F861
:10C0E00044209A4200F27D81012385F84A30019B69
:10C0F0001C030DD595F86B3033B1B5F86630B5F843
:10C1000064209A4200F27E81012385F86A30019B07
:10C11000D8020DD595F88B3033B1B5F88630B5F827
:10C1200084209A4200F23881012385F88A30019BED
:10C1300099020DD595F8AB3033B1B5F8A630B5F806
:10C14000A4209A4200F22D81012385F8AA30019B98
:10C150005A020DD595F8CB3033B1B5F8C630B5F8E5
:10C16000C4209A4200F22281012385F8CA30019B43
:10C170001B020ED595F8EB30002B00F0F380B5F8DC
:10C18000E630B5F8E4209A4240F2EC800720FFF751
:10C19000FBF90BB0BDE8F08FD3F81025D1053FF5C2
:10C1A0000CAE95F821211AB94FF40012C3F80823F8
:10C1B00007AF08E6D38A09939DF80C30ADF81CB0A0
:10C1C0008DF820308DF821E0FEF756F90DE70023B9
:10C1D000BFF35B8F85F82031BFF35B8F66E63B4B87
:10C1E0003B4A3C4D3C4800240127C2F81475C2F874
:10C1F0001075546094625C609C629C60DC62DC60E0
:10C200001C631C615C635C619C639C61DC63DC613E
:10C210001C6454629464C2F85841D2F80034D2F8D5
:10C2200000140B43C2F80034D2F80033C2F80833CC
:10C230002146C2F8040328464FF492720DF0E8FC40
:10C2400040234FF48072394607A82B832B818DF849
:10C250002040ADF81C20FEF70FF98CE51F4B20485D
:10C260005A680299C2F30802B2EB0E0218BF01220B
:10C27000FEF786FAB9E61B4B1B68D80789D500BEC6
:10C280000BB0BDE8F08FCDE904669AE600220523E5
:10C29000012107A88DF81C208DF81D30FEF7ECF861
:10C2A000BFE50121C2F82C150423002207A88DF850
:10C2B0001C208DF81D30FEF7DFF867057FF5AEAD69
:10C2C0009BE500BF019C0010A8770020047002408D
:10C2D00000700240887600200514C00100ED00E0E7
:10C2E00075B60200F0ED00E04F4BBFF35B8F01220B
:10C2F000D3E84F1FC3E8402F0028F9D1BFF35B8F6D
:10C3000011F0FF0F32D1494BD3F8C004C70352D408
:10C3100095F80B1101F0FF07002967D04449D5F8C3
:10C320000071C3F8A077C3F8A4070A60BFF36F8F4A
:10C33000BFF34F8FD3F81035D8053FF53EAD37E743
:10C34000B5F816310993002285F81C2188234FF493
:10C35000E06238460121ADF81C20ADF82030FEF730
:10C360008BF830E5012385F8EA3012E7314B32488B
:10C370005A68C2F30802003218BF01220821FEF7F2
:10C38000FFF92A4BD3F81035DB053FF516AD0FE763
:10C390000020FFF7F9F88CE60420FFF7F5F8019B81
:10C3A000C6E60520FFF7F0F8019BD1E60620FFF76F
:10C3B000EBF8019BDCE6BFF35B8F85F82011BFF340
:10C3C0005B8FD3F81035DF053FF5F7ACF0E6049945
:10C3D00000293FF40CAE18E60120FFF7D5F8019BC9
:10C3E00076E60220FFF7D0F8019B81E6BFF35B8F72
:10C3F00085F82071BFF35B8FD3F81035D9053FF571
:10C40000DCACD5E60320FFF7BFF8019B80E6094BC3
:10C410000A485A680A49C2F30802003218BF0122CA
:10C42000FEF7AEF966E500BFA87700200070024075
:10C430004870024000ED00E0E9B6020075B6020067
:10C440004C70024030B5012885B000F09F8057D372
:10C45000022840D1BA4BD3F80435002B40F0D780E6
:10C46000B74AD2F800341C05FBD54FF40063C2F87C
:10C470000034BFF36F8FBFF34F8FB24AB24B1268D5
:10C480001B68082A00F0D780AD4BB04D80240122F4
:10C49000C3F81C45C3F80423C5F88441FDF7D8FA56
:10C4A000002840F0F880AA4D43F204044FF0804386
:10C4B0002268AA4211D0D3F80C14D3F80C24D0036C
:10C4C000F6D5CA07F4D59E4B0122C3F80425BFF365
:10C4D0006F8FBFF34F8F05B030BD04AA002102F863
:10C4E0000C1D1046FFF74EF89DF804000028E2D01E
:10C4F00010460191FFF744F8019A002AD8D0E2E7EC
:10C500008F4BD3F80025002AE5D14FF480014FF47A
:10C510000062C3F80813C3F80024BFF36F8FBFF3A2
:10C520004F8F884B1B68082B00F0B780844B01228B
:10C53000C3F80025BFF36F8FBFF34F8F43F20402A0
:10C5400003F18D5303F57723126803F2DB539A420C
:10C5500000F0CA804FF08043D3F80C24D3F80C3499
:10C56000D90301D5D207B6D443F20402784B12683E
:10C570009A4200F01881774B00221A601B680193E1
:10C580004FF08043012201991A60A4E76C4BD3F865
:10C590000025002A9FD00022C3F80425BFF36F8F27
:10C5A000BFF34F8F69498020C1F88400BFF34F8FDC
:10C5B000BFF36F8FD3F80013C3F80813C3F8002537
:10C5C000BFF36F8FBFF34F8F43F2040103F18D531D
:10C5D00003F57723096803F2DB53994200F0998051
:10C5E00001AB5D4A012111605C4A5168C1F3080149
:10C5F000003118464FF000024FF0020318BF01212E
:10C600008DF804208DF80530FDF736FF63E743F21F
:10C6100004024F4B12689A4200F0B0804FF0804302
:10C62000D3F80C24D3F80C34DB037FF519AFD5070E
:10C630007FF516AF4FE7032B0AD8494A1168002946
:10C6400040F09880474C49F27530106021601060CE
:10C650005A1E022A10D8424A1168002967D1424D59
:10C660003848394B00681B6849F2753414602960FA
:10C67000146008287FF408AF032B3FF605AF3B4951
:10C680003B4B40F2E370402208601A60BFF36F8FAB
:10C69000BFF34F8FF8E66C6005E72B4B1B685A1E03
:10C6A000022A12D82E4B1A68002A40F08E802E499A
:10C6B00049F2753203201A6008601A60214A224B41
:10C6C00012681B68082A7FF431AF032B3FF62EAFA8
:10C6D000234B1A68002A74D1224949F27532C020CE
:10C6E0001A6008601A6021E704AB002203F80C2DE1
:10C6F0001846FEF747FF9DF8041000293FF42AAFC3
:10C7000018460192FEF73CFF019B002B7FF4E3AE3D
:10C710002AE704AB03F80C2D1846FEF733FF9DF80B
:10C720000420002A3FF45DAFFEF728FF5CE70549CF
:10C73000054B0D4A08681B680021116099E700BF8E
:10C7400000700240300100103401001000E100E0F0
:10C75000DBE5B151000100400400004000ED00E0C5
:10C7600000EC064014EC064014ED06400078024050
:10C7700004780240174A0021116069E704AB0022E7
:10C7800003F80C2D1846FEF7FDFE9DF80410002955
:10C790003FF444AF18460192FEF7F2FE019B002BD6
:10C7A0007FF499AE5CE604A8002300F80C3DFEF788
:10C7B000E9FE9DF80430002B3FF4DDAEFEF7DCFE11
:10C7C00089E6044BC0221A60B0E6034B03221A60CC
:10C7D00074E700BF14EC064014ED0640F8B503788A
:10C7E00013F0010405D10678C6F3800626B1204671
:10C7F000F8BD00242046F8BD0F4605464FF0FF3136
:10C80000384609F031FE2A7812F001040FD12B7856
:10C810005B0704D42B7843F004032B70012400231E
:10C8200038461A46194609F0D7F92046F8BD34466D
:10C83000F5E700BF70B505460E4608464FF0FF31DC
:10C8400009F012FE2878C0F3800444B900240023C4
:10C8500030461A46194609F0BFF9204670BD2B78BC
:10C8600013F00102F2D12B7862F382032B70EEE712
:10C8700010B4C378848803F00303022BC4F30A04C2
:10C8800026D019D8012B04D0002318465DF8044B9C
:10C890007047022940F2FF3208BF4FF48062A24283
:10C8A000F3D21A4B1B6813F00103EED000BE002335
:10C8B00018465DF8044B7047022914BF40234FF41B
:10C8C0008063A342EDD3012318465DF8044B704703
:10C8D00002290BD012B1B4F5007F11D0A4F10803E6
:10C8E0009BB2182B06D9402CEDD0DAE7B4F5007FC7
:10C8F000D7D1E8E7064A22FA03F3DB07D1D5E2E70E
:10C9000000244021134644710171BEE7F0ED00E0C0
:10C91000010100010A44914216D230B44C78052C32
:10C9200005D00C7821448A42F8D830BC70478C7806
:10C9300004F07F0500EB4505E4092B550C782144F4
:10C940008A42EBD830BC7047704700BF2DE9F041F8
:10C9500082B00678089DBDF82470009361F300064C
:10C960000446294600F8086B012316463A46BDF8EE
:10C970002C80FCF76DFE05B13FB90A9B6360012076
:10C98000A4F8028002B0BDE8F08104F11C0101208E
:10C9900009F0FCFA26B903463046C4E90503ECE782
:10C9A0000023FAE710B50446406908B109F012FF08
:10C9B000A06908B109F00EFF012010BDF0B50B46CB
:10C9C0000D4613F8081B83B011F0020F07461846F6
:10C9D00040F2FF130CBF3F241C461646FCF774FEC2
:10C9E000E8B9E6B126421AD12B786978DA073846D9
:10C9F00018D5FEF707F990B12B78697813F0010389
:10CA000013D000233846CDE900331A46FEF73EF92D
:10CA100030B9084B1B68DB0701D500BE00E00020E1
:10CA200003B0F0BDFDF714FFE5E738461A46FDF701
:10CA30002FFFEDE7F0ED00E070B501F1080582B0E1
:10CA4000064628460C46FCF73FFE38B1237861784D
:10CA5000DB07304605D5FEF7D5F830B9002002B027
:10CA600070BDFDF7F5FE0028F8D0284662886168A1
:10CA7000FCF754FE054690B1237862686178D807C8
:10CA800017D50023CDE9003330462B46FEF7FEF8DC
:10CA9000B0B90C4B1B68DB07E0D500BEDFE72078A0
:10CAA000617810F00104304608D1FDF7E1FE204620
:10CAB000D5E730462B46FDF7EBFEE9E7FEF7C8F871
:10CAC0002846CCE7F0ED00E02DE9F0418A890B78AB
:10CAD00082B00C460646E2B9DD07497857D5FEF725
:10CAE00091F800284FD0227863886178D20751D519
:10CAF000002B5DD0626800253046CDE90055FEF779
:10CB0000C5F800284DD1374B1B68DB073BD500BE6D
:10CB10003AE003F0020301F10808002B40460CBF85
:10CB200040274FF40077304D08BF6FF03F05FCF70A
:10CB3000E3FD874227D823786178DB07304634D578
:10CB4000FEF760F8F8B14046FCF7D6FD874233D8CF
:10CB500005EA000265882378617890B2854228BF93
:10CB60000546DA0732D5002D37D062680023CDE9BB
:10CB7000003330462B46FEF789F80028C3D02846FC
:10CB800002E0FEF765F8002002B0BDE8F081FDF795
:10CB90005FFEA6E773B162683046FDF779FE0028B4
:10CBA000B1D0608802B0BDE8F081FDF751FEC9E761
:10CBB0001A46A0E71A46EFE72078617810F00104E2
:10CBC0003046DED1FDF754FE2046DDE73DB1626818
:10CBD00030462B46FDF75CFECFE72A46C6E72A46DD
:10CBE000F6E700BFF0ED00E000FEFFFF0CB4144BD1
:10CBF00030B51B788342ABB004D22BB0BDE83040D7
:10CC000002B070472FAD2B462E9A01950C4602A814
:10CC1000A0210DF0E7FF5B210A4807F045FD214602
:10CC2000084807F02FFD0849064807F02BFD02A928
:10CC3000044807F0EBFD2BB0BDE8304002B0704770
:10CC400019610020506300203CCD030000B5002096
:10CC500083B00DF079FF0DF10703181A03B05DF8EA
:10CC600004FB00BF2DE9F84F04468946164608F03C
:10CC7000AFFEDFF8A880264FDFF898A005462068B1
:10CC800003681B6998478346C0B1206803685B69E5
:10CC90009847C3B20D2BD4F810C004F1080B17D07D
:10CCA0000A2B15D0BCF5007F424639464FF00100F3
:10CCB00024D21946584608F029FCE0E708F088FE1F
:10CCC000401BB0424FF001001FD208F08DFED6E7A6
:10CCD000BCF1000FD3D008342146484608F04CFB85
:10CCE00020460C4908F094FBD9F800300A4A08495C
:10CCF0000320FFF77BFF0120BDE8F88FFFF776FFE9
:10CD00005146584608F084FBB9E75846BDE8F88F0D
:10CD1000ECCE03001CD003009CCE0300A4CE030085
:10CD20002DE9F04F06468DB00B46894603204D494C
:10CD300090464D4AFFF75AFF4946306807F0A2FC7B
:10CD40000D21306807F0B0FC08F042FE4749074665
:10CD500003A808F0CFF908F03BFEC01B40455BD2AA
:10CD6000142203A93046FFF77DFF05460028F2D0C4
:10CD7000DFF818B10BF124045BF8041F09A808F0D0
:10CD8000B9F909A903A808F073FC824609A808F0BC
:10CD9000EBFABAF1000F27D15C45EDD1344903A875
:10CDA00008F04EFCC8B9334903A808F049FC58B94B
:10CDB000314909A808F09EF909A903A808F058FC10
:10CDC00090B309A808F0D0FA039B00932B4A254999
:10CDD0004B460120FFF70AFF002503A808F0C4FA1C
:10CDE00028460DB0BDE8F08F96F8750096F87430BF
:10CDF000441C04F00704A3422CD00C2303FB006066
:10CE00000DEB0301143008F0B7FA86F8754008F00E
:10CE1000DFFDC01B4045A3D34B46194A11490120F1
:10CE2000FFF7E4FE0025D8E7164906A808F062F9E6
:10CE300006A903A808F01CFC044606A808F094FA0A
:10CE400009A808F091FA002CBED1494603A808F0C1
:10CE5000F7FB80E7039B0C4A02490120FFF7C6FE5F
:10CE600079E700BFECCE0300E4CE03001CD0030042
:10CE700000D103002CCE030034CE03004CCE0300BF
:10CE800058CE030040CE030004CE03003CCD030087
:10CE900038B5044610460D461A460146206808F08B
:10CEA00063F8206803682946DB6998474FF47A7075
:10CEB00008F09AFD03E0206803685B6998472068E2
:10CEC00003681B6998470028F5D104F10805284636
:10CED0000F4908F09DFA4FF4FA620E492046FFF719
:10CEE0001FFF03E0206803685B69984720680368B8
:10CEF0001B6998470028F5D12846054908F088FAAB
:10CF000020464FF4FA620449BDE83840FFF708BFF5
:10CF10001CD00300F8CD030000CE03004FF4FA62EA
:10CF20000149FFF7FDBE00BF00CE03002DE9F04F21
:10CF300087B007463949DFF8ECB0DFF8EC90DFF84E
:10CF4000ECA0684608F0D6F8002269463846FFF79C
:10CF500089FE00B3324D03AC05F1240855F8041FD7
:10CF6000204608F0C7F82146684608F081FB0646CF
:10CF7000204608F0F9F9BEBBA845EFD15246494614
:10CF80000320009BFFF732FE002269463846FFF778
:10CF900069FE0028DED197F8741097F875308B423F
:10CFA0001CD003AC0C26142516FB01513944204635
:10CFB00008F0C6F897F874307A68013303F0070375
:10CFC000204687F8743002B19047204608F0CCF92B
:10CFD00097F8741097F875308B42E5D1684608F0E1
:10CFE000C3F907B0BDE8F08F97F8750097F8743073
:10CFF000441C04F00704A34209D00C2303FB007077
:10D000001430694608F0B8F987F875409CE7009B32
:10D010005A4649460120FFF7E9FD95E71CD0030079
:10D020003CCD030004CE0300ECCE0300ECCD0300A6
:10D030002DE9F04F064689468FB0574903209246A6
:10D040009846564A4B46FFF7D1FD4946306807F0EF
:10D0500019FB0D21306807F027FB08F0B9FC504997
:10D06000039005A808F046F808F0B2FC039BC01A2C
:10D07000404559D214220DEB02013046FFF7F2FD74
:10D0800005460028F0D0474C04F1240B54F8041F47
:10D090000BA808F02FF80BA905A808F0E9FA074635
:10D0A0000BA808F061F93FBBA345EFD13E4905A8A5
:10D0B00008F0C6FAC8B93D4905A808F0C1FA58B940
:10D0C0003B4908A808F016F808A905A808F0D0FA06
:10D0D00090B308A808F048F9059B0093354A2E49FB
:10D0E0004B460120FFF782FD002505A808F03CF91A
:10D0F00028460FB0BDE8F08F96F8750096F87430AA
:10D10000441C04F00704A34239D00C2303FB006045
:10D1100005A9143008F030F986F8754008F058FC7D
:10D12000039BC01A4045A5D34B46234A1A49012008
:10D13000FFF75CFD0025D8E720490BA807F0DAFFD0
:10D140000BA905A808F094FA04460BA808F00CF9FE
:10D1500008A808F009F9002CBED1494605A808F036
:10D160006FFA002880D1BAF1000F3FF47DAFDAF8F2
:10D1700008305BB905A9504608F07AF974E7059BB9
:10D180000F4A05490120FFF731FD6DE70A2150469E
:10D1900008F0BCF9EEE700BFECCE0300E4CE0300DC
:10D1A0001CD003003CCD030000D103002CCE0300B3
:10D1B00034CE03004CCE030058CE030040CE030013
:10D1C00004CE03004FF4FA620149FFF7A9BD00BF86
:10D1D000CCCE03002DE9F04F0F4697B016467749A5
:10D1E0004FF4FA620446FFF79BFD20B90546284636
:10D1F00017B0BDE8F08F724907A807F07BFF07A9B9
:10D20000384608F035FA002800F0B3800DF1040824
:10D210003946404607F094FF0AAD07A808F0A4F885
:10D22000019B684A302128460DF062FB2B46664A76
:10D2300066490320FFF7DAFC2946206807F022FA46
:10D240000D21206807F030FA08F0C2FB40F6B7372E
:10D25000054608F0BDFB401BB84206D9A7E0206890
:10D2600003685B6998473E2809D0206803681B69FA
:10D2700098470028F3D1012008F0B6FBE9E73146D2
:10D280002068DFF8689107F0F7F9206803681A2131
:10D290001B68984708F09CFB4D49074604A807F017
:10D2A00029FF47F22F5608F093FBC31BB3424FF000
:10D2B000320204A920466FD8FFF7D4FC05460028A7
:10D2C000F1D0DFF82CA10AF124065AF8041F07A8B0
:10D2D00007F010FF07A904A808F0CAF9834607A8B9
:10D2E00008F042F8BBF1000F1CD15645EDD149467C
:10D2F00004A808F0A5F958B9364904A808F0A0F91F
:10D3000050B3049B344A31490120FFF76FFC0025DC
:10D3100004A808F029F8404608F026F8284617B077
:10D32000BDE8F08F94F8750094F87430451C05F052
:10D330000705AB4209D00C2303FB0040143004A9BD
:10D3400008F01AF884F87550ABE7049B234A1F498C
:10D350000120FFF74BFCA4E7214907A807F0CAFE0C
:10D3600007A904A808F084F9E8B907A807F0FCFFAA
:10D3700097E70AAD2846124907F0BCFE3946284611
:10D3800008F0E6F80DF104080146404607F0D8FE23
:10D39000284607F0E9FF40E7124A0C490120FFF751
:10D3A00025FC0025B4E707A807F0DEFFA9E70E4A31
:10D3B00006490120FFF71AFC0025ACE7CCCE03009C
:10D3C00068CE03006CCE0300E4CE0300ECCE030075
:10D3D0001CD003002CCE03007CCE030004CE03003F
:10D3E00040CE03008CCE0300D0CD030000D103005B
:10D3F0003CCD030010B586B00B460446064A68468D
:10D4000018210DF075FA6946204640F6B832FFF74C
:10D4100087FC06B010BD00BFD8CE03002DE9F04355
:10D42000884697B017465C494FF4FA620546FFF705
:10D4300077FC20B90446204617B0BDE8F083574971
:10D4400001A807F057FE284601AA40F6B833544910
:10D45000FFF7EEFD38B9002401A807F085FF20464C
:10D4600017B0BDE8F0833A2101A808F02DF9041E99
:10D47000F1DB4A490AA807F03DFE48490DA807F02C
:10D4800039FE464910A807F035FE444913A807F0B5
:10D4900031FE0025621C039B04A801A908F05CF979
:10D4A0000AAE2C46069B1BE022462C2104A808F05D
:10D4B0001BF9B0F10009B8BFDDF8189022464B46C1
:10D4C00004A907A808F048F907A9304607F07EFF2D
:10D4D00007A809F1010407F047FF069B01350C3648
:10D4E0009C4233D2042D45D0214604A808F0E2F82E
:10D4F0002228D9D101340146224604A808F0F4F8C4
:10D50000B0F1000922DB22464B4604A907A808F027
:10D5100023F907A9304607F059FF07A807F024FFB1
:10D52000069B09F101049C42D8D2214604A808F0C8
:10D53000C1F82C28214604A803D008F0BBF8202805
:10D54000CBD1069B0134A342EFD8C7E704A807F06C
:10D550000BFF022DD8BF00240FDC13A807F004FF37
:10D5600010A807F001FF0DA807F0FEFE0AA807F0BB
:10D57000FBFE71E704A807F0F7FE0DA808F020FAFB
:10D58000C8F8000010A808F01BFA00283860D4BFC3
:10D5900000240124E1E700BFCCCE03001CD003002F
:10D5A000C0CE03002DE9F04F0E469BB000F10C09F0
:10D5B0007F49054607F09EFD7D49484607F09AFDE4
:10D5C00005F1180A05F124031C46794903935046D6
:10D5D00007F090FD2046764907F08CFD75490BA8B1
:10D5E00007F088FD0BA9304608F090F804460BA818
:10D5F00007F0BAFE002CC0F2C38022460A21304652
:10D6000008F072F8031E01932246BCBFB368019371
:10D610003A21304608F068F80BACDFF894810290AC
:10D620001AAFA346584641460BF10C0B07F062FDBA
:10D630005F45F7D1029A019B013205A831464FF0B0
:10D64000000808F089F8C346079B1AE05A462C21C7
:10D6500005A808F049F8071EB8BF079F5A463B4681
:10D6600005A908A808F078F808A9204607F0AEFE3A
:10D6700008A807F1010B07F077FE079B08F10108E6
:10D680000C345B4535D9B8F1050F53D0594605A880
:10D6900008F010F82228D9D10BF1010B01465A46A7
:10D6A00005A808F021F8071E23DB5A463B4605A9CA
:10D6B00008A808F051F808A9204607F087FE08A836
:10D6C00007F052FE079B07F1010B5B45D6D959467F
:10D6D00005A807F0EFFF2C28594605A803D007F04E
:10D6E000E9FF2028C9D1079B0BF1010B5B45EED860
:10D6F000C4E705A807F038FEB8F1030F1DDC434668
:10D700002D4A2E490120FFF771FA0EAC14AF17A86D
:10D7100007F02AFE384607F027FE11A807F024FE7E
:10D72000204607F021FE0BA807F01EFE28461BB07E
:10D73000BDE8F08F05A807F017FE0BA928460EAC30
:10D7400007F01AFE14AF2146484607F015FE504672
:10D75000394607F011FEB368019A9342D7DD0132D2
:10D76000314608A807F0F8FF039E08A9304607F0E5
:10D770002DFE08A807F0F8FD304608F0F5F8C6E7DA
:10D780000F490BA807F0B6FC0BA9304607F0BEFF07
:10D7900004460BA807F0E8FD002CBFF62EAF094A9F
:10D7A00006490120FFF722FA28461BB0BDE8F08F9A
:10D7B0001CD0030070CD03009CCD0300ECCE030011
:10D7C00078CD030080CD03004FF4FA620149FFF7E2
:10D7D000A7BA00BFE0CD030010B586B004461B49D0
:10D7E000684607F087FC20466A4640F6B833184979
:10D7F000FFF71EFC30B3174903A807F07BFC03A911
:10D80000684607F083FF044603A807F0ADFD002C2F
:10D8100018DB22462C21684607F066FF031E11DB49
:10D82000621D694603A807F097FF03A808F0C8F82F
:10D83000044603A807F098FD684607F095FD2046CA
:10D8400006B010BD4FF0FF34F6E700BF1CD0030058
:10D85000C0CD0300C8CD030030B585B00D460446E9
:10D86000174901A807F046FC284601AA40F6B8333C
:10D870001449FFF7DDFBC0B1222101A807F024FF06
:10D88000002812DB451C2A46222101A807F02CFFA4
:10D89000031E0ADB2A4601A9204607F05DFF01A806
:10D8A00007F062FD204605B030BD0549204607F06F
:10D8B00021FC01A807F058FD204605B030BD00BF8F
:10D8C0001CD0030064CD03002DE9F04F0E468FB04D
:10D8D0002C21044607F0F8FE051EC0F2A68002A81F
:10D8E0002B460022214607F037FFA3686A1C05A8D3
:10D8F000214607F031FF079B012B88BF012733D852
:10D9000000252F2102A807F0DFFE2F21834602A861
:10D9100007F00EFF3A21824605A807F0D5FE3A210E
:10D92000074605A807F004FFBBF1000F804601DBA6
:10D93000D3457FDB2368AA4AAA490320FFF756F99B
:10D94000002405A807F010FD02A807F00DFD2046F1
:10D950000FB0BDE8F08F07F09FFE03782D2B0CD0A1
:10D96000079B01379F42CBD2394605A807F094FEAA
:10D9700003782B2B394605A8EDD1002FC0DD079B7E
:10D9800008A83A4605A907F0E7FE0A9B012B40F2DA
:10D990000F813A2108A807F097FE0028C0F20C81F9
:10D9A000002108A807F086FE4FF6FF752D284FF0DE
:10D9B0003A0108A80CBFAA464FF0010A07F084FEFE
:10D9C0000DF12C080346012208A90546404607F040
:10D9D000C3FE404607F0F4FF8146404607F0C4FC12
:10D9E0006A1C0A9B08A9404607F0B6FE404607F0AD
:10D9F000E7FFC9EB09190546404605EB890507F025
:10DA0000B3FC15FB0AF52DB208A807F0ADFC3B46A8
:10DA1000002205A9404607F09FFE414605A807F0F1
:10DA2000D5FC404607F0A0FC6BE7002420460FB071
:10DA3000BDE8F08F002FFFF67DAF8742BFF67AAFCB
:10DA40005B46002202A90BA807F086FE0BA807F090
:10DA5000B7FF81460BA807F087FC53460BF1010284
:10DA600002A90BA807F078FE0BA807F0A9FF8346D0
:10DA70000BA807F079FC0AF10102049B02A90BA88C
:10DA800007F06AFE0BA807F09BFF82460BA807F081
:10DA90006BFC3B46002205A90BA807F05DFE0BA816
:10DAA00007F08EFF01900BA807F05EFC43467A1C3E
:10DAB00005A90BA807F050FE0BA807F081FF074649
:10DAC0000BA807F051FC08F10102079B05A90BA860
:10DAD00007F042FE0BA807F073FF80460BA807F083
:10DAE00043FCB9F1630F07DCB9F1450F40F26C73E9
:10DAF000D8BF4FF4FA6399440BF1FF330B2B64D872
:10DB00000AF1FF3ABAF11E0F5FD8019B172B5CDCBC
:10DB10003B2F5ADCB8F13B0F57DCB9F5FA6F54DBF9
:10DB20005FFA8BF3304A3149022B98BFA9F1010902
:10DB30004FF4C87399FBF3F302FB03994FEA990280
:10DB4000BBF1020F40F26D1000FB0920CCBF6FF05B
:10DB500002020922824493449922642002FB0BF2C0
:10DB6000B9FBF0F9AAEB090002320524B2FBF4F28A
:10DB7000024401FB0323A3F532236FF4A76213448D
:10DB8000002B2ADB01981A494FF4616202FB00F274
:10DB900001FB03233C2202FB0737B8444FF6C47352
:10DBA00015FB0383002B18DD3360B5800124C8E624
:10DBB00000250DF12C0827E708A807F001FFC0EBAE
:10DBC000001005B20DF12C081EE72368094A05492B
:10DBD0000320FFF70BF80024B3E60024B1E600BFF2
:10DBE00050CF030060CF030070FEFFFFB13A020088
:10DBF0008051010068CF030070B50D6884B0044601
:10DC000015B33C2613491448144B12FB0652A1FBD2
:10DC10000251090C00FB1121A3FB0123DB0A4FF485
:10DC200061600F4D0F4A00FB1311A5FB010149096B
:10DC3000009102A806210CF05BFE02A9204607F025
:10DC400059FA204604B070BD074907F053FA204640
:10DC500004B070BD07452EC280510100C5B3A2912A
:10DC6000898888887CCF03001CD00300704700BFE0
:10DC7000002914BFFF210021643041F288320BF0EB
:10DC8000C7BF00BF002969DB70B4B0F90C408C42FB
:10DC900062DD002A60DBB0F90E5095425CDD41F296
:10DCA000EE3589B2455D15B1C943214489B2847E00
:10DCB000022C92B265D0032C5DD0012C55D041F2DC
:10DCC000FA3541F2EF34465B045D41F2FC35891BC5
:10DCD00009B2455B002C42D1521B12B200293BDB3A
:10DCE00041F2FE34045B25B2A94235DA002A33DB67
:10DCF00000F5A055B5F9005095422DDD41F2F835FB
:10DD000041F2F436455B865B16FB05F6921B12B2B8
:10DD1000002A21DB2DB2AA421EDA00294FEAD404E0
:10DD20000D4602FB04F2B8BFCD1D4C4204F00704BF
:10DD300001F0070102EBE50258BF61420244C1F164
:10DD40000701012000FA01F149B292F964000BBB0E
:10DD500020EA010182F8641070BC70477047448962
:10DD6000641B013CA21A12B2B8E70489D2431444DE
:10DD70000A46A1B2A3E74489013C641A1146A2B243
:10DD80009DE704894589D243013C2A44611A92B235
:10DD900089B294E7014382F86410DDE710B50446C8
:10DDA000243007F0E1FA04F1180007F0DDFA04F17D
:10DDB0000C0007F0D9FA204607F0D6FA204610BD2D
:10DDC00070B5064600F1140500F174040C3C2046C1
:10DDD00007F0CAFAA542F9D106F1080007F0C4FA23
:10DDE000304670BD38B5074CA4F5A06504F11400A9
:10DDF00007F0BAFA04F10800283C07F0B5FAAC4283
:10DE0000F4D138BDE890002038B5074CA4F1C00526
:10DE1000183C04F10C0007F0A7FA204607F0A4FA1A
:10DE2000AC42F5D138BD00BFE49100202DE9F041AE
:10DE3000284E294C336841F2F83786B00025E25F5E
:10DE400001924FF0C808172BCDE9035502952B46D8
:10DE50002A46CDF8008004F1640104F124001DDDA0
:10DE600005F0BAFE294604F1240005F0ABFBE35FA0
:10DE7000CDF80080CDE901352A462B4604F1640136
:10DE800004F12400CDE9035505F0A6FE04F12400B9
:10DE900005F0D4FA356006B0BDE8F08105F082FEE9
:10DEA00004F12400012105F08DFBE35FCDF8008033
:10DEB000CDE90135CDE903552B462A4604F164012D
:10DEC00004F1240005F088FE33680133336006B0A6
:10DED000BDE8F08198920020F87700202DE9F0430A
:10DEE000002293B04FF6FF710E23CDE90031674851
:10DEF0001146C82304F05AF80021C82300910D22CE
:10DF0000624804F03FFA624B1F68132F0ADC0D2FA2
:10DF100000F39D80072F00F3B680002FD4BF0027A9
:10DF2000012700E004270026DFF86081B1460A25BA
:10DF3000B4000234C5F10D0C24B20FFA8CFC0FFAB8
:10DF400085FEB742CDE900C94FF003037246214672
:10DF5000404678DD04F02AF80136033D042EADB2C8
:10DF6000E6D14A4C4B4D0121204604F089FE2B6836
:10DF7000494900229342C4E904126FDC474E3368DA
:10DF8000002B08DD4649414806F07CFB31683F48DC
:10DF90000A2206F08DFB434B434E1B68434D013B69
:10DFA000042B96BF424A434952F8231003A807F0B6
:10DFB000A1F8059B3548A3EB830364330322238236
:10DFC00003A9628206F058FB0A2231680CA807F008
:10DFD0003BF90CA90FA807F0B3F837490FA807F0D1
:10DFE000E3FA0A220746296809A807F02DF909A9CA
:10DFF000384607F0ADFA014606A807F0A1F809A8CF
:10E0000007F0B2F90FA807F0AFF90CA807F0ACF9C8
:10E010002B68002B02DD326893421ADD089B1B48F7
:10E02000A3EB83035B00C4330322238206A962822D
:10E0300006F022FB06A807F097F903A807F094F969
:10E0400013B0BDE8F083032303F0F0FF84E7032758
:10E0500069E7134906A807F02FFADFE717490F4EC3
:10E06000204606F00FFB0A222968204606F020FB16
:10E070003368002B8FDD2B68002B83DD1049204691
:10E0800006F000FB7EE702274DE700BFF87700208F
:10E0900034610020C492002018000300E8910020A1
:10E0A00068E10300A0920020AC920020A89200201A
:10E0B000E0CF030028DA030048D0030044D0030077
:10E0C000C8D0030030B587B001460446684607F063
:10E0D00037F8684607F03AFC564903A807F00AF8F3
:10E0E00003A9684607F0C4FA054603A807F03CF9FF
:10E0F000F5B1514903A806F0FDFF21684F4842F2EF
:10E10000107303AAFEF794FF059B0446002B61D110
:10E110004B4B4C494C48002C08BF194606F076FB87
:10E1200003A807F021F9684607F01EF907B030BDD3
:10E130004649204607F084FA002834D03E4903A817
:10E1400006F0D8FF03AA41F2883341493B48FEF765
:10E150006FFF03A93C4806F047FB374903A807F0C7
:10E1600057F903AA41F288333A493448FEF760FF71
:10E1700003A9354806F038FB2F4903A807F048F9F2
:10E1800041F2883303AA34492C48FEF751FF03A912
:10E190002D4806F029FB03A807F0E6F8684607F0CB
:10E1A000E3F807B030BD2D49204607F049FAB0B179
:10E1B0002B4B2C4C1A782C492348032A0ABF0222E5
:10E1C000032221461A7006F021FB684607F0CCF8BE
:10E1D00007B030BD03A91C4806F006FB98E72046AF
:10E1E000224907F02DFA58B1FEF730FD0A22014608
:10E1F000154806F0CBFA1E49134806F007FB92E7D4
:10E200001C49114806F002FB1B490F4806F0FEFAB4
:10E210001A490D4806F0FAFA19490B4806F0F6FAC1
:10E220001849094806F0F2FA1749074806F0EEFACD
:10E2300079E700BF00CE03001CD00300EC91002062
:10E240007CD1030000D10300506300209CD1030067
:10E25000A4D10300A8D10300B4D10300C0D10300AE
:10E260001961002090D1030084D10300C8D10300BC
:10E27000CCD10300D8D10300E4D1030020D20300A5
:10E2800040D2030068D2030080D203002DE9F04F92
:10E290003C4FBE89FD89BB7EC82E28BFC8260E2DE7
:10E2A00028BF0E25022B8BB062D0032B57D0012B39
:10E2B0004AD04FF00008444641F2EF33FB5C1BB1FB
:10E2C0007B895B1B1C1BA4B241F2F83A2E4937F93B
:10E2D0000A30019324B24FF0000936B22DB24FF04C
:10E2E000C80B2346A1F140004246CDF80880CDE995
:10E2F00003460595CDE90799CDF81890CDF800B003
:10E3000005F024FE33462246414600951F4805F09D
:10E31000B3F91D4937F90A30019342462346CDE946
:10E320000799CDE90559CDE90346CDF800B0CDF800
:10E330000880A1F1400005F057FE154A136801332B
:10E3400013600BB0BDE8F08FB7F808803346A8EB38
:10E3500005082E460FFA88F800241D46ACE77C8994
:10E360003346A61BB4B24FF000082E461D46A3E765
:10E370007C89B7F80880641BA8EB0608A4B20FFAE2
:10E3800088F899E7F87700205C7800201C78002056
:10E39000989200202DE9F0415448554C554E564D69
:10E3A00088B0FFF719FA02AA206001A94F48FFF7C9
:10E3B00035F818B1DDE9012332602B604F4F3B780F
:10E3C0009BB107F005FB4E4B4E4A1B68C01A9042AA
:10E3D0000BD82368132B35DC0D2B58DC072B74DC92
:10E3E000002BD4BF002301232DE0002305A83F49C3
:10E3F0000393ADF81030FFF72FFA05A803A9FFF734
:10E4000063FA804605A806F0AFFFB8F1000FE0D030
:10E41000DFF81881BDF91030B8F90020934206D01A
:10E42000394A3A490220FEF7E1FBBDF91020A8F86D
:10E43000002001233B7007F0CBFA314B18602368B2
:10E44000132BC9DD0423324A324F1068324C316835
:10E450002D683F68D4F800E09842304819D104682C
:10E460002F4E8C4229D0DFF8C8C0DFF8C8802D4C71
:10E47000136001603560CCF80070C8F800E007F068
:10E48000A7FA236898420AD208B0BDE8F0810323B6
:10E49000D9E7234EDFF898C0DFF89880E7E700213E
:10E4A000214804F0F3FB07F093FA236898420ED258
:10E4B000FFF7ECFE08B0BDE8F0813468DFF870C00B
:10E4C000AC4207D0DFF86C80D1E70223BBE7FFF74F
:10E4D00005FDEDE7DCF80040DFF85880BC42C6D10E
:10E4E000D8F800407445C2D1CEE700BFEC910020BF
:10E4F00034610020AC920020A8920020C09200203D
:10E50000209100207FEE36004CD0030060CF030046
:10E5100028610020C4920020E89100202C61002096
:10E520001C610020BC920020F87700203861002098
:10E53000246100202061002070B50D4686B006469B
:10E540002249684606F0D6FDAB685BB1002421463F
:10E55000284607F0AFF83038092828D9AB680134CD
:10E560009C42F4D31A4903A806F0C4FD03A9284627
:10E5700007F07EF8044603A806F0F6FE14B9029BE5
:10E580000A2B21D0124903A806F0B4FD694603A85E
:10E5900006F0DEFF0146304606F0D2FD03A806F085
:10E5A000E3FE684606F0E0FE304606B070BD214648
:10E5B000284607F07FF80146684606F0A7FFAB68DB
:10E5C00001349C42C3D3CDE70249DCE71CD00300F1
:10E5D00068CE0300E4D003002DE9F04305468DB07A
:10E5E00009A8484906F086FDAB685BB100242146C6
:10E5F000284607F05FF83038092863D9AB68013442
:10E60000A342F4D80B9B6F460A2B38466BD809A956
:10E6100006F096FD09A8DFF8F090DFF8E88006F034
:10E62000A3FE4D460026696803A806F063FD414637
:10E6300009A806F05FFD059B5BB10024214603A8F5
:10E6400007F038F83038092826D9059B0134A34251
:10E65000F4D80B9B0A2B2ED809A906A806F070FD4A
:10E6600009A806F081FE394606A806F0CDFF04464B
:10E6700006A806F079FE03A806F076FE002C38D135
:10E680000136032E05F10805CDD1384606F06CFEA3
:10E6900020460DB0BDE8F083214603A807F00AF834
:10E6A000014609A806F032FF059B01349C42C5D300
:10E6B0000B9B0A2BD0D9A3F10A0209A906A807F0DF
:10E6C0004BF8CDE72146284606F0F4FF014609A89D
:10E6D00006F01CFFAB6801349C4288D30B9B6F464D
:10E6E0000A2B384693D9A3F10A0209A907F034F896
:10E6F00090E7384659F8364006F036FE20460DB011
:10E70000BDE8F0831CD0030030DA03002DE9F04FA0
:10E71000AB4AAC4BDFF8CCB21B7800261670AA4A85
:10E72000CBF800609DB0166013B91DB0BDE8F08F46
:10E73000A648FEF747FDA64907A806F0DBFC07AA96
:10E7400042F21073A349A148FEF772FC002800F0C2
:10E75000CC81099ADBF80030002A00F0FC801F2BE6
:10E7600000F3FC80DFF880A22BE0DBF80030002B08
:10E770001BDD0C9ACAB1013B03EB83030AEBC30414
:10E780001434A368132B10D8002B40F0BB81C3F1C5
:10E79000140300220AA910A806F0DEFF10A92046E3
:10E7A00006F066FE10A806F0DFFD0AA806F0DCFD04
:10E7B000099B9E42DBF8003080F0CD801F2B00F3D8
:10E7C000CD8032460A2107A806F08EFF041EB8BF8E
:10E7D000099C3246234607A90AA806F0BDFF7E49D8
:10E7E00010A806F087FC10A90AA806F041FF05460C
:10E7F00010A8661C06F0B8FD002DB6D0DBF800703E
:10E800000C9B06220AA97C1C10A8CBF8004006F03D
:10E81000A3FFBB001C4610A8039307F0D1F82346C2
:10E820003B44DC004AF8330010A806F09DFD0AEBDB
:10E83000040504F11400664904945044002406F0D1
:10E84000E7FD63492C62AC8410A806F053FC6049D4
:10E8500013A806F04FFC5E4916A806F04BFC5C4975
:10E8600019A806F047FC22210AA806F02DFF049BF8
:10E870000833534400280593B8BF0DADC0F223817F
:10E880000DF140080DAD814609F101094A462221EA
:10E890000AA806F029FF4A46B0F100090AA94B462A
:10E8A0002846C0F2358106F057FF2946404606F05B
:10E8B0008DFD284606F058FD09F1010222210AA823
:10E8C00006F012FFB0F1000904F1010408F10C0890
:10E8D000C0F22081042CD7D14049284606F00AFC1A
:10E8E000294610A806F012FF039B3B440AEBC30322
:10E8F000C243D20F1A71284606F036FD13A92846E6
:10E9000006F01EFC2946059806F060FD284606F034
:10E910002BFD0499013C04EB4404203110AB03EBC4
:10E9200084005144FEF7D0FF039B3B440AEBC3072E
:10E930003B791BB1244A13680133136019A806F010
:10E9400013FD16A806F010FD13A806F00DFD10A883
:10E9500006F00AFD29E7012B40F39D80204F00239C
:10E960000393A7F130030593C7F128084FF001097D
:10E9700017F8043C57F8082C8DF84430394612A893
:10E9800007F10C0A109206F0DBFB514615A806F0C1
:10E99000D7FB07F1180393E8030018AB83E80300E3
:10E9A00057F8100C18998842BC4608EB070380F012
:10E9B000A780A7F12804A7F11C05039E1DE000BF56
:10E9C0001491002064920020C4920020EC91002059
:10E9D0001CD0030084D30300A8D30300B0D30300EA
:10E9E000408C002010910020108C00205CF8101C3E
:10E9F000189A914206F1FF3620D214F8043C54F8DC
:10EA0000082C84F824302262214604F1280006F004
:10EA1000B3FC294604F1340006F0AEFC04F11803FF
:10EA200093E80300A4462064A4F84410AA4608EB27
:10EA30000403283DB646283C002ED7D1059D1099E9
:10EA400004930EEB8E0E05EBCE0445F83E109DF8B8
:10EA500044102171604612A906F08EFC15A950469B
:10EA600006F08AFC18AB93E80300049B2B4409F1E1
:10EA700001091862998415A806F076FC12A806F020
:10EA800073FC039ADBF8003001324B45039207F127
:10EA900028073FF76DAF304A1168994205DB012B1B
:10EAA0001946B8BF0121013911602C4A2C4912685E
:10EAB000009202202B4AFEF799F807A806F054FCB2
:10EAC0001DB0BDE8F08F039B3B440AEBC30300225B
:10EAD0001A712549284606F00DFB2946059806F0CF
:10EAE00075FC284606F040FC1EE7204A1C49012020
:10EAF000FEF77CF807A806F037FC1DB0BDE8F08FE4
:10EB0000CE469BE72021204606F000FDA3683EE6A6
:10EB1000002CD8D01649284606F0ECFA294610A851
:10EB200006F0F4FD282303FB07A3C243D20F2846B7
:10EB30001A7106F019FC012CCBD013A9284606F057
:10EB4000FFFA2946059806F041FC284606F00CFC21
:10EB5000022C3FF4E9AEDCE6A4920020C49200202F
:10EB6000A4D30300B8D30300F4D0030094D303006C
:10EB7000B0D303002DE9F04FDFF878B3DFF89CA3A2
:10EB800093B04FF6FF74AC23CDE900341022C823B4
:10EB90005846002103F00AFA5846002104F076F89E
:10EBA00000210C23019458460C460093BC22C82334
:10EBB00003F0FCF9C823BC2258462146009403F018
:10EBC000E1FB5846012104F05BF8C44BC449CBF883
:10EBD00014405846CBF8103005F054FDDAF80050D8
:10EBE000002D40F08580BF4BBF4A1978BF4B0DF117
:10EBF0003008A1420CBF11461946404606F07AFA89
:10EC0000BB49584604F042F80121584604F038F850
:10EC10002F24CBF814502A4601270FAD4FF0020ADB
:10EC2000D94602F11106334641462846ABF8124058
:10EC3000ABF810A006F090FD2946484605F01CFDF3
:10EC4000284606F091FB0E9B1234B342324607F180
:10EC50000107A4B202D9882AE3D109270021A548D7
:10EC600004F014F8404606F07FFB9E4B1B78002B07
:10EC700000F00281DFF87C929F494046013706F0A0
:10EC800039FA07EBC7049A49484603F0FFFF6400CE
:10EC90000121484603F0F4FF1D340022A4B2CBF852
:10ECA00014204FF0020A02E01234A4B2324602F1FC
:10ECB0001106082F33464146284607F101070FDCAD
:10ECC000ABF810A0ABF8124006F046FD29464846C6
:10ECD00005F0D2FC284606F047FB0E9BB342E3D872
:10ECE0000021844803F0D2FF404606F03DFBC3E01C
:10ECF0008249834B0A681B689342B8BF1A4602F1E7
:10ED00000302B8BF0B60934200F3C9807849794889
:10ED100003F0BCFF0121774803F0B2FF1D274FF03D
:10ED20000008764B1C68DAF800304444A34240F3F4
:10ED30009F80734B1B68A34200F0C1800023714D7C
:10ED4000714AABF8163004EB8404E1006818894678
:10ED500000796E49ABF8143009F10804002818BF97
:10ED600011462C4403A806F0C5F92046FFF734FCF1
:10ED70000CAD002800F097800146284606F0BAF94D
:10ED80000FAC0A2300222046294606F0E5FC214666
:10ED900003A806F06DFB204606F0E6FA284606F0CA
:10EDA000E3FA5B4BB3F90020564B09F1200106A8AA
:10EDB0001944FEF721FF089B09AE3046002B6AD0AC
:10EDC00006A906F0BDF903E0202103A806F09EFB8A
:10EDD000059B0B9A1344102BF6D9314603A806F075
:10EDE00047FB00224FF0020C112303A92046ABF889
:10EDF00010C0ABF8127006F0AFFC21463D4805F09C
:10EE00003BFC204606F0B0FA4FF0020C07F112036B
:10EE10003E49ABF810C02846ABF8123006F06AF94C
:10EE2000384B09F114011944284606F091FB1123CF
:10EE300000220146204606F08FFC21462D4805F0B1
:10EE40001BFC204606F090FA284606F08DFA304664
:10EE500006F08AFA06A806F087FA08F1010803A866
:10EE600006F082FA2437B8F1040FBFB27FF459AF2D
:10EE70000021204803F00AFF00211E4803F006FF8E
:10EE800006F0A6FD234B1B68984211D2FEF7CEFF79
:10EE900013B0BDE8F08F204906F02CF998E7174A27
:10EEA000033B136032E72146284606F049F967E73D
:10EEB000FFF714F8FEF7BAFF13B0BDE8F08F00219A
:10EEC0002423A7F10D02CDE9003112B2C82309486D
:10EED00003F06CF84FF6FF7331E700BF0200BF008C
:10EEE00008D3030064920020F8D20300ECD20300A0
:10EEF000D4D30300F877002028D303001891002012
:10EF0000A4920020108C002044D00300C8D003003D
:10EF100038610020BC92002034D3030010910020FF
:10EF200070B5064696B02948FEF74CF93346284A94
:10EF3000182104A80BF0DCFC264901A806F0DAF839
:10EF400004A901AA41F288332048FEF771F804466B
:10EF500028B901A806F008FA204616B070BD1E4D6B
:10EF60000AA801A9FEF71EFB0AA9284606F02EFAF8
:10EF70000DA905F10C0006F029FA10A905F11800F9
:10EF800006F024FA13A905F1240006F01FFA13A8CD
:10EF900006F0EAF910A806F0E7F90DA806F0E4F982
:10EFA0000AA806F0E1F90D490D4AEB6A0E6000214E
:10EFB0001160002BCDD16C6901A8641A18BF01241F
:10EFC00006F0D2F9204616B070BD00BFEC910020CB
:10EFD00038D003001CD00300689200203C61002060
:10EFE0009C9200202DE9F04FAF4C93B04FF6FF7587
:10EFF000AC23CDE900351022C8232046002102F0C1
:10F00000D5FF2046002103F041FE00210C2301958D
:10F0100020460D460093BC22C82302F0C7FFBC2245
:10F02000C82320462946009503F0ACF9204601216B
:10F0300003F026FE9D4B9E4923612046656105F045
:10F0400021FB9C48FFF7C8FA06AB0393002800F0A9
:10F05000BD800146184606F04DF89649039806F023
:10F06000D3FA0FAD002800F0B68093490CA806F043
:10F0700041F803990CA806F06BFA904982468A4839
:10F0800003F004FE0121884803F0FAFD00231F4627
:10F0900063611A461D264FF0020B02F11108434628
:10F0A000514628466682A4F810B006F055FB294662
:10F0B0007D4805F0E1FA284606F056F9DAF80830FE
:10F0C0001236434507F10109B6B2424604D94F460C
:10F0D000092FE2D10A2700E002370021724803F02D
:10F0E000D5FD0CA806F040F9002604A97448049642
:10F0F000ADF81460FEF7E8FB00287CD107EBC706EB
:10F1000076000021B6B232B2C8230091664803F0FF
:10F1100039F96A49644803F0B9FD6A4B1A68082F47
:10F1200002EB021200F3B980DFF8B481D8F82C307A
:10F130009A4280F0B6801D36B6B24FF0020B08F14D
:10F14000240ADFF8649103E0D8F82C309A421AD2EE
:10F1500002F111073B464FF0000C51462846C4F817
:10F1600014C06682A4F810B006F0F6FA29464846A4
:10F1700005F082FA284606F0F7F806F11203AD2EE4
:10F180003A469EB2E0D10021474803F07FFDD8F80F
:10F190002C30BB4208D94FF0B21200234A494248F2
:10F1A000C4E9042305F06EFA00213F4803F06EFD28
:10F1B00006F00EFC454B1B6898426BD2FEF736FEFC
:10F1C000039806F0D1F813B0BDE8F08F184639491E
:10F1D00005F0B6FF41E728463D4905F08BFF28467C
:10F1E000344906F0B5F90146039806F041F928467E
:10F1F00006F0BAF839E737490CA805F07BFF364B23
:10F2000004A9B3F9002009A8FEF7F6FC09A90CA887
:10F2100006F09EF9314906F0C7F92849824622488E
:10F2200003F034FD0121204803F02AFD09EBC90356
:10F230005B001D33666132464FF0020B9EB203E065
:10F240001236B6B2B946424602F11108BF2E434605
:10F250005146284609F1010711D0A4F810B0668282
:10F2600006F07AFA2946104805F006FA284606F014
:10F270007BF8DAF808304345E2D809F102070021AB
:10F28000094803F003FD09A806F06EF80CA806F083
:10F290006BF833E7FEF722FE90E71746DFF8408071
:10F2A00071E717466FE700BFF87700200200BF0044
:10F2B000B4D2030074920020D4D20300D4D303004C
:10F2C000809200209C920020E8D20300BC92002093
:10F2D000D0D20300DCD2030038610020E0D203006A
:10F2E000689200202DE9F04F984D97B0AC234FF66F
:10F2F000FF742846CDE900340021C823102202F013
:10F3000055FE934B1B68032B4FF00001284600F07D
:10F31000398103F0BBFC00210C23CDE90034BC2271
:10F320000C46C823284602F041FEC823BC222146D1
:10F330002846009403F026F80121284603F0A0FC9B
:10F34000844B85492B6128466C6105F09BF9834904
:10F350008B68002B40F0E48007AB1846804903938C
:10F3600005F0EEFE13AC10AB1E4618467D49029325
:10F3700005F0C0FE0399DFF8D4B1304606F0E8F896
:10F3800079498146584603F081FC0121584603F033
:10F3900077FC002398466B611A461D264FF0020A3F
:10F3A00002F111073B46494620466E82A5F810A09F
:10F3B00006F0D2F92146584605F05EF9204605F0E0
:10F3C000D3FFD9F808301236BB4208F10101B6B2BA
:10F3D0003A4640F2D28109298846E1D10A234FF00A
:10F3E000B408049350265948DFF8809100218346E1
:10F3F000002703F04BFC029805F0B6FF4246C823F5
:10F4000039465846009702F0BDFF5749584603F069
:10F410003DFC0121584603F033FC049B6F611E4400
:10F4200076001D36B6B23A4698464FF0020A02E020
:10F430001236B6B23A4602F11107B8F1080F3B4650
:10F440004A49204608F101080FDCA5F810A06E8299
:10F4500006F082F92146584605F00EF9204605F0DF
:10F4600083FFD9F80830BB42E2D80021374803F0C7
:10F470000DFC3F4B3F491A6881FB0213D117C1EBCA
:10F48000E301049B0B44082B40F389810A22D9F83D
:10F4900008100DA805F008FF029F0DA9384605F0D9
:10F4A0004FFE3549384606F07FF80A220646A0216D
:10F4B000204605F0C9FE2146304606F049F80146CF
:10F4C0000AA805F03DFE204605F04EFF384605F03F
:10F4D0004BFF0DA805F048FF0C9B1C48A3EB8303D2
:10F4E0005B00C43300220AA9B2242B826A616C82B9
:10F4F00005F0C2F80AA805F037FF039805F034FFBD
:10F500000021124803F0C2FB06F062FA1B4B1B6895
:10F51000984280F03D81FEF789FC17B0BDE8F08F7E
:10F5200013AC204605F00CFE2046154906F03CF8C9
:10F530000B4906F00DF807AB01461846039305F09A
:10F54000FFFD204605F010FF0DE700BFF877002013
:10F55000A09200200200BF0020D00300E07700202E
:10F56000EC77002018D00300D4D30300C477002028
:10F57000D07700207978787848D00300BC920020BA
:10F58000D0D2030003F082FB00210C23CDE900342C
:10F59000BC220C46C823284602F008FDBC222146A6
:10F5A000C8230094284602F0EDFE0121284603F00E
:10F5B00067FB10AB1E460293AE49AF4B2B6128464A
:10F5C0006C6105F05FF83046AC4905F093FD3046BC
:10F5D000AB4905F0BDFFAB4BAB4A1968AB4BA14241
:10F5E000ACBF1146194605F0DFFFA9498146284600
:10F5F00003F04CFB0121284603F042FBA0466C615E
:10F6000022461D2613AC4FF0020BAA4602F1110749
:10F610003B46494620466E82A5F810B006F09CF89D
:10F620002146504605F028F8204605F09DFED9F801
:10F6300008301236BB423A4608F10101B6B240F238
:10F64000D780992A8846E1D10A23B4260593002160
:10F65000904803F01BFB029F384605F085FE002111
:10F66000C823324600918B4802F08CFE844938460C
:10F6700005F066FD384606F05BF9129B002B40F062
:10F68000BF8000220D924FF0010A002B40F0CB808A
:10F6900016AA02EB8A0201218A4442F8241C002B9C
:10F6A00040F0D18016AB03EB8A030222029843F8A4
:10F6B000242C05F059FE764976480AF1010A03F038
:10F6C000E5FA059B082B00F38E8003EBC3077F0050
:10F6D0001D37C3F109030026BFB20493DFF8B4B1AC
:10F6E000CDF80CA00DF13409DDF8088028E04FF0CA
:10F6F00002032B82A5F812A0002359F826206649A0
:10F70000EB8251F83210AB82404605F0F3FC112336
:10F7100000224146204606F01FF82146584604F0D4
:10F72000ABFF204605F020FE404605F01DFE039B82
:10F73000013612379E42BFB255D0049B9E4252D032
:10F74000504B1B68B3420FFA87FAD0D1059B334464
:10F7500003EBC302520012230021103200930191E7
:10F76000C82312B2584602F021FC4FF002032B824C
:10F77000A5F812A04FF6FF73BFE708F10203DE0001
:10F7800003EB06084FEA480804930FFA88F82AE6C4
:10F79000FEF7A4FBFEF74AFB17B0BDE8F08F01EBC4
:10F7A0000111511A013303EBC30301EB81005A002D
:10F7B00001EB400100230E320231009312B209B274
:10F7C0000B23344802F0DEFD60E6204605F0CCFD58
:10F7D000029805F0C9FD2E492E4803F057FABAF1F8
:10F7E000000F7FF46EAF00212A4803F04FFA87E63E
:10F7F00008F1020303EBC3067600059336B226E751
:10F800002649204605F076FC0299204605F030FF97
:10F8100082462046BAF1000F23D105F0A5FD129BC8
:10F82000002B3FF435AF1E49204605F063FC0299DA
:10F83000204605F01DFFC0B9204605F095FD129B3E
:10F84000002B3FF42FAF1749204605F053FC0299D7
:10F85000204605F00DFF0028B7D0204605F084FDB6
:10F8600020E705F081FD129B0BE7204605F07CFDAB
:10F87000129B0DE7F8CF03000200BF0018D0030071
:10F88000D4770020306100201CD00300F4CF0300A7
:10F89000D4D30300F877002030DA030094D20300B9
:10F8A0009CD20300A0D203002DE9F04FB84D95B0D3
:10F8B0004FF6FF74AC23CDE900341022C82328464C
:10F8C000002102F073FB2846002103F0DFF900213C
:10F8D0000C230E46019428460093BC22C82302F054
:10F8E00065FBBC223146C8232846009602F04AFD3B
:10F8F0002846012103F0C4F9A64BA7492B612846ED
:10F900006E6104F0BFFEA5490EA805F0F3FBA44903
:10F910000BA805F0EFFB0BA90EA805F019FEA149F5
:10F920008046284603F0B2F92846012103F0A8F9E1
:10F9300034466E613246AA461D264FF0020902F196
:10F9400011073B46414611A86E82A5F8109005F0BC
:10F9500003FF11A9504604F08FFE11A805F004FD25
:10F96000D8F808301236BB4204F10104B6B23A4668
:10F9700001D9092CE3D18648DFF850B20021824634
:10F9800003F084F90BA805F0EFFC0EA805F0ECFCE1
:10F99000854B864A1978864B0BA800290CBF114667
:10F9A000194605F0A7FB0BA90EA805F0C9FB814A73
:10F9B000814B9BF800100EA800290CBF1146194678
:10F9C00005F0F2FD04EBC40676498046504603F08C
:10F9D0005DF976000121504603F052F91D360022F0
:10F9E000B6B26A614FF0020902E01236B6B23A4688
:10F9F00002F11107BF2E3B46414611A811D0A5F8D0
:10FA000010906E8205F0A8FE11A9504604F034FE55
:10FA100011A805F0A9FCD8F80830BB4204F1010494
:10FA2000E3D800215A4803F031F90EA805F09CFCF8
:10FA30000BA805F099FC9BF80030002B40F04E819C
:10FA40005E49DFF84C910EA805F054FBFDF7FEF877
:10FA50000A2220FA02F10BA805F056FC0BA90EA809
:10FA600005F076FD564905F09FFD04EBC4064D49AF
:10FA70008046484603F00AF976000121484603F023
:10FA8000FFF81D360022B6B26A614FF0020A02E0AA
:10FA90001236B6B23A4602F11107082C3B464146EF
:10FAA00011A811DCA5F810A06E8205F055FE11A971
:10FAB000484604F0E1FD11A805F056FCD8F80830DE
:10FAC000BB4204F10104E3D831480021804603F031
:10FAD000DDF80BA805F048FC0EA805F045FC3949F7
:10FAE0000EA805F007FB04EBC4062E49404603F0C0
:10FAF000CDF876000121404603F0C2F81D36002201
:10FB0000B6B26A614FF0020902E01236B6B23A4666
:10FB100002F11107082C3B460EA911A810DCA5F82C
:10FB200010906E8205F018FE11A9404604F0A4FD65
:10FB300011A805F019FC109BBB4204F10104E4D8A4
:10FB400000211348DFF888A003F0A0F80EA805F004
:10FB50000BFCDAF80080B8F1000F40F042810C4F46
:10FB600019490EA804EBC40605F0C4FA76000D4945
:10FB7000384603F08BF81D360121384603F080F833
:10FB8000B6B2C5F8148042464FF0020925E000BF26
:10FB9000F87700200200BF0010D1030030D103002D
:10FBA00028DA0300D4D303001C910020F0D0030016
:10FBB000E8D0030004D10300F8D0030058D10300BB
:10FBC00060D1030064D103006CD103006492002073
:10FBD000E49100201236B6B2424602F11108082C18
:10FBE00043460EA911A810DCA5F810906E8205F00E
:10FBF000B3FD11A9384604F03FFD11A805F0B4FB90
:10FC0000109B434504F10104E4D8BA48002103F0F5
:10FC10003DF80EA805F0A8FBB74BB84900220EA886
:10FC20001A6005F067FAB6498B68002B52D1B549C6
:10FC30000BA805F05FFA0BA90EA805F089FC804619
:10FC4000AC48B149814604EBC40603F01FF87600C6
:10FC50000121484603F014F81D360022B6B26A614D
:10FC60004FF0020A02E01236B6B23A4602F111072C
:10FC7000082C3B46414611A812DCA5F810A06E8264
:10FC800005F06AFD11A9484604F0F6FC11A80134FC
:10FC900005F06AFB002FE6D0D8F80830BB42E2D866
:10FCA0000021944802F0F2FF0BA805F05DFB0EA8BE
:10FCB00005F05AFB00218F4802F0E8FF05F088FEAE
:10FCC000924B1B68984280F08580FEF7AFF815B024
:10FCD000BDE8F08F0BA805F033FAACE78C49DFF8EC
:10FCE000149208A805F006FA8A4B0A22196805A89A
:10FCF00005F0AAFA05A908A805F02AFC864905F02E
:10FD000053FC864B0A22196806460BA805F09CFA9C
:10FD10000BA9304605F01CFC814905F045FC814BE0
:10FD20000A22196806460EA805F08EFA0EA930467A
:10FD300005F00EFC04EBC40673498046484602F009
:10FD4000A5FF76000121484602F09AFF1D360022E9
:10FD5000B6B26A614FF0020A02E01236B6B23A4613
:10FD600002F11107082C3B46414611A811DCA5F809
:10FD700010A06E8205F0F0FC11A9484604F07CFC4E
:10FD800011A805F0F1FAD8F80830BB4204F10104DB
:10FD9000E3D80021574802F079FF0EA805F0E4FAF5
:10FDA0000BA805F0E1FA05A805F0DEFA08A805F0B1
:10FDB000DBFA5D490BA805F09DF941F288330BAAE7
:10FDC0005A495B48FDF734F900286FD10BA805F0BC
:10FDD000CBFA35E6FEF782F8FEF728F815B0BDE855
:10FDE000F08F7FF719AF00230393DFF80891514B91
:10FDF000029351490EA805F07DF90298FEF7ECFB3D
:10FE0000002800F0BE8001460BA805F073F90BA98D
:10FE10000EA805F09DFB04EBC4063B49804648460E
:10FE200002F034FF76000121484602F029FF1D361A
:10FE300000236B61B6B21A464FF0020B02E0123695
:10FE4000B6B23A4602F11107082C3B46414611A8CA
:10FE500012DCA5F810B06E8205F07EFC11A94846B0
:10FE600004F00AFC11A8013405F07EFA002FE6D058
:10FE7000D8F80830BB42E2D80021484602F006FF1D
:10FE80000BA805F071FA0EA805F06EFA039BDAF8DC
:10FE9000002001339A427FF7BFAE029A18320292D5
:10FEA000022B4FF001020392A3D1B5E622210BA849
:10FEB00005F00AFC061E69DA4FF0FF30B04285DD1E
:10FEC000721C03460BA90EA805F046FC09480E4912
:10FED000804604EBC40602F0D9FE760001214046BC
:10FEE00002F0CEFE1D360022B6B26A614FF0020962
:10FEF00027E000BFF8770020E891002074D10300CC
:10FF0000B0920020E8D20300D4D30300BC920020BA
:10FF10003CD103003461002044D10300AC920020A6
:10FF200048D00300A89200201CD003004CD103004D
:10FF3000EC91002024910020C8D003001236B6B204
:10FF40003A4602F11107082C3B460EA911A810DC15
:10FF5000A5F810906E8205F0FFFB11A9404604F051
:10FF60008BFB11A805F000FA109BBB4204F10104C1
:10FF7000E4D80021084802F089FE0EA805F0F4F943
:10FF800024E702990BA805F0DBF840E7721C222158
:10FF90000BA805F0A9FB91E7F87700202DE9F047C1
:10FFA00003689D4A9D498EB004460220FCF71EFE60
:10FFB0009B490BA805F09EF80BA9204605F058FBBD
:10FFC00005460BA805F0D0F9002D57D0954C2368B5
:10FFD000033B012B18D9FEF799FB934B1B68002BB1
:10FFE00000F3A7802368012B00F0F18000218F48E7
:10FFF00002F04CFE05F0ECFC8D4B1B68984280F043
:020000023000CC
:10000000E6810EB0BDE8F0878A4B8B49874C01260C
:1000100008A81E7005F06EF805F0DAFC844B00F5B8
:100020007A62002120460D461A6002F02FFE0E2350
:100030002A462046019529460093C82301F0B6FFC1
:100040003146204602F01CFE2A464FF0FF337B4D1E
:10005000636108A920230BA8256105F07DFB0BA98E
:10006000204604F009FB0BA805F07EF9FEF70EF917
:1000700008A805F079F90EB0BDE8F08708AD704921
:10008000284605F037F82946204605F0F1FA002801
:1000900000F0B5800DF10808284605F065F96949BA
:1000A000404605F027F84146204605F0E1FA0746AC
:1000B000002840F091806449284605F01BF805F0BF
:1000C00087FC5A4C5A4B00F57A62002120460E46B6
:1000D0001A6002F0DBFD0E233246314620460196BF
:1000E0000093C82301F062FF2046012102F0C8FD01
:1000F00032464FF0FF33514E6361294620230BA84F
:10010000266105F029FB0BA9204604F0B5FA0BA8DF
:1001100005F02AF9FEF7BAF8284605F025F917B1D7
:1001200005A805F021F9404605F01EF90EB0BDE81E
:10013000F08708AD4549284604F0DCFF4448FEF747
:100140004BFA05AF002855D00146384604F0D2FFDF
:100150003946284605F0FCF9814605F039FC334E56
:10016000334B00F57A620021304688461A6002F06F
:100170008DFD0E234246304641460093CDF8048063
:10018000C82301F013FF3046012102F079FDDFF8AA
:10019000ACC0C6F810C04FF0FF3342464946736109
:1001A0000BA8202305F0D8FA0BA9304604F064FA16
:1001B0000BA805F0D9F8FEF769F8384605F0D4F831
:1001C000284605F0D1F82368012B7FF40FAFFEF726
:1001D000D1FC0EB0BDE8F0871E4905A804F08AFFE7
:1001E000214605A805F0B4F90146284604F0A8FF09
:1001F000012764E73846164904F0A2FFA8E7114931
:100200000BA804F077FF0BA9204605F031FA18B3CC
:100210000BA805F0A9F83DE7E0D0030064D0030087
:1002200004CF0300A092002010910020F877002056
:10023000BC920020149100206CD003000400030045
:10024000F4CE03009CD00300ACD0030088D00300A0
:10025000188C0020A4D003000BA805F085F82846D0
:1002600005F082F866490BA804F044FF0BA920466C
:1002700005F0FEF906460BA805F076F8002E3FF4CF
:10028000C0AE0DF10808A368DFF89C9121460C224E
:10029000404605F061FA404605F066FB40462021E5
:1002A00005F046FAD9F80030072B1E46A8BF0726EE
:1002B000002B824614DD534C06EB460304EBC304CB
:1002C000A4F118073946204605F056F8013EA4F17E
:1002D0000C0104F10C0005F04FF83C46002EEFD164
:1002E000BAF1000F76DD5346002241460BA805F017
:1002F00033FA0BA9444805F069F80BA805F034F867
:100300000AF10102049B41460BA805F025FA0BA94E
:100310003C4805F05BF80BA805F026F8D9F800304A
:100320003A4A3B49072BDCBF0133C9F80030136858
:1003300028460133136004F0DDFE3248FEF74CF925
:1003400005AF002856D00146384604F0D3FE3946A2
:10035000284605F0FDF8814605F03AFB2D4C2E4B62
:1003600000F57A62002120460E461A6002F08EFCEB
:100370000E2332463146204601960093C82301F0F1
:1003800015FE2046012102F07BFC32464FF0FF3380
:10039000224E6361494620230BA8266105F0DCF953
:1003A0000BA9204604F068F90BA804F0DDFFFDF767
:1003B0006DFF384604F0D8FF284604F0D5FF184BEF
:1003C0001B68052B7FF4AFAEFFF76EFAABE6FDF7C7
:1003D00085FD16E613490BA804F08CFE0BA90A480C
:1003E00004F0F4FF0BA804F0BFFF41460BA804F093
:1003F000A7FE8CE73846034904F0A2FEA7E700BF3A
:100400002CCF03002491002030910020E89100209F
:10041000BCD00300F8770020BC9200200400030049
:10042000A09200201CD00300E49100202DE9F047A9
:100430009A4D2B68013B8EB00446042B4ED8DFE862
:1004400003F0AF890350640008AF9549384604F0C3
:1004500077FE384605F06CFA0A9B002B40F0E381EA
:10046000002205920126002B40F0ED810EAA02EB3E
:10047000860201210E4442F8241C002B40F0E88043
:100480000EAB03EB86030222384643F8242C04F01B
:100490006BFFB62C06F1010600F0F180092C00F08C
:1004A000EB80B52C00F018820D2C00F0B582082CE2
:1004B00000F0E9821B2C00F0C180A4F120035E2B28
:1004C0000CD877488368132B08D8214605F01EF80E
:1004D000744B4FF0FF321A60FEF704FF0EB0BDE818
:1004E000F087714E0D28B36800F00881B42800F041
:1004F0002B82B72840F00F826C490A689342EDDDE9
:1005000001320A60FEF7EEFEE8E71B2800F0968055
:10051000092800F09380A0F120035E2B40F2A28115
:1005200063490BA804F0E6FD1022214608A804F058
:100530005BFE08A90BA805F00BF801465D4804F026
:100540001BFF08A804F010FF0BA804F00DFFFFF735
:10055000ABF9C3E7B62800F02382B52800F0FA8192
:1005600000F0DF03442B45D0522B62D1524953484F
:1005700004F002FF52494C4804F04AFF4B4B4F48ED
:1005800000221A60FEF728F84D49002818BF0146DE
:100590004C4804F03DFF04232B60FEF7A3FE9DE7CB
:1005A000B52800F03681B62800F0C1810D2840F052
:1005B000A081454B1B68002B90DD444E444C3368B2
:1005C00003EB830354F83300FEF7AAFC002885D020
:1005D000336803EB830304EBC30423792BB13D4A57
:1005E00013680021013B1360217102232B60FEF789
:1005F000F9FC73E7384B39481C68E1B2FCF7FAFEA6
:100600003749384B384A00280CBF08461846009036
:10061000234636490220FCF7E9FAFEF777F8344B17
:100620001B78002B40F0488101232B60FEF7A2FAD3
:1006300054E71B2802D009287FF450AF2D4B1B78BC
:1006400001222A6033BBFEF795FA0EB0BDE8F087B1
:1006500029490BA804F04EFD39460BA805F008F80F
:10066000002840F031810BA804F07EFE384604F0EB
:100670007BFEB62C7FF412AF002E3FF42FAF09495A
:100680000B68013393FBF6F206FB12360E60FEF7A1
:1006900029FE23E7FEF73AF8D5E700BFA092002035
:1006A000D477002030610020C4770020D07700206C
:1006B0006CD30300B092002074920020EC770020ED
:1006C0001CD00300E077002010910020A4920020AD
:1006D000108C0020C49200203C610020EC9100208E
:1006E0007CD10300CCD00300D0D00300A4D30300FE
:1006F0006492002014910020A0D20300002B7FF709
:10070000EDAE08AFAA49AB4CDFF80893DFF8F4A2CE
:10071000384604F0EFFC05F05BF9002100F57A6340
:1007200020468846C9F8003002F0B0FA0E2342464F
:10073000204641460093CDF80480C82301F036FCE2
:100740002046012102F09CFA4FF0FF319A4B616183
:10075000424639460BA82361202304F0FDFF0BA974
:10076000204603F089FF0BA804F0FEFDFDF78EFD87
:10077000384604F0F9FD324651469048FCF72AFD10
:10078000DAF80030002800F06C818D4A00928D4923
:100790008D4A0220FCF72AFA8C4B1B7801222A6032
:1007A000002B40F0A581FEF7E5F98949384604F0B1
:1007B000A1FC05F00DF9002100F57A637D48C9F828
:1007C00000300D4602F062FA0E232A4601952946B2
:1007D00000937848C82301F0E9FB0121754802F035
:1007E0004FFA2A464FF0FF33734D63613946202399
:1007F0000BA8256104F0B0FF0BA96E4803F03CFF85
:100800000BA804F0B1FDFDF741FD384604F0ACFD46
:1008100064E6704A1368002B7FF760AE013B1360FB
:10082000FEF7A8F95AE66C490BA804F063FC3946B8
:100830000BA804F01DFF06460BA8002E48D004F0BC
:1008400093FD0A9B0CE665490BA804F053FC39465E
:100850000BA804F00DFF002831D00BA804F084FD94
:100860000A9B03E608A85E4904F044FC214605A85B
:1008700004F08EFC05A908A804F06AFE594904F0AA
:1008800093FE1022054621460BA804F0ADFC0BA9EF
:10089000284604F05DFE544904F086FE01465348A4
:1008A00004F06AFD0BA804F05FFD05A804F05CFDF0
:1008B00008A804F059FD4AE6FDF76CFDB4E60BA864
:1008C00004F052FD0A9BD8E50BA804F04DFDD7E5D6
:1008D00004F04AFD0A9BC6E5002E3FF4FFAD444AF2
:1008E0001368002B40F3EC80013B1360FEF7FAFC29
:1008F000F4E500F0DF03442B00F0D480432B33D029
:10090000522B3FF4C7AE09287FF4E8AD05232B60D6
:10091000FEF7CAFFE2E5B52840F0ED80354A1368DE
:10092000002B7FF7DBAD113B23EAE373DDE7324BAE
:1009300028491B680A68013B93427FF7CFAD01321B
:100940000A60FEF717F9C9E52A4A1368002B7FF7FA
:10095000C5ADC9E7294A1368002B7FF7BFAD013B3E
:100960001360FEF73FFBB9E52549264804F050FD2A
:100970002349254804F04CFD2149244804F048FD52
:100980001F49234804F044FD19481A4A4FF0FF3428
:1009900000210323046011602B60FEF7A3FC9DE59A
:1009A000164A136801331360FEF71CFB96E500BF7F
:1009B00050D30300F877002004000300EC910020DE
:1009C000CCD00300A4D3030074D3030014910020FF
:1009D0003CD30300A492002094D203009CD20300D5
:1009E0005CD3030060D3030068D30300B0920020FF
:1009F00030610020D0770020109100209C920020D0
:100A00001CD00300EC770020C4770020D4770020AE
:100A1000E0770020BC920020674C2368B34251D39A
:100A200066498B68022B7FF659AD0BA8FDF784FD54
:100A30000BA9634804F0CAFC0BA804F095FC6048BD
:100A4000FDF7CAFD5F49002818BF01465E4804F063
:100A5000DFFC5E4A0021042311602B60FEF742FC9C
:100A60003CE55B4A00925B495B4A0220FCF7BEF81A
:100A70005A4B1B7801222A600BB1FDF747FEFEF7A7
:100A800079F8574992E64D48816800293FF426AD30
:100A9000013904F0BBFE484B4FF0FF321A60FEF7FD
:100AA00021FC1BE54F4B1B68002B7FF717AD4E4B0E
:100AB0004E4A1B684E4803EB830352F833409CE5D3
:100AC000731E12E70EAA02EB83034A4E53F8243C2E
:100AD0003D4856F8331004F09BFC236838480EAAB2
:100AE00002EB830353F8243C06EBC3067168AEE7C0
:100AF000FDF70CFE57E6B6280CD134490A6893423C
:100B00007FF7ECAC11329342A8BF13460B60FEF79F
:100B1000E9FBE3E408280FD12C4C216800297FF77A
:100B2000DDAC01393046012204F078FE2368013B38
:100B30002360FEF7D7FBD1E41B283FF47FADA0F183
:100B400020025E2A3FF6CAAC9F2B3FF7C7AC1F4D71
:100B500000222B6802A8314604F0FEFD02A908A875
:100B600004F0EEFA214605A804F012FB05A908A836
:100B700004F0EEFCB3682A68044631460BA804F082
:100B8000EBFD0BA9204604F0E3FC0146304604F0DF
:100B9000F3FB0BA804F0E8FB05A804F0E5FB08A8AC
:100BA00004F0E2FB02A804F0DFFB2B6801332B60AA
:100BB000FEF798FB92E400BF30610020D47700205C
:100BC000EC7700201CD00300E0770020D0770020D5
:100BD0007CD10300A4D3030074D30300149100203C
:100BE00044D3030010910020A4920020108C002018
:100BF000EC91002030DA03002DE9F04F064891B067
:100C00004FF4E1310446F5F7C9FC04F0E1FE40F68B
:100C1000B73605460BE000BF5063002004F0D8FE55
:100C2000401BB0424FF00A0006D804F0DDFE20461B
:100C3000F5F7D2FC0028F1D0C549C648C64CC74ECE
:100C400003F0E4FDC649C34803F0E0FDC549C148CF
:100C500003F0DCFDC449BF4803F0D8FDC349BD48DB
:100C600003F0D4FDC249BB4803F0D0FDC14800F0F9
:100C7000E1FF00250127C04B0D938DF839708DF8E9
:100C800038500DF1340898E80C00BA4904F12400FA
:100C900002F06CFA294604F1240002F041F941F215
:100CA000EC3341F2F43041F2FA3241F2FE31E554D4
:100CB0004FF0C80904F5A0532552A55024F801901F
:100CC00062891A802946204601F00AF941F28832E9
:100CD000FF2104F1640008F09BFF20460221E57625
:100CE00001F0CEFFA54BA64923616561204603F0C4
:100CF000C9FCA44B23613946204601F0C1FFA2493B
:100D0000204603F0BFFCA14800F0CEFD5F219F48C4
:100D100000F078FE9D4800F081FEB0F1000A0CBFA3
:100D20003B462B46337040F03F824FF6FF710C225A
:100D30004B46CDE9002120464B22514601F036F9C1
:100D40003946204601F09CFF914B9249C4F814A00B
:100D50002046236103F096FC8F49C4F814A0204676
:100D600003F090FC41F2F83B8C4934F90B300193CD
:100D700000274FF0C80AA1F140003B463A46CDE9B2
:100D800003770297CDF800A002F026FF84487F4D3C
:100D90003946A0F1240902F015FC34F90B30029712
:100DA00009F16401A1F14000CDE900A33A463B46B8
:100DB000CDE9037702F010FF09F1240002F03EFBB9
:100DC000784B1F60337883BB4FF47A7004F00CFECD
:100DD0005F21284600F016FE284600F01FFE071E81
:100DE0000CBF012300233370EED10C234FF6FF72AA
:100DF000CDE9003239464B22C823484601F0D6F8E7
:100E00000121484601F03CFF614B23616149676164
:100E1000484603F037FC60496761484603F032FCFE
:100E2000FDF704F83378002BCED05F4A5F49604D60
:100E3000DFF8AC910220FBF7D9FE0C234FF6FF72CE
:100E4000CDE9003200215922C823434801F0AEF811
:100E50000121414801F014FF0026564B23615649F9
:100E600066613D4803F00EFC544966613A4803F060
:100E700009FC53496661384803F004FC514936487F
:100E800003F000FCFCF7D2FF2E780F270323042287
:100E90004FF4E13148462EB9FBF7FAFF28700028DD
:100EA00000F0CD800C234FF6FF72CDE90032002117
:100EB0005922C823284801F079F80121264801F079
:100EC000DFFE3C4B334924480026C4E9043603F0D6
:100ED000D9FB3A492048666103F0D4FB2B78002BFC
:100EE00040F0E080FCF7A2FF40F6C41004F07CFD67
:100EF000FF2141F288322948334D08F089FE334BF7
:100F000001271F60FDF736FE2968002940F3948011
:100F100007AE0A22304604F097F931460AA804F0D9
:100F20000FF92B490AA804F03FFB2A4A2A4B2968EB
:100F3000B942D4BF1146194604F036FB814604F08D
:100F400047FD264B00F57A62002103481A6049E00C
:100F5000D8D1030050630020F87700201C910020B6
:100F6000E4D1030020D2030040D2030068D2030082
:100F700080D20300FC8B002000093D002E001E00E3
:100F800058DA03005500360028DA0300C892002022
:100F900018004C00A4D2030064DA03005C7800203F
:100FA0001C7800209892002070DA03007CDA03009D
:100FB0006492002018005A00ACD20300ECCE03006B
:100FC000D0D2030084DA0300C4920020A092002053
:100FD000ACDA03001CD0030028CE0300BC92002032
:100FE000EC9100200D4601F051FE0E232A462946C1
:100FF00001950093B448C82300F0D8FF3946B248A1
:1010000001F03EFE2A464FF0FF33B04D6361494682
:1010100020234046256104F09FFB4146AA4803F087
:101020002BFB404604F0A0F9FDF730F90AA804F0C4
:101030009BF9304604F098F911B0BDE8F08F4FF4F9
:10104000FA6004F0D1FC013F2E787FF41FAF002E30
:101050007FF428AF0C234FF6FF72CDE90032314602
:101060005922C823984800F0A1FF0121964801F0B9
:1010700007FE974B97499448C4E9043603F002FBF6
:1010800095499148666103F0FDFA94498E4866617E
:1010900003F0F8FA92498C4803F0F4FA2B78002B0D
:1010A0003FF420AF07AE8F49304604F023F83246B4
:1010B00041F288338C498D48FBF7BAFF0746002878
:1010C00040F097800C234FF6FF72CDE900320146C5
:1010D000C82367227C4800F069FF01217A4801F0AB
:1010E000CFFD834B7B49C4E90437774803F0CAFA44
:1010F000002363617F49744803F0C4FA794930469C
:1011000004F086F941F2883332467B497748FBF791
:101110008FFF002840F098800C234FF6FF72CDE936
:10112000003200217522C823674800F03FFF0121EB
:10113000654801F0A5FD714B664963484FF0000911
:10114000C4E9043903F09EFA6D495F48C4F814906D
:1011500003F098FA61495C48C4F8149003F092FADD
:101160006849594803F08EFADFF880914846FCF749
:101170002BFB4846FCF726F82B78634AC9F8042075
:101180000BB1FDF707F9FDF7C1FA304604F0ECF8B2
:10119000FCF74CFE2B78002B53D0002F40F6C410E8
:1011A00018BF4FF44870A1E64FF6FF710C224B4672
:1011B000CDE9002120464B22294600F0F7FE3946B2
:1011C000204601F05DFD514B236142496561204697
:1011D00003F058FA4E496561204603F053FA3F493F
:1011E0006561204603F04EFA4A49204603F04AFA68
:1011F000B8E54949404603F07DFF4146304604F0DA
:1012000085FA8146404604F0AFF80C234FF6FF7292
:10121000CDE900320021C82367222B4800F0C6FE2A
:101220000121294801F02CFD314B2A4A2361B9F1F3
:10123000000F4FF0000339496361BCBF1F461146E0
:1012400053E740F6C41051E635490AA803F052FFAF
:101250000AA9304604F05AFA002821DB0AA804F053
:1012600083F80C234FF6FF72CDE90032002175227E
:10127000C823154800F09AFE0121134801F000FD33
:101280001E4B264910484FF00009C4E9043903F009
:10129000F9F91B49C4F814900B4803F0F3F963E71C
:1012A0002049404603F026FF4146304604F02EFA1E
:1012B0008146404604F058F80AA804F055F8B9F100
:1012C000000FCEDA28E700BFF87700200400030003
:1012D00018005A00ACD20300ECCE0300D0D20300B9
:1012E000CCDA03001CD00300A8D10300EC9100204D
:1012F0001800680098DA0300B4D1030018007600E3
:10130000E0DA0300E8DA03009DFF020018004C0059
:1013100064DA0300BCDA030090DA0300A4D203000D
:10132000A4DA0300A8DA0300F0B593B00223009317
:10133000062209238F499048904C914F914E00F01E
:1013400047FC102300930A2205230B2102A802F078
:10135000C1F8C8221146204601F014F90CAB93E8FD
:101360000300039A884B2360A2629DF810309DF819
:10137000112084F82C3084F82D209DF812309DF82F
:10138000132084F82E3084F82F20059B069A2363BF
:101390006263079BBDF82020A363A287099B9DF889
:1013A0002820236484F844209DF829300B9A84F87F
:1013B0004530A26404F14C039DF8382083E8030013
:1013C00084F854209DF83A0084F856009DF83B00BC
:1013D00084F857009DF83C0084F858009DF83D00C3
:1013E00084F85900BDF83E00A4F85A001098B4F9EA
:1013F0000A20E065654B11989DF839102066644815
:1014000084F85510D51783FB0213606241F2F8305F
:10141000C821C5EBA313215201FB132541F2F6307D
:10142000002DC8BF013304F5A055235241F2EF301F
:1014300000232A8041F2EE32235441F2EC30A354CF
:1014400041F2F432235441F2FA30A35241F2FC3219
:10145000235241F2FE30A3524E4A215207F10800B6
:101460004849C7E9002303F045FE07F1140407F1DA
:101470007405204631460C3403F03CFEAC42F8D1F2
:101480000025A7F87450444A44493D48444C3D4E19
:1014900007F090FD04F5A0673146204603F02AFED0
:1014A00004F10C00314603F025FE283444F8105CAA
:1014B00024F80C5CBC42EFD1324D374A39493A4CE2
:1014C000002007F077FD2946384803F013FE29462F
:1014D000374803F00FFE2946364803F00BFE294635
:1014E000354803F007FE2C4A3449304807F062FDC6
:1014F0002946334803F0FEFD274A3249304807F0B9
:1015000059FD2946304803F0F5FD234A2D492E4860
:1015100007F050FD29462D4803F0ECFD1E4A2949ED
:101520002A4807F047FD2946294803F0E3FD1A4AF7
:101530002449274807F03EFD2946264803F0DAFDF6
:10154000154A2049234807F035FD04F1C006294615
:10155000204603F0CFFD04F10C002946183403F0B7
:10156000C9FDA642F3D10C4A1B49002007F022FD19
:1015700013B0F0BD00300240FC8B0020F877002053
:10158000EC9100201CD0030090CF03001F85EB518D
:1015900000E203002CA3002000600020C1DD020057
:1015A000188C0020E5DD02002491002068920020C4
:1015B00074920020809200208C9200209DDD020019
:1015C000EC77002069530300C4770020D477002013
:1015D000E0770020B092002009DE020070B5214CB7
:1015E0002368DB0784B031D51F4C204D204E2046A8
:1015F000F4F77EFEA8B12046F4F7A0FEC3B20D2B8F
:10160000294601A80FD00A2B0DD0AA68C72AEED808
:101610001946284603F07AFF2046F4F769FE0028B1
:10162000E9D104B070BD03F08BFD01A804F09CF972
:10163000039B3BB901A803F097FE3146284603F00F
:10164000E7FED4E701A8FCF73DFDF3E708490748AA
:1016500003F050FD0123074A07490448236007F0BF
:10166000A9FCC1E7AC77002050630020B0770020D0
:101670001CD003000060002069530300F0B5534CF8
:10168000237889B0002B3FD0514E524D04F0A0F981
:101690002B68C01A41F2873398422CD804F098F98D
:1016A0004D4C3368227898422CBF002501250AB1A1
:1016B000984276D2494B25701B784BB94848FBF7C6
:1016C00035FCFFF78BFF0A2004F08EF909B0F0BD5E
:1016D00001225F21434800F04BF9424800F090F8A6
:1016E0000028EBD03F4800F08FF8C0B20028E5D0CA
:1016F000FEF79CFEE2E704F06BF923782860002BEC
:10170000CCD0FCF747FEC9E7354D2846FBF706FC71
:1017100020700028B8D02846FCF756F82846FBF77A
:1017200051FD2378304A6A60002B49D1FCF7EEFF67
:101730002E4B1B68012B46D02D492E4D244E02A85E
:1017400003F0D8FC04F044F9002100F57A63284640
:101750000F46336001F09AFA0E233A462846019765
:1017600039460093C82300F021FC2846012101F0EE
:1017700087FA3A464FF0FF331F4F6B6102A92023CF
:1017800005A82F6103F0E8FF05A9284602F074FFC1
:1017900005A803F0E9FDFCF779FD02A803F0E4FDDC
:1017A00073E70021134801F071FA04F011F933686E
:1017B000984202D2FCF76AFD7CE7FCF78FFBF9E761
:1017C000FCF7E8FDB2E7FDF7D5F9B5E76492002034
:1017D000BC920020BC770020C07700201C91002024
:1017E000EC910020C89200209DFF0200A0920020F2
:1017F00048DA0300F877002004000300704700BFB8
:10180000203003F089B800BF203003F073B800BF68
:10181000203003F08BB800BF38B5437F0BB90020F0
:1018200038BD00F6280420460D4603F089F800284C
:10183000F5D12046294603F045F8012038BD00BF08
:101840002DE9F0475AB30646DFF8588033681B6825
:101850004D1E434517464FF0000400F6280915F8C1
:1018600001AF16D1737F13B92046BDE8F087484613
:1018700003F066F80028F7D15146484603F022F8F5
:101880000134A742F0D0336815F801AF1B68434517
:10189000E8D05146304698470028F1D1E4E7144695
:1018A000E2E700BF1918030010B4837E1F2B4FF02E
:1018B000010288BF03F01F03C27603F5E0738CBFFB
:1018C000284A4FF0A04240F20C6142F82310437EB8
:1018D0001F2B86BF03F01F03224A4FF0A04203F5DF
:1018E000E07340F20C6142F8231003694FF0CC72B0
:1018F000C3F8242503690622C3F800250369827E04
:10190000C3F808250369427EC3F80C2590F9183006
:10191000002B14DA144A03F00F031A4460231376E1
:1019200090F91830002B07DB104903F01F0001224B
:101930005B09824041F823205DF8044B7047590948
:10194000603103F01F030124084A04FA03F342F84C
:10195000213090F91830002BDCDB1344602283F82F
:101960000023DDE700030050FCEC00E000E100E0B4
:101970000AB910467047F8B5054600F12007384609
:1019800014460E4602F0B0FF2B69C3F888652A6939
:10199000012313622A69C2F834752A69C2F83845EE
:1019A0002A6913602B6902E0D3F824211AB9D3F80D
:1019B0004C21002AF8D00022C3F84C212B6902E008
:1019C000D3F824211AB9D3F85C21002AF8D00022D8
:1019D000C3F85C212B6901225A612A69D2F80431CB
:1019E000002BFBD00021C2F804112B69D3F824216D
:1019F00012B1C3F824112B69D3F83C05C5F82008AF
:101A0000C0B2F8BD10B541F23003044600F628001C
:101A1000E15402F069FF0123637710BD70B541F214
:101A200030030269C15C00234377C2F8881502695C
:101A3000C2F80431036901261E62036900F6280515
:101A40000446C3F84455284602F066FF2369C3F8EC
:101A5000480523699E60236902E0D3F824211AB95E
:101A6000D3F85021002AF8D00022C3F8502128468C
:101A700002F052FF236918BB0022C3F860212369DA
:101A800001225A612269D2F80431002BFBD00021D7
:101A9000C2F804112369D3F8240160B1C3F82411FA
:101AA0002369D3F8C404C3F8C404022803D004286B
:101AB00014BF0420032070BDD3F82421002ADBD1F9
:101AC000D3F86021002AF7D0D6E700BF70B52B4CC1
:101AD0006369D3F86421002A3DD1D3F86821F2B9B3
:101AE000D3F8042172B1227F0021C3F804114AB156
:101AF00041F23802D3F83C05A258C4F820080AB1D4
:101B000090476369D3F8242142B10022C3F824210D
:101B1000D3F8D024C3F8D02401225A6170BD00222A
:101B2000C3F86821164822770123637702F0DCFEB0
:101B300041F23403E35803B1984763691048C3F88E
:101B400044050023637702F0E7FE63690122C3F8CE
:101B500048055A63C4E7002204F12006C3F8642153
:101B600001253046257702F0BFFE63694FF400621D
:101B7000C3F83465C3F838251D63AEE7C89200206A
:101B8000F09A002038B50E4C0E4A20464FF47A7376
:101B900040F8202B0025C4E9015302F087FE04F62B
:101BA000280002F083FE084A084B6577D2E9072136
:101BB000032020766176A276C4E9043338BD00BFE5
:101BC000C892002040DB030054E2030000300040D4
:101BD00070B5002444749DF81050C9B10F4E0160D7
:101BE000B142846012D00E4CA14204BF01210171A8
:101BF0000C4951F82220027351F82330837351F8B5
:101C0000253043730023C373037470BD0471EFE781
:101C1000054B064A0648242107F020FF0030024009
:101C200000F0024054E203005CDB0300C4DB03006D
:101C30006CDB0300437C03B1704730B5012285B0F3
:101C400042740321FF22019304468DF803208DF88E
:101C500006208DF80510827B417B8DF800204FF027
:101C600080451A4602958DF80110057BC3736946BD
:101C7000037403938DF8025006F002FBA37B1F2B25
:101C800086BF03F01F030C4A4FF0A04203F5E07338
:101C900040F2013142F82310637B1F2B86BF03F013
:101CA0001F0305494FF0A04103F5E07340F20332F2
:101CB00041F8232005B030BD0003005010B50446A4
:101CC00006F026FC0023637410BD00BF10B483B07F
:101CD00002AB03E906009DF805309DF80410026888
:101CE00013F1FF3318BF012300240229C2F8004575
:101CF0001C460374C17332D003292DD0012925D08D
:101D0000224B0099B3FBF1F3B3F5007FC2F85445C1
:101D10001FD2FF2B0FD87F2B24D83F2B25D81F2B6A
:101D200026D80F2B27D8072B02D819498A4225D04D
:101D30004FF0004101E04FF080610723C2F8241505
:101D4000C2F8003503B05DF8044B704743F002045D
:101D5000D6E74FF00071F0E743F00604D0E743F018
:101D60000404CDE74FF00061E7E74FF08051E4E76E
:101D70004FF00051E1E74FF08041DEE7042B34BF24
:101D80004FF0A0514FF02061D7E700BF0090D00383
:101D900000F0024003680022C3F80025704700BF2E
:101DA000002B3AD02DE9F047814684B00D46174606
:101DB0001E464FF6FF784FF0000A4645344628BFCE
:101DC0004446002D14BF2346002300950297361B7E
:101DD00001938FB1002269464846039406F0FAFB4E
:101DE00005B125442744002EE7D104B0BDE8F087B3
:101DF000CDE900550295361B002269464846CDF8CC
:101E00000CA006F0E7FB4DB94645344628BF4446D2
:101E1000002EEDD104B0BDE8F08770472544002EB8
:101E2000CBD1E2E710B586B006AB012403F8111D53
:101E3000002202A90293CDE90343059406F0CAFBF0
:101E40009DF8070006B010BD70B41049104A114843
:101E5000114BD568946808601069D66C0D738C734B
:101E60000125946C4873106D0D7100220B4D1E738B
:101E70009C735873CA730A741A71DA731A741D60EA
:101E80004A748A605A749A6070BC704704A3002038
:101E900054E2030000F0024018A30020003002408A
:101EA000704700BF10B404682469A4465DF8044B71
:101EB000604700BF30B40468BDF808500295A46BB9
:101EC000A44630BC604700BF30B40468BDF8085079
:101ED0000295E46BA44630BC604700BF704700BF6A
:101EE00001F0030101298176B0F90830B0F90A2028
:101EF00004D0032902D08381C28170478281C381CB
:101F0000704700BF2DE9F04385B099420446076849
:101F1000BDF93060BDF8348023D0B2421D4611D0E7
:101F20007B69DFF884904B4536D1CDE900682B46BC
:101F3000BE6A2046B0472368DB6A4B4527D105B00F
:101F4000BDE8F08399421FDDCDF830800131FE6B92
:101F50004B1B1BB229462046B44605B0BDE8F043F2
:101F60006047B2420CDDCDF83080531CBD6B9B1B2B
:101F70001BB232462046AC4605B0BDE8F043604790
:101F8000334616461A46EEE70D461946DCE720466C
:101F900005B0BDE8F0431847CDE90212984727681D
:101FA000DDE90212C1E700BFA11E03002DE9F04FD9
:101FB000D0F800C01F46DCF814601A4B83B09E4274
:101FC0000546BDF93090BDF834A00C4690461FD1AF
:101FD0002744BC4214DADFF850B0DCF82060CDF8BA
:101FE00000A05E4521464B464246284601D1DCF81A
:101FF0003860013424B2B047BC42D5F800C0ECDBF5
:10200000DCF82C30074A934206D103B0BDE8F08FCC
:10201000B047D5F800C0DBE7284603B0BDE8F04F75
:10202000184700BFA11E0300B51E03002DE9F04FA5
:10203000D0F800C01D46DCF814A02D4B83B09A45A3
:102040000446BDF93090BDF834708846164641D13B
:10205000DCF824B0DFF89CA00097D34508BFDCF87B
:102060003CB02B46324641462046D8472368D3F839
:1020700024B0009709F1FF323244D34512B232D175
:10208000D3F83CA041462B462046D0472368DFF8D2
:1020900068A0D3F820B00097D34508BFD3F838B074
:1020A00032464B4641462046D8472368691E1D6A82
:1020B00000975545414408BF9D6B32464B4609B2D7
:1020C0002046A84723680A4ADB6A934206D103B038
:1020D000BDE8F08FD047D4F800C0B9E7204603B080
:1020E000BDE8F04F18472B4641462046D847CDE77C
:1020F000A11E0300C91E0300B51E03002DE9F04F09
:1021000085B01E46BDF93850BDF83CA0AB1A002B77
:102110009046A6EB0102B8BF5B42002AB8BF52420C
:102120009342074679DCAE464446AC4640463546C7
:102130008846764621469946A8455CDDA8EB05040D
:10214000A4B2A0EB0C0002944FF6FF7C24B204EB87
:10215000D47480EAE079B142C8BF4FF0010CA9EB1A
:10216000E0796410CDF80CC09342304B01931FFA14
:1021700089F933DCD7F800C0019BDCF818B09B4527
:102180002946534608BFDCF810B0A4EB09043246D8
:102190003846D847A3B21CB20135002C2DB205DA5F
:1021A000039A1644029AD41836B224B2A845E1DA4A
:1021B00005B0BDE8F08FDCF810B0D847A4EB0904F7
:1021C000A3B21CB20135002C2DB205DA039A1644D5
:1021D000029A9C1836B224B24545E9DCD7F800C013
:1021E000019BDCF818B09B452A46534631463846D9
:1021F000E1D0D847E2E7A5EB080080B204B204EBD7
:10220000D474B14202904FEA640428460E46454613
:1022100007DA012103918046A6E7B44608469146B5
:102220008AE74FF6FF71039180469DE7A51E0300E4
:102230002DE9F04FD0F800C0DFF888E0DCF840600E
:1022400083B07645BDF93080BDF834A028D19146E1
:102250001F461B4ADCF81430934205460C462BD12E
:102260002744BC4214DADFF860B0DCF82060CDF817
:1022700000A05E45214643464A46284601D1DCF887
:102280003860013424B2B047BC42D5F800C0ECDB62
:10229000DCF82C300A4A934209D103B0BDE8F08F34
:1022A000B446CDE90C8A03B0BDE8F04F604728463C
:1022B00003B0BDE8F04F18479847D5F800C0CFE706
:1022C000A11E0300AD1F0300B51E03002DE9F04F52
:1022D000D0F800C0284BDCF84040B0F90C80B0F9D1
:1022E0000E709C4283B0894633D1DCF81430DFF89D
:1022F0008CB05B4505463AD1B8F1000F22DD0024D1
:10230000DFF87CA0A64609E0DCF838600134B0476D
:102310000FFA84FEF045D5F800C013DDDCF820602C
:10232000CDF80090564571463B464FF000022846D6
:10233000EAD001340022B0470FFA84FEF045D5F808
:1023400000C0EBDCDCF82C305B450BD103B0BDE802
:10235000F08F0022CDE9007143461146A04703B03B
:10236000BDE8F08F284603B0BDE8F04F1847984706
:10237000D5F800C0C0E700BFAD1F0300A11E0300D9
:10238000B51E03002DE9F04FD0F800C01646DCF86A
:102390001450304A85B095420746BDF838B00C4617
:1023A0004DD19BB203F1FF39DCF828502A4A1FFABD
:1023B00089F909EB040895420FFA88F810D0CDE9A5
:1023C000006B4346324621463846A847D7F800C03E
:1023D000DCF82C301F4A934237D105B0BDE8F08FAE
:1023E000444526DDC3F101031FFA83F90FFA89F58D
:1023F000234605EBD57544466D109846174BDCF81F
:1024000018A09A4532465B46214638460FD1DCF883
:1024100010A0D0470134002D24B203DA013E4D4410
:1024200036B22DB2A045D7F800C0E7DAD0E7D047E2
:10243000F0E70FFA89F505EBD5756D10DEE703932C
:10244000A847D7F800C0039BABE7384605B0BDE806
:10245000F04F1847A11E0300FD200300A51E030036
:102460002DE9F04FD0F800C09046DCF81440424A05
:1024700085B094420646BDF838900F466ED1DCF820
:1024800028503E49013B1FFA88F213449BB28D420B
:102490001CB250D1444528D066DAD31A9BB21DB283
:1024A00005EBD575A04503934FEA65053BDBDFF8E7
:1024B000D0A010E0DCF810B0D8470134002D24B2D1
:1024C000ABB204DA039A013F9D183FB22DB2A0458A
:1024D000D6F800C027DBDCF818B0D3454B462246BF
:1024E00039463046E6D0D847E7E7DFF894A03D46C6
:1024F0004FF00008BB46DCF818705745224608BF6D
:10250000DCF8107029464B463046B8470135B8F123
:10251000000FB8BF04F1FF342DB2B8BF24B2AB45F1
:10252000D6F800C0E7DADCF82C30134A934210D119
:1025300005B0BDE8F08F42463B46CDE9004939463B
:102540003046A847D6F800C00B4ADCF82C3093423E
:10255000EED0304605B0BDE8F04F18470393A047D2
:10256000D6F800C0039B8AE7104621461A46444627
:102570000346884691E700BFA11E0300FD2003002B
:10258000A51E030070B4002461F30F0462F31F441E
:10259000094A02604FF0FF36002240F20115012186
:1025A0008460C46046610583C176426002618276C0
:1025B0000277026270BC70470CE103002DE9F04F16
:1025C00097B083460D91016ABDF880000290BDF876
:1025D000840003909DF8880006909DF88C00089078
:1025E0000592002900F0EB800A7AD1E900109B1ACD
:1025F000DBB200EBC30230F83330079393780493D7
:10260000D378109392F905301593069B0A91012B0C
:1026100092F9064040F2CB80BDF954300E9323B2BC
:102620001293AE4BDBF800C009931A46DCF8143065
:10263000934240F04D81109B002B00F08B80BDF841
:1026400014301393002223440C92149392460B925D
:10265000049B002B76D00B9B129A089913981A446E
:1026600002FB01021499CB181BB211930FFA82F9E5
:102670000C9B002509E00135049AEDB24FEA4A0AA5
:10268000AA425FFA8AFA434658D95A1C5B075FFA96
:1026900082F806D1079A0A99531C9BB211F802A03E
:1026A00007931AF0800FE6D0069ABDF83430012A5D
:1026B00059D00E9A0699DCF81C60BDF920705419A7
:1026C000874A04FB0134964224B20BB260D1DCF895
:1026D0004060844A96425BD1DCF81430099A9342F8
:1026E00060D1069B2344A34203931DDD7E4B0593DB
:1026F0000F950BE0029D0095DCF83860B04701347F
:10270000039BDBF800C024B2A3420CDDDCF82060A0
:10271000059DAE4221463B464A465846EAD0029BBA
:1027200000933B46EAE70F9DDCF82C30099A934270
:10273000A1D058469847DBF800C09CE70C9B134497
:10274000DBB20C930B9B109A0133DBB29A420B93D2
:102750003FF67EAFDCF82C30099A934240F0B3800C
:1027600017B0BDE8F08F089A012AA2D1159ADCF8BB
:10277000184013445D4A5919944208BFDCF81040D0
:10278000029B119A09B25846A047DBF800C072E7D5
:10279000029A2146CDE9007258464A46B047DBF816
:1027A00000C068E758469847DBF800C099E7089BE7
:1027B000012B3FF631AF002312930E9331E7BBF9A3
:1027C0000C200D998A42CBDDBBF90E200598824280
:1027D000C6DDBDF81840062212FB0412002ABFDD38
:1027E000089A00EBC202002ABADD9BF81C201AB935
:1027F000AF2B84BF0133DBB2384ADBF800C009924B
:102800001146DCF814208A4240F08C81384ABDF829
:1028100034100F9103EB8303D3180D93BDF81830D8
:102820000E9300230B910C930D9ABDF92C3012F8E6
:10283000018B0D92069A07939F1808230493002694
:10284000B94618F0010F55D00699BDF8142001299A
:10285000B3B200F0F2800899DCF81C4011FB03F3DE
:1028600013441F4A94421DB20FFA81FABDF9183081
:1028700040F00681DCF840401A4A944240F0008162
:10288000DCF81430099A934240F02281079C4C45B1
:1028900070DA0A960AE0029E0096DCF8387001347D
:1028A00024B2B8474C45DBF800C062DADCF820708F
:1028B0000D4EB742214653462A465846EBD0029B5E
:1028C00000935346EBE7584617B0BDE8F04F184762
:1028D00058469847DBF800C0ADE600BFA11E0300D4
:1028E00031220300AD1F0300B51E0300A51E030027
:1028F00004DC0300DDE90232934241D00699BDF8C1
:1029000014200129B3B200F0C5800899DCF81C40FE
:1029100011FB03F313448F4A94421DB20FFA81FA5C
:10292000BDF9183040F0CD80DCF840408A4A94422E
:1029300040F0C780DCF81430099A934240F0CD8013
:10294000079C4C4516DA0A96DCF82070834EB74295
:10295000214653462A46584640F08680039E0096FC
:102960000134DCF8387024B2B8474C45DBF800C0BD
:10297000EADB0A9EDCF82C30099A934240F0A380EF
:10298000049B013B013613F0FF0376B24FEA58086F
:1029900004937FF456AF0B9B0E9A13440C9A0132AA
:1029A0009BB2052A0C920B937FF43EAFDDE9023215
:1029B00093423FF4CFAE069B012B00F0A0800E9B0C
:1029C0000F99DCF81C60634A03EB83031944089BEE
:1029D00096424FEAC3050CB2BDF9183040F0A98009
:1029E000DCF840605C4A964240F0A380DCF814308A
:1029F000099A934240F0A980069B23449C421E46BC
:102A000070DADFF85881DDF814900AE0039F009730
:102A1000DCF83870013424B2B847B442DBF800C0A7
:102A200060DADCF82070474521462B464A46584676
:102A3000ECD0039B00932B46ECE7089901297FF427
:102A40000AAF13440C990F9ADCF8184051181AB2C7
:102A5000434B9C4208BFDCF81040029B09B2584629
:102A6000A047DBF800C08BE7039B0093013453467B
:102A700024B2B847A145DBF800C03FF765AF78E75F
:102A8000029A0799CDE900A258462A46A047DBF8EA
:102A900000C075E7089901297FF437AF13440C99FA
:102AA0000F9ADCF8184051181AB22D4B9C4208BFFF
:102AB000DCF81040039B09B25846A047DBF800C081
:102AC0005EE7039ADDE758469847DBF800C057E712
:102AD00058469847DBF800C0D8E658469847DBF8D8
:102AE00000C02DE7DCF82C30099A93423FF435AE54
:102AF00058469847DBF80030099ADB6A2DE6089BB8
:102B0000012B7FF45CAF0F9900920531059ADCF838
:102B10002040082309B25846A047DBF80030099A44
:102B2000DB6A1AE6049358469047DBF800C0049B22
:102B30006CE6039A2146CDE900525846059AB04703
:102B4000DBF80030099ADB6A07E658469847DBF85D
:102B500000C051E731220300AD1F0300B51E030082
:102B6000A51E03002DE9F041036A84B00446002B42
:102B70004FD00A2941D00D2947D01A7A914244D327
:102B8000987A884241D38A1A5D68B4F91060207E31
:102B9000D2B205EBC205AF7857B3EA7842B394F8E6
:102BA0001BC0B4F9122094F819E0BCF1000F0FD04B
:102BB00095F905C0B4F90C80674400FB07674745E9
:102BC00006DD002626821B7B03FB0E2212B26282E8
:102BD000B4F816C0CDF80CE0A78A02900B46204648
:102BE0003146CDE9007CFFF7E9FCB4F91060207EA6
:102BF000297901FB0060208207E0002202821B7B12
:102C0000428A417E01FB03234382012004B0BDE8D8
:102C1000F0810A292CD00D29F7D0C67EB0F91070AA
:102C2000B4F91220007E657E66B10626B4F90CC0A8
:102C300016FB0076664505DD02EBC50212B2628224
:102C400023821F46E68A0395A58A02900B462046FA
:102C50003946CDE90056FFF7B1FC237E228A03EB0B
:102C6000430302EB43030120238204B0BDE8F0815B
:102C7000428A417E038202EBC1034382C5E700BF63
:102C8000002908BF0121017641767047036A39B1F6
:102C90000BB101627047438A016206334382704779
:102CA000002BF6D0438A0162063B4382704700BF87
:102CB00030B4BDF90850BDF90C40029503949DF85D
:102CC00010509DF81440049505949DF81850046820
:102CD00006956469A44630BC604700BF704700BFDA
:102CE00003681B69184700BF30B4BDF90850BDF92F
:102CF0000C40029503949DF810509DF814400495E3
:102D000005949DF81850046806956469A44630BC83
:102D1000604700BF30B4BDF90850BDF90C400295C2
:102D20000394BDF91050BDF9144004950594BDF904
:102D30001850BDF91C40069507949DF820509DF849
:102D40002440089509949DF8285004680A95246A3F
:102D5000A44630BC604700BF704700BF704700BF4B
:102D6000704700BF704700BF704700BF10B50446F2
:102D7000406AFEF7A3FFB4F90C00002802DB002133
:102D800006F008F8B4F90E00002802DB002106F076
:102D900001F8B4F91000002804DB0021BDE8104060
:102DA00005F0F8BF10BD00BF38B504469DF810000F
:102DB000E386002384F8302084F8312084F8210051
:102DC00084F8323084F8333084F8343084F8353085
:102DD000002940F09B80B4F90C0000280CDB012195
:102DE00006F05CF80121B4F90C0005F0D3FF0121D5
:102DF000B4F90C0006F052F8B4F91000002829DBF1
:102E000094F82150002D64D1012106F047F80121EA
:102E1000B4F9100005F0BEFF0121B4F9100006F06E
:102E20003DF80A2002F0E0FD2946B4F9100006F052
:102E300035F8E08E02F0D8FDB4F91000012106F05B
:102E40002DF8E08E0A2838BF0A2002F0CDFD0023BD
:102E500084F83430606AFEF7EDFEB4F91000002803
:102E60000CDB012106F01AF80121B4F9100005F07D
:102E700091FF0121B4F9100006F010F8B4F90C002C
:102E800000280CDB012106F009F80121B4F90C003F
:102E900005F080FF0121B4F90C0005F0FFFFB4F943
:102EA0000E0000280CDB012105F0F8FF0121B4F928
:102EB0000E0005F06FFF0121B4F90E0005F0EEFFE2
:102EC000B4F91200002820DB0021BDE8384005F0ED
:102ED00061BF002105F0E2FFB4F91000012105F007
:102EE00059FF0021B4F9100005F0D8FFE08E02F080
:102EF0007BFDB4F91000022105F04CFFE08E0A289A
:102F000038BF0A2002F070FDA1E738BD0348F3F78F
:102F100045FB012384F820305DE700BF50630020AB
:102F200030B50268674B55689D4283B05CD104465A
:102F3000002340F201150A2084F8213084F834304F
:102F400084F835302563E086002940F0B480B4F978
:102F50000C00002880F28580B4F9100000282ADBDC
:102F600094F82150002D40F08A80012105F096FF51
:102F70000121B4F9100005F00DFF0121B4F9100092
:102F800005F08CFF0A2002F02FFD2946B4F910004D
:102F900005F084FFE08E02F027FDB4F91000012156
:102FA00005F07CFFE08E0A2838BF0A2002F01CFDE5
:102FB000002384F83430606AFEF73CFEB4F9100058
:102FC00000283CDAB4F90C00002826DAB4F90E0027
:102FD000002810DAB4F9120000280ADB002103B03F
:102FE000BDE8304005F0D6BE0023009301220A233D
:102FF000A84703B030BD012105F050FF0121B4F90D
:103000000E0005F0C7FEB4F90E00012105F046FFE1
:10301000B4F912000028E1DAEBE7012105F03EFFE8
:103020000121B4F90C0005F0B5FEB4F90C00012142
:1030300005F034FFB4F90E000028CBDBDBE70121FB
:1030400005F02CFF0121B4F9100005F0A3FEB4F93E
:103050001000012105F022FFB4F90C000028B5DBB7
:10306000DBE7012105F01AFFB4F90C00012105F09E
:1030700091FE0121B4F90C0005F010FF6CE700216E
:1030800005F00CFFB4F91000012105F083FE0021CA
:10309000B4F9100005F002FFE08E02F0A5FCB4F9CF
:1030A0001000022105F076FEE08E0A2838BF0A20C3
:1030B00002F09AFC7CE70448F3F770FA012384F8E5
:1030C000203044E7A92D030050630020F0B4BDF880
:1030D0001C50BDF91070BDF82040002665F30F06A6
:1030E000002561F30F0562F31F45002263F30F0211
:1030F0001B4B9DF82810036064F31F469DF82C308D
:10310000466067F31F429DF830609DF8247041725D
:103110008372BDF91410134B0261069A0772C672CE
:10312000C560114F8182012640F20115C2614362E0
:103130004FF6FF7200230A21876280F82D60056335
:10314000C18680F8203080F82C3080F8343080F848
:103150003530C0E90E33C2820283F0BC704700BF35
:1031600078E1030004A3002000093D0010B483B0FF
:103170006C4684E80C00A38841628262838503B0B8
:103180005DF8044B704700BF38B5B0F91030002B24
:103190002ADB90F821500446184635BB012105F082
:1031A0007DFE0121B4F9100005F0F4FD0121B4F910
:1031B000100005F073FE0A2002F016FC2946B4F94F
:1031C000100005F06BFEE08E02F00EFCB4F910006A
:1031D000012105F063FEE08E0A2838BF0A2002F0C4
:1031E00003FC002384F8343038BD002105F056FE7E
:1031F000B4F91000012105F0CDFD0021B4F9100053
:1032000005F04CFEE08E02F0EFFBB4F91000022155
:1032100005F0C0FDE08E0A2838BF0A2002F0E4FB6A
:10322000DFE700BF2DE9F843B0F91230002B6EDB69
:1032300004460120894602F0D7FB3E4BDB68D901EA
:103240005AD53D4B1A68D20756D55D68AD09394F3E
:10325000DFF8F480384E05E07368E2699B095B1B78
:10326000934225D8B4F9120005F034FEB4F91430B5
:10327000984221D1A36B002B57D0E06B9847B4F94B
:10328000120005F027FEB4F91430984214D1FB68FF
:10329000DB0102D53368D807DED403F013FEA0FBB0
:1032A0000801830A43EA8153E2695B1B9342D9D93F
:1032B0002249234801F0AAFAB9F1000F25D094F869
:1032C000203013B31B4BDB68D90125D51A4B1A6884
:1032D000D20721D55B689B09494619485D1B01F05F
:1032E000D1F91849164801F0CDF929460A221448A7
:1032F000BDE8F84301F0A2BA03F0E4FD124BA0FBD5
:103300000301850A45EA8155A1E7BDE8F883104627
:10331000BDE8F84302F068BB03F0D4FD0A4BA0FB04
:103320000301830A43EA8153D6E7012002F05CFBE4
:10333000A5E700BFF0ED00E0001000E05CE1030055
:10334000506300206CE1030040420F0038B500F1EB
:10335000280304460D46406A93E80600FEF7B6FCD3
:10336000B4F90E00002802DB002105F097FDB4F946
:103370000C00002802DB002105F090FD2946606A60
:10338000FEF750FDB4F90C00002802DB012105F026
:1033900085FDB4F90E00002802DB012105F07EFD59
:1033A000606ABDE83840FEF7F5BC00BF38B500F1F3
:1033B000280304460D46406A93E80600FEF786FCA3
:1033C000B4F90C00002802DB002105F067FD294656
:1033D000606AFEF727FDB4F90C00002802DB01212A
:1033E00005F05CFD606ABDE83840FEF7D3BC00BF65
:1033F00000F1280310B5044693E80600406AFEF782
:1034000065FCB4F90C00002804DB0021BDE8104085
:1034100005F044BD10BD00BF406AFEF703BD00BF0C
:1034200010B50446B0F90C00002802DB012105F0BC
:1034300035FD606ABDE81040FEF7ACBC90F8323054
:1034400010B504467BB12221FFF780FF832120467F
:10345000FFF7ACFF20212046FFF778FF96220549B1
:103460002046FFF7DFFE002384F8323084F8333043
:1034700010BD00BFECE1030038B590F832300446CF
:103480007BB12221FFF762FF83212046FFF78EFFE9
:1034900020212046FFF75AFF96220D492046FFF7CC
:1034A000C1FEB4F910300025AB4284F8325084F8E4
:1034B00033500CDB10212046FFF748FF0121204646
:1034C000FFF774FF012384F8355084F8343038BD99
:1034D000ECE1030030B58BB04FF0000CBDF9384083
:1034E00000940124CDE9074401940324CDE9054C5F
:1034F000064D0295C824CDE903440446FFF7E6FDD6
:10350000034B236020460BB030BD00BF809698006F
:1035100000E203002DE9F84304460E46112115464A
:103520009946BDF82080FFF711FF20460321FFF7E1
:103530003DFFC6F3C70720464421FFF707FF394682
:103540002046FFF733FF06EB0903591E48BF991DBC
:103550002046C1F3C701FFF729FF5FFA85F920462E
:103560004521FFF7F3FEA84449462D0A2046FFF700
:103570001DFF08F1FF3629462046FFF717FFF1B27D
:103580002046FFF713FF311EB8BF08F1FE012046A9
:10359000C1F30721FFF70AFF20464E21FFF7D6FEB1
:1035A00039462046FFF702FF20464F21FFF7CEFEA7
:1035B00049462046FFF7FAFE29462046BDE8F84373
:1035C000FFF7F4BE30B5044683B039B30368264A2A
:1035D000DD6B95423BD190F83120DAB9C8230093D6
:1035E0001146FFF797FF20462221FFF7AFFE204646
:1035F000FC21FFF7DBFE20462021FFF7A7FE4FF45A
:10360000FA721A492046FFF70DFE012384F8323082
:1036100003B030BD9B6B164A93421FD12046222136
:10362000FFF794FE2046F721FFF7C0FE2046202139
:10363000FFF78CFE40F628220E492046FFF7F2FDE8
:10364000002384F8323084F8313003B030BDC82311
:10365000002200931146A84703B030BD002103B0FB
:10366000BDE83040184700BF79360300DCE10300B5
:10367000C5350300CCE10300F0B590F8316083B0AC
:103680000446BDF92050002E51D10029BCBF5B1863
:103690001BB221EAE170002AB8BFAD1800EB0301AC
:1036A000B8BF2DB222EAE272C729C8BFC0F1C80371
:1036B00002EB0501C8BF1BB2C729C4BFC2F1C805D0
:1036C0002DB2002B31DD002D2FDD00F007010B4462
:1036D00099B20EB2774207F0070706F0070358BF0A
:1036E0007B42002B02DD0831CB1A1EB2ADB24FF681
:1036F000F871B3B292B2014000952046FFF70AFF7D
:1037000022212046FFF722FEFC212046FFF74EFE35
:1037100020212046FFF71AFE4FF4FA721549204681
:10372000FFF780FD012384F8323003B0F0BD036859
:10373000114A9B6B934217D12221FFF707FE2046C7
:10374000F721FFF733FE20462021FFF7FFFD40F66B
:1037500028220A492046FFF765FD002384F832300D
:1037600084F8313003B0F0BD002103B0BDE8F04073
:10377000184700BFDCE10300C5350300CCE10300BE
:1037800090F8343010B504460BB1FFF7FDFC0A2069
:1037900002F02AF912212046FFF7D8FD0A2002F094
:1037A00023F901212046FFF7D1FDC7212046FFF76D
:1037B000FDFD00212046FFF7F9FD00212046FFF71F
:1037C000F5FD3C212046FFF7C1FD05212046FFF70E
:1037D000EDFD18212046FFF7B9FD80212046FFF7B7
:1037E000E5FD11212046FFF7B1FD03212046FFF73B
:1037F000DDFD44212046FFF7A9FD00212046FFF70B
:10380000D5FD18212046FFF7D1FD45212046FFF7C1
:103810009DFD00212046FFF7C9FD00212046FFF74E
:10382000C5FDC7212046FFF7C1FD00212046FFF757
:10383000BDFD4E212046FFF789FD00212046FFF700
:10384000B5FD4F212046FFF781FD00212046FFF7FF
:10385000ADFD00212046FFF7A9FD012384F8353096
:1038600010BD00BF90F8353070B505460C461646C1
:10387000002B4FD011212846FFF768FD0321284671
:10388000FFF794FD44212846FFF760FD00212846FC
:10389000FFF78CFD18212846FFF788FD45212846B3
:1038A000FFF754FD00212846FFF780FD0021284640
:1038B000FFF77CFDC7212846FFF778FD0021284649
:1038C000FFF774FD4E212846FFF740FD00212846F2
:1038D000FFF76CFD4F212846FFF738FD00212846F1
:1038E000FFF764FD00212846FFF760FD21462846CA
:1038F000FFF72CFD2846FFF77BFD41F28834314667
:103900002846FFF789FD013CF9D12846BDE8704003
:10391000FFF786BDFFF734FFACE700BF2DE9F04F9E
:103920008BB01E469DF85C30059305469DF86030CF
:10393000BDF954B0BDF950A0BDF958400691012021
:103940000493174602F050F8734203F0070306F0A1
:10395000070858BFC3F100081BF1070948BF0BF166
:103960000E09A6EB0806C9F3CF091FFA86F84FEA3D
:10397000C9031BB20FFA88F6F11826EAE676C729C2
:10398000B6B2C8BFC8F1C803A6EB0808C8BF1BB2CF
:103990001FFA88F80AEB0401A3EB0803C7291FFAF2
:1039A0008AF09BB2C8BFC0F1C8010FFA83FBCCBF3D
:1039B00009B22146BBF1000F6DDD2AEAEA7292B22C
:1039C000101A1FFA80FAA1EB0A0107928AB2089234
:1039D00012B2002A03925EDD95F83520002A00F02D
:1039E000C78095F83020002A40F08C80089A009219
:1039F0003146079A2846FFF78DFD06992846FFF7BE
:103A0000A5FC0FFA88F82846FFF7F2FCB8F1000F82
:103A10000FFA8AF304F1FF36B8BF08F1070813FB69
:103A200009F4C8F3CF08F61A16FB0986A0441FFA5A
:103A300088F44FEAEB0BB6B24FF00008BBF1000F71
:103A400014D0049B53BB059B04EB0B0A002B38D10D
:103A50001FFA8AF306949A4622B22846B95CFFF709
:103A6000DBFC631C9CB25445F6D1069C039B08F119
:103A700001080FFA88F8A6EB09064C444345B6B294
:103A8000A4B2DBD12846FFF7CBFC01200BB0BDE888
:103A9000F04F01F0A9BF0BB0BDE8F08F059B06EB1E
:103AA0000B0AF3B91FFA8AF306949A46344622B2F7
:103AB0002846B95CFFF7B0FC631C9CB25445F6D1B4
:103AC000D3E71FFA8AF306949A4622B22846B95CD5
:103AD000C943C9B2FFF7A0FC631C9CB2A245F4D154
:103AE000C3E71FFA8AF306949A46344622B2284660
:103AF000B95CC943C9B2FFF78FFC631C9CB2A245F5
:103B0000F4D1B2E7296823480A69824236D1CA68EB
:103B1000214909938A4232D1FF2226212846FFF704
:103B2000A1FEFF2224212846FFF79CFE2A681B499C
:103B3000926B099B8A4227D122212846FFF706FC77
:103B4000F7212846FFF732FC20212846FFF7FEFB2D
:103B500040F6282212492846FFF764FB0022099B01
:103B600085F8322085F83120002285F830203DE7A5
:103B700028460993FFF704FE099B32E70993FF21CA
:103B800028469047099B31E7099300212846904732
:103B9000099BE9E7D943030025420300C53503002B
:103BA000CCE1030030B587B0BDF92850BDF92C40F9
:103BB000009301959DF830309DF8345002949DF8A3
:103BC000384003930495134605940A462421FFF7D1
:103BD000A5FE07B030BD00BF2DE9F04F89B00C46FF
:103BE000BDF94870BDF94C809DF850909DF854A0E7
:103BF0009DF858B0009315461E46CDE9017813464E
:103C0000CDE9039A0A46CDF814B026210790FFF7B4
:103C100085FECDE904ABCDE90289CDE900672B46ED
:103C2000224607982421FFF779FE09B0BDE8F08FFE
:103C300030B587B0BDF92850BDF92C4000930195EF
:103C40009DF830309DF8345002949DF8384003932D
:103C50000495134605940A462621FFF75FFE07B038
:103C600030BD00BF2DE9F04F5C428DB004F0070479
:103C700003F0070658BF66429E1B9DF87440BDF9CD
:103C800058300493BDF95CA007949DF87840BDF9C5
:103C90006C50BDF9607006940FFA86FB049CBDF968
:103CA00070E0BDF96430BDF968C0AAEB0B063C1B9F
:103CB000B542A8BF354674450994A8BF74465F4213
:103CC0002DB207F0070703F0070658BF7E42EF1D2D
:103CD00048BF05F10E079B1B9BB227F007073FB2B9
:103CE0001EB2F51926EAE676C72DB6B2C8BFC3F1F3
:103CF000C807A6EB030324B2C8BF3FB21FFA83F97B
:103D00000CEB040EA7EB0907BEF1C70F1FFA8CF5E9
:103D1000BFB2C8BFC5F1C8040FFA87F8C8BF24B244
:103D2000B8F1000F7BDD2CEAEC7C1FFA8CF35D1BF5
:103D30000393ABB2E41A0893A3B21CB2002C05940F
:103D40006DDD154690F835200A910446002A00F0F2
:103D5000E48094F83020002A40F0A980039A009370
:103D600031463B462046FFF7D5FB0A992046FFF730
:103D7000EDFA4FEAE80320460FFA89F90393FFF7BB
:103D800037FBBBF10002B8BF0732099BB9F1000F46
:103D90004FEAE207B8BF09F10709BDF920200892F0
:103DA00007EBE907013B1AF1070948BF0AF10E09C1
:103DB000BFB29B1A0993C9F3CF090026BA460399EB
:103DC000F9B10498089A02440998B3B21A44C31A84
:103DD00013FB09A31FFA83FB069B12FB09A297B2F0
:103DE00003BB079B002B35D107EB01081FFA88F8AE
:103DF0003BB201372046E95CBFB2FFF70DFBB84587
:103E0000F6D10136059B36B2B342D8D12046FFF732
:103E100007FB01200DB0BDE8F04F01F0E5BD0DB08E
:103E2000BDE8F08F079B53BB0BEB01081FFA88F826
:103E30000FFA8BF30BF1010B2046E95C1FFA8BFBA9
:103E4000FFF7EAFAC345F3D10136059B36B2B34218
:103E5000B5D1DBE707EB01081FFA88F83BB2013761
:103E6000E95CC9432046C9B2BFB2FFF7D5FAB845ED
:103E7000F4D10136059B36B2B342A0D1C6E70BEBB5
:103E800001081FFA88F80FFA8BF30BF1010BE95CBC
:103E9000C9432046C9B21FFA8BFBFFF7BDFAC345E1
:103EA000F1D10136059B36B2B34288D1AEE7216825
:103EB00022480A69824235D1CA6821490B938A4255
:103EC00031D1FF2226212046FFF7CCFCFF222421FE
:103ED0002046FFF7C7FC22681A49926B0B9B8A4267
:103EE00026D122212046FFF731FAF7212046FFF79D
:103EF0005DFA20212046FFF729FA40F628221249D0
:103F00002046FFF78FF900220B9B84F8322084F8BB
:103F10003120002284F8302020E70B93FFF730FC9B
:103F20000B9B16E70B93FF21204690470B9B15E751
:103F30000B930021204690470B9BEAE7D9430300EF
:103F400025420300C5350300CCE103002DE9F04F05
:103F500091B08246BDF974709DF884C0BDF9684087
:103F6000BDF970600C97CDF838C09DF880709DF851
:103F700088C00B9601200D97BDF96C50BDF9786093
:103F8000BDF97C80CDF83CC08B461746994601F0C0
:103F90002BFD002C24DB002D22DB002E20DBB8F1D2
:103FA000000F1DDB002F1BDBA74219DAB9F1000F50
:103FB00016DBA94514DA0D9A05960B9E0F980E99FB
:103FC0000C9B09900891CDE906820493CDE9025635
:103FD000CDE900943B465A4650462421FFF742FE65
:103FE00011B0BDE8F08F00BF2DE9F04F91B08246CF
:103FF000BDF974709DF884C0BDF96840BDF970606A
:104000000C97CDF838C09DF880709DF888C00B964D
:1040100001200D97BDF96C50BDF97860BDF97C8029
:10402000CDF83CC08B461746994601F0DDFC002CCC
:104030003FDB002D3DDB002E3BDBB8F1000F38DB12
:10404000002F36DBA74234DAB9F1000F31DBA94586
:104050002FDA0F9B0D9909930B9B0E980C9A0890E1
:10406000CDE906810492CDE902535A463B4626210A
:1040700050460596CDE90094FFF7F4FD012001F0CC
:10408000B3FC0F9B0D9909930B9B0E980C9A08900B
:10409000CDE906810492CDE902530596CDE900945D
:1040A0003B465A4650462421FFF7DCFD11B0BDE8DF
:1040B000F08F012011B0BDE8F04F01F095BC00BFBA
:1040C00090F8353070B505460E46002B00F0A28002
:1040D00011212846FFF73AF903212846FFF766F930
:1040E00044212846FFF732F900212846FFF75EF900
:1040F00018212846FFF75AF945212846FFF726F9E7
:1041000000212846FFF752F900212846FFF74EF913
:10411000C7212846FFF74AF900212846FFF746F94C
:104120004E212846FFF712F900212846FFF73EF9F5
:104130004F212846FFF70AF900212846FFF736F9F4
:1041400000212846FFF732F924212846FFF7FEF820
:104150002846FFF74DF941F2883431462846FFF7EB
:104160005BF9013CF9D12846FFF75AF995F835304B
:10417000002B52D011212846FFF7E8F803212846EA
:10418000FFF714F944212846FFF7E0F800212846FC
:10419000FFF70CF918212846FFF708F945212846B2
:1041A000FFF7D4F800212846FFF700F90021284640
:1041B000FFF7FCF8C7212846FFF7F8F8002128464A
:1041C000FFF7F4F84E212846FFF7C0F800212846F3
:1041D000FFF7ECF84F212846FFF7B8F800212846F2
:1041E000FFF7E4F800212846FFF7E0F826212846EB
:1041F000FFF7ACF82846FFF7FBF841F28834314668
:104200002846FFF709F9013CF9D12846BDE870407E
:10421000FFF706B9FFF7B4FA5AE72846FFF7B0FAF6
:10422000A8E700BF90F8353070B505460E46002B64
:1042300000F0BF8011212846FFF788F803212846A7
:10424000FFF7B4F844212846FFF780F800212846FC
:10425000FFF7ACF818212846FFF7A8F845212846B3
:10426000FFF774F800212846FFF7A0F80021284640
:10427000FFF79CF8C7212846FFF798F80021284649
:10428000FFF794F84E212846FFF760F800212846F2
:10429000FFF78CF84F212846FFF758F800212846F1
:1042A000FFF784F800212846FFF780F826212846EA
:1042B000FFF74CF82846FFF79BF841F28834314667
:1042C0002846FFF7A9F8013CF9D12846FFF7A8F8DE
:1042D00095F83530002B6FD011212846FFF736F8BE
:1042E00003212846FFF762F844212846FFF72EF8FD
:1042F00000212846FFF75AF818212846FFF756F8FC
:1043000045212846FFF722F800212846FFF74EF8FE
:1043100000212846FFF74AF8C7212846FFF746F84C
:1043200000212846FFF742F84E212846FFF70EF8F5
:1043300000212846FFF73AF84F212846FFF706F8F4
:1043400000212846FFF732F800212846FFF72EF813
:1043500024212846FEF7FAFF2846FFF749F841F2E4
:10436000883431462846FFF757F8013CF9D12846F2
:10437000FFF756F82B68164A9B6B934220D12221F7
:104380002846FEF7E3FFF7212846FFF70FF8202124
:104390002846FEF7DBFF40F628220E492846FEF7A6
:1043A00041FF002385F8324085F8314085F83030F0
:1043B00070BDFFF7E5F93DE72846FFF7E1F98BE728
:1043C000214628469847002385F8303070BD00BF4D
:1043D000C5350300CCE1030090F8303070B50446D9
:1043E0000E46002B00F0CC800368944ADB689342B1
:1043F00040F01A8190F835300BB9FFF7C1F911215F
:104400002046FEF7A3FF03212046FEF7CFFF4421FD
:104410002046FEF79BFF00212046FEF7C7FF18212C
:104420002046FEF7C3FF45212046FEF78FFF0021FF
:104430002046FEF7BBFF00212046FEF7B7FFC7214D
:104440002046FEF7B3FF00212046FEF7AFFF4E21C6
:104450002046FEF77BFF00212046FEF7A7FF4F21F5
:104460002046FEF773FF00212046FEF79FFF002144
:104470002046FEF79BFF26212046FEF767FF2046D9
:10448000FEF7B6FF41F2883531462046FEF7C4FFFD
:10449000013DF9D12046FEF7C3FF94F8353013B93A
:1044A0002046FFF76DF911212046FEF74FFF03214B
:1044B0002046FEF77BFF44212046FEF747FF002100
:1044C0002046FEF773FF18212046FEF76FFF4521B7
:1044D0002046FEF73BFF00212046FEF767FF002144
:1044E0002046FEF763FFC7212046FEF75FFF00214D
:1044F0002046FEF75BFF4E212046FEF727FF0021F6
:104500002046FEF753FF4F212046FEF71FFF0021F4
:104510002046FEF74BFF00212046FEF747FF2421EF
:104520002046FEF713FF2046FEF762FF41F2883572
:1045300031462046FEF770FF013DF9D12046FEF7D7
:104540006FFF23683E4A9B6B934273D12221204622
:10455000FEF7FCFEF7212046FEF728FF202120462B
:10456000FEF7F4FE40F6282236492046FEF75AFEB2
:1045700084F8325084F83150002384F8303070BD14
:1045800090F83530002B52D011212046FEF7DEFE88
:1045900003212046FEF70AFF44212046FEF7D6FEFF
:1045A00000212046FEF702FF18212046FEF7FEFEFE
:1045B00045212046FEF7CAFE00212046FEF7F6FE02
:1045C00000212046FEF7F2FEC7212046FEF7EEFE50
:1045D00000212046FEF7EAFE4E212046FEF7B6FEF9
:1045E00000212046FEF7E2FE4F212046FEF7AEFEF8
:1045F00000212046FEF7DAFE00212046FEF7D6FE17
:1046000024212046FEF7A2FE2046FEF7F1FE41F2ED
:10461000883531462046FEF7FFFE013DF9D12046A0
:10462000BDE87040FEF7FCBEBDE870401847FFF7DC
:10463000A7F8A9E72946204698479DE725420300A9
:10464000C5350300CCE10300704700BFF8B517463D
:1046500082B105460E46002402E00134A74207D08D
:104660002B6816F8011B1B68284698470028F4D1D0
:104670002046F8BD1446FBE703688A685B68096852
:10468000184700BF69B170B5054608460C4606F0EC
:1046900082F92B680246214628465B68BDE87040D7
:1046A00018470846704700BF03681B68184700BFDB
:1046B000F0B50F468BB00568002A3DD00A2A0446A3
:1046C0001ED100293DDB0AAE00232F4806F8043D29
:1046D0000B46A0FB0312D20802EB8201A3EB4103BD
:1046E000303306F8013D1346002AF2D1304606F079
:1046F00052F96B6802463146204698470BB0F0BD30
:104700000AAED2B20023022A06F8043D2CBF10469E
:104710000A200A46B2FBF0F100FB1127FBB2092F79
:1047200003F130078ABF3733FBB2DBB20A4606F823
:10473000013D0029EED1D9E72B68C9B298470BB0EB
:10474000F0BD2B682D2198470AAD002306460E4880
:1047500005F8043D7B42A0FB0321C90801EB81025F
:10476000A3EB4203303305F8013D0B460029F2D19B
:10477000284606F010F92368024629465B68204661
:10478000984730440BB0F0BDCDCCCCCCF0B506682A
:104790008BB022B93368C9B298470BB0F0BD0AACF0
:1047A000D2B20023022A04F8043D05462CBF10466D
:1047B0000A20B1FBF0F200FB1217FBB2092F03F144
:1047C00030078ABF3733FBB2DBB2114604F8013D34
:1047D000002AEED1204606F0DEF873680246214634
:1047E000284698470BB0F0BD38B503688A685B6807
:1047F000096804469847236803495B680546022216
:1048000020469847284438BDB0E20300036870B5DD
:1048100005460C465E6849B1084606F0BCF82146DC
:1048200002462846B0472B685E68044628460222A6
:104830000149B047204470BDB0E20300F0B5054621
:104840008BB0066862B93368C9B2984704462B68D2
:1048500015495B6828460222984720440BB0F0BDFA
:104860000AACD2B20023022A04F8043D2CBF104641
:104870000A20B1FBF0F200FB1217FBB2092F03F183
:1048800030078ABF3733FBB2DBB2114604F8013D73
:10489000002AEED1204606F07EF8214602467368D3
:1048A000284698470446D2E7B0E2030008B54FF423
:1048B0000062002105F0ACF90022C0F80028C0F821
:1048C000042808BDD0F8002810B4531CD0F80448C0
:1048D000C3F30A039C4218BF81545DF8044B18BF10
:1048E000C0F80038704700BF0023C0F80038C0F897
:1048F00004387047D0F80438D0F80028934207D025
:104900005A1CC35CC2F30A02C0F804281846704758
:104910004FF0FF30704700BFD0F80038D0F80408DF
:10492000181A48BF00F50060704700BFD0F804387F
:10493000D0F80028934214BFC05C4FF0FF3070479E
:10494000D0F80038D0F804080133C3F30A03181A6A
:10495000B0FA80F04009704741F22303C05C704711
:1049600070B541F21D030446C356002B0DDB5A09F6
:1049700020320121234803F01F0301FA03F340F81A
:104980002230BFF34F8FBFF36F8F23694FF48872CC
:10499000C3F8082322690023C2F844312269C2F80F
:1049A00058312269012353602269D36001E004F089
:1049B00041F82369D3F85821002AF8D0D3F84421CC
:1049C000002AF4D00025C3F8005522694FF0FF33C8
:1049D000C2F80C352269C2F814352269C2F80835CC
:1049E000226941F22406C2F8103504F11400FFF7E1
:1049F0007BFFA05901F0EEFE41F22303A551E554DF
:104A000070BD00BF00E100E01430FFF785BF00BFBC
:104A10001430FFF78BBF00BF1430FFF76BBF00BF30
:104A200008B541F22403C05801F0CAFE002814BFA3
:104A30004FF40060002008BD41F22303C35C03B9BA
:104A4000704770B541F2240504464FF0FF314059DC
:104A500001F00AFD002360591A461946BDE870406E
:104A600001F0BAB810B50368104A5B6882B093428F
:104A70008DF8071014D141F2240304464FF0FF31A2
:104A8000C05801F0F1FC22699DF8073084F81D3808
:104A90000123C2F8483522691846936002B010BD60
:104AA00001220DF10701984702B010BDB14A030081
:104AB0002DE9F84F4AB300F5815916468846074656
:104AC00009F1040900F61D0B00254FF0010A741BC3
:104AD000B4F5006F28BF4FF400644FF0FF31D9F8F0
:104AE000000001F0C1FC08EB05012246584605F024
:104AF0006BF83B69C3F848453B692544AE42C3F8AF
:104B000008A0E4D82846BDE8F88F15462846BDE839
:104B1000F88F00BF70B50468824A246A944240F05E
:104B2000BD8041F223020346825C002A40F0B5803A
:104B300041F21F000D461969185CC1F80C0541F2DD
:104B40001E001969185CC1F8140541F22201595C74
:104B5000012900F0B2801969C1F86C25B5F5966F8E
:104B600045D9B5F5166F40F29E80B5F5965F40F2D7
:104B7000B480B5F5165F40F2B280B5F5615F40F2E2
:104B8000B080B5F5964F40F2AE80B5F5E14F40F2FA
:104B9000AC8047F61222954240F2A980B5F5164F37
:104BA00040F2A8804DF6C022954240F2A680B5F5AD
:104BB000614F40F2A580B5F5963F40F2A480B5F56F
:104BC000E13F40F2A580B5F5613F40F29E80564A34
:104BD000954240F2A380B5F5E12F40F29C80B5F5F7
:104BE000612F8CBF4FF080524FF0706201E04FF4A4
:104BF0009E221969C1F824251A690821C2F80015F6
:104C00001A6903F61D01C2F844151A690021C2F899
:104C100020111A6903F61C01C2F834151A69012122
:104C2000C2F838151A6911601A694FF4887041F298
:104C30001D04C2F804031A57002A37DB55096035F2
:104C400002F01F02394801FA02F240F825201A57F3
:104C5000002A2BDB0244602182F8001341F21D027E
:104C60009A56002A07DB314802F01F04012152093D
:104C7000A14040F822100322002101201C4600F030
:104C800069FF41F224020023A05019461A4600F0A1
:104C9000A3FF41F223030122E25470BD2346002208
:104CA000BDE8704018474FF41D22A2E7204902F0EA
:104CB0000F02114460220A76D0E703F58152186989
:104CC0001278C0F8102541F221001A69185CC2F868
:104CD00008051A69C2F86C1540E7164A89E7164AB2
:104CE00087E7164A85E7164A83E7164A81E74FF4B5
:104CF00000027EE74FF41D027BE74FF4650278E780
:104D00004FF46B0275E7104A73E74FF06C7270E76F
:104D10004FF0EB726DE74FF0E8626AE74FF08062A8
:104D200067E700BF4D4D030090D0030000E100E0B5
:104D3000FCEC00E000B013000050270000F03A0047
:104D400000A04E0000C0750000903A0138B541F255
:104D50002303C35C002B40F0B48041F21F040369BD
:104D6000045DC3F80C4541F21E040369045DC3F8F9
:104D7000144541F22203C35C012B00F0A3800369B8
:104D8000C3F86C25B1F5966F45D9B1F5166F40F2B1
:104D9000AB80B1F5965F40F2B180B1F5165F40F29D
:104DA000AF80B1F5615F40F2AD80B1F5964F40F252
:104DB000AB80B1F5E14F40F2A98047F6122399424A
:104DC00040F2A680B1F5164F40F2A5804DF6C02303
:104DD000994240F2A380B1F5614F40F2A280B1F553
:104DE000963F40F2A180B1F5E13F40F29F80B1F5DE
:104DF000613F40F29E80534B994240F2A080B1F552
:104E0000E12F40F29980B1F5612F8CBF4FF08053B4
:104E10004FF0706301E04FF49E230269C2F824351D
:104E200003690822C3F80025036900F61D02C3F8D0
:104E3000442503690022C3F82021036900F61C02FF
:104E4000C3F8342503690122C3F8382503691A60C1
:104E500003694FF4887141F21D04C3F8041303572A
:104E6000002B44DB5D09603503F01F03364902FA6D
:104E700003F341F825300357002B38DB0B44602245
:104E800083F8002341F21D03C356002B07DB2E4994
:104E900003F01F0401225B09A24041F823200446CD
:104EA00003220021012000F055FE41F224020023DC
:104EB000A05019461A4600F08FFE41F2230301224A
:104EC000E25438BD00F5815304691B78C4F81035ED
:104ED00041F221040369045DC3F80845036942F007
:104EE0000102C3F86C254DE74FF41D2395E7174ADF
:104EF00003F00F031A4460231376C3E7144B8CE7C7
:104F0000144B8AE7144B88E7144B86E7144B84E76D
:104F10004FF4000381E74FF41D037EE74FF4650370
:104F20007BE74FF46B0378E70E4B76E74FF0EB73BC
:104F300073E74FF06C7370E74FF0E8636DE74FF085
:104F400080636AE790D0030000E100E0FCEC00E041
:104F500000B013000050270000F03A0000A04E00FF
:104F600000C0750000903A01074B10B441F21E04D6
:104F700053F82110015541F21F0153F822304354D8
:104F80005DF8044B704700BF54E2030010B5124CAB
:104F90002369D3F8102142B10022C3F81021D3F8BD
:104FA0003C2582B901221A602369D3F8202102B975
:104FB00010BD002141F22402C3F82011A058BDE821
:104FC000104001F093B894F81C1804F11400FFF796
:104FD00079FC2369E6E700BF2CA3002038B5124C0A
:104FE000124A204600254FF47A7340F8142BC4E986
:104FF0000153FFF75BFC41F21D010D4B0D4A22618D
:1050000002206054D3E9001341F21E0241F21F0056
:10501000A154235441F2220141F2240241F223031C
:105020006554A550E55438BD2CA30020BCE2030014
:1050300054E203000020004008B5094B1BB10948A9
:10504000F1F756F948B9084B1BB10848FFF764FC63
:1050500000B908BDAFF3008008BDAFF30080F2E7F0
:1050600000000000506300200000000040A300206A
:105070002DE9F0431B4B1C4FD3F80463DFF86C8021
:10508000DFF86C9085B000240123A200A34002F158
:105090008045334205F5C0450FD0D5F8003163B1E6
:1050A000E357013306D052F808201AB114F809303A
:1050B0007BB990470023C5F800310134082CE3D1B7
:1050C000BFF34F8F00BF00BF00BF00BF05B0BDE8FA
:1050D000F08304AB002143F8041D0846009103F05F
:1050E00083FDE7E7006000407CB300205CB3002054
:1050F00054B30020F8B500250446C0E9005585608A
:1051000091B108460E4605F046FC0746411C28466C
:1051100000F0B4FC50B1A368C4E9000703B9037000
:10512000A760314605F02FFC2046F8BD206808B185
:1051300000F08EFC00232360C4E901332046F8BD53
:1051400070B504468C424FF00000C4E90000A06036
:1051500001D00D680DB9204670BD8E68711C00F03D
:105160008DFC50B1A368C4E9000603B90370A660C2
:10517000294605F008FC204670BD206808B100F003
:1051800067FC00232360C4E90133204670BD00BFE3
:1051900070B5002582B0C0E900558560044601A8BD
:1051A0008DF804108DF8055005F0F5FB0646411CFE
:1051B000284600F063FC58B1A368C4E9000603B9AF
:1051C0000370A66001A905F0DEFB204602B070BDA9
:1051D000206808B100F03CFC002320462360C4E9AD
:1051E000013302B070BD00BF30B5044685B0002366
:1051F0000846C4E90033A36001A902F08BFE01A8B0
:1052000005F0C9FB0546206810B163689D4209D9C5
:10521000691C00F033FC60B1A368C4E900050BB958
:1052200003702068A56001A905F0ADFB204605B01C
:1052300030BD206808B100F00BFC0023204623603D
:10524000C4E9013305B030BD30B504468BB000234E
:105250000846C4E90033A36001A902F013FE01A8C7
:1052600005F099FB0546206810B163689D4209D995
:10527000691C00F003FC60B1A368C4E900050BB928
:1052800003702068A56001A905F07DFB20460BB0E6
:1052900030BD206808B100F0DBFB0023204623600E
:1052A000C4E901330BB030BD30B504468BB00023E8
:1052B0000846C4E90033A36001A902F02BFE01A84F
:1052C00005F069FB0546206810B163689D4209D965
:1052D000691C00F0D3FB60B1A368C4E900050BB9F9
:1052E00003702068A56001A905F04DFB20460BB0B6
:1052F00030BD206808B100F0ABFB002320462360DE
:10530000C4E901330BB030BD30B504468BB0002387
:105310000846C4E90033A36001A902F02FFE01A8EA
:1053200005F039FB0546206810B163689D4209D934
:10533000691C00F0A3FB60B1A368C4E900050BB9C8
:1053400003702068A56001A905F01DFB20460BB085
:1053500030BD206808B100F07BFB002320462360AD
:10536000C4E901330BB030BD10B50446006800F04D
:105370006FFB204610BD00BF884270B5044609D0BF
:105380000D68006845B908B100F062FB0023C4E96C
:1053900001332360204670BD8E6810B163689E4261
:1053A00009D9711C00F06AFB58B1A368C4E9000672
:1053B0000BB903702068A660294605F0E4FA204680
:1053C00070BD20680028DFD1E0E700BF884238B513
:1053D000044612D000688B680D4628B162689A4274
:1053E0000DD200F035FBAB68D5E900212260002228
:1053F000C4E90113C5E90022AA60204638BD096846
:1054000005F0C1FAAB68A3600023AB60204638BD4D
:10541000F8B50446056849B915B1284600F018FBEF
:1054200000232360C4E901332046F8BD08460E4638
:1054300005F0B1FA074615B1636898420BD92846C2
:10544000791C00F01BFB054660B1A368C4E90007A6
:105450000BB903702568A7603146284605F093FA1A
:105460002046F8BD20680028DAD000F0F1FAD7E72E
:1054700070B50E68EEB18D680DB9012070BD8268FF
:1054800004460068154410B163689D420AD9691C3E
:1054900000F0F4FA68B1A268C4E9000512B902701C
:1054A0002068A2683146104405F06DFAA56001201D
:1054B00070BD002070BD00BF29B370B50546084619
:1054C0000C4605F068FA08B9012070BDAA682B687F
:1054D000861813B169688E420CD91846711C00F009
:1054E000CDFA034668B1AA68C5E9000612B9027090
:1054F0002B68AA682146981805F045FAAE6001208D
:1055000070BD002070BD0020704700BF30B58368BB
:1055100083B0044600688DF8041000225D1C8DF8ED
:10552000052010B1626895420AD9991C00F0A6FACC
:1055300060B1A368C4E9000513B903702068A368CB
:10554000184401A905F01FFAA560012003B030BD81
:1055500070B50E6804461EB18D685DB9204670BDF9
:10556000206808B100F074FA00232360C4E9013315
:10557000204670BD82680068154410B163689D4282
:105580000BD9691C00F07AFA0028E9D0A268C4E9B6
:10559000000512B902702068A2683146104405F077
:1055A000F2F9A560DAE700BF70B5044631B10846EC
:1055B0000D4605F0F0F958B9204670BD206808B1D5
:1055C00000F046FA00232360C4E90133204670BD91
:1055D000A2682368861813B161688E420DD91846F7
:1055E000711C00F04BFA03460028E7D0A268C4E91A
:1055F000000612B902702368A2682946981805F0BF
:10560000C2F9A660D8E700BF08B58A6883689342EC
:1056100001D0002008BD0068096848B129B105F033
:10562000A8F9B0FA80F0400908BD1BB10078F8E78E
:1056300001B10BB9012008BD08784042F1E700BF75
:10564000826808B52AB989B10878B0FA80F04009B3
:1056500008BD006829B105F08CF9B0FA80F0400966
:1056600008BD0078B0FA80F0400908BD012008BDEF
:1056700008B58A688368934209D3006830B1096825
:1056800039B105F090F9B0FA80F0400908BD00206A
:1056900008BD084608BD00BF83688B4203D9006877
:1056A00008B108447047024800230370704700BFE8
:1056B00084B3002083688B4203D9006810B1405C3A
:1056C00070470020704700BF83683BB110B5046885
:1056D000204605F041F920B1001B10BD4FF0FF300E
:1056E00070474FF0FF3010BD8368934207D910B563
:1056F0000468A01805F030F920B1001B10BD4FF070
:10570000FF3070474FF0FF3010BD00BF836843B1DA
:1057100010B504680968204605F06BF920B1001B3C
:1057200010BD4FF0FF3070474FF0FF3010BD00BF8D
:10573000F8B585686DB1036800225F5D5A5506684B
:105740000446304605F041F9775510B12368C01A78
:10575000F8BD4FF0FF30F8BD9A422DE9F8431746E7
:105760001E460446884601D816461F460025C4E951
:105770000055A5602846012100F080F908B3C4E96E
:105780000005A5600570D8F80820B24216D99742E6
:1057900028BF1746D8F800300022DD5DDA55D8F86A
:1057A0000000861916D1206808B100F051F90023D5
:1057B000C4E901332360D8F80030DD552046BDE848
:1057C000F883206808B100F043F900232360C4E99E
:1057D0000133D8E7304605F0DEF88146206810B185
:1057E000636899450BD909F1010100F047F90028D8
:1057F000D9D0A368C4E900090BB903702068C4F8C4
:105800000890314605F0BFF8D5E700BF836899429C
:1058100003D20368816000225A547047002A77D06F
:1058200083688B4274D92DE9F0415C1AA24228BFEB
:105830002246D0F800C09B1A8C185F1A83600CEBCC
:1058400004060CEB01055ED001F1040E7244A6457E
:10585000C8BF8A4261DC0B2F5FD9734213F0030388
:1058600064D0B6462A461EF8018B02F8018B012B44
:105870004FD072786A70022B05F1020206F1020E17
:1058800047D0B278AA70033603354FF0030EE21802
:105890001944A7EB03086244614400234FEA980CC3
:1058A000013352F8044B41F8044B9C45F8D828F0DA
:1058B000030398459E4405EB030206EB03011FD04A
:1058C000F45CEC540EF101039F4219D94B785370EC
:1058D0000EF102039F4213D98B7893700EF10303EC
:1058E0009F420DD9CB78D3700EF104039F4207D9A4
:1058F0000EF1050E0B791371774501D94B79537170
:10590000D0F800C0836800220CF80320BDE8F081C5
:105910007047764615469E46B9E7013E634416F841
:10592000012F05F8012B9D42F9D1E9E79E46AEE72C
:1059300010B5046844B1207830B105F00DF920703D
:1059400014F8010F0028F8D110BD00BF10B504688D
:1059500044B1207830B105F00CF9207014F8010F33
:105960000028F8D110BD00BF2DE9F0410768F7B15C
:105970008468E4B106463D4600E04546287805F1D6
:10598000010804F0E5F80028F7D1013C3C4402E0AE
:10599000A54205D8013C207804F0DAF80028F7D1B8
:1059A000621C521BAF42B26003D30023BB54BDE85C
:1059B000F0813846294604F007F93768B268F4E701
:1059C000006808B104F068B8704700BFFEE700BF88
:1059D00008B501F077FA4FF47A72A0FB0223900A1F
:1059E00040EA835008BD00BF014638B54FF47A72D3
:1059F00000238002890D03F0B1FE054601F062FA32
:105A00000446F0F765FC01F05DFA001B854200D802
:105A100038BD281ABDE8384001F078BB10B50446FF
:105A200001F0CEFD022804D02046BDE8104004F06D
:105A3000A9B801F03FFA204604F0A4F8044601F0AA
:105A4000DFFA0CB1204610BD03F006F8FAE700BFFC
:105A500010B5044601F0B4FD02280AD144B101F0AA
:105A600029FA204604F096F8BDE8104001F0C8BAC3
:105A700010BD2046BDE8104004F08CB838B504468F
:105A80000D4601F09DFD022805D029462046BDE8BF
:105A9000384004F015BF01F00DFA2046294604F005
:105AA0000FFF044601F0ACFA0CB1204638BD02F0FD
:105AB000D3FFFAE710B5044601F0FCF9204604F0E4
:105AC00061F8044601F09CFA0CB1204610BD02F0CA
:105AD000C3FF204610BD00BF50B110B5044601F011
:105AE000E9F9204604F056F8BDE8104001F088BA04
:105AF000704700BF38B51C469DF8105043B30029CD
:105B000008BF1A460123C4E90F01226084F8463019
:105B100002F020F8D4E90F132268A26001FB03F120
:105B2000CB1A134400200A44FF21A063E36084F8E9
:105B30004410626084F8451004F1100003F0ECF9A1
:105B400004F1240003F0E8F902F00EF884F84C5058
:105B5000204638BDF8B5074615460E4669B100FB2C
:105B600001F05030FFF7A6FF044690B3002200F189
:105B7000500380F84620036007E05020FFF79AFFAB
:105B8000044630B384F846602460C4E90F7601F01F
:105B9000E1FFD4E90F132268A26001FB03F1CB1AE5
:105BA000134400200A44FF21A063E36084F84410FA
:105BB000626084F8451004F1100003F0ADF904F1BF
:105BC000240003F0A9F901F0CFFF84F84C502046DF
:105BD000F8BD00242046F8BD2DE9F04F044685B0FD
:105BE0001D460192884601F0B5FFA26BE36BA84FFA
:105BF0004FF000099A424E46C0F08B80022D00F013
:105C000006810198002800F03081B9F1000F00F002
:105C1000958001F0A9FF01F04DF901F09BFF94F888
:105C20004430FF2B08BF84F8446094F84530FF2BC4
:105C300008BF84F8456001F097FF01A902A801F0B0
:105C400067FC002840F0188101F084FFA26BE36B31
:105C50009A4277D001F088FF01F07CFF94F845303C
:105C60004FFA83FABAF1000F1ADD636AC3B104F187
:105C7000240907E00AF1FF33DBB24FFA83FA7BB164
:105C8000636A6BB1484601F0E9FB0028F2D001F0ED
:105C900077FC0AF1FF33DBB24FFA83FA002BEFD126
:105CA000FF2384F8453001F05FFF01F053FF94F8C3
:105CB00044304FFA83FABAF1000F1ADD2369C3B1F9
:105CC00004F1100907E00AF1FF33DBB24FFA83FA5F
:105CD0007BB123696BB1484601F0C0FB0028F2D0CC
:105CE00001F04EFC0AF1FF33DBB24FFA83FA002BCE
:105CF000EFD1FF2384F8443001F036FF01F080F942
:105D000001F028FFA26BE36B9A424FF00109BFF448
:105D100075AF226CA66B002A40F0FC802568013626
:105D2000002D00F01881A663636A002B40F08C8080
:105D300001F01AFF012005B0BDE8F08F02A801F0C4
:105D4000DBFB66E704F1100901F00EFF48460199FC
:105D500001F008FB01F0FEFE94F845A04FFA8AFA24
:105D6000BAF1000F1CDD636AD3B104F1240B08E023
:105D70000AF1FF3A5FFA8AF34FFA83FA83B1636A52
:105D800073B1584601F06AFB0028F1D00AF1FF3ADE
:105D900001F0F6FB5FFA8AF34FFA83FA002BEED19B
:105DA000FF2384F8453001F0DFFE01F0D3FE94F8C4
:105DB00044304FFA83FABAF1000F06DC15E00AF11D
:105DC000FF33DBB24FFA83FA7BB123696BB14846EC
:105DD00001F044FB0028F2D001F0D2FB0AF1FF33BE
:105DE000DBB24FFA83FA002BEFD1FF2384F8443063
:105DF00001F0BAFE01F004F9002881D14FF0805380
:105E00007B6040BFBFF34F8FBFF36F8F78E7226C8B
:105E1000A66B002A82D04146E06803F0D5FE236CD1
:105E2000E26821685B421A448A42E26080F089801D
:105E300062681344E360022D00F083800136A6639C
:105E4000636A002B3FF474AF04F1240001F006FBF9
:105E500000283FF46DAF0E4B4FF080525A6040BFA8
:105E6000BFF34F8FBFF36F8F62E7009001F07CFEAE
:105E7000009805B0BDE8F08F01F06CFE94F8455035
:105E80006DB2002D18DD636AB3B104F1240607E09A
:105E900000ED00E0013DEBB25DB26BB1636A5BB156
:105EA000304601F0DBFA0028F4D0013D01F068FB38
:105EB000EBB25DB2002BF1D1FF2384F8453001F045
:105EC00053FE01F047FE94F844506DB2002D16DDEC
:105ED0002369A3B104F1100605E0013DEBB25DB208
:105EE0006BB123695BB1304601F0B8FA0028F4D0F9
:105EF000013D01F045FBEBB25DB2002BF1D1FF2378
:105F000084F8443001F030FE01F07AF8002005B04A
:105F1000BDE8F08F41465DBBA06803F055FEA36865
:105F2000216C62680B44934206F10106A360FFF402
:105F3000FAAEA663636A2268A260002B3FF4F8AE53
:105F400082E7002E7FF4EFAE0123A363636A002B88
:105F50003FF4EEAE78E7606801F084FBA663636A05
:105F60006560002B7FF470AF00287FF474AFDFE62C
:105F7000E06803F029FE236CE26821685B421A4462
:105F80008A42E260BFF457AF52E700BFF8B50C4653
:105F900079B300250123216081F84630C1E90F352E
:105FA000064601F0D7FDD4E90F322168A56303FB53
:105FB00002F39A1A0A440B44FF27C4E90131E26054
:105FC00084F8447004F1100084F8457002F0A4FFD6
:105FD00004F1240002F0A0FF01F0C6FDC4E9005561
:105FE000E56084F84C602B462A4629462046FFF798
:105FF000F3FD2046F8BD00BF2DE9F0418C4682B08C
:1060000004461746EFF31186402282F31188806B15
:10601000E26B904221D3022B05D0002086F3118839
:1060200002B0BDE8F08194F84550226CD4F8388075
:106030006DB252BB236808F10108002B4FD06B1CD6
:10604000C4F8388037D001356DB284F8455001204E
:1060500086F3118802B0BDE8F08194F84550226CB7
:10606000D4F838806DB2002AE4D073B9A06803F088
:10607000ABFDA368216C62680B44934208F10108F0
:10608000A360DCD32368A360D9E76146E06801938D
:1060900003F09AFD206CE2682168019B40420244B3
:1060A0008A42E26002D262681044E060022B10D0A3
:1060B00008F10108C3E7636A002BC8D004F124008B
:1060C00001F0CCF90028C2D0002FC0D001203860E8
:1060D000A4E7B8F1000F08BF4FF00108AFE7606810
:1060E000019301F0BFFA019B6360A8E738B5EFF3B5
:1060F0001184402383F31188826BC36B93420ED9C2
:1061000090F8453001325BB282635A1C0BD00133E8
:106110005BB280F84530012084F3118838BD00203F
:1061200084F3118838BD436A002BF4D024300D4627
:1061300001F094F90028EED0002DECD00120286069
:10614000EAE700BF2DE9F047044684B08846019293
:1061500001F000FDD4F83890B9F1000F40F09380C1
:10616000019B002B00F00A8102A801F0C5F9B34F92
:106170004E4604F1240501F0F7FC00F09BFE01F00F
:10618000E9FC94F84430FF2B08BF84F8446094F88D
:106190004530FF2B08BF84F8456001F0E5FC01A9FC
:1061A00002A801F0B5F9002840F0878001F0D2FC88
:1061B000A36B002B40F0E88001F0D6FC0199284643
:1061C00001F0D0F801F0C6FC94F845304FFA83F99D
:1061D000B9F1000F06DC15E009F1FF33DBB24FFA2D
:1061E00083F97BB1636A6BB1284601F037F9002867
:1061F000F2D001F0C5F909F1FF33DBB24FFA83F9B0
:10620000002BEFD1FF2384F8453001F0ADFC01F005
:10621000A1FC94F844304FFA83FABAF1000F1ADD6A
:106220002369C3B104F1100907E00AF1FF33DBB2BF
:106230004FFA83FA7BB123696BB1484601F00EF93E
:106240000028F2D001F09CF90AF1FF33DBB24FFADB
:1062500083FA002BEFD1FF2384F8443001F084FC53
:1062600000F0CEFE00287ED14FF080537B6040BF0F
:10627000BFF34F8FBFF36F8F01F06CFCD4F83890F1
:10628000B9F1000F76D0226C52B1E1686368114415
:106290009942E16024BF2168E160404603F094FC2C
:1062A00009F1FF33A3632369002B40F0C98001F09B
:1062B0005BFC012004B0BDE8F08701F04BFC94F8D2
:1062C00045304FFA83F9B9F1000F06DC15E009F10A
:1062D000FF33DBB24FFA83F97BB1636A6BB12846B7
:1062E00001F0BCF80028F2D001F04AF909F1FF33BF
:1062F000DBB24FFA83F9002BEFD1FF2384F845304E
:1063000001F032FC01F026FC94F844304FFA83FA95
:10631000BAF1000F1ADD2369C3B104F1100907E0D7
:106320000AF1FF33DBB24FFA83FA7BB123696BB119
:10633000484601F093F80028F2D001F021F90AF163
:10634000FF33DBB24FFA83FA002BEFD1FF2384F83F
:10635000443001F009FC00F053FE01F0FBFBA36B9D
:1063600063B101F001FC01F0F5FBD4F83890B9F10C
:10637000000F88D1019B002B7FF4FDAE01F0F4FBF0
:10638000002004B0BDE8F08701F0EEFB01F0E2FB75
:1063900094F845304FFA83F9B9F1000F06DC15E0A7
:1063A00009F1FF33DBB24FFA83F97BB1636A6BB15A
:1063B000284601F053F80028F2D001F0E1F809F185
:1063C000FF33DBB24FFA83F9002BEFD1FF2384F8C0
:1063D000453001F0C9FB01F0BDFB94F844304FFAA1
:1063E00083FABAF1000F1ADD2369C3B104F1100971
:1063F00007E00AF1FF33DBB24FFA83FA7BB123697E
:106400006BB1484601F02AF80028F2D001F0B8F844
:106410000AF1FF33DBB24FFA83FA002BEFD1FF23EF
:1064200084F8443001F0A0FB00F0EAFD01F092FB9B
:10643000D4F83890B9F1000F9CD024E700ED00E0CB
:1064400004F1100001F00AF800283FF430AF054BCA
:106450004FF080525A6040BFBFF34F8FBFF36F8F32
:1064600025E700BF00ED00E02DE9F043044685B0CC
:106470000026019101F06EFBA36BB24FB04635468A
:10648000002B40F0F380019B002B00F05D81B8F100
:10649000000F00F0FC8001F067FB00F00BFD01F045
:1064A00059FB94F84430FF2B08BF84F8445094F80B
:1064B0004530FF2B08BF84F8455001F055FB01A97A
:1064C00002A801F025F800286CD101F043FBA36B72
:1064D000002B40F0E08001F047FB2368002B00F028
:1064E0003C8104F124094846019900F03BFF01F08A
:1064F00031FB94F845304FFA83F8B8F1000F06DC11
:1065000015E008F1FF33DBB24FFA83F87BB1636A21
:106510006BB1484600F0A2FF0028F2D001F030F83D
:1065200008F1FF33DBB24FFA83F8002BEFD1FF23E2
:1065300084F8453001F018FB01F00CFB94F844306E
:106540004FFA83F8B8F1000F1ADD2369C3B104F1E3
:10655000100907E008F1FF33DBB24FFA83F87BB193
:1065600023696BB1484600F079FF0028F2D001F0B2
:1065700007F808F1FF33DBB24FFA83F8002BEFD1B5
:10658000FF2384F8443001F0EFFA00F039FD0028D1
:1065900064D14FF080537B6040BFBFF34F8FBFF398
:1065A0006F8F5BE001F0D6FA94F845304FFA83F82C
:1065B000B8F1000F1ADD636AC3B104F1240907E0E2
:1065C00008F1FF33DBB24FFA83F87BB1636A6BB13A
:1065D000484600F043FF0028F2D000F0D1FF08F158
:1065E000FF33DBB24FFA83F8002BEFD1FF2384F89F
:1065F000453001F0B9FA01F0ADFA94F844304FFAA1
:1066000083F8B8F1000F1ADD2369C3B104F1100952
:1066100007E008F1FF33DBB24FFA83F87BB123695F
:106620006BB1484600F01AFF0028F2D000F0A8FF36
:1066300008F1FF33DBB24FFA83F8002BEFD1FF23D1
:1066400084F8443001F090FA00F0DAFC01F082FAAC
:10665000A36B002B00F08A8001F086FA01F07AFA31
:10666000A36B4FF00108002B3FF40DAF2268013BF4
:10667000A363002A00F09E802369002B40F08980EC
:1066800001F072FA0126304605B0BDE8F08302A899
:1066900000F032FFFFE601F067FA01F05BFA94F8D0
:1066A00045304FFA83F8B8F1000F1ADD636AC3B1C1
:1066B00004F1240907E008F1FF33DBB24FFA83F855
:1066C0007BB1636A6BB1484600F0C8FE0028F2D087
:1066D00000F056FF08F1FF33DBB24FFA83F8002BCE
:1066E000EFD1FF2384F8453001F03EFA01F032FA91
:1066F00094F844304FFA83F8B8F1000F1ADD23699B
:10670000C3B104F1100907E008F1FF33DBB24FFA1F
:1067100083F87BB123696BB1484600F09FFE0028E7
:10672000F2D000F02DFF08F1FF33DBB24FFA83F80F
:10673000002BEFD1FF2384F8443001F015FA00F06C
:106740005FFC8BE700ED00E0009301F00DFA009B89
:106750001E46304605B0BDE8F08301F0FBF96068E5
:1067600000F03EFF064601F0FFF9BAE601F0FCF941
:10677000002E88D001F0EEF9616A19B1236B196817
:10678000C1F10501606800F099FF002601F0ECF905
:1067900079E704F1100000F061FE00283FF470AFCB
:1067A000064B4FF080525A6040BFBFF34F8FBFF38C
:1067B0006F8F65E700F0B8FF60605DE700ED00E017
:1067C00010B5044601F0C6F9A46B01F0CDF92046DE
:1067D00010BD00BF104B5A68904208D0DA68904252
:1067E00008BF012204D090F8463093B170470022D0
:1067F000002110B403EBC20443F8321090F8463085
:10680000616013B15DF8044B70475DF8044BFFF70E
:1068100063B9FFF761B900BFCCBD0020074B1A6810
:106820001AB19A6802B17047012210B403EBC20496
:1068300043F8321060605DF8044B7047CCBD002017
:1068400070B505460C46164601F084F995F84430BB
:10685000FF2B04BF002385F8443095F84530FF2B0B
:1068600004BF002385F8453001F07EF9AB6B2BB9EE
:106870003246214605F1240000F0B0FD01F06AF92E
:1068800095F8454064B2002C16DD6B6AA3B105F1A2
:10689000240605E0013CE3B25CB26BB16B6A5BB10C
:1068A000304600F0DBFD0028F4D0013C00F068FE2B
:1068B000E3B25CB2002BF1D1FF2385F8453001F043
:1068C00053F901F047F995F8444064B2002C16DD05
:1068D0002B69A3B105F1100605E0013CE3B25CB2FF
:1068E0006BB12B695BB1304600F0B8FD0028F4D0E5
:1068F000013C00F045FEE3B25CB2002BF1D1FF2376
:1069000085F84430BDE8704001F02EB92DE9F04122
:10691000044601F01FF9344A344D13680133136003
:106920002B68002B2FD0324EE36A32682AB33148ED
:10693000314907680A689F4238BF03602F48013217
:1069400003EB83030A6000EB8300E263211D02F086
:10695000F3FA01F009F933686BB12A68E36AD26A85
:106960009A4208D2264B4FF080525A6040BFBFF384
:106970004F8FBFF36F8FBDE8F0812A68D26A9A42C9
:1069800098BF2C60D3E72C601368012B02D0E36A18
:10699000174ECCE71948DFF894801A4F144E02F0D6
:1069A000BBFA194802F0B8FA184802F0B5FA1848CC
:1069B00002F0B2FA174802F0AFFA404602F0ACFA21
:1069C000384602F0A9FA144802F0A6FA134802F079
:1069D000A3FA134802F0A0FA124B134AC2F800803F
:1069E0001F60E36AA3E700BFF8B3002088B300206C
:1069F00058B400200CB4002008B4002094B3002048
:106A000000ED00E024B40020A8B30020BCB30020B7
:106A1000D0B30020E4B3002044B4002070B40020C0
:106A20005CB4002090B300208CB3002010B4002090
:106A30002DE9F843DDE90964002C60D016B9304631
:106A4000BDE8F8830D469700984602233A4684F83D
:106A50005130814626633046A52103F0D9F82A78C3
:106A6000236B84F83420043F2A781F4427F007075B
:106A700002B36B7884F835306B78DBB1AB7884F88F
:106A80003630AB78B3B1EB7884F83730EB788BB134
:106A90002B7984F838302B7963B16B7984F83930ED
:106AA0006B793BB1AB7984F83A30AB7913B1EB79C0
:106AB00084F83B30089D042D28BF04250026E5629C
:106AC0006564201D84F83B60A66402F031FAC5F1CC
:106AD000050504F1180002F02BFAE6644246494627
:106AE000A561246184F850606462384600F0F6FFC6
:106AF00020602046FFF70AFF2046BDE8F8832046C5
:106B0000BDE8F8832DE9F0479600804630460D46F3
:106B10009946099FFEF7CEFF002869D0824654208F
:106B2000FEF7C8FF044600285BD00023C0F830A061
:106B30003246504684F85130A52103F069F82A788E
:106B4000236B84F83420043E2A781E4426F0070A7A
:106B500002B36B7884F835306B78DBB1AB7884F8AE
:106B60003630AB78B3B1EB7884F83730EB788BB153
:106B70002B7984F838302B7963B16B7984F839300C
:106B80006B793BB1AB7984F83A30AB7913B1EB79DF
:106B900084F83B30089D042D28BF04250026E562BB
:106BA0006564201D84F83B60A66402F0C1F9C5F15C
:106BB000050504F1180002F0BBF9E664A561246143
:106BC00084F8506064624A464146504600F086FFB1
:106BD000206007B13C602046FFF798FE0120BDE829
:106BE000F0875046FEF778FF4FF0FF30BDE8F087A2
:106BF0004FF0FF30F3E700BF70B504464C4E00F095
:106C0000A9FF002C39D0251D284602F0BFF9A36A40
:106C10001BB104F1180002F0B9F929464548464D68
:106C200002F08AF994F85030012B04BF002384F855
:106C3000503000F099FF2B6893B93368A34200D01D
:106C400070BD2B68DBB93B493C4A09681268914228
:106C500026D03B4B1B682BB33A4B01221A6070BD08
:106C600000F078FF384B1A68126892B9374B4FF032
:106C7000FF321A6000F078FFDFE73468C3E7344B77
:106C80004FF080525A6040BFBFF34F8FBFF36F8FFA
:106C900070BD1A682D4BD268D26852681A60E9E755
:106CA000336070BD274A13603268336812681B6B0B
:106CB0009A4236D9274C28492268930098188000B8
:106CC0000858E0B9551EAB0058198000085830BB71
:106CD000951EAB0058198000085800BBD51EAB00AC
:106CE000581980000858D0B9151FAB0058198000FA
:106CF0000858A0B9053A9300981880000858134422
:106D00009B00CD1808336868406868600B4498425F
:106D100004BF40686860C3683360226070BD2A4663
:106D2000EDE730683168343101F094FEC2E700BF0E
:106D300088B300205CB4002058B40020F8B30020D1
:106D400004B4002088B400208CB300203CB40020A0
:106D500000ED00E00CB4002094B3002080B170B5C9
:106D60001B4D2B6883420AD0044600F0F3FE194BFA
:106D700062699A4205D0BDE8704000F0F5BE70BD72
:106D80007047A36A144A9342F5D0002BF3D1261D15
:106D9000304602F0FBF8114AE36A116810488B4252
:106DA00088BF136003EB830300EB8300314602F0DE
:106DB000C3F82B68E26ADB6A9A42DCD3094B4FF0D6
:106DC00080525A6040BFBFF34F8FBFF36F8FD2E73F
:106DD00088B300205CB4002044B400200CB4002030
:106DE00094B3002000ED00E070B584B0002503AA44
:106DF00002A901A8CDE9015501F030FE019C002C4B
:106E000046D00298002843D0039E20630223B60098
:106E1000A521324684F8513002F0FAFE236B1F4A56
:106E20006263201D84F83850043E84F83B50E562CC
:106E3000C4E911551E4402F07BF804F1180002F079
:106E400077F826F007060523A3612A461449E5646E
:106E500030462461646284F8505000F03FFE2060A8
:106E60002046FFF753FD0F4B1C6000F0DBFD0128AF
:106E700011D1402383F311880B490C4A0C4B4FF07E
:106E8000FF340C6010601D6000F03EFE04B070BD69
:106E9000044B00221A6004B070BD00BF49444C4549
:106EA0009171030038B400203CB4002058B4002095
:106EB00084B40020024A136801331360704700BF96
:106EC00004B40020014B1868704700BF84B4002050
:106ED000024A136818441060704700BF84B4002051
:106EE0002DE9F04F3B4B1B6883B0002B42D13A4B4E
:106EF0001F6801371F60002F4AD0384B01931B6871
:106F0000BB423BD8364EDFF8EC80DFF8ECA0DFF870
:106F1000EC90002525E03368DB68DC68636804F1E9
:106F2000040B9F42584651D302F030F8A36A04F193
:106F300018000BB102F02AF8E36AD8F8002003EB3E
:106F40008300934259460AEB800088BFC8F800309E
:106F500001F0F2FFD9F80030E26ADB6A9A4228BFFA
:106F6000012533681B68002BD5D1019A4FF0FF3300
:106F7000136004E01B4A13680133136000251A4BA9
:106F80001B68002B0CBF2846012003B0BDE8F08F22
:106F9000134E164B3168164A186830601960136832
:106FA0000133136033681B683BB90C4B01931A46DD
:106FB0004FF0FF3313601346A1E73368074ADB68DD
:106FC0000192DB685B681360134698E7019A1360CF
:106FD000D5E700BF04B4002084B400203CB40020F6
:106FE0008CB3002000B4002088B4002090B30020AF
:106FF00040B400200CB4002094B3002088B30020DB
:107000002DE9F04700F0A6FD354B1A68013A1A60E9
:107010001C68002C57D1334B1B68002B53D0DFF872
:10702000E0A0314E314FDFF8DC90DFF8DC803368D0
:1070300013B3F368DC68251D04F1180001F0A6FF06
:10704000284601F0A3FFE36A3A6803EB830093420A
:10705000294609EB800088BF3B6001F06DFFD8F83E
:107060000030E26ADB6A9A424FF00103DFD3CAF8CC
:1070700000303368002BDCD13CB11D4B1A6812681C
:107080003ABB1C4B4FF0FF321A601B4D2C6844B1C9
:107090000126FFF725FF08B1CAF80060013CF8D1CE
:1070A0002C60DAF8003073B1144B4FF080525A6004
:1070B00040BFBFF34F8FBFF36F8F012400F054FD2B
:1070C0002046BDE8F087002400F04EFD2046BDE8D4
:1070D000F0871A68074BD268D26852681A60D4E702
:1070E00004B40020F8B3002044B400200CB4002005
:1070F0008CB300203CB4002000B4002000ED00E080
:1071000088B4002094B3002088B3002070B548B93B
:10711000184B4FF080525A6040BFBFF34F8FBFF300
:107120006F8F70BD144A15491368154E01331360F3
:107130000D6804463068043001F028FF3368641994
:107140005C600FD20F4B18683168043101F004FF06
:107150000D4B1A68944238BF1C60FFF751FF00289E
:10716000D6D070BD094B18683168043101F0F4FEC7
:10717000F3E700BF00ED00E004B4002084B4002079
:1071800088B300208CB300203CB4002090B30020D2
:107190002DE9F84F3C4E3D4D3D4CDFF80891DFF8AE
:1071A0000881DFF808B14FF0805A2368D3B100F0AE
:1071B000D1FCF368DF68381D01F0E8FE2B68013B65
:1071C0002B602368013B236000F0CEFC97F8513020
:1071D000002B37D0012BE8D13846FEF77DFC236821
:1071E000002BE4D12B4B1B68012B06D9CBF804A054
:1071F00040BFBFF34F8FBFF36F8F00F041FED9F850
:10720000003033BBD8F80030DB6A002BCDD1214BE6
:107210001B68012BC9D8204B204A1B6812689B1A97
:10722000012BC2D91E4A136801331360D9F800300C
:10723000BBB1D8F80030DB6A0BB9164B1B68FFF7FF
:10724000DFFEB2E7386BFEF747FC3846FEF744FC3A
:10725000ABE7D8F80030DB6A002BA6D10D4B1B68DA
:10726000A3E7D8F80030DB6A002BE8D1094B1B6894
:10727000012BE4D8084B1868084B1B68C01A01287A
:10728000DDD900F0DDFCDAE770B40020F8B30020AF
:10729000FCB3002094B300203CB4002084B4002050
:1072A00004B400200CB4002088B3002000ED00E0FE
:1072B000274B1B68002B40D1264A70B5264C136023
:1072C0002268236812681B6B9A423AD9234D2449DD
:1072D0002A689300981880000858E0B9561EB30039
:1072E00098198000085830BB961EB300981980008A
:1072F000085800BBD61EB300981980000858D0B9B2
:10730000161FB300981980000858A0B9053A9300D9
:1073100098188000085813449B00CE1808337068F2
:10732000406870600B44984204BF40687060C36856
:1073300023602A6070BD3246EDE7064B01221A60D9
:10734000704720682168343101F084FBBEE700BF3C
:1073500004B4002088B4002088B300200CB40020BE
:1073600094B3002070B5174D2B680C4603F118013B
:1073700001F0F2FD144B1E682868043001F006FE8F
:10738000631C17D02B68A4195C600BD20F4B1868D4
:107390002968043101F0E0FD0D4B1A68944238BFB2
:1073A0001C6070BD0B4B18682968BDE87040043143
:1073B00001F0D2BD296808480431BDE8704001F0F1
:1073C000BBBD00BF88B3002084B400208CB3002074
:1073D0003CB4002090B300205CB4002070B5194D7F
:1073E0002B680C46164603F1180101F0A5FD164B5B
:1073F0005EB11B682868043001F0C8FD2968134895
:107400000431BDE8704001F097BD1E682868043063
:1074100001F0BCFD2B68A4195C600BD20C4B186802
:107420002968043101F098FD0A4B1A68944238BF6C
:107430001C6070BD084B18682968BDE870400431B5
:1074400001F08ABD88B3002084B400205CB4002021
:107450008CB300203CB4002090B3002038B5C36842
:10746000DC6804F11805284601F090FD1A4B1B68F2
:107470002BBB251D284601F089FD184AE36A1168D7
:1074800017488B4288BF136003EB8303294600EB48
:10749000830001F051FD134BE26A1B68DB6A9A42DC
:1074A00082BF114B01201860104B1A68126898BFF8
:1074B00000204AB90E4B4FF0FF321A6038BD294602
:1074C0000C4801F039FDE6E71A68094BD268D2682A
:1074D00052681A6038BD00BF04B400200CB400200C
:1074E00094B3002088B3002088B400208CB300201F
:1074F0003CB4002044B40020034A044B12681B68CB
:10750000C0E90023704700BF40B4002084B40020CD
:10751000F8B50D46044600F01DFB2B681649581CB3
:107520000A6813D0DFF854C0D4E90060DCF80070BA
:10753000BE4201D090421AD9121A93420BD80023AE
:107540002B60012500F010FB2846F8BD002500F057
:107550000BFB2846F8BDDCF800009B1A0A682B607C
:10756000C4E90002002500F0FFFA2846F8BD012515
:1075700000F0FAFA2846F8BD84B4002040B4002098
:10758000014B01221A60704788B40020084B18682C
:1075900060B9084B1B6853B9074A084B10681B6851
:1075A000013B984214BF0120022070470020704721
:1075B00044B4002088B400205CB40020F8B300205C
:1075C000054B1B6833B1054B1B68002B0CBF022019
:1075D000002070470120704758B4002004B40020F8
:1075E00018B3F8B51C4CC36A2268D26A934214D20D
:1075F0008269002A04DB2268D26AC2F10502826134
:10760000164D426903EB830305EB83039A420DD0C9
:107610002368DB6AC3620120F8BD2368406CDB6A23
:1076200098422CBF00200120F8BD7047061D074678
:10763000304601F0ABFC2268094BD06A1A68F86248
:10764000904200D9186000EB800005EB80003146C5
:1076500001F072FC0120F8BD88B3002094B3002033
:107660000CB4002050B138B5C16A836C426C013B48
:107670009142836400D01BB1002038BD00207047C8
:10768000051D0446284601F081FC0A4A636C116816
:10769000E362C3F105008B42A061074888BF136015
:1076A00003EB830300EB8300294601F045FC012036
:1076B00038BD00BF0CB4002094B3002048B1426C28
:1076C000C36A914238BF11468B4202D0826C012AB4
:1076D00000D07047826970B5114DC162002A03EB7A
:1076E00083034269A8BFC1F1050105EB8303A8BF6D
:1076F00081619A4200D070BD061D0446304601F0FB
:1077000045FC084BE06A1A68904288BF186000EB9D
:10771000800005EB80003146BDE8704001F00CBCF4
:1077200094B300200CB40020044B1A681AB11968F5
:107730008A6C01328A641868704700BF88B30020E1
:107740002DE9F04FAD4EDFF8C482AD4D89B03368FE
:107750001C68002C00F08E80DB681C68FFF7AAFB19
:10776000FFF7B0FBD8F80030984207465DD384425B
:10777000C8F8000040F20B810022E11B2868FFF7E7
:107780005FF8FFF73DFC88B99E4A4FF08053536085
:1077900040BFBFF34F8FBFF36F8F07E0019B03998B
:1077A00020469847009B002B80F2388128680022F1
:1077B0006946FEF7C7FC0028C9D0009B029C002B3D
:1077C000ECDB636913B1201D01F0E0FBFFF77AFBEE
:1077D000D8F800309842814643D3009BC8F8009007
:1077E000092BE3D8012202FA03F313F4047F69D1D1
:1077F00013F0C70F40F0A1809B06D7D594F82C302A
:10780000002BD3D12046FEF767F9CFE7DB68DC68B1
:10781000D3F800A004F10409484601F0B7FB636AFD
:1078200020469847E369012B36D033681A68002A4E
:10783000ECD17549C8F800700A6832600B60FFF738
:10784000DFFBB3E7DB68DF68D3F800B007F1040AB9
:10785000504601F09BFB7B6A38469847FB69012B39
:1078600025D033681A68002AECD167490A6832606B
:107870000B60B2E7FFF71EFBFFF724FBD8F80030E0
:1078800083420746D1D8604BC8F800701B681A685D
:10789000B2FA82F2520970E7A36953449A45494605
:1078A00022D263602461306801F056FBBDE7BB69FA
:1078B0005B449B45514627D27B603F61306801F0B5
:1078C0004BFBCEE7019B246103EB09024A45A36110
:1078D00062602CD8002B3FF469AF4B4B211D186818
:1078E00001F03AFB286862E72B68002B9DD000234B
:1078F000CDE9043A0694FFF763FE00231A4604A973
:107900002868FEF769F990E72B68002BA9D00023BF
:10791000CDE9043B0697FFF753FE00231A4604A95E
:107920002868FEF759F99CE74B4500D998B13068B3
:10793000211D01F011FB286839E7019BA269246130
:1079400099182CBF0120002049456160ECD8A9EBB3
:1079500003039A42C1D8636A20469847E369012B22
:107960007FF424AF019BA2692868134400283FF4E8
:107970001EAF0022CDE904230694FFF721FE002369
:107980001A4604A92868FEF727F928680FE7FFF7C9
:1079900037FB3368DB68D3F80C9009F1040A5046D2
:1079A00001F0F4FAD9F81C30012B04D0D9F82430B6
:1079B00048469847FAE6D9F81830C9F81090E21806
:1079C000BA42C9F8042004D95146306801F0C4FA1B
:1079D000ECE73F1BBB421BD82B68002BE6D00023F3
:1079E000CDE90434CDF81890FFF7EAFD00231A46DC
:1079F00004A92868FEF7F0F8D8E700BF8CB400208F
:107A000010B7002000ED00E090B40020BCB60020CC
:107A1000034B5146186801F09FFAC7E7029CD0E675
:107A200090B40020F0B5204C89B000F093F82568A0
:107A3000FDB100F099F82068C8B1002407AA06A992
:107A400005A8CDE9054401F017F8DDE9053002216C
:107A5000CDE90010079A0293144915482346FEF712
:107A6000E7FF144A0346001B18BF0120136009B04A
:107A7000F0BD114F114E384601F04EFA304601F07C
:107A80004BFA0F4A0F4900950F4B17600E600F4AD3
:107A900010212020FEF72EF820600028C9D00C49C4
:107AA000FEF7BCFEC5E700BF10B70020F0E2030000
:107AB0004177030014B7002094B60020A8B6002038
:107AC0008CB4002090B40020C0B6002094B40020F4
:107AD000E8E20300402383F31188FEE730B46FF03F
:107AE00002034FF08075074C40F8045C40F80C4CE2
:107AF00040F8081C40F8202C40F8243C30BC4438A6
:107B0000704700BFD57A03000F4C08B5E02384F816
:107B1000223000F077F80D4B0D4A00211960D4F89F
:107B2000883043F47003C4F88830536843F040430E
:107B30005360236943F01003236100F04FF94023A1
:107B400083F31188FEE700BF00ED00E018B70020C6
:107B500030EF00E0402383F31188024A13680133B9
:107B60001360704718B70020034A1368013B136085
:107B70000BB983F31188704718B7002041DF7047B5
:107B800012DF704770B51B4B00251D6082B01B686B
:107B90000193019BEFF31186402383F31188164A6A
:107BA000164BD2F804451D601B680093009BFFF73D
:107BB00089F9241A24F07F44012C0DD844B1FFF731
:107BC0008FF9054625B10E4B4FF080525A6040BFE9
:107BD00086F3118802B070BDFFF7F2FC0228EED1E7
:107BE000013CFFF77DF9013C631C45EA0005F8D133
:107BF000E8E700BF401101400010014000110140C2
:107C000000ED00E00B4B0C4930B41F200B4DC3F8C6
:107C1000080501220224E020C3F804232A601A6028
:107C2000C3F8444381F811034FF400330B6030BCB8
:107C3000704700BF0010014000E100E00810014063
:107C40002DE9F041804684B0EFF3108272B6584CB3
:107C5000A36883B9574B58480121A160D3F880101D
:107C600001402160C3F88000D3F8841061604FF0B8
:107C7000FF31C3F8841002B962B6504ED6F80475CD
:107C8000FFF784FC00283DD04D4A4E49424528BFAD
:107C90004246BB1823F07F4301200025C6F80803A5
:107CA000C6F840350D600B6801934FF4803301999D
:107CB000C6F80433BFF34F8FB8F1000F54D13F4BD8
:107CC000404D41494FF48030C3F80803002028603C
:107CD0002D680395039D08600968029101210298AF
:107CE000C3F80413D3F804353249DB1B23F07F4576
:107CF000954228BF15464FF40033012DC1F880315D
:107D000011D827D0A3685BB1EFF3108372B6294A6C
:107D100021681160616851600022A26003B962B6F7
:107D200004B0BDE8F081681EFFF7D2F8274BDB688E
:107D3000DA010FD5264A1368DB070BD5254B5168AE
:107D400003FB05F5A5F57425A5F51075AD0A01EB46
:107D500085155560FFF7C4F80028D3D01E4B4FF0AF
:107D600080525A6040BFCDE7F1EE103A23F09F03F6
:107D7000E1EE103AF1EE103A0E4B04A84FF4806198
:107D80004026C3F88461C3F8841100F8045DFFF74E
:107D9000F7FE9DF80C1039B920BFD3F80001D3F8D5
:107DA00004110143F8D08AE7FFF7E8FE87E700BF38
:107DB000E0BD002000E100E0FC06FFBD0010014036
:107DC000FDFFFF004011014000110140F0ED00E017
:107DD000001000E040420F0000ED00E0074800689E
:107DE00080F3088862B661B6BFF34F8FBFF36F8F21
:107DF0004FF0E00080F3118800DF00BF0060020058
:107E0000064B19680868B0E8F04F80F30988BFF3A3
:107E10006F8F4FF0000080F31188704788B3002007
:107E2000EFF30980BFF36F8F144B1A681EF0100F29
:107E300008BF20ED108A20E9F04F10604DF8043D96
:107E40004FF0400080F31188BFF34F8FBFF36F8F67
:107E5000FFF72EFA4FF0000080F3118808BC196874
:107E60000868B0E8F04F1EF0100F08BFB0EC108AA1
:107E700080F30988BFF36F8F704700BF88B300207D
:107E8000704700BF002942D0931E222B3FD8F0B587
:107E90000A2A8BB035D04FF0000E01AF3B4688B1B7
:107EA000B0FBF2F602FB16055FFA85FC092D0CF11A
:107EB000570498BF0CF13004E4B2304603F8014B8C
:107EC0000028EDD1302201E003F8012BBB42FBD0AA
:107ED000BEF1000F11D10D46BB4209D9681E1A46EA
:107EE00012F8014D00F8014FBA42F9D19B1A1D4416
:107EF000002308462B700BB0F0BD2D220A704D1CDC
:107F0000EAE70028C7DA40424FF0010EC5E700203B
:107F1000704700BF79B3931E222B2CD8F0B48AB0DF
:107F200001AF3C4670B1B0FBF2F602FB1605EBB2B6
:107F3000092D94BF30335733DBB2304604F8013B90
:107F40000028F0D1302301E004F8013BBC42FBD013
:107F50000FD94A1E234613F8010D02F8010FBB4248
:107F6000F9D1E41A0C440023084623700AB0F0BC8F
:107F700070470C46F7E70020704700BF79B3931EA7
:107F8000222B2CD8F0B48AB001AF3C4670B1B0FBC4
:107F9000F2F602FB1605EBB2092D94BF30335733CE
:107FA000DBB2304604F8013B0028F0D1302301E079
:107FB00004F8013BBC42FBD00FD94A1E234613F8FC
:107FC000010D02F8010FBB42F9D1E41A0C44002361
:107FD000084623700AB0F0BC70470C46F7E7002053
:107FE000704700BF0A490B4A0B4B9B1A03DD043B49
:107FF000C858D050FBDC094809494FF0AD32026047
:1080000004300439FBD100F037FCEEF721F9000011
:1080100018E60300006000203463002000F803200D
:1080200000080000FEE7FEE7FEE7FEE7FEE7FEE7EA
:10803000FEE7FEE7FEE7FEE708B50020EEF742F9AF
:10804000F8F7DAFD0E4B43B10E4B7BB1F9F716FB97
:1080500000F0F0FCFCF7F0FFF8E7F9F70FFB00F099
:10806000E9FCF9F70BFB00F0E5FCF6E7F9F706FB96
:1080700000F0E0FCF9F702FB00F0DCFCF6E700BFE3
:10808000000000003950030000B583B000F03EFE50
:10809000FCF7DAFA0E4B019301234FF480620D498D
:1080A00000930D480023FEF72DFD4FF4407000F0C3
:1080B000E1FDFEF799FEBFF34F8F0849084BCA68F0
:1080C00002F4E0621343CB60BFF34F8F00BFFDE7C4
:1080D0001CB70020F8E203003980030000ED00E047
:1080E0000400FA0538B507480C461546EEF774FA51
:1080F00000B938BD2A4621460248BDE83840EEF7AF
:1081000043B900BF50630020114B1A78EAB90178D7
:10811000104810B40A464FF0804402F00102C1F347
:108120004001C4F88015C4F878250268D20706D447
:10813000E021012280F80013C0F8802102600122B2
:1081400005481A705DF8044B70470448704700BF3B
:10815000DCBD002000E100E00000AD0B0C00AD0B29
:108160000268074B4FF0804010B400214FF4607458
:10817000C0F80843196002B11A605DF8044B7047FB
:1081800028B700204FF080434FF46072C3F80423F7
:10819000704700BF10B54FF0804386B0D3F804435A
:1081A000620705D5D3F8082103F58473002A4ED160
:1081B000A30603D52A4B1A68002A3FD1600603D5CF
:1081C000284B1A68002A2FD1210602D5264B1A689F
:1081D0000ABBE20502D5254B1A6892B9A3050ED554
:1081E000234B1A685AB100221A601A68214B059273
:1081F000059A1B68022006B0BDE81040184706B07B
:1082000010BD00221A601B4A1B68049301201368EA
:10821000049A9847E2E700201860164A1B68039307
:108220001368039A9847D4E700221A60124A1B6821
:10823000029301201368029A9847C5E7002018604E
:108240000D4A1B6801931368019A9847B6E700220C
:108250001A600A4A1B6800931368009A9847A7E7B8
:1082600014010040180100401C01004020010040A2
:108270002401004028B7002024B7002020B70020A8
:108280002DE9F04F04799D4DE6003719BF0005EB4D
:10829000070E83B09EF81CC0BCF1000F40F0E580D3
:1082A00091F80CC00068EA51CEF80430BCF1010F1F
:1082B0000B7840F2DE801F2B87BF03F01F08DFF82A
:1082C00040E298464FF0A04E012707FA08F7CEF893
:1082D00008751F2B8BBF03F01F071F46DFF820E236
:1082E0004FF0A04E07F5E0774FF001084EF82780D9
:1082F0004F78FF2F00F0E9801F2F8ABF07F01F097A
:10830000B946DFF8FC81009798BF4FF0A04809F507
:10831000E07A4FF0010E0EFA09FE4FF00309C8F89B
:108320000CE548F82A9091F802E0BEF1FF0F00F04A
:10833000D580BEF11F0F91F80EA088BFDFF8C0B145
:10834000CDF804E08EBF0EF01F08F0464FF0A04BB2
:1083500008F5E0784FEA8A0A4BF828A006EB0408F3
:1083600005EB880888F820E091F803E088F81FE022
:10837000BEF1FF0F2AD091F80490F046B9F1000F3A
:1083800040F08680BEF11F0F87BF0EF01F0B5C4FC1
:10839000F3464FF0A0474FF0010A0AFA0BFAC7F86C
:1083A00008A5BEF11F0F86BF0EF01F08DFF850A111
:1083B0004FF0A04A08F5E07806EB040E4FF0030BEF
:1083C00005EB8E0E4AF828B08EF81E9091F80DE05D
:1083D000C0F80835009BD1F80880C0F80C351EF1B4
:1083E000000318BF0123019FC0F81075BCF1020FF4
:1083F000C0F824857FD0BCF1030F79D0BCF1010F08
:1084000056D0C0F854358B79C0F8C035002A58D002
:1084100040220723C0F80423C0F800354A79000B36
:1084200043B25201002BD1B2C0B25BDB5A099200B9
:1084300002F1604203F16043012702F5614203F556
:10844000614300F01F0007FA00F083F80013C2F840
:1084500080011060344405EB84052A480022012382
:108460006A772B7703B0BDE8F08F274803B0BDE8EB
:10847000F08F1F2B87BF03F01F08DFF884E09846BA
:108480004FF0A04E012707FA08F7CEF80C7520E749
:10849000BEF11F0F87BF0EF01F0B194FF3464FF0B1
:1084A000A0474FF0010A0AFA0BFAC7F80CA578E7C3
:1084B00043F00203C0F854358B79C0F8C035002A68
:1084C000A6D10723C0F80035C4E791F802E04FF0C9
:1084D000FF37BEF1FF0F00977FF42BAF4FF0FF3750
:1084E00001973BE7094B00F00F0003441976B1E711
:1084F00043F0060385E743F0040382E72CB700202E
:10850000000300500000AD0B0500AD0BFCEC00E0DB
:10851000F0B40479294A0368E1000D19AD005659F9
:10852000EEB11F0B7EB2002E11DB7609203601233F
:10853000DFF89CC007F01F0703FA07F74CF8267016
:10854000BFF34F8FBFF36F8F555903683DB10819C3
:1085500002EB80001A4DC3F80853407F10BB081986
:1085600002EB800090F82000FF280BD01F288ABF64
:1085700000F01F004FF0A045124D00F5E0700226FC
:1085800045F82060104800258342C3F8005502D109
:108590000E4B01201860214402EB81020023137767
:1085A000F0BC704701205861D3F804010028FBD0CB
:1085B000081902EB800000254577D0E72CB7002092
:1085C000520108000003005000F0024004F0024095
:1085D00000E100E02DE9F04F0479644F4FEAC40C4C
:1085E0000CEB04039B008646F8180E46417F83B0CF
:1085F000002940F0918057F803909046B9F1000FA0
:1086000004D012F0140F04BF012343770CEB0405D0
:1086100007EB850596E80F0095F81FA005F10C0BF8
:10862000BAF1FF0F8BE80F0010D0AA7F5346002A43
:1086300076D0BAF11F0F86BF0AF01F034C494FF0E6
:10864000A041012202FA03F3C1F8083532686AB189
:1086500002F06043B3F1005F08D0644407EB840785
:10866000002344487B7703B0BDE8F08FB16821B1A7
:1086700001F06043B3F1005FEFD1DEF800307568C0
:10868000F068C3F844250022C3F84855C3F83415F0
:10869000C3F83805C3F81821D3F818210192019ABC
:1086A00018F0010218BF0122C3F8502518F0020289
:1086B00018BF012218F0080FC3F8402504BF01229B
:1086C0001A61B9F1000F0BD02B48402218F0040FAB
:1086D00014BFC3F80823C3F8042303B0BDE8F08F28
:1086E000D3F81821002AFBD0BAF1FF0F2CD0644434
:1086F00007EB8407BB7F4BB3BAF11F0F84BF0AF0AF
:108700001F0A1B4A1C4898BF4FF0A042012303FADE
:108710000AF3C2F80C35A6E7184803B0BDE8F08F9D
:10872000BAF11F0F4FF0010288BF0AF01F0302FACF
:1087300003F388BF0E49326898BF4FF0A041C1F8DB
:108740000C35002A84D191E70B488CE7BAF11F0F52
:1087500084BF0AF01F0A064A074898BF4FF0A0429C
:10876000012303FA0AF3C2F808357CE72CB700208E
:10877000000300500A00AD0B0000AD0B0B00AD0B69
:10878000194BD3F8182102B970470021174AC3F8D2
:108790001811D3F81811D37F82B0FF2B01910199E2
:1087A0000DD0917F99B11F2B86BF03F01F03104896
:1087B0004FF0A040012101FA03F3C0F80C3500236B
:1087C00053771372D2E900310A4802B018471F2BC1
:1087D00086BF03F01F0306484FF0A040012101FAB5
:1087E00003F3C0F80835EAE7003002402CB7002058
:1087F0000003005034B700201B4BD3F8182102B9F6
:1088000070470021194AC3F81811D3F8181192F8CB
:10881000433082B0FF2B019101990ED092F84210A3
:10882000A9B11F2B86BF03F01F0311484FF0A040D2
:10883000012101FA03F3C0F80C35002382F841301E
:1088400082F82C30D2E909310A4802B018471F2BB0
:1088500086BF03F01F0306484FF0A040012101FA34
:1088600003F3C0F80835E8E700F002402CB7002019
:108870000003005058B70020604B1B6830B45C1CEC
:1088800037D05F4A082B126800F08F805B4B5C4A40
:108890001B681268082B15D0591C23D0584A12683F
:1088A000082B12D0574AD2F8883043F47003C2F82C
:1088B0008830BFF34F8FBFF36F8F534B534A1A600B
:1088C00030BC7047002A00F08280032AEAD84FF0BB
:1088D0008043D3F80024D20744BF6FF00102C3F8ED
:1088E0000024DFE74A4A4B4B12681B78C2F303129D
:1088F000D6E7484A464B12781B68082AC3F303138D
:1089000001D1032B53D9424A424B12681B78C2F360
:108910000312082BBAD1032AB8D84FF080523E4B2D
:10892000D2F80414C3F82015D2F80814C3F824159B
:10893000D2F80C14C3F82815D2F81014C3F82C156B
:10894000D2F81414C3F83015D2F81814C3F834153B
:10895000D2F81C14C3F84015D2F82014C3F84415FB
:10896000D2F82414C3F84815D2F82814C3F84C15CB
:10897000D2F82C14C3F85015D2F83014C3F854159B
:10898000D2F83414C3F86015D2F83814C3F864155B
:10899000D2F83C14C3F86815D2F84014C3F86C152B
:1089A000D2F84424C3F8702570E7032A0CD8134B7F
:1089B0001B684FF080420021581CC2F80C11C2F80D
:1089C0001011C2F838159ED00D4A1268A1E7134C59
:1089D0001349144D25601448144AFB24C1F8184566
:1089E00001681268124C21F00F0102F00F020A43D5
:1089F0004FF400710260216050E700BF30010010A9
:108A00003401001000ED00E0406100200090D00330
:108A1000E80F00F0E00F00F000C000408C5600406E
:108A200000F0004048810300E40E004058020010AE
:108A30004096024008B5EDF74BFC054B4FF08052D5
:108A40005A6040BFBFF34F8FBFF36F8F08BD00BFA9
:108A500000ED00E0704700BF704700BF044B0360AB
:108A600010B46423034C0C6013605DF8044B704732
:108A700074B70020C8B70020054B036010B44FF452
:108A80008073044C0C6013605DF8044B704700BFAA
:108A900058B90020ACB9002070B51F4C84B04FF01D
:108AA000FF3203A92068FDF74DFB0028F7D003989B
:108AB000037A4568052B0DD8DFE803F0272A221C2E
:108AC0001503D0E90361D0E90523C0690090304661
:108AD000A847039803681BB11846FCF7B9FF039831
:108AE000FCF7B6FFDBE7D0E90523D0E90301A8478F
:108AF0000398EFE7D0E90412C068A8470398E9E7B4
:108B0000D0E90301A8470398E4E7A8470398E1E701
:108B1000C068A8470398DDE7B0BD00202DE9F04309
:108B20002D4B2E4C5B6885B0C3F30803019001AF59
:108B30002068002B44D0002339461A46FDF75CFA22
:108B400001283AD0DFF89880D8F8000000224000D1
:108B50000421FCF7FFFF064678B3DFF88890D9F8C8
:108B60000000FEF749F8FEF7F5FF02E03046FDF79A
:108B700033F8002203A92068FDF7E4FA0023054634
:108B8000642203A90028F1D12068FDF723FE2660A6
:108B9000FEF7EAFFD9F80000FEF7E0F8D8F8003059
:108BA0000D4A20685B00C8F800305368C3F308031F
:108BB000394653B96422FDF70FF805B0BDE8F083DC
:108BC00039466422FDF708F8BAE72B462A46FDF736
:108BD00013FA05B0BDE8F08300ED00E0B0BD002061
:108BE000ACBD0020B4BD00202DE9F8439DF8205015
:108BF00006460F4691469846CDB1A8000C30FCF7CA
:108C00000DFF044688B10023C0F80490057203608C
:108C100006B177B92DB1AA00414604F10C0000F06D
:108C2000D3FF2046FFF77AFF0120BDE8F88310202C
:108C3000E5E73846FCF7F2FE81462060A0B13A46EF
:108C4000314600F0C1FF002DEBD0691EC9B208EB20
:108C50008101A8F1040353F8042FB24208BFC3F8FE
:108C600000909942F7D1D6E72046FCF7F1FE48463E
:108C7000DBE700BF30B540230B4D83B00446002234
:108C8000184604212B60FCF765FF084B0849186063
:108C90000223CDE90031A2B2002306490648FDF7C0
:108CA00031FF03B030BD00BFACBD0020B0BD00201F
:108CB000B4BD002000E30300998A030011DF704770
:108CC00008B50446FFF7FAFF0D4B4FF080414FF017
:108CD000FF32C3F88020C3F88021C3F88420C3F892
:108CE0008421C1F81C45BFF34F8F0649064BCA6863
:108CF00002F4E0621343CB60BFF34F8F00BFFDE788
:108D000000E100E000ED00E00400FA054FF08043D0
:108D1000194AD3F80014194830B41160D3F800543C
:108D2000D3F80024164C17492A43C3F80024D4F87A
:108D300040250260002401224FF40030C3F818459A
:108D40009A60C1F88000BFF34F8FBFF36F8F0E4C56
:108D500003F588334FF0A0454FF480304FF0FF31DA
:108D6000C3F84803C3F808035A609A60C5F80815A9
:108D7000C4F8081530BC7047B8BD0020BCBD002049
:108D800000A0004000E100E00003005008B54E20C4
:108D9000FFF796FF16281BD83C4B53F820301F2BAB
:108DA00086BF03F01F033A4A4FF0A0420E290FD8A6
:108DB000DFE801F0655F59534D474039322B241DE0
:108DC000160F080003F5E07340F2037142F8231018
:108DD000704703F5E07340F2036142F823107047D7
:108DE00003F5E07340F2035142F82310704703F596
:108DF000E07340F2034142F82310704703F5E0733B
:108E000040F2033142F82310704703F5E07340F25B
:108E1000032142F82310704703F5E07340F2031179
:108E200042F82310704703F5E0734FF4403142F8E5
:108E30002310704703F5E0734FF4003142F823101C
:108E4000704703F5E073134942F82310704703F5A8
:108E5000E073114942F82310704703F5E0730421D1
:108E600042F82310704703F5E0730C2142F82310F9
:108E7000704703F5E073032142F82310704703F5B0
:108E8000E073002142F82310704700BF54E2030052
:108E900000030050040002000C000300162811D843
:108EA0000A4B53F820301F2B88BF03F01F034FF0ED
:108EB00001028CBF06484FF0A04002FA03F311B143
:108EC000C0F808357047C0F80C35704754E203000D
:108ED00000030050162818D80D4B53F820201F2AE5
:108EE0008ABF0C494FF0A04102F01F02D1F81405CF
:108EF00001239340034214BFD1F80425D1F8102573
:108F0000134214BF0120002070470020704700BFAB
:108F100054E203000003005000F108034FF0FF315A
:108F20000022816002604360C0E90333704700BFE4
:108F300000230361704700BF4368026810B49C6857
:108F40008C609C684B600132616099605DF8044BF5
:108F500008610260704700BF30B40D686B1C11D00F
:108F600000F1080200E01A4653681C68AC42FAD9C6
:108F700004684B60013499608A6051600861046044
:108F800030BC704702695368F2E700BF42688168ED
:108F9000036910B4916081685C684A601A68844211
:108FA00008BF5960013A002101611A6018685DF834
:108FB000044B70470B460146184600F071BD000097
:108FC00081F0004102E000BF83F0004330B54FEA7A
:108FD00041044FEA430594EA050F08BF90EA020FE7
:108FE0001FBF54EA000C55EA020C7FEA645C7FEA7A
:108FF000655C00F0E2804FEA5454D4EB5555B8BF9D
:109000006D420CDD2C4480EA020281EA030382EA0D
:10901000000083EA010180EA020281EA0303362D9F
:1090200088BF30BD11F0004F4FEA01314FF4801C72
:109030004CEA113102D0404261EB410113F0004F84
:109040004FEA03334CEA133302D0524263EB43033B
:1090500094EA050F00F0A780A4F10104D5F1200ED9
:109060000DDB02FA0EFC22FA05F2801841F1000134
:1090700003FA0EF2801843FA05F359410EE0A5F108
:1090800020050EF1200E012A03FA0EFC28BF4CF039
:10909000020C43FA05F3C01851EBE37101F00045EF
:1090A00007D54FF0000EDCF1000C7EEB00006EEBFC
:1090B0000101B1F5801F1BD3B1F5001F0CD3490886
:1090C0005FEA30004FEA3C0C04F101044FEA4452DD
:1090D00012F5800F80F09A80BCF1004F08BF5FEA64
:1090E000500C50F1000041EB045141EA050130BD44
:1090F0005FEA4C0C404141EB010111F4801FA4F1E7
:109100000104E9D191F0000F04BF01460020B1FA3B
:1091100081F308BF2033A3F10B03B3F120020CDA73
:109120000C3208DD02F1140CC2F10C0201FA0CF051
:1091300021FA02F10CE002F11402D8BFC2F1200CB6
:1091400001FA02F120FA0CFCDCBF41EA0C0190406C
:10915000E41AA2BF01EB0451294330BD6FEA0404B5
:109160001F3C1CDA0C340EDC04F11404C4F12002A0
:1091700020FA04F001FA02F340EA030021FA04F3B2
:1091800045EA030130BDC4F10C04C4F1200220FA09
:1091900002F001FA04F340EA0300294630BD21FA47
:1091A00004F0294630BD94F0000F83F4801306BF0D
:1091B00081F480110134013D4EE77FEA645C18BF01
:1091C0007FEA655C29D094EA050F08BF90EA020F98
:1091D00005D054EA000C04BF1946104630BD91EA90
:1091E000030F1EBF0021002030BD5FEA545C05D193
:1091F0004000494128BF41F0004130BD14F58004D2
:109200003CBF01F5801130BD01F0004545F0FE4145
:1092100041F470014FF0000030BD7FEA645C1ABF7A
:10922000194610467FEA655C1CBF0B46024650EAB1
:10923000013406BF52EA033591EA030F41F40021DD
:1092400030BD00BF90F0000F04BF0021704730B563
:109250004FF4806404F132044FF000054FF0000138
:1092600050E700BF90F0000F04BF0021704730B5F9
:109270004FF4806404F1320410F0004548BF4042CE
:109280004FF000013EE700BF42004FEAE2014FEA23
:1092900031014FEA02701FBF12F07F4393F07F4FFE
:1092A00081F06051704732F07F4208BF704793F001
:1092B0007F4F04BF41F40021704730B54FF4607414
:1092C00001F0004521F000411CE700BF50EA010217
:1092D00008BF704730B54FF000050AE050EA0102C0
:1092E00008BF704730B511F0004502D5404261EB30
:1092F00041014FF4806404F132045FEA915C3FF471
:10930000D8AE4FF003025FEADC0C18BF03325FEA0D
:10931000DC0C18BF033202EBDC02C2F1200300FABE
:1093200003FC20FA02F001FA03FE40EA0E0021FAE3
:1093300002F11444BDE600BF70B54FF0FF0C4CF4D1
:10934000E06C1CEA11541DBF1CEA135594EA0C0F83
:1093500095EA0C0F00F0DEF82C4481EA030621EABE
:109360004C5123EA4C5350EA013518BF52EA0335F9
:1093700041F4801143F4801338D0A0FB02CE4FF0AB
:109380000005E1FB02E506F00042E0FB03E54FF0DB
:109390000006E1FB03569CF0000F18BF4EF0010ED3
:1093A000A4F1FF04B6F5007F64F5407404D25FEACF
:1093B0004E0E6D4146EB060642EAC62141EA555182
:1093C0004FEAC52040EA5E504FEACE2EB4F1FD0CC4
:1093D00088BFBCF5E06F1ED8BEF1004F08BF5FEA42
:1093E000500E50F1000041EB045170BD06F00046F4
:1093F00046EA010140EA020081EA0301B4EB5C04A1
:10940000C2BFD4EB0C0541EA045170BD41F4801198
:109410004FF0000E013C00F3AB8014F1360FDEBFBD
:10942000002001F0004170BDC4F10004203C35DA99
:109430000C341BDC04F11404C4F1200500FA05F31C
:1094400020FA04F001FA05F240EA020001F00042BD
:1094500021F0004110EBD37021FA04F642EB060133
:109460005EEA430E08BF20EAD37070BDC4F10C045D
:10947000C4F1200500FA04F320FA05F001FA04F221
:1094800040EA020001F0004110EBD37041F100010D
:109490005EEA430E08BF20EAD37070BDC4F1200518
:1094A00000FA05F24EEA020E20FA04F301FA05F280
:1094B00043EA020321FA04F001F0004121FA04F228
:1094C00020EA020000EBD3705EEA430E08BF20EAF8
:1094D000D37070BD94F0000F0FD101F00046400032
:1094E00041EB010111F4801F08BF013CF7D041EAB4
:1094F000060195F0000F18BF704703F000465200B8
:1095000043EB030313F4801F08BF013DF7D043EA88
:109510000603704794EA0C0F0CEA135518BF95EA3E
:109520000C0F0CD050EA410618BF52EA4306D1D1C5
:1095300081EA030101F000414FF0000070BD50EAE4
:10954000410606BF1046194652EA430619D094EA6E
:109550000C0F02D150EA013613D195EA0C0F05D158
:1095600052EA03361CBF104619460AD181EA0301AC
:1095700001F0004141F0FE4141F470014FF0000064
:1095800070BD41F0FE4141F4780170BD70B54FF0FF
:10959000FF0C4CF4E06C1CEA11541DBF1CEA13557F
:1095A00094EA0C0F95EA0C0F00F0A7F8A4EB050461
:1095B00081EA030E52EA03354FEA013100F0888058
:1095C0004FEA03334FF0805545EA131343EA126321
:1095D0004FEA022245EA111545EA10654FEA0026D6
:1095E0000EF000419D4208BF964244F1FD0404F58F
:1095F000407402D25B084FEA3202B61A65EB0305EB
:109600005B084FEA32024FF480104FF4002CB6EBA7
:10961000020E75EB030E22BFB61A754640EA0C0027
:109620005B084FEA3202B6EB020E75EB030E22BF67
:10963000B61A754640EA5C005B084FEA3202B6EBA8
:10964000020E75EB030E22BFB61A754640EA9C0067
:109650005B084FEA3202B6EB020E75EB030E22BF37
:10966000B61A754640EADC0055EA060E18D04FEAF5
:10967000051545EA16754FEA06164FEAC30343EA95
:1096800052734FEAC2025FEA1C1CC0D111F4801F62
:109690000BD141EA00014FF000004FF0004CB6E75B
:1096A00011F4801F04BF01430020B4F1FD0C88BFFA
:1096B000BCF5E06F3FF6AFAEB5EB030C04BFB6EB05
:1096C000020C5FEA500C50F1000041EB045170BDF8
:1096D0000EF0004E4EEA113114EB5C04C2BFD4EB25
:1096E0000C0541EA045170BD41F480114FF0000EA9
:1096F000013C90E645EA060E8DE60CEA135594EA25
:109700000C0F08BF95EA0C0F3FF43BAF94EA0C0F27
:109710000AD150EA01347FF434AF95EA0C0F7FF49C
:1097200025AF104619462CE795EA0C0F06D152EAF0
:1097300003353FF4FDAE1046194622E750EA4106D4
:1097400018BF52EA43067FF4C5AE50EA41047FF4E5
:109750000DAF52EA43057FF4EBAE12E753B94AB9B5
:10976000002908BF00281CBF4FF0FF314FF0FF3029
:1097700000F072B9ADF1080C6DE904CE00F006F806
:10978000DDF804E0DDE9022304B070472DE9F0477D
:10979000089E04468846002B4BD18A42154667D95D
:1097A000B2FA82F24AB1C2F1200701FA02F320FABA
:1097B00007F7954047EA030894404FEA154E230CFB
:1097C000B8FBFEF71FFA85FC0EFB178843EA084337
:1097D00007FB0CF1994209D9EB1807F1FF3080F033
:1097E0001B81994240F21881023F2B445B1AA4B2BC
:1097F000B3FBFEF00EFB103344EA034400FB0CFC09
:10980000A44509D92C1900F1FF3380F00781A44544
:1098100040F2048102382C4440EA0740A4EB0C04D7
:1098200000271EB1D4400023C6E900433946BDE8F5
:10983000F0878B4209D9002E00F0EB800027C6E9A3
:10984000000138463946BDE8F087B3FA83F7002FA8
:1098500047D18B4202D3824200F2FA80841A61EB34
:10986000030301209846002EE0D0C6E90048DDE75A
:1098700002B9FFDEB2FA82F2002A40F08F80491B63
:109880004FEA154E1FFA85F80127B1FBFEFC230CA9
:109890000EFB1C1143EA014308FB0CF1994207D966
:1098A000EB180CF1FF3002D2994200F2CD808446D1
:1098B000591AA3B2B1FBFEF00EFB101443EA0444A4
:1098C00008FB00F8A04507D92C1900F1FF3302D29C
:1098D000A04500F2B6801846A4EB080440EA0C400C
:1098E0009FE7C7F1200CBB4022FA0CFE4EEA030EA4
:1098F00001FA07F420FA0CF521FA0CF34FEA1E489E
:109900002543B3FBF8F92C0C08FB19331FFA8EFA28
:1099100044EA034309FB0AF49C4202FA07F200FA04
:1099200007F10BD91EEB030309F1FF3080F08780AC
:109930009C4240F28480A9F1020973441B1BADB222
:10994000B3FBF8F008FB103345EA034400FB0AFAC6
:10995000A24508D91EEB040400F1FF336BD2A245E7
:1099600069D90238744440EA0940A0FB0289A4EB9B
:109970000A044C45C2464B4654D351D0002E69D000
:10998000B1EB0A0564EB030404FA0CFCFD40FC4057
:109990004CEA0505C6E90054002747E7C2F1200359
:1099A00020FA03F7954001FA02F021FA03F34FEA97
:1099B000154E3843010CB3FBFEF71FFA85F80EFB7A
:1099C000173341EA034107FB08F38B4204FA02F420
:1099D00007D9691807F1FF3C2FD28B422DD9023FDE
:1099E0002944CB1A81B2B3FBFEF00EFB103341EADF
:1099F000034100FB08F38B4207D9691800F1FF3CD3
:109A000017D28B4215D902382944C91A40EA0747B0
:109A10003BE73746304609E70746E7E61846FBE6E8
:109A20004145ABD2B8EB020A69EB0E02013813468E
:109A3000A4E76046E9E7184695E76746D1E781461F
:109A40007CE702382C4447E7ACF1020C2B442FE7AB
:109A5000384608E73746E9E6704700BF1FB51C46A1
:109A6000094B1B680546D86852B1084B0091CDE9F7
:109A7000013207492B46224600F034F801F08EF9F6
:109A8000044B1A46F2E700BF446100200CE30300D8
:109A900019E3030047E303000A22002101F03EB866
:109AA00010B5054C13462CB10A4601460220AFF30F
:109AB000008010BD2046FCE70000000008B5074B01
:109AC000044613B10021AFF30080054B1868836A88
:109AD00003B19847204603F043F800BF00000000A0
:109AE00048E303000EB403B5014603AB054853F841
:109AF000042B0068019300F073F902B05DF804EBE9
:109B000003B070474461002070B50D4E0D4CA41B8E
:109B1000A4100025A54209D10B4E0C4C03F022F8ED
:109B2000A41BA4100025A54205D170BD56F8253010
:109B300098470135EEE756F8253098470135F2E7AA
:109B4000146300201463002014630020306300209D
:109B500010B5044600F008F82044407800F00800F2
:109B600010BDD0F8EC007047044B054A1B681B6A17
:109B7000002B08BF1346D3F8EC0070474461002067
:109B8000A8610020024B0146186800F0A5B800BF8C
:109B900044610020024B0146186800F04FB800BF36
:109BA0004461002082B001B901A942B14BB11378E0
:109BB0000B601278101C18BF012002B070471046CD
:109BC000FBE76FF00100F8E710B5431E0A4491422D
:109BD00000D110BD11F8014B03F8014FF7E788429F
:109BE00010B501EB020307D8421E99420AD011F8C2
:109BF000014B02F8014FF8E78342F5D98118D21AD8
:109C0000D34200D110BD13F8014D01F8014DF7E723
:109C100002440346934200D1704703F8011BF9E761
:109C200038B502FB01F4214600F056F8054618B19C
:109C300022460021FFF7ECFF284638BD38B505461F
:109C4000002945D051F8043C0C1F002BB8BFE41884
:109C500002F02EF91F4A1368104633B9636014608E
:109C60002846BDE8384002F024B9A3420CD9216847
:109C70006218934204BF1A685B68636004BF52189D
:109C800022600460ECE713465A680AB1A242FAD98E
:109C900019685818A0420BD1206801445818824214
:109CA0001960DDD1106852685A6001441960D7E725
:109CB00002D90C232B60D3E7206821188A4204BF05
:109CC00011685268626004BF091821605C60C7E7D0
:109CD00038BD00BFC0BD002070B5CD1C25F0030508
:109CE00008350C2D38BF0C25002D064601DBA94296
:109CF00003D90C233360002070BD02F0D9F8214A4B
:109D00001468214691B9204C23681BB9304600F0F5
:109D1000DFFD20602946304600F0DAFD431C24D1E7
:109D20000C233360304602F0C4F8E4E70B685B1B99
:109D300018D40B2B0FD90B60CD50CC18304602F045
:109D4000B8F804F10B00231D20F00700C31AD3D08C
:109D50005A42E250D0E78C424B6816BF63601360F2
:109D60000C46EBE70C464968CCE7C41C24F003041E
:109D7000A04205D0211A304600F0AAFD0130CFD014
:109D80002560DBE7C0BD0020C4BD00209368013B17
:109D9000002B10B4936008DA9469A34201DB0A290E
:109DA00003D15DF8044B00F02BBF1368581C106002
:109DB000197008465DF8044B7047F8B506460F4623
:109DC0001446D518AC4201D1002007E03A4614F8F9
:109DD000011B3046FFF7DAFF431CF3D1F8BD00004A
:109DE0002DE9F04F9DB00C4617460393064618B177
:109DF00083690BB901F010FF7B4B9C4257D174680B
:109E0000A38918075DD52369002B5AD00023099335
:109E100020238DF8293030238DF82A304FF0010BA4
:109E2000B846454615F8013B0BB1252B54D1B8EB8C
:109E3000070A0BD053463A4621463046FFF7BDFF8E
:109E4000013000F0C280099B5344099398F8003018
:109E5000002B00F0BA8000234FF0FF32CDE905233C
:109E6000049307938DF853301A93A846052218F8E7
:109E7000011B5E4801F0CCFF049B78BBD90644BFB0
:109E800020228DF853201A0744BF2B228DF853202F
:109E90002A782A2A2AD0079AA84600200A2541466D
:109EA00011F8013B303B092B69D960B324E0504BDA
:109EB0009C4201D1B468A3E74E4B9C4208BFF468B2
:109EC0009EE72146304600F0FBFE00289ED04FF072
:109ED000FF301DB0BDE8F08FA846A2E7434A801AC4
:109EE0000BFA00F0184304904546BEE7039A111D93
:109EF00012680391002A01DB079204E0524243F00A
:109F000002030792049398F800302E2B0ED198F894
:109F100001302A2B38D1039B1A1D1B680392002B9A
:109F2000B8BF4FF0FF3308F102080593324D98F89F
:109F300000100322284601F06BFF40B14023401B74
:109F400003FA00F0049B034308F10108049398F816
:109F500000102A488DF82810062208F1010701F0A8
:109F600057FF002837D0264B1BBB039B073323F03A
:109F7000070308330393099B4B44099350E705FB00
:109F80000232012088468AE7002308F10108059380
:109F900019460A25404610F8012B303A092A03D900
:109FA000002BC3D00591C1E705FB012101238046A9
:109FB000F0E703AB00932246124B04A9304600F0B1
:109FC000B7F8B0F1FF3F8146D5D1A3895B063FF5D5
:109FD0007EAF09987DE703AB00932246094B04A9A5
:109FE000304600F05BFBECE7CCE4030056E30300F3
:109FF000ECE40300ACE403005CE3030060E3030073
:10A0000031A10300BB9D03002DE9FF4755EC104B28
:10A010000D9FDDF830A0002D0E4691461946B8BFC1
:10A0200022462B4627F02007BBBF05F100431D4603
:10A0300000232D23B8BF1446462F0B7004D0452FA4
:10A0400000D10136022100E0032103AB019302ABF2
:10A0500000933246534645EC104B00F035FF472F36
:10A06000804602D119F0010F26D0462F08EB0609D1
:10A0700011D198F80030302B0AD10022002320465D
:10A08000294602F0B7FC18B9C6F10106CAF800600B
:10A09000DAF800309944002200232046294602F0D5
:10A0A000A9FC38B93022039B4B4505D2591C0391BA
:10A0B0001A70F8E7CDF80C90039B0E9AA3EB0803F7
:10A0C0004046136004B0BDE8F087F7B500290446A8
:10A0D000BABF49422D232B23092904F8022B4370D0
:10A0E00020DD0DF107031F460A2691FBF6F506FB5E
:10A0F00015113031092D03F8011C03F1FF322946F7
:10A1000009DC3031023B02F8011CBB42224604D379
:10A11000101A03B0F0BD1346E7E713F8012B04F85B
:10A12000012BF2E7302319448370021DC170EFE761
:10A130002DE9F04F8DB00C46DDF8588016461F46CD
:10A14000054601F0F3FD03680493184600F023FC74
:10A1500000230A93D8F800300590073323F0070353
:10A1600003F1080294F818A0D4F800B0C8F8002051
:10A17000D3E90023C4E91223D4E9128929F000436A
:10A180000793CDF818804FF0FF32A74BDDE90601A9
:10A1900002F062FC70BB4FF0FF32A34BDDE9060119
:10A1A00002F03CFC30BB002200234046494602F04E
:10A1B0002BFC10B12D2384F843309C4A9C4BBAF100
:10A1C000470F8CBF9046984603232BF0040223616F
:10A1D00022604FF00009009733460BAA214628461B
:10A1E00000F0E6F9013040F08D804FF0FF300DB007
:10A1F000BDE8F08F42464B464046494602F02CFCF3
:10A2000010B18C4A8C4BDAE761684B1C4BF48062CE
:10A210000AA83ED1062363600023CDE9020309ABFF
:10A22000009349EC108B0DF123032260CDF804A0BC
:10A2300061682846FFF7E8FE0AF0DF03472B8046F7
:10A2400009D1099BD81C02DB6268934247DDAAF161
:10A25000020A5FFA8AFABAF1650F099924D801391E
:10A26000524604F150000991FFF72FFF0A9A131884
:10A27000012A8146236102DC2268D10701D501331E
:10A2800023619DF82330002BA5D02D2384F8433083
:10A29000A1E7BAF1670F00F07781BAF1470FBBD1A0
:10A2A0000029B9D10123B6E7BAF1660F19D1002907
:10A2B00063680CDD216113B92268D20702D501332E
:10A2C0000B442361099BA3654FF00009D9E713B93B
:10A2D0002268D00701D50233F3E70123F1E74FF0FD
:10A2E000670ADDE90932934205DB22682361D10761
:10A2F000E8D50133E5E7002BD4BFC3F10203012306
:10A300001344DEE723685A0507D4236942463146E1
:10A310002846B84701302BD167E7BAF1650F40F204
:10A32000DC8000220023D4E9120102F063FB002844
:10A3300033D00123414A31462846B84701303FF423
:10A3400054AFDDE909239A4202DB2368D8070FD511
:10A35000DDE9042331462846B84701303FF445AFD4
:10A360004FF0000804F11A090A9B013B434509DC40
:10A3700023689B0700F10381E0680B9B9842B8BFFC
:10A38000184634E701234A4631462846B84701308B
:10A390003FF42BAF08F10108E6E7099B002B2BDC0B
:10A3A0000123264A31462846B84701303FF41DAF05
:10A3B000099B23B90A9B13B92368D907D8D5DDE9CE
:10A3C000042331462846B84701303FF40EAF4FF022
:10A3D000000904F11A0A099B5B424B4501DC0A9B08
:10A3E00094E70123524631462846B84701303FF4EE
:10A3F000FCAE09F10109EEE70A9AA36D9A42A8BFE3
:10A400001A46002A914607DD134631464246284641
:10A41000B84701303FF4E9AE04F11A034FF0000BE6
:10A4200029EAE979069315E0FFFFEF7F6BE303006C
:10A4300067E3030073E303006FE3030077E30300C4
:10A440000123069A31462846B84701303FF4CDAE85
:10A450000BF1010BD4F858A0AAEB09035B45EFDC24
:10A46000DDE909239A42D04415DB2368DA0712D4C8
:10A470000A9B0999A3EB0A02A3EB010A9245A8BF24
:10A480009246BAF1000F0EDC4FF000082AEAEA7A91
:10A4900004F11A0919E0DDE9042331462846B847DA
:10A4A0000130E5D1A1E65346424631462846B84739
:10A4B0000130E9D199E601234A4631462846B8479A
:10A4C00001303FF492AE08F10108DDE909239B1A3F
:10A4D000A3EB0A034345EEDC4AE70A9A012A01DCB2
:10A4E000DB073AD50123424631462846B8470130BA
:10A4F0003FF47BAEDDE9042331462846B8470130FE
:10A5000008F101083FF471AE0A9B002203F1FF3A03
:10A51000D4E91201002302F06DFAC8B9534642464D
:10A5200031462846B84701300ED15EE60123524637
:10A5300031462846B84701303FF457AE08F10108CC
:10A540000A9B013B4345F1DC4B4604F15002DEE639
:10A550004FF0000804F11A0AF2E70123DFE70123B4
:10A560004A4631462846B84701303FF43EAE08F12E
:10A570000108E3680B9A9B1A4345F0DCFCE64FF0B8
:10A58000000804F11909F4E700293FF48BAE002319
:10A59000CDE9020309AB009349EC108B2260CDF8A2
:10A5A00004A00DF123032846FFF72EFD804648E660
:10A5B0002DE9F04791461F468A680B69DDF8208037
:10A5C0009342B8BF1346C9F8003091F843200646BD
:10A5D0000C4612B10133C9F800302368990642BF16
:10A5E000D9F800300233C9F80030256815F00605A7
:10A5F00007D104F1190AE368D9F800209B1AAB428D
:10A6000028DC94F843302268003318BF01239206F7
:10A610002DD404F1430239463046C047013020D0E2
:10A620002368E568D9F8002003F00603042B08BF6F
:10A63000AD1AA36822690CBF25EAE575002593428F
:10A64000C4BF9B1AED184FF000091A344D451AD1BA
:10A65000002008E00123524639463046C047013009
:10A6600003D14FF0FF30BDE8F0870135C3E7E118B3
:10A670005A1C302081F84300224494F8451082F897
:10A6800043100233C5E70123224639463046C0470E
:10A690000130E6D009F10109D8E700002DE9F043C7
:10A6A00001F1430C0C46097E85B06E29174606461B
:10A6B00098460C9A00F0B38022D8632936D00AD885
:10A6C000002900F0B980582900F0838004F1420588
:10A6D00084F8421032E0642901D06929F6D120685B
:10A6E0001368050603F104012AD51B681160002BCD
:10A6F00003DA2D225B4284F843206F480A2239E0B6
:10A70000732900F09D8008D86F2920D07029DDD1F1
:10A71000236843F02003236003E0752917D07829CC
:10A72000D4D1782384F84530644855E01368191D66
:10A730001B68116004F1420584F8423001238CE06B
:10A740001B68116010F0400F18BF1BB2CFE71368F1
:10A750002568181D1060280601D51B6802E06806F0
:10A76000FBD51B8854486F2914BF0A2208220021F8
:10A7700084F843106568A560002DC0F295802168BB
:10A7800021F004012160002B3DD1002D40F08E808E
:10A790006546082A0BD12368DB0708D52369626860
:10A7A0009A42DEBF302305F8013C05F1FF35ACEBE2
:10A7B00005032361CDF800803B4603AA21463046BD
:10A7C000FFF7F6FE01304DD14FF0FF3005B0BDE888
:10A7D000F083394884F84510136821681D1D1B68F3
:10A7E00015600A060BD5CA0744BF41F0200121605D
:10A7F0001BB9226822F0200222601022B7E74D0622
:10A8000048BF9BB2EFE76546B3FBF2F102FB1133A1
:10A81000C35C05F8013D0B460029F5D1B9E7136883
:10A8200025686169181D106028061B6801D519602C
:10A8300002E06A06FBD51980002323616546B9E76B
:10A840001368191D11601D6862680021284601F017
:10A85000DFFA08B1401B606063682361002384F85D
:10A860004330A7E723692A4639463046C0470130BE
:10A87000AAD023689B0713D4E068039B9842B8BF13
:10A880001846A3E701234A4639463046C0470130FF
:10A890009AD00135E368039A9B1AAB42F2DCEBE7EE
:10A8A000002504F11909F5E7002BACD1037884F8F1
:10A8B000423004F142056CE779E303008AE30300C8
:10A8C000024B0A460146186801F0D0BD44610020E1
:10A8D00038B5064C002305460846236002F032F9DD
:10A8E000431C02D1236803B12B6038BDECBD0020AE
:10A8F0000CB430B5174B0C1E9DB01D6808DA8B23C5
:10A900002B604FF0FF301DB0BDE8304002B0704703
:10A910004FF40273ADF8143014BF04F1FF33234633
:10A92000049307934FF6FF7302900690ADF816302C
:10A93000209A21AB02A92846019301F017FE431C7F
:10A94000BCBF8B232B60002CDDD0029B00221A7031
:10A95000D9E700BF44610020C9B2034610F8012BBB
:10A960001AB18A42F9D118467047002918BF00234E
:10A97000F9E710F8012B11F8013B012A28BF9A4290
:10A98000F7D0D01A7047034611F8012B03F8012BBA
:10A99000002AF9D17047034613F8012B002AFBD196
:10A9A000181A0138704710B56AB10139841810F8C7
:10A9B000013B11F8012F934203D1A04201D0002B9B
:10A9C000F5D1981A10BD1046FCE738B503460D4680
:10A9D00069B9BDE83840FFF7BFBF431C04462946AC
:10A9E0001846FFF7B9FF0028F7D1204638BD0024EC
:10A9F000F5E7F0B503787BB1044623782046661C62
:10AA00007BB14A1E631E12F8015F4DB113F8017F3E
:10AA1000AF423446F7D0F0E70B78002B18BF002088
:10AA2000F0BD1846FCE72DE9F0478046894692467E
:10AA30001E460F463D46089815F8014BFFF791F862
:10AA40002044437813F0080332D12D2C32D17C7886
:10AA5000BD1C0122002E5DD0102E09D1302C07D153
:10AA60002B7803F0DF03582B4FD16C78102602357A
:10AA7000002A14BF4FF000416FF000410027B1FBE6
:10AA8000F6FC384606FB1C1EA4F13003092B17D830
:10AA90001C46A64223DD7B1C07D084451CD301D174
:10AAA000A64519DB00FB0640012715F8014BEBE733
:10AAB0002F46BFE72B2C04BFBD1C7C781A46C9E784
:10AAC000A4F14103192B01D8373CE2E7A4F161035B
:10AAD000192B04D8573CDCE74FF0FF37E5E77B1C28
:10AAE00008D12223C8F800300846BAF1000F07D178
:10AAF000BDE8F08702B14042BAF1000FF8D00FB1C3
:10AB000005F1FF39CAF80090F2E73024002EAFD1EA
:10AB10000826ADE7302CA3D00A26A9E7084B37B5A5
:10AB20001C68084D236A002B08BF2B460093134670
:10AB30000A4601462046FFF776FF03B030BD00BF4E
:10AB400044610020A8610020024B01461868FFF70D
:10AB5000BFBE00BF4461002010B50446FFF704F8F3
:10AB60002044437803F00303012B08BF2034204620
:10AB700010BD10B50446FEF7F7FF2044437803F0FC
:10AB80000303022B08BF203C204610BD30B5141E25
:10AB900005469BB0184605DA8B232B604FF0FF303B
:10ABA0001BB030BD4FF40273ADF80C3014BF04F18C
:10ABB000FF332346029305934FF6FF7300910491F0
:10ABC000ADF80E3002461E9B6946284601F0CEFCC9
:10ABD000431CBCBF8B232B60002CE1D0009B0022C8
:10ABE0001A70DDE707B5009313460A46014603488D
:10ABF0000068FFF7CBFF03B05DF804FB4461002061
:10AC0000F8B50E461446054618B183690BB901F034
:10AC100003F8214B9C422AD16C68A369A360A389E5
:10AC20001A072ED5236963B323692068C01A6369A4
:10AC3000F6B28342374604DC2146284600F082FF04
:10AC400028BBA368013BA36023685A1C22601E70C6
:10AC500063690130834204D0A389DB0719D50A2E2A
:10AC600017D12146284600F06DFF90B10FE00B4B45
:10AC70009C4201D1AC68D0E7094B9C4208BFEC680C
:10AC8000CBE72146284600F01BF80028CCD04FF037
:10AC9000FF373846F8BD00BFCCE40300ECE4030006
:10ACA000ACE4030049B1FF2A85BF8A2303600A7020
:10ACB0004FF0FF3098BF01207047084670470000F2
:10ACC000324B70B51D6806460C4625B1AB6913B909
:10ACD000284600F0A1FF2E4B9C420FD16C68B4F9BE
:10ACE0000C309AB215072CD4D00611D40922326048
:10ACF00043F04003A3814FF0FF303EE0254B9C42E0
:10AD000001D1AC68EBE7244B9C4208BFEC68E6E756
:10AD1000510712D5616B41B104F14403994202D04D
:10AD20003046FEF78BFF00236363A38923F02403DF
:10AD3000A3810023636023692360A38943F0080390
:10AD4000A38123694BB9A38903F42073B3F5007F72
:10AD500003D02146304601F01BF8A28912F001030E
:10AD60000CD00023A36063695B42A361236953B9DC
:10AD7000B4F90C3013F08000BAD170BD920758BFFF
:10AD80006369A360F2E70020F7E700BF4461002099
:10AD9000CCE40300ECE40300ACE4030008B50620B7
:10ADA00001F002FD012001F0DBFE2DE9F74F036900
:10ADB0000C69A3428046C0F28280013C01F1140775
:10ADC0004FEA840C00F1140657F8245056F824007A
:10ADD00006EB0C03013507EB0C090193B0FBF5F50D
:10ADE00095B34FF0000A3846B646D34650F8042BC8
:10ADF00093B205FB03A34FEA134A9BB2ABEB0303E9
:10AE0000120CDEF800B005FB02A213FA8BF34FEA36
:10AE1000124A1FFA82FBDEF80020CBEB124202EB53
:10AE200023429BB243EA024381454FEA224B4EF84C
:10AE3000043BDBD256F80C3033B9019B043B9E42F5
:10AE40001A4630D3C8F81040404601F049FA0028AD
:10AE500025DB013530464FF0000C57F8042BD0F8B5
:10AE600000E093B2ACEB0303120C13FA8EF3C2EBC7
:10AE70001E4202EB23429BB243EA0243B9454FEA2A
:10AE8000224C40F8043BE8D256F8242006EB840319
:10AE90002AB9043B9E421A460BD3C8F810402846F4
:10AEA00003B0BDE8F08F1268043B002ACAD1013C10
:10AEB000C5E71268043B002AEFD1013CEAE7002015
:10AEC000EEE70000000000002DE9F04F57EC106B9A
:10AED00097B0456A069104460B921293DDF8808084
:10AEE000CDE900673DB91020FAF798FD6062C0E92E
:10AEF00001550560C560636A196851B15A684A60B6
:10AF0000012393408B60204601F008F8636A002219
:10AF10001A603B1EBBBF23F00043019300230122B4
:10AF2000ACBFC8F80030C8F80020AF4BDDF8048093
:10AF300033EA080314D1129A42F20F731360009B94
:10AF400023B9C8F31300002800F04285219BDFF8E5
:10AF5000ACB2002B00F044850BF1030300F03EBDC2
:10AF6000DDE90067002200233046394601F042FD4A
:10AF7000814668B1129A01231360219B002B00F0D7
:10AF800024859A4B219A03F1FF3B136000F028BD02
:10AF900014AA15A947EC106B204601F018FAC8F363
:10AFA0000A550490002D7CD0C7F3130343F07F5B58
:10AFB000B2464BF4401BA5F2FF35CDF84C90002271
:10AFC0008B4B50465946FDF7FFFF81A3D3E9002381
:10AFD000FEF7B2F980A3D3E90023FDF7F7FF064699
:10AFE00028460F46FEF73EF97DA3D3E90023FEF77E
:10AFF000A3F902460B4630463946FDF7E7FF064601
:10B000000F4601F03FFD00228246002330463946BC
:10B0100001F0FAFC48B15046FEF724F932463B46AF
:10B0200001F0E8FC08B90AF1FF3ABAF1160F59D855
:10B03000704901EBCA01DDE90023D1E9000101F00B
:10B0400001FD002850D00AF1FF3A00230F93149B12
:10B050005D1BB5F1010849BFC5F10103002305934C
:10B060004FF0000858BF0593BAF1000F3EDB0023F4
:10B07000D044CDF838A00793069B092B00F29080AE
:10B08000052BC4BF043B0693069BA3F10203CCBF70
:10B0900000250125032B00F28F80DFE803F07D7F80
:10B0A0003171DDE914531D4405F23240202813DDCF
:10B0B000C0F14000009B08FA00F805F2124023FAA4
:10B0C00000F048EA0000FEF7BDF801238246A1F136
:10B0D000F87B013D139372E7009BC0F1200003FA57
:10B0E00000F0F0E70123B1E70F90B0E7059BA3EB79
:10B0F0000A030593CAF10003079300230E93BBE7ED
:10B1000001230A930B9B002B59DD02939946666A33
:10B1100000227260042202F114009842716853D92F
:10B12000204600F0C7FE636A3060B9F10E0FD3F815
:10B1300000B000F2E680002D00F0E3809DED007B82
:10B14000BAF1000F8DED107B74DD2A4A0AF00F036F
:10B1500002EBC30393ED007B4FEA2A16F0068DED58
:10B16000087B65D5244BDDE91001D3E90823FEF700
:10B170000DFACDE9000106F00F0603251E4F4CE045
:10B1800001230A930B9B534403F1010902934B469D
:10B19000012BB8BF0123BAE70023B2E70023F0E791
:10B1A0000125002306930A954FF0FF330293994639
:10B1B000002212230B92AAE701230A93F4E701234A
:10B1C000029399461A46F5E7013171605200A2E7F1
:10B1D00061436F63A787D23FB3C8608B288AC63F9D
:10B1E000FB799F501344D33F0000F07F78E30300C6
:10B1F0000000F83F38E5030010E50300A5E4030074
:10B20000F10708D5DDE90801D7E90023FEF794F836
:10B21000CDE90801013576100837002EF0D1DDE9BF
:10B220000823DDE90001FEF7B1F9CDE900011AE0DC
:10B230000225A3E700F0A080CAF100069F4BA04FB3
:10B2400006F00F0203EBC203D3E90023DDE910018E
:10B25000FEF772F8CDE90001361100230225002E19
:10B260007FD1002BE1D10F9B002B00F08780DDE91F
:10B2700000670022934B3046394601F0C5FB002899
:10B280007CD0B9F1000F79D0029B002B35DD0AF19B
:10B29000FF330893394600228B4B3046FEF74CF8BB
:10B2A000CDE90001029F01352846FDF7DBFFDDE90E
:10B2B0000023FEF741F80022844BFDF787FE054688
:10B2C000A1F15076002F5DD10022814BDDE9000114
:10B2D000FDF77AFE2A463346CDE9000101F0B2FBC4
:10B2E000002840F088822A4606F10043DDE900018B
:10B2F00001F08AFB002840F07C82DDE91023CDE9D3
:10B300000023159B002BC0F25081BAF10E0F00F301
:10B310004C816A4B03EBCA0393ED007B0B9B002B24
:10B320008DED027B80F2D880B9F1000F00F3D4805C
:10B3300040F05E820022664B51EC170BFDF7FCFFDC
:10B34000DDE9002301F074FB4F464E46002840F033
:10B35000348231230BF101058BF800300AF1010A28
:10B360002FE2F20705D5D7E90023FDF7E5FF013508
:10B3700001237610083772E7022574E7CDF820A084
:10B380004F4691E74D4B03EBC70353E902010A9B7C
:10B39000002B47D002460B4600204E49FEF7F6F838
:10B3A0002A463346FDF710FECDE90C015D46DDE986
:10B3B000000101F067FB0646FDF754FF02460B460D
:10B3C000DDE90001FDF700FE303605F8016BDDE92F
:10B3D0000C23CDE9000101F017FB002863D1DDE962
:10B3E000002300203749FDF7EFFDDDE90C2301F0D4
:10B3F0000BFB002840F0B780A5EB0B039F427FF7C3
:10B400007CAF0022304BDDE90C01FDF795FF0022F7
:10B41000CDE90C012C4BDDE90001FDF78DFFCDE9F5
:10B420000001C4E72A463346FDF786FFCDE90C014B
:10B430000BEB07055E46DDE9000101F023FB074643
:10B44000FDF710FF303702460B46DDE90001FDF73E
:10B45000BBFD06F8017BAE42CDE900014FF00002D2
:10B4600026D11C4BDDE90C01FDF7B0FD02460B4671
:10B47000DDE9000101F0E6FA002874D1DDE90C23D2
:10B4800000201449FDF7A0FD02460B46DDE900014E
:10B4900001F0BAFA00283FF430AF15F8013C302B28
:10B4A00005F1FF3202D0DDF820A04AE01546F4E7AE
:10B4B000054BFDF741FFCDE90001BCE738E503008E
:10B4C00010E503000000F03F0000244000001C4095
:10B4D000000014400000E03FDDE900675D46DDE963
:10B4E000022330463946FEF751F801F0CBFA804688
:10B4F000FDF7B8FEDDE90223FDF71EFF02460B460D
:10B500003046394608F13006FDF75EFD05F8016B5F
:10B51000A5EB0B06B14502460B4639D1FDF756FDAA
:10B52000DDE9022306460F4601F08CFAC8B9DDE9D1
:10B5300002233046394601F05DFA10B118F0010FD0
:10B540000FD10499204600F0E9FC0023129A2B70D9
:10B550000AF101031360219B002B00F041821D6062
:10B560003EE2CDF820A015F8012C392A05F1FF3371
:10B5700008D19B450AD1089B0133089330238BF8EF
:10B5800000305B461A7801321A708CE71D46EAE7F4
:10B5900000229B4BFDF7D0FE0022002306460F46FB
:10B5A00001F028FA00289AD0CBE70A9A002A00F086
:10B5B0008B80069A012A6EDC139A002A67D003F268
:10B5C0003343079F059D059A01211A4420460592A1
:10B5D000984400F043FD0646002D0CDDB8F1000F45
:10B5E00009DD4545059A2B46A8BF4346D21A059268
:10B5F000ED1AA8EB0308079BEBB10A9B002B67D061
:10B600008FB131463A46204600F0C8FD049A014603
:10B610000646204600F02BFD04990890204600F0D5
:10B620007DFC089B0493079BDA1B04D004992046F9
:10B6300000F0B4FD04900121204600F00FFD0E9BA8
:10B640000746002B00F0D0811A460146204600F044
:10B65000A5FD069B012B074640DC009B002B39D142
:10B66000019BC3F31303002B36D1019B23F000434E
:10B670001B0D1B052BB1059B0133059308F1010838
:10B68000012307930E9B002B2AD1012030E0149B4D
:10B69000C3F1360395E7079B09F1FF37BB42BFBFF4
:10B6A000079B0797FA1A0E9BBBBF9B180E93DF1BD5
:10B6B0000027B9F1000FB5BF059B059DA3EB090558
:10B6C0004B46B8BF00237EE7079F059D0A9E83E790
:10B6D000079AABE70023D4E7009BD2E70023079348
:10B6E0003B6907EB8303186900F06AFCC0F1200096
:10B6F000404410F01F0047D0C0F12003042B3BDD75
:10B70000059BC0F11C000344059305448044059B40
:10B71000002B05DD1A460499204600F08DFD0490AB
:10B72000B8F1000F05DD39464246204600F084FDA1
:10B7300007460F9B53B33946049800F0D1FD00280B
:10B7400024DA00230A220499204600F0FEFB0A9B1B
:10B7500004900AF1FF3A002B00F04D81002331469E
:10B760000A22204600F0F1FB029B002B06464FDC2C
:10B77000069B022B4CDD11E0C9D0059A1C331A44FC
:10B7800005921D449844C2E70346F6E7B9F1000F5D
:10B7900038DC069B022B35DDCDF80890029B63B99F
:10B7A00039460522204600F0D0FB014607460498A2
:10B7B00000F096FD00283FF7CCAD0B9B5D466FEA8D
:10B7C000030A4FF000093946204600F0A7FB002E7F
:10B7D0003FF4B7AEB9F1000F05D0B14503D04946EB
:10B7E000204600F09BFB3146204600F097FBA8E680
:10B7F00000273E46E1E7DDF820A03E46A9E500BF70
:10B80000000024400A9BCDF80890002B00F0FA803D
:10B81000002D05DD31462A46204600F00DFD064686
:10B82000079B002B4CD07168204600F043FB326927
:10B8300002320546920006F10C010C30FEF7C4F905
:10B8400001222946204600F0F7FC009BCDF814B0F9
:10B8500003F00103B1460793064639460498FFF703
:10B86000A4FA4946054600F13008049800F038FD76
:10B87000324600903946204600F04CFDC36802462F
:10B8800003BB01460890049800F02AFD089A03467D
:10B8900011462046089300F041FB089BA3B9069A85
:10B8A00092B9079A82B9B8F1390F29D0009B002BC1
:10B8B00001DD05F13108059B5D1C83F8008082E7FE
:10B8C0003046C2E70123E3E7009A002A04DB25D1D2
:10B8D000069A1ABB079A0ABB002BECDD01220499D9
:10B8E000204600F0A9FC3946049000F0F9FC00283D
:10B8F00003DCE0D118F0010FDDD0B8F1390FD8D159
:10B90000059B059A5D1C3923137015F8013C392BF2
:10B9100005F1FF324FD00133137054E7059A002B25
:10B9200002F1010506DDB8F1390FE9D008F101088F
:10B93000059BC2E7029A05F8018CA5EB0B03934225
:10B9400021D000230A220499204600F0FEFAB145D6
:10B9500004904FF000034FF00A024946204605D1FB
:10B9600000F0F3FA81460646059576E700F0EDFA19
:10B970003146814600230A22204600F0E6FA0646B8
:10B98000F2E74FF0000901220499204600F054FC30
:10B990003946049000F0A4FC0028B6DC02D118F06F
:10B9A000010FB2D115F8013C302B05F1FF327FF4C5
:10B9B0000AAF1546F6E7934505D131230AF1010A8E
:10B9C0008BF80030FFE615469FE7DFF864B007E02C
:10B9D000219BDFF860B01BB10BF10803219A1360C3
:10B9E000584617B0BDE8F08F069B012B7FF735AEA8
:10B9F0000E9B079349E6029B002B03DC069B022B60
:10BA00003FF7CCAE5D4639460498FFF7CEF900F11A
:10BA1000300805F8018B029AA5EB0B039A42B0DDC2
:10BA200000230A220499204600F08FFA0490EAE7E6
:10BA300077E303009CE403008A892DE9F041054681
:10BA400010070C4658D44B68002B05DC0B6C002B00
:10BA500002DC0020BDE8F081E66A002EF9D0002368
:10BA600012F480522F68216A2B6032D0606DA38956
:10BA70005A0705D56368C01A636B0BB1236CC01AF3
:10BA800000230246E66A216A2846B047431CA38980
:10BA900006D129681D2948D8294ACA40D60744D565
:10BAA00000226260D9042269226004D5421C01D1BF
:10BAB0002B6803B96065616B2F600029C9D004F160
:10BAC0004403994202D02846FEF7B8F8002060638C
:10BAD000C0E701232846B047411CC8D12B68002B82
:10BAE000C5D01D2B01D0162B01D12F60B1E7A38942
:10BAF00043F04003A381ADE70F69002FA9D093075E
:10BB00000E6808BF4B690F6018BF0023A6EB07083B
:10BB10008B60B8F1000F9CDD43463A46216AA66A65
:10BB20002846B047002806DCA38943F04003A381E0
:10BB30004FF0FF308EE70744A8EB0008E9E700BFAD
:10BB40000100402038B50B6905460C46DBB118B141
:10BB500083690BB900F060F80C4B9C4209D16C680A
:10BB6000B4F90C307BB121462846BDE83840FFF7D8
:10BB700063BF074B9C4201D1AC68F1E7054B9C4287
:10BB800008BFEC68ECE7002038BD00BFCCE4030040
:10BB9000ECE40300ACE40300002310B50446C0E964
:10BBA0000033836081814366C281C0E904338361CD
:10BBB000194608225C30FEF72BF8054B6362054BF3
:10BBC000A362054BE362054B2462236310BD00BFF3
:10BBD000E1C7030003C803003BC803005FC80300BC
:10BBE000014900F085B800BF45BB030070B54A1E8F
:10BBF000682555430E4605F17401FEF76DF80446BD
:10BC000040B10021C0E900160C30A06005F16802C7
:10BC1000FDF7FEFF204670BD836910B5044633BBB7
:10BC2000C0E912330365124B124A1B6882629842C4
:10BC300004BF0123836100F01FF86060204600F01C
:10BC40001BF8A060204600F017F80022E0600421F5
:10BC50006068FFF7A1FF01220921A068FFF79CFFA0
:10BC600002221221E068FFF797FF0123A36110BDB4
:10BC700048E30300E1BB0300F8B51B4B1E68B36942
:10BC8000074613B93046FFF7C7FF4836D6E90134F7
:10BC9000013B03D5336833B13668F7E7B4F90C508C
:10BCA0006DB16834F4E704213846FFF79FFF306038
:10BCB0000028F1D10C233B6004462046F8BD0B4B15
:10BCC0006566C4E90055A560C4E90335C4E90555B6
:10BCD0000822294604F15C00FDF79AFFC4E90D55DE
:10BCE000C4E91255E9E700BF48E303000100FFFF84
:10BCF0002DE9F8438046894600F14804002614B92E
:10BD00003046BDE8F883D4E90175013F01D52468C8
:10BD1000F5E7AB89012B07D9B5F90E30013303D014
:10BD200029464046C84706436835EEE7044B1B6882
:10BD3000186A044B002808BF1846F030704700BF4F
:10BD400044610020A861002070B50E46B1F90E10C4
:10BD5000002996B014461D4607DA00232B60B389EC
:10BD60001A0610D44FF480630EE06A4600F09EFD80
:10BD70000028F2DB019A02F47042A2F500535A4205
:10BD80005A412A60EEE740230020236016B070BDC0
:10BD90008B8973B59D0706460C4607D504F147030A
:10BDA000236023610123636102B070BD01AB6A4669
:10BDB000FFF7CAFF009905463046FDF78DFF48B9E9
:10BDC000B4F90C309A05EFD423F0030343F00203D7
:10BDD000A381E3E70D4BB362A389206043F08003A6
:10BDE000A381009B6361019B20615BB1B4F90E10DC
:10BDF000304600F06DFD28B1A38923F0030343F022
:10BE00000103A381A3891D43A581CDE7E1BB030005
:10BE100001F0FF01102A2BDB10F0070F08D010F8FB
:10BE2000013B013A8B422DD010F0070F42B3F6D1FF
:10BE3000F0B441EA012141EA014122F007047FF018
:10BE400000070023F0E80256083C85EA010586EA6F
:10BE5000010685FA47F5A3FA87F586FA47F6A5FAAB
:10BE600087F68EB9EED1F0BC01F0FF0102F00702B7
:10BE700032B110F8013B013A83EA010313B1F8D162
:10BE80000020704701387047002D06BF3546033843
:10BE9000073815F0010F07D1013015F4807F02BF7C
:10BEA000013015F4C03F0130F0BC0138704700BFCD
:10BEB0007047704770B5456A04460E463DB910207C
:10BEC000F9F7ACFD6062C0E901550560C560656ABF
:10BED000EB6883B1636ADB6853F82600B8B90121C7
:10BEE00001FA06F56A1D92002046FDF799FE60B141
:10BEF000C0E901650EE0212204212046FDF790FEF5
:10BF0000636AE860DB68002BE4D1002070BD026842
:10BF100043F826200023C0E90333F7E770B5446AED
:10BF200006460D463CB91020F9F778FD7062C0E96D
:10BF300001440460C4603DB1736A6A68DB6853F809
:10BF40002210296043F8225070BD2DE9F0410D699F
:10BF50001F4606460C4601F1140C0023DCF80000D5
:10BF600081B202FB01710F0C000C02FB007089B260
:10BF7000013301EB00419D424FEA10474CF8041B8E
:10BF8000ECDCD7B1A368AB4212DC6168304601310A
:10BF9000FFF790FF2269023204F10C018046920003
:10BFA0000C30FDF711FE21463046FFF7B7FF44463F
:10BFB00004EB850301355F6125612046BDE8F08112
:10BFC000020C12040346B2B90304102013F07F4F91
:10BFD00004BF1B02083013F0704F04BF1B01043074
:10BFE00013F0404F04BF9B000230002B06DB5B00C8
:10BFF00003D5013070470020E8E720207047036830
:10C0000013F0070201460BD0DA0723D4980749BF83
:10C010005B089B0801200B605CBF0B60022070472F
:10C0200098B2A8B91B0C102013F0FF0F04BF1B0A15
:10C0300008301A0704BF1B0904309A0704BF9B0885
:10C040000230DA0702D45B0806D001300B6070477B
:10C050001046E9E7002070472020704710B50C46D5
:10C060000121FFF727FF01224461026110BD2DE984
:10C07000F74F14460A6923699A42B8BF0B468846AF
:10C08000BCBFA0461C46D8F81070D4F81090D8F861
:10C090000830D8F8041007EB0906B342B8BF0131E5
:10C0A000FFF708FF00F1140505EB860E2B46002272
:10C0B000734516D304F1140208F1140102EB89034D
:10C0C00001EB87070093009B019293420CD8002E4E
:10C0D00003DD5EF8043D002B5DD0066103B0BDE8D2
:10C0E000F08F43F8042BE3E7B2F800B0BBF1000F88
:10C0F00023D08946AC464FF0000859F8044BDCF8D1
:10C1000000A0A3B21FFA8AFA0BFB03A34FEA144A5A
:10C11000DCF8004043444FEA14480BFB0A8404EB6C
:10C120001344E2469BB243EA04434F454FEA1448A6
:10C130004AF8043B2BD8CCF80480019BB3F802A04A
:10C140000432BAF1000F20D02B688946A8464FF080
:10C15000000BB9F800C0B8F802400AFB0C445C447C
:10C16000C4469BB243EA04434CF8043B59F8043BF1
:10C17000B8F804B01B0C0AFB03B303EB14434F45A0
:10C180004FEA134B05D8C8F8043004359BE7D44672
:10C19000B3E7E046DDE7013E99E700002DE9F8430B
:10C1A000154612F0030206460F4607D0013A214C0D
:10C1B000002354F82220FFF7C8FE0746AD1035D003
:10C1C000746A3CB91020F9F729FC7062C0E9014497
:10C1D0000460C460D6F82480D8F808404CB940F216
:10C1E00071213046FFF73AFF0023C8F808000446E3
:10C1F00003604FF00008EB070AD539462246304667
:10C20000FFF735FF394681463046FFF787FE4F4638
:10C210006D100BD0206838B9224621463046FFF712
:10C2200026FF2060C0F800800446E4E73846BDE8F9
:10C23000F88300BF00E603002DE9F0470C464FEA03
:10C24000621A236949680AEB0309A3680746164680
:10C2500009F10105AB4232DB3846FFF72BFE002324
:10C26000804600F114011A4653452BDB20692AEA67
:10C27000EA7A04F1140316F01F0201EB8A0103EBC2
:10C28000800C25D0C2F1200E00201E688A46964000
:10C2900030434AF8040B53F8040B9C4520FA0EF087
:10C2A00014D8486008B109F10205013D3846C8F8C4
:10C2B00010502146FFF732FE4046BDE8F0870131BD
:10C2C0005B00C7E741F823200133CDE75146DCE7A7
:10C2D000043953F8042B41F8042F9C45F9D8E4E7BE
:10C2E00003690A699B1A30B50CD1920014301431DD
:10C2F0008418114454F8045D51F8042D954203D07C
:10C3000005D30123184630BDA042F3D3FAE74FF01E
:10C31000FF33F7E72DE9F0470D460746114628465B
:10C320001446FFF7DDFF061E08D131463846FFF7F9
:10C33000C1FD0123C0E90436BDE8F087A4BF234650
:10C340002C4638466168A6BF1D4600260126FFF729
:10C35000B1FD2B69C660266905F1140904F11402C8
:10C3600002EB860709EB830800F114054FF0000E7D
:10C3700052F804AB59F8044B1EFA8AF1A3B2C91A59
:10C38000230CC3EB1A4303EB214389B24FEA234E3C
:10C39000C84541EA0343944645F8043BE8D8BC4508
:10C3A00004D355F8043D83B10661C5E75CF8041B6E
:10C3B0001EFA81F31A1402EB11429BB243EA0243C4
:10C3C0004FEA224E45F8043BE9E7013EE9E72DE953
:10C3D000F7430E46012159EC108B1546FFF76AFD15
:10C3E000C9F30A540746C9F3130334BB0193B8F1E8
:10C3F000000327D002A840F8083DFFF700FE00998F
:10C40000F0B1019AC0F1200302FA03F30B43C240DA
:10C410007B610192019BBB61002B14BF02210121B2
:10C420003961C4B1A4F2334404443460C0F135002E
:10C430002860384603B0BDE8F08343F48013D5E7A5
:10C440007961E7E701A8FFF7DAFD019B7B61012134
:10C4500039612030E5E707EB8103A0F2324030601C
:10C460001869FFF7ADFDC0EB4110E1E7F8B50746ED
:10C4700014460E4621B91146BDE8F840FDF72CBC24
:10C4800022B9FDF7DBFB25462846F8BD00F042FA4D
:10C49000A0420FD221463846FDF71EFC0546002873
:10C4A000F2D031462246FDF78FFB31463846FDF784
:10C4B000C5FBE9E73546E7E72DE9F0478E689E4280
:10C4C00082460C469046994637D88A8912F4906F76
:10C4D00031D0256809696F1A6569022305EB4505A6
:10C4E00095FBF3F509F101033B449D4238BF1D461E
:10C4F000530530D52946FDF7EFFB064650B90C230E
:10C50000CAF80030A38943F04003A3814FF0FF3005
:10C51000BDE8F0873A462169FDF756FBA38923F46D
:10C52000906343F08003A381266165613E44ED1B67
:10C530002660A5604E464E4500D94E4632464146DD
:10C540002068FDF74CFBA3689B1BA36023681E4477
:10C5500026600020DCE72A46FFF788FF0646002811
:10C56000E2D121695046FDF769FBC8E72DE9F04F9C
:10C570009DB0804603938B891D060C4616460FD549
:10C580000B696BB94021FDF7A7FB2060206128B93A
:10C590000C23C8F800304FF0FF30C7E04023636140
:10C5A0000023099320238DF8293030238DF82A3079
:10C5B0004FF0010B37463D4615F8013B0BB1252BDB
:10C5C0003ED1B7EB060A0BD05346324621464046D1
:10C5D000FFF772FF013000F0A480099B53440993D8
:10C5E0003B78002B00F09D8000234FF0FF32CDE917
:10C5F0000523049307938DF853301A932F46052291
:10C6000017F8011B4F48FFF703FC049BD0B9D9066C
:10C6100044BF20228DF853201A0744BF2B228DF8E7
:10C6200053202A782A2A15D0079A2F4600200A2557
:10C63000394611F8013B303B092B4DD9B8B10FE019
:10C640002F46B8E73F4A801A0BFA00F018430490CF
:10C650003D46D3E7039A111D12680391002A01DBBE
:10C66000079204E0524243F00203079204933B789E
:10C670002E2B0CD17B782A2B33D1039B1A1D1B68E0
:10C680000392002BB8BF4FF0FF33023705932E4DB6
:10C69000397803222846FFF7BBFB38B14023401B03
:10C6A00003FA00F0049B03430137049339782748C9
:10C6B0008DF8281006227E1CFFF7AAFB002838D030
:10C6C000234B13BB039B073323F007030833039368
:10C6D000099B4B4409936DE705FB023201200F468D
:10C6E000A6E700230137059319460A25384610F8B6
:10C6F000012B303A092A03D9002BC8D00591C6E78F
:10C7000005FB012101230746F0E703AB0093224616
:10C71000104B04A94046FDF70BFDB0F1FF3F8146E9
:10C72000D6D1A3895B063FF536AF09981DB0BDE8A9
:10C73000F08F03AB00932246064B04A94046FDF759
:10C74000ADFFEAE756E303005CE3030060E30300A8
:10C7500031A10300B9C403001F2938B504460D46B2
:10C7600004D9162303604FF0FF3038BD426C12B17C
:10C7700052F821304BB9204600F030F82A460146E5
:10C780002046BDE8384000F017B8012B0AD0591CEC
:10C7900003D1162303600120E7E7002442F8254077
:10C7A000284698470020E0E7024B01461868FFF74B
:10C7B000D3BF00BF4461002038B5074C00230546B5
:10C7C00008461146236000F0A5F9431C02D12368F6
:10C7D00003B12B6038BD00BFECBD002000F08AB96A
:10C7E00010B50C46B1F90E1000F09CF80028ABBF54
:10C7F000636DA3891B1823F48053ACBF6365A381C9
:10C8000010BD2DE9F0411F468B89DB0505460C461E
:10C81000164605D502230022B1F90E1000F068F883
:10C82000A389B4F90E1023F48053A38132463B460A
:10C830002846BDE8F04100F017B810B50C46B1F934
:10C840000E1000F055F8431CA38915BF606523F452
:10C85000805343F48053A38118BFA38110BDB1F965
:10C860000E1000F013B8000038B5074C0546084616
:10C870001146002222601A46FBF734FC431C02D109
:10C88000236803B12B6038BDECBD002038B5064CE1
:10C89000002305460846236000F01CF9431C02D122
:10C8A000236803B12B6038BDECBD002038B5074CC0
:10C8B0000023054608461146236000F013F9431C87
:10C8C00002D1236803B12B6038BD00BFECBD00204E
:10C8D00038B5064C002305460846236000F012F9DF
:10C8E000431C02D1236803B12B6038BDECBD00208E
:10C8F00038B5074C054608461146002222601A4604
:10C9000000F010F9431C02D1236803B12B6038BD3D
:10C91000ECBD002051F8043C181F002BBCBF0B5885
:10C92000C018704738B5074C054608461146002226
:10C9300022601A4600F0FEF8431C02D1236803B1BE
:10C940002B6038BDECBD00204FF0FF3C06E000BF7F
:10C950004FF0010C02E000BF4FF0010C4DF804CD88
:10C960004FEA410C7FEA6C5C4FEA430C18BF7FEA48
:10C970006C5C1BD001B050EA410C0CBF52EA430C76
:10C9800091EA030F02BF90EA020F0020704710F1F6
:10C99000000F91EA030F58BF994208BF90422CBF85
:10C9A000D8176FEAE37040F0010070474FEA410C7E
:10C9B0007FEA6C5C02D150EA013C07D14FEA430C9C
:10C9C0007FEA6C5CD6D152EA033CD3D05DF8040B0D
:10C9D000704700BF8446104662468C46194663463F
:10C9E00000E000BF01B5FFF7B7FF002848BF10F116
:10C9F000000F01BD4DF808EDFFF7F4FF0CBF01205B
:10CA000000205DF808FB00BF4DF808EDFFF7EAFFD6
:10CA100034BF012000205DF808FB00BF4DF808ED91
:10CA2000FFF7E0FF94BF012000205DF808FB00BF86
:10CA30004DF808EDFFF7CEFF94BF012000205DF810
:10CA400008FB00BF4DF808EDFFF7C4FF34BF01201D
:10CA500000205DF808FB00BF4FEA410C7FEA6C5CE8
:10CA600002D150EA013C0AD14FEA430C7FEA6C5CE8
:10CA700002D152EA033C02D14FF0000070474FF060
:10CA8000010070474FEA410212F5001215D211D58C
:10CA90006FF47873B3EB625212D94FEAC12343F0BB
:10CAA000004343EA505311F0004F23FA02F018BF3D
:10CAB000404270474FF00000704750EA013005D106
:10CAC00011F0004008BF6FF0004070474FF00000C9
:10CAD000704700BF024B58221A604FF0FF3070477A
:10CAE000ECBD0020024B58221A604FF0FF30704717
:10CAF000ECBD0020024B58221A604FF0FF30704707
:10CB0000ECBD0020024B58221A600020704700BF85
:10CB1000ECBD0020024B58221A604FF0FF307047E6
:10CB2000ECBD0020024B58221A604FF0FF307047D6
:10CB3000ECBD0020024B58221A604FF0FF307047C6
:10CB4000ECBD0020044A05491368002B08BF0B46C2
:10CB50001844106018467047C8BD0020F0BD002082
:10CB6000FEE700BFF8B500BFF8BC08BC9E467047A2
:10CB7000F8B500BFF8BC08BC9E46704754696E7992
:10CB80005553422053657269616C0000000000003B
:10CB90000000000031650200896302007963020031
:10CBA0006D630200F16202003D6302001163020046
:10CBB000D1630200F0FFFFFF0000000029650200C2
:10CBC00012010002000000409A23B300000101029C
:10CBD0000301000009020900000100A0320000006A
:10CBE00030313233343536373839414243444546A3
:10CBF0004E6F6C6F676F000050726F4D6963726F9C
:10CC0000204E5246353238343000000041646166AF
:10CC100072756974000000004D6173732053746F66
:10CC20007261676500000000312E30007573626428
:10CC300000000000050F3900021810050038B60882
:10CC400034A909A0478BFDA0768815B665000101BF
:10CC5000011C100500DF60DDD88945C74C9CD265FA
:10CC60009D9E648A9F00000306B20002000103003B
:10CC70000000000019700200A9700200D5700200C7
:10CC80001D71020029720200FD7202000000000006
:10CC900000000000757D020000000000857D02009C
:10CCA000957D02002D7E02007D7F020000000000C5
:10CCB00000000000B5740200CD740200D1740200BF
:10CCC000E9740200B1750200D9770200000000008B
:10CCD00000000000758C0200998C02009D8C0200FF
:10CCE000C18C0200E98D020069950200000000007D
:10CCF00000000000997802000979020035790200ED
:10CD00005D790200917A0200957A0200000000002D
:10CD1000000000004D860200A5860200C1860200C8
:10CD2000E58602003D6D02001D8802000000000043
:10CD30005F757362645F7164656600005D2000006A
:10CD4000F4CE0300FCCE030004CF03000CCF03009D
:10CD500018CF030020CF03002CCF03003CCF0300EB
:10CD600048CF030041542B43434C4B3F000000008D
:10CD70002B434D4752443A002B434D47523A000053
:10CD80006E6F202B434D47522068656164657220A9
:10CD9000696E207265706C7900000000756E6578B0
:10CDA000706563746564202B434D47522070617237
:10CDB000616D657465727320282564290000000088
:10CDC00041542B43535100002B4353513A00000070
:10CDD0006E6F20273E272070726F6D707400000008
:10CDE00041542B434C49503D3100000069676E6F40
:10CDF0007265643A202573004154453000000000FC
:10CE0000415400006E6F74696669636174696F6E86
:10CE10002071756575652066756C6C2C2064726F69
:10CE20007070696E673A2025730000004552524FBA
:10CE3000520000002B434D45204552524F520000F6
:10CE40002B434D53204552524F5200002573202D45
:10CE50003E2025730000000025732074696D656411
:10CE6000206F7574000000002B00000041542B431C
:10CE70004D47533D222573220000000073656E6408
:10CE8000206661696C65643A2025730073656E6481
:10CE90002074696D6564206F7574000052582025F8
:10CEA000730000006F76657273697A6564206C693F
:10CEB0006E652064697363617264656400000000DC
:10CEC00041542B43504D533F0000000041542B432D
:10CED0004D47463D3100000041542B434D47443DF2
:10CEE0002575000054582025730000006D6F64659F
:10CEF0006D00000052494E47000000002B434C4992
:10CF0000503A00002B434D54493A00004E4F204305
:10CF100041525249455200002B43454E443A0000CD
:10CF2000564F4943452043414C4C3A004D495353D9
:10CF300045445F43414C4C3A000000004E4F2041B5
:10CF40004E5357455200000042555359000000000F
:10CF5000756E706172736561626C653A202573004D
:10CF600074696D65000000006F7574206F66207233
:10CF7000616E67653A202573000000002530327528
:10CF80003A2530327500000000000000000000006B
:10CF9000652B03004D460300996A02006DDC020018
:10CFA00085DC0200A11E0300A51E03003122030040
:10CFB000B51E0300C91E0300FD200300A11E0300CF
:10CFC000E11E0300DD1E030061240300852303002E
:10CFD000AD1F030071DC0200051F03002D200300BC
:10CFE000F8DA0300B4DA030000DB030000DB03001F
:10CFF0009CD103005F0000006E616D652F6E756D42
:10D00000626572202055502F444E2020454E5420FA
:10D010002045534300000000546F3A2000000000F8
:10D0200074797065206D73672020454E54207365B8
:10D030006E6420204553430041542B434D47523DDD
:10D04000256400002A0000002F000000747A206F81
:10D050006666736574206E6F77202564206D696E37
:10D06000000000006576656E740000004E65772054
:10D070006D657373616765202D2D20696E626F7811
:10D08000206F6E20455343004E6577206D657373A6
:10D090006167652066726F6D200000002B434C496C
:10D0A0005000000043616C6C3A200000496E636FD1
:10D0B0006D696E672063616C6C0000004D6973736D
:10D0C00065642063616C6C3A200000006F6B0000A7
:10D0D00064656C65746520736C6F742025643A20F8
:10D0E000257300002B3100006B62204F4B000000C5
:10D0F0006B62203F3F00000020206D6F64656D2053
:10D100004F4B000020206D6F64656D203F3F000095
:10D110007072657373206B65797320746F2074650A
:10D1200073742020455343206261636B000000004C
:10D130006469792D70686F6E6520000073696720DF
:10D14000000000002020736D7320000041542B4329
:10D150004F50533F0000000072616D20000000003E
:10D160006B0000006D69737365643A00206E6F6E2A
:10D17000650000006B65793A200000004641494C8B
:10D18000454400006465627567206F6E0000000012
:10D190006465627567206F66660000007374617471
:10D1A000757300004154490041542B4350494E3F90
:10D1B0000000000041542B435245473F000000004F
:10D1C000646562756700000072616D0020627974A9
:10D1D0006573206672656500636F6D6D616E647363
:10D1E0003A000000202041542E2E2E20202073656E
:10D1F0006E6420616E7920415420636F6D6D616EA5
:10D200006420746F20746865206D6F64656D2C20D8
:10D210007072696E7420746865207265706C790034
:10D22000202073746174757320206D6F64656D20A8
:10D230006865616C746820636865636B000000005A
:10D2400020206465627567202020746F67676C65B5
:10D25000207261772041542054582F525820747204
:10D260006163696E67000000202072616D202020DC
:10D27000202073686F7720667265652052414D00EB
:10D28000202068656C702020202074686973206CF1
:10D2900069737400656D696C696500006C697A007A
:10D2A000646F6E005B6F6B5D200000005B2D2D5D79
:10D2B0002000000055502F444E2020442064656C0F
:10D2C000202052207265706C792020455343000065
:10D2D0002020000046726F6D200000006174200065
:10D2E000206C6F63616C00002E2E2E00696E626FE1
:10D2F0007820656D707479006D6F64656D206F6660
:10D30000666C696E65000000454E5420726561646C
:10D31000202043206E65772020442064656C202007
:10D320005220205441420000433A20636F6D706FD9
:10D33000736500002D2D3A2D2D00000073656E746D
:10D340000000000053454E44204641494C454400EE
:10D3500073656E64696E672E2E2E00002700000034
:10D36000272020283078000029000000636F6465C2
:10D370002030780073656E6420746F2025733A2026
:10D380002573000041542B434D474C3D22414C4CEA
:10D390002200000041542B434D474C206661696CCC
:10D3A00065640000736D73002B434D474C3A0000D9
:10D3B000554E5245414400002564206D65737361EC
:10D3C00067652873292C20256420756E7265616459
:10D3D00000000000DCD60300E4D3030020007E0040
:10D3E00012000000000000000B0001000000020B12
:10D3F0000B04F600030006050B02F6000700070CFD
:10D400000B02F6001200080C0B01F6001E00070BC1
:10D410000B02F6002800070A0B02F7003100030593
:10D420000B04F6003300020D0B05F6003700020D69
:10D430000B04F6003B0007070B02F600420007074B
:10D440000B02F800490003050B02FF004B00090125
:10D450000B01FB004D0002020B04FF004E00070D04
:10D460000B02F5005A00070B0B02F6006400050BD7
:10D470000B03F6006B00070B0B02F6007500080BA0
:10D480000B01F6008000060B0B03F6008900070B6A
:10D490000B02F6009300070B0B02F6009D00070B32
:10D4A0000B02F600A700070B0B02F600B100070BFA
:10D4B0000B02F600BB0002080B04F900BD00030BD1
:10D4C0000B03F900C20008080B01F800CA000904A8
:10D4D0000B01FA00CF0009080B01F800D800070A79
:10D4E0000B02F700E100080C0B02F600ED000B0A3E
:10D4F0000B00F700FB00090A0B01F7000701090AFE
:10D500000B01F7001301090A0B01F7001F01090ABB
:10D510000B01F7002B01090A0B01F70037010A0A7A
:10D520000B01F7004401090A0B01F7005001050A3D
:10D530000B03F7005701080A0B02F7006101090A03
:10D540000B01F7006D01080A0B02F70077010B0AC7
:10D550000B00F7008501090A0B01F7009101090A88
:10D560000B01F7009D01080A0B01F700A701090D47
:10D570000B01F700B601090A0B01F700C201070A07
:10D580000B02F700CB01090A0B01F700D701090ACA
:10D590000B01F700E3010B0A0B00F700F1010B0A86
:10D5A0000B00F700FF01090A0B01F7000B02090A43
:10D5B0000B01F7001702070A0B02F7002002020D09
:10D5C0000B05F6002402070D0B02F5003002020DD8
:10D5D0000B04F600340207050B02F60039020B01BA
:10D5E0000B0002003B0203030B03F5003D02090898
:10D5F0000B01F9004602090B0B01F6005302070864
:10D600000B02F9005A02090B0B01F6006702080829
:10D610000B01F9006F02060B0B03F6007802090BF1
:10D620000B01F9008502090B0B01F6009202070AB3
:10D630000B02F7009B02050D0B03F700A402080B79
:10D640000B02F600AF02070B0B02F600B902090845
:10D650000B01F900C20209080B01F900CB0209080D
:10D660000B01F900D402090B0B01F900E102090BCF
:10D670000B01F900EE0207080B03F900F502070899
:10D680000B02F900FC02080A0B02F7000603080867
:10D690000B01F9000E0309080B01F9001703090833
:10D6A0000B01F900200309080B01F9002903090BFC
:10D6B0000B01F900360307080B02F9003D03030DC7
:10D6C0000B04F6004203010D0B05F6004403030DA5
:10D6D0000B04F600490307030B02FA00AAA80CED9D
:10D6E0002492482448912FE4897F28512240083E03
:10D6F0006240300E0181C3BE08087112238023B836
:10D700000E224470388102061A6546C8ECE9245A94
:10D71000AAA940A9555A8010224BE30511001020F8
:10D7200047F10204006B48FF00F00208106081041A
:10D73000082041020800388A0C183060C18288E055
:10D740002728421084213E388A081020820861036D
:10D75000F87C0602021C06010101423C18A2928AD2
:10D7600028BF0821C07C8103E44040810388E01E7B
:10D7700041040B98B0C1C288E0FE04082040820436
:10D78000082040388A0C14471141838CE0388A1CE9
:10D790001868CE810413C0F00F6C00D2D2000304CD
:10D7A000186060180403FF80001FF0401803006039
:10D7B0002060C0803D840830C2000000303C4682BA
:10D7C0008EB2A2A29F8080403C3C014028090110FB
:10D7D000420FC104409E3CFE21904867E20902814D
:10D7E00041FF803EB0F0300804020080608F80FE70
:10D7F000219068140A050283437F00FF2090088768
:10D80000C221008140FFC0FFA0500887C2210080D4
:10D810004078001E986C0A008020F80B026087C0D8
:10D82000E3A0904827F20904824171C0F908421030
:10D830008427C01F02020202028282C678E3A1117D
:10D840000905832108844170C0E0404040404041C8
:10D850004141FFE0EC194528A4A494911202405CD8
:10D860001CC3B0944A249249148A4370801E31909C
:10D8700050180C060282630F00FE434141427C4077
:10D880004040F01C319050180C060282631F0407C0
:10D890009230FE2190482423E110844170C03ACD9B
:10D8A0000A030180C1C778FFC462210080402010B4
:10D8B000081F00E3A090482412090482220E00F100
:10D8C000E81082104210220480500C0080F1E80918
:10D8D000112544A8550CA18C318430E3A0888280A6
:10D8E00080C090444171C0E3A088828140402010F4
:10D8F000081F00FD0A208104102183FCEAAAAAC0A7
:10D90000808103020404080810102020D55555C05A
:10D910001051222820FFE088807E008047EC140A06
:10D920000CFBC020100BC61205028140B0B7803A34
:10D930008E0C0810109E03008047A4340A05028153
:10D94000218F603C4381FF8080613E3D043E410465
:10D9500010410F803DA1A0502814090C7A010187C5
:10D9600080C020100BC6320904824120B8E01001AB
:10D97000C08102040811FC103E10842108423F00BF
:10D98000C040404F445870484442C7702040810214
:10D9900004081023F8B7646231188C4623915E3175
:10D9A000904824120905C73E31A030180C058C7C24
:10D9B000DE309028140A0584BC402038003DA1A028
:10D9C000502814090C7A010080E0CEA182040810CE
:10D9D0007C3A8D0B80F070DE4040FC40404040407F
:10D9E000413EC34141414141433DE3A09084422037
:10D9F000A05010E3C0924B2592A99844E331050151
:10DA000001411105C7E3A090844240A060101008B6
:10DA10003E00FD0820820810BF2924A24926FFF8F5
:10DA200089248A492C612430763436650000000050
:10DA300094D2030008DB03009CD2030018DB030030
:10DA4000A0D2030028DB03006D6F64656D206F6E4C
:10DA50006C696E65000000006469792D70686F6EF6
:10DA6000650000006B6579626F6172640000000000
:10DA70006B6579626F617264206F6B00626F6F74A7
:10DA80000000000077616974696E672E2E2E000019
:10DA9000524541445900000053494D20636172646E
:10DAA000000000002C3100002C35000020756E7243
:10DAB000656164206D657373616765005344412D32
:10DAC0003E382053434C2D3E373F000054582D3EE6
:10DAD000342052582D3E333F20706F7765723F00DF
:10DAE0006E6574776F726B00736561726368696EDF
:10DAF000672E2E2E00000000696E626F7800000015
:10DB0000636F6D706F7365002B3136343633323787
:10DB100038323230000000002B31363137343239A0
:10DB200039313434000000002B3136353132353292
:10DB3000343736350000000000000000000000000F
:10DB40001918030041180300996A0200FD17030029
:10DB5000011803000918030011180300705F7370A7
:10DB60006920213D204E554C4C0000002F686F6D00
:10DB7000652F6477626C6169722F2E706C617466B8
:10DB80006F726D696F2F7061636B616765732F666C
:10DB900072616D65776F726B2D61726475696E6FFE
:10DBA00061646166727569746E726635322F6C6974
:10DBB000627261726965732F5350492F5350492E19
:10DBC00063707000535049436C6173733A3A535019
:10DBD00049436C617373284E52465F5350494D5F01
:10DBE000547970652A2C2075696E74385F742C2006
:10DBF00075696E74385F742C2075696E74385F7443
:10DC00002900000000000000003E5B4F5B3E3E6BC1
:10DC10004F6B3E1C3E7C3E1C183C7E3C181C577DC6
:10DC2000571C1C5E7F5E1C00183C1800FFE7C3E712
:10DC3000FF0018241800FFE7DBE7FF30483A060E24
:10DC40002629792926407F050507407F05253F5A6B
:10DC50003CE73C5A7F3E1C1C08081C1C3E7F1422DB
:10DC60007F22145F5F005F5F06097F017F00668986
:10DC7000956A606060606094A2FFA29408047E04CC
:10DC80000810207E201008082A1C08081C2A0808F2
:10DC90001E101010100C1E0C1E0C30383E383006B2
:10DCA0000E3E0E06000000000000005F00000007AE
:10DCB000000700147F147F14242A7F2A12231308DC
:10DCC000646236495620500008070300001C2241B8
:10DCD000000041221C002A1C7F1C2A08083E08085C
:10DCE000008070300008080808080000606000200C
:10DCF000100804023E5149453E00427F40007249EF
:10DD00004949462141494D331814127F1027454592
:10DD100045393C4A494931412111090736494949A8
:10DD200036464949291E0000140000004034000016
:10DD3000000814224114141414140041221408027F
:10DD4000015909063E415D594E7C1211127C7F49F2
:10DD50004949363E414141227F4141413E7F494947
:10DD600049417F090909013E414151737F08080873
:10DD70007F00417F41002040413F017F0814224144
:10DD80007F404040407F021C027F7F0408107F3E9E
:10DD90004141413E7F090909063E4151215E7F090B
:10DDA000192946264949493203017F01033F404072
:10DDB000403F1F2040201F3F4038403F631408145D
:10DDC0006303047804036159494D43007F41414195
:10DDD0000204081020004141417F04020102044076
:10DDE00040404040000307080020545478407F28FA
:10DDF0004444383844444428384444287F385454F0
:10DE0000541800087E090218A4A49C787F08040412
:10DE10007800447D40002040403D007F10284400B1
:10DE200000417F40007C047804787C080404783842
:10DE300044444438FC1824241818242418FC7C0872
:10DE4000040408485454542404043F44243C4040EF
:10DE5000207C1C2040201C3C4030403C44281028A2
:10DE6000444C9090907C4464544C440008364100EB
:10DE70000000770000004136080002010204023C65
:10DE80002623263C1EA1A161123A4040207A385434
:10DE900054555921555579412254547842215554AD
:10DEA000784020545579400C1E5272123955555500
:10DEB00059395454545939555454580000457C41EB
:10DEC0000002457D420001457C407D1211127DF02B
:10DED000282528F07C545545002054547C547C0A55
:10DEE000097F4932494949323A4444443A324A481E
:10DEF00048303A4141217A3A42402078009DA0A022
:10DF00007D3D4242423D3D4040403D3C24FF242473
:10DF1000487E4943662B2FFC2F2BFF0929F620C092
:10DF2000887E090320545479410000447D413048E3
:10DF3000484A32384040227A007A0A0A727D0D1926
:10DF4000317D2629292F28262929292630484D4088
:10DF500020380808080808080808382F10C8ACBA84
:10DF60002F102834FA00007B000008142A14222203
:10DF7000142A14085500550055AA55AA55AAFF554C
:10DF8000FF55FF000000FF00101010FF00141414D4
:10DF9000FF001010FF00FF1010F010F0141414FC1C
:10DFA000001414F700FF0000FF00FF1414F404FC39
:10DFB000141417101F10101F101F1414141F00101A
:10DFC0001010F0000000001F101010101F10101093
:10DFD00010F010000000FF101010101010101010A2
:10DFE000FF10000000FF140000FF00FF00001F10E2
:10DFF000170000FC04F414141710171414F404F49C
:10E000000000FF00F714141414141414F700F7148C
:10E010001414171410101F101F141414F4141010DB
:10E02000F010F000001F101F0000001F140000007F
:10E03000FC140000F010F01010FF10FF141414FF77
:10E04000141010101F00000000F010FFFFFFFFFF72
:10E05000F0F0F0F0F0FFFFFF0000000000FFFF0F06
:10E060000F0F0F0F3844443844FC4A4A4A347E02AA
:10E07000020606027E027E0263554941633844442B
:10E080003C04407E201E2006027E020299A5E7A5E0
:10E09000991C2A492A1C4C7201724C304A4D4D3051
:10E0A0003048784830BC625A463D3E494949007E76
:10E0B0000101017E2A2A2A2A2A44445F444440510D
:10E0C0004A444040444A51400000FF0103E080FFC1
:10E0D000000008086B6B083612362436060F090F4D
:10E0E00006000018180000001010003040FF010169
:10E0F000001F01011E00191D1712003C3C3C3C0092
:10E10000000000000000000000000000652B03007C
:10E110004D460300996A02006DDC0200CD590300F0
:10E12000A11E0300A51E030031220300B51E03003B
:10E13000C91E0300FD200300A11E0300E11E030011
:10E14000DD1E03006124030085230300AD1F0300CF
:10E15000CD220300051F03002D20030042757379B3
:10E160002054696D656F757421000000203A20000D
:10E170000000000000000000212F0300A92D030073
:10E180006D2D0300CD590300CD590300CD59030077
:10E19000B12C0300DD2C0300CD590300E12C03005A
:10E1A000E92C0300152D0300592D03005D2D0300FC
:10E1B000CD590300CD590300CD590300CD590300BB
:10E1C000612D0300652D0300692D03005F55706408
:10E1D0006174655F46756C6C000000005F5570648B
:10E1E0006174655F50617274000000005F506F776A
:10E1F00065724F666600000000000000000000002D
:10E20000212F0300A92D03006D2D030025420300DB
:10E21000D9430300A53B0300D93B0300313C030075
:10E220004D3F0300C1400300D93B0300E93F030019
:10E23000592D03005D2D0300C53503007936030019
:10E240003D34030079340300612D0300652D030084
:10E25000692D030008000000060000001100000006
:10E26000140000001600000018000000200000004C
:10E270000B00000024000000260000000900000040
:10E280000A0000002B0000002D0000002F000000FD
:10E29000020000001D0000001F000000210000001F
:10E2A00022000000250000000D0000000F0000000B
:10E2B0000D0A00000000000000000000654A030095
:10E2C000B14A0300214A0300394A0300094A030006
:10E2D000194A0300114A0300154B03004D4D03007A
:10E2E0006149030059490300546D72510000000058
:10E2F000546D7220537663006C6F6F7000000000E5
:10E3000043616C6C6261636B000000002C206675D9
:10E310006E6374696F6E3A2000617373657274691D
:10E320006F6E2022257322206661696C65643A2035
:10E3300066696C6520222573222C206C696E65202D
:10E340002564257325730A00486100204300504F5F
:10E35000534958002E00232D302B2000686C4C00B0
:10E3600065666745464700494E4600696E66004E41
:10E37000414E006E616E003000303132333435363C
:10E380003738394142434445460030313233343521
:10E3900036373839616263646566000020202020CA
:10E3A0002020202020282828282820202020202045
:10E3B0002020202020202020202020208810101025
:10E3C000101010101010101010101010040404047D
:10E3D00004040404040410101010101010414141F2
:10E3E000414141010101010101010101010101015D
:10E3F00001010101010101101010101010424242F0
:10E40000424242020202020202020202020202022C
:10E41000020202020202021010101020000000008E
:10E4200000000000000000000000000000000000EC
:10E4300000000000000000000000000000000000DC
:10E4400000000000000000000000000000000000CC
:10E4500000000000000000000000000000000000BC
:10E4600000000000000000000000000000000000AC
:10E47000000000000000000000000000000000009C
:10E48000000000000000000000000000000000008C
:10E49000000000000000000000000000496E6669F6
:10E4A0006E697479004E614E0000000000000000AB
:10E4B000000000000000000000000000000000005C
:10E4C000000000000000000000000000000000004C
:10E4D000000000000000000000000000000000003C
:10E4E000000000000000000000000000000000002C
:10E4F000000000000000000000000000000000001C
:10E50000000000000000000000000000000000000B
:10E510000080E03779C34143176E05B5B5B893461F
:10E52000F5F93FE9034F384D321D30F94877825AEB
:10E530003CBF737FDD4F1575000000000000F03F09
:10E5400000000000000024400000000000005940CE
:10E550000000000000408F40000000000088C34021
:10E5600000000000006AF8400000000080842E4196
:10E5700000000000D01263410000000084D79741E2
:10E580000000000065CDCD41000000205FA00242E8
:10E59000000000E876483742000000A2941A6D425D
:10E5A000000040E59C30A2420000901EC4BCD64250
:10E5B00000003426F56B0C430080E03779C34143FB
:10E5C00000A0D8855734764300C84E676DC1AB4371
:10E5D000003D9160E458E143408CB5781DAF15448F
:10E5E00050EFE2D6E41A4B4492D54D06CFF080446A
:10E5F000F64AE1C7022DB544B49DD9794378EA447F
:10E6000005000000190000007D000000000000006F
:08E61000407CFE7F01000000C8
:10E61800000000000A00000000000306B200080025
:10E6280001000000A800080002000000A00014007B
:10E63800030057494E5553420000000000000000F7
:10E6480000008400040007002A00440065007600EA
:10E6580069006300650049006E007400650072007F
:10E6680066006100630065004700550049004400EA
:10E678007300000050007B00390037003500460069
:10E6880034003400440039002D00300044003000CC
:10E6980038002D0034003300460044002D003800B7
:10E6A8004200330045002D0031003200370043009E
:10E6B8004100380041004600460046003900440049
:10E6C8007D000000000000000400000010000C00A5
:10E6D8006C72002030CD0300000000000000000034
:10E6E8000000000000000000000000000000000022
:10E6F8000000000000000000000000000000000012
:10E708000000000000000000000000000000000001
:10E7180000000000000000000000000000000000F1
:10E728000000000000000000FF020000FFFFFFFFE4
:10E73800FFFFFFFFFFFFFFFFFFFFFFFFFFFFFFFFE1
:10E74800FFFFFFFFFFFFFFFF10FF0000FFFFFFFFBE
:10E758000090D0034861002000000000CCE40300D2
:10E76800ECE40300ACE4030000000000000000003B
:10E778000000000000000000000000000000000091
:10E788000000000000000000000000000000000081
:10E798000000000000000000000000000000000071
:10E7A8000000000000000000000000000000000061
:10E7B800000000000000000043000000000000000E
:10E7C8000000000000000000000000000000000041
:10E7D80000000000000000004300000000000000EE
:10E7E8000000000000000000000000000000000021
:10E7F80000000000000000004300000000000000CE
:10E808000000000000000000000000000000000000
:10E8180000000000000000004300000000000000AD
:10E8280000000000000000000000000000000000E0
:10E83800000000000000000043000000000000008D
:10E8480000000000000000000000000000000000C0
:10E85800000000000000000043000000000000006D
:10E8680000000000000000000000000000000000A0
:10E87800000000000000000043000000000000004D
:10E888000000000000000000000000000000000080
:10E898000000000000000000A5AC0300A59B0300D9
:10E8A800000000009BE3030054E3030047E3030078
:10E8B80047E3030047E3030047E3030047E303009C
:10E8C80047E3030047E3030047E3030047E303008C
:10E8D800FFFFFFFFFFFFFFFFFFFFFFFFFFFF00003E
:10E8E80001004153434949000000000000000000B6
:10E8F8000000000000000000000000000000000010
:10E908000000415343494900000000000000000096
:10E9180000000000000000000000000000000000EF
:10E928000000000001620200356202002566020054
:10E9380029130300851B0300491E0300DD4F030054
:04E948001162020056
:0400000330007FE565
:00000001FF
