:020000022000DC
:1060000000000420C19703000198030003980300D7
:10601000059803000798030009980300000000009A
:10602000000000000000000000000000DD950300FB
:106030000D98030000000000FD9503001198030077
:106040007199030013980300696703001D30030072
:1060500013980300139803004D680300139803007E
:106060001398030013980300139803001398030078
:106070001398030013980300139803001398030068
:10608000139803006193030013980300139803000F
:106090001398030013980300139803001398030048
:1060A0001398030013980300139803001398030038
:1060B0001398030013980300000000000000000084
:1060C0001398030013980300139803005D9F0300C7
:1060D000139803001398030013980300F16C020057
:1060E00013980300139803001398030000000000A6
:1060F000000000001398030000000000D59F03007B
:10610000000000000000000000000000000000008F
:10611000000000000000000000000000000000007F
:10612000000000000000000000000000000000006F
:10613000000000000000000000000000000000005F
:10614000000000000000000000000000000000004F
:10615000000000000000000000000000000000003F
:10616000000000000000000000000000000000002F
:10617000000000000000000000000000000000001F
:10618000000000000000000000000000000000000F
:1061900000000000000000000000000000000000FF
:1061A00000000000000000000000000000000000EF
:1061B00000000000000000000000000000000000DF
:1061C00000000000000000000000000000000000CF
:1061D00000000000000000000000000000000000BF
:1061E00000000000000000000000000000000000AF
:1061F000000000000000000000000000000000009F
:10620000F1EE103A43F08073E1EE103A704700BFB0
:1062100010B5054C237833B9044B13B10448AFF3E0
:1062200000800123237010BD3C63002000000000AB
:10623000A406040008B5034B1BB103490348AFF3A0
:10624000008008BD0000000040630020A406040098
:10625000154B002B08BF134B9D46A3F5803A002138
:106260008B460F461348144A121A15F0BFF80F4B0D
:10627000002B00D098470E4B002B00D098470020F1
:10628000002104000D000D48002802D00C48AFF397
:10629000008015F027F82000290013F0E3FA14F02D
:1062A000FBFF00BF00000800000004200000000009
:1062B000000000003C63002020BE00200000000021
:1062C000000000000146014800F08EBA746300200F
:1062D00038B5064B1D783DB100242046013400F04E
:1062E00049FEE0B28542F9D838BD00BF7063002096
:1062F000407DFF2806D010B500F088FD044618B197
:10630000204610BD0020704713F082FF204610BDCC
:10631000407DFF280ED000B583B00DF1070100F0DD
:10632000C9FD20B19DF8070003B05DF804FB4FF0F4
:10633000FF30F9E74FF0FF30704700BF407DFF2886
:1063400011D000B583B001220DF1070100F06AFD04
:1063500020B94FF0FF3003B05DF804FB9DF8070053
:1063600003B05DF804FB4FF0FF307047407DFF281D
:1063700001D000F0FFBD7047407DFF2801D000F044
:106380003FBE0020704700BFF8B50646407DFF289D
:106390001CD017465AB10D46144600F011FD29468F
:1063A000224680B1707D00F08FFD241A01D138465D
:1063B000F8BD054413F02CFF707D00F001FD294667
:1063C00022460028EED13F1B3846F1E70020F8BDF9
:1063D0000AB32DE9F043524991F81C6191F81D511F
:1063E00091F81E7193B0994614467B1CAA1C8046F6
:1063F000B01C81F81C0181F81D2181F81E3101A813
:106400004222002114F0F2FFB9F1410F05D800201B
:1064100013B0BDE8F083422070478DF806608DF818
:106420000E608DF82660721C40F20126D2B2ADF8E3
:106430001060DFF8F0C08DF81E20242640F6083EDC
:106440006B1C8DF827208DF83120ADF804E08DF815
:1064500016608DF820608DF82460CDF818C00426F1
:106460004FF0060C65F07F0540F209424FF0010E37
:1064700098F81410ADF80C208DF81CE005228DF86A
:106480001F608DF830608DF822C040F207568DF8FD
:1064900025C08DF82A5020464FF0030E63F07F048C
:1064A0004FF0080C02234FF411658DF814108DF88D
:1064B00007308DF808308DF809308DF812308DF8DE
:1064C00021308DF815208DF823208DF82BE08DF8E4
:1064D0002CC04FF00A0EADF82E504FF0400C01A921
:1064E000ADF8286007258DF833308DF840208DF801
:1064F0004140422244F20204ADF838608DF83B304E
:106500008DF83A708DF834E08DF83CC08DF83F502E
:10651000ADF8424014F046FF422013B0BDE8F083CE
:106520007463002020010524A0F11000FFF750BF84
:1065300070B50368184A5B6882B093428DF8071003
:1065400024D10546407DFF281DD000F039FC0DF117
:10655000070601243146224688B1687D00F0B4FC6C
:10656000241A02D1012002B070BD064413F050FE7F
:10657000687D00F025FC314622460028EDD1C4F1AB
:10658000010002B070BD002002B070BD01220DF10B
:106590000701984702B070BD89630200437DFF2B5D
:1065A00000D07047094B1A78002AFAD110B500F1D3
:1065B000100442750649204601221A7000F0E0F9E5
:1065C00021460448BDE8104000F0F0B87063002098
:1065D0005CE3030074630020407DFF2807D000B512
:1065E00083B000F0EDFB20B103B05DF804FB0020A8
:1065F0007047019013F00CFE019803B05DF804FBA6
:1066000001B900B1704700B583B0694600F0EEFBF8
:10661000009BB3F5966F02D003B05DF804FB00F069
:106620007DFBF9E730B4084B084A4FF47F4102F193
:106630000805002430324FF47A7099821D60C3E956
:1066400001401A6130BC7047586300206CE30300BE
:106650002DE9F0410024484E2546435D4719A3B17A
:1066600003F14002D2B2012A0AD9F42B08D81A0643
:106670000ED44FF0010EA3F55842B2F5006F56D27A
:1066800001354719435D002BEAD12046BDE8F08172
:1066900003F0E002C02A57D003F0F002E02A66D0EF
:1066A00003F0F802F02AEBD103F007024FF0040EDA
:1066B0007B7803F0C00CBCF1800FE1D197F802C0E9
:1066C0000CF0C00803F03F03B8F1800F43EA8213D7
:1066D000D6D10CF03F0CBEF1030F4CEA83132DD042
:1066E000FA7802F0C007802FCAD102F03F0242EAD6
:1066F0008313A3F58032B242C2D8A3F55847B7F549
:10670000006FBDD3B3F5803F05F1040510D31E2CF7
:10671000BBDC6300970A0B44C2F30902A7F52057BC
:10672000A2F5105221F814705A80023495E775448E
:10673000202CAAD021F8143001348EE7A3F5006292
:10674000B2F5784F97D39BE77A7802F0C007802F95
:1067500003F01F0394D102F03F0242EA8313A3F136
:106760008002B2F5F06F8BD24FF0020E83E703F098
:106770000F024FF0030E9BE7FFFF0F0090F8503120
:106780000B2B0CD871B103F1480210B45C1C80F8DB
:10679000504140F822105DF8044B18467047002322
:1067A000184670470B461846704700BF70B5044640
:1067B0000E68B4F81821B4F81A31656936689B1A66
:1067C00008469BB294F81C112A44B04758B1B4F85B
:1067D00018216369104480B2A4F81801588094F815
:1067E0001C211A71012070BD2DE9F043284DDFF8FE
:1067F000B090AC4604468846BCE80F0089B003AFB1
:106800000FC703AE0FCE05F1140E25460FC59EE847
:106810000700DCF800303B806B4636682E8003C3EF
:106820006B4603CB012504F118034FF480766361B6
:10683000A061E16184F8202004F59870C4F81891F3
:106840002022A4F81C61002184F81E5114F0CEFD12
:1068500040F20947042240F2EF230E4E0E48C4F8DE
:1068600028010021C4F82C1184F85021A3804FF492
:10687000E131A571C4F82071C4F824610748FFF71D
:106880008DFE404600F038FA284609B0BDE8F08396
:10689000A0E30300D0E30300D8E303005863002023
:1068A000090000010048704774630020014B5869DB
:1068B000704700BF746300202DE9F04F89B0F8B134
:1068C000032816D02B4C94F8503183424FD94830CE
:1068D00004F5AA7154F82000FFF7BAFEC0B20130E7
:1068E000400040F44070A4F85201234809B0BDE8CC
:1068F000F08F204CD4F82C0150B104F5AA71EBE7CD
:106900001C4CD4F82031A4F854314FF44170EAE71C
:10691000684600F005FA054610B300F1FF3A0DF1A4
:106920000103164FE94653FA8AFAA64604AE97E8E1
:106930000F0019F801CB86E80F000CF00F080DF1DD
:10694000200BD8440BEB1C1C18F8108C1CF8103CC6
:10695000AEF85681D145AEF854310EF1040EE6D1B1
:106960006800C0B20130400040F44070BBE7002036
:10697000BCE700BF74630020C6640020C0E30300CE
:1069800010B504460248FFF7F9FE207110BD00BFA4
:106990007463002030B5144C236883B013B31868B7
:1069A00051B90CF09FFC236893F90400012103B056
:1069B000BDE8304013F060BE0C4B0093002501236E
:1069C0008DF805308DF8045002AB13E906000CF089
:1069D00025FC236893F90400294603B0BDE8304044
:1069E00013F04ABE03B030BD0865002080BA8C01A8
:1069F0000448006828B108B500680CF079FC012053
:106A000008BD704708650020084B1B6843B141B9B9
:106A1000074B4022C3F88020BFF34F8FBFF36F8F27
:106A20007047034B40221A60704700BF0865002082
:106A300000E100E0024B53F8200000B1C06870474D
:106A40000C65002030B4094CBDF8085054F82040C3
:106A500044B1246934B10846A44611461A462B466F
:106A600030BC6047002030BC704700BF0C65002080
:106A700030B4084CBDF8085054F8204044B1646963
:106A800034B10846A44611461A462B4630BC60472E
:106A900030BC70470C65002000207047024B18681E
:106AA00008B190F860007047146500202DE9F843A4
:106AB000234C2568002D3CD01E462C2303FB00539D
:106AC0001746D3F8209088460446B9F1000F32D01B
:106AD000484615F04EFB2C2303FB0454D4E909541B
:106AE000DFF864C0174B08280246494628BF082231
:106AF0004046002D08BF6546002C08BF1C4614F018
:106B000051FC284615F035FB10280246294628BFBF
:106B10001022384614F046FC204615F02AFB0428C3
:106B200002462146304628BF0422BDE8F84314F04F
:106B300039BCBDE8F883DFF814900820CBE700BF2C
:106B40001465002008E40300F8E30300ECE303000D
:106B500070B5104E3368D3B12C2404FB00340546C5
:106B600062691AB19047336884F832002C2202FB24
:106B7000053393F8324014B10124204670BD2846F5
:106B800023463A22022101F0E7F8204670BD1C4658
:106B9000204670BD14650020074B1B6853B110B42C
:106BA0002C2404FB0030C46A038E0C6013805DF853
:106BB000044B7047704700BF1465002008B52022C1
:106BC0000023052101F0C8F84FF0FF3008BD00BFD9
:106BD00030B4094C24685CB10D4611462C2202FBEE
:106BE0000044E46924B11A462846234630BC1847BD
:106BF000012030BC704700BF1465002030B4094C40
:106C0000029A246854B10D462C2101FB0044A4686B
:106C100024B119462846234630BC18474FF0FF30B0
:106C200030BC70471465002030B4094C029A2468C7
:106C300054B10D462C2101FB0044E46824B11946EF
:106C40002846234630BC18474FF0FF3030BC704711
:106C500014650020044B1B682BB12C2202FB003072
:106C6000036903B11847704714650020054B1B6882
:106C70002BB12C2202FB0030836903B1184701209D
:106C8000704700BF1465002005F0DCBB00B5164B53
:106C900083B04022002483F8272301A90123204642
:106CA0008DF804308DF8054002F0DAFE4FF0804395
:106CB00002A8D3F8385400F8084D12F013FE0B4B1D
:106CC000019301A812F03AFE12F04AFEEB0707D436
:106CD00000214FF0FF3002F04DFFFFF7F9FAF7E720
:106CE000204605F0AFFBF3E700E100E0896C02000D
:106CF000002005F01DB800BF00B5002383B00322BB
:106D0000CDE9002303490448C82211F0E9FA03B091
:106D10005DF804FB0CE403008D6C020013F024BC4E
:106D20004FF08052536E1BBA0360136E1BBA436060
:106D3000082070470048704714E4030070B51E4CEB
:106D40002368D3B1012901D0012070BD1578C5F3A6
:106D50004115012D13D0022D0FD15478012C21D0D3
:106D6000022CF1D19388072B07D1144C11462389AB
:106D70002246BDE8704003F035BE002070BD51785A
:106D80002229E1D111465288003218BF01225A75DA
:106D900003F010FE2268D369002BD5D0507D9847B0
:106DA000284670BD9C69002CE7D011462378224606
:106DB000BDE8704003F016BE186500200460002096
:106DC00010B5044602F034FE08B9002010BD02F0F0
:106DD00037FE0028F9D1044B4FF4367202FB04341D
:106DE000207900F0010010BD9C650020064A4FF498
:106DF000367303FB00230833186808609A889B7970
:106E00008B718A80704700BF9C65002008B5044ADA
:106E10004FF4367303FB0020103002F055FC08BD20
:106E20009C6500202DE9F8434FF4367404FB00F410
:106E30001E4E4FF6FF73074604F110054FF6FE7025
:106E4000824288BF1A463544284692B202F066FC58
:106E5000804602F0EDFD10B94046BDE8F88302F02F
:106E6000EFFD81460028F7D13444E378002BF3D0BE
:106E7000284602F041FC3F28EED9E178484603F06D
:106E8000E7FC0028E8D0284602F036FC3F2804D86A
:106E9000E178484603F0ECFCDEE7054AE178484635
:106EA00002EBC712402303F0F3FCD5E79C650020FA
:106EB0001C650020034A4FF4367303FB002010309A
:106EC00002F096BC9C6500202DE9F8434FF436751E
:106ED00005FB00F5244F4FF6FF73064605F1240429
:106EE0004FF6FE70824288BF1A463C4492B220465A
:106EF00002F0B8FC8046204602F0E6FB3F2802D8AC
:106F00004046BDE8F88302F093FD0028F8D002F077
:106F100097FD81460028F3D1204602F0D5FB0028DA
:106F2000EED03D444846A97803F092FC0028E7D013
:106F30000E4B402202EBC6161E442046314602F09C
:106F4000EDFB034660B13246A978484603F0A0FC49
:106F50000028D5D1064B1B68DB07D1D500BECFE793
:106F6000A97803F085FCCBE79C6500201C65002018
:106F7000F0ED00E02DE9F041804602F059FD10B936
:106F80000020BDE8F08102F05BFD07460028F7D144
:106F90004FF4367404FB08F4164E04F1240535440E
:106FA000284602F091FB0028EAD026443846B17802
:106FB00003F04EFC0028E3D040220F4B02EBC81830
:106FC00098442846414602F0A9FB044660B1424677
:106FD000B1783846234603F05BFC40B9074B1B6889
:106FE000DB07CDD500BECCE7B17803F041FC2046ED
:106FF000C7E700BF9C6500201C650020F0ED00E0A5
:1070000008B5044A4FF4367303FB0020243002F025
:1070100073FB08BD9C65002070B5204C82B0002138
:107020004FF4367220460D4614F0E0F9FF234FF47A
:10703000E132082604F138016371A26001234FF4A4
:107040008072009504F11000A67302F001FB144B4E
:107050001B78C3F38003009304F59C7101234FF464
:10706000807204F1240002F0F3FA04F50E7101209D
:1070700010F07AFB04F522710646012010F074FB33
:1070800006B130B9074B1B68DB0700D500BE02B064
:1070900070BDC4E90756C4E90C05F8E79C650020FB
:1070A000B8600020F0ED00E038B5094C206A256B8F
:1070B00020B110F07DFF0023C4E907332DB128462D
:1070C00010F076FF0023C4E90C33012038BD00BF67
:1070D0009C65002010B50E4C0E48237800220260FB
:1070E0000271DA0709D59B070DD521780A48C1F34B
:1070F0008001BDE8104002F063BC103002F040FC9B
:1071000023789B07F1D4044802F03AFCEDE700BF76
:10711000B86000209C650020C06500202DE9F0418A
:107120004B79022B82B004D00025284602B0BDE87E
:10713000F0818B79022BF7D1364EB3782BB1364BD9
:107140001B68DB07F0D500BEEEE78B7833700C7858
:107150000C4407466378242B4FF009050BD1082A0D
:1071600002D822E0AA4220D323781C441D4463782D
:10717000242BADB2F6D0052B38D0042B15D1637972
:107180000A2B12D1254A94F8008001920223013281
:107190000092384604EB08011A4603F095FA0028DD
:1071A000CDD00E3518FA85F5ADB202F041FC0028BD
:1071B000BBD002F045FC04460028B6D1F378002B82
:1071C000B3D0174802F098FA3F28AED9F17820469C
:1071D00003F03EFB0028A8D0114802F08DFA3F28AA
:1071E000F17811D8204603F043FB9EE7214638464C
:1071F00003F00AFB0028A2D0A378737023781C4404
:107200001D44ADB26378B8E7064A2046402303F038
:107210003FFB8AE79C650020F0ED00E09E650020C2
:10722000AC6500201C65002038B5137803F06003BE
:10723000202B01D0002038BD294C938825789D4211
:10724000F8D15378203B032BF4D8DFE803F008157E
:107250001E02012936D0032939D0012038BD012969
:107260000CD00329F9D11F4B002BF6D01E4900206A
:10727000AFF30080012038BD0129EED1114607236C
:10728000194A03F0AFFB012038BD01291AD00329A8
:10729000E3D1164B55881B781548257113F004016E
:1072A0001CBFE94301F0010102F08AFB114B002BE6
:1072B000D3D0C5F3400205F001010020FFF7A0F98B
:1072C000012038BD114603F075FB012038BD0A4B83
:1072D000002BC2D051880020AFF30080BDE700BF73
:1072E0009C65002000000000A4650020B86000201C
:1072F000C065002001660200000000002DE9F04793
:107300005F4CE2788A420D4680461F4659D15D4E59
:107310009AB2314604F1100002F0A4FA5A4BC3B1FC
:107320006379FF2B15D0A7B106EB070A04F110090A
:1073300002E056450DD0637916F8012B9A42F8D138
:10734000484602F0D1F90028F3D16179AFF300800B
:10735000EFE74E4B23B14E4802F0C6F9002863D048
:1073600002F066FB002862D1A3789D4202D0012082
:10737000BDE8F087474B13B10020AFF3008002F067
:1073800057FB00282BD1444802F09EF90028EED18B
:10739000002FECD017F03F07E9D1A178404603F069
:1073A00057FA0028E3D0A17840463B463A4603F01E
:1073B0006FFA0028DBD1394B1B68DA070CD500BE09
:1073C000D6E7A3788B42D5D0344B1B68DB0703D5B7
:1073D00000BE0020BDE8F0870020BDE8F08702F085
:1073E0002FFB05460028CED12B4802F06DF900286E
:1073F000C9D0A178284603F02BFA0028C3D0402238
:107400002749254802F08AF9034600282CD028464F
:10741000234AA17803F03CFA0028A8D11F4B1B682F
:10742000D907B0D500BEAEE7AFF3008098E702F011
:1074300007FB0646002897D1E378002B94D0144828
:1074400002F05AF93F288FD9E178304603F000FA6C
:10745000002889D00E4802F04FF93F28304607D85F
:10746000E17803F005FA7FE7A17803F001FA8AE7F3
:107470004023044AE17803F00BFAA37875E700BFD4
:107480009C6500201C65002000000000000000003A
:10749000AC65002000000000C0650020F0ED00E0B9
:1074A0005C650020704700BF01207047704700BF37
:1074B000704700BF044B0022C3E90022C3E9022247
:1074C000C3E90422704700BFF4690020012070471F
:1074D000044B0022C3E90022C3E90222C3E90422CB
:1074E000704700BFF46900202DE9F0434B79032B6E
:1074F00083B004D00024204603B0BDE8F0830B79AC
:10750000C3EBC3041234A4B2944205D9254B1B68C3
:10751000DA07EFD500BEEDE7234A5578002D3ED0BF
:10752000557B002DF2D102F10C054FF4A0770E78B7
:107530008A1992F801C0BCF1210FE7D1AA608946EF
:10754000895D80466E1CA81C1144CDE900061A46D0
:107550004046032303F0B8F80028D7D099F8063046
:10756000A978012B04BF99F80730EB700123AB71A8
:1075700099F80220AB682A70B3F80730AB80002975
:10758000B9D00A4A40463A44402303F081F9002822
:10759000B1D1044B1B68DB07ADD500BEABE7154688
:1075A0008027C4E7F0ED00E0F46900207468002053
:1075B0002DE9F047137803F01F06012E82B003D0A7
:1075C000002002B0BDE8F087DFF80882978898F8BD
:1075D0000040FFB2BC4200F0B08098F80C40BC42C2
:1075E000EED13746B4464FF0C00E4FF0130A4FF0BD
:1075F000120913F060030C460546164604D1012912
:1076000000F0A4800120DCE7202BD9D15378013B86
:107610000A2BD5D801A252F823F000BFF176020060
:10762000E7760200D1760200C1750200C175020042
:10763000C1750200C1750200C17502009176020099
:10764000697602004976020001291BD00329D9D1AD
:1076500073880C2606FB0786DBB260461946B371B9
:10766000FFF720FF0120ACE70129CBD173880C2262
:1076700002FB07871B0A60461946FB71FFF714FFE0
:1076800000289DD03146284603F094F9012098E760
:10769000012900F086800329B4D1F48871884B4B0E
:1076A000402C4FEA1122204628BF402011F0FF0154
:1076B000734407D0012C05D91C788C4202D10138C3
:1076C00080B2013300906046FFF7D2F9012078E7DD
:1076D000012997D108EB090231462846234603F0D9
:1076E00081F920466DE701298CD108EB0A02F3E706
:1076F000012987D1F3887188344F402B4FEA11223A
:10770000184628BF402011F0FF01774454D0012BC8
:1077100052D9013880B239707B1C00906046FFF767
:1077200091F90444A3B2002B49D1294A1268D20727
:107730007FF546AF00BE184643E74FF0000E774690
:10774000F4464FF0070A4FF0060952E75378062B2C
:107750007FF436AF53881B0A212B12D0222B7FF4E3
:107760002FAF6046FFF766F97B001F4408EB8708E0
:10777000024631462846B8F8043003F033F9204673
:107780001FE77B001F4408EB8708D8F80820002A71
:107790003FF416AF1378314602B0BDE8F04703F06E
:1077A00021B9F388402B3FF60BAF084A31467244AB
:1077B00003F018F9204604E73B460024ADE73A46BB
:1077C0003146284603F00EF90120FAE674680020DD
:1077D000F0ED00E0F4690020F0B52C4CA678657857
:1077E0008E4283B0074610D0A9422CD0A07B657B87
:1077F00088423FD0A94244D0254B1B68DA0702D407
:10780000002003B0F0BD00BEFAE780264FF0400C28
:107810000020A9429BB21AD01E4D3544FAB90093FC
:1078200011462B460222FFF723F92A46A178384653
:10783000402303F02DF80028E3D1154B1B68DB072C
:10784000DED500BEDDE74FF0400C00209BB21149B1
:1078500061444AB91A46FFF729FE0120D1E72A46BA
:107860000221FFF725FEE0E70A460121FFF720FE8F
:107870000120C6E70C344FF4A0764FF4807C012041
:10788000C7E74FF4807C0120E0E700BFF4690020E7
:10789000F0ED00E07468002070B5194C82B0002152
:1078A0000D464FF4EC72204613F0A0FD04F13801B0
:1078B0000123802204F11000009501F0C9FE04F1BB
:1078C000B80101238022009504F1240001F0C0FEDC
:1078D00004F59C7101200FF047FF04F5C4710646C2
:1078E00001200FF041FF30B9064B1B68DB0700D5C4
:1078F00000BE02B070BDC4E90756C4E90C05F8E744
:107900008C6A0020F0ED00E038B5094C206A256B48
:1079100020B110F04DFB0023C4E907332DB12846F8
:1079200010F046FB0023C4E90C33012038BD00BF32
:107930008C6A002010B5084C002304F11000C4E943
:107940000033C4E9023302F01BF804F12400BDE85F
:10795000104002F015B800BF8C6A00202DE9F043FA
:107960004B79012B83B004D00025284603B0BDE835
:10797000F0838B79012B0C46064616D049780429F2
:10798000F2D10025032BEFD1E379002BECD1DFF806
:10799000FC8098F8013013B998F802700FB3384B97
:1079A0001B68DB07E0D500BEDEE7CB79002BDBD11F
:1079B0000B781C449DB2617824290BD1954202D9E1
:1079C000D2E7AA42D0D323781C442B4461782429DF
:1079D0009DB2F6D00429C7D16379012BC4D1A37914
:1079E000D0E7A37888F8003094F8009021794D44CE
:1079F000ADB2A14439B925E099F800308F421D4459
:107A0000ADB299441ED2AA421CD399F80130052B7D
:107A1000F2D149463046019202F0F6FE019A002862
:107A2000BDD099F80230D90914BF88F8013088F820
:107A3000023099F80030217901371D44FFB2ADB210
:107A40009944D9E70F4801F057FE3F288DD998F89F
:107A50000210002002F0FCFE002886D0094801F048
:107A60004BFE3F2898F8021003D8002002F000FFD8
:107A70007BE7054A4023002002F00AFF75E700BFBC
:107A8000F0ED00E09C6A00204C6A00208C6A002027
:107A900000207047F8B53C4DAA788A421F4612D1A3
:107AA0009AB23A4905F1100001F0DCFE384B13B1EF
:107AB0000020AFF30080374801F01EFE3F282CD88D
:107AC00001242046F8BD6B788B4208D0324B1C68ED
:107AD00014F00104F5D000BE00242046F8BD06468F
:107AE00005F1240001F0F0FD40BB2C4801F0ECFD55
:107AF0000028E5D1002FE3D017F03F07E0D16978E7
:107B0000304602F0A5FE04460028D9D069783046F8
:107B10003B463A4602F0BCFED3E7A978002002F0CB
:107B200097FE04460028CBD01A4801F0E5FD3F2817
:107B3000A9781ED8002002F09BFEC2E769780020D9
:107B400002F086FE0028D0D04022154905F124001D
:107B500001F0E4FD034690B1114A6978002002F07B
:107B600097FE0028ACD10C4B1B68DB07BDD500BECF
:107B7000BBE7064A4023002002F08AFEA1E76978AD
:107B800002F076FEB1E700BF8C6A00204C6A00204C
:107B9000000000009C6A0020F0ED00E0B06A0020C8
:107BA0000C6A002030B4114B9C689A6B93F83C50DF
:107BB00083F82C10A21A022183F830109A6225B99A
:107BC00042F2050183F83E50998744B13AB11A7BDD
:107BD000D20906D193F82F1030BC02F099BE30BC08
:107BE000704793F82E1030BC02F092BE646E0020F5
:107BF00038B5214B214C05461BB1607BFFF736F8A9
:107C0000A8B1A06BA36894F82F101D4A1B1AB3F5F6
:107C1000007F28BF4FF4007328469BB202F038FE65
:107C200020B9184B1B68DB0700D500BE38BDA26821
:107C3000A36B84F83E0042F20771D31A0120A1879A
:107C40000221A36284F82C0084F83010002AEDD0C1
:107C5000002BEBD0237BDB0906D194F82F102846AC
:107C6000BDE8384002F054BE94F82E102846BDE816
:107C7000384002F04DBE00BF6D6C0200646E002003
:107C8000646C0020F0ED00E070B5304CE28AA3682F
:107C900052BA92B286B0054612B1B3FBF2F292B27A
:107CA000A66BD4F81110607B9B1BB3F5007F28BF37
:107CB0004FF4007309BA0093B6FBF2F302FB1362B0
:107CC0001944234BFEF79AFF031E20DB94F82E2065
:107CD0000DD011469BB228461D4A02F0D9FDA0B92D
:107CE0001C4B1B68DB0710D500BE06B070BD072417
:107CF000194603A88DF80C508DF8102005938DF8C7
:107D000011308DF80D4002F0B7FB06B070BDA268CF
:107D1000A36B43F602200021D31AA08784F83E10FB
:107D200001200221A36284F82C0084F83010002A7C
:107D3000EBD0002BE9D0237BDB0914BF94F82E1085
:107D400094F82F10284602F0E3FDDEE7646E002071
:107D5000646C0020F0ED00E010B4054C012084F8C4
:107D60003C1084F83D2084F83E305DF8044B7047A9
:107D7000646E002040220021014813F037BB00BF91
:107D8000646E002040220021014813F02FBB00BF89
:107D9000646E00204B79082B01D0002070478B794E
:107DA000062BFAD1CB79502BF7D1162A06D81C4BCB
:107DB0001B68D907F1D500BE0020704770B5194D7A
:107DC0008B7885F82D300B7882B005F12F0205F104
:107DD0002E0619440223CDE900261A46044602F075
:107DE00073FC48B90E4B1B68DA0702D500BE02B01F
:107DF00070BD002002B070BD204695F82F100A4AD1
:107E000000241F2385F8304002F042FD30B9044BB6
:107E10001B68DB0702D500BE1720E8E71720E6E75E
:107E2000F0ED00E0646E0020646C0020012901D0B8
:107E300001207047F0B5137803F07F01022985B067
:107E4000054606D003F06003202B1AD0002005B0B1
:107E5000F0BD5478012CF5D15388002BF6D1434E58
:107E6000918896F83030042BC9B279D096F82E401C
:107E70008C423DD096F82F408C4257D0012005B05F
:107E8000F0BD5378FE2B16D0FF2BDFD15388002B8B
:107E9000DCD1D488A3B2002BD8D1344E1146284669
:107EA00086F83030C6E90D33B48786F83E3002F0EC
:107EB00081FD0120CBE75388002BC7D1D388012B4C
:107EC000C4D12B498DF80F3000294DD00192FEF717
:107ED000E5FD019A0028B9D0431EDBB204AC11467F
:107EE00004F8013D28462246012302F07BFDC5E748
:107EF000022BC3D1B26BB3681E4F9B1AB36206F15B
:107F000020030FCB07C73A46214602F80C39032459
:107F100028460D2386F8304002F0BAFC0028ADD187
:107F2000154B1B68DB0791D500BE90E7002BA5D150
:107F3000214602F0DFFC0028A0D12146284602F0AD
:107F400005FD00289AD1002496F82F10094A86F8DA
:107F5000304028461F2302F09BFC0028E0D08DE72C
:107F600002F0D6FC204672E70B46B7E7646E0020AD
:107F70009D6A0200646C0020F0ED00E02DE9F04104
:107F8000B44C94F83050012D8EB01E46074645D0B3
:107F900028D3032D05D0022D5FD001200EB0BDE8FF
:107FA000F08194F82E308B42F7D10D2EF5D1E37B82
:107FB000282B00F01A812A2B40F00D81A64B13B11B
:107FC000607BFEF747FE002594F82F10A34A84F843
:107FD00030501F23384602F05BFC002861D094F833
:107FE0003050D8E794F82F508D42D6D11F2B06D1B0
:107FF000DFF868829A4BD8F800209A4271D00423A7
:1080000094F82E1084F83030384602F081FC38465F
:1080100094F82F1002F07CFC0020BFE7B3F5007F3E
:1080200008D9904B1B68D90700D500BE00200EB0C0
:10803000BDE8F081E27BA36B282A00F087802A2A22
:1080400000F08F80217B626B1E44CB09A66336D083
:1080500096422CD3022384F8303094F82E10384600
:1080600002F074FC002898D1A368A26B94F82E60EB
:10807000934202D9217BC9092ED19B1A7A4AA36265
:108080000FCA764D07C52A46314602F80C3903253A
:1080900038460D2384F8305002F0FAFB00287FF4B4
:1080A0007CAF704B1B68DB07C0D500BE76E76D4B1D
:1080B0001B68DA0793D500BE94F830506BE793B293
:1080C000607B664A04F10F01FEF778FD0028C0F2DC
:1080D0009F80A66B626BBBE73146384602F018FC06
:1080E0005BE7C446BCE80F0026460FC69CE80F00BD
:1080F00007C626F8023B1B0C3370D4E90123E17B51
:108100005A4E626201200022282963632662A2621D
:1081100084F82C20A26384F8300000F0AD802A2976
:1081200000F0DF80002B00F0EF80227BD20940F0CE
:10813000EB80B3F5007F00F26F819BB22946474A7E
:10814000384602F0A5FB0028ABD048E7626B1E441E
:108150009642A663BFF47EAFFFF796FD94F83050C9
:1081600019E7E28A52BA92B21AB1A168B1FBF2F2EF
:1081700092B2D4F81110394DB3FBF2FC09BA02FBEC
:108180001C32607B009661442B46FEF74DFD0028B3
:10819000C0F2FB81864230D9361A40B1A36B291850
:1081A00013FA80F332462846A36313F006F900233E
:1081B00094F82F508DF818500722194605A88DF80D
:1081C000147007968DF819308DF8152002F054F9C7
:1081D00094F83050DFE6264B002B3FF4F4AE04F168
:1081E0000F01607BAFF30080EDE6224B002B3FF4E4
:1081F000EAAE607BAFF30080E5E6D4E90D231E44D0
:108200009642A663BFF426AF3846FFF7F1FCE6E6D8
:10821000A368A66B94F83C1084F82C509A1B02209B
:10822000A26284F8300021B942F2050084F83E10C1
:10823000A087002B3FF44EAF002A3FF44BAF237BC7
:10824000DB0940F0E58194F82F10384602F060FB1E
:108250003FE700BF646E0020556C0200646C002094
:1082600055534243F0ED00E0846E002055534253D5
:108270000000000000000000E28A52BA92B20BBB7C
:10828000002A3FF4E7AE94F83C10A362022284F87F
:108290002C2084F8302000297FF4DFAE42F2050163
:1082A0000022A18784F83E20002B3FF4D6AE237B2A
:1082B000DB0940F09A812946384602F029FB94F800
:1082C000305068E6207BC00913D0002A00F080817E
:1082D000B3FBF2F2002A00F0A3812829384694D19A
:1082E0003AE7E28A52BA92B2002BC9D0207BC00989
:1082F000EBD094F83C10A362022284F82C2084F87E
:1083000030200029CAD0D2E7667B252900F22B81D4
:10831000DFE811F0220129012901E50029012901E5
:1083200029012901290129012901290129012901FD
:108330002901290129012901BD002901290129015A
:108340002901290129012901990087002901290111
:10835000710029012901290129014C002901260068
:10836000304604AA05A9FEF717FC059B002B00F078
:108370004481BDF81020002A00F03F81013B1BBA68
:1083800012BAC8E900320820A368002B44D09842F2
:1083900028BF184683B26063A64A94F82E10384668
:1083A00002F076FA00283FF47CAE18E605AD002313
:1083B0000DF10E02304604A96B600593AB60FEF729
:1083C000EBFB049A002A00F01881BDF80E30002B58
:1083D00000F0138112BA082106925BBA0222ADF8AE
:1083E0001E308DF817108DF81C2095E8070088E8DE
:1083F00007000C20C8E7904B03B33046227DE17C98
:10840000AFF30080D0B994F83C302BB943F6022288
:108410000023A28784F83E3001213846FFF7C2FBD3
:10842000DDE5864B53B1E17C3046C1F3400301F0FA
:1084300001020909FEF7CCFB0028E4D0A368002B59
:108440003FF408AEE8E79DF816307D49002203F0BE
:10845000800362F3C7138DF8163003238DF81520BF
:108460008DF817208DF81430002900F0E180304697
:10847000FEF7FCFB9DF8163080F0010060F3C71397
:108480008DF81630059BC8F8003004207CE74FF0CB
:10849000203302250022CDE90522304607A909AA8A
:1084A00008934FF0800C079309930D93CDE90A339D
:1084B0000C931F260DAB8DF816508DF8175005AD97
:1084C0008DF818608DF815C0FEF7F0FA0FCD594EF3
:1084D0000FC60FCD0FC62B683360242054E794F8E5
:1084E0003C2094F83D0094F83E10DFF848C1DFF8D6
:1084F00058E14FF000084FF00003CDE90588CDE9C1
:10850000078862F303038DF81630F0220A23ADF8D2
:1085100024808DF820008DF821108DF814208DF81E
:108520001B3005AD0FCDACE80F002B68ACF8003068
:10853000BEF1000F76D0ACF1100130464FF400725E
:10854000AFF300800028A4F83C8084F83E800FDB65
:1085500000283FF473AF17E73046FEF7F9FA00281A
:108560003FF451AF6AE794F83C30002B7FF454AFEE
:10857000A38E304A3349607BFEF720FB0028FFF6CC
:108580004BAF00283FF45AAFFEE6A36BA2681E442F
:1085900043F602200021931BA08784F83E1001209F
:1085A0000221A663A36284F82C0084F83010002A0C
:1085B0003FF453AD002B3FF450AD237BDB0914D1C6
:1085C00094F82F10384602F0A3F994F83050E2E402
:1085D000012294F83C1084F82C200222A36284F833
:1085E000302000293FF45AAE5EE694F82E1038464B
:1085F00002F08EF994F83050CDE494F83C30002B22
:108600007FF40AAF43F6022284F83E30A28703E7E4
:1086100094F82E10384602F07BF9D4E90D2617E5C0
:108620000222D6E7A4F83CE084F83EE01220ABE654
:1086300001201FE7646C002000000000D16B0200E5
:108640006D6C0200736E00200000000070B5134CCA
:10865000134E84B020464FF4AE72002112F0C6FED5
:108660004025002304F58E720092CDE901561A468A
:10867000194604F1B000039504F068F92E4404F1A2
:1086800070020023CDE90025CDE90265201D1946C1
:10869000012204F05BF904B070BD00BF246F00201C
:1086A000A46E002010B5054C04F1B00004F07AF976
:1086B000201D04F077F9012010BD00BF246F0020B9
:1086C00038B5074C2046002500F8B85B01F058F992
:1086D00004F10C0001F054F984F8B150657138BD13
:1086E000246F00204B79FF2B01D0002070472DE92B
:1086F000F04FDFF824B19BF8B13083B04BBB9BF84F
:10870000053033BB0B788A460AEB02050AEB0304FB
:1087100089788BF80010A542064614D91AF8032070
:10872000A3189D420FD36278042A0CD00B2A0AD0DA
:10873000052A0BF1B8080BF1B0070BF10C0917D0A3
:108740009D421C4609D8A4EB0A0080B203B0BDE8E4
:10875000F08F002003B0BDE8F08F1A7813449D42DB
:10876000F1D36278042AEED00B2AECD0052AE7D1A7
:108770002146304602F048F8002843D0A378DB09B0
:1087800005D19BF8B1301BB32278A318D8E79BF82A
:108790000530002BF8D14846019301F0F1F8A2789A
:1087A0008BF80520A2889BF804C0019B1849C2F3EE
:1087B0000A02A2F50072B2FA82F2520962F3410C87
:1087C00018468BF804C004F037F92278A318B7E7ED
:1087D000404601F0D5F8A3788BF8B130A3889BF818
:1087E000B020C3F30A03A3F50073B3FA83F35B0964
:1087F00063F34102394630468BF8B02004F064F947
:108800000028C1D1034B1B68DB07A2D500BEA1E73E
:10881000286F0020F0ED00E0246F002070B51C4CA4
:1088200094F8B1208A4205461E460FD1B4F8BC2008
:10883000F2B9184B23B1B2B217490020AFF3008050
:108840002846164904F040F9012070BD63798B4237
:1088500001D0002070BD124B1BB1B1B20020AFF3AC
:1088600000801049284604F0E7F848B1012070BDA7
:10887000B2B2D4F8B41004F1B80000F0F3FFD8E7B6
:1088800032462846074904F099F8012070BD00BF20
:10889000246F002000000000A46E0020D46F002090
:1088A00000000000286F0020F8B50E688D88B778AA
:1088B0003544AE420BD23B469F42344603D10BE0D7
:1088C0006378042B05D023781C44A542F8D80020F7
:1088D000F8BDA3789F42F6D1E3789A42F3D1A5423E
:1088E000F5D9237D012B06D9144B1B68DA07EED589
:1088F00000BE0020ECE723790D46DBB1012BE6D169
:108900002278E389617A1344114423442144994233
:1089100004D3DCE70A7811448B42D8D94A78052A77
:10892000F8D101F071FF28B9044B1B68DB07CED5E5
:1089300000BEF8BDA41BEC800120F8BDF0ED00E006
:10894000C28832B9654B1B68DB0700D500BE00202A
:108950007047F0B40378624803EB830403EB4403ED
:10896000C058831803D08E781C7BA64207D95B4B76
:108970001B68D90700D500BE0020F0BC70472EB997
:10898000012C01D90120F8E701268E7001248C60AA
:10899000C1F80E404C7700256FF03F0481F822505B
:1089A0008C766FF003056FF06404CD760C774D4D37
:1089B000C1F81E50082481F82340825CB3F80D40B2
:1089C00014441C441344A342D1D2474F9D78102D28
:1089D0000CD827FA05F0C04310F0010006D1DA7870
:1089E000964203D107E05A78242AEFD01A7813442C
:1089F0009C42F8D8BBE79C42B9D0062D06D0102D7A
:108A000004D0042DB9D1012248730A73CF781A79A2
:108A1000974218D81FB9012AB4D80127CF701A7805
:108A20001A44A2420FD2967806F0FD0CBCF1050F55
:108A30000FD0112E03D10CE05678242EF3D01678E7
:108A400032449442F8D8254B1B68DA0794D500BE0F
:108A500093E7D678B742F2D19442F4D0D1F81240DD
:108A60008CB9062D30D0102D2ED0042D09D1B2F89E
:108A70000560B2F807505C7D05FB06F304FB03F4C8
:108A8000E408C1F812404B6863B9557E012D3FF6EA
:108A900079AFD2F81A3025B9D2F81E209A427FF465
:108AA00071AF4B60114AA2FB03235A0BCBD0631E5C
:108AB0001344B3FBF2F30233B3F5807F28BF4FF4C6
:108AC0008073C1F816305DE7B2F80530B2F80740A0
:108AD00004FB03F42401E408D3E700BFF0ED00E059
:108AE0008070002003010101501001005917B7D117
:108AF0002DE9F84F0B785D4C03EB83050E4603EB35
:108B000045030989E7589146804679B13944CB78C5
:108B100003F00303012B00F09480738933B13B44CD
:108B2000DA7802F00302012A00F091807488B58897
:108B300000233C44B381F38133827382B382F38296
:108B40003D44A278AC4238BF134609D29A4203D1C1
:108B50000CE06378042B06D023781C44A542F8D897
:108B60000020BDE8F88FA3789A42F5D1E3789945C3
:108B7000F2D1A542F4D994F804A0BAF1020F15D8A5
:108B8000E31BF380B9F1000F16D023781C44BAF12F
:108B9000000F4CD04FF0000B06E06378052B28D077
:108BA000042B03D023781C44A542F6D8304B1B6815
:108BB000DA07D5D500BED3E7737F012B12D006F1BB
:108BC0001E03494686F81D90A6F81890A6F81A903C
:108BD0001846302212F00AFC01463046FFF7B0FE7C
:108BE0000028BDD023781C44BAF1000FD2D1012057
:108BF000B7E7E37803F00303B9F1000F01D0012BCD
:108C000018D0022BACD12146404601F0FDFD28B31F
:108C100006EB4B03E21B1A8122780BF101039A4504
:108C200014444FF0010BBFD8B9F1000FDFD002237D
:108C30007377DCE7A388B269C3F30A039342E2D2F5
:108C40008EE700233381897801F08EFE65E70022EC
:108C500072819978404601F087FE67E7044B1B68F4
:108C6000DB077FF57DAF00BE7BE700BF8070002093
:108C7000F0ED00E010B4064C06480023C4E90033D0
:108C80001946C4F807304E225DF8044B12F0AEBB13
:108C9000807000208C7100200120704710B4064CB9
:108CA00006480023C4E900331946C4F807304E22B1
:108CB0005DF8044B12F09ABB807000208C7100208C
:108CC0002DE9F0414B790E2B04D04FF000084046BF
:108CD000BDE8F0818B79012BF7D1CB79012BF4D151
:108CE0003E4E33682BB13E4B1B68DB07EDD500BE13
:108CF000EBE714460F461A46314605463760B48006
:108D0000FFF7D2FD0028E0D0F2883368B978134429
:108D10003C44A74293F814C03B4605D308E05A7878
:108D2000042A4DD00B2A4BD01A7813449C42F6D813
:108D3000BCF1000F4ED02B494A88002AD3D1D81B52
:108D40001FFA80F83272A1F802809C4293F802E088
:108D50000A8098BF034605D80BE05A78042A2BD026
:108D60000B2A29D01A7813449C42F6D8DB1B1FFA31
:108D700083F80022BCF1010FA1F804804A77B2D138
:108D800017FA80F017FA83F3984281780AD2827832
:108D90008A4203D118E04278042AF8D002781044BD
:108DA0008342F8D8284600220E49FFF7A1FE00288A
:108DB0008BD0A6F804808AE79A787245D2D0D5E79E
:108DC0009A788A42B0D0B3E7C278012AE6D18342CA
:108DD000EFD1E7E7DB1B1FFA83F8EAE7807000209A
:108DE000F0ED00E08C7100202DE9F047167806F0D8
:108DF0001F04012C8CB004D0002420460CB0BDE828
:108E0000F087DFF8F892B2F804C0D9F80070804615
:108E100015465FFA8CF317B1BA789A422CD0B44F4A
:108E20007C88002CE9D03A7802EB820002EB400209
:108E300059F802E07444A2789A42DDD1C6F3411693
:108E4000F3B2002B00F09C80012B12D15FEA1C2CA6
:108E50000FD16B881B0A022B00F02E81062B00F02D
:108E60001781012B00F0F580A24B1B68DB0700D5B2
:108E700000BE07233B77BFE7C6F34116F4B2002CD0
:108E800047D0012C25D15FEA1C2C26D0B9F806204A
:108E9000BB18B95CDA89114419448B420ED29A7816
:108EA000023A052A06D8DA78624503D107E05A78F3
:108EB000242AF4D01A7813449942F8D849B10023EF
:108EC00089F80930012498E78A4B1B68D90700D537
:108ED00000BE072389F809308EE76B881B0A012B37
:108EE00000F09580022BEFD16B78812B00F0478149
:108EF000862BE9D10129E2D10B46404629467E4A1C
:108F000001F070FD0028DAD1FF2389F80930002430
:108F100073E76B780A2B4AD00B2B3ED10129CED1B7
:108F2000EB88002BF0D1B9F80630FA181179A9B105
:108F3000F85CD189537A0144034413440A449342B0
:108F400005D395E119780B449A4240F29181597802
:108F50000529F7D19978404601F006FD0026A9F8C9
:108F600006606A8865494046FFF79EFC0446002873
:108F7000CAD02946404601F01DFD89F809603CE74A
:108F80006B780A2B27D00B2B7FF46EAF012900F0F2
:108F9000BD8000233B7701242FE7564B1B6813F05D
:108FA00001032FD107221C4689F8092025E7012952
:108FB00085D1EB88012BA7D1B9F80620BF18A3D023
:108FC0000CAAF97802F8301D294601F00BFD044681
:108FD0000028D2D198E70129DBD1EB88012B35D1CC
:108FE000FB889BB31EEB030330D00CAADB7802F89E
:108FF000303D40460B46294601F0F4FC044628B3B8
:109000003E77FAE600BE072389F80930F5E66B786B
:10901000812B00F0D180862B00F0BE80012B7FF4E5
:1090200053AF012900F0CB8002297FF448AF344BC5
:10903000002B3FF444AF99F80A100020AFF30080F2
:10904000B0FA80F489F809006409D6E6FF233B777B
:10905000D2E67B7F0BB187F81DC06C78842C61D879
:10906000822C65D2012C00F00A81812C7FF4FCAEA9
:1090700001298ED1EB883BB1294640463023214A55
:1090800001F0B0FC002884D1FF233B770024B4E634
:109090006B78812B00F0A180862B7FF4E5AE01294F
:1090A0007FF477AF294640460123134A01F09AFC2A
:1090B00000287FF46EAFE7E76B78812BD8D040F2C1
:1090C000B080852B00F09780862B7FF4CDAE0129F0
:1090D0007FF45FAFEB88012BD6D10B464046294683
:1090E000094A01F07FFC00287FF453AFCCE700BFB2
:1090F0008C710020F0ED00E04DE403008070002052
:1091000000000000AA7100204EE403006A8839467E
:109110004046FFF7EDFC002898D02946404601F074
:1091200049FC36E7862CD2D065D3872C7FF49CAEE1
:1091300001297FF42EAFEB88002BA5D0B64EE9466F
:1091400006F1300A30687168B268F368CC46ACE862
:109150000F0010365645E146F4D19DF80210002963
:1091600040F09F80832C00F08381872C00F0648185
:10917000822C00F0618108233B7700243DE6012921
:109180007FF49DAE294640460123A44A01F02AFC03
:1091900000287FF494AEB7E601297FF490AEEB8807
:1091A000012B7FF4B1AE294640469D4A01F01AFCDE
:1091B00000287FF484AEA7E601297FF480AEEB8817
:1091C000012B7FF4A1AE294640460123954A01F0C8
:1091D00009FC00287FF473AE96E601297FF4D9AE2E
:1091E0000B464046294607F11C0201F0FBFB002814
:1091F0007FF4CFAE48E701297FF4CBAEEB88022B9A
:109200007FF442AF0CAA302122F8301D4046294697
:1092100001F0E8FB044600283FF436AF00233B771B
:10922000EBE5012B7FF420AE01293FF425AF0229A5
:109230007FF4AFAE7849A1F11E00FFF781FB044631
:1092400060B3794B7A6BBA613BB1734A79783878FD
:10925000AFF3008000287FF49CAE74490023022005
:109260004FF480720880C7E903337B61BA83C4E599
:109270006F4B1B68D8077FF547AE00BE44E6012957
:109280003FF4FAAE02297FF484AE6349A1F11E00D7
:10929000FFF756FB044600287FF47BAE08233B779C
:1092A000ABE59DF8030000287FD1FA88002A3AD068
:1092B0001EEB020337D01EF80220B3F80D005D4EFE
:1092C00010441844134498420FD99A78102A04D8AD
:1092D00026FA02F2D20700F1D5801A781344984298
:1092E000F1D95A78242AF8D1EDE70346832C5AD0D5
:1092F000872C4CD0822C7FF43EAF01218DF80310D7
:109300001A781A44904237D9947804F0FD06052E55
:1093100010D0112C0ED0147822449042F2D95478F7
:10932000242CF8D1EEE7424B1B68D9077FF523AF19
:1093300000BE20E7D478A142EDD1997806291DD04E
:1093400010291BD004297FF416AFB2F80510B2F82B
:1093500007205B7D02FB01F203FB02F3DB08CDF883
:1093600012306A4629464046302301F03BFB044652
:1093700000283FF489AE51E70246DEE7B2F8051057
:10938000B2F8073003FB01F31B01DB08E7E79A782B
:10939000062A06D0102A02D0042A7FF4ECAE997D6A
:1093A000ACE79979AAE71979A8E7019B002BD8D1F6
:1093B000FA88002AB7D01EEB0203B4D01EF802E0F0
:1093C000B3F80D20DFF86CC072449E1873449E42BF
:1093D0000ED99A78102A03D82CFA02F2D20756D462
:1093E0001A7813449E42F2D95A78242AF8D1EEE72B
:1093F00033461A7813449E4264D99A7802F0FD01EC
:10940000052948D0112A46D01A7813449E42F2D931
:109410005A78242AF8D1EEE7AA710020897000203A
:109420004EE403008A700020000000008C700020D1
:10943000F0ED00E05010010001238DF8023001230F
:109440004FF00112029300230392ADF810304FF653
:10945000C0428DF8223040F29B13ADF81A20ADF8CF
:109460001C30404ACDF81E2008238DF8233078E7C1
:10947000FB88002BE3D01EEB0303E0D01B7B8DF8B1
:109480000230DCE7DA7891427FF427AF2EE7DA7812
:109490009142A5D1ADE7DA789042B5D1823C052C56
:1094A0003FF669AE01A252F824F000BF2D950200EC
:1094B00011950200F3940200779102007791020067
:1094C000C99402003346E9E7D3F8151042F210734D
:1094D000B1FBF3F3019100293ED0DDF812208BB9E6
:1094E000931CB3F5807F28BF4FF48073CDF81630FE
:1094F00037E75A7E72BBD3F8221042F21073B1FBE9
:10950000F3F3E7E7013A1A44B2FBF3F30233E8E777
:109510005A7ECAB1053203EB8202D2F80210D3F8A8
:109520001A3042F21072B3FBF2F3D3E75A7E72B1F3
:10953000053203EB8202D2F80220D3F81A1042F26D
:109540001073B2FBF3F3C5E7D3F81E10E7E7D3F8C7
:109550001E20F2E7002301930023ADF81630ADF88A
:109560001830FEE6030101012DE9F84F334C238941
:1095700053B12278324F02EB820502EB45057D594B
:109580002B449F788F420AD02E4B1B68DB0703D5F4
:1095900000BE0020BDE8F88F0020BDE8F88FD4E9B8
:1095A00004369E4205460BD327490023C4E9033302
:1095B000636119B161781046AFF300800120E9E7DB
:1095C00001F046F90028E7D0DFF88090A36999F808
:1095D0000000D4E9042BA2EB0B0808EB00069E4226
:1095E00028BF1E46B04213D9164B1B6813F0010367
:1095F00001D000BE002339462846144A01F048F93C
:109600000028DBD10F4B1B68DA07C5D500BEC1E7C8
:10961000E168A6EB000A59444844524611F0C2FEE4
:109620000BEB0A03D0456361B3B2E4D199F8012092
:1096300042F0020289F80120DDE700BF8C710020B2
:1096400080700020F0ED00E0000000008C70002031
:109650002DE9F041B2F5004F9DF8188030D804464E
:10966000C0681E460F46154618B14FF0FF310EF088
:10967000E9FA206918B14FF0FF310EF0E3FAE28801
:10968000E068276066F30E02C2F30721002368F347
:10969000C711E2806381A580E171238118B11A4668
:1096A00019460DF087FE206938B100231A46194685
:1096B0000DF080FE0120BDE8F0810120BDE8F081C1
:1096C0000020BDE8F08100BF03894289808892B202
:1096D0009BB2934236BFC2EB40029B1A9B189BB2CF
:1096E000984228BF18467047028943899BB2981A4E
:1096F000B0FA80F04009704703894289808892B2AD
:109700009BB2934236BFC2EB40029B1A9B189BB29E
:10971000984286BFC01A80B2002070472DE9F843F6
:10972000054600690E46174618B14FF0FF310EF09E
:1097300089FA2B896989A8889BB289B28B4236BF86
:10974000C1EB40045C1AE418A4B2002C4AD0A04239
:1097500006D283422CBF191A191889B269810446AE
:10976000BC4228BF3C468842A4B203D8091A89B239
:109770008842FBD9EA882B68401AC2F30E0887B2E8
:109780001FFA88F2BC4202FB013125D917FB08F908
:109790001FFA89F94A46304611F004FEE21B12FB1B
:1097A00008F206EB090092B2296811F0FBFD6A8904
:1097B000A88892B211198BB29A4215D940001B1A8F
:1097C0009BB228696B8120B100231A4619460DF01F
:1097D000F1FD2046BDE8F88302FB04F2304611F0AB
:1097E000E1FDE4E769898BB240008342E9DBE6E70B
:1097F00038B5054600690C4618B14FF0FF310EF040
:1098000021FA29896B89AA8889B29BB2994236BF0D
:10981000C3EB4200C81A401880B200B3824209D29A
:1098200091422CBF8B1A8B189BB29A426B8103D842
:109830009B1A9BB29A42FBD9EA882968C2F30E02AE
:10984000204602FB031111F0ADFD0124286920B16F
:1098500000231A4619460DF0ADFD204638BD0446DA
:10986000F4E700BF2DE9F0471446002A4FD0054623
:10987000C0680F4618B14FF0FF310EF0E3F9EA79F6
:109880002E896989AB88D209B6B289B242D18E429B
:1098900036BFC1EB4301711A891989B2994252D27C
:1098A000591A89B28C42E88828BF0C46C0F30E08CA
:1098B000B342304603D8C01A80B29842FBD21B1A7A
:1098C0002A681FFA83F9A14508FB002047D219FB3B
:1098D00008FA1FFA8AFA5246394611F063FDA4EBE2
:1098E000090212FB08F207EB0A0192B2286811F094
:1098F00059FDA3199BB2AA88B3424FEA420201D391
:10990000934201DB9B1A9BB2E8682B81F8B9204691
:10991000BDE8F087E8889C42C0F30E080FD28E4263
:1099200023D3721A92B2580022448242C0DBCE186E
:10993000361BB6B2B14220D9361AB6B2B8E7E41A2D
:1099400008FB0477B3B9E86800240028DFD00023BF
:109950001A4619460DF02EFD2046BDE8F08708FB9B
:1099600004F2394611F01EFDC3E75800421A324492
:1099700092B2D9E70E461C4698E7B04298DCDBE786
:1099800010B50446C06818B14FF0FF310EF05AF917
:10999000206918B14FF0FF310EF054F9E068002350
:1099A0006381238118B11A4619460DF003FD206921
:1099B00020B100231A4619460DF0FCFC012010BD11
:1099C00038B5C379B1EBD31F1FD00446C0680D462C
:1099D00018B14FF0FF310EF035F9206918B14FF092
:1099E000FF310EF02FF9E379E06865F3C713E371F7
:1099F00020B100231A4619460DF0DCFC206920B185
:109A000000231A4619460DF0D5FC012038BD00BFD1
:109A1000704700BF704700BF0020704700207047AC
:109A2000704700BF704700BF704700BF704700BF5E
:109A3000024B5878003018BF012070473472002064
:109A4000024B1878C0F38000704700BF34720020CA
:109A5000024B1878FF3818BF0120704718610020AA
:109A60002DE9F047374E3378FF2B82B004D0012523
:109A7000284602B0BDE8F087002946D03822884643
:109A800007460021304811F0B1FC304B3049002529
:109A900001201D700DF068FE2E4B1860002834D098
:109AA0002D4C2346626833F80C0B618800950DF04D
:109AB0000FFCA16805460EF09FFA284B1D6075B398
:109AC000274B23B12748AFF30080274B1860254C64
:109AD000DFF89CA02278DFF8909000252B460EE05E
:109AE000D9F8003013EB45130FD05B686BB1984782
:109AF00022780135EDB2511DA9422B4615DBAA4251
:109B0000EED89B1A0AEB4313EFE7184B1B68DA07F2
:109B100000D500BE0025284602B0BDE8F087134BF3
:109B20001B68DB07F6D500BEA2E741463846377012
:109B300001F050FE05460028F1D0384601F04CFEF9
:109B400096E700BF186100203472002034730020B3
:109B5000E47100206C720020BC6000207072002054
:109B600000000000E0710020DC710020F0ED00E05A
:109B700050E40300B94B1B78FF2B00F0A1812DE9C5
:109B8000F04F04468BB04FF47A7200238002A10D8F
:109B900011F0D2F9B24DDFF8E4B2B24E8246671C42
:109BA000286800F02481002C00F02181BAF1000F18
:109BB00014BF5246012207A90DF0B2FEC0B19DF8B4
:109BC0001D30013B072B00F21481DFE813F0F20097
:109BD000D300CA00BF00B700410014000800089B72
:109BE0000BB10998984728680EF0D8F90028D6D10B
:109BF0000BB0BDE8F08F9DF820109B4B01F07F0764
:109C000003EB470303EBD11393F826006FF3000037
:109C100083F8260093F826006FF3820083F826006D
:109C2000002F00F04581914A1B7D12789342C0F0CD
:109C30003381501D9842C0F234819B1A0BEB4313C1
:109C40009F699DF82120099B9DF81C00B847CAE731
:109C5000874A1378002B00F024811378013BDBB294
:109C60001370137803F0FF00002BBCD1DFF8F891DC
:109C70009DF81C8099F8003043F0010389F800300A
:109C800099F8263060F3000389F8263099F82630D9
:109C900060F3820389F8263099F8273060F30003D7
:109CA00089F8273099F8273060F3820389F8273044
:109CB00000F002FF9DF8203003F06002602A00F0FF
:109CC0000681402A00F00A8103F01F03012B00F0F7
:109CD000D581C0F01281022B40F0F9809DF824104C
:109CE00001F07F07082F00F2F2807B00C809019382
:109CF0004B44034400905D481F7D03789F4280F0F1
:109D00000F82336803EB4717002A00F0108257B127
:109D1000786900F0D1FE7B69404608AA0121984786
:109D200000287FF460AF9DF81C00002101F0BEFF09
:109D300080219DF81C0001F0B9FF54E74A4B1B78C5
:109D4000D8077FF550AFFFF771FE4CE7464B1A7806
:109D5000D7077FF548AF1878C0F3C000FFF764FE5F
:109D600041E7414BDB78D9077FF53DAF0898FFF716
:109D700051FE38E73D4F9DF81C903A7800239846F5
:109D800010E0336813EB481300F08080DB6848462E
:109D900098473A7808F101085FFA88F8511D88451C
:109DA000434645DC9045A3EB0203EAD30BEB431398
:109DB000ECE72E4F9DF81C903A78002398460FE070
:109DC000336813EB48135BD0DB68484698473A7812
:109DD00008F101085FFA88F8511D884543460FDCF9
:109DE0009045A3EB0203EBD30BEB4313ECE72246C6
:109DF000E1E6204B1B68DA077FF5F5AE00BEF2E620
:109E000038220021184811F0F1FA1B4A4FF0FF33B5
:109E1000C2E90533C2E90033C2E90233D3611384D6
:109E2000136100F03FFE104B9DF820209A70DAE697
:109E3000382200210C4811F0D9FA0F4A4FF0FF33B5
:109E4000C2E90533C2E90033C2E90233D3611384A6
:109E5000136100F027FEFFF7E5FDC4E6186100205E
:109E600070720020DC71002034720020E07100204C
:109E700034730020F0ED00E03872002050E403005D
:109E8000A44B1B68D907CCD500BECAE7A14B1B6801
:109E9000DA07DED500BEDCE7326812EB43137FF44D
:109EA000CFAE9C4B1B68DB077FF5A2AE00BE9FE6E2
:109EB000099B9DF821209DF81C0000F013FE92E6FE
:109EC0007047FCF7F3FC0246002840F0E981914B13
:109ED0001B68DA077FF527AF00BE24E78E4800280D
:109EE0003FF421AF00F0E8FD404608AA0121FCF74D
:109EF00025FF00287FF477AE15E7202A00F0F180D7
:109F0000002AE4D19DF82130092BE0D801A252F8B3
:109F100023F000BF3BA002001BA00200CF9E020066
:109F20005DA00200CF9E0200FD9F0200A99F0200DB
:109F3000CF9E0200939F02003D9F02009DF82230B9
:109F400001931A4699F801309A4200F0548199F829
:109F50000130002B40F05481019B89F80130002B27
:109F600000F04781581EC0B2FCF7A0FC18B143783E
:109F7000022B00F0C181674B1B68DB0700D500BED8
:109F8000644B1B68D80700D500BE002389F8013058
:109F9000C9E60AAA99F8013002F80E3D40460123AD
:109FA00008A900F01FFD1EE6BDF82200030A5A1E94
:109FB000C0B20E2A3FF6B7AE01A151F822F000BFA1
:109FC000B3A202008FA202007FA20200279D02001E
:109FD000279D020061A202008FA20200279D0200BD
:109FE000279D0200279D0200279D0200279D020059
:109FF000279D0200279D0200E3A2020008A800F0AE
:10A0000061FD40469DF8221001F0ECFB99F800300C
:10A0100043F0020389F80030E5E5BDF82230012B5A
:10A020007FF481AE99F8003040466FF3C30308A96E
:10A0300089F8003000F0BEFCD5E599F800309908A9
:10A0400001F00201C3F340130AAA0B4322F80E3DAC
:10A050004046022308A900F0C5FCC4E5BDF8223043
:10A06000012B7FF460AE99F80030404643F00803BE
:10A0700008A989F8003000F09DFCB4E59DF8243073
:10A080000F2B3FF650AE4B44244A1B791778BB4246
:10A0900038D2376817EB43173FF445AE786900F0C4
:10A0A0000BFD7B6908AA01214046984700287FF4F0
:10A0B0009AAD9DF8203013F060077FF434AE9DF820
:10A0C00021300A3B012B3FF62EAE00F0F5FC9DF847
:10A0D00021300A2B00F0FC8008A9404600F06AFC01
:10A0E00081E59DF824300F2B3FF61DAE4B440B4A03
:10A0F0001B791778BB4260D2376817EB43173FF4E0
:10A1000012AE05E67A1D9A42FFF60DAEDB1B0BEB95
:10A110004317C3E7F0ED00E03D6D0200E071002061
:10A12000581DB84239DA002A7FF4FDAD17469DF874
:10A130002130012B03D036D3032B7FF4C8AEBDF8FA
:10A1400022200292AAB9B84A012B10783DD001F022
:10A15000ADFD019B009A4B44134493F8262042F036
:10A16000020283F8262093F8262042F0010283F8A9
:10A170002620002F3FF437AD786900F09DFC7B6905
:10A18000012108AA40469847002000F095FC99F864
:10A190002730D9073FF527AD9EE7FB1A0BEB431796
:10A1A000002AC4D0B4E5019B009A4B4413442033E9
:10A1B0000AAA9B79C3F3400348E77A1D9A42FFF647
:10A1C000B2ADDB1B0BEB4317A2E501F097FD019B42
:10A1D000009A02994B44134493F8262061F34102FC
:10A1E00083F8262093F8262061F3000283F82620C6
:10A1F000BFE7FFF717FC404608A900F0DBFBF2E4DD
:10A200000021404601F000FB404601F09FFB874FD4
:10A2100099F802300293002300943A781C460CE02F
:10A220000BEB4313DB68404698473A780134E4B2BD
:10A23000501D8442234600F3CE809442A3EB0203D8
:10A24000EED2336813EB4413ECD1794B009C1B68BE
:10A25000DB0700D500BE9DF8083089F802307BE6A8
:10A26000FFF7DAFB024600283FF45DAD4046137865
:10A2700008A900F0B7FB00287FF4B5AC53E5BDF8A2
:10A280002410FCF719FB02460028EFD14BE5022B06
:10A290003FF417AEFFF7C2FB024600283FF443AD80
:10A2A0004046538808A900F09DFB00287FF49BAC32
:10A2B00039E5FCF7F7FA024600283FF408AE4046BD
:10A2C000122308A900F08EFB00287FF48CAC2AE54D
:10A2D0000AAA08A902F80E7D4046012300F082FB7D
:10A2E00081E4544B002B3FF41EADFCF723FD0246E6
:10A2F00000283FF418ADD3E7C27999F80030511126
:10A3000061F30413921162F3451389F80030438816
:10A31000CDF81080CDE900A4C318039300F109071C
:10A32000039BBB4237D97B780B2B03BF3B7897F855
:10A3300003A0FF184FF0010A7B78042B43D1039B45
:10A340003A4ACDF814A0DB1B00219BB2029112788F
:10A3500088469A4617E0346814EB481433D05246C6
:10A360003946049823699847082808F1010201D961
:10A37000824543D22D4B5FFA82F81A78CDF80880D7
:10A38000511D88451CDC029B9045A3EB0202E2D3E1
:10A390000BEB4214E3E7DDF81080DDE900A4FFF7E2
:10A3A0003FFB28E70246434604463946224802F06E
:10A3B000B1FA1E4B029A1B78053393422744AFDA59
:10A3C000DDE900A4D7E51A4B1B68DF07DDE900A42F
:10A3D0007FF5D6ADD3E5382200211848009C11F056
:10A3E00005F8174A4FF0FF33C2E90533D3611384F0
:10A3F000C2E90033C2E9023313612CE7DDF814A08F
:10A40000BAF1010F1ED00021CBB2534501F1010179
:10A41000C8D2BA78134459FA83F31A79FF2AD2D1F1
:10A4200083F80480F0E700BF18610020E07100208D
:10A43000F0ED00E0356D020048720020347200201B
:10A440003872002023690A4A0A498B4208BF4FF03C
:10A45000020A9342D7D17B79012BD4D1BB79012B4E
:10A46000D1D1FB79002B08BF4FF0020ACBE700BF28
:10A470005D7902001D7102002DE9F0434378023B33
:10A4800085B005460E46042B0CD8DFE803F0495D85
:10A49000037E3F00844B1A78D70715D51A7842F00F
:10A4A00004021A70814B18688EB933464FF0FF32A0
:10A4B00029460CF07FFF003018BF0120F0B97C4B1B
:10A4C0001B68DB0700D500BE05B0BDE8F08304AA19
:10A4D000002342F80C3D29460DF07CF9019B43B165
:10A4E000744B4FF080525A6040BFBFF34F8FBFF3A1
:10A4F0006F8F003018BF01200028E0D03246697805
:10A500002878FFF785FA05B0BDE8F0836A4A13782A
:10A510000133DBB21370654B1868002ED7D1C4E746
:10A52000614B1A786FF300021A701A7800216FF3EA
:10A5300041021A7059701A7861F382021A705B4BEB
:10A540001868002EC3D1B0E75C4FDFF874913978FA
:10A55000DFF87081002423460AE0D8F8003013EBBE
:10A5600044130AD10134E4B24A1DA242234615DB4A
:10A570008C42F2D35B1A09EB4313DB69002BF1D059
:10A580006968287898473978ECE7474B1A78D407F8
:10A590009AD51A786FF382021A7083E7424C2378B7
:10A5A00058072FD5237841496FF3820323702B7806
:10A5B0008DF8043005220023CDF80A30CDF806309E
:10A5C000ADF80E3008688DF80520002E59D004AA89
:10A5D00001A942F8103D0DF0FDF8009B43B1354B49
:10A5E0004FF080525A6040BFBFF34F8FBFF36F8F61
:10A5F000003018BF012000284DD12D4B1B68D90712
:10A6000000D500BEE378DA077FF55EAF274A2B78E6
:10A61000696810688DF8043003220023CDF80A30F1
:10A62000CDF80630ADF80E3002918DF80520F6B168
:10A6300004AA01A942F8103D0DF0CCF8009B43B1EB
:10A640001C4B4FF080525A6040BFBFF34F8FBFF397
:10A650006F8F003018BF012000283FF430AF324622
:10A660009DF805109DF80400FFF7D2F92CE733465A
:10A670004FF0FF3201A90CF09DFE003018BF012001
:10A68000EAE733464FF0FF3201A90CF093FE0030A9
:10A6900018BF0120AFE732469DF805109DF8040071
:10A6A000FFF7B6F9AEE700BF3472002070720020E9
:10A6B000F0ED00E000ED00E034730020E0710020D8
:10A6C00050E40300DC7100202DE9F84F0A9F002AB6
:10A6D0004CD090464A78052A0C460ED1CE7806F02A
:10A6E0000306B34209D18A7802F07F02082A0DD905
:10A6F000204B1B68DA0700D500BE1E4B1B68DB072A
:10A7000002D40020BDE8F88F00BEFAE7DFF868B099
:10A71000DFF868A09BF8009000250EE06278052A1B
:10A72000EBD1E27802F00302B242E6D1A27802F065
:10A730007F02082ADCD89BF800909AF802100022C9
:10A74000204602F095F80028D2D04846214601F074
:10A750006FF80028D1D0A278D30916BF0B9B3A70AE
:10A760001A702278013545451444D7D10120BDE83F
:10A77000F88F00BFF0ED00E0186100203472002077
:10A7800030B51E4D85B0082400230290019303913B
:10A790008DF805402868144682B9134601A94FF088
:10A7A000FF320CF007FE003018BF0120E0B9144B57
:10A7B0001B68DB0700D500BE05B030BD04AA01A9A7
:10A7C00042F8103D0DF006F8009B43B10D4B4FF0E1
:10A7D00080525A6040BFBFF34F8FBFF36F8F00307E
:10A7E00018BF01200028E2D022469DF805109DF8F0
:10A7F0000400FFF70DF905B030BD00BF70720020F6
:10A80000F0ED00E000ED00E038B58B7803F07F0359
:10A81000082B06D90B4B1B68DB0700D500BE0020B8
:10A8200038BD094A094B0C46204691781D78002214
:10A8300002F01EF80028EDD021462846BDE8384039
:10A8400000F0F6BFF0ED00E0347200201861002047
:10A85000CB09263301F07F010348044A03EB410191
:10A860000844116801F0BABF347200206C720020F5
:10A87000CB09263301F07F010348044A03EB410171
:10A880000844116801F0D6BF347200206C720020B9
:10A8900038B5154C01F07F0504EB450404EBD114E9
:10A8A0002034A079C00706D5104B1B68DA0700D505
:10A8B00000BE002038BDA5790D4845F0010500789F
:10A8C000A57101F0F1F80028F4D1A379074A60F3EB
:10A8D0000003A371A37960F38203A3711368DB07FC
:10A8E000E7D500BE38BD00BF34720020F0ED00E0B7
:10A8F00018610020054B01F07F0203EB420303EBDC
:10A90000D11191F8260000F0010070473472002048
:10A9100010B50C4B18780C4601F0C8F90A4904F040
:10A920007F0301EB430101EBD41191F8263043F092
:10A93000020381F8263091F8263043F0010381F8B4
:10A94000263010BD1861002034720020054B01F044
:10A950007F0203EB420303EBD11191F82600C0F311
:10A96000400070473472002010B50F4B18780C4629
:10A9700001F036F80D4904F07F0301EB430101EBD0
:10A98000D41191F826306FF3410381F8263091F805
:10A9900026306FF3000381F8263091F826306FF3EC
:10A9A000820381F8263010BD186100203472002027
:10A9B000704700BF0A4630B4094C49680546106824
:10A9C000234603C30023C4E9023392F900209A42CC
:10A9D0002846ACBF802119461A4630BCFFF758BF45
:10A9E00078730020F0B50E462B4C49680746306856
:10A9F000A260254603C50021E181F588AB4228BF4E
:10AA00002B4683B0A381ADB13BB3002A3DD094F96E
:10AA10000000402B28BF402300282CDB1F4A38466B
:10AA2000FFF736FF98B91E4B1B68DB0712D500BE37
:10AA300003B0F0BD96F90030002BACBF802100219F
:10AA400038462B462A46FFF723FF0028EBD001208B
:10AA500003B0F0BD002003B0F0BD94F90020002A3F
:10AA6000ACBF194680211A463846FFF711FF00286F
:10AA7000D9D00120ECE71146084801931A4610F09E
:10AA800091FC064A019B8021EEE7054B1B68D90724
:10AA9000E0D500BE1046CBE7787300203873002065
:10AAA000F0ED00E0034B0022C3E90022C3E90222DB
:10AAB0001A61704778730020014B1861704700BF1E
:10AAC000787300200346064A5968006810B413469C
:10AAD000002403C3C2E902445DF8044B704700BF81
:10AAE0007873002070B5404C2278C909B1EBD21FB1
:10AAF00082B0064615D03BB13C4B1B68DA0700D547
:10AB000000BE002002B070BD2146FFF751FF23694F
:10AB1000002B40D02246304603219847012002B046
:10AB200070BD94F90020A068002A08DB0028E8D056
:10AB30001A462F49019310F035FCA068019BE58966
:10AB4000E2881D44ADB21844AA42A060E58101D05C
:10AB50003F2B23D8236923B1234A0221304698474B
:10AB600088B194F9002000239A42ACBF8021194695
:10AB700030461A46FFF78CFE68B91C4B1B68DB0792
:10AB8000BFD500BEBEE70146304601F08FF8304623
:10AB9000802101F08BF8012002B070BDA28994F9E8
:10ABA0000010531B9BB2402B28BF402300290ADB17
:10ABB00095424FF0000112D00D4A3046FFF768FE73
:10ABC0000028DAD0E7E795420BD001461A4608483C
:10ABD000019310F0E7FB8021054A019BEDE70A464F
:10ABE000EBE780210022E8E778730020F0ED00E039
:10ABF0003873002000B170470EF09ABB00B1704767
:10AC00000EF0A0BB0138C3B2042B07D856230D4A5F
:10AC100003FB00F013181B79DB0706D40A4B1B68F3
:10AC2000DB0700D500BE00207047CB09363301F0AA
:10AC30007F0103EB4101054B08441044196801F002
:10AC4000CDBD00BF8C730020F0ED00E03C7500200E
:10AC50000138C3B2042B07D856230A4A03FB00F07D
:10AC600013181B79DB0701D400207047CB0936335A
:10AC700001F07F0103EB4101034B084410441968C4
:10AC800001F0D8BD8C7300203C750020F0B5441E47
:10AC9000E5B2042D83B017D8562505FB04F5174EF1
:10ACA00001F07F0405EB4404344404EBD114303448
:10ACB000A779FF070BD5124B186810F0010001D0DF
:10ACC00000BE002003B0F0BD002003B0F0BD1F4661
:10ACD00013460A460146705DA579009745F00105C7
:10ACE000A57100F0BDFB0028ECD1A37960F300034F
:10ACF000A371A37960F38203A371E3E78C7300204F
:10AD0000F0ED00E02DE9F047764DAF798F4284B049
:10AD100091461E4604465BD0E2234FF0000AA9711B
:10AD20008DF809108DF80830ADF80CA0002E00F059
:10AD3000B380012103AF0DF10808FBF72BFE41465C
:10AD40003A4602232046FBF753FE51462046FBF7C6
:10AD500021FE9DF80C30EB702223D9F800908DF87D
:10AD60000730002E3ED020460121FBF713FE3A4665
:10AD70000DF1070101232046FBF73AFE9DF80C3048
:10AD8000EB704946082300222046FBF731FE20469F
:10AD90000021FBF7FFFD0026102241F2F2032046BE
:10ADA0000121EA71ADF80830ADF80C60FBF7F2FD57
:10ADB0003A46414602232046FBF71AFE314620461A
:10ADC000FBF7E8FD9DF80C30EB7004B0BDE8F087B0
:10ADD000222303AF0DF10808D9F800908DF8073051
:10ADE000002EC0D14FF0FF31E86D0CF02BFF314643
:10ADF0002046FBF709FE20460121FBF7CBFD3A4632
:10AE00000DF1070101232046FBF7F2FD9DF80C3000
:10AE1000EB703246082349462046FBF7E9FD3146F0
:10AE20002046FBF7B7FD20460121FBF7EDFD334639
:10AE300032463146E86D0CF0BDFA102241F2F203C1
:10AE40004FF0FF31E86DEA71ADF80830ADF80C60F5
:10AE50000CF0F8FE31462046FBF7D6FD20460121D6
:10AE6000FBF798FD3A46022341462046FBF7C0FD1A
:10AE700031462046FBF78EFD20460121FBF7C4FD3D
:10AE8000334632463146E86D0CF094FA9DF80C30AA
:10AE9000EB7004B0BDE8F0874FF0FF31E86D0CF0C7
:10AEA000D1FE31462046FBF7AFFD03AF204601211E
:10AEB0000DF10808FBF76EFD3A4602234146204695
:10AEC000FBF796FD31462046FBF764FD2046012145
:10AED000FBF79AFD334632463146E86D0CF06AFACC
:10AEE00037E700BF407500202DE9F04F4B781D0774
:10AEF0000E4685B090460978044662D1DA0600F124
:10AF00004881B26812B1B288002A5AD1E24D03F0EA
:10AF10002006AB7966F07F068B42F6B200F06481C2
:10AF2000E2230027A9718DF809108DF80830ADF8DB
:10AF30000C70B8F1000F00F06C82012120460DF179
:10AF40000C090DF1080AFBF725FD51464A4602237C
:10AF50002046FBF74DFD39462046FBF71BFD9DF8CB
:10AF60000C30EB70F223EE718DF8096000268DF83D
:10AF70000830ADF80C60B8F1000F40F0D980E86DF2
:10AF80004FF0FF310CF05EFE41462046FBF73CFDE2
:10AF900020460121FBF7FEFC4A460223514620468B
:10AFA000FBF726FD41462046FBF7F4FC2046012135
:10AFB000FBF72AFD434642464146E86D0CF0FAF99C
:10AFC00045E0B54D13F02007AA7946D1914240F0F3
:10AFD000BE800DF10C090DF1080AB37813F0100FC3
:10AFE0000CBF10222022EA2300278DF809208DF8BB
:10AFF0000830ADF80C70B8F1000F00F0FA800121B4
:10B000002046FBF7C7FC02234A4651462046FBF781
:10B01000EFFC39462046FBF7BDFC9DF80C30EB7089
:10B020007378EB71F222012120468DF809308DF8FA
:10B030000820ADF80C70FBF7ADFC51464A460223E0
:10B040002046FBF7D5FC39462046FBF7A3FC9DF8CC
:10B050000C30EB7005B0BDE8F08F914240F0A1805C
:10B060000DF10C090DF1080AB37813F0100F0CBFA5
:10B0700040228022EA2300278DF809208DF808302D
:10B08000ADF80C70B8F1000F00F0E480012120460B
:10B09000FBF780FC514602234A462046FBF7A8FCFA
:10B0A00039462046FBF776FC9DF80C30EB70328871
:10B0B0002B899A422AD0B788F2887388BF1ABFB208
:10B0C0005B099F4228BF1F4617F0FF0740F0088129
:10B0D0003A23AF708DF8097000278DF80830ADF86D
:10B0E0000C70B8F1000F00F0D98001212046FBF769
:10B0F00051FC514602234A462046FBF779FC39466B
:10B100002046FBF747FC9DF80C30EB7033782B7230
:10B1100073786B727378EB71F22200268DF8093028
:10B120008DF80820ADF80C60B8F1000F3FF427AFA0
:10B1300020460121FBF72EFC51464A4602232046B9
:10B14000FBF756FC31462046FBF724FC7FE7E22361
:10B15000A9718DF80910ADF80C708DF80830B8F1B0
:10B16000000F00F0DE80012120460DF10C090DF1E9
:10B17000080AFBF70FFC51464A4602232046FBF71C
:10B1800037FC39462046FBF705FC9DF80C30EB7088
:10B1900023E7434606F10802FFF7B4FD05B0BDE81A
:10B1A000F08FE2230027A9718DF809108DF808307F
:10B1B000ADF80C70B8F1000F00F0D98001212046E5
:10B1C0000DF10C090DF1080AFBF7E4FB51464A4664
:10B1D00002232046FBF70CFC39462046FBF7DAFB3E
:10B1E0009DF80C30EB703FE70DF10C090DF1080AEA
:10B1F000B8E64FF0FF31E86D0CF024FD41462046E3
:10B20000FBF702FC01212046FBF7C4FB02234A4660
:10B2100051462046FBF7ECFB41462046FBF7BAFBC4
:10B2200001212046FBF7F0FB434642464146E86DCC
:10B230000CF0C0F89DF80C30EB707378E86DEB7192
:10B24000F2224FF0FF318DF80930ADF80C808DF807
:10B25000082097E64FF0FF31E86D0CF0F3FC414613
:10B260002046FBF7D1FB20460121FBF793FB4A4622
:10B27000022351462046FBF7BBFB41462046FBF725
:10B2800089FB20460121FBF7BFFB4346424641466E
:10B29000E86D0CF08FF807E7407500204FF0FF31A4
:10B2A000E86D0CF0CFFC41462046FBF7ADFB204695
:10B2B0000121FBF76FFB4A46022351462046FBF76C
:10B2C00097FB41462046FBF765FB20460121FBF733
:10B2D0009BFB434642464146E86D0CF06BF812E793
:10B2E00012238DF80730D6F808B0B8F1000F64D0FB
:10B2F00020460121FBF74EFB4A460DF107010123D1
:10B300002046FBF775FB9DF80C30EB7059463B4629
:10B3100000222046FBF76CFB00212046FBF73AFB9E
:10B32000D6E64FF0FF31E86D0CF08CFC414620462C
:10B33000FBF76AFB0DF10C09204601210DF1080A0B
:10B34000FBF728FB4A46022351462046FBF750FBF9
:10B3500041462046FBF71EFB20460121FBF754FB2C
:10B36000434642464146E86D0CF024F80DE74FF0A5
:10B37000FF31E86D0CF066FC41462046FBF744FBCC
:10B380000DF10C09204601210DF1080AFBF702FB23
:10B390004A46022351462046FBF72AFB41462046F7
:10B3A000FBF7F8FA20460121FBF72EFB4346424605
:10B3B0004146E86D0BF0FEFF12E74FF0FF31E86DFC
:10B3C0000CF040FC41462046FBF71EFB20460121C5
:10B3D000FBF7E0FA4A460DF1070101232046FBF78F
:10B3E00007FB9DF80C30EB7042463B465946204621
:10B3F000FBF7FEFA41462046FBF7CCFA2046012136
:10B40000FBF702FB434642464146E86D0BF0D2FF94
:10B410005EE64FF0FF31E86D0CF014FC414620462B
:10B42000FBF7F2FA0DF10C09204601210DF1080A93
:10B43000FBF7B0FA4A46022351462046FBF7D8FAFA
:10B4400041462046FBF7A6FA20460121FBF7DCFA2D
:10B45000434642464146E86D0BF0ACFF7FE500BF36
:10B460002DE9F04102F07F0CBDF818E0D20981BB54
:10B47000BCF1000F5ED13E4EA6F160077178B47842
:10B4800082F0010262F345110A466FF3041244F0A0
:10B4900010017270B170B278B360032363F30302DA
:10B4A00000258046A6F804E0B270F5802846FFF734
:10B4B000A1FBBC7AC4BB01252046BD72FFF79EFBF1
:10B4C0002246404631462C46FFF70EFD2046BDE899
:10B4D000F08182F00108BCF1000F2ED0254F01222F
:10B4E0003C4604E00132142A04F10C0418D094F80C
:10B4F0006C508D42F6D102EB420507EB850595F8BD
:10B50000615005F00F066645ECD1C5F34015454581
:10B5100004F16C06BFD00132142A04F10C04E6D108
:10B5200000242046BDE8F0812846FFF767FB20464F
:10B53000BDE8F08182F00108D0E70E4F01243D46BE
:10B5400002E00134142CEBD095F86C608E4205F1CA
:10B550000C05F6D104EB4406B60007EB060C9CF88C
:10B5600061C01CF00F0FECD160363E4486E700BF8F
:10B57000A07500204075002042DF704743DF704710
:10B5800044DF704712DF7047F0B5334CBFF35B8F79
:10B59000014604F590730125D3E84F2FC3E8405FBF
:10B5A0000028F9D1BFF35B8F12F0FF0F48D10829B3
:10B5B00029D04E01A21954F806C028489388284F74
:10B5C00001F5947601EB810E50F82660D2889A1A24
:10B5D00093B2B6B200EB8E0209B2B34228BF334633
:10B5E000C2F800C707EB8100C2F8043747F82150C2
:10B5F000BFF36F8FBFF34F8F1A4B984218D0043BA5
:10B60000984215D0F0BD154BD3F8C024D1030FD408
:10B6100094F80B1161B11449D4F80001C3F8A007E4
:10B62000C3F8A4270D60BFF36F8FBFF34F8FF0BD3A
:10B630000023BFF35B8F84F82031BFF35B8FF0BD35
:10B640000A4B0B485A68C2F30802003218BF0122A5
:10B65000BDE8F040FFF794B89076002000700240FB
:10B6600028700240507002404870024000ED00E037
:10B67000E9B60200174BBFF35B8F01460122D3E806
:10B680004F0FC3E84C2FBCF1000FF8D1BFF35B8F15
:10B6900010F0FF0F14D10A60BFF36F8FBFF34F8F0D
:10B6A0000D4B994203D0043B994200D070470B4B9D
:10B6B000BFF35B8F002283F82021BFF35B8F7047BD
:10B6C000074B08485A68C2F30802003218BF01222B
:10B6D000FFF756B8B07700205070024090760020F7
:10B6E00000ED00E075B60200F0B5334CBFF35B8FA0
:10B6F000C1B204F590730126D3E84F2FC3E8406F21
:10B700000028F9D1BFF35B8F12F0FF0F47D1082952
:10B7100028D04D01621954F805E028489388DFF8D5
:10B72000B0C001F5947550F82570D2888D009A1A32
:10B7300093B2BFB26A1800EB8202BB4228BF3B46FD
:10B74000C2F800E76544C2F804374CF82160BFF343
:10B750006F8FBFF34F8F1A4B9D4218D0043B9D4211
:10B7600015D0F0BD154BD3F8C024D1030FD494F8F5
:10B770000B1161B11349D4F80001C3F8A007C3F855
:10B78000A4270E60BFF36F8FBFF34F8FF0BD002370
:10B79000BFF35B8F84F82031BFF35B8FF0BD0A4BA2
:10B7A0000A485A68C2F30802003218BF0122BDE8F5
:10B7B000F040FEF7E5BF00BF907600200070024029
:10B7C000507002404870024000ED00E0E9B602000F
:10B7D0002870024001207047014B80225A60704758
:10B7E00000E100E0074BD3F80014D3F80024002058
:10B7F0000A434FF48001C3F80024C3F85801C3F88A
:10B800000413704700700240074B4FF4001229B92F
:10B81000C3F80823054B83F821117047C3F80423AC
:10B82000024B83F82111704700700240907600208F
:10B8300070B48A788C88414EC97802F07F03D509AC
:10B8400005EB430006EB001001F00301C4F30A040A
:10B85000012904812BD0012101FA03F4BDB138483C
:10B8600002339940C0F80413D0F810352343C0F8D0
:10B870001035334B42F48071C3F81825C3F80C150A
:10B88000BFF36F8FBFF34F8F012070BC70472C4800
:10B8900003F10C06B140C0F80413D0F8141503F5F9
:10B8A00094730C43C0F8144540F82350E1E7082B8B
:10B8B00008D0244B186810F00100E6D000BE00202C
:10B8C00070BC7047EDB9B6F818311BB11C4B802223
:10B8D000C3F81C251A4A0023C2F85031D2F80033AD
:10B8E00013F4001308BFC2F85431154B4FF4401243
:10B8F000C3F80423D3F8142542F48072C3F8142546
:10B90000BEE7B6F808210E4B0021C3F82C1112B186
:10B910008022C3F81C250A4AD2F8003313F400131E
:10B9200008BFC2F85431064B074AC3F80423D3F8C2
:10B93000102542F48072C3F81025A1E7907600200C
:10B9400000700240F0ED00E0000820001F4B802254
:10B950002DE9F041C3F88420BFF34F8FBFF36F8F01
:10B9600001241B4D1B4FA0460026A30004F10C022E
:10B97000A11C03F1804303F51C3308FA01F108FA16
:10B9800002F20A43C7F8082328465E6001342022E9
:10B990009E6200210FF02AFD082C05F12005E4D15C
:10B9A0000D4BC7F808332022C7F81C6500217E62C2
:10B9B0000A48BE640FF01AFDC7F81485C7F8108551
:10B9C000024B80225A60BDE8F08100BF00E100E038
:10B9D000B076002000700240000830009077002010
:10B9E00001F07F02082A70B44FEAD11128D0012358
:10B9F00003FA02F0C043B1B1294C951CAB40C4F826
:10BA00000833D4F81055274B2840C4F8100501EB33
:10BA1000420103EB01110023CB72BFF36F8FBFF321
:10BA20004F8F70BC70471E4C02F10C05AB40C4F840
:10BA30000833D4F814551B4B2840C4F81405E6E726
:10BA4000184B03EB01100024A0F808411448D1B1B1
:10BA50004FF40064C0F80843D0F8104524F4807413
:10BA6000C0F81045B3F81841B3F808510C48EC423F
:10BA70004FF0000608BF4FF40014C0F81C6508BF63
:10BA8000C0F80843C3E74FF48014C0F80843D0F867
:10BA9000144524F48074C0F81445C0F85011E1E74F
:10BAA000007002409076002001F07F004FEAD11C28
:10BAB000F0B50CEB4005744E2D01771985B0FC7A7A
:10BAC0004CB1724B1C6814F0010401D000BE00247C
:10BAD000204605B0F0BD04F0FF0E7251BB80A7F800
:10BAE00006E0002843D1002B57D0BCF1000F00F036
:10BAF0008E8006EB401100EB8003CD8A8A8A0C8B86
:10BB00000969521B9B0092B203F1804303F51C3379
:10BB1000A24228BF22465E4DC3F8001600B2C3F809
:10BB200004265C4BBFF35B8F05EB80010122D3E859
:10BB30004F4FC3E8472F002FF9D1BFF35B8FE4B21B
:10BB4000002C40F0908045F82020BFF36F8FBFF3AA
:10BB50004F8F514B994202D0043B994219D1BFF308
:10BB60005B8F002386F82031BFF35B8F11E0BCF1BF
:10BB7000000FBED106EB40160123F372BFF36F8FA7
:10BB8000BFF34F8FB37A23B1F37A03F0FF04002B96
:10BB900074D10124204605B0F0BD404AD2F880247B
:10BBA000C2F3C0126245A0D03D4D6A688DF80810FE
:10BBB000C2F3080100314FF4E06218BF012101A86F
:10BBC00003938DF80930ADF80420FEF755FCBFF360
:10BBD0005B8F06F590720123D2E84F1FC2E8403F09
:10BBE0000028F9D1BFF35B8FCCB2002C38D12A4AA0
:10BBF0001360BFF36F8FBFF34F8F1C46BFF35B8F94
:10BC0000204686F82011BFF35B8F05B0F0BD0123FD
:10BC1000204AF372BFF35B8FD2E84F4FC2E8413F37
:10BC20000029F9D1BFF35B8FE4B26CB91D4A1360F0
:10BC3000BFF36F8FBFF34F8FBFF35B8F86F820C1C9
:10BC40001C46BFF35B8F43E7154B16495A681648ED
:10BC5000C2F30802003218BF0122FEF791FD37E758
:10BC60006A680D49F3E70E4B0F485A68C2F30802A1
:10BC7000003218BF0122FEF783FD29E786F80AC0CB
:10BC8000FFF782FC24E700BF90760020F0ED00E093
:10BC900004700240B07700205070024000700240F3
:10BCA00000ED00E04C70024075B6020011F07F001C
:10BCB00008B512D008280BD00E4B41F48072C90988
:10BCC000C3F8182504D10C4B03EB40139A7A62B9E0
:10BCD000BFF36F8FBFF34F8F08BD064B01225A652C
:10BCE000BFF36F8FBFF34F8F08BD9972FFF74CFC06
:10BCF000EEE700BF007002409076002011F0770F51
:10BD000012D00A4B41F48072C3F80C15C3F80C250D
:10BD1000CA09C3F8181504BF01F5947143F821202E
:10BD2000BFF36F8FBFF34F8F704700BF00700240AB
:10BD30002DE9F04FA54BA64CD3F8000300238BB0A0
:10BD40001E461F46012520FA03F11A19C9074FEABA
:10BD5000820209D5116839B105FA03F117600E4363
:10BD6000BFF36F8FBFF34F8F0133192BEBD1F20766
:10BD700000F13582974D330508D5944BD3F8A8369A
:10BD800001229BB2A5F8163185F81C21B70206F4F2
:10BD9000800424D58D4BD3F81425D00540F1FC81C7
:10BDA000002C00F0A182D3F80024D20740F19C823D
:10BDB000D3F81035DA0540F1FB8195F81C3107AF57
:10BDC000002B40F0BD82814BD3F8203508933846D4
:10BDD0004FF440730121ADF81C30FEF74DFB04B366
:10BDE0007A4AD2F8004440F201732340C2F800348A
:10BDF000E30500F15682670510D5744B0122C3F8A4
:10BE000008259A65D3F8002312F4001208BFC3F87E
:10BE100054216E4B4FF40012C3F80423A00500F127
:10BE2000358231023DD5694BD3F880C4D3F88414F0
:10BE3000D3F888E4D3F88C74D3F89084D3F894447E
:10BE4000D3F89804D3F89C245FFA8CF35FFA80FC53
:10BE5000D0B25A06C9B25FFA8EFEFFB25FFA88F816
:10BE60005FFA84F901D105291BD00024224668F32A
:10BE7000070263F3070461F30F2469F30F226EF3E3
:10BE800017446CF3174260F31F6267F31F644FF4AB
:10BE9000C063012107A8CDE90842ADF81C30FEF7C8
:10BEA000EBFA4D4B3340002B40F09181DFF82491A9
:10BEB000464F4D46CA4609F5907800241DE02B44B4
:10BEC000DA7A002A00F0D781DA88AAF80420002262
:10BED000DA72D98809914FF4E063012107A88DF83F
:10BEE00020B08DF82120ADF81C30FEF7C5FABBF16B
:10BEF000080F47D001340AF1200A04F10C0326FA96
:10BF000003F3DB075FFA84FBF1D504EB840307EB53
:10BF10008303DAF80020D3F80807630112FA80F2ED
:10BF2000E918CAF80020CA8880B2024492B2082CEC
:10BF3000CA80C4D0BAF808208242C0D1CA88BAF8F0
:10BF400004109142BBD9BBF1000FD0D10122BFF345
:10BF50005B8FD8E84F3FC8E8412F0029F9D1BFF3E4
:10BF60005B8F13F0FF0F40F052821C490A60BFF351
:10BF70006F8FBFF34F8FBFF35B8F85F82031BFF317
:10BF80005B8FB7E7164B3340002B00F002810F4B5D
:10BF9000D3F86C240192C3F86C24BFF36F8FBFF306
:10BFA0004F8F16F4806600F06E81D3F88024D3F8AA
:10BFB000803483F08003C3F3C0130593C2F3C0132E
:10BFC0000493DFF808A00024A84613E000700240A4
:10BFD000409C001090760020FCFB1F004C7002403B
:10BFE00000040001002C00F0F281072E52D0013431
:10BFF00009F120090199E14004EB8403C9070AEB28
:10C00000830308EB4412E6B2ECD5D3F80816D9F84E
:10C010001070C9B20F44C9F81070D08A014489B2B7
:10C02000D182A849D08AB9F8145061188900854294
:10C0300002914FF0010C66F07F0103914FF4E06B29
:10C040004FF0000E614607A840F2B480D18AB9F8DB
:10C050001820C3F800766D1AADB2954228BF154678
:10C06000994AC3F80456BFF35B8FD2E84F3FC2E84A
:10C0700041CF0029F9D1BFF35B8F13F0FF0F40F0E0
:10C08000ED80029BC3F800C0BFF36F8FBFF34F8FEB
:10C09000072EACD1019BDB03454601D4059B43B180
:10C0A000EB7A23B1EB88AA889A4200F271810123CE
:10C0B000AB72019B9F030BD595F82B3023B1EB8C12
:10C0C000AA8C9A4200F28881012385F82A30019BCC
:10C0D0005E030DD595F84B3033B1B5F84630B5F861
:10C0E00044209A4200F27D81012385F84A30019B69
:10C0F0001C030DD595F86B3033B1B5F86630B5F843
:10C1000064209A4200F27E81012385F86A30019B07
:10C11000D8020DD595F88B3033B1B5F88630B5F827
:10C1200084209A4200F23881012385F88A30019BED
:10C1300099020DD595F8AB3033B1B5F8A630B5F806
:10C14000A4209A4200F22D81012385F8AA30019B98
:10C150005A020DD595F8CB3033B1B5F8C630B5F8E5
:10C16000C4209A4200F22281012385F8CA30019B43
:10C170001B020ED595F8EB30002B00F0F380B5F8DC
:10C18000E630B5F8E4209A4240F2EC800720FFF751
:10C19000FBF90BB0BDE8F08FD3F81025D1053FF5C2
:10C1A0000CAE95F821211AB94FF40012C3F80823F8
:10C1B00007AF08E6D38A09939DF80C30ADF81CB0A0
:10C1C0008DF820308DF821E0FEF756F90DE70023B9
:10C1D000BFF35B8F85F82031BFF35B8F66E63B4B87
:10C1E0003B4A3C4D3C4800240127C2F81475C2F874
:10C1F0001075546094625C609C629C60DC62DC60E0
:10C200001C631C615C635C619C639C61DC63DC613E
:10C210001C6454629464C2F85841D2F80034D2F8D5
:10C2200000140B43C2F80034D2F80033C2F80833CC
:10C230002146C2F8040328464FF492720FF0D6F854
:10C2400040234FF48072394607A82B832B818DF849
:10C250002040ADF81C20FEF70FF98CE51F4B20485D
:10C260005A680299C2F30802B2EB0E0218BF01220B
:10C27000FEF786FAB9E61B4B1B68D80789D500BEC6
:10C280000BB0BDE8F08FCDE904669AE600220523E5
:10C29000012107A88DF81C208DF81D30FEF7ECF861
:10C2A000BFE50121C2F82C150423002207A88DF850
:10C2B0001C208DF81D30FEF7DFF867057FF5AEAD69
:10C2C0009BE500BF019C0010B07700200470024085
:10C2D00000700240907600200514C00100ED00E0DF
:10C2E00075B60200F0ED00E04F4BBFF35B8F01220B
:10C2F000D3E84F1FC3E8402F0028F9D1BFF35B8F6D
:10C3000011F0FF0F32D1494BD3F8C004C70352D408
:10C3100095F80B1101F0FF07002967D04449D5F8C3
:10C320000071C3F8A077C3F8A4070A60BFF36F8F4A
:10C33000BFF34F8FD3F81035D8053FF53EAD37E743
:10C34000B5F816310993002285F81C2188234FF493
:10C35000E06238460121ADF81C20ADF82030FEF730
:10C360008BF830E5012385F8EA3012E7314B32488B
:10C370005A68C2F30802003218BF01220821FEF7F2
:10C38000FFF92A4BD3F81035DB053FF516AD0FE763
:10C390000020FFF7F9F88CE60420FFF7F5F8019B81
:10C3A000C6E60520FFF7F0F8019BD1E60620FFF76F
:10C3B000EBF8019BDCE6BFF35B8F85F82011BFF340
:10C3C0005B8FD3F81035DF053FF5F7ACF0E6049945
:10C3D00000293FF40CAE18E60120FFF7D5F8019BC9
:10C3E00076E60220FFF7D0F8019B81E6BFF35B8F72
:10C3F00085F82071BFF35B8FD3F81035D9053FF571
:10C40000DCACD5E60320FFF7BFF8019B80E6094BC3
:10C410000A485A680A49C2F30802003218BF0122CA
:10C42000FEF7AEF966E500BFB0770020007002406D
:10C430004870024000ED00E0E9B6020075B6020067
:10C440004C70024030B5012885B000F09F8057D372
:10C45000022840D1BA4BD3F80435002B40F0D780E6
:10C46000B74AD2F800341C05FBD54FF40063C2F87C
:10C470000034BFF36F8FBFF34F8FB24AB24B1268D5
:10C480001B68082A00F0D780AD4BB04D80240122F4
:10C49000C3F81C45C3F80423C5F88441FDF7D8FA56
:10C4A000002840F0F880AA4D43F204044FF0804386
:10C4B0002268AA4211D0D3F80C14D3F80C24D0036C
:10C4C000F6D5CA07F4D59E4B0122C3F80425BFF365
:10C4D0006F8FBFF34F8F05B030BD04AA002102F863
:10C4E0000C1D1046FFF74EF89DF804000028E2D01E
:10C4F00010460191FFF744F8019A002AD8D0E2E7EC
:10C500008F4BD3F80025002AE5D14FF480014FF47A
:10C510000062C3F80813C3F80024BFF36F8FBFF3A2
:10C520004F8F884B1B68082B00F0B780844B01228B
:10C53000C3F80025BFF36F8FBFF34F8F43F20402A0
:10C5400003F18D5303F57723126803F2DB539A420C
:10C5500000F0CA804FF08043D3F80C24D3F80C3499
:10C56000D90301D5D207B6D443F20402784B12683E
:10C570009A4200F01881774B00221A601B680193E1
:10C580004FF08043012201991A60A4E76C4BD3F865
:10C590000025002A9FD00022C3F80425BFF36F8F27
:10C5A000BFF34F8F69498020C1F88400BFF34F8FDC
:10C5B000BFF36F8FD3F80013C3F80813C3F8002537
:10C5C000BFF36F8FBFF34F8F43F2040103F18D531D
:10C5D00003F57723096803F2DB53994200F0998051
:10C5E00001AB5D4A012111605C4A5168C1F3080149
:10C5F000003118464FF000024FF0020318BF01212E
:10C600008DF804208DF80530FDF736FF63E743F21F
:10C6100004024F4B12689A4200F0B0804FF0804302
:10C62000D3F80C24D3F80C34DB037FF519AFD5070E
:10C630007FF516AF4FE7032B0AD8494A1168002946
:10C6400040F09880474C49F27530106021601060CE
:10C650005A1E022A10D8424A1168002967D1424D59
:10C660003848394B00681B6849F2753414602960FA
:10C67000146008287FF408AF032B3FF605AF3B4951
:10C680003B4B40F2E370402208601A60BFF36F8FAB
:10C69000BFF34F8FF8E66C6005E72B4B1B685A1E03
:10C6A000022A12D82E4B1A68002A40F08E802E499A
:10C6B00049F2753203201A6008601A60214A224B41
:10C6C00012681B68082A7FF431AF032B3FF62EAFA8
:10C6D000234B1A68002A74D1224949F27532C020CE
:10C6E0001A6008601A6021E704AB002203F80C2DE1
:10C6F0001846FEF747FF9DF8041000293FF42AAFC3
:10C7000018460192FEF73CFF019B002B7FF4E3AE3D
:10C710002AE704AB03F80C2D1846FEF733FF9DF80B
:10C720000420002A3FF45DAFFEF728FF5CE70549CF
:10C73000054B0D4A08681B680021116099E700BF8E
:10C7400000700240300100103401001000E100E0F0
:10C75000DBE5B151000100400400004000ED00E0C5
:10C7600000EC064014EC064014ED06400078024050
:10C7700004780240174A0021116069E704AB0022E7
:10C7800003F80C2D1846FEF7FDFE9DF80410002955
:10C790003FF444AF18460192FEF7F2FE019B002BD6
:10C7A0007FF499AE5CE604A8002300F80C3DFEF788
:10C7B000E9FE9DF80430002B3FF4DDAEFEF7DCFE11
:10C7C00089E6044BC0221A60B0E6034B03221A60CC
:10C7D00074E700BF14EC064014ED0640F8B503788A
:10C7E00013F0010405D10678C6F3800626B1204671
:10C7F000F8BD00242046F8BD0F4605464FF0FF3136
:10C8000038460BF01FFA2A7812F001040FD12B786A
:10C810005B0704D42B7843F004032B70012400231E
:10C8200038461A4619460AF0C5FD2046F8BD34467A
:10C83000F5E700BF70B505460E4608464FF0FF31DC
:10C840000BF000FA2878C0F3800444B900240023D8
:10C8500030461A4619460AF0ADFD204670BD2B78C9
:10C8600013F00102F2D12B7862F382032B70EEE712
:10C8700010B4C378848803F00303022BC4F30A04C2
:10C8800026D019D8012B04D0002318465DF8044B9C
:10C890007047022940F2FF3208BF4FF48062A24283
:10C8A000F3D21A4B1B6813F00103EED000BE002335
:10C8B00018465DF8044B7047022914BF40234FF41B
:10C8C0008063A342EDD3012318465DF8044B704703
:10C8D00002290BD012B1B4F5007F11D0A4F10803E6
:10C8E0009BB2182B06D9402CEDD0DAE7B4F5007FC7
:10C8F000D7D1E8E7064A22FA03F3DB07D1D5E2E70E
:10C9000000244021134644710171BEE7F0ED00E0C0
:10C91000010100010A44914216D230B44C78052C32
:10C9200005D00C7821448A42F8D830BC70478C7806
:10C9300004F07F0500EB4505E4092B550C782144F4
:10C940008A42EBD830BC7047704700BF2DE9F041F8
:10C9500082B00678089DBDF82470009361F300064C
:10C960000446294600F8086B012316463A46BDF8EE
:10C970002C80FCF76DFE05B13FB90A9B6360012076
:10C98000A4F8028002B0BDE8F08104F11C0101208E
:10C990000AF0EAFE26B903463046C4E90503ECE78F
:10C9A0000023FAE710B50446406908B10BF000FB1C
:10C9B000A06908B10BF0FCFA012010BDF0B50B46E0
:10C9C0000D4613F8081B83B011F0020F07461846F6
:10C9D00040F2FF130CBF3F241C461646FCF774FEC2
:10C9E000E8B9E6B126421AD12B786978DA073846D9
:10C9F00018D5FEF707F990B12B78697813F0010389
:10CA000013D000233846CDE900331A46FEF73EF92D
:10CA100030B9084B1B68DB0701D500BE00E00020E1
:10CA200003B0F0BDFDF714FFE5E738461A46FDF701
:10CA30002FFFEDE7F0ED00E070B501F1080582B0E1
:10CA4000064628460C46FCF73FFE38B1237861784D
:10CA5000DB07304605D5FEF7D5F830B9002002B027
:10CA600070BDFDF7F5FE0028F8D0284662886168A1
:10CA7000FCF754FE054690B1237862686178D807C8
:10CA800017D50023CDE9003330462B46FEF7FEF8DC
:10CA9000B0B90C4B1B68DB07E0D500BEDFE72078A0
:10CAA000617810F00104304608D1FDF7E1FE204620
:10CAB000D5E730462B46FDF7EBFEE9E7FEF7C8F871
:10CAC0002846CCE7F0ED00E02DE9F0418A890B78AB
:10CAD00082B00C460646E2B9DD07497857D5FEF725
:10CAE00091F800284FD0227863886178D20751D519
:10CAF000002B5DD0626800253046CDE90055FEF779
:10CB0000C5F800284DD1374B1B68DB073BD500BE6D
:10CB10003AE003F0020301F10808002B40460CBF85
:10CB200040274FF40077304D08BF6FF03F05FCF70A
:10CB3000E3FD874227D823786178DB07304634D578
:10CB4000FEF760F8F8B14046FCF7D6FD874233D8CF
:10CB500005EA000265882378617890B2854228BF93
:10CB60000546DA0732D5002D37D062680023CDE9BB
:10CB7000003330462B46FEF789F80028C3D02846FC
:10CB800002E0FEF765F8002002B0BDE8F081FDF795
:10CB90005FFEA6E773B162683046FDF779FE0028B4
:10CBA000B1D0608802B0BDE8F081FDF751FEC9E761
:10CBB0001A46A0E71A46EFE72078617810F00104E2
:10CBC0003046DED1FDF754FE2046DDE73DB1626818
:10CBD00030462B46FDF75CFECFE72A46C6E72A46DD
:10CBE000F6E700BFF0ED00E000FEFFFF0CB4144BD1
:10CBF00030B51B788342ABB004D22BB0BDE83040D7
:10CC000002B070472FAD2B462E9A01950C4602A814
:10CC1000A0210FF0D5FB5B210A4809F02BF9214632
:10CC2000084809F015F90849064809F011F902A960
:10CC3000044809F0D9F92BB0BDE8304002B0704784
:10CC400019610020586300201CE5030000B5002096
:10CC500083B00FF067FB0DF10703181A03B05DF8FE
:10CC600004FB00BF2DE9F84F0446894616460AF03A
:10CC70009DFADFF8A880264FDFF898A005462068C7
:10CC800003681B6998478346C0B1206803685B69E5
:10CC90009847C3B20D2BD4F810C004F1080B17D07D
:10CCA0000A2B15D0BCF5007F424639464FF00100F3
:10CCB00024D2194658460AF017F8E0E70AF076FA47
:10CCC000401BB0424FF001001FD20AF07BFAD6E7BA
:10CCD000BCF1000FD3D008342146484609F03AFF92
:10CCE00020460C4909F082FFD9F800300A4A084969
:10CCF0000320FFF77BFF0120BDE8F88FFFF776FFE9
:10CD00005146584609F072FFB9E75846BDE8F88F1A
:10CD100008E703005CE80300B8E60300C0E6030090
:10CD20002DE9F04F06468DB00B46894603204D494C
:10CD300090464D4AFFF75AFF4946306809F088F897
:10CD40000D21306809F096F80AF030FA4749074695
:10CD500003A809F0BDFD0AF029FAC01B40455BD2CB
:10CD6000142203A93046FFF77DFF05460028F2D0C4
:10CD7000DFF818B10BF124045BF8041F09A809F0CF
:10CD8000A7FD09A903A80AF061F8824609A809F0DD
:10CD9000D9FEBAF1000F27D15C45EDD1344903A883
:10CDA0000AF03CF8C8B9334903A80AF037F858B973
:10CDB000314909A809F08CFD09A903A80AF046F831
:10CDC00090B309A809F0BEFE039B00932B4A2549A6
:10CDD0004B460120FFF70AFF002503A809F0B2FE29
:10CDE00028460DB0BDE8F08F96F8750096F87430BF
:10CDF000441C04F00704A3422CD00C2303FB006066
:10CE00000DEB0301143009F0A5FE86F875400AF019
:10CE1000CDF9C01B4045A3D34B46194A1149012007
:10CE2000FFF7E4FE0025D8E7164906A809F050FDF3
:10CE300006A903A80AF00AF8044606A809F082FE2B
:10CE400009A809F07FFE002CBED1494603A809F0CD
:10CE5000E5FF80E7039B0C4A02490120FFF7C6FE6D
:10CE600079E700BF08E7030000E703005CE8030080
:10CE7000ECE9030048E6030050E6030068E603001F
:10CE800074E603005CE6030020E603001CE50300F3
:10CE900038B5044610460D461A460146206809F08A
:10CEA00051FC206803682946DB6998474FF47A7083
:10CEB0000AF088F903E0206803685B6998472068F6
:10CEC00003681B6998470028F5D104F10805284636
:10CED0000F4909F08BFE4FF4FA620E492046FFF726
:10CEE0001FFF03E0206803685B69984720680368B8
:10CEF0001B6998470028F5D12846054909F076FEB8
:10CF000020464FF4FA620449BDE83840FFF708BFF5
:10CF10005CE8030008E6030010E603004FF4FA6241
:10CF20000149FFF7FDBE00BF10E603002DE9F04FF9
:10CF300087B007463949DFF8ECB0DFF8EC90DFF84E
:10CF4000ECA0684609F0C4FC002269463846FFF7A9
:10CF500089FE00B3324D03AC05F1240855F8041FD7
:10CF6000204609F0B5FC2146684609F06FFF0646E9
:10CF7000204609F0E7FDBEBBA845EFD15246494621
:10CF80000320009BFFF732FE002269463846FFF778
:10CF900069FE0028DED197F8741097F875308B423F
:10CFA0001CD003AC0C26142516FB01513944204635
:10CFB00009F0B4FC97F874307A68013303F0070382
:10CFC000204687F8743002B19047204609F0BAFD38
:10CFD00097F8741097F875308B42E5D1684609F0E0
:10CFE000B1FD07B0BDE8F08F97F8750097F8743081
:10CFF000441C04F00704A34209D00C2303FB007077
:10D000001430694609F0A6FD87F875409CE7009B3F
:10D010005A4649460120FFF7E9FD95E75CE8030021
:10D020001CE5030020E6030008E70300FCE503001D
:10D030002DE9F04F064689468FB0574903209246A6
:10D040009846564A4B46FFF7D1FD4946306808F0EE
:10D05000FFFE0D21306808F00DFF0AF0A7F85049D7
:10D06000039005A809F034FC0AF0A0F8039BC01A4D
:10D07000404559D214220DEB02013046FFF7F2FD74
:10D0800005460028F0D0474C04F1240B54F8041F47
:10D090000BA809F01DFC0BA905A809F0D7FE07464F
:10D0A0000BA809F04FFD3FBBA345EFD13E4905A8B2
:10D0B00009F0B4FEC8B93D4905A809F0AFFE58B95A
:10D0C0003B4908A809F004FC08A905A809F0BEFE20
:10D0D00090B308A809F036FD059B0093354A2E4908
:10D0E0004B460120FFF782FD002505A809F02AFD27
:10D0F00028460FB0BDE8F08F96F8750096F87430AA
:10D10000441C04F00704A34239D00C2303FB006045
:10D1100005A9143009F01EFD86F875400AF046F89E
:10D12000039BC01A4045A5D34B46234A1A49012008
:10D13000FFF75CFD0025D8E720490BA809F0C8FBE4
:10D140000BA905A809F082FE04460BA809F0FAFC19
:10D1500008A809F0F7FC002CBED1494605A809F043
:10D160005DFE002880D1BAF1000F3FF47DAFDAF800
:10D1700008305BB905A9504609F068FD74E7059BC6
:10D180000F4A05490120FFF731FD6DE70A2150469E
:10D1900009F0AAFDEEE700BF08E7030000E703007F
:10D1A0005CE803001CE50300ECE9030048E603002B
:10D1B00050E6030068E6030074E603005CE6030043
:10D1C00020E603004FF4FA620149FFF7A9BD00BF52
:10D1D000E8E603002DE9F04F0F4697B01646774971
:10D1E0004FF4FA620446FFF79BFD20B90546284636
:10D1F00017B0BDE8F08F724907A809F069FB07A9CD
:10D20000384609F023FE002800F0B3800DF1040831
:10D210003946404609F082FB0AAD07A809F092FCA6
:10D22000019B684A302128460EF050FF2B46664A83
:10D2300066490320FFF7DAFC2946206808F008FE5B
:10D240000D21206808F016FE09F0B0FF40F6B73750
:10D25000054609F0ABFF401BB84206D9A7E020689D
:10D2600003685B6998473E2809D0206803681B69FA
:10D2700098470028F3D1012009F0A4FFE9E73146DF
:10D280002068DFF8689108F0DDFD206803681A2146
:10D290001B68984709F08AFF4D49074604A809F022
:10D2A00017FB47F22F5609F081FFC31BB3424FF023
:10D2B000320204A920466FD8FFF7D4FC05460028A7
:10D2C000F1D0DFF82CA10AF124065AF8041F07A8B0
:10D2D00009F0FEFA07A904A809F0B8FD834607A8DB
:10D2E00009F030FCBBF1000F1CD15645EDD1494689
:10D2F00004A809F093FD58B9364904A809F08EFD39
:10D3000050B3049B344A31490120FFF76FFC0025DC
:10D3100004A809F017FC404609F014FC284617B091
:10D32000BDE8F08F94F8750094F87430451C05F052
:10D330000705AB4209D00C2303FB0040143004A9BD
:10D3400009F008FC84F87550ABE7049B234A1F4999
:10D350000120FFF74BFCA4E7214907A809F0B8FA20
:10D3600007A904A809F072FDE8B907A809F0EAFBCB
:10D3700097E70AAD2846124909F0AAFA3946284625
:10D3800009F0D4FC0DF104080146404609F0C6FA44
:10D39000284609F0D7FB40E7124A0C490120FFF765
:10D3A00025FC0025B4E707A809F0CCFBA9E70E4A45
:10D3B00006490120FFF71AFC0025ACE7E8E6030068
:10D3C00084E6030088E6030000E7030008E70300A3
:10D3D0005CE8030048E6030098E6030020E603004B
:10D3E0005CE60300A8E60300C0E50300ECE90300E7
:10D3F0001CE5030010B586B00B460446064A684695
:10D4000018210EF063FE6946204640F6B832FFF759
:10D4100087FC06B010BD00BFF4E603002DE9F04321
:10D42000884697B017465C494FF4FA620546FFF705
:10D4300077FC20B90446204617B0BDE8F083574971
:10D4400001A809F045FA284601AA40F6B833544924
:10D45000FFF7EEFD38B9002401A809F073FB204660
:10D4600017B0BDE8F0833A2101A809F01BFD041EA6
:10D47000F1DB4A490AA809F02BFA48490DA809F03E
:10D4800027FA464910A809F023FA444913A809F0DD
:10D490001FFA0025621C039B04A801A909F04AFD9C
:10D4A0000AAE2C46069B1BE022462C2104A809F05C
:10D4B00009FDB0F10009B8BFDDF8189022464B46CF
:10D4C00004A907A809F036FD07A9304609F06CFB4E
:10D4D00007A809F1010409F035FB069B01350C365C
:10D4E0009C4233D2042D45D0214604A809F0D0FC3B
:10D4F0002228D9D101340146224604A809F0E2FCD1
:10D50000B0F1000922DB22464B4604A907A809F026
:10D5100011FD07A9304609F047FB07A809F012FBE7
:10D52000069B09F101049C42D8D2214604A809F0C7
:10D53000AFFC2C28214604A803D009F0A9FC202820
:10D54000CBD1069B0134A342EFD8C7E704A809F06A
:10D55000F9FA022DD8BF00240FDC13A809F0F2FA63
:10D5600010A809F0EFFA0DA809F0ECFA0AA809F0E2
:10D57000E9FA71E704A809F0E5FA0DA809F00EFE32
:10D58000C8F8000010A809F009FE00283860D4BFD0
:10D5900000240124E1E700BFE8E603005CE80300A3
:10D5A000DCE603002DE9F04F0E469BB000F10C09BC
:10D5B0007F49054609F08CF97D49484609F088F90C
:10D5C00005F1180A05F124031C46794903935046D6
:10D5D00009F07EF92046764909F07AF975490BA8D9
:10D5E00009F076F90BA9304609F07EFC04460BA839
:10D5F00009F0A8FA002CC0F2C38022460A21304666
:10D6000009F060FC031E01932246BCBFB36801937E
:10D610003A21304609F056FC0BACDFF894810290B9
:10D620001AAFA346584641460BF10C0B09F050F9CE
:10D630005F45F7D1029A019B013205A831464FF0B0
:10D64000000809F077FCC346079B1AE05A462C21D4
:10D6500005A809F037FC071EB8BF079F5A463B468E
:10D6600005A908A809F066FC08A9204609F09CFA5B
:10D6700008A807F1010B09F065FA079B08F10108FA
:10D680000C345B4535D9B8F1050F53D0594605A880
:10D6900009F0FEFB2228D9D10BF1010B01465A46B5
:10D6A00005A809F00FFC071E23DB5A463B4605A9D7
:10D6B00008A809F03FFC08A9204609F075FA08A857
:10D6C00009F040FA079B07F1010B5B45D6D9594693
:10D6D00005A809F0DDFB2C28594605A803D009F060
:10D6E000D7FB2028C9D1079B0BF1010B5B45EED876
:10D6F000C4E705A809F026FAB8F1030F1DDC43467C
:10D700002D4A2E490120FFF771FA0EAC14AF17A86D
:10D7100009F018FA384609F015FA11A809F012FABA
:10D72000204609F00FFA0BA809F00CFA28461BB0A6
:10D73000BDE8F08F05A809F005FA0BA928460EAC44
:10D7400009F008FA14AF2146484609F003FA50469A
:10D75000394609F0FFF9B368019A9342D7DD0132E7
:10D76000314608A809F0E6FB039E08A9304609F0F7
:10D770001BFA08A809F0E6F9304609F0E3FCC6E711
:10D780000F490BA809F0A4F80BA9304609F0ACFB2F
:10D7900004460BA809F0D6F9002CBFF62EAF094AB3
:10D7A00006490120FFF722FA28461BB0BDE8F08F9A
:10D7B0005CE8030060E503008CE5030008E7030074
:10D7C00068E5030070E5030070B58EB003230646DC
:10D7D0000D46204A182106A80EF078FC06A94FF441
:10D7E000FA623046FFF79CFA1B4903A809F070F86B
:10D7F00003A9284609F02AFBD0B16C4629462046E9
:10D8000009F08CF803A809F09DF9009B134A202128
:10D8100006A80EF05BFC06A941F288323046FFF7FD
:10D820007FFA0546204609F08DF928460EB070BDF6
:10D83000094906A809F04CF8294606A809F076FA25
:10D840006C460146204609F069F806A809F07AF905
:10D85000D8E700BFE8E5030084E60300F4E5030031
:10D8600041F288320149FFF75BBA00BF14E60300BA
:10D8700040F6B8320149FFF753BA00BF18E603007B
:10D880004FF4FA620149FFF74BBA00BFD0E503003D
:10D8900010B586B00B460446064A684618210EF0BD
:10D8A00015FC694620464FF4FA62FFF739FA06B0D4
:10D8B00010BD00BFDCE5030010B586B00B46044682
:10D8C000064A684618210EF001FC694620464FF4CE
:10D8D000FA62FFF725FA06B010BD00BF44E5030069
:10D8E00010B586B00B460446064A684618210EF06D
:10D8F000EDFB694620464FF4FA62FFF711FA06B0D5
:10D9000010BD00BFE8E5030010B586B004461B4912
:10D91000684608F0DDFF20466A4640F6B8331849ED
:10D92000FFF786FB30B3174903A808F0D1FF03A91E
:10D93000684609F0D9FA044603A809F003F9002C57
:10D9400018DB22462C21684609F0BCFA031E11DBC5
:10D95000621D694603A809F0EDFA03A809F01EFC50
:10D96000044603A809F0EEF8684609F0EBF82046F3
:10D9700006B010BD4FF0FF34F6E700BF5CE80300CF
:10D98000B0E50300B8E5030030B585B00D460446A8
:10D99000174901A808F09CFF284601AA40F6B833B1
:10D9A0001449FFF745FBC0B1222101A809F07AFA1A
:10D9B000002812DB451C2A46222101A809F082FA20
:10D9C000031E0ADB2A4601A9204609F0B3FA01A882
:10D9D00009F0B8F8204605B030BD0549204608F0EA
:10D9E00077FF01A809F0AEF8204605B030BD00BFB2
:10D9F0005CE8030054E503002DE9F04F0E468FB0BC
:10DA00002C21044609F04EFA051EC0F2A68002A899
:10DA10002B460022214609F08DFAA3686A1C05A84E
:10DA2000214609F087FA079B012B88BF012733D8CD
:10DA300000252F2102A809F035FA2F21834602A8DC
:10DA400009F064FA3A21824605A809F02BFA3A2136
:10DA5000074605A809F05AFABBF1000F804601DB22
:10DA6000D3457FDB2368AA4AAA490320FFF7BEF803
:10DA7000002405A809F066F802A809F063F820461A
:10DA80000FB0BDE8F08F09F0F5F903782D2B0CD01D
:10DA9000079B01379F42CBD2394605A809F0EAF926
:10DAA00003782B2B394605A8EDD1002FC0DD079B4D
:10DAB00008A83A4605A909F03DFA0A9B012B40F255
:10DAC0000F813A2108A809F0EDF90028C0F20C8175
:10DAD000002108A809F0DCF94FF6FF752D284FF05A
:10DAE0003A0108A80CBFAA464FF0010A09F0DAF97A
:10DAF0000DF12C080346012208A90546404609F00D
:10DB000019FA404609F04AFB8146404609F01AF8E6
:10DB10006A1C0A9B08A9404609F00CFA404609F025
:10DB20003DFBC9EB09190546404605EB890509F09F
:10DB300009F815FB0AF52DB208A809F003F83B46D1
:10DB4000002205A9404609F0F5F9414605A809F06B
:10DB50002BF8404608F0F6FF6BE7002420460FB094
:10DB6000BDE8F08F002FFFF67DAF8742BFF67AAF9A
:10DB70005B46002202A90BA809F0DCF90BA809F00A
:10DB80000DFB81460BA808F0DDFF53460BF10102A7
:10DB900002A90BA809F0CEF90BA809F0FFFA8346F9
:10DBA0000BA808F0CFFF0AF10102049B02A90BA801
:10DBB00009F0C0F90BA809F0F1FA82460BA808F0A9
:10DBC000C1FF3B46002205A90BA809F0B3F90BA839
:10DBD00009F0E4FA01900BA808F0B4FF43467A1C60
:10DBE00005A90BA809F0A6F90BA809F0D7FA074672
:10DBF0000BA808F0A7FF08F10102079B05A90BA8D5
:10DC000009F098F90BA809F0C9FA80460BA808F0AA
:10DC100099FFB9F1630F07DCB9F1450F40F26C735E
:10DC2000D8BF4FF4FA6399440BF1FF330B2B64D840
:10DC30000AF1FF3ABAF11E0F5FD8019B172B5CDC8B
:10DC40003B2F5ADCB8F13B0F57DCB9F5FA6F54DBC8
:10DC50005FFA8BF3304A3149022B98BFA9F10109D1
:10DC60004FF4C87399FBF3F302FB03994FEA99024F
:10DC7000BBF1020F40F26D1000FB0920CCBF6FF02A
:10DC800002020922824493449922642002FB0BF28F
:10DC9000B9FBF0F9AAEB090002320524B2FBF4F259
:10DCA000024401FB0323A3F532236FF4A76213445C
:10DCB000002B2ADB01981A494FF4616202FB00F243
:10DCC00001FB03233C2202FB0737B8444FF6C47321
:10DCD00015FB0383002B18DD3360B5800124C8E6F3
:10DCE00000250DF12C0827E708A809F057FAC0EB2A
:10DCF000001005B20DF12C081EE72368094A0549FA
:10DD00000320FEF773FF0024B3E60024B1E600BF52
:10DD10006CE703007CE7030070FEFFFFB13A0200EE
:10DD20008051010084E7030070B50D6884B004469B
:10DD300015B33C2613491448144B12FB0652A1FBA1
:10DD40000251090C00FB1121A3FB0123DB0A4FF454
:10DD500061600F4D0F4A00FB1311A5FB010149093A
:10DD6000009102A806210EF0B1F902A9204608F0A0
:10DD7000AFFD204604B070BD074908F0A9FD20465C
:10DD800004B070BD07452EC280510100C5B3A291F9
:10DD90008988888898E703005CE80300704700BF23
:10DDA000002914BFFF210021643041F288320DF0B8
:10DDB0001DBB00BF002969DB70B4B0F90C408C4278
:10DDC00062DD002A60DBB0F90E5095425CDD41F265
:10DDD000EE3589B2455D15B1C943214489B2847ECF
:10DDE000022C92B265D0032C5DD0012C55D041F2AB
:10DDF000FA3541F2EF34465B045D41F2FC35891B94
:10DE000009B2455B002C42D1521B12B200293BDB08
:10DE100041F2FE34045B25B2A94235DA002A33DB35
:10DE200000F5A055B5F9005095422DDD41F2F835C9
:10DE300041F2F436455B865B16FB05F6921B12B287
:10DE4000002A21DB2DB2AA421EDA00294FEAD404AF
:10DE50000D4602FB04F2B8BFCD1D4C4204F007048E
:10DE600001F0070102EBE50258BF61420244C1F133
:10DE70000701012000FA01F149B292F964000BBBDD
:10DE800020EA010182F8641070BC70477047448931
:10DE9000641B013CA21A12B2B8E70489D2431444AD
:10DEA0000A46A1B2A3E74489013C641A1146A2B212
:10DEB0009DE704894589D243013C2A44611A92B204
:10DEC00089B294E7014382F86410DDE710B5044697
:10DED000243008F037FE04F1180008F033FE04F196
:10DEE0000C0008F02FFE204608F02CFE204610BD46
:10DEF00070B5064600F1140500F174040C3C204690
:10DF000008F020FEA542F9D106F1080008F01AFE3B
:10DF1000304670BD38B5074CA4F5A06504F1140077
:10DF200008F010FE04F10800283C08F00BFEAC429B
:10DF3000F4D138BD1491002038B5074CA4F1C005C8
:10DF4000183C04F10C0008F0FDFD204608F0FAFD35
:10DF5000AC42F5D138BD00BF109200202DE9F04150
:10DF6000284E294C336841F2F83786B00025E25F2D
:10DF700001924FF0C808072BCDE9035502952B46B7
:10DF80002A46CDF8008004F1640104F124001DDD6F
:10DF900007F008FA294604F1240006F0F9FEE35FD1
:10DFA000CDF80080CDE901352A462B4604F1640105
:10DFB00004F12400CDE9035507F0F4F904F124003D
:10DFC00006F022FE356006B0BDE8F08107F0D0F91A
:10DFD00004F12400012106F0DBFEE35FCDF80080B0
:10DFE000CDE90135CDE903552B462A4604F16401FC
:10DFF00004F1240007F0D6F933680133336006B02A
:10E00000BDE8F081C4920020247800202DE9F0437F
:10E01000002293B04FF6FF710E23CDE90031724814
:10E020001146C82305F06AFA0021C82300910D2289
:10E030006D4805F04FFC6D4B1F68132F09DC0D2F49
:10E0400050DC072F00F3CB80002FD4BF002701271F
:10E0500000E004270026DFF89081B1460A25B400CD
:10E060000234C5F10D0C24B20FFA8CFC0FFA85FEB8
:10E07000B742CDE900C94FF003037246214640463E
:10E080002CDD05F03BFA0136033D042EADB2E6D19E
:10E09000554C574D0121204606F0D8F92B685549BB
:10E0A00000229342C4E904121EDC534E3368002B55
:10E0B00008DD52494C4807F0CBFE31684A480A2235
:10E0C00007F0DCFE4E4B1B68013B062B00F28980FB
:10E0D000DFE803F0811F737B7D7F8300032305F05E
:10E0E0004DFAD0E70327B5E74649434E204607F0EF
:10E0F000AFFE0A222968204607F0C0FE3368002BD5
:10E10000E0DD2B68002BD4DD3F49204607F0A0FE60
:10E11000CFE73E493E4E3F4D03A808F0D9FB059B93
:10E120003148A3EB830364330322238203A9628271
:10E1300007F088FE0A2231680CA808F073FC0CA9CD
:10E140000FA808F0EBFB34490FA808F01BFE0A22C9
:10E150000746296809A808F065FC09A9384608F0AF
:10E16000E5FD014606A808F0D9FB09A808F0EAFC7D
:10E170000FA808F0E7FC0CA808F0E4FC2B68002BC3
:10E1800006DD3268934203DC1C4906A808F082FDD4
:10E19000089B1548A3EB83035B00C433032223824F
:10E1A00006A9628207F04EFE06A808F0CBFC03A881
:10E1B00008F0C8FC13B0BDE8F083184B18491A7872
:10E1C000184B002A18BF1946A4E71549A2E71649BB
:10E1D000A0E714499EE715499CE715499AE70227ED
:10E1E00038E7144996E700BF247800203861002002
:10E1F000F49200201800030014920020040204008E
:10E20000D0920020D0E80300B4E9030060FB0300D3
:10E21000DC920020D8920020D4E80300C8920020AD
:10E22000B0E80300C0E80300B8E80300A8E8030072
:10E23000C8E80300D4FA03002DE9F0415448554CD6
:10E24000554E564D88B0FFF75FFB02AA206001A92A
:10E250004F48FFF7E3F818B1DDE9012332602B6086
:10E260004F4F3B789BB108F0A1FF4E4B4E4A1B68C5
:10E27000C01A90420BD82368132B35DC0D2B58DCC9
:10E28000072B74DC002BD4BF002301232DE00023D7
:10E2900005A83F490393ADF81030FFF775FB05A8BB
:10E2A00003A9FFF7A9FB804605A808F04BFCB8F1CD
:10E2B000000FE0D0DFF81881BDF91030B8F9002068
:10E2C000934206D0394A3A490220FEF78FFCBDF945
:10E2D0001020A8F8002001233B7008F067FF314BA5
:10E2E00018602368132BC9DD0423324A324F1068AB
:10E2F000324C31682D683F68D4F800E098423048CD
:10E3000019D104682F4E8C4229D0DFF8C8C0DFF83D
:10E31000C8802D4C136001603560CCF80070C8F8DF
:10E3200000E008F043FF236898420AD208B0BDE835
:10E33000F0810323D9E7234EDFF898C0DFF89880F7
:10E34000E7E70021214806F087F808F02FFF23684F
:10E3500098420ED2FFF702FE08B0BDE8F0813468A3
:10E36000DFF870C0AC4207D0DFF86C80D1E7022341
:10E37000BBE7FFF74BFEEDE7DCF80040DFF8588025
:10E38000BC42C6D1D8F800407445C2D1CEE700BF28
:10E390001892002038610020DC920020D8920020E2
:10E3A000F09200204C9100207FEE360020E903001F
:10E3B0007CE7030028610020F492002014920020E2
:10E3C0002C6100201C610020EC92002024780020A9
:10E3D0003C610020246100202061002030B587B01E
:10E3E00001460446684608F099FA684608F09CFE23
:10E3F000564903A808F06CFA03A9684608F026FD00
:10E40000054603A808F09EFBF5B1514903A808F0A2
:10E410005FFA21684F4842F2107303AAFEF708FE24
:10E42000059B0446002B61D14B4B4C494C48002CBA
:10E4300008BF194607F0D8FD03A808F083FB68461B
:10E4400008F080FB07B030BD4649204608F0E6FCE6
:10E45000002834D03E4903A808F03AFA03AA41F252
:10E46000883341493B48FEF7E3FD03A93C4807F0E8
:10E47000A9FD374903A808F0B9FB03AA41F2883384
:10E480003A493448FEF7D4FD03A9354807F09AFD10
:10E490002F4903A808F0AAFB41F2883303AA3449A4
:10E4A0002C48FEF7C5FD03A92D4807F08BFD03A8F6
:10E4B00008F048FB684608F045FB07B030BD2D4921
:10E4C000204608F0ABFCB0B12B4B2C4C1A782C49F1
:10E4D0002348032A0ABF0222032221461A7007F0AA
:10E4E00083FD684608F02EFB07B030BD03A91C4829
:10E4F00007F068FD98E72046224908F08FFC58B1E4
:10E50000FEF7A4FB0A220146154807F025FD1E4927
:10E51000134807F069FD92E71C49114807F064FDB4
:10E520001B490F4807F060FD1A490D4807F05CFDD4
:10E5300019490B4807F058FD1849094807F054FDE0
:10E540001749074807F050FD79E700BF10E60300C0
:10E550005CE803001892002068EA0300ECE903007D
:10E5600058630020B8E8030088EA03008CEA03003F
:10E5700098EA0300A4EA0300196100207CEA030082
:10E5800070EA0300ACEA0300B0EA0300BCEA03004F
:10E59000C8EA030004EB030024EB03004CEB030088
:10E5A00064EB030070B50D4686B006462249684606
:10E5B00008F08EF9AB685BB100242146284608F0CC
:10E5C00067FC3038092828D9AB6801349C42F4D361
:10E5D0001A4903A808F07CF903A9284608F036FC7C
:10E5E000044603A808F0AEFA14B9029B0A2B21D006
:10E5F000124903A808F06CF9694603A808F096FBD5
:10E600000146304608F08AF903A808F09BFA6846EC
:10E6100008F098FA304606B070BD2146284608F04A
:10E6200037FC0146684608F05FFBAB6801349C424A
:10E63000C3D3CDE70249DCE75CE8030084E60300CE
:10E64000D0E903002DE9F04305468DB009A84849FB
:10E6500008F03EF9AB685BB100242146284608F07B
:10E6600017FC3038092863D9AB680134A342F4D8C9
:10E670000B9B6F460A2B38466BD809A908F04EF958
:10E6800009A8DFF8F090DFF8E88008F05BFA4D4663
:10E690000026696803A808F01BF9414609A808F09C
:10E6A00017F9059B5BB10024214603A808F0F0FB95
:10E6B0003038092826D9059B0134A342F4D80B9B96
:10E6C0000A2B2ED809A906A808F028F909A808F0ED
:10E6D00039FA394606A808F085FB044606A808F072
:10E6E00031FA03A808F02EFA002C38D10136032E97
:10E6F00005F10805CDD1384608F024FA20460DB0C2
:10E70000BDE8F083214603A808F0C2FB014609A832
:10E7100008F0EAFA059B01349C42C5D30B9B0A2BF7
:10E72000D0D9A3F10A0209A906A808F003FCCDE795
:10E730002146284608F0ACFB014609A808F0D4FAA7
:10E74000AB6801349C4288D30B9B6F460A2B38463A
:10E7500093D9A3F10A0209A908F0ECFB90E7384627
:10E7600059F8364008F0EEF920460DB0BDE8F083C8
:10E770005CE80300DCFA03002DE9F0418AB00746AB
:10E7800008F014FD3B4D3C4B3C4E00F57A620021F5
:10E7900028460C461A6005F05FFE0E2322462846E6
:10E7A000214600930194C82304F0A8FE28460121C5
:10E7B00005F04CFE4FF0FF32314B6A61394622467C
:10E7C00007A82B61202308F0B5FB07A9284607F00E
:10E7D00039FB07A808F0B6F941F2F8383368072B7F
:10E7E00035F908304FF0C807CDE90134CDE90344CD
:10E7F00000972346224605F1640105F124001DDD42
:10E8000006F0D0FD214605F1240006F0C1FA35F9E5
:10E8100008300294CDE900732246234605F16401D5
:10E8200005F12400CDE9034406F0BCFD05F1240008
:10E8300006F0EAF934600AB0BDE8F08106F098FD10
:10E8400005F12400012106F0A3FA35F908300294FD
:10E85000CDE90073CDE903442346224605F1640166
:10E8600005F1240006F09EFD3368013333600AB0E1
:10E87000BDE8F08124780020EC920020C4920020B2
:10E88000040003002DE9F04FAB4AAC4BDFF8CCB2EB
:10E890001B7800261670AA4ACBF800609DB016605F
:10E8A00013B91DB0BDE8F08FA648FEF78BFCA64952
:10E8B00007A808F00DF807AA42F21073A349A1486F
:10E8C000FEF7B6FB002800F0CC81099ADBF8003097
:10E8D000002A00F0FC801F2B00F3FC80DFF880A2F0
:10E8E0002BE0DBF80030002B1BDD0C9ACAB1013B9A
:10E8F00003EB83030AEBC3041434A3689F2B10D8E3
:10E90000002B40F0BB81C3F1A00300220AA910A88C
:10E9100008F010FB10A9204608F098F910A808F09C
:10E9200011F90AA808F00EF9099B9E42DBF80030A5
:10E9300080F0CD801F2B00F3CD8032460A2107A83E
:10E9400008F0C0FA041EB8BF099C3246234607A946
:10E950000AA808F0EFFA7E4910A807F0B9FF10A93D
:10E960000AA808F073FA054610A8661C08F0EAF831
:10E97000002DB6D0DBF800700C9B06220AA97C1C87
:10E9800010A8CBF8004008F0D5FABB001C4610A830
:10E99000039308F003FC23463B44DC004AF83300B1
:10E9A00010A808F0CFF80AEB040504F1140066493A
:10E9B00004945044002408F019F963492C62AC8493
:10E9C00010A807F085FF604913A807F081FF5E4992
:10E9D00016A807F07DFF5C4919A807F079FF2221EE
:10E9E0000AA808F05FFA049B0833534400280593F3
:10E9F000B8BF0DADC0F223810DF140080DAD8146C9
:10EA000009F101094A4622210AA808F05BFA4A46A0
:10EA1000B0F100090AA94B462846C0F2358108F03A
:10EA200089FA2946404608F0BFF8284608F08AF8D7
:10EA300009F1010222210AA808F044FAB0F1000904
:10EA400004F1010408F10C08C0F22081042CD7D194
:10EA50004049284607F03CFF294610A808F044FA30
:10EA6000039B3B440AEBC303C243D20F1A712846EF
:10EA700008F068F813A9284607F050FF29460598C2
:10EA800008F092F8284608F05DF80499013C04EB80
:10EA90004404203110AB03EB84005144FEF7ACFF7B
:10EAA000039B3B440AEBC3073B791BB1244A136821
:10EAB0000133136019A808F045F816A808F042F8C9
:10EAC00013A808F03FF810A808F03CF829E7012B3C
:10EAD00040F39D80204F00230393A7F1300305935B
:10EAE000C7F128084FF0010917F8043C57F8082C23
:10EAF0008DF84430394612A807F10C0A109207F03D
:10EB00000DFF514615A807F009FF07F1180393E818
:10EB1000030018AB83E8030057F8100C18998842DB
:10EB2000BC4608EB070380F0A780A7F12804A7F1F3
:10EB30001C05039E1DE000BF409100209092002024
:10EB4000F4920020189200205CE8030040ED0300DE
:10EB500064ED03006CED03006C8C00203C91002000
:10EB60003C8C00205CF8101C189A914206F1FF368C
:10EB700020D214F8043C54F8082C84F82430226283
:10EB8000214604F1280007F0E5FF294604F134008E
:10EB900007F0E0FF04F1180393E80300A4462064A3
:10EBA000A4F84410AA4608EB0403283DB646283CC6
:10EBB000002ED7D1059D109904930EEB8E0E05EB18
:10EBC000CE0445F83E109DF844102171604612A90C
:10EBD00007F0C0FF15A9504607F0BCFF18AB93E83B
:10EBE0000300049B2B4409F101091862998415A8BC
:10EBF00007F0A8FF12A807F0A5FF039ADBF8003082
:10EC000001324B45039207F128073FF76DAF304AB9
:10EC10001168994205DB012B1946B8BF0121013962
:10EC200011602C4A2C491268009202202B4AFDF7F1
:10EC3000DDFF07A807F086FF1DB0BDE8F08F039B3E
:10EC40003B440AEBC30300221A712549284607F00A
:10EC50003FFE2946059807F0A7FF284607F072FFF8
:10EC60001EE7204A1C490120FDF7C0FF07A807F056
:10EC700069FF1DB0BDE8F08FCE469BE720212046FE
:10EC800008F032F8A3683EE6002CD8D01649284692
:10EC900007F01EFE294610A808F026F9282303FBDA
:10ECA00007A3C243D20F28461A7107F04BFF012C6D
:10ECB000CBD013A9284607F031FE2946059807F066
:10ECC00073FF284607F03EFF022C3FF4E9AEDCE676
:10ECD000D4920020F492002060ED030074ED030054
:10ECE000E0E9030050ED03006CED03002DE9F04373
:10ECF00085B080B9284A294BD6691036A3FB063661
:10ED00003609042E45D8012EB8BF012601364FF032
:10ED10000008012703E0074600F1FF380126DFF86D
:10ED20008090D9F800309F422FDA1B4D07EB870304
:10ED300005EBC30508351DE001A807F0C9FD039BDD
:10ED40006A690A2B28BF0A23DC1D01A8144407F0B6
:10ED5000F9FE122C34BF012302231E44092E07F1B1
:10ED6000010305F1280510DCD9F800209A42B846C5
:10ED70000BDD1F462846FFF765FC01460028DBD166
:10ED8000294601A807F0CAFDD9E7404605B0BDE80D
:10ED9000F0830526BBE700BF3C8C0020F1F0F0F0CB
:10EDA0003C9100202DE9F04FB34B1B6899B0834292
:10EDB0004FEA8003024602900591049300F02681F9
:10EDC000AE4B039315AE1F46049BAD4D1344DC00C0
:10EDD000AC4B0794B3F9002004F120010023083460
:10EDE0006B61394409A83C44FEF79EFF2046FFF7BB
:10EDF00029FC0CAB0693002800F00381014618465D
:10EE000007F066FD0A2300220FA8069908F092F881
:10EE10000FA912A807F082FD12A89B4907F0B2FFC4
:10EE20000B9B0446002B40F0E7809849304607F0E2
:10EE30004FFD3146204607F079FF824694499048BD
:10EE400005F00AFBDAF80830002B00F01381059B6F
:10EE5000DFF84092DFF8288203F10D07BFB20024EB
:10EE600001E0222C1ED0A9FB04231B0903EB031293
:10EE7000A21A02EB820102EB410203EBC30307EB90
:10EE80004303083221466B822A82504608F000F87C
:10EE90000146404606F0EEFFDAF808300134A3429E
:10EEA000A346DED8304607F04DFE12A807F04AFE12
:10EEB0000FA807F047FE069807F044FE7249304657
:10EEC00007F006FD049B029A9A18039B03EBC2020B
:10EED0001279002A00F08B806D49694805F0BCFA70
:10EEE000179A82B3BBF1220F2DD0059BDFF8A481C6
:10EEF000634F03F10D04A4B24FF0000902E0BBF12F
:10EF0000220F20D0A8FB0B231B0903EB0312ABEB52
:10EF1000020202EB820102EB410203EBC30304EBAA
:10EF20004303083249466B822A82304607F0B0FF1D
:10EF30000146384606F09EFF179B09F101094B4533
:10EF40000BF1010BDBD8304607F0FCFD029A049B65
:10EF500013449A46039B079A03EBCA0A02F1140969
:10EF60009AF804209944002A3CD04949444805F0C5
:10EF700073FAD9F808207AB3BBF1220F2CD0059C84
:10EF8000444F3F4E0D34A4B2CBF122084FF0000A9B
:10EF900001E0C24520D00AEB0B03A7FB03121209C4
:10EFA00002EB02115B1A03EB830103EB410302EB5B
:10EFB000C202083304EB420251462B826A82484661
:10EFC00007F066FF0146304606F054FFD9F80830D6
:10EFD0000AF1010A5345DCD809A807F0B3FD19B0BE
:10EFE000BDE8F08F2C49264805F036FAC1E72A49DA
:10EFF000234805F031FA73E709A9304607F08EFC83
:10F0000017E72146184607F089FCFBE61C18E400C8
:10F010001A4B039304F108071F44059B38465D1CF7
:10F02000FFF710FB2DB215AEF8B10146304607F0E0
:10F030004FFC039B1C44179BE2690A2B28BF0A2341
:10F04000DC1D3046144407F07DFD122C34BF102126
:10F0500022210023CDE900132A4605230121084877
:10F0600004F04CFADDE90227AEE63946304607F0F7
:10F0700055FCDEE79B4615E7D49200203C8C00202F
:10F08000247800203C6100204CEC030050EC03008D
:10F09000A0ED0300F1F0F0F090ED03002DE9F04F4A
:10F0A000B04CDFF810939BB04FF6FF75AC23CDE961
:10F0B00000351022C8232046002104F01FFA204604
:10F0C000002105F0C9F900210C23019520460D46C9
:10F0D0000093BC22C82304F011FA2946C823BC229D
:10F0E0002046009504F0F6FB2046012105F0AEF91C
:10F0F0009D4B65619D492361204606F0A9FED9F824
:10F100000050002D40F08E80994B9A4A19789A4B06
:10F110000DF1500B00290CBF11461946584607F057
:10F12000D7FB9649204605F097F90121204605F0C6
:10F130008DF92F2665612A46012717AD4FF0020A87
:10F14000A14602F111084346594628466682A4F8B2
:10F1500010A007F0EFFE2946484606F073FE284649
:10F1600007F0F0FC169B1236434507F10107B6B2D3
:10F17000424601D9092FE4D100217A4805F06CF903
:10F18000584607F0DFFC7A4B1B787BB900217548A5
:10F1900005F062F908F00AF8794B1B68984280F094
:10F1A0004881FEF7DBFE1BB0BDE8F08FDFF8B491BD
:10F1B00074495846013707F08BFB07EBC7066F49C8
:10F1C000484605F049F976000121484605F03EF928
:10F1D0001D360022B6B262614FF0020A02E012361A
:10F1E000B6B2424602F11108082F43465946284656
:10F1F00007F101070EDCA4F810A0668207F09AFE62
:10F200002946484606F01EFE284607F09BFC169B42
:10F210004345E4D80021534805F01EF9584607F04D
:10F2200091FCB3E7DFF89081574DD8F80000FFF765
:10F230005DFD2E68B04280F20381C8F80060534B38
:10F240001A68B24204D0524A1E604FF47A731360B7
:10F250000121444805F0FAF8D8F80070002F40F07A
:10F2600054814C4B4C4ADB6903F1100AA2FB0A3A69
:10F270004FEA1A1ABAF1040F00F2F680BAF1010F40
:10F28000B8BF4FF0010A0AF1FF3307930AEB0A13E4
:10F290000AF1010605932A68002A00F0A7813F4B76
:10F2A0003F49B3F900200023636108A8FEF73CFD45
:10F2B0003C492C4805F0D0F83B4B3C482361FFF714
:10F2C000C1F90DF12C08002800F08B810146404661
:10F2D00007F0FEFA0B2300220EA8414607F02AFE93
:10F2E0000EA911A807F01AFB11A8314907F04AFD31
:10F2F0000A9B0DF1500B05465846002B00F001818A
:10F3000008A907F00BFB2846594607F00FFD17AD7B
:10F31000112300220146284607F00CFE2946114819
:10F3200006F090FD284607F00DFC584607F00AFC51
:10F3300011A807F007FC0EA807F004FC404607F0F0
:10F3400001FC144B1B7900226261002B00F0D48079
:10F350001449044805F080F806964FF02F08079EE0
:10F360003DE000BF247800200200BF0074EC0300E1
:10F370009092002064EC030058EC030090ED030031
:10F38000EC92002094EC0300D49200203061002025
:10F39000C49200203C8C0020F1F0F0F03C61002091
:10F3A0005C8C0020A0ED030008001D00448C0020B0
:10F3B0004CEC03003C91002044910020082311A94B
:10F3C000A4F812802382904806F03CFD11A807F0B3
:10F3D000B9FB08F1120857451FFA88F84CD007EB23
:10F3E000071202F111030137884911A807F0A2FDA5
:10F3F0007B1EB342E2D1864B059ADB699342DDD98D
:10F400000E23002211A9584607F094FD59462846BC
:10F4100007F084FA7F49284607F0B4FC014611A89A
:10F4200007F098FB284607F08DFB584607F08AFB4B
:10F43000C4E7FEF7EBFDFEF791FD1BB0BDE8F08FD2
:10F44000D8F800309E4280F2CA80002E04DCF4E638
:10F450003E46002F3FF4F1AE771E3846FFF746FCDC
:10F460002B689842F4DAE8E64423059303230793D4
:10F4700005264FF0040A0EE7D9F80030069E012B4E
:10F4800032DD654F4FF0010823E0284607F020FAEF
:10F49000199B7A690A2B28BF0A23DC1D28461444CD
:10F4A00007F050FB122C34BF0123022306EBC601E8
:10F4B0001E444900092E404601F1100108F10108DF
:10F4C00007F1280710DCFFF76DFCD9F80030434541
:10F4D0000ADD3846FFF7B6F801460028D5D139468F
:10F4E000284607F01BFAD3E708A807F02BFB0021FA
:10F4F000454804F0B1FF49E64849434804F0ACFFF1
:10F500002AE7474907F0E4F9FDE644493E4804F09C
:10F51000A3FF00251E2213210B23CDE90215CDE9FF
:10F520000023062110233848656104F0EFFA3D4BB3
:10F5300023610A2217ADD8F8001014A807F072FA58
:10F5400014A9284607F0EAF93749284607F01AFCBB
:10F5500001462D4806F076FC284607F0F3FA14A879
:10F5600007F0F0FAD8F80080D9F800309845BEDAF4
:10F57000274F08EB880307EBC3070837012623E072
:10F58000284607F0A5F9199B7A690A2B28BF0A2398
:10F59000DC1D2846144407F0D5FA122C34BF012391
:10F5A000022306EBC6011E444900092E404601F124
:10F5B000100108F1010807F1280798DCFFF7F2FBBA
:10F5C000D9F80030434592DD3846FFF73BF8014655
:10F5D0000028D5D13946284607F0A0F9D3E71E46C2
:10F5E0002DE64046114907F099F973E606EBC6038C
:10F5F0005B00023B1BB2CDE9003201210523112241
:10F60000014803F07BFF4AE624780020508C00205C
:10F610003C8C0020A0EC03006C8C002090ED0300DB
:10F6200050EC030018001D00A4EC0300448C0020E3
:10F6300008B5084B084A1B78012111602BB1FFF770
:10F6400021F9064B4FF47A721A60BDE80840FFF7C3
:10F6500025BD00BF40910020D0920020C492002020
:10F6600070B5064696B02948FDF7ACFD3346284AEA
:10F67000182104A80CF02AFD264901A807F028F952
:10F6800004A901AA41F288332048FDF7D1FC0446C1
:10F6900028B901A807F056FA204616B070BD1E4DD5
:10F6A0000AA801A9FDF77EFF0AA9284607F07CFAFF
:10F6B0000DA905F10C0007F077FA10A905F1180063
:10F6C00007F072FA13A905F1240007F06DFA13A8E8
:10F6D00007F038FA10A807F035FA0DA807F032FA4B
:10F6E0000AA807F02FFA0D490D4AEB6A0E600021B7
:10F6F0001160002BCDD16C6901A8641A18BF0124D8
:10F7000007F020FA204616B070BD00BF1892002006
:10F7100080E803005CE80300949200204061002030
:10F72000CC9200202DE9F04FA04D91B04FF6FF7420
:10F73000AC2310222846CDE900340021C82303F071
:10F74000DDFE2846002104F087FE00210C230E4632
:10F7500028460093BC22C823019403F0CFFEC8239F
:10F76000BC2228463146009604F0B4F82846012110
:10F7700004F06CFE8E4B8F496E6128462B6106F0BB
:10F7800067FB8D480596ADF81860FEF75BFF002813
:10F7900000F0018107AB0DAC01461F4620460393E4
:10F7A00007F096F83846324621460B2307F0C2FB95
:10F7B000204607F0C7F905A98048FEF71DF9002883
:10F7C00040F0CC807E4979487E4FDFF818820026D1
:10F7D00004F042FE0121754804F038FE3246112340
:10F7E00003996E6120462F6107F0A4FB21466F4804
:10F7F00006F028FB204607F0A5F931466B4804F0D7
:10F800002BFE7149694804F027FE0121674804F086
:10F810001DFE08F10C0A6E6132464FF001092F26D9
:10F820004FF0020B02F111073B46514620466E8213
:10F83000A5F810B007F07EFB21465C4806F002FBFD
:10F84000204607F07FF9D8F814301236BB423A460A
:10F8500009F10101B6B238D9882A8946E2D10021DE
:10F86000524804F0F9FD0021C8230091B4224F480A
:10F8700004F030F854494D4804F0EEFD534B1F6836
:10F8800007EB07170021494804F0E6FDD8F82C30B3
:10F89000BB4208D94FF0B21200234D494348C5E995
:10F8A000042306F0D5FA0021404804F0D5FD07F006
:10F8B0007DFC484B1B6898426AD2FEF74FFB0398C9
:10F8C00007F040F911B0BDE8F08F09F1020909EB2A
:10F8D000C90600213548760004F0BEFDB6B200210D
:10F8E00032B2C8230091314803F0F4FF36492F4863
:10F8F00004F0B2FD354B1A68B9F1080F02EB0212A1
:10F9000051DCD8F82C309A424DD21D36DFF8D8B0F1
:10F91000DFF898A0B6B24FF0020903E0D8F82C3017
:10F920009A42AFD202F111073B464FF0000C594604
:10F930002046C5F814C06E82A5F8109007F0FAFAB8
:10F940002146504606F07EFA204607F0FBF806F105
:10F950001203AD2E3A469EB2E0D193E71E492046EF
:10F9600006F0B6FF1D4B05A9B3F900200AA8FEF763
:10F97000DBF90AA9204607F0D9F90146039807F0F8
:10F9800065F90AA807F0DEF8204607F0DBF819E76A
:10F99000FEF73CFB91E707AB1846114903930DAC0A
:10F9A00006F096FF07E717466CE700BF24780020B3
:10F9B0000200BF0024EC0300A0920020AC920020C3
:10F9C000A0ED030002001D0090ED0300CC9200208A
:10F9D000A0EC0300EC9200204CEC03003C61002002
:10F9E00040EC030094920020B89200202DE9F04FE3
:10F9F000AC4C99B0AC234FF6FF75CDE900352046ED
:10FA0000C8231022002103F079FDA74B1B68032BAC
:10FA100040F06A81A54FA64B3A78A64E00212046B9
:10FA20008A4218BF1E4604F017FD00210C23CDE9C1
:10FA30000035BC220D46C823204603F05FFDBC22E2
:10FA40002946C8230095204603F044FF01212046A3
:10FA500004F0FCFC3146984B65612046236106F0BA
:10FA6000F7F9964A964B39780DF13C0AA9420CBF3A
:10FA7000114619460DF1480B504606F029FF514634
:10FA8000584606F04BFF8F49584607F04FF98E4B0A
:10FA90008E4A19688E4BA942ACBF1146194607F031
:10FAA00071F98C498146204604F0D6FC012120469C
:10FAB00004F0CCFCA84665612A461D2615AD02F16E
:10FAC00011073B464FF0020C49462846A4F810C0E7
:10FAD000668207F02FFA2946724806F0B3F92846E5
:10FAE00007F030F8D9F808301236BB423A4608F130
:10FAF0000101B6B240F2F081992A8846DFD10A238B
:10FB0000B42607930021674804F0A6FC584607F086
:10FB100019F8504607F016F80021C8233246009124
:10FB2000604803F0D7FE6749584606F0F7FE58468E
:10FB300007F0ECFA149B002B40F0E18100220F92B9
:10FB40004FF00109002B40F0ED8118AA02EB890269
:10FB50000121894442F8241C002B40F0F48118ABA9
:10FB600003EB89030222584643F8242C06F0EAFFEF
:10FB700058494C4809F1010904F06EFC079B082B19
:10FB80005BDC03EBC3077F001D37C3F109030026CD
:10FB9000BFB2069327E04FF002032382A4F812803D
:10FBA00000235AF826204C49E38251F83210A382F0
:10FBB000584606F08DFE112300225946284607F0CC
:10FBC000B9F92946374806F03DF9284606F0BAFF4C
:10FBD0000136584606F0B6FF12374E45BFB22CD05C
:10FBE000069B9E4229D0384B1B68B3420FFA87F818
:10FBF000D1D1079B2B489A1902EBC2025200122363
:10FC00000021103200930191C82312B203F076FC58
:10FC10004FF002032382A4F812804FF6FF73C0E76F
:10FC2000284606F08FFF584606F08CFF29491D48EC
:10FC300004F012FCB9F1000FA0D10021194804F022
:10FC40000BFC0021174804F007FC07F0AFFA234B28
:10FC50001B68984280F03D8141F2F8372049E35F0C
:10FC600001930025C8262B462A46A1F14000CDE984
:10FC700003550295009605F07BFB0121194805F01C
:10FC800087F81749E35F0193CDE903550295009684
:10FC90002B462A46A1F1400005F084FB19B0BDE8CF
:10FCA000F08F00BF24780020D0920020C89200205E
:10FCB0000CE8030030E803000200BF0058E803002E
:10FCC00050E80300F4770020346100205CE8030072
:10FCD00060E8030090ED0300DCFA0300EC920020E2
:10FCE00088780020487800200021204604F0B4FBEA
:10FCF00000210C23CDE90035BC220D46C823204647
:10FD000003F0FCFBC823BC2229462046009503F0E3
:10FD1000E1FD0121204604F099FBAD4BAD49236183
:10FD20002046656106F094F8AB498B68002B40F0E3
:10FD3000318109AB1846A949069306F0EFFD15ADD0
:10FD40000DF1480BA649584606F0C2FD06995846E3
:10FD500006F0ECFFA3498146A34804F07DFB012196
:10FD6000A14804F073FB0023984663611A461D26E0
:10FD70004FF0020A02F111073B46494628466682C7
:10FD8000A4F810A007F0D6F82946974806F05AF8CC
:10FD9000284606F0D7FED9F808301236BB4208F1E3
:10FDA0000101B6B23A4640F29F8009298846E1D166
:10FDB0000A234FF0B4080793502600218A48DFF841
:10FDC0002C9204F049FB0027584606F0BBFE424641
:10FDD000C82339468448009703F07CFD8149824856
:10FDE00004F03AFB0121804804F030FB079B676177
:10FDF0001E4476001D36B6B23A4698464FF0020AC7
:10FE000002E01236B6B23A4602F11107B8F1080F15
:10FE10003B467649284608F101080FDCA4F810A0FB
:10FE2000668207F087F829466F4806F00BF82846E7
:10FE300006F088FED9F80830BB42E2D800216A48B3
:10FE400004F00AFB6A4B6B491B6881FB0321DA173C
:10FE5000C2EBE10207991144082940F383800A228A
:10FE6000D9F808100FA806F00DFE0FA9584606F0A5
:10FE700055FD6149584606F085FF0A220646A02135
:10FE8000284606F0CFFD2946304606F04FFF0146D2
:10FE90000CA806F043FD284606F054FE584606F02E
:10FEA00051FE0FA806F04EFE0E9B4F48A3EB8303B6
:10FEB0005B00C43300220CA9B225238262616582F3
:10FEC00005F0C0FF0CA806F03DFE069806F03AFECD
:10FED000B7E6FEF79BF8BFE608F1020303EBC306A3
:10FEE0007600079336B20DE608F10203DE0003EB5D
:10FEF00006084FEA480807930FFA88F85DE73F497C
:10FF0000284606F0E5FC5946284606F09FFF814644
:10FF10002846B9F1000F52D106F014FE149B002BB5
:10FF20003FF413AE3649284606F0D2FC594628461F
:10FF300006F08CFF002846D1284606F003FE149BED
:10FF4000002B3FF40CAE2F49284606F0C1FC594661
:10FF5000284606F07BFF00283FF462AE284606F0F4
:10FF6000F1FDFCE502EB02129B1A01F1010808EB1E
:10FF7000C80803EB83014FEA480203EB4103991CD5
:10FF80000E320023009312B209B20B23164803F07D
:10FF9000A1FC64E715AD284606F0C0FC28461A49C6
:10FFA00006F0F0FE0D4906F0C1FE09AB0146184609
:10FFB000069306F0B3FC284606F0C4FDC0E606F042
:10FFC000C1FD149BBAE5284606F0BCFD149BBCE5B8
:10FFD0000200BF0064E80300007800200C780020D5
:10FFE00058E8030090ED030024780020E477002017
:10FFF000F077002079787878D4E8030078EB030074
:020000023000CC
:1000000080EB030084EB03007CE803002DE9F04F54
:10001000B348DFF808B3B34E8FB04FF6FF75AC238B
:10002000CDE900351022C8230021044603F066FA0A
:10003000DBF80020AC4B20460021012A08BF1E46F9
:1000400004F00AFA00210C23019520460D46009386
:10005000BC22C82303F052FAC823BC2220462946FA
:10006000009503F037FC2046012104F0EFF99F4B87
:10007000236131466561204605F0EAFEDBF8003079
:10008000012B00F01E819A499A4A022B08BF1146A3
:10009000DFF84C9208A806F01BFC9749484604F08C
:1000A000DBF90121484604F0D1F900231D466361C4
:1000B0001A461D264FF0020802F111073B4608A917
:1000C0000BA86682A4F8108006F034FF0BA94846FE
:1000D00005F0B8FE0BA806F035FD0A9B1236BB42B0
:1000E0003A4605F10101B6B207D9992A0D46E3D186
:1000F0000C254FF00B08D12608E0AB1C03EBC30620
:1001000076001D3605F1030836B204350021744827
:10011000DFF8EC9104F0A0F908A806F013FD704890
:10012000764904F099F9002202234846668262610A
:100130002382FEF787FA002800F0C580014608A850
:1001400006F0C6FB1123002208A90BA806F0F2FE58
:100150000BA9634805F076FE0BA806F0F3FC08A88F
:1001600006F0F0FC5E48002104F076F96448FEF7E2
:1001700069FA002835D06049594808EBC80604F0F0
:100180006BF976000121564804F060F91D36002213
:10019000B6B262614FF0020A03E01236B6B2A84668
:1001A0003A4602F11107B8F1080F3B4654490BA833
:1001B00008F1010511D8A4F810A0668206F0BAFE75
:1001C0000BA9474805F03EFE0BA806F0BBFCD9F88A
:1001D0000830BB42E1D808F102050021404804F094
:1001E0003BF9DBF80030032B00F09A800DF1140B83
:1001F0004449DFF8ECA0584606F06AFB424B0A225D
:10020000197802A806F0DEFB02A9584606F08EFD1A
:100210003E4906F0B7FD3E4B0A221978064608A86B
:1002200006F0D0FB08A9304606F080FD05EBC506B8
:1002300031498046504604F00FF9760001215046BE
:1002400004F004F91D360022B6B262614FF00209D3
:1002500002E01236B6B23A4602F11107082D3B46CB
:1002600041460BA805F101050FDCA4F81090668249
:1002700006F060FE0BA9504605F0E4FD0BA806F061
:1002800061FCD8F80830BB42E3D80021144804F0E0
:10029000E3F808A806F056FC02A806F053FC5846FE
:1002A00006F050FC00210E4804F0D6F806F07EFF60
:1002B000184B1B6898420BD2FDF750FE0FB0BDE8FB
:1002C000F08F1549E4E6494608A806F027FB39E710
:1002D000FDF79CFEFDF742FE0FB0BDE8F08F00BFBA
:1002E00024780020B0EB030098EB03000200BF006D
:1002F000D0EB0300E8EB030090ED0300A0ED03005A
:10030000D0770020F4EB030044610020FCEB0300F5
:100310003E610020EC920020D8EB0300E077002043
:1003200006F044FF2A4B2B491E682B4B2B4F2C4ABF
:10033000801BA1FB00618909A3FB01635B09C3EB7F
:100340000313A7FB0060A1EB83010DF1140B830BDA
:100350000091584608210BF0B9FE594608A806F04E
:10036000B7FA20482049804605EBC50604F074F82A
:1003700076000121404604F069F81D360022B6B22D
:1003800062614FF0020902E01236B6B23A4602F15B
:100390001107082D3B4608A90BA810DCA4F8109003
:1003A000668206F0C7FD0BA9404605F04BFD0BA881
:1003B00006F0C8FB0A9BBB4205F10105E4D8002109
:1003C000084804F049F808A806F0BCFB10E700BF95
:1003D000DC770020D34D62108988888873B2E745A6
:1003E00098E703002478002090ED030010B5032166
:1003F0002048214CFDF774FA204B1E481978FDF770
:1004000047FA94F900305A1C04D0012B21D0022B5A
:100410000BD010BD4FF47A73002219491548FCF730
:1004200007FE58B10123237010BD4FF47A730022E8
:1004300014491048BDE81040FCF7FABD02464FF4DD
:100440007A7310490B48FCF7F3FD58B1022323706F
:1004500010BD4FF47A73002209490648BDE81040E8
:10046000FCF7E6BD2070084A08490120BDE81040AD
:10047000FCF7BCBB189200204561002044610020BD
:10048000D8E80300F8E8030004E90300C0E803002B
:100490001E4B1B7833B170B51D4D2B6884B013B162
:1004A00004B070BD70471B4B044619781A48FDF71D
:1004B000EFF91A4B18481978FDF7FEF9214616484E
:1004C000FDF782F9064660B901A8154906F000FA61
:1004D000314601A8FEF750F901A806F033FB04B03D
:1004E00070BD06F063FE0F4B2146186002230E48D4
:1004F0002B6006F02FFB0D490D4B06204FF47A724E
:1005000008601A60FFF782FDCAE700BF90920020E2
:10051000E077002044610020189200203E61002016
:10052000FCE70300DC770020D0770020D092002089
:10053000C49200202DE9F047934C8CB04FF6FF7524
:10054000AC23CDE900351022C8232046002102F05B
:10055000D5FF2046002103F07FFF00210C230195E9
:1005600020460D460093BC22C82302F0C7FFBC22E0
:100570002946C8232046009503F0ACF92046012106
:1005800003F064FF814B824923612046656105F0D9
:100590005FFC804906A806F09BF920467E4903F0DF
:1005A0005BFF2046012103F051FF2E4665612A467C
:1005B000A1461D254FF0020802F111073B4606A98E
:1005C00009A86582A4F8108006F0B4FC09A9484681
:1005D00005F038FC09A806F0B5FA089B1235BB42B5
:1005E00006F10101ADB23A4605D909290E46E3D11B
:1005F0000C26D12506E0B31C03EBC3056D001D35A9
:100600002DB2043600216048DFF89C9103F024FFEE
:1006100006A806F097FA61495B4803F01DFF002722
:1006200049464FF0020806A865826761A4F8108069
:1006300006F074F95A4906A806F0A4FB11233A46BD
:10064000014609A806F076FC09A94F4805F0FAFB17
:1006500009A806F077FA06A806F074FA39464A485F
:1006600003F0FAFED9F8083043450ED80021464879
:1006700003F0F2FE06F09AFD4A4B1B6898427CD2CA
:10068000FDF76CFC0CB0BDE8F087494603A8FDF708
:1006900089FF03A8FDF7D6FF82463B483E4906EB9B
:1006A000C60581466D0003F0D7FE1D350121484681
:1006B00003F0CCFEADB267613A4602E01235ADB24E
:1006C0003A4602F11107082E3B4603A909A810DC9F
:1006D000A4F81080658206F02DFC09A9484605F0B3
:1006E000B1FB09A806F02EFA059BBB4206F10106F4
:1006F000E4D80021244803F0AFFEBAF1000F38D04F
:10070000514606A806F0E4F81F482349804606EB48
:10071000C60503F0A1FE6D000121404603F096FEE0
:100720001D350022ADB262614FF0020902E01235C0
:10073000ADB23A4602F11107082E3B4606A909A8B8
:1007400006F101060EDCA4F81090658206F0F2FBBB
:1007500009A9404605F076FB09A806F0F3F9089BC5
:10076000BB42E4D80848002103F076FE06A806F054
:10077000E9F903A806F0E6F978E7FDF747FCFDF78D
:10078000EDFB0CB0BDE8F087247800200200BF002C
:1007900004EC0300C8E8030090ED0300A0ED0300A3
:1007A00060E80300EC920020187800202DE9F04F5B
:1007B000B84D99B04FF6FF74AC23CDE90034102248
:1007C000C8232846002102F099FE2846002103F0A4
:1007D00043FE00210C230E46019428460093BC22C0
:1007E000C82302F08BFEBC223146C823284600965F
:1007F00003F070F82846012103F028FEA64BA74914
:100800002B6128466E6105F023FBA54912A806F06E
:100810005FF8A4490FA806F05BF80FA912A806F02C
:1008200085FAA1498046284603F016FE2846012194
:1008300003F00CFE34466E613246AA461D264FF088
:10084000020902F111073B46414615A86E82A5F840
:10085000109006F06FFB15A9504605F0F3FA15A8A5
:1008600006F070F9D8F808301236BB423A4604F167
:100870000104B6B202D9992AE3D109248548DFF8E8
:1008800050B20021824603F0E7FD0FA806F05AF9A6
:1008900012A806F057F9854B854A1978854B0FA8A1
:1008A00000290CBF1146194606F012F80FA912A82C
:1008B00006F034F8804A814B9BF8001012A80029FA
:1008C0000CBF1146194606F05DFA04EBC4067649E2
:1008D0008046504603F0C0FD76000121504603F0EB
:1008E000B5FD1D360022B6B26A614FF0020902E082
:1008F0001236B6B23A4602F11107BF2E3B464146C8
:1009000015A811D0A5F810906E8206F013FB15A95A
:10091000504605F097FA15A806F014F9D8F80830F3
:10092000BB4204F10104E3D800215A4803F094FDCE
:1009300012A806F007F90FA806F004F99BF800309A
:10094000002B40F06F815E49DFF8489112A805F056
:10095000BFFFFCF77BF90A2220FA02F10FA806F08C
:10096000C1F80FA912A806F0E1F9564906F00AFAF3
:1009700004EBC4064C498046484603F06DFD760002
:100980000121484603F062FD1D360022B6B26A61BD
:100990004FF0020A02E01236B6B23A4602F11107EF
:1009A000082C3B46414615A811DCA5F810A06E8224
:1009B00006F0C0FA15A9484605F044FA15A806F055
:1009C000C1F8D8F80830BB4204F10104E3D831483B
:1009D0000021804603F040FD0FA806F0B3F812A8EE
:1009E00006F0B0F8384912A805F072FF04EBC4060F
:1009F0002D49404603F030FD76000121404603F0CA
:100A000025FD1D360022B6B26A614FF0020902E0F0
:100A10001236B6B23A4602F11107082C3B4612A92B
:100A200015A810DCA5F810906E8206F083FA15A9BF
:100A3000404605F007FA15A806F084F8149BBB425F
:100A400004F10104E4D800211248DFF888A003F083
:100A500003FD12A806F076F8DAF80080B8F1000F6E
:100A600040F05D810B4F194912A804EBC40605F054
:100A70002FFF76000C49384603F0EEFC1D360121AD
:100A8000384603F0E3FCB6B2C5F8148042464FF096
:100A9000020924E0247800200200BF00FCE90300E2
:100AA0001CEA0300D4FA030090ED030048910020F3
:100AB000DCE90300D4E90300F0E90300E4E9030002
:100AC00044EA03004CEA030050EA030058EA03003A
:100AD00090920020109200201236B6B2424602F1E7
:100AE0001108082C434612A915A810DCA5F810908F
:100AF0006E8206F01FFA15A9384605F0A3F915A86D
:100B000006F020F8149B434504F10104E4D8B648EC
:100B1000002103F0A1FC12A806F014F8B34BB4496D
:100B2000002212A81A6005F0D3FEB2498B68002B90
:100B300071D1B1490FA805F0CBFE0FA912A806F09C
:100B4000F5F88046A848AD49814604EBC40603F099
:100B500083FC76000121484603F078FC1D36002214
:100B6000B6B26A614FF0020A02E01236B6B23A46F5
:100B700002F11107082C3B46414615A812DCA5F8E6
:100B800010A06E8206F0D6F915A9484605F05AF96C
:100B900015A8013405F0D6FF002FE6D0D8F80830AC
:100BA000BB42E2D80021904803F056FC0FA805F0A4
:100BB000C9FF12A805F0C6FF00218B4803F04CFCCA
:100BC00006F0F4FA8E4B1B68984228D241F2F837AF
:100BD0008C49EB5F01930024C82623462246A1F1ED
:100BE0004000CDE903440294009604F0C1FB0121CA
:100BF000854804F0CDF88349EB5F0193CDE90344C8
:100C00000294009623462246A1F1400004F0CAFB5C
:100C100019B0BDE8F08F0FA805F080FE8DE7FDF755
:100C2000F5F9D3E77949DFF8C0910CA805F050FE3B
:100C3000774B0A22196809A805F0F4FE09A90CA847
:100C400006F074F8734906F09DF8734B0A22196890
:100C500006460FA805F0E6FE0FA9304606F066F836
:100C60006E4906F08FF86E4B0A221968064612A8E4
:100C700005F0D8FE12A9304606F058F804EBC40679
:100C80005E498046484603F0E7FB7600012148466E
:100C900003F0DCFB1D360022B6B26A614FF0020A97
:100CA00002E01236B6B23A4602F11107082C3B4672
:100CB000414615A811DCA5F810A06E8206F03AF99D
:100CC00015A9484605F0BEF815A805F03BFFD8F871
:100CD0000830BB4204F10104E3D80021424803F08C
:100CE000BBFB12A805F02EFF0FA805F02BFF09A8EB
:100CF00005F028FF0CA805F025FF4A490FA805F0CC
:100D0000E7FD41F288330FAA47494848FCF790F9BC
:100D1000002840F091800FA805F014FF13E67FF73C
:100D2000FDAE00230793DFF8C090414B0693414985
:100D300012A805F0CDFD0698FDF784FC002800F010
:100D4000C28001460FA805F0C3FD0FA912A805F047
:100D5000EDFF04EBC40629498046484603F07CFBBE
:100D600076000121484603F071FB1D3600236B61BC
:100D7000B6B21A464FF0020B02E01236B6B23A464D
:100D800002F11107082C3B46414615A812DCA5F8D4
:100D900010B06E8206F0CEF815A9484605F052F85C
:100DA00015A8013405F0CEFE002FE6D0D8F80830A3
:100DB000BB42E2D80021484603F04EFB0FA805F0E5
:100DC000C1FE12A805F0BEFE079BDAF80020013331
:100DD0009A427FF7A3AE069A18320692022B4FF082
:100DE00001020792A3D199E62478002014920020F2
:100DF00060EA0300E0920020A0EC030090ED030005
:100E0000EC920020887800204878002028EA03002F
:100E10003861002030EA0300DC920020D4E80300AF
:100E2000D89200205CE8030038EA03001892002002
:100E300050910020B4E9030022210FA806F032F8F7
:100E4000061E45DA4FF0FF30B0427FF764AF721CE8
:100E500003460FA912A806F06DF8204820498046E5
:100E600004EBC40603F0F8FA76000121404603F0D3
:100E7000EDFA1D360022B6B26A614FF0020902E0B7
:100E80001236B6B23A4602F11107082C3B4612A9B7
:100E900015A810DCA5F810906E8206F04BF815A985
:100EA000404604F0CFFF15A805F04CFE149BBB4252
:100EB00004F10104E4D80021084803F0CDFA12A897
:100EC00005F040FE27E706990FA805F027FD3CE74F
:100ED000721C22210FA805F0F5FFB5E72478002049
:100EE00090ED03002DE9F04303689C4A9C498BB0C8
:100EF00004460220FBF77AFE9A4907A805F0E8FCB1
:100F000007A9204605F0A2FF054607A805F01AFE2E
:100F100065B3954C2368033B012B16D9FDF7B2FC52
:100F2000924B1B68002B37DC2368012B52D0002129
:100F30008F4803F091FA06F039F98E4B1B689842FE
:100F400080F0AD800BB0BDE8F0838B4B8B49012264
:100F500007A81A7005F0BCFC002107A8FDF70CFCDF
:100F600007A805F0EFFD0BB0BDE8F083844907A8A2
:100F700005F0AEFC07A9204605F068FF054607A866
:100F800005F0E0FD002D4BD07E4C23685BB3012BB8
:100F9000D8D1FFF72BFAD5E77B4907A805F098FCD5
:100FA0007A48FDF74FFB04AD002834D001462846AF
:100FB00005F08EFC294607A805F0B8FE0021FDF7D4
:100FC000DBFB284605F0BEFD07A805F0BBFD236846
:100FD000012BACD16E4B4FF47A721A60FEF75EF8BB
:100FE0000BB0BDE8F0836B4907A805F071FC012345
:100FF00007A96948236005F0ADFD654B5A490620F5
:101000004FF47A7208601A60FFF700F807A805F03D
:1010100099FD2368BBE728465C4905F07FFCC9E7DA
:101020005E4907A805F054FC07A9204605F00EFF0D
:10103000054607A805F086FD002D33D02221204665
:1010400005F030FF051E70DA4FF0FF36AE427FF735
:1010500079AF0135214607A82A46334605F06AFFD5
:101060004D4907A805F0BEFE00287FF479AF07A818
:1010700005F068FD33462A46214607A805F05AFFC9
:1010800007A9454805F090FD07A805F05BFD364B24
:101090001B68062B7FF456AFFEF7B8FF52E7FCF74C
:1010A000B5FF4FE73E4907A805F012FC07A9204607
:1010B00005F0CCFE054607A805F044FD45BB3949BF
:1010C00001A805F005FC01A9204605F0BFFE002897
:1010D00032D001A805F036FD2A4C2368002B3FF4DE
:1010E00031AF314B93F90030012B00F02581022BF9
:1010F00000F01A811C49264B01204FF47A7200251A
:1011000008601A602560FDF7C9FF284907A821E794
:101110001C4B03221A6006F049F8134B244A1B6843
:101120001060062B7FF40EAFB6E76A1C2221204622
:1011300005F0C8FE064689E704AD1E49284605F0BD
:10114000C7FB2946204605F081FEA8B3284605F0D6
:10115000F9FC01A805F0F6FCBEE700BFCCE90300EE
:1011600038E9030020E70300D09200203C910020E2
:1011700024780020EC9200204091002040E90300F8
:1011800010E70300E07700205CE90300448C0020B6
:10119000C49200205CE80300D077002018E7030029
:1011A00070E9030028E70300456100209CE9030083
:1011B000DC77002084E90300744907A805F088FB68
:1011C00007A9204605F042FE064607A805F0BAFC2E
:1011D000284605F0B7FC01A805F0B4FC002E7FF40A
:1011E0007BAF6B4907A805F073FB07A9204605F004
:1011F0002DFE064607A805F0A5FC002E3FF4A2AE82
:10120000A368DFF8C08121460C2201A805F092FEF8
:1012100001A805F097FF202101A805F077FED8F876
:101220000030072B1E46A8BF0726002B814614DD81
:10123000584C06EB460304EBC304A4F118073946E7
:10124000204605F087FC013EA4F10C0104F10C00DE
:1012500005F080FC3C46002EEFD1B9F1000F53DDC4
:101260004B46002201A907A805F064FE07A94A48D9
:1012700005F09AFC07A805F065FC09F10102039B43
:1012800001A907A805F056FE07A9424805F08CFC05
:1012900007A805F057FCD8F80030404A4049072B12
:1012A000DCBF0133C8F80030136807A801331360AE
:1012B00005F00EFB3748FDF7C5F9002844D001467C
:1012C000284605F005FB294607A805F02FFD00215B
:1012D000FDF752FA284605F035FC07A805F032FC68
:1012E000304B93F90030012B44D0022B3AD02E4AD8
:1012F0002E4913680020062B08602AD0052B41D008
:1013000001A805F01FFC1DE6294907A805F0E0FA31
:1013100007A9214805F048FC07A805F013FC01A91E
:1013200007A805F0FBFAAFE74FF47A7300222149D2
:101330002148FBF77DFEDDE64FF47A7300221F495A
:101340001D48FBF775FED5E61249284605F0E6FA7A
:10135000B9E71B494FF47A70012308601360FDF769
:101360009DFECDE74FF47A73002212491248FBF735
:101370005FFEBCE74FF47A73002210490E48FBF77A
:1013800057FEB4E7FFF712FABAE700BF8CE9030093
:1013900048E70300509100205C9100201492002047
:1013A000A8E9030045610020D0920020E0770020EA
:1013B0005CE803009CE80300189200208CE803001E
:1013C000C4920020109200202DE9F041A84D2B6816
:1013D000013B8EB00446062B29D8DFE813F0070046
:1013E0005F008A00D600EA002B004700B52800F015
:1013F0005682B62800F028810D2840F059859D4B73
:101400001B68002B00F337830346DBB2522B00F03E
:101410000584502B00F08A841B2C40F0E684964B08
:101420001A68002A03DD00221A60FDF737FE0EB0AD
:10143000BDE8F081914E3368012B00F0C781B528DB
:1014400000F08A82B62800F06581B72840F0DC837E
:101450008B4A1378072BEAD80133DBB21946894847
:101460001370FCF729FAFEF7D1FDE0E70D2800F034
:101470001D82082800F0DA801B2800F0E882A0F125
:101480003003092B00F208857F4883680F2BCED8E4
:10149000214605F029FCFFF74DF8C8E7B62800F013
:1014A0006282B52800F04E8200F0DF03502B00F07E
:1014B0006681442B00F09E82522B40F0E5847349F4
:1014C000734805F047FB7349734805F08FFB734B76
:1014D0006F4800221A60FDF7B5F86E49002818BF62
:1014E00001466F4805F082FB04232B60FEF77EFA6D
:1014F0009DE708AF6B49384605F010FA384605F00D
:1015000005FE0A9B002B40F0ED810022059201268A
:10151000002B40F007820EAA02EB860201210E4446
:1015200042F8241C002B40F0EE810EAB03EB860347
:101530000222384643F8242C05F004FBB62C06F1B1
:10154000010600F00281092C00F0FC80B52C00F0AF
:1015500007810D2C00F0C382082C00F046831B2C61
:1015600049D0A4F120035E2B3FF661AF4D4883685C
:10157000132B3FF65CAF214605F0B6FB4A4B4FF00C
:10158000FF321A60FEF732FA51E7434E0D28B36876
:1015900000F04781B42861D0B72840F05D823F4910
:1015A0000A6893427FF743AF01320A60FEF71EFAE2
:1015B0003DE71B282CD009282AD0A0F120035E2B60
:1015C0007ED93A490BA805F083F91022214608A8D4
:1015D00005F0F8F908A90BA805F0A8FB0146344866
:1015E00005F0B8FA08A805F0ADFA0BA805F0AAFABC
:1015F000FFF7DCF81BE72F4B1A784AB10022254988
:1016000028481A7005F0F2FA274B4FF0FF321A60A3
:10161000294B1B7801222A602BB1FDF733F9274BA8
:101620004FF47A721A60FDF739FD00E7164CA16895
:1016300000293FF4FCAE0139204605F0D5FCA36833
:10164000002B7FF428AFE3E70A4B0B491B680A68BD
:10165000013B934200F36F829623D6E60F4A13684C
:10166000002B7FF7E4AE013B1360FEF7BFF9DEE627
:10167000D09200203C910020D4920020E0770020FE
:101680003E6100201892002018780020A0920020CF
:101690000C7800205CE80300E4770020F07700205D
:1016A00000780020F47700203461002028ED03004A
:1016B000E0920020C892002040910020C4920020B7
:1016C00008A8AC4905F004F9214605A805F04EF933
:1016D00005A908A805F02AFBA74905F053FB10222D
:1016E000054621460BA805F06DF90BA9284605F023
:1016F0001DFBA24905F046FB0146A14805F02AFA68
:101700000BA805F01FFA05A805F01CFA08A805F0BB
:1017100019FA6DE79B4A1378002B3FF488AE013B22
:10172000DBB2194698481370FCF7B2F8FEF76EFC6E
:101730007DE60BA805F006FA384605F003FAB62C4C
:101740007FF401AF002E3FF472AE90490B68013375
:1017500093FBF6F206FB12360E60FEF747F966E6DB
:10176000002E3FF464AE894C2368002BD4BF06F1F1
:10177000FF3303F1FF332360FEF738F957E6844B5C
:101780001B78002B3FF453AE824C2368002B7FF470
:101790004EAE7C4B7C481978FCF77AF87E4B7A4841
:1017A0001978FCF789F87D497748FCF70DF800288F
:1017B00040F0CE827A490BA805F08AF80BA80021E8
:1017C000FCF7DAFF0BA805F0BDF930E60D2800F0B4
:1017D000E6811B2804D000F0DF04482C7FF427AEFC
:1017E000704C94F90030012B00F05482022B00F071
:1017F00049826548FCF73CF894F90030012B00F071
:101800005182022B00F03682674A4FF47A7101232D
:101810000024116034602B60FDF740FC0BA8634985
:10182000CAE7002B7FF703AE6149624C0BA805F0B5
:101830004FF800210BA8FCF79FFF0BA805F082F9D9
:10184000214632465048FBF7C5FC2368002800F0CB
:101850003081594A00925949594A0220FBF7C6F98A
:101860005849204605F0C2F95649304605F0BEF900
:101870005449554805F0BAF95249544805F0B6F9AB
:10188000534B54491B780020012208602A60002B2A
:1018900040F00783FDF702FC4F490BA88CE74F4A45
:1018A0001368002B00F3CE809523AEE54C4CA36863
:1018B000022B7FF6BCAD08AF38462146FCF772FE1E
:1018C00020464049334E05F091F9314B1B78002BEF
:1018D00000F053813368002B00F03281384605F068
:1018E00031F9A4E53F490BA804F0F2FF39460BA8F3
:1018F00005F0ACFA06460BA8002E40F09A8005F0E1
:1019000021F90A9B04E638490BA804F0E1FF3946A7
:101910000BA805F09BFA00283FF40BAF0BA805F0CD
:1019200011F902E631490BA804F0D2FF39460BA8A1
:1019300005F08CFA002840F080800BA805F002F931
:101940000A9BEFE52A4A1368002B7FF770AD013B35
:101950001360FDF7E7FE6AE50A4A1378042B3FF6A9
:1019600066AD0133DCE6224A136801331360FDF7EC
:10197000D9FE5CE518ED03001CED030024ED030027
:10198000E092002044610020189200203461002081
:1019900090920020E07700203E610020A09200207D
:1019A000FCE7030045610020C492002008ED03001D
:1019B000E0EC03000C780020B8E9030060ED0300C0
:1019C00030ED03005CE80300F4770020007800208D
:1019D00040910020F0770020ACEC0300D49200206E
:1019E0001878002078EB030084EB030080EB030001
:1019F000CC920020AF4BB0481C68E1B2FBF7FAFC78
:101A0000AE49AF4BAF4A00280CBF084618460090BD
:101A10002346AD490220FBF7E9F8FCF733FFAB4B57
:101A20001B780BB1FCF708FC01232B60FDF736FB9C
:101A3000FDE405F087F80A9B67E50BA805F082F83E
:101A40000A9B68E5013B1360FDF728FBEFE4A04922
:101A5000A04805F0CBF8DBE5B52840F093829E4A1C
:101A60001368002B7FF7E3AC113B23EAE3731360A9
:101A7000FDF7BCFFDBE4994E994C336803EB83031D
:101A800054F83300FDF7ECFD00283FF4D0AC336888
:101A900003EB830304EBC30423792BB1914A13684E
:101AA0000021013B1360217102232B60FDF73AFEF8
:101AB000BDE4824A009284498B4A0220FBF796F8E3
:101AC0008A4B1B7801222A602BB1FCF7DBFE884B86
:101AD0004FF47A721A60FDF7E1FA8649DDE6DFF825
:101AE000488298F80040002C40F09D80824F3B686F
:101AF0009E4200F2418181498B68022B7FF697ACB0
:101B00000BA8FCF74FFD0BA97D4805F04DF80BA87D
:101B100005F018F87A48FCF795FD6D49002818BFC4
:101B20000146784805F062F86B4A042314602B6084
:101B3000FDF75CFF7BE401320A60FDF7AFFA76E463
:101B4000714B5D481978FBF7A3FE704B5A48197822
:101B5000FBF7B2FE39465848FBF736FE044600282C
:101B600040F030816A490BA804F0B2FE0BA8214670
:101B7000FCF702FE0BA804F0E5FF3368002B7FF4AE
:101B8000ADAE5A4B1B7801222A602BB1FCF77AFECE
:101B9000574B4FF47A721A60FDF780FA9EE65D4B60
:101BA00093F90030012B00F00581022B00F0FA8040
:101BB00003214148FBF794FE3F48FBF751FE002804
:101BC0003FF435AC0323336005F0F0FA524A4E4B34
:101BD000106019783848FBF75BFE4C4B3648197893
:101BE000FBF76AFEFEF712FA21E4444881680029F7
:101BF0003FF41DAC013905F0F7F93F4B4FF0FF32D0
:101C00001A60FDF7F3FE12E4B42840F00F813F4A5A
:101C10001378002B3FF40BAC013B1EE4FCF732FEC3
:101C2000FDF73CFA03E4344C2949384604F050FEF1
:101C300023689E4200F2ED8030498B68022B00F24F
:101C4000DD800A9B002B3FF449AE002320492B483E
:101C500088F8003004F0CAFF4FF0FF3338462360A5
:101C6000FEF716FC2D4B1B68002B7FF437AEFDF7FB
:101C7000DFFC33E64FF47A73002229490E48FBF764
:101C8000D7F9C1E54FF47A73002225490A48FBF7DA
:101C9000CFF9AEE54FF47A73002222490648FBF7EC
:101CA000C7F9A6E54FF47A7300221E490248FBF7F4
:101CB000BFF9A9E5406100201892002068EA0300FE
:101CC000B8E90300BCE9030060ED03009092002036
:101CD0005CE8030018780020F0770020D492002000
:101CE0003C8C0020F492002030ED03004091002055
:101CF000C4920020B4EC030034610020F47700208B
:101D00000C78002000780020446100203E61002013
:101D1000FCE7030045610020DC770020E07700202D
:101D20009CE803008CE80300C8920020B44B1B68B9
:101D3000002B7FF77CABB34BB34A1B6803EB8303E9
:101D400002EBC30303F10800FEF7A2FBFFF76FBB32
:101D500005F02CFAAD4BAE4918600223AD48236064
:101D600004F0F8FEAC4A4FF47A71062311602B6040
:101D7000FEF74CF9FFF75BBB0EAA02EB8303A74EFD
:101D800053F8243CA64856F8331004F02FFF3B6864
:101D9000A4480EAA02EB830353F8243C06EBC306C7
:101DA0007168BFE64FF47A7300229F499F48FBF7A2
:101DB0003FF9FDE64FF47A7300229D499B48FBF7FB
:101DC00037F9F5E605F0F2F9904B39461860022331
:101DD0009048336004F0BEFE8F4A4FF47A710623B8
:101DE00011602B60FEF712F9C7E6092C7FF41FABD8
:101DF00005232B60FEF7DAFCFFF719BB0BA8FCF7F5
:101E0000D1FB0BA9384604F0CFFE0BA804F09AFED4
:101E100017E70EAA02EB8303804A53F8243C02EB37
:101E2000C3033846596804F0E1FE0AE71B2804D0D2
:101E300000F0DF04482C7FF4FAAA7C48FBF718FD79
:101E40007C4B93F90030012B16D0022B0CD0724A38
:101E50004FF47A7101230024116034602B60FDF788
:101E60001DF90BA87449A7E44FF47A7300226E4958
:101E70006E48FBF7DDF8EAE74FF47A7300226C490D
:101E80006A48FBF7D5F8E2E71B283FF4C1AB092805
:101E90003FF4BEABFFF7CBBA2B283FF4F5AAFFF710
:101EA000C6BAFCF7EFFC5C4B4FF47A721A60F1E4AF
:101EB00020F02003DAB2442A3CD04D2A4FD15F4CA7
:101EC0005F4AA36800261670A3B1564B9B68002B8F
:101ED0003ED103232B60FDF789FD5A490BA804F07E
:101EE000F7FC0BA80021FCF747FC0BA804F02AFE26
:101EF000FFF79DBA544EB768002FEAD153494948BD
:101F000004F074FE2046514904F070FE30464F49FB
:101F100004F06CFE4D49424804F068FE4C494D4ABD
:101F20004FF0FF300323086017602B60FDF75EFD64
:101F3000FFF77DBA324B1B68002B7FF76DAA314B40
:101F4000314A1B68394803EB830352F8334054E5A8
:101F500004232B60FDF74AFD0BA83A492CE4432AE1
:101F600020D1374B3949384801221A7004F03EFE1F
:101F7000374A4FF0FF31032311602B60FDF736FD28
:101F8000FFF755BAB62827D132490A6893427FF73E
:101F90004EAA11329342A8BF13460B60FDF726FDEF
:101FA000FFF745BAA0F13002092A3FF62EAA0146F2
:101FB0000BA804F0DBFC0BA9274804F0F5FD0BA8E7
:101FC00004F0C0FD144A4FF47A71072311602B60AE
:101FD000FEF7B0FAFFF72BBA08283FD11D4C216855
:101FE00000297FF724AA01393046012205F004F8C0
:101FF0002368013B2360FDF7F9FCFFF718BA00BF27
:102000003C910020D49200203C8C0020DC77002002
:10201000A0920020D0770020C4920020DCFA0300B8
:10202000007800200C7800209CE803001892002023
:102030008CE80300456100209CE90300E477002060
:10204000C8920020D0EC0300F47700205CE8030085
:1020500034610020F0770020187800201B280FD171
:10206000264B1B7801222A602BB1FCF70BFC244B7A
:102070004FF47A721A60FDF711F80BA821492EE788
:10208000A0F120025E2A3FF6D2A99F2B3FF7CFA9ED
:102090001D4D00222B6802A8314604F04BFF02A917
:1020A00008A804F03BFC214605A804F05FFC05A944
:1020B00008A804F03BFEB3682A68044631460BA822
:1020C00004F038FF0BA9204604F030FE01463046EC
:1020D00004F040FD0BA804F035FD05A804F032FD26
:1020E00008A804F02FFD02A804F02CFD2B68013392
:1020F0002B60FDF77BFCFFF79AB900BF40910020F1
:10210000C4920020ECEC0300F07700202DE9F04FA2
:10211000064891B04FF4E1310446F4F73FFA05F078
:1021200045F840F6B73605460BE000BF586300207F
:1021300005F03CF8401BB0424FF00A0006D805F00D
:1021400041F82046F4F748FA0028F1D0C649C748BC
:10215000C74CC84E03F048FFC749C44803F044FFCA
:10216000C649C24803F040FFC549C04803F03CFFE0
:10217000C449BE4803F038FFC349BC4803F034FFEC
:10218000C24800F0FFFF00250127C14B0D938DF8D9
:1021900039708DF838500DF1340898E80C00BB49BF
:1021A00004F1240002F0C8FB294604F1240002F0E7
:1021B0009DFA41F2EC3341F2F43041F2FA3241F24D
:1021C000FE31E5544FF0C80904F5A0532552A5503F
:1021D00024F8019062891A802946204601F028F9E6
:1021E00041F28832FF2104F1640009F0FFF8204633
:1021F0000221E57602F02AF9A64BA7492361656121
:10220000204603F025FEA54B23613946204602F007
:102210001DF9A349204603F01BFEA24800F0ECFD87
:102220005F21A04800F096FE9E4800F09FFEB0F1AE
:10223000000A0CBF3B462B46337040F011824FF62C
:10224000FF710C224B46CDE9002120464B2251461E
:1022500001F054F93946204602F0F8F8924B9349C0
:10226000C4F814A02046236103F0F2FD9049C4F89D
:1022700014A0204603F0ECFD41F2F83B8D4934F9FF
:102280000B30019300274FF0C80AA1F140003B46F4
:102290003A46CDF800A0CDE90377029703F082F823
:1022A0008548804D3946A0F1240902F071FD34F9CA
:1022B0000B30029709F16401CDE900A3A1F14000C0
:1022C0003B463A46CDE9037703F06CF809F1240068
:1022D00002F09AFC794BDFF8D0A11F60337883BB02
:1022E0004FF47A7004F06EFF5F21284600F032FE52
:1022F000284600F03BFE071E0CBF0123002333706D
:10230000EED10C234FF6FF72CDE900323946C823D7
:102310004B22484601F0F2F80121484602F096F8B7
:102320006249C4F810A04846676103F091FD604916
:102330006761484603F08CFDFBF710FE3378002BF5
:10234000CED05F4A5F49604DDFF8A8910220FAF7CE
:102350004DFC0C234FF6FF72CDE9003200215922CB
:10236000C823434801F0CAF80121414802F06EF841
:102370000026564B2361564966613D4803F068FDCF
:10238000544966613A4803F063FD53496661384831
:1023900003F05EFD5149364803F05AFDFBF7DEFDC0
:1023A0002E780F27032304224FF4E13148462EB93B
:1023B000FAF76EFD2870002800F0A3800C234FF67A
:1023C000FF72CDE9003200215922C823284801F0CC
:1023D00095F80121264802F039F83C4B334924484E
:1023E0000026C4E9043603F033FD3A49204866610B
:1023F00003F02EFD2B78002B40F0B680FBF7AEFDEE
:1024000040F6C41004F0DEFE41F28832FF21294874
:10241000334C08F0EBFF334A01211160274A4FF497
:102420007A731360FCF73AFE2168002966DD0A2200
:102430000AA804F0F7FA0AA9404604F06FFA2A49FC
:10244000404604F09FFC294A294B21680129D4BF4A
:102450001146194604F096FC0021FCF78DF9404620
:1024600004F070FB0AA847E0BCEA030058630020B0
:102470002478002048910020C8EA030004EB030000
:1024800024EB03004CEB030064EB0300288C0020DA
:1024900000093D002E001E0004FB0300550036001D
:1024A000D4FA0300F892002018004C0088EB0300D7
:1024B00010FB03008878002048780020C492002098
:1024C0001CFB030028FB03009092002018005A0018
:1024D00090EB030008E703007CE8030030FB0300F7
:1024E000F4920020D092002058FB03005CE8030027
:1024F00044E603001892002004F024FB11B0BDE86C
:10250000F08F4FF4FA6004F05DFE013F2E787FF407
:1025100049AF002E7FF452AF0C234FF6FF72CDE986
:10252000003231465922C823934800F0E7FF0121C9
:10253000914801F08BFF914B91498F48C4E90436D3
:1025400003F086FC8F498C48666103F081FC8E495C
:102550008948666103F07CFC8C49874803F078FC6D
:102560002B78002B3FF44AAF894907A804F0B0F953
:1025700007AA41F2883387498748FAF759FD06468A
:10258000002840F092800C234FF6FF72CDE9003214
:102590000146C8236722784800F0B0FF0121764841
:1025A00001F054FF7D4B7649C4E90436724803F0CC
:1025B0004FFC002363617A496F4803F049FC74497A
:1025C00007A804F013FB41F2883307AA7549724843
:1025D000FAF72EFD002840F092800C234FF6FF7290
:1025E000CDE9003200217522C823634800F086FF40
:1025F0000121614801F02AFF6B4B61495E480027C9
:10260000C4E9043703F024FC68495B48676103F0C0
:102610001FFC5D495848676103F01AFC644956483D
:1026200003F016FC5C4C2046FBF72AF92046FAF72B
:10263000C9FD2B785F4A62600BB1FBF7FDFDFCF72B
:1026400021F907A804F07EFAFBF788FC2B78002B11
:1026500052D0002E40F6C41018BF4FF44870D1E697
:102660004FF6FF710C224B46CDE9002120464B224C
:10267000294600F043FF3946204601F0E7FE4E4B65
:1026800023613F496561204603F0E2FB4B496561E8
:10269000204603F0DDFB3C496561204603F0D8FB92
:1026A0004749204603F0D4FBE6E54649404604F09E
:1026B0000FF9414607A804F017FC0746404604F00E
:1026C00041FA0C234FF6FF72CDE900320021C823F6
:1026D0006722294800F012FF0121274801F0B6FEC9
:1026E0002E4B274A2361002F4FF0000336496361C8
:1026F000BCBF1E46114659E740F6C41082E6334976
:102700000AA804F0E5F80AA907A804F0EDFB0028E0
:102710001FDB0AA804F016FA0C234FF6FF72CDE96E
:10272000003200217522C823134800F0E7FE012182
:10273000114801F08BFE1C4B23490F480027C4E9C8
:10274000043703F085FB194967610B4803F080FBF0
:1027500068E71F49404604F0BBF8414607A804F06B
:10276000C3FB0746404604F0EDF90AA804F0EAF975
:10277000002FD1DA31E700BF2478002018005A007A
:1027800090EB030008E703007CE8030078FB0300FC
:102790005CE803008CEA030018920020180068002F
:1027A00044FB030098EA0300180076008CFB03004A
:1027B00094FB0300E50E030018004C0010FB03001F
:1027C00068FB03003CFB030088EB030050FB0300A5
:1027D00054FB0300F0B593B00223009306220923B3
:1027E00098499948994C9A4F9A4E00F099FC1023B9
:1027F00000930A2205230B2102A802F051FAC822F5
:102800001146204601F066F90CAB93E80300039AE9
:10281000914B2360A2629DF810309DF8112084F83E
:102820002C3084F82D209DF812309DF8132084F868
:102830002E3084F82F20059B069A23636263079B42
:10284000BDF82020A363A287099B9DF8282023645C
:1028500084F844209DF829300B9A84F84530A2640E
:1028600004F14C039DF8382083E8030084F85420D9
:102870009DF83A0084F856009DF83B0084F8570014
:102880009DF83C0084F858009DF83D0084F85900FC
:10289000BDF83E00A4F85A001098B4F90A20E0658B
:1028A0006E4B11989DF8391020666D4884F85510CC
:1028B000D51783FB0213606241F2F830C821C5EBE3
:1028C000A313215201FB132541F2F630002DC8BF9E
:1028D000013304F5A055235241F2EF3000232A8042
:1028E00041F2EE32235441F2EC30A35441F2F4327F
:1028F000235441F2FA30A35241F2FC32235241F206
:10290000FE30A352574A215207F108005149C7E946
:10291000002303F0DDFF07F1140407F174052046DE
:1029200031460C3403F0D4FFAC42F8D10025A7F8AF
:1029300074504D4A4D4946484D4C464E07F028FFCD
:1029400004F5A0673146204603F0C2FF04F10C00F5
:10295000314603F0BDFF283444F8105C24F80C5CC9
:10296000BC42EFD13B4D404A4249434C002007F066
:102970000FFF2946414803F0ABFF2946404803F0CA
:10298000A7FF29463F4803F0A3FF29463E4803F02E
:102990009FFF354A3D49394807F0FAFE29463C4831
:1029A00003F096FF304A3B49394807F0F1FE2946CB
:1029B000394803F08DFF2C4A3649374807F0E8FEC6
:1029C0002946364803F084FF274A3249334807F046
:1029D000DFFE2946324803F07BFF234A2D49304869
:1029E00007F0D6FE29462F4803F072FF1E4A2949F8
:1029F0002C4807F0CDFE04F1C0062946204603F01E
:102A000067FF04F10C002946183403F061FFA64269
:102A1000F3D1154A2449002007F0BAFE0D49234896
:102A200003F056FF104A1B49204807F0B1FE094940
:102A30001F4803F04DFF0C4A16491D4807F0A8FE39
:102A400013B0F0BD00300240288C00202478002014
:102A5000189200205CE80300ACE703001F85EB51EF
:102A60009C0204005CA3002000600020F1DE020054
:102A7000448C002015DF0200509100209492002029
:102A8000A0920020AC920020B8920020CDDE02007F
:102A90000C780020456B0300E4770020F4770020D9
:102AA00000780020E092002039DF0200D07700207B
:102AB00018780020F0B52D4C2368DB0785B048D589
:102AC0002B4D2C4E2C4F2846F3F712FC98B128467C
:102AD000F3F734FCC4B20D2C0FD00A2C0DD0082C07
:102AE000B3681ED07F2C1CD0C72B1BD92846F3F708
:102AF000FFFB0028EBD105B0F0BD284603F05AFAE1
:102B0000314601A803F00AFF01A804F01BFB039B58
:102B10008BB901A804F016F83946304604F066F87F
:102B2000D1E763B92146284603F0A4F9214630468F
:102B300004F0DAF8C7E701A8FBF750FCE9E70F4912
:102B4000284603F085F9B1683046013904F04CFAA3
:102B5000B9E70949074803F0BBFE0123084A0949C0
:102B60000448236007F014FEAAE700BFB4770020F2
:102B700058630020B87700205CE8030008E80300F1
:102B800000600020456B03002DE9F043614C237881
:102B90008BB0002B57D0604D04F008FB2B6841F23E
:102BA0008732C01A904245D85C4D5D4C04F0FEFA65
:102BB0002B68227898422CBF002601260AB1984241
:102BC00065D2584B26701B68032B20D0564B1B78C0
:102BD00053B95648FAF7AAF9FFF76CFF0A2004F038
:102BE000F1FA0BB0BDE8F08301225F21504800F0FC
:102BF00067F94F4800F0ACF80028EAD04C4800F0E4
:102C0000ABF8C0B20028E4D0FEF7DEFBE1E7494BA9
:102C10001B68062BDAD1484C04F0C8FA236842F24C
:102C20000F72C01A9042D1D904F0C0FA2060FDF7AB
:102C3000EDF9CBE704F0BAFA23782860002BB3D083
:102C4000FBF7FAFAB0E7394D2846FAF767F9207032
:102C50000028A0D02846FAF713FE2846FAF7B2FA61
:102C60002378364A6A60002B4ED1FBF70BFE314BBE
:102C70001B68012B4BD007A8314903F029FE07A898
:102C80000021FBF779FD07A803F05CFF83E7002133
:102C90002C4801F0E1FB04F089FA2B68984230D20D
:102CA000284F41F2F839002537F9093001934FF0E8
:102CB000C8082B462A4607F1640107F12400CDE934
:102CC00003550295CDF8008002F06CFB294607F110
:102CD000240002F05DF837F909300295CDE9008350
:102CE0002A462B4607F1640107F12400CDE903557C
:102CF00002F058FB07F1240001F086FF124B1D6023
:102D00005FE7FBF783F9CBE7FBF796FAADE7FCF754
:102D1000C5F9B0E790920020C4770020EC92002023
:102D2000C8770020E077002048910020189200200A
:102D3000F8920020D0920020CC770020E50E03000E
:102D4000F4FA030024780020C4920020704700BFEA
:102D5000203003F0CFB900BF203003F0B9B900BF75
:102D6000203003F0D1B900BF38B5437F0BB9002044
:102D700038BD00F6280420460D4603F0CFF90028A0
:102D8000F5D12046294603F08BF9012038BD00BF5C
:102D90002DE9F0475AB30646DFF8588033681B68C0
:102DA0004D1E434517464FF0000400F6280915F85C
:102DB00001AF16D1737F13B92046BDE8F0874846AE
:102DC00003F0ACF90028F7D15146484603F068F902
:102DD0000134A742F0D0336815F801AF1B684345B2
:102DE000E8D05146304698470028F1D1E4E7144630
:102DF000E2E700BF692D030010B4837E1F2B4FF064
:102E0000010288BF03F01F03C27603F5E0738CBF95
:102E1000284A4FF0A04240F20C6142F82310437E52
:102E20001F2B86BF03F01F03224A4FF0A04203F579
:102E3000E07340F20C6142F8231003694FF0CC724A
:102E4000C3F8242503690622C3F800250369827E9E
:102E5000C3F808250369427EC3F80C2590F91830A1
:102E6000002B14DA144A03F00F031A44602313767C
:102E700090F91830002B07DB104903F01F000122E6
:102E80005B09824041F823205DF8044B70475909E3
:102E9000603103F01F030124084A04FA03F342F8E7
:102EA000213090F91830002BDCDB1344602283F8CA
:102EB0000023DDE700030050FCEC00E000E100E04F
:102EC0000AB910467047F8B5054600F120073846A4
:102ED00014460E4603F0F6F82B69C3F888652A6994
:102EE000012313622A69C2F834752A69C2F8384589
:102EF0002A6913602B6902E0D3F824211AB9D3F8A8
:102F00004C21002AF8D00022C3F84C212B6902E0A2
:102F1000D3F824211AB9D3F85C21002AF8D0002272
:102F2000C3F85C212B6901225A612A69D2F8043165
:102F3000002BFBD00021C2F804112B69D3F8242107
:102F400012B1C3F824112B69D3F83C05C5F8200849
:102F5000C0B2F8BD10B541F23003044600F62800B7
:102F6000E15403F0AFF80123637710BD70B541F26F
:102F700030030269C15C00234377C2F888150269F7
:102F8000C2F80431036901261E62036900F62805B0
:102F90000446C3F84455284603F0ACF82369C3F847
:102FA000480523699E60236902E0D3F824211AB9F9
:102FB000D3F85021002AF8D00022C3F85021284627
:102FC00003F098F8236918BB0022C3F86021236935
:102FD00001225A612269D2F80431002BFBD0002172
:102FE000C2F804112369D3F8240160B1C3F8241195
:102FF0002369D3F8C404C3F8C404022803D0042806
:1030000014BF0420032070BDD3F82421002ADBD193
:10301000D3F86021002AF7D0D6E700BF70B52B4C5B
:103020006369D3F86421002A3DD1D3F86821F2B94D
:10303000D3F8042172B1227F0021C3F804114AB1F0
:1030400041F23802D3F83C05A258C4F820080AB16E
:1030500090476369D3F8242142B10022C3F82421A8
:10306000D3F8D024C3F8D02401225A6170BD0022C5
:10307000C3F86821164822770123637703F022F80A
:1030800041F23403E35803B1984763691048C3F829
:1030900044050023637703F02DF863690122C3F828
:1030A00048055A63C4E7002204F12006C3F86421EE
:1030B00001253046257703F005F863694FF4006277
:1030C000C3F83465C3F838251D63AEE7F8920020D5
:1030D000209B002038B50E4C0E4A20464FF47A73E0
:1030E00040F8202B0025C4E9015302F0CDFF04F67F
:1030F000280002F0C9FF084A084B6577D2E907218A
:10310000032020766176A276C4E9043338BD00BF7F
:10311000F8920020DCFB0300F002040000300040C5
:1031200070B5002444749DF81050C9B10F4E016071
:10313000B142846012D00E4CA14204BF0121017142
:103140000C4951F82220027351F82330837351F84F
:10315000253043730023C373037470BD0471EFE71C
:10316000054B064A0648242108F066F80030024064
:1031700000F00240F0020400F8FB030060FC0300D2
:1031800008FC0300437C03B1704730B5012285B0D1
:1031900042740321FF22019304468DF803208DF829
:1031A00006208DF80510827B417B8DF800204FF0C2
:1031B00080451A4602958DF80110057BC373694658
:1031C000037403938DF8025006F048FCA37B1F2B79
:1031D00086BF03F01F030C4A4FF0A04203F5E073D3
:1031E00040F2013142F82310637B1F2B86BF03F0AE
:1031F0001F0305494FF0A04103F5E07340F203328D
:1032000041F8232005B030BD0003005010B504463E
:1032100006F06CFD0023637410BD00BF10B483B0D2
:1032200002AB03E906009DF805309DF80410026822
:1032300013F1FF3318BF012300240229C2F800450F
:103240001C460374C17332D003292DD0012925D027
:10325000224B0099B3FBF1F3B3F5007FC2F854455C
:103260001FD2FF2B0FD87F2B24D83F2B25D81F2B05
:1032700026D80F2B27D8072B02D819498A4225D0E8
:103280004FF0004101E04FF080610723C2F82415A0
:10329000C2F8003503B05DF8044B704743F00204F8
:1032A000D6E74FF00071F0E743F00604D0E743F0B3
:1032B0000404CDE74FF00061E7E74FF08051E4E709
:1032C0004FF00051E1E74FF08041DEE7042B34BFBF
:1032D0004FF0A0514FF02061D7E700BF0090D0031E
:1032E00000F0024003680022C3F80025704700BFC9
:1032F000002B3AD02DE9F047814684B00D461746A1
:103300001E464FF6FF784FF0000A4645344628BF68
:103310004446002D14BF2346002300950297361B18
:1033200001938FB1002269464846039406F040FDA0
:1033300005B125442744002EE7D104B0BDE8F0874D
:10334000CDE900550295361B002269464846CDF866
:103350000CA006F02DFD4DB94645344628BF444625
:10336000002EEDD104B0BDE8F08770472544002E53
:10337000CBD1E2E710B586B006AB012403F8111DEE
:10338000002202A90293CDE90343059406F010FD43
:103390009DF8070006B010BD70B41049104A1148DE
:1033A000114BD568946808601069D66C0D738C73E6
:1033B0000125946C4873106D0D7100220B4D1E7326
:1033C0009C735873CA730A741A71DA731A741D6085
:1033D0004A748A605A749A6070BC704734A30020A3
:1033E000F002040000F0024048A300200030024038
:1033F000704700BF10B404682469A4465DF8044B0C
:10340000604700BF30B40468BDF808500295A46B53
:10341000A44630BC604700BF30B40468BDF8085013
:103420000295E46BA44630BC604700BF704700BF04
:1034300001F0030101298176B0F90830B0F90A20C2
:1034400004D0032902D08381C28170478281C38165
:10345000704700BF2DE9F04385B0994204460768E4
:10346000BDF93060BDF8348023D0B2421D4611D082
:103470007B69DFF884904B4536D1CDE900682B4657
:10348000BE6A2046B0472368DB6A4B4527D105B0AA
:10349000BDE8F08399421FDDCDF830800131FE6B2D
:1034A0004B1B1BB229462046B44605B0BDE8F0438D
:1034B0006047B2420CDDCDF83080531CBD6B9B1BC6
:1034C0001BB232462046AC4605B0BDE8F04360472B
:1034D000334616461A46EEE70D461946DCE7204607
:1034E00005B0BDE8F0431847CDE9021298472768B8
:1034F000DDE90212C1E700BFF13303002DE9F04F0F
:10350000D0F800C01F46DCF814601A4B83B09E420E
:103510000546BDF93090BDF834A00C4690461FD149
:103520002744BC4214DADFF850B0DCF82060CDF854
:1035300000A05E4521464B464246284601D1DCF8B4
:103540003860013424B2B047BC42D5F800C0ECDB8F
:10355000DCF82C30074A934206D103B0BDE8F08F67
:10356000B047D5F800C0DBE7284603B0BDE8F04F10
:10357000184700BFF1330300053403002DE9F04F75
:10358000D0F800C01D46DCF814A02D4B83B09A453E
:103590000446BDF93090BDF834708846164641D1D6
:1035A000DCF824B0DFF89CA00097D34508BFDCF816
:1035B0003CB02B46324641462046D8472368D3F8D4
:1035C00024B0009709F1FF323244D34512B232D110
:1035D000D3F83CA041462B462046D0472368DFF86D
:1035E00068A0D3F820B00097D34508BFD3F838B00F
:1035F00032464B4641462046D8472368691E1D6A1D
:1036000000975545414408BF9D6B32464B4609B271
:103610002046A84723680A4ADB6A934206D103B0D2
:10362000BDE8F08FD047D4F800C0B9E7204603B01A
:10363000BDE8F04F18472B4641462046D847CDE716
:10364000F133030019340300053403002DE9F04F72
:1036500085B01E46BDF93850BDF83CA0AB1A002B12
:103660009046A6EB0102B8BF5B42002AB8BF5242A7
:103670009342074679DCAE464446AC464046354662
:103680008846764621469946A8455CDDA8EB0504A8
:10369000A4B2A0EB0C0002944FF6FF7C24B204EB22
:1036A000D47480EAE079B142C8BF4FF0010CA9EBB5
:1036B000E0796410CDF80CC09342304B01931FFAAF
:1036C00089F933DCD7F800C0019BDCF818B09B45C2
:1036D0002946534608BFDCF810B0A4EB0904324673
:1036E0003846D847A3B21CB20135002C2DB205DAFA
:1036F000039A1644029AD41836B224B2A845E1DAE5
:1037000005B0BDE8F08FDCF810B0D847A4EB090491
:10371000A3B21CB20135002C2DB205DA039A16446F
:10372000029A9C1836B224B24545E9DCD7F800C0AD
:10373000019BDCF818B09B452A4653463146384673
:10374000E1D0D847E2E7A5EB080080B204B204EB71
:10375000D474B14202904FEA640428460E464546AE
:1037600007DA012103918046A6E7B4460846914650
:103770008AE74FF6FF71039180469DE7F53303001A
:103780002DE9F04FD0F800C0DFF888E0DCF84060A9
:1037900083B07645BDF93080BDF834A028D191467C
:1037A0001F461B4ADCF81430934205460C462BD1C9
:1037B0002744BC4214DADFF860B0DCF82060CDF8B2
:1037C00000A05E45214643464A46284601D1DCF822
:1037D0003860013424B2B047BC42D5F800C0ECDBFD
:1037E000DCF82C300A4A934209D103B0BDE8F08FCF
:1037F000B446CDE90C8A03B0BDE8F04F60472846D7
:1038000003B0BDE8F04F18479847D5F800C0CFE7A0
:10381000F1330300FD340300053403002DE9F04FBC
:10382000D0F800C0284BDCF84040B0F90C80B0F96B
:103830000E709C4283B0894633D1DCF81430DFF837
:103840008CB05B4505463AD1B8F1000F22DD00246B
:10385000DFF87CA0A64609E0DCF838600134B04708
:103860000FFA84FEF045D5F800C013DDDCF82060C7
:10387000CDF80090564571463B464FF00002284671
:10388000EAD001340022B0470FFA84FEF045D5F8A3
:1038900000C0EBDCDCF82C305B450BD103B0BDE89D
:1038A000F08F0022CDE9007143461146A04703B0D6
:1038B000BDE8F08F284603B0BDE8F04F18479847A1
:1038C000D5F800C0C0E700BFFD340300F1330300AA
:1038D000053403002DE9F04FD0F800C01646DCF89F
:1038E0001450304A85B095420746BDF838B00C46B2
:1038F0004DD19BB203F1FF39DCF828502A4A1FFA58
:1039000089F909EB040895420FFA88F810D0CDE93F
:10391000006B4346324621463846A847D7F800C0D8
:10392000DCF82C301F4A934237D105B0BDE8F08F48
:10393000444526DDC3F101031FFA83F90FFA89F527
:10394000234605EBD57544466D109846174BDCF8B9
:1039500018A09A4532465B46214638460FD1DCF81E
:1039600010A0D0470134002D24B203DA013E4D44AB
:1039700036B22DB2A045D7F800C0E7DAD0E7D0477D
:10398000F0E70FFA89F505EBD5756D10DEE70393C7
:10399000A847D7F800C0039BABE7384605B0BDE8A1
:1039A000F04F1847F13303004D360300F5330300A1
:1039B0002DE9F04FD0F800C09046DCF81440424AA0
:1039C00085B094420646BDF838900F466ED1DCF8BB
:1039D00028503E49013B1FFA88F213449BB28D42A6
:1039E0001CB250D1444528D066DAD31A9BB21DB21E
:1039F00005EBD575A04503934FEA65053BDBDFF882
:103A0000D0A010E0DCF810B0D8470134002D24B26B
:103A1000ABB204DA039A013F9D183FB22DB2A04524
:103A2000D6F800C027DBDCF818B0D3454B46224659
:103A300039463046E6D0D847E7E7DFF894A03D4660
:103A40004FF00008BB46DCF818705745224608BF07
:103A5000DCF8107029464B463046B8470135B8F1BE
:103A6000000FB8BF04F1FF342DB2B8BF24B2AB458C
:103A7000D6F800C0E7DADCF82C30134A934210D1B4
:103A800005B0BDE8F08F42463B46CDE900493946D6
:103A90003046A847D6F800C00B4ADCF82C309342D9
:103AA000EED0304605B0BDE8F04F18470393A0476D
:103AB000D6F800C0039B8AE7104621461A464446C2
:103AC0000346884691E700BFF13303004D360300FB
:103AD000F533030070B4002461F30F0462F31F4454
:103AE000094A02604FF0FF36002240F20115012121
:103AF0008460C46046610583C1764260026182765B
:103B00000277026270BC7047A80104002DE9F04FF3
:103B100091B01F46BDF96840BDF874600396A2429B
:103B2000BDF96C50BDF970A00E92064640F3CD80F1
:103B30005245104600F31281D6F800E0904ADEF8B4
:103B40001430934240F0D480544500F0DA8089B2BA
:103B5000BFB2DDF838900A91ADB2A1EB0708A5EB32
:103B6000070C0FFA88F01FFA89FBA2B21FFA8AF33A
:103B70006D1A0B900FFA8CF0D145ABEB020104905B
:103B8000A3EB020228B2A3EB0B031BB2079018BFF2
:103B90000BF1FF300D934B4614BF03B24B4609B2F5
:103BA00012B29C420C91069208930F9400F3DD80B0
:103BB0004FF00008734B0593C14609970BE0039D36
:103BC0000095DEF83C50A8470134089BD6F800E089
:103BD00024B2A34229DB069998FBF1F509990C9BC5
:103BE00099FBF3F30D440B440B991BB22DB289449E
:103BF0000499AB4222463046884402DC29461D46E1
:103C00000B4603F1010CDEF824B0059FACEB050C6C
:103C10000FFA8CFCBB4529466346D0D0039B00932A
:103C2000224663463046D847CEE70F9B099FE51AE8
:103C3000049B03FB05F50E9BA4EB0308079BA24521
:103C400003FB08F839DB4F4B059308970AE0039F05
:103C50000097DEF83C90013424B2C847A245D6F85C
:103C600000E02ADB069995FBF1FC0A990D9B98FB75
:103C7000F3F30B4408998C4407991BB20FFA8CFCA0
:103C8000884404996345224630460D4402DC61466F
:103C90009C460B4603F1010BDEF82490059FABEB2D
:103CA0000C0B0FFA8BFBB94561465B46CFD0039BEB
:103CB000009322465B463046CDE7DEF82C30304A92
:103CC000934240D111B0BDE8F08F544540DD0E9BCA
:103CD000534522463B464ADDD6F800E054462F467F
:103CE00092461D46264ADEF8143093423FF42CAF2C
:103CF0000491304698475445D6F800E004997FF483
:103D000026AF8F4202DD3B460F461946AF4204DC28
:103D1000A942B8BF294609B23D46DEF82470194AC7
:103D200001319742039A0092A1EB05031BB208BF31
:103D3000DEF83C70224629463046B8473368104AC0
:103D4000DB6A9342BED0304611B0BDE8F04F184751
:103D500022460F460E9C0E921946EDE622463B4641
:103D600004460F460E921946B1E7002563E70E9C04
:103D7000CDF838A00F46924629461D46DCE600BF26
:103D8000F1330300193403002DE9F04F97B0834657
:103D90000D91016ABDF880000290BDF88400039087
:103DA0009DF8880006909DF88C00089005920029E7
:103DB00000F0EB800A7AD1E900109B1ADBB200EB2D
:103DC000C30230F83330079393780493D378109379
:103DD00092F905301593069B0A91012B92F9064042
:103DE00040F2CB80BDF954300E9323B21293AE4B08
:103DF000DBF800C009931A46DCF81430934240F017
:103E00004D81109B002B00F08B80BDF81430139374
:103E1000002223440C92149392460B92049B002B95
:103E200076D00B9B129A089913981A4402FB010250
:103E30001499CB181BB211930FFA82F90C9B002531
:103E400009E00135049AEDB24FEA4A0AAA425FFA44
:103E50008AFA434658D95A1C5B075FFA82F806D1A2
:103E6000079A0A99531C9BB211F802A007931AF003
:103E7000800FE6D0069ABDF83430012A59D00E9A48
:103E80000699DCF81C60BDF920705419874A04FBC0
:103E90000134964224B20BB260D1DCF84060844A0F
:103EA00096425BD1DCF81430099A934260D1069BAC
:103EB0002344A34203931DDD7E4B05930F950BE036
:103EC000029D0095DCF83860B0470134039BDBF8B5
:103ED00000C024B2A3420CDDDCF82060059DAE4298
:103EE00021463B464A465846EAD0029B00933B4651
:103EF000EAE70F9DDCF82C30099A9342A1D058468E
:103F00009847DBF800C09CE70C9B1344DBB20C9392
:103F10000B9B109A0133DBB29A420B933FF67EAFB4
:103F2000DCF82C30099A934240F0B38017B0BDE81A
:103F3000F08F089A012AA2D1159ADCF81840134490
:103F40005D4A5919944208BFDCF81040029B119A4F
:103F500009B25846A047DBF800C072E7029A214632
:103F6000CDE9007258464A46B047DBF800C068E722
:103F700058469847DBF800C099E7089B012B3FF6AD
:103F800031AF002312930E9331E7BBF90C200D994A
:103F90008A42CBDDBBF90E2005988242C6DDBDF812
:103FA0001840062212FB0412002ABFDD089A00EB1B
:103FB000C202002ABADD9BF81C201AB9AF2B84BFBD
:103FC0000133DBB2384ADBF800C009921146DCF855
:103FD00014208A4240F08C81384ABDF834100F9189
:103FE00003EB8303D3180D93BDF818300E93002311
:103FF0000B910C930D9ABDF92C3012F8018B0D9298
:10400000069A07939F18082304930026B94618F0D0
:10401000010F55D00699BDF814200129B3B200F064
:10402000F2800899DCF81C4011FB03F313441F4A8B
:1040300094421DB20FFA81FABDF9183040F00681A2
:10404000DCF840401A4A944240F00081DCF8143019
:10405000099A934240F02281079C4C4570DA0A96F7
:104060000AE0029E0096DCF83870013424B2B847AA
:104070004C45DBF800C062DADCF820700D4EB74228
:10408000214653462A465846EBD0029B009353469E
:10409000EBE7584617B0BDE8F04F18475846984729
:1040A000DBF800C0ADE600BFF13303008137030049
:1040B000FD34030005340300F5330300A0FC0300C6
:1040C000DDE90232934241D00699BDF8142001295E
:1040D000B3B200F0C5800899DCF81C4011FB03F373
:1040E00013448F4A94421DB20FFA81FABDF9183079
:1040F00040F0CD80DCF840408A4A944240F0C780CE
:10410000DCF81430099A934240F0CD80079C4C456E
:1041100016DA0A96DCF82070834EB74221465346E1
:104120002A46584640F08680039E00960134DCF80B
:10413000387024B2B8474C45DBF800C0EADB0A9E71
:10414000DCF82C30099A934240F0A380049B013B99
:10415000013613F0FF0376B24FEA580804937FF458
:1041600056AF0B9B0E9A13440C9A01329BB2052A50
:104170000C920B937FF43EAFDDE9023293423FF4A1
:10418000CFAE069B012B00F0A0800E9B0F99DCF8B0
:104190001C60634A03EB83031944089B96424FEA71
:1041A000C3050CB2BDF9183040F0A980DCF84060BE
:1041B0005C4A964240F0A380DCF81430099A93429E
:1041C00040F0A980069B23449C421E4670DADFF82B
:1041D0005881DDF814900AE0039F0097DCF83870EE
:1041E000013424B2B847B442DBF800C060DADCF82E
:1041F0002070474521462B464A465846ECD0039B43
:1042000000932B46ECE7089901297FF40AAF134489
:104210000C990F9ADCF8184051181AB2434B9C4283
:1042200008BFDCF81040029B09B25846A047DBF8F3
:1042300000C08BE7039B00930134534624B2B84778
:10424000A145DBF800C03FF765AF78E7029A079910
:10425000CDE900A258462A46A047DBF800C075E722
:10426000089901297FF437AF13440C990F9ADCF8B1
:10427000184051181AB22D4B9C4208BFDCF8104070
:10428000039B09B25846A047DBF800C05EE7039ADB
:10429000DDE758469847DBF800C057E7584698478F
:1042A000DBF800C0D8E658469847DBF800C02DE799
:1042B000DCF82C30099A93423FF435AE58469847C3
:1042C000DBF80030099ADB6A2DE6089B012B7FF4AE
:1042D0005CAF0F9900920531059ADCF82040082365
:1042E00009B25846A047DBF80030099ADB6A1AE6A3
:1042F000049358469047DBF800C0049B6CE6039A91
:104300002146CDE900525846059AB047DBF8003007
:10431000099ADB6A07E658469847DBF800C051E780
:1043200081370300FD34030005340300F533030037
:104330002DE9F041036A84B00446002B4FD00A29CE
:1043400041D00D2947D01A7A914244D3987A8842B5
:1043500041D38A1A5D68B4F91060207ED2B205EBB1
:10436000C205AF7857B3EA7842B394F81BC0B4F9EA
:10437000122094F819E0BCF1000F0FD095F905C098
:10438000B4F90C80674400FB0767474506DD00264B
:1043900026821B7B03FB0E2212B26282B4F816C087
:1043A000CDF80CE0A78A02900B4620463146CDE9B5
:1043B000007CFFF7E9FCB4F91060207E297901FB4D
:1043C0000060208207E0002202821B7B428A417E3D
:1043D00001FB03234382012004B0BDE8F0810A29D8
:1043E0002CD00D29F7D0C67EB0F91070B4F9122088
:1043F000007E657E66B10626B4F90CC016FB007619
:10440000664505DD02EBC50212B2628223821F46B9
:10441000E68A0395A58A02900B4620463946CDE9E7
:104420000056FFF7B1FC237E228A03EB430302EB25
:1044300043030120238204B0BDE8F081428A417E1B
:10444000038202EBC1034382C5E700BF002908BF16
:104450000121017641767047036A39B10BB10162DF
:104460007047438A0162063343827047002BF6D0BF
:10447000438A0162063B4382704700BF30B4BDF9F6
:104480000850BDF90C40029503949DF810509DF81A
:104490001440049505949DF81850046806956469C5
:1044A000A44630BC604700BF704700BF03681B696B
:1044B000184700BF30B4BDF90850BDF90C40029553
:1044C00003949DF810509DF81440049505949DF8B0
:1044D0001850046806956469A44630BC604700BF64
:1044E00030B4BDF90850BDF90C4002950394BDF9F4
:1044F0001050BDF9144004950594BDF91850BDF94C
:104500001C40069507949DF820509DF8244008957E
:1045100009949DF8285004680A95246AA44630BC82
:10452000604700BF704700BF704700BF704700BFC3
:10453000704700BF704700BF10B50446406AFEF7E1
:1045400065FEB4F90C00002802DB002106F010F82B
:10455000B4F90E00002802DB002106F009F8B4F9D6
:104560001000002804DB0021BDE8104006F000B870
:1045700010BD00BF38B504469DF81000E386002347
:1045800084F8302084F8312084F8210084F8323017
:1045900084F8333084F8343084F83530002940F022
:1045A0009B80B4F90C0000280CDB012106F064F8B4
:1045B0000121B4F90C0005F0DBFF0121B4F90C0076
:1045C00006F05AF8B4F91000002829DB94F82150BD
:1045D000002D64D1012106F04FF80121B4F910003B
:1045E00005F0C6FF0121B4F9100006F045F80A20D5
:1045F00002F0E8FD2946B4F9100006F03DF8E08E1F
:1046000002F0E0FDB4F91000012106F035F8E08E6B
:104610000A2838BF0A2002F0D5FD002384F8343080
:10462000606AFEF7AFFDB4F9100000280CDB012131
:1046300006F022F80121B4F9100005F099FF0121DC
:10464000B4F9100006F018F8B4F90C0000280CDBDF
:10465000012106F011F80121B4F90C0005F088FFE2
:104660000121B4F90C0006F007F8B4F90E00002897
:104670000CDB012106F000F80121B4F90E0005F071
:1046800077FF0121B4F90E0005F0F6FFB4F912002E
:10469000002820DB0021BDE8384005F069BF00217B
:1046A00005F0EAFFB4F91000012105F061FF0021D7
:1046B000B4F9100005F0E0FFE08E02F083FDB4F9DC
:1046C0001000022105F054FFE08E0A2838BF0A20AE
:1046D00002F078FDA1E738BD0348F1F75FFF012341
:1046E00084F820305DE700BF5863002030B50268D1
:1046F000674B55689D4283B05CD10446002340F26D
:1047000001150A2084F8213084F8343084F83530DB
:104710002563E086002940F0B480B4F90C0000283D
:1047200080F28580B4F9100000282ADB94F821502B
:10473000002D40F08A80012105F09EFF0121B4F98F
:10474000100005F015FF0121B4F9100005F094FFE9
:104750000A2002F037FD2946B4F9100005F08CFF5D
:10476000E08E02F02FFDB4F91000012105F084FF66
:10477000E08E0A2838BF0A2002F024FD002384F8C6
:104780003430606AFEF7FEFCB4F9100000283CDA11
:10479000B4F90C00002826DAB4F90E00002810DA6B
:1047A000B4F9120000280ADB002103B0BDE8304054
:1047B00005F0DEBE0023009301220A23A84703B0C0
:1047C00030BD012105F058FF0121B4F90E0005F0BC
:1047D000CFFEB4F90E00012105F04EFFB4F912002E
:1047E0000028E1DAEBE7012105F046FF0121B4F9E9
:1047F0000C0005F0BDFEB4F90C00012105F03CFFF2
:10480000B4F90E000028CBDBDBE7012105F034FF13
:104810000121B4F9100005F0ABFEB4F9100001213C
:1048200005F02AFFB4F90C000028B5DBDBE7012115
:1048300005F022FFB4F90C00012105F099FE0121D9
:10484000B4F90C0005F018FF6CE7002105F014FF27
:10485000B4F91000012105F08BFE0021B4F910001D
:1048600005F00AFFE08E02F0ADFCB4F91000022161
:1048700005F07EFEE08E0A2838BF0A2002F0A2FC76
:104880007CE70448F1F78AFE012384F8203044E7EE
:104890007545030058630020F0B4BDF81C50BDF905
:1048A0001070BDF82040002665F30F06002561F367
:1048B0000F0562F31F45002263F30F021B4B9DF8A7
:1048C0002810036064F31F469DF82C30466067F3A0
:1048D0001F429DF830609DF8247041728372BDF9CB
:1048E0001410134B0261069A0772C672C560114F0D
:1048F0008182012640F20115C26143624FF6FF72C8
:1049000000230A21876280F82D600563C18680F844
:10491000203080F82C3080F8343080F83530C0E911
:104920000E33C2820283F0BC704700BF1402040041
:1049300034A3002000093D0010B483B06C4684E825
:104940000C00A38841628262838503B05DF8044B4A
:10495000704700BF38B5B0F91030002B2ADB90F853
:1049600021500446184635BB012105F085FE012182
:10497000B4F9100005F0FCFD0121B4F9100005F0B8
:104980007BFE0A2002F01EFC2946B4F9100005F057
:1049900073FEE08E02F016FCB4F91000012105F060
:1049A0006BFEE08E0A2838BF0A2002F00BFC0023C1
:1049B00084F8343038BD002105F05EFEB4F91000F3
:1049C000012105F0D5FD0021B4F9100005F054FED9
:1049D000E08E02F0F7FBB4F91000022105F0C8FDEB
:1049E000E08E0A2838BF0A2002F0ECFBDFE700BFA8
:1049F0002DE9F843B0F91230002B6EDB044601209C
:104A0000894602F0DFFB3E4BDB68D9015AD53D4BAE
:104A10001A68D20756D55D68AD09394FDFF8F480C2
:104A2000384E05E07368E2699B095B1B934225D809
:104A3000B4F9120005F03CFEB4F91430984221D1CB
:104A4000A36B002B57D0E06B9847B4F9120005F028
:104A50002FFEB4F91430984214D1FB68DB0102D563
:104A60003368D807DED403F01BFEA0FB0801830ADD
:104A700043EA8153E2695B1B9342D9D92249234817
:104A800001F0B2FAB9F1000F25D094F8203013B339
:104A90001B4BDB68D90125D51A4B1A68D20721D5E3
:104AA0005B689B09494619485D1B01F0D1F918491B
:104AB000164801F0CDF929460A221448BDE8F8430A
:104AC00001F0AABA03F0ECFD124BA0FB0301850A2A
:104AD00045EA8155A1E7BDE8F8831046BDE8F843F3
:104AE00002F070BB03F0DCFD0A4BA0FB0301830A5C
:104AF00043EA8153D6E7012002F064FBA5E700BF3B
:104B0000F0ED00E0001000E0F80104005863002020
:104B10000802040040420F0038B500F128030446A3
:104B20000D46406A93E80600FEF778FBB4F90E00E4
:104B3000002802DB002105F09FFDB4F90C000028DD
:104B400002DB002105F098FD2946606AFEF712FCA1
:104B5000B4F90C00002802DB012105F08DFDB4F949
:104B60000E00002802DB012105F086FD606ABDE829
:104B70003840FEF7B7BB00BF38B500F12803044644
:104B80000D46406A93E80600FEF748FBB4F90C00B6
:104B9000002802DB002105F06FFD2946606AFEF760
:104BA000E9FBB4F90C00002802DB012105F064FDEB
:104BB000606ABDE83840FEF795BB00BF00F12803EE
:104BC00010B5044693E80600406AFEF727FBB4F9E7
:104BD0000C00002804DB0021BDE8104005F04CBDAE
:104BE00010BD00BF406AFEF7C5BB00BF10B504464C
:104BF000B0F90C00002802DB012105F03DFD606AE0
:104C0000BDE81040FEF76EBB90F8323010B5044698
:104C10007BB12221FFF780FF83212046FFF7ACFF05
:104C200020212046FFF778FF962205492046FFF70E
:104C3000DFFE002384F8323084F8333010BD00BF2B
:104C40008802040038B590F8323004467BB1222146
:104C5000FFF762FF83212046FFF78EFF20212046C9
:104C6000FFF75AFF96220D492046FFF7C1FEB4F91F
:104C700010300025AB4284F8325084F833500CDBFE
:104C800010212046FFF748FF01212046FFF774FF5F
:104C9000012384F8355084F8343038BD880204008C
:104CA00030B58BB04FF0000CBDF9384000940124B2
:104CB000CDE9074401940324CDE9054C064D029546
:104CC000C824CDE903440446FFF7E6FD034B236007
:104CD00020460BB030BD00BF809698009C020400B7
:104CE0002DE9F84304460E46112115469946BDF8B4
:104CF0002080FFF711FF20460321FFF73DFFC6F399
:104D0000C70720464421FFF707FF39462046FFF733
:104D100033FF06EB0903591E48BF991D2046C1F316
:104D2000C701FFF729FF5FFA85F920464521FFF704
:104D3000F3FEA84449462D0A2046FFF71DFF08F15F
:104D4000FF3629462046FFF717FFF1B22046FFF74E
:104D500013FF311EB8BF08F1FE012046C1F3072141
:104D6000FFF70AFF20464E21FFF7D6FE39462046C0
:104D7000FFF702FF20464F21FFF7CEFE49462046AF
:104D8000FFF7FAFE29462046BDE8F843FFF7F4BED8
:104D900030B5044683B039B30368264ADD6B9542CB
:104DA0003BD190F83120DAB9C82300931146FFF7C0
:104DB00097FF20462221FFF7AFFE2046FC21FFF798
:104DC000DBFE20462021FFF7A7FE4FF4FA721A49B6
:104DD0002046FFF70DFE012384F8323003B030BDCA
:104DE0009B6B164A93421FD120462221FFF794FE67
:104DF0002046F721FFF7C0FE20462021FFF78CFE5A
:104E000040F628220E492046FFF7F2FD002384F8E1
:104E1000323084F8313003B030BDC8230022009313
:104E20001146A84703B030BD002103B0BDE83040B3
:104E3000184700BF454E030078020400914D03005F
:104E400068020400F0B590F8316083B00446BDF903
:104E50002050002E51D10029BCBF5B181BB221EAA3
:104E6000E170002AB8BFAD1800EB0301B8BF2DB246
:104E700022EAE272C729C8BFC0F1C80302EB0501EC
:104E8000C8BF1BB2C729C4BFC2F1C8052DB2002BD1
:104E900031DD002D2FDD00F007010B4499B20EB279
:104EA000774207F0070706F0070358BF7B42002B45
:104EB00002DD0831CB1A1EB2ADB24FF6F871B3B2B3
:104EC00092B2014000952046FFF70AFF22212046BA
:104ED000FFF722FEFC212046FFF74EFE2021204650
:104EE000FFF71AFE4FF4FA7215492046FFF780FDCE
:104EF000012384F8323003B0F0BD0368114A9B6B84
:104F0000934217D12221FFF707FE2046F721FFF732
:104F100033FE20462021FFF7FFFD40F628220A49F4
:104F20002046FFF765FD002384F8323084F83130E5
:104F300003B0F0BD002103B0BDE8F040184700BF4A
:104F400078020400914D03006802040090F83430A8
:104F500010B504460BB1FFF7FDFC0A2002F032F950
:104F600012212046FFF7D8FD0A2002F02BF901217B
:104F70002046FFF7D1FDC7212046FFF7FDFD0021A8
:104F80002046FFF7F9FD00212046FFF7F5FD3C2103
:104F90002046FFF7C1FD05212046FFF7EDFD182152
:104FA0002046FFF7B9FD80212046FFF7E5FD1121DE
:104FB0002046FFF7B1FD03212046FFF7DDFD442128
:104FC0002046FFF7A9FD00212046FFF7D5FD182157
:104FD0002046FFF7D1FD45212046FFF79DFD00212A
:104FE0002046FFF7C9FD00212046FFF7C5FDC72178
:104FF0002046FFF7C1FD00212046FFF7BDFD4E21F1
:105000002046FFF789FD00212046FFF7B5FD4F211F
:105010002046FFF781FD00212046FFF7ADFD00216E
:105020002046FFF7A9FD012384F8353010BD00BFED
:1050300090F8353070B505460C461646002B4FD01B
:1050400011212846FFF768FD03212846FFF794FD4C
:1050500044212846FFF760FD00212846FFF78CFD1C
:1050600018212846FFF788FD45212846FFF754FD03
:1050700000212846FFF780FD00212846FFF77CFD30
:10508000C7212846FFF778FD00212846FFF774FD69
:105090004E212846FFF740FD00212846FFF76CFD12
:1050A0004F212846FFF738FD00212846FFF764FD11
:1050B00000212846FFF760FD21462846FFF72CFD1A
:1050C0002846FFF77BFD41F2883431462846FFF73A
:1050D00089FD013CF9D12846BDE87040FFF786BD47
:1050E000FFF734FFACE700BF2DE9F04F8BB01E4651
:1050F0009DF85C30059305469DF86030BDF954B0CD
:10510000BDF950A0BDF958400691012004931746FF
:1051100002F058F8734203F0070306F0070858BF7F
:10512000C3F100081BF1070948BF0BF10E09A6EBFC
:105130000806C9F3CF091FFA86F84FEAC9031BB264
:105140000FFA88F6F11826EAE676C729B6B2C8BF84
:10515000C8F1C803A6EB0808C8BF1BB21FFA88F83D
:105160000AEB0401A3EB0803C7291FFA8AF09BB2DC
:10517000C8BFC0F1C8010FFA83FBCCBF09B22146FA
:10518000BBF1000F6DDD2AEAEA7292B2101A1FFA23
:1051900080FAA1EB0A0107928AB2089212B2002AA1
:1051A00003925EDD95F83520002A00F0C78095F85F
:1051B0003020002A40F08C80089A00923146079AED
:1051C0002846FFF78DFD06992846FFF7A5FC0FFA44
:1051D00088F82846FFF7F2FCB8F1000F0FFA8AF3BF
:1051E00004F1FF36B8BF08F1070813FB09F4C8F350
:1051F000CF08F61A16FB0986A0441FFA88F44FEA76
:10520000EB0BB6B24FF00008BBF1000F14D0049BBB
:1052100053BB059B04EB0B0A002B38D11FFA8AF312
:1052200006949A4622B22846B95CFFF7DBFC631C61
:105230009CB25445F6D1069C039B08F101080FFA75
:1052400088F8A6EB09064C444345B6B2A4B2DBD1BC
:105250002846FFF7CBFC01200BB0BDE8F04F01F072
:10526000B1BF0BB0BDE8F08F059B06EB0B0AF3B99D
:105270001FFA8AF306949A46344622B22846B95C4D
:10528000FFF7B0FC631C9CB25445F6D1D3E71FFA7C
:105290008AF306949A4622B22846B95CC943C9B239
:1052A000FFF7A0FC631C9CB2A245F4D1C3E71FFA30
:1052B0008AF306949A46344622B22846B95CC9431A
:1052C000C9B2FFF78FFC631C9CB2A245F4D1B2E7D0
:1052D000296823480A69824236D1CA68214909935C
:1052E0008A4232D1FF2226212846FFF7A1FEFF2263
:1052F00024212846FFF79CFE2A681B49926B099BD4
:105300008A4227D122212846FFF706FCF7212846AA
:10531000FFF732FC20212846FFF7FEFB40F628224B
:1053200012492846FFF764FB0022099B85F83220CA
:1053300085F83120002285F830203DE72846099382
:10534000FFF704FE099B32E70993FF2128469047A7
:10535000099B31E70993002128469047099BE9E71B
:10536000A55B0300F1590300914D0300680204009E
:1053700030B587B0BDF92850BDF92C400093019598
:105380009DF830309DF8345002949DF838400393D6
:105390000495134605940A462421FFF7A5FE07B09D
:1053A00030BD00BF2DE9F04F89B00C46BDF9487003
:1053B000BDF94C809DF850909DF854A09DF858B0D0
:1053C000009315461E46CDE901781346CDE9039AB0
:1053D0000A46CDF814B026210790FFF785FECDE9E7
:1053E00004ABCDE90289CDE900672B462246079838
:1053F0002421FFF779FE09B0BDE8F08F30B587B002
:10540000BDF92850BDF92C40009301959DF830302E
:105410009DF8345002949DF8384003930495134648
:1054200005940A462621FFF75FFE07B030BD00BF96
:105430002DE9F04F5C428DB004F0070403F007063D
:1054400058BF66429E1B9DF87440BDF958300493C6
:10545000BDF95CA007949DF87840BDF96C50BDF98A
:10546000607006940FFA86FB049CBDF970E0BDF9EC
:105470006430BDF968C0AAEB0B063C1BB542A8BF5F
:10548000354674450994A8BF74465F422DB207F0B3
:10549000070703F0070658BF7E42EF1D48BF05F11E
:1054A0000E079B1B9BB227F007073FB21EB2F519F0
:1054B00026EAE676C72DB6B2C8BFC3F1C807A6EB89
:1054C000030324B2C8BF3FB21FFA83F90CEB040EEA
:1054D000A7EB0907BEF1C70F1FFA8CF5BFB2C8BF13
:1054E000C5F1C8040FFA87F8C8BF24B2B8F1000F9D
:1054F0007BDD2CEAEC7C1FFA8CF35D1B0393ABB2D3
:10550000E41A0893A3B21CB2002C05946DDD154675
:1055100090F835200A910446002A00F0E48094F8BF
:105520003020002A40F0A980039A009331463B4680
:105530002046FFF7D5FB0A992046FFF7EDFA4FEA20
:10554000E80320460FFA89F90393FFF737FBBBF115
:105550000002B8BF0732099BB9F1000F4FEAE2071A
:10556000B8BF09F10709BDF92020089207EBE90748
:10557000013B1AF1070948BF0AF10E09BFB29B1A95
:105580000993C9F3CF090026BA460399F9B10498E3
:10559000089A02440998B3B21A44C31A13FB09A328
:1055A0001FFA83FB069B12FB09A297B203BB079B62
:1055B000002B35D107EB01081FFA88F83BB2013701
:1055C0002046E95CBFB2FFF70DFBB845F6D10136C6
:1055D000059B36B2B342D8D12046FFF707FB012026
:1055E0000DB0BDE8F04F01F0EDBD0DB0BDE8F08F9E
:1055F000079B53BB0BEB01081FFA88F80FFA8BF3DC
:105600000BF1010B2046E95C1FFA8BFBFFF7EAFA6E
:10561000C345F3D10136059B36B2B342B5D1DBE7C2
:1056200007EB01081FFA88F83BB20137E95CC94370
:105630002046C9B2BFB2FFF7D5FAB845F4D101365A
:10564000059B36B2B342A0D1C6E70BEB01081FFAA7
:1056500088F80FFA8BF30BF1010BE95CC943204684
:10566000C9B21FFA8BFBFFF7BDFAC345F1D1013672
:10567000059B36B2B34288D1AEE7216822480A6959
:10568000824235D1CA6821490B938A4231D1FF2227
:1056900026212046FFF7CCFCFF2224212046FFF7DD
:1056A000C7FC22681A49926B0B9B8A4226D12221A1
:1056B0002046FFF731FAF7212046FFF75DFA202157
:1056C0002046FFF729FA40F6282212492046FFF724
:1056D0008FF900220B9B84F8322084F831200022BD
:1056E00084F8302020E70B93FFF730FC0B9B16E784
:1056F0000B93FF21204690470B9B15E70B9300214E
:10570000204690470B9BEAE7A55B0300F159030095
:10571000914D0300680204002DE9F04F91B08246DC
:10572000BDF974709DF884C0BDF96840BDF9706022
:105730000C97CDF838C09DF880709DF888C00B9606
:1057400001200D97BDF96C50BDF97860BDF97C80E2
:10575000CDF83CC08B461746994601F033FD002C2E
:1057600024DB002D22DB002E20DBB8F1000F1DDB37
:10577000002F1BDBA74219DAB9F1000F16DBA94590
:1057800014DA0D9A05960B9E0F980E990C9B0990B2
:105790000891CDE906820493CDE90256CDE9009443
:1057A0003B465A4650462421FFF742FE11B0BDE861
:1057B000F08F00BF2DE9F04F91B08246BDF97470B3
:1057C0009DF884C0BDF96840BDF970600C97CDF8B4
:1057D00038C09DF880709DF888C00B9601200D9709
:1057E000BDF96C50BDF97860BDF97C80CDF83CC046
:1057F0008B461746994601F0E5FC002C3FDB002D57
:105800003DDB002E3BDBB8F1000F38DB002F36DB31
:10581000A74234DAB9F1000F31DBA9452FDA0F9B2B
:105820000D9909930B9B0E980C9A0890CDE906816F
:105830000492CDE902535A463B462621504605962E
:10584000CDE90094FFF7F4FD012001F0BBFC0F9BB4
:105850000D9909930B9B0E980C9A0890CDE906813F
:105860000492CDE902530596CDE900943B465A4691
:1058700050462421FFF7DCFD11B0BDE8F08F012078
:1058800011B0BDE8F04F01F09DBC00BF90F835307D
:1058900070B505460E46002B00F0A2801121284667
:1058A000FFF73AF903212846FFF766F94421284615
:1058B000FFF732F900212846FFF75EF91821284644
:1058C000FFF75AF945212846FFF726F90021284617
:1058D000FFF752F900212846FFF74EF9C721284665
:1058E000FFF74AF900212846FFF746F94E212846DE
:1058F000FFF712F900212846FFF73EF94F2128460D
:10590000FFF70AF900212846FFF736F9002128465B
:10591000FFF732F924212846FFF7FEF82846FFF763
:105920004DF941F2883431462846FFF75BF9013CD6
:10593000F9D12846FFF75AF995F83530002B52D0A7
:1059400011212846FFF7E8F803212846FFF714F94C
:1059500044212846FFF7E0F800212846FFF70CF91C
:1059600018212846FFF708F945212846FFF7D4F803
:1059700000212846FFF700F900212846FFF7FCF830
:10598000C7212846FFF7F8F800212846FFF7F4F86A
:105990004E212846FFF7C0F800212846FFF7ECF813
:1059A0004F212846FFF7B8F800212846FFF7E4F812
:1059B00000212846FFF7E0F826212846FFF7ACF83B
:1059C0002846FFF7FBF841F2883431462846FFF7B6
:1059D00009F9013CF9D12846BDE87040FFF706B946
:1059E000FFF7B4FA5AE72846FFF7B0FAA8E700BF76
:1059F00090F8353070B505460E46002B00F0BF809C
:105A000011212846FFF788F803212846FFF7B4F84C
:105A100044212846FFF780F800212846FFF7ACF81C
:105A200018212846FFF7A8F845212846FFF774F803
:105A300000212846FFF7A0F800212846FFF79CF830
:105A4000C7212846FFF798F800212846FFF794F869
:105A50004E212846FFF760F800212846FFF78CF812
:105A60004F212846FFF758F800212846FFF784F811
:105A700000212846FFF780F826212846FFF74CF83A
:105A80002846FFF79BF841F2883431462846FFF755
:105A9000A9F8013CF9D12846FFF7A8F895F8353068
:105AA000002B6FD011212846FFF736F80321284636
:105AB000FFF762F844212846FFF72EF80021284618
:105AC000FFF75AF818212846FFF756F845212846CF
:105AD000FFF722F800212846FFF74EF8002128465C
:105AE000FFF74AF8C7212846FFF746F80021284665
:105AF000FFF742F84E212846FFF70EF8002128460E
:105B0000FFF73AF84F212846FFF706F8002128460C
:105B1000FFF732F800212846FFF72EF82421284607
:105B2000FEF7FAFF2846FFF749F841F2883431467C
:105B30002846FFF757F8013CF9D12846FFF756F8F9
:105B40002B68164A9B6B934220D122212846FEF7F0
:105B5000E3FFF7212846FFF70FF820212846FEF73C
:105B6000DBFF40F628220E492846FEF741FF0023BE
:105B700085F8324085F8314085F8303070BDFFF748
:105B8000E5F93DE72846FFF7E1F98BE7214628468E
:105B90009847002385F8303070BD00BF914D030059
:105BA0006802040090F8303070B504460E46002BB1
:105BB00000F0CC800368944ADB68934240F01A817D
:105BC00090F835300BB9FFF7C1F911212046FEF7E7
:105BD000A3FF03212046FEF7CFFF44212046FEF716
:105BE0009BFF00212046FEF7C7FF18212046FEF745
:105BF000C3FF45212046FEF78FFF00212046FEF718
:105C0000BBFF00212046FEF7B7FFC7212046FEF765
:105C1000B3FF00212046FEF7AFFF4E212046FEF7DE
:105C20007BFF00212046FEF7A7FF4F212046FEF70D
:105C300073FF00212046FEF79FFF00212046FEF75C
:105C40009BFF26212046FEF767FF2046FEF7B6FFA2
:105C500041F2883531462046FEF7C4FF013DF9D1B7
:105C60002046FEF7C3FF94F8353013B92046FFF7FE
:105C70006DF911212046FEF74FFF03212046FEF764
:105C80007BFF44212046FEF747FF00212046FEF718
:105C900073FF18212046FEF76FFF45212046FEF7CF
:105CA0003BFF00212046FEF767FF00212046FEF75C
:105CB00063FFC7212046FEF75FFF00212046FEF765
:105CC0005BFF4E212046FEF727FF00212046FEF70E
:105CD00053FF4F212046FEF71FFF00212046FEF70D
:105CE0004BFF00212046FEF747FF24212046FEF708
:105CF00013FF2046FEF762FF41F288353146204609
:105D0000FEF770FF013DF9D12046FEF76FFF2368D3
:105D10003E4A9B6B934273D122212046FEF7FCFE44
:105D2000F7212046FEF728FF20212046FEF7F4FE4B
:105D300040F6282236492046FEF75AFE84F83250B3
:105D400084F83150002384F8303070BD90F835303D
:105D5000002B52D011212046FEF7DEFE0321204603
:105D6000FEF70AFF44212046FEF7D6FE002120461A
:105D7000FEF702FF18212046FEF7FEFE45212046D1
:105D8000FEF7CAFE00212046FEF7F6FE002120465F
:105D9000FEF7F2FEC7212046FEF7EEFE0021204668
:105DA000FEF7EAFE4E212046FEF7B6FE0021204611
:105DB000FEF7E2FE4F212046FEF7AEFE0021204610
:105DC000FEF7DAFE00212046FEF7D6FE242120460B
:105DD000FEF7A2FE2046FEF7F1FE41F2883531467D
:105DE0002046FEF7FFFE013DF9D12046BDE8704098
:105DF000FEF7FCBEBDE870401847FFF7A7F8A9E71B
:105E00002946204698479DE7F1590300914D03002C
:105E100068020400704700BFF8B5174682B1054616
:105E20000E46002402E00134A74207D02B6816F882
:105E3000011B1B68284698470028F4D12046F8BD6E
:105E40001446FBE703688A685B680968184700BF67
:105E500069B170B5054608460C4606F08AF92B680C
:105E60000246214628465B68BDE870401847084650
:105E7000704700BF03681B68184700BFF0B50F46A6
:105E80008BB00568002A3DD00A2A04461ED100299D
:105E90003DDB0AAE00232F4806F8043D0B46A0FB6D
:105EA0000312D20802EB8201A3EB4103303306F860
:105EB000013D1346002AF2D1304606F05AF96B68CC
:105EC00002463146204698470BB0F0BD0AAED2B22A
:105ED0000023022A06F8043D2CBF10460A200A4679
:105EE000B2FBF0F100FB1127FBB2092F03F13007E1
:105EF0008ABF3733FBB2DBB20A4606F8013D002900
:105F0000EED1D9E72B68C9B298470BB0F0BD2B682A
:105F10002D2198470AAD002306460E4805F8043D9A
:105F20007B42A0FB0321C90801EB8102A3EB4203E2
:105F3000303305F8013D0B460029F2D1284606F022
:105F400018F92368024629465B6820469847304482
:105F50000BB0F0BDCDCCCCCCF0B506688BB022B97F
:105F60003368C9B298470BB0F0BD0AACD2B2002377
:105F7000022A04F8043D05462CBF10460A20B1FB56
:105F8000F0F200FB1217FBB2092F03F130078ABFB2
:105F90003733FBB2DBB2114604F8013D002AEED1E3
:105FA000204606F0E6F873680246214628469847E0
:105FB0000BB0F0BD036802495B680222184700BFBE
:105FC0004C03040038B503688A685B6809680446B6
:105FD0009847236803495B68054602222046984794
:105FE000284438BD4C030400036870B505460C46D0
:105FF0005E6849B1084606F0BCF8214602462846CC
:10600000B0472B685E680446284602220149B04723
:10601000204470BD4C030400F0B505468BB0066803
:1060200062B93368C9B2984704462B6815495B6862
:1060300028460222984720440BB0F0BD0AACD2B2E9
:106040000023022A04F8043D2CBF10460A20B1FBAD
:10605000F0F200FB1217FBB2092F03F130078ABFE1
:106060003733FBB2DBB2114604F8013D002AEED112
:10607000204606F07EF82146024673682846984777
:106080000446D2E74C03040008B54FF40062002137
:1060900005F0ACF90022C0F80028C0F8042808BDBB
:1060A000D0F8002810B4531CD0F80448C3F30A03F6
:1060B0009C4218BF81545DF8044B18BFC0F80038EB
:1060C000704700BF0023C0F80038C0F8043870479C
:1060D000D0F80438D0F80028934207D05A1CC35C8B
:1060E000C2F30A02C0F80428184670474FF0FF3088
:1060F000704700BFD0F80038D0F80408181A48BF1D
:1061000000F50060704700BFD0F80438D0F80028D0
:10611000934214BFC05C4FF0FF307047D0F8003896
:10612000D0F804080133C3F30A03181AB0FA80F058
:106130004009704741F22303C05C704770B541F2DB
:106140001D030446C356002B0DDB5A0920320121E2
:10615000234803F01F0301FA03F340F82230BFF392
:106160004F8FBFF36F8F23694FF48872C3F80823F2
:1061700022690023C2F844312269C2F858312269E9
:10618000012353602269D36001E004F041F82369E0
:10619000D3F85821002AF8D0D3F84421002AF4D0AB
:1061A0000025C3F8005522694FF0FF33C2F80C35C3
:1061B0002269C2F814352269C2F80835226941F211
:1061C0002406C2F8103504F11400FFF77BFFA05934
:1061D00001F0EEFE41F22303A551E55470BD00BF6E
:1061E00000E100E01430FFF785BF00BF1430FFF777
:1061F0008BBF00BF1430FFF76BBF00BF08B541F283
:106200002403C05801F0CAFE002814BF4FF40060F8
:10621000002008BD41F22303C35C03B9704770B589
:1062200041F2240504464FF0FF31405901F00AFDC8
:10623000002360591A461946BDE8704001F0BAB80B
:1062400010B50368104A5B6882B093428DF807105E
:1062500014D141F2240304464FF0FF31C05801F03D
:10626000F1FC22699DF8073084F81D380123C2F83B
:10627000483522691846936002B010BD01220DF125
:106280000701984702B010BD8D6203002DE9F84F59
:106290004AB300F5815916468846074609F10409B4
:1062A00000F61D0B00254FF0010A741BB4F5006FBA
:1062B00028BF4FF400644FF0FF31D9F8000001F01F
:1062C000C1FC08EB05012246584605F06BF83B6916
:1062D000C3F848453B692544AE42C3F808A0E4D85A
:1062E0002846BDE8F88F15462846BDE8F88F00BF60
:1062F00070B50468824A246A944240F0BD8041F23D
:1063000023020346825C002A40F0B58041F21F0060
:106310000D461969185CC1F80C0541F21E00196997
:10632000185CC1F8140541F22201595C012900F002
:10633000B2801969C1F86C25B5F5966F45D9B5F5E8
:10634000166F40F29E80B5F5965F40F2B480B5F5C9
:10635000165F40F2B280B5F5615F40F2B080B5F5EE
:10636000964F40F2AE80B5F5E14F40F2AC8047F673
:106370001222954240F2A980B5F5164F40F2A8804E
:106380004DF6C022954240F2A680B5F5614F40F22D
:10639000A580B5F5963F40F2A480B5F5E13F40F207
:1063A000A580B5F5613F40F29E80564A954240F285
:1063B000A380B5F5E12F40F29C80B5F5612F8CBF2D
:1063C0004FF080524FF0706201E04FF49E22196945
:1063D000C1F824251A690821C2F800151A6903F6C4
:1063E0001D01C2F844151A690021C2F820111A696A
:1063F00003F61C01C2F834151A690121C2F83815D8
:106400001A6911601A694FF4887041F21D04C2F8CC
:1064100004031A57002A37DB5509603502F01F02C2
:10642000394801FA02F240F825201A57002A2BDBDE
:106430000244602182F8001341F21D029A56002A9C
:1064400007DB314802F01F0401215209A14040F846
:1064500022100322002101201C4600F069FF41F2B6
:1064600024020023A05019461A4600F0A3FF41F26F
:1064700023030122E25470BD23460022BDE8704090
:1064800018474FF41D22A2E7204902F00F021144E1
:1064900060220A76D0E703F5815218691278C0F8B5
:1064A000102541F221001A69185CC2F808051A6922
:1064B000C2F86C1540E7164A89E7164A87E7164A7C
:1064C00085E7164A83E7164A81E74FF400027EE724
:1064D0004FF41D027BE74FF4650278E74FF46B023F
:1064E00075E7104A73E74FF06C7270E74FF0EB728C
:1064F0006DE74FF0E8626AE74FF0806267E700BF40
:106500002965030090D0030000E100E0FCEC00E00E
:1065100000B013000050270000F03A0000A04E0029
:1065200000C0750000903A0138B541F22303C35C06
:10653000002B40F0B48041F21F040369045DC3F8EE
:106540000C4541F21E040369045DC3F8144541F291
:106550002203C35C012B00F0A3800369C3F86C2500
:10656000B1F5966F45D9B1F5166F40F2AB80B1F534
:10657000965F40F2B180B1F5165F40F2AF80B1F5A1
:10658000615F40F2AD80B1F5964F40F2AB80B1F55E
:10659000E14F40F2A98047F61223994240F2A680CB
:1065A000B1F5164F40F2A5804DF6C023994240F256
:1065B000A380B1F5614F40F2A280B1F5963F40F261
:1065C000A180B1F5E13F40F29F80B1F5613F40F21B
:1065D0009E80534B994240F2A080B1F5E12F40F2EA
:1065E0009980B1F5612F8CBF4FF080534FF07063ED
:1065F00001E04FF49E230269C2F8243503690822A2
:10660000C3F80025036900F61D02C3F84425036999
:106610000022C3F82021036900F61C02C3F83425C8
:1066200003690122C3F8382503691A6003694FF42E
:10663000887141F21D04C3F804130357002B44DB97
:106640005D09603503F01F03364902FA03F341F890
:1066500025300357002B38DB0B44602283F80023DE
:1066600041F21D03C356002B07DB2E4903F01F0424
:1066700001225B09A24041F82320044603220021A5
:10668000012000F055FE41F224020023A0501946DB
:106690001A4600F08FFE41F223030122E25438BD76
:1066A00000F5815304691B78C4F8103541F22104C8
:1066B0000369045DC3F80845036942F00102C3F8A9
:1066C0006C254DE74FF41D2395E7174A03F00F03A0
:1066D0001A4460231376C3E7144B8CE7144B8AE704
:1066E000144B88E7144B86E7144B84E74FF4000300
:1066F00081E74FF41D037EE74FF465037BE74FF41A
:106700006B0378E70E4B76E74FF0EB7373E74FF0D0
:106710006C7370E74FF0E8636DE74FF080636AE7F2
:1067200090D0030000E100E0FCEC00E000B01300BA
:106730000050270000F03A0000A04E0000C0750095
:1067400000903A01074B10B441F21E0453F8211097
:10675000015541F21F0153F8223043545DF8044BB8
:10676000704700BFF002040010B5124C2369D3F843
:10677000102142B10022C3F81021D3F83C2582B980
:1067800001221A602369D3F8202102B910BD00212B
:1067900041F22402C3F82011A058BDE8104001F0D6
:1067A00093B894F81C1804F11400FFF779FC2369DE
:1067B000E6E700BF5CA3002038B5124C124A204621
:1067C00000254FF47A7340F8142BC4E90153FFF706
:1067D0005BFC41F21D010D4B0D4A22610220605409
:1067E000D3E9001341F21E0241F21F00A1542354C9
:1067F00041F2220141F2240241F223036554A550E3
:10680000E55438BD5CA3002058030400F0020400E6
:106810000020004008B5094B1BB10948EFF768FD9F
:1068200048B9084B1BB10848FFF764FC00B908BD24
:10683000AFF3008008BDAFF30080F2E70000000076
:10684000586300200000000070A300202DE9F043F1
:106850001B4B1C4FD3F80463DFF86C80DFF86C909F
:1068600085B000240123A200A34002F180453342F9
:1068700005F5C0450FD0D5F8003163B1E3570133BA
:1068800006D052F808201AB114F809307BB99047A5
:106890000023C5F800310134082CE3D1BFF34F8F3A
:1068A00000BF00BF00BF00BF05B0BDE8F08304AB70
:1068B000002143F8041D0846009103F083FDE7E73B
:1068C00000600040ACB300208CB3002084B30020F3
:1068D000F8B500250446C0E90055856091B1084629
:1068E0000E4605F046FC0746411C284600F0B4FC65
:1068F00050B1A368C4E9000703B90370A76031462B
:1069000005F02FFC2046F8BD206808B100F08EFC91
:1069100000232360C4E901332046F8BD70B5044666
:106920008C424FF00000C4E90000A06001D00D6867
:106930000DB9204670BD8E68711C00F08DFC50B101
:10694000A368C4E9000603B90370A660294605F0F0
:1069500008FC204670BD206808B100F067FC0023E9
:106960002360C4E90133204670BD00BF70B5002527
:1069700082B0C0E900558560044601A88DF8041076
:106980008DF8055005F0F5FB0646411C284600F041
:1069900063FC58B1A368C4E9000603B90370A6609C
:1069A00001A905F0DEFB204602B070BD206808B1E9
:1069B00000F03CFC002320462360C4E9013302B010
:1069C00070BD00BF30B5044685B000230846C4E959
:1069D0000033A36001A902F08BFE01A805F0C9FBFA
:1069E0000546206810B163689D4209D9691C00F012
:1069F00033FC60B1A368C4E900050BB903702068DB
:106A0000A56001A905F0ADFB204605B030BD2068AA
:106A100008B100F00BFC002320462360C4E90133D9
:106A200005B030BD30B504468BB000230846C4E93C
:106A30000033A36001A902F013FE01A805F099FB41
:106A40000546206810B163689D4209D9691C00F0B1
:106A500003FC60B1A368C4E900050BB903702068AA
:106A6000A56001A905F07DFB20460BB030BD206874
:106A700008B100F0DBFB002320462360C4E90133AA
:106A80000BB030BD30B504468BB000230846C4E9D6
:106A90000033A36001A902F02BFE01A805F069FBF9
:106AA0000546206810B163689D4209D9691C00F051
:106AB000D3FB60B1A368C4E900050BB9037020687B
:106AC000A56001A905F04DFB20460BB030BD206844
:106AD00008B100F0ABFB002320462360C4E901337A
:106AE0000BB030BD30B504468BB000230846C4E976
:106AF0000033A36001A902F02FFE01A805F039FBC5
:106B00000546206810B163689D4209D9691C00F0F0
:106B1000A3FB60B1A368C4E900050BB9037020684A
:106B2000A56001A905F01DFB20460BB030BD206813
:106B300008B100F07BFB002320462360C4E9013349
:106B40000BB030BD10B50446006800F06FFB204666
:106B500010BD00BF884270B5044609D00D680068BA
:106B600045B908B100F062FB0023C4E9013323609A
:106B7000204670BD8E6810B163689E4209D9711CB1
:106B800000F06AFB58B1A368C4E900060BB90370B2
:106B90002068A660294605F0E4FA204670BD20680A
:106BA0000028DFD1E0E700BF884238B5044612D0A4
:106BB00000688B680D4628B162689A420DD200F0D9
:106BC00035FBAB68D5E9002122600022C4E901133E
:106BD000C5E90022AA60204638BD096805F0C1FA5F
:106BE000AB68A3600023AB60204638BDF8B504460F
:106BF000056849B915B1284600F018FB0023236049
:106C0000C4E901332046F8BD08460E4605F0B1FA46
:106C1000074615B1636898420BD92846791C00F0E5
:106C20001BFB054660B1A368C4E900070BB90370FC
:106C30002568A7603146284605F093FA2046F8BD3E
:106C400020680028DAD000F0F1FAD7E770B50E68B6
:106C5000EEB18D680DB9012070BD826804460068F0
:106C6000154410B163689D420AD9691C00F0F4FA1A
:106C700068B1A268C4E9000512B902702068A26870
:106C80003146104405F06DFAA560012070BD00206A
:106C900070BD00BF29B370B5054608460C4605F027
:106CA00068FA08B9012070BDAA682B68861813B16C
:106CB00069688E420CD91846711C00F0CDFA034663
:106CC00068B1AA68C5E9000612B902702B68AA6803
:106CD0002146981805F045FAAE60012070BD0020ED
:106CE00070BD0020704700BF30B5836883B0044694
:106CF00000688DF8041000225D1C8DF8052010B18D
:106D0000626895420AD9991C00F0A6FA60B1A3689E
:106D1000C4E9000513B903702068A368184401A9E9
:106D200005F01FFAA560012003B030BD70B50E68F4
:106D300004461EB18D685DB9204670BD206808B15B
:106D400000F074FA00232360C4E90133204670BDCB
:106D500082680068154410B163689D420BD9691CB4
:106D600000F07AFA0028E9D0A268C4E9000512B957
:106D700002702068A2683146104405F0F2F9A5605F
:106D8000DAE700BF70B5044631B108460D4605F09C
:106D9000F0F958B9204670BD206808B100F046FAF5
:106DA00000232360C4E90133204670BDA268236834
:106DB000861813B161688E420DD91846711C00F017
:106DC0004BFA03460028E7D0A268C4E9000612B9CE
:106DD00002702368A2682946981805F0C2F9A660D7
:106DE000D8E700BF08B58A688368934201D00020C5
:106DF00008BD0068096848B129B105F0A8F9B0FAE2
:106E000080F0400908BD1BB10078F8E701B10BB96B
:106E1000012008BD08784042F1E700BF826808B54C
:106E20002AB989B10878B0FA80F0400908BD006835
:106E300029B105F08CF9B0FA80F0400908BD00785E
:106E4000B0FA80F0400908BD012008BD08B58A6885
:106E50008368934209D3006830B1096839B105F0FD
:106E600090F9B0FA80F0400908BD002008BD08463E
:106E700008BD00BF83688B4203D9006808B108448D
:106E80007047024800230370704700BFB4B300206E
:106E900083688B4203D9006810B1405C70470020C2
:106EA000704700BF83683BB110B50468204605F009
:106EB00041F920B1001B10BD4FF0FF3070474FF07B
:106EC000FF3010BD8368934207D910B50468A0183D
:106ED00005F030F920B1001B10BD4FF0FF307047B6
:106EE0004FF0FF3010BD00BF836843B110B5046898
:106EF0000968204605F06BF920B1001B10BD4FF06A
:106F0000FF3070474FF0FF3010BD00BFF8B5856807
:106F10006DB1036800225F5D5A550668044630462D
:106F200005F041F9775510B12368C01AF8BD4FF04C
:106F3000FF30F8BD9A422DE9F84317461E46044635
:106F4000884601D816461F460025C4E90055A560AD
:106F50002846012100F080F908B3C4E90005A560C6
:106F60000570D8F80820B24216D9974228BF1746B4
:106F7000D8F800300022DD5DDA55D8F80000861917
:106F800016D1206808B100F051F90023C4E901339B
:106F90002360D8F80030DD552046BDE8F88320682E
:106FA00008B100F043F900232360C4E90133D8E7B6
:106FB000304605F0DEF88146206810B163689945D7
:106FC0000BD909F1010100F047F90028D9D0A368D5
:106FD000C4E900090BB903702068C4F80890314671
:106FE00005F0BFF8D5E700BF8368994203D2036874
:106FF000816000225A547047002A77D083688B4200
:1070000074D92DE9F0415C1AA24228BF2246D0F87B
:1070100000C09B1A8C185F1A83600CEB04060CEB03
:1070200001055ED001F1040E7244A645C8BF8A4234
:1070300061DC0B2F5FD9734213F0030364D0B646B3
:107040002A461EF8018B02F8018B012B4FD0727873
:107050006A70022B05F1020206F1020E47D0B278E7
:10706000AA70033603354FF0030EE2181944A7EB5C
:1070700003086244614400234FEA980C013352F83C
:10708000044B41F8044B9C45F8D828F0030398457D
:107090009E4405EB030206EB03011FD0F45CEC54A5
:1070A0000EF101039F4219D94B7853700EF1020380
:1070B0009F4213D98B7893700EF103039F420DD931
:1070C000CB78D3700EF104039F4207D90EF1050E61
:1070D0000B791371774501D94B795371D0F800C002
:1070E000836800220CF80320BDE8F08170477646E3
:1070F00015469E46B9E7013E634416F8012F05F890
:10710000012B9D42F9D1E9E79E46AEE710B5046830
:1071100044B1207830B105F00DF9207014F8010F5A
:107120000028F8D110BD00BF10B5046844B1207824
:1071300030B105F00CF9207014F8010F0028F8D1D7
:1071400010BD00BF2DE9F0410768F7B18468E4B1D4
:1071500006463D4600E04546287805F1010804F062
:10716000E5F80028F7D1013C3C4402E0A54205D8EF
:10717000013C207804F0DAF80028F7D1621C521B99
:10718000AF42B26003D30023BB54BDE8F081384660
:10719000294604F007F93768B268F4E7006808B1D7
:1071A00004F068B8704700BFFEE700BF08B501F003
:1071B00077FA4FF47A72A0FB0223900A40EA8350D8
:1071C00008BD00BF014638B54FF47A720023800233
:1071D000890D03F0B1FE054601F062FA0446EFF7AF
:1071E00077F801F05DFA001B854200D838BD281AF7
:1071F000BDE8384001F078BB10B5044601F0CEFD83
:10720000022804D02046BDE8104004F0A9B801F0DF
:107210003FFA204604F0A4F8044601F0DFFA0CB16E
:10722000204610BD03F006F8FAE700BF10B504468B
:1072300001F0B4FD02280AD144B101F029FA204638
:1072400004F096F8BDE8104001F0C8BA10BD204621
:10725000BDE8104004F08CB838B504460D4601F086
:107260009DFD022805D029462046BDE8384004F09F
:1072700015BF01F00DFA2046294604F00FFF044621
:1072800001F0ACFA0CB1204638BD02F0D3FFFAE7AA
:1072900010B5044601F0FCF9204604F061F80446FC
:1072A00001F09CFA0CB1204610BD02F0C3FF20464D
:1072B00010BD00BF50B110B5044601F0E9F92046F9
:1072C00004F056F8BDE8104001F088BA704700BFDE
:1072D00038B51C469DF8105043B3002908BF1A4624
:1072E0000123C4E90F01226084F8463002F020F83F
:1072F000D4E90F132268A26001FB03F1CB1A1344F7
:1073000000200A44FF21A063E36084F84410626017
:1073100084F8451004F1100003F0ECF904F12400A6
:1073200003F0E8F902F00EF884F84C50204638BD1E
:10733000F8B5074615460E4669B100FB01F050301E
:10734000FFF7A6FF044690B3002200F1500380F837
:107350004620036007E05020FFF79AFF044630B351
:1073600084F846602460C4E90F7601F0E1FFD4E9B7
:107370000F132268A26001FB03F1CB1A1344002013
:107380000A44FF21A063E36084F84410626084F83B
:10739000451004F1100003F0ADF904F1240003F0EE
:1073A000A9F901F0CFFF84F84C502046F8BD002425
:1073B0002046F8BD2DE9F04F044685B01D460192E8
:1073C000884601F0B5FFA26BE36BA84F4FF00009B0
:1073D0009A424E46C0F08B80022D00F00681019843
:1073E000002800F03081B9F1000F00F0958001F025
:1073F000A9FF01F04DF901F09BFF94F84430FF2BF9
:1074000008BF84F8446094F84530FF2B08BF84F827
:10741000456001F097FF01A902A801F067FC002870
:1074200040F0188101F084FFA26BE36B9A4277D0A1
:1074300001F088FF01F07CFF94F845304FFA83FAA1
:10744000BAF1000F1ADD636AC3B104F1240907E041
:107450000AF1FF33DBB24FFA83FA7BB1636A6BB197
:10746000484601F0E9FB0028F2D001F077FC0AF170
:10747000FF33DBB24FFA83FA002BEFD1FF2384F8FE
:10748000453001F05FFF01F053FF94F844304FFAAC
:1074900083FABAF1000F1ADD2369C3B104F11009B0
:1074A00007E00AF1FF33DBB24FFA83FA7BB12369BD
:1074B0006BB1484601F0C0FB0028F2D001F04EFC51
:1074C0000AF1FF33DBB24FFA83FA002BEFD1FF232F
:1074D00084F8443001F036FF01F080F901F028FF14
:1074E000A26BE36B9A424FF00109BFF475AF226CB7
:1074F000A66B002A40F0FC8025680136002D00F0C4
:107500001881A663636A002B40F08C8001F01AFF9B
:10751000012005B0BDE8F08F02A801F0DBFB66E7B3
:1075200004F1100901F00EFF4846019901F008FB33
:1075300001F0FEFE94F845A04FFA8AFABAF1000F66
:107540001CDD636AD3B104F1240B08E00AF1FF3AB1
:107550005FFA8AF34FFA83FA83B1636A73B15846CC
:1075600001F06AFB0028F1D00AF1FF3A01F0F6FBC6
:107570005FFA8AF34FFA83FA002BEED1FF2384F8E7
:10758000453001F0DFFE01F0D3FE94F844304FFAAD
:1075900083FABAF1000F06DC15E00AF1FF33DBB223
:1075A0004FFA83FA7BB123696BB1484601F044FB83
:1075B0000028F2D001F0D2FB0AF1FF33DBB24FFA20
:1075C00083FA002BEFD1FF2384F8443001F0BAFE98
:1075D00001F004F9002881D14FF080537B6040BF57
:1075E000BFF34F8FBFF36F8F78E7226CA66B002A33
:1075F00082D04146E06803F0D5FE236CE268216842
:107600005B421A448A42E26080F0898062681344D7
:10761000E360022D00F083800136A663636A002BCD
:107620003FF474AF04F1240001F006FB00283FF49E
:107630006DAF0E4B4FF080525A6040BFBFF34F8F7B
:10764000BFF36F8F62E7009001F07CFE009805B0F9
:10765000BDE8F08F01F06CFE94F845506DB2002D3E
:1076600018DD636AB3B104F1240607E000ED00E021
:10767000013DEBB25DB26BB1636A5BB1304601F0C4
:10768000DBFA0028F4D0013D01F068FBEBB25DB2FB
:10769000002BF1D1FF2384F8453001F053FE01F0B7
:1076A00047FE94F844506DB2002D16DD2369A3B156
:1076B00004F1100605E0013DEBB25DB26BB1236948
:1076C0005BB1304601F0B8FA0028F4D0013D01F07A
:1076D00045FBEBB25DB2002BF1D1FF2384F84430BF
:1076E00001F030FE01F07AF8002005B0BDE8F08F1F
:1076F00041465DBBA06803F055FEA368216C62683B
:107700000B44934206F10106A360FFF4FAAEA663B0
:10771000636A2268A260002B3FF4F8AE82E7002E75
:107720007FF4EFAE0123A363636A002B3FF4EEAE58
:1077300078E7606801F084FBA663636A6560002BEC
:107740007FF470AF00287FF474AFDFE6E06803F0E9
:1077500029FE236CE26821685B421A448A42E26097
:10776000BFF457AF52E700BFF8B50C4679B3002518
:107770000123216081F84630C1E90F35064601F04A
:10778000D7FDD4E90F322168A56303FB02F39A1AEF
:107790000A440B44FF27C4E90131E26084F84470D5
:1077A00004F1100084F8457002F0A4FF04F12400F5
:1077B00002F0A0FF01F0C6FDC4E90055E56084F8C1
:1077C0004C602B462A4629462046FFF7F3FD20460B
:1077D000F8BD00BF2DE9F0418C4682B00446174643
:1077E000EFF31186402282F31188806BE26B9042A6
:1077F00021D3022B05D0002086F3118802B0BDE80A
:10780000F08194F84550226CD4F838806DB252BBA8
:10781000236808F10108002B4FD06B1CC4F8388096
:1078200037D001356DB284F84550012086F31188B8
:1078300002B0BDE8F08194F84550226CD4F838804D
:107840006DB2002AE4D073B9A06803F0ABFDA36861
:10785000216C62680B44934208F10108A360DCD3F9
:107860002368A360D9E76146E068019303F09AFDBD
:10787000206CE2682168019B404202448A42E26037
:1078800002D262681044E060022B10D008F10108B7
:10789000C3E7636A002BC8D004F1240001F0CCF9DF
:1078A0000028C2D0002FC0D001203860A4E7B8F172
:1078B000000F08BF4FF00108AFE76068019301F0C7
:1078C000BFFA019B6360A8E738B5EFF3118440234A
:1078D00083F31188826BC36B93420ED990F84530C5
:1078E00001325BB282635A1C0BD001335BB280F869
:1078F0004530012084F3118838BD002084F31188BD
:1079000038BD436A002BF4D024300D4601F094F9C1
:107910000028EED0002DECD001202860EAE700BF5F
:107920002DE9F047044684B08846019201F000FD3D
:10793000D4F83890B9F1000F40F09380019B002BF0
:1079400000F00A8102A801F0C5F9B34F4E4604F1D8
:10795000240501F0F7FC00F09BFE01F0E9FC94F82F
:107960004430FF2B08BF84F8446094F84530FF2B67
:1079700008BF84F8456001F0E5FC01A902A801F008
:10798000B5F9002840F0878001F0D2FCA36B002BF2
:1079900040F0E88001F0D6FC0199284601F0D0F8CB
:1079A00001F0C6FC94F845304FFA83F9B9F1000FA5
:1079B00006DC15E009F1FF33DBB24FFA83F97BB146
:1079C000636A6BB1284601F037F90028F2D001F064
:1079D000C5F909F1FF33DBB24FFA83F9002BEFD180
:1079E000FF2384F8453001F0ADFC01F0A1FC94F8D0
:1079F00044304FFA83FABAF1000F1ADD2369C3B19C
:107A000004F1100907E00AF1FF33DBB24FFA83FA01
:107A10007BB123696BB1484601F00EF90028F2D022
:107A200001F09CF90AF1FF33DBB24FFA83FA002B25
:107A3000EFD1FF2384F8443001F084FC00F0CEFE47
:107A400000287ED14FF080537B6040BFBFF34F8F43
:107A5000BFF36F8F01F06CFCD4F83890B9F1000FD0
:107A600076D0226C52B1E168636811449942E160BA
:107A700024BF2168E160404603F094FC09F1FF3324
:107A8000A3632369002B40F0C98001F05BFC012057
:107A900004B0BDE8F08701F04BFC94F845304FFA94
:107AA00083F9B9F1000F06DC15E009F1FF33DBB211
:107AB0004FFA83F97BB1636A6BB1284601F0BCF8D9
:107AC0000028F2D001F04AF909F1FF33DBB24FFA96
:107AD00083F9002BEFD1FF2384F8453001F032FC0D
:107AE00001F026FC94F844304FFA83FABAF1000F03
:107AF0001ADD2369C3B104F1100907E00AF1FF336D
:107B0000DBB24FFA83FA7BB123696BB1484601F0CF
:107B100093F80028F2D001F021F90AF1FF33DBB22B
:107B20004FFA83FA002BEFD1FF2384F8443001F0A1
:107B300009FC00F053FE01F0FBFBA36B63B101F005
:107B400001FC01F0F5FBD4F83890B9F1000F88D1B1
:107B5000019B002B7FF4FDAE01F0F4FB002004B08C
:107B6000BDE8F08701F0EEFB01F0E2FB94F8453050
:107B70004FFA83F9B9F1000F06DC15E009F1FF3384
:107B8000DBB24FFA83F97BB1636A6BB1284601F02F
:107B900053F80028F2D001F0E1F809F1FF33DBB22D
:107BA0004FFA83F9002BEFD1FF2384F8453001F021
:107BB000C9FB01F0BDFB94F844304FFA83FABAF1E7
:107BC000000F1ADD2369C3B104F1100907E00AF1BF
:107BD000FF33DBB24FFA83FA7BB123696BB14846BE
:107BE00001F02AF80028F2D001F0B8F80AF1FF33CA
:107BF000DBB24FFA83FA002BEFD1FF2384F8443035
:107C000001F0A0FB00F0EAFD01F092FBD4F83890FF
:107C1000B9F1000F9CD024E700ED00E004F1100062
:107C200001F00AF800283FF430AF054B4FF08052C6
:107C30005A6040BFBFF34F8FBFF36F8F25E700BF80
:107C400000ED00E02DE9F043044685B000260191E7
:107C500001F06EFBA36BB24FB0463546002B40F0EF
:107C6000F380019B002B00F05D81B8F1000F00F064
:107C7000FC8001F067FB00F00BFD01F059FB94F86C
:107C80004430FF2B08BF84F8445094F84530FF2B54
:107C900008BF84F8455001F055FB01A902A801F086
:107CA00025F800286CD101F043FBA36B002B40F0BA
:107CB000E08001F047FB2368002B00F03C8104F1D9
:107CC00024094846019900F03BFF01F031FB94F88C
:107CD00045304FFA83F8B8F1000F06DC15E008F1E3
:107CE000FF33DBB24FFA83F87BB1636A6BB148466E
:107CF00000F0A2FF0028F2D001F030F808F1FF33C5
:107D0000DBB24FFA83F8002BEFD1FF2384F8453024
:107D100001F018FB01F00CFB94F844304FFA83F8A3
:107D2000B8F1000F1ADD2369C3B104F1100907E0AF
:107D300008F1FF33DBB24FFA83F87BB123696BB1F3
:107D4000484600F079FF0028F2D001F007F808F16A
:107D5000FF33DBB24FFA83F8002BEFD1FF2384F817
:107D6000443001F0EFFA00F039FD002864D14FF003
:107D700080537B6040BFBFF34F8FBFF36F8F5BE0DB
:107D800001F0D6FA94F845304FFA83F8B8F1000FB5
:107D90001ADD636AC3B104F1240907E008F1FF3377
:107DA000DBB24FFA83F87BB1636A6BB1484600F0EF
:107DB00043FF0028F2D000F0D1FF08F1FF33DBB21F
:107DC0004FFA83F8002BEFD1FF2384F8453001F000
:107DD000B9FA01F0ADFA94F844304FFA83F8B8F1EB
:107DE000000F1ADD2369C3B104F1100907E008F19F
:107DF000FF33DBB24FFA83F87BB123696BB148469E
:107E000000F01AFF0028F2D000F0A8FF08F1FF33BD
:107E1000DBB24FFA83F8002BEFD1FF2384F8443014
:107E200001F090FA00F0DAFC01F082FAA36B002B6B
:107E300000F08A8001F086FA01F07AFAA36B4FF025
:107E40000108002B3FF40DAF2268013BA363002A19
:107E500000F09E802369002B40F0898001F072FAC7
:107E60000126304605B0BDE8F08302A800F032FFDD
:107E7000FFE601F067FA01F05BFA94F845304FFA3B
:107E800083F8B8F1000F1ADD636AC3B104F1240965
:107E900007E008F1FF33DBB24FFA83F87BB1636A86
:107EA0006BB1484600F0C8FE0028F2D000F056FF43
:107EB00008F1FF33DBB24FFA83F8002BEFD1FF2339
:107EC00084F8453001F03EFA01F032FA94F844307B
:107ED0004FFA83F8B8F1000F1ADD2369C3B104F13A
:107EE000100907E008F1FF33DBB24FFA83F87BB1EA
:107EF00023696BB1484600F09FFE0028F2D000F0E5
:107F00002DFF08F1FF33DBB24FFA83F8002BEFD1DE
:107F1000FF2384F8443001F015FA00F05FFC8BE792
:107F200000ED00E0009301F00DFA009B1E46304684
:107F300005B0BDE8F08301F0FBF9606800F03EFF9A
:107F4000064601F0FFF9BAE601F0FCF9002E88D0F0
:107F500001F0EEF9616A19B1236B1968C1F10501ED
:107F6000606800F099FF002601F0ECF979E704F170
:107F7000100000F061FE00283FF470AF064B4FF098
:107F800080525A6040BFBFF34F8FBFF36F8F65E7DA
:107F900000F0B8FF60605DE700ED00E010B504465A
:107FA00001F0C6F9A46B01F0CDF9204610BD00BF69
:107FB000104B5A68904208D0DA68904208BF0122FC
:107FC00004D090F8463093B170470022002110B4DD
:107FD00003EBC20443F8321090F84630616013B1ED
:107FE0005DF8044B70475DF8044BFFF763B9FFF78A
:107FF00061B900BFFCBD0020074B1A681AB19A682E
:1080000002B17047012210B403EBC20443F83210EE
:1080100060605DF8044B7047FCBD002070B50546FC
:108020000C46164601F084F995F84430FF2B04BF46
:10803000002385F8443095F84530FF2B04BF00231A
:1080400085F8453001F07EF9AB6B2BB932462146FD
:1080500005F1240000F0B0FD01F06AF995F8454003
:1080600064B2002C16DD6B6AA3B105F1240605E0AD
:10807000013CE3B25CB26BB16B6A5BB1304600F0BD
:10808000DBFD0028F4D0013C00F068FEE3B25CB2F6
:10809000002BF1D1FF2385F8453001F053F901F0B1
:1080A00047F995F8444064B2002C16DD2B69A3B162
:1080B00005F1100605E0013CE3B25CB26BB12B693F
:1080C0005BB1304600F0B8FD0028F4D0013C00F070
:1080D00045FEE3B25CB2002BF1D1FF2385F84430BA
:1080E000BDE8704001F02EB92DE9F041044601F0E1
:1080F0001FF9344A344D1368013313602B68002B89
:108100002FD0324EE36A32682AB3314831490768CA
:108110000A689F4238BF03602F48013203EB830394
:108120000A6000EB8300E263211D02F0F3FA01F024
:1081300009F933686BB12A68E36AD26A9A4208D2B5
:10814000264B4FF080525A6040BFBFF34F8FBFF3B2
:108150006F8FBDE8F0812A68D26A9A4298BF2C607E
:10816000D3E72C601368012B02D0E36A174ECCE7EB
:108170001948DFF894801A4F144E02F0BBFA1948E0
:1081800002F0B8FA184802F0B5FA184802F0B2FA4C
:10819000174802F0AFFA404602F0ACFA384602F057
:1081A000A9FA144802F0A6FA134802F0A3FA1348F9
:1081B00002F0A0FA124B134AC2F800801F60E36A73
:1081C000A3E700BF28B40020B8B3002088B4002083
:1081D0003CB4002038B40020C4B3002000ED00E01F
:1081E00054B40020D8B30020ECB3002000B4002029
:1081F00014B4002074B40020A0B400208CB400207B
:10820000C0B30020BCB3002040B400202DE9F843E7
:10821000DDE90964002C60D016B93046BDE8F8836A
:108220000D469700984602233A4684F8513081461D
:1082300026633046A52103F0D9F82A78236B84F809
:108240003420043F2A781F4427F0070702B36B78D5
:1082500084F835306B78DBB1AB7884F83630AB78A6
:10826000B3B1EB7884F83730EB788BB12B7984F8A5
:1082700038302B7963B16B7984F839306B793BB145
:10828000AB7984F83A30AB7913B1EB7984F83B30B1
:10829000089D042D28BF04250026E5626564201D85
:1082A00084F83B60A66402F031FAC5F1050504F1DB
:1082B000180002F02BFAE66442464946A5612461A3
:1082C00084F850606462384600F0F6FF2060204673
:1082D000FFF70AFF2046BDE8F8832046BDE8F88393
:1082E0002DE9F0479600804630460D469946099F95
:1082F000FEF7CEFF002869D082465420FEF7C8FF63
:10830000044600285BD00023C0F830A03246504617
:1083100084F85130A52103F069F82A78236B84F89A
:108320003420043E2A781E4426F0070A02B36B78F4
:1083300084F835306B78DBB1AB7884F83630AB78C5
:10834000B3B1EB7884F83730EB788BB12B7984F8C4
:1083500038302B7963B16B7984F839306B793BB164
:10836000AB7984F83A30AB7913B1EB7984F83B30D0
:10837000089D042D28BF04250026E5626564201DA4
:1083800084F83B60A66402F0C1F9C5F1050504F16B
:10839000180002F0BBF9E664A561246184F850601E
:1083A00064624A464146504600F086FF206007B1AD
:1083B0003C602046FFF798FE0120BDE8F08750465C
:1083C000FEF778FF4FF0FF30BDE8F0874FF0FF3049
:1083D000F3E700BF70B504464C4E00F0A9FF002C37
:1083E00039D0251D284602F0BFF9A36A1BB104F15C
:1083F000180002F0B9F929464548464D02F08AF9BD
:1084000094F85030012B04BF002384F8503000F062
:1084100099FF2B6893B93368A34200D070BD2B68D5
:10842000DBB93B493C4A09681268914226D03B4B74
:108430001B682BB33A4B01221A6070BD00F078FF25
:10844000384B1A68126892B9374B4FF0FF321A60F6
:1084500000F078FFDFE73468C3E7344B4FF0805219
:108460005A6040BFBFF34F8FBFF36F8F70BD1A6864
:108470002D4BD268D26852681A60E9E7336070BD4C
:10848000274A13603268336812681B6B9A4236D9E8
:10849000274C284922689300981880000858E0B9B2
:1084A000551EAB0058198000085830BB951EAB0014
:1084B00058198000085800BBD51EAB005819800021
:1084C0000858D0B9151FAB00581980000858A0B93A
:1084D000053A930098188000085813449B00CD1863
:1084E00008336868406868600B44984204BF40687D
:1084F0006860C3683360226070BD2A46EDE730686B
:108500003168343101F094FEC2E700BFB8B30020F7
:108510008CB4002088B4002028B4002034B400209B
:10852000B8B40020BCB300206CB4002000ED00E023
:108530003CB40020C4B3002080B170B51B4D2B6843
:1085400083420AD0044600F0F3FE194B62699A4256
:1085500005D0BDE8704000F0F5BE70BD7047A36A5D
:10856000144A9342F5D0002BF3D1261D304602F079
:10857000FBF8114AE36A116810488B4288BF136008
:1085800003EB830300EB8300314602F0C3F82B6852
:10859000E26ADB6A9A42DCD3094B4FF080525A60A0
:1085A00040BFBFF34F8FBFF36F8FD2E7B8B3002048
:1085B0008CB4002074B400203CB40020C4B300206C
:1085C00000ED00E070B584B0002503AA02A901A85F
:1085D000CDE9015501F030FE019C002C46D00298F7
:1085E000002843D0039E20630223B600A521324613
:1085F00084F8513002F0FAFE236B1F4A6263201D9B
:1086000084F83850043E84F83B50E562C4E91155C3
:108610001E4402F07BF804F1180002F077F826F00F
:1086200007060523A3612A461449E5643046246100
:10863000646284F8505000F03FFE20602046FFF74F
:1086400053FD0F4B1C6000F0DBFD012811D14023CE
:1086500083F311880B490C4A0C4B4FF0FF340C602C
:1086600010601D6000F03EFE04B070BD044B00229F
:108670001A6004B070BD00BF49444C456D890300C9
:1086800068B400206CB4002088B40020B4B400208A
:10869000024A136801331360704700BF34B40020EE
:1086A000014B1868704700BFB4B40020024A136839
:1086B00018441060704700BFB4B400202DE9F04F9B
:1086C0003B4B1B6883B0002B42D13A4B1F680137EC
:1086D0001F60002F4AD0384B01931B68BB423BD828
:1086E000364EDFF8EC80DFF8ECA0DFF8EC900025E8
:1086F00025E03368DB68DC68636804F1040B9F42A3
:10870000584651D302F030F8A36A04F118000BB1B7
:1087100002F02AF8E36AD8F8002003EB83009342C2
:1087200059460AEB800088BFC8F8003001F0F2FF1C
:10873000D9F80030E26ADB6A9A4228BF0125336823
:108740001B68002BD5D1019A4FF0FF33136004E072
:108750001B4A13680133136000251A4B1B68002B5A
:108760000CBF2846012003B0BDE8F08F134E164B16
:108770003168164A18683060196013680133136055
:1087800033681B683BB90C4B01931A464FF0FF331B
:1087900013601346A1E73368074ADB680192DB6880
:1087A0005B681360134698E7019A1360D5E700BF32
:1087B00034B40020B4B400206CB40020BCB300205A
:1087C00030B40020B8B40020C0B3002070B4002042
:1087D0003CB40020C4B30020B8B300202DE9F0471A
:1087E00000F0A6FD354B1A68013A1A601C68002C8F
:1087F00057D1334B1B68002B53D0DFF8E0A0314E2C
:10880000314FDFF8DC90DFF8DC80336813B3F368B6
:10881000DC68251D04F1180001F0A6FF284601F0D0
:10882000A3FFE36A3A6803EB83009342294609EB0E
:10883000800088BF3B6001F06DFFD8F80030E26A2D
:10884000DB6A9A424FF00103DFD3CAF80030336885
:10885000002BDCD13CB11D4B1A6812683ABB1C4B93
:108860004FF0FF321A601B4D2C6844B10126FFF710
:1088700025FF08B1CAF80060013CF8D12C60DAF895
:10888000003073B1144B4FF080525A6040BFBFF3B9
:108890004F8FBFF36F8F012400F054FD2046BDE8D9
:1088A000F087002400F04EFD2046BDE8F0871A68EE
:1088B000074BD268D26852681A60D4E734B40020FB
:1088C00028B4002074B400203CB40020BCB30020C5
:1088D0006CB4002030B4002000ED00E0B8B40020FB
:1088E000C4B30020B8B3002070B548B9184B4FF09E
:1088F00080525A6040BFBFF34F8FBFF36F8F70BD80
:10890000144A15491368154E013313600D68044667
:108910003068043001F028FF336864195C600FD2BE
:108920000F4B18683168043101F004FF0D4B1A68D1
:10893000944238BF1C60FFF751FF0028D6D070BDAD
:10894000094B18683168043101F0F4FEF3E700BF09
:1089500000ED00E034B40020B4B40020B8B300202F
:10896000BCB300206CB40020C0B300202DE9F84F48
:108970003C4E3D4D3D4CDFF80891DFF80881DFF8B3
:1089800008B14FF0805A2368D3B100F0D1FCF368EE
:10899000DF68381D01F0E8FE2B68013B2B6023687F
:1089A000013B236000F0CEFC97F85130002B37D00C
:1089B000012BE8D13846FEF77DFC2368002BE4D17B
:1089C0002B4B1B68012B06D9CBF804A040BFBFF38B
:1089D0004F8FBFF36F8F00F041FED9F8003033BBEB
:1089E000D8F80030DB6A002BCDD1214B1B68012B5E
:1089F000C9D8204B204A1B6812689B1A012BC2D988
:108A00001E4A136801331360D9F80030BBB1D8F89F
:108A10000030DB6A0BB9164B1B68FFF7DFFEB2E7CD
:108A2000386BFEF747FC3846FEF744FCABE7D8F856
:108A30000030DB6A002BA6D10D4B1B68A3E7D8F8EA
:108A40000030DB6A002BE8D1094B1B68012BE4D80E
:108A5000084B1868084B1B68C01A0128DDD900F0C4
:108A6000DDFCDAE7A0B4002028B400202CB40020FC
:108A7000C4B300206CB40020B4B4002034B400208F
:108A80003CB40020B8B3002000ED00E0274B1B6889
:108A9000002B40D1264A70B5264C1360226823680B
:108AA00012681B6B9A423AD9234D24492A689300D5
:108AB000981880000858E0B9561EB3009819800035
:108AC000085830BB961EB30098198000085800BBA8
:108AD000D61EB300981980000858D0B9161FB300ED
:108AE000981980000858A0B9053A9300981880009A
:108AF000085813449B00CE180833706840687060B3
:108B00000B44984204BF40687060C36823602A60C9
:108B100070BD3246EDE7064B01221A6070472068AF
:108B20002168343101F084FBBEE700BF34B400207B
:108B3000B8B40020B8B300203CB40020C4B3002077
:108B400070B5174D2B680C4603F1180101F0F2FDCA
:108B5000144B1E682868043001F006FE631C17D011
:108B60002B68A4195C600BD20F4B1868296804317C
:108B700001F0E0FD0D4B1A68944238BF1C6070BDD7
:108B80000B4B18682968BDE87040043101F0D2BD74
:108B9000296808480431BDE8704001F0BBBD00BF42
:108BA000B8B30020B4B40020BCB300206CB40020E3
:108BB000C0B300208CB4002070B5194D2B680C4652
:108BC000164603F1180101F0A5FD164B5EB11B68B6
:108BD0002868043001F0C8FD296813480431BDE855
:108BE000704001F097BD1E682868043001F0BCFD9C
:108BF0002B68A4195C600BD20C4B186829680431EF
:108C000001F098FD0A4B1A68944238BF1C6070BD91
:108C1000084B18682968BDE87040043101F08ABD2E
:108C2000B8B30020B4B400208CB40020BCB3002042
:108C30006CB40020C0B3002038B5C368DC6804F110
:108C40001805284601F090FD1A4B1B682BBB251D0B
:108C5000284601F089FD184AE36A116817488B42DB
:108C600088BF136003EB8303294600EB830001F008
:108C700051FD134BE26A1B68DB6A9A4282BF114BBB
:108C800001201860104B1A68126898BF00204AB97A
:108C90000E4B4FF0FF321A6038BD29460C4801F0E8
:108CA00039FDE6E71A68094BD268D26852681A6043
:108CB00038BD00BF34B400203CB40020C4B3002051
:108CC000B8B30020B8B40020BCB300206CB40020BE
:108CD00074B40020034A044B12681B68C0E90023E7
:108CE000704700BF70B40020B4B40020F8B50D4642
:108CF000044600F01DFB2B681649581C0A6813D067
:108D0000DFF854C0D4E90060DCF80070BE4201D046
:108D100090421AD9121A93420BD800232B600125D6
:108D200000F010FB2846F8BD002500F00BFB28469C
:108D3000F8BDDCF800009B1A0A682B60C4E9000249
:108D4000002500F0FFFA2846F8BD012500F0FAFAE8
:108D50002846F8BDB4B4002070B40020014B0122B5
:108D60001A607047B8B40020084B186860B9084B07
:108D70001B6853B9074A084B10681B68013B9842AF
:108D800014BF0120022070470020704774B40020F7
:108D9000B8B400208CB4002028B40020054B1B6818
:108DA00033B1054B1B68002B0CBF0220002070471D
:108DB0000120704788B4002034B4002018B3F8B5FF
:108DC0001C4CC36A2268D26A934214D28269002A78
:108DD00004DB2268D26AC2F105028261164D426943
:108DE00003EB830305EB83039A420DD02368DB6A10
:108DF000C3620120F8BD2368406CDB6A98422CBF37
:108E000000200120F8BD7047061D0746304601F0DE
:108E1000ABFC2268094BD06A1A68F862904200D90C
:108E2000186000EB800005EB8000314601F072FC19
:108E30000120F8BDB8B30020C4B300203CB400202A
:108E400050B138B5C16A836C426C013B9142836476
:108E500000D01BB1002038BD00207047051D04461E
:108E6000284601F081FC0A4A636C1168E362C3F191
:108E700005008B42A061074888BF136003EB8303A2
:108E800000EB8300294601F045FC012038BD00BFFE
:108E90003CB40020C4B3002048B1426CC36A914284
:108EA00038BF11468B4202D0826C012A00D0704735
:108EB000826970B5114DC162002A03EB83034269D8
:108EC000A8BFC1F1050105EB8303A8BF81619A42E8
:108ED00000D070BD061D0446304601F045FC084B2D
:108EE000E06A1A68904288BF186000EB800005EBCA
:108EF00080003146BDE8704001F00CBCC4B30020D6
:108F00003CB40020044B1A681AB119688A6C01320B
:108F10008A641868704700BFB8B300202DE9F04F8D
:108F2000AD4EDFF8C482AD4D89B033681C68002CAB
:108F300000F08E80DB681C68FFF7AAFBFFF7B0FB30
:108F4000D8F80030984207465DD38442C8F8000044
:108F500040F20B810022E11B2868FFF75FF8FFF762
:108F60003DFC88B99E4A4FF08053536040BFBFF329
:108F70004F8FBFF36F8F07E0019B039920469847FF
:108F8000009B002B80F23881286800226946FEF79A
:108F9000C7FC0028C9D0009B029C002BECDB636956
:108FA00013B1201D01F0E0FBFFF77AFBD8F8003089
:108FB0009842814643D3009BC8F80090092BE3D820
:108FC000012202FA03F313F4047F69D113F0C70FEF
:108FD00040F0A1809B06D7D594F82C30002BD3D13C
:108FE0002046FEF767F9CFE7DB68DC68D3F800A01E
:108FF00004F10409484601F0B7FB636A204698472C
:10900000E369012B36D033681A68002AECD1754920
:10901000C8F800700A6832600B60FFF7DFFBB3E747
:10902000DB68DF68D3F800B007F1040A504601F0AE
:109030009BFB7B6A38469847FB69012B25D0336838
:109040001A68002AECD167490A6832600B60B2E7FF
:10905000FFF71EFBFFF724FBD8F8003083420746DA
:10906000D1D8604BC8F800701B681A68B2FA82F257
:10907000520970E7A36953449A45494622D2636076
:109080002461306801F056FBBDE7BB695B449B453A
:10909000514627D27B603F61306801F04BFBCEE741
:1090A000019B246103EB09024A45A36162602CD84D
:1090B000002B3FF469AF4B4B211D186801F03AFBC0
:1090C000286862E72B68002B9DD00023CDE9043A85
:1090D0000694FFF763FE00231A4604A92868FEF7EA
:1090E00069F990E72B68002BA9D00023CDE9043B58
:1090F0000697FFF753FE00231A4604A92868FEF7D7
:1091000059F99CE74B4500D998B13068211D01F011
:1091100011FB286839E7019BA269246199182CBFCB
:109120000120002049456160ECD8A9EB03039A4275
:10913000C1D8636A20469847E369012B7FF424AFC6
:10914000019BA2692868134400283FF41EAF002247
:10915000CDE904230694FFF721FE00231A4604A953
:109160002868FEF727F928680FE7FFF737FB336811
:10917000DB68D3F80C9009F1040A504601F0F4FAC8
:10918000D9F81C30012B04D0D9F824304846984730
:10919000FAE6D9F81830C9F81090E218BA42C9F8BE
:1091A000042004D95146306801F0C4FAECE73F1BB3
:1091B000BB421BD82B68002BE6D00023CDE904343A
:1091C000CDF81890FFF7EAFD00231A4604A9286895
:1091D000FEF7F0F8D8E700BFBCB4002040B700208D
:1091E00000ED00E0C0B40020ECB60020034B514677
:1091F000186801F09FFAC7E7029CD0E6C0B40020CF
:10920000F0B5204C89B000F093F82568FDB100F06E
:1092100099F82068C8B1002407AA06A905A8CDE9D5
:10922000054401F017F8DDE905300221CDE9001011
:10923000079A0293144915482346FEF7E7FF144A9C
:109240000346001B18BF0120136009B0F0BD114F89
:10925000114E384601F04EFA304601F04BFA0F4AF3
:109260000F4900950F4B17600E600F4A1021202008
:10927000FEF72EF820600028C9D00C49FEF7BCFE8E
:10928000C5E700BF40B700208C0304001D8F03001A
:1092900044B70020C4B60020D8B60020BCB40020DB
:1092A000C0B40020F0B60020C4B400208403040041
:1092B000402383F31188FEE730B46FF002034FF0D0
:1092C0008075074C40F8045C40F80C4C40F8081CD2
:1092D00040F8202C40F8243C30BC4438704700BF94
:1092E000B19203000F4C08B5E02384F8223000F05F
:1092F00077F80D4B0D4A00211960D4F8883043F4FB
:109300007003C4F88830536843F0404353602369C6
:1093100043F01003236100F04FF9402383F31188D9
:10932000FEE700BF00ED00E048B7002030EF00E0AE
:10933000402383F31188024A136801331360704796
:1093400048B70020034A1368013B13600BB983F34D
:109350001188704748B7002041DF704712DF70471F
:1093600070B51B4B00251D6082B01B680193019BEB
:10937000EFF31186402383F31188164A164BD2F877
:1093800004451D601B680093009BFFF789F9241AB0
:1093900024F07F44012C0DD844B1FFF78FF9054626
:1093A00025B10E4B4FF080525A6040BF86F31188B2
:1093B00002B070BDFFF7F2FC0228EED1013CFFF7CE
:1093C0007DF9013C631C45EA0005F8D1E8E700BFE0
:1093D00040110140001001400011014000ED00E08B
:1093E0000B4B0C4930B41F200B4DC3F8080501226C
:1093F0000224E020C3F804232A601A60C3F844431F
:1094000081F811034FF400330B6030BC704700BF8C
:109410000010014000E100E0081001402DE9F0419A
:10942000804684B0EFF3108272B6584CA36883B9BB
:10943000574B58480121A160D3F8801001402160AA
:10944000C3F88000D3F8841061604FF0FF31C3F897
:10945000841002B962B6504ED6F80475FFF784FC4A
:1094600000283DD04D4A4E49424528BF4246BB18D0
:1094700023F07F4301200025C6F80803C6F84035D5
:109480000D600B6801934FF480330199C6F80433E3
:10949000BFF34F8FB8F1000F54D13F4B404D4149BE
:1094A0004FF48030C3F80803002028602D6803952E
:1094B000039D08600968029101210298C3F8041312
:1094C000D3F804353249DB1B23F07F45954228BF92
:1094D00015464FF40033012DC1F8803111D827D043
:1094E000A3685BB1EFF3108372B6294A216811605B
:1094F000616851600022A26003B962B604B0BDE8A1
:10950000F081681EFFF7D2F8274BDB68DA010FD530
:10951000264A1368DB070BD5254B516803FB05F57D
:10952000A5F57425A5F51075AD0A01EB85155560F7
:10953000FFF7C4F80028D3D01E4B4FF080525A607A
:1095400040BFCDE7F1EE103A23F09F03E1EE103A71
:10955000F1EE103A0E4B04A84FF480614026C3F898
:109560008461C3F8841100F8045DFFF7F7FE9DF8ED
:109570000C1039B920BFD3F80001D3F8041101430E
:10958000F8D08AE7FFF7E8FE87E700BF10BE0020AB
:1095900000E100E0FC06FFBD00100140FDFFFF0000
:1095A0004011014000110140F0ED00E0001000E02A
:1095B00040420F0000ED00E00748006880F3088893
:1095C00062B661B6BFF34F8FBFF36F8F4FF0E0000D
:1095D00080F3118800DF00BF00600200064B1968AD
:1095E0000868B0E8F04F80F30988BFF36F8F4FF041
:1095F000000080F311887047B8B30020EFF30980B2
:10960000BFF36F8F144B1A681EF0100F08BF20EDC8
:10961000108A20E9F04F10604DF8043D4FF04000F3
:1096200080F31188BFF34F8FBFF36F8FFFF72EFAD0
:109630004FF0000080F3118808BC19680868B0E892
:10964000F04F1EF0100F08BFB0EC108A80F30988AD
:10965000BFF36F8F704700BFB8B30020704700BFE3
:10966000002942D0931E222B3FD8F0B50A2A8BB096
:1096700035D04FF0000E01AF3B4688B1B0FBF2F69B
:1096800002FB16055FFA85FC092D0CF1570498BF03
:109690000CF13004E4B2304603F8014B0028EDD160
:1096A000302201E003F8012BBB42FBD0BEF1000FDA
:1096B00011D10D46BB4209D9681E1A4612F8014D58
:1096C00000F8014FBA42F9D19B1A1D440023084605
:1096D0002B700BB0F0BD2D220A704D1CEAE700285C
:1096E000C7DA40424FF0010EC5E70020704700BFC7
:1096F00079B3931E222B2CD8F0B48AB001AF3C462C
:1097000070B1B0FBF2F602FB1605EBB2092D94BF67
:1097100030335733DBB2304604F8013B0028F0D138
:10972000302301E004F8013BBC42FBD00FD94A1EB4
:10973000234613F8010D02F8010FBB42F9D1E41AD8
:109740000C440023084623700AB0F0BC70470C4656
:10975000F7E70020704700BF79B3931E222B2CD867
:10976000F0B48AB001AF3C4670B1B0FBF2F602FB38
:109770001605EBB2092D94BF30335733DBB23046B8
:1097800004F8013B0028F0D1302301E004F8013B4C
:10979000BC42FBD00FD94A1E234613F8010D02F834
:1097A000010FBB42F9D1E41A0C4400230846237090
:1097B0000AB0F0BC70470C46F7E70020704700BFC6
:1097C0000A490B4A0B4B9B1A03DD043BC858D05087
:1097D000FBDC094809494FF0AD320260043004391E
:1097E000FBD100F037FCECF733FD0000B0060400BD
:1097F000006000203C63002000F803200008000007
:10980000FEE7FEE7FEE7FEE7FEE7FEE7FEE7FEE730
:10981000FEE7FEE708B50020ECF754FDF8F776FC0C
:109820000E4B43B10E4B7BB1F9F7AEF900F0F0FCF3
:10983000FCF7F0FFF8E7F9F7A7F900F0E9FCF9F712
:10984000A3F900F0E5FCF6E7F9F79EF900F0E0FC7B
:10985000F9F79AF900F0DCFCF6E700BF0000000021
:109860001568030000B583B000F03EFEFCF7D2FAA5
:109870000E4B019301234FF480620D4900930D4874
:109880000023FEF72DFD4FF4407000F0E1FDFEF7E0
:1098900099FEBFF34F8F0849084BCA6802F4E06293
:1098A0001343CB60BFF34F8F00BFFDE74CB70020E1
:1098B000940304001598030000ED00E00400FA058D
:1098C00038B507480C461546ECF786FE00B938BD9A
:1098D0002A4621460248BDE83840ECF755BD00BF96
:1098E00058630020114B1A78EAB90178104810B477
:1098F0000A464FF0804402F00102C1F34001C4F86F
:109900008015C4F878250268D20706D4E021012228
:1099100080F80013C0F880210260012205481A7007
:109920005DF8044B70470448704700BF0CBE002030
:1099300000E100E00000AD0B0C00AD0B0268074B2E
:109940004FF0804010B400214FF46074C0F8084319
:10995000196002B11A605DF8044B704758B70020D7
:109960004FF080434FF46072C3F80423704700BF88
:1099700010B54FF0804386B0D3F80443620705D595
:10998000D3F8082103F58473002A4ED1A30603D52A
:109990002A4B1A68002A3FD1600603D5284B1A6863
:1099A000002A2FD1210602D5264B1A680ABBE205F0
:1099B00002D5254B1A6892B9A3050ED5234B1A6818
:1099C0005AB100221A601A68214B0592059A1B6849
:1099D000022006B0BDE81040184706B010BD0022B6
:1099E0001A601B4A1B68049301201368049A984765
:1099F000E2E700201860164A1B6803931368039A75
:109A00009847D4E700221A60124A1B68029301208B
:109A10001368029A9847C5E7002018600D4A1B6832
:109A200001931368019A9847B6E700221A600A4A20
:109A30001B6800931368009A9847A7E71401004039
:109A4000180100401C01004020010040240100409A
:109A500058B7002054B7002050B700202DE9F04F30
:109A600004799D4DE6003719BF0005EB070E83B062
:109A70009EF81CC0BCF1000F40F0E58091F80CC0CE
:109A80000068EA51CEF80430BCF1010F0B7840F2C7
:109A9000DE801F2B87BF03F01F08DFF840E29846E7
:109AA0004FF0A04E012707FA08F7CEF808751F2BD4
:109AB0008BBF03F01F071F46DFF820E24FF0A04ED8
:109AC00007F5E0774FF001084EF827804F78FF2F19
:109AD00000F0E9801F2F8ABF07F01F09B946DFF8A1
:109AE000FC81009798BF4FF0A04809F5E07A4FF04D
:109AF000010E0EFA09FE4FF00309C8F80CE548F80C
:109B00002A9091F802E0BEF1FF0F00F0D580BEF17F
:109B10001F0F91F80EA088BFDFF8C0B1CDF804E0A8
:109B20008EBF0EF01F08F0464FF0A04B08F5E0780E
:109B30004FEA8A0A4BF828A006EB040805EB8808D0
:109B400088F820E091F803E088F81FE0BEF1FF0FED
:109B50002AD091F80490F046B9F1000F40F08680C9
:109B6000BEF11F0F87BF0EF01F0B5C4FF3464FF087
:109B7000A0474FF0010A0AFA0BFAC7F808A5BEF190
:109B80001F0F86BF0EF01F08DFF850A14FF0A04A4C
:109B900008F5E07806EB040E4FF0030B05EB8E0E94
:109BA0004AF828B08EF81E9091F80DE0C0F80835FC
:109BB000009BD1F80880C0F80C351EF1000318BFD7
:109BC0000123019FC0F81075BCF1020FC0F8248575
:109BD0007FD0BCF1030F79D0BCF1010F56D0C0F893
:109BE00054358B79C0F8C035002A58D0402207235D
:109BF000C0F80423C0F800354A79000B43B2520183
:109C0000002BD1B2C0B25BDB5A09920002F1604274
:109C100003F16043012702F5614203F5614300F05F
:109C20001F0007FA00F083F80013C2F880011060EB
:109C3000344405EB84052A48002201236A772B77F8
:109C400003B0BDE8F08F274803B0BDE8F08F1F2BAD
:109C500087BF03F01F08DFF884E098464FF0A04E5E
:109C6000012707FA08F7CEF80C7520E7BEF11F0FA1
:109C700087BF0EF01F0B194FF3464FF0A0474FF070
:109C8000010A0AFA0BFAC7F80CA578E743F00203B9
:109C9000C0F854358B79C0F8C035002AA6D1072307
:109CA000C0F80035C4E791F802E04FF0FF37BEF18D
:109CB000FF0F00977FF42BAF4FF0FF3701973BE783
:109CC000094B00F00F0003441976B1E743F0060397
:109CD00085E743F0040382E75CB7002000030050EF
:109CE0000000AD0B0500AD0BFCEC00E0F0B4047916
:109CF000294A0368E1000D19AD005659EEB11F0B5A
:109D00007EB2002E11DB760920360123DFF89CC0DD
:109D100007F01F0703FA07F74CF82670BFF34F8FC1
:109D2000BFF36F8F555903683DB1081902EB8000EE
:109D30001A4DC3F80853407F10BB081902EB80008E
:109D400090F82000FF280BD01F288ABF00F01F00CA
:109D50004FF0A045124D00F5E070022645F8206056
:109D6000104800258342C3F8005502D10E4B012054
:109D70001860214402EB810200231377F0BC704786
:109D800001205861D3F804010028FBD0081902EB28
:109D9000800000254577D0E75CB70020520108001D
:109DA0000003005000F0024004F0024000E100E037
:109DB0002DE9F04F0479644F4FEAC40C0CEB040317
:109DC0009B008646F8180E46417F83B0002940F07C
:109DD000918057F803909046B9F1000F04D012F02B
:109DE000140F04BF012343770CEB040507EB850533
:109DF00096E80F0095F81FA005F10C0BBAF1FF0FC4
:109E00008BE80F0010D0AA7F5346002A76D0BAF113
:109E10001F0F86BF0AF01F034C494FF0A0410122DB
:109E200002FA03F3C1F8083532686AB102F0604300
:109E3000B3F1005F08D0644407EB84070023444873
:109E40007B7703B0BDE8F08FB16821B101F06043CA
:109E5000B3F1005FEFD1DEF800307568F068C3F849
:109E600044250022C3F84855C3F83415C3F8380513
:109E7000C3F81821D3F818210192019A18F00102B1
:109E800018BF0122C3F8502518F0020218BF0122A2
:109E900018F0080FC3F8402504BF01221A61B9F178
:109EA000000F0BD02B48402218F0040F14BFC3F84A
:109EB0000823C3F8042303B0BDE8F08FD3F81821BA
:109EC000002AFBD0BAF1FF0F2CD0644407EB8407C3
:109ED000BB7F4BB3BAF11F0F84BF0AF01F0A1B4AA6
:109EE0001C4898BF4FF0A042012303FA0AF3C2F8BE
:109EF0000C35A6E7184803B0BDE8F08FBAF11F0F84
:109F00004FF0010288BF0AF01F0302FA03F388BF73
:109F10000E49326898BF4FF0A041C1F80C35002AB5
:109F200084D191E70B488CE7BAF11F0F84BF0AF088
:109F30001F0A064A074898BF4FF0A042012303FAC0
:109F40000AF3C2F808357CE75CB700200003005034
:109F50000A00AD0B0000AD0B0B00AD0B194BD3F895
:109F6000182102B970470021174AC3F81811D3F815
:109F70001811D37F82B0FF2B019101990DD0917FF1
:109F800099B11F2B86BF03F01F0310484FF0A0406C
:109F9000012101FA03F3C0F80C3500235377137243
:109FA000D2E900310A4802B018471F2B86BF03F0E0
:109FB0001F0306484FF0A040012101FA03F3C0F847
:109FC0000835EAE7003002405CB70020000300508B
:109FD00064B700201B4BD3F8182102B97047002149
:109FE000194AC3F81811D3F8181192F8433082B007
:109FF000FF2B019101990ED092F84210A9B11F2BAD
:10A0000086BF03F01F0311484FF0A040012101FA61
:10A0100003F3C0F80C35002382F8413082F82C306D
:10A02000D2E909310A4802B018471F2B86BF03F056
:10A030001F0306484FF0A040012101FA03F3C0F8C6
:10A040000835E8E700F002405CB70020000300504C
:10A0500088B70020604B1B6830B45C1C37D05F4A67
:10A06000082B126800F08F805B4B5C4A1B681268FB
:10A07000082B15D0591C23D0584A1268082B12D02F
:10A08000574AD2F8883043F47003C2F88830BFF3DF
:10A090004F8FBFF36F8F534B534A1A6030BC7047DA
:10A0A000002A00F08280032AEAD84FF08043D3F8D8
:10A0B0000024D20744BF6FF00102C3F80024DFE799
:10A0C0004A4A4B4B12681B78C2F30312D6E7484A40
:10A0D000464B12781B68082AC3F3031301D1032BE4
:10A0E00053D9424A424B12681B78C2F30312082B21
:10A0F000BAD1032AB8D84FF080523E4BD2F804149C
:10A10000C3F82015D2F80814C3F82415D2F80C149B
:10A11000C3F82815D2F81014C3F82C15D2F814146B
:10A12000C3F83015D2F81814C3F83415D2F81C143B
:10A13000C3F84015D2F82014C3F84415D2F82414FB
:10A14000C3F84815D2F82814C3F84C15D2F82C14CB
:10A15000C3F85015D2F83014C3F85415D2F834149B
:10A16000C3F86015D2F83814C3F86415D2F83C145B
:10A17000C3F86815D2F84014C3F86C15D2F844241B
:10A18000C3F8702570E7032A0CD8134B1B684FF0F7
:10A1900080420021581CC2F80C11C2F81011C2F8FC
:10A1A00038159ED00D4A1268A1E7134C1349144D7F
:10A1B00025601448144AFB24C1F818450168126848
:10A1C000124C21F00F0102F00F020A434FF400710C
:10A1D0000260216050E700BF300100103401001020
:10A1E00000ED00E0486100200090D003E80F00F08F
:10A1F000E00F00F000C000408C56004000F000402E
:10A2000048810300E40E00405802001040960240CE
:10A2100008B5ECF75DF8054B4FF080525A6040BF2F
:10A22000BFF34F8FBFF36F8F08BD00BF00ED00E09D
:10A23000704700BF704700BF044B036010B4642335
:10A24000034C0C6013605DF8044B7047A4B700200A
:10A25000F8B70020054B036010B44FF48073044C32
:10A260000C6013605DF8044B704700BF88B9002094
:10A27000DCB9002070B51F4C84B04FF0FF3203A949
:10A280002068FDF74DFB0028F7D00398037A456856
:10A29000052B0DD8DFE803F0272A221C1503D0E98F
:10A2A0000361D0E90523C06900903046A8470398B0
:10A2B00003681BB11846FCF7B9FF0398FCF7B6FF1B
:10A2C000DBE7D0E90523D0E90301A8470398EFE7CE
:10A2D000D0E90412C068A8470398E9E7D0E9030170
:10A2E000A8470398E4E7A8470398E1E7C068A847B0
:10A2F0000398DDE7E0BD00202DE9F0432D4B2E4C07
:10A300005B6885B0C3F30803019001AF2068002BA0
:10A3100044D0002339461A46FDF75CFA01283AD0AA
:10A32000DFF89880D8F80000002240000421FCF7F4
:10A33000FFFF064678B3DFF88890D9F80000FEF7F3
:10A3400049F8FEF7F5FF02E03046FDF733F800224A
:10A3500003A92068FDF7E4FA00230546642203A957
:10A360000028F1D12068FDF723FE2660FEF7EAFF02
:10A37000D9F80000FEF7E0F8D8F800300D4A206860
:10A380005B00C8F800305368C3F30803394653B97B
:10A390006422FDF70FF805B0BDE8F083394664226A
:10A3A000FDF708F8BAE72B462A46FDF713FA05B081
:10A3B000BDE8F08300ED00E0E0BD0020DCBD002042
:10A3C000E4BD00202DE9F8439DF8205006460F46D5
:10A3D00091469846CDB1A8000C30FCF70DFF04461D
:10A3E00088B10023C0F804900572036006B177B904
:10A3F0002DB1AA00414604F10C0000F0D3FF204625
:10A40000FFF77AFF0120BDE8F8831020E5E7384622
:10A41000FCF7F2FE81462060A0B13A46314600F0DA
:10A42000C1FF002DEBD0691EC9B208EB8101A8F174
:10A43000040353F8042FB24208BFC3F800909942B6
:10A44000F7D1D6E72046FCF7F1FE4846DBE700BF30
:10A4500030B540230B4D83B004460022184604213A
:10A460002B60FCF765FF084B084918600223CDE913
:10A470000031A2B2002306490648FDF731FF03B0C0
:10A4800030BD00BFDCBD0020E0BD0020E4BD0020E9
:10A490009C03040075A2030011DF704708B5044651
:10A4A000FFF7FAFF0D4B4FF080414FF0FF32C3F83A
:10A4B0008020C3F88021C3F88420C3F88421C1F828
:10A4C0001C45BFF34F8F0649064BCA6802F4E06291
:10A4D0001343CB60BFF34F8F00BFFDE700E100E007
:10A4E00000ED00E00400FA054FF08043194AD3F86C
:10A4F0000014194830B41160D3F80054D3F8002484
:10A50000164C17492A43C3F80024D4F840250260AA
:10A51000002401224FF40030C3F818459A60C1F8B6
:10A520008000BFF34F8FBFF36F8F0E4C03F588335E
:10A530004FF0A0454FF480304FF0FF31C3F848038F
:10A54000C3F808035A609A60C5F80815C4F80815DE
:10A5500030BC7047E8BD0020ECBD002000A00040EA
:10A5600000E100E00003005008B54E20FFF796FF21
:10A5700016281BD83C4B53F820301F2B86BF03F006
:10A580001F033A4A4FF0A0420E290FD8DFE801F02E
:10A59000655F59534D474039322B241D160F080073
:10A5A00003F5E07340F2037142F82310704703F59E
:10A5B000E07340F2036142F82310704703F5E07343
:10A5C00040F2035142F82310704703F5E07340F264
:10A5D000034142F82310704703F5E07340F2033162
:10A5E00042F82310704703F5E07340F2032142F86C
:10A5F0002310704703F5E07340F2031142F8231073
:10A60000704703F5E0734FF4403142F82310704770
:10A6100003F5E0734FF4003142F82310704703F55F
:10A62000E073134942F82310704703F5E0731149B2
:10A6300042F82310704703F5E073042142F8231019
:10A64000704703F5E0730C2142F82310704703F5BF
:10A65000E073032142F82310704703F5E0730021F3
:10A6600042F82310704700BFF002040000030050BE
:10A67000040002000C000300162811D80A4B53F8FE
:10A6800020301F2B88BF03F01F034FF001028CBF47
:10A6900006484FF0A04002FA03F311B1C0F80835A4
:10A6A0007047C0F80C357047F002040000030050FA
:10A6B000162818D80D4B53F820201F2A8ABF0C49A2
:10A6C0004FF0A04102F01F02D1F81405012393407E
:10A6D000034214BFD1F80425D1F81025134214BF4A
:10A6E0000120002070470020704700BFF0020400E6
:10A6F0000003005000F108034FF0FF310022816099
:10A7000002604360C0E90333704700BF0023036168
:10A71000704700BF4368026810B49C688C609C68F6
:10A720004B600132616099605DF8044B0861026022
:10A73000704700BF30B40D686B1C11D000F10802E7
:10A7400000E01A4653681C68AC42FAD904684B60B2
:10A75000013499608A6051600861046030BC7047C0
:10A7600002695368F2E700BF42688168036910B468
:10A77000916081685C684A601A68844208BF5960C9
:10A78000013A002101611A6018685DF8044B7047B6
:10A790000B460146184600F071BD000081F00041F3
:10A7A00002E000BF83F0004330B54FEA41044FEAB6
:10A7B000430594EA050F08BF90EA020F1FBF54EA51
:10A7C000000C55EA020C7FEA645C7FEA655C00F0ED
:10A7D000E2804FEA5454D4EB5555B8BF6D420CDDBE
:10A7E0002C4480EA020281EA030382EA000083EA41
:10A7F000010180EA020281EA0303362D88BF30BDE1
:10A8000011F0004F4FEA01314FF4801C4CEA113136
:10A8100002D0404261EB410113F0004F4FEA033395
:10A820004CEA133302D0524263EB430394EA050F20
:10A8300000F0A780A4F10104D5F1200E0DDB02FA8F
:10A840000EFC22FA05F2801841F1000103FA0EF223
:10A85000801843FA05F359410EE0A5F120050EF1E9
:10A86000200E012A03FA0EFC28BF4CF0020C43FA1A
:10A8700005F3C01851EBE37101F0004507D54FF027
:10A88000000EDCF1000C7EEB00006EEB0101B1F577
:10A89000801F1BD3B1F5001F0CD349085FEA3000BD
:10A8A0004FEA3C0C04F101044FEA445212F5800FC8
:10A8B00080F09A80BCF1004F08BF5FEA500C50F165
:10A8C000000041EB045141EA050130BD5FEA4C0C48
:10A8D000404141EB010111F4801FA4F10104E9D1D1
:10A8E00091F0000F04BF01460020B1FA81F308BFC8
:10A8F0002033A3F10B03B3F120020CDA0C3208DD94
:10A9000002F1140CC2F10C0201FA0CF021FA02F16E
:10A910000CE002F11402D8BFC2F1200C01FA02F1DE
:10A9200020FA0CFCDCBF41EA0C019040E41AA2BF03
:10A9300001EB0451294330BD6FEA04041F3C1CDACB
:10A940000C340EDC04F11404C4F1200220FA04F0EB
:10A9500001FA02F340EA030021FA04F345EA030195
:10A9600030BDC4F10C04C4F1200220FA02F001FA57
:10A9700004F340EA0300294630BD21FA04F02946D9
:10A9800030BD94F0000F83F4801306BF81F4801172
:10A990000134013D4EE77FEA645C18BF7FEA655CE5
:10A9A00029D094EA050F08BF90EA020F05D054EAB7
:10A9B000000C04BF1946104630BD91EA030F1EBFBC
:10A9C0000021002030BD5FEA545C05D140004941C0
:10A9D00028BF41F0004130BD14F580043CBF01F5B3
:10A9E000801130BD01F0004545F0FE4141F4700199
:10A9F0004FF0000030BD7FEA645C1ABF1946104674
:10AA00007FEA655C1CBF0B46024650EA013406BF74
:10AA100052EA033591EA030F41F4002130BD00BF33
:10AA200090F0000F04BF0021704730B54FF48064F0
:10AA300004F132044FF000054FF0000150E700BF71
:10AA400090F0000F04BF0021704730B54FF48064D0
:10AA500004F1320410F0004548BF40424FF00001BD
:10AA60003EE700BF42004FEAE2014FEA31014FEA00
:10AA700002701FBF12F07F4393F07F4F81F060514F
:10AA8000704732F07F4208BF704793F07F4F04BF9A
:10AA900041F40021704730B54FF4607401F0004577
:10AAA00021F000411CE700BF50EA010208BF7047D7
:10AAB00030B54FF000050AE050EA010208BF7047C8
:10AAC00030B511F0004502D5404261EB41014FF431
:10AAD000806404F132045FEA915C3FF4D8AE4FF039
:10AAE00003025FEADC0C18BF03325FEADC0C18BF1C
:10AAF000033202EBDC02C2F1200300FA03FC20FA6D
:10AB000002F001FA03FE40EA0E0021FA02F11444B9
:10AB1000BDE600BF70B54FF0FF0C4CF4E06C1CEAD2
:10AB200011541DBF1CEA135594EA0C0F95EA0C0F43
:10AB300000F0DEF82C4481EA030621EA4C5123EAB6
:10AB40004C5350EA013518BF52EA033541F48011E5
:10AB500043F4801338D0A0FB02CE4FF00005E1FB98
:10AB600002E506F00042E0FB03E54FF00006E1FBE2
:10AB700003569CF0000F18BF4EF0010EA4F1FF0425
:10AB8000B6F5007F64F5407404D25FEA4E0E6D4165
:10AB900046EB060642EAC62141EA55514FEAC52076
:10ABA00040EA5E504FEACE2EB4F1FD0C88BFBCF5F2
:10ABB000E06F1ED8BEF1004F08BF5FEA500E50F1A3
:10ABC000000041EB045170BD06F0004646EA010169
:10ABD00040EA020081EA0301B4EB5C04C2BFD4EB9B
:10ABE0000C0541EA045170BD41F480114FF0000E94
:10ABF000013C00F3AB8014F1360FDEBF002001F002
:10AC0000004170BDC4F10004203C35DA0C341BDC7B
:10AC100004F11404C4F1200500FA05F320FA04F04D
:10AC200001FA05F240EA020001F0004221F0004181
:10AC300010EBD37021FA04F642EB06015EEA430EF4
:10AC400008BF20EAD37070BDC4F10C04C4F1200524
:10AC500000FA04F320FA05F001FA04F240EA0200D7
:10AC600001F0004110EBD37041F100015EEA430EA8
:10AC700008BF20EAD37070BDC4F1200500FA05F2C8
:10AC80004EEA020E20FA04F301FA05F243EA020347
:10AC900021FA04F001F0004121FA04F220EA020056
:10ACA00000EBD3705EEA430E08BF20EAD37070BD9C
:10ACB00094F0000F0FD101F00046400041EB01017C
:10ACC00011F4801F08BF013CF7D041EA060195F05E
:10ACD000000F18BF704703F00046520043EB030318
:10ACE00013F4801F08BF013DF7D043EA0603704705
:10ACF00094EA0C0F0CEA135518BF95EA0C0F0CD010
:10AD000050EA410618BF52EA4306D1D181EA030155
:10AD100001F000414FF0000070BD50EA410606BF4F
:10AD20001046194652EA430619D094EA0C0F02D194
:10AD300050EA013613D195EA0C0F05D152EA0336D9
:10AD40001CBF104619460AD181EA030101F00041F7
:10AD500041F0FE4141F470014FF0000070BD41F040
:10AD6000FE4141F4780170BD70B54FF0FF0C4CF41A
:10AD7000E06C1CEA11541DBF1CEA135594EA0C0F39
:10AD800095EA0C0F00F0A7F8A4EB050481EA030E86
:10AD900052EA03354FEA013100F088804FEA03336D
:10ADA0004FF0805545EA131343EA12634FEA02223B
:10ADB00045EA111545EA10654FEA00260EF00041FC
:10ADC0009D4208BF964244F1FD0404F5407402D24E
:10ADD0005B084FEA3202B61A65EB03055B084FEADF
:10ADE00032024FF480104FF4002CB6EB020E75EBDC
:10ADF000030E22BFB61A754640EA0C005B084FEA04
:10AE00003202B6EB020E75EB030E22BFB61A754680
:10AE100040EA5C005B084FEA3202B6EB020E75EBCB
:10AE2000030E22BFB61A754640EA9C005B084FEA43
:10AE30003202B6EB020E75EB030E22BFB61A754650
:10AE400040EADC0055EA060E18D04FEA051545EA3F
:10AE500016754FEA06164FEAC30343EA52734FEAE8
:10AE6000C2025FEA1C1CC0D111F4801F0BD141EA61
:10AE700000014FF000004FF0004CB6E711F4801FC6
:10AE800004BF01430020B4F1FD0C88BFBCF5E06FA6
:10AE90003FF6AFAEB5EB030C04BFB6EB020C5FEAB6
:10AEA000500C50F1000041EB045170BD0EF0004E0B
:10AEB0004EEA113114EB5C04C2BFD4EB0C0541EA3D
:10AEC000045170BD41F480114FF0000E013C90E63A
:10AED00045EA060E8DE60CEA135594EA0C0F08BFFE
:10AEE00095EA0C0F3FF43BAF94EA0C0F0AD150EAFD
:10AEF00001347FF434AF95EA0C0F7FF425AF104690
:10AF000019462CE795EA0C0F06D152EA03353FF4B7
:10AF1000FDAE1046194622E750EA410618BF52EA34
:10AF200043067FF4C5AE50EA41047FF40DAF52EA08
:10AF300043057FF4EBAE12E753B94AB9002908BFC5
:10AF400000281CBF4FF0FF314FF0FF3000F072B906
:10AF5000ADF1080C6DE904CE00F006F8DDF804E070
:10AF6000DDE9022304B070472DE9F047089E04464E
:10AF70008846002B4BD18A42154667D9B2FA82F235
:10AF80004AB1C2F1200701FA02F320FA07F795400F
:10AF900047EA030894404FEA154E230CB8FBFEF72E
:10AFA0001FFA85FC0EFB178843EA084307FB0CF1E8
:10AFB000994209D9EB1807F1FF3080F01B819942C3
:10AFC00040F21881023F2B445B1AA4B2B3FBFEF09F
:10AFD0000EFB103344EA034400FB0CFCA44509D9E2
:10AFE0002C1900F1FF3380F00781A44540F2048161
:10AFF00002382C4440EA0740A4EB0C0400271EB1A1
:10B00000D4400023C6E900433946BDE8F0878B42AF
:10B0100009D9002E00F0EB800027C6E90001384670
:10B020003946BDE8F087B3FA83F7002F47D18B424A
:10B0300002D3824200F2FA80841A61EB03030120FA
:10B040009846002EE0D0C6E90048DDE702B9FFDEF1
:10B05000B2FA82F2002A40F08F80491B4FEA154E67
:10B060001FFA85F80127B1FBFEFC230C0EFB1C1117
:10B0700043EA014308FB0CF1994207D9EB180CF1A4
:10B08000FF3002D2994200F2CD808446591AA3B211
:10B09000B1FBFEF00EFB101443EA044408FB00F879
:10B0A000A04507D92C1900F1FF3302D2A04500F2C8
:10B0B000B6801846A4EB080440EA0C409FE7C7F1AD
:10B0C000200CBB4022FA0CFE4EEA030E01FA07F4F4
:10B0D00020FA0CF521FA0CF34FEA1E482543B3FB86
:10B0E000F8F92C0C08FB19331FFA8EFA44EA0343D3
:10B0F00009FB0AF49C4202FA07F200FA07F10BD9A5
:10B100001EEB030309F1FF3080F087809C4240F280
:10B110008480A9F1020973441B1BADB2B3FBF8F0A4
:10B1200008FB103345EA034400FB0AFAA24508D99C
:10B130001EEB040400F1FF336BD2A24569D902383B
:10B14000744440EA0940A0FB0289A4EB0A044C4580
:10B15000C2464B4654D351D0002E69D0B1EB0A05FC
:10B1600064EB030404FA0CFCFD40FC404CEA0505CA
:10B17000C6E90054002747E7C2F1200320FA03F78D
:10B18000954001FA02F021FA03F34FEA154E3843D5
:10B19000010CB3FBFEF71FFA85F80EFB173341EAEB
:10B1A000034107FB08F38B4204FA02F407D969183C
:10B1B00007F1FF3C2FD28B422DD9023F2944CB1AF5
:10B1C00081B2B3FBFEF00EFB103341EA034100FBFA
:10B1D00008F38B4207D9691800F1FF3C17D28B4264
:10B1E00015D902382944C91A40EA07473BE73746D0
:10B1F000304609E70746E7E61846FBE64145ABD28D
:10B20000B8EB020A69EB0E0201381346A4E7604668
:10B21000E9E7184695E76746D1E781467CE70238BB
:10B220002C4447E7ACF1020C2B442FE7384608E7E3
:10B230003746E9E6704700BF1FB51C46094B1B683F
:10B240000546D86852B1084B0091CDE90132074953
:10B250002B46224600F034F801F08EF9044B1A46D2
:10B26000F2E700BF4C610020A8030400B50304000E
:10B27000E30304000A22002101F03EB810B5054C9A
:10B2800013462CB10A4601460220AFF3008010BDE0
:10B290002046FCE70000000008B5074B044613B148
:10B2A0000021AFF30080054B1868836A03B198470B
:10B2B000204603F045F800BF00000000E40304004E
:10B2C0000EB403B5014603AB054853F8042B0068E0
:10B2D000019300F073F902B05DF804EB03B070471E
:10B2E0004C61002070B50D4E0D4CA41BA410002520
:10B2F000A54209D10B4E0C4C03F024F8A41BA4105A
:10B300000025A54205D170BD56F825309847013576
:10B31000EEE756F8253098470135F2E71C63002028
:10B320001C6300201C6300203863002010B5044615
:10B3300000F008F82044407800F0080010BDD0F874
:10B34000EC007047044B054A1B681B6A002B08BFC2
:10B350001346D3F8EC0070474C610020B061002028
:10B36000024B0146186800F0A5B800BF4C610020F0
:10B37000024B0146186800F04FB800BF4C61002036
:10B3800082B001B901A942B14BB113780B601278B8
:10B39000101C18BF012002B070471046FBE76FF089
:10B3A0000100F8E710B5431E0A44914200D110BDD8
:10B3B00011F8014B03F8014FF7E7884210B501EB94
:10B3C000020307D8421E99420AD011F8014B02F835
:10B3D000014FF8E78342F5D98118D21AD34200D140
:10B3E00010BD13F8014D01F8014DF7E70244034683
:10B3F000934200D1704703F8011BF9E738B502FB0F
:10B4000001F4214600F056F8054618B12246002105
:10B41000FFF7ECFF284638BD38B50546002945D072
:10B4200051F8043C0C1F002BB8BFE41802F030F9AF
:10B430001F4A1368104633B9636014602846BDE89C
:10B44000384002F026B9A3420CD921686218934211
:10B4500004BF1A685B68636004BF5218226004600E
:10B46000ECE713465A680AB1A242FAD9196858188B
:10B47000A0420BD120680144581882421960DDD1E6
:10B48000106852685A6001441960D7E702D90C234A
:10B490002B60D3E7206821188A4204BF11685268E4
:10B4A000626004BF091821605C60C7E738BD00BF57
:10B4B000F0BD002070B5CD1C25F0030508350C2D1E
:10B4C00038BF0C25002D064601DBA94203D90C2309
:10B4D0003360002070BD02F0DBF8214A1468214679
:10B4E00091B9204C23681BB9304600F0DFFD206085
:10B4F0002946304600F0DAFD431C24D10C2333608A
:10B50000304602F0C6F8E4E70B685B1B18D40B2B3F
:10B510000FD90B60CD50CC18304602F0BAF804F1C8
:10B520000B00231D20F00700C31AD3D05A42E2506B
:10B53000D0E78C424B6816BF636013600C46EBE7A4
:10B540000C464968CCE7C41C24F00304A04205D093
:10B55000211A304600F0AAFD0130CFD02560DBE78C
:10B56000F0BD0020F4BD00209368013B002B10B417
:10B57000936008DA9469A34201DB0A2903D15DF8DC
:10B58000044B00F02BBF1368581C1060197008465C
:10B590005DF8044B7047F8B506460F461446D518BB
:10B5A000AC4201D1002007E03A4614F8011B3046B6
:10B5B000FFF7DAFF431CF3D1F8BD00002DE9F04F8F
:10B5C0009DB00C4617460393064618B183690BB924
:10B5D00001F00EFF7B4B9C4257D17468A38918077A
:10B5E0005DD52369002B5AD00023099320238DF8C1
:10B5F000293030238DF82A304FF0010BB8464546EC
:10B6000015F8013B0BB1252B54D1B8EB070A0BD031
:10B6100053463A4621463046FFF7BDFF013000F061
:10B62000C280099B5344099398F80030002B00F026
:10B63000BA8000234FF0FF32CDE90523049307932E
:10B640008DF853301A93A846052218F8011B5E485E
:10B6500001F0CEFF049B78BBD90644BF20228DF8B1
:10B6600053201A0744BF2B228DF853202A782A2A08
:10B670002AD0079AA84600200A25414611F8013B26
:10B68000303B092B69D960B324E0504B9C4201D177
:10B69000B468A3E74E4B9C4208BFF4689EE721467E
:10B6A000304600F0FBFE00289ED04FF0FF301DB06A
:10B6B000BDE8F08FA846A2E7434A801A0BFA00F0D3
:10B6C000184304904546BEE7039A111D1268039182
:10B6D000002A01DB079204E0524243F00203079282
:10B6E000049398F800302E2B0ED198F801302A2BB5
:10B6F00038D1039B1A1D1B680392002BB8BF4FF073
:10B70000FF3308F102080593324D98F80010032228
:10B71000284601F06DFF40B14023401B03FA00F0C2
:10B72000049B034308F10108049398F800102A4889
:10B730008DF82810062208F1010701F059FF0028B2
:10B7400037D0264B1BBB039B073323F0070308337B
:10B750000393099B4B44099350E705FB02320120F8
:10B7600088468AE7002308F10108059319460A254F
:10B77000404610F8012B303A092A03D9002BC3D0D8
:10B780000591C1E705FB012101238046F0E703ABEA
:10B7900000932246124B04A9304600F0B7F8B0F1EE
:10B7A000FF3F8146D5D1A3895B063FF57EAF09985F
:10B7B0007DE703AB00932246094B04A9304600F015
:10B7C0005BFBECE768050400F20304008805040055
:10B7D00048050400F8030400FC0304000DB903004D
:10B7E00097B503002DE9FF4755EC104B0D9FDDF891
:10B7F00030A0002D0E4691461946B8BF22462B4672
:10B8000027F02007BBBF05F100431D4600232D2371
:10B81000B8BF1446462F0B7004D0452F00D1013617
:10B82000022100E0032103AB019302AB00933246F7
:10B83000534645EC104B00F033FF472F804602D1B2
:10B8400019F0010F26D0462F08EB060911D198F800
:10B850000030302B0AD1002200232046294602F076
:10B86000B9FC18B9C6F10106CAF80060DAF8003070
:10B870009944002200232046294602F0ABFC38B947
:10B880003022039B4B4505D2591C03911A70F8E7EF
:10B89000CDF80C90039B0E9AA3EB0803404613606F
:10B8A00004B0BDE8F087F7B500290446BABF4942A5
:10B8B0002D232B23092904F8022B437020DD0DF1E1
:10B8C00007031F460A2691FBF6F506FB15113031DA
:10B8D000092D03F8011C03F1FF32294609DC303140
:10B8E000023B02F8011CBB42224604D3101A03B0EB
:10B8F000F0BD1346E7E713F8012B04F8012BF2E73C
:10B90000302319448370021DC170EFE72DE9F04F19
:10B910008DB00C46DDF8588016461F46054601F0EE
:10B92000F1FD03680493184600F023FC00230A93FA
:10B93000D8F800300590073323F0070303F108021D
:10B9400094F818A0D4F800B0C8F80020D3E9002378
:10B95000C4E91223D4E9128929F000430793CDF8F2
:10B9600018804FF0FF32A74BDDE9060102F064FCBE
:10B9700070BB4FF0FF32A34BDDE9060102F03EFC45
:10B9800030BB002200234046494602F02DFC10B196
:10B990002D2384F843309C4A9C4BBAF1470F8CBF4F
:10B9A0009046984603232BF00402236122604FF057
:10B9B0000009009733460BAA2146284600F0E6F915
:10B9C000013040F08D804FF0FF300DB0BDE8F08FBA
:10B9D00042464B464046494602F02EFC10B18C4A86
:10B9E0008C4BDAE761684B1C4BF480620AA83ED1AD
:10B9F000062363600023CDE9020309AB009349EC01
:10BA0000108B0DF123032260CDF804A06168284655
:10BA1000FFF7E8FE0AF0DF03472B804609D1099BB8
:10BA2000D81C02DB6268934247DDAAF1020A5FFA82
:10BA30008AFABAF1650F099924D80139524604F1FE
:10BA400050000991FFF72FFF0A9A1318012A814627
:10BA5000236102DC2268D10701D5013323619DF8FF
:10BA60002330002BA5D02D2384F84330A1E7BAF171
:10BA7000670F00F07781BAF1470FBBD10029B9D128
:10BA80000123B6E7BAF1660F19D1002963680CDD0E
:10BA9000216113B92268D20702D501330B44236117
:10BAA000099BA3654FF00009D9E713B92268D007B5
:10BAB00001D50233F3E70123F1E74FF0670ADDE92F
:10BAC0000932934205DB22682361D107E8D50133AF
:10BAD000E5E7002BD4BFC3F1020301231344DEE7E3
:10BAE00023685A0507D42369424631462846B84799
:10BAF00001302BD167E7BAF1650F40F2DC800022FC
:10BB00000023D4E9120102F065FB002833D00123A1
:10BB1000414A31462846B84701303FF454AFDDE989
:10BB200009239A4202DB2368D8070FD5DDE90423F5
:10BB300031462846B84701303FF445AF4FF0000882
:10BB400004F11A090A9B013B434509DC23689B0762
:10BB500000F10381E0680B9B9842B8BF184634E7B8
:10BB600001234A4631462846B84701303FF42BAFFF
:10BB700008F10108E6E7099B002B2BDC0123264A8C
:10BB800031462846B84701303FF41DAF099B23B921
:10BB90000A9B13B92368D907D8D5DDE904233146B8
:10BBA0002846B84701303FF40EAF4FF0000904F1CA
:10BBB0001A0A099B5B424B4501DC0A9B94E701236F
:10BBC000524631462846B84701303FF4FCAE09F1F1
:10BBD0000109EEE70A9AA36D9A42A8BF1A46002A05
:10BBE000914607DD1346314642462846B8470130A4
:10BBF0003FF4E9AE04F11A034FF0000B29EAE979AA
:10BC0000069315E0FFFFEF7F070404000304040020
:10BC10000F0404000B040400130404000123069A1B
:10BC200031462846B84701303FF4CDAE0BF1010B49
:10BC3000D4F858A0AAEB09035B45EFDCDDE9092342
:10BC40009A42D04415DB2368DA0712D40A9B09997B
:10BC5000A3EB0A02A3EB010A9245A8BF9246BAF1F0
:10BC6000000F0EDC4FF000082AEAEA7A04F11A0904
:10BC700019E0DDE9042331462846B8470130E5D113
:10BC8000A1E65346424631462846B8470130E9D13D
:10BC900099E601234A4631462846B84701303FF429
:10BCA00092AE08F10108DDE909239B1AA3EB0A0310
:10BCB0004345EEDC4AE70A9A012A01DCDB073AD564
:10BCC0000123424631462846B84701303FF47BAE57
:10BCD000DDE9042331462846B847013008F1010860
:10BCE0003FF471AE0A9B002203F1FF3AD4E912013E
:10BCF000002302F06FFAC8B953464246314628463F
:10BD0000B84701300ED15EE601235246314628463F
:10BD1000B84701303FF457AE08F101080A9B013BD8
:10BD20004345F1DC4B4604F15002DEE64FF00008DB
:10BD300004F11A0AF2E70123DFE701234A463146FC
:10BD40002846B84701303FF43EAE08F10108E368E9
:10BD50000B9A9B1A4345F0DCFCE64FF0000804F117
:10BD60001909F4E700293FF48BAE0023CDE9020363
:10BD700009AB009349EC108B2260CDF804A00DF1C3
:10BD800023032846FFF72EFD804648E62DE9F047BD
:10BD900091461F468A680B69DDF820809342B8BF40
:10BDA0001346C9F8003091F8432006460C4612B1FC
:10BDB0000133C9F800302368990642BFD9F8003032
:10BDC0000233C9F80030256815F0060507D104F1E3
:10BDD000190AE368D9F800209B1AAB4228DC94F8D2
:10BDE00043302268003318BF012392062DD404F19A
:10BDF000430239463046C047013020D02368E56809
:10BE0000D9F8002003F00603042B08BFAD1AA3687D
:10BE100022690CBF25EAE57500259342C4BF9B1A31
:10BE2000ED184FF000091A344D451AD1002008E0F2
:10BE30000123524639463046C047013003D14FF006
:10BE4000FF30BDE8F0870135C3E7E1185A1C302008
:10BE500081F84300224494F8451082F843100233DD
:10BE6000C5E70123224639463046C0470130E6D0B7
:10BE700009F10109D8E700002DE9F04301F1430C75
:10BE80000C46097E85B06E291746064698460C9AE0
:10BE900000F0B38022D8632936D00AD8002900F0F8
:10BEA000B980582900F0838004F1420584F84210DB
:10BEB00032E0642901D06929F6D1206813680506AB
:10BEC00003F104012AD51B681160002B03DA2D222F
:10BED0005B4284F843206F480A2239E0732900F05E
:10BEE0009D8008D86F2920D07029DDD1236843F0C8
:10BEF0002003236003E0752917D07829D4D1782353
:10BF000084F84530644855E01368191D1B681160BA
:10BF100004F1420584F8423001238CE01B68116073
:10BF200010F0400F18BF1BB2CFE713682568181D2B
:10BF30001060280601D51B6802E06806FBD51B8847
:10BF400054486F2914BF0A220822002184F84310A4
:10BF50006568A560002DC0F29580216821F004017C
:10BF60002160002B3DD1002D40F08E806546082ACF
:10BF70000BD12368DB0708D5236962689A42DEBFCC
:10BF8000302305F8013C05F1FF35ACEB05032361D7
:10BF9000CDF800803B4603AA21463046FFF7F6FE67
:10BFA00001304DD14FF0FF3005B0BDE8F083394886
:10BFB00084F84510136821681D1D1B6815600A066A
:10BFC0000BD5CA0744BF41F0200121601BB922688C
:10BFD00022F0200222601022B7E74D0648BF9BB234
:10BFE000EFE76546B3FBF2F102FB1133C35C05F8E2
:10BFF000013D0B460029F5D1B9E713682568616951
:10C00000181D106028061B6801D5196002E06A0639
:10C01000FBD51980002323616546B9E71368191D14
:10C0200011601D6862680021284601F0E1FA08B13C
:10C03000401B606063682361002384F84330A7E7F6
:10C0400023692A4639463046C0470130AAD02368C2
:10C050009B0713D4E068039B9842B8BF1846A3E738
:10C0600001234A4639463046C04701309AD001354F
:10C07000E368039A9B1AAB42F2DCEBE7002504F17C
:10C080001909F5E7002BACD1037884F8423004F1AC
:10C0900042056CE71504040026040400024B0A461E
:10C0A0000146186801F0D2BD4C61002038B5064C3D
:10C0B000002305460846236002F034F9431C02D1F0
:10C0C000236803B12B6038BD1CBE00200CB430B512
:10C0D000174B0C1E9DB01D6808DA8B232B604FF0A8
:10C0E000FF301DB0BDE8304002B070474FF402731E
:10C0F000ADF8143014BF04F1FF33234604930793C3
:10C100004FF6FF7302900690ADF81630209A21ABDF
:10C1100002A92846019301F019FE431CBCBF8B23E2
:10C120002B60002CDDD0029B00221A70D9E700BFE3
:10C130004C610020C9B2034610F8012B1AB18A42A3
:10C14000F9D118467047002918BF0023F9E710F805
:10C15000012B11F8013B012A28BF9A42F7D0D01ACF
:10C160007047034611F8012B03F8012B002AF9D17F
:10C170007047034613F8012B002AFBD1181A013827
:10C18000704710B56AB10139841810F8013B11F8F5
:10C19000012F934203D1A04201D0002BF5D1981A70
:10C1A00010BD1046FCE738B503460D4669B9BDE839
:10C1B0003840FFF7BFBF431C044629461846FFF727
:10C1C000B9FF0028F7D1204638BD0024F5E7F0B5C7
:10C1D00003787BB1044623782046661C7BB14A1E57
:10C1E000631E12F8015F4DB113F8017FAF42344670
:10C1F000F7D0F0E70B78002B18BF0020F0BD1846F1
:10C20000FCE72DE9F0478046894692461E460F46D8
:10C210003D46089815F8014BFFF791F82044437804
:10C2200013F0080332D12D2C32D17C78BD1C0122B1
:10C23000002E5DD0102E09D1302C07D12B7803F0C1
:10C24000DF03582B4FD16C7810260235002A14BF1B
:10C250004FF000416FF000410027B1FBF6FC38467B
:10C2600006FB1C1EA4F13003092B17D81C46A6425E
:10C2700023DD7B1C07D084451CD301D1A64519DBE7
:10C2800000FB0640012715F8014BEBE72F46BFE7FF
:10C290002B2C04BFBD1C7C781A46C9E7A4F14103CE
:10C2A000192B01D8373CE2E7A4F16103192B04D81C
:10C2B000573CDCE74FF0FF37E5E77B1C08D1222332
:10C2C000C8F800300846BAF1000F07D1BDE8F08782
:10C2D00002B14042BAF1000FF8D00FB105F1FF39B9
:10C2E000CAF80090F2E73024002EAFD10826ADE75F
:10C2F000302CA3D00A26A9E7084B37B51C68084D97
:10C30000236A002B08BF2B46009313460A460146BA
:10C310002046FFF776FF03B030BD00BF4C61002020
:10C32000B0610020024B01461868FFF7BFBE00BF96
:10C330004C61002010B50446FFF704F82044437810
:10C3400003F00303012B08BF2034204610BD10B5B5
:10C350000446FEF7F7FF2044437803F00303022B63
:10C3600008BF203C204610BD30B5141E05469BB0CA
:10C37000184605DA8B232B604FF0FF301BB030BD21
:10C380004FF40273ADF80C3014BF04F1FF332346B1
:10C39000029305934FF6FF7300910491ADF80E30B0
:10C3A00002461E9B6946284601F0D0FC431CBCBFD8
:10C3B0008B232B60002CE1D0009B00221A70DDE75C
:10C3C00007B5009313460A46014603480068FFF785
:10C3D000CBFF03B05DF804FB4C610020F8B50E46BE
:10C3E0001446054618B183690BB901F001F8214BD9
:10C3F0009C422AD16C68A369A360A3891A072ED531
:10C40000236963B323692068C01A6369F6B2834263
:10C41000374604DC2146284600F080FF28BBA3688D
:10C42000013BA36023685A1C22601E7063690130BF
:10C43000834204D0A389DB0719D50A2E17D12146E0
:10C44000284600F06BFF90B10FE00B4B9C4201D1EE
:10C45000AC68D0E7094B9C4208BFEC68CBE72146AB
:10C46000284600F01BF80028CCD04FF0FF373846A4
:10C47000F8BD00BF680504008805040048050400F5
:10C4800049B1FF2A85BF8A2303600A704FF0FF304D
:10C4900098BF01207047084670470000324B70B5C6
:10C4A0001D6806460C4625B1AB6913B9284600F055
:10C4B0009FFF2E4B9C420FD16C68B4F90C309AB29E
:10C4C00015072CD4D00611D40922326043F0400362
:10C4D000A3814FF0FF303EE0254B9C4201D1AC6878
:10C4E000EBE7244B9C4208BFEC68E6E7510712D506
:10C4F000616B41B104F14403994202D03046FEF72A
:10C500008BFF00236363A38923F02403A38100230B
:10C51000636023692360A38943F00803A38123692F
:10C520004BB9A38903F42073B3F5007F03D02146F0
:10C53000304601F019F8A28912F001030CD0002353
:10C54000A36063695B42A361236953B9B4F90C30FA
:10C5500013F08000BAD170BD920758BF6369A36021
:10C56000F2E70020F7E700BF4C61002068050400F7
:10C57000880504004805040008B5062001F004FD04
:10C58000012001F0DDFE2DE9F74F03690C69A3429C
:10C590008046C0F28280013C01F114074FEA840C0E
:10C5A00000F1140657F8245056F8240006EB0C034B
:10C5B000013507EB0C090193B0FBF5F595B34FF08E
:10C5C000000A3846B646D34650F8042B93B205FB12
:10C5D00003A34FEA134A9BB2ABEB0303120CDEF842
:10C5E00000B005FB02A213FA8BF34FEA124A1FFABE
:10C5F00082FBDEF80020CBEB124202EB23429BB21F
:10C6000043EA024381454FEA224B4EF8043BDBD21A
:10C6100056F80C3033B9019B043B9E421A4630D386
:10C62000C8F81040404601F04BFA002825DB0135E0
:10C6300030464FF0000C57F8042BD0F800E093B2CE
:10C64000ACEB0303120C13FA8EF3C2EB1E4202EBA7
:10C6500023429BB243EA0243B9454FEA224C40F8D9
:10C66000043BE8D256F8242006EB84032AB9043BA5
:10C670009E421A460BD3C8F81040284603B0BDE8C6
:10C68000F08F1268043B002ACAD1013CC5E712684A
:10C69000043B002AEFD1013CEAE70020EEE700006E
:10C6A0002DE9F04F57EC106B97B0456A06910446A0
:10C6B0000B921293DDF88080CDE900673DB9102020
:10C6C000FAF79AFD6062C0E901550560C560636ACA
:10C6D000196851B15A684A60012393408B60204623
:10C6E00001F00CF8636A00221A603B1EBBBF23F006
:10C6F0000043019300230122ACBFC8F80030C8F802
:10C700000020AF4BDDF8048033EA080314D1129AFD
:10C7100042F20F731360009B23B9C8F31300002883
:10C7200000F04285219BDFF8ACB2002B00F044857D
:10C730000BF1030300F03EBDDDE90067002200239A
:10C740003046394601F046FD814668B1129A012310
:10C750001360219B002B00F024859A4B219A03F152
:10C76000FF3B136000F028BD14AA15A947EC106B1D
:10C77000204601F01CFAC8F30A550490002D7CD025
:10C78000C7F3130343F07F5BB2464BF4401BA5F2A3
:10C79000FF35CDF84C9000228B4B50465946FEF7A2
:10C7A00001F881A3D3E90023FEF7B4F980A3D3E90C
:10C7B0000023FDF7F9FF064628460F46FEF740F92D
:10C7C0007DA3D3E90023FEF7A5F902460B463046C8
:10C7D0003946FDF7E9FF06460F4601F043FD00220A
:10C7E000824600233046394601F0FEFC48B15046EF
:10C7F000FEF726F932463B4601F0ECFC08B90AF197
:10C80000FF3ABAF1160F59D8704901EBCA01DDE9B8
:10C810000023D1E9000101F005FD002850D00AF104
:10C82000FF3A00230F93149B5D1BB5F1010849BF2C
:10C83000C5F10103002305934FF0000858BF05938D
:10C84000BAF1000F3EDB0023D044CDF838A00793A7
:10C85000069B092B00F29080052BC4BF043B069376
:10C86000069BA3F10203CCBF00250125032B00F298
:10C870008F80DFE803F07D7F3171DDE914531D44C3
:10C8800005F23240202813DDC0F14000009B08FA79
:10C8900000F805F2124023FA00F048EA0000FEF723
:10C8A000BFF801238246A1F1F87B013D139372E7A3
:10C8B000009BC0F1200003FA00F0F0E70123B1E78C
:10C8C0000F90B0E7059BA3EB0A030593CAF10003A1
:10C8D000079300230E93BBE701230A930B9B002BC6
:10C8E00059DD02939946666A00227260042202F1C1
:10C8F00014009842716853D9204600F0CBFE636A59
:10C900003060B9F10E0FD3F800B000F2E680002DD0
:10C9100000F0E3809DED007BBAF1000F8DED107B00
:10C9200074DD2A4A0AF00F0302EBC30393ED007B88
:10C930004FEA2A16F0068DED087B65D5244BDDE91C
:10C940001001D3E90823FEF70FFACDE9000106F044
:10C950000F0603251E4F4CE001230A930B9B534403
:10C9600003F1010902934B46012BB8BF0123BAE73B
:10C970000023B2E70023F0E70125002306930A9580
:10C980004FF0FF3302939946002212230B92AAE73D
:10C9900001230A93F4E70123029399461A46F5E727
:10C9A000013171605200A2E761436F63A787D23FF4
:10C9B000B3C8608B288AC63FFB799F501344D33F8E
:10C9C0000000F07F140404000000F83FD0050400CC
:10C9D000A805040041050400F10708D5DDE90801B8
:10C9E000D7E90023FEF796F8CDE908010135761066
:10C9F0000837002EF0D1DDE90823DDE90001FEF75C
:10CA0000B3F9CDE900011AE00225A3E700F0A08008
:10CA1000CAF100069F4BA04F06F00F0203EBC203C2
:10CA2000D3E90023DDE91001FEF774F8CDE9000138
:10CA3000361100230225002E7FD1002BE1D10F9B60
:10CA4000002B00F08780DDE900670022934B304621
:10CA5000394601F0C9FB00287CD0B9F1000F79D02C
:10CA6000029B002B35DD0AF1FF3308933946002283
:10CA70008B4B3046FEF74EF8CDE90001029F0135A1
:10CA80002846FDF7DDFFDDE90023FEF743F800222D
:10CA9000844BFDF789FE0546A1F15076002F5DD14C
:10CAA0000022814BDDE90001FDF77CFE2A4633467A
:10CAB000CDE9000101F0B6FB002840F088822A464B
:10CAC00006F10043DDE9000101F08EFB002840F093
:10CAD0007C82DDE91023CDE90023159B002BC0F2F9
:10CAE0005081BAF10E0F00F34C816A4B03EBCA037D
:10CAF00093ED007B0B9B002B8DED027B80F2D880A9
:10CB0000B9F1000F00F3D48040F05E820022664B42
:10CB100051EC170BFDF7FEFFDDE9002301F078FB78
:10CB20004F464E46002840F0348231230BF1010578
:10CB30008BF800300AF1010A2FE2F20705D5D7E998
:10CB40000023FDF7E7FF013501237610083772E770
:10CB5000022574E7CDF820A04F4691E74D4B03EB3B
:10CB6000C70353E902010A9B002B47D002460B463C
:10CB700000204E49FEF7F8F82A463346FDF712FE2C
:10CB8000CDE90C015D46DDE9000101F06BFB0646D5
:10CB9000FDF756FF02460B46DDE90001FDF702FEF8
:10CBA000303605F8016BDDE90C23CDE9000101F019
:10CBB0001BFB002863D1DDE9002300203749FDF786
:10CBC000F1FDDDE90C2301F00FFB002840F0B780F8
:10CBD000A5EB0B039F427FF77CAF0022304BDDE9D2
:10CBE0000C01FDF797FF0022CDE90C012C4BDDE98C
:10CBF0000001FDF78FFFCDE90001C4E72A46334667
:10CC0000FDF788FFCDE90C010BEB07055E46DDE97A
:10CC1000000101F027FB0746FDF712FF30370246FF
:10CC20000B46DDE90001FDF7BDFD06F8017BAE42D4
:10CC3000CDE900014FF0000226D11C4BDDE90C01CB
:10CC4000FDF7B2FD02460B46DDE9000101F0EAFA0C
:10CC5000002874D1DDE90C2300201449FDF7A2FD62
:10CC600002460B46DDE9000101F0BEFA00283FF460
:10CC700030AF15F8013C302B05F1FF3202D0DDF862
:10CC800020A04AE01546F4E7054BFDF743FFCDE948
:10CC90000001BCE7D0050400A80504000000F03F37
:10CCA0000000244000001C40000014400000E03F51
:10CCB000DDE900675D46DDE9022330463946FEF7CF
:10CCC00053F801F0CFFA8046FDF7BAFEDDE9022302
:10CCD000FDF720FF02460B463046394608F1300684
:10CCE000FDF760FD05F8016BA5EB0B06B1450246AB
:10CCF0000B4639D1FDF758FDDDE9022306460F4604
:10CD000001F090FAC8B9DDE902233046394601F056
:10CD100061FA10B118F0010F0FD10499204600F00C
:10CD2000EDFC0023129A2B700AF101031360219B82
:10CD3000002B00F041821D603EE2CDF820A015F8E6
:10CD4000012C392A05F1FF3308D19B450AD1089BF4
:10CD50000133089330238BF800305B461A78013298
:10CD60001A708CE71D46EAE700229B4BFDF7D2FEC6
:10CD70000022002306460F4601F02CFA00289AD024
:10CD8000CBE70A9A002A00F08B80069A012A6EDC13
:10CD9000139A002A67D003F23343079F059D059A33
:10CDA00001211A4420460592984400F047FD0646AA
:10CDB000002D0CDDB8F1000F09DD4545059A2B4625
:10CDC000A8BF4346D21A0592ED1AA8EB0308079BA9
:10CDD000EBB10A9B002B67D08FB131463A46204613
:10CDE00000F0CCFD049A01460646204600F02FFDD7
:10CDF00004990890204600F081FC089B0493079B4F
:10CE0000DA1B04D00499204600F0B8FD04900121FB
:10CE1000204600F013FD0E9B0746002B00F0D0814A
:10CE20001A460146204600F0A9FD069B012B074645
:10CE300040DC009B002B39D1019BC3F31303002B73
:10CE400036D1019B23F000431B0D1B052BB1059B25
:10CE50000133059308F10108012307930E9B002B72
:10CE60002AD1012030E0149BC3F1360395E7079BDC
:10CE700009F1FF37BB42BFBF079B0797FA1A0E9B0A
:10CE8000BBBF9B180E93DF1B0027B9F1000FB5BF86
:10CE9000059B059DA3EB09054B46B8BF00237EE724
:10CEA000079F059D0A9E83E7079AABE70023D4E717
:10CEB000009BD2E7002307933B6907EB83031869C4
:10CEC00000F06EFCC0F12000404410F01F0047D07D
:10CED000C0F12003042B3BDD059BC0F11C00034483
:10CEE000059305448044059B002B05DD1A460499F3
:10CEF000204600F091FD0490B8F1000F05DD3946A1
:10CF00004246204600F088FD07460F9B53B3394642
:10CF1000049800F0D5FD002824DA00230A220499A1
:10CF2000204600F002FC0A9B04900AF1FF3A002B15
:10CF300000F04D81002331460A22204600F0F5FB27
:10CF4000029B002B06464FDC069B022B4CDD11E0BA
:10CF5000C9D0059A1C331A4405921D449844C2E76F
:10CF60000346F6E7B9F1000F38DC069B022B35DDEE
:10CF7000CDF80890029B63B939460522204600F09F
:10CF8000D4FB01460746049800F09AFD00283FF7BD
:10CF9000CCAD0B9B5D466FEA030A4FF000093946A2
:10CFA000204600F0ABFB002E3FF4B7AEB9F1000F06
:10CFB00005D0B14503D04946204600F09FFB3146DD
:10CFC000204600F09BFBA8E600273E46E1E7DDF89F
:10CFD00020A03E46A9E500BF000024400A9BCDF8F2
:10CFE0000890002B00F0FA80002D05DD31462A461E
:10CFF000204600F011FD0646079B002B4CD07168BF
:10D00000204600F047FB326902320546920006F1E5
:10D010000C010C30FEF7C6F901222946204600F02B
:10D02000FBFC009BCDF814B003F00103B14607935D
:10D03000064639460498FFF7A6FA4946054600F128
:10D040003008049800F03CFD3246009039462046F6
:10D0500000F050FDC368024603BB014608900498E7
:10D0600000F02EFD089A034611462046089300F072
:10D0700045FB089BA3B9069A92B9079A82B9B8F101
:10D08000390F29D0009B002B01DD05F13108059BEC
:10D090005D1C83F8008082E73046C2E70123E3E7A6
:10D0A000009A002A04DB25D1069A1ABB079A0ABB0C
:10D0B000002BECDD01220499204600F0ADFC39463E
:10D0C000049000F0FDFC002803DCE0D118F0010F13
:10D0D000DDD0B8F1390FD8D1059B059A5D1C3923F5
:10D0E000137015F8013C392B05F1FF324FD0013395
:10D0F000137054E7059A002B02F1010506DDB8F123
:10D10000390FE9D008F10108059BC2E7029A05F83A
:10D11000018CA5EB0B03934221D000230A22049932
:10D12000204600F002FBB14504904FF000034FF0A1
:10D130000A024946204605D100F0F7FA8146064624
:10D14000059576E700F0F1FA3146814600230A2280
:10D15000204600F0EAFA0646F2E74FF00009012205
:10D160000499204600F058FC3946049000F0A8FCD1
:10D170000028B6DC02D118F0010FB2D115F8013C3D
:10D18000302B05F1FF327FF40AAF1546F6E79345E1
:10D1900005D131230AF1010A8BF80030FFE615466C
:10D1A0009FE7DFF864B007E0219BDFF860B01BB1B8
:10D1B0000BF10803219A1360584617B0BDE8F08FB1
:10D1C000069B012B7FF735AE0E9B079349E6029B2A
:10D1D000002B03DC069B022B3FF7CCAE5D463946A5
:10D1E0000498FFF7D0F900F1300805F8018B029A96
:10D1F000A5EB0B039A42B0DD00230A2204992046D6
:10D2000000F093FA0490EAE71304040038050400E0
:10D210008A892DE9F041054610070C4658D44B6821
:10D22000002B05DC0B6C002B02DC0020BDE8F0813C
:10D23000E66A002EF9D0002312F480522F68216A8A
:10D240002B6032D0606DA3895A0705D56368C01A78
:10D25000636B0BB1236CC01A00230246E66A216A95
:10D260002846B047431CA38906D129681D2948D800
:10D27000294ACA40D60744D500226260D9042269EF
:10D28000226004D5421C01D12B6803B96065616B33
:10D290002F600029C9D004F14403994202D02846E6
:10D2A000FEF7BAF800206063C0E701232846B047C4
:10D2B000411CC8D12B68002BC5D01D2B01D0162BCB
:10D2C00001D12F60B1E7A38943F04003A381ADE70B
:10D2D0000F69002FA9D093070E6808BF4B690F6034
:10D2E00018BF0023A6EB07088B60B8F1000F9CDD88
:10D2F00043463A46216AA66A2846B047002806DC1B
:10D30000A38943F04003A3814FF0FF308EE7074429
:10D31000A8EB0008E9E700BF0100402038B50B6921
:10D3200005460C46DBB118B183690BB900F060F813
:10D330000C4B9C4209D16C68B4F90C307BB121468E
:10D340002846BDE83840FFF763BF074B9C4201D138
:10D35000AC68F1E7054B9C4208BFEC68ECE70020A5
:10D3600038BD00BF680504008805040048050400B6
:10D37000002310B50446C0E9003383608181436611
:10D38000C281C0E904338361194608225C30FEF78C
:10D390002DF8054B6362054BA362054BE362054B19
:10D3A0002462236310BD00BFC1DF0300E3DF03007D
:10D3B0001BE003003FE00300014900F085B800BF17
:10D3C0001DD3030070B54A1E682555430E4605F16E
:10D3D0007401FEF76FF8044640B10021C0E9001661
:10D3E0000C30A06005F16802FEF700F8204670BD21
:10D3F000836910B5044633BBC0E912330365124B91
:10D40000124A1B688262984204BF0123836100F0C4
:10D410001FF86060204600F01BF8A060204600F076
:10D4200017F80022E06004216068FFF7A1FF0122E5
:10D430000921A068FFF79CFF02221221E068FFF794
:10D4400097FF0123A36110BDE4030400B9D30300D7
:10D45000F8B51B4B1E68B369074613B93046FFF792
:10D46000C7FF4836D6E90134013B03D5336833B1F1
:10D470003668F7E7B4F90C506DB16834F4E704216D
:10D480003846FFF79FFF30600028F1D10C233B6046
:10D4900004462046F8BD0B4B6566C4E90055A560FF
:10D4A000C4E90335C4E905550822294604F15C00A6
:10D4B000FDF79CFFC4E90D55C4E91255E9E700BF2B
:10D4C000E40304000100FFFF2DE9F843804689468C
:10D4D00000F14804002614B93046BDE8F883D4E9C9
:10D4E0000175013F01D52468F5E7AB89012B07D908
:10D4F000B5F90E30013303D029464046C8470643EC
:10D500006835EEE7044B1B68186A044B002808BF17
:10D510001846F030704700BF4C610020B061002019
:10D5200070B50E46B1F90E10002996B014461D468E
:10D5300007DA00232B60B3891A0610D44FF48063F6
:10D540000EE06A4600F0A2FD0028F2DB019A02F428
:10D550007042A2F500535A425A412A60EEE7402336
:10D560000020236016B070BD8B8973B59D070646F9
:10D570000C4607D504F1470323602361012363614F
:10D5800002B070BD01AB6A46FFF7CAFF00990546BD
:10D590003046FDF78FFF48B9B4F90C309A05EFD447
:10D5A00023F0030343F00203A381E3E70D4BB362CF
:10D5B000A389206043F08003A381009B6361019BEA
:10D5C00020615BB1B4F90E10304600F071FD28B156
:10D5D000A38923F0030343F00103A381A3891D431F
:10D5E000A581CDE7B9D303000000000000000000D2
:10D5F00001F0FF01102A2BDB10F0070F08D010F804
:10D60000013B013A8B422DD010F0070F42B3F6D107
:10D61000F0B441EA012141EA014122F007047FF020
:10D6200000070023F0E80256083C85EA010586EA77
:10D63000010685FA47F5A3FA87F586FA47F6A5FAB3
:10D6400087F68EB9EED1F0BC01F0FF0102F00702BF
:10D6500032B110F8013B013A83EA010313B1F8D16A
:10D660000020704701387047002D06BF354603384B
:10D67000073815F0010F07D1013015F4807F02BF84
:10D68000013015F4C03F0130F0BC0138704700BFD5
:10D690007047704770B5456A04460E463DB9102084
:10D6A000F9F7AAFD6062C0E901550560C560656AC9
:10D6B000EB6883B1636ADB6853F82600B8B90121CF
:10D6C00001FA06F56A1D92002046FDF797FE60B14B
:10D6D000C0E901650EE0212204212046FDF78EFEFF
:10D6E000636AE860DB68002BE4D1002070BD02684B
:10D6F00043F826200023C0E90333F7E770B5446AF6
:10D7000006460D463CB91020F9F776FD7062C0E977
:10D7100001440460C4603DB1736A6A68DB6853F811
:10D720002210296043F8225070BD2DE9F0410D69A7
:10D730001F4606460C4601F1140C0023DCF80000DD
:10D7400081B202FB01710F0C000C02FB007089B268
:10D75000013301EB00419D424FEA10474CF8041B96
:10D76000ECDCD7B1A368AB4212DC61683046013112
:10D77000FFF790FF2269023204F10C01804692000B
:10D780000C30FDF70FFE21463046FFF7B7FF444649
:10D7900004EB850301355F6125612046BDE8F0811A
:10D7A000020C12040346B2B90304102013F07F4F99
:10D7B00004BF1B02083013F0704F04BF1B0104307C
:10D7C00013F0404F04BF9B000230002B06DB5B00D0
:10D7D00003D5013070470020E8E720207047036838
:10D7E00013F0070201460BD0DA0723D4980749BF8C
:10D7F0005B089B0801200B605CBF0B600220704738
:10D8000098B2A8B91B0C102013F0FF0F04BF1B0A1D
:10D8100008301A0704BF1B0904309A0704BF9B088D
:10D820000230DA0702D45B0806D001300B60704783
:10D830001046E9E7002070472020704710B50C46DD
:10D840000121FFF727FF01224461026110BD2DE98C
:10D85000F74F14460A6923699A42B8BF0B468846B7
:10D86000BCBFA0461C46D8F81070D4F81090D8F869
:10D870000830D8F8041007EB0906B342B8BF0131ED
:10D88000FFF708FF00F1140505EB860E2B4600227A
:10D89000734516D304F1140208F1140102EB890355
:10D8A00001EB87070093009B019293420CD8002E56
:10D8B00003DD5EF8043D002B5DD0066103B0BDE8DA
:10D8C000F08F43F8042BE3E7B2F800B0BBF1000F90
:10D8D00023D08946AC464FF0000859F8044BDCF8D9
:10D8E00000A0A3B21FFA8AFA0BFB03A34FEA144A63
:10D8F000DCF8004043444FEA14480BFB0A8404EB75
:10D900001344E2469BB243EA04434F454FEA1448AE
:10D910004AF8043B2BD8CCF80480019BB3F802A052
:10D920000432BAF1000F20D02B688946A8464FF088
:10D93000000BB9F800C0B8F802400AFB0C445C4484
:10D94000C4469BB243EA04434CF8043B59F8043BF9
:10D95000B8F804B01B0C0AFB03B303EB14434F45A8
:10D960004FEA134B05D8C8F8043004359BE7D4467A
:10D97000B3E7E046DDE7013E99E700002DE9F84313
:10D98000154612F0030206460F4607D0013A214C15
:10D99000002354F82220FFF7C8FE0746AD1035D00B
:10D9A000746A3CB91020F9F727FC7062C0E90144A1
:10D9B0000460C460D6F82480D8F808404CB940F21E
:10D9C00071213046FFF73AFF0023C8F808000446EB
:10D9D00003604FF00008EB070AD53946224630466F
:10D9E000FFF735FF394681463046FFF787FE4F4641
:10D9F0006D100BD0206838B9224621463046FFF71B
:10DA000026FF2060C0F800800446E4E73846BDE801
:10DA1000F88300BF980604002DE9F0470C464FEA52
:10DA2000621A236949680AEB0309A3680746164688
:10DA300009F10105AB4232DB3846FFF72BFE00232C
:10DA4000804600F114011A4653452BDB20692AEA6F
:10DA5000EA7A04F1140316F01F0201EB8A0103EBCA
:10DA6000800C25D0C2F1200E00201E688A46964008
:10DA700030434AF8040B53F8040B9C4520FA0EF08F
:10DA800014D8486008B109F10205013D3846C8F8CC
:10DA900010502146FFF732FE4046BDE8F0870131C5
:10DAA0005B00C7E741F823200133CDE75146DCE7AF
:10DAB000043953F8042B41F8042F9C45F9D8E4E7C6
:10DAC00003690A699B1A30B50CD1920014301431E5
:10DAD0008418114454F8045D51F8042D954203D084
:10DAE00005D30123184630BDA042F3D3FAE74FF027
:10DAF000FF33F7E72DE9F0470D4607461146284664
:10DB00001446FFF7DDFF061E08D131463846FFF701
:10DB1000C1FD0123C0E90436BDE8F087A4BF234658
:10DB20002C4638466168A6BF1D4600260126FFF731
:10DB3000B1FD2B69C660266905F1140904F11402D0
:10DB400002EB860709EB830800F114054FF0000E85
:10DB500052F804AB59F8044B1EFA8AF1A3B2C91A61
:10DB6000230CC3EB1A4303EB214389B24FEA234E44
:10DB7000C84541EA0343944645F8043BE8D8BC4510
:10DB800004D355F8043D83B10661C5E75CF8041B76
:10DB90001EFA81F31A1402EB11429BB243EA0243CC
:10DBA0004FEA224E45F8043BE9E7013EE9E72DE95B
:10DBB000F7430E46012159EC108B1546FFF76AFD1D
:10DBC000C9F30A540746C9F3130334BB0193B8F1F0
:10DBD000000327D002A840F8083DFFF700FE009997
:10DBE000F0B1019AC0F1200302FA03F30B43C240E3
:10DBF0007B610192019BBB61002B14BF02210121BB
:10DC00003961C4B1A4F2334404443460C0F1350036
:10DC10002860384603B0BDE8F08343F48013D5E7AD
:10DC20007961E7E701A8FFF7DAFD019B7B6101213C
:10DC300039612030E5E707EB8103A0F23240306024
:10DC40001869FFF7ADFDC0EB4110E1E7F8B50746F5
:10DC500014460E4621B91146BDE8F840FDF72ABC2E
:10DC600022B9FDF7D9FB25462846F8BD00F042FA57
:10DC7000A0420FD221463846FDF71CFC054600287D
:10DC8000F2D031462246FDF78DFB31463846FDF78E
:10DC9000C3FBE9E73546E7E72DE9F0478E689E428A
:10DCA00082460C469046994637D88A8912F4906F7E
:10DCB00031D0256809696F1A6569022305EB4505AE
:10DCC00095FBF3F509F101033B449D4238BF1D4626
:10DCD000530530D52946FDF7EDFB064650B90C2318
:10DCE000CAF80030A38943F04003A3814FF0FF300E
:10DCF000BDE8F0873A462169FDF754FBA38923F478
:10DD0000906343F08003A381266165613E44ED1B6F
:10DD10002660A5604E464E4500D94E4632464146E5
:10DD20002068FDF74AFBA3689B1BA36023681E4481
:10DD300026600020DCE72A46FFF788FF0646002819
:10DD4000E2D121695046FDF767FBC8E72DE9F04FA6
:10DD50009DB0804603938B891D060C4616460FD551
:10DD60000B696BB94021FDF7A5FB2060206128B944
:10DD70000C23C8F800304FF0FF30C7E04023636148
:10DD80000023099320238DF8293030238DF82A3081
:10DD90004FF0010B37463D4615F8013B0BB1252BE3
:10DDA0003ED1B7EB060A0BD05346324621464046D9
:10DDB000FFF772FF013000F0A480099B53440993E0
:10DDC0003B78002B00F09D8000234FF0FF32CDE91F
:10DDD0000523049307938DF853301A932F46052299
:10DDE00017F8011B4F48FFF703FC049BD0B9D90675
:10DDF00044BF20228DF853201A0744BF2B228DF8F0
:10DE000053202A782A2A15D0079A2F4600200A255F
:10DE1000394611F8013B303B092B4DD9B8B10FE021
:10DE20002F46B8E73F4A801A0BFA00F018430490D7
:10DE30003D46D3E7039A111D12680391002A01DBC6
:10DE4000079204E0524243F00203079204933B78A6
:10DE50002E2B0CD17B782A2B33D1039B1A1D1B68E8
:10DE60000392002BB8BF4FF0FF33023705932E4DBE
:10DE7000397803222846FFF7BBFB38B14023401B0B
:10DE800003FA00F0049B03430137049339782748D1
:10DE90008DF8281006227E1CFFF7AAFB002838D038
:10DEA000234B13BB039B073323F007030833039370
:10DEB000099B4B4409936DE705FB023201200F4695
:10DEC000A6E700230137059319460A25384610F8BE
:10DED000012B303A092A03D9002BC8D00591C6E797
:10DEE00005FB012101230746F0E703AB009322461F
:10DEF000104B04A94046FDF709FDB0F1FF3F8146F4
:10DF0000D6D1A3895B063FF536AF09981DB0BDE8B1
:10DF1000F08F03AB00932246064B04A94046FDF761
:10DF2000ABFFEAE7F2030400F8030400FC0304007B
:10DF30000DB9030099DC03001F2938B504460D46CE
:10DF400004D9162303604FF0FF3038BD426C12B184
:10DF500052F821304BB9204600F030F82A460146ED
:10DF60002046BDE8384000F017B8012B0AD0591CF4
:10DF700003D1162303600120E7E7002442F825407F
:10DF8000284698470020E0E7024B01461868FFF753
:10DF9000D3BF00BF4C61002038B5074C00230546B5
:10DFA00008461146236000F0A5F9431C02D12368FE
:10DFB00003B12B6038BD00BF1CBE002000F08AB941
:10DFC00010B50C46B1F90E1000F09CF80028ABBF5C
:10DFD000636DA3891B1823F48053ACBF6365A381D1
:10DFE00010BD2DE9F0411F468B89DB0505460C4627
:10DFF000164605D502230022B1F90E1000F068F88C
:10E00000A389B4F90E1023F48053A38132463B4612
:10E010002846BDE8F04100F017B810B50C46B1F93C
:10E020000E1000F055F8431CA38915BF606523F45A
:10E03000805343F48053A38118BFA38110BDB1F96D
:10E040000E1000F013B8000038B5074C054608461E
:10E050001146002222601A46FBF732FC431C02D113
:10E06000236803B12B6038BD1CBE002038B5064CB8
:10E07000002305460846236000F01CF9431C02D12A
:10E08000236803B12B6038BD1CBE002038B5074C97
:10E090000023054608461146236000F013F9431C8F
:10E0A00002D1236803B12B6038BD00BF1CBE002025
:10E0B00038B5064C002305460846236000F012F9E7
:10E0C000431C02D1236803B12B6038BD1CBE002065
:10E0D00038B5074C054608461146002222601A460C
:10E0E00000F010F9431C02D1236803B12B6038BD46
:10E0F0001CBE002051F8043C181F002BBCBF0B585D
:10E10000C018704738B5074C05460846114600222E
:10E1100022601A4600F0FEF8431C02D1236803B1C6
:10E120002B6038BD1CBE00204FF0FF3C06E000BF56
:10E130004FF0010C02E000BF4FF0010C4DF804CD90
:10E140004FEA410C7FEA6C5C4FEA430C18BF7FEA50
:10E150006C5C1BD001B050EA410C0CBF52EA430C7E
:10E1600091EA030F02BF90EA020F0020704710F1FE
:10E17000000F91EA030F58BF994208BF90422CBF8D
:10E18000D8176FEAE37040F0010070474FEA410C86
:10E190007FEA6C5C02D150EA013C07D14FEA430CA4
:10E1A0007FEA6C5CD6D152EA033CD3D05DF8040B15
:10E1B000704700BF8446104662468C461946634647
:10E1C00000E000BF01B5FFF7B7FF002848BF10F11E
:10E1D000000F01BD4DF808EDFFF7F4FF0CBF012063
:10E1E00000205DF808FB00BF4DF808EDFFF7EAFFDF
:10E1F00034BF012000205DF808FB00BF4DF808ED9A
:10E20000FFF7E0FF94BF012000205DF808FB00BF8E
:10E210004DF808EDFFF7CEFF94BF012000205DF818
:10E2200008FB00BF4DF808EDFFF7C4FF34BF012025
:10E2300000205DF808FB00BF4FEA410C7FEA6C5CF0
:10E2400002D150EA013C0AD14FEA430C7FEA6C5CF0
:10E2500002D152EA033C02D14FF0000070474FF068
:10E26000010070474FEA410212F5001215D211D594
:10E270006FF47873B3EB625212D94FEAC12343F0C3
:10E28000004343EA505311F0004F23FA02F018BF45
:10E29000404270474FF00000704750EA013005D10E
:10E2A00011F0004008BF6FF0004070474FF00000D1
:10E2B000704700BF024B58221A604FF0FF30704782
:10E2C0001CBE0020024B58221A604FF0FF307047EE
:10E2D0001CBE0020024B58221A604FF0FF307047DE
:10E2E0001CBE0020024B58221A600020704700BF5D
:10E2F0001CBE0020024B58221A604FF0FF307047BE
:10E300001CBE0020024B58221A604FF0FF307047AD
:10E310001CBE0020024B58221A604FF0FF3070479D
:10E320001CBE0020044A05491368002B08BF0B4699
:10E330001844106018467047F8BD002020BE002029
:10E34000FEE700BFF8B500BFF8BC08BC9E467047AA
:10E35000F8B500BFF8BC08BC9E46704754696E799A
:10E360005553422053657269616C00000000000043
:10E370000000000031650200896302007963020039
:10E380006D630200F16202003D630200116302004E
:10E39000D1630200F0FFFFFF0000000029650200CA
:10E3A00012010002000000409A23B30000010102A4
:10E3B0000301000009020900000100A03200000072
:10E3C00030313233343536373839414243444546AB
:10E3D0004E6F6C6F676F000050726F4D6963726FA4
:10E3E000204E5246353238343000000041646166B8
:10E3F00072756974000000004D6173732053746F6F
:10E400007261676500000000312E30007573626430
:10E4100000000000050F3900021810050038B6088A
:10E4200034A909A0478BFDA0768815B665000101C7
:10E43000011C100500DF60DDD88945C74C9CD26502
:10E440009D9E648A9F00000306B200020001030043
:10E450000000000019700200A9700200D5700200CF
:10E460001D71020029720200FD720200000000000E
:10E4700000000000757D020000000000857D0200A4
:10E48000957D02002D7E02007D7F020000000000CD
:10E4900000000000B5740200CD740200D1740200C7
:10E4A000E9740200B1750200D97702000000000093
:10E4B00000000000758C0200998C02009D8C020007
:10E4C000C18C0200E98D0200699502000000000085
:10E4D00000000000997802000979020035790200F5
:10E4E0005D790200917A0200957A02000000000036
:10E4F000000000004D860200A5860200C1860200D1
:10E50000E58602003D6D02001D880200000000004B
:10E510005F757362645F7164656600005D20000072
:10E5200010E7030018E7030020E7030028E70300D3
:10E5300034E703003CE7030048E7030058E7030023
:10E5400064E7030041542B434D49434741494E3D45
:10E550002575000041542B43434C4B3F0000000005
:10E560002B434D4752443A002B434D47523A00004B
:10E570006E6F202B434D47522068656164657220A1
:10E58000696E207265706C7900000000756E6578A8
:10E59000706563746564202B434D4752207061722F
:10E5A000616D657465727320282564290000000080
:10E5B00041542B43535100002B4353513A00000068
:10E5C0006E6F20273E272070726F6D707400000000
:10E5D00041542B434C49503D3100000041542B43E2
:10E5E0004C564C3D2575000041542B435344564333
:10E5F0003D25750041544425733B000069676E6FEB
:10E600007265643A202573004154453000000000D3
:10E61000415400004154410041542B43485550009F
:10E620006E6F74696669636174696F6E2071756578
:10E6300075652066756C6C2C2064726F7070696EE5
:10E64000673A2025730000004552524F52000000E7
:10E650002B434D45204552524F5200002B434D5302
:10E66000204552524F5200002573202D3E20257325
:10E670000000000025732074696D6564206F757457
:10E68000000000002B00000041542B434D47533D38
:10E69000222573220000000073656E6420666169A4
:10E6A0006C65643A2025730073656E642074696D2F
:10E6B0006564206F757400005258202573000000B7
:10E6C0006F76657273697A6564206C696E65206423
:10E6D00069736361726465640000000041542B43F8
:10E6E000504D533F0000000041542B434D47463DE1
:10E6F0003100000041542B434D47443D2575000037
:10E7000054582025730000006D6F64656D00000093
:10E7100052494E47000000002B434C49503A00003C
:10E720002B434D54493A00004E4F20434152524929
:10E73000455200002B43454E443A0000564F494392
:10E74000452043414C4C3A004D49535345445F43A7
:10E75000414C4C3A000000004E4F20414E5357456B
:10E76000520000004255535900000000756E706160
:10E7700072736561626C653A2025730074696D651A
:10E78000000000006F7574206F662072616E67650F
:10E790003A20257300000000253032753A253032CA
:10E7A000750000000000000000000000314303007D
:10E7B000195E0300996A02009DDD0200B5DD0200CA
:10E7C000F1330300F5330300813703000534030000
:10E7D000193403004D360300F133030031340300D4
:10E7E0002D340300B1390300D5380300FD34030094
:10E7F000A1DD0200553403007D35030063616C6CBC
:10E80000206661696C656400082008006E616D65B2
:10E810002F6E756D626572202055502F444E20205A
:10E82000454E542063616C6C20204553430000002A
:10E830006E616D652F6E756D626572202055502F6B
:10E84000444E2020454E54202045534300000000F4
:10E8500043616C6C3A200000546F3A2000000000C5
:10E860005F00000074797065206D73672020454E4D
:10E87000542073656E64202045534300202000001F
:10E8800041542B434D47523D2564000041542B53C6
:10E89000494D544F4E453D300000000041542B433C
:10E8A00050544F4E453D3000696E626F7800000055
:10E8B000636F6D706F7365007374617475730000BE
:10E8C00063616C6C000000006469616C0000000012
:10E8D0002A0000002F00000041542B53494D544F93
:10E8E0004E453D312C3835302C3330302C323030E1
:10E8F0002C3138303000000041542B4350544F4EDF
:10E90000453D38006E6F206C6F63616C2072696EDC
:10E910006720746F6E6520737570706F727400007D
:10E92000747A206F6666736574206E6F7720256435
:10E93000206D696E000000006576656E7400000051
:10E940004E6577206D657373616765202D2D206995
:10E950006E626F78206F6E20455343004E657720BE
:10E960006D6573736167652066726F6D20000000CE
:10E97000564F4943452043414C4C3A204245474974
:10E980004E0000002B43454E44000000564F4943C3
:10E99000452043414C4C3A20454E440063616C6C29
:10E9A00020656E64656400004D697373656420635F
:10E9B000616C6C3A200000006F6B000064656C6550
:10E9C000746520736C6F742025643A2025730000F1
:10E9D0002B3100006B62204F4B0000006B62203F28
:10E9E0003F00000020206D6F64656D204F4B0000DC
:10E9F00020206D6F64656D203F3F0000707265736D
:10EA000073206B65797320746F2074657374202094
:10EA1000455343206261636B000000006469792DF7
:10EA200070686F6E65200000736967200000000049
:10EA30002020736D7320000041542B434F50533FEF
:10EA40000000000072616D20000000006B000000FB
:10EA50006D69737365643A00206E6F6E6500000027
:10EA60006B65793A200000004641494C454400005E
:10EA70006465627567206F6E0000000064656275F2
:10EA800067206F66660000004154490041542B43E3
:10EA900050494E3F0000000041542B435245473F30
:10EAA00000000000646562756700000072616D001F
:10EAB000206279746573206672656500636F6D6DA1
:10EAC000616E64733A000000202041542E2E2E20E7
:10EAD000202073656E6420616E7920415420636F3D
:10EAE0006D6D616E6420746F20746865206D6F6455
:10EAF000656D2C207072696E742074686520726573
:10EB0000706C7900202073746174757320206D6FB0
:10EB100064656D206865616C746820636865636B0B
:10EB20000000000020206465627567202020746F5B
:10EB300067676C65207261772041542054582F52CA
:10EB4000582074726163696E670000002020726152
:10EB50006D202020202073686F7720667265652005
:10EB600052414D00202068656C7020202020746880
:10EB70006973206C69737400656D696C6965000068
:10EB80006C697A00646F6E005B6F6B5D2000000043
:10EB90005B2D2D5D20000000454E5420616E737783
:10EBA000657220204553432072656A6563740000D6
:10EBB00055502F444E20766F6C20204C2F52206DE4
:10EBC000696320204553432068616E67207570009B
:10EBD000696E2063616C6C00696E636F6D696E674E
:10EBE0002063616C6C00000063616C6C696E672E61
:10EBF0002E2E0000766F6C200000000020206D6932
:10EC000063200000302D3920747970652020454E36
:10EC1000542063616C6C20204553432063616E6314
:10EC2000656C000055502F444E204420523A7265C6
:10EC3000706C7920503A63616C6C2045534300003E
:10EC40003C756E6B6E6F776E3E0000007C000000BE
:10EC50002D2D3A2D2D000000696E626F7820656DB4
:10EC6000707479006D6F64656D206F66666C696E97
:10EC7000650000004D3A6D736720433A63616C6C28
:10EC800020454E5420442052205020302D3920540D
:10EC900041420000433A20636F6D706F736500005E
:10ECA0002E2E2E00206E65776572000073656E74DF
:10ECB0000000000053454E44204641494C45442045
:10ECC0002D2D204320726573756D65730000000063
:10ECD000647261667420726573756D65640000000E
:10ECE00073656E64696E672E2E2E00006472616615
:10ECF00074207361766564202D2D20432072657326
:10ED0000756D65730000000063616C6C2072656A4C
:10ED10006563746564000000270000002720202838
:10ED20003078000029000000636F646520307800AF
:10ED300073656E6420746F2025733A20257300007C
:10ED400041542B434D474C3D22414C4C2200000086
:10ED500041542B434D474C206661696C656400004B
:10ED6000736D73002B434D474C3A0000554E52458E
:10ED7000414400002564206D6573736167652873E5
:10ED8000292C20256420756E7265616400000000E6
:10ED9000A8F00300B0ED030020007E001200000088
:10EDA000ECF60300F4F3030020007E0012000000E4
:10EDB000000000000B0001000000020B0B04F60035
:10EDC000030006050B02F6000700070C0B02F60015
:10EDD0001200080C0B01F6001E00070B0B02F600D8
:10EDE0002800070A0B02F700310003050B04F600A8
:10EDF0003300020D0B05F6003700020D0B04F60080
:10EE00003B0007070B02F600420007070B02F80061
:10EE1000490003050B02FF004B0009010B01FB0039
:10EE20004D0002020B04FF004E00070D0B02F5001F
:10EE30005A00070B0B02F6006400050B0B03F600EB
:10EE40006B00070B0B02F6007500080B0B01F600B8
:10EE50008000060B0B03F6008900070B0B02F6007F
:10EE60009300070B0B02F6009D00070B0B02F60048
:10EE7000A700070B0B02F600B100070B0B02F60010
:10EE8000BB0002080B04F900BD00030B0B03F900E3
:10EE9000C20008080B01F800CA0009040B01FA00BF
:10EEA000CF0009080B01F800D800070A0B02F70091
:10EEB000E100080C0B02F600ED000B0A0B00F70056
:10EEC000FB00090A0B01F7000701090A0B01F70013
:10EED0001301090A0B01F7001F01090A0B01F700D2
:10EEE0002B01090A0B01F70037010A0A0B01F70091
:10EEF0004401090A0B01F7005001050A0B03F70052
:10EF00005701080A0B02F7006101090A0B01F7001B
:10EF10006D01080A0B02F70077010B0A0B00F700DE
:10EF20008501090A0B01F7009101090A0B01F7009D
:10EF30009D01080A0B01F700A701090D0B01F7005D
:10EF4000B601090A0B01F700C201070A0B02F7001C
:10EF5000CB01090A0B01F700D701090A0B01F700E1
:10EF6000E3010B0A0B00F700F1010B0A0B00F7009D
:10EF7000FF01090A0B01F7000B02090A0B01F70058
:10EF80001702070A0B02F7002002020D0B05F6001C
:10EF90002402070D0B02F5003002020D0B04F600EF
:10EFA000340207050B02F60039020B010B000200C8
:10EFB0003B0203030B03F5003D0209080B01F900B6
:10EFC0004602090B0B01F600530207080B02F90079
:10EFD0005A02090B0B01F600670208080B01F90041
:10EFE0006F02060B0B03F6007802090B0B01F90008
:10EFF0008502090B0B01F6009202070A0B02F700CB
:10F000009B02050D0B03F700A402080B0B02F60090
:10F01000AF02070B0B02F600B90209080B01F90059
:10F02000C20209080B01F900CB0209080B01F90023
:10F03000D402090B0B01F900E102090B0B01F900E5
:10F04000EE0207080B03F900F50207080B02F900AE
:10F05000FC02080A0B02F700060308080B01F9007E
:10F060000E0309080B01F900170309080B01F90049
:10F07000200309080B01F9002903090B0B01F90012
:10F08000360307080B02F9003D03030D0B04F600DD
:10F090004203010D0B05F6004403030D0B04F600BB
:10F0A000490307030B02FA00AAA80CED2492482496
:10F0B00048912FE4897F28512240083E6240300E5B
:10F0C0000181C3BE08087112238023B80E22447048
:10F0D000388102061A6546C8ECE9245AAAA940A953
:10F0E000555A8010224BE3051100102047F102040D
:10F0F000006B48FF00F00208106081040820410204
:10F100000800388A0C183060C18288E02728421035
:10F1100084213E388A08102082086103F87C0602A8
:10F12000021C06010101423C18A2928A28BF082154
:10F13000C07C8103E44040810388E01E41040B98B9
:10F14000B0C1C288E0FE0408204082040820403894
:10F150008A0C14471141838CE0388A1C1868CE81D0
:10F160000413C0F00F6C00D2D200030418606018C2
:10F170000403FF80001FF040180300602060C0807F
:10F180003D840830C2000000303C46828EB2A2A20C
:10F190009F8080403C3C014028090110420FC1047F
:10F1A000409E3CFE21904867E209028141FF803E7B
:10F1B000B0F0300804020080608F80FE2190681457
:10F1C0000A050283437F00FF20900887C221008147
:10F1D00040FFC0FFA0500887C22100804078001E79
:10F1E000986C0A008020F80B026087C0E3A090486A
:10F1F00027F20904824171C0F90842108427C01F18
:10F2000002020202028282C678E3A111090583216B
:10F2100008844170C0E04040404040414141FFE02F
:10F22000EC194528A4A494911202405C1CC3B0942C
:10F230004A249249148A4370801E319050180C065B
:10F240000282630F00FE434141427C404040F01C7B
:10F25000319050180C060282631F04079230FE2181
:10F2600090482423E110844170C03ACD0A03018004
:10F27000C1C778FFC462210080402010081F00E34E
:10F28000A090482412090482220E00F1E810821096
:10F290004210220480500C0080F1E809112544A896
:10F2A000550CA18C318430E3A088828080C09044CA
:10F2B0004171C0E3A088828140402010081F00FDFA
:10F2C0000A208104102183FCEAAAAAC080810302DB
:10F2D0000404080810102020D55555C010512228CC
:10F2E00020FFE088807E008047EC140A0CFBC020E1
:10F2F000100BC61205028140B0B7803A8E0C081080
:10F30000109E03008047A4340A050281218F603CCF
:10F310004381FF8080613E3D043E410410410F80E7
:10F320003DA1A0502814090C7A01018780C020104B
:10F330000BC6320904824120B8E01001C0810204EA
:10F340000811FC103E10842108423F00C040404F8D
:10F35000445870484442C77020408102040810237A
:10F36000F8B7646231188C4623915E3190482412BC
:10F370000905C73E31A030180C058C7CDE30902882
:10F38000140A0584BC402038003DA1A0502814096F
:10F390000C7A010080E0CEA1820408107C3A8D0B2B
:10F3A00080F070DE4040FC4040404040413EC34160
:10F3B00041414141433DE3A090844220A05010E3ED
:10F3C000C0924B2592A99844E331050101411105F2
:10F3D000C7E3A090844240A0601010083E00FD08E2
:10F3E00020820810BF2924A24926FFF889248A49CF
:10F3F0002C612430000000000B0001000000030B12
:10F400000B04F600050007050B02F6000A00080CC5
:10F410000B01F6001600070E0B02F5002300070B88
:10F420000B02F6002D00080A0B01F7003700030558
:10F430000B04F6003900040E0B05F6004000040E24
:10F440000B02F600470008070B02F6004E00080901
:10F450000B02F800570003050B03FF0059000902D7
:10F460000B01FB005C0002020B04FF005D00070FB4
:10F470000B02F4006B00070C0B02F5007600070B83
:10F480000B02F6008000080C0B01F5008C00080C44
:10F490000B02F5009800070A0B02F700A100090B08
:10F4A0000B01F600AE00080C0B02F500BA00080BC9
:10F4B0000B01F600C500070C0B02F500D000080C8C
:10F4C0000B02F500DC0002080B04F900DE00030B60
:10F4D0000B03F900E30009080B01F800EC00090632
:10F4E0000B01F900F30009080B01F800FC00080B00
:10F4F0000B02F6000701090F0B01F50018010B0BB9
:10F500000B00F60028010A0B0B01F6003601090B6F
:10F510000B01F60043010A0B0B00F6005101090B29
:10F520000B01F6005E01090B0B01F6006B010A0BE3
:10F530000B01F6007901090B0B01F6008601060BA1
:10F540000B03F6008F010A0B0B01F6009D010A0B5D
:10F550000B01F600AB01090B0B01F600B8010B0B18
:10F560000B00F600C8010B0B0B00F600D8010B0BCB
:10F570000B00F600E801090B0B01F600F5010B0E7C
:10F580000B00F6000902090B0B01F6001602090B2D
:10F590000B01F6002302090B0B01F60030020B0BE6
:10F5A0000B00F60040020B0B0B00F60050020A0B9A
:10F5B0000B00F6005E020A0B0B00F6006C020A0B51
:10F5C0000B00F6007A02080B0B02F6008502040E0F
:10F5D0000B05F6008C02070F0B02F4009A02040ED2
:10F5E0000B02F600A10207060B02F500A7020B02B0
:10F5F0000B000300AA0203030B03F500AC02090889
:10F600000B01F900B5020A0B0B00F600C302090852
:10F610000B01F900CC020A0B0B01F600DA02090813
:10F620000B01F900E302080B0B02F600EE02090CD5
:10F630000B01F900FC02090B0B01F6000903080B92
:10F640000B02F6001403060F0B02F6002003090B51
:10F650000B01F6002D03080B0B02F60038030B0814
:10F660000B00F900430309080B01F9004C030908DA
:10F670000B01F90055030B0C0B00F90066030B0C92
:10F680000B00F900770309080B01F9008003080853
:10F690000B02F9008803080B0B01F600930309081D
:10F6A0000B01F9009C030B080B00F900A7030B08E2
:10F6B0000B00F900B20309080B01F900BB030A0CA7
:10F6C0000B00F900CA0307080B02F900D103040E6E
:10F6D0000B03F600D803020E0B05F600DC03040E44
:10F6E0000B04F600E30309040B01FA00FFFFD21F2D
:10F6F00080EC891224403636367F7F36FFFF3C3C53
:10F700003C0018FFFE3C1F1F83468DF0C183006143
:10F71000224486673711224C703C7E6060307BDF6C
:10F72000CEFF7FC9243766CCCCCC6631CE6633336E
:10F730003366C81818FFFF3C3C66181818FFFF18FE
:10F740001818186B48FFFFC0F0020C1860C3060CB5
:10F750003061830C18200038FBBE3C78F1E3C7DD34
:10F76000F1C038F360C183060C18FDF83CFEC703F6
:10F7700003060C1870E3FFFF7CFE0303031E1E0745
:10F780000303FE7C1C38B164D9BFFF3E7C7E3F186A
:10F790000FC7F31C0603C3FF9F800F3F306060DC80
:10F7A000FEE3C3637E3CFFFFC3030606060C0C0C9E
:10F7B0001838FB1E3C6F9F63C78FF1C03C7EE6C3C9
:10F7C000C3E77F3B060EFCF0F00F6C001AD200017D
:10F7D00083870E0F80E01C03FFFFC0000FFFFCC0FB
:10F7E000780F01E0F9E3C1807CFEC7030E1C000026
:10F7F0000030301E1F1CDC6C767B6DB6DB6FF3FCBB
:10F800000633F8783C07C0380581B0360FE1FC714B
:10F81000DF7FEF80FF3FE619867F1FE61D8360FFD5
:10F82000FFF01FBFD8F83C0603018061BFC7C0FED0
:10F830003FE6198360D8360D8361BFEFE0FFFFD844
:10F840006DB7C3E1B0C361FFFFE0FFFFD86DB7C381
:10F85000E1B0C0607C3E001F9FE61B06C0300C7FFD
:10F860001FE19FE3F0F7FBD8CC6633F9FCC6637B5E
:10F87000FDE0FFF30C30C30C33FFC01FC7F0300CAA
:10F880000300CC330CC73F87C0F7BDE661B0781FDB
:10F8900006E198633CFF3CFC7E0C06030180C663D6
:10F8A00031FFFFE0E0FE3DC73DE7BCD79BB376608C
:10F8B000DE3FC780E1FE3DE33C66CCDD99B31E63CD
:10F8C000DE3BC3001F07F1C7707C0780F01F077184
:10F8D000C7F07C00FE7F986C361BF9F8C0607C3E58
:10F8E000001F07F1C7707C0780F01F0771C7F07C0D
:10F8F0000C33FE7F80FC7F18CC6673F1F0CC637D07
:10F90000FE603FBFF0780F03F83F83C3FFBF80FF67
:10F91000FFF67B3D98C06030183F1F80F1FE3D83AD
:10F9200030660CC198330660C7F07C00FBFF7DC3D6
:10F9300018C3183606C0500E01C01000FBFEF60DAD
:10F94000936EDBB7ADEE7B8EE318F3FCF738FC1E4D
:10F950000301E0CC73BCFF3CF3FCF738CC1E0780FE
:10F96000C0300C0FC3F0FEFEC6CC18183063C3FFC6
:10F97000FFFFCCCCCCCCCCFF010306060C0C181836
:10F9800030306060C080FF3333333333FF1071E3B6
:10F990006C7040FFFFFC88807E3F8FCFEE361BFEF1
:10F9A000FFE0380601BC7F9C760D8371FFEEF03FCF
:10F9B000BFF8783C0705FE7E0380E018F67FB8ECC0
:10F9C0001B06E39FF3FC3E3FB0FFFFFE01FE7E1FE0
:10F9D0003F307E7E30303030FEFE3FBFF9D86C378E
:10F9E00039FC7603018FC7C0E070180DC7F3998CFE
:10F9F000C6637BFDE0181800787818181818FFFF08
:10FA000018603FFC30C30C30C30FFF80E070180D4E
:10FA1000E6F3E1E0F86E73F9E07878181818181832
:10FA20001818FFFFFD9FF99B33666CCDBDFFBFEE3D
:10FA30007F98CC66331BDFEF3E3FB8F83C1F1DFCC0
:10FA40007CEF1FF9C3B03606E1DFF378600C03E00A
:10FA50007C001EEFFF87606C0DC39FF0F600C0189E
:10FA60000F81F077BFCF06030183F9FC3FFFC3FC92
:10FA70003FC3FFFC606060FEFE606060617F3EE748
:10FA80007398CC663319FE7FFBFF7CC618C1B03675
:10FA9000038070F1FE3DBB3763F8770EE18CF7FB16
:10FAA000CD8383C3BBDFEFF3FCF618CC330781E0D3
:10FAB000300C060FC3F0FFFF30C30C7FFF376666C4
:10FAC000CC666673FFFFFFF0CE6666336666EC7049
:10FAD0007CF3C0C0763534650000000078EB03008D
:10FAE000A4FB030080EB0300B4FB030084EB0300E2
:10FAF000C4FB03006D6F64656D206F6E6C696E658D
:10FB0000000000006469792D70686F6E6500000068
:10FB10006B6579626F617264000000006B657962E9
:10FB20006F617264206F6B00626F6F740000000081
:10FB300077616974696E672E2E2E0000524541442C
:10FB40005900000053494D206361726400000000B9
:10FB50002C3100002C35000020756E726561642028
:10FB60006D657373616765005344412D3E382053C2
:10FB7000434C2D3E373F000054582D3E3420525800
:10FB80002D3E333F20706F7765723F006E6574774E
:10FB90006F726B00736561726368696E672E2E2EDB
:10FBA000000000002B3136343633323738323230F1
:10FBB000000000002B3136313734323939313434DA
:10FBC000000000002B3136353132353234373635CE
:10FBD000000000000000000000000000692D03008C
:10FBE000912D0300996A02004D2D0300512D030051
:10FBF000592D0300612D0300705F73706920213D52
:10FC0000204E554C4C0000002F686F6D652F6477B7
:10FC1000626C6169722F2E706C6174666F726D69AF
:10FC20006F2F7061636B616765732F6672616D65BD
:10FC3000776F726B2D61726475696E6F6164616656
:10FC4000727569746E726635322F6C696272617298
:10FC50006965732F5350492F5350492E63707000BC
:10FC6000535049436C6173733A3A535049436C6142
:10FC70007373284E52465F5350494D5F54797065F7
:10FC80002A2C2075696E74385F742C2075696E7427
:10FC9000385F742C2075696E74385F742900000019
:10FCA00000000000003E5B4F5B3E3E6B4F6B3E1C16
:10FCB0003E7C3E1C183C7E3C181C577D571C1C5E2D
:10FCC0007F5E1C00183C1800FFE7C3E7FF00182404
:10FCD0001800FFE7DBE7FF30483A060E26297929AE
:10FCE00026407F050507407F05253F5A3CE73C5AE3
:10FCF0007F3E1C1C08081C1C3E7F14227F22145FC0
:10FD00005F005F5F06097F017F006689956A60601A
:10FD100060606094A2FFA29408047E040810207E14
:10FD2000201008082A1C08081C2A08081E10101099
:10FD3000100C1E0C1E0C30383E3830060E3E0E06DF
:10FD4000000000000000005F000000070007001432
:10FD50007F147F14242A7F2A1223130864623649F1
:10FD60005620500008070300001C224100004122D9
:10FD70001C002A1C7F1C2A08083E080800807030DE
:10FD8000000808080808000060600020100804024D
:10FD90003E5149453E00427F400072494949462153
:10FDA00041494D331814127F1027454545393C4AC7
:10FDB00049493141211109073649494936464949DE
:10FDC000291E000014000000403400000008142226
:10FDD0004114141414140041221408020159090694
:10FDE0003E415D594E7C1211127C7F494949363E95
:10FDF000414141227F4141413E7F494949417F097B
:10FE00000909013E414151737F0808087F00417F85
:10FE100041002040413F017F081422417F40404083
:10FE2000407F021C027F7F0408107F3E4141413E1B
:10FE30007F090909063E4151215E7F09192946269D
:10FE40004949493203017F01033F4040403F1F20A1
:10FE500040201F3F4038403F631408146303047878
:10FE600004036159494D43007F4141410204081098
:10FE700020004141417F04020102044040404040D3
:10FE8000000307080020545478407F284444383841
:10FE900044444428384444287F38545454180008B3
:10FEA0007E090218A4A49C787F0804047800447D8D
:10FEB00040002040403D007F1028440000417F402A
:10FEC000007C047804787C0804047838444444387E
:10FED000FC1824241818242418FC7C08040408485E
:10FEE0005454542404043F44243C4040207C1C20AF
:10FEF00040201C3C4030403C44281028444C90900A
:10FF0000907C4464544C4400083641000000770063
:10FF100000004136080002010204023C2623263C70
:10FF20001EA1A161123A4040207A385454555921FB
:10FF300055557941225454784221555478402054E3
:10FF40005579400C1E527212395555555939545431
:10FF5000545939555454580000457C410002457DA0
:10FF6000420001457C407D1211127DF0282528F0C9
:10FF70007C545545002054547C547C0A097F4932F6
:10FF8000494949323A4444443A324A4848303A416D
:10FF900041217A3A42402078009DA0A07D3D424216
:10FFA000423D3D4040403D3C24FF2424487E49439F
:10FFB000662B2FFC2F2BFF0929F620C0887E090312
:10FFC00020545479410000447D413048484A323839
:10FFD0004040227A007A0A0A727D0D19317D262965
:10FFE000292F28262929292630484D40203808085D
:10FFF000080808080808382F10C8ACBA2F10283491
:020000024000BC
:10000000FA00007B000008142A142222142A140883
:100010005500550055AA55AA55AAFF55FF55FF0092
:100020000000FF00101010FF00141414FF00101047
:10003000FF00FF1010F010F0141414FC001414F75B
:1000400000FF0000FF00FF1414F404FC1414171048
:100050001F10101F101F1414141F00101010F00098
:100060000000001F101010101F10101010F01000D2
:100070000000FF101010101010101010FF100000E2
:1000800000FF140000FF00FF00001F10170000FC1D
:1000900004F414141710171414F404F40000FF00EF
:1000A000F714141414141414F700F7141414171478
:1000B00010101F101F141414F4141010F010F0007E
:1000C000001F101F0000001F14000000FC1400009F
:1000D000F010F01010FF10FF141414FF1410101083
:1000E0001F00000000F010FFFFFFFFFFF0F0F0F036
:1000F000F0FFFFFF0000000000FFFF0F0F0F0F0FCA
:100100003844443844FC4A4A4A347E020206060215
:100110007E027E0263554941633844443C04407E7C
:10012000201E2006027E020299A5E7A5991C2A49F5
:100130002A1C4C7201724C304A4D4D303048784880
:1001400030BC625A463D3E494949007E0101017E6C
:100150002A2A2A2A2A44445F444440514A444040BF
:10016000444A51400000FF0103E080FF00000808FE
:100170006B6B083612362436060F090F060000187E
:10018000180000001010003040FF0101001F0101A5
:100190001E00191D1712003C3C3C3C0000000000F2
:1001A000000000000000000031430300195E03005E
:1001B000996A02009DDD0200A9710300F13303007A
:1001C000F5330300813703000534030019340300BD
:1001D0004D360300F1330300313403002D340300A6
:1001E000B1390300D5380300FD3403001D38030086
:1001F000553403007D350300427573792054696DD1
:10020000656F757421000000203A20000000000096
:1002100000000000ED46030075450300394503006A
:10022000A9710300A9710300A97103007D440300B3
:10023000A9440300A9710300AD440300B5440300C1
:10024000E14403002545030029450300A97103008B
:10025000A9710300A9710300A97103002D450300D2
:1002600031450300354503005F5570646174655F77
:1002700046756C6C000000005F5570646174655FCA
:1002800050617274000000005F506F7765724F66B6
:10029000660000000000000000000000ED460300C2
:1002A0007545030039450300F1590300A55B0300C0
:1002B00071530300A5530300FD53030019570300B6
:1002C0008D580300A5530300B557030025450300CF
:1002D00029450300914D0300454E0300094C0300DE
:1002E000454C03002D45030031450300354503000F
:1002F00008000000060000001100000014000000CB
:100300001600000018000000200000000B00000094
:100310002400000026000000090000000A00000080
:100320002B0000002D0000002F0000000200000044
:100330001D0000001F00000021000000220000003E
:10034000250000000D0000000F0000000D0A000055
:100350000000000000000000416203008D62030005
:10036000FD61030015620300E5610300F561030010
:10037000ED610300F1620300296503003D610300A4
:1003800035610300546D725100000000546D7220FD
:10039000537663006C6F6F700000000043616C6CFB
:1003A0006261636B000000002C2066756E637469E7
:1003B0006F6E3A2000617373657274696F6E2022EC
:1003C000257322206661696C65643A2066696C65F4
:1003D00020222573222C206C696E652025642573EC
:1003E00025730A00506100204300504F53495800C4
:1003F0002E00232D302B2000686C4C00656667456D
:10040000464700494E4600696E66004E414E006EFA
:10041000616E00300030313233343536373839418F
:10042000424344454600303132333435363738396B
:100430006162636465660000202020202020202067
:100440002028282828282020202020202020202084
:1004500020202020202020208810101010101010A4
:1004600010101010101010100404040404040404EC
:10047000040410101010101010414141414141017D
:10048000010101010101010101010101010101015C
:10049000010101101010101010424242424242026B
:1004A000020202020202020202020202020202022C
:1004B00002020210101010200000000000000000D6
:1004C000000000000000000000000000000000002C
:1004D000000000000000000000000000000000001C
:1004E000000000000000000000000000000000000C
:1004F00000000000000000000000000000000000FC
:1005000000000000000000000000000000000000EB
:1005100000000000000000000000000000000000DB
:1005200000000000000000000000000000000000CB
:100530000000000000000000496E66696E69747971
:10054000004E614E000000000000000000000000AE
:10055000000000000000000000000000000000009B
:10056000000000000000000000000000000000008B
:10057000000000000000000000000000000000007B
:10058000000000000000000000000000000000006B
:10059000000000000000000000000000000000005B
:1005A00000000000000000000080E03779C34143F4
:1005B000176E05B5B5B89346F5F93FE9034F384DC9
:1005C000321D30F94877825A3CBF737FDD4F157575
:1005D000000000000000F03F000000000000244088
:1005E00000000000000059400000000000408F4063
:1005F000000000000088C34000000000006AF840CE
:100600000000000080842E4100000000D0126341F1
:100610000000000084D797410000000065CDCD4167
:10062000000000205FA00242000000E87648374248
:10063000000000A2941A6D42000040E59C30A242E6
:100640000000901EC4BCD64200003426F56B0C435B
:100650000080E03779C3414300A0D8855734764302
:1006600000C84E676DC1AB43003D9160E458E14363
:10067000408CB5781DAF154450EFE2D6E41A4B44D8
:1006800092D54D06CFF08044F64AE1C7022DB5441D
:10069000B49DD9794378EA440500000019000000B0
:0806A0007D00000000000000D5
:0806A800A85BFE7F01000000C9
:1006B000000000000A00000000000306B20008006D
:1006C00001000000A800080002000000A0001400C3
:1006D000030057494E55534200000000000000003F
:1006E00000008400040007002A0044006500760032
:1006F00069006300650049006E00740065007200C7
:100700006600610063006500470055004900440031
:100710007300000050007B003900370035004600B0
:1007200034003400440039002D0030004400300013
:1007300038002D0034003300460044002D003800FE
:100740004200330045002D003100320037004300E5
:100750004100380041004600460046003900440090
:100760007D000000000000000400000010000C00EC
:100770007472002010E5030000000000000000007B
:100780000000000000000000000000000000000069
:100790000000000000000000000000000000000059
:1007A0000000000000000000000000000000000049
:1007B0000000000000000000000000000000000039
:1007C0000000000000000000FF020000FFFFFFFF2C
:1007D000FFFFFFFFFFFFFFFFFFFFFFFFFFFFFFFF29
:1007E000FFFFFFFFFFFFFFFFFFFFFFFF10FF050001
:1007F000FFFFFFFF03FF00000090D00350610020C7
:100800000000000068050400880504004805040095
:1008100000000000000000000000000000000000D8
:1008200000000000000000000000000000000000C8
:1008300000000000000000000000000000000000B8
:1008400000000000000000000000000000000000A8
:100850000000000000000000000000000000000098
:100860004300000000000000000000000000000045
:100870000000000000000000000000000000000078
:100880004300000000000000000000000000000025
:100890000000000000000000000000000000000058
:1008A0004300000000000000000000000000000005
:1008B0000000000000000000000000000000000038
:1008C00043000000000000000000000000000000E5
:1008D0000000000000000000000000000000000018
:1008E00043000000000000000000000000000000C5
:1008F00000000000000000000000000000000000F8
:1009000043000000000000000000000000000000A4
:1009100000000000000000000000000000000000D7
:100920004300000000000000000000000000000084
:1009300000000000000000000000000000000000B7
:1009400081C4030081B303000000000037040400E9
:10095000F0030400E3030400E3030400E3030400E2
:10096000E3030400E3030400E3030400E3030400DF
:10097000E3030400E3030400FFFFFFFFFFFFFFFFAB
:10098000FFFFFFFFFFFF0000010041534349490003
:100990000000000000000000000000000000000057
:1009A00000000000000000000000415343494900DE
:1009B0000000000000000000000000000000000037
:1009C00000000000000000000000000001620200C2
:1009D0003562020025660200D5270300D5300300EA
:0C09E00099330300B967030011620200A4
:04000003300097C171
:00000001FF
