:020000022000DC
:1060000000000420E190030021910300239103008C
:10601000259103002791030029910300000000004F
:10602000000000000000000000000000FD8E0300E2
:106030002D910300000000001D8F0300319103002B
:10604000919203003391030089600300DD2B03006C
:1060500033910300339103006D610300339103001A
:106060003391030033910300339103003391030014
:106070003391030033910300339103003391030004
:1060800033910300818C03003391030033910300AB
:1060900033910300339103003391030033910300E4
:1060A00033910300339103003391030033910300D4
:1060B0003391030033910300000000000000000052
:1060C0003391030033910300339103007D98030063
:1060D000339103003391030033910300F16C02000C
:1060E000339103003391030033910300000000005B
:1060F000000000003391030000000000F598030049
:10610000000000000000000000000000000000008F
:10611000000000000000000000000000000000007F
:10612000000000000000000000000000000000006F
:10613000000000000000000000000000000000005F
:10614000000000000000000000000000000000004F
:10615000000000000000000000000000000000003F
:10616000000000000000000000000000000000002F
:10617000000000000000000000000000000000001F
:10618000000000000000000000000000000000000F
:1061900000000000000000000000000000000000FF
:1061A00000000000000000000000000000000000EF
:1061B00000000000000000000000000000000000DF
:1061C00000000000000000000000000000000000CF
:1061D00000000000000000000000000000000000BF
:1061E00000000000000000000000000000000000AF
:1061F000000000000000000000000000000000009F
:10620000F1EE103A43F08073E1EE103A704700BFB0
:1062100010B5054C237833B9044B13B10448AFF3E0
:1062200000800123237010BD3863002000000000AF
:106230001CF3030008B5034B1BB103490348AFF33C
:10624000008008BD000000003C6300201CF3030038
:10625000154B002B08BF134B9D46A3F5803A002138
:106260008B460F461348144A121A14F04FFD0F4B79
:10627000002B00D098470E4B002B00D098470020F1
:10628000002104000D000D48002802D00C48AFF397
:10629000008014F0B7FC2000290012F073FF14F006
:1062A0008BFC00BF0000080000000420000000007C
:1062B00000000000386300201CBE00200000000029
:1062C000000000000146014800F08EBA7063002013
:1062D00038B5064B1D783DB100242046013400F04E
:1062E00049FEE0B28542F9D838BD00BF6C6300209A
:1062F000407DFF2806D010B500F088FD044618B197
:10630000204610BD0020704713F012FC204610BD3F
:10631000407DFF280ED000B583B00DF1070100F0DD
:10632000C9FD20B19DF8070003B05DF804FB4FF0F4
:10633000FF30F9E74FF0FF30704700BF407DFF2886
:1063400011D000B583B001220DF1070100F06AFD04
:1063500020B94FF0FF3003B05DF804FB9DF8070053
:1063600003B05DF804FB4FF0FF307047407DFF281D
:1063700001D000F0FFBD7047407DFF2801D000F044
:106380003FBE0020704700BFF8B50646407DFF289D
:106390001CD017465AB10D46144600F011FD29468F
:1063A000224680B1707D00F08FFD241A01D138465D
:1063B000F8BD054413F0BCFB707D00F001FD2946DB
:1063C00022460028EED13F1B3846F1E70020F8BDF9
:1063D0000AB32DE9F043524991F81C6191F81D511F
:1063E00091F81E7193B0994614467B1CAA1C8046F6
:1063F000B01C81F81C0181F81D2181F81E3101A813
:106400004222002114F082FCB9F1410F05D800208E
:1064100013B0BDE8F083422070478DF806608DF818
:106420000E608DF82660721C40F20126D2B2ADF8E3
:106430001060DFF8F0C08DF81E20242640F6083EDC
:106440006B1C8DF827208DF83120ADF804E08DF815
:1064500016608DF820608DF82460CDF818C00426F1
:106460004FF0060C65F07F0540F209424FF0010E37
:1064700098F81410ADF80C208DF81CE005228DF86A
:106480001F608DF830608DF822C040F207568DF8FD
:1064900025C08DF82A5020464FF0030E63F07F048C
:1064A0004FF0080C02234FF411658DF814108DF88D
:1064B00007308DF808308DF809308DF812308DF8DE
:1064C00021308DF815208DF823208DF82BE08DF8E4
:1064D0002CC04FF00A0EADF82E504FF0400C01A921
:1064E000ADF8286007258DF833308DF840208DF801
:1064F0004140422244F20204ADF838608DF83B304E
:106500008DF83A708DF834E08DF83CC08DF83F502E
:10651000ADF8424014F0D6FB422013B0BDE8F08342
:106520007063002020010524A0F11000FFF750BF88
:1065300070B50368184A5B6882B093428DF8071003
:1065400024D10546407DFF281DD000F039FC0DF117
:10655000070601243146224688B1687D00F0B4FC6C
:10656000241A02D1012002B070BD064413F0E0FAF3
:10657000687D00F025FC314622460028EDD1C4F1AB
:10658000010002B070BD002002B070BD01220DF10B
:106590000701984702B070BD89630200437DFF2B5D
:1065A00000D07047094B1A78002AFAD110B500F1D3
:1065B000100442750649204601221A7000F0E0F9E5
:1065C00021460448BDE8104000F0F0B86C6300209C
:1065D0007CDC030070630020407DFF2807D000B5FD
:1065E00083B000F0EDFB20B103B05DF804FB0020A8
:1065F0007047019013F09CFA019803B05DF804FB1A
:1066000001B900B1704700B583B0694600F0EEFBF8
:10661000009BB3F5966F02D003B05DF804FB00F069
:106620007DFBF9E730B4084B084A4FF47F4102F193
:106630000805002430324FF47A7099821D60C3E956
:1066400001401A6130BC7047546300208CDC0300A9
:106650002DE9F0410024484E2546435D4719A3B17A
:1066600003F14002D2B2012A0AD9F42B08D81A0643
:106670000ED44FF0010EA3F55842B2F5006F56D27A
:1066800001354719435D002BEAD12046BDE8F08172
:1066900003F0E002C02A57D003F0F002E02A66D0EF
:1066A00003F0F802F02AEBD103F007024FF0040EDA
:1066B0007B7803F0C00CBCF1800FE1D197F802C0E9
:1066C0000CF0C00803F03F03B8F1800F43EA8213D7
:1066D000D6D10CF03F0CBEF1030F4CEA83132DD042
:1066E000FA7802F0C007802FCAD102F03F0242EAD6
:1066F0008313A3F58032B242C2D8A3F55847B7F549
:10670000006FBDD3B3F5803F05F1040510D31E2CF7
:10671000BBDC6300970A0B44C2F30902A7F52057BC
:10672000A2F5105221F814705A80023495E775448E
:10673000202CAAD021F8143001348EE7A3F5006292
:10674000B2F5784F97D39BE77A7802F0C007802F95
:1067500003F01F0394D102F03F0242EA8313A3F136
:106760008002B2F5F06F8BD24FF0020E83E703F098
:106770000F024FF0030E9BE7FFFF0F0090F8503120
:106780000B2B0CD871B103F1480210B45C1C80F8DB
:10679000504140F822105DF8044B18467047002322
:1067A000184670470B461846704700BF70B5044640
:1067B0000E68B4F81821B4F81A31656936689B1A66
:1067C00008469BB294F81C112A44B04758B1B4F85B
:1067D00018216369104480B2A4F81801588094F815
:1067E0001C211A71012070BD2DE9F043284DDFF8FE
:1067F000B090AC4604468846BCE80F0089B003AFB1
:106800000FC703AE0FCE05F1140E25460FC59EE847
:106810000700DCF800303B806B4636682E8003C3EF
:106820006B4603CB012504F118034FF480766361B6
:10683000A061E16184F8202004F59870C4F81891F3
:106840002022A4F81C61002184F81E5114F05EFA85
:1068500040F20947042240F2EF230E4E0E48C4F8DE
:1068600028010021C4F82C1184F85021A3804FF492
:10687000E131A571C4F82071C4F824610748FFF71D
:106880008DFE404600F038FA284609B0BDE8F08396
:10689000C0DC0300F0DC0300F8DC030054630020DC
:1068A000090000010048704770630020014B5869DF
:1068B000704700BF706300202DE9F04F89B0F8B138
:1068C000032816D02B4C94F8503183424FD94830CE
:1068D00004F5AA7154F82000FFF7BAFEC0B20130E7
:1068E000400040F44070A4F85201234809B0BDE8CC
:1068F000F08F204CD4F82C0150B104F5AA71EBE7CD
:106900001C4CD4F82031A4F854314FF44170EAE71C
:10691000684600F005FA054610B300F1FF3A0DF1A4
:106920000103164FE94653FA8AFAA64604AE97E8E1
:106930000F0019F801CB86E80F000CF00F080DF1DD
:10694000200BD8440BEB1C1C18F8108C1CF8103CC6
:10695000AEF85681D145AEF854310EF1040EE6D1B1
:106960006800C0B20130400040F44070BBE7002036
:10697000BCE700BF70630020C2640020E0DC0300BD
:1069800010B504460248FFF7F9FE207110BD00BFA4
:106990007063002030B5144C236883B013B31868BB
:1069A00051B90CF07FFA236893F90400012103B078
:1069B000BDE8304013F0F0BA0C4B009300250123E2
:1069C0008DF805308DF8045002AB13E906000CF089
:1069D00005FA236893F90400294603B0BDE8304066
:1069E00013F0DABA03B030BD0465002080BA8C0120
:1069F0000448006828B108B500680CF059FA012075
:106A000008BD704704650020084B1B6843B141B9BD
:106A1000074B4022C3F88020BFF34F8FBFF36F8F27
:106A20007047034B40221A60704700BF0465002086
:106A300000E100E0024B53F8200000B1C06870474D
:106A40000865002030B4094CBDF8085054F82040C7
:106A500044B1246934B10846A44611461A462B466F
:106A600030BC6047002030BC704700BF0865002084
:106A700030B4084CBDF8085054F8204044B1646963
:106A800034B10846A44611461A462B4630BC60472E
:106A900030BC70470865002000207047024B186822
:106AA00008B190F860007047106500202DE9F843A8
:106AB000234C2568002D3CD01E462C2303FB00539D
:106AC0001746D3F8209088460446B9F1000F32D01B
:106AD000484614F0DEFF2C2303FB0454D4E9095488
:106AE000DFF864C0174B08280246494628BF082231
:106AF0004046002D08BF6546002C08BF1C4614F018
:106B0000E1F8284614F0C5FF10280246294628BFA0
:106B10001022384614F0D6F8204614F0BAFF0428A4
:106B200002462146304628BF0422BDE8F84314F04F
:106B3000C9B8BDE8F883DFF814900820CBE700BFA0
:106B40001065002028DD030018DD03000CDD0300C4
:106B500070B5104E3368D3B12C2404FB00340546C5
:106B600062691AB19047336884F832002C2202FB24
:106B7000053393F8324014B10124204670BD2846F5
:106B800023463A22022101F0E7F8204670BD1C4658
:106B9000204670BD10650020074B1B6853B110B430
:106BA0002C2404FB0030C46A038E0C6013805DF853
:106BB000044B7047704700BF1065002008B52022C5
:106BC0000023052101F0C8F84FF0FF3008BD00BFD9
:106BD00030B4094C24685CB10D4611462C2202FBEE
:106BE0000044E46924B11A462846234630BC1847BD
:106BF000012030BC704700BF1065002030B4094C44
:106C0000029A246854B10D462C2101FB0044A4686B
:106C100024B119462846234630BC18474FF0FF30B0
:106C200030BC70471065002030B4094C029A2468CB
:106C300054B10D462C2101FB0044E46824B11946EF
:106C40002846234630BC18474FF0FF3030BC704711
:106C500010650020044B1B682BB12C2202FB003076
:106C6000036903B11847704710650020054B1B6886
:106C70002BB12C2202FB0030836903B1184701209D
:106C8000704700BF1065002005F0DCBB00B5164B57
:106C900083B04022002483F8272301A90123204642
:106CA0008DF804308DF8054002F0DAFE4FF0804395
:106CB00002A8D3F8385400F8084D12F0A3FA0B4B91
:106CC000019301A812F0CAFA12F0DAFAEB0707D41E
:106CD00000214FF0FF3002F04DFFFFF7F9FAF7E720
:106CE000204605F0AFFBF3E700E100E0896C02000D
:106CF000002005F01DB800BF00B5002383B00322BB
:106D0000CDE9002303490448C82210F079FF03B0FD
:106D10005DF804FB2CDD03008D6C020013F0B4B8A9
:106D20004FF08052536E1BBA0360136E1BBA436060
:106D3000082070470048704734DD030070B51E4CD2
:106D40002368D3B1012901D0012070BD1578C5F3A6
:106D50004115012D13D0022D0FD15478012C21D0D3
:106D6000022CF1D19388072B07D1144C11462389AB
:106D70002246BDE8704003F035BE002070BD51785A
:106D80002229E1D111465288003218BF01225A75DA
:106D900003F010FE2268D369002BD5D0507D9847B0
:106DA000284670BD9C69002CE7D011462378224606
:106DB000BDE8704003F016BE14650020046000209A
:106DC00010B5044602F034FE08B9002010BD02F0F0
:106DD00037FE0028F9D1044B4FF4367202FB04341D
:106DE000207900F0010010BD98650020064A4FF49C
:106DF000367303FB00230833186808609A889B7970
:106E00008B718A80704700BF9865002008B5044ADE
:106E10004FF4367303FB0020103002F055FC08BD20
:106E2000986500202DE9F8434FF4367404FB00F414
:106E30001E4E4FF6FF73074604F110054FF6FE7025
:106E4000824288BF1A463544284692B202F066FC58
:106E5000804602F0EDFD10B94046BDE8F88302F02F
:106E6000EFFD81460028F7D13444E378002BF3D0BE
:106E7000284602F041FC3F28EED9E178484603F06D
:106E8000E7FC0028E8D0284602F036FC3F2804D86A
:106E9000E178484603F0ECFCDEE7054AE178484635
:106EA00002EBC712402303F0F3FCD5E798650020FE
:106EB00018650020034A4FF4367303FB002010309E
:106EC00002F096BC986500202DE9F8434FF4367522
:106ED00005FB00F5244F4FF6FF73064605F1240429
:106EE0004FF6FE70824288BF1A463C4492B220465A
:106EF00002F0B8FC8046204602F0E6FB3F2802D8AC
:106F00004046BDE8F88302F093FD0028F8D002F077
:106F100097FD81460028F3D1204602F0D5FB0028DA
:106F2000EED03D444846A97803F092FC0028E7D013
:106F30000E4B402202EBC6161E442046314602F09C
:106F4000EDFB034660B13246A978484603F0A0FC49
:106F50000028D5D1064B1B68DB07D1D500BECFE793
:106F6000A97803F085FCCBE7986500201865002020
:106F7000F0ED00E02DE9F041804602F059FD10B936
:106F80000020BDE8F08102F05BFD07460028F7D144
:106F90004FF4367404FB08F4164E04F1240535440E
:106FA000284602F091FB0028EAD026443846B17802
:106FB00003F04EFC0028E3D040220F4B02EBC81830
:106FC00098442846414602F0A9FB044660B1424677
:106FD000B1783846234603F05BFC40B9074B1B6889
:106FE000DB07CDD500BECCE7B17803F041FC2046ED
:106FF000C7E700BF9865002018650020F0ED00E0AD
:1070000008B5044A4FF4367303FB0020243002F025
:1070100073FB08BD9865002070B5204C82B000213C
:107020004FF4367220460D4613F070FEFF234FF4E6
:10703000E132082604F138016371A26001234FF4A4
:107040008072009504F11000A67302F001FB144B4E
:107050001B78C3F38003009304F59C7101234FF464
:10706000807204F1240002F0F3FA04F50E7101209D
:1070700010F00AF804F522710646012010F004F819
:1070800006B130B9074B1B68DB0700D500BE02B064
:1070900070BDC4E90756C4E90C05F8E798650020FF
:1070A000B8600020F0ED00E038B5094C206A256B8F
:1070B00020B110F00DFC0023C4E907332DB12846A0
:1070C00010F006FC0023C4E90C33012038BD00BFDA
:1070D0009865002010B50E4C0E48237800220260FF
:1070E0000271DA0709D59B070DD521780A48C1F34B
:1070F0008001BDE8104002F063BC103002F040FC9B
:1071000023789B07F1D4044802F03AFCEDE700BF76
:10711000B860002098650020BC6500202DE9F04192
:107120004B79022B82B004D00025284602B0BDE87E
:10713000F0818B79022BF7D1364EB3782BB1364BD9
:107140001B68DB07F0D500BEEEE78B7833700C7858
:107150000C4407466378242B4FF009050BD1082A0D
:1071600002D822E0AA4220D323781C441D4463782D
:10717000242BADB2F6D0052B38D0042B15D1637972
:107180000A2B12D1254A94F8008001920223013281
:107190000092384604EB08011A4603F095FA0028DD
:1071A000CDD00E3518FA85F5ADB202F041FC0028BD
:1071B000BBD002F045FC04460028B6D1F378002B82
:1071C000B3D0174802F098FA3F28AED9F17820469C
:1071D00003F03EFB0028A8D0114802F08DFA3F28AA
:1071E000F17811D8204603F043FB9EE7214638464C
:1071F00003F00AFB0028A2D0A378737023781C4404
:107200001D44ADB26378B8E7064A2046402303F038
:107210003FFB8AE798650020F0ED00E09A650020CA
:10722000A86500201865002038B5137803F06003C6
:10723000202B01D0002038BD294C938825789D4211
:10724000F8D15378203B032BF4D8DFE803F008157E
:107250001E02012936D0032939D0012038BD012969
:107260000CD00329F9D11F4B002BF6D01E4900206A
:10727000AFF30080012038BD0129EED1114607236C
:10728000194A03F0AFFB012038BD01291AD00329A8
:10729000E3D1164B55881B781548257113F004016E
:1072A0001CBFE94301F0010102F08AFB114B002BE6
:1072B000D3D0C5F3400205F001010020FFF7A0F98B
:1072C000012038BD114603F075FB012038BD0A4B83
:1072D000002BC2D051880020AFF30080BDE700BF73
:1072E0009865002000000000A0650020B860002024
:1072F000BC65002001660200000000002DE9F04797
:107300005F4CE2788A420D4680461F4659D15D4E59
:107310009AB2314604F1100002F0A4FA5A4BC3B1FC
:107320006379FF2B15D0A7B106EB070A04F110090A
:1073300002E056450DD0637916F8012B9A42F8D138
:10734000484602F0D1F90028F3D16179AFF300800B
:10735000EFE74E4B23B14E4802F0C6F9002863D048
:1073600002F066FB002862D1A3789D4202D0012082
:10737000BDE8F087474B13B10020AFF3008002F067
:1073800057FB00282BD1444802F09EF90028EED18B
:10739000002FECD017F03F07E9D1A178404603F069
:1073A00057FA0028E3D0A17840463B463A4603F01E
:1073B0006FFA0028DBD1394B1B68DA070CD500BE09
:1073C000D6E7A3788B42D5D0344B1B68DB0703D5B7
:1073D00000BE0020BDE8F0870020BDE8F08702F085
:1073E0002FFB05460028CED12B4802F06DF900286E
:1073F000C9D0A178284603F02BFA0028C3D0402238
:107400002749254802F08AF9034600282CD028464F
:10741000234AA17803F03CFA0028A8D11F4B1B682F
:10742000D907B0D500BEAEE7AFF3008098E702F011
:1074300007FB0646002897D1E378002B94D0144828
:1074400002F05AF93F288FD9E178304603F000FA6C
:10745000002889D00E4802F04FF93F28304607D85F
:10746000E17803F005FA7FE7A17803F001FA8AE7F3
:107470004023044AE17803F00BFAA37875E700BFD4
:107480009865002018650020000000000000000042
:10749000A865002000000000BC650020F0ED00E0C1
:1074A00058650020704700BF01207047704700BF3B
:1074B000704700BF044B0022C3E90022C3E9022247
:1074C000C3E90422704700BFF06900200120704723
:1074D000044B0022C3E90022C3E90222C3E90422CB
:1074E000704700BFF06900202DE9F0434B79032B72
:1074F00083B004D00024204603B0BDE8F0830B79AC
:10750000C3EBC3041234A4B2944205D9254B1B68C3
:10751000DA07EFD500BEEDE7234A5578002D3ED0BF
:10752000557B002DF2D102F10C054FF4A0770E78B7
:107530008A1992F801C0BCF1210FE7D1AA608946EF
:10754000895D80466E1CA81C1144CDE900061A46D0
:107550004046032303F0B8F80028D7D099F8063046
:10756000A978012B04BF99F80730EB700123AB71A8
:1075700099F80220AB682A70B3F80730AB80002975
:10758000B9D00A4A40463A44402303F081F9002822
:10759000B1D1044B1B68DB07ADD500BEABE7154688
:1075A0008027C4E7F0ED00E0F0690020706800205B
:1075B0002DE9F047137803F01F06012E82B003D0A7
:1075C000002002B0BDE8F087DFF80882978898F8BD
:1075D0000040FFB2BC4200F0B08098F80C40BC42C2
:1075E000EED13746B4464FF0C00E4FF0130A4FF0BD
:1075F000120913F060030C460546164604D1012912
:1076000000F0A4800120DCE7202BD9D15378013B86
:107610000A2BD5D801A252F823F000BFF176020060
:10762000E7760200D1760200C1750200C175020042
:10763000C1750200C1750200C17502009176020099
:10764000697602004976020001291BD00329D9D1AD
:1076500073880C2606FB0786DBB260461946B371B9
:10766000FFF720FF0120ACE70129CBD173880C2262
:1076700002FB07871B0A60461946FB71FFF714FFE0
:1076800000289DD03146284603F094F9012098E760
:10769000012900F086800329B4D1F48871884B4B0E
:1076A000402C4FEA1122204628BF402011F0FF0154
:1076B000734407D0012C05D91C788C4202D10138C3
:1076C00080B2013300906046FFF7D2F9012078E7DD
:1076D000012997D108EB090231462846234603F0D9
:1076E00081F920466DE701298CD108EB0A02F3E706
:1076F000012987D1F3887188344F402B4FEA11223A
:10770000184628BF402011F0FF01774454D0012BC8
:1077100052D9013880B239707B1C00906046FFF767
:1077200091F90444A3B2002B49D1294A1268D20727
:107730007FF546AF00BE184643E74FF0000E774690
:10774000F4464FF0070A4FF0060952E75378062B2C
:107750007FF436AF53881B0A212B12D0222B7FF4E3
:107760002FAF6046FFF766F97B001F4408EB8708E0
:10777000024631462846B8F8043003F033F9204673
:107780001FE77B001F4408EB8708D8F80820002A71
:107790003FF416AF1378314602B0BDE8F04703F06E
:1077A00021B9F388402B3FF60BAF084A31467244AB
:1077B00003F018F9204604E73B460024ADE73A46BB
:1077C0003146284603F00EF90120FAE670680020E1
:1077D000F0ED00E0F0690020F0B52C4CA67865785B
:1077E0008E4283B0074610D0A9422CD0A07B657B87
:1077F00088423FD0A94244D0254B1B68DA0702D407
:10780000002003B0F0BD00BEFAE780264FF0400C28
:107810000020A9429BB21AD01E4D3544FAB90093FC
:1078200011462B460222FFF723F92A46A178384653
:10783000402303F02DF80028E3D1154B1B68DB072C
:10784000DED500BEDDE74FF0400C00209BB21149B1
:1078500061444AB91A46FFF729FE0120D1E72A46BA
:107860000221FFF725FEE0E70A460121FFF720FE8F
:107870000120C6E70C344FF4A0764FF4807C012041
:10788000C7E74FF4807C0120E0E700BFF0690020EB
:10789000F0ED00E07068002070B5194C82B0002156
:1078A0000D464FF4EC72204613F030FA04F1380123
:1078B0000123802204F11000009501F0C9FE04F1BB
:1078C000B80101238022009504F1240001F0C0FEDC
:1078D00004F59C7101200FF0D7FB04F5C471064636
:1078E00001200FF0D1FB30B9064B1B68DB0700D538
:1078F00000BE02B070BDC4E90756C4E90C05F8E744
:10790000886A0020F0ED00E038B5094C206A256B4C
:1079100020B10FF0DDFF0023C4E907332DB1284665
:107920000FF0D6FF0023C4E90C33012038BD00BF9F
:10793000886A002010B5084C002304F11000C4E947
:107940000033C4E9023302F01BF804F12400BDE85F
:10795000104002F015B800BF886A00202DE9F043FE
:107960004B79012B83B004D00025284603B0BDE835
:10797000F0838B79012B0C46064616D049780429F2
:10798000F2D10025032BEFD1E379002BECD1DFF806
:10799000FC8098F8013013B998F802700FB3384B97
:1079A0001B68DB07E0D500BEDEE7CB79002BDBD11F
:1079B0000B781C449DB2617824290BD1954202D9E1
:1079C000D2E7AA42D0D323781C442B4461782429DF
:1079D0009DB2F6D00429C7D16379012BC4D1A37914
:1079E000D0E7A37888F8003094F8009021794D44CE
:1079F000ADB2A14439B925E099F800308F421D4459
:107A0000ADB299441ED2AA421CD399F80130052B7D
:107A1000F2D149463046019202F0F6FE019A002862
:107A2000BDD099F80230D90914BF88F8013088F820
:107A3000023099F80030217901371D44FFB2ADB210
:107A40009944D9E70F4801F057FE3F288DD998F89F
:107A50000210002002F0FCFE002886D0094801F048
:107A60004BFE3F2898F8021003D8002002F000FFD8
:107A70007BE7054A4023002002F00AFF75E700BFBC
:107A8000F0ED00E0986A0020486A0020886A002033
:107A900000207047F8B53C4DAA788A421F4612D1A3
:107AA0009AB23A4905F1100001F0DCFE384B13B1EF
:107AB0000020AFF30080374801F01EFE3F282CD88D
:107AC00001242046F8BD6B788B4208D0324B1C68ED
:107AD00014F00104F5D000BE00242046F8BD06468F
:107AE00005F1240001F0F0FD40BB2C4801F0ECFD55
:107AF0000028E5D1002FE3D017F03F07E0D16978E7
:107B0000304602F0A5FE04460028D9D069783046F8
:107B10003B463A4602F0BCFED3E7A978002002F0CB
:107B200097FE04460028CBD01A4801F0E5FD3F2817
:107B3000A9781ED8002002F09BFEC2E769780020D9
:107B400002F086FE0028D0D04022154905F124001D
:107B500001F0E4FD034690B1114A6978002002F07B
:107B600097FE0028ACD10C4B1B68DB07BDD500BECF
:107B7000BBE7064A4023002002F08AFEA1E76978AD
:107B800002F076FEB1E700BF886A0020486A002054
:107B900000000000986A0020F0ED00E0AC6A0020D0
:107BA000086A002030B4114B9C689A6B93F83C50E3
:107BB00083F82C10A21A022183F830109A6225B99A
:107BC00042F2050183F83E50998744B13AB11A7BDD
:107BD000D20906D193F82F1030BC02F099BE30BC08
:107BE000704793F82E1030BC02F092BE606E0020F9
:107BF00038B5214B214C05461BB1607BFFF736F8A9
:107C0000A8B1A06BA36894F82F101D4A1B1AB3F5F6
:107C1000007F28BF4FF4007328469BB202F038FE65
:107C200020B9184B1B68DB0700D500BE38BDA26821
:107C3000A36B84F83E0042F20771D31A0120A1879A
:107C40000221A36284F82C0084F83010002AEDD0C1
:107C5000002BEBD0237BDB0906D194F82F102846AC
:107C6000BDE8384002F054BE94F82E102846BDE816
:107C7000384002F04DBE00BF6D6C0200606E002007
:107C8000606C0020F0ED00E070B5304CE28AA36833
:107C900052BA92B286B0054612B1B3FBF2F292B27A
:107CA000A66BD4F81110607B9B1BB3F5007F28BF37
:107CB0004FF4007309BA0093B6FBF2F302FB1362B0
:107CC0001944234BFEF79AFF031E20DB94F82E2065
:107CD0000DD011469BB228461D4A02F0D9FDA0B92D
:107CE0001C4B1B68DB0710D500BE06B070BD072417
:107CF000194603A88DF80C508DF8102005938DF8C7
:107D000011308DF80D4002F0B7FB06B070BDA268CF
:107D1000A36B43F602200021D31AA08784F83E10FB
:107D200001200221A36284F82C0084F83010002A7C
:107D3000EBD0002BE9D0237BDB0914BF94F82E1085
:107D400094F82F10284602F0E3FDDEE7606E002075
:107D5000606C0020F0ED00E010B4054C012084F8C8
:107D60003C1084F83D2084F83E305DF8044B7047A9
:107D7000606E002040220021014812F0C7BF00BF02
:107D8000606E002040220021014812F0BFBF00BFFA
:107D9000606E00204B79082B01D0002070478B7952
:107DA000062BFAD1CB79502BF7D1162A06D81C4BCB
:107DB0001B68D907F1D500BE0020704770B5194D7A
:107DC0008B7885F82D300B7882B005F12F0205F104
:107DD0002E0619440223CDE900261A46044602F075
:107DE00073FC48B90E4B1B68DA0702D500BE02B01F
:107DF00070BD002002B070BD204695F82F100A4AD1
:107E000000241F2385F8304002F042FD30B9044BB6
:107E10001B68DB0702D500BE1720E8E71720E6E75E
:107E2000F0ED00E0606E0020606C0020012901D0C0
:107E300001207047F0B5137803F07F01022985B067
:107E4000054606D003F06003202B1AD0002005B0B1
:107E5000F0BD5478012CF5D15388002BF6D1434E58
:107E6000918896F83030042BC9B279D096F82E401C
:107E70008C423DD096F82F408C4257D0012005B05F
:107E8000F0BD5378FE2B16D0FF2BDFD15388002B8B
:107E9000DCD1D488A3B2002BD8D1344E1146284669
:107EA00086F83030C6E90D33B48786F83E3002F0EC
:107EB00081FD0120CBE75388002BC7D1D388012B4C
:107EC000C4D12B498DF80F3000294DD00192FEF717
:107ED000E5FD019A0028B9D0431EDBB204AC11467F
:107EE00004F8013D28462246012302F07BFDC5E748
:107EF000022BC3D1B26BB3681E4F9B1AB36206F15B
:107F000020030FCB07C73A46214602F80C39032459
:107F100028460D2386F8304002F0BAFC0028ADD187
:107F2000154B1B68DB0791D500BE90E7002BA5D150
:107F3000214602F0DFFC0028A0D12146284602F0AD
:107F400005FD00289AD1002496F82F10094A86F8DA
:107F5000304028461F2302F09BFC0028E0D08DE72C
:107F600002F0D6FC204672E70B46B7E7606E0020B1
:107F70009D6A0200606C0020F0ED00E02DE9F04108
:107F8000B44C94F83050012D8EB01E46074645D0B3
:107F900028D3032D05D0022D5FD001200EB0BDE8FF
:107FA000F08194F82E308B42F7D10D2EF5D1E37B82
:107FB000282B00F01A812A2B40F00D81A64B13B11B
:107FC000607BFEF747FE002594F82F10A34A84F843
:107FD00030501F23384602F05BFC002861D094F833
:107FE0003050D8E794F82F508D42D6D11F2B06D1B0
:107FF000DFF868829A4BD8F800209A4271D00423A7
:1080000094F82E1084F83030384602F081FC38465F
:1080100094F82F1002F07CFC0020BFE7B3F5007F3E
:1080200008D9904B1B68D90700D500BE00200EB0C0
:10803000BDE8F081E27BA36B282A00F087802A2A22
:1080400000F08F80217B626B1E44CB09A66336D083
:1080500096422CD3022384F8303094F82E10384600
:1080600002F074FC002898D1A368A26B94F82E60EB
:10807000934202D9217BC9092ED19B1A7A4AA36265
:108080000FCA764D07C52A46314602F80C3903253A
:1080900038460D2384F8305002F0FAFB00287FF4B4
:1080A0007CAF704B1B68DB07C0D500BE76E76D4B1D
:1080B0001B68DA0793D500BE94F830506BE793B293
:1080C000607B664A04F10F01FEF778FD0028C0F2DC
:1080D0009F80A66B626BBBE73146384602F018FC06
:1080E0005BE7C446BCE80F0026460FC69CE80F00BD
:1080F00007C626F8023B1B0C3370D4E90123E17B51
:108100005A4E626201200022282963632662A2621D
:1081100084F82C20A26384F8300000F0AD802A2976
:1081200000F0DF80002B00F0EF80227BD20940F0CE
:10813000EB80B3F5007F00F26F819BB22946474A7E
:10814000384602F0A5FB0028ABD048E7626B1E441E
:108150009642A663BFF47EAFFFF796FD94F83050C9
:1081600019E7E28A52BA92B21AB1A168B1FBF2F2EF
:1081700092B2D4F81110394DB3FBF2FC09BA02FBEC
:108180001C32607B009661442B46FEF74DFD0028B3
:10819000C0F2FB81864230D9361A40B1A36B291850
:1081A00013FA80F332462846A36312F096FD0023AB
:1081B00094F82F508DF818500722194605A88DF80D
:1081C000147007968DF819308DF8152002F054F9C7
:1081D00094F83050DFE6264B002B3FF4F4AE04F168
:1081E0000F01607BAFF30080EDE6224B002B3FF4E4
:1081F000EAAE607BAFF30080E5E6D4E90D231E44D0
:108200009642A663BFF426AF3846FFF7F1FCE6E6D8
:10821000A368A66B94F83C1084F82C509A1B02209B
:10822000A26284F8300021B942F2050084F83E10C1
:10823000A087002B3FF44EAF002A3FF44BAF237BC7
:10824000DB0940F0E58194F82F10384602F060FB1E
:108250003FE700BF606E0020556C0200606C00209C
:1082600055534243F0ED00E0806E002055534253D9
:108270000000000000000000E28A52BA92B20BBB7C
:10828000002A3FF4E7AE94F83C10A362022284F87F
:108290002C2084F8302000297FF4DFAE42F2050163
:1082A0000022A18784F83E20002B3FF4D6AE237B2A
:1082B000DB0940F09A812946384602F029FB94F800
:1082C000305068E6207BC00913D0002A00F080817E
:1082D000B3FBF2F2002A00F0A3812829384694D19A
:1082E0003AE7E28A52BA92B2002BC9D0207BC00989
:1082F000EBD094F83C10A362022284F82C2084F87E
:1083000030200029CAD0D2E7667B252900F22B81D4
:10831000DFE811F0220129012901E50029012901E5
:1083200029012901290129012901290129012901FD
:108330002901290129012901BD002901290129015A
:108340002901290129012901990087002901290111
:10835000710029012901290129014C002901260068
:10836000304604AA05A9FEF717FC059B002B00F078
:108370004481BDF81020002A00F03F81013B1BBA68
:1083800012BAC8E900320820A368002B44D09842F2
:1083900028BF184683B26063A64A94F82E10384668
:1083A00002F076FA00283FF47CAE18E605AD002313
:1083B0000DF10E02304604A96B600593AB60FEF729
:1083C000EBFB049A002A00F01881BDF80E30002B58
:1083D00000F0138112BA082106925BBA0222ADF8AE
:1083E0001E308DF817108DF81C2095E8070088E8DE
:1083F00007000C20C8E7904B03B33046227DE17C98
:10840000AFF30080D0B994F83C302BB943F6022288
:108410000023A28784F83E3001213846FFF7C2FBD3
:10842000DDE5864B53B1E17C3046C1F3400301F0FA
:1084300001020909FEF7CCFB0028E4D0A368002B59
:108440003FF408AEE8E79DF816307D49002203F0BE
:10845000800362F3C7138DF8163003238DF81520BF
:108460008DF817208DF81430002900F0E180304697
:10847000FEF7FCFB9DF8163080F0010060F3C71397
:108480008DF81630059BC8F8003004207CE74FF0CB
:10849000203302250022CDE90522304607A909AA8A
:1084A00008934FF0800C079309930D93CDE90A339D
:1084B0000C931F260DAB8DF816508DF8175005AD97
:1084C0008DF818608DF815C0FEF7F0FA0FCD594EF3
:1084D0000FC60FCD0FC62B683360242054E794F8E5
:1084E0003C2094F83D0094F83E10DFF848C1DFF8D6
:1084F00058E14FF000084FF00003CDE90588CDE9C1
:10850000078862F303038DF81630F0220A23ADF8D2
:1085100024808DF820008DF821108DF814208DF81E
:108520001B3005AD0FCDACE80F002B68ACF8003068
:10853000BEF1000F76D0ACF1100130464FF400725E
:10854000AFF300800028A4F83C8084F83E800FDB65
:1085500000283FF473AF17E73046FEF7F9FA00281A
:108560003FF451AF6AE794F83C30002B7FF454AFEE
:10857000A38E304A3349607BFEF720FB0028FFF6CC
:108580004BAF00283FF45AAFFEE6A36BA2681E442F
:1085900043F602200021931BA08784F83E1001209F
:1085A0000221A663A36284F82C0084F83010002A0C
:1085B0003FF453AD002B3FF450AD237BDB0914D1C6
:1085C00094F82F10384602F0A3F994F83050E2E402
:1085D000012294F83C1084F82C200222A36284F833
:1085E000302000293FF45AAE5EE694F82E1038464B
:1085F00002F08EF994F83050CDE494F83C30002B22
:108600007FF40AAF43F6022284F83E30A28703E7E4
:1086100094F82E10384602F07BF9D4E90D2617E5C0
:108620000222D6E7A4F83CE084F83EE01220ABE654
:1086300001201FE7606C002000000000D16B0200E9
:108640006D6C02006F6E00200000000070B5134CCE
:10865000134E84B020464FF4AE72002112F056FB48
:108660004025002304F58E720092CDE901561A468A
:10867000194604F1B000039504F068F92E4404F1A2
:1086800070020023CDE90025CDE90265201D1946C1
:10869000012204F05BF904B070BD00BF206F002020
:1086A000A06E002010B5054C04F1B00004F07AF97A
:1086B000201D04F077F9012010BD00BF206F0020BD
:1086C00038B5074C2046002500F8B85B01F058F992
:1086D00004F10C0001F054F984F8B150657138BD13
:1086E000206F00204B79FF2B01D0002070472DE92F
:1086F000F04FDFF824B19BF8B13083B04BBB9BF84F
:10870000053033BB0B788A460AEB02050AEB0304FB
:1087100089788BF80010A542064614D91AF8032070
:10872000A3189D420FD36278042A0CD00B2A0AD0DA
:10873000052A0BF1B8080BF1B0070BF10C0917D0A3
:108740009D421C4609D8A4EB0A0080B203B0BDE8E4
:10875000F08F002003B0BDE8F08F1A7813449D42DB
:10876000F1D36278042AEED00B2AECD0052AE7D1A7
:108770002146304602F048F8002843D0A378DB09B0
:1087800005D19BF8B1301BB32278A318D8E79BF82A
:108790000530002BF8D14846019301F0F1F8A2789A
:1087A0008BF80520A2889BF804C0019B1849C2F3EE
:1087B0000A02A2F50072B2FA82F2520962F3410C87
:1087C00018468BF804C004F037F92278A318B7E7ED
:1087D000404601F0D5F8A3788BF8B130A3889BF818
:1087E000B020C3F30A03A3F50073B3FA83F35B0964
:1087F00063F34102394630468BF8B02004F064F947
:108800000028C1D1034B1B68DB07A2D500BEA1E73E
:10881000246F0020F0ED00E0206F002070B51C4CAC
:1088200094F8B1208A4205461E460FD1B4F8BC2008
:10883000F2B9184B23B1B2B217490020AFF3008050
:108840002846164904F040F9012070BD63798B4237
:1088500001D0002070BD124B1BB1B1B20020AFF3AC
:1088600000801049284604F0E7F848B1012070BDA7
:10887000B2B2D4F8B41004F1B80000F0F3FFD8E7B6
:1088800032462846074904F099F8012070BD00BF20
:10889000206F002000000000A06E0020D06F00209C
:1088A00000000000246F0020F8B50E688D88B778AE
:1088B0003544AE420BD23B469F42344603D10BE0D7
:1088C0006378042B05D023781C44A542F8D80020F7
:1088D000F8BDA3789F42F6D1E3789A42F3D1A5423E
:1088E000F5D9237D012B06D9144B1B68DA07EED589
:1088F00000BE0020ECE723790D46DBB1012BE6D169
:108900002278E389617A1344114423442144994233
:1089100004D3DCE70A7811448B42D8D94A78052A77
:10892000F8D101F071FF28B9044B1B68DB07CED5E5
:1089300000BEF8BDA41BEC800120F8BDF0ED00E006
:10894000C28832B9654B1B68DB0700D500BE00202A
:108950007047F0B40378624803EB830403EB4403ED
:10896000C058831803D08E781C7BA64207D95B4B76
:108970001B68D90700D500BE0020F0BC70472EB997
:10898000012C01D90120F8E701268E7001248C60AA
:10899000C1F80E404C7700256FF03F0481F822505B
:1089A0008C766FF003056FF06404CD760C774D4D37
:1089B000C1F81E50082481F82340825CB3F80D40B2
:1089C00014441C441344A342D1D2474F9D78102D28
:1089D0000CD827FA05F0C04310F0010006D1DA7870
:1089E000964203D107E05A78242AEFD01A7813442C
:1089F0009C42F8D8BBE79C42B9D0062D06D0102D7A
:108A000004D0042DB9D1012248730A73CF781A79A2
:108A1000974218D81FB9012AB4D80127CF701A7805
:108A20001A44A2420FD2967806F0FD0CBCF1050F55
:108A30000FD0112E03D10CE05678242EF3D01678E7
:108A400032449442F8D8254B1B68DA0794D500BE0F
:108A500093E7D678B742F2D19442F4D0D1F81240DD
:108A60008CB9062D30D0102D2ED0042D09D1B2F89E
:108A70000560B2F807505C7D05FB06F304FB03F4C8
:108A8000E408C1F812404B6863B9557E012D3FF6EA
:108A900079AFD2F81A3025B9D2F81E209A427FF465
:108AA00071AF4B60114AA2FB03235A0BCBD0631E5C
:108AB0001344B3FBF2F30233B3F5807F28BF4FF4C6
:108AC0008073C1F816305DE7B2F80530B2F80740A0
:108AD00004FB03F42401E408D3E700BFF0ED00E059
:108AE0007C70002003010101501001005917B7D11B
:108AF0002DE9F84F0B785D4C03EB83050E4603EB35
:108B000045030989E7589146804679B13944CB78C5
:108B100003F00303012B00F09480738933B13B44CD
:108B2000DA7802F00302012A00F091807488B58897
:108B300000233C44B381F38133827382B382F38296
:108B40003D44A278AC4238BF134609D29A4203D1C1
:108B50000CE06378042B06D023781C44A542F8D897
:108B60000020BDE8F88FA3789A42F5D1E3789945C3
:108B7000F2D1A542F4D994F804A0BAF1020F15D8A5
:108B8000E31BF380B9F1000F16D023781C44BAF12F
:108B9000000F4CD04FF0000B06E06378052B28D077
:108BA000042B03D023781C44A542F6D8304B1B6815
:108BB000DA07D5D500BED3E7737F012B12D006F1BB
:108BC0001E03494686F81D90A6F81890A6F81A903C
:108BD0001846302212F09AF801463046FFF7B0FEF0
:108BE0000028BDD023781C44BAF1000FD2D1012057
:108BF000B7E7E37803F00303B9F1000F01D0012BCD
:108C000018D0022BACD12146404601F0FDFD28B31F
:108C100006EB4B03E21B1A8122780BF101039A4504
:108C200014444FF0010BBFD8B9F1000FDFD002237D
:108C30007377DCE7A388B269C3F30A039342E2D2F5
:108C40008EE700233381897801F08EFE65E70022EC
:108C500072819978404601F087FE67E7044B1B68F4
:108C6000DB077FF57DAF00BE7BE700BF7C70002097
:108C7000F0ED00E010B4064C06480023C4E90033D0
:108C80001946C4F807304E225DF8044B12F03EB886
:108C90007C700020887100200120704710B4064CC1
:108CA00006480023C4E900331946C4F807304E22B1
:108CB0005DF8044B12F02AB87C7000208871002007
:108CC0002DE9F0414B790E2B04D04FF000084046BF
:108CD000BDE8F0818B79012BF7D1CB79012BF4D151
:108CE0003E4E33682BB13E4B1B68DB07EDD500BE13
:108CF000EBE714460F461A46314605463760B48006
:108D0000FFF7D2FD0028E0D0F2883368B978134429
:108D10003C44A74293F814C03B4605D308E05A7878
:108D2000042A4DD00B2A4BD01A7813449C42F6D813
:108D3000BCF1000F4ED02B494A88002AD3D1D81B52
:108D40001FFA80F83272A1F802809C4293F802E088
:108D50000A8098BF034605D80BE05A78042A2BD026
:108D60000B2A29D01A7813449C42F6D8DB1B1FFA31
:108D700083F80022BCF1010FA1F804804A77B2D138
:108D800017FA80F017FA83F3984281780AD2827832
:108D90008A4203D118E04278042AF8D002781044BD
:108DA0008342F8D8284600220E49FFF7A1FE00288A
:108DB0008BD0A6F804808AE79A787245D2D0D5E79E
:108DC0009A788A42B0D0B3E7C278012AE6D18342CA
:108DD000EFD1E7E7DB1B1FFA83F8EAE77C7000209E
:108DE000F0ED00E0887100202DE9F047167806F0DC
:108DF0001F04012C8CB004D0002420460CB0BDE828
:108E0000F087DFF8F892B2F804C0D9F80070804615
:108E100015465FFA8CF317B1BA789A422CD0B44F4A
:108E20007C88002CE9D03A7802EB820002EB400209
:108E300059F802E07444A2789A42DDD1C6F3411693
:108E4000F3B2002B00F09C80012B12D15FEA1C2CA6
:108E50000FD16B881B0A022B00F02E81062B00F02D
:108E60001781012B00F0F580A24B1B68DB0700D5B2
:108E700000BE07233B77BFE7C6F34116F4B2002CD0
:108E800047D0012C25D15FEA1C2C26D0B9F806204A
:108E9000BB18B95CDA89114419448B420ED29A7816
:108EA000023A052A06D8DA78624503D107E05A78F3
:108EB000242AF4D01A7813449942F8D849B10023EF
:108EC00089F80930012498E78A4B1B68D90700D537
:108ED00000BE072389F809308EE76B881B0A012B37
:108EE00000F09580022BEFD16B78812B00F0478149
:108EF000862BE9D10129E2D10B46404629467E4A1C
:108F000001F070FD0028DAD1FF2389F80930002430
:108F100073E76B780A2B4AD00B2B3ED10129CED1B7
:108F2000EB88002BF0D1B9F80630FA181179A9B105
:108F3000F85CD189537A0144034413440A449342B0
:108F400005D395E119780B449A4240F29181597802
:108F50000529F7D19978404601F006FD0026A9F8C9
:108F600006606A8865494046FFF79EFC0446002873
:108F7000CAD02946404601F01DFD89F809603CE74A
:108F80006B780A2B27D00B2B7FF46EAF012900F0F2
:108F9000BD8000233B7701242FE7564B1B6813F05D
:108FA00001032FD107221C4689F8092025E7012952
:108FB00085D1EB88012BA7D1B9F80620BF18A3D023
:108FC0000CAAF97802F8301D294601F00BFD044681
:108FD0000028D2D198E70129DBD1EB88012B35D1CC
:108FE000FB889BB31EEB030330D00CAADB7802F89E
:108FF000303D40460B46294601F0F4FC044628B3B8
:109000003E77FAE600BE072389F80930F5E66B786B
:10901000812B00F0D180862B00F0BE80012B7FF4E5
:1090200053AF012900F0CB8002297FF448AF344BC5
:10903000002B3FF444AF99F80A100020AFF30080F2
:10904000B0FA80F489F809006409D6E6FF233B777B
:10905000D2E67B7F0BB187F81DC06C78842C61D879
:10906000822C65D2012C00F00A81812C7FF4FCAEA9
:1090700001298ED1EB883BB1294640463023214A55
:1090800001F0B0FC002884D1FF233B770024B4E634
:109090006B78812B00F0A180862B7FF4E5AE01294F
:1090A0007FF477AF294640460123134A01F09AFC2A
:1090B00000287FF46EAFE7E76B78812BD8D040F2C1
:1090C000B080852B00F09780862B7FF4CDAE0129F0
:1090D0007FF45FAFEB88012BD6D10B464046294683
:1090E000094A01F07FFC00287FF453AFCCE700BFB2
:1090F00088710020F0ED00E06DDD03007C70002041
:1091000000000000A67100206EDD03006A88394669
:109110004046FFF7EDFC002898D02946404601F074
:1091200049FC36E7862CD2D065D3872C7FF49CAEE1
:1091300001297FF42EAFEB88002BA5D0B64EE9466F
:1091400006F1300A30687168B268F368CC46ACE862
:109150000F0010365645E146F4D19DF80210002963
:1091600040F09F80832C00F08381872C00F0648185
:10917000822C00F0618108233B7700243DE6012921
:109180007FF49DAE294640460123A44A01F02AFC03
:1091900000287FF494AEB7E601297FF490AEEB8807
:1091A000012B7FF4B1AE294640469D4A01F01AFCDE
:1091B00000287FF484AEA7E601297FF480AEEB8817
:1091C000012B7FF4A1AE294640460123954A01F0C8
:1091D00009FC00287FF473AE96E601297FF4D9AE2E
:1091E0000B464046294607F11C0201F0FBFB002814
:1091F0007FF4CFAE48E701297FF4CBAEEB88022B9A
:109200007FF442AF0CAA302122F8301D4046294697
:1092100001F0E8FB044600283FF436AF00233B771B
:10922000EBE5012B7FF420AE01293FF425AF0229A5
:109230007FF4AFAE7849A1F11E00FFF781FB044631
:1092400060B3794B7A6BBA613BB1734A79783878FD
:10925000AFF3008000287FF49CAE74490023022005
:109260004FF480720880C7E903337B61BA83C4E599
:109270006F4B1B68D8077FF547AE00BE44E6012957
:109280003FF4FAAE02297FF484AE6349A1F11E00D7
:10929000FFF756FB044600287FF47BAE08233B779C
:1092A000ABE59DF8030000287FD1FA88002A3AD068
:1092B0001EEB020337D01EF80220B3F80D005D4EFE
:1092C00010441844134498420FD99A78102A04D8AD
:1092D00026FA02F2D20700F1D5801A781344984298
:1092E000F1D95A78242AF8D1EDE70346832C5AD0D5
:1092F000872C4CD0822C7FF43EAF01218DF80310D7
:109300001A781A44904237D9947804F0FD06052E55
:1093100010D0112C0ED0147822449042F2D95478F7
:10932000242CF8D1EEE7424B1B68D9077FF523AF19
:1093300000BE20E7D478A142EDD1997806291DD04E
:1093400010291BD004297FF416AFB2F80510B2F82B
:1093500007205B7D02FB01F203FB02F3DB08CDF883
:1093600012306A4629464046302301F03BFB044652
:1093700000283FF489AE51E70246DEE7B2F8051057
:10938000B2F8073003FB01F31B01DB08E7E79A782B
:10939000062A06D0102A02D0042A7FF4ECAE997D6A
:1093A000ACE79979AAE71979A8E7019B002BD8D1F6
:1093B000FA88002AB7D01EEB0203B4D01EF802E0F0
:1093C000B3F80D20DFF86CC072449E1873449E42BF
:1093D0000ED99A78102A03D82CFA02F2D20756D462
:1093E0001A7813449E42F2D95A78242AF8D1EEE72B
:1093F00033461A7813449E4264D99A7802F0FD01EC
:10940000052948D0112A46D01A7813449E42F2D931
:109410005A78242AF8D1EEE7A67100208570002042
:109420006EDD0300867000200000000088700020C0
:10943000F0ED00E05010010001238DF8023001230F
:109440004FF00112029300230392ADF810304FF653
:10945000C0428DF8223040F29B13ADF81A20ADF8CF
:109460001C30404ACDF81E2008238DF8233078E7C1
:10947000FB88002BE3D01EEB0303E0D01B7B8DF8B1
:109480000230DCE7DA7891427FF427AF2EE7DA7812
:109490009142A5D1ADE7DA789042B5D1823C052C56
:1094A0003FF669AE01A252F824F000BF2D950200EC
:1094B00011950200F3940200779102007791020067
:1094C000C99402003346E9E7D3F8151042F210734D
:1094D000B1FBF3F3019100293ED0DDF812208BB9E6
:1094E000931CB3F5807F28BF4FF48073CDF81630FE
:1094F00037E75A7E72BBD3F8221042F21073B1FBE9
:10950000F3F3E7E7013A1A44B2FBF3F30233E8E777
:109510005A7ECAB1053203EB8202D2F80210D3F8A8
:109520001A3042F21072B3FBF2F3D3E75A7E72B1F3
:10953000053203EB8202D2F80220D3F81A1042F26D
:109540001073B2FBF3F3C5E7D3F81E10E7E7D3F8C7
:109550001E20F2E7002301930023ADF81630ADF88A
:109560001830FEE6030101012DE9F84F334C238941
:1095700053B12278324F02EB820502EB45057D594B
:109580002B449F788F420AD02E4B1B68DB0703D5F4
:1095900000BE0020BDE8F88F0020BDE8F88FD4E9B8
:1095A00004369E4205460BD327490023C4E9033302
:1095B000636119B161781046AFF300800120E9E7DB
:1095C00001F046F90028E7D0DFF88090A36999F808
:1095D0000000D4E9042BA2EB0B0808EB00069E4226
:1095E00028BF1E46B04213D9164B1B6813F0010367
:1095F00001D000BE002339462846144A01F048F93C
:109600000028DBD10F4B1B68DA07C5D500BEC1E7C8
:10961000E168A6EB000A59444844524611F052FB57
:109620000BEB0A03D0456361B3B2E4D199F8012092
:1096300042F0020289F80120DDE700BF88710020B6
:109640007C700020F0ED00E0000000008870002039
:109650002DE9F041B2F5004F9DF8188030D804464E
:10966000C0681E460F46154618B14FF0FF310DF089
:1096700079FF206918B14FF0FF310DF073FFE288D8
:10968000E068276066F30E02C2F30721002368F347
:10969000C711E2806381A580E171238118B11A4668
:1096A00019460DF017FB206938B100231A461946F8
:1096B0000DF010FB0120BDE8F0810120BDE8F08134
:1096C0000020BDE8F08100BF03894289808892B202
:1096D0009BB2934236BFC2EB40029B1A9B189BB2CF
:1096E000984228BF18467047028943899BB2981A4E
:1096F000B0FA80F04009704703894289808892B2AD
:109700009BB2934236BFC2EB40029B1A9B189BB29E
:10971000984286BFC01A80B2002070472DE9F843F6
:10972000054600690E46174618B14FF0FF310DF09F
:1097300019FF2B896989A8889BB289B28B4236BFF1
:10974000C1EB40045C1AE418A4B2002C4AD0A04239
:1097500006D283422CBF191A191889B269810446AE
:10976000BC4228BF3C468842A4B203D8091A89B239
:109770008842FBD9EA882B68401AC2F30E0887B2E8
:109780001FFA88F2BC4202FB013125D917FB08F908
:109790001FFA89F94A46304611F094FAE21B12FB8F
:1097A00008F206EB090092B2296811F08BFA6A8977
:1097B000A88892B211198BB29A4215D940001B1A8F
:1097C0009BB228696B8120B100231A4619460DF01F
:1097D00081FA2046BDE8F88302FB04F2304611F01E
:1097E00071FAE4E769898BB240008342E9DBE6E77E
:1097F00038B5054600690C4618B14FF0FF310DF041
:10980000B1FE29896B89AA8889B29BB2994236BF79
:10981000C3EB4200C81A401880B200B3824209D29A
:1098200091422CBF8B1A8B189BB29A426B8103D842
:109830009B1A9BB29A42FBD9EA882968C2F30E02AE
:10984000204602FB031111F03DFA0124286920B1E2
:1098500000231A4619460DF03DFA204638BD04464D
:10986000F4E700BF2DE9F0471446002A4FD0054623
:10987000C0680F4618B14FF0FF310DF073FEEA7962
:109880002E896989AB88D209B6B289B242D18E429B
:1098900036BFC1EB4301711A891989B2994252D27C
:1098A000591A89B28C42E88828BF0C46C0F30E08CA
:1098B000B342304603D8C01A80B29842FBD21B1A7A
:1098C0002A681FFA83F9A14508FB002047D219FB3B
:1098D00008FA1FFA8AFA5246394611F0F3F9A4EB56
:1098E000090212FB08F207EB0A0192B2286811F094
:1098F000E9F9A3199BB2AA88B3424FEA420201D305
:10990000934201DB9B1A9BB2E8682B81F8B9204691
:10991000BDE8F087E8889C42C0F30E080FD28E4263
:1099200023D3721A92B2580022448242C0DBCE186E
:10993000361BB6B2B14220D9361AB6B2B8E7E41A2D
:1099400008FB0477B3B9E86800240028DFD00023BF
:109950001A4619460DF0BEF92046BDE8F08708FB0F
:1099600004F2394611F0AEF9C3E75800421A324406
:1099700092B2D9E70E461C4698E7B04298DCDBE786
:1099800010B50446C06818B14FF0FF310DF0EAFD84
:10999000206918B14FF0FF310DF0E4FDE0680023BD
:1099A0006381238118B11A4619460DF093F9206995
:1099B00020B100231A4619460DF08CF9012010BD84
:1099C00038B5C379B1EBD31F1FD00446C0680D462C
:1099D00018B14FF0FF310DF0C5FD206918B14FF0FF
:1099E000FF310DF0BFFDE379E06865F3C713E37164
:1099F00020B100231A4619460DF06CF9206920B1F8
:109A000000231A4619460DF065F9012038BD00BF44
:109A1000704700BF704700BF0020704700207047AC
:109A2000704700BF704700BF704700BF704700BF5E
:109A3000024B5878003018BF012070473072002068
:109A4000024B1878C0F38000704700BF30720020CE
:109A5000024B1878FF3818BF0120704718610020AA
:109A60002DE9F047374E3378FF2B82B004D0012523
:109A7000284602B0BDE8F087002946D03822884643
:109A800007460021304811F041F9304B304900259C
:109A900001201D700DF0F8FA2E4B1860002834D00C
:109AA0002D4C2346626833F80C0B618800950DF04D
:109AB0009FF8A16805460DF02FFF284B1D6075B378
:109AC000274B23B12748AFF30080274B1860254C64
:109AD000DFF89CA02278DFF8909000252B460EE05E
:109AE000D9F8003013EB45130FD05B686BB1984782
:109AF00022780135EDB2511DA9422B4615DBAA4251
:109B0000EED89B1A0AEB4313EFE7184B1B68DA07F2
:109B100000D500BE0025284602B0BDE8F087134BF3
:109B20001B68DB07F6D500BEA2E741463846377012
:109B300001F050FE05460028F1D0384601F04CFEF9
:109B400096E700BF186100203072002030730020BB
:109B5000E071002068720020BC6000206C72002060
:109B600000000000DC710020D8710020F0ED00E062
:109B700070DD0300B94B1B78FF2B00F0A1812DE9AC
:109B8000F04F04468BB04FF47A7200238002A10D8F
:109B900010F062FEB24DDFF8E4B2B24E8246671CAE
:109BA000286800F02481002C00F02181BAF1000F18
:109BB00014BF5246012207A90DF042FBC0B19DF827
:109BC0001D30013B072B00F21481DFE813F0F20097
:109BD000D300CA00BF00B700410014000800089B72
:109BE0000BB10998984728680DF068FE0028D6D177
:109BF0000BB0BDE8F08F9DF820109B4B01F07F0764
:109C000003EB470303EBD11393F826006FF3000037
:109C100083F8260093F826006FF3820083F826006D
:109C2000002F00F04581914A1B7D12789342C0F0CD
:109C30003381501D9842C0F234819B1A0BEB4313C1
:109C40009F699DF82120099B9DF81C00B847CAE731
:109C5000874A1378002B00F024811378013BDBB294
:109C60001370137803F0FF00002BBCD1DFF8F891DC
:109C70009DF81C8099F8003043F0010389F800300A
:109C800099F8263060F3000389F8263099F82630D9
:109C900060F3820389F8263099F8273060F30003D7
:109CA00089F8273099F8273060F3820389F8273044
:109CB00000F002FF9DF8203003F06002602A00F0FF
:109CC0000681402A00F00A8103F01F03012B00F0F7
:109CD000D581C0F01281022B40F0F9809DF824104C
:109CE00001F07F07082F00F2F2807B00C809019382
:109CF0004B44034400905D481F7D03789F4280F0F1
:109D00000F82336803EB4717002A00F0108257B127
:109D1000786900F0D1FE7B69404608AA0121984786
:109D200000287FF460AF9DF81C00002101F0BEFF09
:109D300080219DF81C0001F0B9FF54E74A4B1B78C5
:109D4000D8077FF550AFFFF771FE4CE7464B1A7806
:109D5000D7077FF548AF1878C0F3C000FFF764FE5F
:109D600041E7414BDB78D9077FF53DAF0898FFF716
:109D700051FE38E73D4F9DF81C903A7800239846F5
:109D800010E0336813EB481300F08080DB6848462E
:109D900098473A7808F101085FFA88F8511D88451C
:109DA000434645DC9045A3EB0203EAD30BEB431398
:109DB000ECE72E4F9DF81C903A78002398460FE070
:109DC000336813EB48135BD0DB68484698473A7812
:109DD00008F101085FFA88F8511D884543460FDCF9
:109DE0009045A3EB0203EBD30BEB4313ECE72246C6
:109DF000E1E6204B1B68DA077FF5F5AE00BEF2E620
:109E000038220021184810F081FF1B4A4FF0FF3321
:109E1000C2E90533C2E90033C2E90233D3611384D6
:109E2000136100F03FFE104B9DF820209A70DAE697
:109E3000382200210C4810F069FF0F4A4FF0FF3321
:109E4000C2E90533C2E90033C2E90233D3611384A6
:109E5000136100F027FEFFF7E5FDC4E6186100205E
:109E60006C720020D871002030720020DC7100205C
:109E700030730020F0ED00E03472002070DD03004C
:109E8000A44B1B68D907CCD500BECAE7A14B1B6801
:109E9000DA07DED500BEDCE7326812EB43137FF44D
:109EA000CFAE9C4B1B68DB077FF5A2AE00BE9FE6E2
:109EB000099B9DF821209DF81C0000F013FE92E6FE
:109EC0007047FCF7F3FC0246002840F0E981914B13
:109ED0001B68DA077FF527AF00BE24E78E4800280D
:109EE0003FF421AF00F0E8FD404608AA0121FCF74D
:109EF00025FF00287FF477AE15E7202A00F0F180D7
:109F0000002AE4D19DF82130092BE0D801A252F8B3
:109F100023F000BF3BA002001BA00200CF9E020066
:109F20005DA00200CF9E0200FD9F0200A99F0200DB
:109F3000CF9E0200939F02003D9F02009DF82230B9
:109F400001931A4699F801309A4200F0548199F829
:109F50000130002B40F05481019B89F80130002B27
:109F600000F04781581EC0B2FCF7A0FC18B143783E
:109F7000022B00F0C181674B1B68DB0700D500BED8
:109F8000644B1B68D80700D500BE002389F8013058
:109F9000C9E60AAA99F8013002F80E3D40460123AD
:109FA00008A900F01FFD1EE6BDF82200030A5A1E94
:109FB000C0B20E2A3FF6B7AE01A151F822F000BFA1
:109FC000B3A202008FA202007FA20200279D02001E
:109FD000279D020061A202008FA20200279D0200BD
:109FE000279D0200279D0200279D0200279D020059
:109FF000279D0200279D0200E3A2020008A800F0AE
:10A0000061FD40469DF8221001F0ECFB99F800300C
:10A0100043F0020389F80030E5E5BDF82230012B5A
:10A020007FF481AE99F8003040466FF3C30308A96E
:10A0300089F8003000F0BEFCD5E599F800309908A9
:10A0400001F00201C3F340130AAA0B4322F80E3DAC
:10A050004046022308A900F0C5FCC4E5BDF8223043
:10A06000012B7FF460AE99F80030404643F00803BE
:10A0700008A989F8003000F09DFCB4E59DF8243073
:10A080000F2B3FF650AE4B44244A1B791778BB4246
:10A0900038D2376817EB43173FF445AE786900F0C4
:10A0A0000BFD7B6908AA01214046984700287FF4F0
:10A0B0009AAD9DF8203013F060077FF434AE9DF820
:10A0C00021300A3B012B3FF62EAE00F0F5FC9DF847
:10A0D00021300A2B00F0FC8008A9404600F06AFC01
:10A0E00081E59DF824300F2B3FF61DAE4B440B4A03
:10A0F0001B791778BB4260D2376817EB43173FF4E0
:10A1000012AE05E67A1D9A42FFF60DAEDB1B0BEB95
:10A110004317C3E7F0ED00E03D6D0200DC71002065
:10A12000581DB84239DA002A7FF4FDAD17469DF874
:10A130002130012B03D036D3032B7FF4C8AEBDF8FA
:10A1400022200292AAB9B84A012B10783DD001F022
:10A15000ADFD019B009A4B44134493F8262042F036
:10A16000020283F8262093F8262042F0010283F8A9
:10A170002620002F3FF437AD786900F09DFC7B6905
:10A18000012108AA40469847002000F095FC99F864
:10A190002730D9073FF527AD9EE7FB1A0BEB431796
:10A1A000002AC4D0B4E5019B009A4B4413442033E9
:10A1B0000AAA9B79C3F3400348E77A1D9A42FFF647
:10A1C000B2ADDB1B0BEB4317A2E501F097FD019B42
:10A1D000009A02994B44134493F8262061F34102FC
:10A1E00083F8262093F8262061F3000283F82620C6
:10A1F000BFE7FFF717FC404608A900F0DBFBF2E4DD
:10A200000021404601F000FB404601F09FFB874FD4
:10A2100099F802300293002300943A781C460CE02F
:10A220000BEB4313DB68404698473A780134E4B2BD
:10A23000501D8442234600F3CE809442A3EB0203D8
:10A24000EED2336813EB4413ECD1794B009C1B68BE
:10A25000DB0700D500BE9DF8083089F802307BE6A8
:10A26000FFF7DAFB024600283FF45DAD4046137865
:10A2700008A900F0B7FB00287FF4B5AC53E5BDF8A2
:10A280002410FCF719FB02460028EFD14BE5022B06
:10A290003FF417AEFFF7C2FB024600283FF443AD80
:10A2A0004046538808A900F09DFB00287FF49BAC32
:10A2B00039E5FCF7F7FA024600283FF408AE4046BD
:10A2C000122308A900F08EFB00287FF48CAC2AE54D
:10A2D0000AAA08A902F80E7D4046012300F082FB7D
:10A2E00081E4544B002B3FF41EADFCF723FD0246E6
:10A2F00000283FF418ADD3E7C27999F80030511126
:10A3000061F30413921162F3451389F80030438816
:10A31000CDF81080CDE900A4C318039300F109071C
:10A32000039BBB4237D97B780B2B03BF3B7897F855
:10A3300003A0FF184FF0010A7B78042B43D1039B45
:10A340003A4ACDF814A0DB1B00219BB2029112788F
:10A3500088469A4617E0346814EB481433D05246C6
:10A360003946049823699847082808F1010201D961
:10A37000824543D22D4B5FFA82F81A78CDF80880D7
:10A38000511D88451CDC029B9045A3EB0202E2D3E1
:10A390000BEB4214E3E7DDF81080DDE900A4FFF7E2
:10A3A0003FFB28E70246434604463946224802F06E
:10A3B000B1FA1E4B029A1B78053393422744AFDA59
:10A3C000DDE900A4D7E51A4B1B68DF07DDE900A42F
:10A3D0007FF5D6ADD3E5382200211848009C10F057
:10A3E00095FC174A4FF0FF33C2E90533D36113845C
:10A3F000C2E90033C2E9023313612CE7DDF814A08F
:10A40000BAF1010F1ED00021CBB2534501F1010179
:10A41000C8D2BA78134459FA83F31A79FF2AD2D1F1
:10A4200083F80480F0E700BF18610020DC71002091
:10A43000F0ED00E0356D0200447200203072002023
:10A440003472002023690A4A0A498B4208BF4FF040
:10A45000020A9342D7D17B79012BD4D1BB79012B4E
:10A46000D1D1FB79002B08BF4FF0020ACBE700BF28
:10A470005D7902001D7102002DE9F0434378023B33
:10A4800085B005460E46042B0CD8DFE803F0495D85
:10A49000037E3F00844B1A78D70715D51A7842F00F
:10A4A00004021A70814B18688EB933464FF0FF32A0
:10A4B00029460CF00FFC003018BF0120F0B97C4B8E
:10A4C0001B68DB0700D500BE05B0BDE8F08304AA19
:10A4D000002342F80C3D29460CF00CFE019B43B1D1
:10A4E000744B4FF080525A6040BFBFF34F8FBFF3A1
:10A4F0006F8F003018BF01200028E0D03246697805
:10A500002878FFF785FA05B0BDE8F0836A4A13782A
:10A510000133DBB21370654B1868002ED7D1C4E746
:10A52000614B1A786FF300021A701A7800216FF3EA
:10A5300041021A7059701A7861F382021A705B4BEB
:10A540001868002EC3D1B0E75C4FDFF874913978FA
:10A55000DFF87081002423460AE0D8F8003013EBBE
:10A5600044130AD10134E4B24A1DA242234615DB4A
:10A570008C42F2D35B1A09EB4313DB69002BF1D059
:10A580006968287898473978ECE7474B1A78D407F8
:10A590009AD51A786FF382021A7083E7424C2378B7
:10A5A00058072FD5237841496FF3820323702B7806
:10A5B0008DF8043005220023CDF80A30CDF806309E
:10A5C000ADF80E3008688DF80520002E59D004AA89
:10A5D00001A942F8103D0CF08DFD009B43B1354BB5
:10A5E0004FF080525A6040BFBFF34F8FBFF36F8F61
:10A5F000003018BF012000284DD12D4B1B68D90712
:10A6000000D500BEE378DA077FF55EAF274A2B78E6
:10A61000696810688DF8043003220023CDF80A30F1
:10A62000CDF80630ADF80E3002918DF80520F6B168
:10A6300004AA01A942F8103D0CF05CFD009B43B157
:10A640001C4B4FF080525A6040BFBFF34F8FBFF397
:10A650006F8F003018BF012000283FF430AF324622
:10A660009DF805109DF80400FFF7D2F92CE733465A
:10A670004FF0FF3201A90CF02DFB003018BF012074
:10A68000EAE733464FF0FF3201A90CF023FB00301C
:10A6900018BF0120AFE732469DF805109DF8040071
:10A6A000FFF7B6F9AEE700BF307200206C720020F1
:10A6B000F0ED00E000ED00E030730020DC710020E0
:10A6C00070DD0300D87100202DE9F84F0A9F002AA1
:10A6D0004CD090464A78052A0C460ED1CE7806F02A
:10A6E0000306B34209D18A7802F07F02082A0DD905
:10A6F000204B1B68DA0700D500BE1E4B1B68DB072A
:10A7000002D40020BDE8F88F00BEFAE7DFF868B099
:10A71000DFF868A09BF8009000250EE06278052A1B
:10A72000EBD1E27802F00302B242E6D1A27802F065
:10A730007F02082ADCD89BF800909AF802100022C9
:10A74000204602F095F80028D2D04846214601F074
:10A750006FF80028D1D0A278D30916BF0B9B3A70AE
:10A760001A702278013545451444D7D10120BDE83F
:10A77000F88F00BFF0ED00E018610020307200207B
:10A7800030B51E4D85B0082400230290019303913B
:10A790008DF805402868144682B9134601A94FF088
:10A7A000FF320CF097FA003018BF0120E0B9144BCB
:10A7B0001B68DB0700D500BE05B030BD04AA01A9A7
:10A7C00042F8103D0CF096FC009B43B10D4B4FF04E
:10A7D00080525A6040BFBFF34F8FBFF36F8F00307E
:10A7E00018BF01200028E2D022469DF805109DF8F0
:10A7F0000400FFF70DF905B030BD00BF6C720020FA
:10A80000F0ED00E000ED00E038B58B7803F07F0359
:10A81000082B06D90B4B1B68DB0700D500BE0020B8
:10A8200038BD094A094B0C46204691781D78002214
:10A8300002F01EF80028EDD021462846BDE8384039
:10A8400000F0F6BFF0ED00E030720020186100204B
:10A85000CB09263301F07F010348044A03EB410191
:10A860000844116801F0BABF3072002068720020FD
:10A87000CB09263301F07F010348044A03EB410171
:10A880000844116801F0D6BF3072002068720020C1
:10A8900038B5154C01F07F0504EB450404EBD114E9
:10A8A0002034A079C00706D5104B1B68DA0700D505
:10A8B00000BE002038BDA5790D4845F0010500789F
:10A8C000A57101F0F1F80028F4D1A379074A60F3EB
:10A8D0000003A371A37960F38203A3711368DB07FC
:10A8E000E7D500BE38BD00BF30720020F0ED00E0BB
:10A8F00018610020054B01F07F0203EB420303EBDC
:10A90000D11191F8260000F001007047307200204C
:10A9100010B50C4B18780C4601F0C8F90A4904F040
:10A920007F0301EB430101EBD41191F8263043F092
:10A93000020381F8263091F8263043F0010381F8B4
:10A94000263010BD1861002030720020054B01F048
:10A950007F0203EB420303EBD11191F82600C0F311
:10A96000400070473072002010B50F4B18780C462D
:10A9700001F036F80D4904F07F0301EB430101EBD0
:10A98000D41191F826306FF3410381F8263091F805
:10A9900026306FF3000381F8263091F826306FF3EC
:10A9A000820381F8263010BD18610020307200202B
:10A9B000704700BF0A4630B4094C49680546106824
:10A9C000234603C30023C4E9023392F900209A42CC
:10A9D0002846ACBF802119461A4630BCFFF758BF45
:10A9E00074730020F0B50E462B4C4968074630685A
:10A9F000A260254603C50021E181F588AB4228BF4E
:10AA00002B4683B0A381ADB13BB3002A3DD094F96E
:10AA10000000402B28BF402300282CDB1F4A38466B
:10AA2000FFF736FF98B91E4B1B68DB0712D500BE37
:10AA300003B0F0BD96F90030002BACBF802100219F
:10AA400038462B462A46FFF723FF0028EBD001208B
:10AA500003B0F0BD002003B0F0BD94F90020002A3F
:10AA6000ACBF194680211A463846FFF711FF00286F
:10AA7000D9D00120ECE71146084801931A4610F09E
:10AA800021F9064A019B8021EEE7054B1B68D90797
:10AA9000E0D500BE1046CBE774730020347300206D
:10AAA000F0ED00E0034B0022C3E90022C3E90222DB
:10AAB0001A61704774730020014B1861704700BF22
:10AAC000747300200346064A5968006810B41346A0
:10AAD000002403C3C2E902445DF8044B704700BF81
:10AAE0007473002070B5404C2278C909B1EBD21FB5
:10AAF00082B0064615D03BB13C4B1B68DA0700D547
:10AB000000BE002002B070BD2146FFF751FF23694F
:10AB1000002B40D02246304603219847012002B046
:10AB200070BD94F90020A068002A08DB0028E8D056
:10AB30001A462F49019310F0C5F8A068019BE589DA
:10AB4000E2881D44ADB21844AA42A060E58101D05C
:10AB50003F2B23D8236923B1234A0221304698474B
:10AB600088B194F9002000239A42ACBF8021194695
:10AB700030461A46FFF78CFE68B91C4B1B68DB0792
:10AB8000BFD500BEBEE70146304601F08FF8304623
:10AB9000802101F08BF8012002B070BDA28994F9E8
:10ABA0000010531B9BB2402B28BF402300290ADB17
:10ABB00095424FF0000112D00D4A3046FFF768FE73
:10ABC0000028DAD0E7E795420BD001461A4608483C
:10ABD000019310F077F88021054A019BEDE70A46C2
:10ABE000EBE780210022E8E774730020F0ED00E03D
:10ABF0003473002000B170470EF02AB800B17047DE
:10AC00000EF030B80138C3B2042B07D856230D4AD2
:10AC100003FB00F013181B79DB0706D40A4B1B68F3
:10AC2000DB0700D500BE00207047CB09363301F0AA
:10AC30007F0103EB4101054B08441044196801F002
:10AC4000CDBD00BF88730020F0ED00E03875002016
:10AC50000138C3B2042B07D856230A4A03FB00F07D
:10AC600013181B79DB0701D400207047CB0936335A
:10AC700001F07F0103EB4101034B084410441968C4
:10AC800001F0D8BD8873002038750020F0B5441E4F
:10AC9000E5B2042D83B017D8562505FB04F5174EF1
:10ACA00001F07F0405EB4404344404EBD114303448
:10ACB000A779FF070BD5124B186810F0010001D0DF
:10ACC00000BE002003B0F0BD002003B0F0BD1F4661
:10ACD00013460A460146705DA579009745F00105C7
:10ACE000A57100F0BDFB0028ECD1A37960F300034F
:10ACF000A371A37960F38203A371E3E78873002053
:10AD0000F0ED00E02DE9F047764DAF798F4284B049
:10AD100091461E4604465BD0E2234FF0000AA9711B
:10AD20008DF809108DF80830ADF80CA0002E00F059
:10AD3000B380012103AF0DF10808FBF72BFE41465C
:10AD40003A4602232046FBF753FE51462046FBF7C6
:10AD500021FE9DF80C30EB702223D9F800908DF87D
:10AD60000730002E3ED020460121FBF713FE3A4665
:10AD70000DF1070101232046FBF73AFE9DF80C3048
:10AD8000EB704946082300222046FBF731FE20469F
:10AD90000021FBF7FFFD0026102241F2F2032046BE
:10ADA0000121EA71ADF80830ADF80C60FBF7F2FD57
:10ADB0003A46414602232046FBF71AFE314620461A
:10ADC000FBF7E8FD9DF80C30EB7004B0BDE8F087B0
:10ADD000222303AF0DF10808D9F800908DF8073051
:10ADE000002EC0D14FF0FF31E86D0CF0BBFB3146B7
:10ADF0002046FBF709FE20460121FBF7CBFD3A4632
:10AE00000DF1070101232046FBF7F2FD9DF80C3000
:10AE1000EB703246082349462046FBF7E9FD3146F0
:10AE20002046FBF7B7FD20460121FBF7EDFD334639
:10AE300032463146E86D0BF04DFF102241F2F2032D
:10AE40004FF0FF31E86DEA71ADF80830ADF80C60F5
:10AE50000CF088FB31462046FBF7D6FD2046012149
:10AE6000FBF798FD3A46022341462046FBF7C0FD1A
:10AE700031462046FBF78EFD20460121FBF7C4FD3D
:10AE8000334632463146E86D0BF024FF9DF80C3016
:10AE9000EB7004B0BDE8F0874FF0FF31E86D0CF0C7
:10AEA00061FB31462046FBF7AFFD03AF2046012191
:10AEB0000DF10808FBF76EFD3A4602234146204695
:10AEC000FBF796FD31462046FBF764FD2046012145
:10AED000FBF79AFD334632463146E86D0BF0FAFE39
:10AEE00037E700BF3C7500202DE9F04F4B781D0778
:10AEF0000E4685B090460978044662D1DA0600F124
:10AF00004881B26812B1B288002A5AD1E24D03F0EA
:10AF10002006AB7966F07F068B42F6B200F06481C2
:10AF2000E2230027A9718DF809108DF80830ADF8DB
:10AF30000C70B8F1000F00F06C82012120460DF179
:10AF40000C090DF1080AFBF725FD51464A4602237C
:10AF50002046FBF74DFD39462046FBF71BFD9DF8CB
:10AF60000C30EB70F223EE718DF8096000268DF83D
:10AF70000830ADF80C60B8F1000F40F0D980E86DF2
:10AF80004FF0FF310CF0EEFA41462046FBF73CFD56
:10AF900020460121FBF7FEFC4A460223514620468B
:10AFA000FBF726FD41462046FBF7F4FC2046012135
:10AFB000FBF72AFD434642464146E86D0BF08AFE08
:10AFC00045E0B54D13F02007AA7946D1914240F0F3
:10AFD000BE800DF10C090DF1080AB37813F0100FC3
:10AFE0000CBF10222022EA2300278DF809208DF8BB
:10AFF0000830ADF80C70B8F1000F00F0FA800121B4
:10B000002046FBF7C7FC02234A4651462046FBF781
:10B01000EFFC39462046FBF7BDFC9DF80C30EB7089
:10B020007378EB71F222012120468DF809308DF8FA
:10B030000820ADF80C70FBF7ADFC51464A460223E0
:10B040002046FBF7D5FC39462046FBF7A3FC9DF8CC
:10B050000C30EB7005B0BDE8F08F914240F0A1805C
:10B060000DF10C090DF1080AB37813F0100F0CBFA5
:10B0700040228022EA2300278DF809208DF808302D
:10B08000ADF80C70B8F1000F00F0E480012120460B
:10B09000FBF780FC514602234A462046FBF7A8FCFA
:10B0A00039462046FBF776FC9DF80C30EB70328871
:10B0B0002B899A422AD0B788F2887388BF1ABFB208
:10B0C0005B099F4228BF1F4617F0FF0740F0088129
:10B0D0003A23AF708DF8097000278DF80830ADF86D
:10B0E0000C70B8F1000F00F0D98001212046FBF769
:10B0F00051FC514602234A462046FBF779FC39466B
:10B100002046FBF747FC9DF80C30EB7033782B7230
:10B1100073786B727378EB71F22200268DF8093028
:10B120008DF80820ADF80C60B8F1000F3FF427AFA0
:10B1300020460121FBF72EFC51464A4602232046B9
:10B14000FBF756FC31462046FBF724FC7FE7E22361
:10B15000A9718DF80910ADF80C708DF80830B8F1B0
:10B16000000F00F0DE80012120460DF10C090DF1E9
:10B17000080AFBF70FFC51464A4602232046FBF71C
:10B1800037FC39462046FBF705FC9DF80C30EB7088
:10B1900023E7434606F10802FFF7B4FD05B0BDE81A
:10B1A000F08FE2230027A9718DF809108DF808307F
:10B1B000ADF80C70B8F1000F00F0D98001212046E5
:10B1C0000DF10C090DF1080AFBF7E4FB51464A4664
:10B1D00002232046FBF70CFC39462046FBF7DAFB3E
:10B1E0009DF80C30EB703FE70DF10C090DF1080AEA
:10B1F000B8E64FF0FF31E86D0CF0B4F94146204657
:10B20000FBF702FC01212046FBF7C4FB02234A4660
:10B2100051462046FBF7ECFB41462046FBF7BAFBC4
:10B2200001212046FBF7F0FB434642464146E86DCC
:10B230000BF050FD9DF80C30EB707378E86DEB71FE
:10B24000F2224FF0FF318DF80930ADF80C808DF807
:10B25000082097E64FF0FF31E86D0CF083F9414686
:10B260002046FBF7D1FB20460121FBF793FB4A4622
:10B27000022351462046FBF7BBFB41462046FBF725
:10B2800089FB20460121FBF7BFFB4346424641466E
:10B29000E86D0BF01FFD07E73C7500204FF0FF3114
:10B2A000E86D0CF05FF941462046FBF7ADFB204608
:10B2B0000121FBF76FFB4A46022351462046FBF76C
:10B2C00097FB41462046FBF765FB20460121FBF733
:10B2D0009BFB434642464146E86D0BF0FBFC12E700
:10B2E00012238DF80730D6F808B0B8F1000F64D0FB
:10B2F00020460121FBF74EFB4A460DF107010123D1
:10B300002046FBF775FB9DF80C30EB7059463B4629
:10B3100000222046FBF76CFB00212046FBF73AFB9E
:10B32000D6E64FF0FF31E86D0CF01CF9414620469F
:10B33000FBF76AFB0DF10C09204601210DF1080A0B
:10B34000FBF728FB4A46022351462046FBF750FBF9
:10B3500041462046FBF71EFB20460121FBF754FB2C
:10B36000434642464146E86D0BF0B4FC0DE74FF012
:10B37000FF31E86D0CF0F6F841462046FBF744FB40
:10B380000DF10C09204601210DF1080AFBF702FB23
:10B390004A46022351462046FBF72AFB41462046F7
:10B3A000FBF7F8FA20460121FBF72EFB4346424605
:10B3B0004146E86D0BF08EFC12E74FF0FF31E86D6F
:10B3C0000CF0D0F841462046FBF71EFB2046012139
:10B3D000FBF7E0FA4A460DF1070101232046FBF78F
:10B3E00007FB9DF80C30EB7042463B465946204621
:10B3F000FBF7FEFA41462046FBF7CCFA2046012136
:10B40000FBF702FB434642464146E86D0BF062FC07
:10B410005EE64FF0FF31E86D0CF0A4F8414620469F
:10B42000FBF7F2FA0DF10C09204601210DF1080A93
:10B43000FBF7B0FA4A46022351462046FBF7D8FAFA
:10B4400041462046FBF7A6FA20460121FBF7DCFA2D
:10B45000434642464146E86D0BF03CFC7FE500BFA9
:10B460002DE9F04102F07F0CBDF818E0D20981BB54
:10B47000BCF1000F5ED13E4EA6F160077178B47842
:10B4800082F0010262F345110A466FF3041244F0A0
:10B4900010017270B170B278B360032363F30302DA
:10B4A00000258046A6F804E0B270F5802846FFF734
:10B4B000A1FBBC7AC4BB01252046BD72FFF79EFBF1
:10B4C0002246404631462C46FFF70EFD2046BDE899
:10B4D000F08182F00108BCF1000F2ED0254F01222F
:10B4E0003C4604E00132142A04F10C0418D094F80C
:10B4F0006C508D42F6D102EB420507EB850595F8BD
:10B50000615005F00F066645ECD1C5F34015454581
:10B5100004F16C06BFD00132142A04F10C04E6D108
:10B5200000242046BDE8F0812846FFF767FB20464F
:10B53000BDE8F08182F00108D0E70E4F01243D46BE
:10B5400002E00134142CEBD095F86C608E4205F1CA
:10B550000C05F6D104EB4406B60007EB060C9CF88C
:10B5600061C01CF00F0FECD160363E4486E700BF8F
:10B570009C7500203C75002042DF704743DF704718
:10B5800044DF704712DF7047F0B5334CBFF35B8F79
:10B59000014604F590730125D3E84F2FC3E8405FBF
:10B5A0000028F9D1BFF35B8F12F0FF0F48D10829B3
:10B5B00029D04E01A21954F806C028489388284F74
:10B5C00001F5947601EB810E50F82660D2889A1A24
:10B5D00093B2B6B200EB8E0209B2B34228BF334633
:10B5E000C2F800C707EB8100C2F8043747F82150C2
:10B5F000BFF36F8FBFF34F8F1A4B984218D0043BA5
:10B60000984215D0F0BD154BD3F8C024D1030FD408
:10B6100094F80B1161B11449D4F80001C3F8A007E4
:10B62000C3F8A4270D60BFF36F8FBFF34F8FF0BD3A
:10B630000023BFF35B8F84F82031BFF35B8FF0BD35
:10B640000A4B0B485A68C2F30802003218BF0122A5
:10B65000BDE8F040FFF794B88C76002000700240FF
:10B6600028700240507002404870024000ED00E037
:10B67000E9B60200174BBFF35B8F01460122D3E806
:10B680004F0FC3E84C2FBCF1000FF8D1BFF35B8F15
:10B6900010F0FF0F14D10A60BFF36F8FBFF34F8F0D
:10B6A0000D4B994203D0043B994200D070470B4B9D
:10B6B000BFF35B8F002283F82021BFF35B8F7047BD
:10B6C000074B08485A68C2F30802003218BF01222B
:10B6D000FFF756B8AC770020507002408C760020FF
:10B6E00000ED00E075B60200F0B5334CBFF35B8FA0
:10B6F000C1B204F590730126D3E84F2FC3E8406F21
:10B700000028F9D1BFF35B8F12F0FF0F47D1082952
:10B7100028D04D01621954F805E028489388DFF8D5
:10B72000B0C001F5947550F82570D2888D009A1A32
:10B7300093B2BFB26A1800EB8202BB4228BF3B46FD
:10B74000C2F800E76544C2F804374CF82160BFF343
:10B750006F8FBFF34F8F1A4B9D4218D0043B9D4211
:10B7600015D0F0BD154BD3F8C024D1030FD494F8F5
:10B770000B1161B11349D4F80001C3F8A007C3F855
:10B78000A4270E60BFF36F8FBFF34F8FF0BD002370
:10B79000BFF35B8F84F82031BFF35B8FF0BD0A4BA2
:10B7A0000A485A68C2F30802003218BF0122BDE8F5
:10B7B000F040FEF7E5BF00BF8C760020007002402D
:10B7C000507002404870024000ED00E0E9B602000F
:10B7D0002870024001207047014B80225A60704758
:10B7E00000E100E0074BD3F80014D3F80024002058
:10B7F0000A434FF48001C3F80024C3F85801C3F88A
:10B800000413704700700240074B4FF4001229B92F
:10B81000C3F80823054B83F821117047C3F80423AC
:10B82000024B83F821117047007002408C76002093
:10B8300070B48A788C88414EC97802F07F03D509AC
:10B8400005EB430006EB001001F00301C4F30A040A
:10B85000012904812BD0012101FA03F4BDB138483C
:10B8600002339940C0F80413D0F810352343C0F8D0
:10B870001035334B42F48071C3F81825C3F80C150A
:10B88000BFF36F8FBFF34F8F012070BC70472C4800
:10B8900003F10C06B140C0F80413D0F8141503F5F9
:10B8A00094730C43C0F8144540F82350E1E7082B8B
:10B8B00008D0244B186810F00100E6D000BE00202C
:10B8C00070BC7047EDB9B6F818311BB11C4B802223
:10B8D000C3F81C251A4A0023C2F85031D2F80033AD
:10B8E00013F4001308BFC2F85431154B4FF4401243
:10B8F000C3F80423D3F8142542F48072C3F8142546
:10B90000BEE7B6F808210E4B0021C3F82C1112B186
:10B910008022C3F81C250A4AD2F8003313F400131E
:10B9200008BFC2F85431064B074AC3F80423D3F8C2
:10B93000102542F48072C3F81025A1E78C76002010
:10B9400000700240F0ED00E0000820001F4B802254
:10B950002DE9F041C3F88420BFF34F8FBFF36F8F01
:10B9600001241B4D1B4FA0460026A30004F10C022E
:10B97000A11C03F1804303F51C3308FA01F108FA16
:10B9800002F20A43C7F8082328465E6001342022E9
:10B990009E6200210FF0BAF9082C05F12005E4D1D0
:10B9A0000D4BC7F808332022C7F81C6500217E62C2
:10B9B0000A48BE640FF0AAF9C7F81485C7F81085C5
:10B9C000024B80225A60BDE8F08100BF00E100E038
:10B9D000AC76002000700240000830008C77002018
:10B9E00001F07F02082A70B44FEAD11128D0012358
:10B9F00003FA02F0C043B1B1294C951CAB40C4F826
:10BA00000833D4F81055274B2840C4F8100501EB33
:10BA1000420103EB01110023CB72BFF36F8FBFF321
:10BA20004F8F70BC70471E4C02F10C05AB40C4F840
:10BA30000833D4F814551B4B2840C4F81405E6E726
:10BA4000184B03EB01100024A0F808411448D1B1B1
:10BA50004FF40064C0F80843D0F8104524F4807413
:10BA6000C0F81045B3F81841B3F808510C48EC423F
:10BA70004FF0000608BF4FF40014C0F81C6508BF63
:10BA8000C0F80843C3E74FF48014C0F80843D0F867
:10BA9000144524F48074C0F81445C0F85011E1E74F
:10BAA000007002408C76002001F07F004FEAD11C2C
:10BAB000F0B50CEB4005744E2D01771985B0FC7A7A
:10BAC0004CB1724B1C6814F0010401D000BE00247C
:10BAD000204605B0F0BD04F0FF0E7251BB80A7F800
:10BAE00006E0002843D1002B57D0BCF1000F00F036
:10BAF0008E8006EB401100EB8003CD8A8A8A0C8B86
:10BB00000969521B9B0092B203F1804303F51C3379
:10BB1000A24228BF22465E4DC3F8001600B2C3F809
:10BB200004265C4BBFF35B8F05EB80010122D3E859
:10BB30004F4FC3E8472F002FF9D1BFF35B8FE4B21B
:10BB4000002C40F0908045F82020BFF36F8FBFF3AA
:10BB50004F8F514B994202D0043B994219D1BFF308
:10BB60005B8F002386F82031BFF35B8F11E0BCF1BF
:10BB7000000FBED106EB40160123F372BFF36F8FA7
:10BB8000BFF34F8FB37A23B1F37A03F0FF04002B96
:10BB900074D10124204605B0F0BD404AD2F880247B
:10BBA000C2F3C0126245A0D03D4D6A688DF80810FE
:10BBB000C2F3080100314FF4E06218BF012101A86F
:10BBC00003938DF80930ADF80420FEF755FCBFF360
:10BBD0005B8F06F590720123D2E84F1FC2E8403F09
:10BBE0000028F9D1BFF35B8FCCB2002C38D12A4AA0
:10BBF0001360BFF36F8FBFF34F8F1C46BFF35B8F94
:10BC0000204686F82011BFF35B8F05B0F0BD0123FD
:10BC1000204AF372BFF35B8FD2E84F4FC2E8413F37
:10BC20000029F9D1BFF35B8FE4B26CB91D4A1360F0
:10BC3000BFF36F8FBFF34F8FBFF35B8F86F820C1C9
:10BC40001C46BFF35B8F43E7154B16495A681648ED
:10BC5000C2F30802003218BF0122FEF791FD37E758
:10BC60006A680D49F3E70E4B0F485A68C2F30802A1
:10BC7000003218BF0122FEF783FD29E786F80AC0CB
:10BC8000FFF782FC24E700BF8C760020F0ED00E097
:10BC900004700240AC7700205070024000700240F7
:10BCA00000ED00E04C70024075B6020011F07F001C
:10BCB00008B512D008280BD00E4B41F48072C90988
:10BCC000C3F8182504D10C4B03EB40139A7A62B9E0
:10BCD000BFF36F8FBFF34F8F08BD064B01225A652C
:10BCE000BFF36F8FBFF34F8F08BD9972FFF74CFC06
:10BCF000EEE700BF007002408C76002011F0770F55
:10BD000012D00A4B41F48072C3F80C15C3F80C250D
:10BD1000CA09C3F8181504BF01F5947143F821202E
:10BD2000BFF36F8FBFF34F8F704700BF00700240AB
:10BD30002DE9F04FA54BA64CD3F8000300238BB0A0
:10BD40001E461F46012520FA03F11A19C9074FEABA
:10BD5000820209D5116839B105FA03F117600E4363
:10BD6000BFF36F8FBFF34F8F0133192BEBD1F20766
:10BD700000F13582974D330508D5944BD3F8A8369A
:10BD800001229BB2A5F8163185F81C21B70206F4F2
:10BD9000800424D58D4BD3F81425D00540F1FC81C7
:10BDA000002C00F0A182D3F80024D20740F19C823D
:10BDB000D3F81035DA0540F1FB8195F81C3107AF57
:10BDC000002B40F0BD82814BD3F8203508933846D4
:10BDD0004FF440730121ADF81C30FEF74DFB04B366
:10BDE0007A4AD2F8004440F201732340C2F800348A
:10BDF000E30500F15682670510D5744B0122C3F8A4
:10BE000008259A65D3F8002312F4001208BFC3F87E
:10BE100054216E4B4FF40012C3F80423A00500F127
:10BE2000358231023DD5694BD3F880C4D3F88414F0
:10BE3000D3F888E4D3F88C74D3F89084D3F894447E
:10BE4000D3F89804D3F89C245FFA8CF35FFA80FC53
:10BE5000D0B25A06C9B25FFA8EFEFFB25FFA88F816
:10BE60005FFA84F901D105291BD00024224668F32A
:10BE7000070263F3070461F30F2469F30F226EF3E3
:10BE800017446CF3174260F31F6267F31F644FF4AB
:10BE9000C063012107A8CDE90842ADF81C30FEF7C8
:10BEA000EBFA4D4B3340002B40F09181DFF82491A9
:10BEB000464F4D46CA4609F5907800241DE02B44B4
:10BEC000DA7A002A00F0D781DA88AAF80420002262
:10BED000DA72D98809914FF4E063012107A88DF83F
:10BEE00020B08DF82120ADF81C30FEF7C5FABBF16B
:10BEF000080F47D001340AF1200A04F10C0326FA96
:10BF000003F3DB075FFA84FBF1D504EB840307EB53
:10BF10008303DAF80020D3F80807630112FA80F2ED
:10BF2000E918CAF80020CA8880B2024492B2082CEC
:10BF3000CA80C4D0BAF808208242C0D1CA88BAF8F0
:10BF400004109142BBD9BBF1000FD0D10122BFF345
:10BF50005B8FD8E84F3FC8E8412F0029F9D1BFF3E4
:10BF60005B8F13F0FF0F40F052821C490A60BFF351
:10BF70006F8FBFF34F8FBFF35B8F85F82031BFF317
:10BF80005B8FB7E7164B3340002B00F002810F4B5D
:10BF9000D3F86C240192C3F86C24BFF36F8FBFF306
:10BFA0004F8F16F4806600F06E81D3F88024D3F8AA
:10BFB000803483F08003C3F3C0130593C2F3C0132E
:10BFC0000493DFF808A00024A84613E000700240A4
:10BFD000409C00108C760020FCFB1F004C7002403F
:10BFE00000040001002C00F0F281072E52D0013431
:10BFF00009F120090199E14004EB8403C9070AEB28
:10C00000830308EB4412E6B2ECD5D3F80816D9F84E
:10C010001070C9B20F44C9F81070D08A014489B2B7
:10C02000D182A849D08AB9F8145061188900854294
:10C0300002914FF0010C66F07F0103914FF4E06B29
:10C040004FF0000E614607A840F2B480D18AB9F8DB
:10C050001820C3F800766D1AADB2954228BF154678
:10C06000994AC3F80456BFF35B8FD2E84F3FC2E84A
:10C0700041CF0029F9D1BFF35B8F13F0FF0F40F0E0
:10C08000ED80029BC3F800C0BFF36F8FBFF34F8FEB
:10C09000072EACD1019BDB03454601D4059B43B180
:10C0A000EB7A23B1EB88AA889A4200F271810123CE
:10C0B000AB72019B9F030BD595F82B3023B1EB8C12
:10C0C000AA8C9A4200F28881012385F82A30019BCC
:10C0D0005E030DD595F84B3033B1B5F84630B5F861
:10C0E00044209A4200F27D81012385F84A30019B69
:10C0F0001C030DD595F86B3033B1B5F86630B5F843
:10C1000064209A4200F27E81012385F86A30019B07
:10C11000D8020DD595F88B3033B1B5F88630B5F827
:10C1200084209A4200F23881012385F88A30019BED
:10C1300099020DD595F8AB3033B1B5F8A630B5F806
:10C14000A4209A4200F22D81012385F8AA30019B98
:10C150005A020DD595F8CB3033B1B5F8C630B5F8E5
:10C16000C4209A4200F22281012385F8CA30019B43
:10C170001B020ED595F8EB30002B00F0F380B5F8DC
:10C18000E630B5F8E4209A4240F2EC800720FFF751
:10C19000FBF90BB0BDE8F08FD3F81025D1053FF5C2
:10C1A0000CAE95F821211AB94FF40012C3F80823F8
:10C1B00007AF08E6D38A09939DF80C30ADF81CB0A0
:10C1C0008DF820308DF821E0FEF756F90DE70023B9
:10C1D000BFF35B8F85F82031BFF35B8F66E63B4B87
:10C1E0003B4A3C4D3C4800240127C2F81475C2F874
:10C1F0001075546094625C609C629C60DC62DC60E0
:10C200001C631C615C635C619C639C61DC63DC613E
:10C210001C6454629464C2F85841D2F80034D2F8D5
:10C2200000140B43C2F80034D2F80033C2F80833CC
:10C230002146C2F8040328464FF492720EF066FDC0
:10C2400040234FF48072394607A82B832B818DF849
:10C250002040ADF81C20FEF70FF98CE51F4B20485D
:10C260005A680299C2F30802B2EB0E0218BF01220B
:10C27000FEF786FAB9E61B4B1B68D80789D500BEC6
:10C280000BB0BDE8F08FCDE904669AE600220523E5
:10C29000012107A88DF81C208DF81D30FEF7ECF861
:10C2A000BFE50121C2F82C150423002207A88DF850
:10C2B0001C208DF81D30FEF7DFF867057FF5AEAD69
:10C2C0009BE500BF019C0010AC7700200470024089
:10C2D000007002408C7600200514C00100ED00E0E3
:10C2E00075B60200F0ED00E04F4BBFF35B8F01220B
:10C2F000D3E84F1FC3E8402F0028F9D1BFF35B8F6D
:10C3000011F0FF0F32D1494BD3F8C004C70352D408
:10C3100095F80B1101F0FF07002967D04449D5F8C3
:10C320000071C3F8A077C3F8A4070A60BFF36F8F4A
:10C33000BFF34F8FD3F81035D8053FF53EAD37E743
:10C34000B5F816310993002285F81C2188234FF493
:10C35000E06238460121ADF81C20ADF82030FEF730
:10C360008BF830E5012385F8EA3012E7314B32488B
:10C370005A68C2F30802003218BF01220821FEF7F2
:10C38000FFF92A4BD3F81035DB053FF516AD0FE763
:10C390000020FFF7F9F88CE60420FFF7F5F8019B81
:10C3A000C6E60520FFF7F0F8019BD1E60620FFF76F
:10C3B000EBF8019BDCE6BFF35B8F85F82011BFF340
:10C3C0005B8FD3F81035DF053FF5F7ACF0E6049945
:10C3D00000293FF40CAE18E60120FFF7D5F8019BC9
:10C3E00076E60220FFF7D0F8019B81E6BFF35B8F72
:10C3F00085F82071BFF35B8FD3F81035D9053FF571
:10C40000DCACD5E60320FFF7BFF8019B80E6094BC3
:10C410000A485A680A49C2F30802003218BF0122CA
:10C42000FEF7AEF966E500BFAC7700200070024071
:10C430004870024000ED00E0E9B6020075B6020067
:10C440004C70024030B5012885B000F09F8057D372
:10C45000022840D1BA4BD3F80435002B40F0D780E6
:10C46000B74AD2F800341C05FBD54FF40063C2F87C
:10C470000034BFF36F8FBFF34F8FB24AB24B1268D5
:10C480001B68082A00F0D780AD4BB04D80240122F4
:10C49000C3F81C45C3F80423C5F88441FDF7D8FA56
:10C4A000002840F0F880AA4D43F204044FF0804386
:10C4B0002268AA4211D0D3F80C14D3F80C24D0036C
:10C4C000F6D5CA07F4D59E4B0122C3F80425BFF365
:10C4D0006F8FBFF34F8F05B030BD04AA002102F863
:10C4E0000C1D1046FFF74EF89DF804000028E2D01E
:10C4F00010460191FFF744F8019A002AD8D0E2E7EC
:10C500008F4BD3F80025002AE5D14FF480014FF47A
:10C510000062C3F80813C3F80024BFF36F8FBFF3A2
:10C520004F8F884B1B68082B00F0B780844B01228B
:10C53000C3F80025BFF36F8FBFF34F8F43F20402A0
:10C5400003F18D5303F57723126803F2DB539A420C
:10C5500000F0CA804FF08043D3F80C24D3F80C3499
:10C56000D90301D5D207B6D443F20402784B12683E
:10C570009A4200F01881774B00221A601B680193E1
:10C580004FF08043012201991A60A4E76C4BD3F865
:10C590000025002A9FD00022C3F80425BFF36F8F27
:10C5A000BFF34F8F69498020C1F88400BFF34F8FDC
:10C5B000BFF36F8FD3F80013C3F80813C3F8002537
:10C5C000BFF36F8FBFF34F8F43F2040103F18D531D
:10C5D00003F57723096803F2DB53994200F0998051
:10C5E00001AB5D4A012111605C4A5168C1F3080149
:10C5F000003118464FF000024FF0020318BF01212E
:10C600008DF804208DF80530FDF736FF63E743F21F
:10C6100004024F4B12689A4200F0B0804FF0804302
:10C62000D3F80C24D3F80C34DB037FF519AFD5070E
:10C630007FF516AF4FE7032B0AD8494A1168002946
:10C6400040F09880474C49F27530106021601060CE
:10C650005A1E022A10D8424A1168002967D1424D59
:10C660003848394B00681B6849F2753414602960FA
:10C67000146008287FF408AF032B3FF605AF3B4951
:10C680003B4B40F2E370402208601A60BFF36F8FAB
:10C69000BFF34F8FF8E66C6005E72B4B1B685A1E03
:10C6A000022A12D82E4B1A68002A40F08E802E499A
:10C6B00049F2753203201A6008601A60214A224B41
:10C6C00012681B68082A7FF431AF032B3FF62EAFA8
:10C6D000234B1A68002A74D1224949F27532C020CE
:10C6E0001A6008601A6021E704AB002203F80C2DE1
:10C6F0001846FEF747FF9DF8041000293FF42AAFC3
:10C7000018460192FEF73CFF019B002B7FF4E3AE3D
:10C710002AE704AB03F80C2D1846FEF733FF9DF80B
:10C720000420002A3FF45DAFFEF728FF5CE70549CF
:10C73000054B0D4A08681B680021116099E700BF8E
:10C7400000700240300100103401001000E100E0F0
:10C75000DBE5B151000100400400004000ED00E0C5
:10C7600000EC064014EC064014ED06400078024050
:10C7700004780240174A0021116069E704AB0022E7
:10C7800003F80C2D1846FEF7FDFE9DF80410002955
:10C790003FF444AF18460192FEF7F2FE019B002BD6
:10C7A0007FF499AE5CE604A8002300F80C3DFEF788
:10C7B000E9FE9DF80430002B3FF4DDAEFEF7DCFE11
:10C7C00089E6044BC0221A60B0E6034B03221A60CC
:10C7D00074E700BF14EC064014ED0640F8B503788A
:10C7E00013F0010405D10678C6F3800626B1204671
:10C7F000F8BD00242046F8BD0F4605464FF0FF3136
:10C8000038460AF0AFFE2A7812F001040FD12B78D7
:10C810005B0704D42B7843F004032B70012400231E
:10C8200038461A4619460AF055FA2046F8BD3446ED
:10C83000F5E700BF70B505460E4608464FF0FF31DC
:10C840000AF090FE2878C0F3800444B90024002345
:10C8500030461A4619460AF03DFA204670BD2B783C
:10C8600013F00102F2D12B7862F382032B70EEE712
:10C8700010B4C378848803F00303022BC4F30A04C2
:10C8800026D019D8012B04D0002318465DF8044B9C
:10C890007047022940F2FF3208BF4FF48062A24283
:10C8A000F3D21A4B1B6813F00103EED000BE002335
:10C8B00018465DF8044B7047022914BF40234FF41B
:10C8C0008063A342EDD3012318465DF8044B704703
:10C8D00002290BD012B1B4F5007F11D0A4F10803E6
:10C8E0009BB2182B06D9402CEDD0DAE7B4F5007FC7
:10C8F000D7D1E8E7064A22FA03F3DB07D1D5E2E70E
:10C9000000244021134644710171BEE7F0ED00E0C0
:10C91000010100010A44914216D230B44C78052C32
:10C9200005D00C7821448A42F8D830BC70478C7806
:10C9300004F07F0500EB4505E4092B550C782144F4
:10C940008A42EBD830BC7047704700BF2DE9F041F8
:10C9500082B00678089DBDF82470009361F300064C
:10C960000446294600F8086B012316463A46BDF8EE
:10C970002C80FCF76DFE05B13FB90A9B6360012076
:10C98000A4F8028002B0BDE8F08104F11C0101208E
:10C990000AF07AFB26B903463046C4E90503ECE702
:10C9A0000023FAE710B50446406908B10AF090FF89
:10C9B000A06908B10AF08CFF012010BDF0B50B464C
:10C9C0000D4613F8081B83B011F0020F07461846F6
:10C9D00040F2FF130CBF3F241C461646FCF774FEC2
:10C9E000E8B9E6B126421AD12B786978DA073846D9
:10C9F00018D5FEF707F990B12B78697813F0010389
:10CA000013D000233846CDE900331A46FEF73EF92D
:10CA100030B9084B1B68DB0701D500BE00E00020E1
:10CA200003B0F0BDFDF714FFE5E738461A46FDF701
:10CA30002FFFEDE7F0ED00E070B501F1080582B0E1
:10CA4000064628460C46FCF73FFE38B1237861784D
:10CA5000DB07304605D5FEF7D5F830B9002002B027
:10CA600070BDFDF7F5FE0028F8D0284662886168A1
:10CA7000FCF754FE054690B1237862686178D807C8
:10CA800017D50023CDE9003330462B46FEF7FEF8DC
:10CA9000B0B90C4B1B68DB07E0D500BEDFE72078A0
:10CAA000617810F00104304608D1FDF7E1FE204620
:10CAB000D5E730462B46FDF7EBFEE9E7FEF7C8F871
:10CAC0002846CCE7F0ED00E02DE9F0418A890B78AB
:10CAD00082B00C460646E2B9DD07497857D5FEF725
:10CAE00091F800284FD0227863886178D20751D519
:10CAF000002B5DD0626800253046CDE90055FEF779
:10CB0000C5F800284DD1374B1B68DB073BD500BE6D
:10CB10003AE003F0020301F10808002B40460CBF85
:10CB200040274FF40077304D08BF6FF03F05FCF70A
:10CB3000E3FD874227D823786178DB07304634D578
:10CB4000FEF760F8F8B14046FCF7D6FD874233D8CF
:10CB500005EA000265882378617890B2854228BF93
:10CB60000546DA0732D5002D37D062680023CDE9BB
:10CB7000003330462B46FEF789F80028C3D02846FC
:10CB800002E0FEF765F8002002B0BDE8F081FDF795
:10CB90005FFEA6E773B162683046FDF779FE0028B4
:10CBA000B1D0608802B0BDE8F081FDF751FEC9E761
:10CBB0001A46A0E71A46EFE72078617810F00104E2
:10CBC0003046DED1FDF754FE2046DDE73DB1626818
:10CBD00030462B46FDF75CFECFE72A46C6E72A46DD
:10CBE000F6E700BFF0ED00E000FEFFFF0CB4144BD1
:10CBF00030B51B788342ABB004D22BB0BDE83040D7
:10CC000002B070472FAD2B462E9A01950C4602A814
:10CC1000A0210FF065F85B210A4808F0BBFD214612
:10CC2000084808F0A5FD0849064808F0A1FD02A93A
:10CC3000044808F069FE2BB0BDE8304002B07047F0
:10CC400019610020546300203CDE030000B5002081
:10CC500083B00EF0F7FF0DF10703181A03B05DF86B
:10CC600004FB00BF2DE9F84F04468946164609F03B
:10CC70002DFFDFF8A880264FDFF898A00546206832
:10CC800003681B6998478346C0B1206803685B69E5
:10CC90009847C3B20D2BD4F810C004F1080B17D07D
:10CCA0000A2B15D0BCF5007F424639464FF00100F3
:10CCB00024D21946584609F0A7FCE0E709F006FF20
:10CCC000401BB0424FF001001FD209F00BFFD6E726
:10CCD000BCF1000FD3D008342146484609F0CAFB06
:10CCE00020460C4909F012FCD9F800300A4A0849DC
:10CCF0000320FFF77BFF0120BDE8F88FFFF776FFE9
:10CD00005146584609F002FCB9E75846BDE8F88F8D
:10CD10002CE0030080E10300DCDF0300E4DF03001C
:10CD20002DE9F04F06468DB00B46894603204D494C
:10CD300090464D4AFFF75AFF4946306808F018FD03
:10CD40000D21306808F026FD09F0C0FE474907466E
:10CD500003A809F04DFA09F0B9FEC01B40455BD2AB
:10CD6000142203A93046FFF77DFF05460028F2D0C4
:10CD7000DFF818B10BF124045BF8041F09A809F0CF
:10CD800037FA09A903A809F0F1FC824609A809F0BD
:10CD900069FBBAF1000F27D15C45EDD1344903A8F6
:10CDA00009F0CCFCC8B9334903A809F0C7FC58B94D
:10CDB000314909A809F01CFA09A903A809F0D6FC11
:10CDC00090B309A809F04EFB039B00932B4A254919
:10CDD0004B460120FFF70AFF002503A809F042FB9C
:10CDE00028460DB0BDE8F08F96F8750096F87430BF
:10CDF000441C04F00704A3422CD00C2303FB006066
:10CE00000DEB0301143009F035FB86F8754009F08D
:10CE10005DFEC01B4045A3D34B46194A1149012072
:10CE2000FFF7E4FE0025D8E7164906A809F0E0F967
:10CE300006A903A809F09AFC044606A809F012FB0B
:10CE400009A809F00FFB002CBED1494603A809F040
:10CE500075FC80E7039B0C4A02490120FFF7C6FEE0
:10CE600079E700BF2CE0030024E0030080E1030029
:10CE7000A4DF030068DF030070DF030088DF030026
:10CE800094DF03007CDF030040DF03003CDE03008F
:10CE900038B5044610460D461A460146206809F08A
:10CEA000E1F8206803682946DB6998474FF47A70F7
:10CEB00009F018FE03E0206803685B699847206862
:10CEC00003681B6998470028F5D104F10805284636
:10CED0000F4909F01BFB4FF4FA620E492046FFF799
:10CEE0001FFF03E0206803685B69984720680368B8
:10CEF0001B6998470028F5D12846054909F006FB2B
:10CF000020464FF4FA620449BDE83840FFF708BFF5
:10CF100080E1030028DF030030DF03004FF4FA62F2
:10CF20000149FFF7FDBE00BF30DF03002DE9F04FE0
:10CF300087B007463949DFF8ECB0DFF8EC90DFF84E
:10CF4000ECA0684609F054F9002269463846FFF71C
:10CF500089FE00B3324D03AC05F1240855F8041FD7
:10CF6000204609F045F92146684609F0FFFB0646D0
:10CF7000204609F077FABEBBA845EFD15246494694
:10CF80000320009BFFF732FE002269463846FFF778
:10CF900069FE0028DED197F8741097F875308B423F
:10CFA0001CD003AC0C26142516FB01513944204635
:10CFB00009F044F997F874307A68013303F00703F5
:10CFC000204687F8743002B19047204609F04AFAAB
:10CFD00097F8741097F875308B42E5D1684609F0E0
:10CFE00041FA07B0BDE8F08F97F8750097F87430F4
:10CFF000441C04F00704A34209D00C2303FB007077
:10D000001430694609F036FA87F875409CE7009BB2
:10D010005A4649460120FFF7E9FD95E780E1030004
:10D020003CDE030040DF03002CE003001CDF0300B4
:10D030002DE9F04F064689468FB0574903209246A6
:10D040009846564A4B46FFF7D1FD4946306808F0EE
:10D050008FFB0D21306808F09DFB09F037FD50492A
:10D06000039005A809F0C4F809F030FD039BC01A2D
:10D07000404559D214220DEB02013046FFF7F2FD74
:10D0800005460028F0D0474C04F1240B54F8041F47
:10D090000BA809F0ADF80BA905A809F067FB074636
:10D0A0000BA809F0DFF93FBBA345EFD13E4905A826
:10D0B00009F044FBC8B93D4905A809F03FFB58B940
:10D0C0003B4908A809F094F808A905A809F04EFB07
:10D0D00090B308A809F0C6F9059B0093354A2E497C
:10D0E0004B460120FFF782FD002505A809F0BAF99B
:10D0F00028460FB0BDE8F08F96F8750096F87430AA
:10D10000441C04F00704A34239D00C2303FB006045
:10D1100005A9143009F0AEF986F8754009F0D6FC7F
:10D12000039BC01A4045A5D34B46234A1A49012008
:10D13000FFF75CFD0025D8E720490BA809F058F857
:10D140000BA905A809F012FB04460BA809F08AF9FF
:10D1500008A809F087F9002CBED1494605A809F0B6
:10D16000EDFA002880D1BAF1000F3FF47DAFDAF874
:10D1700008305BB905A9504609F0F8F974E7059B3A
:10D180000F4A05490120FFF731FD6DE70A2150469E
:10D1900009F03AFAEEE700BF2CE0030024E00300B8
:10D1A00080E103003CDE0300A4DF030068DF03002E
:10D1B00070DF030088DF030094DF03007CDF0300DF
:10D1C00040DF03004FF4FA620149FFF7A9BD00BF39
:10D1D0000CE003002DE9F04F0F4697B01646774953
:10D1E0004FF4FA620446FFF79BFD20B90546284636
:10D1F00017B0BDE8F08F724907A808F0F9FF07A93A
:10D20000384609F0B3FA002800F0B3800DF10408A5
:10D210003946404609F012F80AAD07A809F022F98C
:10D22000019B684A302128460EF0E0FB2B46664AF7
:10D2300066490320FFF7DAFC2946206808F098FACF
:10D240000D21206808F0A6FA09F040FC40F6B73737
:10D25000054609F03BFC401BB84206D9A7E0206810
:10D2600003685B6998473E2809D0206803681B69FA
:10D2700098470028F3D1012009F034FCE9E7314652
:10D280002068DFF8689108F06DFA206803681A21B9
:10D290001B68984709F01AFC4D49074604A808F096
:10D2A000A7FF47F22F5609F011FCC31BB3424FF002
:10D2B000320204A920466FD8FFF7D4FC05460028A7
:10D2C000F1D0DFF82CA10AF124065AF8041F07A8B0
:10D2D00008F08EFF07A904A809F048FA834607A8BA
:10D2E00009F0C0F8BBF1000F1CD15645EDD14946FD
:10D2F00004A809F023FA58B9364904A809F01EFA1F
:10D3000050B3049B344A31490120FFF76FFC0025DC
:10D3100004A809F0A7F8404609F0A4F8284617B079
:10D32000BDE8F08F94F8750094F87430451C05F052
:10D330000705AB4209D00C2303FB0040143004A9BD
:10D3400009F098F884F87550ABE7049B234A1F490D
:10D350000120FFF74BFCA4E7214907A808F048FF8C
:10D3600007A904A809F002FAE8B907A809F07AF8B1
:10D3700097E70AAD2846124908F03AFF3946284691
:10D3800009F064F90DF104080146404608F056FF23
:10D39000284609F067F840E7124A0C490120FFF7D8
:10D3A00025FC0025B4E707A809F05CF8A9E70E4AB8
:10D3B00006490120FFF71AFC0025ACE70CE003004A
:10D3C000A8DF0300ACDF030024E003002CE003002F
:10D3D00080E1030068DF0300BCDF030040DF0300DF
:10D3E0007CDF0300CCDF0300E0DE0300A4DF0300EA
:10D3F0003CDE030010B586B00B460446064A68467C
:10D4000018210EF0F3FA6946204640F6B832FFF7CD
:10D4100087FC06B010BD00BF18E003002DE9F04303
:10D42000884697B017465C494FF4FA620546FFF705
:10D4300077FC20B90446204617B0BDE8F083574971
:10D4400001A808F0D5FE284601AA40F6B833544991
:10D45000FFF7EEFD38B9002401A809F003F82046D3
:10D4600017B0BDE8F0833A2101A809F0ABF9041E1A
:10D47000F1DB4A490AA808F0BBFE48490DA808F0AC
:10D48000B7FE464910A808F0B3FE444913A808F0B7
:10D49000AFFE0025621C039B04A801A909F0DAF97C
:10D4A0000AAE2C46069B1BE022462C2104A809F05C
:10D4B00099F9B0F10009B8BFDDF8189022464B4643
:10D4C00004A907A809F0C6F907A9304608F0FCFF2F
:10D4D00007A809F1010408F0C5FF069B01350C36C9
:10D4E0009C4233D2042D45D0214604A809F060F9AE
:10D4F0002228D9D101340146224604A809F072F944
:10D50000B0F1000922DB22464B4604A907A809F026
:10D51000A1F907A9304608F0D7FF07A808F0A2FF35
:10D52000069B09F101049C42D8D2214604A809F0C7
:10D530003FF92C28214604A803D009F039F9202806
:10D54000CBD1069B0134A342EFD8C7E704A808F06B
:10D5500089FF022DD8BF00240FDC13A808F082FF3A
:10D5600010A808F07FFF0DA808F07CFF0AA808F0BB
:10D5700079FF71E704A808F075FF0DA809F09EFA7D
:10D58000C8F8000010A809F099FA00283860D4BF44
:10D5900000240124E1E700BF0CE0030080E1030068
:10D5A00000E003002DE9F04F0E469BB000F10C099E
:10D5B0007F49054608F01CFE7D49484608F018FEE4
:10D5C00005F1180A05F124031C46794903935046D6
:10D5D00008F00EFE2046764908F00AFE75490BA8B1
:10D5E00008F006FE0BA9304609F00EF904460BA818
:10D5F00008F038FF002CC0F2C38022460A213046D2
:10D6000009F0F0F8031E01932246BCBFB3680193F2
:10D610003A21304609F0E6F80BACDFF8948102902D
:10D620001AAFA346584641460BF10C0B08F0E0FD3B
:10D630005F45F7D1029A019B013205A831464FF0B0
:10D64000000809F007F9C346079B1AE05A462C2147
:10D6500005A809F0C7F8071EB8BF079F5A463B4602
:10D6600005A908A809F0F6F808A9204608F02CFF3B
:10D6700008A807F1010B08F0F5FE079B08F1010867
:10D680000C345B4535D9B8F1050F53D0594605A880
:10D6900009F08EF82228D9D10BF1010B01465A4628
:10D6A00005A809F09FF8071E23DB5A463B4605A94B
:10D6B00008A809F0CFF808A9204608F005FF08A837
:10D6C00008F0D0FE079B07F1010B5B45D6D9594600
:10D6D00005A809F06DF82C28594605A803D009F0D3
:10D6E00067F82028C9D1079B0BF1010B5B45EED8E9
:10D6F000C4E705A808F0B6FEB8F1030F1DDC4346E9
:10D700002D4A2E490120FFF771FA0EAC14AF17A86D
:10D7100008F0A8FE384608F0A5FE11A808F0A2FE01
:10D72000204608F09FFE0BA808F09CFE28461BB080
:10D73000BDE8F08F05A808F095FE0BA928460EACB1
:10D7400008F098FE14AF2146484608F093FE504674
:10D75000394608F08FFEB368019A9342D7DD013253
:10D76000314608A809F076F8039E08A9304608F06B
:10D77000ABFE08A808F076FE304609F073F9C6E75C
:10D780000F490BA808F034FD0BA9304609F03CF80E
:10D7900004460BA808F066FE002CBFF62EAF094A1F
:10D7A00006490120FFF722FA28461BB0BDE8F08F9A
:10D7B00080E1030080DE0300ACDE03002CE0030008
:10D7C00088DE030090DE030070B58EB003230646AA
:10D7D0000D46204A182106A80EF008F906A94FF4B4
:10D7E000FA623046FFF79CFA1B4903A808F000FDD7
:10D7F00003A9284608F0BAFFD0B16C462946204656
:10D8000008F01CFD03A808F02DFE009B134A202100
:10D8100006A80EF0EBF806A941F288323046FFF771
:10D820007FFA0546204608F01DFE28460EB070BD62
:10D83000094906A808F0DCFC294606A808F006FFFE
:10D840006C460146204608F0F9FC06A808F00AFEDE
:10D85000D8E700BF08DF0300A8DF030014DF0300E0
:10D8600041F288320149FFF75BBA00BF34DF0300A1
:10D8700040F6B8320149FFF753BA00BF38DF030062
:10D880004FF4FA620149FFF74BBA00BFF0DE030024
:10D8900010B586B00B460446064A684618210EF0BD
:10D8A000A5F8694620464FF4FA62FFF739FA06B048
:10D8B00010BD00BFFCDE030010B586B00B46044669
:10D8C000064A684618210EF091F8694620464FF442
:10D8D000FA62FFF725FA06B010BD00BF64DE030050
:10D8E00010B586B00B460446064A684618210EF06D
:10D8F0007DF8694620464FF4FA62FFF711FA06B048
:10D9000010BD00BF08DF030010B586B004461B49F8
:10D91000684608F06DFC20466A4640F6B833184960
:10D92000FFF786FB30B3174903A808F061FC03A991
:10D93000684608F069FF044603A808F093FD002C30
:10D9400018DB22462C21684608F04CFF031E11DB31
:10D95000621D694603A808F07DFF03A809F0AEF830
:10D96000044603A808F07EFD684608F07BFD2046CB
:10D9700006B010BD4FF0FF34F6E700BF80E10300B2
:10D98000D0DE0300D8DE030030B585B00D46044676
:10D99000174901A808F02CFC284601AA40F6B83324
:10D9A0001449FFF745FBC0B1222101A808F00AFF86
:10D9B000002812DB451C2A46222101A808F012FF8C
:10D9C000031E0ADB2A4601A9204608F043FF01A8EE
:10D9D00008F048FD204605B030BD0549204608F056
:10D9E00007FC01A808F03EFD204605B030BD00BF91
:10D9F00080E1030074DE03002DE9F04F0E468FB086
:10DA00002C21044608F0DEFE051EC0F2A68002A806
:10DA10002B460022214608F01DFFA3686A1C05A8BA
:10DA2000214608F017FF079B012B88BF012733D839
:10DA300000252F2102A808F0C5FE2F21834602A849
:10DA400008F0F4FE3A21824605A808F0BBFE3A2110
:10DA5000074605A808F0EAFEBBF1000F804601DB8F
:10DA6000D3457FDB2368AA4AAA490320FFF7BEF803
:10DA7000002405A808F0F6FC02A808F0F3FC2046F4
:10DA80000FB0BDE8F08F08F085FE03782D2B0CD089
:10DA9000079B01379F42CBD2394605A808F07AFE92
:10DAA00003782B2B394605A8EDD1002FC0DD079B4D
:10DAB00008A83A4605A908F0CDFE0A9B012B40F2C2
:10DAC0000F813A2108A808F07DFE0028C0F20C81E1
:10DAD000002108A808F06CFE4FF6FF752D284FF0C6
:10DAE0003A0108A80CBFAA464FF0010A08F06AFEE6
:10DAF0000DF12C080346012208A90546404608F00E
:10DB0000A9FE404608F0DAFF8146404608F0AAFC2C
:10DB10006A1C0A9B08A9404608F09CFE404608F093
:10DB2000CDFFC9EB09190546404605EB890508F00C
:10DB300099FC15FB0AF52DB208A808F093FC3B46AA
:10DB4000002205A9404608F085FE414605A808F0D8
:10DB5000BBFC404608F086FC6BE7002420460FB073
:10DB6000BDE8F08F002FFFF67DAF8742BFF67AAF9A
:10DB70005B46002202A90BA808F06CFE0BA808F077
:10DB80009DFF81460BA808F06DFC53460BF1010286
:10DB900002A90BA808F05EFE0BA808F08FFF8346D1
:10DBA0000BA808F05FFC0AF10102049B02A90BA874
:10DBB00008F050FE0BA808F081FF82460BA808F081
:10DBC00051FC3B46002205A90BA808F043FE0BA818
:10DBD00008F074FF01900BA808F044FC43467A1C3F
:10DBE00005A90BA808F036FE0BA808F067FF07464A
:10DBF0000BA808F037FC08F10102079B05A90BA848
:10DC000008F028FE0BA808F059FF80460BA808F082
:10DC100029FCB9F1630F07DCB9F1450F40F26C73D1
:10DC2000D8BF4FF4FA6399440BF1FF330B2B64D840
:10DC30000AF1FF3ABAF11E0F5FD8019B172B5CDC8B
:10DC40003B2F5ADCB8F13B0F57DCB9F5FA6F54DBC8
:10DC50005FFA8BF3304A3149022B98BFA9F10109D1
:10DC60004FF4C87399FBF3F302FB03994FEA99024F
:10DC7000BBF1020F40F26D1000FB0920CCBF6FF02A
:10DC800002020922824493449922642002FB0BF28F
:10DC9000B9FBF0F9AAEB090002320524B2FBF4F259
:10DCA000024401FB0323A3F532236FF4A76213445C
:10DCB000002B2ADB01981A494FF4616202FB00F243
:10DCC00001FB03233C2202FB0737B8444FF6C47321
:10DCD00015FB0383002B18DD3360B5800124C8E6F3
:10DCE00000250DF12C0827E708A808F0E7FEC0EB97
:10DCF000001005B20DF12C081EE72368094A0549FA
:10DD00000320FEF773FF0024B3E60024B1E600BF52
:10DD100090E00300A0E0030070FEFFFFB13A0200B4
:10DD200080510100A8E0030070B50D6884B004467E
:10DD300015B33C2613491448144B12FB0652A1FBA1
:10DD40000251090C00FB1121A3FB0123DB0A4FF454
:10DD500061600F4D0F4A00FB1311A5FB010149093A
:10DD6000009102A806210DF041FE02A9204608F00C
:10DD70003FFA204604B070BD074908F039FA204642
:10DD800004B070BD07452EC280510100C5B3A291F9
:10DD900089888888BCE0030080E10300704700BFE9
:10DDA000002914BFFF210021643041F288320CF0B9
:10DDB000ADBF00BF002969DB70B4B0F90C408C42E4
:10DDC00062DD002A60DBB0F90E5095425CDD41F265
:10DDD000EE3589B2455D15B1C943214489B2847ECF
:10DDE000022C92B265D0032C5DD0012C55D041F2AB
:10DDF000FA3541F2EF34465B045D41F2FC35891B94
:10DE000009B2455B002C42D1521B12B200293BDB08
:10DE100041F2FE34045B25B2A94235DA002A33DB35
:10DE200000F5A055B5F9005095422DDD41F2F835C9
:10DE300041F2F436455B865B16FB05F6921B12B287
:10DE4000002A21DB2DB2AA421EDA00294FEAD404AF
:10DE50000D4602FB04F2B8BFCD1D4C4204F007048E
:10DE600001F0070102EBE50258BF61420244C1F133
:10DE70000701012000FA01F149B292F964000BBBDD
:10DE800020EA010182F8641070BC70477047448931
:10DE9000641B013CA21A12B2B8E70489D2431444AD
:10DEA0000A46A1B2A3E74489013C641A1146A2B212
:10DEB0009DE704894589D243013C2A44611A92B204
:10DEC00089B294E7014382F86410DDE710B5044697
:10DED000243008F0C7FA04F1180008F0C3FA04F17E
:10DEE0000C0008F0BFFA204608F0BCFA204610BD2E
:10DEF00070B5064600F1140500F174040C3C204690
:10DF000008F0B0FAA542F9D106F1080008F0AAFA23
:10DF1000304670BD38B5074CA4F5A06504F1140077
:10DF200008F0A0FA04F10800283C08F09BFAAC4283
:10DF3000F4D138BD1091002038B5074CA4F1C005CC
:10DF4000183C04F10C0008F08DFA204608F08AFA1B
:10DF5000AC42F5D138BD00BF0C9200202DE9F04154
:10DF6000284E294C336841F2F83786B00025E25F2D
:10DF700001924FF0C808172BCDE9035502952B46A7
:10DF80002A46CDF8008004F1640104F124001DDD6F
:10DF900006F098FE294604F1240006F089FBE35FB1
:10DFA000CDF80080CDE901352A462B4604F1640105
:10DFB00004F12400CDE9035506F084FE04F12400A9
:10DFC00006F0B2FA356006B0BDE8F08106F060FEFA
:10DFD00004F12400012106F06BFBE35FCDF8008023
:10DFE000CDE90135CDE903552B462A4604F16401FC
:10DFF00004F1240006F066FE33680133336006B096
:10E00000BDE8F081C0920020207800202DE9F04387
:10E01000002293B04FF6FF710E23CDE90031724814
:10E020001146C82305F04AF80021C82300910D22AB
:10E030006D4805F02FFA6D4B1F68132F09DC0D2F6B
:10E0400050DC072F00F3CB80002FD4BF002701271F
:10E0500000E004270026DFF89081B1460A25B400CD
:10E060000234C5F10D0C24B20FFA8CFC0FFA85FEB8
:10E07000B742CDE900C94FF003037246214640463E
:10E080002CDD05F01BF80136033D042EADB2E6D1C0
:10E09000554C574D0121204605F07AFE2B68554915
:10E0A00000229342C4E904121EDC534E3368002B55
:10E0B00008DD52494C4807F05BFB31684A480A22A8
:10E0C00007F06CFB4E4B1B68013B062B00F289806E
:10E0D000DFE803F0811F737B7D7F8300032305F05E
:10E0E0002DF8D0E70327B5E74649434E204607F011
:10E0F0003FFB0A222968204607F050FB3368002BBB
:10E10000E0DD2B68002BD4DD3F49204607F030FBD3
:10E11000CFE73E493E4E3F4D03A808F069F8059B06
:10E120003148A3EB830364330322238203A9628271
:10E1300007F018FB0A2231680CA808F003F90CA9B3
:10E140000FA808F07BF834490FA808F0ABFA0A22B0
:10E150000746296809A808F0F5F809A9384608F023
:10E1600075FA014606A808F069F809A808F07AF9D6
:10E170000FA808F077F90CA808F074F92B68002BA9
:10E1800006DD3268934203DC1C4906A808F012FA47
:10E19000089B1548A3EB83035B00C433032223824F
:10E1A00006A9628207F0DEFA06A808F05BF903A868
:10E1B00008F058F913B0BDE8F083184B18491A78E5
:10E1C000184B002A18BF1946A4E71549A2E71649BB
:10E1D000A0E714499EE715499CE715499AE70227ED
:10E1E00038E7144996E700BF20780020346100200A
:10E1F000F0920020180003001092002078EE030037
:10E20000CC920020E8E10300CCE20300D4E7030055
:10E21000D8920020D4920020ECE10300C4920020A8
:10E22000C8E10300D8E10300D0E10300F4E50300F6
:10E23000E0E1030048E7030030B587B0014604463B
:10E24000684607F0FBFF684608F0FEFB564903A846
:10E2500007F0CEFF03A9684608F088FA054603A830
:10E2600008F000F9F5B1514903A807F0C1FF216892
:10E270004F4842F2107303AAFEF7DAFE059B0446EC
:10E28000002B61D14B4B4C494C48002C08BF194620
:10E2900007F03AFB03A808F0E5F8684608F0E2F852
:10E2A00007B030BD4649204608F048FA002834D06F
:10E2B0003E4903A807F09CFF03AA41F28833414975
:10E2C0003B48FEF7B5FE03A93C4807F00BFB374976
:10E2D00003A808F01BF903AA41F288333A493448ED
:10E2E000FEF7A6FE03A9354807F0FCFA2F4903A85C
:10E2F00008F00CF941F2883303AA34492C48FEF7A0
:10E3000097FE03A92D4807F0EDFA03A808F0AAF834
:10E31000684608F0A7F807B030BD2D49204608F040
:10E320000DFAB0B12B4B2C4C1A782C492348032AF8
:10E330000ABF0222032221461A7007F0E5FA684656
:10E3400008F090F807B030BD03A91C4807F0CAFADE
:10E3500098E72046224908F0F1F958B1FEF776FC1B
:10E360000A220146154807F087FA1E49134807F0AC
:10E37000CBFA92E71C49114807F0C6FA1B490F482F
:10E3800007F0C2FA1A490D4807F0BEFA19490B48BE
:10E3900007F0BAFA1849094807F0B6FA17490748CA
:10E3A00007F0B2FA79E700BF30DF030080E1030035
:10E3B00014920020DCE30300A4DF03005463002078
:10E3C000D0E10300FCE3030000E403000CE40300DD
:10E3D00018E4030019610020F0E30300E4E3030004
:10E3E00020E4030024E4030030E403003CE40300E1
:10E3F00078E4030098E40300C0E40300D8E40300D9
:10E400002DE9F04F3C4FBE89FD89BB7EC82E28BF49
:10E41000C8260E2D28BF0E25022B8BB062D0032BF1
:10E4200057D0012B4AD04FF00008444641F2EF3359
:10E43000FB5C1BB17B895B1B1C1BA4B241F2F83A4D
:10E440002E4937F90A30019324B24FF0000936B251
:10E450002DB24FF0C80B2346A1F140004246CDF843
:10E460000880CDE903460595CDE90799CDF81890C8
:10E47000CDF800B006F0E0FD334622464146009557
:10E480001F4806F06FF91D4937F90A3001934246DB
:10E490002346CDE90799CDE90559CDE90346CDF8E5
:10E4A00000B0CDF80880A1F1400006F013FE154A37
:10E4B0001368013313600BB0BDE8F08FB7F8088024
:10E4C0003346A8EB05082E460FFA88F800241D46AF
:10E4D000ACE77C893346A61BB4B24FF000082E4649
:10E4E0001D46A3E77C89B7F80880641BA8EB0608E3
:10E4F000A4B20FFA88F899E72078002084780020E9
:10E5000044780020C09200202DE9F0415248534C3D
:10E51000534E544D88B0FFF7F7F902AA206001A9C5
:10E520004D48FEF77BFF18B1DDE9012332602B6017
:10E530004D4F3B789BB108F0C9FA4C4B4C4A1B68D5
:10E54000C01A90420BD82368132B35DC0D2B58DCF6
:10E55000072B70DC002BD4BF002301232DE0002308
:10E5600005A83D490393ADF81030FFF70DFA05A853
:10E5700003A9FFF741FA804605A807F073FFB8F139
:10E58000000FE0D0DFF80C81BDF91030B8F90020A1
:10E59000934206D0374A38490220FEF727FBBDF9DF
:10E5A0001020A8F8002001233B7008F08FFA2F4BB1
:10E5B00018602368132BC9DD0423304A304F1068DC
:10E5C000304C31682D683F68D4F800E098422E48FE
:10E5D00019D104682D4E8C4225D0DFF8BCC0DFF87D
:10E5E000BC802B4C136001603560CCF80070C8F81B
:10E5F00000E008F06BFA236898420AD208B0BDE840
:10E60000F0810323D9E7214EDFF88CC0DFF88C803E
:10E61000E7E708F05BFA236898420ED2FFF7F0FEB6
:10E6200008B0BDE8F0813468DFF86CC0AC4207D0B8
:10E63000DFF86880D5E70223BFE7FFF7E7FCEDE7E7
:10E64000DCF80040DFF85480BC42CAD1D8F8004062
:10E650007445C6D1D2E700BF149200203461002077
:10E66000D8920020D4920020EC9200204891002003
:10E670007FEE360038E20300A0E0030028610020AE
:10E68000F0920020109200202C6100201C610020DC
:10E69000E8920020386100202461002020610020E1
:10E6A00070B50D4686B006462249684607F0A0FDC3
:10E6B000AB685BB100242146284608F079F8303871
:10E6C000092828D9AB6801349C42F4D31A4903A81D
:10E6D00007F08EFD03A9284608F048F8044603A871
:10E6E00007F0C0FE14B9029B0A2B21D0124903A8DF
:10E6F00007F07EFD694603A807F0A8FF01463046F3
:10E7000007F09CFD03A807F0ADFE684607F0AAFEDF
:10E71000304606B070BD2146284608F049F801464B
:10E72000684607F071FFAB6801349C42C3D3CDE764
:10E730000249DCE780E10300A8DF0300E8E2030010
:10E740002DE9F04305468DB009A8484907F050FD72
:10E75000AB685BB100242146284608F029F8303820
:10E76000092863D9AB680134A342F4D80B9B6F46E8
:10E770000A2B38466BD809A907F060FD09A8DFF815
:10E78000F090DFF8E88007F06DFE4D4600266968DE
:10E7900003A807F02DFD414609A807F029FD059BB8
:10E7A0005BB10024214603A808F002F8303809289C
:10E7B00026D9059B0134A342F4D80B9B0A2B2ED8F3
:10E7C00009A906A807F03AFD09A807F04BFE39464B
:10E7D00006A807F097FF044606A807F043FE03A823
:10E7E00007F040FE002C38D10136032E05F1080554
:10E7F000CDD1384607F036FE20460DB0BDE8F08397
:10E80000214603A807F0D4FF014609A807F0FCFE43
:10E81000059B01349C42C5D30B9B0A2BD0D9A3F195
:10E820000A0209A906A808F015F8CDE721462846EE
:10E8300007F0BEFF014609A807F0E6FEAB68013409
:10E840009C4288D30B9B6F460A2B384693D9A3F181
:10E850000A0209A907F0FEFF90E7384659F836404A
:10E8600007F000FE20460DB0BDE8F08380E1030014
:10E8700050E703002DE9F04FAB4AAC4BDFF8CCB2C8
:10E880001B7800261670AA4ACBF800609DB016606F
:10E8900013B91DB0BDE8F08FA648FEF793FCA6495A
:10E8A00007A807F0A5FC07AA42F21073A349A148E4
:10E8B000FEF7BEFB002800F0CC81099ADBF800309F
:10E8C000002A00F0FC801F2B00F3FC80DFF880A200
:10E8D0002BE0DBF80030002B1BDD0C9ACAB1013BAA
:10E8E00003EB83030AEBC3041434A368132B10D87F
:10E8F000002B40F0BB81C3F1140300220AA910A829
:10E9000007F0A8FF10A9204607F030FE10A807F076
:10E91000A9FD0AA807F0A6FD099B9E42DBF800307E
:10E9200080F0CD801F2B00F3CD8032460A2107A84E
:10E9300007F058FF041EB8BF099C3246234607A9BA
:10E940000AA807F087FF7E4910A807F051FC10A91C
:10E950000AA807F00BFF054610A8661C07F082FD09
:10E96000002DB6D0DBF800700C9B06220AA97C1C97
:10E9700010A8CBF8004007F06DFFBB001C4610A8A4
:10E98000039308F09BF823463B44DC004AF833002D
:10E9900010A807F067FD0AEB040504F114006649AE
:10E9A00004945044002407F0B1FD63492C62AC8408
:10E9B00010A807F01DFC604913A807F019FC5E4978
:10E9C00016A807F015FC5C4919A807F011FC2221D4
:10E9D0000AA807F0F7FE049B083353440028059368
:10E9E000B8BF0DADC0F223810DF140080DAD8146D9
:10E9F00009F101094A4622210AA807F0F3FE4A4616
:10EA0000B0F100090AA94B462846C0F2358107F04B
:10EA100021FF2946404607F057FD284607F022FD12
:10EA200009F1010222210AA807F0DCFEB0F1000979
:10EA300004F1010408F10C08C0F22081042CD7D1A4
:10EA40004049284607F0D4FB294610A807F0DCFE11
:10EA5000039B3B440AEBC303C243D20F1A712846FF
:10EA600007F000FD13A9284607F0E8FB29460598A2
:10EA700007F02AFD284607F0F5FC0499013C04EB59
:10EA80004404203110AB03EB84005144FEF7B4FF83
:10EA9000039B3B440AEBC3073B791BB1244A136831
:10EAA0000133136019A807F0DDFC16A807F0DAFCA3
:10EAB00013A807F0D7FC10A807F0D4FC29E7012B16
:10EAC00040F39D80204F00230393A7F1300305936B
:10EAD000C7F128084FF0010917F8043C57F8082C33
:10EAE0008DF84430394612A807F10C0A109207F04D
:10EAF000A5FB514615A807F0A1FB07F1180393E801
:10EB0000030018AB83E8030057F8100C18998842EB
:10EB1000BC4608EB070380F0A780A7F12804A7F103
:10EB20001C05039E1DE000BF3C9100208C9200203C
:10EB3000F09200201492002080E10300F4E603002C
:10EB400018E7030020E70300688C002038910020BC
:10EB5000388C00205CF8101C189A914206F1FF36A0
:10EB600020D214F8043C54F8082C84F82430226293
:10EB7000214604F1280007F07DFC294604F1340009
:10EB800007F078FC04F1180393E80300A44620641E
:10EB9000A4F84410AA4608EB0403283DB646283CD6
:10EBA000002ED7D1059D109904930EEB8E0E05EB28
:10EBB000CE0445F83E109DF844102171604612A91C
:10EBC00007F058FC15A9504607F054FC18AB93E821
:10EBD0000300049B2B4409F101091862998415A8CC
:10EBE00007F040FC12A807F03DFC039ADBF8003068
:10EBF00001324B45039207F128073FF76DAF304ACA
:10EC00001168994205DB012B1946B8BF0121013972
:10EC100011602C4A2C491268009202202B4AFDF701
:10EC2000E5FF07A807F01EFC1DB0BDE8F08F039BB1
:10EC30003B440AEBC30300221A712549284607F01A
:10EC4000D7FA2946059807F03FFC284607F00AFC4A
:10EC50001EE7204A1C490120FDF7C8FF07A807F05E
:10EC600001FC1DB0BDE8F08FCE469BE72021204679
:10EC700007F0CAFCA3683EE6002CD8D01649284607
:10EC800007F0B6FA294610A807F0BEFD282303FBBB
:10EC900007A3C243D20F28461A7107F0E3FB012CE9
:10ECA000CBD013A9284607F0C9FA2946059807F0E2
:10ECB0000BFC284607F0D6FB022C3FF4E9AEDCE65D
:10ECC000D0920020F092002014E703002CE703000C
:10ECD00028E7030004E7030020E703002DE9F04FD5
:10ECE000A44D91B04FF6FF74AC23CDE90034284613
:10ECF000C8231022002104F0E1F900210C23019423
:10ED000028460C460093BC22C82304F0D7F92146BC
:10ED1000C823BC222846009404F0BCFB28460121ED
:10ED200005F036F8944B95496C6128462B6106F046
:10ED30001FFD934B1C68002C47D1DFF86CB2914A41
:10ED4000914B9BF800100DF1280800290CBF1146CB
:10ED50001946404607F04CFA0121284605F018F8FC
:10ED60001A266C6122464FF0020A0DACA94602F148
:10ED700020073B46414620466E82A5F810A007F0CA
:10ED800069FD2146484606F0EDFC204607F06AFB87
:10ED90000C9B0A36BB423A46B6B202D9B2F5007FA6
:10EDA000E5D1404607F05EFB9BF80030002B40F0B9
:10EDB000FF8007F08BFE754B1B68984280F0D38074
:10EDC000FFF7CCF811B0BDE8F08F7149714B0A68BC
:10EDD0001B689342B8BF1A4602F11002B8BF0B601D
:10EDE000934200F3BC8001216248DFF8C0A104F027
:10EDF000CFFF4FF0100B4FF0000964E004A907F0BB
:10EE00001DFA0DAE3946304607F018FA6249304611
:10EE100007F048FC014607A807F010FA304607F053
:10EE200021FB384607F01EFB04F108030AEB03013F
:10EE300008460391FFF784FC039900287DD0014622
:10EE4000384607F0D5F90D2300223946304607F041
:10EE500001FD314607A807F089FB304607F002FBA9
:10EE6000384607F0FFFA4C4907A807F0A3FB04F166
:10EE70001401514407A807F079FB0E241E23002239
:10EE800007A93046BDF808706F82A5F81680A5F86E
:10EE900014802C8207F0DEFC3146364806F062FC16
:10EEA000304607F0DFFA07A807F0DCFA09F101099C
:10EEB00004A807F0D7FA0BF10A0BB9F1110F1FFAEA
:10EEC0008BFB3FF476AF324B1C682D4B1B684C44D8
:10EED000A3427FF76EAF2F4B1B68A34231D04FF098
:10EEE000000804EB8404E4000AEB04022B4B1179C4
:10EEF000294A2048A5F81680002918BF1A4611464D
:10EF000002230FFA8BF202926A822B82A5F81480F8
:10EF100006F02EFC224B04F12001B3F9002004A8D6
:10EF20005144FEF701FF069B0AAF3846002B7FF4E1
:10EF300065AF1C4907F05CF963E7384607F07EF9D6
:10EF400081E700210A230BF1FF32CDE9003112B233
:10EF5000C823084804F0B2F84FF6FF78C1E70C4A1E
:10EF6000103B13603FE7FFF751F8FEF7F7FF11B0D2
:10EF7000BDE8F08F207800200200BF00FCE5030010
:10EF800038910020E0E50300D4E50300E89200207A
:10EF900040910020D0920020CCE20300E8E1030081
:10EFA0003861002058E603008C920020388C002045
:10EFB000DFF8C0A02D49404607F01AF9012150465C
:10EFC00004F0E6FE00226A612E264FF0020902F1EB
:10EFD00020073B46414620466E82A5F8109007F078
:10EFE00039FC2146504606F0BDFB204607F03AFAB0
:10EFF0000C9B0A36BB423A46B6B202D9B2F5E07F64
:10F00000E5D1404607F02EFA9BF80030002B3FF484
:10F01000D0AEDFF860901649404607F0E9F80121CC
:10F02000484604F0B5FE00226A6138264FF0020A15
:10F0300002F120073B46414620466E82A5F810A00B
:10F0400007F008FC2146484606F08CFB204607F0F6
:10F0500009FA0C9B0A36BB423A46B6B202D9B2F55F
:10F06000D07FE5D1404607F0FDF9A2E61CE603009B
:10F070003CE603002078002008B5064B064A1B78C2
:10F08000012111600BB1FFF7F5FBBDE80840FFF768
:10F0900025BE00BF3C910020CC92002070B50646F2
:10F0A00096B02948FEF78EF83346284A182104A85E
:10F0B0000CF09CFC264901A807F09AF804A901AAC3
:10F0C00041F288332048FDF7B3FF044628B901A870
:10F0D00007F0C8F9204616B070BD1E4D0AA801A958
:10F0E000FEF760FA0AA9284607F0EEF90DA905F126
:10F0F0000C0007F0E9F910A905F1180007F0E4F990
:10F1000013A905F1240007F0DFF913A807F0AAF905
:10F1100010A807F0A7F90DA807F0A4F90AA807F0AE
:10F12000A1F90D490D4AEB6A0E6000211160002B18
:10F13000CDD16C6901A8641A18BF012407F092F9B7
:10F14000204616B070BD00BF14920020A0E103005D
:10F1500080E10300909200203C610020C8920020D2
:10F160002DE9F04FA74D93B04FF6FF74AC23CDE9D6
:10F1700000342846C8231022002103F09FFF0021FD
:10F180000C23019428460C460093BC22C82303F0AC
:10F1900095FFBC22C82328462146009404F07AF942
:10F1A0002846012104F0F4FD974B98492B6128462D
:10F1B0006C6106F0DDFA9648FFF7C2FA06AB0393DE
:10F1C000002800F0B5800146184607F011F8904974
:10F1D000039807F097FA0FAC002800F0B1808D4932
:10F1E0000CA807F005F803990CA807F02FFA0121E5
:10F1F0008146844804F0CCFD002398466B611A4692
:10F2000010264FF0020A02F120073B4649462046ED
:10F210006E82A5F810A007F01DFB2146794806F084
:10F22000A1FA204607F01EF9D9F808300A36BB4289
:10F230003A4608F1010BB6B208D9B2F5087FD846B4
:10F24000E1D11227AA264FF0110B05E00BEB8B063C
:10F25000760008F10207B6B20CA807F003F94FF0E8
:10F26000000804A96C48CDF81080ADF81480FEF7B2
:10F27000C3FB002874D1002106F1120212B2C82388
:10F2800000916048DFF8B09104F004F9634B1A680C
:10F29000102F4FEA421200F3B280D9F82C309A4274
:10F2A00038D207EB87067600103602F50878B6B23A
:10F2B000A8EB47184FF0020B09F1240A03E0D9F834
:10F2C0002C309A4226D202F120074FF0000C3B4628
:10F2D00051462046C5F814C06E82A5F810B007F05C
:10F2E000B9FA2146474806F03DFA204607F0BAF839
:10F2F0000A3647453A46B6B2E1D1D9F82C304345F3
:10F3000008D94FF0B212002345493E48C5E904230D
:10F3100006F02EFA07F0DAFB424B1B6898420CD23B
:10F32000FEF71CFE039807F09DF813B0BDE8F08FC0
:10F330001846374906F082FF49E7FEF767FEEFE718
:10F340002046394906F054FF2046314907F07EF93E
:10F350000146039807F00AF9204607F083F83EE7D4
:10F3600032490CA806F044FF314B04A9B3F9002040
:10F3700009A8FEF7D9FC09A90CA807F067F92D49DF
:10F3800007F090F90BEB8B06814601211D487600B2
:10F3900004F0FEFCB6B2C5F8148042464FF0020AF3
:10F3A00003E00A36B6B2BB46424602F12008AA2E56
:10F3B000434606F1100C494620460BF1010717D0D1
:10F3C000A5F812C0A5F810A007F044FA21460D4890
:10F3D00006F0C8F9204607F045F8D9F8083043454B
:10F3E000DFD807EB87084FEA4806B6B20BF10207F1
:10F3F00009A807F037F80CA807F034F83BE7904667
:10F400007BE700BF207800200200BF00A0E50300DA
:10F410009C920020BCE50300A8920020C892002026
:10F42000D0E50300E89200205CE30300C4E503009C
:10F4300038610020C8E50300909200202DE9F04FCC
:10F440008E4C95B0AC234FF6FF75CDE900352046C4
:10F45000C8231022002103F031FE894B1B68032BC7
:10F4600040F02881874FDFF844C297F800E0864ECD
:10F47000019500210C230D460093BC22C823204691
:10F480008E4518BF664603F019FEBC222946C823E4
:10F490000095204603F0FEFF0121204604F078FC91
:10F4A00031467A4B65612046236106F061F9784A5E
:10F4B000784B39780DF1380BA9420CBF114619462B
:10F4C0000BA806F095FE0BA9584606F0B7FE724948
:10F4D000584607F0BBF8714B714A1968714BA94245
:10F4E000ACBF1146194607F0DDF8012181462046E0
:10F4F00004F04EFC2F4665612A46102611AD4FF0F0
:10F50000020A02F120084346494628466682A4F8CA
:10F5100010A007F09FF92946584806F023F928461D
:10F5200006F0A0FFD9F808200A36424507F101038A
:10F53000B6B2424640F2AC81112B1F46E1D11227F0
:10F54000BC26584606F08EFF0BA806F08BFF002164
:10F55000C82332460091494803F09CFF4E49584663
:10F5600006F06CFE584607F061FA109B002B40F045
:10F570009F8100220B924FF0010A002B40F0AB81DB
:10F5800014AA02EB8A0201218A4442F8241C002BAF
:10F5900040F0B28114AB03EB8A030222584643F8D1
:10F5A000242C06F05FFF0AF1010A102F47DC07EB5D
:10F5B00087077F00BEB21037BB1B9BB21036DFF847
:10F5C000F09002930027B6B2A846344B1B68BB42AA
:10F5D00035B240D002232382658200230BAA58460D
:10F5E00052F82750E38259F83510A38206F000FE46
:10F5F000109B092B06D82021584607F005F8109BD0
:10F60000092BF8D909EBC5055846696806F0D2FF01
:10F61000202300225946404607F01CF9414617486E
:10F6200006F0A0F8404606F01DFF0137584606F0E8
:10F6300019FF574503D00A36B6B2BA2EC5D107F026
:10F6400045FA194B1B68984280F01B81FEF786FC37
:10F6500015B0BDE8F08F029B0848A3F1110200210C
:10F660000A23324400930191C82312B203F026FD0D
:10F670000223238265824FF6FF73AFE720780020D4
:10F68000CC920020C492002054E103000200BF008D
:10F690007CE1030074E10300F0770020306100207A
:10F6A00080E1030084E10300E892002030E10300E0
:10F6B00050E7030000210C23CDE90035BC220D46A4
:10F6C000C823204603F0FAFCC823BC222946204662
:10F6D000009503F0DFFE0121204604F059FBAE4BFC
:10F6E000AE4923612046656106F042F8AC498B685B
:10F6F000002B40F0338105AB1846AA49029306F06F
:10F700009DFD11AD0DF1380BA749584606F070FD6F
:10F710000299584606F09AFF01218146A34804F059
:10F7200037FB0023984663611A4610264FF0020A01
:10F7300002F120073B46494628466682A4F810A0FD
:10F7400007F088F82946994806F00CF8284606F094
:10F7500089FED9F808200A36BA4208F10103B6B288
:10F760003A4640F29C80112B9846E1D11223039334
:10F77000BC260027584606F075FE3246C823394697
:10F780008A48009703F086FE01218848DFF820921E
:10F7900004F0FEFA039B676103EB830676001036E4
:10F7A0003A46B6B298464FF0020A02E00A36B6B2BE
:10F7B0003A4602F12007B8F1100F3B467C49284633
:10F7C00008F101080FDCA4F810A0668207F042F8E7
:10F7D0002946764805F0C6FF284606F043FED9F8CC
:10F7E0000830BB42E2D8734B039A1B68002B984643
:10F7F000B8BF03F11F0802EB6818B8F1100F40F30F
:10F8000093800A22D9F808100BA806F0CBFD0BA9AB
:10F81000584606F013FD6849584606F043FF0A2291
:10F820000646A021284606F08DFD2946304606F002
:10F830000DFF014608A806F001FD284606F012FE5D
:10F84000584606F00FFE0BA806F00CFE0A9B574820
:10F85000A3EB83035B00C433002208A9B2252382F3
:10F860006261658205F07EFF08A806F0FBFD029844
:10F8700006F0F8FD07F02AF9504B1B689842FFF498
:10F88000E5AEFEF7C3FBFEF769FB15B0BDE8F08FF0
:10F8900003EB83035E00123636B2023751E603EB08
:10F8A00083035E00123608F1020336B2039360E769
:10F8B0004349284606F09CFC5946284606F056FF68
:10F8C00082462846BAF1000F5DD106F0CBFD109BB1
:10F8D000002B3FF455AE3B49284606F089FC5946BB
:10F8E000284606F043FF002851D1284606F0BAFD0D
:10F8F000109B002B3FF44EAE3349284606F078FCAF
:10F900005946284606F032FF18B1284606F0AAFDEF
:10F9100040E6284606F0A6FD584606F0A3FDBAF1DB
:10F92000000F7FF442AE8AE65A4202F01F0208F14D
:10F93000010803F01F0308EB880858BF534203EB8C
:10F9400043034FEA480259000E320023009312B2DB
:10F9500002310623154803F09DFD52E711AD2846FC
:10F9600006F06CFC2846194906F09CFE0D4906F08D
:10F970006DFE05AB01461846029306F05FFC284673
:10F9800006F070FDBEE606F06DFD109BF1E5284621
:10F9900006F068FD109BF3E50200BF0088E103005C
:10F9A000FC770020087800207CE10300207800200C
:10F9B000E0770020EC770020ECE10300E8920020E3
:10F9C000ECE40300F4E40300F8E403005CE3030068
:10F9D00010B503212048214CFDF782FF204B1E4823
:10F9E0001978FDF755FF94F900305A1C04D0012B0B
:10F9F00021D0022B0BD010BD4FF47A73002219498D
:10FA00001548FDF715FB58B10123237010BD4FF4C5
:10FA10007A73002214491048BDE81040FDF708BB76
:10FA200002464FF47A7310490B48FDF701FB58B1B9
:10FA30000223237010BD4FF47A730022094906484F
:10FA4000BDE81040FDF7F4BA2070084A08490120CB
:10FA5000BDE81040FDF7CAB81492002041610020B3
:10FA600040610020F0E1030010E203001CE203000B
:10FA7000D8E103002DE9F04FBF48C04DC04E91B012
:10FA80004FF6FF77AC23CDE900371022C8230021C1
:10FA9000044603F013FBBB4B1A6803920197039FC4
:10FAA00000210C23012F08BF2E4620460D4600934F
:10FAB000BC22C82303F002FBC823BC2220462946EF
:10FAC000009503F0E7FC2046012104F061F9AE4BFC
:10FAD000236131466561204605F04AFEA94B1B684B
:10FAE000012B00F00B81A949A94A022B08BF11463E
:10FAF000DFF884820AA806F07BFB0121404604F06F
:10FB000047F9002262611A2601254FF0020902F12D
:10FB100020073B460AA90DA86682A4F8109006F0BB
:10FB200099FE0DA9404605F01DFE0DA806F09AFCB1
:10FB30000C9B0A36BB423A4605F10101B6B205D923
:10FB4000B2F5007F0D46E2D1122500E00235DFF864
:10FB500044920AA806F086FC4846FEF7F1FD00280C
:10FB600000F0CE8001460AA806F042FB824805EB71
:10FB7000850701217F008346103704F009F9002230
:10FB8000BFB262614FF0020A03E00A37BFB23546E6
:10FB9000424602F12008102D43460AA90DA805F19E
:10FBA000010611D8A4F810A0678206F053FE0DA933
:10FBB000584605F0D7FD0DA806F054FC0C9B4345B4
:10FBC000E3D8AB1C35461E460AA806F04BFC71482C
:10FBD000FEF7B6FD60B3684805EB850701217F009D
:10FBE0008346103704F0D4F80022BFB262614FF0B0
:10FBF000020A03E00A37BFB23546424602F1200846
:10FC0000102D434663490DA805F1010610D8A4F84C
:10FC100010A0678206F01EFE0DA9584605F0A2FD51
:10FC20000DA806F01FFCD9F808304345E2D8AE1CF9
:10FC3000544B1B6806F10108032B45466CD00DF1AF
:10FC40001C0A5549DFF830B1504606F0D1FA534B43
:10FC50000A22197804A806F045FB04A9504606F0CC
:10FC6000F5FC4F4906F01EFD4E4B0A221978064658
:10FC70000AA806F037FB0AA9304606F0E7FC05EBB8
:10FC80008506804601215846760004F081F810363A
:10FC90000022B6B262614FF0020902E00A36B6B243
:10FCA0003A4602F12007102D3B4641460DA805F1CA
:10FCB00001050FDCA4F81090668206F0CBFD0DA9BB
:10FCC000584605F04FFD0DA806F0CCFBD8F80830DB
:10FCD000BB42E3D80AA806F0C5FB04A806F0C2FBA5
:10FCE000504606F0BFFB06F0F1FE2F4B1B68984212
:10FCF0000BD2FEF733F911B0BDE8F08F2B49F7E6D0
:10FD000049460AA806F09AFA30E7FEF77FF9FEF7AF
:10FD100025F911B0BDE8F08F06F0D8FE244B254937
:10FD20001F68254B254D264AC01BA1FB0071890980
:10FD3000A3FB01735B09C3EB0313A1EB8301A5FBD9
:10FD400000500DF11C0A830B0091504608210BF066
:10FD50004DFE06EB860751460AA806F049FA7F00D9
:10FD60000121054804F014F810370022BFB2626187
:10FD70004FF0020B2CE000BF207800200CE50300C0
:10FD800024E50300DC7700200200BF0044E5030007
:10FD90005CE50300CC77002068E5030040610020AB
:10FDA00070E503003A610020E89200204CE5030072
:10FDB000D8770020D34D62108988888873B2E745D0
:10FDC000BCE003000A374646BFB24A4608F10108C4
:10FDD00002F12009102E4B460AA90DA845460FD85E
:10FDE000A4F810B0678206F035FD0DA9064805F0AD
:10FDF000B9FC0DA806F036FB0C9B4B45E2D8B51CB0
:10FE00000AA806F02FFB1CE720780020F0B5294B4C
:10FE100093F90030012B89B0074642D0022B38D02D
:10FE2000254A264B264C0025012615601E60FEF74C
:10FE300055FF394602A806F0DBF906F047FE214BD4
:10FE4000019500F57A670E212A4600912046294641
:10FE50001F60C82303F032F93146204603F098FFB3
:10FE60004FF0FF332A46636102A91F2305A8164DF0
:10FE7000256106F0EFFC05A9204605F073FC05A8F6
:10FE800006F0F0FAFEF7BCFA02A806F0EBFA09B0A9
:10FE9000F0BD4FF47A7300220C490D48FDF7C8F805
:10FEA000BEE74FF47A7300220A490948FDF7C0F80B
:10FEB000B6E700BF41610020DC770020CC92002033
:10FEC00020780020E892002004000300BCE1030039
:10FED00014920020ACE103002E4B1B7833B170B5B7
:10FEE0002D4D2B6888B013B108B070BD70472B4BF7
:10FEF000044619782A48FDF7CBFC2A4B2848197884
:10FF0000FDF7DAFC21462648FDF75EFC0646002890
:10FF100030D12549254C02A806F06AF906F0D6FD35
:10FF20002349019600F57A650E2300933246204658
:10FF3000C8230D60314603F0C1F82046012103F0CB
:10FF400027FF1C4D25614FF0FF333246636102A944
:10FF50001F2305A806F07EFC05A9204605F002FC3B
:10FF600005A806F07FFAFEF74BFA02A806F07AFA27
:10FF700008B070BD06F0AAFD0F4B214618600223A1
:10FF80000E482B6006F076FA0D4B06221A60FFF73A
:10FF900071FDA9E78C920020DC77002040610020F1
:10FFA000149200203A61002020E103002078002014
:10FFB000E892002004000300D8770020CC770020CE
:10FFC000CC9200202DE9F047734D8CB04FF6FF74B2
:10FFD000AC23CDE900342846C8231022002103F0C9
:10FFE0006DF800210C23019428460C460093BC2296
:10FFF000C82303F063F8BC222146C8232846009496
:020000023000CC
:1000000003F048FA2846012103F0C2FE634B64491D
:100010002B6128466C6105F0ABFB624906A806F02F
:10002000E7F8614906A806F011FB604906F03AFBC3
:1000300001218046284603F0ABFEA9466C612246AA
:1000400001261A244FF0020A02F120073B464146DE
:1000500009A86C82A5F810A006F0FCFB09A9484687
:1000600005F080FB09A806F0FDF9D8F808300A343D
:10007000BB4206F10101A4B23A4604D911290E4649
:10008000E2D1122600E0023606A806F0EBF9464956
:100090008B68022B0AD806F019FD454B1B68984265
:1000A00072D2FDF75BFF0CB0BDE8F08703A8FEF746
:1000B000F7FA03A8FEF744FB06EB860481463648B0
:1000C000012164008046103403F062FE0022A4B2D5
:1000D0006A614FF0020A02E00A34A4B23A4602F121
:1000E0002007102E3B4603A909A810DCA5F810A094
:1000F0006C8206F0AFFB09A9404605F033FB09A866
:1001000006F0B0F9059BBB4206F10106E4D8B9F14F
:10011000000F30D0494606A806F06AF806EB8604C0
:100120001D48012164008046103403F031FE002296
:10013000A4B26A614FF0020902E00A34A4B23A465E
:1001400002F12007102E3B4606A909A806F1010678
:100150000EDCA5F810906C8206F07CFB09A94046E5
:1001600005F000FB09A806F07DF9089BBB42E4D826
:1001700006A806F077F903A806F074F906F0A6FCC5
:100180000B4B1B6898428CD3FDF740FFFDF7E6FE52
:100190000CB0BDE8F08700BF207800200200BF004F
:1001A00078E5030098E503001478002084E103005B
:1001B000E89200202DE9F04FB04C97B04FF6FF7554
:1001C000AC23CDE900352046C8231022002102F0DF
:1001D00075FF00210C23019520460D460093BC229B
:1001E000C82302F06BFFBC222946C8232046009595
:1001F00003F050F92046012103F0CAFDA04BA149AC
:1002000023612046656105F0B3FA9F4910A805F007
:10021000EFFF9E490DA805F0EBFF0DA910A806F011
:1002200015FA01218046204603F0B2FD2E46656195
:100230002A46A24610254FF0020902F120073B464C
:10024000414613A86582A4F8109006F003FB13A999
:10025000504605F087FA13A806F004F9D8F80830DC
:100260000A35BB423A4606F10106ADB203D9B2F5F2
:10027000087FE2D111260DA806F0F4F810A806F0C8
:10028000F1F88349DFF8F4B110A805F0B1FFFCF7ED
:10029000DDFC0A2201460DA806F0B4F80DA910A84D
:1002A00006F0D4F97B4906F0FDF906EB8605814698
:1002B000012158466D0003F06BFD10350022ADB2F0
:1002C00062614FF0020A03E00A35ADB242463E4693
:1002D00002F12008BA2D4346494613A806F101074A
:1002E00000F0DB81A4F810A0658206F0B3FA13A930
:1002F000584605F037FA13A806F0B4F8D9F80830D4
:100300004345E1D80DA806F0ADF810A806F0AAF80C
:100310006149DFF868B110A805F06AFF5F4B604AD9
:100320001978604B0DA800290CBF1146194605F03D
:100330005FFF0DA910A806F089F907EB8705814634
:10034000012158466D0003F023FD10350022ADB2A7
:1003500062614FF0020A03E00A35ADB24246374609
:1003600002F12008102F4346494613A807F1010661
:1003700000F29181A4F810A0658206F06BFA13A92F
:10038000584605F0EFF913A806F06CF8D9F80830D4
:100390004345E1D80DA806F065F810A806F062F80C
:1003A0004149DFF8D8B010A805F022FF3F4B404A82
:1003B00019783C4B0DA800290CBF1146194605F0D1
:1003C00017FF0DA910A806F041F906EB8607814634
:1003D000012158467F0003F0DBFC10370022BFB23A
:1003E00062614FF0020A03E00A37BFB22E4642466E
:1003F00002F12008102E4346494613A806F10105D4
:1004000012D8A4F810A0678206F024FA13A958465F
:1004100005F0A8F913A806F025F8D9F808304345E7
:10042000E2D8B31C2E461D460DA806F01BF810A8F6
:1004300006F018F81D4B1B78002B40F0718105EB7E
:1004400085067600B6B200270C48009706F10C022C
:1004500012B2C8233946814603F01CF8154910A88A
:1004600005F0C6FE10360121484603F091FCB6B2F5
:1004700067613A464FF0020A22E000BF2078002070
:100480000200BF0008E3030028E3030048E703007D
:1004900034E3030040E3030048E3030044910020F9
:1004A000ECE20300A4DF030054E303008C9200207D
:1004B000F8E20300A8E303000A36B6B245463A461E
:1004C00002F12007102D3B4610A913A805F10108E1
:1004D00011D8A4F810A0668206F0BCF913A948460A
:1004E00005F040F913A805F0BDFF129BBB42E3D80D
:1004F000AB1C4546984610A805F0B4FFA44B1F68F6
:10050000002F00F0D78065DDA24B0293DFF890A2A8
:1005100000230393A0490DA805F06AFE029F0DA8D1
:1005200007F10C0106F092F89B4906F0BBF806466D
:100530003846FEF705F9002800F0A880014610A80B
:1005400005F056FE304610A906F080F805EB85064A
:10055000814601215046760003F01AFC1036002235
:10056000B6B262614FF0020B03E00A36B6B24546FE
:100570003A4602F12007102D3B46494613A805F1E3
:10058000010814DCA4F810B0668206F063F913A920
:10059000504605F0E7F813A805F064FF002FE4D0FB
:1005A000D9F80830BB42E0D8AB1C4546984610A8A5
:1005B00005F058FF0DA805F055FF754B039A1B6811
:1005C00001329342039205DD029B18330293039B91
:1005D000052B9FD108EB88056D00ADB26F4E7048BA
:1005E000002305F10C020093194612B23360C823B0
:1005F00002F050FF6B4910A805F0FAFD6A498B68BC
:10060000002B4CD169490DA805F0F2FD0DA910A8E9
:1006100006F01CF80746624801218146103503F0B8
:10062000B7FB0022ADB262614FF0020A02E00A3568
:10063000ADB2324602F12006B8F1100F334639460A
:1006400013A812DCA4F810A0658206F003F913A920
:10065000484605F087F813A808F1010805F002FFE5
:10066000002EE4D0BB68B342E1D80DA805F0FAFE35
:1006700010A805F0F7FE06F029FA4D4B1B689842CA
:1006800011D2FDF76BFC17B0BDE8F08F029910A8EE
:1006900005F0D4FD56E73E467CE6374632E60DA827
:1006A00005F0CCFDB2E7FDF7B1FCFDF757FC17B044
:1006B000BDE8F08FDFF8E8903E4905EB850610A80D
:1006C000760005F095FD10360121484603F060FBE9
:1006D000B6B267613A464FF0020A03E00A36B6B294
:1006E00045463A4602F12007102D3B4610A913A8B3
:1006F00005F1010810D8A4F810A0668206F0AAF847
:1007000013A9484605F02EF813A805F0ABFE129B7E
:10071000BB42E3D805F1020810A805F0A3FE59E793
:10072000254904A805F064FD04AA41F28833234951
:100730002348FCF77DFC002840F0CA8007A8204928
:10074000FDF722F9099B002B40F013811D49DFF8CA
:1007500050B010A805F04CFD1B4B0A2219680DA8DB
:1007600005F0F0FD0DA910A805F070FF174905F080
:1007700099FF06EB86058146012158466D0003F07E
:1007800007FB10350022ADB262614FF0020A23E090
:100790000C9200204C9100205CE30300109200209A
:1007A00020780020C0E30300DC920020CCE30300AB
:1007B000E8920020B8E3030080E1030060E3030057
:1007C0001492002084E303003461002090E30300CE
:1007D0000A35ADB242463E4602F12008102E43468D
:1007E000494613A806F1010770D8A4F810A0658245
:1007F00006F030F813A9584604F0B4FF13A805F02A
:1008000031FED9F808304345E2D80DA805F02AFE9C
:1008100010A805F027FE7A49DFF8FCB10DA805F015
:10082000E7FC784B0A2219680AA805F08BFD0AA993
:100830000DA805F00BFF744905F034FF734B0A2235
:100840001968054610A805F07DFD10A9284605F099
:10085000FDFE07EB8706814601215846760003F02E
:1008600097FA10360022B6B262614FF0020A03E036
:100870000A36B6B22F46424602F12008102F4346F0
:10088000494613A807F1010510D8A4F810A0668204
:1008900005F0E0FF13A9584604F064FF13A805F023
:1008A000E1FDD9F808304345E2D8BD1C10A805F099
:1008B000D9FD0AA805F0D6FD0DA805F0D3FD07A8BF
:1008C00005F0D0FD04A805F0CDFDB8E537469CE75E
:1008D000222104A805F076FF051E80F288804FF0E3
:1008E000FF37AF427FF72AAF4949DFF82C9110A8B4
:1008F00005F07EFC6A1C3B4604A90DA805F0AAFF82
:100900000DA910A805F0A2FE06EB86058046012180
:1009100048466D0003F03CFA10350022ADB262612A
:10092000B4464FF0020A03E00A35ADB23A46B44687
:1009300002F12007BCF1100F3B46414613A806F117
:1009400001065BD8A4F810A0658205F083FF13A907
:10095000484604F007FF13A805F084FDD8F80830D6
:10096000BB42E1D80DA805F07DFD10A805F07AFD89
:10097000E4E62849DFF8A09010A805F039FC07A9A3
:1009800010A805F063FE06EB860580460121484667
:100990006D0003F0FDF910350022ADB26261B4467E
:1009A0004FF0020A03E00A35ADB23A46B44602F10E
:1009B0002007BCF1100F3B46414613A806F1010683
:1009C00013D8A4F810A0658205F044FF13A9484687
:1009D00004F0C8FE13A805F045FDD8F80830BB4266
:1009E000E1D810A805F03EFDB0E66646F9E76A1CBE
:1009F000222104A805F0F6FE074672E76646B1E735
:100A000094E30300D8920020A0E30300D4920020D6
:100A10006CE3030078E30300207800202DE9F04721
:100A20000368B84AB8498EB004460220FCF7DEF8E5
:100A3000B6490BA805F0DCFB0BA9204605F096FE95
:100A400005460BA805F00EFD002D4ED0B04C2368D6
:100A5000033B012B13D9FDF70DFFAE4B1B68002B99
:100A60005ADC2368012B00F0A08006F02FF8AA4B77
:100A70001B68984280F0E0800EB0BDE8F087A74B7D
:100A8000A749A84C012608A81E7005F0B1FB06F086
:100A90001DF8A14B002500F57A670E2101952A4625
:100AA0000091204629461F60C82302F007FB31460B
:100AB000204603F06DF92A464FF0FF339A4D6361EB
:100AC00008A91F230BA8256105F0C4FE0BA9204629
:100AD00004F048FE0BA805F0C5FCFDF791FC08A842
:100AE00005F0C0FC0EB0BDE8F08790490BA805F0FA
:100AF0007FFB0BA9204605F039FE05460BA805F043
:100B0000B1FC002D6FD08A4C2368002B52D0012BF2
:100B1000B2D1FEF75DFFAFE70DF1200885494046F1
:100B200005F066FB8448FDF70BFE05AF002855D0A5
:100B30000146384605F05CFB3946404605F086FD27
:100B4000814605F0C3FF774D734B00F57A6C0026A4
:100B50000E22019600923146C3F800C03246C823E7
:100B6000284602F0ABFA2846012103F011F932467B
:100B70004FF0FF336C4E6B6149461F230BA82E616B
:100B800005F068FE0BA9284604F0ECFD0BA805F063
:100B900069FCFDF735FC384605F064FC404605F07D
:100BA00061FC2368012B7FF460AFFEF797F80EB06D
:100BB000BDE8F08761490BA805F01AFB01230BA9DA
:100BC0005F48236005F056FC514B06221A60FEF781
:100BD00051FF0BA805F046FC236898E738465649B4
:100BE00005F02CFBA8E757490BA805F001FB0BA962
:100BF000204605F0BBFD05460BA805F033FCF5B11A
:100C00002221204605F0DEFD051E4BDA4FF0FF36AF
:100C1000AE427FF731AF013521460BA82A46334655
:100C200005F018FE46490BA805F06CFD002840D0E1
:100C30000BA805F017FC1FE7FDF7E8F91CE7424990
:100C40000BA805F0D5FA0BA9204605F08FFD054647
:100C50000BA805F007FCB5B905AF3C49384605F0CF
:100C6000C7FA3946204605F081FD002837D03846BE
:100C700005F0F8FB2E4B1B68002B3FF4FDAE34480B
:100C8000FFF7C4F8F8E62A4B03221A6005F01EFFAE
:100C90001F4B304A1B681060062B7FF4EDAEFEF749
:100CA000E9FEE9E66A1C2221204605F09BFD064686
:100CB000AEE70BA805F0D6FB33462A4621460BA823
:100CC00005F0C8FD0BA91E4805F0FEFB0BA805F0BA
:100CD000C9FB0F4B1B68062B7FF4CEAEDFE70DF18F
:100CE00020081D49404605F083FA4146204605F09C
:100CF0003DFD98B3404605F0B5FB384605F0B2FB24
:100D0000B8E700BFE4E2030050E2030044E0030060
:100D1000CC92002038910020E89200203C910020E5
:100D200058E20300207800200400030034E00300B0
:100D3000DC77002074E20300408C002080E1030097
:100D4000CC7700203CE0030088E203004CE0030085
:100D5000B4E20300D87700209CE203007E490BA890
:100D600005F046FA0BA9204605F000FD05460BA844
:100D700005F078FB404605F075FB384605F072FB40
:100D8000002D7FF477AF75490BA805F031FA0BA958
:100D9000204605F0EBFC05460BA805F063FB002D93
:100DA0003FF46AAEA368DFF8F09121460C2202A856
:100DB00005F050FD02A805F055FE02A8202105F01F
:100DC00035FDD9F80030072B1D46A8BF0725002B9D
:100DD000824614DD624C05EB450304EBC304A4F129
:100DE00018063146204605F045FB013DA4F10C01F3
:100DF00004F10C0005F03EFB3446002DEFD1BAF1B2
:100E0000000F7BDD5346002202A90BA805F022FD4E
:100E10000BA9544805F058FB0BA805F023FB0AF179
:100E20000102049B02A90BA805F014FD0BA94C4874
:100E300005F04AFB0BA805F015FBD9F800304A4A2B
:100E40004A49072BDCBF0133C9F80030136840461C
:100E50000133136005F0CCF94148FDF771FC00281F
:100E60005CD00146384605F0C3F93946404605F0E6
:100E7000EDFB064605F02AFE3D4C3E4B00F57A6C34
:100E800000250E22009201952A46C3F800C0204694
:100E9000C823294602F012F92046012102F078FF0A
:100EA00031464FF0FF33344E63612A461F230BA8AF
:100EB000266105F0CFFC0BA9204604F053FC0BA8DB
:100EC00005F0D0FAFDF79CFA384605F0CBFA40461B
:100ED00005F0C8FA294B93F90030012B30D0022BD2
:100EE00026D0274A274913680020062B08601AD00D
:100EF000052B2DD002A805F0B5FABDE522490BA8B7
:100F000005F076F90BA9174805F0DEFA0BA805F0F5
:100F1000A9FA02A90BA805F091F987E7104938460C
:100F200005F08CF9A1E701231360FDF7D7FEE1E797
:100F30002A464FF47A7315491548FCF779F8D0E73B
:100F40002A464FF47A7313491148FCF771F8C8E741
:100F5000FFF730F9CEE700BFA4E203006CE0030026
:100F60004C9100205891002010920020C0E2030014
:100F700020780020E8920020040003004161002056
:100F8000CC920020DC77002080E10300BCE103006C
:100F900014920020ACE103000C9200202DE9F04FE8
:100FA000AF4D2B68013B8FB00446062B2FD8DFE8EE
:100FB00013F0070065009000DC00F00031004D00E8
:100FC000B52800F0F281B62800F02B810D2800F042
:100FD000668320F02003DAB2442A00F0BF844D2A51
:100FE00000F01C83432A00F02B84502A40F08685B1
:100FF0009C4B1B68002B0ADD9B4B9C4A1B6803EB38
:10100000830302EBC30303F10800FEF765FF0FB093
:10101000BDE8F08F964D2B68012B00F0AC81B52810
:1010200000F04383B62800F06D81B72840F0A48417
:10103000904A1378072BEAD80133DBB219468E4861
:101040001370FCF739FCFEF715FDE0E70D2800F002
:10105000B381082800F0D7801B2800F06183A0F13D
:101060003003092B00F27385844883680F2BCED898
:10107000214605F0C9FAFEF7A5FFC8E7B62800F03B
:101080001B83B52800F0828200F0DF03502B00F0B4
:101090006E81442B00F01783522B40F05D85784918
:1010A000784805F0E7F97849784805F02FFA784B49
:1010B000744800221A60FDF743FB7349002818BFEB
:1010C0000146744805F022FA04232B60FEF7B6F9B6
:1010D0009DE708AF7049384605F0B0F8384605F08E
:1010E000A5FC0A9B002B40F03D82002205920126C0
:1010F000002B40F027820EAA02EB860201210E444B
:1011000042F8241C002B40F00E820EAB03EB86034A
:101110000222384643F8242C05F0A4F9B62C06F137
:10112000010600F00A81092C00F00481B52C00F0C2
:101130000F810D2C00F05783082C00F0BF831B2C6F
:101140004AD0A4F120035E2B3FF661AF524883687A
:10115000132B3FF65CAF214605F056FA4F4B4FF08C
:10116000FF321A60FEF76AF951E7484E0D28B3685E
:1011700000F03C81B42868D0B72840F0F58244499B
:101180000A6893427FF743AF01320A60FEF756F9CF
:101190003DE71B282DD009282BD0A0F120035E2B82
:1011A00040F286803E490BA805F022F81022214625
:1011B00008A805F097F808A90BA805F047FA01461A
:1011C000384805F057F908A805F04CF90BA805F0C8
:1011D00049F9FEF7EFFF1AE7334B1A784AB10022BC
:1011E00029492D481A7005F091F92C4B4FF0FF3228
:1011F0001A602E4B1B7801222A60002B40F0C3811D
:10120000FDF76CFD03E71D4CA16800293FF4FFAE1C
:101210000139204605F078FBA368002B7FF42BAF43
:10122000E7E7104B10491B680A68013B934200F343
:1012300018839623522B00F0A681092C7FF4E7AE89
:1012400005232B60FEF7B6FFE1E6114A1368002B79
:101250007FF7DDAE013B1360FEF7F0F8D7E600BF85
:10126000CC92002038910020D0920020388C0020B1
:10127000DC7700203A6100201492002014780020CE
:101280009C9200200878002080E10300E077002095
:10129000EC770020FC770020F07700203061002000
:1012A000DCE60300DC920020C49200203C91002088
:1012B00008A8BB4904F09CFF214605A804F0E6FFFE
:1012C00005A908A805F0C2F9B64905F0EBF9102206
:1012D000054621460BA805F005F80BA9284605F0A0
:1012E000B5F9B14905F0DEF90146B04805F0C2F89C
:1012F0000BA805F0B7F805A805F0B4F808A805F0A4
:10130000B1F866E7AA4A1378002B3FF480AE013BA0
:10131000DBB21946A7481370FCF7BAFAFEF7AAFB2E
:1013200075E60BA805F09EF8384605F09BF8B62C3C
:101330007FF4F9AE002E3FF46AAE9F490B6801338B
:1013400093FBF6F206FB12360E60FEF777F85EE6C8
:10135000002E3FF45CAE984C2368002BD4BF06F1FE
:10136000FF3303F1FF332360FEF768F84FE693483D
:10137000FEF7B2FD4BE60D2800F079821B2804D061
:1013800000F0DF04482C7FF442AE8D4B93F900301F
:10139000012B00F05D83022B00F02D838548FCF7C4
:1013A00067FA8848FEF732FD31E6874A1368002B5A
:1013B00000F3B18195233DE7844EB368022B7FF69D
:1013C00026AE0BAC20463146FDF76AF9804930461F
:1013D00005F09CF82046FEF77FFD7E4B1B68002B36
:1013E00000F0FF82204605F03DF810E6002B7FF765
:1013F0000EAE08AF7849DFF80882DFF81CA2DFF8EC
:1014000014B2384604F0F4FE05F060FB4FF000091A
:101410000E2300F57A644A46404649460093CDF8CB
:101420000490C823CAF8004001F048FE404601215C
:1014300002F0AEFC0BAC4FF0FF32684BC8F8142042
:1014400039464A462046C8F810301F2305F002FAF4
:101450002146404604F086F9204605F003F8FCF7E3
:10146000CFFF384604F0FEFF594632465148FBF79D
:10147000B1FEDBF80030002800F0A381584A00924A
:101480005849594A0220FBF7B1FB5149584605F02B
:101490003DF84F49304605F039F84D49534805F0BD
:1014A00035F84B49524805F031F8524B524A1B78F7
:1014B000C2F8009001222A60002B40F06483FDF7FF
:1014C0000DFC4E49384604F093FE05F0FFFA002566
:1014D0000E2300F57A602A46294601950093CAF842
:1014E0000000C823464801F0E9FD0121444802F00C
:1014F0004FFC2A464FF0FF33384DC8F814303946B8
:101500001F232046C8F8105005F0A4F921463C4896
:1015100004F028F9204604F0A5FFFCF771FF3846D7
:1015200004F0A0FF73E537490BA804F061FE3946CB
:101530000BA805F01BF900283FF4F3AE0BA804F04C
:1015400091FFE2E530490BA804F052FE39460BA8A2
:1015500005F00CF9002840F0D9800BA804F082FFB8
:101560000A9BCFE529490BA804F042FE39460BA897
:1015700005F0FCF806460BA8002E40F0C38004F0EE
:1015800071FF0A9BB4E5FDF775F939E6204A136847
:10159000002B7FF73CAD013B1360FDF7E1FD36E525
:1015A000CCE60300D0E60300D8E60300DC9200207E
:1015B0004061002014920020306100209C920020A5
:1015C00041610020BCE60300D09200201478002086
:1015D00080E10300DC77002094E6030004000300B0
:1015E000D0E2030014E70300E4E60300F0770020F4
:1015F000FC7700203C910020EC77002060E603009F
:1016000020780020F8E40300F4E40300ECE4030095
:10161000C892002008780020E8920020AF4EB04A1F
:10162000B36800241470002B7FD0AE4B9B68002B56
:1016300040F0AD8103232B60FDF700FFAA4908A805
:1016400004F0D6FD05F042FAA84CA94B00250E2166
:1016500000F57A662A4601950091204629461E60CB
:10166000C82301F02BFD2046012102F091FB2A4600
:101670004FF0FF339F4D636108A90BA81F2325611D
:1016800005F0E8F80BA9204604F06CF80BA804F06C
:10169000E9FEFCF7B5FE08A804F0E4FEB7E4964BBB
:1016A0001B68002B6FDC0346C4E5944A1378042BB7
:1016B0003FF6ADAC01332BE6914A1368013313605A
:1016C000FDF74EFDA3E48F4B8F481C68E1B2FBF79A
:1016D00091FE8E498E4B8F4A00280CBF0846184653
:1016E000009023468C490220FBF780FAFDF7C2F8F0
:1016F0008A4B1B780BB1FCF707FF01232B60FDF72A
:10170000EDFA84E404F0AEFE0A9BEEE40BA804F0CC
:10171000A9FE0A9BEFE4013B1360FDF7DFFA76E4D4
:101720007F49804804F0F2FE63E57F4CA768002FF4
:1017300080D17B496B4804F0E9FE3046784904F0DB
:10174000E5FE2046764904F0E1FE7549774804F04D
:10175000DDFE7749774A4FF0FF30032308601760BA
:101760002B60FDF76BFE52E4B52840F0B781714A5B
:101770001368002B7FF74BAC203B23EAE373136025
:10178000FDF75CFE43E46C4E6C4C336803EB830363
:1017900054F83300FDF782FC00283FF438AC33687E
:1017A00003EB830304EBC30423792BB1644A13686E
:1017B0000021013B1360217102232B60FDF7D0FC57
:1017C00025E4524A009254495E4A0220FBF70EFA81
:1017D0005D4B1B7801222A600BB1FDF74BF8FDF73A
:1017E0007DFA5A496EE6DFF8F88098F80040002C40
:1017F00040F009814E4F3B689E4200F231814A49D8
:101800008B68022B7FF603AC0BA8FCF749FF0BA9F2
:10181000344804F059FE0BA804F024FE3148FCF7CC
:101820008FFF3F49002818BF0146404804F06EFE74
:10183000404A042314602B60FDF700FEFFF7E7BB6E
:10184000274B3749384801221A7004F05FFE384AA6
:101850004FF0FF31032311602B60FDF7EFFDFFF721
:10186000D6BB01320A60FDF739FAFFF7D0BB384B1F
:1018700093F90030012B00F01181022B00F006815A
:1018800003212148FCF72CF81F48FBF7E9FF00284B
:101890003FF4BDAB03232B6005F018F92D4A174B1D
:1018A000106019781848FBF7F3FF2B4B164819788E
:1018B000FCF702F8FEF7DEF8FFF7A9BB1A488168CB
:1018C00000293FF4A4AB013905F01EF8184B4FF086
:1018D000FF321A60FDF7B2FDFFF799BBE0770020F9
:1018E000C49200200878002084E6030020780020BD
:1018F000E89200200400030038910020406100209D
:10190000C89200203C61002014920020DCE3030018
:10191000D0E20300D4E2030014E703008C9200201D
:1019200080E1030014780020F0770020FC7700208D
:1019300030610020EC770020D0920020388C00200D
:10194000F0920020E4E603003C91002068E60300EA
:1019500041610020D87700203A610020B14B1B681C
:10196000002B7FF76AACB04BB04A1B68B04803EB62
:10197000830352F83340A9E6B42840F0F580AD4A1D
:101980001378002B3FF443AB013BFFF756BB042316
:101990002B60FDF753FDA849A84D08A804F028FCCA
:1019A00005F094F8A64901940E2300F57A662246C4
:1019B00000932846C8230E60214601F07FFB28468D
:1019C000012102F0E5F922464FF0FF339D4C6B6197
:1019D00008A90BA81F232C6104F03CFF0BA9284683
:1019E00052E6994B1B7801222A600BB1FCF742FFAB
:1019F000FDF774F9F6E44FF47A73002293498C48AA
:101A0000FBF716FBCAE4924C9249384604F0F0FB0F
:101A10002368B34255D390498B68022B46D80A9B62
:101A2000002B3FF47CAD00238A498B4888F80030B6
:101A300004F06CFD4FF0FF3338462360FEF74CFA9C
:101A4000864B1B68002B7FF46AADFDF715FB66E53E
:101A50004FF47A73002282497548FBF7E9FA9DE456
:101A60000EAA02EB83037F4E53F8243C7E4856F8BF
:101A7000331004F04BFD3B687C480EAA02EB830355
:101A800053F8243C06EBC3067168CFE64FF47A7333
:101A900000226E496648FBF7CBFAF1E64FF47A7301
:101AA00000226F496248FBF7C3FAE9E60BA8FCF78E
:101AB000F7FD0BA9384604F007FD0BA804F0D2FC93
:101AC000ADE70EAA02EB8303664A53F8243C02EB0F
:101AD000C3033846596804F019FDA0E7B62823D19E
:101AE00063490A6893427FF792AA20329342A8BFC3
:101AF00013460B60FDF7A2FCFFF789BAA0F1300294
:101B0000092A3FF697AB01460BA804F0BFFB0BA9CF
:101B1000584804F0D9FC0BA804F0A4FC07232B6060
:101B2000FEF750FAFFF773BA08282FD1504C2168FE
:101B300000297FF76CAA01393046012204F0ECFE3F
:101B40002368013B2360FDF779FCFFF760BA2B287F
:101B50003FF48AAAFFF75BBA1B283FF44AAB092877
:101B60003FF447ABFFF753BA1B2804D000F0DF0463
:101B7000482C7FF44CAA2E48FBF77AFE3E48FEF72D
:101B800045F9FFF744BAFCF775FE98E41B280BD122
:101B90002D4B1B7801222A600BB1FCF76BFEFDF781
:101BA0009DF808A835494BE5A0F120025E2A3FF6D2
:101BB0002EAA9F2B3FF72BAA2D4D00222B6802A89F
:101BC000314604F047FE02A908A804F037FB21467D
:101BD00005A804F05BFB05A908A804F037FDB3686D
:101BE0002A68044631460BA804F034FE0BA92046AF
:101BF00004F02CFD0146304604F03CFC0BA804F038
:101C000031FC05A804F02EFC08A804F02BFC02A867
:101C100004F028FC2B6801332B60FDF70FFCFFF765
:101C2000F6B900BF38910020D0920020388C0020F7
:101C3000149200203A61002084E6030020780020FE
:101C4000E8920020040003003C910020BCE1030066
:101C50003061002080E10300F0770020DC77002075
:101C6000ACE1030050E70300FC7700200878002077
:101C7000EC77002014780020B4E20300A0E6030013
:101C80002DE9F04F064891B04FF4E1310446F4F7E6
:101C900085FC04F01BFF40F6B73605460BE000BF9D
:101CA0005463002004F012FF401BB0424FF00A00C2
:101CB00006D804F017FF2046F4F78EFC0028F1D078
:101CC000C749C848C84CC94E03F01EFEC849C5489C
:101CD00003F01AFEC749C34803F016FEC649C148BF
:101CE00003F012FEC549BF4803F00EFEC449BD48CB
:101CF00003F00AFEC34801F025F800250127C24B76
:101D00000D938DF839708DF838500DF1340898E83E
:101D10000C00BC4904F1240002F09EFA294604F1AB
:101D2000240002F073F941F2EC3341F2F43041F255
:101D3000FA3241F2FE31E5544FF0C80904F5A053E0
:101D40002552A55024F8019062891A802946204620
:101D500001F04EF941F28832FF2104F1640008F0ED
:101D6000D5FF20460221E57602F012F8A74BA849DC
:101D700023616561204603F0FBFCA64B23613946D5
:101D8000204602F005F8A449204603F0F1FCA348E0
:101D900000F012FE5F21A14800F0BCFE9F4800F059
:101DA000C5FEB0F1000A0CBF3B462B46337040F035
:101DB0003E824FF6FF710C224B46CDE900212046B2
:101DC0004B22514601F07AF93946204601F0E0FFF6
:101DD000934B9449C4F814A02046236103F0C8FC37
:101DE0009149C4F814A0204603F0C2FC41F2F83B2C
:101DF0008E4934F90B30019300274FF0C80AA1F146
:101E000040003B463A46CDE903770297CDF800A063
:101E100002F058FF8648814D3946A0F1240902F0AE
:101E200047FC34F90B30029709F16401A1F140003D
:101E3000CDE900A33A463B46CDE9037702F042FFE5
:101E400009F1240002F070FB7A4B1F60337883BBEA
:101E50004FF47A7004F046FE5F21284600F05AFEE7
:101E6000284600F063FE071E0CBF012300233370D9
:101E7000EED10C234FF6FF72CDE9003239464B22EA
:101E8000C823484601F01AF90121484601F080FFB5
:101E9000634B236163496761484603F069FC62490B
:101EA0006761484603F064FCFCF758F83378002B70
:101EB000CED0614A6149624DDFF8B0910220FAF755
:101EC00095FE0C234FF6FF72CDE900320021592216
:101ED000C823454801F0F2F80121434801F058FFBA
:101EE0000026584B2361584966613F4803F040FC87
:101EF000564966613C4803F03BFC554966613A48E7
:101F000003F036FC5349384803F032FCFCF726F85E
:101F10002E780F27032304224FF4E13148462EB9CF
:101F2000FAF7B6FF2870002800F0CC800C234FF69B
:101F3000FF72CDE9003200215922C8232A4801F05E
:101F4000BDF80121284801F023FF3E4B35492648C2
:101F50000026C4E9043603F00BFC3C4922486661C4
:101F600003F006FC2B78002B40F0DF80FBF7F6FF38
:101F700040F6C41004F0B6FDFF2141F288322B4830
:101F8000354D08F0C3FE354B01271F60FCF7A6FE58
:101F90002968002940F3938007AE0A22304604F0F6
:101FA000D1F931460AA804F049F92D490AA804F0EC
:101FB00079FB2C4A2C4B2968B942D4BF11461946EB
:101FC00004F070FB814604F081FDDFF8A4C0002519
:101FD0000E2300F57A60CCF800002A464AE000BFE4
:101FE00030E4030054630020207800204491002056
:101FF0003CE4030078E4030098E40300C0E4030039
:10200000D8E40300248C002000093D002E001E00AF
:1020100078E703005500360048E70300F4920020FB
:1020200018004C00FCE4030084E7030084780020DF
:1020300044780020C092002090E703009CE7030052
:102040008C92002018005A0004E503002CE00300E5
:102050005CE30300A4E70300F0920020CC92002090
:10206000CCE7030080E1030064DF0300149200204A
:10207000E8920020294601950093B448C82301F056
:102080001DF83946B14801F083FE2A464FF0FF3370
:10209000AF4D636149461F234046256104F0DAFBDA
:1020A0004146AA4803F05EFB404604F0DBF9FCF72A
:1020B000A7F90AA804F0D6F9304604F0D3F911B014
:1020C000BDE8F08F4FF4FA6004F00CFD013F2E786C
:1020D0007FF420AF002E7FF429AF0C234FF6FF7260
:1020E000CDE9003231465922C823984800F0E6FF76
:1020F0000121964801F04CFE964B97499348C4E95C
:10210000043603F035FB95499048666103F030FBD7
:1021100093498E48666103F02BFB92498B4803F08C
:1021200027FB2B78002B3FF421AF07AE8E493046BA
:1021300004F05EF8324641F288338C498C48FAF755
:1021400077FF0746002840F097800C234FF6FF7278
:10215000CDE900320146C82367227C4800F0AEFF7B
:1021600001217A4801F014FE824B7B49C4E904370F
:10217000764803F0FDFA002363617F49734803F05A
:10218000F7FA7949304604F0C1F941F28833324612
:102190007A497748FAF74CFF002840F098800C23E2
:1021A0004FF6FF72CDE9003200217522C82367483F
:1021B00000F084FF0121654801F0EAFD704B66499B
:1021C00062484FF00009C4E9043903F0D1FA6D49BF
:1021D0005E48C4F8149003F0CBFA61495B48C4F838
:1021E000149003F0C5FA6849584803F0C1FADFF8C3
:1021F00080914846FBF744FB4846FAF7E3FF2B780B
:10220000624AC9F804200BB1FCF77EF9FCF732FBF7
:10221000304604F027F9FBF7A1FE2B78002B53D0B2
:10222000002F40F6C41018BF4FF44870A2E64FF6D6
:10223000FF710C224B46CDE9002120464B22294656
:1022400000F03CFF3946204601F0A2FD504B2361CF
:1022500041496561204603F08BFA4E49656120468D
:1022600003F086FA3E496561204603F081FA4A4947
:10227000204603F07DFAB9E54849404603F0B8FF2F
:102280004146304604F0C0FA8146404604F0EAF880
:102290000C234FF6FF72CDE900320021C8236722DC
:1022A0002A4800F00BFF0121284801F071FD314B55
:1022B000294A2361B9F1000F4FF0000338496361E7
:1022C000BCBF1F46114653E740F6C41052E63549DD
:1022D0000AA803F08DFF0AA9304604F095FA0028F9
:1022E00021DB0AA804F0BEF80C234FF6FF72CDE9FB
:1022F000003200217522C823144800F0DFFE0121BE
:10230000124801F045FD1E4B254910484FF00009C9
:10231000C4E9043903F02CFA1A49C4F814900B48A4
:1023200003F026FA63E72049404603F061FF414687
:10233000304604F069FA8146404604F093F80AA852
:1023400004F090F8B9F1000FCEDA28E720780020E9
:102350000400030018005A0004E503002CE0030009
:102360005CE30300ECE7030080E1030000E403000A
:102370001492002018006800B8E703000CE4030082
:102380001800760000E8030008E803001D0A0300B7
:1023900018004C0084E70300DCE70300B0E703000B
:1023A000FCE40300C4E70300C8E70300F0B593B002
:1023B000022300930622092398499948994C9A4F81
:1023C0009A4E00F08DFC102300930A2205230B2166
:1023D00002A802F0F5F8C8221146204601F05AF989
:1023E0000CAB93E80300039A914B2360A2629DF823
:1023F00010309DF8112084F82C3084F82D209DF8A1
:1024000012309DF8132084F82E3084F82F20059B7D
:10241000069A23636263079BBDF82020A363A2870B
:10242000099B9DF82820236484F844209DF82930D6
:102430000B9A84F84530A26404F14C039DF83820CF
:1024400083E8030084F854209DF83A0084F856008D
:102450009DF83B0084F857009DF83C0084F8580034
:102460009DF83D0084F85900BDF83E00A4F85A00DC
:102470001098B4F90A20E0656E4B11989DF8391058
:1024800020666D4884F85510D51783FB02136062EF
:1024900041F2F830C821C5EBA313215201FB1325EB
:1024A00041F2F630002DC8BF013304F5A055235288
:1024B00041F2EF3000232A8041F2EE32235441F200
:1024C000EC30A35441F2F432235441F2FA30A352D7
:1024D00041F2FC32235241F2FE30A352574A2152BC
:1024E00007F108005149C7E9002303F081FE07F115
:1024F000140407F17405204631460C3403F078FECD
:10250000AC42F8D10025A7F874504D4A4D494648D1
:102510004D4C464E07F0CCFD04F5A06731462046F1
:1025200003F066FE04F10C00314603F061FE28342E
:1025300044F8105C24F80C5CBC42EFD13B4D404A9F
:102540004249434C002007F0B3FD2946414803F0BF
:102550004FFE2946404803F04BFE29463F4803F012
:1025600047FE29463E4803F043FE354A3D49394877
:1025700007F09EFD29463C4803F03AFE304A3B49AD
:10258000394807F095FD2946394803F031FE2C4AB9
:102590003649374807F08CFD2946364803F028FEB7
:1025A000274A3249334807F083FD2946324803F071
:1025B0001FFE234A2D49304807F07AFD29462F484F
:1025C00003F016FE1E4A29492C4807F071FD04F15C
:1025D000C0062946204603F00BFE04F10C002946F4
:1025E000183403F005FEA642F3D1154A2449002011
:1025F00007F05EFD0D49234803F0FAFD104A1B4920
:10260000204807F055FD09491F4803F0F1FD0C4A29
:1026100016491D4807F04CFD13B0F0BD00300240D4
:10262000248C0020207800201492002080E10300F8
:10263000D0E003001F85EB5110EF030058A30020EA
:1026400000600020F1DE0200408C002015DF020057
:102650004C910020909200209C920020A892002093
:10266000B4920020CDDE02000878002065640300EB
:10267000E0770020F0770020FC770020DC9200203B
:1026800039DF0200CC77002014780020F0B52D4C03
:102690002368DB0785B048D52B4D2C4E2C4F2846A0
:1026A000F3F726FE98B12846F3F748FEC4B20D2C86
:1026B0000FD00A2C0DD0082CB3681ED07F2C1CD054
:1026C000C72B1BD92846F3F713FE0028EBD105B022
:1026D000F0BD284603F0FEF8314601A803F0AEFD38
:1026E00001A804F0BFF9039B8BB901A803F0BAFE5F
:1026F0003946304603F00AFFD1E763B92146284640
:1027000003F048F82146304603F07EFFC7E701A8F2
:10271000FBF792FDE9E70F49284603F029F8B16875
:102720003046013904F0F0F8B9E70949074803F0E9
:102730005FFD0123084A09490448236007F0B8FCFB
:10274000AAE700BFB077002054630020B4770020D0
:1027500080E103002CE103000060002065640300B9
:10276000F0B55C4C237889B0002B57D05A4E5B4DA6
:1027700004F0ACF92B68C01A41F28733984244D870
:1027800004F0A4F9564C3368227898422CBF0025F7
:10279000012512B1984280F08B80524B25701B6846
:1027A000032B1FD0504B1B784BB95048FAF7BEFB98
:1027B000FFF76CFF0A2004F095F909B0F0BD012283
:1027C0005F214B4800F05CF9494800F0A1F800286F
:1027D000EBD0474800F0A0F8C0B20028E5D0FEF7E3
:1027E000DDFBE2E7434B1B68062BDBD1424C04F0D8
:1027F0006DF9236842F20F72C01A9042D2D904F0E8
:1028000065F92060FDF736F9CCE704F05FF923782D
:102810002860002BB4D0FBF777FEB1E7334D284694
:10282000FAF77CFB20700028A0D02846FBF728F898
:102830002846FAF7C7FC2378304A6A60002B42D159
:10284000FCF718F82B4B1B68012B3FD02C492D4D62
:10285000214E02A803F0CCFC04F038F900270E2327
:1028600000F57A6C3A460197284600933946C8230A
:10287000C6F800C000F022FC2846012101F088FAC9
:102880003A464FF0FF33204F6B6102A91F2305A882
:102890002F6103F0DFFF05A9284602F063FF05A8BA
:1028A00003F0E0FDFBF7ACFD02A803F0DBFD5EE703
:1028B00004F00CF93368984202D2FBF7A1FD6CE7F3
:1028C000FBF7A4FBF9E7FBF71FFEB9E7FCF706FAF5
:1028D000BCE700BF8C920020E8920020C077002067
:1028E000C4770020DC77002044910020149200205F
:1028F000F4920020CC920020C87700201D0A03002B
:1029000068E703002078002004000300704700BF40
:10291000203003F07FB800BF203003F069B800BF5B
:10292000203003F081B800BF38B5437F0BB90020D9
:1029300038BD00F6280420460D4603F07FF8002835
:10294000F5D12046294603F03BF8012038BD00BFF1
:102950002DE9F0475AB30646DFF8588033681B6804
:102960004D1E434517464FF0000400F6280915F8A0
:1029700001AF16D1737F13B92046BDE8F0874846F2
:1029800003F05CF80028F7D15146484603F018F8E8
:102990000134A742F0D0336815F801AF1B684345F6
:1029A000E8D05146304698470028F1D1E4E7144674
:1029B000E2E700BF2929030010B4837E1F2B4FF0EC
:1029C000010288BF03F01F03C27603F5E0738CBFDA
:1029D000284A4FF0A04240F20C6142F82310437E97
:1029E0001F2B86BF03F01F03224A4FF0A04203F5BE
:1029F000E07340F20C6142F8231003694FF0CC728F
:102A0000C3F8242503690622C3F800250369827EE2
:102A1000C3F808250369427EC3F80C2590F91830E5
:102A2000002B14DA144A03F00F031A4460231376C0
:102A300090F91830002B07DB104903F01F0001222A
:102A40005B09824041F823205DF8044B7047590927
:102A5000603103F01F030124084A04FA03F342F82B
:102A6000213090F91830002BDCDB1344602283F80E
:102A70000023DDE700030050FCEC00E000E100E093
:102A80000AB910467047F8B5054600F120073846E8
:102A900014460E4602F0A6FF2B69C3F888652A6922
:102AA000012313622A69C2F834752A69C2F83845CD
:102AB0002A6913602B6902E0D3F824211AB9D3F8EC
:102AC0004C21002AF8D00022C3F84C212B6902E0E7
:102AD000D3F824211AB9D3F85C21002AF8D00022B7
:102AE000C3F85C212B6901225A612A69D2F80431AA
:102AF000002BFBD00021C2F804112B69D3F824214C
:102B000012B1C3F824112B69D3F83C05C5F820088D
:102B1000C0B2F8BD10B541F23003044600F62800FB
:102B2000E15402F05FFF0123637710BD70B541F2FD
:102B300030030269C15C00234377C2F8881502693B
:102B4000C2F80431036901261E62036900F62805F4
:102B50000446C3F84455284602F05CFF2369C3F8D5
:102B6000480523699E60236902E0D3F824211AB93D
:102B7000D3F85021002AF8D00022C3F8502128466B
:102B800002F048FF236918BB0022C3F860212369C3
:102B900001225A612269D2F80431002BFBD00021B6
:102BA000C2F804112369D3F8240160B1C3F82411D9
:102BB0002369D3F8C404C3F8C404022803D004284A
:102BC00014BF0420032070BDD3F82421002ADBD1D8
:102BD000D3F86021002AF7D0D6E700BF70B52B4CA0
:102BE0006369D3F86421002A3DD1D3F86821F2B992
:102BF000D3F8042172B1227F0021C3F804114AB135
:102C000041F23802D3F83C05A258C4F820080AB1B2
:102C100090476369D3F8242142B10022C3F82421EC
:102C2000D3F8D024C3F8D02401225A6170BD002209
:102C3000C3F86821164822770123637702F0D2FE99
:102C400041F23403E35803B1984763691048C3F86D
:102C500044050023637702F0DDFE63690122C3F8B7
:102C600048055A63C4E7002204F12006C3F8642132
:102C700001253046257702F0B5FE63694FF4006206
:102C8000C3F83465C3F838251D63AEE7F49200201D
:102C90001C9B002038B50E4C0E4A20464FF47A7328
:102CA00040F8202B0025C4E9015302F07DFE04F614
:102CB000280002F079FE084A084B6577D2E907211F
:102CC000032020766176A276C4E9043338BD00BFC4
:102CD000F492002050E8030064EF0300003000404D
:102CE00070B5002444749DF81050C9B10F4E0160B6
:102CF000B142846012D00E4CA14204BF0121017187
:102D00000C4951F82220027351F82330837351F893
:102D1000253043730023C373037470BD0471EFE760
:102D2000054B064A0648242107F016FF00300240F2
:102D300000F0024064EF03006CE80300D4E80300F5
:102D40007CE80300437C03B1704730B5012285B0B5
:102D500042740321FF22019304468DF803208DF86D
:102D600006208DF80510827B417B8DF800204FF006
:102D700080451A4602958DF80110057BC37369469C
:102D8000037403938DF8025006F0F8FAA37B1F2B0F
:102D900086BF03F01F030C4A4FF0A04203F5E07317
:102DA00040F2013142F82310637B1F2B86BF03F0F2
:102DB0001F0305494FF0A04103F5E07340F20332D1
:102DC00041F8232005B030BD0003005010B5044683
:102DD00006F01CFC0023637410BD00BF10B483B068
:102DE00002AB03E906009DF805309DF80410026867
:102DF00013F1FF3318BF012300240229C2F8004554
:102E00001C460374C17332D003292DD0012925D06B
:102E1000224B0099B3FBF1F3B3F5007FC2F85445A0
:102E20001FD2FF2B0FD87F2B24D83F2B25D81F2B49
:102E300026D80F2B27D8072B02D819498A4225D02C
:102E40004FF0004101E04FF080610723C2F82415E4
:102E5000C2F8003503B05DF8044B704743F002043C
:102E6000D6E74FF00071F0E743F00604D0E743F0F7
:102E70000404CDE74FF00061E7E74FF08051E4E74D
:102E80004FF00051E1E74FF08041DEE7042B34BF03
:102E90004FF0A0514FF02061D7E700BF0090D00362
:102EA00000F0024003680022C3F80025704700BF0D
:102EB000002B3AD02DE9F047814684B00D461746E5
:102EC0001E464FF6FF784FF0000A4645344628BFAD
:102ED0004446002D14BF2346002300950297361B5D
:102EE00001938FB1002269464846039406F0F0FB37
:102EF00005B125442744002EE7D104B0BDE8F08792
:102F0000CDE900550295361B002269464846CDF8AA
:102F10000CA006F0DDFB4DB94645344628BF4446BB
:102F2000002EEDD104B0BDE8F08770472544002E97
:102F3000CBD1E2E710B586B006AB012403F8111D32
:102F4000002202A90293CDE90343059406F0C0FBD9
:102F50009DF8070006B010BD70B41049104A114822
:102F6000114BD568946808601069D66C0D738C732A
:102F70000125946C4873106D0D7100220B4D1E736A
:102F80009C735873CA730A741A71DA731A741D60C9
:102F90004A748A605A749A6070BC704730A30020EB
:102FA00064EF030000F0024044A300200030024020
:102FB000704700BF10B404682469A4465DF8044B50
:102FC000604700BF30B40468BDF808500295A46B98
:102FD000A44630BC604700BF30B40468BDF8085058
:102FE0000295E46BA44630BC604700BF704700BF49
:102FF00001F0030101298176B0F90830B0F90A2007
:1030000004D0032902D08381C28170478281C381A9
:10301000704700BF2DE9F04385B099420446076828
:10302000BDF93060BDF8348023D0B2421D4611D0C6
:103030007B69DFF884904B4536D1CDE900682B469B
:10304000BE6A2046B0472368DB6A4B4527D105B0EE
:10305000BDE8F08399421FDDCDF830800131FE6B71
:103060004B1B1BB229462046B44605B0BDE8F043D1
:103070006047B2420CDDCDF83080531CBD6B9B1B0A
:103080001BB232462046AC4605B0BDE8F04360476F
:10309000334616461A46EEE70D461946DCE720464B
:1030A00005B0BDE8F0431847CDE9021298472768FC
:1030B000DDE90212C1E700BFB12F03002DE9F04F97
:1030C000D0F800C01F46DCF814601A4B83B09E4253
:1030D0000546BDF93090BDF834A00C4690461FD18E
:1030E0002744BC4214DADFF850B0DCF82060CDF899
:1030F00000A05E4521464B464246284601D1DCF8F9
:103100003860013424B2B047BC42D5F800C0ECDBD3
:10311000DCF82C30074A934206D103B0BDE8F08FAB
:10312000B047D5F800C0DBE7284603B0BDE8F04F54
:10313000184700BFB12F0300C52F03002DE9F04F42
:10314000D0F800C01D46DCF814A02D4B83B09A4582
:103150000446BDF93090BDF834708846164641D11A
:10316000DCF824B0DFF89CA00097D34508BFDCF85A
:103170003CB02B46324641462046D8472368D3F818
:1031800024B0009709F1FF323244D34512B232D154
:10319000D3F83CA041462B462046D0472368DFF8B1
:1031A00068A0D3F820B00097D34508BFD3F838B053
:1031B00032464B4641462046D8472368691E1D6A61
:1031C00000975545414408BF9D6B32464B4609B2B6
:1031D0002046A84723680A4ADB6A934206D103B017
:1031E000BDE8F08FD047D4F800C0B9E7204603B05F
:1031F000BDE8F04F18472B4641462046D847CDE75B
:10320000B12F0300D92F0300C52F03002DE9F04F84
:1032100085B01E46BDF93850BDF83CA0AB1A002B56
:103220009046A6EB0102B8BF5B42002AB8BF5242EB
:103230009342074679DCAE464446AC4640463546A6
:103240008846764621469946A8455CDDA8EB0504EC
:10325000A4B2A0EB0C0002944FF6FF7C24B204EB66
:10326000D47480EAE079B142C8BF4FF0010CA9EBF9
:10327000E0796410CDF80CC09342304B01931FFAF3
:1032800089F933DCD7F800C0019BDCF818B09B4506
:103290002946534608BFDCF810B0A4EB09043246B7
:1032A0003846D847A3B21CB20135002C2DB205DA3E
:1032B000039A1644029AD41836B224B2A845E1DA29
:1032C00005B0BDE8F08FDCF810B0D847A4EB0904D6
:1032D000A3B21CB20135002C2DB205DA039A1644B4
:1032E000029A9C1836B224B24545E9DCD7F800C0F2
:1032F000019BDCF818B09B452A46534631463846B8
:10330000E1D0D847E2E7A5EB080080B204B204EBB5
:10331000D474B14202904FEA640428460E464546F2
:1033200007DA012103918046A6E7B4460846914694
:103330008AE74FF6FF71039180469DE7B52F0300A2
:103340002DE9F04FD0F800C0DFF888E0DCF84060ED
:1033500083B07645BDF93080BDF834A028D19146C0
:103360001F461B4ADCF81430934205460C462BD10D
:103370002744BC4214DADFF860B0DCF82060CDF8F6
:1033800000A05E45214643464A46284601D1DCF866
:103390003860013424B2B047BC42D5F800C0ECDB41
:1033A000DCF82C300A4A934209D103B0BDE8F08F13
:1033B000B446CDE90C8A03B0BDE8F04F604728461B
:1033C00003B0BDE8F04F18479847D5F800C0CFE7E5
:1033D000B12F0300BD300300C52F03002DE9F04FCE
:1033E000D0F800C0284BDCF84040B0F90C80B0F9B0
:1033F0000E709C4283B0894633D1DCF81430DFF87C
:103400008CB05B4505463AD1B8F1000F22DD0024AF
:10341000DFF87CA0A64609E0DCF838600134B0474C
:103420000FFA84FEF045D5F800C013DDDCF820600B
:10343000CDF80090564571463B464FF000022846B5
:10344000EAD001340022B0470FFA84FEF045D5F8E7
:1034500000C0EBDCDCF82C305B450BD103B0BDE8E1
:10346000F08F0022CDE9007143461146A04703B01A
:10347000BDE8F08F284603B0BDE8F04F18479847E5
:10348000D5F800C0C0E700BFBD300300B12F030076
:10349000C52F03002DE9F04FD0F800C01646DCF828
:1034A0001450304A85B095420746BDF838B00C46F6
:1034B0004DD19BB203F1FF39DCF828502A4A1FFA9C
:1034C00089F909EB040895420FFA88F810D0CDE984
:1034D000006B4346324621463846A847D7F800C01D
:1034E000DCF82C301F4A934237D105B0BDE8F08F8D
:1034F000444526DDC3F101031FFA83F90FFA89F56C
:10350000234605EBD57544466D109846174BDCF8FD
:1035100018A09A4532465B46214638460FD1DCF862
:1035200010A0D0470134002D24B203DA013E4D44EF
:1035300036B22DB2A045D7F800C0E7DAD0E7D047C1
:10354000F0E70FFA89F505EBD5756D10DEE703930B
:10355000A847D7F800C0039BABE7384605B0BDE8E5
:10356000F04F1847B12F03000D320300B52F0300B1
:103570002DE9F04FD0F800C09046DCF81440424AE4
:1035800085B094420646BDF838900F466ED1DCF8FF
:1035900028503E49013B1FFA88F213449BB28D42EA
:1035A0001CB250D1444528D066DAD31A9BB21DB262
:1035B00005EBD575A04503934FEA65053BDBDFF8C6
:1035C000D0A010E0DCF810B0D8470134002D24B2B0
:1035D000ABB204DA039A013F9D183FB22DB2A04569
:1035E000D6F800C027DBDCF818B0D3454B4622469E
:1035F00039463046E6D0D847E7E7DFF894A03D46A5
:103600004FF00008BB46DCF818705745224608BF4B
:10361000DCF8107029464B463046B8470135B8F102
:10362000000FB8BF04F1FF342DB2B8BF24B2AB45D0
:10363000D6F800C0E7DADCF82C30134A934210D1F8
:1036400005B0BDE8F08F42463B46CDE9004939461A
:103650003046A847D6F800C00B4ADCF82C3093421D
:10366000EED0304605B0BDE8F04F18470393A047B1
:10367000D6F800C0039B8AE7104621461A46444606
:103680000346884691E700BFB12F03000D320300C7
:10369000B52F030070B4002461F30F0462F31F44DC
:1036A000094A02604FF0FF36002240F20115012165
:1036B0008460C46046610583C1764260026182769F
:1036C0000277026270BC70471CEE03002DE9F04FD8
:1036D00097B083460D91016ABDF880000290BDF855
:1036E000840003909DF8880006909DF88C00089057
:1036F0000592002900F0EB800A7AD1E900109B1AAC
:10370000DBB200EBC30230F83330079393780493B5
:10371000D378109392F905301593069B0A91012BEB
:1037200092F9064040F2CB80BDF954300E9323B29B
:103730001293AE4BDBF800C009931A46DCF8143044
:10374000934240F04D81109B002B00F08B80BDF820
:1037500014301393002223440C92149392460B923C
:10376000049B002B76D00B9B129A089913981A444D
:1037700002FB01021499CB181BB211930FFA82F9C4
:103780000C9B002509E00135049AEDB24FEA4A0A84
:10379000AA425FFA8AFA434658D95A1C5B075FFA75
:1037A00082F806D1079A0A99531C9BB211F802A01D
:1037B00007931AF0800FE6D0069ABDF83430012A3C
:1037C00059D00E9A0699DCF81C60BDF92070541986
:1037D000874A04FB0134964224B20BB260D1DCF874
:1037E0004060844A96425BD1DCF81430099A9342D7
:1037F00060D1069B2344A34203931DDD7E4B0593BA
:103800000F950BE0029D0095DCF83860B04701345D
:10381000039BDBF800C024B2A3420CDDDCF820607F
:10382000059DAE4221463B464A465846EAD0029B99
:1038300000933B46EAE70F9DDCF82C30099A93424F
:10384000A1D058469847DBF800C09CE70C9B134476
:10385000DBB20C930B9B109A0133DBB29A420B93B1
:103860003FF67EAFDCF82C30099A934240F0B380EB
:1038700017B0BDE8F08F089A012AA2D1159ADCF89A
:10388000184013445D4A5919944208BFDCF81040AF
:10389000029B119A09B25846A047DBF800C072E7B4
:1038A000029A2146CDE9007258464A46B047DBF8F5
:1038B00000C068E758469847DBF800C099E7089BC6
:1038C000012B3FF631AF002312930E9331E7BBF982
:1038D0000C200D998A42CBDDBBF90E20059882425F
:1038E000C6DDBDF81840062212FB0412002ABFDD17
:1038F000089A00EBC202002ABADD9BF81C201AB914
:10390000AF2B84BF0133DBB2384ADBF800C0099229
:103910001146DCF814208A4240F08C81384ABDF808
:1039200034100F9103EB8303D3180D93BDF81830B7
:103930000E9300230B910C930D9ABDF92C3012F8C5
:10394000018B0D92069A07939F1808230493002673
:10395000B94618F0010F55D00699BDF81420012979
:10396000B3B200F0F2800899DCF81C4011FB03F3BD
:1039700013441F4A94421DB20FFA81FABDF9183060
:1039800040F00681DCF840401A4A944240F0008141
:10399000DCF81430099A934240F02281079C4C4590
:1039A00070DA0A960AE0029E0096DCF8387001345C
:1039B00024B2B8474C45DBF800C062DADCF820706E
:1039C0000D4EB742214653462A465846EBD0029B3D
:1039D00000935346EBE7584617B0BDE8F04F184741
:1039E00058469847DBF800C0ADE600BFB12F030092
:1039F00041330300BD300300C52F0300B52F030082
:103A000014E90300DDE90232934241D00699BDF882
:103A100014200129B3B200F0C5800899DCF81C40DD
:103A200011FB03F313448F4A94421DB20FFA81FA3B
:103A3000BDF9183040F0CD80DCF840408A4A94420D
:103A400040F0C780DCF81430099A934240F0CD80F2
:103A5000079C4C4516DA0A96DCF82070834EB74274
:103A6000214653462A46584640F08680039E0096DB
:103A70000134DCF8387024B2B8474C45DBF800C09C
:103A8000EADB0A9EDCF82C30099A934240F0A380CE
:103A9000049B013B013613F0FF0376B24FEA58084E
:103AA00004937FF456AF0B9B0E9A13440C9A013289
:103AB0009BB2052A0C920B937FF43EAFDDE90232F4
:103AC00093423FF4CFAE069B012B00F0A0800E9BEB
:103AD0000F99DCF81C60634A03EB83031944089BCD
:103AE00096424FEAC3050CB2BDF9183040F0A980E8
:103AF000DCF840605C4A964240F0A380DCF8143069
:103B0000099A934240F0A980069B23449C421E469A
:103B100070DADFF85881DDF814900AE0039F00970F
:103B2000DCF83870013424B2B847B442DBF800C086
:103B300060DADCF82070474521462B464A46584655
:103B4000ECD0039B00932B46ECE7089901297FF406
:103B50000AAF13440C990F9ADCF8184051181AB2A6
:103B6000434B9C4208BFDCF81040029B09B2584608
:103B7000A047DBF800C08BE7039B0093013453465A
:103B800024B2B847A145DBF800C03FF765AF78E73E
:103B9000029A0799CDE900A258462A46A047DBF8C9
:103BA00000C075E7089901297FF437AF13440C99D9
:103BB0000F9ADCF8184051181AB22D4B9C4208BFDE
:103BC000DCF81040039B09B25846A047DBF800C060
:103BD0005EE7039ADDE758469847DBF800C057E7F1
:103BE00058469847DBF800C0D8E658469847DBF8B7
:103BF00000C02DE7DCF82C30099A93423FF435AE33
:103C000058469847DBF80030099ADB6A2DE6089B96
:103C1000012B7FF45CAF0F9900920531059ADCF817
:103C20002040082309B25846A047DBF80030099A23
:103C3000DB6A1AE6049358469047DBF800C0049B01
:103C40006CE6039A2146CDE900525846059AB047E2
:103C5000DBF80030099ADB6A07E658469847DBF83C
:103C600000C051E741330300BD300300C52F0300FE
:103C7000B52F03002DE9F041036A84B00446002B00
:103C80004FD00A2941D00D2947D01A7A914244D306
:103C9000987A884241D38A1A5D68B4F91060207E10
:103CA000D2B205EBC205AF7857B3EA7842B394F8C5
:103CB0001BC0B4F9122094F819E0BCF1000F0FD02A
:103CC00095F905C0B4F90C80674400FB07674745C8
:103CD00006DD002626821B7B03FB0E2212B26282C7
:103CE000B4F816C0CDF80CE0A78A02900B46204627
:103CF0003146CDE9007CFFF7E9FCB4F91060207E85
:103D0000297901FB0060208207E0002202821B7BF0
:103D1000428A417E01FB03234382012004B0BDE8B7
:103D2000F0810A292CD00D29F7D0C67EB0F9107089
:103D3000B4F91220007E657E66B10626B4F90CC087
:103D400016FB0076664505DD02EBC50212B2628203
:103D500023821F46E68A0395A58A02900B462046D9
:103D60003946CDE90056FFF7B1FC237E228A03EBEA
:103D7000430302EB43030120238204B0BDE8F0813A
:103D8000428A417E038202EBC1034382C5E700BF42
:103D9000002908BF012101764176704730B4BDF992
:103DA0000850BDF90C40029503949DF810509DF801
:103DB0001440049505949DF81850046806956469AC
:103DC000A44630BC604700BF704700BF03681B6952
:103DD000184700BF30B4BDF90850BDF90C4002953A
:103DE00003949DF810509DF81440049505949DF897
:103DF0001850046806956469A44630BC604700BF4B
:103E000030B4BDF90850BDF90C4002950394BDF9DA
:103E10001050BDF9144004950594BDF91850BDF932
:103E20001C40069507949DF820509DF82440089565
:103E300009949DF8285004680A95246AA44630BC69
:103E4000604700BF704700BF704700BF704700BFAA
:103E5000704700BF704700BF10B50446406AFEF7C8
:103E6000B5FFB4F90C00002802DB002106F010F8C1
:103E7000B4F90E00002802DB002106F009F8B4F9BD
:103E80001000002804DB0021BDE8104006F000B857
:103E900010BD00BF38B504469DF81000E38600232E
:103EA00084F8302084F8312084F8210084F83230FE
:103EB00084F8333084F8343084F83530002940F009
:103EC0009B80B4F90C0000280CDB012106F064F89B
:103ED0000121B4F90C0005F0DBFF0121B4F90C005D
:103EE00006F05AF8B4F91000002829DB94F82150A4
:103EF000002D64D1012106F04FF80121B4F9100022
:103F000005F0C6FF0121B4F9100006F045F80A20BB
:103F100002F0E8FD2946B4F9100006F03DF8E08E05
:103F200002F0E0FDB4F91000012106F035F8E08E52
:103F30000A2838BF0A2002F0D5FD002384F8343067
:103F4000606AFEF7FFFEB4F9100000280CDB0121C7
:103F500006F022F80121B4F9100005F099FF0121C3
:103F6000B4F9100006F018F8B4F90C0000280CDBC6
:103F7000012106F011F80121B4F90C0005F088FFC9
:103F80000121B4F90C0006F007F8B4F90E0000287E
:103F90000CDB012106F000F80121B4F90E0005F058
:103FA00077FF0121B4F90E0005F0F6FFB4F9120015
:103FB000002820DB0021BDE8384005F069BF002162
:103FC00005F0EAFFB4F91000012105F061FF0021BE
:103FD000B4F9100005F0E0FFE08E02F083FDB4F9C3
:103FE0001000022105F054FFE08E0A2838BF0A2095
:103FF00002F078FDA1E738BD0348F2F7CFFA0123BC
:1040000084F820305DE700BF5463002030B50268BB
:10401000674B55689D4283B05CD10446002340F253
:1040200001150A2084F8213084F8343084F83530C2
:104030002563E086002940F0B480B4F90C00002824
:1040400080F28580B4F9100000282ADB94F8215012
:10405000002D40F08A80012105F09EFF0121B4F976
:10406000100005F015FF0121B4F9100005F094FFD0
:104070000A2002F037FD2946B4F9100005F08CFF44
:10408000E08E02F02FFDB4F91000012105F084FF4D
:10409000E08E0A2838BF0A2002F024FD002384F8AD
:1040A0003430606AFEF74EFEB4F9100000283CDAA6
:1040B000B4F90C00002826DAB4F90E00002810DA52
:1040C000B4F9120000280ADB002103B0BDE830403B
:1040D00005F0DEBE0023009301220A23A84703B0A7
:1040E00030BD012105F058FF0121B4F90E0005F0A3
:1040F000CFFEB4F90E00012105F04EFFB4F9120015
:104100000028E1DAEBE7012105F046FF0121B4F9CF
:104110000C0005F0BDFEB4F90C00012105F03CFFD8
:10412000B4F90E000028CBDBDBE7012105F034FFFA
:104130000121B4F9100005F0ABFEB4F91000012123
:1041400005F02AFFB4F90C000028B5DBDBE70121FC
:1041500005F022FFB4F90C00012105F099FE0121C0
:10416000B4F90C0005F018FF6CE7002105F014FF0E
:10417000B4F91000012105F08BFE0021B4F9100004
:1041800005F00AFFE08E02F0ADFCB4F91000022148
:1041900005F07EFEE08E0A2838BF0A2002F0A2FC5D
:1041A0007CE70448F2F7FAF9012384F8203044E769
:1041B000953E030054630020F0B4BDF81C50BDF9D7
:1041C0001070BDF82040002665F30F06002561F34E
:1041D0000F0562F31F45002263F30F021B4B9DF88E
:1041E0002810036064F31F469DF82C30466067F387
:1041F0001F429DF830609DF8247041728372BDF9B2
:104200001410134B0261069A0772C672C560114FF3
:104210008182012640F20115C26143624FF6FF72AE
:1042200000230A21876280F82D600563C18680F82B
:10423000203080F82C3080F8343080F83530C0E9F8
:104240000E33C2820283F0BC704700BF88EE0300C9
:1042500030A3002000093D0010B483B06C4684E810
:104260000C00A38841628262838503B05DF8044B31
:10427000704700BF38B5B0F91030002B2ADB90F83A
:1042800021500446184635BB012105F085FE012169
:10429000B4F9100005F0FCFD0121B4F9100005F09F
:1042A0007BFE0A2002F01EFC2946B4F9100005F03E
:1042B00073FEE08E02F016FCB4F91000012105F047
:1042C0006BFEE08E0A2838BF0A2002F00BFC0023A8
:1042D00084F8343038BD002105F05EFEB4F91000DA
:1042E000012105F0D5FD0021B4F9100005F054FEC0
:1042F000E08E02F0F7FBB4F91000022105F0C8FDD2
:10430000E08E0A2838BF0A2002F0ECFBDFE700BF8E
:104310002DE9F843B0F91230002B6EDB0446012082
:10432000894602F0DFFB3E4BDB68D9015AD53D4B95
:104330001A68D20756D55D68AD09394FDFF8F480A9
:10434000384E05E07368E2699B095B1B934225D8F0
:10435000B4F9120005F03CFEB4F91430984221D1B2
:10436000A36B002B57D0E06B9847B4F9120005F00F
:104370002FFEB4F91430984214D1FB68DB0102D54A
:104380003368D807DED403F01BFEA0FB0801830AC4
:1043900043EA8153E2695B1B9342D9D922492348FE
:1043A00001F0B2FAB9F1000F25D094F8203013B320
:1043B0001B4BDB68D90125D51A4B1A68D20721D5CA
:1043C0005B689B09494619485D1B01F0D1F9184902
:1043D000164801F0CDF929460A221448BDE8F843F1
:1043E00001F0AABA03F0ECFD124BA0FB0301850A11
:1043F00045EA8155A1E7BDE8F8831046BDE8F843DA
:1044000002F070BB03F0DCFD0A4BA0FB0301830A42
:1044100043EA8153D6E7012002F064FBA5E700BF21
:10442000F0ED00E0001000E06CEE030054630020AB
:104430007CEE030040420F0038B500F1280304462B
:104440000D46406A93E80600FEF7C8FCB4F90E007A
:10445000002802DB002105F09FFDB4F90C000028C4
:1044600002DB002105F098FD2946606AFEF762FD37
:10447000B4F90C00002802DB012105F08DFDB4F930
:104480000E00002802DB012105F086FD606ABDE810
:104490003840FEF707BD00BF38B500F128030446D9
:1044A0000D46406A93E80600FEF798FCB4F90C004C
:1044B000002802DB002105F06FFD2946606AFEF747
:1044C00039FDB4F90C00002802DB012105F064FD80
:1044D000606ABDE83840FEF7E5BC00BF00F1280384
:1044E00010B5044693E80600406AFEF777FCB4F97D
:1044F0000C00002804DB0021BDE8104005F04CBD95
:1045000010BD00BF406AFEF715BD00BF10B50446E0
:10451000B0F90C00002802DB012105F03DFD606AC6
:10452000BDE81040FEF7BEBC90F8323010B504462E
:104530007BB12221FFF780FF83212046FFF7ACFFEC
:1045400020212046FFF778FF962205492046FFF7F5
:10455000DFFE002384F8323084F8333010BD00BF12
:10456000FCEE030038B590F8323004467BB12221CE
:10457000FFF762FF83212046FFF78EFF20212046B0
:10458000FFF75AFF96220D492046FFF7C1FEB4F906
:1045900010300025AB4284F8325084F833500CDBE5
:1045A00010212046FFF748FF01212046FFF774FF46
:1045B000012384F8355084F8343038BDFCEE030014
:1045C00030B58BB04FF0000CBDF938400094012499
:1045D000CDE9074401940324CDE9054C064D02952D
:1045E000C824CDE903440446FFF7E6FD034B2360EE
:1045F00020460BB030BD00BF8096980010EF03003E
:104600002DE9F84304460E46112115469946BDF89A
:104610002080FFF711FF20460321FFF73DFFC6F37F
:10462000C70720464421FFF707FF39462046FFF71A
:1046300033FF06EB0903591E48BF991D2046C1F3FD
:10464000C701FFF729FF5FFA85F920464521FFF7EB
:10465000F3FEA84449462D0A2046FFF71DFF08F146
:10466000FF3629462046FFF717FFF1B22046FFF735
:1046700013FF311EB8BF08F1FE012046C1F3072128
:10468000FFF70AFF20464E21FFF7D6FE39462046A7
:10469000FFF702FF20464F21FFF7CEFE4946204696
:1046A000FFF7FAFE29462046BDE8F843FFF7F4BEBF
:1046B00030B5044683B039B30368264ADD6B9542B2
:1046C0003BD190F83120DAB9C82300931146FFF7A7
:1046D00097FF20462221FFF7AFFE2046FC21FFF77F
:1046E000DBFE20462021FFF7A7FE4FF4FA721A499D
:1046F0002046FFF70DFE012384F8323003B030BDB1
:104700009B6B164A93421FD120462221FFF794FE4D
:104710002046F721FFF7C0FE20462021FFF78CFE40
:1047200040F628220E492046FFF7F2FD002384F8C8
:10473000323084F8313003B030BDC82300220093FA
:104740001146A84703B030BD002103B0BDE830409A
:10475000184700BF65470300ECEE0300B1460300B5
:10476000DCEE0300F0B590F8316083B00446BDF98B
:104770002050002E51D10029BCBF5B181BB221EA8A
:10478000E170002AB8BFAD1800EB0301B8BF2DB22D
:1047900022EAE272C729C8BFC0F1C80302EB0501D3
:1047A000C8BF1BB2C729C4BFC2F1C8052DB2002BB8
:1047B00031DD002D2FDD00F007010B4499B20EB260
:1047C000774207F0070706F0070358BF7B42002B2C
:1047D00002DD0831CB1A1EB2ADB24FF6F871B3B29A
:1047E00092B2014000952046FFF70AFF22212046A1
:1047F000FFF722FEFC212046FFF74EFE2021204637
:10480000FFF71AFE4FF4FA7215492046FFF780FDB4
:10481000012384F8323003B0F0BD0368114A9B6B6A
:10482000934217D12221FFF707FE2046F721FFF719
:1048300033FE20462021FFF7FFFD40F628220A49DB
:104840002046FFF765FD002384F8323084F83130CC
:1048500003B0F0BD002103B0BDE8F040184700BF31
:10486000ECEE0300B1460300DCEE030090F83430B8
:1048700010B504460BB1FFF7FDFC0A2002F032F937
:1048800012212046FFF7D8FD0A2002F02BF9012162
:104890002046FFF7D1FDC7212046FFF7FDFD00218F
:1048A0002046FFF7F9FD00212046FFF7F5FD3C21EA
:1048B0002046FFF7C1FD05212046FFF7EDFD182139
:1048C0002046FFF7B9FD80212046FFF7E5FD1121C5
:1048D0002046FFF7B1FD03212046FFF7DDFD44210F
:1048E0002046FFF7A9FD00212046FFF7D5FD18213E
:1048F0002046FFF7D1FD45212046FFF79DFD002111
:104900002046FFF7C9FD00212046FFF7C5FDC7215E
:104910002046FFF7C1FD00212046FFF7BDFD4E21D7
:104920002046FFF789FD00212046FFF7B5FD4F2106
:104930002046FFF781FD00212046FFF7ADFD002155
:104940002046FFF7A9FD012384F8353010BD00BFD4
:1049500090F8353070B505460C461646002B4FD002
:1049600011212846FFF768FD03212846FFF794FD33
:1049700044212846FFF760FD00212846FFF78CFD03
:1049800018212846FFF788FD45212846FFF754FDEA
:1049900000212846FFF780FD00212846FFF77CFD17
:1049A000C7212846FFF778FD00212846FFF774FD50
:1049B0004E212846FFF740FD00212846FFF76CFDF9
:1049C0004F212846FFF738FD00212846FFF764FDF8
:1049D00000212846FFF760FD21462846FFF72CFD01
:1049E0002846FFF77BFD41F2883431462846FFF721
:1049F00089FD013CF9D12846BDE87040FFF786BD2E
:104A0000FFF734FFACE700BF2DE9F04F8BB01E4637
:104A10009DF85C30059305469DF86030BDF954B0B3
:104A2000BDF950A0BDF958400691012004931746E6
:104A300002F058F8734203F0070306F0070858BF66
:104A4000C3F100081BF1070948BF0BF10E09A6EBE3
:104A50000806C9F3CF091FFA86F84FEAC9031BB24B
:104A60000FFA88F6F11826EAE676C729B6B2C8BF6B
:104A7000C8F1C803A6EB0808C8BF1BB21FFA88F824
:104A80000AEB0401A3EB0803C7291FFA8AF09BB2C3
:104A9000C8BFC0F1C8010FFA83FBCCBF09B22146E1
:104AA000BBF1000F6DDD2AEAEA7292B2101A1FFA0A
:104AB00080FAA1EB0A0107928AB2089212B2002A88
:104AC00003925EDD95F83520002A00F0C78095F846
:104AD0003020002A40F08C80089A00923146079AD4
:104AE0002846FFF78DFD06992846FFF7A5FC0FFA2B
:104AF00088F82846FFF7F2FCB8F1000F0FFA8AF3A6
:104B000004F1FF36B8BF08F1070813FB09F4C8F336
:104B1000CF08F61A16FB0986A0441FFA88F44FEA5C
:104B2000EB0BB6B24FF00008BBF1000F14D0049BA2
:104B300053BB059B04EB0B0A002B38D11FFA8AF3F9
:104B400006949A4622B22846B95CFFF7DBFC631C48
:104B50009CB25445F6D1069C039B08F101080FFA5C
:104B600088F8A6EB09064C444345B6B2A4B2DBD1A3
:104B70002846FFF7CBFC01200BB0BDE8F04F01F059
:104B8000B1BF0BB0BDE8F08F059B06EB0B0AF3B984
:104B90001FFA8AF306949A46344622B22846B95C34
:104BA000FFF7B0FC631C9CB25445F6D1D3E71FFA63
:104BB0008AF306949A4622B22846B95CC943C9B220
:104BC000FFF7A0FC631C9CB2A245F4D1C3E71FFA17
:104BD0008AF306949A46344622B22846B95CC94301
:104BE000C9B2FFF78FFC631C9CB2A245F4D1B2E7B7
:104BF000296823480A69824236D1CA682149099343
:104C00008A4232D1FF2226212846FFF7A1FEFF2249
:104C100024212846FFF79CFE2A681B49926B099BBA
:104C20008A4227D122212846FFF706FCF721284691
:104C3000FFF732FC20212846FFF7FEFB40F6282232
:104C400012492846FFF764FB0022099B85F83220B1
:104C500085F83120002285F830203DE72846099369
:104C6000FFF704FE099B32E70993FF21284690478E
:104C7000099B31E70993002128469047099BE9E702
:104C8000C554030011530300B1460300DCEE0300DA
:104C900030B587B0BDF92850BDF92C40009301957F
:104CA0009DF830309DF8345002949DF838400393BD
:104CB0000495134605940A462421FFF7A5FE07B084
:104CC00030BD00BF2DE9F04F89B00C46BDF94870EA
:104CD000BDF94C809DF850909DF854A09DF858B0B7
:104CE000009315461E46CDE901781346CDE9039A97
:104CF0000A46CDF814B026210790FFF785FECDE9CE
:104D000004ABCDE90289CDE900672B46224607981E
:104D10002421FFF779FE09B0BDE8F08F30B587B0E8
:104D2000BDF92850BDF92C40009301959DF8303015
:104D30009DF8345002949DF838400393049513462F
:104D400005940A462621FFF75FFE07B030BD00BF7D
:104D50002DE9F04F5C428DB004F0070403F0070624
:104D600058BF66429E1B9DF87440BDF958300493AD
:104D7000BDF95CA007949DF87840BDF96C50BDF971
:104D8000607006940FFA86FB049CBDF970E0BDF9D3
:104D90006430BDF968C0AAEB0B063C1BB542A8BF46
:104DA000354674450994A8BF74465F422DB207F09A
:104DB000070703F0070658BF7E42EF1D48BF05F105
:104DC0000E079B1B9BB227F007073FB21EB2F519D7
:104DD00026EAE676C72DB6B2C8BFC3F1C807A6EB70
:104DE000030324B2C8BF3FB21FFA83F90CEB040ED1
:104DF000A7EB0907BEF1C70F1FFA8CF5BFB2C8BFFA
:104E0000C5F1C8040FFA87F8C8BF24B2B8F1000F83
:104E10007BDD2CEAEC7C1FFA8CF35D1B0393ABB2B9
:104E2000E41A0893A3B21CB2002C05946DDD15465C
:104E300090F835200A910446002A00F0E48094F8A6
:104E40003020002A40F0A980039A009331463B4667
:104E50002046FFF7D5FB0A992046FFF7EDFA4FEA07
:104E6000E80320460FFA89F90393FFF737FBBBF1FC
:104E70000002B8BF0732099BB9F1000F4FEAE20701
:104E8000B8BF09F10709BDF92020089207EBE9072F
:104E9000013B1AF1070948BF0AF10E09BFB29B1A7C
:104EA0000993C9F3CF090026BA460399F9B10498CA
:104EB000089A02440998B3B21A44C31A13FB09A30F
:104EC0001FFA83FB069B12FB09A297B203BB079B49
:104ED000002B35D107EB01081FFA88F83BB20137E8
:104EE0002046E95CBFB2FFF70DFBB845F6D10136AD
:104EF000059B36B2B342D8D12046FFF707FB01200D
:104F00000DB0BDE8F04F01F0EDBD0DB0BDE8F08F84
:104F1000079B53BB0BEB01081FFA88F80FFA8BF3C2
:104F20000BF1010B2046E95C1FFA8BFBFFF7EAFA55
:104F3000C345F3D10136059B36B2B342B5D1DBE7A9
:104F400007EB01081FFA88F83BB20137E95CC94357
:104F50002046C9B2BFB2FFF7D5FAB845F4D1013641
:104F6000059B36B2B342A0D1C6E70BEB01081FFA8E
:104F700088F80FFA8BF30BF1010BE95CC94320466B
:104F8000C9B21FFA8BFBFFF7BDFAC345F1D1013659
:104F9000059B36B2B34288D1AEE7216822480A6940
:104FA000824235D1CA6821490B938A4231D1FF220E
:104FB00026212046FFF7CCFCFF2224212046FFF7C4
:104FC000C7FC22681A49926B0B9B8A4226D1222188
:104FD0002046FFF731FAF7212046FFF75DFA20213E
:104FE0002046FFF729FA40F6282212492046FFF70B
:104FF0008FF900220B9B84F8322084F831200022A4
:1050000084F8302020E70B93FFF730FC0B9B16E76A
:105010000B93FF21204690470B9B15E70B93002134
:10502000204690470B9BEAE7C55403001153030049
:10503000B1460300DCEE03002DE9F04F91B082464B
:10504000BDF974709DF884C0BDF96840BDF9706009
:105050000C97CDF838C09DF880709DF888C00B96ED
:1050600001200D97BDF96C50BDF97860BDF97C80C9
:10507000CDF83CC08B461746994601F033FD002C15
:1050800024DB002D22DB002E20DBB8F1000F1DDB1E
:10509000002F1BDBA74219DAB9F1000F16DBA94577
:1050A00014DA0D9A05960B9E0F980E990C9B099099
:1050B0000891CDE906820493CDE90256CDE900942A
:1050C0003B465A4650462421FFF742FE11B0BDE848
:1050D000F08F00BF2DE9F04F91B08246BDF974709A
:1050E0009DF884C0BDF96840BDF970600C97CDF89B
:1050F00038C09DF880709DF888C00B9601200D97F0
:10510000BDF96C50BDF97860BDF97C80CDF83CC02C
:105110008B461746994601F0E5FC002C3FDB002D3D
:105120003DDB002E3BDBB8F1000F38DB002F36DB18
:10513000A74234DAB9F1000F31DBA9452FDA0F9B12
:105140000D9909930B9B0E980C9A0890CDE9068156
:105150000492CDE902535A463B4626215046059615
:10516000CDE90094FFF7F4FD012001F0BBFC0F9B9B
:105170000D9909930B9B0E980C9A0890CDE9068126
:105180000492CDE902530596CDE900943B465A4678
:1051900050462421FFF7DCFD11B0BDE8F08F01205F
:1051A00011B0BDE8F04F01F09DBC00BF90F8353064
:1051B00070B505460E46002B00F0A280112128464E
:1051C000FFF73AF903212846FFF766F944212846FC
:1051D000FFF732F900212846FFF75EF9182128462B
:1051E000FFF75AF945212846FFF726F900212846FE
:1051F000FFF752F900212846FFF74EF9C72128464C
:10520000FFF74AF900212846FFF746F94E212846C4
:10521000FFF712F900212846FFF73EF94F212846F3
:10522000FFF70AF900212846FFF736F90021284642
:10523000FFF732F924212846FFF7FEF82846FFF74A
:105240004DF941F2883431462846FFF75BF9013CBD
:10525000F9D12846FFF75AF995F83530002B52D08E
:1052600011212846FFF7E8F803212846FFF714F933
:1052700044212846FFF7E0F800212846FFF70CF903
:1052800018212846FFF708F945212846FFF7D4F8EA
:1052900000212846FFF700F900212846FFF7FCF817
:1052A000C7212846FFF7F8F800212846FFF7F4F851
:1052B0004E212846FFF7C0F800212846FFF7ECF8FA
:1052C0004F212846FFF7B8F800212846FFF7E4F8F9
:1052D00000212846FFF7E0F826212846FFF7ACF822
:1052E0002846FFF7FBF841F2883431462846FFF79D
:1052F00009F9013CF9D12846BDE87040FFF706B92D
:10530000FFF7B4FA5AE72846FFF7B0FAA8E700BF5C
:1053100090F8353070B505460E46002B00F0BF8082
:1053200011212846FFF788F803212846FFF7B4F833
:1053300044212846FFF780F800212846FFF7ACF803
:1053400018212846FFF7A8F845212846FFF774F8EA
:1053500000212846FFF7A0F800212846FFF79CF817
:10536000C7212846FFF798F800212846FFF794F850
:105370004E212846FFF760F800212846FFF78CF8F9
:105380004F212846FFF758F800212846FFF784F8F8
:1053900000212846FFF780F826212846FFF74CF821
:1053A0002846FFF79BF841F2883431462846FFF73C
:1053B000A9F8013CF9D12846FFF7A8F895F835304F
:1053C000002B6FD011212846FFF736F8032128461D
:1053D000FFF762F844212846FFF72EF800212846FF
:1053E000FFF75AF818212846FFF756F845212846B6
:1053F000FFF722F800212846FFF74EF80021284643
:10540000FFF74AF8C7212846FFF746F8002128464B
:10541000FFF742F84E212846FFF70EF800212846F4
:10542000FFF73AF84F212846FFF706F800212846F3
:10543000FFF732F800212846FFF72EF824212846EE
:10544000FEF7FAFF2846FFF749F841F28834314663
:105450002846FFF757F8013CF9D12846FFF756F8E0
:105460002B68164A9B6B934220D122212846FEF7D7
:10547000E3FFF7212846FFF70FF820212846FEF723
:10548000DBFF40F628220E492846FEF741FF0023A5
:1054900085F8324085F8314085F8303070BDFFF72F
:1054A000E5F93DE72846FFF7E1F98BE72146284675
:1054B0009847002385F8303070BD00BFB146030027
:1054C000DCEE030090F8303070B504460E46002B39
:1054D00000F0CC800368944ADB68934240F01A8164
:1054E00090F835300BB9FFF7C1F911212046FEF7CE
:1054F000A3FF03212046FEF7CFFF44212046FEF7FD
:105500009BFF00212046FEF7C7FF18212046FEF72B
:10551000C3FF45212046FEF78FFF00212046FEF7FE
:10552000BBFF00212046FEF7B7FFC7212046FEF74C
:10553000B3FF00212046FEF7AFFF4E212046FEF7C5
:105540007BFF00212046FEF7A7FF4F212046FEF7F4
:1055500073FF00212046FEF79FFF00212046FEF743
:105560009BFF26212046FEF767FF2046FEF7B6FF89
:1055700041F2883531462046FEF7C4FF013DF9D19E
:105580002046FEF7C3FF94F8353013B92046FFF7E5
:105590006DF911212046FEF74FFF03212046FEF74B
:1055A0007BFF44212046FEF747FF00212046FEF7FF
:1055B00073FF18212046FEF76FFF45212046FEF7B6
:1055C0003BFF00212046FEF767FF00212046FEF743
:1055D00063FFC7212046FEF75FFF00212046FEF74C
:1055E0005BFF4E212046FEF727FF00212046FEF7F5
:1055F00053FF4F212046FEF71FFF00212046FEF7F4
:105600004BFF00212046FEF747FF24212046FEF7EE
:1056100013FF2046FEF762FF41F2883531462046EF
:10562000FEF770FF013DF9D12046FEF76FFF2368BA
:105630003E4A9B6B934273D122212046FEF7FCFE2B
:10564000F7212046FEF728FF20212046FEF7F4FE32
:1056500040F6282236492046FEF75AFE84F832509A
:1056600084F83150002384F8303070BD90F8353024
:10567000002B52D011212046FEF7DEFE03212046EA
:10568000FEF70AFF44212046FEF7D6FE0021204601
:10569000FEF702FF18212046FEF7FEFE45212046B8
:1056A000FEF7CAFE00212046FEF7F6FE0021204646
:1056B000FEF7F2FEC7212046FEF7EEFE002120464F
:1056C000FEF7EAFE4E212046FEF7B6FE00212046F8
:1056D000FEF7E2FE4F212046FEF7AEFE00212046F7
:1056E000FEF7DAFE00212046FEF7D6FE24212046F2
:1056F000FEF7A2FE2046FEF7F1FE41F28835314664
:105700002046FEF7FFFE013DF9D12046BDE870407E
:10571000FEF7FCBEBDE870401847FFF7A7F8A9E701
:105720002946204698479DE711530300B1460300E0
:10573000DCEE0300704700BFF8B5174682B105469E
:105740000E46002402E00134A74207D02B6816F869
:10575000011B1B68284698470028F4D12046F8BD55
:105760001446FBE703688A685B680968184700BF4E
:1057700069B170B5054608460C4606F08AF92B68F3
:105780000246214628465B68BDE870401847084637
:10579000704700BF03681B68184700BFF0B50F468D
:1057A0008BB00568002A3DD00A2A04461ED1002984
:1057B0003DDB0AAE00232F4806F8043D0B46A0FB54
:1057C0000312D20802EB8201A3EB4103303306F847
:1057D000013D1346002AF2D1304606F05AF96B68B3
:1057E00002463146204698470BB0F0BD0AAED2B211
:1057F0000023022A06F8043D2CBF10460A200A4660
:10580000B2FBF0F100FB1127FBB2092F03F13007C7
:105810008ABF3733FBB2DBB20A4606F8013D0029E6
:10582000EED1D9E72B68C9B298470BB0F0BD2B6811
:105830002D2198470AAD002306460E4805F8043D81
:105840007B42A0FB0321C90801EB8102A3EB4203C9
:10585000303305F8013D0B460029F2D1284606F009
:1058600018F92368024629465B6820469847304469
:105870000BB0F0BDCDCCCCCCF0B506688BB022B966
:105880003368C9B298470BB0F0BD0AACD2B200235E
:10589000022A04F8043D05462CBF10460A20B1FB3D
:1058A000F0F200FB1217FBB2092F03F130078ABF99
:1058B0003733FBB2DBB2114604F8013D002AEED1CA
:1058C000204606F0E6F873680246214628469847C7
:1058D0000BB0F0BD036802495B680222184700BFA5
:1058E000C0EF030038B503688A685B68096804463E
:1058F0009847236803495B6805460222204698477B
:10590000284438BDC0EF0300036870B505460C4657
:105910005E6849B1084606F0BCF8214602462846B2
:10592000B0472B685E680446284602220149B0470A
:10593000204470BDC0EF0300F0B505468BB006688B
:1059400062B93368C9B2984704462B6815495B6849
:1059500028460222984720440BB0F0BD0AACD2B2D0
:105960000023022A04F8043D2CBF10460A20B1FB94
:10597000F0F200FB1217FBB2092F03F130078ABFC8
:105980003733FBB2DBB2114604F8013D002AEED1F9
:10599000204606F07EF8214602467368284698475E
:1059A0000446D2E7C0EF030008B54FF400620021BF
:1059B00005F0ACF90022C0F80028C0F8042808BDA2
:1059C000D0F8002810B4531CD0F80448C3F30A03DD
:1059D0009C4218BF81545DF8044B18BFC0F80038D2
:1059E000704700BF0023C0F80038C0F80438704783
:1059F000D0F80438D0F80028934207D05A1CC35C72
:105A0000C2F30A02C0F80428184670474FF0FF306E
:105A1000704700BFD0F80038D0F80408181A48BF03
:105A200000F50060704700BFD0F80438D0F80028B7
:105A3000934214BFC05C4FF0FF307047D0F800387D
:105A4000D0F804080133C3F30A03181AB0FA80F03F
:105A50004009704741F22303C05C704770B541F2C2
:105A60001D030446C356002B0DDB5A0920320121C9
:105A7000234803F01F0301FA03F340F82230BFF379
:105A80004F8FBFF36F8F23694FF48872C3F80823D9
:105A900022690023C2F844312269C2F858312269D0
:105AA000012353602269D36001E004F041F82369C7
:105AB000D3F85821002AF8D0D3F84421002AF4D092
:105AC0000025C3F8005522694FF0FF33C2F80C35AA
:105AD0002269C2F814352269C2F80835226941F2F8
:105AE0002406C2F8103504F11400FFF77BFFA0591B
:105AF00001F0EEFE41F22303A551E55470BD00BF55
:105B000000E100E01430FFF785BF00BF1430FFF75D
:105B10008BBF00BF1430FFF76BBF00BF08B541F269
:105B20002403C05801F0CAFE002814BF4FF40060DF
:105B3000002008BD41F22303C35C03B9704770B570
:105B400041F2240504464FF0FF31405901F00AFDAF
:105B5000002360591A461946BDE8704001F0BAB8F2
:105B600010B50368104A5B6882B093428DF8071045
:105B700014D141F2240304464FF0FF31C05801F024
:105B8000F1FC22699DF8073084F81D380123C2F822
:105B9000483522691846936002B010BD01220DF10C
:105BA0000701984702B010BDAD5B03002DE9F84F27
:105BB0004AB300F5815916468846074609F104099B
:105BC00000F61D0B00254FF0010A741BB4F5006FA1
:105BD00028BF4FF400644FF0FF31D9F8000001F006
:105BE000C1FC08EB05012246584605F06BF83B69FD
:105BF000C3F848453B692544AE42C3F808A0E4D841
:105C00002846BDE8F88F15462846BDE8F88F00BF46
:105C100070B50468824A246A944240F0BD8041F223
:105C200023020346825C002A40F0B58041F21F0047
:105C30000D461969185CC1F80C0541F21E0019697E
:105C4000185CC1F8140541F22201595C012900F0E9
:105C5000B2801969C1F86C25B5F5966F45D9B5F5CF
:105C6000166F40F29E80B5F5965F40F2B480B5F5B0
:105C7000165F40F2B280B5F5615F40F2B080B5F5D5
:105C8000964F40F2AE80B5F5E14F40F2AC8047F65A
:105C90001222954240F2A980B5F5164F40F2A88035
:105CA0004DF6C022954240F2A680B5F5614F40F214
:105CB000A580B5F5963F40F2A480B5F5E13F40F2EE
:105CC000A580B5F5613F40F29E80564A954240F26C
:105CD000A380B5F5E12F40F29C80B5F5612F8CBF14
:105CE0004FF080524FF0706201E04FF49E2219692C
:105CF000C1F824251A690821C2F800151A6903F6AB
:105D00001D01C2F844151A690021C2F820111A6950
:105D100003F61C01C2F834151A690121C2F83815BE
:105D20001A6911601A694FF4887041F21D04C2F8B3
:105D300004031A57002A37DB5509603502F01F02A9
:105D4000394801FA02F240F825201A57002A2BDBC5
:105D50000244602182F8001341F21D029A56002A83
:105D600007DB314802F01F0401215209A14040F82D
:105D700022100322002101201C4600F069FF41F29D
:105D800024020023A05019461A4600F0A3FF41F256
:105D900023030122E25470BD23460022BDE8704077
:105DA00018474FF41D22A2E7204902F00F021144C8
:105DB00060220A76D0E703F5815218691278C0F89C
:105DC000102541F221001A69185CC2F808051A6909
:105DD000C2F86C1540E7164A89E7164A87E7164A63
:105DE00085E7164A83E7164A81E74FF400027EE70B
:105DF0004FF41D027BE74FF4650278E74FF46B0226
:105E000075E7104A73E74FF06C7270E74FF0EB7272
:105E10006DE74FF0E8626AE74FF0806267E700BF26
:105E2000495E030090D0030000E100E0FCEC00E0DC
:105E300000B013000050270000F03A0000A04E0010
:105E400000C0750000903A0138B541F22303C35CED
:105E5000002B40F0B48041F21F040369045DC3F8D5
:105E60000C4541F21E040369045DC3F8144541F278
:105E70002203C35C012B00F0A3800369C3F86C25E7
:105E8000B1F5966F45D9B1F5166F40F2AB80B1F51B
:105E9000965F40F2B180B1F5165F40F2AF80B1F588
:105EA000615F40F2AD80B1F5964F40F2AB80B1F545
:105EB000E14F40F2A98047F61223994240F2A680B2
:105EC000B1F5164F40F2A5804DF6C023994240F23D
:105ED000A380B1F5614F40F2A280B1F5963F40F248
:105EE000A180B1F5E13F40F29F80B1F5613F40F202
:105EF0009E80534B994240F2A080B1F5E12F40F2D1
:105F00009980B1F5612F8CBF4FF080534FF07063D3
:105F100001E04FF49E230269C2F824350369082288
:105F2000C3F80025036900F61D02C3F84425036980
:105F30000022C3F82021036900F61C02C3F83425AF
:105F400003690122C3F8382503691A6003694FF415
:105F5000887141F21D04C3F804130357002B44DB7E
:105F60005D09603503F01F03364902FA03F341F877
:105F700025300357002B38DB0B44602283F80023C5
:105F800041F21D03C356002B07DB2E4903F01F040B
:105F900001225B09A24041F823200446032200218C
:105FA000012000F055FE41F224020023A0501946C2
:105FB0001A4600F08FFE41F223030122E25438BD5D
:105FC00000F5815304691B78C4F8103541F22104AF
:105FD0000369045DC3F80845036942F00102C3F890
:105FE0006C254DE74FF41D2395E7174A03F00F0387
:105FF0001A4460231376C3E7144B8CE7144B8AE7EB
:10600000144B88E7144B86E7144B84E74FF40003E6
:1060100081E74FF41D037EE74FF465037BE74FF400
:106020006B0378E70E4B76E74FF0EB7373E74FF0B7
:106030006C7370E74FF0E8636DE74FF080636AE7D9
:1060400090D0030000E100E0FCEC00E000B01300A1
:106050000050270000F03A0000A04E0000C075007C
:1060600000903A01074B10B441F21E0453F821107E
:10607000015541F21F0153F8223043545DF8044B9F
:10608000704700BF64EF030010B5124C2369D3F8CA
:10609000102142B10022C3F81021D3F83C2582B967
:1060A00001221A602369D3F8202102B910BD002112
:1060B00041F22402C3F82011A058BDE8104001F0BD
:1060C00093B894F81C1804F11400FFF779FC2369C5
:1060D000E6E700BF58A3002038B5124C124A20460C
:1060E00000254FF47A7340F8142BC4E90153FFF7ED
:1060F0005BFC41F21D010D4B0D4A226102206054F0
:10610000D3E9001341F21E0241F21F00A1542354AF
:1061100041F2220141F2240241F223036554A550C9
:10612000E55438BD58A30020CCEF030064EF030012
:106130000020004008B5094B1BB10948F0F7D8F81A
:1061400048B9084B1BB10848FFF764FC00B908BD0B
:10615000AFF3008008BDAFF30080F2E7000000005D
:1061600054630020000000006CA300202DE9F043E0
:106170001B4B1C4FD3F80463DFF86C80DFF86C9086
:1061800085B000240123A200A34002F180453342E0
:1061900005F5C0450FD0D5F8003163B1E3570133A1
:1061A00006D052F808201AB114F809307BB990478C
:1061B0000023C5F800310134082CE3D1BFF34F8F21
:1061C00000BF00BF00BF00BF05B0BDE8F08304AB57
:1061D000002143F8041D0846009103F083FDE7E722
:1061E00000600040A8B3002088B3002080B30020E6
:1061F000F8B500250446C0E90055856091B1084610
:106200000E4605F046FC0746411C284600F0B4FC4B
:1062100050B1A368C4E9000703B90370A760314611
:1062200005F02FFC2046F8BD206808B100F08EFC78
:1062300000232360C4E901332046F8BD70B504464D
:106240008C424FF00000C4E90000A06001D00D684E
:106250000DB9204670BD8E68711C00F08DFC50B1E8
:10626000A368C4E9000603B90370A660294605F0D7
:1062700008FC204670BD206808B100F067FC0023D0
:106280002360C4E90133204670BD00BF70B500250E
:1062900082B0C0E900558560044601A88DF804105D
:1062A0008DF8055005F0F5FB0646411C284600F028
:1062B00063FC58B1A368C4E9000603B90370A66083
:1062C00001A905F0DEFB204602B070BD206808B1D0
:1062D00000F03CFC002320462360C4E9013302B0F7
:1062E00070BD00BF30B5044685B000230846C4E940
:1062F0000033A36001A902F08BFE01A805F0C9FBE1
:106300000546206810B163689D4209D9691C00F0F8
:1063100033FC60B1A368C4E900050BB903702068C1
:10632000A56001A905F0ADFB204605B030BD206891
:1063300008B100F00BFC002320462360C4E90133C0
:1063400005B030BD30B504468BB000230846C4E923
:106350000033A36001A902F013FE01A805F099FB28
:106360000546206810B163689D4209D9691C00F098
:1063700003FC60B1A368C4E900050BB90370206891
:10638000A56001A905F07DFB20460BB030BD20685B
:1063900008B100F0DBFB002320462360C4E9013391
:1063A0000BB030BD30B504468BB000230846C4E9BD
:1063B0000033A36001A902F02BFE01A805F069FBE0
:1063C0000546206810B163689D4209D9691C00F038
:1063D000D3FB60B1A368C4E900050BB90370206862
:1063E000A56001A905F04DFB20460BB030BD20682B
:1063F00008B100F0ABFB002320462360C4E9013361
:106400000BB030BD30B504468BB000230846C4E95C
:106410000033A36001A902F02FFE01A805F039FBAB
:106420000546206810B163689D4209D9691C00F0D7
:10643000A3FB60B1A368C4E900050BB90370206831
:10644000A56001A905F01DFB20460BB030BD2068FA
:1064500008B100F07BFB002320462360C4E9013330
:106460000BB030BD10B50446006800F06FFB20464D
:1064700010BD00BF884270B5044609D00D680068A1
:1064800045B908B100F062FB0023C4E90133236081
:10649000204670BD8E6810B163689E4209D9711C98
:1064A00000F06AFB58B1A368C4E900060BB9037099
:1064B0002068A660294605F0E4FA204670BD2068F1
:1064C0000028DFD1E0E700BF884238B5044612D08B
:1064D00000688B680D4628B162689A420DD200F0C0
:1064E00035FBAB68D5E9002122600022C4E9011325
:1064F000C5E90022AA60204638BD096805F0C1FA46
:10650000AB68A3600023AB60204638BDF8B50446F5
:10651000056849B915B1284600F018FB002323602F
:10652000C4E901332046F8BD08460E4605F0B1FA2D
:10653000074615B1636898420BD92846791C00F0CC
:106540001BFB054660B1A368C4E900070BB90370E3
:106550002568A7603146284605F093FA2046F8BD25
:1065600020680028DAD000F0F1FAD7E770B50E689D
:10657000EEB18D680DB9012070BD826804460068D7
:10658000154410B163689D420AD9691C00F0F4FA01
:1065900068B1A268C4E9000512B902702068A26857
:1065A0003146104405F06DFAA560012070BD002051
:1065B00070BD00BF29B370B5054608460C4605F00E
:1065C00068FA08B9012070BDAA682B68861813B153
:1065D00069688E420CD91846711C00F0CDFA03464A
:1065E00068B1AA68C5E9000612B902702B68AA68EA
:1065F0002146981805F045FAAE60012070BD0020D4
:1066000070BD0020704700BF30B5836883B004467A
:1066100000688DF8041000225D1C8DF8052010B173
:10662000626895420AD9991C00F0A6FA60B1A36885
:10663000C4E9000513B903702068A368184401A9D0
:1066400005F01FFAA560012003B030BD70B50E68DB
:1066500004461EB18D685DB9204670BD206808B142
:1066600000F074FA00232360C4E90133204670BDB2
:1066700082680068154410B163689D420BD9691C9B
:1066800000F07AFA0028E9D0A268C4E9000512B93E
:1066900002702068A2683146104405F0F2F9A56046
:1066A000DAE700BF70B5044631B108460D4605F083
:1066B000F0F958B9204670BD206808B100F046FADC
:1066C00000232360C4E90133204670BDA26823681B
:1066D000861813B161688E420DD91846711C00F0FE
:1066E0004BFA03460028E7D0A268C4E9000612B9B5
:1066F00002702368A2682946981805F0C2F9A660BE
:10670000D8E700BF08B58A688368934201D00020AB
:1067100008BD0068096848B129B105F0A8F9B0FAC8
:1067200080F0400908BD1BB10078F8E701B10BB952
:10673000012008BD08784042F1E700BF826808B533
:106740002AB989B10878B0FA80F0400908BD00681C
:1067500029B105F08CF9B0FA80F0400908BD007845
:10676000B0FA80F0400908BD012008BD08B58A686C
:106770008368934209D3006830B1096839B105F0E4
:1067800090F9B0FA80F0400908BD002008BD084625
:1067900008BD00BF83688B4203D9006808B1084474
:1067A0007047024800230370704700BFB0B3002059
:1067B00083688B4203D9006810B1405C70470020A9
:1067C000704700BF83683BB110B50468204605F0F0
:1067D00041F920B1001B10BD4FF0FF3070474FF062
:1067E000FF3010BD8368934207D910B50468A01824
:1067F00005F030F920B1001B10BD4FF0FF3070479D
:106800004FF0FF3010BD00BF836843B110B504687E
:106810000968204605F06BF920B1001B10BD4FF050
:10682000FF3070474FF0FF3010BD00BFF8B58568EE
:106830006DB1036800225F5D5A5506680446304614
:1068400005F041F9775510B12368C01AF8BD4FF033
:10685000FF30F8BD9A422DE9F84317461E4604461C
:10686000884601D816461F460025C4E90055A56094
:106870002846012100F080F908B3C4E90005A560AD
:106880000570D8F80820B24216D9974228BF17469B
:10689000D8F800300022DD5DDA55D8F800008619FE
:1068A00016D1206808B100F051F90023C4E9013382
:1068B0002360D8F80030DD552046BDE8F883206815
:1068C00008B100F043F900232360C4E90133D8E79D
:1068D000304605F0DEF88146206810B163689945BE
:1068E0000BD909F1010100F047F90028D9D0A368BC
:1068F000C4E900090BB903702068C4F80890314658
:1069000005F0BFF8D5E700BF8368994203D203685A
:10691000816000225A547047002A77D083688B42E6
:1069200074D92DE9F0415C1AA24228BF2246D0F862
:1069300000C09B1A8C185F1A83600CEB04060CEBEA
:1069400001055ED001F1040E7244A645C8BF8A421B
:1069500061DC0B2F5FD9734213F0030364D0B6469A
:106960002A461EF8018B02F8018B012B4FD072785A
:106970006A70022B05F1020206F1020E47D0B278CE
:10698000AA70033603354FF0030EE2181944A7EB43
:1069900003086244614400234FEA980C013352F823
:1069A000044B41F8044B9C45F8D828F00303984564
:1069B0009E4405EB030206EB03011FD0F45CEC548C
:1069C0000EF101039F4219D94B7853700EF1020367
:1069D0009F4213D98B7893700EF103039F420DD918
:1069E000CB78D3700EF104039F4207D90EF1050E48
:1069F0000B791371774501D94B795371D0F800C0E9
:106A0000836800220CF80320BDE8F08170477646C9
:106A100015469E46B9E7013E634416F8012F05F876
:106A2000012B9D42F9D1E9E79E46AEE710B5046817
:106A300044B1207830B105F00DF9207014F8010F41
:106A40000028F8D110BD00BF10B5046844B120780B
:106A500030B105F00CF9207014F8010F0028F8D1BE
:106A600010BD00BF2DE9F0410768F7B18468E4B1BB
:106A700006463D4600E04546287805F1010804F049
:106A8000E5F80028F7D1013C3C4402E0A54205D8D6
:106A9000013C207804F0DAF80028F7D1621C521B80
:106AA000AF42B26003D30023BB54BDE8F081384647
:106AB000294604F007F93768B268F4E7006808B1BE
:106AC00004F068B8704700BFFEE700BF08B501F0EA
:106AD00077FA4FF47A72A0FB0223900A40EA8350BF
:106AE00008BD00BF014638B54FF47A72002380021A
:106AF000890D03F0B1FE054601F062FA0446EFF796
:106B0000E7FB01F05DFA001B854200D838BD281A6A
:106B1000BDE8384001F078BB10B5044601F0CEFD69
:106B2000022804D02046BDE8104004F0A9B801F0C6
:106B30003FFA204604F0A4F8044601F0DFFA0CB155
:106B4000204610BD03F006F8FAE700BF10B5044672
:106B500001F0B4FD02280AD144B101F029FA20461F
:106B600004F096F8BDE8104001F0C8BA10BD204608
:106B7000BDE8104004F08CB838B504460D4601F06D
:106B80009DFD022805D029462046BDE8384004F086
:106B900015BF01F00DFA2046294604F00FFF044608
:106BA00001F0ACFA0CB1204638BD02F0D3FFFAE791
:106BB00010B5044601F0FCF9204604F061F80446E3
:106BC00001F09CFA0CB1204610BD02F0C3FF204634
:106BD00010BD00BF50B110B5044601F0E9F92046E0
:106BE00004F056F8BDE8104001F088BA704700BFC5
:106BF00038B51C469DF8105043B3002908BF1A460B
:106C00000123C4E90F01226084F8463002F020F825
:106C1000D4E90F132268A26001FB03F1CB1A1344DD
:106C200000200A44FF21A063E36084F844106260FE
:106C300084F8451004F1100003F0ECF904F124008D
:106C400003F0E8F902F00EF884F84C50204638BD05
:106C5000F8B5074615460E4669B100FB01F0503005
:106C6000FFF7A6FF044690B3002200F1500380F81E
:106C70004620036007E05020FFF79AFF044630B338
:106C800084F846602460C4E90F7601F0E1FFD4E99E
:106C90000F132268A26001FB03F1CB1A13440020FA
:106CA0000A44FF21A063E36084F84410626084F822
:106CB000451004F1100003F0ADF904F1240003F0D5
:106CC000A9F901F0CFFF84F84C502046F8BD00240C
:106CD0002046F8BD2DE9F04F044685B01D460192CF
:106CE000884601F0B5FFA26BE36BA84F4FF0000997
:106CF0009A424E46C0F08B80022D00F0068101982A
:106D0000002800F03081B9F1000F00F0958001F00B
:106D1000A9FF01F04DF901F09BFF94F84430FF2BDF
:106D200008BF84F8446094F84530FF2B08BF84F80E
:106D3000456001F097FF01A902A801F067FC002857
:106D400040F0188101F084FFA26BE36B9A4277D088
:106D500001F088FF01F07CFF94F845304FFA83FA88
:106D6000BAF1000F1ADD636AC3B104F1240907E028
:106D70000AF1FF33DBB24FFA83FA7BB1636A6BB17E
:106D8000484601F0E9FB0028F2D001F077FC0AF157
:106D9000FF33DBB24FFA83FA002BEFD1FF2384F8E5
:106DA000453001F05FFF01F053FF94F844304FFA93
:106DB00083FABAF1000F1ADD2369C3B104F1100997
:106DC00007E00AF1FF33DBB24FFA83FA7BB12369A4
:106DD0006BB1484601F0C0FB0028F2D001F04EFC38
:106DE0000AF1FF33DBB24FFA83FA002BEFD1FF2316
:106DF00084F8443001F036FF01F080F901F028FFFB
:106E0000A26BE36B9A424FF00109BFF475AF226C9D
:106E1000A66B002A40F0FC8025680136002D00F0AA
:106E20001881A663636A002B40F08C8001F01AFF82
:106E3000012005B0BDE8F08F02A801F0DBFB66E79A
:106E400004F1100901F00EFF4846019901F008FB1A
:106E500001F0FEFE94F845A04FFA8AFABAF1000F4D
:106E60001CDD636AD3B104F1240B08E00AF1FF3A98
:106E70005FFA8AF34FFA83FA83B1636A73B15846B3
:106E800001F06AFB0028F1D00AF1FF3A01F0F6FBAD
:106E90005FFA8AF34FFA83FA002BEED1FF2384F8CE
:106EA000453001F0DFFE01F0D3FE94F844304FFA94
:106EB00083FABAF1000F06DC15E00AF1FF33DBB20A
:106EC0004FFA83FA7BB123696BB1484601F044FB6A
:106ED0000028F2D001F0D2FB0AF1FF33DBB24FFA07
:106EE00083FA002BEFD1FF2384F8443001F0BAFE7F
:106EF00001F004F9002881D14FF080537B6040BF3E
:106F0000BFF34F8FBFF36F8F78E7226CA66B002A19
:106F100082D04146E06803F0D5FE236CE268216828
:106F20005B421A448A42E26080F0898062681344BE
:106F3000E360022D00F083800136A663636A002BB4
:106F40003FF474AF04F1240001F006FB00283FF485
:106F50006DAF0E4B4FF080525A6040BFBFF34F8F62
:106F6000BFF36F8F62E7009001F07CFE009805B0E0
:106F7000BDE8F08F01F06CFE94F845506DB2002D25
:106F800018DD636AB3B104F1240607E000ED00E008
:106F9000013DEBB25DB26BB1636A5BB1304601F0AB
:106FA000DBFA0028F4D0013D01F068FBEBB25DB2E2
:106FB000002BF1D1FF2384F8453001F053FE01F09E
:106FC00047FE94F844506DB2002D16DD2369A3B13D
:106FD00004F1100605E0013DEBB25DB26BB123692F
:106FE0005BB1304601F0B8FA0028F4D0013D01F061
:106FF00045FBEBB25DB2002BF1D1FF2384F84430A6
:1070000001F030FE01F07AF8002005B0BDE8F08F05
:1070100041465DBBA06803F055FEA368216C626821
:107020000B44934206F10106A360FFF4FAAEA66397
:10703000636A2268A260002B3FF4F8AE82E7002E5C
:107040007FF4EFAE0123A363636A002B3FF4EEAE3F
:1070500078E7606801F084FBA663636A6560002BD3
:107060007FF470AF00287FF474AFDFE6E06803F0D0
:1070700029FE236CE26821685B421A448A42E2607E
:10708000BFF457AF52E700BFF8B50C4679B30025FF
:107090000123216081F84630C1E90F35064601F031
:1070A000D7FDD4E90F322168A56303FB02F39A1AD6
:1070B0000A440B44FF27C4E90131E26084F84470BC
:1070C00004F1100084F8457002F0A4FF04F12400DC
:1070D00002F0A0FF01F0C6FDC4E90055E56084F8A8
:1070E0004C602B462A4629462046FFF7F3FD2046F2
:1070F000F8BD00BF2DE9F0418C4682B0044617462A
:10710000EFF31186402282F31188806BE26B90428C
:1071100021D3022B05D0002086F3118802B0BDE8F0
:10712000F08194F84550226CD4F838806DB252BB8F
:10713000236808F10108002B4FD06B1CC4F838807D
:1071400037D001356DB284F84550012086F311889F
:1071500002B0BDE8F08194F84550226CD4F8388034
:107160006DB2002AE4D073B9A06803F0ABFDA36848
:10717000216C62680B44934208F10108A360DCD3E0
:107180002368A360D9E76146E068019303F09AFDA4
:10719000206CE2682168019B404202448A42E2601E
:1071A00002D262681044E060022B10D008F101089E
:1071B000C3E7636A002BC8D004F1240001F0CCF9C6
:1071C0000028C2D0002FC0D001203860A4E7B8F159
:1071D000000F08BF4FF00108AFE76068019301F0AE
:1071E000BFFA019B6360A8E738B5EFF31184402331
:1071F00083F31188826BC36B93420ED990F84530AC
:1072000001325BB282635A1C0BD001335BB280F84F
:107210004530012084F3118838BD002084F31188A3
:1072200038BD436A002BF4D024300D4601F094F9A8
:107230000028EED0002DECD001202860EAE700BF46
:107240002DE9F047044684B08846019201F000FD24
:10725000D4F83890B9F1000F40F09380019B002BD7
:1072600000F00A8102A801F0C5F9B34F4E4604F1BF
:10727000240501F0F7FC00F09BFE01F0E9FC94F816
:107280004430FF2B08BF84F8446094F84530FF2B4E
:1072900008BF84F8456001F0E5FC01A902A801F0EF
:1072A000B5F9002840F0878001F0D2FCA36B002BD9
:1072B00040F0E88001F0D6FC0199284601F0D0F8B2
:1072C00001F0C6FC94F845304FFA83F9B9F1000F8C
:1072D00006DC15E009F1FF33DBB24FFA83F97BB12D
:1072E000636A6BB1284601F037F90028F2D001F04B
:1072F000C5F909F1FF33DBB24FFA83F9002BEFD167
:10730000FF2384F8453001F0ADFC01F0A1FC94F8B6
:1073100044304FFA83FABAF1000F1ADD2369C3B182
:1073200004F1100907E00AF1FF33DBB24FFA83FAE8
:107330007BB123696BB1484601F00EF90028F2D009
:1073400001F09CF90AF1FF33DBB24FFA83FA002B0C
:10735000EFD1FF2384F8443001F084FC00F0CEFE2E
:1073600000287ED14FF080537B6040BFBFF34F8F2A
:10737000BFF36F8F01F06CFCD4F83890B9F1000FB7
:1073800076D0226C52B1E168636811449942E160A1
:1073900024BF2168E160404603F094FC09F1FF330B
:1073A000A3632369002B40F0C98001F05BFC01203E
:1073B00004B0BDE8F08701F04BFC94F845304FFA7B
:1073C00083F9B9F1000F06DC15E009F1FF33DBB2F8
:1073D0004FFA83F97BB1636A6BB1284601F0BCF8C0
:1073E0000028F2D001F04AF909F1FF33DBB24FFA7D
:1073F00083F9002BEFD1FF2384F8453001F032FCF4
:1074000001F026FC94F844304FFA83FABAF1000FE9
:107410001ADD2369C3B104F1100907E00AF1FF3353
:10742000DBB24FFA83FA7BB123696BB1484601F0B6
:1074300093F80028F2D001F021F90AF1FF33DBB212
:107440004FFA83FA002BEFD1FF2384F8443001F088
:1074500009FC00F053FE01F0FBFBA36B63B101F0EC
:1074600001FC01F0F5FBD4F83890B9F1000F88D198
:10747000019B002B7FF4FDAE01F0F4FB002004B073
:10748000BDE8F08701F0EEFB01F0E2FB94F8453037
:107490004FFA83F9B9F1000F06DC15E009F1FF336B
:1074A000DBB24FFA83F97BB1636A6BB1284601F016
:1074B00053F80028F2D001F0E1F809F1FF33DBB214
:1074C0004FFA83F9002BEFD1FF2384F8453001F008
:1074D000C9FB01F0BDFB94F844304FFA83FABAF1CE
:1074E000000F1ADD2369C3B104F1100907E00AF1A6
:1074F000FF33DBB24FFA83FA7BB123696BB14846A5
:1075000001F02AF80028F2D001F0B8F80AF1FF33B0
:10751000DBB24FFA83FA002BEFD1FF2384F844301B
:1075200001F0A0FB00F0EAFD01F092FBD4F83890E6
:10753000B9F1000F9CD024E700ED00E004F1100049
:1075400001F00AF800283FF430AF054B4FF08052AD
:107550005A6040BFBFF34F8FBFF36F8F25E700BF67
:1075600000ED00E02DE9F043044685B000260191CE
:1075700001F06EFBA36BB24FB0463546002B40F0D6
:10758000F380019B002B00F05D81B8F1000F00F04B
:10759000FC8001F067FB00F00BFD01F059FB94F853
:1075A0004430FF2B08BF84F8445094F84530FF2B3B
:1075B00008BF84F8455001F055FB01A902A801F06D
:1075C00025F800286CD101F043FBA36B002B40F0A1
:1075D000E08001F047FB2368002B00F03C8104F1C0
:1075E00024094846019900F03BFF01F031FB94F873
:1075F00045304FFA83F8B8F1000F06DC15E008F1CA
:10760000FF33DBB24FFA83F87BB1636A6BB1484654
:1076100000F0A2FF0028F2D001F030F808F1FF33AB
:10762000DBB24FFA83F8002BEFD1FF2384F845300B
:1076300001F018FB01F00CFB94F844304FFA83F88A
:10764000B8F1000F1ADD2369C3B104F1100907E096
:1076500008F1FF33DBB24FFA83F87BB123696BB1DA
:10766000484600F079FF0028F2D001F007F808F151
:10767000FF33DBB24FFA83F8002BEFD1FF2384F8FE
:10768000443001F0EFFA00F039FD002864D14FF0EA
:1076900080537B6040BFBFF34F8FBFF36F8F5BE0C2
:1076A00001F0D6FA94F845304FFA83F8B8F1000F9C
:1076B0001ADD636AC3B104F1240907E008F1FF335E
:1076C000DBB24FFA83F87BB1636A6BB1484600F0D6
:1076D00043FF0028F2D000F0D1FF08F1FF33DBB206
:1076E0004FFA83F8002BEFD1FF2384F8453001F0E7
:1076F000B9FA01F0ADFA94F844304FFA83F8B8F1D2
:10770000000F1ADD2369C3B104F1100907E008F185
:10771000FF33DBB24FFA83F87BB123696BB1484684
:1077200000F01AFF0028F2D000F0A8FF08F1FF33A4
:10773000DBB24FFA83F8002BEFD1FF2384F84430FB
:1077400001F090FA00F0DAFC01F082FAA36B002B52
:1077500000F08A8001F086FA01F07AFAA36B4FF00C
:107760000108002B3FF40DAF2268013BA363002A00
:1077700000F09E802369002B40F0898001F072FAAE
:107780000126304605B0BDE8F08302A800F032FFC4
:10779000FFE601F067FA01F05BFA94F845304FFA22
:1077A00083F8B8F1000F1ADD636AC3B104F124094C
:1077B00007E008F1FF33DBB24FFA83F87BB1636A6D
:1077C0006BB1484600F0C8FE0028F2D000F056FF2A
:1077D00008F1FF33DBB24FFA83F8002BEFD1FF2320
:1077E00084F8453001F03EFA01F032FA94F8443062
:1077F0004FFA83F8B8F1000F1ADD2369C3B104F121
:10780000100907E008F1FF33DBB24FFA83F87BB1D0
:1078100023696BB1484600F09FFE0028F2D000F0CB
:107820002DFF08F1FF33DBB24FFA83F8002BEFD1C5
:10783000FF2384F8443001F015FA00F05FFC8BE779
:1078400000ED00E0009301F00DFA009B1E4630466B
:1078500005B0BDE8F08301F0FBF9606800F03EFF81
:10786000064601F0FFF9BAE601F0FCF9002E88D0D7
:1078700001F0EEF9616A19B1236B1968C1F10501D4
:10788000606800F099FF002601F0ECF979E704F157
:10789000100000F061FE00283FF470AF064B4FF07F
:1078A00080525A6040BFBFF34F8FBFF36F8F65E7C1
:1078B00000F0B8FF60605DE700ED00E010B5044641
:1078C00001F0C6F9A46B01F0CDF9204610BD00BF50
:1078D000104B5A68904208D0DA68904208BF0122E3
:1078E00004D090F8463093B170470022002110B4C4
:1078F00003EBC20443F8321090F84630616013B1D4
:107900005DF8044B70475DF8044BFFF763B9FFF770
:1079100061B900BFF8BD0020074B1A681AB19A6818
:1079200002B17047012210B403EBC20443F83210D5
:1079300060605DF8044B7047F8BD002070B50546E7
:107940000C46164601F084F995F84430FF2B04BF2D
:10795000002385F8443095F84530FF2B04BF002301
:1079600085F8453001F07EF9AB6B2BB932462146E4
:1079700005F1240000F0B0FD01F06AF995F84540EA
:1079800064B2002C16DD6B6AA3B105F1240605E094
:10799000013CE3B25CB26BB16B6A5BB1304600F0A4
:1079A000DBFD0028F4D0013C00F068FEE3B25CB2DD
:1079B000002BF1D1FF2385F8453001F053F901F098
:1079C00047F995F8444064B2002C16DD2B69A3B149
:1079D00005F1100605E0013CE3B25CB26BB12B6926
:1079E0005BB1304600F0B8FD0028F4D0013C00F057
:1079F00045FEE3B25CB2002BF1D1FF2385F84430A1
:107A0000BDE8704001F02EB92DE9F041044601F0C7
:107A10001FF9344A344D1368013313602B68002B6F
:107A20002FD0324EE36A32682AB3314831490768B1
:107A30000A689F4238BF03602F48013203EB83037B
:107A40000A6000EB8300E263211D02F0F3FA01F00B
:107A500009F933686BB12A68E36AD26A9A4208D29C
:107A6000264B4FF080525A6040BFBFF34F8FBFF399
:107A70006F8FBDE8F0812A68D26A9A4298BF2C6065
:107A8000D3E72C601368012B02D0E36A174ECCE7D2
:107A90001948DFF894801A4F144E02F0BBFA1948C7
:107AA00002F0B8FA184802F0B5FA184802F0B2FA33
:107AB000174802F0AFFA404602F0ACFA384602F03E
:107AC000A9FA144802F0A6FA134802F0A3FA1348E0
:107AD00002F0A0FA124B134AC2F800801F60E36A5A
:107AE000A3E700BF24B40020B4B3002084B4002076
:107AF00038B4002034B40020C0B3002000ED00E012
:107B000050B40020D4B30020E8B30020FCB3002020
:107B100010B4002070B400209CB4002088B4002071
:107B2000BCB30020B8B300203CB400202DE9F843DA
:107B3000DDE90964002C60D016B93046BDE8F88351
:107B40000D469700984602233A4684F85130814604
:107B500026633046A52103F0D9F82A78236B84F8F0
:107B60003420043F2A781F4427F0070702B36B78BC
:107B700084F835306B78DBB1AB7884F83630AB788D
:107B8000B3B1EB7884F83730EB788BB12B7984F88C
:107B900038302B7963B16B7984F839306B793BB12C
:107BA000AB7984F83A30AB7913B1EB7984F83B3098
:107BB000089D042D28BF04250026E5626564201D6C
:107BC00084F83B60A66402F031FAC5F1050504F1C2
:107BD000180002F02BFAE66442464946A56124618A
:107BE00084F850606462384600F0F6FF206020465A
:107BF000FFF70AFF2046BDE8F8832046BDE8F8837A
:107C00002DE9F0479600804630460D469946099F7B
:107C1000FEF7CEFF002869D082465420FEF7C8FF49
:107C2000044600285BD00023C0F830A032465046FE
:107C300084F85130A52103F069F82A78236B84F881
:107C40003420043E2A781E4426F0070A02B36B78DB
:107C500084F835306B78DBB1AB7884F83630AB78AC
:107C6000B3B1EB7884F83730EB788BB12B7984F8AB
:107C700038302B7963B16B7984F839306B793BB14B
:107C8000AB7984F83A30AB7913B1EB7984F83B30B7
:107C9000089D042D28BF04250026E5626564201D8B
:107CA00084F83B60A66402F0C1F9C5F1050504F152
:107CB000180002F0BBF9E664A561246184F8506005
:107CC00064624A464146504600F086FF206007B194
:107CD0003C602046FFF798FE0120BDE8F087504643
:107CE000FEF778FF4FF0FF30BDE8F0874FF0FF3030
:107CF000F3E700BF70B504464C4E00F0A9FF002C1E
:107D000039D0251D284602F0BFF9A36A1BB104F142
:107D1000180002F0B9F929464548464D02F08AF9A3
:107D200094F85030012B04BF002384F8503000F049
:107D300099FF2B6893B93368A34200D070BD2B68BC
:107D4000DBB93B493C4A09681268914226D03B4B5B
:107D50001B682BB33A4B01221A6070BD00F078FF0C
:107D6000384B1A68126892B9374B4FF0FF321A60DD
:107D700000F078FFDFE73468C3E7344B4FF0805200
:107D80005A6040BFBFF34F8FBFF36F8F70BD1A684B
:107D90002D4BD268D26852681A60E9E7336070BD33
:107DA000274A13603268336812681B6B9A4236D9CF
:107DB000274C284922689300981880000858E0B999
:107DC000551EAB0058198000085830BB951EAB00FB
:107DD00058198000085800BBD51EAB005819800008
:107DE0000858D0B9151FAB00581980000858A0B921
:107DF000053A930098188000085813449B00CD184A
:107E000008336868406868600B44984204BF406863
:107E10006860C3683360226070BD2A46EDE7306851
:107E20003168343101F094FEC2E700BFB4B30020E2
:107E300088B4002084B4002024B4002030B4002092
:107E4000B4B40020B8B3002068B4002000ED00E016
:107E500038B40020C0B3002080B170B51B4D2B6832
:107E600083420AD0044600F0F3FE194B62699A423D
:107E700005D0BDE8704000F0F5BE70BD7047A36A44
:107E8000144A9342F5D0002BF3D1261D304602F060
:107E9000FBF8114AE36A116810488B4288BF1360EF
:107EA00003EB830300EB8300314602F0C3F82B6839
:107EB000E26ADB6A9A42DCD3094B4FF080525A6087
:107EC00040BFBFF34F8FBFF36F8FD2E7B4B3002033
:107ED00088B4002070B4002038B40020C0B3002063
:107EE00000ED00E070B584B0002503AA02A901A846
:107EF000CDE9015501F030FE019C002C46D00298DE
:107F0000002843D0039E20630223B600A5213246F9
:107F100084F8513002F0FAFE236B1F4A6263201D81
:107F200084F83850043E84F83B50E562C4E91155AA
:107F30001E4402F07BF804F1180002F077F826F0F6
:107F400007060523A3612A461449E56430462461E7
:107F5000646284F8505000F03FFE20602046FFF736
:107F600053FD0F4B1C6000F0DBFD012811D14023B5
:107F700083F311880B490C4A0C4B4FF0FF340C6013
:107F800010601D6000F03EFE04B070BD044B002286
:107F90001A6004B070BD00BF49444C458D82030097
:107FA00064B4002068B4002084B40020B0B4002081
:107FB000024A136801331360704700BF30B40020D9
:107FC000014B1868704700BFB0B40020024A136824
:107FD00018441060704700BFB0B400202DE9F04F86
:107FE0003B4B1B6883B0002B42D13A4B1F680137D3
:107FF0001F60002F4AD0384B01931B68BB423BD80F
:10800000364EDFF8EC80DFF8ECA0DFF8EC900025CE
:1080100025E03368DB68DC68636804F1040B9F4289
:10802000584651D302F030F8A36A04F118000BB19E
:1080300002F02AF8E36AD8F8002003EB83009342A9
:1080400059460AEB800088BFC8F8003001F0F2FF03
:10805000D9F80030E26ADB6A9A4228BF012533680A
:108060001B68002BD5D1019A4FF0FF33136004E059
:108070001B4A13680133136000251A4B1B68002B41
:108080000CBF2846012003B0BDE8F08F134E164BFD
:108090003168164A1868306019601368013313603C
:1080A00033681B683BB90C4B01931A464FF0FF3302
:1080B00013601346A1E73368074ADB680192DB6867
:1080C0005B681360134698E7019A1360D5E700BF19
:1080D00030B40020B0B4002068B40020B8B3002051
:1080E0002CB40020B4B40020BCB300206CB4002039
:1080F00038B40020C0B30020B4B300202DE9F0470D
:1081000000F0A6FD354B1A68013A1A601C68002C75
:1081100057D1334B1B68002B53D0DFF8E0A0314E12
:10812000314FDFF8DC90DFF8DC80336813B3F3689D
:10813000DC68251D04F1180001F0A6FF284601F0B7
:10814000A3FFE36A3A6803EB83009342294609EBF5
:10815000800088BF3B6001F06DFFD8F80030E26A14
:10816000DB6A9A424FF00103DFD3CAF8003033686C
:10817000002BDCD13CB11D4B1A6812683ABB1C4B7A
:108180004FF0FF321A601B4D2C6844B10126FFF7F7
:1081900025FF08B1CAF80060013CF8D12C60DAF87C
:1081A000003073B1144B4FF080525A6040BFBFF3A0
:1081B0004F8FBFF36F8F012400F054FD2046BDE8C0
:1081C000F087002400F04EFD2046BDE8F0871A68D5
:1081D000074BD268D26852681A60D4E730B40020E6
:1081E00024B4002070B4002038B40020B8B30020BC
:1081F00068B400202CB4002000ED00E0B4B40020EE
:10820000C0B30020B4B3002070B548B9184B4FF08C
:1082100080525A6040BFBFF34F8FBFF36F8F70BD66
:10822000144A15491368154E013313600D6804464E
:108230003068043001F028FF336864195C600FD2A5
:108240000F4B18683168043101F004FF0D4B1A68B8
:10825000944238BF1C60FFF751FF0028D6D070BD94
:10826000094B18683168043101F0F4FEF3E700BFF0
:1082700000ED00E030B40020B0B40020B4B3002022
:10828000B8B3002068B40020BCB300202DE9F84F3B
:108290003C4E3D4D3D4CDFF80891DFF80881DFF89A
:1082A00008B14FF0805A2368D3B100F0D1FCF368D5
:1082B000DF68381D01F0E8FE2B68013B2B60236866
:1082C000013B236000F0CEFC97F85130002B37D0F3
:1082D000012BE8D13846FEF77DFC2368002BE4D162
:1082E0002B4B1B68012B06D9CBF804A040BFBFF372
:1082F0004F8FBFF36F8F00F041FED9F8003033BBD2
:10830000D8F80030DB6A002BCDD1214B1B68012B44
:10831000C9D8204B204A1B6812689B1A012BC2D96E
:108320001E4A136801331360D9F80030BBB1D8F886
:108330000030DB6A0BB9164B1B68FFF7DFFEB2E7B4
:10834000386BFEF747FC3846FEF744FCABE7D8F83D
:108350000030DB6A002BA6D10D4B1B68A3E7D8F8D1
:108360000030DB6A002BE8D1094B1B68012BE4D8F5
:10837000084B1868084B1B68C01A0128DDD900F0AB
:10838000DDFCDAE79CB4002024B4002028B40020EF
:10839000C0B3002068B40020B0B4002030B4002086
:1083A00038B40020B4B3002000ED00E0274B1B6878
:1083B000002B40D1264A70B5264C136022682368F2
:1083C00012681B6B9A423AD9234D24492A689300BC
:1083D000981880000858E0B9561EB300981980001C
:1083E000085830BB961EB30098198000085800BB8F
:1083F000D61EB300981980000858D0B9161FB300D4
:10840000981980000858A0B9053A93009818800080
:10841000085813449B00CE18083370684068706099
:108420000B44984204BF40687060C36823602A60B0
:1084300070BD3246EDE7064B01221A607047206896
:108440002168343101F084FBBEE700BF30B4002066
:10845000B4B40020B4B3002038B40020C0B300206E
:1084600070B5174D2B680C4603F1180101F0F2FDB1
:10847000144B1E682868043001F006FE631C17D0F8
:108480002B68A4195C600BD20F4B18682968043163
:1084900001F0E0FD0D4B1A68944238BF1C6070BDBE
:1084A0000B4B18682968BDE87040043101F0D2BD5B
:1084B000296808480431BDE8704001F0BBBD00BF29
:1084C000B4B30020B0B40020B8B3002068B40020DA
:1084D000BCB3002088B4002070B5194D2B680C4641
:1084E000164603F1180101F0A5FD164B5EB11B689D
:1084F0002868043001F0C8FD296813480431BDE83C
:10850000704001F097BD1E682868043001F0BCFD82
:108510002B68A4195C600BD20C4B186829680431D5
:1085200001F098FD0A4B1A68944238BF1C6070BD78
:10853000084B18682968BDE87040043101F08ABD15
:10854000B4B30020B0B4002088B40020B8B3002039
:1085500068B40020BCB3002038B5C368DC6804F1FF
:108560001805284601F090FD1A4B1B682BBB251DF2
:10857000284601F089FD184AE36A116817488B42C2
:1085800088BF136003EB8303294600EB830001F0EF
:1085900051FD134BE26A1B68DB6A9A4282BF114BA2
:1085A00001201860104B1A68126898BF00204AB961
:1085B0000E4B4FF0FF321A6038BD29460C4801F0CF
:1085C00039FDE6E71A68094BD268D26852681A602A
:1085D00038BD00BF30B4002038B40020C0B3002044
:1085E000B4B30020B4B40020B8B3002068B40020B5
:1085F00070B40020034A044B12681B68C0E90023D2
:10860000704700BF6CB40020B0B40020F8B50D4630
:10861000044600F01DFB2B681649581C0A6813D04D
:10862000DFF854C0D4E90060DCF80070BE4201D02D
:1086300090421AD9121A93420BD800232B600125BD
:1086400000F010FB2846F8BD002500F00BFB284683
:10865000F8BDDCF800009B1A0A682B60C4E9000230
:10866000002500F0FFFA2846F8BD012500F0FAFACF
:108670002846F8BDB0B400206CB40020014B0122A4
:108680001A607047B4B40020084B186860B9084BF2
:108690001B6853B9074A084B10681B68013B984296
:1086A00014BF0120022070470020704770B40020E2
:1086B000B4B4002088B4002024B40020054B1B680B
:1086C00033B1054B1B68002B0CBF02200020704704
:1086D0000120704784B4002030B4002018B3F8B5EE
:1086E0001C4CC36A2268D26A934214D28269002A5F
:1086F00004DB2268D26AC2F105028261164D42692A
:1087000003EB830305EB83039A420DD02368DB6AF6
:10871000C3620120F8BD2368406CDB6A98422CBF1D
:1087200000200120F8BD7047061D0746304601F0C5
:10873000ABFC2268094BD06A1A68F862904200D9F3
:10874000186000EB800005EB8000314601F072FC00
:108750000120F8BDB4B30020C0B3002038B400201D
:1087600050B138B5C16A836C426C013B914283645D
:1087700000D01BB1002038BD00207047051D044605
:10878000284601F081FC0A4A636C1168E362C3F178
:1087900005008B42A061074888BF136003EB830389
:1087A00000EB8300294601F045FC012038BD00BFE5
:1087B00038B40020C0B3002048B1426CC36A914273
:1087C00038BF11468B4202D0826C012A00D070471C
:1087D000826970B5114DC162002A03EB83034269BF
:1087E000A8BFC1F1050105EB8303A8BF81619A42CF
:1087F00000D070BD061D0446304601F045FC084B14
:10880000E06A1A68904288BF186000EB800005EBB0
:1088100080003146BDE8704001F00CBCC0B30020C0
:1088200038B40020044B1A681AB119688A6C0132F6
:108830008A641868704700BFB4B300202DE9F04F78
:10884000AD4EDFF8C482AD4D89B033681C68002C92
:1088500000F08E80DB681C68FFF7AAFBFFF7B0FB17
:10886000D8F80030984207465DD38442C8F800002B
:1088700040F20B810022E11B2868FFF75FF8FFF749
:108880003DFC88B99E4A4FF08053536040BFBFF310
:108890004F8FBFF36F8F07E0019B039920469847E6
:1088A000009B002B80F23881286800226946FEF781
:1088B000C7FC0028C9D0009B029C002BECDB63693D
:1088C00013B1201D01F0E0FBFFF77AFBD8F8003070
:1088D0009842814643D3009BC8F80090092BE3D807
:1088E000012202FA03F313F4047F69D113F0C70FD6
:1088F00040F0A1809B06D7D594F82C30002BD3D123
:108900002046FEF767F9CFE7DB68DC68D3F800A004
:1089100004F10409484601F0B7FB636A2046984712
:10892000E369012B36D033681A68002AECD1754907
:10893000C8F800700A6832600B60FFF7DFFBB3E72E
:10894000DB68DF68D3F800B007F1040A504601F095
:108950009BFB7B6A38469847FB69012B25D033681F
:108960001A68002AECD167490A6832600B60B2E7E6
:10897000FFF71EFBFFF724FBD8F8003083420746C1
:10898000D1D8604BC8F800701B681A68B2FA82F23E
:10899000520970E7A36953449A45494622D263605D
:1089A0002461306801F056FBBDE7BB695B449B4521
:1089B000514627D27B603F61306801F04BFBCEE728
:1089C000019B246103EB09024A45A36162602CD834
:1089D000002B3FF469AF4B4B211D186801F03AFBA7
:1089E000286862E72B68002B9DD00023CDE9043A6C
:1089F0000694FFF763FE00231A4604A92868FEF7D1
:108A000069F990E72B68002BA9D00023CDE9043B3E
:108A10000697FFF753FE00231A4604A92868FEF7BD
:108A200059F99CE74B4500D998B13068211D01F0F8
:108A300011FB286839E7019BA269246199182CBFB2
:108A40000120002049456160ECD8A9EB03039A425C
:108A5000C1D8636A20469847E369012B7FF424AFAD
:108A6000019BA2692868134400283FF41EAF00222E
:108A7000CDE904230694FFF721FE00231A4604A93A
:108A80002868FEF727F928680FE7FFF737FB3368F8
:108A9000DB68D3F80C9009F1040A504601F0F4FAAF
:108AA000D9F81C30012B04D0D9F824304846984717
:108AB000FAE6D9F81830C9F81090E218BA42C9F8A5
:108AC000042004D95146306801F0C4FAECE73F1B9A
:108AD000BB421BD82B68002BE6D00023CDE9043421
:108AE000CDF81890FFF7EAFD00231A4604A928687C
:108AF000FEF7F0F8D8E700BFB8B400203CB700207C
:108B000000ED00E0BCB40020E8B60020034B514665
:108B1000186801F09FFAC7E7029CD0E6BCB40020B9
:108B2000F0B5204C89B000F093F82568FDB100F055
:108B300099F82068C8B1002407AA06A905A8CDE9BC
:108B4000054401F017F8DDE905300221CDE90010F8
:108B5000079A0293144915482346FEF7E7FF144A83
:108B60000346001B18BF0120136009B0F0BD114F70
:108B7000114E384601F04EFA304601F04BFA0F4ADA
:108B80000F4900950F4B17600E600F4A10212020EF
:108B9000FEF72EF820600028C9D00C49FEF7BCFE75
:108BA000C5E700BF3CB7002000F003003D8803008C
:108BB00040B70020C0B60020D4B60020B8B40020D2
:108BC000BCB40020ECB60020C0B40020F8EF0300D5
:108BD000402383F31188FEE730B46FF002034FF0B7
:108BE0008075074C40F8045C40F80C4C40F8081CB9
:108BF00040F8202C40F8243C30BC4438704700BF7B
:108C0000D18B03000F4C08B5E02384F8223000F02C
:108C100077F80D4B0D4A00211960D4F8883043F4E1
:108C20007003C4F88830536843F0404353602369AD
:108C300043F01003236100F04FF9402383F31188C0
:108C4000FEE700BF00ED00E044B7002030EF00E099
:108C5000402383F31188024A13680133136070477D
:108C600044B70020034A1368013B13600BB983F338
:108C70001188704744B7002041DF704712DF70470A
:108C800070B51B4B00251D6082B01B680193019BD2
:108C9000EFF31186402383F31188164A164BD2F85E
:108CA00004451D601B680093009BFFF789F9241A97
:108CB00024F07F44012C0DD844B1FFF78FF905460D
:108CC00025B10E4B4FF080525A6040BF86F3118899
:108CD00002B070BDFFF7F2FC0228EED1013CFFF7B5
:108CE0007DF9013C631C45EA0005F8D1E8E700BFC7
:108CF00040110140001001400011014000ED00E072
:108D00000B4B0C4930B41F200B4DC3F80805012252
:108D10000224E020C3F804232A601A60C3F8444305
:108D200081F811034FF400330B6030BC704700BF73
:108D30000010014000E100E0081001402DE9F04181
:108D4000804684B0EFF3108272B6584CA36883B9A2
:108D5000574B58480121A160D3F880100140216091
:108D6000C3F88000D3F8841061604FF0FF31C3F87E
:108D7000841002B962B6504ED6F80475FFF784FC31
:108D800000283DD04D4A4E49424528BF4246BB18B7
:108D900023F07F4301200025C6F80803C6F84035BC
:108DA0000D600B6801934FF480330199C6F80433CA
:108DB000BFF34F8FB8F1000F54D13F4B404D4149A5
:108DC0004FF48030C3F80803002028602D68039515
:108DD000039D08600968029101210298C3F80413F9
:108DE000D3F804353249DB1B23F07F45954228BF79
:108DF00015464FF40033012DC1F8803111D827D02A
:108E0000A3685BB1EFF3108372B6294A2168116041
:108E1000616851600022A26003B962B604B0BDE887
:108E2000F081681EFFF7D2F8274BDB68DA010FD517
:108E3000264A1368DB070BD5254B516803FB05F564
:108E4000A5F57425A5F51075AD0A01EB85155560DE
:108E5000FFF7C4F80028D3D01E4B4FF080525A6061
:108E600040BFCDE7F1EE103A23F09F03E1EE103A58
:108E7000F1EE103A0E4B04A84FF480614026C3F87F
:108E80008461C3F8841100F8045DFFF7F7FE9DF8D4
:108E90000C1039B920BFD3F80001D3F804110143F5
:108EA000F8D08AE7FFF7E8FE87E700BF0CBE002096
:108EB00000E100E0FC06FFBD00100140FDFFFF00E7
:108EC0004011014000110140F0ED00E0001000E011
:108ED00040420F0000ED00E00748006880F308887A
:108EE00062B661B6BFF34F8FBFF36F8F4FF0E000F4
:108EF00080F3118800DF00BF00600200064B196894
:108F00000868B0E8F04F80F30988BFF36F8F4FF027
:108F1000000080F311887047B4B30020EFF309809C
:108F2000BFF36F8F144B1A681EF0100F08BF20EDAF
:108F3000108A20E9F04F10604DF8043D4FF04000DA
:108F400080F31188BFF34F8FBFF36F8FFFF72EFAB7
:108F50004FF0000080F3118808BC19680868B0E879
:108F6000F04F1EF0100F08BFB0EC108A80F3098894
:108F7000BFF36F8F704700BFB4B30020704700BFCE
:108F8000002942D0931E222B3FD8F0B50A2A8BB07D
:108F900035D04FF0000E01AF3B4688B1B0FBF2F682
:108FA00002FB16055FFA85FC092D0CF1570498BFEA
:108FB0000CF13004E4B2304603F8014B0028EDD147
:108FC000302201E003F8012BBB42FBD0BEF1000FC1
:108FD00011D10D46BB4209D9681E1A4612F8014D3F
:108FE00000F8014FBA42F9D19B1A1D4400230846EC
:108FF0002B700BB0F0BD2D220A704D1CEAE7002843
:10900000C7DA40424FF0010EC5E70020704700BFAD
:1090100079B3931E222B2CD8F0B48AB001AF3C4612
:1090200070B1B0FBF2F602FB1605EBB2092D94BF4E
:1090300030335733DBB2304604F8013B0028F0D11F
:10904000302301E004F8013BBC42FBD00FD94A1E9B
:10905000234613F8010D02F8010FBB42F9D1E41ABF
:109060000C440023084623700AB0F0BC70470C463D
:10907000F7E70020704700BF79B3931E222B2CD84E
:10908000F0B48AB001AF3C4670B1B0FBF2F602FB1F
:109090001605EBB2092D94BF30335733DBB230469F
:1090A00004F8013B0028F0D1302301E004F8013B33
:1090B000BC42FBD00FD94A1E234613F8010D02F81B
:1090C000010FBB42F9D1E41A0C4400230846237077
:1090D0000AB0F0BC70470C46F7E70020704700BFAD
:1090E0000A490B4A0B4B9B1A03DD043BC858D0506E
:1090F000FBDC094809494FF0AD3202600430043905
:10910000FBD100F037FCEDF7A3F8000028F30300D3
:10911000006000203863002000F8032000080000F1
:10912000FEE7FEE7FEE7FEE7FEE7FEE7FEE7FEE717
:10913000FEE7FEE708B50020EDF7C4F8F8F7A0FD5C
:109140000E4B43B10E4B7BB1F9F70AFB00F0F0FC7C
:10915000FCF7F0FFF8E7F9F703FB00F0E9FCF9F79B
:10916000FFFA00F0E5FCF6E7F9F7FAFA00F0E0FCA8
:10917000F9F7F6FA00F0DCFCF6E700BF00000000AB
:109180003561030000B583B000F03EFEFCF7D2FA73
:109190000E4B019301234FF480620D4900930D485B
:1091A0000023FEF72DFD4FF4407000F0E1FDFEF7C7
:1091B00099FEBFF34F8F0849084BCA6802F4E0627A
:1091C0001343CB60BFF34F8F00BFFDE748B70020CC
:1091D00008F003003591030000ED00E00400FA05FB
:1091E00038B507480C461546EDF7F6F900B938BD15
:1091F0002A4621460248BDE83840EDF7C5B800BF11
:1092000054630020114B1A78EAB90178104810B461
:109210000A464FF0804402F00102C1F34001C4F855
:109220008015C4F878250268D20706D4E02101220F
:1092300080F80013C0F880210260012205481A70EE
:109240005DF8044B70470448704700BF08BE00201B
:1092500000E100E00000AD0B0C00AD0B0268074B15
:109260004FF0804010B400214FF46074C0F8084300
:10927000196002B11A605DF8044B704754B70020C2
:109280004FF080434FF46072C3F80423704700BF6F
:1092900010B54FF0804386B0D3F80443620705D57C
:1092A000D3F8082103F58473002A4ED1A30603D511
:1092B0002A4B1A68002A3FD1600603D5284B1A684A
:1092C000002A2FD1210602D5264B1A680ABBE205D7
:1092D00002D5254B1A6892B9A3050ED5234B1A68FF
:1092E0005AB100221A601A68214B0592059A1B6830
:1092F000022006B0BDE81040184706B010BD00229D
:109300001A601B4A1B68049301201368049A98474B
:10931000E2E700201860164A1B6803931368039A5B
:109320009847D4E700221A60124A1B680293012072
:109330001368029A9847C5E7002018600D4A1B6819
:1093400001931368019A9847B6E700221A600A4A07
:109350001B6800931368009A9847A7E71401004020
:10936000180100401C010040200100402401004081
:1093700054B7002050B700204CB700202DE9F04F23
:1093800004799D4DE6003719BF0005EB070E83B049
:109390009EF81CC0BCF1000F40F0E58091F80CC0B5
:1093A0000068EA51CEF80430BCF1010F0B7840F2AE
:1093B000DE801F2B87BF03F01F08DFF840E29846CE
:1093C0004FF0A04E012707FA08F7CEF808751F2BBB
:1093D0008BBF03F01F071F46DFF820E24FF0A04EBF
:1093E00007F5E0774FF001084EF827804F78FF2F00
:1093F00000F0E9801F2F8ABF07F01F09B946DFF888
:10940000FC81009798BF4FF0A04809F5E07A4FF033
:10941000010E0EFA09FE4FF00309C8F80CE548F8F2
:109420002A9091F802E0BEF1FF0F00F0D580BEF166
:109430001F0F91F80EA088BFDFF8C0B1CDF804E08F
:109440008EBF0EF01F08F0464FF0A04B08F5E078F5
:109450004FEA8A0A4BF828A006EB040805EB8808B7
:1094600088F820E091F803E088F81FE0BEF1FF0FD4
:109470002AD091F80490F046B9F1000F40F08680B0
:10948000BEF11F0F87BF0EF01F0B5C4FF3464FF06E
:10949000A0474FF0010A0AFA0BFAC7F808A5BEF177
:1094A0001F0F86BF0EF01F08DFF850A14FF0A04A33
:1094B00008F5E07806EB040E4FF0030B05EB8E0E7B
:1094C0004AF828B08EF81E9091F80DE0C0F80835E3
:1094D000009BD1F80880C0F80C351EF1000318BFBE
:1094E0000123019FC0F81075BCF1020FC0F824855C
:1094F0007FD0BCF1030F79D0BCF1010F56D0C0F87A
:1095000054358B79C0F8C035002A58D04022072343
:10951000C0F80423C0F800354A79000B43B2520169
:10952000002BD1B2C0B25BDB5A09920002F160425B
:1095300003F16043012702F5614203F5614300F046
:109540001F0007FA00F083F80013C2F880011060D2
:10955000344405EB84052A48002201236A772B77DF
:1095600003B0BDE8F08F274803B0BDE8F08F1F2B94
:1095700087BF03F01F08DFF884E098464FF0A04E45
:10958000012707FA08F7CEF80C7520E7BEF11F0F88
:1095900087BF0EF01F0B194FF3464FF0A0474FF057
:1095A000010A0AFA0BFAC7F80CA578E743F00203A0
:1095B000C0F854358B79C0F8C035002AA6D10723EE
:1095C000C0F80035C4E791F802E04FF0FF37BEF174
:1095D000FF0F00977FF42BAF4FF0FF3701973BE76A
:1095E000094B00F00F0003441976B1E743F006037E
:1095F00085E743F0040382E758B7002000030050DA
:109600000000AD0B0500AD0BFCEC00E0F0B40479FC
:10961000294A0368E1000D19AD005659EEB11F0B40
:109620007EB2002E11DB760920360123DFF89CC0C4
:1096300007F01F0703FA07F74CF82670BFF34F8FA8
:10964000BFF36F8F555903683DB1081902EB8000D5
:109650001A4DC3F80853407F10BB081902EB800075
:1096600090F82000FF280BD01F288ABF00F01F00B1
:109670004FF0A045124D00F5E070022645F820603D
:10968000104800258342C3F8005502D10E4B01203B
:109690001860214402EB810200231377F0BC70476D
:1096A00001205861D3F804010028FBD0081902EB0F
:1096B000800000254577D0E758B700205201080008
:1096C0000003005000F0024004F0024000E100E01E
:1096D0002DE9F04F0479644F4FEAC40C0CEB0403FE
:1096E0009B008646F8180E46417F83B0002940F063
:1096F000918057F803909046B9F1000F04D012F012
:10970000140F04BF012343770CEB040507EB850519
:1097100096E80F0095F81FA005F10C0BBAF1FF0FAA
:109720008BE80F0010D0AA7F5346002A76D0BAF1FA
:109730001F0F86BF0AF01F034C494FF0A0410122C2
:1097400002FA03F3C1F8083532686AB102F06043E7
:10975000B3F1005F08D0644407EB8407002344485A
:109760007B7703B0BDE8F08FB16821B101F06043B1
:10977000B3F1005FEFD1DEF800307568F068C3F830
:1097800044250022C3F84855C3F83415C3F83805FA
:10979000C3F81821D3F818210192019A18F0010298
:1097A00018BF0122C3F8502518F0020218BF012289
:1097B00018F0080FC3F8402504BF01221A61B9F15F
:1097C000000F0BD02B48402218F0040F14BFC3F831
:1097D0000823C3F8042303B0BDE8F08FD3F81821A1
:1097E000002AFBD0BAF1FF0F2CD0644407EB8407AA
:1097F000BB7F4BB3BAF11F0F84BF0AF01F0A1B4A8D
:109800001C4898BF4FF0A042012303FA0AF3C2F8A4
:109810000C35A6E7184803B0BDE8F08FBAF11F0F6A
:109820004FF0010288BF0AF01F0302FA03F388BF5A
:109830000E49326898BF4FF0A041C1F80C35002A9C
:1098400084D191E70B488CE7BAF11F0F84BF0AF06F
:109850001F0A064A074898BF4FF0A042012303FAA7
:109860000AF3C2F808357CE758B70020000300501F
:109870000A00AD0B0000AD0B0B00AD0B194BD3F87C
:10988000182102B970470021174AC3F81811D3F8FC
:109890001811D37F82B0FF2B019101990DD0917FD8
:1098A00099B11F2B86BF03F01F0310484FF0A04053
:1098B000012101FA03F3C0F80C350023537713722A
:1098C000D2E900310A4802B018471F2B86BF03F0C7
:1098D0001F0306484FF0A040012101FA03F3C0F82E
:1098E0000835EAE70030024058B700200003005076
:1098F00060B700201B4BD3F8182102B97047002134
:10990000194AC3F81811D3F8181192F8433082B0ED
:10991000FF2B019101990ED092F84210A9B11F2B93
:1099200086BF03F01F0311484FF0A040012101FA48
:1099300003F3C0F80C35002382F8413082F82C3054
:10994000D2E909310A4802B018471F2B86BF03F03D
:109950001F0306484FF0A040012101FA03F3C0F8AD
:109960000835E8E700F0024058B700200003005037
:1099700084B70020604B1B6830B45C1C37D05F4A52
:10998000082B126800F08F805B4B5C4A1B681268E2
:10999000082B15D0591C23D0584A1268082B12D016
:1099A000574AD2F8883043F47003C2F88830BFF3C6
:1099B0004F8FBFF36F8F534B534A1A6030BC7047C1
:1099C000002A00F08280032AEAD84FF08043D3F8BF
:1099D0000024D20744BF6FF00102C3F80024DFE780
:1099E0004A4A4B4B12681B78C2F30312D6E7484A27
:1099F000464B12781B68082AC3F3031301D1032BCB
:109A000053D9424A424B12681B78C2F30312082B07
:109A1000BAD1032AB8D84FF080523E4BD2F8041482
:109A2000C3F82015D2F80814C3F82415D2F80C1482
:109A3000C3F82815D2F81014C3F82C15D2F8141452
:109A4000C3F83015D2F81814C3F83415D2F81C1422
:109A5000C3F84015D2F82014C3F84415D2F82414E2
:109A6000C3F84815D2F82814C3F84C15D2F82C14B2
:109A7000C3F85015D2F83014C3F85415D2F8341482
:109A8000C3F86015D2F83814C3F86415D2F83C1442
:109A9000C3F86815D2F84014C3F86C15D2F8442402
:109AA000C3F8702570E7032A0CD8134B1B684FF0DE
:109AB00080420021581CC2F80C11C2F81011C2F8E3
:109AC00038159ED00D4A1268A1E7134C1349144D66
:109AD00025601448144AFB24C1F81845016812682F
:109AE000124C21F00F0102F00F020A434FF40071F3
:109AF0000260216050E700BF300100103401001007
:109B000000ED00E0446100200090D003E80F00F079
:109B1000E00F00F000C000408C56004000F0004014
:109B200048810300E40E00405802001040960240B5
:109B300008B5ECF7CDFB054B4FF080525A6040BFA3
:109B4000BFF34F8FBFF36F8F08BD00BF00ED00E084
:109B5000704700BF704700BF044B036010B464231C
:109B6000034C0C6013605DF8044B7047A0B70020F5
:109B7000F4B70020054B036010B44FF48073044C1D
:109B80000C6013605DF8044B704700BF84B900207F
:109B9000D8B9002070B51F4C84B04FF0FF3203A934
:109BA0002068FDF74DFB0028F7D00398037A45683D
:109BB000052B0DD8DFE803F0272A221C1503D0E976
:109BC0000361D0E90523C06900903046A847039897
:109BD00003681BB11846FCF7B9FF0398FCF7B6FF02
:109BE000DBE7D0E90523D0E90301A8470398EFE7B5
:109BF000D0E90412C068A8470398E9E7D0E9030157
:109C0000A8470398E4E7A8470398E1E7C068A84796
:109C10000398DDE7DCBD00202DE9F0432D4B2E4CF1
:109C20005B6885B0C3F30803019001AF2068002B87
:109C300044D0002339461A46FDF75CFA01283AD091
:109C4000DFF89880D8F80000002240000421FCF7DB
:109C5000FFFF064678B3DFF88890D9F80000FEF7DA
:109C600049F8FEF7F5FF02E03046FDF733F8002231
:109C700003A92068FDF7E4FA00230546642203A93E
:109C80000028F1D12068FDF723FE2660FEF7EAFFE9
:109C9000D9F80000FEF7E0F8D8F800300D4A206847
:109CA0005B00C8F800305368C3F30803394653B962
:109CB0006422FDF70FF805B0BDE8F0833946642251
:109CC000FDF708F8BAE72B462A46FDF713FA05B068
:109CD000BDE8F08300ED00E0DCBD0020D8BD002031
:109CE000E0BD00202DE9F8439DF8205006460F46C0
:109CF00091469846CDB1A8000C30FCF70DFF044604
:109D000088B10023C0F804900572036006B177B9EA
:109D10002DB1AA00414604F10C0000F0D3FF20460B
:109D2000FFF77AFF0120BDE8F8831020E5E7384609
:109D3000FCF7F2FE81462060A0B13A46314600F0C1
:109D4000C1FF002DEBD0691EC9B208EB8101A8F15B
:109D5000040353F8042FB24208BFC3F8009099429D
:109D6000F7D1D6E72046FCF7F1FE4846DBE700BF17
:109D700030B540230B4D83B0044600221846042121
:109D80002B60FCF765FF084B084918600223CDE9FA
:109D90000031A2B2002306490648FDF731FF03B0A7
:109DA00030BD00BFD8BD0020DCBD0020E0BD0020DC
:109DB00010F00300959B030011DF704708B50446BF
:109DC000FFF7FAFF0D4B4FF080414FF0FF32C3F821
:109DD0008020C3F88021C3F88420C3F88421C1F80F
:109DE0001C45BFF34F8F0649064BCA6802F4E06278
:109DF0001343CB60BFF34F8F00BFFDE700E100E0EE
:109E000000ED00E00400FA054FF08043194AD3F852
:109E10000014194830B41160D3F80054D3F800246A
:109E2000164C17492A43C3F80024D4F84025026091
:109E3000002401224FF40030C3F818459A60C1F89D
:109E40008000BFF34F8FBFF36F8F0E4C03F5883345
:109E50004FF0A0454FF480304FF0FF31C3F8480376
:109E6000C3F808035A609A60C5F80815C4F80815C5
:109E700030BC7047E4BD0020E8BD002000A00040D9
:109E800000E100E00003005008B54E20FFF796FF08
:109E900016281BD83C4B53F820301F2B86BF03F0ED
:109EA0001F033A4A4FF0A0420E290FD8DFE801F015
:109EB000655F59534D474039322B241D160F08005A
:109EC00003F5E07340F2037142F82310704703F585
:109ED000E07340F2036142F82310704703F5E0732A
:109EE00040F2035142F82310704703F5E07340F24B
:109EF000034142F82310704703F5E07340F2033149
:109F000042F82310704703F5E07340F2032142F852
:109F10002310704703F5E07340F2031142F8231059
:109F2000704703F5E0734FF4403142F82310704757
:109F300003F5E0734FF4003142F82310704703F546
:109F4000E073134942F82310704703F5E073114999
:109F500042F82310704703F5E073042142F8231000
:109F6000704703F5E0730C2142F82310704703F5A6
:109F7000E073032142F82310704703F5E0730021DA
:109F800042F82310704700BF64EF03000003005045
:109F9000040002000C000300162811D80A4B53F8E5
:109FA00020301F2B88BF03F01F034FF001028CBF2E
:109FB00006484FF0A04002FA03F311B1C0F808358B
:109FC0007047C0F80C35704764EF03000003005081
:109FD000162818D80D4B53F820201F2A8ABF0C4989
:109FE0004FF0A04102F01F02D1F814050123934065
:109FF000034214BFD1F80425D1F81025134214BF31
:10A000000120002070470020704700BF64EF03006C
:10A010000003005000F108034FF0FF31002281607F
:10A0200002604360C0E90333704700BF002303614F
:10A03000704700BF4368026810B49C688C609C68DD
:10A040004B600132616099605DF8044B0861026009
:10A05000704700BF30B40D686B1C11D000F10802CE
:10A0600000E01A4653681C68AC42FAD904684B6099
:10A07000013499608A6051600861046030BC7047A7
:10A0800002695368F2E700BF42688168036910B44F
:10A09000916081685C684A601A68844208BF5960B0
:10A0A000013A002101611A6018685DF8044B70479D
:10A0B0000B460146184600F071BD000081F00041DA
:10A0C00002E000BF83F0004330B54FEA41044FEA9D
:10A0D000430594EA050F08BF90EA020F1FBF54EA38
:10A0E000000C55EA020C7FEA645C7FEA655C00F0D4
:10A0F000E2804FEA5454D4EB5555B8BF6D420CDDA5
:10A100002C4480EA020281EA030382EA000083EA27
:10A11000010180EA020281EA0303362D88BF30BDC7
:10A1200011F0004F4FEA01314FF4801C4CEA11311D
:10A1300002D0404261EB410113F0004F4FEA03337C
:10A140004CEA133302D0524263EB430394EA050F07
:10A1500000F0A780A4F10104D5F1200E0DDB02FA76
:10A160000EFC22FA05F2801841F1000103FA0EF20A
:10A17000801843FA05F359410EE0A5F120050EF1D0
:10A18000200E012A03FA0EFC28BF4CF0020C43FA01
:10A1900005F3C01851EBE37101F0004507D54FF00E
:10A1A000000EDCF1000C7EEB00006EEB0101B1F55E
:10A1B000801F1BD3B1F5001F0CD349085FEA3000A4
:10A1C0004FEA3C0C04F101044FEA445212F5800FAF
:10A1D00080F09A80BCF1004F08BF5FEA500C50F14C
:10A1E000000041EB045141EA050130BD5FEA4C0C2F
:10A1F000404141EB010111F4801FA4F10104E9D1B8
:10A2000091F0000F04BF01460020B1FA81F308BFAE
:10A210002033A3F10B03B3F120020CDA0C3208DD7A
:10A2200002F1140CC2F10C0201FA0CF021FA02F155
:10A230000CE002F11402D8BFC2F1200C01FA02F1C5
:10A2400020FA0CFCDCBF41EA0C019040E41AA2BFEA
:10A2500001EB0451294330BD6FEA04041F3C1CDAB2
:10A260000C340EDC04F11404C4F1200220FA04F0D2
:10A2700001FA02F340EA030021FA04F345EA03017C
:10A2800030BDC4F10C04C4F1200220FA02F001FA3E
:10A2900004F340EA0300294630BD21FA04F02946C0
:10A2A00030BD94F0000F83F4801306BF81F4801159
:10A2B0000134013D4EE77FEA645C18BF7FEA655CCC
:10A2C00029D094EA050F08BF90EA020F05D054EA9E
:10A2D000000C04BF1946104630BD91EA030F1EBFA3
:10A2E0000021002030BD5FEA545C05D140004941A7
:10A2F00028BF41F0004130BD14F580043CBF01F59A
:10A30000801130BD01F0004545F0FE4141F470017F
:10A310004FF0000030BD7FEA645C1ABF194610465A
:10A320007FEA655C1CBF0B46024650EA013406BF5B
:10A3300052EA033591EA030F41F4002130BD00BF1A
:10A3400090F0000F04BF0021704730B54FF48064D7
:10A3500004F132044FF000054FF0000150E700BF58
:10A3600090F0000F04BF0021704730B54FF48064B7
:10A3700004F1320410F0004548BF40424FF00001A4
:10A380003EE700BF42004FEAE2014FEA31014FEAE7
:10A3900002701FBF12F07F4393F07F4F81F0605136
:10A3A000704732F07F4208BF704793F07F4F04BF81
:10A3B00041F40021704730B54FF4607401F000455E
:10A3C00021F000411CE700BF50EA010208BF7047BE
:10A3D00030B54FF000050AE050EA010208BF7047AF
:10A3E00030B511F0004502D5404261EB41014FF418
:10A3F000806404F132045FEA915C3FF4D8AE4FF020
:10A4000003025FEADC0C18BF03325FEADC0C18BF02
:10A41000033202EBDC02C2F1200300FA03FC20FA53
:10A4200002F001FA03FE40EA0E0021FA02F11444A0
:10A43000BDE600BF70B54FF0FF0C4CF4E06C1CEAB9
:10A4400011541DBF1CEA135594EA0C0F95EA0C0F2A
:10A4500000F0DEF82C4481EA030621EA4C5123EA9D
:10A460004C5350EA013518BF52EA033541F48011CC
:10A4700043F4801338D0A0FB02CE4FF00005E1FB7F
:10A4800002E506F00042E0FB03E54FF00006E1FBC9
:10A4900003569CF0000F18BF4EF0010EA4F1FF040C
:10A4A000B6F5007F64F5407404D25FEA4E0E6D414C
:10A4B00046EB060642EAC62141EA55514FEAC5205D
:10A4C00040EA5E504FEACE2EB4F1FD0C88BFBCF5D9
:10A4D000E06F1ED8BEF1004F08BF5FEA500E50F18A
:10A4E000000041EB045170BD06F0004646EA010150
:10A4F00040EA020081EA0301B4EB5C04C2BFD4EB82
:10A500000C0541EA045170BD41F480114FF0000E7A
:10A51000013C00F3AB8014F1360FDEBF002001F0E8
:10A52000004170BDC4F10004203C35DA0C341BDC62
:10A5300004F11404C4F1200500FA05F320FA04F034
:10A5400001FA05F240EA020001F0004221F0004168
:10A5500010EBD37021FA04F642EB06015EEA430EDB
:10A5600008BF20EAD37070BDC4F10C04C4F120050B
:10A5700000FA04F320FA05F001FA04F240EA0200BE
:10A5800001F0004110EBD37041F100015EEA430E8F
:10A5900008BF20EAD37070BDC4F1200500FA05F2AF
:10A5A0004EEA020E20FA04F301FA05F243EA02032E
:10A5B00021FA04F001F0004121FA04F220EA02003D
:10A5C00000EBD3705EEA430E08BF20EAD37070BD83
:10A5D00094F0000F0FD101F00046400041EB010163
:10A5E00011F4801F08BF013CF7D041EA060195F045
:10A5F000000F18BF704703F00046520043EB0303FF
:10A6000013F4801F08BF013DF7D043EA06037047EB
:10A6100094EA0C0F0CEA135518BF95EA0C0F0CD0F6
:10A6200050EA410618BF52EA4306D1D181EA03013C
:10A6300001F000414FF0000070BD50EA410606BF36
:10A640001046194652EA430619D094EA0C0F02D17B
:10A6500050EA013613D195EA0C0F05D152EA0336C0
:10A660001CBF104619460AD181EA030101F00041DE
:10A6700041F0FE4141F470014FF0000070BD41F027
:10A68000FE4141F4780170BD70B54FF0FF0C4CF401
:10A69000E06C1CEA11541DBF1CEA135594EA0C0F20
:10A6A00095EA0C0F00F0A7F8A4EB050481EA030E6D
:10A6B00052EA03354FEA013100F088804FEA033354
:10A6C0004FF0805545EA131343EA12634FEA022222
:10A6D00045EA111545EA10654FEA00260EF00041E3
:10A6E0009D4208BF964244F1FD0404F5407402D235
:10A6F0005B084FEA3202B61A65EB03055B084FEAC6
:10A7000032024FF480104FF4002CB6EB020E75EBC2
:10A71000030E22BFB61A754640EA0C005B084FEAEA
:10A720003202B6EB020E75EB030E22BFB61A754667
:10A7300040EA5C005B084FEA3202B6EB020E75EBB2
:10A74000030E22BFB61A754640EA9C005B084FEA2A
:10A750003202B6EB020E75EB030E22BFB61A754637
:10A7600040EADC0055EA060E18D04FEA051545EA26
:10A7700016754FEA06164FEAC30343EA52734FEACF
:10A78000C2025FEA1C1CC0D111F4801F0BD141EA48
:10A7900000014FF000004FF0004CB6E711F4801FAD
:10A7A00004BF01430020B4F1FD0C88BFBCF5E06F8D
:10A7B0003FF6AFAEB5EB030C04BFB6EB020C5FEA9D
:10A7C000500C50F1000041EB045170BD0EF0004EF2
:10A7D0004EEA113114EB5C04C2BFD4EB0C0541EA24
:10A7E000045170BD41F480114FF0000E013C90E621
:10A7F00045EA060E8DE60CEA135594EA0C0F08BFE5
:10A8000095EA0C0F3FF43BAF94EA0C0F0AD150EAE3
:10A8100001347FF434AF95EA0C0F7FF425AF104676
:10A8200019462CE795EA0C0F06D152EA03353FF49E
:10A83000FDAE1046194622E750EA410618BF52EA1B
:10A8400043067FF4C5AE50EA41047FF40DAF52EAEF
:10A8500043057FF4EBAE12E753B94AB9002908BFAC
:10A8600000281CBF4FF0FF314FF0FF3000F072B9ED
:10A87000ADF1080C6DE904CE00F006F8DDF804E057
:10A88000DDE9022304B070472DE9F047089E044635
:10A890008846002B4BD18A42154667D9B2FA82F21C
:10A8A0004AB1C2F1200701FA02F320FA07F79540F6
:10A8B00047EA030894404FEA154E230CB8FBFEF715
:10A8C0001FFA85FC0EFB178843EA084307FB0CF1CF
:10A8D000994209D9EB1807F1FF3080F01B819942AA
:10A8E00040F21881023F2B445B1AA4B2B3FBFEF086
:10A8F0000EFB103344EA034400FB0CFCA44509D9C9
:10A900002C1900F1FF3380F00781A44540F2048147
:10A9100002382C4440EA0740A4EB0C0400271EB187
:10A92000D4400023C6E900433946BDE8F0878B4296
:10A9300009D9002E00F0EB800027C6E90001384657
:10A940003946BDE8F087B3FA83F7002F47D18B4231
:10A9500002D3824200F2FA80841A61EB03030120E1
:10A960009846002EE0D0C6E90048DDE702B9FFDED8
:10A97000B2FA82F2002A40F08F80491B4FEA154E4E
:10A980001FFA85F80127B1FBFEFC230C0EFB1C11FE
:10A9900043EA014308FB0CF1994207D9EB180CF18B
:10A9A000FF3002D2994200F2CD808446591AA3B2F8
:10A9B000B1FBFEF00EFB101443EA044408FB00F860
:10A9C000A04507D92C1900F1FF3302D2A04500F2AF
:10A9D000B6801846A4EB080440EA0C409FE7C7F194
:10A9E000200CBB4022FA0CFE4EEA030E01FA07F4DB
:10A9F00020FA0CF521FA0CF34FEA1E482543B3FB6D
:10AA0000F8F92C0C08FB19331FFA8EFA44EA0343B9
:10AA100009FB0AF49C4202FA07F200FA07F10BD98B
:10AA20001EEB030309F1FF3080F087809C4240F267
:10AA30008480A9F1020973441B1BADB2B3FBF8F08B
:10AA400008FB103345EA034400FB0AFAA24508D983
:10AA50001EEB040400F1FF336BD2A24569D9023822
:10AA6000744440EA0940A0FB0289A4EB0A044C4567
:10AA7000C2464B4654D351D0002E69D0B1EB0A05E3
:10AA800064EB030404FA0CFCFD40FC404CEA0505B1
:10AA9000C6E90054002747E7C2F1200320FA03F774
:10AAA000954001FA02F021FA03F34FEA154E3843BC
:10AAB000010CB3FBFEF71FFA85F80EFB173341EAD2
:10AAC000034107FB08F38B4204FA02F407D9691823
:10AAD00007F1FF3C2FD28B422DD9023F2944CB1ADC
:10AAE00081B2B3FBFEF00EFB103341EA034100FBE1
:10AAF00008F38B4207D9691800F1FF3C17D28B424B
:10AB000015D902382944C91A40EA07473BE73746B6
:10AB1000304609E70746E7E61846FBE64145ABD273
:10AB2000B8EB020A69EB0E0201381346A4E760464F
:10AB3000E9E7184695E76746D1E781467CE70238A2
:10AB40002C4447E7ACF1020C2B442FE7384608E7CA
:10AB50003746E9E6704700BF1FB51C46094B1B6826
:10AB60000546D86852B1084B0091CDE9013207493A
:10AB70002B46224600F034F801F08EF9044B1A46B9
:10AB8000F2E700BF486100201CF0030029F0030039
:10AB900057F003000A22002101F03EB810B5054C21
:10ABA00013462CB10A4601460220AFF3008010BDC7
:10ABB0002046FCE70000000008B5074B044613B12F
:10ABC0000021AFF30080054B1868836A03B19847F2
:10ABD000204603F045F800BF0000000058F00300D5
:10ABE0000EB403B5014603AB054853F8042B0068C7
:10ABF000019300F073F902B05DF804EB03B0704705
:10AC00004861002070B50D4E0D4CA41BA41000250A
:10AC1000A54209D10B4E0C4C03F024F8A41BA41040
:10AC20000025A54205D170BD56F82530984701355D
:10AC3000EEE756F8253098470135F2E71863002013
:10AC400018630020186300203463002010B5044608
:10AC500000F008F82044407800F0080010BDD0F85B
:10AC6000EC007047044B054A1B681B6A002B08BFA9
:10AC70001346D3F8EC00704748610020AC61002017
:10AC8000024B0146186800F0A5B800BF48610020DB
:10AC9000024B0146186800F04FB800BF4861002021
:10ACA00082B001B901A942B14BB113780B6012789F
:10ACB000101C18BF012002B070471046FBE76FF070
:10ACC0000100F8E710B5431E0A44914200D110BDBF
:10ACD00011F8014B03F8014FF7E7884210B501EB7B
:10ACE000020307D8421E99420AD011F8014B02F81C
:10ACF000014FF8E78342F5D98118D21AD34200D127
:10AD000010BD13F8014D01F8014DF7E70244034669
:10AD1000934200D1704703F8011BF9E738B502FBF5
:10AD200001F4214600F056F8054618B122460021EC
:10AD3000FFF7ECFF284638BD38B50546002945D059
:10AD400051F8043C0C1F002BB8BFE41802F030F996
:10AD50001F4A1368104633B9636014602846BDE883
:10AD6000384002F026B9A3420CD9216862189342F8
:10AD700004BF1A685B68636004BF521822600460F5
:10AD8000ECE713465A680AB1A242FAD91968581872
:10AD9000A0420BD120680144581882421960DDD1CD
:10ADA000106852685A6001441960D7E702D90C2331
:10ADB0002B60D3E7206821188A4204BF11685268CB
:10ADC000626004BF091821605C60C7E738BD00BF3E
:10ADD000ECBD002070B5CD1C25F0030508350C2D09
:10ADE00038BF0C25002D064601DBA94203D90C23F0
:10ADF0003360002070BD02F0DBF8214A1468214660
:10AE000091B9204C23681BB9304600F0DFFD20606B
:10AE10002946304600F0DAFD431C24D10C23336070
:10AE2000304602F0C6F8E4E70B685B1B18D40B2B26
:10AE30000FD90B60CD50CC18304602F0BAF804F1AF
:10AE40000B00231D20F00700C31AD3D05A42E25052
:10AE5000D0E78C424B6816BF636013600C46EBE78B
:10AE60000C464968CCE7C41C24F00304A04205D07A
:10AE7000211A304600F0AAFD0130CFD02560DBE773
:10AE8000ECBD0020F0BD00209368013B002B10B406
:10AE9000936008DA9469A34201DB0A2903D15DF8C3
:10AEA000044B00F02BBF1368581C10601970084643
:10AEB0005DF8044B7047F8B506460F461446D518A2
:10AEC000AC4201D1002007E03A4614F8011B30469D
:10AED000FFF7DAFF431CF3D1F8BD00002DE9F04F76
:10AEE0009DB00C4617460393064618B183690BB90B
:10AEF00001F00EFF7B4B9C4257D17468A389180761
:10AF00005DD52369002B5AD00023099320238DF8A7
:10AF1000293030238DF82A304FF0010BB8464546D2
:10AF200015F8013B0BB1252B54D1B8EB070A0BD018
:10AF300053463A4621463046FFF7BDFF013000F048
:10AF4000C280099B5344099398F80030002B00F00D
:10AF5000BA8000234FF0FF32CDE905230493079315
:10AF60008DF853301A93A846052218F8011B5E4845
:10AF700001F0CEFF049B78BBD90644BF20228DF898
:10AF800053201A0744BF2B228DF853202A782A2AEF
:10AF90002AD0079AA84600200A25414611F8013B0D
:10AFA000303B092B69D960B324E0504B9C4201D15E
:10AFB000B468A3E74E4B9C4208BFF4689EE7214665
:10AFC000304600F0FBFE00289ED04FF0FF301DB051
:10AFD000BDE8F08FA846A2E7434A801A0BFA00F0BA
:10AFE000184304904546BEE7039A111D1268039169
:10AFF000002A01DB079204E0524243F00203079269
:10B00000049398F800302E2B0ED198F801302A2B9B
:10B0100038D1039B1A1D1B680392002BB8BF4FF059
:10B02000FF3308F102080593324D98F8001003220F
:10B03000284601F06DFF40B14023401B03FA00F0A9
:10B04000049B034308F10108049398F800102A4870
:10B050008DF82810062208F1010701F059FF002899
:10B0600037D0264B1BBB039B073323F00703083362
:10B070000393099B4B44099350E705FB02320120DF
:10B0800088468AE7002308F10108059319460A2536
:10B09000404610F8012B303A092A03D9002BC3D0BF
:10B0A0000591C1E705FB012101238046F0E703ABD1
:10B0B00000932246124B04A9304600F0B7F8B0F1D5
:10B0C000FF3F8146D5D1A3895B063FF57EAF099846
:10B0D0007DE703AB00932246094B04A9304600F0FC
:10B0E0005BFBECE7DCF1030066F00300FCF103001E
:10B0F000BCF103006CF0030070F003002DB20300FC
:10B10000B7AE03002DE9FF4755EC104B0D9FDDF85E
:10B1100030A0002D0E4691461946B8BF22462B4658
:10B1200027F02007BBBF05F100431D4600232D2358
:10B13000B8BF1446462F0B7004D0452F00D10136FE
:10B14000022100E0032103AB019302AB00933246DE
:10B15000534645EC104B00F033FF472F804602D199
:10B1600019F0010F26D0462F08EB060911D198F8E7
:10B170000030302B0AD1002200232046294602F05D
:10B18000B9FC18B9C6F10106CAF80060DAF8003057
:10B190009944002200232046294602F0ABFC38B92E
:10B1A0003022039B4B4505D2591C03911A70F8E7D6
:10B1B000CDF80C90039B0E9AA3EB08034046136056
:10B1C00004B0BDE8F087F7B500290446BABF49428C
:10B1D0002D232B23092904F8022B437020DD0DF1C8
:10B1E00007031F460A2691FBF6F506FB15113031C1
:10B1F000092D03F8011C03F1FF32294609DC303127
:10B20000023B02F8011CBB42224604D3101A03B0D1
:10B21000F0BD1346E7E713F8012B04F8012BF2E722
:10B22000302319448370021DC170EFE72DE9F04F00
:10B230008DB00C46DDF8588016461F46054601F0D5
:10B24000F1FD03680493184600F023FC00230A93E1
:10B25000D8F800300590073323F0070303F1080204
:10B2600094F818A0D4F800B0C8F80020D3E900235F
:10B27000C4E91223D4E9128929F000430793CDF8D9
:10B2800018804FF0FF32A74BDDE9060102F064FCA5
:10B2900070BB4FF0FF32A34BDDE9060102F03EFC2C
:10B2A00030BB002200234046494602F02DFC10B17D
:10B2B0002D2384F843309C4A9C4BBAF1470F8CBF36
:10B2C0009046984603232BF00402236122604FF03E
:10B2D0000009009733460BAA2146284600F0E6F9FC
:10B2E000013040F08D804FF0FF300DB0BDE8F08FA1
:10B2F00042464B464046494602F02EFC10B18C4A6D
:10B300008C4BDAE761684B1C4BF480620AA83ED193
:10B31000062363600023CDE9020309AB009349ECE7
:10B32000108B0DF123032260CDF804A0616828463C
:10B33000FFF7E8FE0AF0DF03472B804609D1099B9F
:10B34000D81C02DB6268934247DDAAF1020A5FFA69
:10B350008AFABAF1650F099924D80139524604F1E5
:10B3600050000991FFF72FFF0A9A1318012A81460E
:10B37000236102DC2268D10701D5013323619DF8E6
:10B380002330002BA5D02D2384F84330A1E7BAF158
:10B39000670F00F07781BAF1470FBBD10029B9D10F
:10B3A0000123B6E7BAF1660F19D1002963680CDDF5
:10B3B000216113B92268D20702D501330B442361FE
:10B3C000099BA3654FF00009D9E713B92268D0079C
:10B3D00001D50233F3E70123F1E74FF0670ADDE916
:10B3E0000932934205DB22682361D107E8D5013396
:10B3F000E5E7002BD4BFC3F1020301231344DEE7CA
:10B4000023685A0507D42369424631462846B8477F
:10B4100001302BD167E7BAF1650F40F2DC800022E2
:10B420000023D4E9120102F065FB002833D0012388
:10B43000414A31462846B84701303FF454AFDDE970
:10B4400009239A4202DB2368D8070FD5DDE90423DC
:10B4500031462846B84701303FF445AF4FF0000869
:10B4600004F11A090A9B013B434509DC23689B0749
:10B4700000F10381E0680B9B9842B8BF184634E79F
:10B4800001234A4631462846B84701303FF42BAFE6
:10B4900008F10108E6E7099B002B2BDC0123264A73
:10B4A00031462846B84701303FF41DAF099B23B908
:10B4B0000A9B13B92368D907D8D5DDE9042331469F
:10B4C0002846B84701303FF40EAF4FF0000904F1B1
:10B4D0001A0A099B5B424B4501DC0A9B94E7012356
:10B4E000524631462846B84701303FF4FCAE09F1D8
:10B4F0000109EEE70A9AA36D9A42A8BF1A46002AEC
:10B50000914607DD1346314642462846B84701308A
:10B510003FF4E9AE04F11A034FF0000B29EAE97990
:10B52000069315E0FFFFEF7F7BF0030077F0030049
:10B5300083F003007FF0030087F003000123069AE5
:10B5400031462846B84701303FF4CDAE0BF1010B30
:10B55000D4F858A0AAEB09035B45EFDCDDE9092329
:10B560009A42D04415DB2368DA0712D40A9B099962
:10B57000A3EB0A02A3EB010A9245A8BF9246BAF1D7
:10B58000000F0EDC4FF000082AEAEA7A04F11A09EB
:10B5900019E0DDE9042331462846B8470130E5D1FA
:10B5A000A1E65346424631462846B8470130E9D124
:10B5B00099E601234A4631462846B84701303FF410
:10B5C00092AE08F10108DDE909239B1AA3EB0A03F7
:10B5D0004345EEDC4AE70A9A012A01DCDB073AD54B
:10B5E0000123424631462846B84701303FF47BAE3E
:10B5F000DDE9042331462846B847013008F1010847
:10B600003FF471AE0A9B002203F1FF3AD4E9120124
:10B61000002302F06FFAC8B9534642463146284625
:10B62000B84701300ED15EE6012352463146284626
:10B63000B84701303FF457AE08F101080A9B013BBF
:10B640004345F1DC4B4604F15002DEE64FF00008C2
:10B6500004F11A0AF2E70123DFE701234A463146E3
:10B660002846B84701303FF43EAE08F10108E368D0
:10B670000B9A9B1A4345F0DCFCE64FF0000804F1FE
:10B680001909F4E700293FF48BAE0023CDE902034A
:10B6900009AB009349EC108B2260CDF804A00DF1AA
:10B6A00023032846FFF72EFD804648E62DE9F047A4
:10B6B00091461F468A680B69DDF820809342B8BF27
:10B6C0001346C9F8003091F8432006460C4612B1E3
:10B6D0000133C9F800302368990642BFD9F8003019
:10B6E0000233C9F80030256815F0060507D104F1CA
:10B6F000190AE368D9F800209B1AAB4228DC94F8B9
:10B7000043302268003318BF012392062DD404F180
:10B71000430239463046C047013020D02368E568EF
:10B72000D9F8002003F00603042B08BFAD1AA36864
:10B7300022690CBF25EAE57500259342C4BF9B1A18
:10B74000ED184FF000091A344D451AD1002008E0D9
:10B750000123524639463046C047013003D14FF0ED
:10B76000FF30BDE8F0870135C3E7E1185A1C3020EF
:10B7700081F84300224494F8451082F843100233C4
:10B78000C5E70123224639463046C0470130E6D09E
:10B7900009F10109D8E700002DE9F04301F1430C5C
:10B7A0000C46097E85B06E291746064698460C9AC7
:10B7B00000F0B38022D8632936D00AD8002900F0DF
:10B7C000B980582900F0838004F1420584F84210C2
:10B7D00032E0642901D06929F6D120681368050692
:10B7E00003F104012AD51B681160002B03DA2D2216
:10B7F0005B4284F843206F480A2239E0732900F045
:10B800009D8008D86F2920D07029DDD1236843F0AE
:10B810002003236003E0752917D07829D4D1782339
:10B8200084F84530644855E01368191D1B681160A1
:10B8300004F1420584F8423001238CE01B6811605A
:10B8400010F0400F18BF1BB2CFE713682568181D12
:10B850001060280601D51B6802E06806FBD51B882E
:10B8600054486F2914BF0A220822002184F843108B
:10B870006568A560002DC0F29580216821F0040163
:10B880002160002B3DD1002D40F08E806546082AB6
:10B890000BD12368DB0708D5236962689A42DEBFB3
:10B8A000302305F8013C05F1FF35ACEB05032361BE
:10B8B000CDF800803B4603AA21463046FFF7F6FE4E
:10B8C00001304DD14FF0FF3005B0BDE8F08339486D
:10B8D00084F84510136821681D1D1B6815600A0651
:10B8E0000BD5CA0744BF41F0200121601BB9226873
:10B8F00022F0200222601022B7E74D0648BF9BB21B
:10B90000EFE76546B3FBF2F102FB1133C35C05F8C8
:10B91000013D0B460029F5D1B9E713682568616937
:10B92000181D106028061B6801D5196002E06A0620
:10B93000FBD51980002323616546B9E71368191DFB
:10B9400011601D6862680021284601F0E1FA08B123
:10B95000401B606063682361002384F84330A7E7DD
:10B9600023692A4639463046C0470130AAD02368A9
:10B970009B0713D4E068039B9842B8BF1846A3E71F
:10B9800001234A4639463046C04701309AD0013536
:10B99000E368039A9B1AAB42F2DCEBE7002504F163
:10B9A0001909F5E7002BACD1037884F8423004F193
:10B9B00042056CE789F003009AF00300024B0A4647
:10B9C0000146186801F0D2BD4861002038B5064C28
:10B9D000002305460846236002F034F9431C02D1D7
:10B9E000236803B12B6038BD18BE00200CB430B5FD
:10B9F000174B0C1E9DB01D6808DA8B232B604FF08F
:10BA0000FF301DB0BDE8304002B070474FF4027304
:10BA1000ADF8143014BF04F1FF33234604930793A9
:10BA20004FF6FF7302900690ADF81630209A21ABC6
:10BA300002A92846019301F019FE431CBCBF8B23C9
:10BA40002B60002CDDD0029B00221A70D9E700BFCA
:10BA500048610020C9B2034610F8012B1AB18A428E
:10BA6000F9D118467047002918BF0023F9E710F8EC
:10BA7000012B11F8013B012A28BF9A42F7D0D01AB6
:10BA80007047034611F8012B03F8012B002AF9D166
:10BA90007047034613F8012B002AFBD1181A01380E
:10BAA000704710B56AB10139841810F8013B11F8DC
:10BAB000012F934203D1A04201D0002BF5D1981A57
:10BAC00010BD1046FCE738B503460D4669B9BDE820
:10BAD0003840FFF7BFBF431C044629461846FFF70E
:10BAE000B9FF0028F7D1204638BD0024F5E7F0B5AE
:10BAF00003787BB1044623782046661C7BB14A1E3E
:10BB0000631E12F8015F4DB113F8017FAF42344656
:10BB1000F7D0F0E70B78002B18BF0020F0BD1846D7
:10BB2000FCE72DE9F0478046894692461E460F46BF
:10BB30003D46089815F8014BFFF791F820444378EB
:10BB400013F0080332D12D2C32D17C78BD1C012298
:10BB5000002E5DD0102E09D1302C07D12B7803F0A8
:10BB6000DF03582B4FD16C7810260235002A14BF02
:10BB70004FF000416FF000410027B1FBF6FC384662
:10BB800006FB1C1EA4F13003092B17D81C46A64245
:10BB900023DD7B1C07D084451CD301D1A64519DBCE
:10BBA00000FB0640012715F8014BEBE72F46BFE7E6
:10BBB0002B2C04BFBD1C7C781A46C9E7A4F14103B5
:10BBC000192B01D8373CE2E7A4F16103192B04D803
:10BBD000573CDCE74FF0FF37E5E77B1C08D1222319
:10BBE000C8F800300846BAF1000F07D1BDE8F08769
:10BBF00002B14042BAF1000FF8D00FB105F1FF39A0
:10BC0000CAF80090F2E73024002EAFD10826ADE745
:10BC1000302CA3D00A26A9E7084B37B51C68084D7D
:10BC2000236A002B08BF2B46009313460A460146A1
:10BC30002046FFF776FF03B030BD00BF486100200B
:10BC4000AC610020024B01461868FFF7BFBE00BF81
:10BC50004861002010B50446FFF704F820444378FB
:10BC600003F00303012B08BF2034204610BD10B59C
:10BC70000446FEF7F7FF2044437803F00303022B4A
:10BC800008BF203C204610BD30B5141E05469BB0B1
:10BC9000184605DA8B232B604FF0FF301BB030BD08
:10BCA0004FF40273ADF80C3014BF04F1FF33234698
:10BCB000029305934FF6FF7300910491ADF80E3097
:10BCC00002461E9B6946284601F0D0FC431CBCBFBF
:10BCD0008B232B60002CE1D0009B00221A70DDE743
:10BCE00007B5009313460A46014603480068FFF76C
:10BCF000CBFF03B05DF804FB48610020F8B50E46A9
:10BD00001446054618B183690BB901F001F8214BBF
:10BD10009C422AD16C68A369A360A3891A072ED517
:10BD2000236963B323692068C01A6369F6B283424A
:10BD3000374604DC2146284600F080FF28BBA36874
:10BD4000013BA36023685A1C22601E7063690130A6
:10BD5000834204D0A389DB0719D50A2E17D12146C7
:10BD6000284600F06BFF90B10FE00B4B9C4201D1D5
:10BD7000AC68D0E7094B9C4208BFEC68CBE7214692
:10BD8000284600F01BF80028CCD04FF0FF3738468B
:10BD9000F8BD00BFDCF10300FCF10300BCF10300BF
:10BDA00049B1FF2A85BF8A2303600A704FF0FF3034
:10BDB00098BF01207047084670470000324B70B5AD
:10BDC0001D6806460C4625B1AB6913B9284600F03C
:10BDD0009FFF2E4B9C420FD16C68B4F90C309AB285
:10BDE00015072CD4D00611D40922326043F0400349
:10BDF000A3814FF0FF303EE0254B9C4201D1AC685F
:10BE0000EBE7244B9C4208BFEC68E6E7510712D5EC
:10BE1000616B41B104F14403994202D03046FEF710
:10BE20008BFF00236363A38923F02403A3810023F2
:10BE3000636023692360A38943F00803A381236916
:10BE40004BB9A38903F42073B3F5007F03D02146D7
:10BE5000304601F019F8A28912F001030CD000233A
:10BE6000A36063695B42A361236953B9B4F90C30E1
:10BE700013F08000BAD170BD920758BF6369A36008
:10BE8000F2E70020F7E700BF48610020DCF1030083
:10BE9000FCF10300BCF1030008B5062001F004FD2D
:10BEA000012001F0DDFE2DE9F74F03690C69A34283
:10BEB0008046C0F28280013C01F114074FEA840CF5
:10BEC00000F1140657F8245056F8240006EB0C0332
:10BED000013507EB0C090193B0FBF5F595B34FF075
:10BEE000000A3846B646D34650F8042B93B205FBF9
:10BEF00003A34FEA134A9BB2ABEB0303120CDEF829
:10BF000000B005FB02A213FA8BF34FEA124A1FFAA4
:10BF100082FBDEF80020CBEB124202EB23429BB205
:10BF200043EA024381454FEA224B4EF8043BDBD201
:10BF300056F80C3033B9019B043B9E421A4630D36D
:10BF4000C8F81040404601F04BFA002825DB0135C7
:10BF500030464FF0000C57F8042BD0F800E093B2B5
:10BF6000ACEB0303120C13FA8EF3C2EB1E4202EB8E
:10BF700023429BB243EA0243B9454FEA224C40F8C0
:10BF8000043BE8D256F8242006EB84032AB9043B8C
:10BF90009E421A460BD3C8F81040284603B0BDE8AD
:10BFA000F08F1268043B002ACAD1013CC5E7126831
:10BFB000043B002AEFD1013CEAE70020EEE7000055
:10BFC0002DE9F04F57EC106B97B0456A0691044687
:10BFD0000B921293DDF88080CDE900673DB9102007
:10BFE000FAF79AFD6062C0E901550560C560636AB1
:10BFF000196851B15A684A60012393408B6020460A
:10C0000001F00CF8636A00221A603B1EBBBF23F0EC
:10C010000043019300230122ACBFC8F80030C8F8E8
:10C020000020AF4BDDF8048033EA080314D1129AE4
:10C0300042F20F731360009B23B9C8F3130000286A
:10C0400000F04285219BDFF8ACB2002B00F0448564
:10C050000BF1030300F03EBDDDE900670022002381
:10C060003046394601F046FD814668B1129A0123F7
:10C070001360219B002B00F024859A4B219A03F139
:10C08000FF3B136000F028BD14AA15A947EC106B04
:10C09000204601F01CFAC8F30A550490002D7CD00C
:10C0A000C7F3130343F07F5BB2464BF4401BA5F28A
:10C0B000FF35CDF84C9000228B4B50465946FEF789
:10C0C00001F881A3D3E90023FEF7B4F980A3D3E9F3
:10C0D0000023FDF7F9FF064628460F46FEF740F914
:10C0E0007DA3D3E90023FEF7A5F902460B463046AF
:10C0F0003946FDF7E9FF06460F4601F043FD0022F1
:10C10000824600233046394601F0FEFC48B15046D5
:10C11000FEF726F932463B4601F0ECFC08B90AF17D
:10C12000FF3ABAF1160F59D8704901EBCA01DDE99F
:10C130000023D1E9000101F005FD002850D00AF1EB
:10C14000FF3A00230F93149B5D1BB5F1010849BF13
:10C15000C5F10103002305934FF0000858BF059374
:10C16000BAF1000F3EDB0023D044CDF838A007938E
:10C17000069B092B00F29080052BC4BF043B06935D
:10C18000069BA3F10203CCBF00250125032B00F27F
:10C190008F80DFE803F07D7F3171DDE914531D44AA
:10C1A00005F23240202813DDC0F14000009B08FA60
:10C1B00000F805F2124023FA00F048EA0000FEF70A
:10C1C000BFF801238246A1F1F87B013D139372E78A
:10C1D000009BC0F1200003FA00F0F0E70123B1E773
:10C1E0000F90B0E7059BA3EB0A030593CAF1000388
:10C1F000079300230E93BBE701230A930B9B002BAD
:10C2000059DD02939946666A00227260042202F1A7
:10C2100014009842716853D9204600F0CBFE636A3F
:10C220003060B9F10E0FD3F800B000F2E680002DB7
:10C2300000F0E3809DED007BBAF1000F8DED107BE7
:10C2400074DD2A4A0AF00F0302EBC30393ED007B6F
:10C250004FEA2A16F0068DED087B65D5244BDDE903
:10C260001001D3E90823FEF70FFACDE9000106F02B
:10C270000F0603251E4F4CE001230A930B9B5344EA
:10C2800003F1010902934B46012BB8BF0123BAE722
:10C290000023B2E70023F0E70125002306930A9567
:10C2A0004FF0FF3302939946002212230B92AAE724
:10C2B00001230A93F4E70123029399461A46F5E70E
:10C2C000013171605200A2E761436F63A787D23FDB
:10C2D000B3C8608B288AC63FFB799F501344D33F75
:10C2E0000000F07F88F003000000F83F48F20300F0
:10C2F00020F20300B5F10300F10708D5DDE90801DC
:10C30000D7E90023FEF796F8CDE90801013576104C
:10C310000837002EF0D1DDE90823DDE90001FEF742
:10C32000B3F9CDE900011AE00225A3E700F0A080EF
:10C33000CAF100069F4BA04F06F00F0203EBC203A9
:10C34000D3E90023DDE91001FEF774F8CDE900011F
:10C35000361100230225002E7FD1002BE1D10F9B47
:10C36000002B00F08780DDE900670022934B304608
:10C37000394601F0C9FB00287CD0B9F1000F79D013
:10C38000029B002B35DD0AF1FF330893394600226A
:10C390008B4B3046FEF74EF8CDE90001029F013588
:10C3A0002846FDF7DDFFDDE90023FEF743F8002214
:10C3B000844BFDF789FE0546A1F15076002F5DD133
:10C3C0000022814BDDE90001FDF77CFE2A46334661
:10C3D000CDE9000101F0B6FB002840F088822A4632
:10C3E00006F10043DDE9000101F08EFB002840F07A
:10C3F0007C82DDE91023CDE90023159B002BC0F2E0
:10C400005081BAF10E0F00F34C816A4B03EBCA0363
:10C4100093ED007B0B9B002B8DED027B80F2D8808F
:10C42000B9F1000F00F3D48040F05E820022664B29
:10C4300051EC170BFDF7FEFFDDE9002301F078FB5F
:10C440004F464E46002840F0348231230BF101055F
:10C450008BF800300AF1010A2FE2F20705D5D7E97F
:10C460000023FDF7E7FF013501237610083772E757
:10C47000022574E7CDF820A04F4691E74D4B03EB22
:10C48000C70353E902010A9B002B47D002460B4623
:10C4900000204E49FEF7F8F82A463346FDF712FE13
:10C4A000CDE90C015D46DDE9000101F06BFB0646BC
:10C4B000FDF756FF02460B46DDE90001FDF702FEDF
:10C4C000303605F8016BDDE90C23CDE9000101F000
:10C4D0001BFB002863D1DDE9002300203749FDF76D
:10C4E000F1FDDDE90C2301F00FFB002840F0B780DF
:10C4F000A5EB0B039F427FF77CAF0022304BDDE9B9
:10C500000C01FDF797FF0022CDE90C012C4BDDE972
:10C510000001FDF78FFFCDE90001C4E72A4633464D
:10C52000FDF788FFCDE90C010BEB07055E46DDE961
:10C53000000101F027FB0746FDF712FF30370246E6
:10C540000B46DDE90001FDF7BDFD06F8017BAE42BB
:10C55000CDE900014FF0000226D11C4BDDE90C01B2
:10C56000FDF7B2FD02460B46DDE9000101F0EAFAF3
:10C57000002874D1DDE90C2300201449FDF7A2FD49
:10C5800002460B46DDE9000101F0BEFA00283FF447
:10C5900030AF15F8013C302B05F1FF3202D0DDF849
:10C5A00020A04AE01546F4E7054BFDF743FFCDE92F
:10C5B0000001BCE748F2030020F203000000F03F56
:10C5C0000000244000001C40000014400000E03F38
:10C5D000DDE900675D46DDE9022330463946FEF7B6
:10C5E00053F801F0CFFA8046FDF7BAFEDDE90223E9
:10C5F000FDF720FF02460B463046394608F130066B
:10C60000FDF760FD05F8016BA5EB0B06B145024691
:10C610000B4639D1FDF758FDDDE9022306460F46EA
:10C6200001F090FAC8B9DDE902233046394601F03D
:10C6300061FA10B118F0010F0FD10499204600F0F3
:10C64000EDFC0023129A2B700AF101031360219B69
:10C65000002B00F041821D603EE2CDF820A015F8CD
:10C66000012C392A05F1FF3308D19B450AD1089BDB
:10C670000133089330238BF800305B461A7801327F
:10C680001A708CE71D46EAE700229B4BFDF7D2FEAD
:10C690000022002306460F4601F02CFA00289AD00B
:10C6A000CBE70A9A002A00F08B80069A012A6EDCFA
:10C6B000139A002A67D003F23343079F059D059A1A
:10C6C00001211A4420460592984400F047FD064691
:10C6D000002D0CDDB8F1000F09DD4545059A2B460C
:10C6E000A8BF4346D21A0592ED1AA8EB0308079B90
:10C6F000EBB10A9B002B67D08FB131463A462046FA
:10C7000000F0CCFD049A01460646204600F02FFDBD
:10C7100004990890204600F081FC089B0493079B35
:10C72000DA1B04D00499204600F0B8FD04900121E2
:10C73000204600F013FD0E9B0746002B00F0D08131
:10C740001A460146204600F0A9FD069B012B07462C
:10C7500040DC009B002B39D1019BC3F31303002B5A
:10C7600036D1019B23F000431B0D1B052BB1059B0C
:10C770000133059308F10108012307930E9B002B59
:10C780002AD1012030E0149BC3F1360395E7079BC3
:10C7900009F1FF37BB42BFBF079B0797FA1A0E9BF1
:10C7A000BBBF9B180E93DF1B0027B9F1000FB5BF6D
:10C7B000059B059DA3EB09054B46B8BF00237EE70B
:10C7C000079F059D0A9E83E7079AABE70023D4E7FE
:10C7D000009BD2E7002307933B6907EB83031869AB
:10C7E00000F06EFCC0F12000404410F01F0047D064
:10C7F000C0F12003042B3BDD059BC0F11C0003446A
:10C80000059305448044059B002B05DD1A460499D9
:10C81000204600F091FD0490B8F1000F05DD394687
:10C820004246204600F088FD07460F9B53B3394629
:10C83000049800F0D5FD002824DA00230A22049988
:10C84000204600F002FC0A9B04900AF1FF3A002BFC
:10C8500000F04D81002331460A22204600F0F5FB0E
:10C86000029B002B06464FDC069B022B4CDD11E0A1
:10C87000C9D0059A1C331A4405921D449844C2E756
:10C880000346F6E7B9F1000F38DC069B022B35DDD5
:10C89000CDF80890029B63B939460522204600F086
:10C8A000D4FB01460746049800F09AFD00283FF7A4
:10C8B000CCAD0B9B5D466FEA030A4FF00009394689
:10C8C000204600F0ABFB002E3FF4B7AEB9F1000FED
:10C8D00005D0B14503D04946204600F09FFB3146C4
:10C8E000204600F09BFBA8E600273E46E1E7DDF886
:10C8F00020A03E46A9E500BF000024400A9BCDF8D9
:10C900000890002B00F0FA80002D05DD31462A4604
:10C91000204600F011FD0646079B002B4CD07168A5
:10C92000204600F047FB326902320546920006F1CC
:10C930000C010C30FEF7C6F901222946204600F012
:10C94000FBFC009BCDF814B003F00103B146079344
:10C95000064639460498FFF7A6FA4946054600F10F
:10C960003008049800F03CFD3246009039462046DD
:10C9700000F050FDC368024603BB014608900498CE
:10C9800000F02EFD089A034611462046089300F059
:10C9900045FB089BA3B9069A92B9079A82B9B8F1E8
:10C9A000390F29D0009B002B01DD05F13108059BD3
:10C9B0005D1C83F8008082E73046C2E70123E3E78D
:10C9C000009A002A04DB25D1069A1ABB079A0ABBF3
:10C9D000002BECDD01220499204600F0ADFC394625
:10C9E000049000F0FDFC002803DCE0D118F0010FFA
:10C9F000DDD0B8F1390FD8D1059B059A5D1C3923DC
:10CA0000137015F8013C392B05F1FF324FD001337B
:10CA1000137054E7059A002B02F1010506DDB8F109
:10CA2000390FE9D008F10108059BC2E7029A05F821
:10CA3000018CA5EB0B03934221D000230A22049919
:10CA4000204600F002FBB14504904FF000034FF088
:10CA50000A024946204605D100F0F7FA814606460B
:10CA6000059576E700F0F1FA3146814600230A2267
:10CA7000204600F0EAFA0646F2E74FF000090122EC
:10CA80000499204600F058FC3946049000F0A8FCB8
:10CA90000028B6DC02D118F0010FB2D115F8013C24
:10CAA000302B05F1FF327FF40AAF1546F6E79345C8
:10CAB00005D131230AF1010A8BF80030FFE6154653
:10CAC0009FE7DFF864B007E0219BDFF860B01BB19F
:10CAD0000BF10803219A1360584617B0BDE8F08F98
:10CAE000069B012B7FF735AE0E9B079349E6029B11
:10CAF000002B03DC069B022B3FF7CCAE5D4639468C
:10CB00000498FFF7D0F900F1300805F8018B029A7C
:10CB1000A5EB0B039A42B0DD00230A2204992046BC
:10CB200000F093FA0490EAE787F00300ACF1030009
:10CB30008A892DE9F041054610070C4658D44B6808
:10CB4000002B05DC0B6C002B02DC0020BDE8F08123
:10CB5000E66A002EF9D0002312F480522F68216A71
:10CB60002B6032D0606DA3895A0705D56368C01A5F
:10CB7000636B0BB1236CC01A00230246E66A216A7C
:10CB80002846B047431CA38906D129681D2948D8E7
:10CB9000294ACA40D60744D500226260D9042269D6
:10CBA000226004D5421C01D12B6803B96065616B1A
:10CBB0002F600029C9D004F14403994202D02846CD
:10CBC000FEF7BAF800206063C0E701232846B047AB
:10CBD000411CC8D12B68002BC5D01D2B01D0162BB2
:10CBE00001D12F60B1E7A38943F04003A381ADE7F2
:10CBF0000F69002FA9D093070E6808BF4B690F601B
:10CC000018BF0023A6EB07088B60B8F1000F9CDD6E
:10CC100043463A46216AA66A2846B047002806DC01
:10CC2000A38943F04003A3814FF0FF308EE7074410
:10CC3000A8EB0008E9E700BF0100402038B50B6908
:10CC400005460C46DBB118B183690BB900F060F8FA
:10CC50000C4B9C4209D16C68B4F90C307BB1214675
:10CC60002846BDE83840FFF763BF074B9C4201D11F
:10CC7000AC68F1E7054B9C4208BFEC68ECE700208C
:10CC800038BD00BFDCF10300FCF10300BCF1030080
:10CC9000002310B50446C0E90033836081814366F8
:10CCA000C281C0E904338361194608225C30FEF773
:10CCB0002DF8054B6362054BA362054BE362054B00
:10CCC0002462236310BD00BFE1D8030003D9030031
:10CCD0003BD903005FD90300014900F085B800BFCC
:10CCE0003DCC030070B54A1E682555430E4605F13C
:10CCF0007401FEF76FF8044640B10021C0E9001648
:10CD00000C30A06005F16802FEF700F8204670BD07
:10CD1000836910B5044633BBC0E912330365124B77
:10CD2000124A1B688262984204BF0123836100F0AB
:10CD30001FF86060204600F01BF8A060204600F05D
:10CD400017F80022E06004216068FFF7A1FF0122CC
:10CD50000921A068FFF79CFF02221221E068FFF77B
:10CD600097FF0123A36110BD58F00300D9CC030045
:10CD7000F8B51B4B1E68B369074613B93046FFF779
:10CD8000C7FF4836D6E90134013B03D5336833B1D8
:10CD90003668F7E7B4F90C506DB16834F4E7042154
:10CDA0003846FFF79FFF30600028F1D10C233B602D
:10CDB00004462046F8BD0B4B6566C4E90055A560E6
:10CDC000C4E90335C4E905550822294604F15C008D
:10CDD000FDF79CFFC4E90D55C4E91255E9E700BF12
:10CDE00058F003000100FFFF2DE9F8438046894613
:10CDF00000F14804002614B93046BDE8F883D4E9B0
:10CE00000175013F01D52468F5E7AB89012B07D9EE
:10CE1000B5F90E30013303D029464046C8470643D2
:10CE20006835EEE7044B1B68186A044B002808BFFE
:10CE30001846F030704700BF48610020AC61002008
:10CE400070B50E46B1F90E10002996B014461D4675
:10CE500007DA00232B60B3891A0610D44FF48063DD
:10CE60000EE06A4600F0A2FD0028F2DB019A02F40F
:10CE70007042A2F500535A425A412A60EEE740231D
:10CE80000020236016B070BD8B8973B59D070646E0
:10CE90000C4607D504F14703236023610123636136
:10CEA00002B070BD01AB6A46FFF7CAFF00990546A4
:10CEB0003046FDF78FFF48B9B4F90C309A05EFD42E
:10CEC00023F0030343F00203A381E3E70D4BB362B6
:10CED000A389206043F08003A381009B6361019BD1
:10CEE00020615BB1B4F90E10304600F071FD28B13D
:10CEF000A38923F0030343F00103A381A3891D4306
:10CF0000A581CDE7D9CC030000000000000000009F
:10CF100001F0FF01102A2BDB10F0070F08D010F8EA
:10CF2000013B013A8B422DD010F0070F42B3F6D1EE
:10CF3000F0B441EA012141EA014122F007047FF007
:10CF400000070023F0E80256083C85EA010586EA5E
:10CF5000010685FA47F5A3FA87F586FA47F6A5FA9A
:10CF600087F68EB9EED1F0BC01F0FF0102F00702A6
:10CF700032B110F8013B013A83EA010313B1F8D151
:10CF80000020704701387047002D06BF3546033832
:10CF9000073815F0010F07D1013015F4807F02BF6B
:10CFA000013015F4C03F0130F0BC0138704700BFBC
:10CFB0007047704770B5456A04460E463DB910206B
:10CFC000F9F7AAFD6062C0E901550560C560656AB0
:10CFD000EB6883B1636ADB6853F82600B8B90121B6
:10CFE00001FA06F56A1D92002046FDF797FE60B132
:10CFF000C0E901650EE0212204212046FDF78EFEE6
:10D00000636AE860DB68002BE4D1002070BD026831
:10D0100043F826200023C0E90333F7E770B5446ADC
:10D0200006460D463CB91020F9F776FD7062C0E95E
:10D0300001440460C4603DB1736A6A68DB6853F8F8
:10D040002210296043F8225070BD2DE9F0410D698E
:10D050001F4606460C4601F1140C0023DCF80000C4
:10D0600081B202FB01710F0C000C02FB007089B24F
:10D07000013301EB00419D424FEA10474CF8041B7D
:10D08000ECDCD7B1A368AB4212DC616830460131F9
:10D09000FFF790FF2269023204F10C0180469200F2
:10D0A0000C30FDF70FFE21463046FFF7B7FF444630
:10D0B00004EB850301355F6125612046BDE8F08101
:10D0C000020C12040346B2B90304102013F07F4F80
:10D0D00004BF1B02083013F0704F04BF1B01043063
:10D0E00013F0404F04BF9B000230002B06DB5B00B7
:10D0F00003D5013070470020E8E72020704703681F
:10D1000013F0070201460BD0DA0723D4980749BF72
:10D110005B089B0801200B605CBF0B60022070471E
:10D1200098B2A8B91B0C102013F0FF0F04BF1B0A04
:10D1300008301A0704BF1B0904309A0704BF9B0874
:10D140000230DA0702D45B0806D001300B6070476A
:10D150001046E9E7002070472020704710B50C46C4
:10D160000121FFF727FF01224461026110BD2DE973
:10D17000F74F14460A6923699A42B8BF0B4688469E
:10D18000BCBFA0461C46D8F81070D4F81090D8F850
:10D190000830D8F8041007EB0906B342B8BF0131D4
:10D1A000FFF708FF00F1140505EB860E2B46002261
:10D1B000734516D304F1140208F1140102EB89033C
:10D1C00001EB87070093009B019293420CD8002E3D
:10D1D00003DD5EF8043D002B5DD0066103B0BDE8C1
:10D1E000F08F43F8042BE3E7B2F800B0BBF1000F77
:10D1F00023D08946AC464FF0000859F8044BDCF8C0
:10D2000000A0A3B21FFA8AFA0BFB03A34FEA144A49
:10D21000DCF8004043444FEA14480BFB0A8404EB5B
:10D220001344E2469BB243EA04434F454FEA144895
:10D230004AF8043B2BD8CCF80480019BB3F802A039
:10D240000432BAF1000F20D02B688946A8464FF06F
:10D25000000BB9F800C0B8F802400AFB0C445C446B
:10D26000C4469BB243EA04434CF8043B59F8043BE0
:10D27000B8F804B01B0C0AFB03B303EB14434F458F
:10D280004FEA134B05D8C8F8043004359BE7D44661
:10D29000B3E7E046DDE7013E99E700002DE9F843FA
:10D2A000154612F0030206460F4607D0013A214CFC
:10D2B000002354F82220FFF7C8FE0746AD1035D0F2
:10D2C000746A3CB91020F9F727FC7062C0E9014488
:10D2D0000460C460D6F82480D8F808404CB940F205
:10D2E00071213046FFF73AFF0023C8F808000446D2
:10D2F00003604FF00008EB070AD539462246304656
:10D30000FFF735FF394681463046FFF787FE4F4627
:10D310006D100BD0206838B9224621463046FFF701
:10D3200026FF2060C0F800800446E4E73846BDE8E8
:10D33000F88300BF10F303002DE9F0470C464FEAD5
:10D34000621A236949680AEB0309A368074616466F
:10D3500009F10105AB4232DB3846FFF72BFE002313
:10D36000804600F114011A4653452BDB20692AEA56
:10D37000EA7A04F1140316F01F0201EB8A0103EBB1
:10D38000800C25D0C2F1200E00201E688A469640EF
:10D3900030434AF8040B53F8040B9C4520FA0EF076
:10D3A00014D8486008B109F10205013D3846C8F8B3
:10D3B00010502146FFF732FE4046BDE8F0870131AC
:10D3C0005B00C7E741F823200133CDE75146DCE796
:10D3D000043953F8042B41F8042F9C45F9D8E4E7AD
:10D3E00003690A699B1A30B50CD1920014301431CC
:10D3F0008418114454F8045D51F8042D954203D06B
:10D4000005D30123184630BDA042F3D3FAE74FF00D
:10D41000FF33F7E72DE9F0470D460746114628464A
:10D420001446FFF7DDFF061E08D131463846FFF7E8
:10D43000C1FD0123C0E90436BDE8F087A4BF23463F
:10D440002C4638466168A6BF1D4600260126FFF718
:10D45000B1FD2B69C660266905F1140904F11402B7
:10D4600002EB860709EB830800F114054FF0000E6C
:10D4700052F804AB59F8044B1EFA8AF1A3B2C91A48
:10D48000230CC3EB1A4303EB214389B24FEA234E2B
:10D49000C84541EA0343944645F8043BE8D8BC45F7
:10D4A00004D355F8043D83B10661C5E75CF8041B5D
:10D4B0001EFA81F31A1402EB11429BB243EA0243B3
:10D4C0004FEA224E45F8043BE9E7013EE9E72DE942
:10D4D000F7430E46012159EC108B1546FFF76AFD04
:10D4E000C9F30A540746C9F3130334BB0193B8F1D7
:10D4F000000327D002A840F8083DFFF700FE00997E
:10D50000F0B1019AC0F1200302FA03F30B43C240C9
:10D510007B610192019BBB61002B14BF02210121A1
:10D520003961C4B1A4F2334404443460C0F135001D
:10D530002860384603B0BDE8F08343F48013D5E794
:10D540007961E7E701A8FFF7DAFD019B7B61012123
:10D5500039612030E5E707EB8103A0F2324030600B
:10D560001869FFF7ADFDC0EB4110E1E7F8B50746DC
:10D5700014460E4621B91146BDE8F840FDF72ABC15
:10D5800022B9FDF7D9FB25462846F8BD00F042FA3E
:10D59000A0420FD221463846FDF71CFC0546002864
:10D5A000F2D031462246FDF78DFB31463846FDF775
:10D5B000C3FBE9E73546E7E72DE9F0478E689E4271
:10D5C00082460C469046994637D88A8912F4906F65
:10D5D00031D0256809696F1A6569022305EB450595
:10D5E00095FBF3F509F101033B449D4238BF1D460D
:10D5F000530530D52946FDF7EDFB064650B90C23FF
:10D60000CAF80030A38943F04003A3814FF0FF30F4
:10D61000BDE8F0873A462169FDF754FBA38923F45E
:10D62000906343F08003A381266165613E44ED1B56
:10D630002660A5604E464E4500D94E4632464146CC
:10D640002068FDF74AFBA3689B1BA36023681E4468
:10D6500026600020DCE72A46FFF788FF0646002800
:10D66000E2D121695046FDF767FBC8E72DE9F04F8D
:10D670009DB0804603938B891D060C4616460FD538
:10D680000B696BB94021FDF7A5FB2060206128B92B
:10D690000C23C8F800304FF0FF30C7E0402363612F
:10D6A0000023099320238DF8293030238DF82A3068
:10D6B0004FF0010B37463D4615F8013B0BB1252BCA
:10D6C0003ED1B7EB060A0BD05346324621464046C0
:10D6D000FFF772FF013000F0A480099B53440993C7
:10D6E0003B78002B00F09D8000234FF0FF32CDE906
:10D6F0000523049307938DF853301A932F46052280
:10D7000017F8011B4F48FFF703FC049BD0B9D9065B
:10D7100044BF20228DF853201A0744BF2B228DF8D6
:10D7200053202A782A2A15D0079A2F4600200A2546
:10D73000394611F8013B303B092B4DD9B8B10FE008
:10D740002F46B8E73F4A801A0BFA00F018430490BE
:10D750003D46D3E7039A111D12680391002A01DBAD
:10D76000079204E0524243F00203079204933B788D
:10D770002E2B0CD17B782A2B33D1039B1A1D1B68CF
:10D780000392002BB8BF4FF0FF33023705932E4DA5
:10D79000397803222846FFF7BBFB38B14023401BF2
:10D7A00003FA00F0049B03430137049339782748B8
:10D7B0008DF8281006227E1CFFF7AAFB002838D01F
:10D7C000234B13BB039B073323F007030833039357
:10D7D000099B4B4409936DE705FB023201200F467C
:10D7E000A6E700230137059319460A25384610F8A5
:10D7F000012B303A092A03D9002BC8D00591C6E77E
:10D8000005FB012101230746F0E703AB0093224605
:10D81000104B04A94046FDF709FDB0F1FF3F8146DA
:10D82000D6D1A3895B063FF536AF09981DB0BDE898
:10D83000F08F03AB00932246064B04A94046FDF748
:10D84000ABFFEAE766F003006CF0030070F0030042
:10D850002DB20300B9D503001F2938B504460D4683
:10D8600004D9162303604FF0FF3038BD426C12B16B
:10D8700052F821304BB9204600F030F82A460146D4
:10D880002046BDE8384000F017B8012B0AD0591CDB
:10D8900003D1162303600120E7E7002442F8254066
:10D8A000284698470020E0E7024B01461868FFF73A
:10D8B000D3BF00BF4861002038B5074C00230546A0
:10D8C00008461146236000F0A5F9431C02D12368E5
:10D8D00003B12B6038BD00BF18BE002000F08AB92C
:10D8E00010B50C46B1F90E1000F09CF80028ABBF43
:10D8F000636DA3891B1823F48053ACBF6365A381B8
:10D9000010BD2DE9F0411F468B89DB0505460C460D
:10D91000164605D502230022B1F90E1000F068F872
:10D92000A389B4F90E1023F48053A38132463B46F9
:10D930002846BDE8F04100F017B810B50C46B1F923
:10D940000E1000F055F8431CA38915BF606523F441
:10D95000805343F48053A38118BFA38110BDB1F954
:10D960000E1000F013B8000038B5074C0546084605
:10D970001146002222601A46FBF732FC431C02D1FA
:10D98000236803B12B6038BD18BE002038B5064CA3
:10D99000002305460846236000F01CF9431C02D111
:10D9A000236803B12B6038BD18BE002038B5074C82
:10D9B0000023054608461146236000F013F9431C76
:10D9C00002D1236803B12B6038BD00BF18BE002010
:10D9D00038B5064C002305460846236000F012F9CE
:10D9E000431C02D1236803B12B6038BD18BE002050
:10D9F00038B5074C054608461146002222601A46F3
:10DA000000F010F9431C02D1236803B12B6038BD2C
:10DA100018BE002051F8043C181F002BBCBF0B5847
:10DA2000C018704738B5074C054608461146002215
:10DA300022601A4600F0FEF8431C02D1236803B1AD
:10DA40002B6038BD18BE00204FF0FF3C06E000BF41
:10DA50004FF0010C02E000BF4FF0010C4DF804CD77
:10DA60004FEA410C7FEA6C5C4FEA430C18BF7FEA37
:10DA70006C5C1BD001B050EA410C0CBF52EA430C65
:10DA800091EA030F02BF90EA020F0020704710F1E5
:10DA9000000F91EA030F58BF994208BF90422CBF74
:10DAA000D8176FEAE37040F0010070474FEA410C6D
:10DAB0007FEA6C5C02D150EA013C07D14FEA430C8B
:10DAC0007FEA6C5CD6D152EA033CD3D05DF8040BFC
:10DAD000704700BF8446104662468C46194663462E
:10DAE00000E000BF01B5FFF7B7FF002848BF10F105
:10DAF000000F01BD4DF808EDFFF7F4FF0CBF01204A
:10DB000000205DF808FB00BF4DF808EDFFF7EAFFC5
:10DB100034BF012000205DF808FB00BF4DF808ED80
:10DB2000FFF7E0FF94BF012000205DF808FB00BF75
:10DB30004DF808EDFFF7CEFF94BF012000205DF8FF
:10DB400008FB00BF4DF808EDFFF7C4FF34BF01200C
:10DB500000205DF808FB00BF4FEA410C7FEA6C5CD7
:10DB600002D150EA013C0AD14FEA430C7FEA6C5CD7
:10DB700002D152EA033C02D14FF0000070474FF04F
:10DB8000010070474FEA410212F5001215D211D57B
:10DB90006FF47873B3EB625212D94FEAC12343F0AA
:10DBA000004343EA505311F0004F23FA02F018BF2C
:10DBB000404270474FF00000704750EA013005D1F5
:10DBC00011F0004008BF6FF0004070474FF00000B8
:10DBD000704700BF024B58221A604FF0FF30704769
:10DBE00018BE0020024B58221A604FF0FF307047D9
:10DBF00018BE0020024B58221A604FF0FF307047C9
:10DC000018BE0020024B58221A600020704700BF47
:10DC100018BE0020024B58221A604FF0FF307047A8
:10DC200018BE0020024B58221A604FF0FF30704798
:10DC300018BE0020024B58221A604FF0FF30704788
:10DC400018BE0020044A05491368002B08BF0B4684
:10DC50001844106018467047F4BD00201CBE002018
:10DC6000FEE700BFF8B500BFF8BC08BC9E46704791
:10DC7000F8B500BFF8BC08BC9E46704754696E7981
:10DC80005553422053657269616C0000000000002A
:10DC90000000000031650200896302007963020020
:10DCA0006D630200F16202003D6302001163020035
:10DCB000D1630200F0FFFFFF0000000029650200B1
:10DCC00012010002000000409A23B300000101028B
:10DCD0000301000009020900000100A03200000059
:10DCE0003031323334353637383941424344454692
:10DCF0004E6F6C6F676F000050726F4D6963726F8B
:10DD0000204E52463532383430000000416461669E
:10DD100072756974000000004D6173732053746F55
:10DD20007261676500000000312E30007573626417
:10DD300000000000050F3900021810050038B60871
:10DD400034A909A0478BFDA0768815B665000101AE
:10DD5000011C100500DF60DDD88945C74C9CD265E9
:10DD60009D9E648A9F00000306B20002000103002A
:10DD70000000000019700200A9700200D5700200B6
:10DD80001D71020029720200FD72020000000000F5
:10DD900000000000757D020000000000857D02008B
:10DDA000957D02002D7E02007D7F020000000000B4
:10DDB00000000000B5740200CD740200D1740200AE
:10DDC000E9740200B1750200D9770200000000007A
:10DDD00000000000758C0200998C02009D8C0200EE
:10DDE000C18C0200E98D020069950200000000006C
:10DDF00000000000997802000979020035790200DC
:10DE00005D790200917A0200957A0200000000001C
:10DE1000000000004D860200A5860200C1860200B7
:10DE2000E58602003D6D02001D8802000000000032
:10DE30005F757362645F7164656600005D20000059
:10DE400034E003003CE0030044E003004CE0030046
:10DE500058E0030060E003006CE003007CE0030096
:10DE600088E0030041542B434D49434741494E3D0F
:10DE70002575000041542B43434C4B3F00000000EC
:10DE80002B434D4752443A002B434D47523A000032
:10DE90006E6F202B434D4752206865616465722088
:10DEA000696E207265706C7900000000756E65788F
:10DEB000706563746564202B434D47522070617216
:10DEC000616D657465727320282564290000000067
:10DED00041542B43535100002B4353513A0000004F
:10DEE0006E6F20273E272070726F6D7074000000E7
:10DEF00041542B434C49503D3100000041542B43C9
:10DF00004C564C3D2575000041542B435344564319
:10DF10003D25750041544425733B000069676E6FD1
:10DF20007265643A202573004154453000000000BA
:10DF3000415400004154410041542B434855500086
:10DF40006E6F74696669636174696F6E207175655F
:10DF500075652066756C6C2C2064726F7070696ECC
:10DF6000673A2025730000004552524F52000000CE
:10DF70002B434D45204552524F5200002B434D53E9
:10DF8000204552524F5200002573202D3E2025730C
:10DF90000000000025732074696D6564206F75743E
:10DFA000000000004F4B00002B00000041542B43A9
:10DFB0004D47533D222573220000000073656E64B7
:10DFC000206661696C65643A2025730073656E6430
:10DFD0002074696D6564206F7574000052582025A7
:10DFE000730000006F76657273697A6564206C69EE
:10DFF0006E6520646973636172646564000000008B
:10E0000041542B43504D533F0000000041542B43DB
:10E010004D47463D3100000041542B434D47443DA0
:10E020002575000054582025730000006D6F64654D
:10E030006D00000052494E47000000002B434C4940
:10E04000503A00002B434D54493A00004E4F2043B4
:10E0500041525249455200002B43454E443A00007C
:10E06000564F4943452043414C4C3A004D49535388
:10E0700045445F43414C4C3A000000004E4F204164
:10E080004E535745520000004255535900000000BE
:10E09000756E706172736561626C653A20257300FC
:10E0A00074696D65000000006F7574206F662072E2
:10E0B000616E67653A2025730000000025303275D7
:10E0C0003A2530327500000000000000000000001A
:10E0D000753C030039570300996A02009DDD020078
:10E0E000B5DD0200B12F0300B52F0300413303005B
:10E0F000C52F0300D92F03000D320300B12F0300F9
:10E10000F12F0300ED2F0300713503009534030058
:10E11000BD300300A1DD0200153003003D310300D6
:10E1200063616C6C206661696C656400082008009E
:10E130006E616D652F6E756D626572202055502F72
:10E14000444E2020454E542063616C6C2020455382
:10E15000430000006E616D652F6E756D6265722003
:10E160002055502F444E2020454E542020455343E7
:10E170000000000043616C6C3A200000546F3A20AC
:10E18000000000005F00000074797065206D736707
:10E190002020454E542073656E6420204553430073
:10E1A00041542B434D47523D2564000041542B53AD
:10E1B000494D544F4E453D300000000041542B4323
:10E1C00050544F4E453D3000636F6D706F73650066
:10E1D000737461747573000063616C6C00000000FF
:10E1E0006469616C000000002A0000002F0000003C
:10E1F00041542B53494D544F4E453D312C38353009
:10E200002C3330302C3230302C313830300000009C
:10E2100041542B4350544F4E453D38006E6F206C97
:10E220006F63616C2072696E6720746F6E65207316
:10E230007570706F72740000747A206F6666736513
:10E2400074206E6F77202564206D696E00000000D9
:10E250006576656E740000004E6577206D6573739A
:10E26000616765202D2D20696E626F78206F6E20AA
:10E27000455343004E6577206D6573736167652074
:10E2800066726F6D20000000564F494345204341A0
:10E290004C4C3A20424547494E0000002B43454E26
:10E2A00044000000564F4943452043414C4C3A201E
:10E2B000454E440063616C6C20656E6465640000CB
:10E2C0004D69737365642063616C6C3A20000000D3
:10E2D0006F6B000064656C65746520736C6F7420EF
:10E2E00025643A20257300002B3100004E4F542046
:10E2F000464F554E440000004E4F54205245535057
:10E300004F4E44494E4700007072657373206B6531
:10E31000797320746F2074657374202045534320F3
:10E320006261636B000000006469792D70686F6E34
:10E3300065200000667265652052414D2020000076
:10E3400020627974657300006B6579626F61726435
:10E35000202000006D6F64656D20202020200000CB
:10E3600041542B434F50533F000000006F706572C3
:10E3700061746F72202000006E65742074696D6591
:10E38000202000007369676E616C2020202000004F
:10E390002F333100736D7320736C6F747320000022
:10E3A000206F6620000000006D6973736564206350
:10E3B000616C6C730000000020206E6F6E650000C1
:10E3C0006B657920746573743A2000007072657310
:10E3D0007320616E79206B65790000004641494CDD
:10E3E000454400006465627567206F6E00000000A0
:10E3F0006465627567206F666600000041544900DD
:10E4000041542B4350494E3F0000000041542B43E0
:10E410005245473F000000006465627567000000D8
:10E4200072616D00206279746573206672656500A3
:10E43000636F6D6D616E64733A000000202041547B
:10E440002E2E2E20202073656E6420616E7920416F
:10E450005420636F6D6D616E6420746F2074686505
:10E46000206D6F64656D2C207072696E7420746805
:10E4700065207265706C7900202073746174757307
:10E4800020206D6F64656D206865616C7468206321
:10E490006865636B0000000020206465627567207A
:10E4A0002020746F67676C6520726177204154206B
:10E4B00054582F52582074726163696E67000000CF
:10E4C000202072616D202020202073686F772066E5
:10E4D0007265652052414D00202068656C702020D7
:10E4E000202074686973206C69737400656D696CB1
:10E4F000696500006C697A00646F6E005B6F6B5D2C
:10E50000200000005B2D2D5D20000000454E5420B2
:10E51000616E7377657220204553432072656A658A
:10E520006374000055502F444E20766F6C20204CB1
:10E530002F52206D696320204553432068616E6728
:10E5400020757000696E2063616C6C00696E636F8A
:10E550006D696E672063616C6C00000063616C6CB8
:10E56000696E672E2E2E0000766F6C200000000072
:10E5700020206D6963200000302D3920747970658A
:10E580002020454E542063616C6C2020455343206D
:10E5900063616E63656C00006469616C3A20000021
:10E5A00055502F444E204420523A7265706C7920A9
:10E5B000503A63616C6C20455343000046726F6DA6
:10E5C0002000000061742000206C6F63616C00000B
:10E5D0002E2E2E00696E626F7820656D7074790042
:10E5E0006D6F64656D206F66666C696E65202D2D9C
:10E5F000206E6F20696E626F780000004D3A6D7377
:10E600006720433A63616C6C20454E54204420528D
:10E61000205020302D392054414200004320636FA8
:10E620006D706F7365732061206D657373616765CD
:10E630003B20746578742074686973006E756D6230
:10E64000657220746F2066696C6C2074686520693F
:10E650006E626F782E0000002D2D3A2D2D000000E7
:10E6600073656E740000000053454E4420464149D6
:10E670004C4544202D2D204D20726573756D6573BA
:10E6800000000000647261667420726573756D65C8
:10E690006400000073656E64696E672E2E2E0000A4
:10E6A0006472616674207361766564202D2D204D3F
:10E6B00020726573756D65730000000063616C6C9A
:10E6C0002072656A656374656400000027000000BD
:10E6D000272020283078000029000000636F64653F
:10E6E0002030780073656E6420746F2025733A20A3
:10E6F0002573000041542B434D474C3D22414C4C67
:10E700002200000041542B434D474C206661696C48
:10E7100065640000736D73002B434D474C3A000055
:10E72000554E5245414400003F0000002564206DD5
:10E730006573736167652873292C20256420756EC5
:10E7400072656164000000007635366500000000E7
:10E75000ECE4030018E80300F4E4030028E80300F5
:10E76000F8E4030038E803006D6F64656D206F6E98
:10E770006C696E65000000006469792D70686F6EC9
:10E78000650000006B6579626F61726400000000D3
:10E790006B6579626F617264206F6B00626F6F747A
:10E7A0000000000077616974696E672E2E2E0000EC
:10E7B000524541445900000053494D206361726441
:10E7C000000000002C3100002C35000020756E7216
:10E7D000656164206D657373616765005344412D05
:10E7E0003E382053434C2D3E373F000054582D3EB9
:10E7F000342052582D3E333F20706F7765723F00B2
:10E800006E6574776F726B00736561726368696EB1
:10E81000672E2E2E000000002B313634363332376F
:10E8200038323230000000002B3136313734323983
:10E8300039313434000000002B3136353132353275
:10E8400034373635000000000000000000000000F2
:10E850002929030051290300996A02000D290300A8
:10E86000112903001929030021290300705F737027
:10E870006920213D204E554C4C0000002F686F6DE3
:10E88000652F6477626C6169722F2E706C6174669B
:10E890006F726D696F2F7061636B616765732F664F
:10E8A00072616D65776F726B2D61726475696E6FE1
:10E8B00061646166727569746E726635322F6C6957
:10E8C000627261726965732F5350492F5350492EFC
:10E8D00063707000535049436C6173733A3A5350FC
:10E8E00049436C617373284E52465F5350494D5FE4
:10E8F000547970652A2C2075696E74385F742C20E9
:10E9000075696E74385F742C2075696E74385F7425
:10E910002900000000000000003E5B4F5B3E3E6BA4
:10E920004F6B3E1C3E7C3E1C183C7E3C181C577DA9
:10E93000571C1C5E7F5E1C00183C1800FFE7C3E7F5
:10E94000FF0018241800FFE7DBE7FF30483A060E07
:10E950002629792926407F050507407F05253F5A4E
:10E960003CE73C5A7F3E1C1C08081C1C3E7F1422BE
:10E970007F22145F5F005F5F06097F017F00668969
:10E98000956A606060606094A2FFA29408047E04AF
:10E990000810207E201008082A1C08081C2A0808D5
:10E9A0001E101010100C1E0C1E0C30383E38300695
:10E9B0000E3E0E06000000000000005F0000000791
:10E9C000000700147F147F14242A7F2A12231308BF
:10E9D000646236495620500008070300001C22419B
:10E9E000000041221C002A1C7F1C2A08083E08083F
:10E9F00000807030000808080808000060600020EF
:10EA0000100804023E5149453E00427F40007249D1
:10EA10004949462141494D331814127F1027454575
:10EA200045393C4A4949314121110907364949498B
:10EA300036464949291E00001400000040340000F9
:10EA40000008142241141414141400412214080262
:10EA5000015909063E415D594E7C1211127C7F49D5
:10EA60004949363E414141227F4141413E7F49492A
:10EA700049417F090909013E414151737F08080856
:10EA80007F00417F41002040413F017F0814224127
:10EA90007F404040407F021C027F7F0408107F3E81
:10EAA0004141413E7F090909063E4151215E7F09EE
:10EAB000192946264949493203017F01033F404055
:10EAC000403F1F2040201F3F4038403F6314081440
:10EAD0006303047804036159494D43007F41414178
:10EAE0000204081020004141417F04020102044059
:10EAF00040404040000307080020545478407F28DD
:10EB00004444383844444428384444287F385454D2
:10EB1000541800087E090218A4A49C787F080404F5
:10EB20007800447D40002040403D007F1028440094
:10EB300000417F40007C047804787C080404783825
:10EB400044444438FC1824241818242418FC7C0855
:10EB5000040408485454542404043F44243C4040D2
:10EB6000207C1C2040201C3C4030403C4428102885
:10EB7000444C9090907C4464544C440008364100CE
:10EB80000000770000004136080002010204023C48
:10EB90002623263C1EA1A161123A4040207A385417
:10EBA0005455592155557941225454784221555490
:10EBB000784020545579400C1E52721239555555E3
:10EBC00059395454545939555454580000457C41CE
:10EBD0000002457D420001457C407D1211127DF00E
:10EBE000282528F07C545545002054547C547C0A38
:10EBF000097F4932494949323A4444443A324A4801
:10EC000048303A4141217A3A42402078009DA0A004
:10EC10007D3D4242423D3D4040403D3C24FF242456
:10EC2000487E4943662B2FFC2F2BFF0929F620C075
:10EC3000887E090320545479410000447D413048C6
:10EC4000484A32384040227A007A0A0A727D0D1909
:10EC5000317D2629292F28262929292630484D406B
:10EC600020380808080808080808382F10C8ACBA67
:10EC70002F102834FA00007B000008142A142222E6
:10EC8000142A14085500550055AA55AA55AAFF552F
:10EC9000FF55FF000000FF00101010FF00141414B7
:10ECA000FF001010FF00FF1010F010F0141414FCFF
:10ECB000001414F700FF0000FF00FF1414F404FC1C
:10ECC000141417101F10101F101F1414141F0010FD
:10ECD0001010F0000000001F101010101F10101076
:10ECE00010F010000000FF10101010101010101085
:10ECF000FF10000000FF140000FF00FF00001F10C5
:10ED0000170000FC04F414141710171414F404F47E
:10ED10000000FF00F714141414141414F700F7146F
:10ED20001414171410101F101F141414F4141010BE
:10ED3000F010F000001F101F0000001F1400000062
:10ED4000FC140000F010F01010FF10FF141414FF5A
:10ED5000141010101F00000000F010FFFFFFFFFF55
:10ED6000F0F0F0F0F0FFFFFF0000000000FFFF0FE9
:10ED70000F0F0F0F3844443844FC4A4A4A347E028D
:10ED8000020606027E027E0263554941633844440E
:10ED90003C04407E201E2006027E020299A5E7A5C3
:10EDA000991C2A492A1C4C7201724C304A4D4D3034
:10EDB0003048784830BC625A463D3E494949007E59
:10EDC0000101017E2A2A2A2A2A44445F44444051F0
:10EDD0004A444040444A51400000FF0103E080FFA4
:10EDE000000008086B6B083612362436060F090F30
:10EDF00006000018180000001010003040FF01014C
:10EE0000001F01011E00191D1712003C3C3C3C0074
:10EE1000000000000000000000000000753C03003E
:10EE200039570300996A02009DDD0200C96A030098
:10EE3000B12F0300B52F030041330300C52F03009A
:10EE4000D92F03000D320300B12F0300F12F03006F
:10EE5000ED2F03007135030095340300BD3003002E
:10EE6000DD330300153003003D3103004275737933
:10EE70002054696D656F757421000000203A2000F0
:10EE800000000000000000000D400300953E03005C
:10EE9000593E0300C96A0300C96A0300C96A030036
:10EEA0009D3D0300C93D0300C96A0300CD3D030039
:10EEB000D53D0300013E0300453E0300493E0300EB
:10EEC000C96A0300C96A0300C96A0300C96A03006A
:10EED0004D3E0300513E0300553E03005F557064F4
:10EEE0006174655F46756C6C000000005F5570646E
:10EEF0006174655F50617274000000005F506F774D
:10EF000065724F666600000000000000000000000F
:10EF10000D400300953E0300593E030011530300CA
:10EF2000C5540300914C0300C54C03001D4D030064
:10EF300039500300AD510300C54C0300D550030008
:10EF4000453E0300493E0300B14603006547030008
:10EF500029450300654503004D3E0300513E030073
:10EF6000553E0300080000000600000011000000EC
:10EF7000140000001600000018000000200000002F
:10EF80000B00000024000000260000000900000023
:10EF90000A0000002B0000002D0000002F000000E0
:10EFA000020000001D0000001F0000002100000002
:10EFB00022000000250000000D0000000F000000EE
:10EFC0000D0A00000000000000000000615B03006B
:10EFD000AD5B03001D5B0300355B0300055B0300B5
:10EFE000155B03000D5B0300115C0300495E030029
:10EFF0005D5A0300555A0300546D72510000000021
:10F00000546D7220537663006C6F6F7000000000C7
:10F0100043616C6C6261636B000000002C206675BC
:10F020006E6374696F6E3A20006173736572746900
:10F030006F6E2022257322206661696C65643A2018
:10F0400066696C6520222573222C206C696E652010
:10F050002564257325730A004C6100204300504F3E
:10F06000534958002E00232D302B2000686C4C0093
:10F0700065666745464700494E4600696E66004E24
:10F08000414E006E616E003000303132333435361F
:10F090003738394142434445460030313233343504
:10F0A00036373839616263646566000020202020AD
:10F0B0002020202020282828282820202020202028
:10F0C0002020202020202020202020208810101008
:10F0D0001010101010101010101010100404040460
:10F0E00004040404040410101010101010414141D5
:10F0F0004141410101010101010101010101010140
:10F1000001010101010101101010101010424242D2
:10F11000424242020202020202020202020202020F
:10F120000202020202020210101010200000000071
:10F1300000000000000000000000000000000000CF
:10F1400000000000000000000000000000000000BF
:10F1500000000000000000000000000000000000AF
:10F16000000000000000000000000000000000009F
:10F17000000000000000000000000000000000008F
:10F18000000000000000000000000000000000007F
:10F19000000000000000000000000000000000006F
:10F1A000000000000000000000000000496E6669D9
:10F1B0006E697479004E614E00000000000000008E
:10F1C000000000000000000000000000000000003F
:10F1D000000000000000000000000000000000002F
:10F1E000000000000000000000000000000000001F
:10F1F000000000000000000000000000000000000F
:10F2000000000000000000000000000000000000FE
:10F2100000000000000000000000000000000000EE
:10F220000080E03779C34143176E05B5B5B8934602
:10F23000F5F93FE9034F384D321D30F94877825ACE
:10F240003CBF737FDD4F1575000000000000F03FEC
:10F2500000000000000024400000000000005940B1
:10F260000000000000408F40000000000088C34004
:10F2700000000000006AF8400000000080842E4179
:10F2800000000000D01263410000000084D79741C5
:10F290000000000065CDCD41000000205FA00242CB
:10F2A000000000E876483742000000A2941A6D4240
:10F2B000000040E59C30A2420000901EC4BCD64233
:10F2C00000003426F56B0C430080E03779C34143DE
:10F2D00000A0D8855734764300C84E676DC1AB4354
:10F2E000003D9160E458E143408CB5781DAF154472
:10F2F00050EFE2D6E41A4B4492D54D06CFF080444D
:10F30000F64AE1C7022DB544B49DD9794378EA4461
:10F3100005000000190000007D0000000000000052
:08F32000306FFE7F01000000C8
:10F32800000000000A00000000000306B200080008
:10F3380001000000A800080002000000A00014005E
:10F34800030057494E5553420000000000000000DA
:10F3580000008400040007002A00440065007600CD
:10F3680069006300650049006E0074006500720062
:10F3780066006100630065004700550049004400CD
:10F388007300000050007B0039003700350046004C
:10F3980034003400440039002D00300044003000AF
:10F3A80038002D0034003300460044002D0038009A
:10F3B8004200330045002D00310032003700430081
:10F3C800410038004100460046004600390044002C
:10F3D8007D000000000000000400000010000C0088
:10F3E8007072002030DE0300000000000000000002
:10F3F8000000000000000000000000000000000005
:10F4080000000000000000000000000000000000F4
:10F4180000000000000000000000000000000000E4
:10F4280000000000000000000000000000000000D4
:10F438000000000000000000FF020000FFFFFFFFC7
:10F44800FFFFFFFFFFFFFFFFFFFFFFFFFFFFFFFFC4
:10F45800FFFFFFFFFFFFFFFF10FF0500FFFFFFFF9C
:10F4680003FF00000090D0034C6100200000000062
:10F47800DCF10300FCF10300BCF103000000000014
:10F488000000000000000000000000000000000074
:10F498000000000000000000000000000000000064
:10F4A8000000000000000000000000000000000054
:10F4B8000000000000000000000000000000000044
:10F4C80000000000000000000000000043000000F1
:10F4D8000000000000000000000000000000000024
:10F4E80000000000000000000000000043000000D1
:10F4F8000000000000000000000000000000000004
:10F5080000000000000000000000000043000000B0
:10F5180000000000000000000000000000000000E3
:10F528000000000000000000000000004300000090
:10F5380000000000000000000000000000000000C3
:10F548000000000000000000000000004300000070
:10F5580000000000000000000000000000000000A3
:10F568000000000000000000000000004300000050
:10F578000000000000000000000000000000000083
:10F588000000000000000000000000004300000030
:10F598000000000000000000000000000000000063
:10F5A800000000000000000000000000A1BD0300F2
:10F5B800A1AC030000000000ABF0030064F00300FE
:10F5C80057F0030057F0030057F0030057F003000B
:10F5D80057F0030057F0030057F0030057F00300FB
:10F5E80057F00300FFFFFFFFFFFFFFFFFFFFFFFFD5
:10F5F800FFFF00000100415343494900000000009B
:10F6080000000000000000000000000000000000F2
:10F618000000000000004153434949000000000079
:10F6280000000000000000000000000000000000D2
:10F6380000000000000000000162020035620200C4
:10F6480025660200AD230300952C0300592F030003
:08F65800D960030011620200F9
:04000003300090E158
:00000001FF
