:020000022000DC
:10600000000004205D7303009D7303009F73030071
:10601000A1730300A3730300A57303000000000035
:106020000000000000000000000000007971030083
:10603000A97303000000000099710300AD73030011
:106040000D750300AF730300054303005D160300E5
:10605000AF730300AF730300E9430300AF730300A2
:10606000AF730300AF730300AF730300AF7303009C
:10607000AF730300AF730300AF730300AF7303008C
:10608000AF730300FD6E0300AF730300AF73030033
:10609000AF730300AF730300AF730300AF7303006C
:1060A000AF730300AF730300AF730300AF7303005C
:1060B000AF730300AF730300000000000000000096
:1060C000AF730300AF730300AF730300357A0300AF
:1060D000AF730300AF730300AF730300F16C0200F2
:1060E000AF730300AF730300AF7303000000000041
:1060F00000000000AF73030000000000AD7A030051
:10610000000000000000000000000000000000008F
:10611000000000000000000000000000000000007F
:10612000000000000000000000000000000000006F
:10613000000000000000000000000000000000005F
:10614000000000000000000000000000000000004F
:10615000000000000000000000000000000000003F
:10616000000000000000000000000000000000002F
:10617000000000000000000000000000000000001F
:10618000000000000000000000000000000000000F
:1061900000000000000000000000000000000000FF
:1061A00000000000000000000000000000000000EF
:1061B00000000000000000000000000000000000DF
:1061C00000000000000000000000000000000000CF
:1061D00000000000000000000000000000000000BF
:1061E00000000000000000000000000000000000AF
:1061F000000000000000000000000000000000009F
:10620000F1EE103A43F08073E1EE103A704700BFB0
:1062100010B5054C237833B9044B13B10448AFF3E0
:1062200000800123237010BD1C63002000000000CB
:10623000C4D2030008B5034B1BB103490348AFF3B5
:10624000008008BD0000000020630020C4D20300CD
:10625000154B002B08BF134B9D46A3F5803A002138
:106260008B460F461348144A121A12F009FE0F4BC0
:10627000002B00D098470E4B002B00D098470020F1
:10628000002104000D000D48002802D00C48AFF397
:10629000008012F071FD2000290011F0B1F812F019
:1062A00045FD00BF000008000000042000000000C1
:1062B000000000001C63002018AA0020000000005D
:1062C000000000000146014800F08EBA546300202F
:1062D00038B5064B1D783DB100242046013400F04E
:1062E00049FEE0B28542F9D838BD00BF50630020B6
:1062F000407DFF2806D010B500F088FD044618B197
:10630000204610BD0020704711F0EEFC204610BD65
:10631000407DFF280ED000B583B00DF1070100F0DD
:10632000C9FD20B19DF8070003B05DF804FB4FF0F4
:10633000FF30F9E74FF0FF30704700BF407DFF2886
:1063400011D000B583B001220DF1070100F06AFD04
:1063500020B94FF0FF3003B05DF804FB9DF8070053
:1063600003B05DF804FB4FF0FF307047407DFF281D
:1063700001D000F0FFBD7047407DFF2801D000F044
:106380003FBE0020704700BFF8B50646407DFF289D
:106390001CD017465AB10D46144600F011FD29468F
:1063A000224680B1707D00F08FFD241A01D138465D
:1063B000F8BD054411F098FC707D00F001FD294600
:1063C00022460028EED13F1B3846F1E70020F8BDF9
:1063D0000AB32DE9F043524991F81C6191F81D511F
:1063E00091F81E7193B0994614467B1CAA1C8046F6
:1063F000B01C81F81C0181F81D2181F81E3101A813
:106400004222002112F03CFDB9F1410F05D80020D5
:1064100013B0BDE8F083422070478DF806608DF818
:106420000E608DF82660721C40F20126D2B2ADF8E3
:106430001060DFF8F0C08DF81E20242640F6083EDC
:106440006B1C8DF827208DF83120ADF804E08DF815
:1064500016608DF820608DF82460CDF818C00426F1
:106460004FF0060C65F07F0540F209424FF0010E37
:1064700098F81410ADF80C208DF81CE005228DF86A
:106480001F608DF830608DF822C040F207568DF8FD
:1064900025C08DF82A5020464FF0030E63F07F048C
:1064A0004FF0080C02234FF411658DF814108DF88D
:1064B00007308DF808308DF809308DF812308DF8DE
:1064C00021308DF815208DF823208DF82BE08DF8E4
:1064D0002CC04FF00A0EADF82E504FF0400C01A921
:1064E000ADF8286007258DF833308DF840208DF801
:1064F0004140422244F20204ADF838608DF83B304E
:106500008DF83A708DF834E08DF83CC08DF83F502E
:10651000ADF8424012F090FC422013B0BDE8F08389
:106520005463002020010524A0F11000FFF750BFA4
:1065300070B50368184A5B6882B093428DF8071003
:1065400024D10546407DFF281DD000F039FC0DF117
:10655000070601243146224688B1687D00F0B4FC6C
:10656000241A02D1012002B070BD064411F0BCFB18
:10657000687D00F025FC314622460028EDD1C4F1AB
:10658000010002B070BD002002B070BD01220DF10B
:106590000701984702B070BD89630200437DFF2B5D
:1065A00000D07047094B1A78002AFAD110B500F1D3
:1065B000100442750649204601221A7000F0E0F9E5
:1065C00021460448BDE8104000F0F0B850630020B8
:1065D000ECBD030054630020407DFF2807D000B5C8
:1065E00083B000F0EDFB20B103B05DF804FB0020A8
:1065F0007047019011F078FB019803B05DF804FB3F
:1066000001B900B1704700B583B0694600F0EEFBF8
:10661000009BB3F5966F02D003B05DF804FB00F069
:106620007DFBF9E730B4084B084A4FF47F4102F193
:106630000805002430324FF47A7099821D60C3E956
:1066400001401A6130BC704738630020FCBD030074
:106650002DE9F0410024484E2546435D4719A3B17A
:1066600003F14002D2B2012A0AD9F42B08D81A0643
:106670000ED44FF0010EA3F55842B2F5006F56D27A
:1066800001354719435D002BEAD12046BDE8F08172
:1066900003F0E002C02A57D003F0F002E02A66D0EF
:1066A00003F0F802F02AEBD103F007024FF0040EDA
:1066B0007B7803F0C00CBCF1800FE1D197F802C0E9
:1066C0000CF0C00803F03F03B8F1800F43EA8213D7
:1066D000D6D10CF03F0CBEF1030F4CEA83132DD042
:1066E000FA7802F0C007802FCAD102F03F0242EAD6
:1066F0008313A3F58032B242C2D8A3F55847B7F549
:10670000006FBDD3B3F5803F05F1040510D31E2CF7
:10671000BBDC6300970A0B44C2F30902A7F52057BC
:10672000A2F5105221F814705A80023495E775448E
:10673000202CAAD021F8143001348EE7A3F5006292
:10674000B2F5784F97D39BE77A7802F0C007802F95
:1067500003F01F0394D102F03F0242EA8313A3F136
:106760008002B2F5F06F8BD24FF0020E83E703F098
:106770000F024FF0030E9BE7FFFF0F0090F8503120
:106780000B2B0CD871B103F1480210B45C1C80F8DB
:10679000504140F822105DF8044B18467047002322
:1067A000184670470B461846704700BF70B5044640
:1067B0000E68B4F81821B4F81A31656936689B1A66
:1067C00008469BB294F81C112A44B04758B1B4F85B
:1067D00018216369104480B2A4F81801588094F815
:1067E0001C211A71012070BD2DE9F043284DDFF8FE
:1067F000B090AC4604468846BCE80F0089B003AFB1
:106800000FC703AE0FCE05F1140E25460FC59EE847
:106810000700DCF800303B806B4636682E8003C3EF
:106820006B4603CB012504F118034FF480766361B6
:10683000A061E16184F8202004F59870C4F81891F3
:106840002022A4F81C61002184F81E5112F018FBCC
:1068500040F20947042240F2EF230E4E0E48C4F8DE
:1068600028010021C4F82C1184F85021A3804FF492
:10687000E131A571C4F82071C4F824610748FFF71D
:106880008DFE404600F038FA284609B0BDE8F08396
:1068900030BE030060BE030068BE03003863002002
:1068A000090000010048704754630020014B5869FB
:1068B000704700BF546300202DE9F04F89B0F8B154
:1068C000032816D02B4C94F8503183424FD94830CE
:1068D00004F5AA7154F82000FFF7BAFEC0B20130E7
:1068E000400040F44070A4F85201234809B0BDE8CC
:1068F000F08F204CD4F82C0150B104F5AA71EBE7CD
:106900001C4CD4F82031A4F854314FF44170EAE71C
:10691000684600F005FA054610B300F1FF3A0DF1A4
:106920000103164FE94653FA8AFAA64604AE97E8E1
:106930000F0019F801CB86E80F000CF00F080DF1DD
:10694000200BD8440BEB1C1C18F8108C1CF8103CC6
:10695000AEF85681D145AEF854310EF1040EE6D1B1
:106960006800C0B20130400040F44070BBE7002036
:10697000BCE700BF54630020A664002050BE0300A3
:1069800010B504460248FFF7F9FE207110BD00BFA4
:106990005463002030B5144C236883B013B31868D7
:1069A00051B90AF0B7FF236893F90400012103B03D
:1069B000BDE8304011F0CCBB0C4B00930025012307
:1069C0008DF805308DF8045002AB13E906000AF08B
:1069D0003DFF236893F90400294603B0BDE8304029
:1069E00011F0B6BB03B030BDE864002080BA8C0162
:1069F0000448006828B108B500680AF091FF01203A
:106A000008BD7047E8640020084B1B6843B141B9DA
:106A1000074B4022C3F88020BFF34F8FBFF36F8F27
:106A20007047034B40221A60704700BFE8640020A3
:106A300000E100E0024B53F8200000B1C06870474D
:106A4000EC64002030B4094CBDF8085054F82040E4
:106A500044B1246934B10846A44611461A462B466F
:106A600030BC6047002030BC704700BFEC640020A1
:106A700030B4084CBDF8085054F8204044B1646963
:106A800034B10846A44611461A462B4630BC60472E
:106A900030BC7047EC64002000207047024B18683F
:106AA00008B190F860007047F46400202DE9F843C5
:106AB000234C2568002D3CD01E462C2303FB00539D
:106AC0001746D3F8209088460446B9F1000F32D01B
:106AD000484613F098F82C2303FB0454D4E90954D6
:106AE000DFF864C0174B08280246494628BF082231
:106AF0004046002D08BF6546002C08BF1C4612F01A
:106B00009BF9284613F07FF810280246294628BF33
:106B10001022384612F090F9204613F074F8042839
:106B200002462146304628BF0422BDE8F84312F051
:106B300083B9BDE8F883DFF814900820CBE700BFE5
:106B4000F464002098BE030088BE03007CBE0300EE
:106B500070B5104E3368D3B12C2404FB00340546C5
:106B600062691AB19047336884F832002C2202FB24
:106B7000053393F8324014B10124204670BD2846F5
:106B800023463A22022101F0E7F8204670BD1C4658
:106B9000204670BDF4640020074B1B6853B110B44D
:106BA0002C2404FB0030C46A038E0C6013805DF853
:106BB000044B7047704700BFF464002008B52022E2
:106BC0000023052101F0C8F84FF0FF3008BD00BFD9
:106BD00030B4094C24685CB10D4611462C2202FBEE
:106BE0000044E46924B11A462846234630BC1847BD
:106BF000012030BC704700BFF464002030B4094C61
:106C0000029A246854B10D462C2101FB0044A4686B
:106C100024B119462846234630BC18474FF0FF30B0
:106C200030BC7047F464002030B4094C029A2468E8
:106C300054B10D462C2101FB0044E46824B11946EF
:106C40002846234630BC18474FF0FF3030BC704711
:106C5000F4640020044B1B682BB12C2202FB003093
:106C6000036903B118477047F4640020054B1B68A3
:106C70002BB12C2202FB0030836903B1184701209D
:106C8000704700BFF464002005F0DCBB00B5164B74
:106C900083B04022002483F8272301A90123204642
:106CA0008DF804308DF8054002F0DAFE4FF0804395
:106CB00002A8D3F8385400F8084D10F0E1FB0B4B54
:106CC000019301A810F008FC10F018FCEB0707D4A2
:106CD00000214FF0FF3002F04DFFFFF7F9FAF7E720
:106CE000204605F0AFFBF3E700E100E0896C02000D
:106CF000002005F01DB800BF00B5002383B00322BB
:106D0000CDE9002303490448C8220FF0B7F803B0C7
:106D10005DF804FB9CBE03008D6C020011F090B97D
:106D20004FF08052536E1BBA0360136E1BBA436060
:106D30000820704700487047A4BE030070B51E4C81
:106D40002368D3B1012901D0012070BD1578C5F3A6
:106D50004115012D13D0022D0FD15478012C21D0D3
:106D6000022CF1D19388072B07D1144C11462389AB
:106D70002246BDE8704003F035BE002070BD51785A
:106D80002229E1D111465288003218BF01225A75DA
:106D900003F010FE2268D369002BD5D0507D9847B0
:106DA000284670BD9C69002CE7D011462378224606
:106DB000BDE8704003F016BEF864002004600020B7
:106DC00010B5044602F034FE08B9002010BD02F0F0
:106DD00037FE0028F9D1044B4FF4367202FB04341D
:106DE000207900F0010010BD7C650020064A4FF4B8
:106DF000367303FB00230833186808609A889B7970
:106E00008B718A80704700BF7C65002008B5044AFA
:106E10004FF4367303FB0020103002F055FC08BD20
:106E20007C6500202DE9F8434FF4367404FB00F430
:106E30001E4E4FF6FF73074604F110054FF6FE7025
:106E4000824288BF1A463544284692B202F066FC58
:106E5000804602F0EDFD10B94046BDE8F88302F02F
:106E6000EFFD81460028F7D13444E378002BF3D0BE
:106E7000284602F041FC3F28EED9E178484603F06D
:106E8000E7FC0028E8D0284602F036FC3F2804D86A
:106E9000E178484603F0ECFCDEE7054AE178484635
:106EA00002EBC712402303F0F3FCD5E77C6500201A
:106EB000FC640020034A4FF4367303FB00201030BB
:106EC00002F096BC7C6500202DE9F8434FF436753E
:106ED00005FB00F5244F4FF6FF73064605F1240429
:106EE0004FF6FE70824288BF1A463C4492B220465A
:106EF00002F0B8FC8046204602F0E6FB3F2802D8AC
:106F00004046BDE8F88302F093FD0028F8D002F077
:106F100097FD81460028F3D1204602F0D5FB0028DA
:106F2000EED03D444846A97803F092FC0028E7D013
:106F30000E4B402202EBC6161E442046314602F09C
:106F4000EDFB034660B13246A978484603F0A0FC49
:106F50000028D5D1064B1B68DB07D1D500BECFE793
:106F6000A97803F085FCCBE77C650020FC64002059
:106F7000F0ED00E02DE9F041804602F059FD10B936
:106F80000020BDE8F08102F05BFD07460028F7D144
:106F90004FF4367404FB08F4164E04F1240535440E
:106FA000284602F091FB0028EAD026443846B17802
:106FB00003F04EFC0028E3D040220F4B02EBC81830
:106FC00098442846414602F0A9FB044660B1424677
:106FD000B1783846234603F05BFC40B9074B1B6889
:106FE000DB07CDD500BECCE7B17803F041FC2046ED
:106FF000C7E700BF7C650020FC640020F0ED00E0E6
:1070000008B5044A4FF4367303FB0020243002F025
:1070100073FB08BD7C65002070B5204C82B0002158
:107020004FF4367220460D4611F02AFFFF234FF42D
:10703000E132082604F138016371A26001234FF4A4
:107040008072009504F11000A67302F001FB144B4E
:107050001B78C3F38003009304F59C7101234FF464
:10706000807204F1240002F0F3FA04F50E7101209D
:107070000EF048F904F52271064601200EF042F99F
:1070800006B130B9074B1B68DB0700D500BE02B064
:1070900070BDC4E90756C4E90C05F8E77C6500201B
:1070A000B8600020F0ED00E038B5094C206A256B8F
:1070B00020B10EF04BFD0023C4E907332DB1284663
:1070C0000EF044FD0023C4E90C33012038BD00BF9D
:1070D0007C65002010B50E4C0E482378002202601B
:1070E0000271DA0709D59B070DD521780A48C1F34B
:1070F0008001BDE8104002F063BC103002F040FC9B
:1071000023789B07F1D4044802F03AFCEDE700BF76
:10711000B86000207C650020A06500202DE9F041CA
:107120004B79022B82B004D00025284602B0BDE87E
:10713000F0818B79022BF7D1364EB3782BB1364BD9
:107140001B68DB07F0D500BEEEE78B7833700C7858
:107150000C4407466378242B4FF009050BD1082A0D
:1071600002D822E0AA4220D323781C441D4463782D
:10717000242BADB2F6D0052B38D0042B15D1637972
:107180000A2B12D1254A94F8008001920223013281
:107190000092384604EB08011A4603F095FA0028DD
:1071A000CDD00E3518FA85F5ADB202F041FC0028BD
:1071B000BBD002F045FC04460028B6D1F378002B82
:1071C000B3D0174802F098FA3F28AED9F17820469C
:1071D00003F03EFB0028A8D0114802F08DFA3F28AA
:1071E000F17811D8204603F043FB9EE7214638464C
:1071F00003F00AFB0028A2D0A378737023781C4404
:107200001D44ADB26378B8E7064A2046402303F038
:107210003FFB8AE77C650020F0ED00E07E65002002
:107220008C650020FC64002038B5137803F06003FF
:10723000202B01D0002038BD294C938825789D4211
:10724000F8D15378203B032BF4D8DFE803F008157E
:107250001E02012936D0032939D0012038BD012969
:107260000CD00329F9D11F4B002BF6D01E4900206A
:10727000AFF30080012038BD0129EED1114607236C
:10728000194A03F0AFFB012038BD01291AD00329A8
:10729000E3D1164B55881B781548257113F004016E
:1072A0001CBFE94301F0010102F08AFB114B002BE6
:1072B000D3D0C5F3400205F001010020FFF7A0F98B
:1072C000012038BD114603F075FB012038BD0A4B83
:1072D000002BC2D051880020AFF30080BDE700BF73
:1072E0007C6500200000000084650020B86000205C
:1072F000A065002001660200000000002DE9F047B3
:107300005F4CE2788A420D4680461F4659D15D4E59
:107310009AB2314604F1100002F0A4FA5A4BC3B1FC
:107320006379FF2B15D0A7B106EB070A04F110090A
:1073300002E056450DD0637916F8012B9A42F8D138
:10734000484602F0D1F90028F3D16179AFF300800B
:10735000EFE74E4B23B14E4802F0C6F9002863D048
:1073600002F066FB002862D1A3789D4202D0012082
:10737000BDE8F087474B13B10020AFF3008002F067
:1073800057FB00282BD1444802F09EF90028EED18B
:10739000002FECD017F03F07E9D1A178404603F069
:1073A00057FA0028E3D0A17840463B463A4603F01E
:1073B0006FFA0028DBD1394B1B68DA070CD500BE09
:1073C000D6E7A3788B42D5D0344B1B68DB0703D5B7
:1073D00000BE0020BDE8F0870020BDE8F08702F085
:1073E0002FFB05460028CED12B4802F06DF900286E
:1073F000C9D0A178284603F02BFA0028C3D0402238
:107400002749254802F08AF9034600282CD028464F
:10741000234AA17803F03CFA0028A8D11F4B1B682F
:10742000D907B0D500BEAEE7AFF3008098E702F011
:1074300007FB0646002897D1E378002B94D0144828
:1074400002F05AF93F288FD9E178304603F000FA6C
:10745000002889D00E4802F04FF93F28304607D85F
:10746000E17803F005FA7FE7A17803F001FA8AE7F3
:107470004023044AE17803F00BFAA37875E700BFD4
:107480007C650020FC64002000000000000000007B
:107490008C65002000000000A0650020F0ED00E0F9
:1074A0003C650020704700BF01207047704700BF57
:1074B000704700BF044B0022C3E90022C3E9022247
:1074C000C3E90422704700BFD4690020012070473F
:1074D000044B0022C3E90022C3E90222C3E90422CB
:1074E000704700BFD46900202DE9F0434B79032B8E
:1074F00083B004D00024204603B0BDE8F0830B79AC
:10750000C3EBC3041234A4B2944205D9254B1B68C3
:10751000DA07EFD500BEEDE7234A5578002D3ED0BF
:10752000557B002DF2D102F10C054FF4A0770E78B7
:107530008A1992F801C0BCF1210FE7D1AA608946EF
:10754000895D80466E1CA81C1144CDE900061A46D0
:107550004046032303F0B8F80028D7D099F8063046
:10756000A978012B04BF99F80730EB700123AB71A8
:1075700099F80220AB682A70B3F80730AB80002975
:10758000B9D00A4A40463A44402303F081F9002822
:10759000B1D1044B1B68DB07ADD500BEABE7154688
:1075A0008027C4E7F0ED00E0D46900205468002093
:1075B0002DE9F047137803F01F06012E82B003D0A7
:1075C000002002B0BDE8F087DFF80882978898F8BD
:1075D0000040FFB2BC4200F0B08098F80C40BC42C2
:1075E000EED13746B4464FF0C00E4FF0130A4FF0BD
:1075F000120913F060030C460546164604D1012912
:1076000000F0A4800120DCE7202BD9D15378013B86
:107610000A2BD5D801A252F823F000BFF176020060
:10762000E7760200D1760200C1750200C175020042
:10763000C1750200C1750200C17502009176020099
:10764000697602004976020001291BD00329D9D1AD
:1076500073880C2606FB0786DBB260461946B371B9
:10766000FFF720FF0120ACE70129CBD173880C2262
:1076700002FB07871B0A60461946FB71FFF714FFE0
:1076800000289DD03146284603F094F9012098E760
:10769000012900F086800329B4D1F48871884B4B0E
:1076A000402C4FEA1122204628BF402011F0FF0154
:1076B000734407D0012C05D91C788C4202D10138C3
:1076C00080B2013300906046FFF7D2F9012078E7DD
:1076D000012997D108EB090231462846234603F0D9
:1076E00081F920466DE701298CD108EB0A02F3E706
:1076F000012987D1F3887188344F402B4FEA11223A
:10770000184628BF402011F0FF01774454D0012BC8
:1077100052D9013880B239707B1C00906046FFF767
:1077200091F90444A3B2002B49D1294A1268D20727
:107730007FF546AF00BE184643E74FF0000E774690
:10774000F4464FF0070A4FF0060952E75378062B2C
:107750007FF436AF53881B0A212B12D0222B7FF4E3
:107760002FAF6046FFF766F97B001F4408EB8708E0
:10777000024631462846B8F8043003F033F9204673
:107780001FE77B001F4408EB8708D8F80820002A71
:107790003FF416AF1378314602B0BDE8F04703F06E
:1077A00021B9F388402B3FF60BAF084A31467244AB
:1077B00003F018F9204604E73B460024ADE73A46BB
:1077C0003146284603F00EF90120FAE654680020FD
:1077D000F0ED00E0D4690020F0B52C4CA678657877
:1077E0008E4283B0074610D0A9422CD0A07B657B87
:1077F00088423FD0A94244D0254B1B68DA0702D407
:10780000002003B0F0BD00BEFAE780264FF0400C28
:107810000020A9429BB21AD01E4D3544FAB90093FC
:1078200011462B460222FFF723F92A46A178384653
:10783000402303F02DF80028E3D1154B1B68DB072C
:10784000DED500BEDDE74FF0400C00209BB21149B1
:1078500061444AB91A46FFF729FE0120D1E72A46BA
:107860000221FFF725FEE0E70A460121FFF720FE8F
:107870000120C6E70C344FF4A0764FF4807C012041
:10788000C7E74FF4807C0120E0E700BFD469002007
:10789000F0ED00E05468002070B5194C82B0002172
:1078A0000D464FF4EC72204611F0EAFA04F138016B
:1078B0000123802204F11000009501F0C9FE04F1BB
:1078C000B80101238022009504F1240001F0C0FEDC
:1078D00004F59C7101200DF015FD04F5C4710646F8
:1078E00001200DF00FFD30B9064B1B68DB0700D5FA
:1078F00000BE02B070BDC4E90756C4E90C05F8E744
:107900006C6A0020F0ED00E038B5094C206A256B68
:1079100020B10EF01BF90023C4E907332DB128462E
:107920000EF014F90023C4E90C33012038BD00BF68
:107930006C6A002010B5084C002304F11000C4E963
:107940000033C4E9023302F01BF804F12400BDE85F
:10795000104002F015B800BF6C6A00202DE9F0431A
:107960004B79012B83B004D00025284603B0BDE835
:10797000F0838B79012B0C46064616D049780429F2
:10798000F2D10025032BEFD1E379002BECD1DFF806
:10799000FC8098F8013013B998F802700FB3384B97
:1079A0001B68DB07E0D500BEDEE7CB79002BDBD11F
:1079B0000B781C449DB2617824290BD1954202D9E1
:1079C000D2E7AA42D0D323781C442B4461782429DF
:1079D0009DB2F6D00429C7D16379012BC4D1A37914
:1079E000D0E7A37888F8003094F8009021794D44CE
:1079F000ADB2A14439B925E099F800308F421D4459
:107A0000ADB299441ED2AA421CD399F80130052B7D
:107A1000F2D149463046019202F0F6FE019A002862
:107A2000BDD099F80230D90914BF88F8013088F820
:107A3000023099F80030217901371D44FFB2ADB210
:107A40009944D9E70F4801F057FE3F288DD998F89F
:107A50000210002002F0FCFE002886D0094801F048
:107A60004BFE3F2898F8021003D8002002F000FFD8
:107A70007BE7054A4023002002F00AFF75E700BFBC
:107A8000F0ED00E07C6A00202C6A00206C6A002087
:107A900000207047F8B53C4DAA788A421F4612D1A3
:107AA0009AB23A4905F1100001F0DCFE384B13B1EF
:107AB0000020AFF30080374801F01EFE3F282CD88D
:107AC00001242046F8BD6B788B4208D0324B1C68ED
:107AD00014F00104F5D000BE00242046F8BD06468F
:107AE00005F1240001F0F0FD40BB2C4801F0ECFD55
:107AF0000028E5D1002FE3D017F03F07E0D16978E7
:107B0000304602F0A5FE04460028D9D069783046F8
:107B10003B463A4602F0BCFED3E7A978002002F0CB
:107B200097FE04460028CBD01A4801F0E5FD3F2817
:107B3000A9781ED8002002F09BFEC2E769780020D9
:107B400002F086FE0028D0D04022154905F124001D
:107B500001F0E4FD034690B1114A6978002002F07B
:107B600097FE0028ACD10C4B1B68DB07BDD500BECF
:107B7000BBE7064A4023002002F08AFEA1E76978AD
:107B800002F076FEB1E700BF6C6A00202C6A00208C
:107B9000000000007C6A0020F0ED00E0906A002008
:107BA000EC69002030B4114B9C689A6B93F83C5000
:107BB00083F82C10A21A022183F830109A6225B99A
:107BC00042F2050183F83E50998744B13AB11A7BDD
:107BD000D20906D193F82F1030BC02F099BE30BC08
:107BE000704793F82E1030BC02F092BE446E002015
:107BF00038B5214B214C05461BB1607BFFF736F8A9
:107C0000A8B1A06BA36894F82F101D4A1B1AB3F5F6
:107C1000007F28BF4FF4007328469BB202F038FE65
:107C200020B9184B1B68DB0700D500BE38BDA26821
:107C3000A36B84F83E0042F20771D31A0120A1879A
:107C40000221A36284F82C0084F83010002AEDD0C1
:107C5000002BEBD0237BDB0906D194F82F102846AC
:107C6000BDE8384002F054BE94F82E102846BDE816
:107C7000384002F04DBE00BF6D6C0200446E002023
:107C8000446C0020F0ED00E070B5304CE28AA3684F
:107C900052BA92B286B0054612B1B3FBF2F292B27A
:107CA000A66BD4F81110607B9B1BB3F5007F28BF37
:107CB0004FF4007309BA0093B6FBF2F302FB1362B0
:107CC0001944234BFEF79AFF031E20DB94F82E2065
:107CD0000DD011469BB228461D4A02F0D9FDA0B92D
:107CE0001C4B1B68DB0710D500BE06B070BD072417
:107CF000194603A88DF80C508DF8102005938DF8C7
:107D000011308DF80D4002F0B7FB06B070BDA268CF
:107D1000A36B43F602200021D31AA08784F83E10FB
:107D200001200221A36284F82C0084F83010002A7C
:107D3000EBD0002BE9D0237BDB0914BF94F82E1085
:107D400094F82F10284602F0E3FDDEE7446E002091
:107D5000446C0020F0ED00E010B4054C012084F8E4
:107D60003C1084F83D2084F83E305DF8044B7047A9
:107D7000446E002040220021014811F081B800BF6C
:107D8000446E002040220021014811F079B800BF64
:107D9000446E00204B79082B01D0002070478B796E
:107DA000062BFAD1CB79502BF7D1162A06D81C4BCB
:107DB0001B68D907F1D500BE0020704770B5194D7A
:107DC0008B7885F82D300B7882B005F12F0205F104
:107DD0002E0619440223CDE900261A46044602F075
:107DE00073FC48B90E4B1B68DA0702D500BE02B01F
:107DF00070BD002002B070BD204695F82F100A4AD1
:107E000000241F2385F8304002F042FD30B9044BB6
:107E10001B68DB0702D500BE1720E8E71720E6E75E
:107E2000F0ED00E0446E0020446C0020012901D0F8
:107E300001207047F0B5137803F07F01022985B067
:107E4000054606D003F06003202B1AD0002005B0B1
:107E5000F0BD5478012CF5D15388002BF6D1434E58
:107E6000918896F83030042BC9B279D096F82E401C
:107E70008C423DD096F82F408C4257D0012005B05F
:107E8000F0BD5378FE2B16D0FF2BDFD15388002B8B
:107E9000DCD1D488A3B2002BD8D1344E1146284669
:107EA00086F83030C6E90D33B48786F83E3002F0EC
:107EB00081FD0120CBE75388002BC7D1D388012B4C
:107EC000C4D12B498DF80F3000294DD00192FEF717
:107ED000E5FD019A0028B9D0431EDBB204AC11467F
:107EE00004F8013D28462246012302F07BFDC5E748
:107EF000022BC3D1B26BB3681E4F9B1AB36206F15B
:107F000020030FCB07C73A46214602F80C39032459
:107F100028460D2386F8304002F0BAFC0028ADD187
:107F2000154B1B68DB0791D500BE90E7002BA5D150
:107F3000214602F0DFFC0028A0D12146284602F0AD
:107F400005FD00289AD1002496F82F10094A86F8DA
:107F5000304028461F2302F09BFC0028E0D08DE72C
:107F600002F0D6FC204672E70B46B7E7446E0020CD
:107F70009D6A0200446C0020F0ED00E02DE9F04124
:107F8000B44C94F83050012D8EB01E46074645D0B3
:107F900028D3032D05D0022D5FD001200EB0BDE8FF
:107FA000F08194F82E308B42F7D10D2EF5D1E37B82
:107FB000282B00F01A812A2B40F00D81A64B13B11B
:107FC000607BFEF747FE002594F82F10A34A84F843
:107FD00030501F23384602F05BFC002861D094F833
:107FE0003050D8E794F82F508D42D6D11F2B06D1B0
:107FF000DFF868829A4BD8F800209A4271D00423A7
:1080000094F82E1084F83030384602F081FC38465F
:1080100094F82F1002F07CFC0020BFE7B3F5007F3E
:1080200008D9904B1B68D90700D500BE00200EB0C0
:10803000BDE8F081E27BA36B282A00F087802A2A22
:1080400000F08F80217B626B1E44CB09A66336D083
:1080500096422CD3022384F8303094F82E10384600
:1080600002F074FC002898D1A368A26B94F82E60EB
:10807000934202D9217BC9092ED19B1A7A4AA36265
:108080000FCA764D07C52A46314602F80C3903253A
:1080900038460D2384F8305002F0FAFB00287FF4B4
:1080A0007CAF704B1B68DB07C0D500BE76E76D4B1D
:1080B0001B68DA0793D500BE94F830506BE793B293
:1080C000607B664A04F10F01FEF778FD0028C0F2DC
:1080D0009F80A66B626BBBE73146384602F018FC06
:1080E0005BE7C446BCE80F0026460FC69CE80F00BD
:1080F00007C626F8023B1B0C3370D4E90123E17B51
:108100005A4E626201200022282963632662A2621D
:1081100084F82C20A26384F8300000F0AD802A2976
:1081200000F0DF80002B00F0EF80227BD20940F0CE
:10813000EB80B3F5007F00F26F819BB22946474A7E
:10814000384602F0A5FB0028ABD048E7626B1E441E
:108150009642A663BFF47EAFFFF796FD94F83050C9
:1081600019E7E28A52BA92B21AB1A168B1FBF2F2EF
:1081700092B2D4F81110394DB3FBF2FC09BA02FBEC
:108180001C32607B009661442B46FEF74DFD0028B3
:10819000C0F2FB81864230D9361A40B1A36B291850
:1081A00013FA80F332462846A36310F050FE0023F2
:1081B00094F82F508DF818500722194605A88DF80D
:1081C000147007968DF819308DF8152002F054F9C7
:1081D00094F83050DFE6264B002B3FF4F4AE04F168
:1081E0000F01607BAFF30080EDE6224B002B3FF4E4
:1081F000EAAE607BAFF30080E5E6D4E90D231E44D0
:108200009642A663BFF426AF3846FFF7F1FCE6E6D8
:10821000A368A66B94F83C1084F82C509A1B02209B
:10822000A26284F8300021B942F2050084F83E10C1
:10823000A087002B3FF44EAF002A3FF44BAF237BC7
:10824000DB0940F0E58194F82F10384602F060FB1E
:108250003FE700BF446E0020556C0200446C0020D4
:1082600055534243F0ED00E0646E002055534253F5
:108270000000000000000000E28A52BA92B20BBB7C
:10828000002A3FF4E7AE94F83C10A362022284F87F
:108290002C2084F8302000297FF4DFAE42F2050163
:1082A0000022A18784F83E20002B3FF4D6AE237B2A
:1082B000DB0940F09A812946384602F029FB94F800
:1082C000305068E6207BC00913D0002A00F080817E
:1082D000B3FBF2F2002A00F0A3812829384694D19A
:1082E0003AE7E28A52BA92B2002BC9D0207BC00989
:1082F000EBD094F83C10A362022284F82C2084F87E
:1083000030200029CAD0D2E7667B252900F22B81D4
:10831000DFE811F0220129012901E50029012901E5
:1083200029012901290129012901290129012901FD
:108330002901290129012901BD002901290129015A
:108340002901290129012901990087002901290111
:10835000710029012901290129014C002901260068
:10836000304604AA05A9FEF717FC059B002B00F078
:108370004481BDF81020002A00F03F81013B1BBA68
:1083800012BAC8E900320820A368002B44D09842F2
:1083900028BF184683B26063A64A94F82E10384668
:1083A00002F076FA00283FF47CAE18E605AD002313
:1083B0000DF10E02304604A96B600593AB60FEF729
:1083C000EBFB049A002A00F01881BDF80E30002B58
:1083D00000F0138112BA082106925BBA0222ADF8AE
:1083E0001E308DF817108DF81C2095E8070088E8DE
:1083F00007000C20C8E7904B03B33046227DE17C98
:10840000AFF30080D0B994F83C302BB943F6022288
:108410000023A28784F83E3001213846FFF7C2FBD3
:10842000DDE5864B53B1E17C3046C1F3400301F0FA
:1084300001020909FEF7CCFB0028E4D0A368002B59
:108440003FF408AEE8E79DF816307D49002203F0BE
:10845000800362F3C7138DF8163003238DF81520BF
:108460008DF817208DF81430002900F0E180304697
:10847000FEF7FCFB9DF8163080F0010060F3C71397
:108480008DF81630059BC8F8003004207CE74FF0CB
:10849000203302250022CDE90522304607A909AA8A
:1084A00008934FF0800C079309930D93CDE90A339D
:1084B0000C931F260DAB8DF816508DF8175005AD97
:1084C0008DF818608DF815C0FEF7F0FA0FCD594EF3
:1084D0000FC60FCD0FC62B683360242054E794F8E5
:1084E0003C2094F83D0094F83E10DFF848C1DFF8D6
:1084F00058E14FF000084FF00003CDE90588CDE9C1
:10850000078862F303038DF81630F0220A23ADF8D2
:1085100024808DF820008DF821108DF814208DF81E
:108520001B3005AD0FCDACE80F002B68ACF8003068
:10853000BEF1000F76D0ACF1100130464FF400725E
:10854000AFF300800028A4F83C8084F83E800FDB65
:1085500000283FF473AF17E73046FEF7F9FA00281A
:108560003FF451AF6AE794F83C30002B7FF454AFEE
:10857000A38E304A3349607BFEF720FB0028FFF6CC
:108580004BAF00283FF45AAFFEE6A36BA2681E442F
:1085900043F602200021931BA08784F83E1001209F
:1085A0000221A663A36284F82C0084F83010002A0C
:1085B0003FF453AD002B3FF450AD237BDB0914D1C6
:1085C00094F82F10384602F0A3F994F83050E2E402
:1085D000012294F83C1084F82C200222A36284F833
:1085E000302000293FF45AAE5EE694F82E1038464B
:1085F00002F08EF994F83050CDE494F83C30002B22
:108600007FF40AAF43F6022284F83E30A28703E7E4
:1086100094F82E10384602F07BF9D4E90D2617E5C0
:108620000222D6E7A4F83CE084F83EE01220ABE654
:1086300001201FE7446C002000000000D16B020005
:108640006D6C0200536E00200000000070B5134CEA
:10865000134E84B020464FF4AE72002110F010FC8F
:108660004025002304F58E720092CDE901561A468A
:10867000194604F1B000039504F068F92E4404F1A2
:1086800070020023CDE90025CDE90265201D1946C1
:10869000012204F05BF904B070BD00BF046F00203C
:1086A000846E002010B5054C04F1B00004F07AF996
:1086B000201D04F077F9012010BD00BF046F0020D9
:1086C00038B5074C2046002500F8B85B01F058F992
:1086D00004F10C0001F054F984F8B150657138BD13
:1086E000046F00204B79FF2B01D0002070472DE94B
:1086F000F04FDFF824B19BF8B13083B04BBB9BF84F
:10870000053033BB0B788A460AEB02050AEB0304FB
:1087100089788BF80010A542064614D91AF8032070
:10872000A3189D420FD36278042A0CD00B2A0AD0DA
:10873000052A0BF1B8080BF1B0070BF10C0917D0A3
:108740009D421C4609D8A4EB0A0080B203B0BDE8E4
:10875000F08F002003B0BDE8F08F1A7813449D42DB
:10876000F1D36278042AEED00B2AECD0052AE7D1A7
:108770002146304602F048F8002843D0A378DB09B0
:1087800005D19BF8B1301BB32278A318D8E79BF82A
:108790000530002BF8D14846019301F0F1F8A2789A
:1087A0008BF80520A2889BF804C0019B1849C2F3EE
:1087B0000A02A2F50072B2FA82F2520962F3410C87
:1087C00018468BF804C004F037F92278A318B7E7ED
:1087D000404601F0D5F8A3788BF8B130A3889BF818
:1087E000B020C3F30A03A3F50073B3FA83F35B0964
:1087F00063F34102394630468BF8B02004F064F947
:108800000028C1D1034B1B68DB07A2D500BEA1E73E
:10881000086F0020F0ED00E0046F002070B51C4CE4
:1088200094F8B1208A4205461E460FD1B4F8BC2008
:10883000F2B9184B23B1B2B217490020AFF3008050
:108840002846164904F040F9012070BD63798B4237
:1088500001D0002070BD124B1BB1B1B20020AFF3AC
:1088600000801049284604F0E7F848B1012070BDA7
:10887000B2B2D4F8B41004F1B80000F0F3FFD8E7B6
:1088800032462846074904F099F8012070BD00BF20
:10889000046F002000000000846E0020B46F0020F0
:1088A00000000000086F0020F8B50E688D88B778CA
:1088B0003544AE420BD23B469F42344603D10BE0D7
:1088C0006378042B05D023781C44A542F8D80020F7
:1088D000F8BDA3789F42F6D1E3789A42F3D1A5423E
:1088E000F5D9237D012B06D9144B1B68DA07EED589
:1088F00000BE0020ECE723790D46DBB1012BE6D169
:108900002278E389617A1344114423442144994233
:1089100004D3DCE70A7811448B42D8D94A78052A77
:10892000F8D101F071FF28B9044B1B68DB07CED5E5
:1089300000BEF8BDA41BEC800120F8BDF0ED00E006
:10894000C28832B9654B1B68DB0700D500BE00202A
:108950007047F0B40378624803EB830403EB4403ED
:10896000C058831803D08E781C7BA64207D95B4B76
:108970001B68D90700D500BE0020F0BC70472EB997
:10898000012C01D90120F8E701268E7001248C60AA
:10899000C1F80E404C7700256FF03F0481F822505B
:1089A0008C766FF003056FF06404CD760C774D4D37
:1089B000C1F81E50082481F82340825CB3F80D40B2
:1089C00014441C441344A342D1D2474F9D78102D28
:1089D0000CD827FA05F0C04310F0010006D1DA7870
:1089E000964203D107E05A78242AEFD01A7813442C
:1089F0009C42F8D8BBE79C42B9D0062D06D0102D7A
:108A000004D0042DB9D1012248730A73CF781A79A2
:108A1000974218D81FB9012AB4D80127CF701A7805
:108A20001A44A2420FD2967806F0FD0CBCF1050F55
:108A30000FD0112E03D10CE05678242EF3D01678E7
:108A400032449442F8D8254B1B68DA0794D500BE0F
:108A500093E7D678B742F2D19442F4D0D1F81240DD
:108A60008CB9062D30D0102D2ED0042D09D1B2F89E
:108A70000560B2F807505C7D05FB06F304FB03F4C8
:108A8000E408C1F812404B6863B9557E012D3FF6EA
:108A900079AFD2F81A3025B9D2F81E209A427FF465
:108AA00071AF4B60114AA2FB03235A0BCBD0631E5C
:108AB0001344B3FBF2F30233B3F5807F28BF4FF4C6
:108AC0008073C1F816305DE7B2F80530B2F80740A0
:108AD00004FB03F42401E408D3E700BFF0ED00E059
:108AE0006070002003010101501001005917B7D137
:108AF0002DE9F84F0B785D4C03EB83050E4603EB35
:108B000045030989E7589146804679B13944CB78C5
:108B100003F00303012B00F09480738933B13B44CD
:108B2000DA7802F00302012A00F091807488B58897
:108B300000233C44B381F38133827382B382F38296
:108B40003D44A278AC4238BF134609D29A4203D1C1
:108B50000CE06378042B06D023781C44A542F8D897
:108B60000020BDE8F88FA3789A42F5D1E3789945C3
:108B7000F2D1A542F4D994F804A0BAF1020F15D8A5
:108B8000E31BF380B9F1000F16D023781C44BAF12F
:108B9000000F4CD04FF0000B06E06378052B28D077
:108BA000042B03D023781C44A542F6D8304B1B6815
:108BB000DA07D5D500BED3E7737F012B12D006F1BB
:108BC0001E03494686F81D90A6F81890A6F81A903C
:108BD0001846302210F054F901463046FFF7B0FE37
:108BE0000028BDD023781C44BAF1000FD2D1012057
:108BF000B7E7E37803F00303B9F1000F01D0012BCD
:108C000018D0022BACD12146404601F0FDFD28B31F
:108C100006EB4B03E21B1A8122780BF101039A4504
:108C200014444FF0010BBFD8B9F1000FDFD002237D
:108C30007377DCE7A388B269C3F30A039342E2D2F5
:108C40008EE700233381897801F08EFE65E70022EC
:108C500072819978404601F087FE67E7044B1B68F4
:108C6000DB077FF57DAF00BE7BE700BF60700020B3
:108C7000F0ED00E010B4064C06480023C4E90033D0
:108C80001946C4F807304E225DF8044B10F0F8B8CE
:108C9000607000206C7100200120704710B4064CF9
:108CA00006480023C4E900331946C4F807304E22B1
:108CB0005DF8044B10F0E4B8607000206C71002087
:108CC0002DE9F0414B790E2B04D04FF000084046BF
:108CD000BDE8F0818B79012BF7D1CB79012BF4D151
:108CE0003E4E33682BB13E4B1B68DB07EDD500BE13
:108CF000EBE714460F461A46314605463760B48006
:108D0000FFF7D2FD0028E0D0F2883368B978134429
:108D10003C44A74293F814C03B4605D308E05A7878
:108D2000042A4DD00B2A4BD01A7813449C42F6D813
:108D3000BCF1000F4ED02B494A88002AD3D1D81B52
:108D40001FFA80F83272A1F802809C4293F802E088
:108D50000A8098BF034605D80BE05A78042A2BD026
:108D60000B2A29D01A7813449C42F6D8DB1B1FFA31
:108D700083F80022BCF1010FA1F804804A77B2D138
:108D800017FA80F017FA83F3984281780AD2827832
:108D90008A4203D118E04278042AF8D002781044BD
:108DA0008342F8D8284600220E49FFF7A1FE00288A
:108DB0008BD0A6F804808AE79A787245D2D0D5E79E
:108DC0009A788A42B0D0B3E7C278012AE6D18342CA
:108DD000EFD1E7E7DB1B1FFA83F8EAE760700020BA
:108DE000F0ED00E06C7100202DE9F047167806F0F8
:108DF0001F04012C8CB004D0002420460CB0BDE828
:108E0000F087DFF8F892B2F804C0D9F80070804615
:108E100015465FFA8CF317B1BA789A422CD0B44F4A
:108E20007C88002CE9D03A7802EB820002EB400209
:108E300059F802E07444A2789A42DDD1C6F3411693
:108E4000F3B2002B00F09C80012B12D15FEA1C2CA6
:108E50000FD16B881B0A022B00F02E81062B00F02D
:108E60001781012B00F0F580A24B1B68DB0700D5B2
:108E700000BE07233B77BFE7C6F34116F4B2002CD0
:108E800047D0012C25D15FEA1C2C26D0B9F806204A
:108E9000BB18B95CDA89114419448B420ED29A7816
:108EA000023A052A06D8DA78624503D107E05A78F3
:108EB000242AF4D01A7813449942F8D849B10023EF
:108EC00089F80930012498E78A4B1B68D90700D537
:108ED00000BE072389F809308EE76B881B0A012B37
:108EE00000F09580022BEFD16B78812B00F0478149
:108EF000862BE9D10129E2D10B46404629467E4A1C
:108F000001F070FD0028DAD1FF2389F80930002430
:108F100073E76B780A2B4AD00B2B3ED10129CED1B7
:108F2000EB88002BF0D1B9F80630FA181179A9B105
:108F3000F85CD189537A0144034413440A449342B0
:108F400005D395E119780B449A4240F29181597802
:108F50000529F7D19978404601F006FD0026A9F8C9
:108F600006606A8865494046FFF79EFC0446002873
:108F7000CAD02946404601F01DFD89F809603CE74A
:108F80006B780A2B27D00B2B7FF46EAF012900F0F2
:108F9000BD8000233B7701242FE7564B1B6813F05D
:108FA00001032FD107221C4689F8092025E7012952
:108FB00085D1EB88012BA7D1B9F80620BF18A3D023
:108FC0000CAAF97802F8301D294601F00BFD044681
:108FD0000028D2D198E70129DBD1EB88012B35D1CC
:108FE000FB889BB31EEB030330D00CAADB7802F89E
:108FF000303D40460B46294601F0F4FC044628B3B8
:109000003E77FAE600BE072389F80930F5E66B786B
:10901000812B00F0D180862B00F0BE80012B7FF4E5
:1090200053AF012900F0CB8002297FF448AF344BC5
:10903000002B3FF444AF99F80A100020AFF30080F2
:10904000B0FA80F489F809006409D6E6FF233B777B
:10905000D2E67B7F0BB187F81DC06C78842C61D879
:10906000822C65D2012C00F00A81812C7FF4FCAEA9
:1090700001298ED1EB883BB1294640463023214A55
:1090800001F0B0FC002884D1FF233B770024B4E634
:109090006B78812B00F0A180862B7FF4E5AE01294F
:1090A0007FF477AF294640460123134A01F09AFC2A
:1090B00000287FF46EAFE7E76B78812BD8D040F2C1
:1090C000B080852B00F09780862B7FF4CDAE0129F0
:1090D0007FF45FAFEB88012BD6D10B464046294683
:1090E000094A01F07FFC00287FF453AFCCE700BFB2
:1090F0006C710020F0ED00E0DDBE03006070002028
:10910000000000008A710020DEBE03006A88394634
:109110004046FFF7EDFC002898D02946404601F074
:1091200049FC36E7862CD2D065D3872C7FF49CAEE1
:1091300001297FF42EAFEB88002BA5D0B64EE9466F
:1091400006F1300A30687168B268F368CC46ACE862
:109150000F0010365645E146F4D19DF80210002963
:1091600040F09F80832C00F08381872C00F0648185
:10917000822C00F0618108233B7700243DE6012921
:109180007FF49DAE294640460123A44A01F02AFC03
:1091900000287FF494AEB7E601297FF490AEEB8807
:1091A000012B7FF4B1AE294640469D4A01F01AFCDE
:1091B00000287FF484AEA7E601297FF480AEEB8817
:1091C000012B7FF4A1AE294640460123954A01F0C8
:1091D00009FC00287FF473AE96E601297FF4D9AE2E
:1091E0000B464046294607F11C0201F0FBFB002814
:1091F0007FF4CFAE48E701297FF4CBAEEB88022B9A
:109200007FF442AF0CAA302122F8301D4046294697
:1092100001F0E8FB044600283FF436AF00233B771B
:10922000EBE5012B7FF420AE01293FF425AF0229A5
:109230007FF4AFAE7849A1F11E00FFF781FB044631
:1092400060B3794B7A6BBA613BB1734A79783878FD
:10925000AFF3008000287FF49CAE74490023022005
:109260004FF480720880C7E903337B61BA83C4E599
:109270006F4B1B68D8077FF547AE00BE44E6012957
:109280003FF4FAAE02297FF484AE6349A1F11E00D7
:10929000FFF756FB044600287FF47BAE08233B779C
:1092A000ABE59DF8030000287FD1FA88002A3AD068
:1092B0001EEB020337D01EF80220B3F80D005D4EFE
:1092C00010441844134498420FD99A78102A04D8AD
:1092D00026FA02F2D20700F1D5801A781344984298
:1092E000F1D95A78242AF8D1EDE70346832C5AD0D5
:1092F000872C4CD0822C7FF43EAF01218DF80310D7
:109300001A781A44904237D9947804F0FD06052E55
:1093100010D0112C0ED0147822449042F2D95478F7
:10932000242CF8D1EEE7424B1B68D9077FF523AF19
:1093300000BE20E7D478A142EDD1997806291DD04E
:1093400010291BD004297FF416AFB2F80510B2F82B
:1093500007205B7D02FB01F203FB02F3DB08CDF883
:1093600012306A4629464046302301F03BFB044652
:1093700000283FF489AE51E70246DEE7B2F8051057
:10938000B2F8073003FB01F31B01DB08E7E79A782B
:10939000062A06D0102A02D0042A7FF4ECAE997D6A
:1093A000ACE79979AAE71979A8E7019B002BD8D1F6
:1093B000FA88002AB7D01EEB0203B4D01EF802E0F0
:1093C000B3F80D20DFF86CC072449E1873449E42BF
:1093D0000ED99A78102A03D82CFA02F2D20756D462
:1093E0001A7813449E42F2D95A78242AF8D1EEE72B
:1093F00033461A7813449E4264D99A7802F0FD01EC
:10940000052948D0112A46D01A7813449E42F2D931
:109410005A78242AF8D1EEE78A710020697000207A
:10942000DEBE03006A700020000000006C700020A7
:10943000F0ED00E05010010001238DF8023001230F
:109440004FF00112029300230392ADF810304FF653
:10945000C0428DF8223040F29B13ADF81A20ADF8CF
:109460001C30404ACDF81E2008238DF8233078E7C1
:10947000FB88002BE3D01EEB0303E0D01B7B8DF8B1
:109480000230DCE7DA7891427FF427AF2EE7DA7812
:109490009142A5D1ADE7DA789042B5D1823C052C56
:1094A0003FF669AE01A252F824F000BF2D950200EC
:1094B00011950200F3940200779102007791020067
:1094C000C99402003346E9E7D3F8151042F210734D
:1094D000B1FBF3F3019100293ED0DDF812208BB9E6
:1094E000931CB3F5807F28BF4FF48073CDF81630FE
:1094F00037E75A7E72BBD3F8221042F21073B1FBE9
:10950000F3F3E7E7013A1A44B2FBF3F30233E8E777
:109510005A7ECAB1053203EB8202D2F80210D3F8A8
:109520001A3042F21072B3FBF2F3D3E75A7E72B1F3
:10953000053203EB8202D2F80220D3F81A1042F26D
:109540001073B2FBF3F3C5E7D3F81E10E7E7D3F8C7
:109550001E20F2E7002301930023ADF81630ADF88A
:109560001830FEE6030101012DE9F84F334C238941
:1095700053B12278324F02EB820502EB45057D594B
:109580002B449F788F420AD02E4B1B68DB0703D5F4
:1095900000BE0020BDE8F88F0020BDE8F88FD4E9B8
:1095A00004369E4205460BD327490023C4E9033302
:1095B000636119B161781046AFF300800120E9E7DB
:1095C00001F046F90028E7D0DFF88090A36999F808
:1095D0000000D4E9042BA2EB0B0808EB00069E4226
:1095E00028BF1E46B04213D9164B1B6813F0010367
:1095F00001D000BE002339462846144A01F048F93C
:109600000028DBD10F4B1B68DA07C5D500BEC1E7C8
:10961000E168A6EB000A5944484452460FF00CFC9E
:109620000BEB0A03D0456361B3B2E4D199F8012092
:1096300042F0020289F80120DDE700BF6C710020D2
:1096400060700020F0ED00E0000000006C70002071
:109650002DE9F041B2F5004F9DF8188030D804464E
:10966000C0681E460F46154618B14FF0FF310CF08A
:10967000B7F8206918B14FF0FF310CF0B1F8E2886B
:10968000E068276066F30E02C2F30721002368F347
:10969000C711E2806381A580E171238118B11A4668
:1096A00019460BF055FC206938B100231A461946BB
:1096B0000BF04EFC0120BDE8F0810120BDE8F081F7
:1096C0000020BDE8F08100BF03894289808892B202
:1096D0009BB2934236BFC2EB40029B1A9B189BB2CF
:1096E000984228BF18467047028943899BB2981A4E
:1096F000B0FA80F04009704703894289808892B2AD
:109700009BB2934236BFC2EB40029B1A9B189BB29E
:10971000984286BFC01A80B2002070472DE9F843F6
:10972000054600690E46174618B14FF0FF310CF0A0
:1097300057F82B896989A8889BB289B28B4236BFBA
:10974000C1EB40045C1AE418A4B2002C4AD0A04239
:1097500006D283422CBF191A191889B269810446AE
:10976000BC4228BF3C468842A4B203D8091A89B239
:109770008842FBD9EA882B68401AC2F30E0887B2E8
:109780001FFA88F2BC4202FB013125D917FB08F908
:109790001FFA89F94A4630460FF04EFBE21B12FBD6
:1097A00008F206EB090092B229680FF045FB6A89BE
:1097B000A88892B211198BB29A4215D940001B1A8F
:1097C0009BB228696B8120B100231A4619460BF021
:1097D000BFFB2046BDE8F88302FB04F230460FF0E1
:1097E0002BFBE4E769898BB240008342E9DBE6E7C3
:1097F00038B5054600690C4618B14FF0FF310BF043
:10980000EFFF29896B89AA8889B29BB2994236BF3A
:10981000C3EB4200C81A401880B200B3824209D29A
:1098200091422CBF8B1A8B189BB29A426B8103D842
:109830009B1A9BB29A42FBD9EA882968C2F30E02AE
:10984000204602FB03110FF0F7FA0124286920B12A
:1098500000231A4619460BF07BFB204638BD044610
:10986000F4E700BF2DE9F0471446002A4FD0054623
:10987000C0680F4618B14FF0FF310BF0B1FFEA7925
:109880002E896989AB88D209B6B289B242D18E429B
:1098900036BFC1EB4301711A891989B2994252D27C
:1098A000591A89B28C42E88828BF0C46C0F30E08CA
:1098B000B342304603D8C01A80B29842FBD21B1A7A
:1098C0002A681FFA83F9A14508FB002047D219FB3B
:1098D00008FA1FFA8AFA524639460FF0ADFAA4EB9D
:1098E000090212FB08F207EB0A0192B228680FF096
:1098F000A3FAA3199BB2AA88B3424FEA420201D34A
:10990000934201DB9B1A9BB2E8682B81F8B9204691
:10991000BDE8F087E8889C42C0F30E080FD28E4263
:1099200023D3721A92B2580022448242C0DBCE186E
:10993000361BB6B2B14220D9361AB6B2B8E7E41A2D
:1099400008FB0477B3B9E86800240028DFD00023BF
:109950001A4619460BF0FCFA2046BDE8F08708FBD2
:1099600004F239460FF068FAC3E75800421A32444D
:1099700092B2D9E70E461C4698E7B04298DCDBE786
:1099800010B50446C06818B14FF0FF310BF028FF46
:10999000206918B14FF0FF310BF022FFE06800237F
:1099A0006381238118B11A4619460BF0D1FA206958
:1099B00020B100231A4619460BF0CAFA012010BD47
:1099C00038B5C379B1EBD31F1FD00446C0680D462C
:1099D00018B14FF0FF310BF003FF206918B14FF0C1
:1099E000FF310BF0FDFEE379E06865F3C713E37127
:1099F00020B100231A4619460BF0AAFA206920B1BB
:109A000000231A4619460BF0A3FA012038BD00BF07
:109A1000704700BF704700BF0020704700207047AC
:109A2000704700BF704700BF704700BF704700BF5E
:109A3000024B5878003018BF012070471472002084
:109A4000024B1878C0F38000704700BF14720020EA
:109A5000024B1878FF3818BF0120704718610020AA
:109A60002DE9F047374E3378FF2B82B004D0012523
:109A7000284602B0BDE8F087002946D03822884643
:109A80000746002130480FF0FBF9304B30490025E4
:109A900001201D700BF036FC2E4B1860002834D0CE
:109AA0002D4C2346626833F80C0B618800950BF04F
:109AB000DDF9A16805460CF06DF8284B1D6075B303
:109AC000274B23B12748AFF30080274B1860254C64
:109AD000DFF89CA02278DFF8909000252B460EE05E
:109AE000D9F8003013EB45130FD05B686BB1984782
:109AF00022780135EDB2511DA9422B4615DBAA4251
:109B0000EED89B1A0AEB4313EFE7184B1B68DA07F2
:109B100000D500BE0025284602B0BDE8F087134BF3
:109B20001B68DB07F6D500BEA2E741463846377012
:109B300001F050FE05460028F1D0384601F04CFEF9
:109B400096E700BF186100201472002014730020F3
:109B5000C47100204C720020BC60002050720020B4
:109B600000000000C0710020BC710020F0ED00E09A
:109B7000E0BE0300B94B1B78FF2B00F0A1812DE95B
:109B8000F04F04468BB04FF47A7200238002A10D8F
:109B90000EF01CFFB24DDFF8E4B2B24E8246671CF5
:109BA000286800F02481002C00F02181BAF1000F18
:109BB00014BF5246012207A90BF080FCC0B19DF8EA
:109BC0001D30013B072B00F21481DFE813F0F20097
:109BD000D300CA00BF00B700410014000800089B72
:109BE0000BB10998984728680BF0A6FF0028D6D13A
:109BF0000BB0BDE8F08F9DF820109B4B01F07F0764
:109C000003EB470303EBD11393F826006FF3000037
:109C100083F8260093F826006FF3820083F826006D
:109C2000002F00F04581914A1B7D12789342C0F0CD
:109C30003381501D9842C0F234819B1A0BEB4313C1
:109C40009F699DF82120099B9DF81C00B847CAE731
:109C5000874A1378002B00F024811378013BDBB294
:109C60001370137803F0FF00002BBCD1DFF8F891DC
:109C70009DF81C8099F8003043F0010389F800300A
:109C800099F8263060F3000389F8263099F82630D9
:109C900060F3820389F8263099F8273060F30003D7
:109CA00089F8273099F8273060F3820389F8273044
:109CB00000F002FF9DF8203003F06002602A00F0FF
:109CC0000681402A00F00A8103F01F03012B00F0F7
:109CD000D581C0F01281022B40F0F9809DF824104C
:109CE00001F07F07082F00F2F2807B00C809019382
:109CF0004B44034400905D481F7D03789F4280F0F1
:109D00000F82336803EB4717002A00F0108257B127
:109D1000786900F0D1FE7B69404608AA0121984786
:109D200000287FF460AF9DF81C00002101F0BEFF09
:109D300080219DF81C0001F0B9FF54E74A4B1B78C5
:109D4000D8077FF550AFFFF771FE4CE7464B1A7806
:109D5000D7077FF548AF1878C0F3C000FFF764FE5F
:109D600041E7414BDB78D9077FF53DAF0898FFF716
:109D700051FE38E73D4F9DF81C903A7800239846F5
:109D800010E0336813EB481300F08080DB6848462E
:109D900098473A7808F101085FFA88F8511D88451C
:109DA000434645DC9045A3EB0203EAD30BEB431398
:109DB000ECE72E4F9DF81C903A78002398460FE070
:109DC000336813EB48135BD0DB68484698473A7812
:109DD00008F101085FFA88F8511D884543460FDCF9
:109DE0009045A3EB0203EBD30BEB4313ECE72246C6
:109DF000E1E6204B1B68DA077FF5F5AE00BEF2E620
:109E00003822002118480FF03BF81B4A4FF0FF336F
:109E1000C2E90533C2E90033C2E90233D3611384D6
:109E2000136100F03FFE104B9DF820209A70DAE697
:109E3000382200210C480FF023F80F4A4FF0FF336F
:109E4000C2E90533C2E90033C2E90233D3611384A6
:109E5000136100F027FEFFF7E5FDC4E6186100205E
:109E600050720020BC71002014720020C0710020CC
:109E700014730020F0ED00E018720020E0BE030033
:109E8000A44B1B68D907CCD500BECAE7A14B1B6801
:109E9000DA07DED500BEDCE7326812EB43137FF44D
:109EA000CFAE9C4B1B68DB077FF5A2AE00BE9FE6E2
:109EB000099B9DF821209DF81C0000F013FE92E6FE
:109EC0007047FCF7F3FC0246002840F0E981914B13
:109ED0001B68DA077FF527AF00BE24E78E4800280D
:109EE0003FF421AF00F0E8FD404608AA0121FCF74D
:109EF00025FF00287FF477AE15E7202A00F0F180D7
:109F0000002AE4D19DF82130092BE0D801A252F8B3
:109F100023F000BF3BA002001BA00200CF9E020066
:109F20005DA00200CF9E0200FD9F0200A99F0200DB
:109F3000CF9E0200939F02003D9F02009DF82230B9
:109F400001931A4699F801309A4200F0548199F829
:109F50000130002B40F05481019B89F80130002B27
:109F600000F04781581EC0B2FCF7A0FC18B143783E
:109F7000022B00F0C181674B1B68DB0700D500BED8
:109F8000644B1B68D80700D500BE002389F8013058
:109F9000C9E60AAA99F8013002F80E3D40460123AD
:109FA00008A900F01FFD1EE6BDF82200030A5A1E94
:109FB000C0B20E2A3FF6B7AE01A151F822F000BFA1
:109FC000B3A202008FA202007FA20200279D02001E
:109FD000279D020061A202008FA20200279D0200BD
:109FE000279D0200279D0200279D0200279D020059
:109FF000279D0200279D0200E3A2020008A800F0AE
:10A0000061FD40469DF8221001F0ECFB99F800300C
:10A0100043F0020389F80030E5E5BDF82230012B5A
:10A020007FF481AE99F8003040466FF3C30308A96E
:10A0300089F8003000F0BEFCD5E599F800309908A9
:10A0400001F00201C3F340130AAA0B4322F80E3DAC
:10A050004046022308A900F0C5FCC4E5BDF8223043
:10A06000012B7FF460AE99F80030404643F00803BE
:10A0700008A989F8003000F09DFCB4E59DF8243073
:10A080000F2B3FF650AE4B44244A1B791778BB4246
:10A0900038D2376817EB43173FF445AE786900F0C4
:10A0A0000BFD7B6908AA01214046984700287FF4F0
:10A0B0009AAD9DF8203013F060077FF434AE9DF820
:10A0C00021300A3B012B3FF62EAE00F0F5FC9DF847
:10A0D00021300A2B00F0FC8008A9404600F06AFC01
:10A0E00081E59DF824300F2B3FF61DAE4B440B4A03
:10A0F0001B791778BB4260D2376817EB43173FF4E0
:10A1000012AE05E67A1D9A42FFF60DAEDB1B0BEB95
:10A110004317C3E7F0ED00E03D6D0200C071002081
:10A12000581DB84239DA002A7FF4FDAD17469DF874
:10A130002130012B03D036D3032B7FF4C8AEBDF8FA
:10A1400022200292AAB9B84A012B10783DD001F022
:10A15000ADFD019B009A4B44134493F8262042F036
:10A16000020283F8262093F8262042F0010283F8A9
:10A170002620002F3FF437AD786900F09DFC7B6905
:10A18000012108AA40469847002000F095FC99F864
:10A190002730D9073FF527AD9EE7FB1A0BEB431796
:10A1A000002AC4D0B4E5019B009A4B4413442033E9
:10A1B0000AAA9B79C3F3400348E77A1D9A42FFF647
:10A1C000B2ADDB1B0BEB4317A2E501F097FD019B42
:10A1D000009A02994B44134493F8262061F34102FC
:10A1E00083F8262093F8262061F3000283F82620C6
:10A1F000BFE7FFF717FC404608A900F0DBFBF2E4DD
:10A200000021404601F000FB404601F09FFB874FD4
:10A2100099F802300293002300943A781C460CE02F
:10A220000BEB4313DB68404698473A780134E4B2BD
:10A23000501D8442234600F3CE809442A3EB0203D8
:10A24000EED2336813EB4413ECD1794B009C1B68BE
:10A25000DB0700D500BE9DF8083089F802307BE6A8
:10A26000FFF7DAFB024600283FF45DAD4046137865
:10A2700008A900F0B7FB00287FF4B5AC53E5BDF8A2
:10A280002410FCF719FB02460028EFD14BE5022B06
:10A290003FF417AEFFF7C2FB024600283FF443AD80
:10A2A0004046538808A900F09DFB00287FF49BAC32
:10A2B00039E5FCF7F7FA024600283FF408AE4046BD
:10A2C000122308A900F08EFB00287FF48CAC2AE54D
:10A2D0000AAA08A902F80E7D4046012300F082FB7D
:10A2E00081E4544B002B3FF41EADFCF723FD0246E6
:10A2F00000283FF418ADD3E7C27999F80030511126
:10A3000061F30413921162F3451389F80030438816
:10A31000CDF81080CDE900A4C318039300F109071C
:10A32000039BBB4237D97B780B2B03BF3B7897F855
:10A3300003A0FF184FF0010A7B78042B43D1039B45
:10A340003A4ACDF814A0DB1B00219BB2029112788F
:10A3500088469A4617E0346814EB481433D05246C6
:10A360003946049823699847082808F1010201D961
:10A37000824543D22D4B5FFA82F81A78CDF80880D7
:10A38000511D88451CDC029B9045A3EB0202E2D3E1
:10A390000BEB4214E3E7DDF81080DDE900A4FFF7E2
:10A3A0003FFB28E70246434604463946224802F06E
:10A3B000B1FA1E4B029A1B78053393422744AFDA59
:10A3C000DDE900A4D7E51A4B1B68DF07DDE900A42F
:10A3D0007FF5D6ADD3E5382200211848009C0EF059
:10A3E0004FFD174A4FF0FF33C2E90533D3611384A1
:10A3F000C2E90033C2E9023313612CE7DDF814A08F
:10A40000BAF1010F1ED00021CBB2534501F1010179
:10A41000C8D2BA78134459FA83F31A79FF2AD2D1F1
:10A4200083F80480F0E700BF18610020C0710020AD
:10A43000F0ED00E0356D020028720020147200205B
:10A440001872002023690A4A0A498B4208BF4FF05C
:10A45000020A9342D7D17B79012BD4D1BB79012B4E
:10A46000D1D1FB79002B08BF4FF0020ACBE700BF28
:10A470005D7902001D7102002DE9F0434378023B33
:10A4800085B005460E46042B0CD8DFE803F0495D85
:10A49000037E3F00844B1A78D70715D51A7842F00F
:10A4A00004021A70814B18688EB933464FF0FF32A0
:10A4B00029460AF04DFD003018BF0120F0B97C4B51
:10A4C0001B68DB0700D500BE05B0BDE8F08304AA19
:10A4D000002342F80C3D29460AF04AFF019B43B194
:10A4E000744B4FF080525A6040BFBFF34F8FBFF3A1
:10A4F0006F8F003018BF01200028E0D03246697805
:10A500002878FFF785FA05B0BDE8F0836A4A13782A
:10A510000133DBB21370654B1868002ED7D1C4E746
:10A52000614B1A786FF300021A701A7800216FF3EA
:10A5300041021A7059701A7861F382021A705B4BEB
:10A540001868002EC3D1B0E75C4FDFF874913978FA
:10A55000DFF87081002423460AE0D8F8003013EBBE
:10A5600044130AD10134E4B24A1DA242234615DB4A
:10A570008C42F2D35B1A09EB4313DB69002BF1D059
:10A580006968287898473978ECE7474B1A78D407F8
:10A590009AD51A786FF382021A7083E7424C2378B7
:10A5A00058072FD5237841496FF3820323702B7806
:10A5B0008DF8043005220023CDF80A30CDF806309E
:10A5C000ADF80E3008688DF80520002E59D004AA89
:10A5D00001A942F8103D0AF0CBFE009B43B1354B78
:10A5E0004FF080525A6040BFBFF34F8FBFF36F8F61
:10A5F000003018BF012000284DD12D4B1B68D90712
:10A6000000D500BEE378DA077FF55EAF274A2B78E6
:10A61000696810688DF8043003220023CDF80A30F1
:10A62000CDF80630ADF80E3002918DF80520F6B168
:10A6300004AA01A942F8103D0AF09AFE009B43B11A
:10A640001C4B4FF080525A6040BFBFF34F8FBFF397
:10A650006F8F003018BF012000283FF430AF324622
:10A660009DF805109DF80400FFF7D2F92CE733465A
:10A670004FF0FF3201A90AF06BFC003018BF012037
:10A68000EAE733464FF0FF3201A90AF061FC0030DF
:10A6900018BF0120AFE732469DF805109DF8040071
:10A6A000FFF7B6F9AEE700BF147200205072002029
:10A6B000F0ED00E000ED00E014730020C071002018
:10A6C000E0BE0300BC7100202DE9F84F0A9F002A6C
:10A6D0004CD090464A78052A0C460ED1CE7806F02A
:10A6E0000306B34209D18A7802F07F02082A0DD905
:10A6F000204B1B68DA0700D500BE1E4B1B68DB072A
:10A7000002D40020BDE8F88F00BEFAE7DFF868B099
:10A71000DFF868A09BF8009000250EE06278052A1B
:10A72000EBD1E27802F00302B242E6D1A27802F065
:10A730007F02082ADCD89BF800909AF802100022C9
:10A74000204602F095F80028D2D04846214601F074
:10A750006FF80028D1D0A278D30916BF0B9B3A70AE
:10A760001A702278013545451444D7D10120BDE83F
:10A77000F88F00BFF0ED00E0186100201472002097
:10A7800030B51E4D85B0082400230290019303913B
:10A790008DF805402868144682B9134601A94FF088
:10A7A000FF320AF0D5FB003018BF0120E0B9144B8E
:10A7B0001B68DB0700D500BE05B030BD04AA01A9A7
:10A7C00042F8103D0AF0D4FD009B43B10D4B4FF011
:10A7D00080525A6040BFBFF34F8FBFF36F8F00307E
:10A7E00018BF01200028E2D022469DF805109DF8F0
:10A7F0000400FFF70DF905B030BD00BF5072002016
:10A80000F0ED00E000ED00E038B58B7803F07F0359
:10A81000082B06D90B4B1B68DB0700D500BE0020B8
:10A8200038BD094A094B0C46204691781D78002214
:10A8300002F01EF80028EDD021462846BDE8384039
:10A8400000F0F6BFF0ED00E0147200201861002067
:10A85000CB09263301F07F010348044A03EB410191
:10A860000844116801F0BABF147200204C72002035
:10A87000CB09263301F07F010348044A03EB410171
:10A880000844116801F0D6BF147200204C720020F9
:10A8900038B5154C01F07F0504EB450404EBD114E9
:10A8A0002034A079C00706D5104B1B68DA0700D505
:10A8B00000BE002038BDA5790D4845F0010500789F
:10A8C000A57101F0F1F80028F4D1A379074A60F3EB
:10A8D0000003A371A37960F38203A3711368DB07FC
:10A8E000E7D500BE38BD00BF14720020F0ED00E0D7
:10A8F00018610020054B01F07F0203EB420303EBDC
:10A90000D11191F8260000F0010070471472002068
:10A9100010B50C4B18780C4601F0C8F90A4904F040
:10A920007F0301EB430101EBD41191F8263043F092
:10A93000020381F8263091F8263043F0010381F8B4
:10A94000263010BD1861002014720020054B01F064
:10A950007F0203EB420303EBD11191F82600C0F311
:10A96000400070471472002010B50F4B18780C4649
:10A9700001F036F80D4904F07F0301EB430101EBD0
:10A98000D41191F826306FF3410381F8263091F805
:10A9900026306FF3000381F8263091F826306FF3EC
:10A9A000820381F8263010BD186100201472002047
:10A9B000704700BF0A4630B4094C49680546106824
:10A9C000234603C30023C4E9023392F900209A42CC
:10A9D0002846ACBF802119461A4630BCFFF758BF45
:10A9E00058730020F0B50E462B4C49680746306876
:10A9F000A260254603C50021E181F588AB4228BF4E
:10AA00002B4683B0A381ADB13BB3002A3DD094F96E
:10AA10000000402B28BF402300282CDB1F4A38466B
:10AA2000FFF736FF98B91E4B1B68DB0712D500BE37
:10AA300003B0F0BD96F90030002BACBF802100219F
:10AA400038462B462A46FFF723FF0028EBD001208B
:10AA500003B0F0BD002003B0F0BD94F90020002A3F
:10AA6000ACBF194680211A463846FFF711FF00286F
:10AA7000D9D00120ECE71146084801931A460EF0A0
:10AA8000DBF9064A019B8021EEE7054B1B68D907DD
:10AA9000E0D500BE1046CBE75873002018730020A5
:10AAA000F0ED00E0034B0022C3E90022C3E90222DB
:10AAB0001A61704758730020014B1861704700BF3E
:10AAC000587300200346064A5968006810B41346BC
:10AAD000002403C3C2E902445DF8044B704700BF81
:10AAE0005873002070B5404C2278C909B1EBD21FD1
:10AAF00082B0064615D03BB13C4B1B68DA0700D547
:10AB000000BE002002B070BD2146FFF751FF23694F
:10AB1000002B40D02246304603219847012002B046
:10AB200070BD94F90020A068002A08DB0028E8D056
:10AB30001A462F4901930EF07FF9A068019BE58921
:10AB4000E2881D44ADB21844AA42A060E58101D05C
:10AB50003F2B23D8236923B1234A0221304698474B
:10AB600088B194F9002000239A42ACBF8021194695
:10AB700030461A46FFF78CFE68B91C4B1B68DB0792
:10AB8000BFD500BEBEE70146304601F08FF8304623
:10AB9000802101F08BF8012002B070BDA28994F9E8
:10ABA0000010531B9BB2402B28BF402300290ADB17
:10ABB00095424FF0000112D00D4A3046FFF768FE73
:10ABC0000028DAD0E7E795420BD001461A4608483C
:10ABD00001930EF031F98021054A019BEDE70A4609
:10ABE000EBE780210022E8E758730020F0ED00E059
:10ABF0001873002000B170470CF068B900B17047BD
:10AC00000CF06EB90138C3B2042B07D856230D4A95
:10AC100003FB00F013181B79DB0706D40A4B1B68F3
:10AC2000DB0700D500BE00207047CB09363301F0AA
:10AC30007F0103EB4101054B08441044196801F002
:10AC4000CDBD00BF6C730020F0ED00E01C7500204E
:10AC50000138C3B2042B07D856230A4A03FB00F07D
:10AC600013181B79DB0701D400207047CB0936335A
:10AC700001F07F0103EB4101034B084410441968C4
:10AC800001F0D8BD6C7300201C750020F0B5441E87
:10AC9000E5B2042D83B017D8562505FB04F5174EF1
:10ACA00001F07F0405EB4404344404EBD114303448
:10ACB000A779FF070BD5124B186810F0010001D0DF
:10ACC00000BE002003B0F0BD002003B0F0BD1F4661
:10ACD00013460A460146705DA579009745F00105C7
:10ACE000A57100F0BDFB0028ECD1A37960F300034F
:10ACF000A371A37960F38203A371E3E76C7300206F
:10AD0000F0ED00E02DE9F047764DAF798F4284B049
:10AD100091461E4604465BD0E2234FF0000AA9711B
:10AD20008DF809108DF80830ADF80CA0002E00F059
:10AD3000B380012103AF0DF10808FBF72BFE41465C
:10AD40003A4602232046FBF753FE51462046FBF7C6
:10AD500021FE9DF80C30EB702223D9F800908DF87D
:10AD60000730002E3ED020460121FBF713FE3A4665
:10AD70000DF1070101232046FBF73AFE9DF80C3048
:10AD8000EB704946082300222046FBF731FE20469F
:10AD90000021FBF7FFFD0026102241F2F2032046BE
:10ADA0000121EA71ADF80830ADF80C60FBF7F2FD57
:10ADB0003A46414602232046FBF71AFE314620461A
:10ADC000FBF7E8FD9DF80C30EB7004B0BDE8F087B0
:10ADD000222303AF0DF10808D9F800908DF8073051
:10ADE000002EC0D14FF0FF31E86D0AF0F9FC31467A
:10ADF0002046FBF709FE20460121FBF7CBFD3A4632
:10AE00000DF1070101232046FBF7F2FD9DF80C3000
:10AE1000EB703246082349462046FBF7E9FD3146F0
:10AE20002046FBF7B7FD20460121FBF7EDFD334639
:10AE300032463146E86D0AF08BF8102241F2F203F7
:10AE40004FF0FF31E86DEA71ADF80830ADF80C60F5
:10AE50000AF0C6FC31462046FBF7D6FD204601210C
:10AE6000FBF798FD3A46022341462046FBF7C0FD1A
:10AE700031462046FBF78EFD20460121FBF7C4FD3D
:10AE8000334632463146E86D0AF062F89DF80C30E0
:10AE9000EB7004B0BDE8F0874FF0FF31E86D0AF0C9
:10AEA0009FFC31462046FBF7AFFD03AF2046012152
:10AEB0000DF10808FBF76EFD3A4602234146204695
:10AEC000FBF796FD31462046FBF764FD2046012145
:10AED000FBF79AFD334632463146E86D0AF038F802
:10AEE00037E700BF207500202DE9F04F4B781D0794
:10AEF0000E4685B090460978044662D1DA0600F124
:10AF00004881B26812B1B288002A5AD1E24D03F0EA
:10AF10002006AB7966F07F068B42F6B200F06481C2
:10AF2000E2230027A9718DF809108DF80830ADF8DB
:10AF30000C70B8F1000F00F06C82012120460DF179
:10AF40000C090DF1080AFBF725FD51464A4602237C
:10AF50002046FBF74DFD39462046FBF71BFD9DF8CB
:10AF60000C30EB70F223EE718DF8096000268DF83D
:10AF70000830ADF80C60B8F1000F40F0D980E86DF2
:10AF80004FF0FF310AF02CFC41462046FBF73CFD18
:10AF900020460121FBF7FEFC4A460223514620468B
:10AFA000FBF726FD41462046FBF7F4FC2046012135
:10AFB000FBF72AFD434642464146E86D09F0C8FFCB
:10AFC00045E0B54D13F02007AA7946D1914240F0F3
:10AFD000BE800DF10C090DF1080AB37813F0100FC3
:10AFE0000CBF10222022EA2300278DF809208DF8BB
:10AFF0000830ADF80C70B8F1000F00F0FA800121B4
:10B000002046FBF7C7FC02234A4651462046FBF781
:10B01000EFFC39462046FBF7BDFC9DF80C30EB7089
:10B020007378EB71F222012120468DF809308DF8FA
:10B030000820ADF80C70FBF7ADFC51464A460223E0
:10B040002046FBF7D5FC39462046FBF7A3FC9DF8CC
:10B050000C30EB7005B0BDE8F08F914240F0A1805C
:10B060000DF10C090DF1080AB37813F0100F0CBFA5
:10B0700040228022EA2300278DF809208DF808302D
:10B08000ADF80C70B8F1000F00F0E480012120460B
:10B09000FBF780FC514602234A462046FBF7A8FCFA
:10B0A00039462046FBF776FC9DF80C30EB70328871
:10B0B0002B899A422AD0B788F2887388BF1ABFB208
:10B0C0005B099F4228BF1F4617F0FF0740F0088129
:10B0D0003A23AF708DF8097000278DF80830ADF86D
:10B0E0000C70B8F1000F00F0D98001212046FBF769
:10B0F00051FC514602234A462046FBF779FC39466B
:10B100002046FBF747FC9DF80C30EB7033782B7230
:10B1100073786B727378EB71F22200268DF8093028
:10B120008DF80820ADF80C60B8F1000F3FF427AFA0
:10B1300020460121FBF72EFC51464A4602232046B9
:10B14000FBF756FC31462046FBF724FC7FE7E22361
:10B15000A9718DF80910ADF80C708DF80830B8F1B0
:10B16000000F00F0DE80012120460DF10C090DF1E9
:10B17000080AFBF70FFC51464A4602232046FBF71C
:10B1800037FC39462046FBF705FC9DF80C30EB7088
:10B1900023E7434606F10802FFF7B4FD05B0BDE81A
:10B1A000F08FE2230027A9718DF809108DF808307F
:10B1B000ADF80C70B8F1000F00F0D98001212046E5
:10B1C0000DF10C090DF1080AFBF7E4FB51464A4664
:10B1D00002232046FBF70CFC39462046FBF7DAFB3E
:10B1E0009DF80C30EB703FE70DF10C090DF1080AEA
:10B1F000B8E64FF0FF31E86D0AF0F2FA414620461A
:10B20000FBF702FC01212046FBF7C4FB02234A4660
:10B2100051462046FBF7ECFB41462046FBF7BAFBC4
:10B2200001212046FBF7F0FB434642464146E86DCC
:10B2300009F08EFE9DF80C30EB707378E86DEB71C1
:10B24000F2224FF0FF318DF80930ADF80C808DF807
:10B25000082097E64FF0FF31E86D0AF0C1FA414649
:10B260002046FBF7D1FB20460121FBF793FB4A4622
:10B27000022351462046FBF7BBFB41462046FBF725
:10B2800089FB20460121FBF7BFFB4346424641466E
:10B29000E86D09F05DFE07E7207500204FF0FF31F3
:10B2A000E86D0AF09DFA41462046FBF7ADFB2046CB
:10B2B0000121FBF76FFB4A46022351462046FBF76C
:10B2C00097FB41462046FBF765FB20460121FBF733
:10B2D0009BFB434642464146E86D09F039FE12E7C2
:10B2E00012238DF80730D6F808B0B8F1000F64D0FB
:10B2F00020460121FBF74EFB4A460DF107010123D1
:10B300002046FBF775FB9DF80C30EB7059463B4629
:10B3100000222046FBF76CFB00212046FBF73AFB9E
:10B32000D6E64FF0FF31E86D0AF05AFA4146204662
:10B33000FBF76AFB0DF10C09204601210DF1080A0B
:10B34000FBF728FB4A46022351462046FBF750FBF9
:10B3500041462046FBF71EFB20460121FBF754FB2C
:10B36000434642464146E86D09F0F2FD0DE74FF0D5
:10B37000FF31E86D0AF034FA41462046FBF744FB02
:10B380000DF10C09204601210DF1080AFBF702FB23
:10B390004A46022351462046FBF72AFB41462046F7
:10B3A000FBF7F8FA20460121FBF72EFB4346424605
:10B3B0004146E86D09F0CCFD12E74FF0FF31E86D32
:10B3C0000AF00EFA41462046FBF71EFB20460121FB
:10B3D000FBF7E0FA4A460DF1070101232046FBF78F
:10B3E00007FB9DF80C30EB7042463B465946204621
:10B3F000FBF7FEFA41462046FBF7CCFA2046012136
:10B40000FBF702FB434642464146E86D09F0A0FDCA
:10B410005EE64FF0FF31E86D0AF0E2F94146204662
:10B42000FBF7F2FA0DF10C09204601210DF1080A93
:10B43000FBF7B0FA4A46022351462046FBF7D8FAFA
:10B4400041462046FBF7A6FA20460121FBF7DCFA2D
:10B45000434642464146E86D09F07AFD7FE500BF6C
:10B460002DE9F04102F07F0CBDF818E0D20981BB54
:10B47000BCF1000F5ED13E4EA6F160077178B47842
:10B4800082F0010262F345110A466FF3041244F0A0
:10B4900010017270B170B278B360032363F30302DA
:10B4A00000258046A6F804E0B270F5802846FFF734
:10B4B000A1FBBC7AC4BB01252046BD72FFF79EFBF1
:10B4C0002246404631462C46FFF70EFD2046BDE899
:10B4D000F08182F00108BCF1000F2ED0254F01222F
:10B4E0003C4604E00132142A04F10C0418D094F80C
:10B4F0006C508D42F6D102EB420507EB850595F8BD
:10B50000615005F00F066645ECD1C5F34015454581
:10B5100004F16C06BFD00132142A04F10C04E6D108
:10B5200000242046BDE8F0812846FFF767FB20464F
:10B53000BDE8F08182F00108D0E70E4F01243D46BE
:10B5400002E00134142CEBD095F86C608E4205F1CA
:10B550000C05F6D104EB4406B60007EB060C9CF88C
:10B5600061C01CF00F0FECD160363E4486E700BF8F
:10B57000807500202075002042DF704743DF704750
:10B5800044DF704712DF7047F0B5334CBFF35B8F79
:10B59000014604F590730125D3E84F2FC3E8405FBF
:10B5A0000028F9D1BFF35B8F12F0FF0F48D10829B3
:10B5B00029D04E01A21954F806C028489388284F74
:10B5C00001F5947601EB810E50F82660D2889A1A24
:10B5D00093B2B6B200EB8E0209B2B34228BF334633
:10B5E000C2F800C707EB8100C2F8043747F82150C2
:10B5F000BFF36F8FBFF34F8F1A4B984218D0043BA5
:10B60000984215D0F0BD154BD3F8C024D1030FD408
:10B6100094F80B1161B11449D4F80001C3F8A007E4
:10B62000C3F8A4270D60BFF36F8FBFF34F8FF0BD3A
:10B630000023BFF35B8F84F82031BFF35B8FF0BD35
:10B640000A4B0B485A68C2F30802003218BF0122A5
:10B65000BDE8F040FFF794B870760020007002401B
:10B6600028700240507002404870024000ED00E037
:10B67000E9B60200174BBFF35B8F01460122D3E806
:10B680004F0FC3E84C2FBCF1000FF8D1BFF35B8F15
:10B6900010F0FF0F14D10A60BFF36F8FBFF34F8F0D
:10B6A0000D4B994203D0043B994200D070470B4B9D
:10B6B000BFF35B8F002283F82021BFF35B8F7047BD
:10B6C000074B08485A68C2F30802003218BF01222B
:10B6D000FFF756B890770020507002407076002037
:10B6E00000ED00E075B60200F0B5334CBFF35B8FA0
:10B6F000C1B204F590730126D3E84F2FC3E8406F21
:10B700000028F9D1BFF35B8F12F0FF0F47D1082952
:10B7100028D04D01621954F805E028489388DFF8D5
:10B72000B0C001F5947550F82570D2888D009A1A32
:10B7300093B2BFB26A1800EB8202BB4228BF3B46FD
:10B74000C2F800E76544C2F804374CF82160BFF343
:10B750006F8FBFF34F8F1A4B9D4218D0043B9D4211
:10B7600015D0F0BD154BD3F8C024D1030FD494F8F5
:10B770000B1161B11349D4F80001C3F8A007C3F855
:10B78000A4270E60BFF36F8FBFF34F8FF0BD002370
:10B79000BFF35B8F84F82031BFF35B8FF0BD0A4BA2
:10B7A0000A485A68C2F30802003218BF0122BDE8F5
:10B7B000F040FEF7E5BF00BF707600200070024049
:10B7C000507002404870024000ED00E0E9B602000F
:10B7D0002870024001207047014B80225A60704758
:10B7E00000E100E0074BD3F80014D3F80024002058
:10B7F0000A434FF48001C3F80024C3F85801C3F88A
:10B800000413704700700240074B4FF4001229B92F
:10B81000C3F80823054B83F821117047C3F80423AC
:10B82000024B83F8211170470070024070760020AF
:10B8300070B48A788C88414EC97802F07F03D509AC
:10B8400005EB430006EB001001F00301C4F30A040A
:10B85000012904812BD0012101FA03F4BDB138483C
:10B8600002339940C0F80413D0F810352343C0F8D0
:10B870001035334B42F48071C3F81825C3F80C150A
:10B88000BFF36F8FBFF34F8F012070BC70472C4800
:10B8900003F10C06B140C0F80413D0F8141503F5F9
:10B8A00094730C43C0F8144540F82350E1E7082B8B
:10B8B00008D0244B186810F00100E6D000BE00202C
:10B8C00070BC7047EDB9B6F818311BB11C4B802223
:10B8D000C3F81C251A4A0023C2F85031D2F80033AD
:10B8E00013F4001308BFC2F85431154B4FF4401243
:10B8F000C3F80423D3F8142542F48072C3F8142546
:10B90000BEE7B6F808210E4B0021C3F82C1112B186
:10B910008022C3F81C250A4AD2F8003313F400131E
:10B9200008BFC2F85431064B074AC3F80423D3F8C2
:10B93000102542F48072C3F81025A1E7707600202C
:10B9400000700240F0ED00E0000820001F4B802254
:10B950002DE9F041C3F88420BFF34F8FBFF36F8F01
:10B9600001241B4D1B4FA0460026A30004F10C022E
:10B97000A11C03F1804303F51C3308FA01F108FA16
:10B9800002F20A43C7F8082328465E6001342022E9
:10B990009E6200210DF074FA082C05F12005E4D117
:10B9A0000D4BC7F808332022C7F81C6500217E62C2
:10B9B0000A48BE640DF064FAC7F81485C7F810850C
:10B9C000024B80225A60BDE8F08100BF00E100E038
:10B9D0009076002000700240000830007077002050
:10B9E00001F07F02082A70B44FEAD11128D0012358
:10B9F00003FA02F0C043B1B1294C951CAB40C4F826
:10BA00000833D4F81055274B2840C4F8100501EB33
:10BA1000420103EB01110023CB72BFF36F8FBFF321
:10BA20004F8F70BC70471E4C02F10C05AB40C4F840
:10BA30000833D4F814551B4B2840C4F81405E6E726
:10BA4000184B03EB01100024A0F808411448D1B1B1
:10BA50004FF40064C0F80843D0F8104524F4807413
:10BA6000C0F81045B3F81841B3F808510C48EC423F
:10BA70004FF0000608BF4FF40014C0F81C6508BF63
:10BA8000C0F80843C3E74FF48014C0F80843D0F867
:10BA9000144524F48074C0F81445C0F85011E1E74F
:10BAA000007002407076002001F07F004FEAD11C48
:10BAB000F0B50CEB4005744E2D01771985B0FC7A7A
:10BAC0004CB1724B1C6814F0010401D000BE00247C
:10BAD000204605B0F0BD04F0FF0E7251BB80A7F800
:10BAE00006E0002843D1002B57D0BCF1000F00F036
:10BAF0008E8006EB401100EB8003CD8A8A8A0C8B86
:10BB00000969521B9B0092B203F1804303F51C3379
:10BB1000A24228BF22465E4DC3F8001600B2C3F809
:10BB200004265C4BBFF35B8F05EB80010122D3E859
:10BB30004F4FC3E8472F002FF9D1BFF35B8FE4B21B
:10BB4000002C40F0908045F82020BFF36F8FBFF3AA
:10BB50004F8F514B994202D0043B994219D1BFF308
:10BB60005B8F002386F82031BFF35B8F11E0BCF1BF
:10BB7000000FBED106EB40160123F372BFF36F8FA7
:10BB8000BFF34F8FB37A23B1F37A03F0FF04002B96
:10BB900074D10124204605B0F0BD404AD2F880247B
:10BBA000C2F3C0126245A0D03D4D6A688DF80810FE
:10BBB000C2F3080100314FF4E06218BF012101A86F
:10BBC00003938DF80930ADF80420FEF755FCBFF360
:10BBD0005B8F06F590720123D2E84F1FC2E8403F09
:10BBE0000028F9D1BFF35B8FCCB2002C38D12A4AA0
:10BBF0001360BFF36F8FBFF34F8F1C46BFF35B8F94
:10BC0000204686F82011BFF35B8F05B0F0BD0123FD
:10BC1000204AF372BFF35B8FD2E84F4FC2E8413F37
:10BC20000029F9D1BFF35B8FE4B26CB91D4A1360F0
:10BC3000BFF36F8FBFF34F8FBFF35B8F86F820C1C9
:10BC40001C46BFF35B8F43E7154B16495A681648ED
:10BC5000C2F30802003218BF0122FEF791FD37E758
:10BC60006A680D49F3E70E4B0F485A68C2F30802A1
:10BC7000003218BF0122FEF783FD29E786F80AC0CB
:10BC8000FFF782FC24E700BF70760020F0ED00E0B3
:10BC90000470024090770020507002400070024013
:10BCA00000ED00E04C70024075B6020011F07F001C
:10BCB00008B512D008280BD00E4B41F48072C90988
:10BCC000C3F8182504D10C4B03EB40139A7A62B9E0
:10BCD000BFF36F8FBFF34F8F08BD064B01225A652C
:10BCE000BFF36F8FBFF34F8F08BD9972FFF74CFC06
:10BCF000EEE700BF007002407076002011F0770F71
:10BD000012D00A4B41F48072C3F80C15C3F80C250D
:10BD1000CA09C3F8181504BF01F5947143F821202E
:10BD2000BFF36F8FBFF34F8F704700BF00700240AB
:10BD30002DE9F04FA54BA64CD3F8000300238BB0A0
:10BD40001E461F46012520FA03F11A19C9074FEABA
:10BD5000820209D5116839B105FA03F117600E4363
:10BD6000BFF36F8FBFF34F8F0133192BEBD1F20766
:10BD700000F13582974D330508D5944BD3F8A8369A
:10BD800001229BB2A5F8163185F81C21B70206F4F2
:10BD9000800424D58D4BD3F81425D00540F1FC81C7
:10BDA000002C00F0A182D3F80024D20740F19C823D
:10BDB000D3F81035DA0540F1FB8195F81C3107AF57
:10BDC000002B40F0BD82814BD3F8203508933846D4
:10BDD0004FF440730121ADF81C30FEF74DFB04B366
:10BDE0007A4AD2F8004440F201732340C2F800348A
:10BDF000E30500F15682670510D5744B0122C3F8A4
:10BE000008259A65D3F8002312F4001208BFC3F87E
:10BE100054216E4B4FF40012C3F80423A00500F127
:10BE2000358231023DD5694BD3F880C4D3F88414F0
:10BE3000D3F888E4D3F88C74D3F89084D3F894447E
:10BE4000D3F89804D3F89C245FFA8CF35FFA80FC53
:10BE5000D0B25A06C9B25FFA8EFEFFB25FFA88F816
:10BE60005FFA84F901D105291BD00024224668F32A
:10BE7000070263F3070461F30F2469F30F226EF3E3
:10BE800017446CF3174260F31F6267F31F644FF4AB
:10BE9000C063012107A8CDE90842ADF81C30FEF7C8
:10BEA000EBFA4D4B3340002B40F09181DFF82491A9
:10BEB000464F4D46CA4609F5907800241DE02B44B4
:10BEC000DA7A002A00F0D781DA88AAF80420002262
:10BED000DA72D98809914FF4E063012107A88DF83F
:10BEE00020B08DF82120ADF81C30FEF7C5FABBF16B
:10BEF000080F47D001340AF1200A04F10C0326FA96
:10BF000003F3DB075FFA84FBF1D504EB840307EB53
:10BF10008303DAF80020D3F80807630112FA80F2ED
:10BF2000E918CAF80020CA8880B2024492B2082CEC
:10BF3000CA80C4D0BAF808208242C0D1CA88BAF8F0
:10BF400004109142BBD9BBF1000FD0D10122BFF345
:10BF50005B8FD8E84F3FC8E8412F0029F9D1BFF3E4
:10BF60005B8F13F0FF0F40F052821C490A60BFF351
:10BF70006F8FBFF34F8FBFF35B8F85F82031BFF317
:10BF80005B8FB7E7164B3340002B00F002810F4B5D
:10BF9000D3F86C240192C3F86C24BFF36F8FBFF306
:10BFA0004F8F16F4806600F06E81D3F88024D3F8AA
:10BFB000803483F08003C3F3C0130593C2F3C0132E
:10BFC0000493DFF808A00024A84613E000700240A4
:10BFD000409C001070760020FCFB1F004C7002405B
:10BFE00000040001002C00F0F281072E52D0013431
:10BFF00009F120090199E14004EB8403C9070AEB28
:10C00000830308EB4412E6B2ECD5D3F80816D9F84E
:10C010001070C9B20F44C9F81070D08A014489B2B7
:10C02000D182A849D08AB9F8145061188900854294
:10C0300002914FF0010C66F07F0103914FF4E06B29
:10C040004FF0000E614607A840F2B480D18AB9F8DB
:10C050001820C3F800766D1AADB2954228BF154678
:10C06000994AC3F80456BFF35B8FD2E84F3FC2E84A
:10C0700041CF0029F9D1BFF35B8F13F0FF0F40F0E0
:10C08000ED80029BC3F800C0BFF36F8FBFF34F8FEB
:10C09000072EACD1019BDB03454601D4059B43B180
:10C0A000EB7A23B1EB88AA889A4200F271810123CE
:10C0B000AB72019B9F030BD595F82B3023B1EB8C12
:10C0C000AA8C9A4200F28881012385F82A30019BCC
:10C0D0005E030DD595F84B3033B1B5F84630B5F861
:10C0E00044209A4200F27D81012385F84A30019B69
:10C0F0001C030DD595F86B3033B1B5F86630B5F843
:10C1000064209A4200F27E81012385F86A30019B07
:10C11000D8020DD595F88B3033B1B5F88630B5F827
:10C1200084209A4200F23881012385F88A30019BED
:10C1300099020DD595F8AB3033B1B5F8A630B5F806
:10C14000A4209A4200F22D81012385F8AA30019B98
:10C150005A020DD595F8CB3033B1B5F8C630B5F8E5
:10C16000C4209A4200F22281012385F8CA30019B43
:10C170001B020ED595F8EB30002B00F0F380B5F8DC
:10C18000E630B5F8E4209A4240F2EC800720FFF751
:10C19000FBF90BB0BDE8F08FD3F81025D1053FF5C2
:10C1A0000CAE95F821211AB94FF40012C3F80823F8
:10C1B00007AF08E6D38A09939DF80C30ADF81CB0A0
:10C1C0008DF820308DF821E0FEF756F90DE70023B9
:10C1D000BFF35B8F85F82031BFF35B8F66E63B4B87
:10C1E0003B4A3C4D3C4800240127C2F81475C2F874
:10C1F0001075546094625C609C629C60DC62DC60E0
:10C200001C631C615C635C619C639C61DC63DC613E
:10C210001C6454629464C2F85841D2F80034D2F8D5
:10C2200000140B43C2F80034D2F80033C2F80833CC
:10C230002146C2F8040328464FF492720CF020FE07
:10C2400040234FF48072394607A82B832B818DF849
:10C250002040ADF81C20FEF70FF98CE51F4B20485D
:10C260005A680299C2F30802B2EB0E0218BF01220B
:10C27000FEF786FAB9E61B4B1B68D80789D500BEC6
:10C280000BB0BDE8F08FCDE904669AE600220523E5
:10C29000012107A88DF81C208DF81D30FEF7ECF861
:10C2A000BFE50121C2F82C150423002207A88DF850
:10C2B0001C208DF81D30FEF7DFF867057FF5AEAD69
:10C2C0009BE500BF019C00109077002004700240A5
:10C2D00000700240707600200514C00100ED00E0FF
:10C2E00075B60200F0ED00E04F4BBFF35B8F01220B
:10C2F000D3E84F1FC3E8402F0028F9D1BFF35B8F6D
:10C3000011F0FF0F32D1494BD3F8C004C70352D408
:10C3100095F80B1101F0FF07002967D04449D5F8C3
:10C320000071C3F8A077C3F8A4070A60BFF36F8F4A
:10C33000BFF34F8FD3F81035D8053FF53EAD37E743
:10C34000B5F816310993002285F81C2188234FF493
:10C35000E06238460121ADF81C20ADF82030FEF730
:10C360008BF830E5012385F8EA3012E7314B32488B
:10C370005A68C2F30802003218BF01220821FEF7F2
:10C38000FFF92A4BD3F81035DB053FF516AD0FE763
:10C390000020FFF7F9F88CE60420FFF7F5F8019B81
:10C3A000C6E60520FFF7F0F8019BD1E60620FFF76F
:10C3B000EBF8019BDCE6BFF35B8F85F82011BFF340
:10C3C0005B8FD3F81035DF053FF5F7ACF0E6049945
:10C3D00000293FF40CAE18E60120FFF7D5F8019BC9
:10C3E00076E60220FFF7D0F8019B81E6BFF35B8F72
:10C3F00085F82071BFF35B8FD3F81035D9053FF571
:10C40000DCACD5E60320FFF7BFF8019B80E6094BC3
:10C410000A485A680A49C2F30802003218BF0122CA
:10C42000FEF7AEF966E500BF90770020007002408D
:10C430004870024000ED00E0E9B6020075B6020067
:10C440004C70024030B5012885B000F09F8057D372
:10C45000022840D1BA4BD3F80435002B40F0D780E6
:10C46000B74AD2F800341C05FBD54FF40063C2F87C
:10C470000034BFF36F8FBFF34F8FB24AB24B1268D5
:10C480001B68082A00F0D780AD4BB04D80240122F4
:10C49000C3F81C45C3F80423C5F88441FDF7D8FA56
:10C4A000002840F0F880AA4D43F204044FF0804386
:10C4B0002268AA4211D0D3F80C14D3F80C24D0036C
:10C4C000F6D5CA07F4D59E4B0122C3F80425BFF365
:10C4D0006F8FBFF34F8F05B030BD04AA002102F863
:10C4E0000C1D1046FFF74EF89DF804000028E2D01E
:10C4F00010460191FFF744F8019A002AD8D0E2E7EC
:10C500008F4BD3F80025002AE5D14FF480014FF47A
:10C510000062C3F80813C3F80024BFF36F8FBFF3A2
:10C520004F8F884B1B68082B00F0B780844B01228B
:10C53000C3F80025BFF36F8FBFF34F8F43F20402A0
:10C5400003F18D5303F57723126803F2DB539A420C
:10C5500000F0CA804FF08043D3F80C24D3F80C3499
:10C56000D90301D5D207B6D443F20402784B12683E
:10C570009A4200F01881774B00221A601B680193E1
:10C580004FF08043012201991A60A4E76C4BD3F865
:10C590000025002A9FD00022C3F80425BFF36F8F27
:10C5A000BFF34F8F69498020C1F88400BFF34F8FDC
:10C5B000BFF36F8FD3F80013C3F80813C3F8002537
:10C5C000BFF36F8FBFF34F8F43F2040103F18D531D
:10C5D00003F57723096803F2DB53994200F0998051
:10C5E00001AB5D4A012111605C4A5168C1F3080149
:10C5F000003118464FF000024FF0020318BF01212E
:10C600008DF804208DF80530FDF736FF63E743F21F
:10C6100004024F4B12689A4200F0B0804FF0804302
:10C62000D3F80C24D3F80C34DB037FF519AFD5070E
:10C630007FF516AF4FE7032B0AD8494A1168002946
:10C6400040F09880474C49F27530106021601060CE
:10C650005A1E022A10D8424A1168002967D1424D59
:10C660003848394B00681B6849F2753414602960FA
:10C67000146008287FF408AF032B3FF605AF3B4951
:10C680003B4B40F2E370402208601A60BFF36F8FAB
:10C69000BFF34F8FF8E66C6005E72B4B1B685A1E03
:10C6A000022A12D82E4B1A68002A40F08E802E499A
:10C6B00049F2753203201A6008601A60214A224B41
:10C6C00012681B68082A7FF431AF032B3FF62EAFA8
:10C6D000234B1A68002A74D1224949F27532C020CE
:10C6E0001A6008601A6021E704AB002203F80C2DE1
:10C6F0001846FEF747FF9DF8041000293FF42AAFC3
:10C7000018460192FEF73CFF019B002B7FF4E3AE3D
:10C710002AE704AB03F80C2D1846FEF733FF9DF80B
:10C720000420002A3FF45DAFFEF728FF5CE70549CF
:10C73000054B0D4A08681B680021116099E700BF8E
:10C7400000700240300100103401001000E100E0F0
:10C75000DBE5B151000100400400004000ED00E0C5
:10C7600000EC064014EC064014ED06400078024050
:10C7700004780240174A0021116069E704AB0022E7
:10C7800003F80C2D1846FEF7FDFE9DF80410002955
:10C790003FF444AF18460192FEF7F2FE019B002BD6
:10C7A0007FF499AE5CE604A8002300F80C3DFEF788
:10C7B000E9FE9DF80430002B3FF4DDAEFEF7DCFE11
:10C7C00089E6044BC0221A60B0E6034B03221A60CC
:10C7D00074E700BF14EC064014ED0640F8B503788A
:10C7E00013F0010405D10678C6F3800626B1204671
:10C7F000F8BD00242046F8BD0F4605464FF0FF3136
:10C80000384608F0EDFF2A7812F001040FD12B789A
:10C810005B0704D42B7843F004032B70012400231E
:10C8200038461A46194608F093FB2046F8BD3446B0
:10C83000F5E700BF70B505460E4608464FF0FF31DC
:10C8400008F0CEFF2878C0F3800444B90024002308
:10C8500030461A46194608F07BFB204670BD2B78FF
:10C8600013F00102F2D12B7862F382032B70EEE712
:10C8700010B4C378848803F00303022BC4F30A04C2
:10C8800026D019D8012B04D0002318465DF8044B9C
:10C890007047022940F2FF3208BF4FF48062A24283
:10C8A000F3D21A4B1B6813F00103EED000BE002335
:10C8B00018465DF8044B7047022914BF40234FF41B
:10C8C0008063A342EDD3012318465DF8044B704703
:10C8D00002290BD012B1B4F5007F11D0A4F10803E6
:10C8E0009BB2182B06D9402CEDD0DAE7B4F5007FC7
:10C8F000D7D1E8E7064A22FA03F3DB07D1D5E2E70E
:10C9000000244021134644710171BEE7F0ED00E0C0
:10C91000010100010A44914216D230B44C78052C32
:10C9200005D00C7821448A42F8D830BC70478C7806
:10C9300004F07F0500EB4505E4092B550C782144F4
:10C940008A42EBD830BC7047704700BF2DE9F041F8
:10C9500082B00678089DBDF82470009361F300064C
:10C960000446294600F8086B012316463A46BDF8EE
:10C970002C80FCF76DFE05B13FB90A9B6360012076
:10C98000A4F8028002B0BDE8F08104F11C0101208E
:10C9900008F0B8FC26B903463046C4E90503ECE7C5
:10C9A0000023FAE710B50446406908B109F0CEF853
:10C9B000A06908B109F0CAF8012010BDF0B50B4616
:10C9C0000D4613F8081B83B011F0020F07461846F6
:10C9D00040F2FF130CBF3F241C461646FCF774FEC2
:10C9E000E8B9E6B126421AD12B786978DA073846D9
:10C9F00018D5FEF707F990B12B78697813F0010389
:10CA000013D000233846CDE900331A46FEF73EF92D
:10CA100030B9084B1B68DB0701D500BE00E00020E1
:10CA200003B0F0BDFDF714FFE5E738461A46FDF701
:10CA30002FFFEDE7F0ED00E070B501F1080582B0E1
:10CA4000064628460C46FCF73FFE38B1237861784D
:10CA5000DB07304605D5FEF7D5F830B9002002B027
:10CA600070BDFDF7F5FE0028F8D0284662886168A1
:10CA7000FCF754FE054690B1237862686178D807C8
:10CA800017D50023CDE9003330462B46FEF7FEF8DC
:10CA9000B0B90C4B1B68DB07E0D500BEDFE72078A0
:10CAA000617810F00104304608D1FDF7E1FE204620
:10CAB000D5E730462B46FDF7EBFEE9E7FEF7C8F871
:10CAC0002846CCE7F0ED00E02DE9F0418A890B78AB
:10CAD00082B00C460646E2B9DD07497857D5FEF725
:10CAE00091F800284FD0227863886178D20751D519
:10CAF000002B5DD0626800253046CDE90055FEF779
:10CB0000C5F800284DD1374B1B68DB073BD500BE6D
:10CB10003AE003F0020301F10808002B40460CBF85
:10CB200040274FF40077304D08BF6FF03F05FCF70A
:10CB3000E3FD874227D823786178DB07304634D578
:10CB4000FEF760F8F8B14046FCF7D6FD874233D8CF
:10CB500005EA000265882378617890B2854228BF93
:10CB60000546DA0732D5002D37D062680023CDE9BB
:10CB7000003330462B46FEF789F80028C3D02846FC
:10CB800002E0FEF765F8002002B0BDE8F081FDF795
:10CB90005FFEA6E773B162683046FDF779FE0028B4
:10CBA000B1D0608802B0BDE8F081FDF751FEC9E761
:10CBB0001A46A0E71A46EFE72078617810F00104E2
:10CBC0003046DED1FDF754FE2046DDE73DB1626818
:10CBD00030462B46FDF75CFECFE72A46C6E72A46DD
:10CBE000F6E700BFF0ED00E000FEFFFF0CB4144BD1
:10CBF00030B51B788342ABB004D22BB0BDE83040D7
:10CC000002B070472FAD2B462E9A01950C4602A814
:10CC1000A0210DF01FF95B210A4806F039FF2146DB
:10CC2000084806F023FF0849064806F01FFF02A93E
:10CC3000044806F0DFFF2BB0BDE8304002B070477B
:10CC40001961002038630020ACBF030000B500204C
:10CC500083B00DF0B1F80DF10703181A03B05DF8B9
:10CC600004FB00BF2DE9F84F04468946164608F03C
:10CC70006BF8DFF8A880264FDFF898A005462068FB
:10CC800003681B6998478346C0B1206803685B69E5
:10CC90009847C3B20D2BD4F810C004F1080B17D07D
:10CCA0000A2B15D0BCF5007F424639464FF00100F3
:10CCB00024D21946584607F0E5FDE0E708F044F8AD
:10CCC000401BB0424FF001001FD208F049F8D6E7F0
:10CCD000BCF1000FD3D008342146484607F008FDC8
:10CCE00020460C4907F050FDD9F800300A4A08499F
:10CCF0000320FFF77BFF0120BDE8F88FFFF776FFE9
:10CD00005146584607F040FDB9E75846BDE8F88F50
:10CD100060C1030040C2030010C1030018C103003A
:10CD20002DE9F04F06468DB00B46894603204D494C
:10CD300090464D4AFFF75AFF4946306806F096FE86
:10CD40000D21306806F0A4FE07F0FEFF47490746B4
:10CD500003A807F08BFB07F0F7FFC01B40455BD231
:10CD6000142203A93046FFF77DFF05460028F2D0C4
:10CD7000DFF818B10BF124045BF8041F09A807F0D1
:10CD800075FB09A903A807F02FFE824609A807F042
:10CD9000A7FCBAF1000F27D15C45EDD1344903A8B7
:10CDA00007F00AFEC8B9334903A807F005FE58B9D1
:10CDB000314909A807F05AFB09A903A807F014FE96
:10CDC00090B309A807F08CFC039B00932B4A2549DC
:10CDD0004B460120FFF70AFF002503A807F080FC5F
:10CDE00028460DB0BDE8F08F96F8750096F87430BF
:10CDF000441C04F00704A3422CD00C2303FB006066
:10CE00000DEB0301143007F073FC86F8754007F052
:10CE10009BFFC01B4045A3D34B46194A1149012033
:10CE2000FFF7E4FE0025D8E7164906A807F01EFB29
:10CE300006A903A807F0D8FD044606A807F050FC91
:10CE400009A807F04DFC002CBED1494603A807F005
:10CE5000B3FD80E7039B0C4A02490120FFF7C6FEA1
:10CE600079E700BF60C1030058C1030040C203005E
:10CE7000D8C003009CC00300A4C00300BCC00300D2
:10CE8000C8C00300B0C0030074C00300ACBF0300FF
:10CE900038B5044610460D461A460146206807F08C
:10CEA0001FFA206803682946DB6998474FF47A70B7
:10CEB00007F056FF03E0206803685B699847206825
:10CEC00003681B6998470028F5D104F10805284636
:10CED0000F4907F059FC4FF4FA620E492046FFF75C
:10CEE0001FFF03E0206803685B69984720680368B8
:10CEF0001B6998470028F5D12846054907F044FCEE
:10CF000020464FF4FA620449BDE83840FFF708BFF5
:10CF100040C2030068C0030070C003004FF4FA620F
:10CF20000149FFF7FDBE00BF70C003002DE9F04FBF
:10CF300087B007463949DFF8ECB0DFF8EC90DFF84E
:10CF4000ECA0684607F092FA002269463846FFF7DF
:10CF500089FE00B3324D03AC05F1240855F8041FD7
:10CF6000204607F083FA2146684607F03DFD064655
:10CF7000204607F0B5FBBEBBA845EFD15246494657
:10CF80000320009BFFF732FE002269463846FFF778
:10CF900069FE0028DED197F8741097F875308B423F
:10CFA0001CD003AC0C26142516FB01513944204635
:10CFB00007F082FA97F874307A68013303F00703B8
:10CFC000204687F8743002B19047204607F088FB6E
:10CFD00097F8741097F875308B42E5D1684607F0E2
:10CFE0007FFB07B0BDE8F08F97F8750097F87430B5
:10CFF000441C04F00704A34209D00C2303FB007077
:10D000001430694607F074FB87F875409CE7009B75
:10D010005A4649460120FFF7E9FD95E740C2030063
:10D02000ACBF030074C0030060C103005CC0030018
:10D030002DE9F04F064689468FB0574903209246A6
:10D040009846564A4B46FFF7D1FD4946306806F0F0
:10D050000DFD0D21306806F01BFD07F075FE5049EF
:10D06000039005A807F002FA07F06EFE039BC01AB2
:10D07000404559D214220DEB02013046FFF7F2FD74
:10D0800005460028F0D0474C04F1240B54F8041F47
:10D090000BA807F0EBF90BA905A807F0A5FC0746BC
:10D0A0000BA807F01DFB3FBBA345EFD13E4905A8E8
:10D0B00007F082FCC8B93D4905A807F07DFC58B9C6
:10D0C0003B4908A807F0D2F908A905A807F08CFC8D
:10D0D00090B308A807F004FB059B0093354A2E493E
:10D0E0004B460120FFF782FD002505A807F0F8FA5E
:10D0F00028460FB0BDE8F08F96F8750096F87430AA
:10D10000441C04F00704A34239D00C2303FB006045
:10D1100005A9143007F0ECFA86F8754007F014FE04
:10D12000039BC01A4045A5D34B46234A1A49012008
:10D13000FFF75CFD0025D8E720490BA807F096F91A
:10D140000BA905A807F050FC04460BA807F0C8FA85
:10D1500008A807F0C5FA002CBED1494605A807F07B
:10D160002BFC002880D1BAF1000F3FF47DAFDAF834
:10D1700008305BB905A9504607F036FB74E7059BFC
:10D180000F4A05490120FFF731FD6DE70A2150469E
:10D1900007F078FBEEE700BF60C1030058C1030051
:10D1A00040C20300ACBF0300D8C003009CC0030012
:10D1B000A4C00300BCC00300C8C00300B0C003008B
:10D1C00074C003004FF4FA620149FFF7A9BD00BF24
:10D1D00040C103002DE9F04F0F4697B0164677493E
:10D1E0004FF4FA620446FFF79BFD20B90546284636
:10D1F00017B0BDE8F08F724907A807F037F907A903
:10D20000384607F0F1FB002800F0B3800DF1040868
:10D210003946404607F050F90AAD07A807F060FA12
:10D22000019B684A302128460CF09AFC2B46664A3E
:10D2300066490320FFF7DAFC2946206806F016FC51
:10D240000D21206806F024FC07F07EFD40F6B7377C
:10D25000054607F079FD401BB84206D9A7E02068D3
:10D2600003685B6998473E2809D0206803681B69FA
:10D2700098470028F3D1012007F072FDE9E7314615
:10D280002068DFF8689106F0EBFB206803681A213C
:10D290001B68984707F058FD4D49074604A807F05A
:10D2A000E5F847F22F5607F04FFDC31BB3424FF08E
:10D2B000320204A920466FD8FFF7D4FC05460028A7
:10D2C000F1D0DFF82CA10AF124065AF8041F07A8B0
:10D2D00007F0CCF807A904A807F086FB834607A847
:10D2E00007F0FEF9BBF1000F1CD15645EDD14946C0
:10D2F00004A807F061FB58B9364904A807F05CFBA5
:10D3000050B3049B344A31490120FFF76FFC0025DC
:10D3100004A807F0E5F9404607F0E2F9284617B0FF
:10D32000BDE8F08F94F8750094F87430451C05F052
:10D330000705AB4209D00C2303FB0040143004A9BD
:10D3400007F0D6F984F87550ABE7049B234A1F49D0
:10D350000120FFF74BFCA4E7214907A807F086F856
:10D3600007A904A807F040FBE8B907A807F0B8F937
:10D3700097E70AAD2846124907F078F8394628465B
:10D3800007F0A2FA0DF104080146404607F094F8B0
:10D39000284607F0A5F940E7124A0C490120FFF79B
:10D3A00025FC0025B4E707A807F09AF9A9E70E4A7B
:10D3B00006490120FFF71AFC0025ACE740C1030035
:10D3C000DCC00300E0C0030058C1030060C10300DB
:10D3D00040C203009CC00300F0C0030074C00300FF
:10D3E000B0C0030000C1030040C00300D8C0030068
:10D3F000ACBF030010B586B00B460446064A68462B
:10D4000018210CF0ADFB6946204640F6B832FFF714
:10D4100087FC06B010BD00BF4CC103002DE9F043EE
:10D42000884697B017465C494FF4FA620546FFF705
:10D4300077FC20B90446204617B0BDE8F083574971
:10D4400001A807F013F8284601AA40F6B83354495A
:10D45000FFF7EEFD38B9002401A807F041F9204696
:10D4600017B0BDE8F0833A2101A807F0E9FA041EDD
:10D47000F1DB4A490AA806F0F9FF48490DA806F071
:10D48000F5FF464910A806F0F1FF444913A806F03D
:10D49000EDFF0025621C039B04A801A907F018FBFF
:10D4A0000AAE2C46069B1BE022462C2104A807F05E
:10D4B000D7FAB0F10009B8BFDDF8189022464B4604
:10D4C00004A907A807F004FB07A9304607F03AF9BA
:10D4D00007A809F1010407F003F9069B01350C3692
:10D4E0009C4233D2042D45D0214604A807F09EFA71
:10D4F0002228D9D101340146224604A807F0B0FA07
:10D50000B0F1000922DB22464B4604A907A807F028
:10D51000DFFA07A9304607F015F907A807F0E0F889
:10D52000069B09F101049C42D8D2214604A807F0C9
:10D530007DFA2C28214604A803D007F077FA20288A
:10D54000CBD1069B0134A342EFD8C7E704A807F06C
:10D55000C7F8022DD8BF00240FDC13A807F0C0F8CD
:10D5600010A807F0BDF80DA807F0BAF80AA807F050
:10D57000B7F871E704A807F0B3F80DA807F0DCFBD3
:10D58000C8F8000010A807F0D7FB00283860D4BF07
:10D5900000240124E1E700BF40C1030040C20300B2
:10D5A00034C103002DE9F04F0E469BB000F10C0989
:10D5B0007F49054606F05AFF7D49484606F056FF6A
:10D5C00005F1180A05F124031C46794903935046D6
:10D5D00006F04CFF2046764906F048FF75490BA837
:10D5E00006F044FF0BA9304607F04CFA04460BA89E
:10D5F00007F076F8002CC0F2C38022460A2130469C
:10D6000007F02EFA031E01932246BCBFB3680193B4
:10D610003A21304607F024FA0BACDFF894810290EF
:10D620001AAFA346584641460BF10C0B06F01EFFFD
:10D630005F45F7D1029A019B013205A831464FF0B0
:10D64000000807F045FAC346079B1AE05A462C210A
:10D6500005A807F005FA071EB8BF079F5A463B46C4
:10D6600005A908A807F034FA08A9204607F06AF8C7
:10D6700008A807F1010B07F033F8079B08F1010830
:10D680000C345B4535D9B8F1050F53D0594605A880
:10D6900007F0CCF92228D9D10BF1010B01465A46EB
:10D6A00005A807F0DDF9071E23DB5A463B4605A90E
:10D6B00008A807F00DFA08A9204607F043F808A8C3
:10D6C00007F00EF8079B07F1010B5B45D6D95946C9
:10D6D00005A807F0ABF92C28594605A803D007F098
:10D6E000A5F92028C9D1079B0BF1010B5B45EED8AA
:10D6F000C4E705A806F0F4FFB8F1030F1DDC4346AC
:10D700002D4A2E490120FFF771FA0EAC14AF17A86D
:10D7100006F0E6FF384606F0E3FF11A806F0E0FF4A
:10D72000204606F0DDFF0BA806F0DAFF28461BB006
:10D73000BDE8F08F05A806F0D3FF0BA928460EAC74
:10D7400006F0D6FF14AF2146484606F0D1FF5046FA
:10D75000394606F0CDFFB368019A9342D7DD013216
:10D76000314608A807F0B4F9039E08A9304606F030
:10D77000E9FF08A806F0B4FF304607F0B1FAC6E7A3
:10D780000F490BA806F072FE0BA9304607F07AF994
:10D7900004460BA806F0A4FF002CBFF62EAF094AE2
:10D7A00006490120FFF722FA28461BB0BDE8F08F9A
:10D7B00040C20300E0BF03000CC0030060C10300CF
:10D7C000E8BF0300F0BF03004FF4FA620149FFF71E
:10D7D000A7BA00BF50C0030010B586B004461B496D
:10D7E000684606F043FE20466A4640F6B8331849BC
:10D7F000FFF71EFC30B3174903A806F037FE03A954
:10D80000684607F03FF9044603A806F069FF002CBC
:10D8100018DB22462C21684607F022F9031E11DB93
:10D82000621D694603A807F053F903A807F084FABC
:10D83000044603A806F054FF684606F051FF204650
:10D8400006B010BD4FF0FF34F6E700BF40C2030042
:10D8500030C0030038C0030030B585B00D46044623
:10D86000174901A806F002FE284601AA40F6B8337F
:10D870001449FFF7DDFBC0B1222101A807F0E0F851
:10D88000002812DB451C2A46222101A807F0E8F8EF
:10D89000031E0ADB2A4601A9204607F019F901A850
:10D8A00006F01EFF204605B030BD0549204606F0B3
:10D8B000DDFD01A806F014FF204605B030BD00BF15
:10D8C00040C20300D4BF03002DE9F04F0E468FB0D5
:10D8D0002C21044607F0B4F8051EC0F2A68002A869
:10D8E0002B460022214607F0F3F8A3686A1C05A81E
:10D8F000214607F0EDF8079B012B88BF012733D89D
:10D9000000252F2102A807F09BF82F21834602A8AB
:10D9100007F0CAF83A21824605A807F091F83A21A3
:10D92000074605A807F0C0F8BBF1000F804601DBF1
:10D93000D3457FDB2368AA4AAA490320FFF756F99B
:10D94000002405A806F0CCFE02A806F0C9FE204679
:10D950000FB0BDE8F08F07F05BF803782D2B0CD0EB
:10D96000079B01379F42CBD2394605A807F050F8F4
:10D9700003782B2B394605A8EDD1002FC0DD079B7E
:10D9800008A83A4605A907F0A3F80A9B012B40F224
:10D990000F813A2108A807F053F80028C0F20C8143
:10D9A000002108A807F042F84FF6FF752D284FF028
:10D9B0003A0108A80CBFAA464FF0010A07F040F848
:10D9C0000DF12C080346012208A90546404607F040
:10D9D0007FF8404607F0B0F98146404606F080FEE9
:10D9E0006A1C0A9B08A9404607F072F8404607F0F7
:10D9F000A3F9C9EB09190546404605EB890506F070
:10DA00006FFE15FB0AF52DB208A806F069FE3B462D
:10DA1000002205A9404607F05BF8414605A806F03C
:10DA200091FE404606F05CFE6BE7002420460FB0F6
:10DA3000BDE8F08F002FFFF67DAF8742BFF67AAFCB
:10DA40005B46002202A90BA807F042F80BA807F0DA
:10DA500073F981460BA806F043FE53460BF1010211
:10DA600002A90BA807F034F80BA807F065F9834664
:10DA70000BA806F035FE0AF10102049B02A90BA8CF
:10DA800007F026F80BA807F057F982460BA806F016
:10DA900027FE3B46002205A90BA807F019F80BA8A2
:10DAA00007F04AF901900BA806F01AFE43467A1CCB
:10DAB00005A90BA807F00CF80BA807F03DF90746DD
:10DAC0000BA806F00DFE08F10102079B05A90BA8A3
:10DAD00006F0FEFF0BA807F02FF980460BA806F012
:10DAE000FFFDB9F1630F07DCB9F1450F40F26C732C
:10DAF000D8BF4FF4FA6399440BF1FF330B2B64D872
:10DB00000AF1FF3ABAF11E0F5FD8019B172B5CDCBC
:10DB10003B2F5ADCB8F13B0F57DCB9F5FA6F54DBF9
:10DB20005FFA8BF3304A3149022B98BFA9F1010902
:10DB30004FF4C87399FBF3F302FB03994FEA990280
:10DB4000BBF1020F40F26D1000FB0920CCBF6FF05B
:10DB500002020922824493449922642002FB0BF2C0
:10DB6000B9FBF0F9AAEB090002320524B2FBF4F28A
:10DB7000024401FB0323A3F532236FF4A76213448D
:10DB8000002B2ADB01981A494FF4616202FB00F274
:10DB900001FB03233C2202FB0737B8444FF6C47352
:10DBA00015FB0383002B18DD3360B5800124C8E624
:10DBB00000250DF12C0827E708A807F0BDF8C0EBF9
:10DBC000001005B20DF12C081EE72368094A05492B
:10DBD0000320FFF70BF80024B3E60024B1E600BFF2
:10DBE000D0C10300E0C1030070FEFFFFB13A0200A4
:10DBF00080510100E8C1030070B50D6884B004468F
:10DC00001DB38A8814491548154B3C2612FB065251
:10DC1000A1FB0251090C00FB1121A3FB0123DB0A2C
:10DC20004FF461600F4D104A00FB1311A5FB010179
:10DC30004909009102A806210BF092FF02A9204693
:10DC400006F014FC204604B070BD084906F00EFC36
:10DC5000204604B070BD00BF07452EC280510100B0
:10DC6000C5B3A29189888888C4C1030040C203005B
:10DC7000704700BF10B50446243006F031FD04F1B2
:10DC8000180006F02DFD04F10C0006F029FD2046D9
:10DC900006F026FD204610BD70B5064600F11405BD
:10DCA00000F174040C3C204606F01AFDA542F9D19F
:10DCB00006F1080006F014FD304670BD38B5074C7B
:10DCC000A4F5A06504F1140006F00AFD04F10800B3
:10DCD000283C06F005FDAC42F4D138BDB87C0020EC
:10DCE00038B5074CA4F1C005183C04F10C0006F04F
:10DCF000F7FC204606F0F4FCAC42F5D138BD00BF7D
:10DD0000B07D00202DE9F04741F6C40192B00E230A
:10DD10000022CDE900317848F023114605F030FAB1
:10DD2000764B1F68132F0ADC0D2F00F3BC80072FE2
:10DD300000F3DF80002FD4BF0027012700E0042775
:10DD4000DFF8B4810A2400254FF6FF79C4F10D0CE9
:10DD5000A90063460231BD420E460FFA83FE0FFA58
:10DD60008CFC48F2114A22B24FF0030309B240463C
:10DD7000C0F28B80CDE900CA013505F001FA033C01
:10DD8000042DA4B2E2D15C4C5D4D2046012104F08B
:10DD900039FD2B685B4A2261002B00F38D805A4EBF
:10DDA0003368002B0BDD4FF0F8235849524863616C
:10DDB00005F05CFE316850480A2205F06DFE544BB8
:10DDC000544E1B68544D013B042B96BF534A544993
:10DDD00052F8231003A806F049FB059B4648A3EB25
:10DDE000830378334FF0FF320327238203A967822E
:10DDF000626105F035FE0A2231680CA806F0E0FBEE
:10DE00000CA90FA806F058FB46490FA806F088FD9C
:10DE10000A220746296809A806F0D2FB09A9384654
:10DE200006F052FD014606A806F046FB09A806F0DA
:10DE300057FC0FA806F054FC0CA806F051FC2A6809
:10DE4000002A53DD33689A422FDD03EB8303B3EBE3
:10DE5000820F48F21142A8BF4FF47C42089BE28235
:10DE6000A3EB83035B00EC330325A28206A9238284
:10DE70006582214805F0F4FD06A806F031FC03A8F0
:10DE800006F02EFC12B0BDE8F08722B2CDE900E921
:10DE900031B20323013505F073F9033C042DA4B21C
:10DEA0007FF454AF6FE703274AE7184906A806F046
:10DEB000BFFC4FF47842D1E76FF0F82363611A4951
:10DEC000114E204605F0D2FD0A222968204605F0B1
:10DED000E3FD3368002B7FF772AF2B68002B7FF7D1
:10DEE00062AF1249204605F0C1FD5CE748F21142DD
:10DEF000B4E7022724E700BF847E002020610020D1
:10DF0000EC7E002018000300B47D002078C20300DE
:10DF1000687E0020747E0020707E0020FCC103001B
:10DF2000A0C603007CC2030074C20300E4C2030065
:10DF300030B587B001460446684606F0BDFA68462B
:10DF400006F0C0FE564903A806F090FA03A96846F9
:10DF500006F04AFD054603A806F0C2FBF5B151499B
:10DF600003A806F083FA21684F4842F2107303AA0F
:10DF7000FFF75EF8059B0446002B61D14B4B4C49E3
:10DF80004C48002C08BF194605F034FE03A806F0E3
:10DF9000A7FB684606F0A4FB07B030BD4649204603
:10DFA00006F00AFD002834D03E4903A806F05EFAC8
:10DFB00003AA41F2883341493B48FFF739F803A9E6
:10DFC0003C4805F005FE374903A806F0DDFB03AA2F
:10DFD00041F288333A493448FFF72AF803A9354813
:10DFE00005F0F6FD2F4903A806F0CEFB41F2883379
:10DFF00003AA34492C48FFF71BF803A92D4805F064
:10E00000E7FD03A806F06CFB684606F069FB07B065
:10E0100030BD2D49204606F0CFFCB0B12B4B2C4C27
:10E020001A782C492348032A0ABF022203222146D8
:10E030001A7005F0DFFD684606F052FB07B030BDF0
:10E0400003A91C4805F0C4FD98E72046224906F0C4
:10E05000B3FC58B1FEF7FAFD0A220146154805F057
:10E0600089FD1E49134805F0C5FD92E71C4911487A
:10E0700005F0C0FD1B490F4805F0BCFD1A490D48CD
:10E0800005F0B8FD19490B4805F0B4FD18490948D9
:10E0900005F0B0FD1749074805F0ACFD79E700BF72
:10E0A00070C0030040C20300B87D0020F8C3030025
:10E0B000D8C003003863002018C4030020C4030044
:10E0C00024C4030030C403003CC4030019610020D1
:10E0D0000CC4030000C4030044C4030048C403008C
:10E0E00054C4030060C403009CC40300BCC4030008
:10E0F000E4C40300FCC4030070B50D4686B00646B8
:10E100002249684606F0B2F9AB685BB100242146AB
:10E11000284606F08BFC3038092828D9AB68013432
:10E120009C42F4D31A4903A806F0A0F903A9284693
:10E1300006F05AFC044603A806F0D2FA14B9029B72
:10E140000A2B21D0124903A806F090F9694603A8CA
:10E1500006F0BAFB0146304606F0AEF903A806F019
:10E16000BFFA684606F0BCFA304606B070BD2146DC
:10E17000284606F05BFC0146684606F083FBAB6868
:10E1800001349C42C3D3CDE70249DCE740C203001F
:10E19000DCC0030000C303002DE9F04305468DB049
:10E1A00009A8484906F062F9AB685BB10024214632
:10E1B000284606F03BFC3038092863D9AB680134A7
:10E1C000A342F4D80B9B6F460A2B38466BD809A99B
:10E1D00006F072F909A8DFF8F090DFF8E88006F0A1
:10E1E0007FFA4D460026696803A806F03FF94146CC
:10E1F00009A806F03BF9059B5BB10024214603A862
:10E2000006F014FC3038092826D9059B0134A342B6
:10E21000F4D80B9B0A2B2ED809A906A806F04CF9B6
:10E2200009A806F05DFA394606A806F0A9FB0446DF
:10E2300006A806F055FA03A806F052FA002C38D1C9
:10E240000136032E05F10805CDD1384606F048FA0F
:10E2500020460DB0BDE8F083214603A806F0E6FB9A
:10E26000014609A806F00EFB059B01349C42C5D36C
:10E270000B9B0A2BD0D9A3F10A0209A906A806F024
:10E2800027FCCDE72146284606F0D0FB014609A829
:10E2900006F0F8FAAB6801349C4288D30B9B6F46BA
:10E2A0000A2B384693D9A3F10A0209A906F010FCFB
:10E2B00090E7384659F8364006F012FA20460DB07D
:10E2C000BDE8F08340C20300A4C603002DE9F04F6F
:10E2D000AB4AAC4BDFF8CCB21B7800261670AA4ACA
:10E2E000CBF800609DB0166013B91DB0BDE8F08F8B
:10E2F000A648FEF767FFA64907A806F0B7F807AAE1
:10E3000042F21073A349A148FEF792FE002800F0E4
:10E31000CC81099ADBF80030002A00F0FC801F2B2A
:10E3200000F3FC80DFF880A22BE0DBF80030002B4C
:10E330001BDD0C9ACAB1013B03EB83030AEBC30458
:10E340001434A368132B10D8002B40F0BB81C3F109
:10E35000140300220AA910A806F0BAFB10A920464F
:10E3600006F042FA10A806F0BBF90AA806F0B8F9C0
:10E37000099B9E42DBF8003080F0CD801F2B00F31C
:10E38000CD8032460A2107A806F06AFB041EB8BFFA
:10E39000099C3246234607A90AA806F099FB7E4944
:10E3A00010A806F063F810A90AA806F01DFB0546A0
:10E3B00010A8661C06F094F9002DB6D0DBF80070AA
:10E3C0000C9B06220AA97C1C10A8CBF8004006F082
:10E3D0007FFBBB001C4610A8039306F0ADFC234650
:10E3E0003B44DC004AF8330010A806F079F90AEB48
:10E3F000040504F11400664904945044002406F016
:10E40000C3F963492C62AC8410A806F02FF8604968
:10E4100013A806F02BF85E4916A806F027F85C4909
:10E4200019A806F023F822210AA806F009FB049B8C
:10E430000833534400280593B8BF0DADC0F22381C3
:10E440000DF140080DAD814609F101094A4622212E
:10E450000AA806F005FB4A46B0F100090AA94B4696
:10E460002846C0F2358106F033FB2946404606F0C7
:10E4700069F9284606F034F909F1010222210AA8B7
:10E4800006F0EEFAB0F1000904F1010408F10C08FD
:10E49000C0F22081042CD7D14049284605F0E6FF80
:10E4A000294610A806F0EEFA039B3B440AEBC3038F
:10E4B000C243D20F1A71284606F012F913A9284652
:10E4C00005F0FAFF2946059806F03CF9284606F0C3
:10E4D00007F90499013C04EB4404203110AB03EB31
:10E4E00084005144FFF7F0F9039B3B440AEBC30758
:10E4F0003B791BB1244A13680133136019A806F055
:10E50000EFF816A806F0ECF813A806F0E9F810A842
:10E5100006F0E6F829E7012B40F39D80204F002309
:10E520000393A7F130030593C7F128084FF00109C1
:10E5300017F8043C57F8082C8DF84430394612A8D7
:10E5400007F10C0A109205F0B7FF514615A805F027
:10E55000B3FF07F1180393E8030018AB83E8030047
:10E5600057F8100C18998842BC4608EB070380F056
:10E57000A780A7F12804A7F11C05039E1DE000BF9A
:10E58000E47C0020307E0020EC7E0020B87D00205E
:10E5900040C203004CC6030070C6030078C60300E7
:10E5A00010780020E07C0020E07700205CF8101C50
:10E5B000189A914206F1FF3620D214F8043C54F820
:10E5C000082C84F824302262214604F1280006F049
:10E5D0008FF8294604F1340006F08AF804F1180394
:10E5E00093E80300A4462064A4F84410AA4608EB6C
:10E5F0000403283DB646283C002ED7D1059D10992E
:10E6000004930EEB8E0E05EBCE0445F83E109DF8FC
:10E6100044102171604612A906F06AF815A9504607
:10E6200006F066F818AB93E80300049B2B4409F14D
:10E6300001091862998415A806F052F812A806F08C
:10E640004FF8039ADBF8003001324B45039207F193
:10E6500028073FF76DAF304A1168994205DB012B5F
:10E660001946B8BF0121013911602C4A2C491268A2
:10E67000009202202B4AFEF7B9FA07A806F030F8FC
:10E680001DB0BDE8F08F039B3B440AEBC30300229F
:10E690001A712549284605F0E9FE2946059806F035
:10E6A00051F8284606F01CF81EE7204A1C490120B4
:10E6B000FEF79CFA07A806F013F81DB0BDE8F08F2E
:10E6C000CE469BE72021204606F0DCF8A3683EE614
:10E6D000002CD8D01649284605F0C8FE294610A8B7
:10E6E00006F0D0F9282303FB07A3C243D20F284624
:10E6F0001A7105F0F5FF012CCBD013A9284605F0BF
:10E70000DBFE2946059806F01DF8284605F0E8FFCF
:10E71000022C3FF4E9AEDCE66C7E0020EC7E0020AB
:10E720006CC6030084C6030080C603005CC60300F9
:10E7300078C603002DE9F04FDFF804B3B74F93B06C
:10E740000024D42321465846019400931022F0233C
:10E7500004F016FD0C232146019458460093E42250
:10E76000F02304F00DFD41F6C4032146E42258468F
:10E770000093F02304F012FC5846012104F042F803
:10E78000A74BA849CBF810305846CBF8147005F0C9
:10E790006DF9A54B1C68002C46D1DFF8B482A34A62
:10E7A000A34B98F800100CAD00290CBF1146194678
:10E7B000284605F05BFE0121584604F023F81A268E
:10E7C0002246CBF814700FAC4FF0020AD94602F182
:10E7D00027073B4629462046ABF81260ABF810A04D
:10E7E00006F076F92146484605F03AF9204605F04C
:10E7F00077FF0E9B0A36BB423A46B6B202D9B2F553
:10E80000437FE4D1284605F06BFF98F80030002BD9
:10E8100040F0228106F098FA864B1B68984280F0FF
:10E82000DA8013B0BDE8F08F834B84491A680B6817
:10E830009A42B8BF134603F11403B8BF0A609A4264
:10E8400000F3E78001217E48DFF8089203F0DAFF49
:10E8500000234FF0100A9846784B1E68724B1B68D5
:10E860004644B342D6DD744B1B68B34200F0C3800C
:10E87000B3009C19E400049309EB040371491A796D
:10E880006F48002A48F2114240F2FF7308BF134656
:10E890006D4AABF8143018BF11460FFA8AF21546CC
:10E8A00003920222ABF81630ABF81020ABF81250EE
:10E8B00005F0DCF804F1200106A84944FFF79CF9B3
:10E8C000089B0CAF3846002B00F08A8006A905F0A3
:10E8D000F3FD0FAD3946284605F0EEFD59492846AF
:10E8E00006F01EF8014609A805F0E6FD284605F0E9
:10E8F000F7FE384605F0F4FE04F1080309EB0301C6
:10E9000008460591FFF748FC059900286FD001469D
:10E91000384605F0ABFD0D2300223946284606F0A7
:10E92000D7F8294609A805F05FFF284605F0D8FE6C
:10E93000384605F0D5FE0B9B132B06D8202109A8DD
:10E9400005F0A0FF0B9B132BF8D904F114014944E7
:10E9500009A805F049FF049BBDF80C10ABF8121094
:10E96000334409EBC3030E221B79ABF81020002BB4
:10E970003AD1314B19684FF6FF7248F21143B14258
:10E9800014BF1E4616462523002209A92846ABF8C7
:10E990001660ABF8146006F09BF82946284805F08D
:10E9A0005FF8284605F09CFE09A805F099FE08F1DD
:10E9B000010806A805F094FE0AF10A0AB8F1150F3D
:10E9C0001FFA8AFA7FF448AF06F0BEF9194B1B68AC
:10E9D0009842FFF426AFFFF795F913B0BDE8F08F2A
:10E9E0001A4905F043FD74E74FF6FF76CBE738464A
:10E9F00005F062FD8FE70AF1FF3242F68B110A2320
:10EA0000CDE9003112B2F02300210D4804F0B8FB2B
:10EA10002EE70A4B143A1A6014E700BF11841184E0
:10EA20000200E70098C50300E07C00207CC50300DD
:10EA300070C50300E87E00206C7E0020E87C00208A
:10EA4000847E0020E4C2030074C2030000C60300F9
:10EA5000307E0020E0770020DFF8D4A0314928463E
:10EA600005F004FD0121504603F0CCFE2E4BCBF8FF
:10EA700014302E2600224FF0020902F127073B46F0
:10EA800029462046ABF81260ABF8109006F020F84B
:10EA90002146504604F0E4FF204605F021FE0E9B7F
:10EAA0000A36BB423A46B6B203D940F2BE239A4276
:10EAB000E3D1284605F014FE98F80030002B3FF40F
:10EAC000A9AEDFF86C901949284605F0CFFC01216A
:10EAD000484603F097FE144BCBF81430382600223A
:10EAE0004FF0020840F2972A02F127073B462946D9
:10EAF0002046ABF81260ABF8108005F0E9FF214624
:10EB0000484604F0ADFF204605F0EAFD0E9B0A36AC
:10EB1000BB423A46B6B201D95245E5D1284605F086
:10EB2000DFFD77E6C4C5030011841184E4C503004A
:10EB3000847E002070B5064696B02948FEF742FB59
:10EB40003346284A182104A80BF00AF8264901A8E0
:10EB500005F08CFC04A901AA41F288332048FEF795
:10EB600067FA044628B901A805F0BAFD204616B098
:10EB700070BD1E4D0AA801A9FEF714FD0AA928467A
:10EB800005F0E0FD0DA905F10C0005F0DBFD10A975
:10EB900005F1180005F0D6FD13A905F1240005F0D4
:10EBA000D1FD13A805F09CFD10A805F099FD0DA856
:10EBB00005F096FD0AA805F093FD0D490D4AEB6A94
:10EBC0000E6000211160002BCDD16C6901A8641A80
:10EBD00018BF012405F084FD204616B070BD00BFAB
:10EBE000B87D002068C2030040C20300347E0020CC
:10EBF00024610020647E00202DE9F04FAC4E93B0DC
:10EC00000024D4233046214600931022F02301949F
:10EC100004F0B6FA0C23214630460093E422F02398
:10EC2000019404F0ADFA41F6C403E42221463046D3
:10EC30000093F02304F0B2F93046012103F0E2FD25
:10EC40009C4B9D4A9D4933613046726104F00EFF32
:10EC50009B48FFF7A1FA06AB0393002800F0B780AA
:10EC60000146184605F002FC9549039805F088FE18
:10EC70000FAD002800F0B88092490CA805F0F6FB13
:10EC800003990CA805F020FE01218146884803F075
:10EC9000B9FD00248C4B7361224610274FF0020A05
:10ECA00002F127084346494628467782A6F810A075
:10ECB00005F00EFF29467E4804F0D2FE284605F0F6
:10ECC0000FFDD9F808300A374345424604F1010BDD
:10ECD000BFB209D940F233339A425C46E0D11624E0
:10ECE000D2274FF0150B04E00BEB8B077F000234AB
:10ECF000BFB20CA805F0F4FC4FF0000804A973485B
:10ED0000CDF81080ADF81480FEF7DEFD00287BD131
:10ED100041F6C40307F1120212B200930021F0235E
:10ED20006348DFF8C88104F039F9694B1A68142C7C
:10ED300002EB8203C2EBC30200F3B780D8F82C3099
:10ED40009A4238D204EB840464001034A4B24FF029
:10ED5000020B08F1240ADFF8589103E0D8F82C30B0
:10ED60009A4228D202F127073B464FF0FF3C51461A
:10ED70002846C6F814C07482A6F810B005F0A8FEA4
:10ED80002946484604F06CFE284605F0A9FC04F12B
:10ED90000A03D82C3A469CB2E0D1D8F82C30BB42BA
:10EDA00009D94FF0DA126FF0F8234A494048C6E912
:10EDB000042304F05BFE05F0C7FF474B1B68984235
:10EDC0000AD2039805F08CFC13B0BDE8F08F18460A
:10EDD0003B4905F071FB47E7FEF794FF039805F008
:10EDE0007FFC13B0BDE8F08F28463C4905F03EFBA0
:10EDF0002846334905F068FD0146039805F0F4FC08
:10EE0000284605F06DFC37E735490CA805F02EFBC8
:10EE100004A909A8FEF7F0FE09A90CA805F054FD05
:10EE2000304905F07DFD294905F04EFD2E4905F0DC
:10EE300077FD0BEB8B07814601211D4803F0E2FCB7
:10EE40007F001D4B73614246BFB24FF0020A03E0E0
:10EE50000A37BFB2A346424602F12708D22F4346E3
:10EE600007F1100C494628460BF1010416D0A6F80C
:10EE700012C0A6F810A005F02BFE29460C4804F09D
:10EE8000EFFD284605F02CFCD9F808304345DFD8C3
:10EE900004EB84046700BFB20BF1020409A805F07B
:10EEA0001FFC0CA805F01CFC32E7174675E700BFF5
:10EEB000847E00200200E7001184118430C5030025
:10EEC000407E002058C503001FF81FF84C7E00202C
:10EED000647E00206CC50300E87E002078C3030038
:10EEE00060C5030064C5030068C50300347E0020CC
:10EEF0002DE9F04F924D95B00026D4232846314697
:10EF000000931022F023019604F03AF98D4B1B6810
:10EF1000032B4FF00C03CDE900364FF0E4024FF025
:10EF2000F0033146284600F0278104F029F941F624
:10EF3000C403E422314600932846F02304F02EF85F
:10EF40000121284603F05EFC7F4B804A80492B61FB
:10EF500028466A6104F08AFD7E498B68002B40F0E8
:10EF6000D18005AB18467C49029305F0A5FA11AC97
:10EF70000DF1380B7949584605F078FA0299584650
:10EF800005F0A2FC012181466D4803F03BFC4FF0E7
:10EF900000086FF0F8236B61424610264FF0020A1A
:10EFA00002F127073B46494620466E82A5F810A08D
:10EFB00005F08EFD2146624804F052FD204605F022
:10EFC0008FFBD9F808100A36B9423A4608F1010316
:10EFD000B6B240F2AC80984640F233339A42DFD169
:10EFE00016230393E426584605F07AFB41F6C40342
:10EFF000324600930021F0235148DFF8649103F07A
:10F00000CDFF01214E4803F0FDFB039A02EB82067F
:10F01000760010364FF0FF339046B6B26B61002297
:10F020004FF0020A02E00A36B6B23A4602F127076A
:10F03000B8F1140F3B464A49204608F101080FDC9D
:10F04000A5F810A06E8205F043FD21463C4804F06F
:10F0500007FD204605F044FBD9F80830BB42E2D852
:10F06000404B414A1B6882FB03121A44D917C1EB7B
:10F070006212039911441429884640F37E810A22C2
:10F08000D9F808100BA805F0CBFA0BA9584605F0E3
:10F0900013FA3649584605F043FC0A220646A021D9
:10F0A000204605F08DFA2146304605F00DFC01465C
:10F0B00008A805F001FA204605F012FB584605F0B5
:10F0C0000FFB0BA805F00CFB0A9B204A6A61A3EB1F
:10F0D00083035B00EC33DA2208A919482B826A8289
:10F0E00004F0BEFC08A805F0FBFA029805F0F8FA57
:10F0F00005F02AFE1E4B1B68984280F0398115B03E
:10F10000BDE8F08F11AC204605F0D6F9204619492C
:10F1100005F006FC104905F0D7FB05AB0146184683
:10F12000029305F0C9F9204605F0DAFA20E703EB6F
:10F1300083067600123608F1020336B2039352E7D3
:10F14000847E0020687E00200200E7001184118484
:10F1500044C20300C8770020D47700203CC20300DB
:10F16000AC770020B8770020D3200DD27CC20300FA
:10F17000E87E002078C3030004F002F841F6C403DF
:10F18000E42200933146F023284603F007FF0121D3
:10F19000284603F037FB0DF1380BAA4AAA4BAB49BE
:10F1A0006A6128462B6104F061FCA949584605F0C4
:10F1B0005DF9A849584605F087FBA74BA74A19688F
:10F1C000A74BB142ACBF1146194605F0A9FB01217E
:10F1D0008146284603F016FB6FF0F82332466B6138
:10F1E000102711ACAA4602F1270843464FF0020C43
:10F1F00049462046A5F810C06F8205F069FC2146FB
:10F20000504604F02DFC204605F06AFAD9F8082093
:10F210000A37424506F10103BFB2424640F2C780B9
:10F22000152B1E46DFD11626E427584605F058FA5E
:10F2300041F6C4033A4600930021F023894803F0C5
:10F24000ADFE8449584605F037F9584605F02CFDC7
:10F25000109B002B40F0B28000220B924FF0010A6D
:10F26000002B40F0BE8014AA02EB8A0201218A44DE
:10F2700042F8241C002B40F0C48014AB03EB8A033B
:10F280000222584643F8242C05F02AFA0AF1010A12
:10F29000142E3FF72DAF06EB86067600B2B210367D
:10F2A000B31A9BB202936C4BDFF8C8911B6800271E
:10F2B00002F11006BB42B6B2A0463CD04FF00203AA
:10F2C0002B826E8248F211430BAA584652F827400F
:10F2D000EB8259F83410AB8205F0C8F8109B092B6B
:10F2E00006D82021584605F0CDFA109B092BF8D9F5
:10F2F00009EBC4045846616805F09AFA27230022F6
:10F300005946404605F0E4FB4146564804F0A8FB48
:10F31000404605F0E5F90137584605F0E1F9574553
:10F320003FF4E6AE0A36B6B2E22E3FF4E1AE4A4B07
:10F330001B68BB42C2D1029B4A48A3F1110242F6AC
:10F340008B110A233244CDE9003112B2F02300219F
:10F3500003F016FF404B6E8219684FF002032B82B8
:10F360004FF6FF7248F211438F4208BF1346ABE7D6
:10F37000FEF7C8FC15B0BDE8F08F02EB8201C2EBCE
:10F38000C1029B1A08F1010808EB880803EB43034C
:10F390004FEA480259000E3240F2FF7302310093E7
:10F3A00012B209B206232F4803F0F8FD67E603EB1B
:10F3B00083035F0012373FB2023636E72A49204600
:10F3C00005F054F85946204605F00EFB82462046CB
:10F3D000BAF1000F2DD105F083F9109B002B3FF4FB
:10F3E00042AF2249204605F041F85946204605F033
:10F3F000FBFA10BB204605F073F9109B002B3FF47D
:10F400003CAF1B49204605F031F85946204605F02F
:10F41000EBFA18B1204605F063F92EE7204605F017
:10F420005FF9584605F05CF9BAF1000F7FF430AF90
:10F430005EE605F055F9109B0EE7204605F050F901
:10F44000109B10E7118411840200E70014C203002E
:10F450003CC20300BC7700201C61002040C20300B6
:10F4600010C20300847E002010C5030018C50300ED
:10F470001CC50300A4C603002DE9F04FBB4C99B096
:10F480000026D4232046314600931022F023019613
:10F4900003F076FE0C23314620460093E422F0234D
:10F4A000019603F06DFE41F6C403E4223146204686
:10F4B0000093F02303F072FD2046012103F0A2F92E
:10F4C000AB4AAC4BAC4962612046236104F0CEFAF2
:10F4D000AA4912A804F0CAFFA9490FA804F0C6FF60
:10F4E0000FA912A805F0F0F901218046204603F08B
:10F4F00089F94FF0FF3363613246A24610254FF081
:10F50000020902F127073B46414615A86582A4F887
:10F51000109005F0DDFA15A9504604F0A1FA15A8DF
:10F5200005F0DEF8D8F808300A35BB4206F10106CE
:10F53000ADB23A4601D9152EE3D10FA805F0D0F8A7
:10F5400012A805F0CDF88F49DFF820B212A804F018
:10F550008DFFFDF77BFB0A2201460FA805F090F80E
:10F560000FA912A805F0B0F9874905F0D9F906EB03
:10F5700086058146012158466D0003F043F9103598
:10F580007B4B6361ADB200224FF0020A03E00A3503
:10F59000ADB242463E4602F12708E22D43464946B7
:10F5A00015A806F1010700F00182A4F810A06582F9
:10F5B00005F08EFA15A9584604F052FA15A805F080
:10F5C0008FF8D9F808304345E1D80FA805F088F83E
:10F5D0006E4DDFF898B112A805F082F86C4912A8B8
:10F5E00004F044FF6B4A6C4B29780FA800290CBF2C
:10F5F0001146194604F03AFF0FA912A805F064F964
:10F600002B7807EB8705002B4FEA45050CBF4FF41D
:10F6100078464FF4FC66814601215846103503F0C8
:10F62000F1F8ADB2E682A68200224FF0020A03E0B2
:10F630000A35ADB24246374602F12708142F434639
:10F64000494615A807F1010600F2B281A4F810A0FE
:10F65000658205F03DFA15A9584604F001FA15A88F
:10F6600005F03EF8D9F808304345E1D80FA805F079
:10F6700037F84A4DDFF8F4B012A805F031F84849E0
:10F6800012A804F0F3FE474A2978434B0FA800293B
:10F690000CBF1146194604F0E9FE0FA912A805F0A7
:10F6A00013F92B7806EB8607002B4FEA47070CBFB0
:10F6B0004FF478454FF4FC658146012158461037D8
:10F6C00003F0A0F8BFB2E582A58200224FF0020A43
:10F6D00003E00A37BFB22E46424602F12708142E35
:10F6E0004346494615A806F1010512D8A4F810A012
:10F6F000678205F0EDF915A9584604F0B1F915A88F
:10F7000004F0EEFFD9F808304345E2D8B31C2E468A
:10F710001D460FA804F0E4FF12A804F0E1FF1F4B00
:10F720001B78002B40F04A8105EB85067600B6B2C7
:10F730000E4806F10C0241F6C40312B200930021F8
:10F74000F023824603F02AFC174912A804F08EFE2B
:10F750000121504603F056F810364FF0FF33B6B291
:10F76000636100224FF0020924E000BF847E002084
:10F77000118411840200E70020C3030044C3030086
:10F78000A0C6030050C303005CC30300EC7C002050
:10F7900064C3030004C30300D8C00300307E00200C
:10F7A00070C3030010C30300C4C303000A36B6B21B
:10F7B00045463A4602F12707142D3B4612A915A8E3
:10F7C00005F1010811D8A4F81090668205F080F9BF
:10F7D00015A9504604F044F915A804F081FF149BC4
:10F7E000BB42E3D8AB1C4546984612A804F078FF0C
:10F7F000B84B1F68002F00F0C88140F39182B64BD0
:10F800000493B64B0593DFF8DCA200230393B449BD
:10F810000FA804F02BFE049F0FA807F10C0105F0C0
:10F8200053F8AF4905F07CF806463846FEF7B4FCBD
:10F83000002800F0B680014612A804F017FE3046FA
:10F8400012A905F041F8059B1F68039B48F211427D
:10F8500005EB85069F42C8BF4FF47C4276001746F1
:10F86000814601215046103602F0CCFFB6B2E78245
:10F87000A78200224FF0020B03E00A36B6B24546DB
:10F880003A4602F12707142D3B46494615A805F1D3
:10F89000010814DCA4F810B0668205F019F915A966
:10F8A000504604F0DDF815A804F01AFF002FE4D04C
:10F8B000D9F80830BB42E0D8AB1C4546984612A8A0
:10F8C00004F00EFF0FA804F00BFF824B039A1B6895
:10F8D00001329342039205DD049B18330493039B8A
:10F8E000052B94D108EB88056D00059EADB2002074
:10F8F00041F6C40305F10C0200930146F02312B255
:10F900003060784803F04AFB774912A804F0AEFD56
:10F9100076498B68002B4DD175490FA804F0A6FDE0
:10F920000FA912A804F0D0FF07466E4801218246B5
:10F93000103502F067FF6FF01F13ADB26361002254
:10F940004FF0020902E00A35ADB2324602F1270655
:10F95000B8F1140F3346394615A812DCA4F81090FC
:10F96000658205F0B5F815A9504604F079F815A898
:10F9700008F1010804F0B4FE002EE4D0BB68B342E5
:10F98000E1D80FA804F0ACFE12A804F0A9FE05F01F
:10F99000DBF9584B1B68984280F0F28019B0BDE843
:10F9A000F08F049912A804F087FD48E737460CE66B
:10F9B0003E465BE60FA804F07FFDB1E74E4906A87E
:10F9C00004F054FD06AA41F288334C494C48FDF737
:10F9D0002FFB002840F0518109A84949FDF73CFF61
:10F9E0000B9B002B40F00C814649DFF8F8B012A8C1
:10F9F00004F03CFD444B0A2219680FA804F0E0FD16
:10FA00000FA912A804F060FF404904F089FF06EB3B
:10FA100086058146012158466D0002F0F3FE10353F
:10FA20003B4B6361ADB200224FF0020A03E00A359E
:10FA3000ADB242463E4602F12708142E43464946DF
:10FA400015A806F1010700F2D980A4F810A065827C
:10FA500005F03EF815A9584604F002F815A804F080
:10FA60003FFED9F808304345E1D80FA804F038FE2E
:10FA700012A804F035FE2749DFF868B00FA804F09B
:10FA8000F5FC254B0A2219680CA804F099FD0CA975
:10FA90000FA804F019FF214904F042FF204B0A226D
:10FAA0001968054612A804F08BFD12A9284604F037
:10FAB0000BFF07EB8706814601215846760002F0CE
:10FAC000A1FE1036124B6361B6B200224FF0020A5B
:10FAD0002CE000BFB07D0020F07C0020B47D002031
:10FAE00078C30300847E0020DCC30300787E0020FE
:10FAF000E8C30300E87E002040C203007CC303008B
:10FB0000B87D0020A0C3030020610020ACC3030027
:10FB100011841184B0C30300747E0020BCC30300B1
:10FB2000707E00200A36B6B22F46424602F1270800
:10FB3000142F4346494615A807F1010510D8A4F82B
:10FB400010A0668204F0C4FF15A9584603F088FF90
:10FB500015A804F0C5FDD9F808304345E2D8BD1C0E
:10FB600012A804F0BDFD0CA804F0BAFD0FA804F023
:10FB7000B7FD09A804F0B4FD06A804F0B1FDD3E573
:10FB8000FEF7C0F819B0BDE8F08FDFF8C0916A4900
:10FB900012A805EB850604F069FC760001214846B1
:10FBA00002F030FE1036654B63613A46B6B24FF054
:10FBB000020A03E00A36B6B245463A4602F1270782
:10FBC000142D3B4612A915A805F1010810D8A4F878
:10FBD00010A0668204F07CFF15A9484603F040FFA0
:10FBE00015A804F07DFD149BBB42E3D805F1020883
:10FBF00012A804F075FD524B059373E6374634E7BF
:10FC00005049DFF848A112A804F030FC09A912A855
:10FC100004F05AFE06EB86058046012150466D0031
:10FC200002F0F0FD1035454B6361ADB2B4460022E1
:10FC30004FF0020903E00A35ADB23A46B44602F18C
:10FC40002707BCF1140F3B46414615A806F10106F3
:10FC500064D8A4F81090658204F03AFF15A95046C4
:10FC600003F0FEFE15A804F03BFDD8F80830BB42B7
:10FC7000E1D812A804F034FDB6E6222106A804F06B
:10FC8000DFFE051E4FDA4FF0FF37AF427FF7A4AE1D
:10FC90002D49DFF8B8A012A804F0E8FB6A1C3B4627
:10FCA00006A90FA804F014FF0FA912A804F00CFE77
:10FCB00006EB86058046012150466D0002F0A2FD4C
:10FCC00010351E4B6361ADB2B44600224FF00209FD
:10FCD00003E00A35ADB23A46B44602F12707BCF15B
:10FCE000140F3B46414615A806F1010622D8A4F898
:10FCF0001090658204F0ECFE15A9504603F0B0FEAA
:10FD000015A804F0EDFCD8F80830BB42E1D80FA8E4
:10FD100004F0E6FC12A804F0E3FC5DE66646A8E702
:10FD2000074B0593DEE56A1C222106A804F098FE25
:10FD30000746AAE76646EAE7D4C3030011841184A4
:10FD4000B47D002094C3030088C30300847E002098
:10FD50002DE9F0470368944A94498EB00446022086
:10FD6000FCF744FF92490BA804F080FB0BA9204646
:10FD700004F03AFE05460BA804F0B2FC002D4FD06B
:10FD80008C4C2368033B012B14D9FEF79FFA8A4B56
:10FD90001B68002B00F39A802368012B00F0DF80A2
:10FDA00004F0D2FF854B1B68984280F0D4810EB0DE
:10FDB000BDE8F087824B8349834C012508A81D705C
:10FDC00004F054FB04F0C0FF7C4B002200F57A667F
:10FDD00041F2C8370E21CDE90017204611461E60BA
:10FDE000F02303F0CDF92946204602F00BFD05F182
:10FDF00003154FF0FF330022636108A926230BA8E7
:10FE0000256104F065FE0BA9204603F029FE0BA82E
:10FE100004F066FC08A804F063FC0EB0BDE8F087AF
:10FE200008AD6A49284604F021FB2946204604F023
:10FE3000DBFD002800F0AB800DF10808284604F037
:10FE40004FFC6349404604F011FB4146204604F054
:10FE5000CBFD0646002840F087805E49284604F026
:10FE600005FB04F071FF584C544B4FF4784C0022C2
:10FE700000F57A670E21CDE9001C204611461F606F
:10FE8000F02303F07DF92046012102F0BBFC524F24
:10FE900027614FF0FF3300226361294626230BA818
:10FEA00004F016FE0BA9204603F0DAFD0BA804F0BF
:10FEB00017FC284604F014FC16B105A804F010FC49
:10FEC000404604F00DFC0EB0BDE8F08708AD434994
:10FED000284604F0CBFA4248FEF75EF905AF002849
:10FEE00050D00146384604F0C1FA3946284604F09D
:10FEF000EBFC804604F028FF334E304B41F2C83E05
:10FF000000F57A6C00220E21CDE9001E3046114624
:10FF1000C3F800C0F02303F033F93046012102F0AA
:10FF200071FCDFF8B4C0C6F810C04FF0FF330022F8
:10FF3000414673610BA8262304F0CAFD0BA9304685
:10FF400003F08EFD0BA804F0CBFB384604F0C8FB91
:10FF5000284604F0C5FB2368012B7FF421AFFEF790
:10FF6000E9FB0EB0BDE8F0871E4905A804F07EFA53
:10FF7000214605A804F0A8FC0146284604F09CFA96
:10FF800001266EE73846164904F096FAADE71049A7
:10FF90000BA804F06BFA0BA9204604F025FD18B35A
:10FFA0000BA804F09DFB47E7FCC2030080C20300DE
:10FFB00078C10300687E0020E07C0020E87E0020FD
:10FFC000E47C002088C20300847E002068C1030016
:10FFD000B8C20300C8C2030004000300A4C20300A7
:10FFE000E8770020C0C203000BA804F079FB284684
:10FFF00004F076FB64490BA804F038FA0BA92046FC
:020000023000CC
:1000000004F0F2FC06460BA804F06AFB002E3FF455
:10001000CEAE0DF10808A368DFF8949121460C22BA
:10002000404604F055FD404604F05AFE404620216B
:1000300004F03AFDD9F80030072B1E46A8BF07266A
:10004000002B824614DD514C06EB460304EBC3043F
:10005000A4F118073946204604F04AFB013EA4F1FA
:100060000C0104F10C0004F043FB3C46002EEFD1E0
:10007000BAF1000F72DD5346002241460BA804F08E
:1000800027FD0BA9424804F05DFB0BA804F028FBF8
:100090000AF10102049B41460BA804F019FD0BA9CB
:1000A0003A4804F04FFB0BA804F01AFBD9F80030D3
:1000B000384A3949072BDCBF0133C9F800301368CF
:1000C00028460133136004F0D1F93048FEF764F894
:1000D00005AF002852D00146384604F0C7F939462A
:1000E000284604F0F1FB064604F02EFE2B4C2C4B68
:1000F00000F57A6C4FF4784E00220E21CDE9001EF7
:100100002046C3F800C01146F02303F039F820461A
:10011000012102F077FB31464FF0FF33214E63613E
:10012000002226230BA8266104F0D2FC0BA920464E
:1001300003F096FC0BA804F0D3FA384604F0D0FA8A
:10014000284604F0CDFA184B1B68052B7FF4B8AE97
:10015000FFF792F9B4E6FDF7D5FD28E613490BA8A1
:1001600004F084F90BA90A4804F0ECFA0BA804F097
:10017000B7FA41460BA804F09FF990E738460349C7
:1001800004F09AF9ABE700BFA0C10300F07C0020A7
:10019000FC7C0020B47D0020D8C20300847E0020B7
:1001A000E87E002004000300687E002040C20300B7
:1001B000B07D00202DE9F0439A4D2B68013B8FB0B4
:1001C0000446042B4ED8DFE803F0AF8903506400E7
:1001D00008AF9549384604F06FF9384604F064FDDD
:1001E0000A9B002B40F0D881002205920126002BAB
:1001F00040F0E2810EAA02EB860201210E4442F891
:10020000241C002B40F0E8800EAB03EB8603022297
:10021000384643F8242C04F063FAB62C06F10106A4
:1002200000F0F180092C00F0EB80B52C00F0258265
:100230000D2C00F0C782082C00F000831B2C00F06E
:10024000C180A4F120035E2B0CD877488368132B60
:1002500008D8214604F016FB744B4FF0FF321A60A9
:10026000FEF746FE0FB0BDE8F083714E0D28B3686F
:1002700000F00881B42800F03882B72840F01C82D2
:100280006C490A689342EDDD01320A60FEF730FEE8
:10029000E8E71B2800F09680092800F09380A0F181
:1002A00020035E2B40F2978163490BA804F0DEF82F
:1002B0001022214608A804F053F908A90BA804F05D
:1002C00003FB01465D4804F013FA08A804F008FA9D
:1002D0000BA804F005FAFFF7CFF8C3E7B62800F043
:1002E0003082B52800F0078200F0DF03442B45D0B0
:1002F000522B62D15249534804F0FAF952494C4802
:1003000004F042FA4B4B4F4800221A60FDF744FFBD
:100310004D49002818BF01464C4804F035FA042323
:100320002B60FEF7E5FD9DE7B52800F02B81B62890
:1003300000F0CE810D2840F0AD81454B1B68002BAD
:1003400090DD444E444C336803EB830354F8330090
:10035000FEF7F0FB002885D0336803EB830304EB42
:10036000C30423792BB13D4A13680021013B13607C
:10037000217102232B60FEF73FFC73E7384B3948AD
:100380001C68E1B2FDF736F83749384B384A002887
:100390000CBF084618460090234636490220FCF759
:1003A00025FCFDF793FF344B1B78002B40F03D817B
:1003B00001232B60FEF7BEF954E71B2802D0092861
:1003C0007FF450AF2D4B1B7801222A6033BBFEF720
:1003D000B1F90FB0BDE8F08329490BA804F046F845
:1003E00039460BA804F000FB002840F03E810BA822
:1003F00004F076F9384604F073F9B62C7FF412AFA6
:10040000002E3FF42FAF09490B68013393FBF6F23E
:1004100006FB12360E60FEF76BFD23E7FDF756FF75
:10042000D5E700BF687E0020BC7700201C6100205B
:10043000AC770020B877002020C60300787E00202B
:10044000407E0020D477002040C20300C8770020FF
:10045000E07C00206C7E0020E0770020EC7E002015
:1004600024610020B87D0020F8C30300E8C2030027
:10047000ECC203006CC60300307E0020E47C002048
:100480001CC50300002B7FF7EDAE08AFB049B14C9F
:10049000DFF80883DFF81C93384603F0E7FF04F029
:1004A00053FC002241F6C4010E2300F57A6C019141
:1004B000204611460093F023C8F800C002F060FE09
:1004C0002046012102F09EF94FF0FF33A24A6361FA
:1004D000394626230BA82261002204F0F9FA0BA961
:1004E000204603F0BDFA0BA804F0FAF8384604F0F1
:1004F000F7F8324649469948FCF76CFED9F80030C7
:10050000002800F08481964A00929649964A02207B
:10051000FCF76CFB954B1B7801222A60002B40F006
:10052000C281FEF707F99249384603F09FFF41F276
:10053000C83504F009FC00220E2300F57A60CDE9ED
:1005400000351146F023C8F800008248824D02F0C1
:1005500017FE01217F4802F055F94FF0FF330022CA
:100560006361394626230BA8256104F0B1FA0BA973
:10057000784803F075FA0BA804F0B2F8384604F096
:10058000AFF86FE67B4A1368002B7FF76BAE013B39
:100590001360FEF7CFF865E677490BA803F066FF16
:1005A00039460BA804F020FA06460BA8002E60D0AE
:1005B00004F096F80A9B17E670490BA803F056FF63
:1005C00039460BA804F010FA002849D00BA804F013
:1005D00087F80A9B0EE608A8694903F047FF214601
:1005E00005A803F091FF05A908A804F06DF9654975
:1005F00004F096F91022054621460BA803F0B0FF3F
:100600000BA9284604F060F95F4904F089F9014616
:100610005E4804F06DF80BA804F062F805A804F039
:100620005FF808A804F05CF855E64C48FDF7D4F8EC
:10063000574B0BAA186008A94848FCF7EFFE28B1F1
:100640005449554B08980B9A1A60086004F07CFBDB
:10065000524B1B689842FFF4ABAEFDF753FBA7E685
:100660000BA804F03DF80A9BCBE50BA804F038F882
:10067000CAE504F035F80A9BB9E5002E3FF4F2AD67
:10068000474A1368002B40F3F680013B1360FEF7E6
:100690002FFCE7E500F0DF03442B00F0DE80432B66
:1006A00033D0522B3FF4BAAE09287FF4DBAD0523DB
:1006B0002B60FEF7E1FED5E5B52840F0F780394A1A
:1006C0001368002B7FF7CEAD273B23EAE373DDE70A
:1006D000354B28491B680A68013B93427FF7C2AD3E
:1006E00001320A60FEF726F8BCE52E4A1368002B9B
:1006F0007FF7B8ADC9E72D4A1368002B7FF7B2AD7D
:10070000013B1360FEF778FAACE52949294804F06B
:100710003BF82749284804F037F82549274804F0D2
:1007200033F82349264804F02FF81D481D4A4FF09E
:10073000FF3400210323046011602B60FEF7D8FB17
:1007400090E51A4A136801331360FEF755FA89E5FC
:1007500008C60300847E002004000300B87D00204A
:10076000E8C203006CC6030028C60300E47C002036
:1007700038C603006C7E002010C5030018C50300B6
:1007800014C6030018C6030068C50300787E002065
:1007900020610020747E0020707E0020E87E002012
:1007A0001C610020B8770020E07C0020647E0020DF
:1007B00040C20300D4770020AC770020BC77002033
:1007C000C8770020694C23689E4256D868498B68D8
:1007D000022B7FF647AD0BA8FDF78EFC0BA96548F1
:1007E00003F0B0FF0BA803F07BFF6248FDF7D4FCD9
:1007F0006149002818BF0146604803F0C5FF604A00
:100800000021042311602B60FEF772FB2AE55D4A8C
:1008100000925D495D4A0220FCF7E8F95C4B1B78C9
:1008200001222A600BB1FDF751FDFDF783FF594905
:10083000384603F01BFE4FF478457AE64C48816851
:1008400000293FF40FAD013904F09CF9474B4FF0FC
:10085000FF321A60FEF74CFB04E54F4B1B68002B80
:100860007FF700AD4D4B4E4A1B684E4803EB8303A8
:1008700052F8334085E5731E08E70EAA02EB8303A6
:10088000494E53F8243C3D4856F8331003F07CFFA2
:10089000236838480EAA02EB830353F8243C06EB86
:1008A000C3067168A9E7FDF711FD3AE6B6280CD139
:1008B00033490A6893427FF7D5AC27329342A8BFE9
:1008C00013460B60FEF714FBCCE408280FD12C4C28
:1008D000216800297FF7C6AC01393046012204F0B7
:1008E00059F92368013B2360FEF702FBBAE41B2899
:1008F0003FF468ADA0F120025E2A3FF6B3AC9F2B17
:100900003FF7B0AC1E4D00222B6802A8314604F020
:10091000DFF802A908A803F0CFFD214605A803F0DF
:10092000F3FD05A908A803F0CFFFB3682A680446C1
:1009300031460BA804F0CCF80BA9204603F0C4FF05
:100940000146304603F0D4FE0BA803F0C9FE05A80B
:1009500003F0C6FE08A803F0C3FE02A803F0C0FE21
:100960002B6801332B60FEF7C3FA7BE41C61002087
:10097000BC770020D477002040C20300C877002055
:10098000B8770020F8C303006CC6030028C6030034
:10099000E47C002040C60300E07C00206C7E002048
:1009A000E0770020B87D0020A4C603002DE9F041C7
:1009B000AA488CB04FF4E1310446F5F7EFFD04F09E
:1009C000C3F940F6B736054608E004F0BDF9401B10
:1009D000B0424FF00A0006D804F0C2F92046F5F7FD
:1009E000FBFD0028F1D09E499C489E4C9E4E9F4F97
:1009F000DFF8E88203F0FEF89D49984803F0FAF822
:100A00009C49964803F0F6F89B49944803F0F2F8A5
:100A10009A49924803F0EEF89949904803F0EAF8B1
:100A2000984800F0CFFEF02211460023204602F045
:100A3000B5FE2046032102F057FE2046002101F0BA
:100A400007FA002320460221E37601F0DBFE6FF077
:100A5000F8224FF03213C4E904328B49204603F0E8
:100A600005F88A4A8A4B626123612046012101F020
:100A7000C9FE8849204602F0F9FF304600F0DCFC50
:100A8000254616E001F0BEFE834B84496361C4F83D
:100A90001080284602F0EAFF4FF0FF33636180497F
:100AA000284602F0E3FF3B7893BB4FF47A7004F0E2
:100AB00057F95F21304600F06DFD304600F076FDBD
:100AC000012100280CBF0B46002328463B70D9D0DB
:100AD000012101F097FE4FF0F82372496361C4F8D9
:100AE0001080284602F0C2FF4FF0FF336C4963616B
:100AF000284602F0BBFF654B63616B49284602F054
:100B0000B5FF6A49284602F0B1FF3B78002BCCD0F4
:100B1000674A6849684DDFF8C8810220FCF766F82B
:100B20000121504801F06EFE644B23614FF0F82321
:100B30005C4963614B4802F099FF4FF0FF33604915
:100B40006361484802F092FF504B57496361454842
:100B500002F08CFF5B49434802F088FF2F780F2694
:100B6000032304224FF4E13140462FB9FCF790F9FA
:100B70002870002800F0B88001213A4801F042FEB8
:100B80004E4A454B45493748C4E9042302F06EFFFD
:100B90004FF0FF3363614A49324802F067FF2B7818
:100BA000002B40F0CE8040F6C41004F0D9F80021AC
:100BB0002C48454F01F04CF9444B01251D60FDF7D1
:100BC000B9FD3968002946DD03AE0A22304603F03C
:100BD000F7FC314606A803F06FFC3D4906A803F078
:100BE0009FFE3C4A3C4B3968A942D4BF1146194686
:100BF00003F096FE074604F0A7F8DFF8E8C00022ED
:100C000041F2C8310E2300F57A60CCF80000CDE93E
:100C1000003114481146F02302F0B2FA2946114877
:100C200001F0F0FD05F103154FF0FF3300223946C6
:100C300009A863612561262303F04AFF09A9094831
:100C400002F00EFF09A803F04BFD06A803F048FDD3
:100C5000304603F045FD0CB0BDE8F081386300205C
:100C600054C40300847E0020F07E0020EC7C002031
:100C700060C403009CC40300BCC40300E4C40300BC
:100C8000FCC40300D47E0020CCC603001184118470
:100C900060004600A0C60300E007E00720C503008F
:100CA00024C7030028C5030078C3030030C703002E
:100CB000D8C60300E4C60300307E00202800680088
:100CC00060C10300ECC60300EC7E0020687E0020BB
:100CD00014C7030040C2030098C0030028005A0054
:100CE000B87D0020E87E00204FF4FA6004F038F868
:100CF000013E2F787FF434AF002F7FF43DAF012108
:100D00007A4801F07FFD7A4B23614FF0F82379494F
:100D10006361764802F0AAFE4FF0FF3376496361C3
:100D2000724802F0A3FE754B636175496F4802F08B
:100D30009DFE74496D4802F099FE2B78002B3FF41C
:100D400032AF03AE7049304603F090FB324641F2B9
:100D500088336E496E48FCF76BF9804600285AD1FB
:100D60000121624801F04EFD6A4B624923614FF454
:100D70007843A382E3825D4802F078FE4FF0FF33B0
:100D800063616549594802F071FE5F49304603F0DE
:100D9000FBFC41F28833324660495D48FCF748F974
:100DA000002870D10121514801F02CFD5C4B2361DA
:100DB0004FF0F8234F4963614C4802F057FE4FF063
:100DC000FF3358496361494802F050FE4B4B4C4990
:100DD0004648636102F04AFE5349444802F046FE29
:100DE0004B4F3846FCF7F0FC3846FCF7EBF92B7814
:100DF0004E4A7A606BBBFDF769FA304603F070FC2F
:100E00002B78002B3FF4CFAEB8F1000F3FF4CBAE00
:100E10004FF44870C9E6464909A803F027FB09A921
:100E2000304603F02FFE074609A803F059FC0121C4
:100E30002E4801F0E7FC3F4B364A2E492261002F35
:100E4000ADBF19464FF000084FF478434FF4FC63F0
:100E50008FE73846FCF7C0FC374B09AA186006A993
:100E60003846FCF7DBFA28B1344A354B0699116055
:100E7000099A1A6003F068FF324B1B689842BAD394
:100E8000FCF740FFB7E7304906A803F0EFFA06A9E0
:100E9000304603F0F7FD002816DB06A803F020FC1F
:100EA0000121124801F0AEFC1D4A284B6361214923
:100EB00022610E4802F0DAFD4FF0FF3319496361F9
:100EC0000A4802F0D3FD8BE7214909A803F0CEFAC6
:100ED00009A9304603F0D6FD074609A803F000FC37
:100EE00006A803F0FDFB002FDADA5BE7847E002022
:100EF0002800680028C5030060C103001184118424
:100F000078C3030040C7030040C2030024C40300A9
:100F1000B87D00202800760000C7030030C403001D
:100F20002800840054C703005CC7030051FD020081
:100F3000F8C6030020C5030020610020747E002055
:100F4000707E0020E87E00200CC70300E007E00769
:100F500010C70300F0B583B00223009306220923D3
:100F600050495148514F524E00F0FAFB052300936F
:100F70000B220A234C494F4802F0F6FB4E4A4F49D8
:100F80004C4807F04FF94E4B3B603146002307F1C8
:100F900008007B6003F06AFA07F1140407F1740596
:100FA000204631460C3403F061FAAC42F8D10025FA
:100FB000A7F87450404A43493C48434C3C4E07F024
:100FC00031F904F5A0673146204603F04FFA04F1E9
:100FD0000C00314603F04AFA283444F8105C24F837
:100FE0000C5CBC42EFD1324D334A3849384C0020BA
:100FF00007F018F92946374803F038FA29463648E9
:1010000003F034FA2946354803F030FA29463448CB
:1010100003F02CFA284A33492E4807F003F92946F1
:10102000314803F023FA244A30492F4807F0FAF8F0
:1010300029462F4803F01AFA1F4A2C492C4807F07A
:10104000F1F829462B4803F011FA1B4A2749294891
:1010500007F0E8F82946284803F008FA164A234919
:10106000254807F0DFF82946244803F0FFF9124A23
:101070001E49224807F0D6F804F1C006294620464A
:1010800003F0F4F904F10C002946183403F0EEF9EA
:10109000A642F3D1084A1A49002003B0BDE8F04047
:1010A00007F0C0B800300240D47E0020B87D002098
:1010B00040C20300847E00200060002071DC02003A
:1010C000548F002099DC0200E8770020BDDC02008C
:1010D000F07C0020347E0020407E00204C7E0020EA
:1010E000587E002075DC0200D4770020E146030022
:1010F000AC770020BC770020C8770020787E0020E5
:10110000E1DC020070B5214C2368DB0784B031D5E7
:101110001F4C204D204E2046F5F7EAF8A8B1204696
:10112000F5F70CF9C3B20D2B294601A80FD00A2BF5
:101130000DD0AA68C72AEED81946284603F0A2FBAC
:101140002046F5F7D5F80028E9D104B070BD03F0CA
:10115000B3F901A803F0C4FD039B3BB901A803F058
:10116000BFFA3146284603F00FFBD4E701A8FCF78D
:10117000DFFEF3E70849074803F078F90123074A3F
:1011800007490448236007F04DF8C1E79477002031
:10119000386300209877002040C2030000600020E0
:1011A000E14603002DE9F041694C237888B0002B1B
:1011B00057D0684D684E03F0C7FD3368C01A41F23E
:1011C000873398422ED803F0BFFD644C2B682278F9
:1011D00098422CBF0026012612B1984280F08F80E1
:1011E0005F4B26701B7853B95E48FBF79FFEFFF7F5
:1011F00089FF0A2003F0B4FD08B0BDE8F0810122A8
:101200005F21594800F07CF9574800F0C1F80028E8
:10121000EAD0554800F0C0F8C0B20028E4D0FEF78C
:10122000C9FFE1E703F090FD23783060002BCAD0BE
:101230004C48FCF7D1FA4D4B05AA186002A9494861
:10124000FCF7ECF828B14A494A4B0298059A086025
:101250001A6003F079FD2B689842B4D3FCF752FD75
:10126000B1E7404D2846FBF759FE20700028A0D07A
:101270002846FCF7A9FA2846FBF7A4FF23783E4A44
:101280006A60002B44D1334D0DF1140802AFFDF715
:101290001DF83A4B1B68012B57D03949394E384657
:1012A00003F0E4F803F050FD002200F57A6C41F2FF
:1012B000C8310E23019100931146C5F800C0304695
:1012C000F02301F05DFF3046012101F09BFADFF8C9
:1012D000B8C0C6F810C04FF0FF3300227361394622
:1012E0002623404603F0F4FB4146304602F0B8FBAB
:1012F000404603F0F5F9384603F0F2F95AE703F0F7
:1013000023FD2B689842FFF46BAFFCF7FBFC67E70B
:101310002846FCF761FA154B0DF1140802AF18606E
:10132000424628463946FCF779F828B1104A114B55
:1013300002991160059A1A60064D03F005FD2B68AD
:101340009842A4D3FCF7DEFCA1E7FDF7F3F9A4E78C
:10135000307E0020E87E0020A4770020A8770020BF
:10136000EC7C0020B87D0020F07E00202061002071
:10137000747E0020707E002051FD0200687E0020F7
:10138000BCC60300847E002004000300704700BF39
:10139000203002F07DBC00BF203002F067BC00BFEF
:1013A000203002F07FBC00BF38B5437F0BB900206E
:1013B00038BD00F6280420460D4602F07DFC0028CA
:1013C000F5D12046294602F039FC012038BD00BF86
:1013D0002DE9F0475AB30646DFF8588033681B689A
:1013E0004D1E434517464FF0000400F6280915F836
:1013F00001AF16D1737F13B92046BDE8F087484688
:1014000002F05AFC0028F7D15146484602F016FC7B
:101410000134A742F0D0336815F801AF1B6843458B
:10142000E8D05146304698470028F1D1E4E7144609
:10143000E2E700BFA913030010B4837E1F2B4FF017
:10144000010288BF03F01F03C27603F5E0738CBF6F
:10145000284A4FF0A04240F20C6142F82310437E2C
:101460001F2B86BF03F01F03224A4FF0A04203F553
:10147000E07340F20C6142F8231003694FF0CC7224
:10148000C3F8242503690622C3F800250369827E78
:10149000C3F808250369427EC3F80C2590F918307B
:1014A000002B14DA144A03F00F031A446023137656
:1014B00090F91830002B07DB104903F01F000122C0
:1014C0005B09824041F823205DF8044B70475909BD
:1014D000603103F01F030124084A04FA03F342F8C1
:1014E000213090F91830002BDCDB1344602283F8A4
:1014F0000023DDE700030050FCEC00E000E100E029
:101500000AB910467047F8B5054600F1200738467D
:1015100014460E4602F0A4FB2B69C3F888652A69BD
:10152000012313622A69C2F834752A69C2F8384562
:101530002A6913602B6902E0D3F824211AB9D3F881
:101540004C21002AF8D00022C3F84C212B6902E07C
:10155000D3F824211AB9D3F85C21002AF8D000224C
:10156000C3F85C212B6901225A612A69D2F804313F
:10157000002BFBD00021C2F804112B69D3F82421E1
:1015800012B1C3F824112B69D3F83C05C5F8200823
:10159000C0B2F8BD10B541F23003044600F6280091
:1015A000E15402F05DFB0123637710BD70B541F299
:1015B00030030269C15C00234377C2F888150269D1
:1015C000C2F80431036901261E62036900F628058A
:1015D0000446C3F84455284602F05AFB2369C3F871
:1015E000480523699E60236902E0D3F824211AB9D3
:1015F000D3F85021002AF8D00022C3F85021284601
:1016000002F046FB236918BB0022C3F8602123695E
:1016100001225A612269D2F80431002BFBD000214B
:10162000C2F804112369D3F8240160B1C3F824116E
:101630002369D3F8C404C3F8C404022803D00428DF
:1016400014BF0420032070BDD3F82421002ADBD16D
:10165000D3F86021002AF7D0D6E700BF70B52B4C35
:101660006369D3F86421002A3DD1D3F86821F2B927
:10167000D3F8042172B1227F0021C3F804114AB1CA
:1016800041F23802D3F83C05A258C4F820080AB148
:1016900090476369D3F8242142B10022C3F8242182
:1016A000D3F8D024C3F8D02401225A6170BD00229F
:1016B000C3F86821164822770123637702F0D0FA35
:1016C00041F23403E35803B1984763691048C3F803
:1016D00044050023637702F0DBFA63690122C3F853
:1016E00048055A63C4E7002204F12006C3F86421C8
:1016F00001253046257702F0B3FA63694FF40062A2
:10170000C3F83465C3F838251D63AEE7F07E0020CA
:101710001887002038B50E4C0E4A20464FF47A73D5
:1017200040F8202B0025C4E9015302F07BFA04F6AF
:10173000280002F077FA084A084B6577D2E90721BA
:10174000032020766176A276C4E9043338BD00BF59
:10175000F07E0020ACC703000CCF03000030004037
:1017600070B5002444749DF81050C9B10F4E01604B
:10177000B142846012D00E4CA14204BF012101711C
:101780000C4951F82220027351F82330837351F829
:10179000253043730023C373037470BD0471EFE7F6
:1017A000054B064A0648242107F090FA0030024013
:1017B00000F002400CCF0300C8C7030030C803008C
:1017C000D8C70300437C03B1704730B5012285B010
:1017D00042740321FF22019304468DF803208DF803
:1017E00006208DF80510827B417B8DF800204FF09C
:1017F00080451A4602958DF80110057BC373694632
:10180000037403938DF8025005F0F6FEA37B1F2BA3
:1018100086BF03F01F030C4A4FF0A04203F5E073AC
:1018200040F2013142F82310637B1F2B86BF03F087
:101830001F0305494FF0A04103F5E07340F2033266
:1018400041F8232005B030BD0003005010B483B030
:1018500002AB03E906009DF805309DF8041002680C
:1018600013F1FF3318BF012300240229C2F80045F9
:101870001C460374C17332D003292DD0012925D011
:10188000224B0099B3FBF1F3B3F5007FC2F8544546
:101890001FD2FF2B0FD87F2B24D83F2B25D81F2BEF
:1018A00026D80F2B27D8072B02D819498A4225D0D2
:1018B0004FF0004101E04FF080610723C2F824158A
:1018C000C2F8003503B05DF8044B704743F00204E2
:1018D000D6E74FF00071F0E743F00604D0E743F09D
:1018E0000404CDE74FF00061E7E74FF08051E4E7F3
:1018F0004FF00051E1E74FF08041DEE7042B34BFA9
:101900004FF0A0514FF02061D7E700BF0090D00307
:1019100000F0024003680022C3F80025704700BFB2
:10192000002B3AD02DE9F047814684B00D4617468A
:101930001E464FF6FF784FF0000A4645344628BF52
:101940004446002D14BF2346002300950297361B02
:1019500001938FB1002269464846039405F094FF35
:1019600005B125442744002EE7D104B0BDE8F08737
:10197000CDE900550295361B002269464846CDF850
:101980000CA005F081FF4DB94645344628BF4446BA
:10199000002EEDD104B0BDE8F08770472544002E3D
:1019A000CBD1E2E710B586B006AB012403F8111DD8
:1019B000002202A90293CDE90343059405F064FFD8
:1019C0009DF8070006B010BD70B41049104A1148C8
:1019D000114BD568946808601069D66C0D738C73D0
:1019E0000125946C4873106D0D7100220B4D1E7310
:1019F0009C735873CA730A741A71DA731A741D606F
:101A00004A748A605A749A6070BC70472C8F0020A8
:101A10000CCF030000F00240408F00200030024055
:101A2000704700BF704700BF10B404682469A44623
:101A30005DF8044B604700BF30B40468BDF808503F
:101A40000295A46BA44630BC604700BF30B4046864
:101A5000BDF808500295E46BA44630BC604700BF57
:101A6000704700BF01F0030101298176B0F9083009
:101A7000B0F90A2004D0032902D08381C2817047C3
:101A80008281C381704700BF2DE9F04385B0994240
:101A900004460768BDF93060BDF8348023D0B242F7
:101AA0001D4611D07B69DFF884904B4536D1CDE9D6
:101AB00000682B46BE6A2046B0472368DB6A4B4568
:101AC00027D105B0BDE8F08399421FDDCDF8308005
:101AD0000131FE6B4B1B1BB229462046B44605B0B4
:101AE000BDE8F0436047B2420CDDCDF83080531CB6
:101AF000BD6B9B1B1BB232462046AC4605B0BDE811
:101B0000F0436047334616461A46EEE70D4619463F
:101B1000DCE7204605B0BDE8F0431847CDE90212E6
:101B200098472768DDE90212C1E700BF251A0300C4
:101B30002DE9F04FD0F800C01F46DCF814601A4BB6
:101B400083B09E420546BDF93090BDF834A00C46E6
:101B500090461FD12744BC4214DADFF850B0DCF8BD
:101B60002060CDF800A05E4521464B4642462846FF
:101B700001D1DCF83860013424B2B047BC42D5F85A
:101B800000C0ECDBDCF82C30074A934206D103B0EE
:101B9000BDE8F08FB047D5F800C0DBE7284603B0BA
:101BA000BDE8F04F184700BF251A0300391A03009B
:101BB0002DE9F04FD0F800C01D46DCF814A02D4BE5
:101BC00083B09A450446BDF93090BDF8347088461C
:101BD000164641D1DCF824B0DFF89CA00097D3452D
:101BE00008BFDCF83CB02B46324641462046D84779
:101BF0002368D3F824B0009709F1FF323244D3456B
:101C000012B232D1D3F83CA041462B462046D047F1
:101C10002368DFF868A0D3F820B00097D34508BF49
:101C2000D3F838B032464B4641462046D847236861
:101C3000691E1D6A00975545414408BF9D6B324699
:101C40004B4609B22046A84723680A4ADB6A9342FA
:101C500006D103B0BDE8F08FD047D4F800C0B9E793
:101C6000204603B0BDE8F04F18472B4641462046BA
:101C7000D847CDE7251A03004D1A0300391A03008F
:101C80002DE9F04F85B01E46BDF93850BDF83CA097
:101C9000AB1A002B9046A6EB0102B8BF5B42002AAC
:101CA000B8BF52429342074679DCAE464446AC4642
:101CB000404635468846764621469946A8455CDD2D
:101CC000A8EB0504A4B2A0EB0C0002944FF6FF7C35
:101CD00024B204EBD47480EAE079B142C8BF4FF07B
:101CE000010CA9EBE0796410CDF80CC09342304BA5
:101CF00001931FFA89F933DCD7F800C0019BDCF8A7
:101D000018B09B452946534608BFDCF810B0A4EB39
:101D1000090432463846D847A3B21CB20135002C1C
:101D20002DB205DA039A1644029AD41836B224B2B8
:101D3000A845E1DA05B0BDE8F08FDCF810B0D8476F
:101D4000A4EB0904A3B21CB20135002C2DB205DAB4
:101D5000039A1644029A9C1836B224B24545E9DC2F
:101D6000D7F800C0019BDCF818B09B452A465346C3
:101D700031463846E1D0D847E2E7A5EB080080B20B
:101D800004B204EBD474B14202904FEA64042846D2
:101D90000E46454607DA012103918046A6E7B44680
:101DA000084691468AE74FF6FF71039180469DE70A
:101DB000291A03002DE9F04FD0F800C0DFF888E0C1
:101DC000DCF8406083B07645BDF93080BDF834A0C2
:101DD00028D191461F461B4ADCF814309342054631
:101DE0000C462BD12744BC4214DADFF860B0DCF893
:101DF0002060CDF800A05E45214643464A4628466D
:101E000001D1DCF83860013424B2B047BC42D5F8C7
:101E100000C0ECDBDCF82C300A4A934209D103B055
:101E2000BDE8F08FB446CDE90C8A03B0BDE8F04FB1
:101E30006047284603B0BDE8F04F18479847D5F8EB
:101E400000C0CFE7251A0300311B0300391A030035
:101E50002DE9F04FD0F800C0284BDCF84040B0F935
:101E60000C80B0F90E709C4283B0894633D1DCF807
:101E70001430DFF88CB05B4505463AD1B8F1000F5D
:101E800022DD0024DFF87CA0A64609E0DCF83860FB
:101E90000134B0470FFA84FEF045D5F800C013DDD9
:101EA000DCF82060CDF80090564571463B464FF077
:101EB00000022846EAD001340022B0470FFA84FE1F
:101EC000F045D5F800C0EBDCDCF82C305B450BD1DD
:101ED00003B0BDE8F08F0022CDE900714346114602
:101EE000A04703B0BDE8F08F284603B0BDE8F04F2F
:101EF00018479847D5F800C0C0E700BF311B030062
:101F0000251A0300391A03002DE9F04FD0F800C05C
:101F10001646DCF81450304A85B095420746BDF8A5
:101F200038B00C464DD19BB203F1FF39DCF8285094
:101F30002A4A1FFA89F909EB040895420FFA88F832
:101F400010D0CDE9006B4346324621463846A847BB
:101F5000D7F800C0DCF82C301F4A934237D105B0C7
:101F6000BDE8F08F444526DDC3F101031FFA83F974
:101F70000FFA89F5234605EBD57544466D10984652
:101F8000174BDCF818A09A4532465B462146384686
:101F90000FD1DCF810A0D0470134002D24B203DAB1
:101FA000013E4D4436B22DB2A045D7F800C0E7DA65
:101FB000D0E7D047F0E70FFA89F505EBD5756D103E
:101FC000DEE70393A847D7F800C0039BABE738468A
:101FD00005B0BDE8F04F1847251A0300811C030027
:101FE000291A03002DE9F04FD0F800C09046DCF824
:101FF0001440424A85B094420646BDF838900F46D8
:102000006ED1DCF828503E49013B1FFA88F2134498
:102010009BB28D421CB250D1444528D066DAD31A07
:102020009BB21DB205EBD575A04503934FEA65053C
:102030003BDBDFF8D0A010E0DCF810B0D84701346B
:10204000002D24B2ABB204DA039A013F9D183FB2CF
:102050002DB2A045D6F800C027DBDCF818B0D34578
:102060004B46224639463046E6D0D847E7E7DFF808
:1020700094A03D464FF00008BB46DCF81870574569
:10208000224608BFDCF8107029464B463046B84758
:102090000135B8F1000FB8BF04F1FF342DB2B8BF5D
:1020A00024B2AB45D6F800C0E7DADCF82C30134A8E
:1020B000934210D105B0BDE8F08F42463B46CDE9D2
:1020C000004939463046A847D6F800C00B4ADCF82C
:1020D0002C309342EED0304605B0BDE8F04F1847A3
:1020E0000393A047D6F800C0039B8AE71046214619
:1020F0001A4644460346884691E700BF251A030066
:10210000811C0300291A030070B4002461F30F043A
:1021100062F31F44094A02604FF0FF36002240F28A
:10212000011501218460C46046610583C176426067
:10213000026182760277026270BC704778CD03003C
:102140002DE9F04F97B083460D91016ABDF88000EC
:102150000290BDF8840003909DF8880006909DF8D9
:102160008C0008900592002900F0EB800A7AD1E9F2
:1021700000109B1ADBB200EBC30230F83330079338
:1021800093780493D378109392F905301593069BB6
:102190000A91012B92F9064040F2CB80BDF95430F0
:1021A0000E9323B21293AE4BDBF800C009931A468C
:1021B000DCF81430934240F04D81109B002B00F06E
:1021C0008B80BDF814301393002223440C92149397
:1021D00092460B92049B002B76D00B9B129A089987
:1021E00013981A4402FB01021499CB181BB21193E5
:1021F0000FFA82F90C9B002509E00135049AEDB233
:102200004FEA4A0AAA425FFA8AFA434658D95A1C48
:102210005B075FFA82F806D1079A0A99531C9BB2B2
:1022200011F802A007931AF0800FE6D0069ABDF8C5
:102230003430012A59D00E9A0699DCF81C60BDF999
:1022400020705419874A04FB0134964224B20BB221
:1022500060D1DCF84060844A96425BD1DCF81430EF
:10226000099A934260D1069B2344A34203931DDD48
:102270007E4B05930F950BE0029D0095DCF83860CE
:10228000B0470134039BDBF800C024B2A3420CDD4D
:10229000DCF82060059DAE4221463B464A46584642
:1022A000EAD0029B00933B46EAE70F9DDCF82C3016
:1022B000099A9342A1D058469847DBF800C09CE7A2
:1022C0000C9B1344DBB20C930B9B109A0133DBB2D3
:1022D0009A420B933FF67EAFDCF82C30099A93427A
:1022E00040F0B38017B0BDE8F08F089A012AA2D160
:1022F000159ADCF8184013445D4A5919944208BFF6
:10230000DCF81040029B119A09B25846A047DBF84E
:1023100000C072E7029A2146CDE9007258464A464B
:10232000B047DBF800C068E758469847DBF800C0C4
:1023300099E7089B012B3FF631AF002312930E93D0
:1023400031E7BBF90C200D998A42CBDDBBF90E2099
:1023500005988242C6DDBDF81840062212FB041221
:10236000002ABFDD089A00EBC202002ABADD9BF802
:102370001C201AB9AF2B84BF0133DBB2384ADBF81B
:1023800000C009921146DCF814208A4240F08C818A
:10239000384ABDF834100F9103EB8303D3180D9323
:1023A000BDF818300E9300230B910C930D9ABDF9D4
:1023B0002C3012F8018B0D92069A07939F18082370
:1023C00004930026B94618F0010F55D00699BDF8C0
:1023D00014200129B3B200F0F2800899DCF81C4007
:1023E00011FB03F313441F4A94421DB20FFA81FA02
:1023F000BDF9183040F00681DCF840401A4A94429A
:1024000040F00081DCF81430099A934240F02281B8
:10241000079C4C4570DA0A960AE0029E0096DCF8AA
:102420003870013424B2B8474C45DBF800C062DA9A
:10243000DCF820700D4EB742214653462A465846D6
:10244000EBD0029B00935346EBE7584617B0BDE82C
:10245000F04F184758469847DBF800C0ADE600BF7C
:10246000251A0300B51D0300311B0300391A0300B0
:10247000291A030070C80300DDE90232934241D0FB
:102480000699BDF814200129B3B200F0C58008995F
:10249000DCF81C4011FB03F313448F4A94421DB235
:1024A0000FFA81FABDF9183040F0CD80DCF84040D9
:1024B0008A4A944240F0C780DCF81430099A93426B
:1024C00040F0CD80079C4C4516DA0A96DCF8207067
:1024D000834EB742214653462A46584640F08680EE
:1024E000039E00960134DCF8387024B2B8474C459E
:1024F000DBF800C0EADB0A9EDCF82C30099A934234
:1025000040F0A380049B013B013613F0FF0376B239
:102510004FEA580804937FF456AF0B9B0E9A13446E
:102520000C9A01329BB2052A0C920B937FF43EAFBA
:10253000DDE9023293423FF4CFAE069B012B00F05F
:10254000A0800E9B0F99DCF81C60634A03EB8303A9
:102550001944089B96424FEAC3050CB2BDF91830E6
:1025600040F0A980DCF840605C4A964240F0A380CD
:10257000DCF81430099A934240F0A980069B23446A
:102580009C421E4670DADFF85881DDF814900AE0AC
:10259000039F0097DCF83870013424B2B847B44286
:1025A000DBF800C060DADCF82070474521462B4696
:1025B0004A465846ECD0039B00932B46ECE708991B
:1025C00001297FF40AAF13440C990F9ADCF81840E4
:1025D00051181AB2434B9C4208BFDCF81040029BD2
:1025E00009B25846A047DBF800C08BE7039B009375
:1025F0000134534624B2B847A145DBF800C03FF789
:1026000065AF78E7029A0799CDE900A258462A46B5
:10261000A047DBF800C075E7089901297FF437AFC0
:1026200013440C990F9ADCF8184051181AB22D4B2C
:102630009C4208BFDCF81040039B09B25846A047F3
:10264000DBF800C05EE7039ADDE758469847DBF801
:1026500000C057E758469847DBF800C0D8E6584610
:102660009847DBF800C02DE7DCF82C30099A93423C
:102670003FF435AE58469847DBF80030099ADB6ADC
:102680002DE6089B012B7FF45CAF0F99009205317A
:10269000059ADCF82040082309B25846A047DBF829
:1026A0000030099ADB6A1AE6049358469047DBF833
:1026B00000C0049B6CE6039A2146CDE900525846BF
:1026C000059AB047DBF80030099ADB6A07E65846FE
:1026D0009847DBF800C051E7B51D0300311B03002C
:1026E000391A0300291A03002DE9F041036A84B066
:1026F0000446002B4FD00A2941D00D2947D01A7A21
:10270000914244D3987A884241D38A1A5D68B4F9D9
:102710001060207ED2B205EBC205AF7857B3EA78DD
:1027200042B394F81BC0B4F9122094F819E0BCF13C
:10273000000F0FD095F905C0B4F90C80674400FB79
:102740000767474506DD002626821B7B03FB0E221A
:1027500012B26282B4F816C0CDF80CE0A78A0290DB
:102760000B4620463146CDE9007CFFF7E9FCB4F981
:102770001060207E297901FB0060208207E00022A2
:1027800002821B7B428A417E01FB0323438201209C
:1027900004B0BDE8F0810A292CD00D29F7D0C67EFF
:1027A000B0F91070B4F91220007E657E66B106267D
:1027B000B4F90CC016FB0076664505DD02EBC502D8
:1027C00012B2628223821F46E68A0395A58A02908E
:1027D0000B4620463946CDE90056FFF7B1FC237E73
:1027E000228A03EB430302EB43030120238204B05C
:1027F000BDE8F081428A417E038202EBC10343823D
:10280000C5E700BF002908BF012101764176704766
:1028100010B590F8343004464BB194F936000028D6
:1028200004DB0021BDE8104005F092BC10BD00F1B2
:10283000280393E80600406AFFF708F8EDE700BFB9
:1028400010B5044690F93600002802DB012105F09E
:102850007FFC94F8343003B110BD606ABDE81040CD
:10286000FFF758B803683B4A5B69934270B504466A
:102870000D466DD190F83430002B5DD094F93600C0
:10288000002802DB002105F063FC002D47D194F8FD
:102890003D5094F93700002105F05AFC94F834308B
:1028A000002B3FD0012B2FD1082694F92430184655
:1028B0002B064FF0000148BF012105F049FC012122
:1028C00094F9260005F044FC013E002194F926000D
:1028D0006D0005F03DFC16F0FF06EDB2E5D10121DB
:1028E00094F9370005F034FC23681B4ADB6A9342F5
:1028F0002AD194F93600002802DB012105F028FCDA
:1029000094F834309BB170BD94F92500002105F096
:102910001FFC012194F9250005F01AFCDFE794F86B
:102920003C50B6E72946606AFFF73CF8D7E7606A93
:10293000BDE87040FEF7EEBF00F1280393E8060003
:10294000406AFEF783FF99E72046BDE870401847CC
:1029500098479AE7112803004128030000290FDB5C
:10296000F0B51C46B0F90C308B4283B0054605DD4E
:10297000002A03DBB0F90E30934202DC03B0F0BD55
:1029800070470368012600965F6D92B2334689B2A4
:10299000B84795F8343053B3012B1BD1102695F965
:1029A0002430184623044FF0000148BF012105F0F0
:1029B000CFFB012195F9260005F0CAFB013E00215D
:1029C00095F9260005F0C4FB640016F0FF06A4B2DA
:1029D000E5D1D3E795F92500002105F0B9FB95F97C
:1029E0002500314603B0BDE8F04005F0B1BB210A37
:1029F000686AFEF7D7FF686AE1B203B0BDE8F0404D
:102A0000FEF7D0BF2DE9F0410E1E82B00CDB1D4653
:102A1000B0F90C30B342044606DD002A174603DB4A
:102A2000B0F90E30934202DC02B0BDE8F0810368D9
:102A3000394A5B6993426DD190F83430002B5CD0F9
:102A400094F93600002802DB002105F081FB2368A1
:102A50004FF00108CDF80080B1B2BAB25E6D2046E9
:102A60004346B04794F83430002B3DD0012B30D191
:102A7000102694F9243018462B044FF0000148BF6B
:102A8000012105F065FB012194F9260005F060FBAA
:102A9000013E002194F9260005F05AFB6D0016F066
:102AA000FF06ADB2E5D123681C4ADB6A93422CD104
:102AB00094F93600002802DB012105F049FB94F867
:102AC0003430002BB0D1606A02B0BDE8F041FEF7AF
:102AD00021BF94F92500002105F03AFB414694F905
:102AE000250005F035FBDEE7290A606AFEF75AFF8C
:102AF000E9B2606AFEF756FFD5E700F1280393E8D4
:102B00000600406AFEF7A2FE9AE7204602B0BDE842
:102B1000F041184798479AE711280300412803001D
:102B20002DE9F04112B2044609B21D469DF9187014
:102B30009DF91C609DF92080FFF7E6FA0022084904
:102B400084F8358084F8367084F8376084F834204F
:102B5000A263A2876562216022642046BDE8F081FD
:102B6000D0CD0300F8B50446444D90F93600002955
:102B700018BF0D460028174607DB012105F064FA4F
:102B8000012194F9360005F0E3FA012194F93700A8
:102B900005F05AFA012194F9370005F0D9FA94F8B2
:102BA000346076BB606A364BA5620122984284F895
:102BB0002C70276384F82D2040D0324B98423DD0B2
:102BC00094F93500002838DB012105F03DFA012198
:102BD00094F9350005F0BCFA642002F0C1F8002138
:102BE00094F9350005F0B4FA642002F0B9F894F9CC
:102BF0003500012105F0ACFAC820BDE8F84002F02C
:102C0000AFB8012E1DD0012194F9250005F01CFA62
:102C100094F92500012105F09BFA94F9260000287B
:102C2000CEDB012105F010FA94F92600012105F010
:102C30008FFA94F935000028C6DAF8BDFEF7C2FD18
:102C4000BEE7314694F9240005F0FEF9002194F91D
:102C5000240005F07DFA314694F9260005F0F4F9D8
:102C600094F92600002105F073FA94F92500002854
:102C7000A6DB002105F0E8F9A2E700BF0024F4007C
:102C80002C8F0020408F002002B970472DE9F843B7
:102C9000B0F90C506D00954228BF15464FEA450922
:102CA000064648468846174602F074F8044680B344
:102CB00098FA98F81FFA88F3002D73D06A1E012A3B
:102CC00071D9002163F30F0163F31F4168082246A5
:102CD00000230133834242F8041BFAD325F0010399
:102CE000AB4206D05A1C954224F8138001D924F82F
:102CF0001280AF424B464FF00002214655D87B0070
:102D0000706A0022FEF70CFE2046BDE8F84302F090
:102D10005BB896F834304FEA18295FFA88F56BB93A
:102D2000013F4946706AFEF73DFE013F2946706A41
:102D3000FEF738FE7A1CF4D1BDE8F883012B13D0DE
:102D4000A945F9D0013F002196F9250005F000FAC8
:102D5000013F012196F9250005F0FAF97B1CF2D11B
:102D6000EAE70024002FE7D0013F454696F92430DA
:102D700015F4004F18464FF0000118BF012105F06F
:102D8000E7F90134012196F9260005F0E1F9A4B232
:102D9000002196F926006D0005F0DAF9102CADB28D
:102DA000E4D1DEE7FEE700239CE77F1B706AFEF7B5
:102DB000B7FD002F9DD1A7E72DE9F04F83B0BDF9F6
:102DC0003050BDF83470002B58D0002D56D0002B59
:102DD00006461C4655DBB6F90C308B424EDD002D05
:102DE00005DAADB201322A446D4212B22DB2B6F903
:102DF0000E00904242DD1FFA81FE0EEB04081FFA1E
:102E000088F808F1FF3C0FFA8CFCBCF1000F35DBB1
:102E10001FFA82F909EB050B1FFA8BFB0BF1FF3A46
:102E20000FFA8AFABAF1000F28DB0029BCBF0FFAAB
:102E300088F44FF0000E002ABCBF0FFA8BF54FF05C
:102E400000096345DCBFA3EB0E0424B25045DCBF90
:102E5000A0EB09052DB23368AAB2009271464A462A
:102E6000D3F854803046A3B2C04704FB05F239467C
:102E7000304603B0BDE8F04FFFF706BF03B0BDE832
:102E8000F08F9CB201312144B6F90C3009B2644292
:102E90008B4224B2A3DCF1E7F0B583B00029BDF882
:102EA000206036DB1C46B0F90C308B42054630DD25
:102EB000002C2ED005DAA4B201322244644212B2B0
:102EC00024B2B5F90E30934223DD1FFA82FC0CEBDD
:102ED0000407BFB2781E00B200281ADB002ABCBF6C
:102EE0003CB24FF0000C8342DCBFA3EB0C0424B2D5
:102EF0002B68A2B200925F6D6246284689B2012318
:102F0000B84722463146284603B0BDE8F040FFF7F7
:102F1000BBBE03B0F0BD00BFF0B583B0002ABDF862
:102F2000206038DB1C46B0F90E309342054632DD96
:102F3000002C30D005DAA4B201312144644209B238
:102F400024B2B5F90C308B4225DD1FFA81FC0CEB65
:102F50000407BFB2781E00B200281CDB0029BCBFEA
:102F60003CB24FF0000C8342D8BFA3EB0C044FF0EF
:102F700001012B680091D8BF24B261465F6D2846DD
:102F800092B2A3B2B84722463146284603B0BDE804
:102F9000F040FFF779BE03B0F0BD00BF2DE9F0436C
:102FA00083B0161EBDF8287051DB1D46B0F90E30F7
:102FB000B34204464BDD002D49D005DAADB20131F4
:102FC00029446D4209B22DB2B4F90C308B423EDD7A
:102FD0001FFA81F808EB050080B2421E12B2002AE7
:102FE00035DB0029BCBF05B24FF000089342D8BFC3
:102FF000A3EB08052368244A5B69D8BF2DB293422E
:103000003AD194F834307BB394F93600002802DBCF
:10301000002105F09DF823684FF00109CDF80090DC
:10302000B2B241465E6D2046ABB2B0472A46394641
:103030002046FFF729FE2368144ADB6A93421ED11B
:1030400094F93600002805DA94F8343033B103B02F
:10305000BDE8F083494605F07BF8F5E7606A03B008
:10306000BDE8F043FEF756BC04F1280393E80600E0
:10307000606AFEF7EBFBC7E720469847CBE72046A0
:1030800003B0BDE8F04318471128030041280300AE
:103090002DE9F04182B00E1EBDF820704FDB1D46B9
:1030A000B0F90C30B342044649DD002D47D005DAB3
:1030B000ADB201322A446D4212B22DB2B4F90E30D3
:1030C00093423CDD1FFA82F808EB050080B2411EF6
:1030D00009B2002933DB002ABCBF05B24FF000085B
:1030E0008B42D8BFA3EB08052368234A5B69D8BF8E
:1030F0002DB2934238D194F834306BB394F9360042
:10310000002802DB002105F023F82368AAB2009210
:10311000B1B242465E6D20460123B0472A46394689
:103120002046FFF7B1FD2368144ADB6A93421ED1A3
:1031300094F93600002805DA94F8343033B102B03F
:10314000BDE8F081012105F003F8F5E7606A02B0FF
:10315000BDE8F041FEF7DEBB04F1280393E806006A
:10316000606AFEF773FBC9E720469847CDE7204623
:1031700002B0BDE8F04118471128030041280300C0
:103180002DE9F04F83B0BDF93050BDF83470002BFD
:103190007BD0002D79D0002B06461C4678DBB6F993
:1031A0000C308B4271DD002D05DAADB201322A44BC
:1031B0006D4212B22DB2B6F90E00904265DD1FFAD3
:1031C00081F808EB040E1FFA8EFE0EF1FF3C0FFA99
:1031D0008CFCBCF1000F58DB1FFA82F909EB050BE0
:1031E0001FFA8BFB0BF1FF3A0FFA8AFABAF1000FC4
:1031F0004BDB0029BCBF0FFA8EF44FF00008002A09
:10320000BCBF0FFA8BF54FF000096345D8BFA3EBA5
:10321000080433682C4A5B69D8BF24B25045DCBF30
:10322000A0EB09052DB293424AD196F83430002B19
:1032300039D096F93600002802DB002104F088FF1F
:103240003368AAB2009241464A46D3F854803046C9
:10325000A3B2C04704FB05F239463046FFF714FD20
:1032600033681A4ADB6A934225D196F93600002862
:1032700002DB012104F06CFF96F834302BB9706A40
:1032800003B0BDE8F04FFEF745BB03B0BDE8F08FDB
:103290009CB201312144B6F90C3009B264428B4230
:1032A00024B280DCF1E706F1280393E80600706A97
:1032B000FEF7CCFABDE7304603B0BDE8F04F184743
:1032C00030469847BCE700BF11280300412803009F
:1032D0002DE9F8430D4690F834100446904699467F
:1032E000002900F0A48094F93600002802DB0021B8
:1032F00004F02EFF002194F9370004F029FF94F820
:103300003430002B00F09B80012B43D1082694F928
:1033100024302A0618464FF0000148BF012104F06E
:1033200017FF012194F9260004F012FF013E00214D
:1033300094F926006D0004F00BFF16F0FF06EDB2C5
:10334000E5D1012194F9370004F002FFB9F1000F33
:1033500032D0002712E094F8273094F92500002B92
:1033600055D1002104F0F4FE012194F9250004F068
:10337000EFFE08F1010801374F451DD094F83430B5
:10338000022BE8D098F8005013BB2946606AFEF77C
:1033900009FBEEE7002194F9250004F0D9FE012194
:1033A00094F9250004F0D4FE012194F9370004F0CB
:1033B000CFFEB9F1000FCCD194F93600002802DB22
:1033C000012104F0C5FE94F834305BB3BDE8F88306
:1033D000012B08BF082637D194F9243018462B0654
:1033E0004FF0000148BF012104F0B2FE012194F921
:1033F000260004F0ADFE013E002194F926006D0088
:1034000004F0A6FE16F0FF06EDB2E5D1B1E700210B
:1034100004F09EFE012194F9250008F1020804F051
:1034200097FEA8E7606ABDE8F843FEF773BA00F1BB
:10343000280393E80600406AFEF708FA53E7294696
:10344000606AFEF7AFFA7CE794F9250089E700BFD0
:103450002DE9F8430D4690F8341004461646984678
:10346000002900F09F8094F93600002802DB00213B
:1034700004F06EFE002194F9370004F069FE94F820
:103480003430002B00F09680012B52D1082794F99C
:1034900024302A0618464FF0000148BF012104F0ED
:1034A00057FE012194F9260004F052FE013F00214D
:1034B00094F926006D0004F04BFE17F0FF07EDB203
:1034C000E5D1012194F9370004F042FEB8F1000F74
:1034D00023D0002711E094F8273094F92500002B21
:1034E00051D10136002104F033FE012194F9250069
:1034F00004F02EFE013747450FD094F83430022BEC
:10350000E9D006F101093578F3B92946606A013737
:10351000FEF748FA47454E46EFD194F936000028A9
:1035200002DB012104F014FE94F83430ABB3BDE8A3
:10353000F88394F92500002104F00AFE012194F992
:10354000250004F005FEBCE7012B38D1082694F9CC
:10355000243018462B064FF0000148BF012104F02B
:10356000F7FD012194F9260004F0F2FD013E00214F
:1035700094F926006D0004F0EBFD16F0FF06EDB2A5
:10358000E5D14E46B6E7002104F0E2FD012194F9B1
:103590002500023604F0DCFDACE7606ABDE8F843C4
:1035A000FEF7B8B900F1280393E80600406AFEF779
:1035B0004DF958E72946606AFEF7F4F981E794F976
:1035C00025004E468EE700BF70B506460C4690F9C2
:1035D0003700002104F0BCFD96F83430A3B3012B72
:1035E00021D1082596F92430184623064FF0000112
:1035F00048BF012104F0ACFD012196F9260004F03A
:10360000A7FD013D002196F92600640004F0A0FD0D
:1036100015F0FF05E4B2E5D196F937000121BDE8C8
:10362000704004F095BD96F92500002104F090FD4E
:1036300096F92500012104F08BFD96F93700012150
:10364000BDE8704004F084BD2146706AFEF7AAF917
:1036500096F937000121BDE8704004F079BD00BF44
:1036600070B590F8343005460E4643B3012B1AD19D
:103670002024002195F924308E42B8BF012118463C
:1036800004F066FD012195F9260004F061FD013C7E
:10369000002195F9260004F05BFD14F0FF044FEAC9
:1036A0004606E6D170BD002190F9250004F050FDDA
:1036B00095F925000121BDE8704004F049BD090ECF
:1036C000406AFEF76FF9C6F30741686AFEF76AF9C8
:1036D000C6F30721686AFEF765F9F1B2686ABDE8CA
:1036E0007040FEF75FB900BF30B501F0030183B051
:1036F000002302298176B0F94A40B0F94C208DF8B8
:10370000073028D0032920D0012912D0C02590F8F5
:10371000441090F845308481C2818DF807500187AC
:10372000438701230DF107023621FFF7D1FD03B0D6
:1037300030BD90F8451090F84730A025C4818281B3
:103740008DF8075001874387EBE7602590F8481014
:1037500090F84430F2E790F8471090F848308481B0
:10376000C28101874387DCE710B584B0CDE900232F
:103770009DF9184002940B464FF4A072F0210446C4
:1037800000F0DAF8044B23602046002384F8473029
:1037900084F8483004B010BD54CE030070B50D4617
:1037A00082B080F8463000210446164600F004F945
:1037B000F02D48D0872D39D0C6F5A071C5F1F003A2
:1037C00001EBD17103EBD373C1F34701C3F347039B
:1037D00084F8481084F8451084F8473084F8443061
:1037E000A4F84A50A4F84C601F49204600F0BEF8E7
:1037F00023681E4A1B6B934231D194F8445094F8CD
:103800004500D4F84A10E1600023A37602AA65F3CC
:103810000F0360F31F43C025A36302F8015D204638
:1038200001233621FFF754FD02B070BDF02EC3D145
:10383000282142F63502342384F84810A4F84420A5
:1038400084F84730CCE7F02EB6D100234FF4A042E5
:1038500084F8483084F84730A4F84420C0E7204674
:103860000021984702B070BD28CE0300E93603005E
:10387000054B90F84620002908BF194642F2210363
:1038800001648387FFF76EB90048E801F8B5078F38
:10389000448FBDF81850394489B2224492B20B4487
:1038A000013B5419064643EA0145013C2A2144EAFA
:1038B0000244FFF789FE29463046FFF7D1FE304625
:1038C0002B21FFF781FE21463046FFF7C9FE304627
:1038D0002C21BDE8F840FFF777BE00BF10B501F01E
:1038E000030182B000230229817690F8444090F8C9
:1038F00045208DF807301CD0032914D001290CD0A5
:10390000C023048742878DF8073001230DF1070299
:103910003621FFF7DDFC02B010BDA02344870287EB
:103920008DF80730F1E76023448702878DF8073070
:10393000EBE704874287E8E730B585B09DF9204082
:103940009DF9245000949DF92840CDE90154044686
:10395000FFF7E6F8044B236020460023A4F8443028
:1039600084F8463005B030BDB4CE03002DE9F041F7
:10397000013111F8015C8046013DEDB28C1CFF2D38
:103980002246404615D04F78097807F07F06334627
:10399000FFF75EFD3B0604EB0601EDD5A05DFF28B9
:1039A00001F1010408BF4FF4FA7001F0D9F9214682
:1039B000E2E7BDE8F08100BF03681B4A1B6D93423C
:1039C0002DE9F04180460C462AD11849016442F2A3
:1039D0002103838790F84620FFF7C4F8F4B12578D7
:1039E000611C013DEDB28C1CFF2D2246404615D0D6
:1039F0004F78097807F07F063346FFF729FD3B062D
:103A000004EB0601EDD5A05DFF2801F1010408BF1C
:103A10004FF4FA7001F0A4F92146E2E7BDE8F08125
:103A200000219847DAE700BF713803000048E80139
:103A3000704700BFF8B5174682B105460E46002410
:103A400002E00134A74207D02B6816F8011B1B685F
:103A5000284698470028F4D12046F8BD1446FBE7D5
:103A600003688A685B680968184700BF69B170B568
:103A7000054608460C4606F0C6F82B680246214665
:103A800028465B68BDE8704018470846704700BF8D
:103A900003681B68184700BFF0B50F468BB0056878
:103AA000002A3DD00A2A04461ED100293DDB0AAE79
:103AB00000232F4806F8043D0B46A0FB0312D20852
:103AC00002EB8201A3EB4103303306F8013D1346BC
:103AD000002AF2D1304606F096F86B68024631466D
:103AE000204698470BB0F0BD0AAED2B20023022A9E
:103AF00006F8043D2CBF10460A200A46B2FBF0F13E
:103B000000FB1127FBB2092F03F130078ABF3733BF
:103B1000FBB2DBB20A4606F8013D0029EED1D9E737
:103B20002B68C9B298470BB0F0BD2B682D21984780
:103B30000AAD002306460E4805F8043D7B42A0FB73
:103B40000321C90801EB8102A3EB4203303305F8DE
:103B5000013D0B460029F2D1284606F054F82368AF
:103B6000024629465B682046984730440BB0F0BDBA
:103B7000CDCCCCCCF0B506688BB022B93368C9B2D5
:103B800098470BB0F0BD0AACD2B20023022A04F869
:103B9000043D05462CBF10460A20B1FBF0F200FBA5
:103BA0001217FBB2092F03F130078ABF3733FBB27C
:103BB000DBB2114604F8013D002AEED1204606F0A2
:103BC00022F8736802462146284698470BB0F0BD9C
:103BD00038B503688A685B680968044698472368B3
:103BE00003495B680546022220469847284438BDB1
:103BF00068CF0300036870B505460C465E6849B19E
:103C0000084606F000F8214602462846B0472B68D1
:103C10005E680446284602220149B047204470BD30
:103C200068CF030008B54FF40062002105F028F9C1
:103C30000022C0F80028C0F8042808BDD0F80028E9
:103C400010B4531CD0F80448C3F30A039C4218BFB5
:103C500081545DF8044B18BFC0F80038704700BFAE
:103C60000023C0F80038C0F804387047D0F8043892
:103C7000D0F80028934207D05A1CC35CC2F30A0252
:103C8000C0F80428184670474FF0FF30704700BF57
:103C9000D0F80038D0F80408181A48BF00F50060C2
:103CA000704700BFD0F80438D0F80028934214BF02
:103CB000C05C4FF0FF307047D0F80038D0F80408EF
:103CC0000133C3F30A03181AB0FA80F040097047B1
:103CD00041F22303C05C704770B541F21D030446F6
:103CE000C356002B0DDB5A0920320121234803F073
:103CF0001F0301FA03F340F82230BFF34F8FBFF3E5
:103D00006F8F23694FF48872C3F808232269002358
:103D1000C2F844312269C2F8583122690123536044
:103D20002269D36001E003F0DFFF2369D3F8582153
:103D3000002AF8D0D3F84421002AF4D00025C3F893
:103D4000005522694FF0FF33C2F80C352269C2F8E2
:103D500014352269C2F80835226941F22406C2F8F6
:103D6000103504F11400FFF77BFFA05901F0EEFEBF
:103D700041F22303A551E55470BD00BF00E100E00E
:103D80001430FFF785BF00BF1430FFF78BBF00BFB3
:103D90001430FFF76BBF00BF08B541F22403C058D1
:103DA00001F0CAFE002814BF4FF40060002008BDD7
:103DB00041F22303C35C03B9704770B541F2240597
:103DC00004464FF0FF31405901F00AFD00236059CD
:103DD0001A461946BDE8704001F0BAB810B503683C
:103DE000104A5B6882B093428DF8071014D141F2FB
:103DF000240304464FF0FF31C05801F0F1FC226962
:103E00009DF8073084F81D380123C2F8483522692F
:103E10001846936002B010BD01220DF107019847CA
:103E200002B010BD293E03002DE9F84F4AB300F55A
:103E3000815916468846074609F1040900F61D0B0C
:103E400000254FF0010A741BB4F5006F28BF4FF432
:103E500000644FF0FF31D9F8000001F0C1FC08EB1D
:103E600005012246584604F0E7FF3B69C3F8484580
:103E70003B692544AE42C3F808A0E4D82846BDE813
:103E8000F88F15462846BDE8F88F00BF70B5046866
:103E9000824A246A944240F0BD8041F223020346E4
:103EA000825C002A40F0B58041F21F000D4619697E
:103EB000185CC1F80C0541F21E001969185CC1F8C4
:103EC000140541F22201595C012900F0B280196900
:103ED000C1F86C25B5F5966F45D9B5F5166F40F26A
:103EE0009E80B5F5965F40F2B480B5F5165F40F25E
:103EF000B280B5F5615F40F2B080B5F5964F40F203
:103F0000AE80B5F5E14F40F2AC8047F61222954203
:103F100040F2A980B5F5164F40F2A8804DF6C022B8
:103F2000954240F2A680B5F5614F40F2A580B5F507
:103F3000963F40F2A480B5F5E13F40F2A580B5F58B
:103F4000613F40F29E80564A954240F2A380B5F50B
:103F5000E12F40F29C80B5F5612F8CBF4FF080526D
:103F60004FF0706201E04FF49E221969C1F82425D8
:103F70001A690821C2F800151A6903F61D01C2F872
:103F800044151A690021C2F820111A6903F61C01B0
:103F9000C2F834151A690121C2F838151A6911607E
:103FA0001A694FF4887041F21D04C2F804031A57CD
:103FB000002A37DB5509603502F01F02394801FA43
:103FC00002F240F825201A57002A2BDB0244602118
:103FD00082F8001341F21D029A56002A07DB31488D
:103FE00002F01F0401215209A14040F822100322CF
:103FF000002101201C4600F069FF41F22402002349
:10400000A05019461A4600F0A3FF41F223030122F3
:10401000E25470BD23460022BDE8704018474FF4BB
:104020001D22A2E7204902F00F02114460220A7605
:10403000D0E703F5815218691278C0F8102541F2D3
:1040400021001A69185CC2F808051A69C2F86C15D3
:1040500040E7164A89E7164A87E7164A85E7164A6F
:1040600083E7164A81E74FF400027EE74FF41D0212
:104070007BE74FF4650278E74FF46B0275E7104A6F
:1040800073E74FF06C7270E74FF0EB726DE74FF033
:10409000E8626AE74FF0806267E700BFC54003004F
:1040A00090D0030000E100E0FCEC00E000B0130061
:1040B0000050270000F03A0000A04E0000C075003C
:1040C00000903A0138B541F22303C35C002B40F065
:1040D000B48041F21F040369045DC3F80C4541F24A
:1040E0001E040369045DC3F8144541F22203C35C56
:1040F000012B00F0A3800369C3F86C25B1F5966F1E
:1041000045D9B1F5166F40F2AB80B1F5965F40F23C
:10411000B180B1F5165F40F2AF80B1F5615F40F25A
:10412000AD80B1F5964F40F2AB80B1F5E14F40F272
:10413000A98047F61223994240F2A680B1F5164FA6
:1041400040F2A5804DF6C023994240F2A380B1F51C
:10415000614F40F2A280B1F5963F40F2A180B1F5E7
:10416000E13F40F29F80B1F5613F40F29E80534BAA
:10417000994240F2A080B1F5E12F40F29980B1F56B
:10418000612F8CBF4FF080534FF0706301E04FF40C
:104190009E230269C2F8243503690822C3F800256A
:1041A000036900F61D02C3F8442503690022C3F821
:1041B0002021036900F61C02C3F83425036901229B
:1041C000C3F8382503691A6003694FF4887141F216
:1041D0001D04C3F804130357002B44DB5D0960354D
:1041E00003F01F03364902FA03F341F82530035761
:1041F000002B38DB0B44602283F8002341F21D03BF
:10420000C356002B07DB2E4903F01F0401225B0974
:10421000A24041F82320044603220021012000F09F
:1042200055FE41F224020023A05019461A4600F020
:104230008FFE41F223030122E25438BD00F5815381
:1042400004691B78C4F8103541F221040369045D48
:10425000C3F80845036942F00102C3F86C254DE735
:104260004FF41D2395E7174A03F00F031A44602308
:104270001376C3E7144B8CE7144B8AE7144B88E79B
:10428000144B86E7144B84E74FF4000381E74FF4A7
:104290001D037EE74FF465037BE74FF46B0378E77C
:1042A0000E4B76E74FF0EB7373E74FF06C7370E7EC
:1042B0004FF0E8636DE74FF080636AE790D003004A
:1042C00000E100E0FCEC00E000B01300005027002B
:1042D00000F03A0000A04E0000C0750000903A01C6
:1042E000074B10B441F21E0453F82110015541F25E
:1042F0001F0153F8223043545DF8044B704700BF50
:104300000CCF030010B5124C2369D3F8102142B131
:104310000022C3F81021D3F83C2582B901221A608B
:104320002369D3F8202102B910BD002141F22402F3
:10433000C3F82011A058BDE8104001F093B894F8DC
:104340001C1804F11400FFF779FC2369E6E700BFAD
:10435000548F002038B5124C124A204600254FF4E5
:104360007A7340F8142BC4E90153FFF75BFC41F268
:104370001D010D4B0D4A226102206054D3E9001348
:1043800041F21E0241F21F00A154235441F22201C6
:1043900041F2240241F223036554A550E55438BD8F
:1043A000548F002074CF03000CCF03000020004086
:1043B00008B5094B1BB10948F1F79AFF48B9084BFA
:1043C0001BB10848FFF764FC00B908BDAFF30080DB
:1043D00008BDAFF30080F2E7000000003863002062
:1043E00000000000688F00202DE9F0431B4B1C4F9C
:1043F000D3F80463DFF86C80DFF86C9085B000249C
:104400000123A200A34002F18045334205F5C045D7
:104410000FD0D5F8003163B1E357013306D052F81D
:1044200008201AB114F809307BB990470023C5F869
:1044300000310134082CE3D1BFF34F8F00BF00BF20
:1044400000BF00BF05B0BDE8F08304AB002143F816
:10445000041D0846009103F021FDE7E700600040DD
:10446000A49F0020849F00207C9F0020F8B5002599
:104470000446C0E90055856091B108460E4605F036
:10448000C2FB0746411C284600F0B4FC50B1A368AB
:10449000C4E9000703B90370A760314605F0ABFB20
:1044A0002046F8BD206808B100F08EFC0023236090
:1044B000C4E901332046F8BD70B504468C424FF084
:1044C0000000C4E90000A06001D00D680DB92046CD
:1044D00070BD8E68711C00F08DFC50B1A368C4E9FA
:1044E000000603B90370A660294605F084FB204648
:1044F00070BD206808B100F067FC00232360C4E9A8
:104500000133204670BD00BF70B5002582B0C0E900
:1045100000558560044601A88DF804108DF80550FB
:1045200005F071FB0646411C284600F063FC58B1BB
:10453000A368C4E9000603B90370A66001A905F0E9
:104540005AFB204602B070BD206808B100F03CFC68
:10455000002320462360C4E9013302B070BD00BFD0
:1045600030B5044685B000230846C4E90033A36093
:1045700001A902F08BFE01A805F045FB0546206865
:1045800010B163689D4209D9691C00F033FC60B129
:10459000A368C4E900050BB903702068A56001A9F0
:1045A00005F029FB204605B030BD206808B100F0B9
:1045B0000BFC002320462360C4E9013305B030BD65
:1045C00030B504468BB000230846C4E90033A3602D
:1045D00001A902F013FE01A805F015FB05462068AD
:1045E00010B163689D4209D9691C00F003FC60B1F9
:1045F000A368C4E900050BB903702068A56001A990
:1046000005F0F9FA20460BB030BD206808B100F083
:10461000DBFB002320462360C4E901330BB030BD2F
:1046200030B504468BB000230846C4E90033A360CC
:1046300001A902F02BFE01A805F0E5FA0546206865
:1046400010B163689D4209D9691C00F0D3FB60B1C9
:10465000A368C4E900050BB903702068A56001A92F
:1046600005F0C9FA20460BB030BD206808B100F053
:10467000ABFB002320462360C4E901330BB030BDFF
:1046800030B504468BB000230846C4E90033A3606C
:1046900001A902F02FFE01A805F0B5FA0546206831
:1046A00010B163689D4209D9691C00F0A3FB60B199
:1046B000A368C4E900050BB903702068A56001A9CF
:1046C00005F099FA20460BB030BD206808B100F023
:1046D0007BFB002320462360C4E901330BB030BDCF
:1046E00010B50446006800F06FFB204610BD00BF07
:1046F000884270B5044609D00D68006845B908B114
:1047000000F062FB0023C4E901332360204670BD42
:104710008E6810B163689E4209D9711C00F06AFB73
:1047200058B1A368C4E900060BB903702068A660FD
:10473000294605F060FA204670BD20680028DFD1C8
:10474000E0E700BF884238B5044612D000688B68A5
:104750000D4628B162689A420DD200F035FBAB6875
:10476000D5E9002122600022C4E90113C5E9002235
:10477000AA60204638BD096805F03DFAAB68A36021
:104780000023AB60204638BDF8B50446056849B93A
:1047900015B1284600F018FB00232360C4E901335B
:1047A0002046F8BD08460E4605F02DFA074615B11D
:1047B000636898420BD92846791C00F01BFB05461C
:1047C00060B1A368C4E900070BB903702568A7604E
:1047D0003146284605F00FFA2046F8BD206800282B
:1047E000DAD000F0F1FAD7E770B50E68EEB18D6857
:1047F0000DB9012070BD826804460068154410B1EF
:1048000063689D420AD9691C00F0F4FA68B1A26895
:10481000C4E9000512B902702068A268314610444C
:1048200005F0E9F9A560012070BD002070BD00BF52
:1048300029B370B5054608460C4605F0E4F908B9F9
:10484000012070BDAA682B68861813B169688E4272
:104850000CD91846711C00F0CDFA034668B1AA685D
:10486000C5E9000612B902702B68AA68214698189B
:1048700005F0C1F9AE60012070BD002070BD0020C0
:10488000704700BF30B5836883B0044600688DF878
:10489000041000225D1C8DF8052010B1626895425D
:1048A0000AD9991C00F0A6FA60B1A368C4E9000512
:1048B00013B903702068A368184401A905F09BF997
:1048C000A560012003B030BD70B50E6804461EB16E
:1048D0008D685DB9204670BD206808B100F074FA9B
:1048E00000232360C4E90133204670BD826800685C
:1048F000154410B163689D420BD9691C00F07AFA27
:104900000028E9D0A268C4E9000512B90270206845
:10491000A2683146104405F06EF9A560DAE700BFE1
:1049200070B5044631B108460D4605F06CF958B92A
:10493000204670BD206808B100F046FA00232360CD
:10494000C4E90133204670BDA2682368861813B1FC
:1049500061688E420DD91846711C00F04BFA03466F
:104960000028E7D0A268C4E9000612B902702368E3
:10497000A2682946981805F03EF9A660D8E700BF5E
:1049800008B58A688368934201D0002008BD00689A
:10499000096848B129B105F024F9B0FA80F040095E
:1049A00008BD1BB10078F8E701B10BB9012008BDC3
:1049B00008784042F1E700BF826808B52AB989B19A
:1049C0000878B0FA80F0400908BD006829B105F008
:1049D00008F9B0FA80F0400908BD0078B0FA80F01C
:1049E000400908BD012008BD08B58A688368934264
:1049F00009D3006830B1096839B105F00CF9B0FA93
:104A000080F0400908BD002008BD084608BD00BF71
:104A100083688B4203D9006808B108447047024894
:104A200000230370704700BFAC9F002083688B4257
:104A300003D9006810B1405C70470020704700BF88
:104A400083683BB110B50468204605F0BDF820B17D
:104A5000001B10BD4FF0FF3070474FF0FF3010BD0E
:104A60008368934207D910B50468A01805F0ACF824
:104A700020B1001B10BD4FF0FF3070474FF0FF30EA
:104A800010BD00BF836843B110B5046809682046B3
:104A900005F0E7F820B1001B10BD4FF0FF30704764
:104AA0004FF0FF3010BD00BFF8B585686DB10368E9
:104AB00000225F5D5A5506680446304605F0BDF891
:104AC000775510B12368C01AF8BD4FF0FF30F8BD1C
:104AD0009A422DE9F84317461E460446884601D8F7
:104AE00016461F460025C4E90055A5602846012149
:104AF00000F080F908B3C4E90005A5600570D8F896
:104B00000820B24216D9974228BF1746D8F800307D
:104B10000022DD5DDA55D8F80000861916D120682C
:104B200008B100F051F90023C4E901332360D8F83B
:104B30000030DD552046BDE8F883206808B100F05C
:104B400043F900232360C4E90133D8E7304605F078
:104B50005AF88146206810B1636899450BD909F16C
:104B6000010100F047F90028D9D0A368C4E9000981
:104B70000BB903702068C4F80890314605F03BF883
:104B8000D5E700BF8368994203D2036881600022A1
:104B90005A547047002A77D083688B4274D92DE924
:104BA000F0415C1AA24228BF2246D0F800C09B1AEE
:104BB0008C185F1A83600CEB04060CEB01055ED0C9
:104BC00001F1040E7244A645C8BF8A4261DC0B2F76
:104BD0005FD9734213F0030364D0B6462A461EF829
:104BE000018B02F8018B012B4FD072786A70022B77
:104BF00005F1020206F1020E47D0B278AA70033620
:104C000003354FF0030EE2181944A7EB0308624482
:104C1000614400234FEA980C013352F8044B41F8E9
:104C2000044B9C45F8D828F0030398459E4405EBB7
:104C3000030206EB03011FD0F45CEC540EF10103F8
:104C40009F4219D94B7853700EF102039F4213D93A
:104C50008B7893700EF103039F420DD9CB78D370FC
:104C60000EF104039F4207D90EF1050E0B79137163
:104C7000774501D94B795371D0F800C08368002281
:104C80000CF80320BDE8F0817047764615469E4635
:104C9000B9E7013E634416F8012F05F8012B9D4248
:104CA000F9D1E9E79E46AEE710B5046844B1207833
:104CB00030B105F089F8207014F8010F0028F8D100
:104CC00010BD00BF10B5046844B1207830B105F0C4
:104CD00088F8207014F8010F0028F8D110BD00BF2B
:104CE0002DE9F0410768F7B18468E4B106463D4616
:104CF00000E04546287805F1010804F061F8002835
:104D0000F7D1013C3C4402E0A54205D8013C2078A3
:104D100004F056F80028F7D1621C521BAF42B26073
:104D200003D30023BB54BDE8F0813846294604F084
:104D300083F83768B268F4E7006808B103F0E4BFAD
:104D4000704700BFFEE700BF08B501F077FA4FF4E7
:104D50007A72A0FB0223900A40EA835008BD00BF8C
:104D6000014638B54FF47A7200238002890D03F0B2
:104D70002DFE054601F062FA0446F1F7A9FA01F0AA
:104D80005DFA001B854200D838BD281ABDE83840BE
:104D900001F078BB10B5044601F0CEFD022804D026
:104DA0002046BDE8104004F025B801F03FFA204647
:104DB00004F020F8044601F0DFFA0CB1204610BDE3
:104DC00002F0A4FFFAE700BF10B5044601F0B4FDFD
:104DD00002280AD144B101F029FA204604F012F861
:104DE000BDE8104001F0C8BA10BD2046BDE8104033
:104DF00004F008B838B504460D4601F09DFD0228C0
:104E000005D029462046BDE8384004F091BE01F0A7
:104E10000DFA2046294604F08BFE044601F0ACFA58
:104E20000CB1204638BD02F071FFFAE710B5044618
:104E300001F0FCF9204603F0DDFF044601F09CFA86
:104E40000CB1204610BD02F061FF204610BD00BF2E
:104E500050B110B5044601F0E9F9204603F0D2FF45
:104E6000BDE8104001F088BA704700BF38B51C4655
:104E70009DF8105043B3002908BF1A460123C4E926
:104E80000F01226084F8463002F020F8D4E90F13B5
:104E90002268A26001FB03F1CB1A134400200A44EC
:104EA000FF21A063E36084F84410626084F8451039
:104EB00004F1100003F068F904F1240003F064F930
:104EC00002F00EF884F84C50204638BDF8B507467D
:104ED00015460E4669B100FB01F05030FFF7A6FF02
:104EE000044690B3002200F1500380F8462003608E
:104EF00007E05020FFF79AFF044630B384F846607D
:104F00002460C4E90F7601F0E1FFD4E90F132268B1
:104F1000A26001FB03F1CB1A134400200A44FF21D5
:104F2000A063E36084F84410626084F8451004F1E3
:104F3000100003F029F904F1240003F025F901F031
:104F4000CFFF84F84C502046F8BD00242046F8BD21
:104F50002DE9F04F044685B01D460192884601F0C8
:104F6000B5FFA26BE36BA84F4FF000099A424E4683
:104F7000C0F08B80022D00F006810198002800F01F
:104F80003081B9F1000F00F0958001F0A9FF01F028
:104F90004DF901F09BFF94F84430FF2B08BF84F8D3
:104FA000446094F84530FF2B08BF84F8456001F059
:104FB00097FF01A902A801F067FC002840F01881C2
:104FC00001F084FFA26BE36B9A4277D001F088FF77
:104FD00001F07CFF94F845304FFA83FABAF1000FE4
:104FE0001ADD636AC3B104F1240907E00AF1FF3353
:104FF000DBB24FFA83FA7BB1636A6BB1484601F0CA
:10500000E9FB0028F2D001F077FC0AF1FF33DBB2B4
:105010004FFA83FA002BEFD1FF2384F8453001F0DB
:105020005FFF01F053FF94F844304FFA83FABAF16E
:10503000000F1ADD2369C3B104F1100907E00AF17A
:10504000FF33DBB24FFA83FA7BB123696BB1484679
:1050500001F0C0FB0028F2D001F04EFC0AF1FF3352
:10506000DBB24FFA83FA002BEFD1FF2384F84430F0
:1050700001F036FF01F080F901F028FFA26BE36B2D
:105080009A424FF00109BFF475AF226CA66B002A5B
:1050900040F0FC8025680136002D00F01881A663E1
:1050A000636A002B40F08C8001F01AFF012005B0EC
:1050B000BDE8F08F02A801F0DBFB66E704F1100900
:1050C00001F00EFF4846019901F008FB01F0FEFED9
:1050D00094F845A04FFA8AFABAF1000F1CDD636A12
:1050E000D3B104F1240B08E00AF1FF3A5FFA8AF326
:1050F0004FFA83FA83B1636A73B1584601F06AFBD1
:105100000028F1D00AF1FF3A01F0F6FB5FFA8AF3CA
:105110004FFA83FA002BEED1FF2384F8453001F0DB
:10512000DFFE01F0D3FE94F844304FFA83FABAF16F
:10513000000F06DC15E00AF1FF33DBB24FFA83FA09
:105140007BB123696BB1484601F044FB0028F2D0E3
:1051500001F0D2FB0AF1FF33DBB24FFA83FA002BE6
:10516000EFD1FF2384F8443001F0BAFE01F004F9D6
:10517000002881D14FF080537B6040BFBFF34F8F39
:10518000BFF36F8F78E7226CA66B002A82D041466E
:10519000E06803F051FE236CE26821685B421A4428
:1051A0008A42E26080F0898062681344E360022DE5
:1051B00000F083800136A663636A002B3FF474AF6E
:1051C00004F1240001F006FB00283FF46DAF0E4B04
:1051D0004FF080525A6040BFBFF34F8FBFF36F8FC5
:1051E00062E7009001F07CFE009805B0BDE8F08F0A
:1051F00001F06CFE94F845506DB2002D18DD636A25
:10520000B3B104F1240607E000ED00E0013DEBB28C
:105210005DB26BB1636A5BB1304601F0DBFA002826
:10522000F4D0013D01F068FBEBB25DB2002BF1D18F
:10523000FF2384F8453001F053FE01F047FE94F857
:1052400044506DB2002D16DD2369A3B104F11006A0
:1052500005E0013DEBB25DB26BB123695BB1304655
:1052600001F0B8FA0028F4D0013D01F045FBEBB2A3
:105270005DB2002BF1D1FF2384F8443001F030FE01
:1052800001F07AF8002005B0BDE8F08F41465DBB23
:10529000A06803F0D1FDA368216C62680B449342BF
:1052A00006F10106A360FFF4FAAEA663636A226802
:1052B000A260002B3FF4F8AE82E7002E7FF4EFAE41
:1052C0000123A363636A002B3FF4EEAE78E76068C6
:1052D00001F084FBA663636A6560002B7FF470AF06
:1052E00000287FF474AFDFE6E06803F0A5FD236CCF
:1052F000E26821685B421A448A42E260BFF457AF19
:1053000052E700BFF8B50C4679B3002501232160B0
:1053100081F84630C1E90F35064601F0D7FDD4E9E2
:105320000F322168A56303FB02F39A1A0A440B4467
:10533000FF27C4E90131E26084F8447004F11000F1
:1053400084F8457002F020FF04F1240002F01CFFF5
:1053500001F0C6FDC4E90055E56084F84C602B46B9
:105360002A4629462046FFF7F3FD2046F8BD00BF38
:105370002DE9F0418C4682B004461746EFF31186C2
:10538000402282F31188806BE26B904221D3022B82
:1053900005D0002086F3118802B0BDE8F08194F8B2
:1053A0004550226CD4F838806DB252BB236808F1A6
:1053B0000108002B4FD06B1CC4F8388037D0013562
:1053C0006DB284F84550012086F3118802B0BDE823
:1053D000F08194F84550226CD4F838806DB2002AE0
:1053E000E4D073B9A06803F027FDA368216C62685C
:1053F0000B44934208F10108A360DCD32368A36047
:10540000D9E76146E068019303F016FD206CE2687D
:105410002168019B404202448A42E26002D26268F3
:105420001044E060022B10D008F10108C3E7636A62
:10543000002BC8D004F1240001F0CCF90028C2D020
:10544000002FC0D001203860A4E7B8F1000F08BFDA
:105450004FF00108AFE76068019301F0BFFA019BCC
:105460006360A8E738B5EFF31184402383F3118814
:10547000826BC36B93420ED990F8453001325BB218
:1054800082635A1C0BD001335BB280F84530012097
:1054900084F3118838BD002084F3118838BD436A35
:1054A000002BF4D024300D4601F094F90028EED002
:1054B000002DECD001202860EAE700BF2DE9F0477D
:1054C000044684B08846019201F000FDD4F838907B
:1054D000B9F1000F40F09380019B002B00F00A818E
:1054E00002A801F0C5F9B34F4E4604F1240501F0BE
:1054F000F7FC00F09BFE01F0E9FC94F84430FF2B30
:1055000008BF84F8446094F84530FF2B08BF84F846
:10551000456001F0E5FC01A902A801F0B5F90028F9
:1055200040F0878001F0D2FCA36B002B40F0E880B4
:1055300001F0D6FC0199284601F0D0F801F0C6FC34
:1055400094F845304FFA83F9B9F1000F06DC15E005
:1055500009F1FF33DBB24FFA83F97BB1636A6BB1B8
:10556000284601F037F90028F2D001F0C5F909F119
:10557000FF33DBB24FFA83F9002BEFD1FF2384F81E
:10558000453001F0ADFC01F0A1FC94F844304FFA35
:1055900083FABAF1000F1ADD2369C3B104F11009CF
:1055A00007E00AF1FF33DBB24FFA83FA7BB12369DC
:1055B0006BB1484601F00EF90028F2D001F09CF9D9
:1055C0000AF1FF33DBB24FFA83FA002BEFD1FF234E
:1055D00084F8443001F084FC00F0CEFE00287ED137
:1055E0004FF080537B6040BFBFF34F8FBFF36F8F8F
:1055F00001F06CFCD4F83890B9F1000F76D0226C31
:1056000052B1E168636811449942E16024BF2168A6
:10561000E160404603F010FC09F1FF33A363236906
:10562000002B40F0C98001F05BFC012004B0BDE814
:10563000F08701F04BFC94F845304FFA83F9B9F14B
:10564000000F06DC15E009F1FF33DBB24FFA83F9F6
:105650007BB1636A6BB1284601F0BCF80028F2D038
:1056600001F04AF909F1FF33DBB24FFA83F9002B5D
:10567000EFD1FF2384F8453001F032FC01F026FC25
:1056800094F844304FFA83FABAF1000F1ADD236917
:10569000C3B104F1100907E00AF1FF33DBB24FFA9E
:1056A00083FA7BB123696BB1484601F093F8002877
:1056B000F2D001F021F90AF1FF33DBB24FFA83FA9D
:1056C000002BEFD1FF2384F8443001F009FC00F0F7
:1056D00053FE01F0FBFBA36B63B101F001FC01F091
:1056E000F5FBD4F83890B9F1000F88D1019B002B5D
:1056F0007FF4FDAE01F0F4FB002004B0BDE8F087BC
:1057000001F0EEFB01F0E2FB94F845304FFA83F92B
:10571000B9F1000F06DC15E009F1FF33DBB24FFAF7
:1057200083F97BB1636A6BB1284601F053F8002816
:10573000F2D001F0E1F809F1FF33DBB24FFA83F95F
:10574000002BEFD1FF2384F8453001F0C9FB01F0B5
:10575000BDFB94F844304FFA83FABAF1000F1ADD1A
:105760002369C3B104F1100907E00AF1FF33DBB28A
:105770004FFA83FA7BB123696BB1484601F02AF8EE
:105780000028F2D001F0B8F80AF1FF33DBB24FFA8B
:1057900083FA002BEFD1FF2384F8443001F0A0FB03
:1057A00000F0EAFD01F092FBD4F83890B9F1000F57
:1057B0009CD024E700ED00E004F1100001F00AF8AD
:1057C00000283FF430AF054B4FF080525A6040BF85
:1057D000BFF34F8FBFF36F8F25E700BF00ED00E0F1
:1057E0002DE9F043044685B00026019101F06EFBDF
:1057F000A36BB24FB0463546002B40F0F380019BBF
:10580000002B00F05D81B8F1000F00F0FC8001F08A
:1058100067FB00F00BFD01F059FB94F84430FF2BBF
:1058200008BF84F8445094F84530FF2B08BF84F833
:10583000455001F055FB01A902A801F025F8002808
:105840006CD101F043FBA36B002B40F0E08001F032
:1058500047FB2368002B00F03C8104F124094846F3
:10586000019900F03BFF01F031FB94F845304FFA0D
:1058700083F8B8F1000F06DC15E008F1FF33DBB266
:105880004FFA83F87BB1636A6BB1484600F0A2FF20
:105890000028F2D001F030F808F1FF33DBB24FFA04
:1058A00083F8002BEFD1FF2384F8453001F018FB7B
:1058B00001F00CFB94F844304FFA83F8B8F1000F74
:1058C0001ADD2369C3B104F1100907E008F1FF33C1
:1058D000DBB24FFA83F87BB123696BB1484600F025
:1058E00079FF0028F2D001F007F808F1FF33DBB2AE
:1058F0004FFA83F8002BEFD1FF2384F8443001F0F6
:10590000EFFA00F039FD002864D14FF080537B603E
:1059100040BFBFF34F8FBFF36F8F5BE001F0D6FA4C
:1059200094F845304FFA83F8B8F1000F1ADD636A36
:10593000C3B104F1240907E008F1FF33DBB24FFAE9
:1059400083F87BB1636A6BB1484600F043FF0028DF
:10595000F2D000F0D1FF08F1FF33DBB24FFA83F849
:10596000002BEFD1FF2384F8453001F0B9FA01F0A4
:10597000ADFA94F844304FFA83F8B8F1000F1ADD0D
:105980002369C3B104F1100907E008F1FF33DBB26A
:105990004FFA83F87BB123696BB1484600F01AFFD8
:1059A0000028F2D000F0A8FF08F1FF33DBB24FFA75
:1059B00083F8002BEFD1FF2384F8443001F090FAF4
:1059C00000F0DAFC01F082FAA36B002B00F08A8071
:1059D00001F086FA01F07AFAA36B4FF00108002B70
:1059E0003FF40DAF2268013BA363002A00F09E80C4
:1059F0002369002B40F0898001F072FA01263046BD
:105A000005B0BDE8F08302A800F032FFFFE601F028
:105A100067FA01F05BFA94F845304FFA83F8B8F171
:105A2000000F1ADD636AC3B104F1240907E008F12D
:105A3000FF33DBB24FFA83F87BB1636A6BB1484640
:105A400000F0C8FE0028F2D000F056FF08F1FF3346
:105A5000DBB24FFA83F8002BEFD1FF2384F84530F7
:105A600001F03EFA01F032FA94F844304FFA83F82C
:105A7000B8F1000F1ADD2369C3B104F1100907E082
:105A800008F1FF33DBB24FFA83F87BB123696BB1C6
:105A9000484600F09FFE0028F2D000F02DFF08F1EC
:105AA000FF33DBB24FFA83F8002BEFD1FF2384F8EA
:105AB000443001F015FA00F05FFC8BE700ED00E0E8
:105AC000009301F00DFA009B1E46304605B0BDE87C
:105AD000F08301F0FBF9606800F03EFF064601F03C
:105AE000FFF9BAE601F0FCF9002E88D001F0EEF9DA
:105AF000616A19B1236B1968C1F10501606800F092
:105B000099FF002601F0ECF979E704F1100000F0AC
:105B100061FE00283FF470AF064B4FF080525A6090
:105B200040BFBFF34F8FBFF36F8F65E700F0B8FF43
:105B300060605DE700ED00E010B5044601F0C6F9D5
:105B4000A46B01F0CDF9204610BD00BF104B5A6880
:105B5000904208D0DA68904208BF012204D090F841
:105B6000463093B170470022002110B403EBC20409
:105B700043F8321090F84630616013B15DF8044B81
:105B800070475DF8044BFFF763B9FFF761B900BFD9
:105B9000F4A90020074B1A681AB19A6802B170473D
:105BA000012210B403EBC20443F8321060605DF8C8
:105BB000044B7047F4A9002070B505460C46164604
:105BC00001F084F995F84430FF2B04BF002385F8D9
:105BD000443095F84530FF2B04BF002385F845304D
:105BE00001F07EF9AB6B2BB93246214605F124005A
:105BF00000F0B0FD01F06AF995F8454064B2002C60
:105C000016DD6B6AA3B105F1240605E0013CE3B2A1
:105C10005CB26BB16B6A5BB1304600F0DBFD002813
:105C2000F4D0013C00F068FEE3B25CB2002BF1D18D
:105C3000FF2385F8453001F053F901F047F995F855
:105C4000444064B2002C16DD2B69A3B105F11006A7
:105C500005E0013CE3B25CB26BB12B695BB130464D
:105C600000F0B8FD0028F4D0013C00F045FEE3B29E
:105C70005CB2002BF1D1FF2385F84430BDE87040C1
:105C800001F02EB92DE9F041044601F01FF9344A24
:105C9000344D1368013313602B68002B2FD0324E24
:105CA000E36A32682AB33148314907680A689F427B
:105CB00038BF03602F48013203EB83030A6000EB17
:105CC0008300E263211D02F06FFA01F009F93368E5
:105CD0006BB12A68E36AD26A9A4208D2264B4FF027
:105CE00080525A6040BFBFF34F8FBFF36F8FBDE844
:105CF000F0812A68D26A9A4298BF2C60D3E72C6060
:105D00001368012B02D0E36A174ECCE71948DFF87D
:105D100094801A4F144E02F037FA194802F034FA00
:105D2000184802F031FA184802F02EFA174802F02B
:105D30002BFA404602F028FA384602F025FA1448B9
:105D400002F022FA134802F01FFA134802F01CFA7C
:105D5000124B134AC2F800801F60E36AA3E700BF3A
:105D600020A00020B09F002080A0002034A00020B0
:105D700030A00020BC9F002000ED00E04CA00020DF
:105D8000D09F0020E49F0020F89F00200CA000205E
:105D90006CA0002098A0002084A00020B89F0020C4
:105DA000B49F002038A000202DE9F843DDE9096404
:105DB000002C60D016B93046BDE8F8830D46970038
:105DC000984602233A4684F851308146266330468D
:105DD000A52103F055F82A78236B84F83420043F7A
:105DE0002A781F4427F0070702B36B7884F8353010
:105DF0006B78DBB1AB7884F83630AB78B3B1EB7845
:105E000084F83730EB788BB12B7984F838302B79E4
:105E100063B16B7984F839306B793BB1AB7984F835
:105E20003A30AB7913B1EB7984F83B30089D042DFF
:105E300028BF04250026E5626564201D84F83B60C8
:105E4000A66402F0ADF9C5F1050504F1180002F0F1
:105E5000A7F9E66442464946A561246184F850608A
:105E60006462384600F0F6FF20602046FFF70AFF24
:105E70002046BDE8F8832046BDE8F8832DE9F047C9
:105E80009600804630460D469946099FFEF7CEFFA4
:105E9000002869D082465420FEF7C8FF0446002837
:105EA0005BD00023C0F830A03246504684F8513011
:105EB000A52102F0E5FF2A78236B84F83420043E04
:105EC0002A781E4426F0070A02B36B7884F835302E
:105ED0006B78DBB1AB7884F83630AB78B3B1EB7864
:105EE00084F83730EB788BB12B7984F838302B7904
:105EF00063B16B7984F839306B793BB1AB7984F855
:105F00003A30AB7913B1EB7984F83B30089D042D1E
:105F100028BF04250026E5626564201D84F83B60E7
:105F2000A66402F03DF9C5F1050504F1180002F080
:105F300037F9E664A561246184F8506064624A46DA
:105F40004146504600F086FF206007B13C60204685
:105F5000FFF798FE0120BDE8F0875046FEF778FF76
:105F60004FF0FF30BDE8F0874FF0FF30F3E700BFA0
:105F700070B504464C4E00F0A9FF002C39D0251D09
:105F8000284602F03BF9A36A1BB104F1180002F0A5
:105F900035F929464548464D02F006F994F8503047
:105FA000012B04BF002384F8503000F099FF2B68C8
:105FB00093B93368A34200D070BD2B68DBB93B496D
:105FC0003C4A09681268914226D03B4B1B682BB3B0
:105FD0003A4B01221A6070BD00F078FF384B1A6806
:105FE000126892B9374B4FF0FF321A6000F078FF19
:105FF000DFE73468C3E7344B4FF080525A6040BF4C
:10600000BFF34F8FBFF36F8F70BD1A682D4BD268EF
:10601000D26852681A60E9E7336070BD274A13609E
:106020003268336812681B6B9A4236D9274C28496C
:1060300022689300981880000858E0B9551EAB00FC
:1060400058198000085830BB951EAB0058198000C5
:10605000085800BBD51EAB00581980000858D0B9AD
:10606000151FAB00581980000858A0B9053A9300D5
:1060700098188000085813449B00CD1808336868AE
:10608000406868600B44984204BF40686860C36819
:106090003360226070BD2A46EDE7306831683431E4
:1060A00001F032FEC2E700BFB09F002084A00020B4
:1060B00080A0002020A000202CA00020B0A0002064
:1060C000B49F002064A0002000ED00E034A0002078
:1060D000BC9F002080B170B51B4D2B6883420AD055
:1060E000044600F0F3FE194B62699A4205D0BDE800
:1060F000704000F0F5BE70BD7047A36A144A934229
:10610000F5D0002BF3D1261D304602F077F8114A66
:10611000E36A116810488B4288BF136003EB830366
:1061200000EB8300314602F03FF82B68E26ADB6A3D
:106130009A42DCD3094B4FF080525A6040BFBFF304
:106140004F8FBFF36F8FD2E7B09F002084A0002055
:106150006CA0002034A00020BC9F002000ED00E0D7
:1061600070B584B0002503AA02A901A8CDE90155A4
:1061700001F0CEFD019C002C46D00298002843D0AF
:10618000039E20630223B600A521324684F85130D5
:1061900002F076FE236B1F4A6263201D84F838509C
:1061A000043E84F83B50E562C4E911551E4401F0F9
:1061B000F7FF04F1180001F0F3FF26F007060523AE
:1061C000A3612A461449E56430462461646284F878
:1061D000505000F03FFE20602046FFF753FD0F4B6C
:1061E0001C6000F0DBFD012811D1402383F31188EE
:1061F0000B490C4A0C4B4FF0FF340C6010601D60D3
:1062000000F03EFE04B070BD044B00221A6004B0E2
:1062100070BD00BF49444C450965030060A00020E3
:1062200064A0002080A00020ACA00020024A1368D7
:1062300001331360704700BF2CA00020014B186889
:10624000704700BFACA00020024A136818441060D9
:10625000704700BFACA000202DE9F04F3B4B1B68FE
:1062600083B0002B42D13A4B1F6801371F60002FCB
:106270004AD0384B01931B68BB423BD8364EDFF8FF
:10628000EC80DFF8ECA0DFF8EC90002525E0336827
:10629000DB68DC68636804F1040B9F42584651D305
:1062A00001F0ACFFA36A04F118000BB101F0A6FFE6
:1062B000E36AD8F8002003EB8300934259460AEBC7
:1062C000800088BFC8F8003001F06EFFD9F80030B8
:1062D000E26ADB6A9A4228BF012533681B68002BFB
:1062E000D5D1019A4FF0FF33136004E01B4A1368C5
:1062F0000133136000251A4B1B68002B0CBF284686
:10630000012003B0BDE8F08F134E164B3168164ADA
:1063100018683060196013680133136033681B68B4
:106320003BB90C4B01931A464FF0FF3313601346F1
:10633000A1E73368074ADB680192DB685B6813609A
:10634000134698E7019A1360D5E700BF2CA0002000
:10635000ACA0002064A00020B49F002028A0002052
:10636000B0A00020B89F002068A0002034A000202A
:10637000BC9F0020B09F00202DE9F04700F0A6FD53
:10638000354B1A68013A1A601C68002C57D1334B00
:106390001B68002B53D0DFF8E0A0314E314FDFF8FF
:1063A000DC90DFF8DC80336813B3F368DC68251D0C
:1063B00004F1180001F022FF284601F01FFFE36AF4
:1063C0003A6803EB83009342294609EB800088BFBB
:1063D0003B6001F0E9FED8F80030E26ADB6A9A42DD
:1063E0004FF00103DFD3CAF800303368002BDCD153
:1063F0003CB11D4B1A6812683ABB1C4B4FF0FF3280
:106400001A601B4D2C6844B10126FFF725FF08B127
:10641000CAF80060013CF8D12C60DAF8003073B1A2
:10642000144B4FF080525A6040BFBFF34F8FBFF301
:106430006F8F012400F054FD2046BDE8F087002452
:1064400000F04EFD2046BDE8F0871A68074BD26881
:10645000D26852681A60D4E72CA0002020A0002047
:106460006CA0002034A00020B49F002064A0002075
:1064700028A0002000ED00E0B0A00020BC9F00207C
:10648000B09F002070B548B9184B4FF080525A6049
:1064900040BFBFF34F8FBFF36F8F70BD144A1549D4
:1064A0001368154E013313600D68044630680430DC
:1064B00001F0A4FE336864195C600FD20F4B1868BA
:1064C0003168043101F080FE0D4B1A68944238BFE8
:1064D0001C60FFF751FF0028D6D070BD094B18682B
:1064E0003168043101F070FEF3E700BF00ED00E019
:1064F0002CA00020ACA00020B09F0020B49F002062
:1065000064A00020B89F00202DE9F84F3C4E3D4D7F
:106510003D4CDFF80891DFF80881DFF808B14FF053
:10652000805A2368D3B100F0D1FCF368DF68381DCE
:1065300001F064FE2B68013B2B602368013B236064
:1065400000F0CEFC97F85130002B37D0012BE8D16A
:106550003846FEF77DFC2368002BE4D12B4B1B68EB
:10656000012B06D9CBF804A040BFBFF34F8FBFF378
:106570006F8F00F041FED9F8003033BBD8F80030FF
:10658000DB6A002BCDD1214B1B68012BC9D8204BD6
:10659000204A1B6812689B1A012BC2D91E4A136835
:1065A00001331360D9F80030BBB1D8F80030DB6A92
:1065B0000BB9164B1B68FFF7DFFEB2E7386BFEF72F
:1065C00047FC3846FEF744FCABE7D8F80030DB6AFE
:1065D000002BA6D10D4B1B68A3E7D8F80030DB6A6F
:1065E000002BE8D1094B1B68012BE4D8084B186835
:1065F000084B1B68C01A0128DDD900F0DDFCDAE782
:1066000098A0002020A0002024A00020BC9F0020F3
:1066100064A00020ACA000202CA0002034A000200A
:10662000B09F002000ED00E0274B1B68002B40D1FD
:10663000264A70B5264C13602268236812681B6BCB
:106640009A423AD9234D24492A6893009818800029
:106650000858E0B9561EB30098198000085830BB9E
:10666000961EB30098198000085800BBD61EB300D0
:10667000981980000858D0B9161FB30098198000E7
:106680000858A0B9053A9300981880000858134498
:106690009B00CE1808337068406870600B449842C5
:1066A00004BF40687060C36823602A6070BD3246D2
:1066B000EDE7064B01221A607047206821683431EB
:1066C00001F022FBBEE700BF2CA00020B0A00020FC
:1066D000B09F002034A00020BC9F002070B5174D53
:1066E0002B680C4603F1180101F06EFD144B1E6877
:1066F0002868043001F082FD631C17D02B68A419B0
:106700005C600BD20F4B18682968043101F05CFD06
:106710000D4B1A68944238BF1C6070BD0B4B186853
:106720002968BDE87040043101F04EBD2968084871
:106730000431BDE8704001F037BD00BFB09F0020BC
:10674000ACA00020B49F002064A00020B89F0020CF
:1067500084A0002070B5194D2B680C46164603F135
:10676000180101F021FD164B5EB11B68286804304A
:1067700001F044FD296813480431BDE8704001F080
:1067800013BD1E682868043001F038FD2B68A41979
:106790005C600BD20C4B18682968043101F014FDC1
:1067A0000A4B1A68944238BF1C6070BD084B1868C9
:1067B0002968BDE87040043101F006BDB09F00209B
:1067C000ACA0002084A00020B49F002064A0002082
:1067D000B89F002038B5C368DC6804F11805284666
:1067E00001F00CFD1A4B1B682BBB251D284601F040
:1067F00005FD184AE36A116817488B4288BF136089
:1068000003EB8303294600EB830001F0CDFC134B1F
:10681000E26A1B68DB6A9A4282BF114B0120186052
:10682000104B1A68126898BF00204AB90E4B4FF0FF
:10683000FF321A6038BD29460C4801F0B5FCE6E786
:106840001A68094BD268D26852681A6038BD00BF16
:106850002CA0002034A00020BC9F0020B09F00206E
:10686000B0A00020B49F002064A000206CA00020F5
:10687000034A044B12681B68C0E90023704700BF3D
:1068800068A00020ACA00020F8B50D46044600F03A
:106890001DFB2B681649581C0A6813D0DFF854C03A
:1068A000D4E90060DCF80070BE4201D090421AD9F1
:1068B000121A93420BD800232B60012500F010FB25
:1068C0002846F8BD002500F00BFB2846F8BDDCF893
:1068D00000009B1A0A682B60C4E90002002500F042
:1068E000FFFA2846F8BD012500F0FAFA2846F8BD5F
:1068F000ACA0002068A00020014B01221A60704764
:10690000B0A00020084B186860B9084B1B6853B949
:10691000074A084B10681B68013B984214BF0120CE
:1069200002207047002070476CA00020B0A000201B
:1069300084A0002020A00020054B1B6833B1054B2C
:106940001B68002B0CBF02200020704701207047FD
:1069500080A000202CA0002018B3F8B51C4CC36AFE
:106960002268D26A934214D28269002A04DB226828
:10697000D26AC2F105028261164D426903EB8303BC
:1069800005EB83039A420DD02368DB6AC3620120C2
:10699000F8BD2368406CDB6A98422CBF00200120C0
:1069A000F8BD7047061D0746304601F027FC2268F7
:1069B000094BD06A1A68F862904200D9186000EB5F
:1069C000800005EB8000314601F0EEFB0120F8BDB0
:1069D000B09F0020BC9F002034A0002050B138B5EB
:1069E000C16A836C426C013B9142836400D01BB14D
:1069F000002038BD00207047051D0446284601F0E0
:106A0000FDFB0A4A636C1168E362C3F105008B4227
:106A1000A061074888BF136003EB830300EB83008A
:106A2000294601F0C1FB012038BD00BF34A0002081
:106A3000BC9F002048B1426CC36A914238BF1146E6
:106A40008B4202D0826C012A00D07047826970B5F7
:106A5000114DC162002A03EB83034269A8BFC1F153
:106A6000050105EB8303A8BF81619A4200D070BD88
:106A7000061D0446304601F0C1FB084BE06A1A6867
:106A8000904288BF186000EB800005EB8000314623
:106A9000BDE8704001F088BBBC9F002034A00020FE
:106AA000044B1A681AB119688A6C01328A64186832
:106AB000704700BFB09F00202DE9F04FAD4EDFF8CA
:106AC000C482AD4D89B033681C68002C00F08E8004
:106AD000DB681C68FFF7AAFBFFF7B0FBD8F80030B3
:106AE000984207465DD38442C8F8000040F20B810B
:106AF0000022E11B2868FFF75FF8FFF73DFC88B92B
:106B00009E4A4FF08053536040BFBFF34F8FBFF397
:106B10006F8F07E0019B039920469847009B002B4D
:106B200080F23881286800226946FEF7C7FC0028F9
:106B3000C9D0009B029C002BECDB636913B1201DC4
:106B400001F05CFBFFF77AFBD8F8003098428146F1
:106B500043D3009BC8F80090092BE3D8012202FA26
:106B600003F313F4047F69D113F0C70F40F0A18041
:106B70009B06D7D594F82C30002BD3D12046FEF7B6
:106B800067F9CFE7DB68DC68D3F800A004F10409FB
:106B9000484601F033FB636A20469847E369012BBE
:106BA00036D033681A68002AECD17549C8F80070ED
:106BB0000A6832600B60FFF7DFFBB3E7DB68DF6872
:106BC000D3F800B007F1040A504601F017FB7B6AC6
:106BD00038469847FB69012B25D033681A68002A8C
:106BE000ECD167490A6832600B60B2E7FFF71EFB21
:106BF000FFF724FBD8F8003083420746D1D8604B1A
:106C0000C8F800701B681A68B2FA82F2520970E77D
:106C1000A36953449A45494622D26360246130688F
:106C200001F0D2FABDE7BB695B449B45514627D2D0
:106C30007B603F61306801F0C7FACEE7019B2461B9
:106C400003EB09024A45A36162602CD8002B3FF494
:106C500069AF4B4B211D186801F0B6FA286862E74E
:106C60002B68002B9DD00023CDE9043A0694FFF752
:106C700063FE00231A4604A92868FEF769F990E725
:106C80002B68002BA9D00023CDE9043B0697FFF722
:106C900053FE00231A4604A92868FEF759F99CE719
:106CA0004B4500D998B13068211D01F08DFA286854
:106CB00039E7019BA269246199182CBF01200020AB
:106CC00049456160ECD8A9EB03039A42C1D8636AD5
:106CD00020469847E369012B7FF424AF019BA2690A
:106CE0002868134400283FF41EAF0022CDE9042396
:106CF0000694FFF721FE00231A4604A92868FEF730
:106D000027F928680FE7FFF737FB3368DB68D3F80C
:106D10000C9009F1040A504601F070FAD9F81C30C1
:106D2000012B04D0D9F8243048469847FAE6D9F820
:106D30001830C9F81090E218BA42C9F8042004D9F2
:106D40005146306801F040FAECE73F1BBB421BD8CC
:106D50002B68002BE6D00023CDE90434CDF8189041
:106D6000FFF7EAFD00231A4604A92868FEF7F0F8A9
:106D7000D8E700BFB4A0002038A3002000ED00E059
:106D8000B8A00020E4A20020034B5146186801F08F
:106D90001BFAC7E7029CD0E6B8A00020F0B5204C53
:106DA00089B000F093F82568FDB100F099F82068EB
:106DB000C8B1002407AA06A905A8CDE9054400F03A
:106DC000B5FFDDE905300221CDE90010079A0293F5
:106DD000144915482346FEF7E7FF144A0346001BF3
:106DE00018BF0120136009B0F0BD114F114E384695
:106DF00001F0CAF9304601F0C7F90F4A0F49009572
:106E00000F4B17600E600F4A10212020FEF72EF85E
:106E100020600028C9D00C49FEF7BCFEC5E700BFC2
:106E200038A30020A8CF0300B96A03003CA30020C8
:106E3000BCA20020D0A20020B4A00020B8A0002056
:106E4000E8A20020BCA00020A0CF0300402383F3D1
:106E50001188FEE730B46FF002034FF08075074CE5
:106E600040F8045C40F80C4C40F8081C40F8202C1A
:106E700040F8243C30BC4438704700BF4D6E0300DE
:106E80000F4C08B5E02384F8223000F077F80D4B62
:106E90000D4A00211960D4F8883043F47003C4F817
:106EA0008830536843F040435360236943F0100334
:106EB000236100F04FF9402383F31188FEE700BF00
:106EC00000ED00E040A3002030EF00E0402383F31A
:106ED0001188024A136801331360704740A30020F1
:106EE000034A1368013B13600BB983F311887047A1
:106EF00040A3002041DF704712DF704770B51B4B85
:106F000000251D6082B01B680193019BEFF3118681
:106F1000402383F31188164A164BD2F804451D60AE
:106F20001B680093009BFFF789F9241A24F07F4423
:106F3000012C0DD844B1FFF78FF9054625B10E4B52
:106F40004FF080525A6040BF86F3118802B070BD86
:106F5000FFF7F2FC0228EED1013CFFF77DF9013C7E
:106F6000631C45EA0005F8D1E8E700BF4011014085
:106F7000001001400011014000ED00E00B4B0C49F6
:106F800030B41F200B4DC3F8080501220224E02075
:106F9000C3F804232A601A60C3F8444381F811033C
:106FA0004FF400330B6030BC704700BF001001404D
:106FB00000E100E0081001402DE9F041804684B076
:106FC000EFF3108272B6584CA36883B9574B5848F8
:106FD0000121A160D3F8801001402160C3F8800036
:106FE000D3F8841061604FF0FF31C3F8841002B908
:106FF00062B6504ED6F80475FFF784FC00283DD0E9
:107000004D4A4E49424528BF4246BB1823F07F43B4
:1070100001200025C6F80803C6F840350D600B684E
:1070200001934FF480330199C6F80433BFF34F8FB7
:10703000B8F1000F54D13F4B404D41494FF48030DF
:10704000C3F80803002028602D680395039D08609D
:107050000968029101210298C3F80413D3F804359A
:107060003249DB1B23F07F45954228BF15464FF47C
:107070000033012DC1F8803111D827D0A3685BB14E
:10708000EFF3108372B6294A21681160616851607C
:107090000022A26003B962B604B0BDE8F081681EA8
:1070A000FFF7D2F8274BDB68DA010FD5264A1368C1
:1070B000DB070BD5254B516803FB05F5A5F57425BA
:1070C000A5F51075AD0A01EB85155560FFF7C4F8FD
:1070D0000028D3D01E4B4FF080525A6040BFCDE7FE
:1070E000F1EE103A23F09F03E1EE103AF1EE103A80
:1070F0000E4B04A84FF480614026C3F88461C3F8A6
:10710000841100F8045DFFF7F7FE9DF80C1039B903
:1071100020BFD3F80001D3F804110143F8D08AE767
:10712000FFF7E8FE87E700BF08AA002000E100E0C3
:10713000FC06FFBD00100140FDFFFF0040110140B3
:1071400000110140F0ED00E0001000E040420F00AF
:1071500000ED00E00748006880F3088862B661B679
:10716000BFF34F8FBFF36F8F4FF0E00080F31188B4
:1071700000DF00BF00600200064B19680868B0E835
:10718000F04F80F30988BFF36F8F4FF0000080F35A
:1071900011887047B09F0020EFF30980BFF36F8F15
:1071A000144B1A681EF0100F08BF20ED108A20E95A
:1071B000F04F10604DF8043D4FF0400080F311880F
:1071C000BFF34F8FBFF36F8FFFF72EFA4FF0000022
:1071D00080F3118808BC19680868B0E8F04F1EF009
:1071E000100F08BFB0EC108A80F30988BFF36F8FCF
:1071F000704700BFB09F0020704700BF002942D0F9
:10720000931E222B3FD8F0B50A2A8BB035D04FF011
:10721000000E01AF3B4688B1B0FBF2F602FB16054B
:107220005FFA85FC092D0CF1570498BF0CF130046E
:10723000E4B2304603F8014B0028EDD1302201E0E2
:1072400003F8012BBB42FBD0BEF1000F11D10D465C
:10725000BB4209D9681E1A4612F8014D00F8014FC9
:10726000BA42F9D19B1A1D44002308462B700BB07B
:10727000F0BD2D220A704D1CEAE70028C7DA404213
:107280004FF0010EC5E70020704700BF79B3931E91
:10729000222B2CD8F0B48AB001AF3C4670B1B0FBC1
:1072A000F2F602FB1605EBB2092D94BF30335733CB
:1072B000DBB2304604F8013B0028F0D1302301E076
:1072C00004F8013BBC42FBD00FD94A1E234613F8F9
:1072D000010D02F8010FBB42F9D1E41A0C4400235E
:1072E000084623700AB0F0BC70470C46F7E7002050
:1072F000704700BF79B3931E222B2CD8F0B48AB00C
:1073000001AF3C4670B1B0FBF2F602FB1605EBB2E2
:10731000092D94BF30335733DBB2304604F8013BBC
:107320000028F0D1302301E004F8013BBC42FBD03F
:107330000FD94A1E234613F8010D02F8010FBB4274
:10734000F9D1E41A0C440023084623700AB0F0BCBB
:1073500070470C46F7E70020704700BF0A490B4A08
:107360000B4B9B1A03DD043BC858D050FBDC09488B
:1073700009494FF0AD32026004300439FBD100F00E
:10738000D5FBEEF765FF0000D0D2030000600020BF
:107390001C63002000F8032000080000FEE7FEE761
:1073A000FEE7FEE7FEE7FEE7FEE7FEE7FEE7FEE7B5
:1073B00008B50020EEF786FFF9F7F8FA0E4B43B157
:1073C0000E4B7BB1F9F7EEFE00F08EFCFCF7F0FF00
:1073D000F8E7F9F7E7FE00F087FCF9F7E3FE00F0C5
:1073E00083FCF6E7F9F7DEFE00F07EFCF9F7DAFE43
:1073F00000F07AFCF6E700BF00000000B143030094
:1074000000B583B000F0DCFDFCF712FB0E4B0193DE
:1074100001234FF480620D4900930D480023FEF7CD
:107420002DFD4FF4407000F07FFDFEF799FEBFF395
:107430004F8F0849084BCA6802F4E0621343CB60DF
:10744000BFF34F8F00BFFDE744A30020B0CF030080
:10745000B173030000ED00E00400FA0538B50748F9
:107460000C461546EFF7B8F800B938BD2A46214654
:107470000248BDE83840EEF787BF00BF3863002000
:10748000114B1A78EAB90178104810B40A464FF047
:10749000804402F00102C1F34001C4F88015C4F831
:1074A00078250268D20706D4E021012280F8001373
:1074B000C0F880210260012205481A705DF8044B73
:1074C00070470448704700BF04AA002000E100E0B4
:1074D0000000AD0B0C00AD0B0268074B4FF0804075
:1074E00010B400214FF46074C0F80843196002B171
:1074F0001A605DF8044B704750A300204FF08043A2
:107500004FF46072C3F80423704700BF10B54FF00A
:10751000804386B0D3F80443620705D5D3F8082129
:1075200003F58473002A4ED1A30603D52A4B1A68AB
:10753000002A3FD1600603D5284B1A68002A2FD1B4
:10754000210602D5264B1A680ABBE20502D5254B57
:107550001A6892B9A3050ED5234B1A685AB10022B6
:107560001A601A68214B0592059A1B68022006B022
:10757000BDE81040184706B010BD00221A601B4A33
:107580001B68049301201368049A9847E2E70020DF
:107590001860164A1B6803931368039A9847D4E748
:1075A00000221A60124A1B68029301201368029A93
:1075B0009847C5E7002018600D4A1B6801931368BF
:1075C000019A9847B6E700221A600A4A1B6800939E
:1075D0001368009A9847A7E714010040180100407B
:1075E0001C010040200100402401004050A3002065
:1075F0004CA3002048A300202DE9F04F04799D4DB5
:10760000E6003719BF0005EB070E83B09EF81CC0DB
:10761000BCF1000F40F0E58091F80CC00068EA5121
:10762000CEF80430BCF1010F0B7840F2DE801F2B46
:1076300087BF03F01F08DFF840E298464FF0A04EE6
:10764000012707FA08F7CEF808751F2B8BBF03F048
:107650001F071F46DFF820E24FF0A04E07F5E07746
:107660004FF001084EF827804F78FF2F00F0E98097
:107670001F2F8ABF07F01F09B946DFF8FC8100976A
:1076800098BF4FF0A04809F5E07A4FF0010E0EFACE
:1076900009FE4FF00309C8F80CE548F82A9091F864
:1076A00002E0BEF1FF0F00F0D580BEF11F0F91F890
:1076B0000EA088BFDFF8C0B1CDF804E08EBF0EF099
:1076C0001F08F0464FF0A04B08F5E0784FEA8A0A11
:1076D0004BF828A006EB040805EB880888F820E0A2
:1076E00091F803E088F81FE0BEF1FF0F2AD091F86F
:1076F0000490F046B9F1000F40F08680BEF11F0FF4
:1077000087BF0EF01F0B5C4FF3464FF0A0474FF0C2
:10771000010A0AFA0BFAC7F808A5BEF11F0F86BFC7
:107720000EF01F08DFF850A14FF0A04A08F5E078EE
:1077300006EB040E4FF0030B05EB8E0E4AF828B053
:107740008EF81E9091F80DE0C0F80835009BD1F836
:107750000880C0F80C351EF1000318BF0123019FFB
:10776000C0F81075BCF1020FC0F824857FD0BCF1C1
:10777000030F79D0BCF1010F56D0C0F854358B7986
:10778000C0F8C035002A58D040220723C0F804238F
:10779000C0F800354A79000B43B25201002BD1B238
:1077A000C0B25BDB5A09920002F1604203F1604310
:1077B000012702F5614203F5614300F01F0007FA5B
:1077C00000F083F80013C2F880011060344405EB28
:1077D00084052A48002201236A772B7703B0BDE88D
:1077E000F08F274803B0BDE8F08F1F2B87BF03F051
:1077F0001F08DFF884E098464FF0A04E012707FAF3
:1078000008F7CEF80C7520E7BEF11F0F87BF0EF00A
:107810001F0B194FF3464FF0A0474FF0010A0AFA29
:107820000BFAC7F80CA578E743F00203C0F854350B
:107830008B79C0F8C035002AA6D10723C0F80035DF
:10784000C4E791F802E04FF0FF37BEF1FF0F009759
:107850007FF42BAF4FF0FF3701973BE7094B00F068
:107860000F0003441976B1E743F0060385E743F0C0
:10787000040382E754A30020000300500000AD0B76
:107880000500AD0BFCEC00E02DE9F04F0479644FEE
:107890004FEAC40C0CEB04039B008646F8180E4616
:1078A000417F83B0002940F0918057F803909046C3
:1078B000B9F1000F04D012F0140F04BF0123437775
:1078C0000CEB040507EB850596E80F0095F81FA063
:1078D00005F10C0BBAF1FF0F8BE80F0010D0AA7F57
:1078E0005346002A76D0BAF11F0F86BF0AF01F0355
:1078F0004C494FF0A041012202FA03F3C1F80835C8
:1079000032686AB102F06043B3F1005F08D06444AA
:1079100007EB8407002344487B7703B0BDE8F08F72
:10792000B16821B101F06043B3F1005FEFD1DEF83F
:1079300000307568F068C3F844250022C3F8485544
:10794000C3F83415C3F83805C3F81821D3F8182143
:107950000192019A18F0010218BF0122C3F85025C4
:1079600018F0020218BF012218F0080FC3F84025D2
:1079700004BF01221A61B9F1000F0BD02B4840223D
:1079800018F0040F14BFC3F80823C3F8042303B08E
:10799000BDE8F08FD3F81821002AFBD0BAF1FF0F11
:1079A0002CD0644407EB8407BB7F4BB3BAF11F0FA5
:1079B00084BF0AF01F0A1B4A1C4898BF4FF0A04220
:1079C000012303FA0AF3C2F80C35A6E7184803B0FE
:1079D000BDE8F08FBAF11F0F4FF0010288BF0AF027
:1079E0001F0302FA03F388BF0E49326898BF4FF0B5
:1079F000A041C1F80C35002A84D191E70B488CE7EF
:107A0000BAF11F0F84BF0AF01F0A064A074898BF41
:107A10004FF0A042012303FA0AF3C2F808357CE7CD
:107A200054A30020000300500A00AD0B0000AD0B72
:107A30000B00AD0B194BD3F8182102B97047002188
:107A4000174AC3F81811D3F81811D37F82B0FF2B4F
:107A5000019101990DD0917F99B11F2B86BF03F041
:107A60001F0310484FF0A040012101FA03F3C0F8B2
:107A70000C35002353771372D2E900310A4802B063
:107A800018471F2B86BF03F01F0306484FF0A04086
:107A9000012101FA03F3C0F80835EAE7003002409B
:107AA00054A30020000300505CA300201B4BD3F81C
:107AB000182102B970470021194AC3F81811D3F8E8
:107AC000181192F8433082B0FF2B019101990ED02A
:107AD00092F84210A9B11F2B86BF03F01F03114873
:107AE0004FF0A040012101FA03F3C0F80C35002348
:107AF00082F8413082F82C30D2E909310A4802B0CC
:107B000018471F2B86BF03F01F0306484FF0A04005
:107B1000012101FA03F3C0F80835E8E700F002405C
:107B200054A300200003005080A30020604B1B687A
:107B300030B45C1C37D05F4A082B126800F08F808D
:107B40005B4B5C4A1B681268082B15D0591C23D06C
:107B5000584A1268082B12D0574AD2F8883043F49A
:107B60007003C2F88830BFF34F8FBFF36F8F534B52
:107B7000534A1A6030BC7047002A00F08280032A02
:107B8000EAD84FF08043D3F80024D20744BF6FF007
:107B90000102C3F80024DFE74A4A4B4B12681B7806
:107BA000C2F30312D6E7484A464B12781B68082AEC
:107BB000C3F3031301D1032B53D9424A424B12683A
:107BC0001B78C2F30312082BBAD1032AB8D84FF09E
:107BD00080523E4BD2F80414C3F82015D2F8081492
:107BE000C3F82415D2F80C14C3F82815D2F81014D1
:107BF000C3F82C15D2F81414C3F83015D2F81814A1
:107C0000C3F83415D2F81C14C3F84015D2F8201468
:107C1000C3F84415D2F82414C3F84815D2F8281430
:107C2000C3F84C15D2F82C14C3F85015D2F8301400
:107C3000C3F85415D2F83414C3F86015D2F83814C8
:107C4000C3F86415D2F83C14C3F86815D2F8401490
:107C5000C3F86C15D2F84424C3F8702570E7032AE2
:107C60000CD8134B1B684FF080420021581CC2F8FF
:107C70000C11C2F81011C2F838159ED00D4A1268C6
:107C8000A1E7134C1349144D25601448144AFB24F2
:107C9000C1F8184501681268124C21F00F0102F07A
:107CA0000F020A434FF400710260216050E700BFE9
:107CB000300100103401001000ED00E028610020C8
:107CC0000090D003E80F00F0E00F00F000C000408B
:107CD0008C56004000F0004048810300E40E004054
:107CE000580200104096024008B5EEF7F1FA054B35
:107CF0004FF080525A6040BFBFF34F8FBFF36F8F7A
:107D000008BD00BF00ED00E0704700BF704700BF36
:107D1000044B036010B46423034C0C6013605DF8E3
:107D2000044B70479CA30020F0A30020054B036088
:107D300010B44FF48073044C0C6013605DF8044B76
:107D4000704700BF80A50020D4A5002070B51F4C4F
:107D500084B04FF0FF3203A92068FDF7AFFB002885
:107D6000F7D00398037A4568052B0DD8DFE803F0B8
:107D7000272A221C1503D0E90361D0E90523C06935
:107D800000903046A847039803681BB11846FDF7DA
:107D90001BF80398FDF718F8DBE7D0E90523D0E9D5
:107DA0000301A8470398EFE7D0E90412C068A84789
:107DB0000398E9E7D0E90301A8470398E4E7A84757
:107DC0000398E1E7C068A8470398DDE7D8A9002039
:107DD0002DE9F0432D4B2E4C5B6885B0C3F30803AF
:107DE000019001AF2068002B44D0002339461A4689
:107DF000FDF7BEFA01283AD0DFF89880D8F80000E5
:107E0000002240000421FDF761F8064678B3DFF850
:107E10008890D9F80000FEF7ABF8FFF757F802E0BA
:107E20003046FDF795F8002203A92068FDF746FBD0
:107E300000230546642203A90028F1D12068FDF73C
:107E400085FE2660FFF74CF8D9F80000FEF742F9EE
:107E5000D8F800300D4A20685B00C8F8003053683D
:107E6000C3F30803394653B96422FDF771F805B02E
:107E7000BDE8F08339466422FDF76AF8BAE72B467D
:107E80002A46FDF775FA05B0BDE8F08300ED00E085
:107E9000D8A90020D4A90020DCA900202DE9F843AE
:107EA0009DF8205006460F4691469846CDB1A80051
:107EB0000C30FCF76FFF044688B10023C0F8049033
:107EC0000572036006B177B92DB1AA00414604F1ED
:107ED0000C0000F0B1FF2046FFF77AFF0120BDE85B
:107EE000F8831020E5E73846FCF754FF8146206010
:107EF000A0B13A46314600F09FFF002DEBD0691E3D
:107F0000C9B208EB8101A8F1040353F8042FB2426F
:107F100008BFC3F800909942F7D1D6E72046FCF796
:107F200053FF4846DBE700BF30B540230B4D83B01D
:107F300004460022184604212B60FCF7C7FF084BBB
:107F4000084918600223CDE90031A2B20023064996
:107F50000648FDF793FF03B030BD00BFD4A9002051
:107F6000D8A90020DCA90020B8CF03004D7D030074
:107F700011DF704708B50446FFF7FAFF0D4B4FF0CD
:107F800080414FF0FF32C3F88020C3F88021C3F84E
:107F90008420C3F88421C1F81C45BFF34F8F0649E4
:107FA000064BCA6802F4E0621343CB60BFF34F8F05
:107FB00000BFFDE700E100E000ED00E00400FA058D
:107FC0004FF08043194AD3F80014194830B41160B7
:107FD000D3F80054D3F80024164C17492A43C3F8A9
:107FE0000024D4F840250260002401224FF4003020
:107FF000C3F818459A60C1F88000BFF34F8FBFF3F4
:108000006F8F0E4C03F588334FF0A0454FF480304E
:108010004FF0FF31C3F84803C3F808035A609A6071
:10802000C5F80815C4F8081530BC7047E0A9002051
:10803000E4A9002000A0004000E100E0000300509F
:1080400008B54E20FFF796FF16281BD83C4B53F877
:1080500020301F2B86BF03F01F033A4A4FF0A04287
:108060000E290FD8DFE801F0655F59534D474039BD
:10807000322B241D160F080003F5E07340F2037144
:1080800042F82310704703F5E07340F2036142F8B1
:108090002310704703F5E07340F2035142F82310B8
:1080A000704703F5E07340F2034142F82310704734
:1080B00003F5E07340F2033142F82310704703F5F3
:1080C000E07340F2032142F82310704703F5E07398
:1080D00040F2031142F82310704703F5E0734FF4A8
:1080E000403142F82310704703F5E0734FF400313C
:1080F00042F82310704703F5E073134942F8231048
:10810000704703F5E073114942F82310704703F5F7
:10811000E073042142F82310704703F5E0730C214B
:1081200042F82310704703F5E073032142F823104F
:10813000704703F5E073002142F82310704700BF39
:108140000CCF030000030050040002000C000300E9
:10815000162811D80A4B53F820301F2B88BF03F084
:108160001F034FF001028CBF06484FF0A04002FAF7
:1081700003F311B1C0F808357047C0F80C357047EB
:108180000CCF03000003005000F108034FF0FF3153
:108190000022816002604360C0E90333704700BF82
:1081A00000230361704700BF4368026810B49C68F5
:1081B0008C609C684B600132616099605DF8044B93
:1081C00008610260704700BF30B40D686B1C11D0AD
:1081D00000F1080200E01A4653681C68AC42FAD964
:1081E00004684B60013499608A60516008610460E2
:1081F00030BC704702695368F2E700BF426881688B
:10820000036910B4916081685C684A601A688442AE
:1082100008BF5960013A002101611A6018685DF8D1
:10822000044B70470B460146184600F071BD000034
:1082300081F0004102E000BF83F0004330B54FEA17
:1082400041044FEA430594EA050F08BF90EA020F84
:108250001FBF54EA000C55EA020C7FEA645C7FEA17
:10826000655C00F0E2804FEA5454D4EB5555B8BF3A
:108270006D420CDD2C4480EA020281EA030382EAAB
:10828000000083EA010180EA020281EA0303362D3D
:1082900088BF30BD11F0004F4FEA01314FF4801C10
:1082A0004CEA113102D0404261EB410113F0004F22
:1082B0004FEA03334CEA133302D0524263EB4303D9
:1082C00094EA050F00F0A780A4F10104D5F1200E77
:1082D0000DDB02FA0EFC22FA05F2801841F10001D2
:1082E00003FA0EF2801843FA05F359410EE0A5F1A6
:1082F00020050EF1200E012A03FA0EFC28BF4CF0D7
:10830000020C43FA05F3C01851EBE37101F000458C
:1083100007D54FF0000EDCF1000C7EEB00006EEB99
:108320000101B1F5801F1BD3B1F5001F0CD3490823
:108330005FEA30004FEA3C0C04F101044FEA44527A
:1083400012F5800F80F09A80BCF1004F08BF5FEA01
:10835000500C50F1000041EB045141EA050130BDE1
:108360005FEA4C0C404141EB010111F4801FA4F184
:108370000104E9D191F0000F04BF01460020B1FAD9
:1083800081F308BF2033A3F10B03B3F120020CDA11
:108390000C3208DD02F1140CC2F10C0201FA0CF0EF
:1083A00021FA02F10CE002F11402D8BFC2F1200C54
:1083B00001FA02F120FA0CFCDCBF41EA0C0190400A
:1083C000E41AA2BF01EB0451294330BD6FEA040453
:1083D0001F3C1CDA0C340EDC04F11404C4F120023E
:1083E00020FA04F001FA02F340EA030021FA04F350
:1083F00045EA030130BDC4F10C04C4F1200220FAA7
:1084000002F001FA04F340EA0300294630BD21FAE4
:1084100004F0294630BD94F0000F83F4801306BFAA
:1084200081F480110134013D4EE77FEA645C18BF9E
:108430007FEA655C29D094EA050F08BF90EA020F35
:1084400005D054EA000C04BF1946104630BD91EA2D
:10845000030F1EBF0021002030BD5FEA545C05D130
:108460004000494128BF41F0004130BD14F580046F
:108470003CBF01F5801130BD01F0004545F0FE41E3
:1084800041F470014FF0000030BD7FEA645C1ABF18
:10849000194610467FEA655C1CBF0B46024650EA4F
:1084A000013406BF52EA033591EA030F41F400217B
:1084B00030BD00BF90F0000F04BF0021704730B501
:1084C0004FF4806404F132044FF000054FF00001D6
:1084D00050E700BF90F0000F04BF0021704730B597
:1084E0004FF4806404F1320410F0004548BF40426C
:1084F0004FF000013EE700BF42004FEAE2014FEAC1
:1085000031014FEA02701FBF12F07F4393F07F4F9B
:1085100081F06051704732F07F4208BF704793F09E
:108520007F4F04BF41F40021704730B54FF46074B1
:1085300001F0004521F000411CE700BF50EA0102B4
:1085400008BF704730B54FF000050AE050EA01025D
:1085500008BF704730B511F0004502D5404261EBCD
:1085600041014FF4806404F132045FEA915C3FF40E
:10857000D8AE4FF003025FEADC0C18BF03325FEAAB
:10858000DC0C18BF033202EBDC02C2F1200300FA5C
:1085900003FC20FA02F001FA03FE40EA0E0021FA81
:1085A00002F11444BDE600BF70B54FF0FF0C4CF46F
:1085B000E06C1CEA11541DBF1CEA135594EA0C0F21
:1085C00095EA0C0F00F0DEF82C4481EA030621EA5C
:1085D0004C5123EA4C5350EA013518BF52EA033597
:1085E00041F4801143F4801338D0A0FB02CE4FF049
:1085F0000005E1FB02E506F00042E0FB03E54FF079
:108600000006E1FB03569CF0000F18BF4EF0010E70
:10861000A4F1FF04B6F5007F64F5407404D25FEA6C
:108620004E0E6D4146EB060642EAC62141EA55511F
:108630004FEAC52040EA5E504FEACE2EB4F1FD0C61
:1086400088BFBCF5E06F1ED8BEF1004F08BF5FEADF
:10865000500E50F1000041EB045170BD06F0004691
:1086600046EA010140EA020081EA0301B4EB5C043E
:10867000C2BFD4EB0C0541EA045170BD41F4801136
:108680004FF0000E013C00F3AB8014F1360FDEBF5B
:10869000002001F0004170BDC4F10004203C35DA37
:1086A0000C341BDC04F11404C4F1200500FA05F3BA
:1086B00020FA04F001FA05F240EA020001F000425B
:1086C00021F0004110EBD37021FA04F642EB0601D1
:1086D0005EEA430E08BF20EAD37070BDC4F10C04FB
:1086E000C4F1200500FA04F320FA05F001FA04F2BF
:1086F00040EA020001F0004110EBD37041F10001AB
:108700005EEA430E08BF20EAD37070BDC4F12005B5
:1087100000FA05F24EEA020E20FA04F301FA05F21D
:1087200043EA020321FA04F001F0004121FA04F2C5
:1087300020EA020000EBD3705EEA430E08BF20EA95
:10874000D37070BD94F0000F0FD101F000464000CF
:1087500041EB010111F4801F08BF013CF7D041EA51
:10876000060195F0000F18BF704703F00046520055
:1087700043EB030313F4801F08BF013DF7D043EA26
:108780000603704794EA0C0F0CEA135518BF95EADC
:108790000C0F0CD050EA410618BF52EA4306D1D163
:1087A00081EA030101F000414FF0000070BD50EA82
:1087B000410606BF1046194652EA430619D094EA0C
:1087C0000C0F02D150EA013613D195EA0C0F05D1F6
:1087D00052EA03361CBF104619460AD181EA03014A
:1087E00001F0004141F0FE4141F470014FF0000002
:1087F00070BD41F0FE4141F4780170BD70B54FF09D
:10880000FF0C4CF4E06C1CEA11541DBF1CEA13551C
:1088100094EA0C0F95EA0C0F00F0A7F8A4EB0504FE
:1088200081EA030E52EA03354FEA013100F08880F5
:108830004FEA03334FF0805545EA131343EA1263BE
:108840004FEA022245EA111545EA10654FEA002673
:108850000EF000419D4208BF964244F1FD0404F52C
:10886000407402D25B084FEA3202B61A65EB030588
:108870005B084FEA32024FF480104FF4002CB6EB45
:10888000020E75EB030E22BFB61A754640EA0C00C5
:108890005B084FEA3202B6EB020E75EB030E22BF05
:1088A000B61A754640EA5C005B084FEA3202B6EB46
:1088B000020E75EB030E22BFB61A754640EA9C0005
:1088C0005B084FEA3202B6EB020E75EB030E22BFD5
:1088D000B61A754640EADC0055EA060E18D04FEA93
:1088E000051545EA16754FEA06164FEAC30343EA33
:1088F00052734FEAC2025FEA1C1CC0D111F4801F00
:108900000BD141EA00014FF000004FF0004CB6E7F8
:1089100011F4801F04BF01430020B4F1FD0C88BF97
:10892000BCF5E06F3FF6AFAEB5EB030C04BFB6EBA2
:10893000020C5FEA500C50F1000041EB045170BD95
:108940000EF0004E4EEA113114EB5C04C2BFD4EBC2
:108950000C0541EA045170BD41F480114FF0000E46
:10896000013C90E645EA060E8DE60CEA135594EAC2
:108970000C0F08BF95EA0C0F3FF43BAF94EA0C0FC5
:108980000AD150EA01347FF434AF95EA0C0F7FF43A
:1089900025AF104619462CE795EA0C0F06D152EA8E
:1089A00003353FF4FDAE1046194622E750EA410672
:1089B00018BF52EA43067FF4C5AE50EA41047FF483
:1089C0000DAF52EA43057FF4EBAE12E753B94AB953
:1089D000002908BF00281CBF4FF0FF314FF0FF30C7
:1089E00000F072B9ADF1080C6DE904CE00F006F8A4
:1089F000DDF804E0DDE9022304B070472DE9F0471B
:108A0000089E04468846002B4BD18A42154667D9FA
:108A1000B2FA82F24AB1C2F1200701FA02F320FA57
:108A200007F7954047EA030894404FEA154E230C98
:108A3000B8FBFEF71FFA85FC0EFB178843EA0843D4
:108A400007FB0CF1994209D9EB1807F1FF3080F0D0
:108A50001B81994240F21881023F2B445B1AA4B259
:108A6000B3FBFEF00EFB103344EA034400FB0CFCA6
:108A7000A44509D92C1900F1FF3380F00781A445E2
:108A800040F2048102382C4440EA0740A4EB0C0475
:108A900000271EB1D4400023C6E900433946BDE893
:108AA000F0878B4209D9002E00F0EB800027C6E941
:108AB000000138463946BDE8F087B3FA83F7002F46
:108AC00047D18B4202D3824200F2FA80841A61EBD2
:108AD000030301209846002EE0D0C6E90048DDE7F8
:108AE00002B9FFDEB2FA82F2002A40F08F80491B01
:108AF0004FEA154E1FFA85F80127B1FBFEFC230C47
:108B00000EFB1C1143EA014308FB0CF1994207D903
:108B1000EB180CF1FF3002D2994200F2CD8084466E
:108B2000591AA3B2B1FBFEF00EFB101443EA044441
:108B300008FB00F8A04507D92C1900F1FF3302D239
:108B4000A04500F2B6801846A4EB080440EA0C40A9
:108B50009FE7C7F1200CBB4022FA0CFE4EEA030E41
:108B600001FA07F420FA0CF521FA0CF34FEA1E483B
:108B70002543B3FBF8F92C0C08FB19331FFA8EFAC6
:108B800044EA034309FB0AF49C4202FA07F200FAA2
:108B900007F10BD91EEB030309F1FF3080F087804A
:108BA0009C4240F28480A9F1020973441B1BADB2C0
:108BB000B3FBF8F008FB103345EA034400FB0AFA64
:108BC000A24508D91EEB040400F1FF336BD2A24585
:108BD00069D90238744440EA0940A0FB0289A4EB39
:108BE0000A044C45C2464B4654D351D0002E69D09E
:108BF000B1EB0A0564EB030404FA0CFCFD40FC40F5
:108C00004CEA0505C6E90054002747E7C2F12003F6
:108C100020FA03F7954001FA02F021FA03F34FEA34
:108C2000154E3843010CB3FBFEF71FFA85F80EFB17
:108C3000173341EA034107FB08F38B4204FA02F4BD
:108C400007D9691807F1FF3C2FD28B422DD9023F7B
:108C50002944CB1A81B2B3FBFEF00EFB103341EA7C
:108C6000034100FB08F38B4207D9691800F1FF3C70
:108C700017D28B4215D902382944C91A40EA07474E
:108C80003BE73746304609E70746E7E61846FBE686
:108C90004145ABD2B8EB020A69EB0E02013813462C
:108CA000A4E76046E9E7184695E76746D1E78146BD
:108CB0007CE702382C4447E7ACF1020C2B442FE749
:108CC000384608E73746E9E6704700BF1FB51C463F
:108CD000094B1B680546D86852B1084B0091CDE995
:108CE000013207492B46224600F034F801F08EF994
:108CF000044B1A46F2E700BF2C610020C4CF0300EA
:108D0000D1CF0300FFCF03000A22002101F03EB8BB
:108D100010B5054C13462CB10A4601460220AFF3AC
:108D2000008010BD2046FCE70000000008B5074B9E
:108D3000044613B10021AFF30080054B1868836A25
:108D400003B19847204603F043F800BF000000003D
:108D500000D003000EB403B5014603AB054853F839
:108D6000042B0068019300F073F902B05DF804EB86
:108D700003B070472C61002070B50D4E0D4CA41B44
:108D8000A4100025A54209D10B4E0C4C03F022F88B
:108D9000A41BA4100025A54205D170BD56F82530AE
:108DA00098470135EEE756F8253098470135F2E748
:108DB000FC620020FC620020FC620020186300209E
:108DC00010B5044600F008F82044407800F0080090
:108DD00010BDD0F8EC007047044B054A1B681B6AB5
:108DE000002B08BF1346D3F8EC0070472C6100201D
:108DF00090610020024B0146186800F0A5B800BF42
:108E00002C610020024B0146186800F04FB800BFEB
:108E10002C61002082B001B901A942B14BB1137895
:108E20000B601278101C18BF012002B0704710466A
:108E3000FBE76FF00100F8E710B5431E0A449142CA
:108E400000D110BD11F8014B03F8014FF7E788423C
:108E500010B501EB020307D8421E99420AD011F85F
:108E6000014B02F8014FF8E78342F5D98118D21A75
:108E7000D34200D110BD13F8014D01F8014DF7E7C1
:108E800002440346934200D1704703F8011BF9E7FF
:108E900038B502FB01F4214600F056F8054618B13A
:108EA00022460021FFF7ECFF284638BD38B50546BD
:108EB000002945D051F8043C0C1F002BB8BFE41822
:108EC00002F02EF91F4A1368104633B9636014602C
:108ED0002846BDE8384002F024B9A3420CD92168E5
:108EE0006218934204BF1A685B68636004BF52183B
:108EF00022600460ECE713465A680AB1A242FAD92C
:108F000019685818A0420BD12068014458188242B1
:108F10001960DDD1106852685A6001441960D7E7C2
:108F200002D90C232B60D3E7206821188A4204BFA2
:108F300011685268626004BF091821605C60C7E76D
:108F400038BD00BFE8A9002070B5CD1C25F0030591
:108F500008350C2D38BF0C25002D064601DBA94233
:108F600003D90C233360002070BD02F0D9F8214AE8
:108F70001468214691B9204C23681BB9304600F093
:108F8000DFFD20602946304600F0DAFD431C24D185
:108F90000C233360304602F0C4F8E4E70B685B1B37
:108FA00018D40B2B0FD90B60CD50CC18304602F0E3
:108FB000B8F804F10B00231D20F00700C31AD3D02A
:108FC0005A42E250D0E78C424B6816BF6360136090
:108FD0000C46EBE70C464968CCE7C41C24F00304BC
:108FE000A04205D0211A304600F0AAFD0130CFD0B2
:108FF0002560DBE7E8A90020ECA900209368013B8D
:10900000002B10B4936008DA9469A34201DB0A29AB
:1090100003D15DF8044B00F02BBF1368581C10609F
:10902000197008465DF8044B7047F8B506460F46C0
:109030001446D518AC4201D1002007E03A4614F896
:10904000011B3046FFF7DAFF431CF3D1F8BD0000E7
:109050002DE9F04F9DB00C4617460393064618B114
:1090600083690BB901F010FF7B4B9C4257D17468A8
:10907000A38918075DD52369002B5AD000230993D3
:1090800020238DF8293030238DF82A304FF0010B42
:10909000B846454615F8013B0BB1252B54D1B8EB2A
:1090A000070A0BD053463A4621463046FFF7BDFF2C
:1090B000013000F0C280099B5344099398F80030B6
:1090C000002B00F0BA8000234FF0FF32CDE90523DA
:1090D000049307938DF853301A93A846052218F885
:1090E000011B5E4801F0CCFF049B78BBD90644BF4E
:1090F00020228DF853201A0744BF2B228DF85320CD
:109100002A782A2A2AD0079AA84600200A2541460A
:1091100011F8013B303B092B69D960B324E0504B77
:109120009C4201D1B468A3E74E4B9C4208BFF4684F
:109130009EE72146304600F0FBFE00289ED04FF00F
:10914000FF301DB0BDE8F08FA846A2E7434A801A61
:109150000BFA00F0184304904546BEE7039A111D30
:1091600012680391002A01DB079204E0524243F0A7
:1091700002030792049398F800302E2B0ED198F832
:1091800001302A2B38D1039B1A1D1B680392002B38
:10919000B8BF4FF0FF3308F102080593324D98F83D
:1091A00000100322284601F06BFF40B14023401B12
:1091B00003FA00F0049B034308F10108049398F8B4
:1091C00000102A488DF82810062208F1010701F046
:1091D00057FF002837D0264B1BBB039B073323F0D8
:1091E000070308330393099B4B44099350E705FB9E
:1091F0000232012088468AE7002308F1010805931E
:1092000019460A25404610F8012B303A092A03D99D
:10921000002BC3D00591C1E705FB01210123804646
:10922000F0E703AB00932246124B04A9304600F04E
:10923000B7F8B0F1FF3F8146D5D1A3895B063FF572
:109240007EAF09987DE703AB00932246094B04A942
:10925000304600F05BFBECE784D103000ED0030046
:10926000A4D1030064D1030014D0030018D003007C
:10927000A19303002B9003002DE9FF4755EC104B01
:109280000D9FDDF830A0002D0E4691461946B8BF5F
:1092900022462B4627F02007BBBF05F100431D46A1
:1092A00000232D23B8BF1446462F0B7004D0452F42
:1092B00000D10136022100E0032103AB019302AB90
:1092C00000933246534645EC104B00F035FF472FD4
:1092D000804602D119F0010F26D0462F08EB06096F
:1092E00011D198F80030302B0AD1002200232046FB
:1092F000294602F0B7FC18B9C6F10106CAF80060A9
:10930000DAF800309944002200232046294602F072
:10931000A9FC38B93022039B4B4505D2591C039157
:109320001A70F8E7CDF80C90039B0E9AA3EB080394
:109330004046136004B0BDE8F087F7B50029044645
:10934000BABF49422D232B23092904F8022B43706D
:1093500020DD0DF107031F460A2691FBF6F506FBFB
:1093600015113031092D03F8011C03F1FF32294694
:1093700009DC3031023B02F8011CBB42224604D317
:10938000101A03B0F0BD1346E7E713F8012B04F8F9
:10939000012BF2E7302319448370021DC170EFE7FF
:1093A0002DE9F04F8DB00C46DDF8588016461F466B
:1093B000054601F0F3FD03680493184600F023FC12
:1093C00000230A93D8F800300590073323F00703F1
:1093D00003F1080294F818A0D4F800B0C8F80020EF
:1093E000D3E90023C4E91223D4E9128929F0004308
:1093F0000793CDF818804FF0FF32A74BDDE9060147
:1094000002F062FC70BB4FF0FF32A34BDDE90601B6
:1094100002F03CFC30BB002200234046494602F0EB
:109420002BFC10B12D2384F843309C4A9C4BBAF19D
:10943000470F8CBF9046984603232BF0040223610C
:1094400022604FF00009009733460BAA21462846B8
:1094500000F0E6F9013040F08D804FF0FF300DB0A4
:10946000BDE8F08F42464B464046494602F02CFC90
:1094700010B18C4A8C4BDAE761684B1C4BF480626C
:109480000AA83ED1062363600023CDE9020309AB9D
:10949000009349EC108B0DF123032260CDF804A05A
:1094A00061682846FFF7E8FE0AF0DF03472B804695
:1094B00009D1099BD81C02DB6268934247DDAAF1FF
:1094C000020A5FFA8AFABAF1650F099924D80139BC
:1094D000524604F150000991FFF72FFF0A9A131822
:1094E000012A8146236102DC2268D10701D50133BC
:1094F00023619DF82330002BA5D02D2384F8433021
:10950000A1E7BAF1670F00F07781BAF1470FBBD13D
:109510000029B9D10123B6E7BAF1660F19D10029A4
:1095200063680CDD216113B92268D20702D50133CB
:109530000B442361099BA3654FF00009D9E713B9D8
:109540002268D00701D50233F3E70123F1E74FF09A
:10955000670ADDE90932934205DB22682361D107FE
:10956000E8D50133E5E7002BD4BFC3F102030123A3
:109570001344DEE723685A0507D42369424631467F
:109580002846B84701302BD167E7BAF1650F40F2A2
:10959000DC8000220023D4E9120102F063FB0028E2
:1095A00033D00123414A31462846B84701303FF4C1
:1095B00054AFDDE909239A4202DB2368D8070FD5AF
:1095C000DDE9042331462846B84701303FF445AF72
:1095D0004FF0000804F11A090A9B013B434509DCDE
:1095E00023689B0700F10381E0680B9B9842B8BF9A
:1095F000184634E701234A4631462846B847013029
:109600003FF42BAF08F10108E6E7099B002B2BDCA8
:109610000123264A31462846B84701303FF41DAFA2
:10962000099B23B90A9B13B92368D907D8D5DDE96B
:10963000042331462846B84701303FF40EAF4FF0BF
:10964000000904F11A0A099B5B424B4501DC0A9BA5
:1096500094E70123524631462846B84701303FF48B
:10966000FCAE09F10109EEE70A9AA36D9A42A8BF80
:109670001A46002A914607DD1346314642462846DF
:10968000B84701303FF4E9AE04F11A034FF0000B84
:1096900029EAE979069315E0FFFFEF7F23D0030065
:1096A0001FD003002BD0030027D003002FD00300CE
:1096B0000123069A31462846B84701303FF4CDAE23
:1096C0000BF1010BD4F858A0AAEB09035B45EFDCC2
:1096D000DDE909239A42D04415DB2368DA0712D466
:1096E0000A9B0999A3EB0A02A3EB010A9245A8BFC2
:1096F0009246BAF1000F0EDC4FF000082AEAEA7A2F
:1097000004F11A0919E0DDE9042331462846B84777
:109710000130E5D1A1E65346424631462846B847D6
:109720000130E9D199E601234A4631462846B84737
:1097300001303FF492AE08F10108DDE909239B1ADC
:10974000A3EB0A034345EEDC4AE70A9A012A01DC4F
:10975000DB073AD50123424631462846B847013057
:109760003FF47BAEDDE9042331462846B84701309B
:1097700008F101083FF471AE0A9B002203F1FF3AA1
:10978000D4E91201002302F06DFAC8B953464246EB
:1097900031462846B84701300ED15EE601235246D5
:1097A00031462846B84701303FF457AE08F101086A
:1097B0000A9B013B4345F1DC4B4604F15002DEE6D7
:1097C0004FF0000804F11A0AF2E70123DFE7012352
:1097D0004A4631462846B84701303FF43EAE08F1CC
:1097E0000108E3680B9A9B1A4345F0DCFCE64FF056
:1097F000000804F11909F4E700293FF48BAE0023B7
:10980000CDE9020309AB009349EC108B2260CDF83F
:1098100004A00DF123032846FFF72EFD804648E6FD
:109820002DE9F04791461F468A680B69DDF82080D4
:109830009342B8BF1346C9F8003091F8432006465A
:109840000C4612B10133C9F800302368990642BFB3
:10985000D9F800300233C9F80030256815F0060544
:1098600007D104F1190AE368D9F800209B1AAB422A
:1098700028DC94F843302268003318BF0123920695
:109880002DD404F1430239463046C047013020D080
:109890002368E568D9F8002003F00603042B08BF0D
:1098A000AD1AA36822690CBF25EAE575002593422D
:1098B000C4BF9B1AED184FF000091A344D451AD158
:1098C000002008E00123524639463046C0470130A7
:1098D00003D14FF0FF30BDE8F0870135C3E7E11851
:1098E0005A1C302081F84300224494F8451082F835
:1098F00043100233C5E70123224639463046C047AC
:109900000130E6D009F10109D8E700002DE9F04364
:1099100001F1430C0C46097E85B06E2917460646B8
:1099200098460C9A00F0B38022D8632936D00AD822
:10993000002900F0B980582900F0838004F1420525
:1099400084F8421032E0642901D06929F6D12068F8
:109950001368050603F104012AD51B681160002B6A
:1099600003DA2D225B4284F843206F480A2239E053
:10997000732900F09D8008D86F2920D07029DDD18F
:10998000236843F02003236003E0752917D078296A
:10999000D4D1782384F84530644855E01368191D04
:1099A0001B68116004F1420584F8423001238CE009
:1099B0001B68116010F0400F18BF1BB2CFE713688F
:1099C0002568181D1060280601D51B6802E068068E
:1099D000FBD51B8854486F2914BF0A220822002196
:1099E00084F843106568A560002DC0F29580216859
:1099F00021F004012160002B3DD1002D40F08E802C
:109A00006546082A0BD12368DB0708D523696268FD
:109A10009A42DEBF302305F8013C05F1FF35ACEB7F
:109A200005032361CDF800803B4603AA214630465A
:109A3000FFF7F6FE01304DD14FF0FF3005B0BDE825
:109A4000F083394884F84510136821681D1D1B6890
:109A500015600A060BD5CA0744BF41F020012160FA
:109A60001BB9226822F0200222601022B7E74D06BF
:109A700048BF9BB2EFE76546B3FBF2F102FB11333F
:109A8000C35C05F8013D0B460029F5D1B9E7136821
:109A900025686169181D106028061B6801D51960CA
:109AA00002E06A06FBD51980002323616546B9E709
:109AB0001368191D11601D6862680021284601F0B5
:109AC000DFFA08B1401B606063682361002384F8FB
:109AD0004330A7E723692A4639463046C04701305C
:109AE000AAD023689B0713D4E068039B9842B8BFB1
:109AF0001846A3E701234A4639463046C04701309D
:109B00009AD00135E368039A9B1AAB42F2DCEBE78B
:109B1000002504F11909F5E7002BACD1037884F88E
:109B2000423004F142056CE731D0030042D003001B
:109B3000024B0A460146186801F0D0BD2C61002096
:109B400038B5064C002305460846236002F032F97A
:109B5000431C02D1236803B12B6038BD14AA002036
:109B60000CB430B5174B0C1E9DB01D6808DA8B2362
:109B70002B604FF0FF301DB0BDE8304002B07047A1
:109B80004FF40273ADF8143014BF04F1FF332346D1
:109B9000049307934FF6FF7302900690ADF81630CA
:109BA000209A21AB02A92846019301F017FE431C1D
:109BB000BCBF8B232B60002CDDD0029B00221A70CF
:109BC000D9E700BF2C610020C9B2034610F8012B71
:109BD0001AB18A42F9D118467047002918BF0023EC
:109BE000F9E710F8012B11F8013B012A28BF9A422E
:109BF000F7D0D01A7047034611F8012B03F8012B58
:109C0000002AF9D17047034613F8012B002AFBD133
:109C1000181A0138704710B56AB10139841810F864
:109C2000013B11F8012F934203D1A04201D0002B38
:109C3000F5D1981A10BD1046FCE738B503460D461D
:109C400069B9BDE83840FFF7BFBF431C0446294649
:109C50001846FFF7B9FF0028F7D1204638BD002489
:109C6000F5E7F0B503787BB1044623782046661CFF
:109C70007BB14A1E631E12F8015F4DB113F8017FDC
:109C8000AF423446F7D0F0E70B78002B18BF002026
:109C9000F0BD1846FCE72DE9F0478046894692461C
:109CA0001E460F463D46089815F8014BFFF791F800
:109CB0002044437813F0080332D12D2C32D17C7824
:109CC000BD1C0122002E5DD0102E09D1302C07D1F1
:109CD0002B7803F0DF03582B4FD16C781026023518
:109CE000002A14BF4FF000416FF000410027B1FB84
:109CF000F6FC384606FB1C1EA4F13003092B17D8CE
:109D00001C46A64223DD7B1C07D084451CD301D111
:109D1000A64519DB00FB0640012715F8014BEBE7D0
:109D20002F46BFE72B2C04BFBD1C7C781A46C9E721
:109D3000A4F14103192B01D8373CE2E7A4F16103F8
:109D4000192B04D8573CDCE74FF0FF37E5E77B1CC5
:109D500008D12223C8F800300846BAF1000F07D115
:109D6000BDE8F08702B14042BAF1000FF8D00FB160
:109D700005F1FF39CAF80090F2E73024002EAFD188
:109D80000826ADE7302CA3D00A26A9E7084B37B543
:109D90001C68084D236A002B08BF2B46009313460E
:109DA0000A4601462046FFF776FF03B030BD00BFEC
:109DB0002C61002090610020024B01461868FFF7DB
:109DC000BFBE00BF2C61002010B50446FFF704F8A9
:109DD0002044437803F00303012B08BF20342046BE
:109DE00010BD10B50446FEF7F7FF2044437803F09A
:109DF0000303022B08BF203C204610BD30B5141EC3
:109E000005469BB0184605DA8B232B604FF0FF30D8
:109E10001BB030BD4FF40273ADF80C3014BF04F129
:109E2000FF332346029305934FF6FF73009104918D
:109E3000ADF80E3002461E9B6946284601F0CEFC66
:109E4000431CBCBF8B232B60002CE1D0009B002265
:109E50001A70DDE707B5009313460A46014603482A
:109E60000068FFF7CBFF03B05DF804FB2C61002016
:109E7000F8B50E461446054618B183690BB901F0D2
:109E800003F8214B9C422AD16C68A369A360A38983
:109E90001A072ED5236963B323692068C01A636942
:109EA000F6B28342374604DC2146284600F082FFA2
:109EB00028BBA368013BA36023685A1C22601E7064
:109EC00063690130834204D0A389DB0719D50A2EC8
:109ED00017D12146284600F06DFF90B10FE00B4BE3
:109EE0009C4201D1AC68D0E7094B9C4208BFEC68AA
:109EF000CBE72146284600F01BF80028CCD04FF0D5
:109F0000FF373846F8BD00BF84D10300A4D1030059
:109F100064D1030049B1FF2A85BF8A2303600A7018
:109F20004FF0FF3098BF012070470846704700008F
:109F3000324B70B51D6806460C4625B1AB6913B9A6
:109F4000284600F0A1FF2E4B9C420FD16C68B4F95B
:109F50000C309AB215072CD4D00611D409223260E5
:109F600043F04003A3814FF0FF303EE0254B9C427D
:109F700001D1AC68EBE7244B9C4208BFEC68E6E7F4
:109F8000510712D5616B41B104F14403994202D0EB
:109F90003046FEF78BFF00236363A38923F024037D
:109FA000A3810023636023692360A38943F008032E
:109FB000A38123694BB9A38903F42073B3F5007F10
:109FC00003D02146304601F01BF8A28912F00103AC
:109FD0000CD00023A36063695B42A361236953B97A
:109FE000B4F90C3013F08000BAD170BD920758BF9D
:109FF0006369A360F2E70020F7E700BF2C6100204F
:10A0000084D10300A4D1030064D1030008B5062065
:10A0100001F002FD012001F0DBFE2DE9F74F03699D
:10A020000C69A3428046C0F28280013C01F1140712
:10A030004FEA840C00F1140657F8245056F8240017
:10A0400006EB0C03013507EB0C090193B0FBF5F5AA
:10A0500095B34FF0000A3846B646D34650F8042B65
:10A0600093B205FB03A34FEA134A9BB2ABEB030386
:10A07000120CDEF800B005FB02A213FA8BF34FEAD4
:10A08000124A1FFA82FBDEF80020CBEB124202EBF1
:10A0900023429BB243EA024381454FEA224B4EF8EA
:10A0A000043BDBD256F80C3033B9019B043B9E4293
:10A0B0001A4630D3C8F81040404601F049FA00284B
:10A0C00025DB013530464FF0000C57F8042BD0F853
:10A0D00000E093B2ACEB0303120C13FA8EF3C2EB65
:10A0E0001E4202EB23429BB243EA0243B9454FEAC8
:10A0F000224C40F8043BE8D256F8242006EB8403B7
:10A100002AB9043B9E421A460BD3C8F81040284691
:10A1100003B0BDE8F08F1268043B002ACAD1013CAD
:10A12000C5E71268043B002AEFD1013CEAE70020B2
:10A13000EEE70000000000002DE9F04F57EC106B37
:10A1400097B0456A069104460B921293DDF8808021
:10A15000CDE900673DB91020FAF71CFE6062C0E946
:10A1600001550560C560636A196851B15A684A6053
:10A17000012393408B60204601F008F8636A0022B7
:10A180001A603B1EBBBF23F0004301930023012252
:10A19000ACBFC8F80030C8F80020AF4BDDF8048031
:10A1A00033EA080314D1129A42F20F731360009B32
:10A1B00023B9C8F31300002800F04285219BDFF883
:10A1C000ACB2002B00F044850BF1030300F03EBD60
:10A1D000DDE90067002200233046394601F042FDE8
:10A1E000814668B1129A01231360219B002B00F075
:10A1F00024859A4B219A03F1FF3B136000F028BDA0
:10A2000014AA15A947EC106B204601F018FAC8F300
:10A210000A550490002D7CD0C7F3130343F07F5BF5
:10A22000B2464BF4401BA5F2FF35CDF84C9000220E
:10A230008B4B50465946FDF7FFFF81A3D3E900231E
:10A24000FEF7B2F980A3D3E90023FDF7F7FF064636
:10A2500028460F46FEF73EF97DA3D3E90023FEF71B
:10A26000A3F902460B4630463946FDF7E7FF06469E
:10A270000F4601F03FFD002282460023304639465A
:10A2800001F0FAFC48B15046FEF724F932463B464D
:10A2900001F0E8FC08B90AF1FF3ABAF1160F59D8F3
:10A2A000704901EBCA01DDE90023D1E9000101F0A9
:10A2B00001FD002850D00AF1FF3A00230F93149BB0
:10A2C0005D1BB5F1010849BFC5F1010300230593EA
:10A2D0004FF0000858BF0593BAF1000F3EDB002392
:10A2E000D044CDF838A00793069B092B00F290804C
:10A2F000052BC4BF043B0693069BA3F10203CCBF0E
:10A3000000250125032B00F28F80DFE803F07D7F1D
:10A310003171DDE914531D4405F23240202813DD6C
:10A32000C0F14000009B08FA00F805F2124023FA41
:10A3300000F048EA0000FEF7BDF801238246A1F1D3
:10A34000F87B013D139372E7009BC0F1200003FAF4
:10A3500000F0F0E70123B1E70F90B0E7059BA3EB16
:10A360000A030593CAF10003079300230E93BBE78A
:10A3700001230A930B9B002B59DD02939946666AD1
:10A3800000227260042202F114009842716853D9CD
:10A39000204600F0C7FE636A3060B9F10E0FD3F8B3
:10A3A00000B000F2E680002D00F0E3809DED007B20
:10A3B000BAF1000F8DED107B74DD2A4A0AF00F030D
:10A3C00002EBC30393ED007B4FEA2A16F0068DEDF6
:10A3D000087B65D5244BDDE91001D3E90823FEF79E
:10A3E0000DFACDE9000106F00F0603251E4F4CE0E3
:10A3F00001230A930B9B534403F1010902934B463B
:10A40000012BB8BF0123BAE70023B2E70023F0E72E
:10A410000125002306930A954FF0FF3302939946D6
:10A42000002212230B92AAE701230A93F4E70123E7
:10A43000029399461A46F5E7013171605200A2E78E
:10A4400061436F63A787D23FB3C8608B288AC63F3A
:10A45000FB799F501344D33F0000F07F30D00300BE
:10A460000000F83FF0D10300C8D103005DD1030024
:10A47000F10708D5DDE90801D7E90023FEF794F8D4
:10A48000CDE90801013576100837002EF0D1DDE95D
:10A490000823DDE90001FEF7B1F9CDE900011AE07A
:10A4A0000225A3E700F0A080CAF100069F4BA04F51
:10A4B00006F00F0203EBC203D3E90023DDE910012C
:10A4C000FEF772F8CDE90001361100230225002EB7
:10A4D0007FD1002BE1D10F9B002B00F08780DDE9BD
:10A4E00000670022934B3046394601F0C5FB002837
:10A4F0007CD0B9F1000F79D0029B002B35DD0AF139
:10A50000FF330893394600228B4B3046FEF74CF858
:10A51000CDE90001029F01352846FDF7DBFFDDE9AB
:10A520000023FEF741F80022844BFDF787FE054625
:10A53000A1F15076002F5DD10022814BDDE90001B1
:10A54000FDF77AFE2A463346CDE9000101F0B2FB61
:10A55000002840F088822A4606F10043DDE9000128
:10A5600001F08AFB002840F07C82DDE91023CDE970
:10A570000023159B002BC0F25081BAF10E0F00F39F
:10A580004C816A4B03EBCA0393ED007B0B9B002BC2
:10A590008DED027B80F2D880B9F1000F00F3D480FA
:10A5A00040F05E820022664B51EC170BFDF7FCFF7A
:10A5B000DDE9002301F074FB4F464E46002840F0D1
:10A5C000348231230BF101058BF800300AF1010AC6
:10A5D0002FE2F20705D5D7E90023FDF7E5FF0135A6
:10A5E00001237610083772E7022574E7CDF820A022
:10A5F0004F4691E74D4B03EBC70353E902010A9B1A
:10A60000002B47D002460B4600204E49FEF7F6F8D5
:10A610002A463346FDF710FECDE90C015D46DDE923
:10A62000000101F067FB0646FDF754FF02460B46AA
:10A63000DDE90001FDF700FE303605F8016BDDE9CC
:10A640000C23CDE9000101F017FB002863D1DDE9FF
:10A65000002300203749FDF7EFFDDDE90C2301F071
:10A660000BFB002840F0B780A5EB0B039F427FF760
:10A670007CAF0022304BDDE90C01FDF795FF002295
:10A68000CDE90C012C4BDDE90001FDF78DFFCDE993
:10A690000001C4E72A463346FDF786FFCDE90C01E9
:10A6A0000BEB07055E46DDE9000101F023FB0746E1
:10A6B000FDF710FF303702460B46DDE90001FDF7DC
:10A6C000BBFD06F8017BAE42CDE900014FF0000270
:10A6D00026D11C4BDDE90C01FDF7B0FD02460B460F
:10A6E000DDE9000101F0E6FA002874D1DDE90C2370
:10A6F00000201449FDF7A0FD02460B46DDE90001EC
:10A7000001F0BAFA00283FF430AF15F8013C302BC5
:10A7100005F1FF3202D0DDF820A04AE01546F4E74B
:10A72000054BFDF741FFCDE90001BCE7F0D1030087
:10A73000C8D103000000F03F0000244000001C408E
:10A74000000014400000E03FDDE900675D46DDE900
:10A75000022330463946FEF751F801F0CBFA804625
:10A76000FDF7B8FEDDE90223FDF71EFF02460B46AA
:10A770003046394608F13006FDF75EFD05F8016BFD
:10A78000A5EB0B06B14502460B4639D1FDF756FD48
:10A79000DDE9022306460F4601F08CFAC8B9DDE96F
:10A7A00002233046394601F05DFA10B118F0010F6E
:10A7B0000FD10499204600F0E9FC0023129A2B7077
:10A7C0000AF101031360219B002B00F041821D6000
:10A7D0003EE2CDF820A015F8012C392A05F1FF330F
:10A7E00008D19B450AD1089B0133089330238BF88D
:10A7F00000305B461A7801321A708CE71D46EAE792
:10A8000000229B4BFDF7D0FE0022002306460F4698
:10A8100001F028FA00289AD0CBE70A9A002A00F023
:10A820008B80069A012A6EDC139A002A67D003F205
:10A830003343079F059D059A01211A44204605923E
:10A84000984400F043FD0646002D0CDDB8F1000FE2
:10A8500009DD4545059A2B46A8BF4346D21A059205
:10A86000ED1AA8EB0308079BEBB10A9B002B67D0FE
:10A870008FB131463A46204600F0C8FD049A0146A1
:10A880000646204600F02BFD04990890204600F073
:10A890007DFC089B0493079BDA1B04D00499204697
:10A8A00000F0B4FD04900121204600F00FFD0E9B46
:10A8B0000746002B00F0D0811A460146204600F0E2
:10A8C000A5FD069B012B074640DC009B002B39D1E0
:10A8D000019BC3F31303002B36D1019B23F00043EC
:10A8E0001B0D1B052BB1059B0133059308F10108D6
:10A8F000012307930E9B002B2AD1012030E0149BEB
:10A90000C3F1360395E7079B09F1FF37BB42BFBF91
:10A91000079B0797FA1A0E9BBBBF9B180E93DF1B72
:10A920000027B9F1000FB5BF059B059DA3EB0905F5
:10A930004B46B8BF00237EE7079F059D0A9E83E72D
:10A94000079AABE70023D4E7009BD2E700230793E5
:10A950003B6907EB8303186900F06AFCC0F1200033
:10A96000404410F01F0047D0C0F12003042B3BDD12
:10A97000059BC0F11C000344059305448044059BDE
:10A98000002B05DD1A460499204600F08DFD049049
:10A99000B8F1000F05DD39464246204600F084FD3F
:10A9A00007460F9B53B33946049800F0D1FD0028A9
:10A9B00024DA00230A220499204600F0FEFB0A9BB9
:10A9C00004900AF1FF3A002B00F04D81002331463C
:10A9D0000A22204600F0F1FB029B002B06464FDCCA
:10A9E000069B022B4CDD11E0C9D0059A1C331A449A
:10A9F00005921D449844C2E70346F6E7B9F1000FFB
:10AA000038DC069B022B35DDCDF80890029B63B93C
:10AA100039460522204600F0D0FB0146074604983F
:10AA200000F096FD00283FF7CCAD0B9B5D466FEA2A
:10AA3000030A4FF000093946204600F0A7FB002E1C
:10AA40003FF4B7AEB9F1000F05D0B14503D0494688
:10AA5000204600F09BFB3146204600F097FBA8E61D
:10AA600000273E46E1E7DDF820A03E46A9E500BF0D
:10AA7000000024400A9BCDF80890002B00F0FA80DB
:10AA8000002D05DD31462A46204600F00DFD064624
:10AA9000079B002B4CD07168204600F043FB3269C5
:10AAA00002320546920006F10C010C30FEF7C4F9A3
:10AAB00001222946204600F0F7FC009BCDF814B097
:10AAC00003F00103B1460793064639460498FFF7A1
:10AAD000A4FA4946054600F13008049800F038FD14
:10AAE000324600903946204600F04CFDC3680246CD
:10AAF00003BB01460890049800F02AFD089A03461B
:10AB000011462046089300F041FB089BA3B9069A22
:10AB100092B9079A82B9B8F1390F29D0009B002B5E
:10AB200001DD05F13108059B5D1C83F8008082E79B
:10AB30003046C2E70123E3E7009A002A04DB25D16F
:10AB4000069A1ABB079A0ABB002BECDD0122049976
:10AB5000204600F0A9FC3946049000F0F9FC0028DA
:10AB600003DCE0D118F0010FDDD0B8F1390FD8D1F6
:10AB7000059B059A5D1C3923137015F8013C392B90
:10AB800005F1FF324FD00133137054E7059A002BC3
:10AB900002F1010506DDB8F1390FE9D008F101082D
:10ABA000059BC2E7029A05F8018CA5EB0B039342C3
:10ABB00021D000230A220499204600F0FEFAB14574
:10ABC00004904FF000034FF00A024946204605D199
:10ABD00000F0F3FA81460646059576E700F0EDFAB7
:10ABE0003146814600230A22204600F0E6FA064656
:10ABF000F2E74FF0000901220499204600F054FCCE
:10AC00003946049000F0A4FC0028B6DC02D118F00C
:10AC1000010FB2D115F8013C302B05F1FF327FF462
:10AC20000AAF1546F6E7934505D131230AF1010A2B
:10AC30008BF80030FFE615469FE7DFF864B007E0C9
:10AC4000219BDFF860B01BB10BF10803219A136060
:10AC5000584617B0BDE8F08F069B012B7FF735AE45
:10AC60000E9B079349E6029B002B03DC069B022BFD
:10AC70003FF7CCAE5D4639460498FFF7CEF900F1B8
:10AC8000300805F8018B029AA5EB0B039A42B0DD60
:10AC900000230A220499204600F08FFA0490EAE784
:10ACA0002FD0030054D103008A892DE9F0410546D5
:10ACB00010070C4658D44B68002B05DC0B6C002B9E
:10ACC00002DC0020BDE8F081E66A002EF9D0002306
:10ACD00012F480522F68216A2B6032D0606DA389F4
:10ACE0005A0705D56368C01A636B0BB1236CC01A91
:10ACF00000230246E66A216A2846B047431CA3891E
:10AD000006D129681D2948D8294ACA40D60744D502
:10AD100000226260D9042269226004D5421C01D15C
:10AD20002B6803B96065616B2F600029C9D004F1FD
:10AD30004403994202D02846FEF7B8F80020606329
:10AD4000C0E701232846B047411CC8D12B68002B1F
:10AD5000C5D01D2B01D0162B01D12F60B1E7A389DF
:10AD600043F04003A381ADE70F69002FA9D09307FB
:10AD70000E6808BF4B690F6018BF0023A6EB0708D9
:10AD80008B60B8F1000F9CDD43463A46216AA66A03
:10AD90002846B047002806DCA38943F04003A3817E
:10ADA0004FF0FF308EE70744A8EB0008E9E700BF4B
:10ADB0000100402038B50B6905460C46DBB118B1DF
:10ADC00083690BB900F060F80C4B9C4209D16C68A8
:10ADD000B4F90C307BB121462846BDE83840FFF776
:10ADE00063BF074B9C4201D1AC68F1E7054B9C4225
:10ADF00008BFEC68ECE7002038BD00BF84D1030039
:10AE0000A4D1030064D10300002310B50446C0E9B7
:10AE10000033836081814366C281C0E9043383616A
:10AE2000194608225C30FEF72BF8054B6362054B90
:10AE3000A362054BE362054B2462236310BD00BF90
:10AE400051BA030073BA0300ABBA0300CFBA0300D0
:10AE5000014900F085B800BFB5AD030070B54A1ECA
:10AE6000682555430E4605F17401FEF76DF804465A
:10AE700040B10021C0E900160C30A06005F1680265
:10AE8000FDF7FEFF204670BD836910B5044633BB55
:10AE9000C0E912330365124B124A1B688262984262
:10AEA00004BF0123836100F01FF86060204600F0BA
:10AEB0001BF8A060204600F017F80022E060042193
:10AEC0006068FFF7A1FF01220921A068FFF79CFF3E
:10AED00002221221E068FFF797FF0123A36110BD52
:10AEE00000D0030051AE0300F8B51B4B1E68B369D8
:10AEF000074613B93046FFF7C7FF4836D6E9013495
:10AF0000013B03D5336833B13668F7E7B4F90C5029
:10AF10006DB16834F4E704213846FFF79FFF3060D5
:10AF20000028F1D10C233B6004462046F8BD0B4BB2
:10AF30006566C4E90055A560C4E90335C4E9055553
:10AF40000822294604F15C00FDF79AFFC4E90D557B
:10AF5000C4E91255E9E700BF00D003000100FFFF7C
:10AF60002DE9F8438046894600F14804002614B9CB
:10AF70003046BDE8F883D4E90175013F01D5246866
:10AF8000F5E7AB89012B07D9B5F90E30013303D0B2
:10AF900029464046C84706436835EEE7044B1B6820
:10AFA000186A044B002808BF1846F030704700BFED
:10AFB0002C6100209061002070B50E46B1F90E1092
:10AFC000002996B014461D4607DA00232B60B3898A
:10AFD0001A0610D44FF480630EE06A4600F09EFD1E
:10AFE0000028F2DB019A02F47042A2F500535A42A3
:10AFF0005A412A60EEE740230020236016B070BD5E
:10B000008B8973B59D0706460C4607D504F14703A7
:10B01000236023610123636102B070BD01AB6A4606
:10B02000FFF7CAFF009905463046FDF78DFF48B986
:10B03000B4F90C309A05EFD423F0030343F0020374
:10B04000A381E3E70D4BB362A389206043F0800343
:10B05000A381009B6361019B20615BB1B4F90E1079
:10B06000304600F06DFD28B1A38923F0030343F0BF
:10B070000103A381A3891D43A581CDE751AE030040
:10B0800001F0FF01102A2BDB10F0070F08D010F899
:10B09000013B013A8B422DD010F0070F42B3F6D19D
:10B0A000F0B441EA012141EA014122F007047FF0B6
:10B0B00000070023F0E80256083C85EA010586EA0D
:10B0C000010685FA47F5A3FA87F586FA47F6A5FA49
:10B0D00087F68EB9EED1F0BC01F0FF0102F0070255
:10B0E00032B110F8013B013A83EA010313B1F8D100
:10B0F0000020704701387047002D06BF35460338E1
:10B10000073815F0010F07D1013015F4807F02BF19
:10B11000013015F4C03F0130F0BC0138704700BF6A
:10B120007047704770B5456A04460E463DB9102019
:10B13000F9F730FE6062C0E901550560C560656AD7
:10B14000EB6883B1636ADB6853F82600B8B9012164
:10B1500001FA06F56A1D92002046FDF799FE60B1DE
:10B16000C0E901650EE0212204212046FDF790FE92
:10B17000636AE860DB68002BE4D1002070BD0268E0
:10B1800043F826200023C0E90333F7E770B5446A8B
:10B1900006460D463CB91020F9F7FCFD7062C0E987
:10B1A00001440460C4603DB1736A6A68DB6853F8A7
:10B1B0002210296043F8225070BD2DE9F0410D693D
:10B1C0001F4606460C4601F1140C0023DCF8000073
:10B1D00081B202FB01710F0C000C02FB007089B2FE
:10B1E000013301EB00419D424FEA10474CF8041B2C
:10B1F000ECDCD7B1A368AB4212DC616830460131A8
:10B20000FFF790FF2269023204F10C0180469200A0
:10B210000C30FDF711FE21463046FFF7B7FF4446DC
:10B2200004EB850301355F6125612046BDE8F081AF
:10B23000020C12040346B2B90304102013F07F4F2E
:10B2400004BF1B02083013F0704F04BF1B01043011
:10B2500013F0404F04BF9B000230002B06DB5B0065
:10B2600003D5013070470020E8E7202070470368CD
:10B2700013F0070201460BD0DA0723D4980749BF21
:10B280005B089B0801200B605CBF0B6002207047CD
:10B2900098B2A8B91B0C102013F0FF0F04BF1B0AB3
:10B2A00008301A0704BF1B0904309A0704BF9B0823
:10B2B0000230DA0702D45B0806D001300B60704719
:10B2C0001046E9E7002070472020704710B50C4673
:10B2D0000121FFF727FF01224461026110BD2DE922
:10B2E000F74F14460A6923699A42B8BF0B4688464D
:10B2F000BCBFA0461C46D8F81070D4F81090D8F8FF
:10B300000830D8F8041007EB0906B342B8BF013182
:10B31000FFF708FF00F1140505EB860E2B4600220F
:10B32000734516D304F1140208F1140102EB8903EA
:10B3300001EB87070093009B019293420CD8002EEB
:10B3400003DD5EF8043D002B5DD0066103B0BDE86F
:10B35000F08F43F8042BE3E7B2F800B0BBF1000F25
:10B3600023D08946AC464FF0000859F8044BDCF86E
:10B3700000A0A3B21FFA8AFA0BFB03A34FEA144AF8
:10B38000DCF8004043444FEA14480BFB0A8404EB0A
:10B390001344E2469BB243EA04434F454FEA144844
:10B3A0004AF8043B2BD8CCF80480019BB3F802A0E8
:10B3B0000432BAF1000F20D02B688946A8464FF01E
:10B3C000000BB9F800C0B8F802400AFB0C445C441A
:10B3D000C4469BB243EA04434CF8043B59F8043B8F
:10B3E000B8F804B01B0C0AFB03B303EB14434F453E
:10B3F0004FEA134B05D8C8F8043004359BE7D44610
:10B40000B3E7E046DDE7013E99E700002DE9F843A8
:10B41000154612F0030206460F4607D0013A214CAA
:10B42000002354F82220FFF7C8FE0746AD1035D0A0
:10B43000746A3CB91020F9F7ADFC7062C0E90144B0
:10B440000460C460D6F82480D8F808404CB940F2B3
:10B4500071213046FFF73AFF0023C8F80800044680
:10B4600003604FF00008EB070AD539462246304604
:10B47000FFF735FF394681463046FFF787FE4F46D6
:10B480006D100BD0206838B9224621463046FFF7B0
:10B4900026FF2060C0F800800446E4E73846BDE897
:10B4A000F88300BFB8D203002DE9F0470C464FEAFD
:10B4B000621A236949680AEB0309A368074616461E
:10B4C00009F10105AB4232DB3846FFF72BFE0023C2
:10B4D000804600F114011A4653452BDB20692AEA05
:10B4E000EA7A04F1140316F01F0201EB8A0103EB60
:10B4F000800C25D0C2F1200E00201E688A4696409E
:10B5000030434AF8040B53F8040B9C4520FA0EF024
:10B5100014D8486008B109F10205013D3846C8F861
:10B5200010502146FFF732FE4046BDE8F08701315A
:10B530005B00C7E741F823200133CDE75146DCE744
:10B54000043953F8042B41F8042F9C45F9D8E4E75B
:10B5500003690A699B1A30B50CD19200143014317A
:10B560008418114454F8045D51F8042D954203D019
:10B5700005D30123184630BDA042F3D3FAE74FF0BC
:10B58000FF33F7E72DE9F0470D46074611462846F9
:10B590001446FFF7DDFF061E08D131463846FFF797
:10B5A000C1FD0123C0E90436BDE8F087A4BF2346EE
:10B5B0002C4638466168A6BF1D4600260126FFF7C7
:10B5C000B1FD2B69C660266905F1140904F1140266
:10B5D00002EB860709EB830800F114054FF0000E1B
:10B5E00052F804AB59F8044B1EFA8AF1A3B2C91AF7
:10B5F000230CC3EB1A4303EB214389B24FEA234EDA
:10B60000C84541EA0343944645F8043BE8D8BC45A5
:10B6100004D355F8043D83B10661C5E75CF8041B0B
:10B620001EFA81F31A1402EB11429BB243EA024361
:10B630004FEA224E45F8043BE9E7013EE9E72DE9F0
:10B64000F7430E46012159EC108B1546FFF76AFDB2
:10B65000C9F30A540746C9F3130334BB0193B8F185
:10B66000000327D002A840F8083DFFF700FE00992C
:10B67000F0B1019AC0F1200302FA03F30B43C24078
:10B680007B610192019BBB61002B14BF0221012150
:10B690003961C4B1A4F2334404443460C0F13500CC
:10B6A0002860384603B0BDE8F08343F48013D5E743
:10B6B0007961E7E701A8FFF7DAFD019B7B610121D2
:10B6C00039612030E5E707EB8103A0F232403060BA
:10B6D0001869FFF7ADFDC0EB4110E1E7F8B507468B
:10B6E00014460E4621B91146BDE8F840FDF72CBCC2
:10B6F00022B9FDF7DBFB25462846F8BD00F042FAEB
:10B70000A0420FD221463846FDF71EFC0546002810
:10B71000F2D031462246FDF78FFB31463846FDF721
:10B72000C5FBE9E73546E7E72DE9F0478E689E421D
:10B7300082460C469046994637D88A8912F4906F13
:10B7400031D0256809696F1A6569022305EB450543
:10B7500095FBF3F509F101033B449D4238BF1D46BB
:10B76000530530D52946FDF7EFFB064650B90C23AB
:10B77000CAF80030A38943F04003A3814FF0FF30A3
:10B78000BDE8F0873A462169FDF756FBA38923F40B
:10B79000906343F08003A381266165613E44ED1B05
:10B7A0002660A5604E464E4500D94E46324641467B
:10B7B0002068FDF74CFBA3689B1BA36023681E4415
:10B7C00026600020DCE72A46FFF788FF06460028AF
:10B7D000E2D121695046FDF769FBC8E72DE9F04F3A
:10B7E0009DB0804603938B891D060C4616460FD5E7
:10B7F0000B696BB94021FDF7A7FB2060206128B9D8
:10B800000C23C8F800304FF0FF30C7E040236361DD
:10B810000023099320238DF8293030238DF82A3016
:10B820004FF0010B37463D4615F8013B0BB1252B78
:10B830003ED1B7EB060A0BD053463246214640466E
:10B84000FFF772FF013000F0A480099B5344099375
:10B850003B78002B00F09D8000234FF0FF32CDE9B4
:10B860000523049307938DF853301A932F4605222E
:10B8700017F8011B4F48FFF703FC049BD0B9D9060A
:10B8800044BF20228DF853201A0744BF2B228DF885
:10B8900053202A782A2A15D0079A2F4600200A25F5
:10B8A000394611F8013B303B092B4DD9B8B10FE0B7
:10B8B0002F46B8E73F4A801A0BFA00F0184304906D
:10B8C0003D46D3E7039A111D12680391002A01DB5C
:10B8D000079204E0524243F00203079204933B783C
:10B8E0002E2B0CD17B782A2B33D1039B1A1D1B687E
:10B8F0000392002BB8BF4FF0FF33023705932E4D54
:10B90000397803222846FFF7BBFB38B14023401BA0
:10B9100003FA00F0049B0343013704933978274866
:10B920008DF8281006227E1CFFF7AAFB002838D0CD
:10B93000234B13BB039B073323F007030833039305
:10B94000099B4B4409936DE705FB023201200F462A
:10B95000A6E700230137059319460A25384610F853
:10B96000012B303A092A03D9002BC8D00591C6E72C
:10B9700005FB012101230746F0E703AB00932246B4
:10B98000104B04A94046FDF70BFDB0F1FF3F814687
:10B99000D6D1A3895B063FF536AF09981DB0BDE847
:10B9A000F08F03AB00932246064B04A94046FDF7F7
:10B9B000ADFFEAE70ED0030014D0030018D0030057
:10B9C000A193030029B703001F2938B504460D468B
:10B9D00004D9162303604FF0FF3038BD426C12B11A
:10B9E00052F821304BB9204600F030F82A46014683
:10B9F0002046BDE8384000F017B8012B0AD0591C8A
:10BA000003D1162303600120E7E7002442F8254014
:10BA1000284698470020E0E7024B01461868FFF7E8
:10BA2000D3BF00BF2C61002038B5074C002305466A
:10BA300008461146236000F0A5F9431C02D1236893
:10BA400003B12B6038BD00BF14AA002000F08AB9F2
:10BA500010B50C46B1F90E1000F09CF80028ABBFF1
:10BA6000636DA3891B1823F48053ACBF6365A38166
:10BA700010BD2DE9F0411F468B89DB0505460C46BC
:10BA8000164605D502230022B1F90E1000F068F821
:10BA9000A389B4F90E1023F48053A38132463B46A8
:10BAA0002846BDE8F04100F017B810B50C46B1F9D2
:10BAB0000E1000F055F8431CA38915BF606523F4F0
:10BAC000805343F48053A38118BFA38110BDB1F903
:10BAD0000E1000F013B8000038B5074C05460846B4
:10BAE0001146002222601A46FBF7B8FC431C02D123
:10BAF000236803B12B6038BD14AA002038B5064C6A
:10BB0000002305460846236000F01CF9431C02D1BF
:10BB1000236803B12B6038BD14AA002038B5074C48
:10BB20000023054608461146236000F013F9431C24
:10BB300002D1236803B12B6038BD00BF14AA0020D6
:10BB400038B5064C002305460846236000F012F97C
:10BB5000431C02D1236803B12B6038BD14AA002016
:10BB600038B5074C054608461146002222601A46A1
:10BB700000F010F9431C02D1236803B12B6038BDDB
:10BB800014AA002051F8043C181F002BBCBF0B580E
:10BB9000C018704738B5074C0546084611460022C4
:10BBA00022601A4600F0FEF8431C02D1236803B15C
:10BBB0002B6038BD14AA00204FF0FF3C06E000BF08
:10BBC0004FF0010C02E000BF4FF0010C4DF804CD26
:10BBD0004FEA410C7FEA6C5C4FEA430C18BF7FEAE6
:10BBE0006C5C1BD001B050EA410C0CBF52EA430C14
:10BBF00091EA030F02BF90EA020F0020704710F194
:10BC0000000F91EA030F58BF994208BF90422CBF22
:10BC1000D8176FEAE37040F0010070474FEA410C1B
:10BC20007FEA6C5C02D150EA013C07D14FEA430C39
:10BC30007FEA6C5CD6D152EA033CD3D05DF8040BAA
:10BC4000704700BF8446104662468C4619466346DC
:10BC500000E000BF01B5FFF7B7FF002848BF10F1B3
:10BC6000000F01BD4DF808EDFFF7F4FF0CBF0120F8
:10BC700000205DF808FB00BF4DF808EDFFF7EAFF74
:10BC800034BF012000205DF808FB00BF4DF808ED2F
:10BC9000FFF7E0FF94BF012000205DF808FB00BF24
:10BCA0004DF808EDFFF7CEFF94BF012000205DF8AE
:10BCB00008FB00BF4DF808EDFFF7C4FF34BF0120BB
:10BCC00000205DF808FB00BF4FEA410C7FEA6C5C86
:10BCD00002D150EA013C0AD14FEA430C7FEA6C5C86
:10BCE00002D152EA033C02D14FF0000070474FF0FE
:10BCF000010070474FEA410212F5001215D211D52A
:10BD00006FF47873B3EB625212D94FEAC12343F058
:10BD1000004343EA505311F0004F23FA02F018BFDA
:10BD2000404270474FF00000704750EA013005D1A3
:10BD300011F0004008BF6FF0004070474FF0000066
:10BD4000704700BF024B58221A604FF0FF30704717
:10BD500014AA0020024B58221A604FF0FF3070479F
:10BD600014AA0020024B58221A604FF0FF3070478F
:10BD700014AA0020024B58221A600020704700BF0E
:10BD800014AA0020024B58221A604FF0FF3070476F
:10BD900014AA0020024B58221A604FF0FF3070475F
:10BDA00014AA0020024B58221A604FF0FF3070474F
:10BDB00014AA0020044A05491368002B08BF0B464B
:10BDC0001844106018467047F0A9002018AA0020F7
:10BDD000FEE700BFF8B500BFF8BC08BC9E46704740
:10BDE000F8B500BFF8BC08BC9E46704754696E7930
:10BDF0005553422053657269616C000000000000D9
:10BE000000000000316502008963020079630200CE
:10BE10006D630200F16202003D63020011630200E3
:10BE2000D1630200F0FFFFFF00000000296502005F
:10BE300012010002000000409A23B3000001010239
:10BE40000301000009020900000100A03200000007
:10BE50003031323334353637383941424344454640
:10BE60004E6F6C6F676F000050726F4D6963726F39
:10BE7000204E52463532383430000000416461664D
:10BE800072756974000000004D6173732053746F04
:10BE90007261676500000000312E300075736264C6
:10BEA00000000000050F3900021810050038B60820
:10BEB00034A909A0478BFDA0768815B6650001015D
:10BEC000011C100500DF60DDD88945C74C9CD26598
:10BED0009D9E648A9F00000306B2000200010300D9
:10BEE0000000000019700200A9700200D570020065
:10BEF0001D71020029720200FD72020000000000A4
:10BF000000000000757D020000000000857D020039
:10BF1000957D02002D7E02007D7F02000000000062
:10BF200000000000B5740200CD740200D17402005C
:10BF3000E9740200B1750200D97702000000000028
:10BF400000000000758C0200998C02009D8C02009C
:10BF5000C18C0200E98D020069950200000000001A
:10BF6000000000009978020009790200357902008A
:10BF70005D790200917A0200957A020000000000CB
:10BF8000000000004D860200A5860200C186020066
:10BF9000E58602003D6D02001D88020000000000E1
:10BFA0005F757362645F7164656600005D20000008
:10BFB00068C1030070C1030078C1030080C10300A1
:10BFC0008CC1030094C10300A0C10300B0C10300F1
:10BFD000BCC1030041542B43434C4B3F00000000C5
:10BFE0002B434D4752443A002B434D47523A0000F1
:10BFF0006E6F202B434D4752206865616465722047
:10C00000696E207265706C7900000000756E65784D
:10C01000706563746564202B434D475220706172D4
:10C02000616D657465727320282564290000000025
:10C0300041542B43535100002B4353513A0000000D
:10C040006E6F20273E272070726F6D7074000000A5
:10C0500041542B434C49503D3100000069676E6FDD
:10C060007265643A20257300415445300000000099
:10C07000415400006E6F74696669636174696F6E24
:10C080002071756575652066756C6C2C2064726F07
:10C090007070696E673A2025730000004552524F58
:10C0A000520000002B434D45204552524F52000094
:10C0B0002B434D53204552524F5200002573202DE3
:10C0C0003E2025730000000025732074696D6564AF
:10C0D000206F7574000000004F4B00002B00000023
:10C0E00041542B434D47533D22257322000000004D
:10C0F00073656E64206661696C65643A202573001F
:10C1000073656E642074696D6564206F75740000DA
:10C1100052582025730000006F76657273697A6546
:10C1200064206C696E652064697363617264656420
:10C130000000000041542B43504D533F00000000CD
:10C1400041542B434D47463D3100000041542B43A1
:10C150004D47443D257500005458202573000000CC
:10C160006D6F64656D00000052494E47000000008D
:10C170002B434C49503A00002B434D54493A0000A0
:10C180004E4F204341525249455200002B43454EE9
:10C19000443A0000564F4943452043414C4C3A0035
:10C1A0004D49535345445F43414C4C3A0000000015
:10C1B0004E4F20414E5357455200000042555359AF
:10C1C00000000000253032753A253032750000003D
:10C1D000756E706172736561626C653A20257300DB
:10C1E00074696D65000000006F7574206F662072C1
:10C1F000616E67653A2025730000000090C503005A
:10C200001CC703006CC703006CC7030018C40300FD
:10C210005F0000006E616D65206F72206E756D624B
:10C220006572202055502F444E207069636B20208A
:10C23000454E54202045534300000000546F3A20DF
:10C240000000000074797065206D65737361676527
:10C250002020454E542073656E64202045534320B2
:10C2600063616E63656C000041542B434D47523D42
:10C27000256400002A000000210000002F000000BB
:10C280006576656E740000004E6577206D6573738A
:10C29000616765202D2D20696E626F78206F6E209A
:10C2A000455343004E6577206D6573736167652064
:10C2B00066726F6D200000002B434C495000000057
:10C2C00043616C6C3A200000496E636F6D696E6764
:10C2D0002063616C6C0000004D69737365642063BA
:10C2E000616C6C3A200000006F6B000064656C6547
:10C2F000746520736C6F742025643A2025730000E8
:10C300002B3100004E4F5420464F554E4400000044
:10C310004E4F5420524553504F4E44494E47000013
:10C320007072657373206B65797320746F20746508
:10C330007374207468656D202045534320626163E7
:10C340006B0000006469792D70686F6E65200000D5
:10C35000667265652052414D20200000206279748C
:10C36000657300006B6579626F6172642020000064
:10C370006D6F64656D2020202020000041542B4308
:10C380004F50533F000000006F70657261746F7210
:10C39000202000006E65742074696D652020000007
:10C3A0007369676E616C2020202000002F333100FC
:10C3B000736D7320736C6F7473200000206F6620A0
:10C3C000000000006D69737365642063616C6C73B9
:10C3D0000000000020206E6F6E6500006B65792004
:10C3E000746573743A200000707265737320616E17
:10C3F00079206B65790000004641494C45440000B6
:10C400006465627567206F6E000000006465627588
:10C4100067206F66660000007374617475730000B6
:10C420004154490041542B4350494E3F0000000005
:10C4300041542B435245473F00000000646562753C
:10C440006700000072616D00206279746573206678
:10C4500072656500636F6D6D616E64733A00000014
:10C46000202041542E2E2E20202073656E642061E2
:10C470006E7920415420636F6D6D616E6420746F1E
:10C4800020746865206D6F64656D2C207072696E14
:10C490007420746865207265706C79002020737454
:10C4A0006174757320206D6F64656D206865616CC3
:10C4B000746820636865636B000000002020646579
:10C4C000627567202020746F67676C6520726177E2
:10C4D0002041542054582F52582074726163696E61
:10C4E00067000000202072616D20202020207368EA
:10C4F0006F7720667265652052414D002020686587
:10C500006C702020202074686973206C697374003B
:10C51000656D696C696500006C697A00646F6E0016
:10C520005B6F6B5D200000005B2D2D5D2000000027
:10C5300055502F444E207363726F6C6C2020442042
:10C5400064656C202052207265706C792020455300
:10C5500043206261636B000046726F6D2000000033
:10C560006174200020202800290000002E2E2E00BB
:10C57000696E626F7820656D707479006D6F6465A7
:10C580006D206F66666C696E65202D2D206E6F20A4
:10C59000696E626F78000000454E542072656164D8
:10C5A00020204320636F6D706F73652020442064EA
:10C5B000656C2020522072656C6F616420205441AC
:10C5C000420000004320636F6D706F7365732061DC
:10C5D000206D6573736167653B20746578742074A2
:10C5E000686973006E756D62657220746F2066698C
:10C5F0006C6C2074686520696E626F782E00000094
:10C600002D2D3A2D2D00000073656E64696E672E26
:10C610002E2E000027000000272020283078000060
:10C62000636F64652030780073656E6420746F20DA
:10C6300025733A202573000073656E7400000000B6
:10C6400053454E44204641494C45440041542B43F8
:10C650004D474C3D22414C4C2200000041542B439D
:10C660004D474C206661696C65640000736D730012
:10C670002B434D474C3A0000554E52454144000073
:10C680003F0000002564206D657373616765287342
:10C69000292C20256420756E7265616400000000FD
:10C6A0007634340010C5030074C7030018C50300B6
:10C6B00084C703001CC5030094C703006D6F646545
:10C6C0006D206F6E6C696E65000000006469792DE5
:10C6D00070686F6E650000006B6579626F617264EF
:10C6E000206F6B00626F6F740000000077616974E7
:10C6F000696E672E2E2E00005245414459000000FD
:10C7000053494D2063617264000000002C31000029
:10C710002C35000020756E72656164206D65737341
:10C72000616765006B6579626F617264000000008B
:10C730005344412D3E382053434C2D3E373F00009B
:10C7400054582D3E342052582D3E333F20706F7781
:10C7500065723F006E6574776F726B00736561720E
:10C760006368696E672E2E2E00000000636F6D7087
:10C770006F7365002B31363436333237383232300E
:10C78000000000002B31363137343239393134343E
:10C79000000000002B313635313235323437363532
:10C7A000000000000000000000000000A9130300CA
:10C7B000D1130300996A02008D1303009113030043
:10C7C00099130300A1130300705F73706920213D6A
:10C7D000204E554C4C0000002F686F6D652F64771C
:10C7E000626C6169722F2E706C6174666F726D6914
:10C7F0006F2F7061636B616765732F6672616D6522
:10C80000776F726B2D61726475696E6F61646166BA
:10C81000727569746E726635322F6C6962726172FC
:10C820006965732F5350492F5350492E6370700020
:10C83000535049436C6173733A3A535049436C61A6
:10C840007373284E52465F5350494D5F547970655B
:10C850002A2C2075696E74385F742C2075696E748B
:10C86000385F742C2075696E74385F74290000007D
:10C8700000000000003E5B4F5B3E3E6B4F6B3E1C7A
:10C880003E7C3E1C183C7E3C181C577D571C1C5E91
:10C890007F5E1C00183C1800FFE7C3E7FF00182468
:10C8A0001800FFE7DBE7FF30483A060E2629792912
:10C8B00026407F050507407F05253F5A3CE73C5A47
:10C8C0007F3E1C1C08081C1C3E7F14227F22145F24
:10C8D0005F005F5F06097F017F006689956A60607F
:10C8E00060606094A2FFA29408047E040810207E79
:10C8F000201008082A1C08081C2A08081E101010FE
:10C90000100C1E0C1E0C30383E3830060E3E0E0643
:10C91000000000000000005F000000070007001496
:10C920007F147F14242A7F2A122313086462364955
:10C930005620500008070300001C2241000041223D
:10C940001C002A1C7F1C2A08083E08080080703042
:10C9500000080808080800006060002010080402B1
:10C960003E5149453E00427F4000724949494621B7
:10C9700041494D331814127F1027454545393C4A2B
:10C980004949314121110907364949493646494942
:10C99000291E00001400000040340000000814228A
:10C9A00041141414141400412214080201590906F8
:10C9B0003E415D594E7C1211127C7F494949363EF9
:10C9C000414141227F4141413E7F494949417F09DF
:10C9D0000909013E414151737F0808087F00417FEA
:10C9E00041002040413F017F081422417F404040E8
:10C9F000407F021C027F7F0408107F3E4141413E80
:10CA00007F090909063E4151215E7F091929462601
:10CA10004949493203017F01033F4040403F1F2005
:10CA200040201F3F4038403F6314081463030478DC
:10CA300004036159494D43007F41414102040810FC
:10CA400020004141417F0402010204404040404037
:10CA5000000307080020545478407F2844443838A5
:10CA600044444428384444287F3854545418000817
:10CA70007E090218A4A49C787F0804047800447DF1
:10CA800040002040403D007F1028440000417F408E
:10CA9000007C047804787C080404783844444438E2
:10CAA000FC1824241818242418FC7C0804040848C2
:10CAB0005454542404043F44243C4040207C1C2013
:10CAC00040201C3C4030403C44281028444C90906E
:10CAD000907C4464544C44000836410000007700C8
:10CAE00000004136080002010204023C2623263CD5
:10CAF0001EA1A161123A4040207A38545455592160
:10CB00005555794122545478422155547840205447
:10CB10005579400C1E527212395555555939545495
:10CB2000545939555454580000457C410002457D04
:10CB3000420001457C407D1211127DF0282528F02D
:10CB40007C545545002054547C547C0A097F49325A
:10CB5000494949323A4444443A324A4848303A41D1
:10CB600041217A3A42402078009DA0A07D3D42427A
:10CB7000423D3D4040403D3C24FF2424487E494303
:10CB8000662B2FFC2F2BFF0929F620C0887E090376
:10CB900020545479410000447D413048484A32389D
:10CBA0004040227A007A0A0A727D0D19317D2629C9
:10CBB000292F28262929292630484D4020380808C1
:10CBC000080808080808382F10C8ACBA2F102834F5
:10CBD000FA00007B000008142A142222142A1408E8
:10CBE0005500550055AA55AA55AAFF55FF55FF00F7
:10CBF0000000FF00101010FF00141414FF001010AC
:10CC0000FF00FF1010F010F0141414FC001414F7BF
:10CC100000FF0000FF00FF1414F404FC14141710AC
:10CC20001F10101F101F1414141F00101010F000FC
:10CC30000000001F101010101F10101010F0100036
:10CC40000000FF101010101010101010FF10000046
:10CC500000FF140000FF00FF00001F10170000FC81
:10CC600004F414141710171414F404F40000FF0053
:10CC7000F714141414141414F700F71414141714DC
:10CC800010101F101F141414F4141010F010F000E2
:10CC9000001F101F0000001F14000000FC14000003
:10CCA000F010F01010FF10FF141414FF14101010E7
:10CCB0001F00000000F010FFFFFFFFFFF0F0F0F09A
:10CCC000F0FFFFFF0000000000FFFF0F0F0F0F0F2E
:10CCD0003844443844FC4A4A4A347E02020606027A
:10CCE0007E027E0263554941633844443C04407EE1
:10CCF000201E2006027E020299A5E7A5991C2A495A
:10CD00002A1C4C7201724C304A4D4D3030487848E4
:10CD100030BC625A463D3E494949007E0101017ED0
:10CD20002A2A2A2A2A44445F444440514A44404023
:10CD3000444A51400000FF0103E080FF0000080862
:10CD40006B6B083612362436060F090F06000018E2
:10CD5000180000001010003040FF0101001F010109
:10CD60001E00191D1712003C3C3C3C000000000056
:10CD70000000000000000000E9260300353A03002F
:10CD8000996A0200211A0300454D0300251A030089
:10CD9000291A0300B51D0300391A03004D1A0300B8
:10CDA000811C0300251A0300651A0300611A0300A1
:10CDB000E51F0300091F0300311B0300511E030080
:10CDC000891A0300B11B03000000000000000000EE
:10CDD000E9260300353A0300996A0200211A03008C
:10CDE000052A0300112803005D290300B92D030063
:10CDF000992E0300192F0300811C03004128030012
:10CE0000651A030065280300913003009D2F03007D
:10CE100081310300511E0300891A0300B11B030076
:10CE2000454D0300454D03000901809611800A3AE3
:10CE300081550A3601082A04000000F02B04000086
:10CE4000014021800A13800A29800A0000000000A6
:10CE500000000000E9260300353A0300996A020049
:10CE6000211A0300052A0300112803005D2903008D
:10CE7000B92D0300992E0300192F0300811C030014
:10CE800041280300E93603006528030091300300C0
:10CE90009D2F030081310300511E0300891A0300F6
:10CEA000B11B0300713803008D380300000000003F
:10CEB00000000000E9260300353A0300996A0200E9
:10CEC000211A0300052A0300112803005D2903002D
:10CED000B92D0300992E0300192F0300811C0300B4
:10CEE00041280300DD38030065280300913003006A
:10CEF0009D2F030081310300511E0300891A030096
:10CF0000B11B0300713803008D38030008000000D6
:10CF100006000000110000001400000016000000D0
:10CF200018000000200000000B000000240000009A
:10CF300026000000090000000A0000002B0000008D
:10CF40002D0000002F000000020000001D00000066
:10CF50001F0000002100000022000000250000004A
:10CF60000D0000000F0000000D0A0000000000008E
:10CF700000000000DD3D0300293E0300993D030051
:10CF8000B13D0300813D0300913D0300893D030055
:10CF90008D3E0300C5400300D93C0300D13C030093
:10CFA000546D725100000000546D7220537663007E
:10CFB0006C6F6F700000000043616C6C6261636BAA
:10CFC000000000002C2066756E6374696F6E3A2055
:10CFD00000617373657274696F6E2022257322205D
:10CFE0006661696C65643A2066696C652022257308
:10CFF000222C206C696E65202564257325730A0038
:10D00000306100204300504F534958002E00232D1B
:10D01000302B2000686C4C00656667454647004928
:10D020004E4600696E66004E414E006E616E0030E5
:10D030000030313233343536373839414243444594
:10D040004600303132333435363738396162636403
:10D05000656600002020202020202020202828286D
:10D0600028282020202020202020202020202020B0
:10D0700020202020881010101010101010101010F8
:10D080001010101004040404040404040404101018
:10D0900010101010104141414141410101010101B5
:10D0A0000101010101010101010101010101011061
:10D0B000101010101042424242424202020202028A
:10D0C0000202020202020202020202020202021032
:10D0D0001010102000000000000000000000000000
:10D0E0000000000000000000000000000000000040
:10D0F0000000000000000000000000000000000030
:10D10000000000000000000000000000000000001F
:10D11000000000000000000000000000000000000F
:10D1200000000000000000000000000000000000FF
:10D1300000000000000000000000000000000000EF
:10D1400000000000000000000000000000000000DF
:10D1500000000000496E66696E697479004E614E88
:10D1600000000000000000000000000000000000BF
:10D1700000000000000000000000000000000000AF
:10D18000000000000000000000000000000000009F
:10D19000000000000000000000000000000000008F
:10D1A000000000000000000000000000000000007F
:10D1B000000000000000000000000000000000006F
:10D1C00000000000000000000080E03779C3414308
:10D1D000176E05B5B5B89346F5F93FE9034F384DDD
:10D1E000321D30F94877825A3CBF737FDD4F157589
:10D1F000000000000000F03F00000000000024409C
:10D2000000000000000059400000000000408F4076
:10D21000000000000088C34000000000006AF840E1
:10D220000000000080842E4100000000D012634105
:10D230000000000084D797410000000065CDCD417B
:10D24000000000205FA00242000000E8764837425C
:10D25000000000A2941A6D42000040E59C30A242FA
:10D260000000901EC4BCD64200003426F56B0C436F
:10D270000080E03779C3414300A0D8855734764316
:10D2800000C84E676DC1AB43003D9160E458E14377
:10D29000408CB5781DAF154450EFE2D6E41A4B44EC
:10D2A00092D54D06CFF08044F64AE1C7022DB54431
:10D2B000B49DD9794378EA440500000019000000C4
:08D2C0007D00000000000000E9
:08D2C800888FFE7F01000000C9
:10D2D000000000000A00000000000306B200080081
:10D2E00001000000A800080002000000A0001400D7
:10D2F000030057494E555342000000000000000053
:10D3000000008400040007002A0044006500760045
:10D3100069006300650049006E00740065007200DA
:10D320006600610063006500470055004900440045
:10D330007300000050007B003900370035004600C4
:10D3400034003400440039002D0030004400300027
:10D3500038002D0034003300460044002D00380012
:10D360004200330045002D003100320037004300F9
:10D3700041003800410046004600460039004400A4
:10D380007D000000000000000400000010000C0000
:10D3900054720020A0BF0300000000000000000045
:10D3A000000000000000000000000000000000007D
:10D3B000000000000000000000000000000000006D
:10D3C000000000000000000000000000000000005D
:10D3D000000000000000000000000000000000004D
:10D3E0000000000000000000FF020000FFFFFFFF40
:10D3F000FFFFFFFFFFFFFFFF0090D0033061002021
:10D400000000000084D10300A4D1030064D1030014
:10D41000000000000000000000000000000000000C
:10D4200000000000000000000000000000000000FC
:10D4300000000000000000000000000000000000EC
:10D4400000000000000000000000000000000000DC
:10D4500000000000000000000000000000000000CC
:10D460004300000000000000000000000000000079
:10D4700000000000000000000000000000000000AC
:10D480004300000000000000000000000000000059
:10D49000000000000000000000000000000000008C
:10D4A0004300000000000000000000000000000039
:10D4B000000000000000000000000000000000006C
:10D4C0004300000000000000000000000000000019
:10D4D000000000000000000000000000000000004C
:10D4E00043000000000000000000000000000000F9
:10D4F000000000000000000000000000000000002C
:10D5000043000000000000000000000000000000D8
:10D51000000000000000000000000000000000000B
:10D5200043000000000000000000000000000000B8
:10D5300000000000000000000000000000000000EB
:10D54000159F0300158E03000000000053D0030058
:10D550000CD00300FFCF0300FFCF0300FFCF030079
:10D56000FFCF0300FFCF0300FFCF0300FFCF030077
:10D57000FFCF0300FFCF0300FFFFFFFFFFFFFFFF11
:10D58000FFFFFFFFFFFF0000010041534349490037
:10D59000000000000000000000000000000000008B
:10D5A0000000000000000000000041534349490012
:10D5B000000000000000000000000000000000006B
:10D5C00000000000000000000000000001620200F6
:10D5D0003562020025660200550F0300151703008F
:0CD5E000C919030055430300116202004A
:040000033000735DF9
:00000001FF
