:020000022000DC
:1060000000000420BD970300FD970300FF970300E5
:1060100001980300039803000598030000000000A6
:10602000000000000000000000000000D9950300FF
:106030000998030000000000F99503000D98030083
:106040006D9903000F980300656703001930030082
:106050000F9803000F980300496803000F9803008E
:106060000F9803000F9803000F9803000F98030088
:106070000F9803000F9803000F9803000F98030078
:106080000F9803005D9303000F9803000F9803001F
:106090000F9803000F9803000F9803000F98030058
:1060A0000F9803000F9803000F9803000F98030048
:1060B0000F9803000F98030000000000000000008C
:1060C0000F9803000F9803000F980300599F0300D7
:1060D0000F9803000F9803000F980300F16C020063
:1060E0000F9803000F9803000F98030000000000B2
:1060F000000000000F98030000000000D19F030083
:10610000000000000000000000000000000000008F
:10611000000000000000000000000000000000007F
:10612000000000000000000000000000000000006F
:10613000000000000000000000000000000000005F
:10614000000000000000000000000000000000004F
:10615000000000000000000000000000000000003F
:10616000000000000000000000000000000000002F
:10617000000000000000000000000000000000001F
:10618000000000000000000000000000000000000F
:1061900000000000000000000000000000000000FF
:1061A00000000000000000000000000000000000EF
:1061B00000000000000000000000000000000000DF
:1061C00000000000000000000000000000000000CF
:1061D00000000000000000000000000000000000BF
:1061E00000000000000000000000000000000000AF
:1061F000000000000000000000000000000000009F
:10620000F1EE103A43F08073E1EE103A704700BFB0
:1062100010B5054C237833B9044B13B10448AFF3E0
:1062200000800123237010BD3C63002000000000AB
:10623000A406040008B5034B1BB103490348AFF3A0
:10624000008008BD0000000040630020A406040098
:10625000154B002B08BF134B9D46A3F5803A002138
:106260008B460F461348144A121A15F0BDF80F4B0F
:10627000002B00D098470E4B002B00D098470020F1
:10628000002104000D000D48002802D00C48AFF397
:10629000008015F025F82000290013F0E1FA14F031
:1062A000F9FF00BF0000080000000420000000000B
:1062B000000000003C63002020BE00200000000021
:1062C000000000000146014800F08EBA746300200F
:1062D00038B5064B1D783DB100242046013400F04E
:1062E00049FEE0B28542F9D838BD00BF7063002096
:1062F000407DFF2806D010B500F088FD044618B197
:10630000204610BD0020704713F080FF204610BDCE
:10631000407DFF280ED000B583B00DF1070100F0DD
:10632000C9FD20B19DF8070003B05DF804FB4FF0F4
:10633000FF30F9E74FF0FF30704700BF407DFF2886
:1063400011D000B583B001220DF1070100F06AFD04
:1063500020B94FF0FF3003B05DF804FB9DF8070053
:1063600003B05DF804FB4FF0FF307047407DFF281D
:1063700001D000F0FFBD7047407DFF2801D000F044
:106380003FBE0020704700BFF8B50646407DFF289D
:106390001CD017465AB10D46144600F011FD29468F
:1063A000224680B1707D00F08FFD241A01D138465D
:1063B000F8BD054413F02AFF707D00F001FD294669
:1063C00022460028EED13F1B3846F1E70020F8BDF9
:1063D0000AB32DE9F043524991F81C6191F81D511F
:1063E00091F81E7193B0994614467B1CAA1C8046F6
:1063F000B01C81F81C0181F81D2181F81E3101A813
:106400004222002114F0F0FFB9F1410F05D800201D
:1064100013B0BDE8F083422070478DF806608DF818
:106420000E608DF82660721C40F20126D2B2ADF8E3
:106430001060DFF8F0C08DF81E20242640F6083EDC
:106440006B1C8DF827208DF83120ADF804E08DF815
:1064500016608DF820608DF82460CDF818C00426F1
:106460004FF0060C65F07F0540F209424FF0010E37
:1064700098F81410ADF80C208DF81CE005228DF86A
:106480001F608DF830608DF822C040F207568DF8FD
:1064900025C08DF82A5020464FF0030E63F07F048C
:1064A0004FF0080C02234FF411658DF814108DF88D
:1064B00007308DF808308DF809308DF812308DF8DE
:1064C00021308DF815208DF823208DF82BE08DF8E4
:1064D0002CC04FF00A0EADF82E504FF0400C01A921
:1064E000ADF8286007258DF833308DF840208DF801
:1064F0004140422244F20204ADF838608DF83B304E
:106500008DF83A708DF834E08DF83CC08DF83F502E
:10651000ADF8424014F044FF422013B0BDE8F083D0
:106520007463002020010524A0F11000FFF750BF84
:1065300070B50368184A5B6882B093428DF8071003
:1065400024D10546407DFF281DD000F039FC0DF117
:10655000070601243146224688B1687D00F0B4FC6C
:10656000241A02D1012002B070BD064413F04EFE81
:10657000687D00F025FC314622460028EDD1C4F1AB
:10658000010002B070BD002002B070BD01220DF10B
:106590000701984702B070BD89630200437DFF2B5D
:1065A00000D07047094B1A78002AFAD110B500F1D3
:1065B000100442750649204601221A7000F0E0F9E5
:1065C00021460448BDE8104000F0F0B87063002098
:1065D0005CE3030074630020407DFF2807D000B512
:1065E00083B000F0EDFB20B103B05DF804FB0020A8
:1065F0007047019013F00AFE019803B05DF804FBA8
:1066000001B900B1704700B583B0694600F0EEFBF8
:10661000009BB3F5966F02D003B05DF804FB00F069
:106620007DFBF9E730B4084B084A4FF47F4102F193
:106630000805002430324FF47A7099821D60C3E956
:1066400001401A6130BC7047586300206CE30300BE
:106650002DE9F0410024484E2546435D4719A3B17A
:1066600003F14002D2B2012A0AD9F42B08D81A0643
:106670000ED44FF0010EA3F55842B2F5006F56D27A
:1066800001354719435D002BEAD12046BDE8F08172
:1066900003F0E002C02A57D003F0F002E02A66D0EF
:1066A00003F0F802F02AEBD103F007024FF0040EDA
:1066B0007B7803F0C00CBCF1800FE1D197F802C0E9
:1066C0000CF0C00803F03F03B8F1800F43EA8213D7
:1066D000D6D10CF03F0CBEF1030F4CEA83132DD042
:1066E000FA7802F0C007802FCAD102F03F0242EAD6
:1066F0008313A3F58032B242C2D8A3F55847B7F549
:10670000006FBDD3B3F5803F05F1040510D31E2CF7
:10671000BBDC6300970A0B44C2F30902A7F52057BC
:10672000A2F5105221F814705A80023495E775448E
:10673000202CAAD021F8143001348EE7A3F5006292
:10674000B2F5784F97D39BE77A7802F0C007802F95
:1067500003F01F0394D102F03F0242EA8313A3F136
:106760008002B2F5F06F8BD24FF0020E83E703F098
:106770000F024FF0030E9BE7FFFF0F0090F8503120
:106780000B2B0CD871B103F1480210B45C1C80F8DB
:10679000504140F822105DF8044B18467047002322
:1067A000184670470B461846704700BF70B5044640
:1067B0000E68B4F81821B4F81A31656936689B1A66
:1067C00008469BB294F81C112A44B04758B1B4F85B
:1067D00018216369104480B2A4F81801588094F815
:1067E0001C211A71012070BD2DE9F043284DDFF8FE
:1067F000B090AC4604468846BCE80F0089B003AFB1
:106800000FC703AE0FCE05F1140E25460FC59EE847
:106810000700DCF800303B806B4636682E8003C3EF
:106820006B4603CB012504F118034FF480766361B6
:10683000A061E16184F8202004F59870C4F81891F3
:106840002022A4F81C61002184F81E5114F0CCFD14
:1068500040F20947042240F2EF230E4E0E48C4F8DE
:1068600028010021C4F82C1184F85021A3804FF492
:10687000E131A571C4F82071C4F824610748FFF71D
:106880008DFE404600F038FA284609B0BDE8F08396
:10689000A0E30300D0E30300D8E303005863002023
:1068A000090000010048704774630020014B5869DB
:1068B000704700BF746300202DE9F04F89B0F8B134
:1068C000032816D02B4C94F8503183424FD94830CE
:1068D00004F5AA7154F82000FFF7BAFEC0B20130E7
:1068E000400040F44070A4F85201234809B0BDE8CC
:1068F000F08F204CD4F82C0150B104F5AA71EBE7CD
:106900001C4CD4F82031A4F854314FF44170EAE71C
:10691000684600F005FA054610B300F1FF3A0DF1A4
:106920000103164FE94653FA8AFAA64604AE97E8E1
:106930000F0019F801CB86E80F000CF00F080DF1DD
:10694000200BD8440BEB1C1C18F8108C1CF8103CC6
:10695000AEF85681D145AEF854310EF1040EE6D1B1
:106960006800C0B20130400040F44070BBE7002036
:10697000BCE700BF74630020C6640020C0E30300CE
:1069800010B504460248FFF7F9FE207110BD00BFA4
:106990007463002030B5144C236883B013B31868B7
:1069A00051B90CF09DFC236893F90400012103B058
:1069B000BDE8304013F05EBE0C4B00930025012370
:1069C0008DF805308DF8045002AB13E906000CF089
:1069D00023FC236893F90400294603B0BDE8304046
:1069E00013F048BE03B030BD0865002080BA8C01AA
:1069F0000448006828B108B500680CF077FC012055
:106A000008BD704708650020084B1B6843B141B9B9
:106A1000074B4022C3F88020BFF34F8FBFF36F8F27
:106A20007047034B40221A60704700BF0865002082
:106A300000E100E0024B53F8200000B1C06870474D
:106A40000C65002030B4094CBDF8085054F82040C3
:106A500044B1246934B10846A44611461A462B466F
:106A600030BC6047002030BC704700BF0C65002080
:106A700030B4084CBDF8085054F8204044B1646963
:106A800034B10846A44611461A462B4630BC60472E
:106A900030BC70470C65002000207047024B18681E
:106AA00008B190F860007047146500202DE9F843A4
:106AB000234C2568002D3CD01E462C2303FB00539D
:106AC0001746D3F8209088460446B9F1000F32D01B
:106AD000484615F04CFB2C2303FB0454D4E909541D
:106AE000DFF864C0174B08280246494628BF082231
:106AF0004046002D08BF6546002C08BF1C4614F018
:106B00004FFC284615F033FB10280246294628BFC3
:106B10001022384614F044FC204615F028FB0428C7
:106B200002462146304628BF0422BDE8F84314F04F
:106B300037BCBDE8F883DFF814900820CBE700BF2E
:106B40001465002008E40300F8E30300ECE303000D
:106B500070B5104E3368D3B12C2404FB00340546C5
:106B600062691AB19047336884F832002C2202FB24
:106B7000053393F8324014B10124204670BD2846F5
:106B800023463A22022101F0E7F8204670BD1C4658
:106B9000204670BD14650020074B1B6853B110B42C
:106BA0002C2404FB0030C46A038E0C6013805DF853
:106BB000044B7047704700BF1465002008B52022C1
:106BC0000023052101F0C8F84FF0FF3008BD00BFD9
:106BD00030B4094C24685CB10D4611462C2202FBEE
:106BE0000044E46924B11A462846234630BC1847BD
:106BF000012030BC704700BF1465002030B4094C40
:106C0000029A246854B10D462C2101FB0044A4686B
:106C100024B119462846234630BC18474FF0FF30B0
:106C200030BC70471465002030B4094C029A2468C7
:106C300054B10D462C2101FB0044E46824B11946EF
:106C40002846234630BC18474FF0FF3030BC704711
:106C500014650020044B1B682BB12C2202FB003072
:106C6000036903B11847704714650020054B1B6882
:106C70002BB12C2202FB0030836903B1184701209D
:106C8000704700BF1465002005F0DCBB00B5164B53
:106C900083B04022002483F8272301A90123204642
:106CA0008DF804308DF8054002F0DAFE4FF0804395
:106CB00002A8D3F8385400F8084D12F011FE0B4B1F
:106CC000019301A812F038FE12F048FEEB0707D43A
:106CD00000214FF0FF3002F04DFFFFF7F9FAF7E720
:106CE000204605F0AFFBF3E700E100E0896C02000D
:106CF000002005F01DB800BF00B5002383B00322BB
:106D0000CDE9002303490448C82211F0E7FA03B093
:106D10005DF804FB0CE403008D6C020013F022BC50
:106D20004FF08052536E1BBA0360136E1BBA436060
:106D3000082070470048704714E4030070B51E4CEB
:106D40002368D3B1012901D0012070BD1578C5F3A6
:106D50004115012D13D0022D0FD15478012C21D0D3
:106D6000022CF1D19388072B07D1144C11462389AB
:106D70002246BDE8704003F035BE002070BD51785A
:106D80002229E1D111465288003218BF01225A75DA
:106D900003F010FE2268D369002BD5D0507D9847B0
:106DA000284670BD9C69002CE7D011462378224606
:106DB000BDE8704003F016BE186500200460002096
:106DC00010B5044602F034FE08B9002010BD02F0F0
:106DD00037FE0028F9D1044B4FF4367202FB04341D
:106DE000207900F0010010BD9C650020064A4FF498
:106DF000367303FB00230833186808609A889B7970
:106E00008B718A80704700BF9C65002008B5044ADA
:106E10004FF4367303FB0020103002F055FC08BD20
:106E20009C6500202DE9F8434FF4367404FB00F410
:106E30001E4E4FF6FF73074604F110054FF6FE7025
:106E4000824288BF1A463544284692B202F066FC58
:106E5000804602F0EDFD10B94046BDE8F88302F02F
:106E6000EFFD81460028F7D13444E378002BF3D0BE
:106E7000284602F041FC3F28EED9E178484603F06D
:106E8000E7FC0028E8D0284602F036FC3F2804D86A
:106E9000E178484603F0ECFCDEE7054AE178484635
:106EA00002EBC712402303F0F3FCD5E79C650020FA
:106EB0001C650020034A4FF4367303FB002010309A
:106EC00002F096BC9C6500202DE9F8434FF436751E
:106ED00005FB00F5244F4FF6FF73064605F1240429
:106EE0004FF6FE70824288BF1A463C4492B220465A
:106EF00002F0B8FC8046204602F0E6FB3F2802D8AC
:106F00004046BDE8F88302F093FD0028F8D002F077
:106F100097FD81460028F3D1204602F0D5FB0028DA
:106F2000EED03D444846A97803F092FC0028E7D013
:106F30000E4B402202EBC6161E442046314602F09C
:106F4000EDFB034660B13246A978484603F0A0FC49
:106F50000028D5D1064B1B68DB07D1D500BECFE793
:106F6000A97803F085FCCBE79C6500201C65002018
:106F7000F0ED00E02DE9F041804602F059FD10B936
:106F80000020BDE8F08102F05BFD07460028F7D144
:106F90004FF4367404FB08F4164E04F1240535440E
:106FA000284602F091FB0028EAD026443846B17802
:106FB00003F04EFC0028E3D040220F4B02EBC81830
:106FC00098442846414602F0A9FB044660B1424677
:106FD000B1783846234603F05BFC40B9074B1B6889
:106FE000DB07CDD500BECCE7B17803F041FC2046ED
:106FF000C7E700BF9C6500201C650020F0ED00E0A5
:1070000008B5044A4FF4367303FB0020243002F025
:1070100073FB08BD9C65002070B5204C82B0002138
:107020004FF4367220460D4614F0DEF9FF234FF47C
:10703000E132082604F138016371A26001234FF4A4
:107040008072009504F11000A67302F001FB144B4E
:107050001B78C3F38003009304F59C7101234FF464
:10706000807204F1240002F0F3FA04F50E7101209D
:1070700010F078FB04F522710646012010F072FB37
:1070800006B130B9074B1B68DB0700D500BE02B064
:1070900070BDC4E90756C4E90C05F8E79C650020FB
:1070A000B8600020F0ED00E038B5094C206A256B8F
:1070B00020B110F07BFF0023C4E907332DB128462F
:1070C00010F074FF0023C4E90C33012038BD00BF69
:1070D0009C65002010B50E4C0E48237800220260FB
:1070E0000271DA0709D59B070DD521780A48C1F34B
:1070F0008001BDE8104002F063BC103002F040FC9B
:1071000023789B07F1D4044802F03AFCEDE700BF76
:10711000B86000209C650020C06500202DE9F0418A
:107120004B79022B82B004D00025284602B0BDE87E
:10713000F0818B79022BF7D1364EB3782BB1364BD9
:107140001B68DB07F0D500BEEEE78B7833700C7858
:107150000C4407466378242B4FF009050BD1082A0D
:1071600002D822E0AA4220D323781C441D4463782D
:10717000242BADB2F6D0052B38D0042B15D1637972
:107180000A2B12D1254A94F8008001920223013281
:107190000092384604EB08011A4603F095FA0028DD
:1071A000CDD00E3518FA85F5ADB202F041FC0028BD
:1071B000BBD002F045FC04460028B6D1F378002B82
:1071C000B3D0174802F098FA3F28AED9F17820469C
:1071D00003F03EFB0028A8D0114802F08DFA3F28AA
:1071E000F17811D8204603F043FB9EE7214638464C
:1071F00003F00AFB0028A2D0A378737023781C4404
:107200001D44ADB26378B8E7064A2046402303F038
:107210003FFB8AE79C650020F0ED00E09E650020C2
:10722000AC6500201C65002038B5137803F06003BE
:10723000202B01D0002038BD294C938825789D4211
:10724000F8D15378203B032BF4D8DFE803F008157E
:107250001E02012936D0032939D0012038BD012969
:107260000CD00329F9D11F4B002BF6D01E4900206A
:10727000AFF30080012038BD0129EED1114607236C
:10728000194A03F0AFFB012038BD01291AD00329A8
:10729000E3D1164B55881B781548257113F004016E
:1072A0001CBFE94301F0010102F08AFB114B002BE6
:1072B000D3D0C5F3400205F001010020FFF7A0F98B
:1072C000012038BD114603F075FB012038BD0A4B83
:1072D000002BC2D051880020AFF30080BDE700BF73
:1072E0009C65002000000000A4650020B86000201C
:1072F000C065002001660200000000002DE9F04793
:107300005F4CE2788A420D4680461F4659D15D4E59
:107310009AB2314604F1100002F0A4FA5A4BC3B1FC
:107320006379FF2B15D0A7B106EB070A04F110090A
:1073300002E056450DD0637916F8012B9A42F8D138
:10734000484602F0D1F90028F3D16179AFF300800B
:10735000EFE74E4B23B14E4802F0C6F9002863D048
:1073600002F066FB002862D1A3789D4202D0012082
:10737000BDE8F087474B13B10020AFF3008002F067
:1073800057FB00282BD1444802F09EF90028EED18B
:10739000002FECD017F03F07E9D1A178404603F069
:1073A00057FA0028E3D0A17840463B463A4603F01E
:1073B0006FFA0028DBD1394B1B68DA070CD500BE09
:1073C000D6E7A3788B42D5D0344B1B68DB0703D5B7
:1073D00000BE0020BDE8F0870020BDE8F08702F085
:1073E0002FFB05460028CED12B4802F06DF900286E
:1073F000C9D0A178284603F02BFA0028C3D0402238
:107400002749254802F08AF9034600282CD028464F
:10741000234AA17803F03CFA0028A8D11F4B1B682F
:10742000D907B0D500BEAEE7AFF3008098E702F011
:1074300007FB0646002897D1E378002B94D0144828
:1074400002F05AF93F288FD9E178304603F000FA6C
:10745000002889D00E4802F04FF93F28304607D85F
:10746000E17803F005FA7FE7A17803F001FA8AE7F3
:107470004023044AE17803F00BFAA37875E700BFD4
:107480009C6500201C65002000000000000000003A
:10749000AC65002000000000C0650020F0ED00E0B9
:1074A0005C650020704700BF01207047704700BF37
:1074B000704700BF044B0022C3E90022C3E9022247
:1074C000C3E90422704700BFF4690020012070471F
:1074D000044B0022C3E90022C3E90222C3E90422CB
:1074E000704700BFF46900202DE9F0434B79032B6E
:1074F00083B004D00024204603B0BDE8F0830B79AC
:10750000C3EBC3041234A4B2944205D9254B1B68C3
:10751000DA07EFD500BEEDE7234A5578002D3ED0BF
:10752000557B002DF2D102F10C054FF4A0770E78B7
:107530008A1992F801C0BCF1210FE7D1AA608946EF
:10754000895D80466E1CA81C1144CDE900061A46D0
:107550004046032303F0B8F80028D7D099F8063046
:10756000A978012B04BF99F80730EB700123AB71A8
:1075700099F80220AB682A70B3F80730AB80002975
:10758000B9D00A4A40463A44402303F081F9002822
:10759000B1D1044B1B68DB07ADD500BEABE7154688
:1075A0008027C4E7F0ED00E0F46900207468002053
:1075B0002DE9F047137803F01F06012E82B003D0A7
:1075C000002002B0BDE8F087DFF80882978898F8BD
:1075D0000040FFB2BC4200F0B08098F80C40BC42C2
:1075E000EED13746B4464FF0C00E4FF0130A4FF0BD
:1075F000120913F060030C460546164604D1012912
:1076000000F0A4800120DCE7202BD9D15378013B86
:107610000A2BD5D801A252F823F000BFF176020060
:10762000E7760200D1760200C1750200C175020042
:10763000C1750200C1750200C17502009176020099
:10764000697602004976020001291BD00329D9D1AD
:1076500073880C2606FB0786DBB260461946B371B9
:10766000FFF720FF0120ACE70129CBD173880C2262
:1076700002FB07871B0A60461946FB71FFF714FFE0
:1076800000289DD03146284603F094F9012098E760
:10769000012900F086800329B4D1F48871884B4B0E
:1076A000402C4FEA1122204628BF402011F0FF0154
:1076B000734407D0012C05D91C788C4202D10138C3
:1076C00080B2013300906046FFF7D2F9012078E7DD
:1076D000012997D108EB090231462846234603F0D9
:1076E00081F920466DE701298CD108EB0A02F3E706
:1076F000012987D1F3887188344F402B4FEA11223A
:10770000184628BF402011F0FF01774454D0012BC8
:1077100052D9013880B239707B1C00906046FFF767
:1077200091F90444A3B2002B49D1294A1268D20727
:107730007FF546AF00BE184643E74FF0000E774690
:10774000F4464FF0070A4FF0060952E75378062B2C
:107750007FF436AF53881B0A212B12D0222B7FF4E3
:107760002FAF6046FFF766F97B001F4408EB8708E0
:10777000024631462846B8F8043003F033F9204673
:107780001FE77B001F4408EB8708D8F80820002A71
:107790003FF416AF1378314602B0BDE8F04703F06E
:1077A00021B9F388402B3FF60BAF084A31467244AB
:1077B00003F018F9204604E73B460024ADE73A46BB
:1077C0003146284603F00EF90120FAE674680020DD
:1077D000F0ED00E0F4690020F0B52C4CA678657857
:1077E0008E4283B0074610D0A9422CD0A07B657B87
:1077F00088423FD0A94244D0254B1B68DA0702D407
:10780000002003B0F0BD00BEFAE780264FF0400C28
:107810000020A9429BB21AD01E4D3544FAB90093FC
:1078200011462B460222FFF723F92A46A178384653
:10783000402303F02DF80028E3D1154B1B68DB072C
:10784000DED500BEDDE74FF0400C00209BB21149B1
:1078500061444AB91A46FFF729FE0120D1E72A46BA
:107860000221FFF725FEE0E70A460121FFF720FE8F
:107870000120C6E70C344FF4A0764FF4807C012041
:10788000C7E74FF4807C0120E0E700BFF4690020E7
:10789000F0ED00E07468002070B5194C82B0002152
:1078A0000D464FF4EC72204613F09EFD04F13801B2
:1078B0000123802204F11000009501F0C9FE04F1BB
:1078C000B80101238022009504F1240001F0C0FEDC
:1078D00004F59C7101200FF045FF04F5C4710646C4
:1078E00001200FF03FFF30B9064B1B68DB0700D5C6
:1078F00000BE02B070BDC4E90756C4E90C05F8E744
:107900008C6A0020F0ED00E038B5094C206A256B48
:1079100020B110F04BFB0023C4E907332DB12846FA
:1079200010F044FB0023C4E90C33012038BD00BF34
:107930008C6A002010B5084C002304F11000C4E943
:107940000033C4E9023302F01BF804F12400BDE85F
:10795000104002F015B800BF8C6A00202DE9F043FA
:107960004B79012B83B004D00025284603B0BDE835
:10797000F0838B79012B0C46064616D049780429F2
:10798000F2D10025032BEFD1E379002BECD1DFF806
:10799000FC8098F8013013B998F802700FB3384B97
:1079A0001B68DB07E0D500BEDEE7CB79002BDBD11F
:1079B0000B781C449DB2617824290BD1954202D9E1
:1079C000D2E7AA42D0D323781C442B4461782429DF
:1079D0009DB2F6D00429C7D16379012BC4D1A37914
:1079E000D0E7A37888F8003094F8009021794D44CE
:1079F000ADB2A14439B925E099F800308F421D4459
:107A0000ADB299441ED2AA421CD399F80130052B7D
:107A1000F2D149463046019202F0F6FE019A002862
:107A2000BDD099F80230D90914BF88F8013088F820
:107A3000023099F80030217901371D44FFB2ADB210
:107A40009944D9E70F4801F057FE3F288DD998F89F
:107A50000210002002F0FCFE002886D0094801F048
:107A60004BFE3F2898F8021003D8002002F000FFD8
:107A70007BE7054A4023002002F00AFF75E700BFBC
:107A8000F0ED00E09C6A00204C6A00208C6A002027
:107A900000207047F8B53C4DAA788A421F4612D1A3
:107AA0009AB23A4905F1100001F0DCFE384B13B1EF
:107AB0000020AFF30080374801F01EFE3F282CD88D
:107AC00001242046F8BD6B788B4208D0324B1C68ED
:107AD00014F00104F5D000BE00242046F8BD06468F
:107AE00005F1240001F0F0FD40BB2C4801F0ECFD55
:107AF0000028E5D1002FE3D017F03F07E0D16978E7
:107B0000304602F0A5FE04460028D9D069783046F8
:107B10003B463A4602F0BCFED3E7A978002002F0CB
:107B200097FE04460028CBD01A4801F0E5FD3F2817
:107B3000A9781ED8002002F09BFEC2E769780020D9
:107B400002F086FE0028D0D04022154905F124001D
:107B500001F0E4FD034690B1114A6978002002F07B
:107B600097FE0028ACD10C4B1B68DB07BDD500BECF
:107B7000BBE7064A4023002002F08AFEA1E76978AD
:107B800002F076FEB1E700BF8C6A00204C6A00204C
:107B9000000000009C6A0020F0ED00E0B06A0020C8
:107BA0000C6A002030B4114B9C689A6B93F83C50DF
:107BB00083F82C10A21A022183F830109A6225B99A
:107BC00042F2050183F83E50998744B13AB11A7BDD
:107BD000D20906D193F82F1030BC02F099BE30BC08
:107BE000704793F82E1030BC02F092BE646E0020F5
:107BF00038B5214B214C05461BB1607BFFF736F8A9
:107C0000A8B1A06BA36894F82F101D4A1B1AB3F5F6
:107C1000007F28BF4FF4007328469BB202F038FE65
:107C200020B9184B1B68DB0700D500BE38BDA26821
:107C3000A36B84F83E0042F20771D31A0120A1879A
:107C40000221A36284F82C0084F83010002AEDD0C1
:107C5000002BEBD0237BDB0906D194F82F102846AC
:107C6000BDE8384002F054BE94F82E102846BDE816
:107C7000384002F04DBE00BF6D6C0200646E002003
:107C8000646C0020F0ED00E070B5304CE28AA3682F
:107C900052BA92B286B0054612B1B3FBF2F292B27A
:107CA000A66BD4F81110607B9B1BB3F5007F28BF37
:107CB0004FF4007309BA0093B6FBF2F302FB1362B0
:107CC0001944234BFEF79AFF031E20DB94F82E2065
:107CD0000DD011469BB228461D4A02F0D9FDA0B92D
:107CE0001C4B1B68DB0710D500BE06B070BD072417
:107CF000194603A88DF80C508DF8102005938DF8C7
:107D000011308DF80D4002F0B7FB06B070BDA268CF
:107D1000A36B43F602200021D31AA08784F83E10FB
:107D200001200221A36284F82C0084F83010002A7C
:107D3000EBD0002BE9D0237BDB0914BF94F82E1085
:107D400094F82F10284602F0E3FDDEE7646E002071
:107D5000646C0020F0ED00E010B4054C012084F8C4
:107D60003C1084F83D2084F83E305DF8044B7047A9
:107D7000646E002040220021014813F035BB00BF93
:107D8000646E002040220021014813F02DBB00BF8B
:107D9000646E00204B79082B01D0002070478B794E
:107DA000062BFAD1CB79502BF7D1162A06D81C4BCB
:107DB0001B68D907F1D500BE0020704770B5194D7A
:107DC0008B7885F82D300B7882B005F12F0205F104
:107DD0002E0619440223CDE900261A46044602F075
:107DE00073FC48B90E4B1B68DA0702D500BE02B01F
:107DF00070BD002002B070BD204695F82F100A4AD1
:107E000000241F2385F8304002F042FD30B9044BB6
:107E10001B68DB0702D500BE1720E8E71720E6E75E
:107E2000F0ED00E0646E0020646C0020012901D0B8
:107E300001207047F0B5137803F07F01022985B067
:107E4000054606D003F06003202B1AD0002005B0B1
:107E5000F0BD5478012CF5D15388002BF6D1434E58
:107E6000918896F83030042BC9B279D096F82E401C
:107E70008C423DD096F82F408C4257D0012005B05F
:107E8000F0BD5378FE2B16D0FF2BDFD15388002B8B
:107E9000DCD1D488A3B2002BD8D1344E1146284669
:107EA00086F83030C6E90D33B48786F83E3002F0EC
:107EB00081FD0120CBE75388002BC7D1D388012B4C
:107EC000C4D12B498DF80F3000294DD00192FEF717
:107ED000E5FD019A0028B9D0431EDBB204AC11467F
:107EE00004F8013D28462246012302F07BFDC5E748
:107EF000022BC3D1B26BB3681E4F9B1AB36206F15B
:107F000020030FCB07C73A46214602F80C39032459
:107F100028460D2386F8304002F0BAFC0028ADD187
:107F2000154B1B68DB0791D500BE90E7002BA5D150
:107F3000214602F0DFFC0028A0D12146284602F0AD
:107F400005FD00289AD1002496F82F10094A86F8DA
:107F5000304028461F2302F09BFC0028E0D08DE72C
:107F600002F0D6FC204672E70B46B7E7646E0020AD
:107F70009D6A0200646C0020F0ED00E02DE9F04104
:107F8000B44C94F83050012D8EB01E46074645D0B3
:107F900028D3032D05D0022D5FD001200EB0BDE8FF
:107FA000F08194F82E308B42F7D10D2EF5D1E37B82
:107FB000282B00F01A812A2B40F00D81A64B13B11B
:107FC000607BFEF747FE002594F82F10A34A84F843
:107FD00030501F23384602F05BFC002861D094F833
:107FE0003050D8E794F82F508D42D6D11F2B06D1B0
:107FF000DFF868829A4BD8F800209A4271D00423A7
:1080000094F82E1084F83030384602F081FC38465F
:1080100094F82F1002F07CFC0020BFE7B3F5007F3E
:1080200008D9904B1B68D90700D500BE00200EB0C0
:10803000BDE8F081E27BA36B282A00F087802A2A22
:1080400000F08F80217B626B1E44CB09A66336D083
:1080500096422CD3022384F8303094F82E10384600
:1080600002F074FC002898D1A368A26B94F82E60EB
:10807000934202D9217BC9092ED19B1A7A4AA36265
:108080000FCA764D07C52A46314602F80C3903253A
:1080900038460D2384F8305002F0FAFB00287FF4B4
:1080A0007CAF704B1B68DB07C0D500BE76E76D4B1D
:1080B0001B68DA0793D500BE94F830506BE793B293
:1080C000607B664A04F10F01FEF778FD0028C0F2DC
:1080D0009F80A66B626BBBE73146384602F018FC06
:1080E0005BE7C446BCE80F0026460FC69CE80F00BD
:1080F00007C626F8023B1B0C3370D4E90123E17B51
:108100005A4E626201200022282963632662A2621D
:1081100084F82C20A26384F8300000F0AD802A2976
:1081200000F0DF80002B00F0EF80227BD20940F0CE
:10813000EB80B3F5007F00F26F819BB22946474A7E
:10814000384602F0A5FB0028ABD048E7626B1E441E
:108150009642A663BFF47EAFFFF796FD94F83050C9
:1081600019E7E28A52BA92B21AB1A168B1FBF2F2EF
:1081700092B2D4F81110394DB3FBF2FC09BA02FBEC
:108180001C32607B009661442B46FEF74DFD0028B3
:10819000C0F2FB81864230D9361A40B1A36B291850
:1081A00013FA80F332462846A36313F004F9002340
:1081B00094F82F508DF818500722194605A88DF80D
:1081C000147007968DF819308DF8152002F054F9C7
:1081D00094F83050DFE6264B002B3FF4F4AE04F168
:1081E0000F01607BAFF30080EDE6224B002B3FF4E4
:1081F000EAAE607BAFF30080E5E6D4E90D231E44D0
:108200009642A663BFF426AF3846FFF7F1FCE6E6D8
:10821000A368A66B94F83C1084F82C509A1B02209B
:10822000A26284F8300021B942F2050084F83E10C1
:10823000A087002B3FF44EAF002A3FF44BAF237BC7
:10824000DB0940F0E58194F82F10384602F060FB1E
:108250003FE700BF646E0020556C0200646C002094
:1082600055534243F0ED00E0846E002055534253D5
:108270000000000000000000E28A52BA92B20BBB7C
:10828000002A3FF4E7AE94F83C10A362022284F87F
:108290002C2084F8302000297FF4DFAE42F2050163
:1082A0000022A18784F83E20002B3FF4D6AE237B2A
:1082B000DB0940F09A812946384602F029FB94F800
:1082C000305068E6207BC00913D0002A00F080817E
:1082D000B3FBF2F2002A00F0A3812829384694D19A
:1082E0003AE7E28A52BA92B2002BC9D0207BC00989
:1082F000EBD094F83C10A362022284F82C2084F87E
:1083000030200029CAD0D2E7667B252900F22B81D4
:10831000DFE811F0220129012901E50029012901E5
:1083200029012901290129012901290129012901FD
:108330002901290129012901BD002901290129015A
:108340002901290129012901990087002901290111
:10835000710029012901290129014C002901260068
:10836000304604AA05A9FEF717FC059B002B00F078
:108370004481BDF81020002A00F03F81013B1BBA68
:1083800012BAC8E900320820A368002B44D09842F2
:1083900028BF184683B26063A64A94F82E10384668
:1083A00002F076FA00283FF47CAE18E605AD002313
:1083B0000DF10E02304604A96B600593AB60FEF729
:1083C000EBFB049A002A00F01881BDF80E30002B58
:1083D00000F0138112BA082106925BBA0222ADF8AE
:1083E0001E308DF817108DF81C2095E8070088E8DE
:1083F00007000C20C8E7904B03B33046227DE17C98
:10840000AFF30080D0B994F83C302BB943F6022288
:108410000023A28784F83E3001213846FFF7C2FBD3
:10842000DDE5864B53B1E17C3046C1F3400301F0FA
:1084300001020909FEF7CCFB0028E4D0A368002B59
:108440003FF408AEE8E79DF816307D49002203F0BE
:10845000800362F3C7138DF8163003238DF81520BF
:108460008DF817208DF81430002900F0E180304697
:10847000FEF7FCFB9DF8163080F0010060F3C71397
:108480008DF81630059BC8F8003004207CE74FF0CB
:10849000203302250022CDE90522304607A909AA8A
:1084A00008934FF0800C079309930D93CDE90A339D
:1084B0000C931F260DAB8DF816508DF8175005AD97
:1084C0008DF818608DF815C0FEF7F0FA0FCD594EF3
:1084D0000FC60FCD0FC62B683360242054E794F8E5
:1084E0003C2094F83D0094F83E10DFF848C1DFF8D6
:1084F00058E14FF000084FF00003CDE90588CDE9C1
:10850000078862F303038DF81630F0220A23ADF8D2
:1085100024808DF820008DF821108DF814208DF81E
:108520001B3005AD0FCDACE80F002B68ACF8003068
:10853000BEF1000F76D0ACF1100130464FF400725E
:10854000AFF300800028A4F83C8084F83E800FDB65
:1085500000283FF473AF17E73046FEF7F9FA00281A
:108560003FF451AF6AE794F83C30002B7FF454AFEE
:10857000A38E304A3349607BFEF720FB0028FFF6CC
:108580004BAF00283FF45AAFFEE6A36BA2681E442F
:1085900043F602200021931BA08784F83E1001209F
:1085A0000221A663A36284F82C0084F83010002A0C
:1085B0003FF453AD002B3FF450AD237BDB0914D1C6
:1085C00094F82F10384602F0A3F994F83050E2E402
:1085D000012294F83C1084F82C200222A36284F833
:1085E000302000293FF45AAE5EE694F82E1038464B
:1085F00002F08EF994F83050CDE494F83C30002B22
:108600007FF40AAF43F6022284F83E30A28703E7E4
:1086100094F82E10384602F07BF9D4E90D2617E5C0
:108620000222D6E7A4F83CE084F83EE01220ABE654
:1086300001201FE7646C002000000000D16B0200E5
:108640006D6C0200736E00200000000070B5134CCA
:10865000134E84B020464FF4AE72002112F0C4FED7
:108660004025002304F58E720092CDE901561A468A
:10867000194604F1B000039504F068F92E4404F1A2
:1086800070020023CDE90025CDE90265201D1946C1
:10869000012204F05BF904B070BD00BF246F00201C
:1086A000A46E002010B5054C04F1B00004F07AF976
:1086B000201D04F077F9012010BD00BF246F0020B9
:1086C00038B5074C2046002500F8B85B01F058F992
:1086D00004F10C0001F054F984F8B150657138BD13
:1086E000246F00204B79FF2B01D0002070472DE92B
:1086F000F04FDFF824B19BF8B13083B04BBB9BF84F
:10870000053033BB0B788A460AEB02050AEB0304FB
:1087100089788BF80010A542064614D91AF8032070
:10872000A3189D420FD36278042A0CD00B2A0AD0DA
:10873000052A0BF1B8080BF1B0070BF10C0917D0A3
:108740009D421C4609D8A4EB0A0080B203B0BDE8E4
:10875000F08F002003B0BDE8F08F1A7813449D42DB
:10876000F1D36278042AEED00B2AECD0052AE7D1A7
:108770002146304602F048F8002843D0A378DB09B0
:1087800005D19BF8B1301BB32278A318D8E79BF82A
:108790000530002BF8D14846019301F0F1F8A2789A
:1087A0008BF80520A2889BF804C0019B1849C2F3EE
:1087B0000A02A2F50072B2FA82F2520962F3410C87
:1087C00018468BF804C004F037F92278A318B7E7ED
:1087D000404601F0D5F8A3788BF8B130A3889BF818
:1087E000B020C3F30A03A3F50073B3FA83F35B0964
:1087F00063F34102394630468BF8B02004F064F947
:108800000028C1D1034B1B68DB07A2D500BEA1E73E
:10881000286F0020F0ED00E0246F002070B51C4CA4
:1088200094F8B1208A4205461E460FD1B4F8BC2008
:10883000F2B9184B23B1B2B217490020AFF3008050
:108840002846164904F040F9012070BD63798B4237
:1088500001D0002070BD124B1BB1B1B20020AFF3AC
:1088600000801049284604F0E7F848B1012070BDA7
:10887000B2B2D4F8B41004F1B80000F0F3FFD8E7B6
:1088800032462846074904F099F8012070BD00BF20
:10889000246F002000000000A46E0020D46F002090
:1088A00000000000286F0020F8B50E688D88B778AA
:1088B0003544AE420BD23B469F42344603D10BE0D7
:1088C0006378042B05D023781C44A542F8D80020F7
:1088D000F8BDA3789F42F6D1E3789A42F3D1A5423E
:1088E000F5D9237D012B06D9144B1B68DA07EED589
:1088F00000BE0020ECE723790D46DBB1012BE6D169
:108900002278E389617A1344114423442144994233
:1089100004D3DCE70A7811448B42D8D94A78052A77
:10892000F8D101F071FF28B9044B1B68DB07CED5E5
:1089300000BEF8BDA41BEC800120F8BDF0ED00E006
:10894000C28832B9654B1B68DB0700D500BE00202A
:108950007047F0B40378624803EB830403EB4403ED
:10896000C058831803D08E781C7BA64207D95B4B76
:108970001B68D90700D500BE0020F0BC70472EB997
:10898000012C01D90120F8E701268E7001248C60AA
:10899000C1F80E404C7700256FF03F0481F822505B
:1089A0008C766FF003056FF06404CD760C774D4D37
:1089B000C1F81E50082481F82340825CB3F80D40B2
:1089C00014441C441344A342D1D2474F9D78102D28
:1089D0000CD827FA05F0C04310F0010006D1DA7870
:1089E000964203D107E05A78242AEFD01A7813442C
:1089F0009C42F8D8BBE79C42B9D0062D06D0102D7A
:108A000004D0042DB9D1012248730A73CF781A79A2
:108A1000974218D81FB9012AB4D80127CF701A7805
:108A20001A44A2420FD2967806F0FD0CBCF1050F55
:108A30000FD0112E03D10CE05678242EF3D01678E7
:108A400032449442F8D8254B1B68DA0794D500BE0F
:108A500093E7D678B742F2D19442F4D0D1F81240DD
:108A60008CB9062D30D0102D2ED0042D09D1B2F89E
:108A70000560B2F807505C7D05FB06F304FB03F4C8
:108A8000E408C1F812404B6863B9557E012D3FF6EA
:108A900079AFD2F81A3025B9D2F81E209A427FF465
:108AA00071AF4B60114AA2FB03235A0BCBD0631E5C
:108AB0001344B3FBF2F30233B3F5807F28BF4FF4C6
:108AC0008073C1F816305DE7B2F80530B2F80740A0
:108AD00004FB03F42401E408D3E700BFF0ED00E059
:108AE0008070002003010101501001005917B7D117
:108AF0002DE9F84F0B785D4C03EB83050E4603EB35
:108B000045030989E7589146804679B13944CB78C5
:108B100003F00303012B00F09480738933B13B44CD
:108B2000DA7802F00302012A00F091807488B58897
:108B300000233C44B381F38133827382B382F38296
:108B40003D44A278AC4238BF134609D29A4203D1C1
:108B50000CE06378042B06D023781C44A542F8D897
:108B60000020BDE8F88FA3789A42F5D1E3789945C3
:108B7000F2D1A542F4D994F804A0BAF1020F15D8A5
:108B8000E31BF380B9F1000F16D023781C44BAF12F
:108B9000000F4CD04FF0000B06E06378052B28D077
:108BA000042B03D023781C44A542F6D8304B1B6815
:108BB000DA07D5D500BED3E7737F012B12D006F1BB
:108BC0001E03494686F81D90A6F81890A6F81A903C
:108BD0001846302212F008FC01463046FFF7B0FE7E
:108BE0000028BDD023781C44BAF1000FD2D1012057
:108BF000B7E7E37803F00303B9F1000F01D0012BCD
:108C000018D0022BACD12146404601F0FDFD28B31F
:108C100006EB4B03E21B1A8122780BF101039A4504
:108C200014444FF0010BBFD8B9F1000FDFD002237D
:108C30007377DCE7A388B269C3F30A039342E2D2F5
:108C40008EE700233381897801F08EFE65E70022EC
:108C500072819978404601F087FE67E7044B1B68F4
:108C6000DB077FF57DAF00BE7BE700BF8070002093
:108C7000F0ED00E010B4064C06480023C4E90033D0
:108C80001946C4F807304E225DF8044B12F0ACBB15
:108C9000807000208C7100200120704710B4064CB9
:108CA00006480023C4E900331946C4F807304E22B1
:108CB0005DF8044B12F098BB807000208C7100208E
:108CC0002DE9F0414B790E2B04D04FF000084046BF
:108CD000BDE8F0818B79012BF7D1CB79012BF4D151
:108CE0003E4E33682BB13E4B1B68DB07EDD500BE13
:108CF000EBE714460F461A46314605463760B48006
:108D0000FFF7D2FD0028E0D0F2883368B978134429
:108D10003C44A74293F814C03B4605D308E05A7878
:108D2000042A4DD00B2A4BD01A7813449C42F6D813
:108D3000BCF1000F4ED02B494A88002AD3D1D81B52
:108D40001FFA80F83272A1F802809C4293F802E088
:108D50000A8098BF034605D80BE05A78042A2BD026
:108D60000B2A29D01A7813449C42F6D8DB1B1FFA31
:108D700083F80022BCF1010FA1F804804A77B2D138
:108D800017FA80F017FA83F3984281780AD2827832
:108D90008A4203D118E04278042AF8D002781044BD
:108DA0008342F8D8284600220E49FFF7A1FE00288A
:108DB0008BD0A6F804808AE79A787245D2D0D5E79E
:108DC0009A788A42B0D0B3E7C278012AE6D18342CA
:108DD000EFD1E7E7DB1B1FFA83F8EAE7807000209A
:108DE000F0ED00E08C7100202DE9F047167806F0D8
:108DF0001F04012C8CB004D0002420460CB0BDE828
:108E0000F087DFF8F892B2F804C0D9F80070804615
:108E100015465FFA8CF317B1BA789A422CD0B44F4A
:108E20007C88002CE9D03A7802EB820002EB400209
:108E300059F802E07444A2789A42DDD1C6F3411693
:108E4000F3B2002B00F09C80012B12D15FEA1C2CA6
:108E50000FD16B881B0A022B00F02E81062B00F02D
:108E60001781012B00F0F580A24B1B68DB0700D5B2
:108E700000BE07233B77BFE7C6F34116F4B2002CD0
:108E800047D0012C25D15FEA1C2C26D0B9F806204A
:108E9000BB18B95CDA89114419448B420ED29A7816
:108EA000023A052A06D8DA78624503D107E05A78F3
:108EB000242AF4D01A7813449942F8D849B10023EF
:108EC00089F80930012498E78A4B1B68D90700D537
:108ED00000BE072389F809308EE76B881B0A012B37
:108EE00000F09580022BEFD16B78812B00F0478149
:108EF000862BE9D10129E2D10B46404629467E4A1C
:108F000001F070FD0028DAD1FF2389F80930002430
:108F100073E76B780A2B4AD00B2B3ED10129CED1B7
:108F2000EB88002BF0D1B9F80630FA181179A9B105
:108F3000F85CD189537A0144034413440A449342B0
:108F400005D395E119780B449A4240F29181597802
:108F50000529F7D19978404601F006FD0026A9F8C9
:108F600006606A8865494046FFF79EFC0446002873
:108F7000CAD02946404601F01DFD89F809603CE74A
:108F80006B780A2B27D00B2B7FF46EAF012900F0F2
:108F9000BD8000233B7701242FE7564B1B6813F05D
:108FA00001032FD107221C4689F8092025E7012952
:108FB00085D1EB88012BA7D1B9F80620BF18A3D023
:108FC0000CAAF97802F8301D294601F00BFD044681
:108FD0000028D2D198E70129DBD1EB88012B35D1CC
:108FE000FB889BB31EEB030330D00CAADB7802F89E
:108FF000303D40460B46294601F0F4FC044628B3B8
:109000003E77FAE600BE072389F80930F5E66B786B
:10901000812B00F0D180862B00F0BE80012B7FF4E5
:1090200053AF012900F0CB8002297FF448AF344BC5
:10903000002B3FF444AF99F80A100020AFF30080F2
:10904000B0FA80F489F809006409D6E6FF233B777B
:10905000D2E67B7F0BB187F81DC06C78842C61D879
:10906000822C65D2012C00F00A81812C7FF4FCAEA9
:1090700001298ED1EB883BB1294640463023214A55
:1090800001F0B0FC002884D1FF233B770024B4E634
:109090006B78812B00F0A180862B7FF4E5AE01294F
:1090A0007FF477AF294640460123134A01F09AFC2A
:1090B00000287FF46EAFE7E76B78812BD8D040F2C1
:1090C000B080852B00F09780862B7FF4CDAE0129F0
:1090D0007FF45FAFEB88012BD6D10B464046294683
:1090E000094A01F07FFC00287FF453AFCCE700BFB2
:1090F0008C710020F0ED00E04DE403008070002052
:1091000000000000AA7100204EE403006A8839467E
:109110004046FFF7EDFC002898D02946404601F074
:1091200049FC36E7862CD2D065D3872C7FF49CAEE1
:1091300001297FF42EAFEB88002BA5D0B64EE9466F
:1091400006F1300A30687168B268F368CC46ACE862
:109150000F0010365645E146F4D19DF80210002963
:1091600040F09F80832C00F08381872C00F0648185
:10917000822C00F0618108233B7700243DE6012921
:109180007FF49DAE294640460123A44A01F02AFC03
:1091900000287FF494AEB7E601297FF490AEEB8807
:1091A000012B7FF4B1AE294640469D4A01F01AFCDE
:1091B00000287FF484AEA7E601297FF480AEEB8817
:1091C000012B7FF4A1AE294640460123954A01F0C8
:1091D00009FC00287FF473AE96E601297FF4D9AE2E
:1091E0000B464046294607F11C0201F0FBFB002814
:1091F0007FF4CFAE48E701297FF4CBAEEB88022B9A
:109200007FF442AF0CAA302122F8301D4046294697
:1092100001F0E8FB044600283FF436AF00233B771B
:10922000EBE5012B7FF420AE01293FF425AF0229A5
:109230007FF4AFAE7849A1F11E00FFF781FB044631
:1092400060B3794B7A6BBA613BB1734A79783878FD
:10925000AFF3008000287FF49CAE74490023022005
:109260004FF480720880C7E903337B61BA83C4E599
:109270006F4B1B68D8077FF547AE00BE44E6012957
:109280003FF4FAAE02297FF484AE6349A1F11E00D7
:10929000FFF756FB044600287FF47BAE08233B779C
:1092A000ABE59DF8030000287FD1FA88002A3AD068
:1092B0001EEB020337D01EF80220B3F80D005D4EFE
:1092C00010441844134498420FD99A78102A04D8AD
:1092D00026FA02F2D20700F1D5801A781344984298
:1092E000F1D95A78242AF8D1EDE70346832C5AD0D5
:1092F000872C4CD0822C7FF43EAF01218DF80310D7
:109300001A781A44904237D9947804F0FD06052E55
:1093100010D0112C0ED0147822449042F2D95478F7
:10932000242CF8D1EEE7424B1B68D9077FF523AF19
:1093300000BE20E7D478A142EDD1997806291DD04E
:1093400010291BD004297FF416AFB2F80510B2F82B
:1093500007205B7D02FB01F203FB02F3DB08CDF883
:1093600012306A4629464046302301F03BFB044652
:1093700000283FF489AE51E70246DEE7B2F8051057
:10938000B2F8073003FB01F31B01DB08E7E79A782B
:10939000062A06D0102A02D0042A7FF4ECAE997D6A
:1093A000ACE79979AAE71979A8E7019B002BD8D1F6
:1093B000FA88002AB7D01EEB0203B4D01EF802E0F0
:1093C000B3F80D20DFF86CC072449E1873449E42BF
:1093D0000ED99A78102A03D82CFA02F2D20756D462
:1093E0001A7813449E42F2D95A78242AF8D1EEE72B
:1093F00033461A7813449E4264D99A7802F0FD01EC
:10940000052948D0112A46D01A7813449E42F2D931
:109410005A78242AF8D1EEE7AA710020897000203A
:109420004EE403008A700020000000008C700020D1
:10943000F0ED00E05010010001238DF8023001230F
:109440004FF00112029300230392ADF810304FF653
:10945000C0428DF8223040F29B13ADF81A20ADF8CF
:109460001C30404ACDF81E2008238DF8233078E7C1
:10947000FB88002BE3D01EEB0303E0D01B7B8DF8B1
:109480000230DCE7DA7891427FF427AF2EE7DA7812
:109490009142A5D1ADE7DA789042B5D1823C052C56
:1094A0003FF669AE01A252F824F000BF2D950200EC
:1094B00011950200F3940200779102007791020067
:1094C000C99402003346E9E7D3F8151042F210734D
:1094D000B1FBF3F3019100293ED0DDF812208BB9E6
:1094E000931CB3F5807F28BF4FF48073CDF81630FE
:1094F00037E75A7E72BBD3F8221042F21073B1FBE9
:10950000F3F3E7E7013A1A44B2FBF3F30233E8E777
:109510005A7ECAB1053203EB8202D2F80210D3F8A8
:109520001A3042F21072B3FBF2F3D3E75A7E72B1F3
:10953000053203EB8202D2F80220D3F81A1042F26D
:109540001073B2FBF3F3C5E7D3F81E10E7E7D3F8C7
:109550001E20F2E7002301930023ADF81630ADF88A
:109560001830FEE6030101012DE9F84F334C238941
:1095700053B12278324F02EB820502EB45057D594B
:109580002B449F788F420AD02E4B1B68DB0703D5F4
:1095900000BE0020BDE8F88F0020BDE8F88FD4E9B8
:1095A00004369E4205460BD327490023C4E9033302
:1095B000636119B161781046AFF300800120E9E7DB
:1095C00001F046F90028E7D0DFF88090A36999F808
:1095D0000000D4E9042BA2EB0B0808EB00069E4226
:1095E00028BF1E46B04213D9164B1B6813F0010367
:1095F00001D000BE002339462846144A01F048F93C
:109600000028DBD10F4B1B68DA07C5D500BEC1E7C8
:10961000E168A6EB000A59444844524611F0C0FEE6
:109620000BEB0A03D0456361B3B2E4D199F8012092
:1096300042F0020289F80120DDE700BF8C710020B2
:1096400080700020F0ED00E0000000008C70002031
:109650002DE9F041B2F5004F9DF8188030D804464E
:10966000C0681E460F46154618B14FF0FF310EF088
:10967000E7FA206918B14FF0FF310EF0E1FAE28805
:10968000E068276066F30E02C2F30721002368F347
:10969000C711E2806381A580E171238118B11A4668
:1096A00019460DF085FE206938B100231A46194687
:1096B0000DF07EFE0120BDE8F0810120BDE8F081C3
:1096C0000020BDE8F08100BF03894289808892B202
:1096D0009BB2934236BFC2EB40029B1A9B189BB2CF
:1096E000984228BF18467047028943899BB2981A4E
:1096F000B0FA80F04009704703894289808892B2AD
:109700009BB2934236BFC2EB40029B1A9B189BB29E
:10971000984286BFC01A80B2002070472DE9F843F6
:10972000054600690E46174618B14FF0FF310EF09E
:1097300087FA2B896989A8889BB289B28B4236BF88
:10974000C1EB40045C1AE418A4B2002C4AD0A04239
:1097500006D283422CBF191A191889B269810446AE
:10976000BC4228BF3C468842A4B203D8091A89B239
:109770008842FBD9EA882B68401AC2F30E0887B2E8
:109780001FFA88F2BC4202FB013125D917FB08F908
:109790001FFA89F94A46304611F002FEE21B12FB1D
:1097A00008F206EB090092B2296811F0F9FD6A8906
:1097B000A88892B211198BB29A4215D940001B1A8F
:1097C0009BB228696B8120B100231A4619460DF01F
:1097D000EFFD2046BDE8F88302FB04F2304611F0AD
:1097E000DFFDE4E769898BB240008342E9DBE6E70D
:1097F00038B5054600690C4618B14FF0FF310EF040
:109800001FFA29896B89AA8889B29BB2994236BF0F
:10981000C3EB4200C81A401880B200B3824209D29A
:1098200091422CBF8B1A8B189BB29A426B8103D842
:109830009B1A9BB29A42FBD9EA882968C2F30E02AE
:10984000204602FB031111F0ABFD0124286920B171
:1098500000231A4619460DF0ABFD204638BD0446DC
:10986000F4E700BF2DE9F0471446002A4FD0054623
:10987000C0680F4618B14FF0FF310EF0E1F9EA79F8
:109880002E896989AB88D209B6B289B242D18E429B
:1098900036BFC1EB4301711A891989B2994252D27C
:1098A000591A89B28C42E88828BF0C46C0F30E08CA
:1098B000B342304603D8C01A80B29842FBD21B1A7A
:1098C0002A681FFA83F9A14508FB002047D219FB3B
:1098D00008FA1FFA8AFA5246394611F061FDA4EBE4
:1098E000090212FB08F207EB0A0192B2286811F094
:1098F00057FDA3199BB2AA88B3424FEA420201D393
:10990000934201DB9B1A9BB2E8682B81F8B9204691
:10991000BDE8F087E8889C42C0F30E080FD28E4263
:1099200023D3721A92B2580022448242C0DBCE186E
:10993000361BB6B2B14220D9361AB6B2B8E7E41A2D
:1099400008FB0477B3B9E86800240028DFD00023BF
:109950001A4619460DF02CFD2046BDE8F08708FB9D
:1099600004F2394611F01CFDC3E75800421A324494
:1099700092B2D9E70E461C4698E7B04298DCDBE786
:1099800010B50446C06818B14FF0FF310EF058F919
:10999000206918B14FF0FF310EF052F9E068002352
:1099A0006381238118B11A4619460DF001FD206923
:1099B00020B100231A4619460DF0FAFC012010BD13
:1099C00038B5C379B1EBD31F1FD00446C0680D462C
:1099D00018B14FF0FF310EF033F9206918B14FF094
:1099E000FF310EF02DF9E379E06865F3C713E371F9
:1099F00020B100231A4619460DF0DAFC206920B187
:109A000000231A4619460DF0D3FC012038BD00BFD3
:109A1000704700BF704700BF0020704700207047AC
:109A2000704700BF704700BF704700BF704700BF5E
:109A3000024B5878003018BF012070473472002064
:109A4000024B1878C0F38000704700BF34720020CA
:109A5000024B1878FF3818BF0120704718610020AA
:109A60002DE9F047374E3378FF2B82B004D0012523
:109A7000284602B0BDE8F087002946D03822884643
:109A800007460021304811F0AFFC304B304900252B
:109A900001201D700DF066FE2E4B1860002834D09A
:109AA0002D4C2346626833F80C0B618800950DF04D
:109AB0000DFCA16805460EF09DFA284B1D6075B39C
:109AC000274B23B12748AFF30080274B1860254C64
:109AD000DFF89CA02278DFF8909000252B460EE05E
:109AE000D9F8003013EB45130FD05B686BB1984782
:109AF00022780135EDB2511DA9422B4615DBAA4251
:109B0000EED89B1A0AEB4313EFE7184B1B68DA07F2
:109B100000D500BE0025284602B0BDE8F087134BF3
:109B20001B68DB07F6D500BEA2E741463846377012
:109B300001F050FE05460028F1D0384601F04CFEF9
:109B400096E700BF186100203472002034730020B3
:109B5000E47100206C720020BC6000207072002054
:109B600000000000E0710020DC710020F0ED00E05A
:109B700050E40300B94B1B78FF2B00F0A1812DE9C5
:109B8000F04F04468BB04FF47A7200238002A10D8F
:109B900011F0D0F9B24DDFF8E4B2B24E8246671C44
:109BA000286800F02481002C00F02181BAF1000F18
:109BB00014BF5246012207A90DF0B0FEC0B19DF8B6
:109BC0001D30013B072B00F21481DFE813F0F20097
:109BD000D300CA00BF00B700410014000800089B72
:109BE0000BB10998984728680EF0D6F90028D6D10D
:109BF0000BB0BDE8F08F9DF820109B4B01F07F0764
:109C000003EB470303EBD11393F826006FF3000037
:109C100083F8260093F826006FF3820083F826006D
:109C2000002F00F04581914A1B7D12789342C0F0CD
:109C30003381501D9842C0F234819B1A0BEB4313C1
:109C40009F699DF82120099B9DF81C00B847CAE731
:109C5000874A1378002B00F024811378013BDBB294
:109C60001370137803F0FF00002BBCD1DFF8F891DC
:109C70009DF81C8099F8003043F0010389F800300A
:109C800099F8263060F3000389F8263099F82630D9
:109C900060F3820389F8263099F8273060F30003D7
:109CA00089F8273099F8273060F3820389F8273044
:109CB00000F002FF9DF8203003F06002602A00F0FF
:109CC0000681402A00F00A8103F01F03012B00F0F7
:109CD000D581C0F01281022B40F0F9809DF824104C
:109CE00001F07F07082F00F2F2807B00C809019382
:109CF0004B44034400905D481F7D03789F4280F0F1
:109D00000F82336803EB4717002A00F0108257B127
:109D1000786900F0D1FE7B69404608AA0121984786
:109D200000287FF460AF9DF81C00002101F0BEFF09
:109D300080219DF81C0001F0B9FF54E74A4B1B78C5
:109D4000D8077FF550AFFFF771FE4CE7464B1A7806
:109D5000D7077FF548AF1878C0F3C000FFF764FE5F
:109D600041E7414BDB78D9077FF53DAF0898FFF716
:109D700051FE38E73D4F9DF81C903A7800239846F5
:109D800010E0336813EB481300F08080DB6848462E
:109D900098473A7808F101085FFA88F8511D88451C
:109DA000434645DC9045A3EB0203EAD30BEB431398
:109DB000ECE72E4F9DF81C903A78002398460FE070
:109DC000336813EB48135BD0DB68484698473A7812
:109DD00008F101085FFA88F8511D884543460FDCF9
:109DE0009045A3EB0203EBD30BEB4313ECE72246C6
:109DF000E1E6204B1B68DA077FF5F5AE00BEF2E620
:109E000038220021184811F0EFFA1B4A4FF0FF33B7
:109E1000C2E90533C2E90033C2E90233D3611384D6
:109E2000136100F03FFE104B9DF820209A70DAE697
:109E3000382200210C4811F0D7FA0F4A4FF0FF33B7
:109E4000C2E90533C2E90033C2E90233D3611384A6
:109E5000136100F027FEFFF7E5FDC4E6186100205E
:109E600070720020DC71002034720020E07100204C
:109E700034730020F0ED00E03872002050E403005D
:109E8000A44B1B68D907CCD500BECAE7A14B1B6801
:109E9000DA07DED500BEDCE7326812EB43137FF44D
:109EA000CFAE9C4B1B68DB077FF5A2AE00BE9FE6E2
:109EB000099B9DF821209DF81C0000F013FE92E6FE
:109EC0007047FCF7F3FC0246002840F0E981914B13
:109ED0001B68DA077FF527AF00BE24E78E4800280D
:109EE0003FF421AF00F0E8FD404608AA0121FCF74D
:109EF00025FF00287FF477AE15E7202A00F0F180D7
:109F0000002AE4D19DF82130092BE0D801A252F8B3
:109F100023F000BF3BA002001BA00200CF9E020066
:109F20005DA00200CF9E0200FD9F0200A99F0200DB
:109F3000CF9E0200939F02003D9F02009DF82230B9
:109F400001931A4699F801309A4200F0548199F829
:109F50000130002B40F05481019B89F80130002B27
:109F600000F04781581EC0B2FCF7A0FC18B143783E
:109F7000022B00F0C181674B1B68DB0700D500BED8
:109F8000644B1B68D80700D500BE002389F8013058
:109F9000C9E60AAA99F8013002F80E3D40460123AD
:109FA00008A900F01FFD1EE6BDF82200030A5A1E94
:109FB000C0B20E2A3FF6B7AE01A151F822F000BFA1
:109FC000B3A202008FA202007FA20200279D02001E
:109FD000279D020061A202008FA20200279D0200BD
:109FE000279D0200279D0200279D0200279D020059
:109FF000279D0200279D0200E3A2020008A800F0AE
:10A0000061FD40469DF8221001F0ECFB99F800300C
:10A0100043F0020389F80030E5E5BDF82230012B5A
:10A020007FF481AE99F8003040466FF3C30308A96E
:10A0300089F8003000F0BEFCD5E599F800309908A9
:10A0400001F00201C3F340130AAA0B4322F80E3DAC
:10A050004046022308A900F0C5FCC4E5BDF8223043
:10A06000012B7FF460AE99F80030404643F00803BE
:10A0700008A989F8003000F09DFCB4E59DF8243073
:10A080000F2B3FF650AE4B44244A1B791778BB4246
:10A0900038D2376817EB43173FF445AE786900F0C4
:10A0A0000BFD7B6908AA01214046984700287FF4F0
:10A0B0009AAD9DF8203013F060077FF434AE9DF820
:10A0C00021300A3B012B3FF62EAE00F0F5FC9DF847
:10A0D00021300A2B00F0FC8008A9404600F06AFC01
:10A0E00081E59DF824300F2B3FF61DAE4B440B4A03
:10A0F0001B791778BB4260D2376817EB43173FF4E0
:10A1000012AE05E67A1D9A42FFF60DAEDB1B0BEB95
:10A110004317C3E7F0ED00E03D6D0200E071002061
:10A12000581DB84239DA002A7FF4FDAD17469DF874
:10A130002130012B03D036D3032B7FF4C8AEBDF8FA
:10A1400022200292AAB9B84A012B10783DD001F022
:10A15000ADFD019B009A4B44134493F8262042F036
:10A16000020283F8262093F8262042F0010283F8A9
:10A170002620002F3FF437AD786900F09DFC7B6905
:10A18000012108AA40469847002000F095FC99F864
:10A190002730D9073FF527AD9EE7FB1A0BEB431796
:10A1A000002AC4D0B4E5019B009A4B4413442033E9
:10A1B0000AAA9B79C3F3400348E77A1D9A42FFF647
:10A1C000B2ADDB1B0BEB4317A2E501F097FD019B42
:10A1D000009A02994B44134493F8262061F34102FC
:10A1E00083F8262093F8262061F3000283F82620C6
:10A1F000BFE7FFF717FC404608A900F0DBFBF2E4DD
:10A200000021404601F000FB404601F09FFB874FD4
:10A2100099F802300293002300943A781C460CE02F
:10A220000BEB4313DB68404698473A780134E4B2BD
:10A23000501D8442234600F3CE809442A3EB0203D8
:10A24000EED2336813EB4413ECD1794B009C1B68BE
:10A25000DB0700D500BE9DF8083089F802307BE6A8
:10A26000FFF7DAFB024600283FF45DAD4046137865
:10A2700008A900F0B7FB00287FF4B5AC53E5BDF8A2
:10A280002410FCF719FB02460028EFD14BE5022B06
:10A290003FF417AEFFF7C2FB024600283FF443AD80
:10A2A0004046538808A900F09DFB00287FF49BAC32
:10A2B00039E5FCF7F7FA024600283FF408AE4046BD
:10A2C000122308A900F08EFB00287FF48CAC2AE54D
:10A2D0000AAA08A902F80E7D4046012300F082FB7D
:10A2E00081E4544B002B3FF41EADFCF723FD0246E6
:10A2F00000283FF418ADD3E7C27999F80030511126
:10A3000061F30413921162F3451389F80030438816
:10A31000CDF81080CDE900A4C318039300F109071C
:10A32000039BBB4237D97B780B2B03BF3B7897F855
:10A3300003A0FF184FF0010A7B78042B43D1039B45
:10A340003A4ACDF814A0DB1B00219BB2029112788F
:10A3500088469A4617E0346814EB481433D05246C6
:10A360003946049823699847082808F1010201D961
:10A37000824543D22D4B5FFA82F81A78CDF80880D7
:10A38000511D88451CDC029B9045A3EB0202E2D3E1
:10A390000BEB4214E3E7DDF81080DDE900A4FFF7E2
:10A3A0003FFB28E70246434604463946224802F06E
:10A3B000B1FA1E4B029A1B78053393422744AFDA59
:10A3C000DDE900A4D7E51A4B1B68DF07DDE900A42F
:10A3D0007FF5D6ADD3E5382200211848009C11F056
:10A3E00003F8174A4FF0FF33C2E90533D3611384F2
:10A3F000C2E90033C2E9023313612CE7DDF814A08F
:10A40000BAF1010F1ED00021CBB2534501F1010179
:10A41000C8D2BA78134459FA83F31A79FF2AD2D1F1
:10A4200083F80480F0E700BF18610020E07100208D
:10A43000F0ED00E0356D020048720020347200201B
:10A440003872002023690A4A0A498B4208BF4FF03C
:10A45000020A9342D7D17B79012BD4D1BB79012B4E
:10A46000D1D1FB79002B08BF4FF0020ACBE700BF28
:10A470005D7902001D7102002DE9F0434378023B33
:10A4800085B005460E46042B0CD8DFE803F0495D85
:10A49000037E3F00844B1A78D70715D51A7842F00F
:10A4A00004021A70814B18688EB933464FF0FF32A0
:10A4B00029460CF07DFF003018BF0120F0B97C4B1D
:10A4C0001B68DB0700D500BE05B0BDE8F08304AA19
:10A4D000002342F80C3D29460DF07AF9019B43B167
:10A4E000744B4FF080525A6040BFBFF34F8FBFF3A1
:10A4F0006F8F003018BF01200028E0D03246697805
:10A500002878FFF785FA05B0BDE8F0836A4A13782A
:10A510000133DBB21370654B1868002ED7D1C4E746
:10A52000614B1A786FF300021A701A7800216FF3EA
:10A5300041021A7059701A7861F382021A705B4BEB
:10A540001868002EC3D1B0E75C4FDFF874913978FA
:10A55000DFF87081002423460AE0D8F8003013EBBE
:10A5600044130AD10134E4B24A1DA242234615DB4A
:10A570008C42F2D35B1A09EB4313DB69002BF1D059
:10A580006968287898473978ECE7474B1A78D407F8
:10A590009AD51A786FF382021A7083E7424C2378B7
:10A5A00058072FD5237841496FF3820323702B7806
:10A5B0008DF8043005220023CDF80A30CDF806309E
:10A5C000ADF80E3008688DF80520002E59D004AA89
:10A5D00001A942F8103D0DF0FBF8009B43B1354B4B
:10A5E0004FF080525A6040BFBFF34F8FBFF36F8F61
:10A5F000003018BF012000284DD12D4B1B68D90712
:10A6000000D500BEE378DA077FF55EAF274A2B78E6
:10A61000696810688DF8043003220023CDF80A30F1
:10A62000CDF80630ADF80E3002918DF80520F6B168
:10A6300004AA01A942F8103D0DF0CAF8009B43B1ED
:10A640001C4B4FF080525A6040BFBFF34F8FBFF397
:10A650006F8F003018BF012000283FF430AF324622
:10A660009DF805109DF80400FFF7D2F92CE733465A
:10A670004FF0FF3201A90CF09BFE003018BF012003
:10A68000EAE733464FF0FF3201A90CF091FE0030AB
:10A6900018BF0120AFE732469DF805109DF8040071
:10A6A000FFF7B6F9AEE700BF3472002070720020E9
:10A6B000F0ED00E000ED00E034730020E0710020D8
:10A6C00050E40300DC7100202DE9F84F0A9F002AB6
:10A6D0004CD090464A78052A0C460ED1CE7806F02A
:10A6E0000306B34209D18A7802F07F02082A0DD905
:10A6F000204B1B68DA0700D500BE1E4B1B68DB072A
:10A7000002D40020BDE8F88F00BEFAE7DFF868B099
:10A71000DFF868A09BF8009000250EE06278052A1B
:10A72000EBD1E27802F00302B242E6D1A27802F065
:10A730007F02082ADCD89BF800909AF802100022C9
:10A74000204602F095F80028D2D04846214601F074
:10A750006FF80028D1D0A278D30916BF0B9B3A70AE
:10A760001A702278013545451444D7D10120BDE83F
:10A77000F88F00BFF0ED00E0186100203472002077
:10A7800030B51E4D85B0082400230290019303913B
:10A790008DF805402868144682B9134601A94FF088
:10A7A000FF320CF005FE003018BF0120E0B9144B59
:10A7B0001B68DB0700D500BE05B030BD04AA01A9A7
:10A7C00042F8103D0DF004F8009B43B10D4B4FF0E3
:10A7D00080525A6040BFBFF34F8FBFF36F8F00307E
:10A7E00018BF01200028E2D022469DF805109DF8F0
:10A7F0000400FFF70DF905B030BD00BF70720020F6
:10A80000F0ED00E000ED00E038B58B7803F07F0359
:10A81000082B06D90B4B1B68DB0700D500BE0020B8
:10A8200038BD094A094B0C46204691781D78002214
:10A8300002F01EF80028EDD021462846BDE8384039
:10A8400000F0F6BFF0ED00E0347200201861002047
:10A85000CB09263301F07F010348044A03EB410191
:10A860000844116801F0BABF347200206C720020F5
:10A87000CB09263301F07F010348044A03EB410171
:10A880000844116801F0D6BF347200206C720020B9
:10A8900038B5154C01F07F0504EB450404EBD114E9
:10A8A0002034A079C00706D5104B1B68DA0700D505
:10A8B00000BE002038BDA5790D4845F0010500789F
:10A8C000A57101F0F1F80028F4D1A379074A60F3EB
:10A8D0000003A371A37960F38203A3711368DB07FC
:10A8E000E7D500BE38BD00BF34720020F0ED00E0B7
:10A8F00018610020054B01F07F0203EB420303EBDC
:10A90000D11191F8260000F0010070473472002048
:10A9100010B50C4B18780C4601F0C8F90A4904F040
:10A920007F0301EB430101EBD41191F8263043F092
:10A93000020381F8263091F8263043F0010381F8B4
:10A94000263010BD1861002034720020054B01F044
:10A950007F0203EB420303EBD11191F82600C0F311
:10A96000400070473472002010B50F4B18780C4629
:10A9700001F036F80D4904F07F0301EB430101EBD0
:10A98000D41191F826306FF3410381F8263091F805
:10A9900026306FF3000381F8263091F826306FF3EC
:10A9A000820381F8263010BD186100203472002027
:10A9B000704700BF0A4630B4094C49680546106824
:10A9C000234603C30023C4E9023392F900209A42CC
:10A9D0002846ACBF802119461A4630BCFFF758BF45
:10A9E00078730020F0B50E462B4C49680746306856
:10A9F000A260254603C50021E181F588AB4228BF4E
:10AA00002B4683B0A381ADB13BB3002A3DD094F96E
:10AA10000000402B28BF402300282CDB1F4A38466B
:10AA2000FFF736FF98B91E4B1B68DB0712D500BE37
:10AA300003B0F0BD96F90030002BACBF802100219F
:10AA400038462B462A46FFF723FF0028EBD001208B
:10AA500003B0F0BD002003B0F0BD94F90020002A3F
:10AA6000ACBF194680211A463846FFF711FF00286F
:10AA7000D9D00120ECE71146084801931A4610F09E
:10AA80008FFC064A019B8021EEE7054B1B68D90726
:10AA9000E0D500BE1046CBE7787300203873002065
:10AAA000F0ED00E0034B0022C3E90022C3E90222DB
:10AAB0001A61704778730020014B1861704700BF1E
:10AAC000787300200346064A5968006810B413469C
:10AAD000002403C3C2E902445DF8044B704700BF81
:10AAE0007873002070B5404C2278C909B1EBD21FB1
:10AAF00082B0064615D03BB13C4B1B68DA0700D547
:10AB000000BE002002B070BD2146FFF751FF23694F
:10AB1000002B40D02246304603219847012002B046
:10AB200070BD94F90020A068002A08DB0028E8D056
:10AB30001A462F49019310F033FCA068019BE58968
:10AB4000E2881D44ADB21844AA42A060E58101D05C
:10AB50003F2B23D8236923B1234A0221304698474B
:10AB600088B194F9002000239A42ACBF8021194695
:10AB700030461A46FFF78CFE68B91C4B1B68DB0792
:10AB8000BFD500BEBEE70146304601F08FF8304623
:10AB9000802101F08BF8012002B070BDA28994F9E8
:10ABA0000010531B9BB2402B28BF402300290ADB17
:10ABB00095424FF0000112D00D4A3046FFF768FE73
:10ABC0000028DAD0E7E795420BD001461A4608483C
:10ABD000019310F0E5FB8021054A019BEDE70A4651
:10ABE000EBE780210022E8E778730020F0ED00E039
:10ABF0003873002000B170470EF098BB00B1704769
:10AC00000EF09EBB0138C3B2042B07D856230D4A61
:10AC100003FB00F013181B79DB0706D40A4B1B68F3
:10AC2000DB0700D500BE00207047CB09363301F0AA
:10AC30007F0103EB4101054B08441044196801F002
:10AC4000CDBD00BF8C730020F0ED00E03C7500200E
:10AC50000138C3B2042B07D856230A4A03FB00F07D
:10AC600013181B79DB0701D400207047CB0936335A
:10AC700001F07F0103EB4101034B084410441968C4
:10AC800001F0D8BD8C7300203C750020F0B5441E47
:10AC9000E5B2042D83B017D8562505FB04F5174EF1
:10ACA00001F07F0405EB4404344404EBD114303448
:10ACB000A779FF070BD5124B186810F0010001D0DF
:10ACC00000BE002003B0F0BD002003B0F0BD1F4661
:10ACD00013460A460146705DA579009745F00105C7
:10ACE000A57100F0BDFB0028ECD1A37960F300034F
:10ACF000A371A37960F38203A371E3E78C7300204F
:10AD0000F0ED00E02DE9F047764DAF798F4284B049
:10AD100091461E4604465BD0E2234FF0000AA9711B
:10AD20008DF809108DF80830ADF80CA0002E00F059
:10AD3000B380012103AF0DF10808FBF72BFE41465C
:10AD40003A4602232046FBF753FE51462046FBF7C6
:10AD500021FE9DF80C30EB702223D9F800908DF87D
:10AD60000730002E3ED020460121FBF713FE3A4665
:10AD70000DF1070101232046FBF73AFE9DF80C3048
:10AD8000EB704946082300222046FBF731FE20469F
:10AD90000021FBF7FFFD0026102241F2F2032046BE
:10ADA0000121EA71ADF80830ADF80C60FBF7F2FD57
:10ADB0003A46414602232046FBF71AFE314620461A
:10ADC000FBF7E8FD9DF80C30EB7004B0BDE8F087B0
:10ADD000222303AF0DF10808D9F800908DF8073051
:10ADE000002EC0D14FF0FF31E86D0CF029FF314645
:10ADF0002046FBF709FE20460121FBF7CBFD3A4632
:10AE00000DF1070101232046FBF7F2FD9DF80C3000
:10AE1000EB703246082349462046FBF7E9FD3146F0
:10AE20002046FBF7B7FD20460121FBF7EDFD334639
:10AE300032463146E86D0CF0BBFA102241F2F203C3
:10AE40004FF0FF31E86DEA71ADF80830ADF80C60F5
:10AE50000CF0F6FE31462046FBF7D6FD20460121D8
:10AE6000FBF798FD3A46022341462046FBF7C0FD1A
:10AE700031462046FBF78EFD20460121FBF7C4FD3D
:10AE8000334632463146E86D0CF092FA9DF80C30AC
:10AE9000EB7004B0BDE8F0874FF0FF31E86D0CF0C7
:10AEA000CFFE31462046FBF7AFFD03AF2046012120
:10AEB0000DF10808FBF76EFD3A4602234146204695
:10AEC000FBF796FD31462046FBF764FD2046012145
:10AED000FBF79AFD334632463146E86D0CF068FACE
:10AEE00037E700BF407500202DE9F04F4B781D0774
:10AEF0000E4685B090460978044662D1DA0600F124
:10AF00004881B26812B1B288002A5AD1E24D03F0EA
:10AF10002006AB7966F07F068B42F6B200F06481C2
:10AF2000E2230027A9718DF809108DF80830ADF8DB
:10AF30000C70B8F1000F00F06C82012120460DF179
:10AF40000C090DF1080AFBF725FD51464A4602237C
:10AF50002046FBF74DFD39462046FBF71BFD9DF8CB
:10AF60000C30EB70F223EE718DF8096000268DF83D
:10AF70000830ADF80C60B8F1000F40F0D980E86DF2
:10AF80004FF0FF310CF05CFE41462046FBF73CFDE4
:10AF900020460121FBF7FEFC4A460223514620468B
:10AFA000FBF726FD41462046FBF7F4FC2046012135
:10AFB000FBF72AFD434642464146E86D0CF0F8F99E
:10AFC00045E0B54D13F02007AA7946D1914240F0F3
:10AFD000BE800DF10C090DF1080AB37813F0100FC3
:10AFE0000CBF10222022EA2300278DF809208DF8BB
:10AFF0000830ADF80C70B8F1000F00F0FA800121B4
:10B000002046FBF7C7FC02234A4651462046FBF781
:10B01000EFFC39462046FBF7BDFC9DF80C30EB7089
:10B020007378EB71F222012120468DF809308DF8FA
:10B030000820ADF80C70FBF7ADFC51464A460223E0
:10B040002046FBF7D5FC39462046FBF7A3FC9DF8CC
:10B050000C30EB7005B0BDE8F08F914240F0A1805C
:10B060000DF10C090DF1080AB37813F0100F0CBFA5
:10B0700040228022EA2300278DF809208DF808302D
:10B08000ADF80C70B8F1000F00F0E480012120460B
:10B09000FBF780FC514602234A462046FBF7A8FCFA
:10B0A00039462046FBF776FC9DF80C30EB70328871
:10B0B0002B899A422AD0B788F2887388BF1ABFB208
:10B0C0005B099F4228BF1F4617F0FF0740F0088129
:10B0D0003A23AF708DF8097000278DF80830ADF86D
:10B0E0000C70B8F1000F00F0D98001212046FBF769
:10B0F00051FC514602234A462046FBF779FC39466B
:10B100002046FBF747FC9DF80C30EB7033782B7230
:10B1100073786B727378EB71F22200268DF8093028
:10B120008DF80820ADF80C60B8F1000F3FF427AFA0
:10B1300020460121FBF72EFC51464A4602232046B9
:10B14000FBF756FC31462046FBF724FC7FE7E22361
:10B15000A9718DF80910ADF80C708DF80830B8F1B0
:10B16000000F00F0DE80012120460DF10C090DF1E9
:10B17000080AFBF70FFC51464A4602232046FBF71C
:10B1800037FC39462046FBF705FC9DF80C30EB7088
:10B1900023E7434606F10802FFF7B4FD05B0BDE81A
:10B1A000F08FE2230027A9718DF809108DF808307F
:10B1B000ADF80C70B8F1000F00F0D98001212046E5
:10B1C0000DF10C090DF1080AFBF7E4FB51464A4664
:10B1D00002232046FBF70CFC39462046FBF7DAFB3E
:10B1E0009DF80C30EB703FE70DF10C090DF1080AEA
:10B1F000B8E64FF0FF31E86D0CF022FD41462046E5
:10B20000FBF702FC01212046FBF7C4FB02234A4660
:10B2100051462046FBF7ECFB41462046FBF7BAFBC4
:10B2200001212046FBF7F0FB434642464146E86DCC
:10B230000CF0BEF89DF80C30EB707378E86DEB7194
:10B24000F2224FF0FF318DF80930ADF80C808DF807
:10B25000082097E64FF0FF31E86D0CF0F1FC414615
:10B260002046FBF7D1FB20460121FBF793FB4A4622
:10B27000022351462046FBF7BBFB41462046FBF725
:10B2800089FB20460121FBF7BFFB4346424641466E
:10B29000E86D0CF08DF807E7407500204FF0FF31A6
:10B2A000E86D0CF0CDFC41462046FBF7ADFB204697
:10B2B0000121FBF76FFB4A46022351462046FBF76C
:10B2C00097FB41462046FBF765FB20460121FBF733
:10B2D0009BFB434642464146E86D0CF069F812E795
:10B2E00012238DF80730D6F808B0B8F1000F64D0FB
:10B2F00020460121FBF74EFB4A460DF107010123D1
:10B300002046FBF775FB9DF80C30EB7059463B4629
:10B3100000222046FBF76CFB00212046FBF73AFB9E
:10B32000D6E64FF0FF31E86D0CF08AFC414620462E
:10B33000FBF76AFB0DF10C09204601210DF1080A0B
:10B34000FBF728FB4A46022351462046FBF750FBF9
:10B3500041462046FBF71EFB20460121FBF754FB2C
:10B36000434642464146E86D0CF022F80DE74FF0A7
:10B37000FF31E86D0CF064FC41462046FBF744FBCE
:10B380000DF10C09204601210DF1080AFBF702FB23
:10B390004A46022351462046FBF72AFB41462046F7
:10B3A000FBF7F8FA20460121FBF72EFB4346424605
:10B3B0004146E86D0BF0FCFF12E74FF0FF31E86DFE
:10B3C0000CF03EFC41462046FBF71EFB20460121C7
:10B3D000FBF7E0FA4A460DF1070101232046FBF78F
:10B3E00007FB9DF80C30EB7042463B465946204621
:10B3F000FBF7FEFA41462046FBF7CCFA2046012136
:10B40000FBF702FB434642464146E86D0BF0D0FF96
:10B410005EE64FF0FF31E86D0CF012FC414620462D
:10B42000FBF7F2FA0DF10C09204601210DF1080A93
:10B43000FBF7B0FA4A46022351462046FBF7D8FAFA
:10B4400041462046FBF7A6FA20460121FBF7DCFA2D
:10B45000434642464146E86D0BF0AAFF7FE500BF38
:10B460002DE9F04102F07F0CBDF818E0D20981BB54
:10B47000BCF1000F5ED13E4EA6F160077178B47842
:10B4800082F0010262F345110A466FF3041244F0A0
:10B4900010017270B170B278B360032363F30302DA
:10B4A00000258046A6F804E0B270F5802846FFF734
:10B4B000A1FBBC7AC4BB01252046BD72FFF79EFBF1
:10B4C0002246404631462C46FFF70EFD2046BDE899
:10B4D000F08182F00108BCF1000F2ED0254F01222F
:10B4E0003C4604E00132142A04F10C0418D094F80C
:10B4F0006C508D42F6D102EB420507EB850595F8BD
:10B50000615005F00F066645ECD1C5F34015454581
:10B5100004F16C06BFD00132142A04F10C04E6D108
:10B5200000242046BDE8F0812846FFF767FB20464F
:10B53000BDE8F08182F00108D0E70E4F01243D46BE
:10B5400002E00134142CEBD095F86C608E4205F1CA
:10B550000C05F6D104EB4406B60007EB060C9CF88C
:10B5600061C01CF00F0FECD160363E4486E700BF8F
:10B57000A07500204075002042DF704743DF704710
:10B5800044DF704712DF7047F0B5334CBFF35B8F79
:10B59000014604F590730125D3E84F2FC3E8405FBF
:10B5A0000028F9D1BFF35B8F12F0FF0F48D10829B3
:10B5B00029D04E01A21954F806C028489388284F74
:10B5C00001F5947601EB810E50F82660D2889A1A24
:10B5D00093B2B6B200EB8E0209B2B34228BF334633
:10B5E000C2F800C707EB8100C2F8043747F82150C2
:10B5F000BFF36F8FBFF34F8F1A4B984218D0043BA5
:10B60000984215D0F0BD154BD3F8C024D1030FD408
:10B6100094F80B1161B11449D4F80001C3F8A007E4
:10B62000C3F8A4270D60BFF36F8FBFF34F8FF0BD3A
:10B630000023BFF35B8F84F82031BFF35B8FF0BD35
:10B640000A4B0B485A68C2F30802003218BF0122A5
:10B65000BDE8F040FFF794B89076002000700240FB
:10B6600028700240507002404870024000ED00E037
:10B67000E9B60200174BBFF35B8F01460122D3E806
:10B680004F0FC3E84C2FBCF1000FF8D1BFF35B8F15
:10B6900010F0FF0F14D10A60BFF36F8FBFF34F8F0D
:10B6A0000D4B994203D0043B994200D070470B4B9D
:10B6B000BFF35B8F002283F82021BFF35B8F7047BD
:10B6C000074B08485A68C2F30802003218BF01222B
:10B6D000FFF756B8B07700205070024090760020F7
:10B6E00000ED00E075B60200F0B5334CBFF35B8FA0
:10B6F000C1B204F590730126D3E84F2FC3E8406F21
:10B700000028F9D1BFF35B8F12F0FF0F47D1082952
:10B7100028D04D01621954F805E028489388DFF8D5
:10B72000B0C001F5947550F82570D2888D009A1A32
:10B7300093B2BFB26A1800EB8202BB4228BF3B46FD
:10B74000C2F800E76544C2F804374CF82160BFF343
:10B750006F8FBFF34F8F1A4B9D4218D0043B9D4211
:10B7600015D0F0BD154BD3F8C024D1030FD494F8F5
:10B770000B1161B11349D4F80001C3F8A007C3F855
:10B78000A4270E60BFF36F8FBFF34F8FF0BD002370
:10B79000BFF35B8F84F82031BFF35B8FF0BD0A4BA2
:10B7A0000A485A68C2F30802003218BF0122BDE8F5
:10B7B000F040FEF7E5BF00BF907600200070024029
:10B7C000507002404870024000ED00E0E9B602000F
:10B7D0002870024001207047014B80225A60704758
:10B7E00000E100E0074BD3F80014D3F80024002058
:10B7F0000A434FF48001C3F80024C3F85801C3F88A
:10B800000413704700700240074B4FF4001229B92F
:10B81000C3F80823054B83F821117047C3F80423AC
:10B82000024B83F82111704700700240907600208F
:10B8300070B48A788C88414EC97802F07F03D509AC
:10B8400005EB430006EB001001F00301C4F30A040A
:10B85000012904812BD0012101FA03F4BDB138483C
:10B8600002339940C0F80413D0F810352343C0F8D0
:10B870001035334B42F48071C3F81825C3F80C150A
:10B88000BFF36F8FBFF34F8F012070BC70472C4800
:10B8900003F10C06B140C0F80413D0F8141503F5F9
:10B8A00094730C43C0F8144540F82350E1E7082B8B
:10B8B00008D0244B186810F00100E6D000BE00202C
:10B8C00070BC7047EDB9B6F818311BB11C4B802223
:10B8D000C3F81C251A4A0023C2F85031D2F80033AD
:10B8E00013F4001308BFC2F85431154B4FF4401243
:10B8F000C3F80423D3F8142542F48072C3F8142546
:10B90000BEE7B6F808210E4B0021C3F82C1112B186
:10B910008022C3F81C250A4AD2F8003313F400131E
:10B9200008BFC2F85431064B074AC3F80423D3F8C2
:10B93000102542F48072C3F81025A1E7907600200C
:10B9400000700240F0ED00E0000820001F4B802254
:10B950002DE9F041C3F88420BFF34F8FBFF36F8F01
:10B9600001241B4D1B4FA0460026A30004F10C022E
:10B97000A11C03F1804303F51C3308FA01F108FA16
:10B9800002F20A43C7F8082328465E6001342022E9
:10B990009E6200210FF028FD082C05F12005E4D15E
:10B9A0000D4BC7F808332022C7F81C6500217E62C2
:10B9B0000A48BE640FF018FDC7F81485C7F8108553
:10B9C000024B80225A60BDE8F08100BF00E100E038
:10B9D000B076002000700240000830009077002010
:10B9E00001F07F02082A70B44FEAD11128D0012358
:10B9F00003FA02F0C043B1B1294C951CAB40C4F826
:10BA00000833D4F81055274B2840C4F8100501EB33
:10BA1000420103EB01110023CB72BFF36F8FBFF321
:10BA20004F8F70BC70471E4C02F10C05AB40C4F840
:10BA30000833D4F814551B4B2840C4F81405E6E726
:10BA4000184B03EB01100024A0F808411448D1B1B1
:10BA50004FF40064C0F80843D0F8104524F4807413
:10BA6000C0F81045B3F81841B3F808510C48EC423F
:10BA70004FF0000608BF4FF40014C0F81C6508BF63
:10BA8000C0F80843C3E74FF48014C0F80843D0F867
:10BA9000144524F48074C0F81445C0F85011E1E74F
:10BAA000007002409076002001F07F004FEAD11C28
:10BAB000F0B50CEB4005744E2D01771985B0FC7A7A
:10BAC0004CB1724B1C6814F0010401D000BE00247C
:10BAD000204605B0F0BD04F0FF0E7251BB80A7F800
:10BAE00006E0002843D1002B57D0BCF1000F00F036
:10BAF0008E8006EB401100EB8003CD8A8A8A0C8B86
:10BB00000969521B9B0092B203F1804303F51C3379
:10BB1000A24228BF22465E4DC3F8001600B2C3F809
:10BB200004265C4BBFF35B8F05EB80010122D3E859
:10BB30004F4FC3E8472F002FF9D1BFF35B8FE4B21B
:10BB4000002C40F0908045F82020BFF36F8FBFF3AA
:10BB50004F8F514B994202D0043B994219D1BFF308
:10BB60005B8F002386F82031BFF35B8F11E0BCF1BF
:10BB7000000FBED106EB40160123F372BFF36F8FA7
:10BB8000BFF34F8FB37A23B1F37A03F0FF04002B96
:10BB900074D10124204605B0F0BD404AD2F880247B
:10BBA000C2F3C0126245A0D03D4D6A688DF80810FE
:10BBB000C2F3080100314FF4E06218BF012101A86F
:10BBC00003938DF80930ADF80420FEF755FCBFF360
:10BBD0005B8F06F590720123D2E84F1FC2E8403F09
:10BBE0000028F9D1BFF35B8FCCB2002C38D12A4AA0
:10BBF0001360BFF36F8FBFF34F8F1C46BFF35B8F94
:10BC0000204686F82011BFF35B8F05B0F0BD0123FD
:10BC1000204AF372BFF35B8FD2E84F4FC2E8413F37
:10BC20000029F9D1BFF35B8FE4B26CB91D4A1360F0
:10BC3000BFF36F8FBFF34F8FBFF35B8F86F820C1C9
:10BC40001C46BFF35B8F43E7154B16495A681648ED
:10BC5000C2F30802003218BF0122FEF791FD37E758
:10BC60006A680D49F3E70E4B0F485A68C2F30802A1
:10BC7000003218BF0122FEF783FD29E786F80AC0CB
:10BC8000FFF782FC24E700BF90760020F0ED00E093
:10BC900004700240B07700205070024000700240F3
:10BCA00000ED00E04C70024075B6020011F07F001C
:10BCB00008B512D008280BD00E4B41F48072C90988
:10BCC000C3F8182504D10C4B03EB40139A7A62B9E0
:10BCD000BFF36F8FBFF34F8F08BD064B01225A652C
:10BCE000BFF36F8FBFF34F8F08BD9972FFF74CFC06
:10BCF000EEE700BF007002409076002011F0770F51
:10BD000012D00A4B41F48072C3F80C15C3F80C250D
:10BD1000CA09C3F8181504BF01F5947143F821202E
:10BD2000BFF36F8FBFF34F8F704700BF00700240AB
:10BD30002DE9F04FA54BA64CD3F8000300238BB0A0
:10BD40001E461F46012520FA03F11A19C9074FEABA
:10BD5000820209D5116839B105FA03F117600E4363
:10BD6000BFF36F8FBFF34F8F0133192BEBD1F20766
:10BD700000F13582974D330508D5944BD3F8A8369A
:10BD800001229BB2A5F8163185F81C21B70206F4F2
:10BD9000800424D58D4BD3F81425D00540F1FC81C7
:10BDA000002C00F0A182D3F80024D20740F19C823D
:10BDB000D3F81035DA0540F1FB8195F81C3107AF57
:10BDC000002B40F0BD82814BD3F8203508933846D4
:10BDD0004FF440730121ADF81C30FEF74DFB04B366
:10BDE0007A4AD2F8004440F201732340C2F800348A
:10BDF000E30500F15682670510D5744B0122C3F8A4
:10BE000008259A65D3F8002312F4001208BFC3F87E
:10BE100054216E4B4FF40012C3F80423A00500F127
:10BE2000358231023DD5694BD3F880C4D3F88414F0
:10BE3000D3F888E4D3F88C74D3F89084D3F894447E
:10BE4000D3F89804D3F89C245FFA8CF35FFA80FC53
:10BE5000D0B25A06C9B25FFA8EFEFFB25FFA88F816
:10BE60005FFA84F901D105291BD00024224668F32A
:10BE7000070263F3070461F30F2469F30F226EF3E3
:10BE800017446CF3174260F31F6267F31F644FF4AB
:10BE9000C063012107A8CDE90842ADF81C30FEF7C8
:10BEA000EBFA4D4B3340002B40F09181DFF82491A9
:10BEB000464F4D46CA4609F5907800241DE02B44B4
:10BEC000DA7A002A00F0D781DA88AAF80420002262
:10BED000DA72D98809914FF4E063012107A88DF83F
:10BEE00020B08DF82120ADF81C30FEF7C5FABBF16B
:10BEF000080F47D001340AF1200A04F10C0326FA96
:10BF000003F3DB075FFA84FBF1D504EB840307EB53
:10BF10008303DAF80020D3F80807630112FA80F2ED
:10BF2000E918CAF80020CA8880B2024492B2082CEC
:10BF3000CA80C4D0BAF808208242C0D1CA88BAF8F0
:10BF400004109142BBD9BBF1000FD0D10122BFF345
:10BF50005B8FD8E84F3FC8E8412F0029F9D1BFF3E4
:10BF60005B8F13F0FF0F40F052821C490A60BFF351
:10BF70006F8FBFF34F8FBFF35B8F85F82031BFF317
:10BF80005B8FB7E7164B3340002B00F002810F4B5D
:10BF9000D3F86C240192C3F86C24BFF36F8FBFF306
:10BFA0004F8F16F4806600F06E81D3F88024D3F8AA
:10BFB000803483F08003C3F3C0130593C2F3C0132E
:10BFC0000493DFF808A00024A84613E000700240A4
:10BFD000409C001090760020FCFB1F004C7002403B
:10BFE00000040001002C00F0F281072E52D0013431
:10BFF00009F120090199E14004EB8403C9070AEB28
:10C00000830308EB4412E6B2ECD5D3F80816D9F84E
:10C010001070C9B20F44C9F81070D08A014489B2B7
:10C02000D182A849D08AB9F8145061188900854294
:10C0300002914FF0010C66F07F0103914FF4E06B29
:10C040004FF0000E614607A840F2B480D18AB9F8DB
:10C050001820C3F800766D1AADB2954228BF154678
:10C06000994AC3F80456BFF35B8FD2E84F3FC2E84A
:10C0700041CF0029F9D1BFF35B8F13F0FF0F40F0E0
:10C08000ED80029BC3F800C0BFF36F8FBFF34F8FEB
:10C09000072EACD1019BDB03454601D4059B43B180
:10C0A000EB7A23B1EB88AA889A4200F271810123CE
:10C0B000AB72019B9F030BD595F82B3023B1EB8C12
:10C0C000AA8C9A4200F28881012385F82A30019BCC
:10C0D0005E030DD595F84B3033B1B5F84630B5F861
:10C0E00044209A4200F27D81012385F84A30019B69
:10C0F0001C030DD595F86B3033B1B5F86630B5F843
:10C1000064209A4200F27E81012385F86A30019B07
:10C11000D8020DD595F88B3033B1B5F88630B5F827
:10C1200084209A4200F23881012385F88A30019BED
:10C1300099020DD595F8AB3033B1B5F8A630B5F806
:10C14000A4209A4200F22D81012385F8AA30019B98
:10C150005A020DD595F8CB3033B1B5F8C630B5F8E5
:10C16000C4209A4200F22281012385F8CA30019B43
:10C170001B020ED595F8EB30002B00F0F380B5F8DC
:10C18000E630B5F8E4209A4240F2EC800720FFF751
:10C19000FBF90BB0BDE8F08FD3F81025D1053FF5C2
:10C1A0000CAE95F821211AB94FF40012C3F80823F8
:10C1B00007AF08E6D38A09939DF80C30ADF81CB0A0
:10C1C0008DF820308DF821E0FEF756F90DE70023B9
:10C1D000BFF35B8F85F82031BFF35B8F66E63B4B87
:10C1E0003B4A3C4D3C4800240127C2F81475C2F874
:10C1F0001075546094625C609C629C60DC62DC60E0
:10C200001C631C615C635C619C639C61DC63DC613E
:10C210001C6454629464C2F85841D2F80034D2F8D5
:10C2200000140B43C2F80034D2F80033C2F80833CC
:10C230002146C2F8040328464FF492720FF0D4F856
:10C2400040234FF48072394607A82B832B818DF849
:10C250002040ADF81C20FEF70FF98CE51F4B20485D
:10C260005A680299C2F30802B2EB0E0218BF01220B
:10C27000FEF786FAB9E61B4B1B68D80789D500BEC6
:10C280000BB0BDE8F08FCDE904669AE600220523E5
:10C29000012107A88DF81C208DF81D30FEF7ECF861
:10C2A000BFE50121C2F82C150423002207A88DF850
:10C2B0001C208DF81D30FEF7DFF867057FF5AEAD69
:10C2C0009BE500BF019C0010B07700200470024085
:10C2D00000700240907600200514C00100ED00E0DF
:10C2E00075B60200F0ED00E04F4BBFF35B8F01220B
:10C2F000D3E84F1FC3E8402F0028F9D1BFF35B8F6D
:10C3000011F0FF0F32D1494BD3F8C004C70352D408
:10C3100095F80B1101F0FF07002967D04449D5F8C3
:10C320000071C3F8A077C3F8A4070A60BFF36F8F4A
:10C33000BFF34F8FD3F81035D8053FF53EAD37E743
:10C34000B5F816310993002285F81C2188234FF493
:10C35000E06238460121ADF81C20ADF82030FEF730
:10C360008BF830E5012385F8EA3012E7314B32488B
:10C370005A68C2F30802003218BF01220821FEF7F2
:10C38000FFF92A4BD3F81035DB053FF516AD0FE763
:10C390000020FFF7F9F88CE60420FFF7F5F8019B81
:10C3A000C6E60520FFF7F0F8019BD1E60620FFF76F
:10C3B000EBF8019BDCE6BFF35B8F85F82011BFF340
:10C3C0005B8FD3F81035DF053FF5F7ACF0E6049945
:10C3D00000293FF40CAE18E60120FFF7D5F8019BC9
:10C3E00076E60220FFF7D0F8019B81E6BFF35B8F72
:10C3F00085F82071BFF35B8FD3F81035D9053FF571
:10C40000DCACD5E60320FFF7BFF8019B80E6094BC3
:10C410000A485A680A49C2F30802003218BF0122CA
:10C42000FEF7AEF966E500BFB0770020007002406D
:10C430004870024000ED00E0E9B6020075B6020067
:10C440004C70024030B5012885B000F09F8057D372
:10C45000022840D1BA4BD3F80435002B40F0D780E6
:10C46000B74AD2F800341C05FBD54FF40063C2F87C
:10C470000034BFF36F8FBFF34F8FB24AB24B1268D5
:10C480001B68082A00F0D780AD4BB04D80240122F4
:10C49000C3F81C45C3F80423C5F88441FDF7D8FA56
:10C4A000002840F0F880AA4D43F204044FF0804386
:10C4B0002268AA4211D0D3F80C14D3F80C24D0036C
:10C4C000F6D5CA07F4D59E4B0122C3F80425BFF365
:10C4D0006F8FBFF34F8F05B030BD04AA002102F863
:10C4E0000C1D1046FFF74EF89DF804000028E2D01E
:10C4F00010460191FFF744F8019A002AD8D0E2E7EC
:10C500008F4BD3F80025002AE5D14FF480014FF47A
:10C510000062C3F80813C3F80024BFF36F8FBFF3A2
:10C520004F8F884B1B68082B00F0B780844B01228B
:10C53000C3F80025BFF36F8FBFF34F8F43F20402A0
:10C5400003F18D5303F57723126803F2DB539A420C
:10C5500000F0CA804FF08043D3F80C24D3F80C3499
:10C56000D90301D5D207B6D443F20402784B12683E
:10C570009A4200F01881774B00221A601B680193E1
:10C580004FF08043012201991A60A4E76C4BD3F865
:10C590000025002A9FD00022C3F80425BFF36F8F27
:10C5A000BFF34F8F69498020C1F88400BFF34F8FDC
:10C5B000BFF36F8FD3F80013C3F80813C3F8002537
:10C5C000BFF36F8FBFF34F8F43F2040103F18D531D
:10C5D00003F57723096803F2DB53994200F0998051
:10C5E00001AB5D4A012111605C4A5168C1F3080149
:10C5F000003118464FF000024FF0020318BF01212E
:10C600008DF804208DF80530FDF736FF63E743F21F
:10C6100004024F4B12689A4200F0B0804FF0804302
:10C62000D3F80C24D3F80C34DB037FF519AFD5070E
:10C630007FF516AF4FE7032B0AD8494A1168002946
:10C6400040F09880474C49F27530106021601060CE
:10C650005A1E022A10D8424A1168002967D1424D59
:10C660003848394B00681B6849F2753414602960FA
:10C67000146008287FF408AF032B3FF605AF3B4951
:10C680003B4B40F2E370402208601A60BFF36F8FAB
:10C69000BFF34F8FF8E66C6005E72B4B1B685A1E03
:10C6A000022A12D82E4B1A68002A40F08E802E499A
:10C6B00049F2753203201A6008601A60214A224B41
:10C6C00012681B68082A7FF431AF032B3FF62EAFA8
:10C6D000234B1A68002A74D1224949F27532C020CE
:10C6E0001A6008601A6021E704AB002203F80C2DE1
:10C6F0001846FEF747FF9DF8041000293FF42AAFC3
:10C7000018460192FEF73CFF019B002B7FF4E3AE3D
:10C710002AE704AB03F80C2D1846FEF733FF9DF80B
:10C720000420002A3FF45DAFFEF728FF5CE70549CF
:10C73000054B0D4A08681B680021116099E700BF8E
:10C7400000700240300100103401001000E100E0F0
:10C75000DBE5B151000100400400004000ED00E0C5
:10C7600000EC064014EC064014ED06400078024050
:10C7700004780240174A0021116069E704AB0022E7
:10C7800003F80C2D1846FEF7FDFE9DF80410002955
:10C790003FF444AF18460192FEF7F2FE019B002BD6
:10C7A0007FF499AE5CE604A8002300F80C3DFEF788
:10C7B000E9FE9DF80430002B3FF4DDAEFEF7DCFE11
:10C7C00089E6044BC0221A60B0E6034B03221A60CC
:10C7D00074E700BF14EC064014ED0640F8B503788A
:10C7E00013F0010405D10678C6F3800626B1204671
:10C7F000F8BD00242046F8BD0F4605464FF0FF3136
:10C8000038460BF01DFA2A7812F001040FD12B786C
:10C810005B0704D42B7843F004032B70012400231E
:10C8200038461A4619460AF0C3FD2046F8BD34467C
:10C83000F5E700BF70B505460E4608464FF0FF31DC
:10C840000BF0FEF92878C0F3800444B900240023DB
:10C8500030461A4619460AF0ABFD204670BD2B78CB
:10C8600013F00102F2D12B7862F382032B70EEE712
:10C8700010B4C378848803F00303022BC4F30A04C2
:10C8800026D019D8012B04D0002318465DF8044B9C
:10C890007047022940F2FF3208BF4FF48062A24283
:10C8A000F3D21A4B1B6813F00103EED000BE002335
:10C8B00018465DF8044B7047022914BF40234FF41B
:10C8C0008063A342EDD3012318465DF8044B704703
:10C8D00002290BD012B1B4F5007F11D0A4F10803E6
:10C8E0009BB2182B06D9402CEDD0DAE7B4F5007FC7
:10C8F000D7D1E8E7064A22FA03F3DB07D1D5E2E70E
:10C9000000244021134644710171BEE7F0ED00E0C0
:10C91000010100010A44914216D230B44C78052C32
:10C9200005D00C7821448A42F8D830BC70478C7806
:10C9300004F07F0500EB4505E4092B550C782144F4
:10C940008A42EBD830BC7047704700BF2DE9F041F8
:10C9500082B00678089DBDF82470009361F300064C
:10C960000446294600F8086B012316463A46BDF8EE
:10C970002C80FCF76DFE05B13FB90A9B6360012076
:10C98000A4F8028002B0BDE8F08104F11C0101208E
:10C990000AF0E8FE26B903463046C4E90503ECE791
:10C9A0000023FAE710B50446406908B10BF0FEFA1F
:10C9B000A06908B10BF0FAFA012010BDF0B50B46E2
:10C9C0000D4613F8081B83B011F0020F07461846F6
:10C9D00040F2FF130CBF3F241C461646FCF774FEC2
:10C9E000E8B9E6B126421AD12B786978DA073846D9
:10C9F00018D5FEF707F990B12B78697813F0010389
:10CA000013D000233846CDE900331A46FEF73EF92D
:10CA100030B9084B1B68DB0701D500BE00E00020E1
:10CA200003B0F0BDFDF714FFE5E738461A46FDF701
:10CA30002FFFEDE7F0ED00E070B501F1080582B0E1
:10CA4000064628460C46FCF73FFE38B1237861784D
:10CA5000DB07304605D5FEF7D5F830B9002002B027
:10CA600070BDFDF7F5FE0028F8D0284662886168A1
:10CA7000FCF754FE054690B1237862686178D807C8
:10CA800017D50023CDE9003330462B46FEF7FEF8DC
:10CA9000B0B90C4B1B68DB07E0D500BEDFE72078A0
:10CAA000617810F00104304608D1FDF7E1FE204620
:10CAB000D5E730462B46FDF7EBFEE9E7FEF7C8F871
:10CAC0002846CCE7F0ED00E02DE9F0418A890B78AB
:10CAD00082B00C460646E2B9DD07497857D5FEF725
:10CAE00091F800284FD0227863886178D20751D519
:10CAF000002B5DD0626800253046CDE90055FEF779
:10CB0000C5F800284DD1374B1B68DB073BD500BE6D
:10CB10003AE003F0020301F10808002B40460CBF85
:10CB200040274FF40077304D08BF6FF03F05FCF70A
:10CB3000E3FD874227D823786178DB07304634D578
:10CB4000FEF760F8F8B14046FCF7D6FD874233D8CF
:10CB500005EA000265882378617890B2854228BF93
:10CB60000546DA0732D5002D37D062680023CDE9BB
:10CB7000003330462B46FEF789F80028C3D02846FC
:10CB800002E0FEF765F8002002B0BDE8F081FDF795
:10CB90005FFEA6E773B162683046FDF779FE0028B4
:10CBA000B1D0608802B0BDE8F081FDF751FEC9E761
:10CBB0001A46A0E71A46EFE72078617810F00104E2
:10CBC0003046DED1FDF754FE2046DDE73DB1626818
:10CBD00030462B46FDF75CFECFE72A46C6E72A46DD
:10CBE000F6E700BFF0ED00E000FEFFFF0CB4144BD1
:10CBF00030B51B788342ABB004D22BB0BDE83040D7
:10CC000002B070472FAD2B462E9A01950C4602A814
:10CC1000A0210FF0D3FB5B210A4809F029F9214636
:10CC2000084809F013F90849064809F00FF902A964
:10CC3000044809F0D7F92BB0BDE8304002B0704786
:10CC400019610020586300201CE5030000B5002096
:10CC500083B00FF065FB0DF10703181A03B05DF800
:10CC600004FB00BF2DE9F84F0446894616460AF03A
:10CC70009BFADFF8A880264FDFF898A005462068C9
:10CC800003681B6998478346C0B1206803685B69E5
:10CC90009847C3B20D2BD4F810C004F1080B17D07D
:10CCA0000A2B15D0BCF5007F424639464FF00100F3
:10CCB00024D2194658460AF015F8E0E70AF074FA4B
:10CCC000401BB0424FF001001FD20AF079FAD6E7BC
:10CCD000BCF1000FD3D008342146484609F038FF94
:10CCE00020460C4909F080FFD9F800300A4A08496B
:10CCF0000320FFF77BFF0120BDE8F88FFFF776FFE9
:10CD00005146584609F070FFB9E75846BDE8F88F1C
:10CD100008E703005CE80300B8E60300C0E6030090
:10CD20002DE9F04F06468DB00B46894603204D494C
:10CD300090464D4AFFF75AFF4946306809F086F899
:10CD40000D21306809F094F80AF02EFA4749074699
:10CD500003A809F0BBFD0AF027FAC01B40455BD2CF
:10CD6000142203A93046FFF77DFF05460028F2D0C4
:10CD7000DFF818B10BF124045BF8041F09A809F0CF
:10CD8000A5FD09A903A80AF05FF8824609A809F0E1
:10CD9000D7FEBAF1000F27D15C45EDD1344903A885
:10CDA0000AF03AF8C8B9334903A80AF035F858B977
:10CDB000314909A809F08AFD09A903A80AF044F835
:10CDC00090B309A809F0BCFE039B00932B4A2549A8
:10CDD0004B460120FFF70AFF002503A809F0B0FE2B
:10CDE00028460DB0BDE8F08F96F8750096F87430BF
:10CDF000441C04F00704A3422CD00C2303FB006066
:10CE00000DEB0301143009F0A3FE86F875400AF01B
:10CE1000CBF9C01B4045A3D34B46194A1149012009
:10CE2000FFF7E4FE0025D8E7164906A809F04EFDF5
:10CE300006A903A80AF008F8044606A809F080FE2F
:10CE400009A809F07DFE002CBED1494603A809F0CF
:10CE5000E3FF80E7039B0C4A02490120FFF7C6FE6F
:10CE600079E700BF08E7030000E703005CE8030080
:10CE7000ECE9030048E6030050E6030068E603001F
:10CE800074E603005CE6030020E603001CE50300F3
:10CE900038B5044610460D461A460146206809F08A
:10CEA0004FFC206803682946DB6998474FF47A7085
:10CEB0000AF086F903E0206803685B6998472068F8
:10CEC00003681B6998470028F5D104F10805284636
:10CED0000F4909F089FE4FF4FA620E492046FFF728
:10CEE0001FFF03E0206803685B69984720680368B8
:10CEF0001B6998470028F5D12846054909F074FEBA
:10CF000020464FF4FA620449BDE83840FFF708BFF5
:10CF10005CE8030008E6030010E603004FF4FA6241
:10CF20000149FFF7FDBE00BF10E603002DE9F04FF9
:10CF300087B007463949DFF8ECB0DFF8EC90DFF84E
:10CF4000ECA0684609F0C2FC002269463846FFF7AB
:10CF500089FE00B3324D03AC05F1240855F8041FD7
:10CF6000204609F0B3FC2146684609F06DFF0646ED
:10CF7000204609F0E5FDBEBBA845EFD15246494623
:10CF80000320009BFFF732FE002269463846FFF778
:10CF900069FE0028DED197F8741097F875308B423F
:10CFA0001CD003AC0C26142516FB01513944204635
:10CFB00009F0B2FC97F874307A68013303F0070384
:10CFC000204687F8743002B19047204609F0B8FD3A
:10CFD00097F8741097F875308B42E5D1684609F0E0
:10CFE000AFFD07B0BDE8F08F97F8750097F8743083
:10CFF000441C04F00704A34209D00C2303FB007077
:10D000001430694609F0A4FD87F875409CE7009B41
:10D010005A4649460120FFF7E9FD95E75CE8030021
:10D020001CE5030020E6030008E70300FCE503001D
:10D030002DE9F04F064689468FB0574903209246A6
:10D040009846564A4B46FFF7D1FD4946306808F0EE
:10D05000FDFE0D21306808F00BFF0AF0A5F85049DD
:10D06000039005A809F032FC0AF09EF8039BC01A51
:10D07000404559D214220DEB02013046FFF7F2FD74
:10D0800005460028F0D0474C04F1240B54F8041F47
:10D090000BA809F01BFC0BA905A809F0D5FE074653
:10D0A0000BA809F04DFD3FBBA345EFD13E4905A8B4
:10D0B00009F0B2FEC8B93D4905A809F0ADFE58B95E
:10D0C0003B4908A809F002FC08A905A809F0BCFE24
:10D0D00090B308A809F034FD059B0093354A2E490A
:10D0E0004B460120FFF782FD002505A809F028FD29
:10D0F00028460FB0BDE8F08F96F8750096F87430AA
:10D10000441C04F00704A34239D00C2303FB006045
:10D1100005A9143009F01CFD86F875400AF044F8A2
:10D12000039BC01A4045A5D34B46234A1A49012008
:10D13000FFF75CFD0025D8E720490BA809F0C6FBE6
:10D140000BA905A809F080FE04460BA809F0F8FC1D
:10D1500008A809F0F5FC002CBED1494605A809F045
:10D160005BFE002880D1BAF1000F3FF47DAFDAF802
:10D1700008305BB905A9504609F066FD74E7059BC8
:10D180000F4A05490120FFF731FD6DE70A2150469E
:10D1900009F0A8FDEEE700BF08E7030000E7030081
:10D1A0005CE803001CE50300ECE9030048E603002B
:10D1B00050E6030068E6030074E603005CE6030043
:10D1C00020E603004FF4FA620149FFF7A9BD00BF52
:10D1D000E8E603002DE9F04F0F4697B01646774971
:10D1E0004FF4FA620446FFF79BFD20B90546284636
:10D1F00017B0BDE8F08F724907A809F067FB07A9CF
:10D20000384609F021FE002800F0B3800DF1040833
:10D210003946404609F080FB0AAD07A809F090FCAA
:10D22000019B684A302128460EF04EFF2B46664A85
:10D2300066490320FFF7DAFC2946206808F006FE5D
:10D240000D21206808F014FE09F0AEFF40F6B73754
:10D25000054609F0A9FF401BB84206D9A7E020689F
:10D2600003685B6998473E2809D0206803681B69FA
:10D2700098470028F3D1012009F0A2FFE9E73146E1
:10D280002068DFF8689108F0DBFD206803681A2148
:10D290001B68984709F088FF4D49074604A809F024
:10D2A00015FB47F22F5609F07FFFC31BB3424FF027
:10D2B000320204A920466FD8FFF7D4FC05460028A7
:10D2C000F1D0DFF82CA10AF124065AF8041F07A8B0
:10D2D00009F0FCFA07A904A809F0B6FD834607A8DF
:10D2E00009F02EFCBBF1000F1CD15645EDD149468B
:10D2F00004A809F091FD58B9364904A809F08CFD3D
:10D3000050B3049B344A31490120FFF76FFC0025DC
:10D3100004A809F015FC404609F012FC284617B095
:10D32000BDE8F08F94F8750094F87430451C05F052
:10D330000705AB4209D00C2303FB0040143004A9BD
:10D3400009F006FC84F87550ABE7049B234A1F499B
:10D350000120FFF74BFCA4E7214907A809F0B6FA22
:10D3600007A904A809F070FDE8B907A809F0E8FBCF
:10D3700097E70AAD2846124909F0A8FA3946284627
:10D3800009F0D2FC0DF104080146404609F0C4FA48
:10D39000284609F0D5FB40E7124A0C490120FFF767
:10D3A00025FC0025B4E707A809F0CAFBA9E70E4A47
:10D3B00006490120FFF71AFC0025ACE7E8E6030068
:10D3C00084E6030088E6030000E7030008E70300A3
:10D3D0005CE8030048E6030098E6030020E603004B
:10D3E0005CE60300A8E60300C0E50300ECE90300E7
:10D3F0001CE5030010B586B00B460446064A684695
:10D4000018210EF061FE6946204640F6B832FFF75B
:10D4100087FC06B010BD00BFF4E603002DE9F04321
:10D42000884697B017465C494FF4FA620546FFF705
:10D4300077FC20B90446204617B0BDE8F083574971
:10D4400001A809F043FA284601AA40F6B833544926
:10D45000FFF7EEFD38B9002401A809F071FB204662
:10D4600017B0BDE8F0833A2101A809F019FD041EA8
:10D47000F1DB4A490AA809F029FA48490DA809F040
:10D4800025FA464910A809F021FA444913A809F0E1
:10D490001DFA0025621C039B04A801A909F048FDA0
:10D4A0000AAE2C46069B1BE022462C2104A809F05C
:10D4B00007FDB0F10009B8BFDDF8189022464B46D1
:10D4C00004A907A809F034FD07A9304609F06AFB52
:10D4D00007A809F1010409F033FB069B01350C365E
:10D4E0009C4233D2042D45D0214604A809F0CEFC3D
:10D4F0002228D9D101340146224604A809F0E0FCD3
:10D50000B0F1000922DB22464B4604A907A809F026
:10D510000FFD07A9304609F045FB07A809F010FBED
:10D52000069B09F101049C42D8D2214604A809F0C7
:10D53000ADFC2C28214604A803D009F0A7FC202824
:10D54000CBD1069B0134A342EFD8C7E704A809F06A
:10D55000F7FA022DD8BF00240FDC13A809F0F0FA67
:10D5600010A809F0EDFA0DA809F0EAFA0AA809F0E6
:10D57000E7FA71E704A809F0E3FA0DA809F00CFE38
:10D58000C8F8000010A809F007FE00283860D4BFD2
:10D5900000240124E1E700BFE8E603005CE80300A3
:10D5A000DCE603002DE9F04F0E469BB000F10C09BC
:10D5B0007F49054609F08AF97D49484609F086F910
:10D5C00005F1180A05F124031C46794903935046D6
:10D5D00009F07CF92046764909F078F975490BA8DD
:10D5E00009F074F90BA9304609F07CFC04460BA83D
:10D5F00009F0A6FA002CC0F2C38022460A21304668
:10D6000009F05EFC031E01932246BCBFB368019380
:10D610003A21304609F054FC0BACDFF894810290BB
:10D620001AAFA346584641460BF10C0B09F04EF9D0
:10D630005F45F7D1029A019B013205A831464FF0B0
:10D64000000809F075FCC346079B1AE05A462C21D6
:10D6500005A809F035FC071EB8BF079F5A463B4690
:10D6600005A908A809F064FC08A9204609F09AFA5F
:10D6700008A807F1010B09F063FA079B08F10108FC
:10D680000C345B4535D9B8F1050F53D0594605A880
:10D6900009F0FCFB2228D9D10BF1010B01465A46B7
:10D6A00005A809F00DFC071E23DB5A463B4605A9D9
:10D6B00008A809F03DFC08A9204609F073FA08A85B
:10D6C00009F03EFA079B07F1010B5B45D6D9594695
:10D6D00005A809F0DBFB2C28594605A803D009F062
:10D6E000D5FB2028C9D1079B0BF1010B5B45EED878
:10D6F000C4E705A809F024FAB8F1030F1DDC43467E
:10D700002D4A2E490120FFF771FA0EAC14AF17A86D
:10D7100009F016FA384609F013FA11A809F010FAC0
:10D72000204609F00DFA0BA809F00AFA28461BB0AA
:10D73000BDE8F08F05A809F003FA0BA928460EAC46
:10D7400009F006FA14AF2146484609F001FA50469E
:10D75000394609F0FDF9B368019A9342D7DD0132E9
:10D76000314608A809F0E4FB039E08A9304609F0F9
:10D7700019FA08A809F0E4F9304609F0E1FCC6E717
:10D780000F490BA809F0A2F80BA9304609F0AAFB33
:10D7900004460BA809F0D4F9002CBFF62EAF094AB5
:10D7A00006490120FFF722FA28461BB0BDE8F08F9A
:10D7B0005CE8030060E503008CE5030008E7030074
:10D7C00068E5030070E5030070B58EB003230646DC
:10D7D0000D46204A182106A80EF076FC06A94FF443
:10D7E000FA623046FFF79CFA1B4903A809F06EF86D
:10D7F00003A9284609F028FBD0B16C4629462046EB
:10D8000009F08AF803A809F09BF9009B134A20212C
:10D8100006A80EF059FC06A941F288323046FFF7FF
:10D820007FFA0546204609F08BF928460EB070BDF8
:10D83000094906A809F04AF8294606A809F074FA29
:10D840006C460146204609F067F806A809F078F909
:10D85000D8E700BFE8E5030084E60300F4E5030031
:10D8600041F288320149FFF75BBA00BF14E60300BA
:10D8700040F6B8320149FFF753BA00BF18E603007B
:10D880004FF4FA620149FFF74BBA00BFD0E503003D
:10D8900010B586B00B460446064A684618210EF0BD
:10D8A00013FC694620464FF4FA62FFF739FA06B0D6
:10D8B00010BD00BFDCE5030010B586B00B46044682
:10D8C000064A684618210EF0FFFB694620464FF4D1
:10D8D000FA62FFF725FA06B010BD00BF44E5030069
:10D8E00010B586B00B460446064A684618210EF06D
:10D8F000EBFB694620464FF4FA62FFF711FA06B0D7
:10D9000010BD00BFE8E5030010B586B004461B4912
:10D91000684608F0DBFF20466A4640F6B8331849EF
:10D92000FFF786FB30B3174903A808F0CFFF03A920
:10D93000684609F0D7FA044603A809F001F9002C5B
:10D9400018DB22462C21684609F0BAFA031E11DBC7
:10D95000621D694603A809F0EBFA03A809F01CFC54
:10D96000044603A809F0ECF8684609F0E9F82046F7
:10D9700006B010BD4FF0FF34F6E700BF5CE80300CF
:10D98000B0E50300B8E5030030B585B00D460446A8
:10D99000174901A808F09AFF284601AA40F6B833B3
:10D9A0001449FFF745FBC0B1222101A809F078FA1C
:10D9B000002812DB451C2A46222101A809F080FA22
:10D9C000031E0ADB2A4601A9204609F0B1FA01A884
:10D9D00009F0B6F8204605B030BD0549204608F0EC
:10D9E00075FF01A809F0ACF8204605B030BD00BFB6
:10D9F0005CE8030054E503002DE9F04F0E468FB0BC
:10DA00002C21044609F04CFA051EC0F2A68002A89B
:10DA10002B460022214609F08BFAA3686A1C05A850
:10DA2000214609F085FA079B012B88BF012733D8CF
:10DA300000252F2102A809F033FA2F21834602A8DE
:10DA400009F062FA3A21824605A809F029FA3A213A
:10DA5000074605A809F058FABBF1000F804601DB24
:10DA6000D3457FDB2368AA4AAA490320FFF7BEF803
:10DA7000002405A809F064F802A809F061F820461E
:10DA80000FB0BDE8F08F09F0F3F903782D2B0CD01F
:10DA9000079B01379F42CBD2394605A809F0E8F928
:10DAA00003782B2B394605A8EDD1002FC0DD079B4D
:10DAB00008A83A4605A909F03BFA0A9B012B40F257
:10DAC0000F813A2108A809F0EBF90028C0F20C8177
:10DAD000002108A809F0DAF94FF6FF752D284FF05C
:10DAE0003A0108A80CBFAA464FF0010A09F0D8F97C
:10DAF0000DF12C080346012208A90546404609F00D
:10DB000017FA404609F048FB8146404609F018F8EC
:10DB10006A1C0A9B08A9404609F00AFA404609F027
:10DB20003BFBC9EB09190546404605EB890509F0A1
:10DB300007F815FB0AF52DB208A809F001F83B46D5
:10DB4000002205A9404609F0F3F9414605A809F06D
:10DB500029F8404608F0F4FF6BE7002420460FB098
:10DB6000BDE8F08F002FFFF67DAF8742BFF67AAF9A
:10DB70005B46002202A90BA809F0DAF90BA809F00C
:10DB80000BFB81460BA808F0DBFF53460BF10102AB
:10DB900002A90BA809F0CCF90BA809F0FDFA8346FD
:10DBA0000BA808F0CDFF0AF10102049B02A90BA803
:10DBB00009F0BEF90BA809F0EFFA82460BA808F0AD
:10DBC000BFFF3B46002205A90BA809F0B1F90BA83D
:10DBD00009F0E2FA01900BA808F0B2FF43467A1C64
:10DBE00005A90BA809F0A4F90BA809F0D5FA074676
:10DBF0000BA808F0A5FF08F10102079B05A90BA8D7
:10DC000009F096F90BA809F0C7FA80460BA808F0AE
:10DC100097FFB9F1630F07DCB9F1450F40F26C7360
:10DC2000D8BF4FF4FA6399440BF1FF330B2B64D840
:10DC30000AF1FF3ABAF11E0F5FD8019B172B5CDC8B
:10DC40003B2F5ADCB8F13B0F57DCB9F5FA6F54DBC8
:10DC50005FFA8BF3304A3149022B98BFA9F10109D1
:10DC60004FF4C87399FBF3F302FB03994FEA99024F
:10DC7000BBF1020F40F26D1000FB0920CCBF6FF02A
:10DC800002020922824493449922642002FB0BF28F
:10DC9000B9FBF0F9AAEB090002320524B2FBF4F259
:10DCA000024401FB0323A3F532236FF4A76213445C
:10DCB000002B2ADB01981A494FF4616202FB00F243
:10DCC00001FB03233C2202FB0737B8444FF6C47321
:10DCD00015FB0383002B18DD3360B5800124C8E6F3
:10DCE00000250DF12C0827E708A809F055FAC0EB2C
:10DCF000001005B20DF12C081EE72368094A0549FA
:10DD00000320FEF773FF0024B3E60024B1E600BF52
:10DD10006CE703007CE7030070FEFFFFB13A0200EE
:10DD20008051010084E7030070B50D6884B004469B
:10DD300015B33C2613491448144B12FB0652A1FBA1
:10DD40000251090C00FB1121A3FB0123DB0A4FF454
:10DD500061600F4D0F4A00FB1311A5FB010149093A
:10DD6000009102A806210EF0AFF902A9204608F0A2
:10DD7000ADFD204604B070BD074908F0A7FD204660
:10DD800004B070BD07452EC280510100C5B3A291F9
:10DD90008988888898E703005CE80300704700BF23
:10DDA000002914BFFF210021643041F288320DF0B8
:10DDB0001BBB00BF002969DB70B4B0F90C408C427A
:10DDC00062DD002A60DBB0F90E5095425CDD41F265
:10DDD000EE3589B2455D15B1C943214489B2847ECF
:10DDE000022C92B265D0032C5DD0012C55D041F2AB
:10DDF000FA3541F2EF34465B045D41F2FC35891B94
:10DE000009B2455B002C42D1521B12B200293BDB08
:10DE100041F2FE34045B25B2A94235DA002A33DB35
:10DE200000F5A055B5F9005095422DDD41F2F835C9
:10DE300041F2F436455B865B16FB05F6921B12B287
:10DE4000002A21DB2DB2AA421EDA00294FEAD404AF
:10DE50000D4602FB04F2B8BFCD1D4C4204F007048E
:10DE600001F0070102EBE50258BF61420244C1F133
:10DE70000701012000FA01F149B292F964000BBBDD
:10DE800020EA010182F8641070BC70477047448931
:10DE9000641B013CA21A12B2B8E70489D2431444AD
:10DEA0000A46A1B2A3E74489013C641A1146A2B212
:10DEB0009DE704894589D243013C2A44611A92B204
:10DEC00089B294E7014382F86410DDE710B5044697
:10DED000243008F035FE04F1180008F031FE04F19A
:10DEE0000C0008F02DFE204608F02AFE204610BD4A
:10DEF00070B5064600F1140500F174040C3C204690
:10DF000008F01EFEA542F9D106F1080008F018FE3F
:10DF1000304670BD38B5074CA4F5A06504F1140077
:10DF200008F00EFE04F10800283C08F009FEAC429F
:10DF3000F4D138BD1491002038B5074CA4F1C005C8
:10DF4000183C04F10C0008F0FBFD204608F0F8FD39
:10DF5000AC42F5D138BD00BF109200202DE9F04150
:10DF6000284E294C336841F2F83786B00025E25F2D
:10DF700001924FF0C808072BCDE9035502952B46B7
:10DF80002A46CDF8008004F1640104F124001DDD6F
:10DF900007F006FA294604F1240006F0F7FEE35FD5
:10DFA000CDF80080CDE901352A462B4604F1640105
:10DFB00004F12400CDE9035507F0F2F904F124003F
:10DFC00006F020FE356006B0BDE8F08107F0CEF91E
:10DFD00004F12400012106F0D9FEE35FCDF80080B2
:10DFE000CDE90135CDE903552B462A4604F16401FC
:10DFF00004F1240007F0D4F933680133336006B02C
:10E00000BDE8F081C4920020247800202DE9F0437F
:10E01000002293B04FF6FF710E23CDE90031724814
:10E020001146C82305F068FA0021C82300910D228B
:10E030006D4805F04DFC6D4B1F68132F09DC0D2F4B
:10E0400050DC072F00F3CB80002FD4BF002701271F
:10E0500000E004270026DFF89081B1460A25B400CD
:10E060000234C5F10D0C24B20FFA8CFC0FFA85FEB8
:10E07000B742CDE900C94FF003037246214640463E
:10E080002CDD05F039FA0136033D042EADB2E6D1A0
:10E09000554C574D0121204606F0D6F92B685549BD
:10E0A00000229342C4E904121EDC534E3368002B55
:10E0B00008DD52494C4807F0C9FE31684A480A2237
:10E0C00007F0DAFE4E4B1B68013B062B00F28980FD
:10E0D000DFE803F0811F737B7D7F8300032305F05E
:10E0E0004BFAD0E70327B5E74649434E204607F0F1
:10E0F000ADFE0A222968204607F0BEFE3368002BD9
:10E10000E0DD2B68002BD4DD3F49204607F09EFE62
:10E11000CFE73E493E4E3F4D03A808F0D7FB059B95
:10E120003148A3EB830364330322238203A9628271
:10E1300007F086FE0A2231680CA808F071FC0CA9D1
:10E140000FA808F0E9FB34490FA808F019FE0A22CD
:10E150000746296809A808F063FC09A9384608F0B1
:10E16000E3FD014606A808F0D7FB09A808F0E8FC83
:10E170000FA808F0E5FC0CA808F0E2FC2B68002BC7
:10E1800006DD3268934203DC1C4906A808F080FDD6
:10E19000089B1548A3EB83035B00C433032223824F
:10E1A00006A9628207F04CFE06A808F0C9FC03A885
:10E1B00008F0C6FC13B0BDE8F083184B18491A7874
:10E1C000184B002A18BF1946A4E71549A2E71649BB
:10E1D000A0E714499EE715499CE715499AE70227ED
:10E1E00038E7144996E700BF247800203861002002
:10E1F000F49200201800030014920020040204008E
:10E20000D0920020D0E80300B4E9030060FB0300D3
:10E21000DC920020D8920020D4E80300C8920020AD
:10E22000B0E80300C0E80300B8E80300A8E8030072
:10E23000C8E80300D4FA03002DE9F0415448554CD6
:10E24000554E564D88B0FFF75FFB02AA206001A92A
:10E250004F48FFF7E3F818B1DDE9012332602B6086
:10E260004F4F3B789BB108F09FFF4E4B4E4A1B68C7
:10E27000C01A90420BD82368132B35DC0D2B58DCC9
:10E28000072B74DC002BD4BF002301232DE00023D7
:10E2900005A83F490393ADF81030FFF775FB05A8BB
:10E2A00003A9FFF7A9FB804605A808F049FCB8F1CF
:10E2B000000FE0D0DFF81881BDF91030B8F9002068
:10E2C000934206D0394A3A490220FEF78FFCBDF945
:10E2D0001020A8F8002001233B7008F065FF314BA7
:10E2E00018602368132BC9DD0423324A324F1068AB
:10E2F000324C31682D683F68D4F800E098423048CD
:10E3000019D104682F4E8C4229D0DFF8C8C0DFF83D
:10E31000C8802D4C136001603560CCF80070C8F8DF
:10E3200000E008F041FF236898420AD208B0BDE837
:10E33000F0810323D9E7234EDFF898C0DFF89880F7
:10E34000E7E70021214806F085F808F02DFF236853
:10E3500098420ED2FFF702FE08B0BDE8F0813468A3
:10E36000DFF870C0AC4207D0DFF86C80D1E7022341
:10E37000BBE7FFF74BFEEDE7DCF80040DFF8588025
:10E38000BC42C6D1D8F800407445C2D1CEE700BF28
:10E390001892002038610020DC920020D8920020E2
:10E3A000F09200204C9100207FEE360020E903001F
:10E3B0007CE7030028610020F492002014920020E2
:10E3C0002C6100201C610020EC92002024780020A9
:10E3D0003C610020246100202061002030B587B01E
:10E3E00001460446684608F097FA684608F09AFE27
:10E3F000564903A808F06AFA03A9684608F024FD04
:10E40000054603A808F09CFBF5B1514903A808F0A4
:10E410005DFA21684F4842F2107303AAFEF708FE26
:10E42000059B0446002B61D14B4B4C494C48002CBA
:10E4300008BF194607F0D6FD03A808F081FB68461F
:10E4400008F07EFB07B030BD4649204608F0E4FCEA
:10E45000002834D03E4903A808F038FA03AA41F254
:10E46000883341493B48FEF7E3FD03A93C4807F0E8
:10E47000A7FD374903A808F0B7FB03AA41F2883388
:10E480003A493448FEF7D4FD03A9354807F098FD12
:10E490002F4903A808F0A8FB41F2883303AA3449A6
:10E4A0002C48FEF7C5FD03A92D4807F089FD03A8F8
:10E4B00008F046FB684608F043FB07B030BD2D4925
:10E4C000204608F0A9FCB0B12B4B2C4C1A782C49F3
:10E4D0002348032A0ABF0222032221461A7007F0AA
:10E4E00081FD684608F02CFB07B030BD03A91C482D
:10E4F00007F066FD98E72046224908F08DFC58B1E8
:10E50000FEF7A4FB0A220146154807F023FD1E4929
:10E51000134807F067FD92E71C49114807F062FDB8
:10E520001B490F4807F05EFD1A490D4807F05AFDD8
:10E5300019490B4807F056FD1849094807F052FDE4
:10E540001749074807F04EFD79E700BF10E60300C2
:10E550005CE803001892002068EA0300ECE903007D
:10E5600058630020B8E8030088EA03008CEA03003F
:10E5700098EA0300A4EA0300196100207CEA030082
:10E5800070EA0300ACEA0300B0EA0300BCEA03004F
:10E59000C8EA030004EB030024EB03004CEB030088
:10E5A00064EB030070B50D4686B006462249684606
:10E5B00008F08CF9AB685BB100242146284608F0CE
:10E5C00065FC3038092828D9AB6801349C42F4D363
:10E5D0001A4903A808F07AF903A9284608F034FC80
:10E5E000044603A808F0ACFA14B9029B0A2B21D008
:10E5F000124903A808F06AF9694603A808F094FBD9
:10E600000146304608F088F903A808F099FA6846F0
:10E6100008F096FA304606B070BD2146284608F04C
:10E6200035FC0146684608F05DFBAB6801349C424E
:10E63000C3D3CDE70249DCE75CE8030084E60300CE
:10E64000D0E903002DE9F04305468DB009A84849FB
:10E6500008F03CF9AB685BB100242146284608F07D
:10E6600015FC3038092863D9AB680134A342F4D8CB
:10E670000B9B6F460A2B38466BD809A908F04CF95A
:10E6800009A8DFF8F090DFF8E88008F059FA4D4665
:10E690000026696803A808F019F9414609A808F09E
:10E6A00015F9059B5BB10024214603A808F0EEFB99
:10E6B0003038092826D9059B0134A342F4D80B9B96
:10E6C0000A2B2ED809A906A808F026F909A808F0EF
:10E6D00037FA394606A808F083FB044606A808F076
:10E6E0002FFA03A808F02CFA002C38D10136032E9B
:10E6F00005F10805CDD1384608F022FA20460DB0C4
:10E70000BDE8F083214603A808F0C0FB014609A834
:10E7100008F0E8FA059B01349C42C5D30B9B0A2BF9
:10E72000D0D9A3F10A0209A906A808F001FCCDE797
:10E730002146284608F0AAFB014609A808F0D2FAAB
:10E74000AB6801349C4288D30B9B6F460A2B38463A
:10E7500093D9A3F10A0209A908F0EAFB90E7384629
:10E7600059F8364008F0ECF920460DB0BDE8F083CA
:10E770005CE80300DCFA03002DE9F0418AB00746AB
:10E7800008F012FD3B4D3C4B3C4E00F57A620021F7
:10E7900028460C461A6005F05DFE0E2322462846E8
:10E7A000214600930194C82304F0A6FE28460121C7
:10E7B00005F04AFE4FF0FF32314B6A61394622467E
:10E7C00007A82B61202308F0B3FB07A9284607F010
:10E7D00037FB07A808F0B4F941F2F8383368072B83
:10E7E00035F908304FF0C807CDE90134CDE90344CD
:10E7F00000972346224605F1640105F124001DDD42
:10E8000006F0CEFD214605F1240006F0BFFA35F9E9
:10E8100008300294CDE900732246234605F16401D5
:10E8200005F12400CDE9034406F0BAFD05F124000A
:10E8300006F0E8F934600AB0BDE8F08106F096FD14
:10E8400005F12400012106F0A1FA35F908300294FF
:10E85000CDE90073CDE903442346224605F1640166
:10E8600005F1240006F09CFD3368013333600AB0E3
:10E87000BDE8F08124780020EC920020C4920020B2
:10E88000040003002DE9F04FAB4AAC4BDFF8CCB2EB
:10E890001B7800261670AA4ACBF800609DB016605F
:10E8A00013B91DB0BDE8F08FA648FEF78BFCA64952
:10E8B00007A808F00BF807AA42F21073A349A14871
:10E8C000FEF7B6FB002800F0CC81099ADBF8003097
:10E8D000002A00F0FC801F2B00F3FC80DFF880A2F0
:10E8E0002BE0DBF80030002B1BDD0C9ACAB1013B9A
:10E8F00003EB83030AEBC3041434A3689F2B10D8E3
:10E90000002B40F0BB81C3F1A00300220AA910A88C
:10E9100008F00EFB10A9204608F096F910A808F0A0
:10E920000FF90AA808F00CF9099B9E42DBF80030A9
:10E9300080F0CD801F2B00F3CD8032460A2107A83E
:10E9400008F0BEFA041EB8BF099C3246234607A948
:10E950000AA808F0EDFA7E4910A807F0B7FF10A941
:10E960000AA808F071FA054610A8661C08F0E8F835
:10E97000002DB6D0DBF800700C9B06220AA97C1C87
:10E9800010A8CBF8004008F0D3FABB001C4610A832
:10E99000039308F001FC23463B44DC004AF83300B3
:10E9A00010A808F0CDF80AEB040504F1140066493C
:10E9B00004945044002408F017F963492C62AC8495
:10E9C00010A807F083FF604913A807F07FFF5E4996
:10E9D00016A807F07BFF5C4919A807F077FF2221F2
:10E9E0000AA808F05DFA049B0833534400280593F5
:10E9F000B8BF0DADC0F223810DF140080DAD8146C9
:10EA000009F101094A4622210AA808F059FA4A46A2
:10EA1000B0F100090AA94B462846C0F2358108F03A
:10EA200087FA2946404608F0BDF8284608F088F8DD
:10EA300009F1010222210AA808F042FAB0F1000906
:10EA400004F1010408F10C08C0F22081042CD7D194
:10EA50004049284607F03AFF294610A808F042FA34
:10EA6000039B3B440AEBC303C243D20F1A712846EF
:10EA700008F066F813A9284607F04EFF29460598C6
:10EA800008F090F8284608F05BF80499013C04EB84
:10EA90004404203110AB03EB84005144FEF7ACFF7B
:10EAA000039B3B440AEBC3073B791BB1244A136821
:10EAB0000133136019A808F043F816A808F040F8CD
:10EAC00013A808F03DF810A808F03AF829E7012B40
:10EAD00040F39D80204F00230393A7F1300305935B
:10EAE000C7F128084FF0010917F8043C57F8082C23
:10EAF0008DF84430394612A807F10C0A109207F03D
:10EB00000BFF514615A807F007FF07F1180393E81C
:10EB1000030018AB83E8030057F8100C18998842DB
:10EB2000BC4608EB070380F0A780A7F12804A7F1F3
:10EB30001C05039E1DE000BF409100209092002024
:10EB4000F4920020189200205CE8030040ED0300DE
:10EB500064ED03006CED03006C8C00203C91002000
:10EB60003C8C00205CF8101C189A914206F1FF368C
:10EB700020D214F8043C54F8082C84F82430226283
:10EB8000214604F1280007F0E3FF294604F1340090
:10EB900007F0DEFF04F1180393E80300A4462064A5
:10EBA000A4F84410AA4608EB0403283DB646283CC6
:10EBB000002ED7D1059D109904930EEB8E0E05EB18
:10EBC000CE0445F83E109DF844102171604612A90C
:10EBD00007F0BEFF15A9504607F0BAFF18AB93E83F
:10EBE0000300049B2B4409F101091862998415A8BC
:10EBF00007F0A6FF12A807F0A3FF039ADBF8003086
:10EC000001324B45039207F128073FF76DAF304AB9
:10EC10001168994205DB012B1946B8BF0121013962
:10EC200011602C4A2C491268009202202B4AFDF7F1
:10EC3000DDFF07A807F084FF1DB0BDE8F08F039B40
:10EC40003B440AEBC30300221A712549284607F00A
:10EC50003DFE2946059807F0A5FF284607F070FFFE
:10EC60001EE7204A1C490120FDF7C0FF07A807F056
:10EC700067FF1DB0BDE8F08FCE469BE72021204600
:10EC800008F030F8A3683EE6002CD8D01649284694
:10EC900007F01CFE294610A808F024F9282303FBDE
:10ECA00007A3C243D20F28461A7107F049FF012C6F
:10ECB000CBD013A9284607F02FFE2946059807F068
:10ECC00071FF284607F03CFF022C3FF4E9AEDCE67A
:10ECD000D4920020F492002060ED030074ED030054
:10ECE000E0E9030050ED03006CED03002DE9F04373
:10ECF00085B080B9284A294BD6691036A3FB063661
:10ED00003609042E45D8012EB8BF012601364FF032
:10ED10000008012703E0074600F1FF380126DFF86D
:10ED20008090D9F800309F422FDA1B4D07EB870304
:10ED300005EBC30508351DE001A807F0C7FD039BDF
:10ED40006A690A2B28BF0A23DC1D01A8144407F0B6
:10ED5000F7FE122C34BF012302231E44092E07F1B3
:10ED6000010305F1280510DCD9F800209A42B846C5
:10ED70000BDD1F462846FFF765FC01460028DBD166
:10ED8000294601A807F0C8FDD9E7404605B0BDE80F
:10ED9000F0830526BBE700BF3C8C0020F1F0F0F0CB
:10EDA0003C9100202DE9F04FB34B1B6899B0834292
:10EDB0000290059100F02981B04B0393820000235B
:10EDC000049215AE0299039FAD4D0A44D40021462A
:10EDD000AC4A079420310834EB82AB82B2F90020B0
:10EDE000394409A83C44FEF79FFF2046FFF72AFC60
:10EDF0000CAB0693002800F003810146184607F08B
:10EE000065FD0A2300220FA8069908F091F80FA9C2
:10EE100012A807F081FD12A89B4907F0B1FF0B9BD8
:10EE20000446002B40F0E7809849304607F04EFD3D
:10EE30003146204607F078FF82469549904805F014
:10EE400009FBDAF80830002B00F01481059BDFF88D
:10EE50004492DFF82C8203F10D07BFB2002401E0D9
:10EE6000222C1ED0A9FB04231B0903EB0312A21AB8
:10EE700002EB820102EB410203EBC30307EB430306
:10EE8000023221466B822A82504607F0FFFF01467C
:10EE9000404606F0EDFFDAF808300134A342A346FD
:10EEA000DED8304607F04CFE12A807F049FE0FA846
:10EEB00007F046FE069807F043FE7349304607F018
:10EEC00005FD049B029A9A18039B03EBC202127978
:10EED000002A00F08B806E49694805F0BBFA179A4A
:10EEE00082B3BBF1220F2DD0059BDFF8A881644FC0
:10EEF00003F10D04A4B24FF0000902E0BBF1220FB0
:10EF000020D0A8FB0B231B0903EB0312ABEB02027F
:10EF100002EB820102EB410203EBC30304EB430368
:10EF2000023249466B822A82304607F0AFFF014623
:10EF3000384606F09DFF179B09F101094B450BF17F
:10EF4000010BDBD8304607F0FBFD029A049B13440B
:10EF50009A46039B079A03EBCA0A02F114099AF82E
:10EF600004209944002A3CD04949454805F072FAEA
:10EF7000D9F808207AB3BBF1220F2CD0059C454F5D
:10EF80003F4E0D34A4B2CBF122084FF0000A01E04D
:10EF9000C24520D00AEB0B03A7FB0312120902EBB8
:10EFA00002115B1A03EB830103EB410302EBC20284
:10EFB000023304EB420251462B826A82484607F034
:10EFC00065FF0146304606F053FFD9F808300AF1D4
:10EFD000010A5345DCD809A807F0B2FD19B0BDE815
:10EFE000F08F2D49264805F035FAC1E72A49244813
:10EFF00005F030FA73E709A9304607F08DFC17E7F2
:10F000002146184607F088FCFBE683001C18049391
:10F01000E4001A4B039304F108071F443846FFF736
:10F0200011FB15AEBDF91450F8B10146304607F09A
:10F030004DFC039B1C44179BE2690A2B28BF0A2343
:10F04000DC1D3046144407F07BFD122C34BF122324
:10F05000242300212A46CDE900310948C82304F0C1
:10F060004BFA4FF6FF73049AACE63946304607F088
:10F0700053FCDEE79B4614E7D49200203C8C002032
:10F08000247800203C6100204CEC030050EC03008D
:10F09000A0ED0300F1F0F0F090ED03002DE9F04F4A
:10F0A000B04CDFF810939BB04FF6FF75AC23CDE961
:10F0B00000351022C8232046002104F01DFA204606
:10F0C000002105F0C7F900210C23019520460D46CB
:10F0D0000093BC22C82304F00FFA2946C823BC229F
:10F0E0002046009504F0F4FB2046012105F0ACF920
:10F0F0009D4B65619D492361204606F0A7FED9F826
:10F100000050002D40F08E80994B9A4A19789A4B06
:10F110000DF1500B00290CBF11461946584607F057
:10F12000D5FB9649204605F095F90121204605F0CA
:10F130008BF92F2665612A46012717AD4FF0020A89
:10F14000A14602F111084346594628466682A4F8B2
:10F1500010A007F0EDFE2946484606F071FE28464D
:10F1600007F0EEFC169B1236434507F10107B6B2D5
:10F17000424601D9092FE4D100217A4805F06AF905
:10F18000584607F0DDFC7A4B1B787BB900217548A7
:10F1900005F060F908F008F8794B1B68984280F098
:10F1A0004881FEF7DBFE1BB0BDE8F08FDFF8B491BD
:10F1B00074495846013707F089FB07EBC7066F49CA
:10F1C000484605F047F976000121484605F03CF92C
:10F1D0001D360022B6B262614FF0020A02E012361A
:10F1E000B6B2424602F11108082F43465946284656
:10F1F00007F101070EDCA4F810A0668207F098FE64
:10F200002946484606F01CFE284607F099FC169B46
:10F210004345E4D80021534805F01CF9584607F04F
:10F220008FFCB3E7DFF89081574DD8F80000FFF767
:10F230005DFD2E68B04280F20381C8F80060534B38
:10F240001A68B24204D0524A1E604FF47A731360B7
:10F250000121444805F0F8F8D8F80070002F40F07C
:10F2600054814C4B4C4ADB6903F1100AA2FB0A3A69
:10F270004FEA1A1ABAF1040F00F2F680BAF1010F40
:10F28000B8BF4FF0010A0AF1FF3307930AEB0A13E4
:10F2900005930AF101062968002900F0A7810023DF
:10F2A0003E4AE382B2F90020A3823D4908A8FEF756
:10F2B0003BFD3C492B4805F0CDF83B4B3B482361D7
:10F2C000FFF7C0F90DF12C08002800F08A810146F3
:10F2D000404607F0FBFA0B2300220EA8414607F038
:10F2E00027FE0EA911A807F017FB11A8304907F057
:10F2F00047FD0A9B0DF1500B05465846002B00F0C8
:10F30000008108A907F008FB2846594607F00CFDC4
:10F3100017AD112300220146284607F009FE2946B1
:10F32000104806F08DFD284607F00AFC584607F005
:10F3300007FC11A807F004FC0EA807F001FC4046EA
:10F3400007F0FEFB134B1B7900226261002B00F0DB
:10F35000D3801449034805F07DF806964FF02F0836
:10F36000079E3CE0247800200200BF0074EC0300FC
:10F370009092002064EC030058EC030090ED030031
:10F38000EC92002094EC0300D49200203061002025
:10F39000C49200203C8C0020F1F0F0F03C61002091
:10F3A0005C8C0020A0ED030002001D00448C0020B6
:10F3B0004CEC03003C91002044910020022311A951
:10F3C000A4F8128023828F4806F03AFD11A807F0B6
:10F3D000B7FB08F1120857451FFA88F84CD007EB25
:10F3E000071202F111030137874911A807F0A0FDA8
:10F3F0007B1EB342E2D1854B059ADB699342DDD98E
:10F400000E23002211A9584607F092FD59462846BE
:10F4100007F082FA7E49284607F0B2FC014611A89F
:10F4200007F096FB284607F08BFB584607F088FB51
:10F43000C4E7FEF7EBFDFEF791FD1BB0BDE8F08FD2
:10F44000D8F800309E4280F2CA80002E04DCF4E638
:10F450003E46002F3FF4F1AE771E3846FFF746FCDC
:10F460002B689842F4DAE8E6442305930323052643
:10F4700007934FF0040A0EE7D9F80030069E012BDF
:10F4800032DD644F4FF0010823E0284607F01EFAF2
:10F49000199B7A690A2B28BF0A23DC1D28461444CD
:10F4A00007F04EFB122C34BF0123022306EBC601EA
:10F4B0001E444900092E404601F1100108F10108DF
:10F4C00007F1280710DCFFF76DFCD9F80030434541
:10F4D0000ADD3846FFF7B6F801460028D5D139468F
:10F4E000284607F019FAD3E708A807F029FB0021FE
:10F4F000444804F0AFFF49E64749424804F0AAFFF8
:10F500002BE7464907F0E2F9FEE643493D4804F09F
:10F51000A1FF00251E2213210B23CDE90215CDE901
:10F520000023062110233748656104F0EDFA3C4BB7
:10F5300023610A2217ADD8F8001014A807F070FA5A
:10F5400014A9284607F0E8F93649284607F018FCC0
:10F5500001462C4806F074FC284607F0F1FA14A87E
:10F5600007F0EEFAD8F80080D9F800304345BEDD48
:10F57000264F08EB880307EBC3070837012623E073
:10F58000284607F0A3F9199B7A690A2B28BF0A239A
:10F59000DC1D2846144407F0D3FA122C34BF012393
:10F5A000022306EBC6011E444900092E404601F124
:10F5B000100108F1010807F1280798DCFFF7F2FBBA
:10F5C000D9F80030434592DD3846FFF73BF8014655
:10F5D0000028D5D13946284607F09EF9D3E71E46C4
:10F5E0002DE64046104907F097F974E61223CDE95D
:10F5F00000311022C823034803F07EFF4FF6FF734B
:10F600004EE600BF24780020508C00203C8C002067
:10F61000A0EC03006C8C002090ED030050EC030084
:10F6200018001D00A4EC0300448C002008B5084B12
:10F63000084A1B78012111602BB1FFF723F9064B13
:10F640004FF47A721A60BDE80840FFF727BD00BF8B
:10F6500040910020D0920020C492002070B5064650
:10F6600096B02948FDF7AEFD3346284A182104A874
:10F670000CF02AFD264901A807F028F904A901AADF
:10F6800041F288332048FDF7D3FC044628B901A88D
:10F6900007F056FA204616B070BD1E4D0AA801A903
:10F6A000FDF780FF0AA9284607F07CFA0DA905F1AD
:10F6B0000C0007F077FA10A905F1180007F072FAAC
:10F6C00013A905F1240007F06DFA13A807F038FA22
:10F6D00010A807F035FA0DA807F032FA0AA807F0CB
:10F6E0002FFA0D490D4AEB6A0E6000211160002BC4
:10F6F000CDD16C6901A8641A18BF012407F020FA63
:10F70000204616B070BD00BF1892002080E80300AC
:10F710005CE803009492002040610020CC9200201D
:10F720002DE9F04FA04D91B04FF6FF74AC2310229D
:10F730002846CDE900340021C82303F0DDFE284629
:10F74000002104F087FE00210C230E46284600937A
:10F75000BC22C823019403F0CFFEC823BC22284654
:10F760003146009604F0B4F82846012104F06CFEFE
:10F770008E4B8F496E6128462B6106F067FB8D48E2
:10F780000596ADF81860FEF75DFF002800F00181D6
:10F7900007AB0DAC01461F462046039307F096F8D1
:10F7A0003846324621460B2307F0C2FB204607F0BD
:10F7B000C7F905A98048FEF71FF9002840F0CC8062
:10F7C0007E4979487E4FDFF81882002604F042FE19
:10F7D0000121754804F038FE3246112303996E6109
:10F7E00020462F6107F0A4FB21466F4806F028FB56
:10F7F000204607F0A5F931466B4804F02BFE71490D
:10F80000694804F027FE0121674804F01DFE08F155
:10F810000C0A6E6132464FF001092F264FF0020BA1
:10F8200002F111073B46514620466E82A5F810B002
:10F8300007F07EFB21465C4806F002FB204607F0FD
:10F840007FF9D8F814301236BB423A4609F101016B
:10F85000B6B238D9882A8946E2D10021524804F04C
:10F86000F9FD0021C8230091B4224F4804F030F87C
:10F8700054494D4804F0EEFD534B1F6807EB071742
:10F880000021494804F0E6FDD8F82C30BB4208D9E5
:10F890004FF0B21200234D494348C5E9042306F056
:10F8A000D5FA0021404804F0D5FD07F07DFC484B17
:10F8B0001B6898426AD2FEF751FB039807F040F9A3
:10F8C00011B0BDE8F08F09F1020909EBC90600216A
:10F8D0003548760004F0BEFDB6B2002132B2C8232E
:10F8E0000091314803F0F4FF36492F4804F0B2FD8F
:10F8F000354B1A68B9F1080F02EB021251DCD8F847
:10F900002C309A424DD21D36DFF8D8B0DFF898A0DF
:10F91000B6B24FF0020903E0D8F82C309A42AFD2C9
:10F9200002F111073B464FF0000C59462046C5F83E
:10F9300014C06E82A5F8109007F0FAFA21465046DE
:10F9400006F07EFA204607F0FBF806F11203AD2E12
:10F950003A469EB2E0D193E71E49204606F0B6FF34
:10F960001D4B05A9B3F900200AA8FEF7DDF90AA985
:10F97000204607F0D9F90146039807F065F90AA86F
:10F9800007F0DEF8204607F0DBF819E7FEF73EFB4C
:10F9900091E707AB1846114903930DAC06F096FFAB
:10F9A00007E717466CE700BF247800200200BF007D
:10F9B00024EC0300A0920020AC920020A0ED0300F4
:10F9C00002001D0090ED0300CC920020A0EC03008B
:10F9D000EC9200204CEC03003C61002040EC030062
:10F9E00094920020B89200202DE9F04FAC4C99B0D1
:10F9F000AC234FF6FF75CDE900352046C823102211
:10FA0000002103F079FDA74B1B68032B40F06A81AE
:10FA1000A54FA64B3A78A64E002120468A4218BF31
:10FA20001E4604F017FD00210C23CDE90035BC2251
:10FA30000D46C823204603F05FFDBC222946C8239B
:10FA40000095204603F044FF0121204604F0FCFC11
:10FA50003146984B65612046236106F0F7F9964AD6
:10FA6000964B39780DF13C0AA9420CBF1146194654
:10FA70000DF1480B504606F029FF5146584606F056
:10FA80004BFF8F49584607F04FF98E4B8E4A196845
:10FA90008E4BA942ACBF1146194607F071F98C494B
:10FAA0008146204604F0D6FC0121204604F0CCFC1F
:10FAB000A84665612A461D2615AD02F111073B4691
:10FAC0004FF0020C49462846A4F810C0668207F0A1
:10FAD0002FFA2946724806F0B3F9284607F030F8A5
:10FAE000D9F808301236BB423A4608F10101B6B2E5
:10FAF00040F2F081992A8846DFD10A23B426079381
:10FB00000021674804F0A6FC584607F019F8504653
:10FB100007F016F80021C82332460091604803F030
:10FB2000D7FE6749584606F0F7FE584607F0ECFA4C
:10FB3000149B002B40F0E18100220F924FF001094D
:10FB4000002B40F0ED8118AA02EB890201218944C3
:10FB500042F8241C002B40F0F48118AB03EB89031E
:10FB60000222584643F8242C06F0EAFF58494C4834
:10FB700009F1010904F06EFC079B082B5BDC03EB29
:10FB8000C3077F001D37C3F109030026BFB20693E8
:10FB900027E04FF002032382A4F8128000235AF8D2
:10FBA00026204C49E38251F83210A382584606F0D1
:10FBB0008DFE112300225946284607F0B9F929463F
:10FBC000374806F03DF9284606F0BAFF0136584698
:10FBD00006F0B6FF12374E45BFB22CD0069B9E42B0
:10FBE00029D0384B1B68B3420FFA87F8D1D1079B55
:10FBF0002B489A1902EBC202520012230021103244
:10FC000000930191C82312B203F076FC4FF0020377
:10FC10002382A4F812804FF6FF73C0E7284606F04F
:10FC20008FFF584606F08CFF29491D4804F012FC4E
:10FC3000B9F1000FA0D10021194804F00BFC0021FC
:10FC4000174804F007FC07F0AFFA234B1B689842F3
:10FC500080F03D8141F2F8372049E35F01930025B0
:10FC6000C8262B462A46A1F14000CDE9035502954E
:10FC7000009605F07BFB0121194805F087F817492C
:10FC8000E35F0193CDE90355029500962B462A4682
:10FC9000A1F1400005F084FB19B0BDE8F08F00BF72
:10FCA00024780020D0920020C89200200CE80300A5
:10FCB00030E803000200BF0058E8030050E80300EA
:10FCC000F4770020346100205CE8030060E8030062
:10FCD00090ED0300DCFA0300EC920020887800200D
:10FCE000487800200021204604F0B4FB00210C23BA
:10FCF000CDE90035BC220D46C823204603F0FCFBAD
:10FD0000C823BC2229462046009503F0E1FD0121CD
:10FD1000204604F099FBAD4BAD4923612046656157
:10FD200006F094F8AB498B68002B40F0318109ABA9
:10FD30001846A949069306F0EFFD15AD0DF1480BE5
:10FD4000A649584606F0C2FD0699584606F0ECFF53
:10FD5000A3498146A34804F07DFB0121A14804F09A
:10FD600073FB0023984663611A461D264FF0020A72
:10FD700002F111073B46494628466682A4F810A0C6
:10FD800007F0D6F82946974806F05AF8284606F0B4
:10FD9000D7FED9F808301236BB4208F10101B6B2DD
:10FDA0003A4640F29F8009298846E1D10A234FF064
:10FDB000B4080793502600218A48DFF82C9204F0FB
:10FDC00049FB0027584606F0BBFE4246C823394689
:10FDD0008448009703F07CFD8149824804F03AFB97
:10FDE0000121804804F030FB079B67611E447600C8
:10FDF0001D36B6B23A4698464FF0020A02E0123675
:10FE0000B6B23A4602F11107B8F1080F3B467649FF
:10FE1000284608F101080FDCA4F810A0668207F05C
:10FE200087F829466F4806F00BF8284606F088FE4A
:10FE3000D9F80830BB42E2D800216A4804F00AFB36
:10FE40006A4B6B491B6881FB0321DA17C2EBE102A5
:10FE500007991144082940F383800A22D9F8081031
:10FE60000FA806F00DFE0FA9584606F055FD614992
:10FE7000584606F085FF0A220646A021284606F0CD
:10FE8000CFFD2946304606F04FFF01460CA806F08C
:10FE900043FD284606F054FE584606F051FE0FA8D2
:10FEA00006F04EFE0E9B4F48A3EB83035B00C4336A
:10FEB00000220CA9B22523826261658205F0C0FF91
:10FEC0000CA806F03DFE069806F03AFEB7E6FEF7EF
:10FED0009DF8BFE608F1020303EBC3067600079323
:10FEE00036B20DE608F10203DE0003EB06084FEA26
:10FEF000480807930FFA88F85DE73F49284606F05F
:10FF0000E5FC5946284606F09FFF81462846B9F190
:10FF1000000F52D106F014FE149B002B3FF413AED9
:10FF20003649284606F0D2FC5946284606F08CFF92
:10FF3000002846D1284606F003FE149B002B3FF410
:10FF40000CAE2F49284606F0C1FC5946284606F05B
:10FF50007BFF00283FF462AE284606F0F1FDFCE589
:10FF600002EB02129B1A01F1010808EBC80803EB2F
:10FF700083014FEA480203EB4103991C0E32002330
:10FF8000009312B209B20B23164803F0A1FC64E7F8
:10FF900015AD284606F0C0FC28461A4906F0F0FECA
:10FFA0000D4906F0C1FE09AB01461846069306F05E
:10FFB000B3FC284606F0C4FDC0E606F0C1FD149B64
:10FFC000BAE5284606F0BCFD149BBCE50200BF0064
:10FFD00064E80300007800200C78002058E8030053
:10FFE00090ED030024780020E4770020F0770020D3
:10FFF00079787878D4E8030078EB030080EB03008D
:020000023000CC
:1000000084EB03007CE803002DE9F04FB348DFF8F0
:1000100008B3B34E8FB04FF6FF75AC23CDE9003572
:100020001022C8230021044603F066FADBF8002002
:10003000AC4B20460021012A08BF1E4604F00AFAF4
:1000400000210C23019520460D460093BC22C823B5
:1000500003F052FAC823BC2220462946009503F03B
:1000600037FC2046012104F0EFF99F4B2361314614
:100070006561204605F0EAFEDBF80030012B00F058
:100080001E819A499A4A022B08BF1146DFF84C920A
:1000900008A806F01BFC9749484604F0DBF901214B
:1000A000484604F0D1F900231D4663611A461D2617
:1000B0004FF0020802F111073B4608A90BA866821F
:1000C000A4F8108006F034FF0BA9484605F0B8FEEE
:1000D0000BA806F035FD0A9B1236BB423A4605F1E5
:1000E0000101B6B207D9992A0D46E3D10C254FF08C
:1000F0000B08D12608E0AB1C03EBC30676001D36C7
:1001000005F1030836B2043500217448DFF8EC919C
:1001100004F0A0F908A806F013FD7048764904F031
:1001200099F9002202234846668262612382FEF723
:1001300089FA002800F0C580014608A806F0C6FB31
:100140001123002208A90BA806F0F2FE0BA96348B0
:1001500005F076FE0BA806F0F3FC08A806F0F0FC0C
:100160005E48002104F076F96448FEF76BFA002837
:1001700035D06049594808EBC80604F06BF97600A1
:100180000121564804F060F91D360022B6B26261C2
:100190004FF0020A03E01236B6B2A8463A4602F120
:1001A0001107B8F1080F3B4654490BA808F10105A7
:1001B00011D8A4F810A0668206F0BAFE0BA9474831
:1001C00005F03EFE0BA806F0BBFCD9F80830BB4298
:1001D000E1D808F102050021404804F03BF9DBF8C2
:1001E0000030032B00F09A800DF1140B4449DFF826
:1001F000ECA0584606F06AFB424B0A22197802A886
:1002000006F0DEFB02A9584606F08EFD3E4906F0D8
:10021000B7FD3E4B0A221978064608A806F0D0FB27
:1002200008A9304606F080FD05EBC5063149804639
:10023000504604F00FF976000121504604F004F90D
:100240001D360022B6B262614FF0020902E012369A
:10025000B6B23A4602F11107082D3B4641460BA8BB
:1002600005F101050FDCA4F81090668206F060FE2F
:100270000BA9504605F0E4FD0BA806F061FCD8F888
:100280000830BB42E3D80021144804F0E3F808A882
:1002900006F056FC02A806F053FC584606F050FC47
:1002A00000210E4804F0D6F806F07EFF184B1B68BC
:1002B00098420BD2FDF752FE0FB0BDE8F08F154902
:1002C000E4E6494608A806F027FB39E7FDF79EFE5D
:1002D000FDF744FE0FB0BDE8F08F00BF247800208A
:1002E000B0EB030098EB03000200BF00D0EB03006B
:1002F000E8EB030090ED0300A0ED0300D0770020B1
:10030000F4EB030044610020FCEB03003E6100209D
:10031000EC920020D8EB0300E077002006F044FFC9
:100320002A4B2B491E682B4B2B4F2C4A801BA1FBC1
:1003300000618909A3FB01635B09C3EB0313A7FBFE
:100340000060A1EB83010DF1140B830B0091584663
:1003500008210BF0B9FE594608A806F0B7FA204864
:100360002049804605EBC50604F074F876000121AB
:10037000404604F069F81D360022B6B262614FF0C3
:10038000020902E01236B6B23A4602F11107082D10
:100390003B4608A90BA810DCA4F81090668206F072
:1003A000C7FD0BA9404605F04BFD0BA806F0C8FBA6
:1003B0000A9BBB4205F10105E4D80021084804F07E
:1003C00049F808A806F0BCFB10E700BFDC77002066
:1003D000D34D62108988888873B2E74598E7030097
:1003E0002478002090ED030010B503212048214C13
:1003F000FDF776FA204B1E481978FDF749FA94F973
:1004000000305A1C04D0012B21D0022B0BD010BD80
:100410004FF47A73002219491548FCF709FE58B1C8
:100420000123237010BD4FF47A7300221449104841
:10043000BDE81040FCF7FCBD02464FF47A7310494A
:100440000B48FCF7F5FD58B10223237010BD4FF4A3
:100450007A73002209490648BDE81040FCF7E8BD60
:100460002070084A08490120BDE81040FCF7BEBBD7
:10047000189200204561002044610020D8E8030064
:10048000F8E8030004E90300C0E803001E4B1B78F2
:1004900033B170B51D4D2B6884B013B104B070BD7D
:1004A00070471B4B044619781A48FDF7F1F91A4BAF
:1004B00018481978FDF700FA21461648FDF784F927
:1004C000064660B901A8154906F000FA314601A8B0
:1004D000FEF752F901A806F033FB04B070BD06F038
:1004E00063FE0F4B2146186002230E482B6006F076
:1004F0002FFB0D490D4B06204FF47A7208601A60ED
:10050000FFF782FDCAE700BF90920020E07700204D
:1005100044610020189200203E610020FCE70300A7
:10052000DC770020D0770020D0920020C4920020F9
:100530002DE9F047934C8CB04FF6FF75AC23CDE915
:1005400000351022C8232046002102F0D5FF2046A6
:10055000002103F07FFF00210C23019520460D466A
:100560000093BC22C82302F0C7FFBC222946C8233F
:100570002046009503F0ACF92046012103F064FF0A
:10058000814B824923612046656105F05FFC80490B
:1005900006A806F09BF920467E4903F05BFF204643
:1005A000012103F051FF2E4665612A46A1461D2513
:1005B0004FF0020802F111073B4606A909A865821F
:1005C000A4F8108006F0B4FC09A9484605F038FCF0
:1005D00009A806F0B5FA089B1235BB4206F10101E5
:1005E000ADB23A4605D909290E46E3D10C26D125EC
:1005F00006E0B31C03EBC3056D001D352DB20436B8
:1006000000216048DFF89C9103F024FF06A806F063
:1006100097FA61495B4803F01DFF002749464FF0F8
:10062000020806A865826761A4F8108006F074F9D4
:100630005A4906A806F0A4FB11233A46014609A828
:1006400006F076FC09A94F4805F0FAFB09A806F068
:1006500077FA06A806F074FA39464A4803F0FAFE1B
:10066000D9F8083043450ED80021464803F0F2FE81
:1006700006F09AFD4A4B1B6898427CD2FDF76EFC4F
:100680000CB0BDE8F087494603A8FDF78BFF03A82F
:10069000FDF7D8FF82463B483E4906EBC60581463A
:1006A0006D0003F0D7FE1D350121484603F0CCFE56
:1006B000ADB267613A4602E01235ADB23A4602F198
:1006C0001107082E3B4603A909A810DCA4F81080E6
:1006D000658206F02DFC09A9484605F0B1FB09A882
:1006E00006F02EFA059BBB4206F10106E4D8002174
:1006F000244803F0AFFEBAF1000F38D0514606A8E7
:1007000006F0E4F81F482349804606EBC60503F0CF
:10071000A1FE6D000121404603F096FE1D3500222A
:10072000ADB262614FF0020902E01235ADB23A4655
:1007300002F11107082E3B4606A909A806F1010699
:100740000EDCA4F81090658206F0F2FB09A9404681
:1007500005F076FB09A806F0F3F9089BBB42E4D844
:100760000848002103F076FE06A806F0E9F903A880
:1007700006F0E6F978E7FDF749FCFDF7EFFB0CB072
:10078000BDE8F087247800200200BF0004EC0300DD
:10079000C8E8030090ED0300A0ED030060E803004B
:1007A000EC920020187800202DE9F04FB84D99B058
:1007B0004FF6FF74AC23CDE900341022C82328463D
:1007C000002102F099FE2846002103F043FE00219B
:1007D0000C230E46019428460093BC22C82302F045
:1007E0008BFEBC223146C8232846009603F070F8E1
:1007F0002846012103F028FEA64BA7492B61284675
:100800006E6105F023FBA54912A806F05FF8A44924
:100810000FA806F05BF80FA912A806F085FAA14907
:100820008046284603F016FE2846012103F00CFE00
:1008300034466E613246AA461D264FF0020902F187
:1008400011073B46414615A86E82A5F8109006F0A8
:100850006FFB15A9504605F0F3FA15A806F070F9DC
:10086000D8F808301236BB423A4604F10104B6B259
:1008700002D9992AE3D109248548DFF850B2002132
:10088000824603F0E7FD0FA806F05AF912A806F019
:1008900057F9854B854A1978854B0FA800290CBF5D
:1008A0001146194606F012F80FA912A806F034F8FE
:1008B000804A814B9BF8001012A800290CBF1146FA
:1008C000194606F05DFA04EBC406764980465046A8
:1008D00003F0C0FD76000121504603F0B5FD1D3642
:1008E0000022B6B26A614FF0020902E01236B6B2D7
:1008F0003A4602F11107BF2E3B46414615A811D0DA
:10090000A5F810906E8206F013FB15A9504605F06D
:1009100097FA15A806F014F9D8F80830BB4204F18C
:100920000104E3D800215A4803F094FD12A806F010
:1009300007F90FA806F004F99BF80030002B40F0EF
:100940006F815E49DFF8489112A805F0BFFFFCF700
:100950007DF90A2220FA02F10FA806F0C1F80FA9CA
:1009600012A806F0E1F9564906F00AFA04EBC406AB
:100970004C498046484603F06DFD7600012148460B
:1009800003F062FD1D360022B6B26A614FF0020A22
:1009900002E01236B6B23A4602F11107082C3B4685
:1009A000414615A811DCA5F810A06E8206F0C0FA29
:1009B00015A9484605F044FA15A806F0C1F8D8F87C
:1009C0000830BB4204F10104E3D8314800218046DD
:1009D00003F040FD0FA806F0B3F812A806F0B0F837
:1009E000384912A805F072FF04EBC4062D494046B1
:1009F00003F030FD76000121404603F025FD1D3651
:100A00000022B6B26A614FF0020902E01236B6B2B5
:100A10003A4602F11107082C3B4612A915A810DC32
:100A2000A5F810906E8206F083FA15A9404605F0ED
:100A300007FA15A806F084F8149BBB4204F10104E0
:100A4000E4D800211248DFF888A003F003FD12A8C3
:100A500006F076F8DAF80080B8F1000F40F05D811A
:100A60000B4F194912A804EBC40605F02FFF7600BE
:100A70000C49384603F0EEFC1D360121384603F0E0
:100A8000E3FCB6B2C5F8148042464FF0020924E0F8
:100A9000247800200200BF00FCE903001CEA0300E8
:100AA000D4FA030090ED030048910020DCE9030034
:100AB000D4E90300F0E90300E4E9030044EA030099
:100AC0004CEA030050EA030058EA03009092002029
:100AD000109200201236B6B2424602F11108082CDC
:100AE000434612A915A810DCA5F810906E8206F0F6
:100AF0001FFA15A9384605F0A3F915A806F020F845
:100B0000149B434504F10104E4D8B648002103F0E6
:100B1000A1FC12A806F014F8B34BB449002212A8A5
:100B20001A6005F0D3FEB2498B68002B71D1B14930
:100B30000FA805F0CBFE0FA912A806F0F5F8804625
:100B4000A848AD49814604EBC40603F083FC760057
:100B50000121484603F078FC1D360022B6B26A61D6
:100B60004FF0020A02E01236B6B23A4602F111071D
:100B7000082C3B46414615A812DCA5F810A06E8251
:100B800006F0D6F915A9484605F05AF915A801341A
:100B900005F0D6FF002FE6D0D8F80830BB42E2D8E7
:100BA0000021904803F056FC0FA805F0C9FF12A8D9
:100BB00005F0C6FF00218B4803F04CFC06F0F4FA68
:100BC0008E4B1B68984228D241F2F8378C49EB5F74
:100BD00001930024C82623462246A1F14000CDE916
:100BE00003440294009604F0C1FB0121854804F0FF
:100BF000CDF88349EB5F0193CDE90344029400965D
:100C000023462246A1F1400004F0CAFB19B0BDE81A
:100C1000F08F0FA805F080FE8DE7FDF7F7F9D3E719
:100C20007949DFF8C0910CA805F050FE774B0A22F5
:100C3000196809A805F0F4FE09A90CA806F074F8D3
:100C4000734906F09DF8734B0A22196806460FA8EF
:100C500005F0E6FE0FA9304606F066F86E4906F08C
:100C60008FF86E4B0A221968064612A805F0D8FEC6
:100C700012A9304606F058F804EBC4065E498046D7
:100C8000484603F0E7FB76000121484603F0DCFB11
:100C90001D360022B6B26A614FF0020A02E0123637
:100CA000B6B23A4602F11107082C3B46414615A858
:100CB00011DCA5F810A06E8206F03AF915A9484695
:100CC00005F0BEF815A805F03BFFD8F80830BB4288
:100CD00004F10104E3D80021424803F0BBFB12A851
:100CE00005F02EFF0FA805F02BFF09A805F028FF3F
:100CF0000CA805F025FF4A490FA805F0E7FD41F2D1
:100D000088330FAA47494848FCF792F9002840F079
:100D100091800FA805F014FF13E67FF7FDAE0023C6
:100D20000793DFF8C090414B0693414912A805F0A4
:100D3000CDFD0698FDF786FC002800F0C280014634
:100D40000FA805F0C3FD0FA912A805F0EDFF04EBF5
:100D5000C40629498046484603F07CFB7600012101
:100D6000484603F071FB1D3600236B61B6B21A468C
:100D70004FF0020B02E01236B6B23A4602F111070A
:100D8000082C3B46414615A812DCA5F810B06E822F
:100D900006F0CEF815A9484605F052F815A801341A
:100DA00005F0CEFE002FE6D0D8F80830BB42E2D8DE
:100DB0000021484603F04EFB0FA805F0C1FE12A823
:100DC00005F0BEFE079BDAF8002001339A427FF758
:100DD000A3AE069A18320692022B4FF00102079238
:100DE000A3D199E6247800201492002060EA030041
:100DF000E0920020A0EC030090ED0300EC920020B4
:100E0000887800204878002028EA03003861002014
:100E100030EA0300DC920020D4E80300D8920020DE
:100E20005CE8030038EA030018920020509100208B
:100E3000B4E9030022210FA806F032F8061E45DAB5
:100E40004FF0FF30B0427FF764AF721C03460FA92A
:100E500012A806F06DF820482049804604EBC4062D
:100E600003F0F8FA76000121404603F0EDFA1D3652
:100E70000022B6B26A614FF0020902E01236B6B241
:100E80003A4602F11107082C3B4612A915A810DCBE
:100E9000A5F810906E8206F04BF815A9404604F0B4
:100EA000CFFF15A805F04CFE149BBB4204F10104D2
:100EB000E4D80021084803F0CDFA12A805F040FE5E
:100EC00027E706990FA805F027FD3CE7721C2221B1
:100ED0000FA805F0F5FFB5E72478002090ED03009A
:100EE0002DE9F04303689C4A9C498BB004460220DC
:100EF000FBF77CFE9A4907A805F0E8FC07A9204605
:100F000005F0A2FF054607A805F01AFE65B3954C4B
:100F10002368033B012B16D9FDF7B4FC924B1B68E9
:100F2000002B37DC2368012B52D000218F4803F0BF
:100F300091FA06F039F98E4B1B68984280F0AD802B
:100F40000BB0BDE8F0838B4B8B49012207A81A70C8
:100F500005F0BCFC002107A8FDF70EFC07A805F072
:100F6000EFFD0BB0BDE8F083844907A805F0AEFCA7
:100F700007A9204605F068FF054607A805F0E0FD33
:100F8000002D4BD07E4C23685BB3012BD8D1FFF7EB
:100F90002BFAD5E77B4907A805F098FC7A48FDF7BE
:100FA00051FB04AD002834D00146284605F08EFCE4
:100FB000294607A805F0B8FE0021FDF7DDFB28460D
:100FC00005F0BEFD07A805F0BBFD2368012BACD1E1
:100FD0006E4B4FF47A721A60FEF760F80BB0BDE802
:100FE000F0836B4907A805F071FC012307A9694844
:100FF000236005F0ADFD654B5A4906204FF47A7227
:1010000008601A60FFF700F807A805F099FD23684B
:10101000BBE728465C4905F07FFCC9E75E4907A8A5
:1010200005F054FC07A9204605F00EFF054607A869
:1010300005F086FD002D33D02221204605F030FF3B
:10104000051E70DA4FF0FF36AE427FF779AF0135FB
:10105000214607A82A46334605F06AFF4D4907A8EE
:1010600005F0BEFE00287FF479AF07A805F068FD03
:1010700033462A46214607A805F05AFF07A94548E6
:1010800005F090FD07A805F05BFD364B1B68062BAD
:101090007FF456AFFEF7B8FF52E7FCF7B7FF4FE714
:1010A0003E4907A805F012FC07A9204605F0CCFE32
:1010B000054607A805F044FD45BB394901A805F0E0
:1010C00005FC01A9204605F0BFFE002832D001A88A
:1010D00005F036FD2A4C2368002B3FF431AF314B2D
:1010E00093F90030012B00F02581022B00F01A81CA
:1010F0001C49264B01204FF47A72002508601A60C3
:101100002560FDF7CBFF284907A821E71C4B0322E8
:101110001A6006F049F8134B244A1B681060062B2E
:101120007FF40EAFB6E76A1C2221204605F0C8FE08
:10113000064689E704AD1E49284605F0C7FB294647
:10114000204605F081FEA8B3284605F0F9FC01A869
:1011500005F0F6FCBEE700BFCCE9030038E9030068
:1011600020E70300D09200203C910020247800204A
:10117000EC9200204091002040E9030010E70300BA
:10118000E07700205CE90300448C0020C49200203A
:101190005CE80300D077002018E7030070E9030043
:1011A00028E70300456100209CE90300DC7700206C
:1011B00084E90300744907A805F088FB07A92046C5
:1011C00005F042FE064607A805F0BAFC284605F0E1
:1011D000B7FC01A805F0B4FC002E7FF47BAF6B498F
:1011E00007A805F073FB07A9204605F02DFE06466B
:1011F00007A805F0A5FC002E3FF4A2AEA368DFF817
:10120000C08121460C2201A805F092FE01A805F03C
:1012100097FF202101A805F077FED8F80030072BB2
:101220001E46A8BF0726002B814614DD584C06EB4E
:10123000460304EBC304A4F118073946204605F021
:1012400087FC013EA4F10C0104F10C0005F080FCC8
:101250003C46002EEFD1B9F1000F53DD4B46002282
:1012600001A907A805F064FE07A94A4805F09AFC01
:1012700007A805F065FC09F10102039B01A907A875
:1012800005F056FE07A9424805F08CFC07A805F0BA
:1012900057FCD8F80030404A4049072BDCBF0133E7
:1012A000C8F80030136807A80133136005F00EFB7F
:1012B0003748FDF7C7F9002844D00146284605F015
:1012C00005FB294607A805F02FFD0021FDF754FA7C
:1012D000284605F035FC07A805F032FC304B93F9A1
:1012E0000030012B44D0022B3AD02E4A2E491368ED
:1012F0000020062B08602AD0052B41D001A805F05C
:101300001FFC1DE6294907A805F0E0FA07A92148B6
:1013100005F048FC07A805F013FC01A907A805F093
:10132000FBFAAFE74FF47A73002221492148FBF71B
:101330007FFEDDE64FF47A7300221F491D48FBF75C
:1013400077FED5E61249284605F0E6FAB9E71B49CB
:101350004FF47A70012308601360FDF79FFECDE71C
:101360004FF47A73002212491248FBF761FEBCE782
:101370004FF47A73002210490E48FBF759FEB4E788
:10138000FFF712FABAE700BF8CE9030048E7030051
:10139000509100205C91002014920020A8E90300E5
:1013A00045610020D0920020E07700205CE8030037
:1013B0009CE80300189200208CE80300C4920020EF
:1013C000109200202DE9F041A84D2B68013B8EB012
:1013D0000446062B29D8DFE813F007005F008A00D7
:1013E000D600EA002B004700B52800F05682B62848
:1013F00000F028810D2840F059859D4B1B68002B7B
:1014000000F337830346DBB2522B00F00584502BE8
:1014100000F08A841B2C40F0E684964B1A68002A60
:1014200003DD00221A60FDF739FE0EB0BDE8F08141
:10143000914E3368012B00F0C781B52800F08A82F5
:10144000B62800F06581B72840F0DC838B4A13781A
:10145000072BEAD80133DBB2194689481370FCF731
:101460002BFAFEF7D1FDE0E70D2800F01D820828D9
:1014700000F0DA801B2800F0E882A0F13003092B8D
:1014800000F208857F4883680F2BCED8214605F0EF
:1014900029FCFFF74DF8C8E7B62800F06282B528AE
:1014A00000F04E8200F0DF03502B00F06681442BE9
:1014B00000F09E82522B40F0E5847349734805F09A
:1014C00047FB7349734805F08FFB734B6F4800224D
:1014D0001A60FDF7B7F86E49002818BF01466F483B
:1014E00005F082FB04232B60FEF77EFA9DE708AF30
:1014F0006B49384605F010FA384605F005FE0A9BA0
:10150000002B40F0ED81002205920126002B40F0D7
:1015100007820EAA02EB860201210E4442F8241C27
:10152000002B40F0EE810EAB03EB8603022238461F
:1015300043F8242C05F004FBB62C06F1010600F05C
:101540000281092C00F0FC80B52C00F007810D2CE5
:1015500000F0C382082C00F046831B2C49D0A4F174
:1015600020035E2B3FF661AF4D488368132B3FF697
:101570005CAF214605F0B6FB4A4B4FF0FF321A60D4
:10158000FEF732FA51E7434E0D28B36800F0478169
:10159000B42861D0B72840F05D823F490A68934281
:1015A0007FF743AF01320A60FEF71EFA3DE71B28C2
:1015B0002CD009282AD0A0F120035E2B7ED93A49ED
:1015C0000BA805F083F91022214608A805F0F8F9C8
:1015D00008A90BA805F0A8FB0146344805F0B8FAA5
:1015E00008A805F0ADFA0BA805F0AAFAFFF7DCF899
:1015F0001BE72F4B1A784AB10022254928481A7058
:1016000005F0F2FA274B4FF0FF321A60294B1B7896
:1016100001222A602BB1FDF735F9274B4FF47A727E
:101620001A60FDF73BFD00E7164CA16800293FF466
:10163000FCAE0139204605F0D5FCA368002B7FF4F1
:1016400028AFE3E70A4B0B491B680A68013B93424A
:1016500000F36F829623D6E60F4A1368002B7FF7BC
:10166000E4AE013B1360FEF7BFF9DEE6D092002046
:101670003C910020D4920020E07700203E610020C1
:101680001892002018780020A09200200C780020EA
:101690005CE80300E4770020F07700200078002069
:1016A000F47700203461002028ED0300E092002050
:1016B000C892002040910020C492002008A8AC49A4
:1016C00005F004F9214605A805F04EF905A908A87A
:1016D00005F02AFBA74905F053FB102205462146D9
:1016E0000BA805F06DF90BA9284605F01DFBA249D2
:1016F00005F046FB0146A14805F02AFA0BA805F0C3
:101700001FFA05A805F01CFA08A805F019FA6DE7FC
:101710009B4A1378002B3FF488AE013BDBB219469D
:1017200098481370FCF7B4F8FEF76EFC7DE60BA842
:1017300005F006FA384605F003FAB62C7FF401AF3F
:10174000002E3FF472AE90490B68013393FBF6F222
:1017500006FB12360E60FEF747F966E6002E3FF4F0
:1017600064AE894C2368002BD4BF06F1FF3303F12C
:10177000FF332360FEF738F957E6844B1B78002BC4
:101780003FF453AE824C2368002B7FF44EAE7C4B6B
:101790007C481978FCF77CF87E4B7A481978FCF77E
:1017A0008BF87D497748FCF70FF8002840F0CE828F
:1017B0007A490BA805F08AF80BA80021FCF7DCFF9A
:1017C0000BA805F0BDF930E60D2800F0E6811B28D6
:1017D00004D000F0DF04482C7FF427AE704C94F95D
:1017E0000030012B00F05482022B00F04982654842
:1017F000FCF73EF894F90030012B00F05182022BE7
:1018000000F03682674A4FF47A7101230024116098
:1018100034602B60FDF742FC0BA86349CAE7002B3C
:101820007FF703AE6149624C0BA805F04FF8002129
:101830000BA8FCF7A1FF0BA805F082F92146324660
:101840005048FBF7C7FC2368002800F03081594A54
:1018500000925949594A0220FBF7C8F958492046D5
:1018600005F0C2F95649304605F0BEF954495548CD
:1018700005F0BAF95249544805F0B6F9534B5449AA
:101880001B780020012208602A60002B40F00783AB
:10189000FDF704FC4F490BA88CE74F4A1368002B57
:1018A00000F3CE809523AEE54C4CA368022B7FF667
:1018B000BCAD08AF38462146FCF774FE20464049CF
:1018C000334E05F091F9314B1B78002B00F053811A
:1018D0003368002B00F03281384605F031F9A4E579
:1018E0003F490BA804F0F2FF39460BA805F0ACFA0B
:1018F00006460BA8002E40F09A8005F021F90A9BBD
:1019000004E638490BA804F0E1FF39460BA805F0BE
:101910009BFA00283FF40BAF0BA805F011F902E683
:1019200031490BA804F0D2FF39460BA805F08CFA18
:10193000002840F080800BA805F002F90A9BEFE533
:101940002A4A1368002B7FF770AD013B1360FDF747
:10195000E7FE6AE50A4A1378042B3FF666AD0133C9
:10196000DCE6224A136801331360FDF7D9FE5CE51B
:1019700018ED03001CED030024ED0300E0920020AD
:1019800044610020189200203461002090920020D1
:10199000E07700203E610020A0920020FCE70300D9
:1019A00045610020C492002008ED0300E0EC030034
:1019B0000C780020B8E9030060ED030030ED03006F
:1019C0005CE80300F47700200078002040910020BC
:1019D000F0770020ACEC0300D492002018780020AF
:1019E00078EB030084EB030080EB0300CC92002033
:1019F000AF4BB0481C68E1B2FBF7FCFCAE49AF4B03
:101A0000AF4A00280CBF0846184600902346AD494F
:101A10000220FBF7EBF8FCF735FFAB4B1B780BB163
:101A2000FCF70AFC01232B60FDF738FBFDE405F011
:101A300087F80A9B67E50BA805F082F80A9B68E522
:101A4000013B1360FDF72AFBEFE4A049A04805F035
:101A5000CBF8DBE5B52840F093829E4A1368002B53
:101A60007FF7E3AC113B23EAE3731360FDF7BCFFA0
:101A7000DBE4994E994C336803EB830354F833004D
:101A8000FDF7ECFD00283FF4D0AC336803EB830393
:101A900004EBC30423792BB1914A13680021013B65
:101AA0001360217102232B60FDF73AFEBDE4824AE8
:101AB000009284498B4A0220FBF798F88A4B1B78E6
:101AC00001222A602BB1FCF7DDFE884B4FF47A72BD
:101AD0001A60FDF7E3FA8649DDE6DFF8488298F8F8
:101AE0000040002C40F09D80824F3B689E4200F2F7
:101AF000418181498B68022B7FF697AC0BA8FCF7DC
:101B000051FD0BA97D4805F04DF80BA805F018F81C
:101B10007A48FCF797FD6D49002818BF01467848C0
:101B200005F062F86B4A042314602B60FDF75CFF3C
:101B30007BE401320A60FDF7B1FA76E4714B5D484F
:101B40001978FBF7A5FE704B5A481978FBF7B4FEDD
:101B500039465848FBF738FE0446002840F03081EB
:101B60006A490BA804F0B2FE0BA82146FCF704FE5C
:101B70000BA804F0E5FF3368002B7FF4ADAE5A4BA1
:101B80001B7801222A602BB1FCF77CFE574B4FF4E7
:101B90007A721A60FDF782FA9EE65D4B93F9003087
:101BA000012B00F00581022B00F0FA80032141484F
:101BB000FBF796FE3F48FBF753FE00283FF435AC99
:101BC0000323336005F0F0FA524A4E4B1060197847
:101BD0003848FBF75DFE4C4B36481978FBF76CFE36
:101BE000FEF712FA21E44448816800293FF41DAC55
:101BF000013905F0F7F93F4B4FF0FF321A60FDF75E
:101C0000F3FE12E4B42840F00F813F4A1378002B12
:101C10003FF40BAC013B1EE4FCF734FEFDF73EFA4B
:101C200003E4344C2949384604F050FE23689E42B0
:101C300000F2ED8030498B68022B00F2DD800A9BB8
:101C4000002B3FF449AE002320492B4888F8003090
:101C500004F0CAFF4FF0FF3338462360FEF716FC4E
:101C60002D4B1B68002B7FF437AEFDF7DFFC33E60E
:101C70004FF47A73002229490E48FBF7D9F9C1E5E0
:101C80004FF47A73002225490A48FBF7D1F9AEE5F3
:101C90004FF47A73002222490648FBF7C9F9A6E5FA
:101CA0004FF47A7300221E490248FBF7C1F9A9E5F7
:101CB000406100201892002068EA0300B8E90300A0
:101CC000BCE9030060ED0300909200205CE8030093
:101CD00018780020F0770020D49200203C8C00205F
:101CE000F492002030ED030040910020C4920020C7
:101CF000B4EC030034610020F47700200C7800205D
:101D000000780020446100203E610020FCE70300D1
:101D100045610020DC770020E07700209CE803008C
:101D20008CE80300C8920020B44B1B68002B7FF79F
:101D30007CABB34BB34A1B6803EB830302EBC303D7
:101D400003F10800FEF7A2FBFFF76FBB05F02CFACA
:101D5000AD4BAE4918600223AD48236004F0F8FE95
:101D6000AC4A4FF47A71062311602B60FEF74CF9F0
:101D7000FFF75BBB0EAA02EB8303A74E53F8243C8C
:101D8000A64856F8331004F02FFF3B68A4480EAA6B
:101D900002EB830353F8243C06EBC3067168BFE6ED
:101DA0004FF47A7300229F499F48FBF741F9FDE603
:101DB0004FF47A7300229D499B48FBF739F9F5E609
:101DC00005F0F2F9904B39461860022390483360D1
:101DD00004F0BEFE8F4A4FF47A71062311602B6027
:101DE000FEF712F9C7E6092C7FF41FAB05232B6021
:101DF000FEF7DAFCFFF719BB0BA8FCF7D3FB0BA926
:101E0000384604F0CFFE0BA804F09AFE17E70EAA9E
:101E100002EB8303804A53F8243C02EBC3033846A9
:101E2000596804F0E1FE0AE71B2804D000F0DF0443
:101E3000482C7FF4FAAA7C48FBF71AFD7C4B93F9F7
:101E40000030012B16D0022B0CD0724A4FF47A715D
:101E500001230024116034602B60FDF71FF90BA8EB
:101E60007449A7E44FF47A7300226E496E48FBF779
:101E7000DFF8EAE74FF47A7300226C496A48FBF70F
:101E8000D7F8E2E71B283FF4C1AB09283FF4BEAB0B
:101E9000FFF7CBBA2B283FF4F5AAFFF7C6BAFCF739
:101EA000F1FC5C4B4FF47A721A60F1E420F02003ED
:101EB000DAB2442A3CD04D2A4FD15F4C5F4AA36826
:101EC00000261670A3B1564B9B68002B3ED103230E
:101ED0002B60FDF789FD5A490BA804F0F7FC0BA80D
:101EE0000021FCF749FC0BA804F02AFEFFF79DBA7D
:101EF000544EB768002FEAD15349494804F074FEA4
:101F00002046514904F070FE30464F4904F06CFE03
:101F10004D49424804F068FE4C494D4A4FF0FF30AD
:101F20000323086017602B60FDF75EFDFFF77DBAA5
:101F3000324B1B68002B7FF76DAA314B314A1B686F
:101F4000394803EB830352F8334054E504232B60F4
:101F5000FDF74AFD0BA83A492CE4432A20D1374B20
:101F60003949384801221A7004F03EFE374A4FF0D2
:101F7000FF31032311602B60FDF736FDFFF755BAE3
:101F8000B62827D132490A6893427FF74EAA113208
:101F90009342A8BF13460B60FDF726FDFFF745BA35
:101FA000A0F13002092A3FF62EAA01460BA804F040
:101FB000DBFC0BA9274804F0F5FD0BA804F0C0FDDD
:101FC000144A4FF47A71072311602B60FEF7B0FAC0
:101FD000FFF72BBA08283FD11D4C216800297FF755
:101FE00024AA01393046012205F004F82368013B98
:101FF0002360FDF7F9FCFFF718BA00BF3C91002001
:10200000D49200203C8C0020DC770020A09200209D
:10201000D0770020C4920020DCFA03000078002072
:102020000C7800209CE80300189200208CE8030044
:10203000456100209CE90300E4770020C89200205D
:10204000D0EC0300F47700205CE80300346100204A
:10205000F0770020187800201B280FD1264B1B7822
:1020600001222A602BB1FCF70DFC244B4FF47A724D
:102070001A60FDF713F80BA821492EE7A0F1200202
:102080005E2A3FF6D2A99F2B3FF7CFA91D4D002214
:102090002B6802A8314604F04BFF02A908A804F0FF
:1020A0003BFC214605A804F05FFC05A908A804F044
:1020B0003BFEB3682A68044631460BA804F038FF9B
:1020C0000BA9204604F030FE0146304604F040FDE6
:1020D0000BA804F035FD05A804F032FD08A804F0B3
:1020E0002FFD02A804F02CFD2B6801332B60FDF7B7
:1020F0007BFCFFF79AB900BF40910020C4920020FA
:10210000ECEC0300F07700202DE9F04F064891B089
:102110004FF4E1310446F4F741FA05F045F840F692
:10212000B73605460BE000BF5863002005F03CF8C9
:10213000401BB0424FF00A0006D805F041F8204697
:10214000F4F74AFA0028F1D0C649C748C74CC84E30
:1021500003F048FFC749C44803F044FFC649C248DA
:1021600003F040FFC549C04803F03CFFC449BE48E6
:1021700003F038FFC349BC4803F034FFC24800F005
:10218000FFFF00250127C14B0D938DF839708DF8A5
:1021900038500DF1340898E80C00BB4904F12400D4
:1021A00002F0C8FB294604F1240002F09DFA41F236
:1021B000EC3341F2F43041F2FA3241F2FE31E554AF
:1021C0004FF0C80904F5A0532552A55024F80190FA
:1021D00062891A802946204601F028F941F28832A6
:1021E000FF2104F1640009F0FFF820460221E576A2
:1021F00002F02AF9A64BA74923616561204603F046
:1022000025FEA54B23613946204602F01DF9A3495E
:10221000204603F01BFEA24800F0ECFD5F21A04821
:1022200000F096FE9E4800F09FFEB0F1000A0CBF41
:102230003B462B46337040F011824FF6FF710C2263
:102240004B46CDE9002120464B22514601F054F97E
:102250003946204602F0F8F8924B9349C4F814A08E
:102260002046236103F0F2FD9049C4F814A02046F3
:1022700003F0ECFD41F2F83B8D4934F90B3001934A
:1022800000274FF0C80AA1F140003B463A46CDF87E
:1022900000A0CDE90377029703F082F88548804DCE
:1022A0003946A0F1240902F071FD34F90B30029790
:1022B00009F16401CDE900A3A1F140003B463A4693
:1022C000CDE9037703F06CF809F1240002F09AFCE1
:1022D000794BDFF8D0A11F60337883BB4FF47A705D
:1022E00004F06EFF5F21284600F032FE284600F021
:1022F0003BFE071E0CBF012300233370EED10C23DD
:102300004FF6FF72CDE900323946C8234B224846CA
:1023100001F0F2F80121484602F096F86249C4F84B
:1023200010A04846676103F091FD60496761484627
:1023300003F08CFDFBF712FE3378002BCED05F4A02
:102340005F49604DDFF8A8910220FAF74FFC0C239B
:102350004FF6FF72CDE9003200215922C8234348CD
:1023600001F0CAF80121414802F06EF80026564BF0
:102370002361564966613D4803F068FD5449666132
:102380003A4803F063FD53496661384803F05EFD47
:102390005149364803F05AFDFBF7E0FD2E780F2730
:1023A000032304224FF4E13148462EB9FAF770FDB9
:1023B0002870002800F0A3800C234FF6FF72CDE9AF
:1023C000003200215922C823284801F095F8012144
:1023D000264802F039F83C4B334924480026C4E92A
:1023E000043603F033FD3A492048666103F02EFDC0
:1023F0002B78002B40F0B680FBF7B0FD40F6C41000
:1024000004F0DEFE41F28832FF212948334C08F007
:10241000EBFF334A01211160274A4FF47A731360AE
:10242000FCF73CFE2168002966DD0A220AA804F0B8
:10243000F7FA0AA9404604F06FFA2A49404604F028
:102440009FFC294A294B21680129D4BF114619460E
:1024500004F096FC0021FCF78FF9404604F070FB75
:102460000AA847E0BCEA0300586300202478002053
:1024700048910020C8EA030004EB030024EB0300AA
:102480004CEB030064EB0300288C002000093D00A6
:102490002E001E0004FB030055003600D4FA030092
:1024A000F892002018004C0088EB030010FB03009A
:1024B0008878002048780020C49200201CFB03008C
:1024C00028FB03009092002018005A0090EB0300B4
:1024D00008E703007CE8030030FB0300F4920020CF
:1024E000D092002058FB03005CE8030044E60300A0
:1024F0001892002004F024FB11B0BDE8F08F4FF4D7
:10250000FA6004F05DFE013F2E787FF449AF002EA3
:102510007FF452AF0C234FF6FF72CDE90032314603
:102520005922C823934800F0E7FF0121914801F0A8
:102530008BFF914B91498F48C4E9043603F086FC28
:102540008F498C48666103F081FC8E498948666139
:1025500003F07CFC8C49874803F078FC2B78002B37
:102560003FF44AAF894907A804F0B0F907AA41F23D
:10257000883387498748FAF75BFD0646002840F014
:1025800092800C234FF6FF72CDE900320146C8233A
:102590006722784800F0B0FF0121764801F054FF2F
:1025A0007D4B7649C4E90436724803F04FFC0023A2
:1025B00063617A496F4803F049FC744907A804F045
:1025C00013FB41F2883307AA75497248FAF730FDC8
:1025D000002840F092800C234FF6FF72CDE90032C4
:1025E00000217522C823634800F086FF012161485D
:1025F00001F02AFF6B4B61495E480027C4E90437AC
:1026000003F024FC68495B48676103F01FFC5D49E7
:102610005848676103F01AFC6449564803F016FCF9
:102620005C4C2046FBF72CF92046FAF7CBFD2B78C3
:102630005F4A62600BB1FBF7FFFDFCF723F907A8C7
:1026400004F07EFAFBF78AFC2B78002B52D0002E88
:1026500040F6C41018BF4FF44870D1E64FF6FF7132
:102660000C224B46CDE9002120464B22294600F0A2
:1026700043FF3946204601F0E7FE4E4B23613F49B8
:102680006561204603F0E2FB4B496561204603F09B
:10269000DDFB3C496561204603F0D8FB47492046F5
:1026A00003F0D4FBE6E54649404604F00FF9414605
:1026B00007A804F017FC0746404604F041FA0C2333
:1026C0004FF6FF72CDE900320021C8236722294866
:1026D00000F012FF0121274801F0B6FE2E4B274AD9
:1026E0002361002F4FF0000336496361BCBF1E46D3
:1026F000114659E740F6C41082E633490AA804F0AF
:10270000E5F80AA907A804F0EDFB00281FDB0AA8DA
:1027100004F016FA0C234FF6FF72CDE900320021C7
:102720007522C823134800F0E7FE0121114801F08B
:102730008BFE1C4B23490F480027C4E9043703F0E4
:1027400085FB194967610B4803F080FB68E71F4967
:10275000404604F0BBF8414607A804F0C3FB074617
:10276000404604F0EDF90AA804F0EAF9002FD1DAA6
:1027700031E700BF2478002018005A0090EB0300D6
:1027800008E703007CE8030078FB03005CE8030033
:102790008CEA0300189200201800680044FB030034
:1027A00098EA0300180076008CFB030094FB0300FA
:1027B000E10E030018004C0010FB030068FB03004F
:1027C0003CFB030088EB030050FB030054FB0300B9
:1027D000F0B593B002230093062209239849994843
:1027E000994C9A4F9A4E00F099FC102300930A22BC
:1027F00005230B2102A802F051FAC82211462046F7
:1028000001F066F90CAB93E80300039A914B236047
:10281000A2629DF810309DF8112084F82C3084F8C5
:102820002D209DF812309DF8132084F82E3084F866
:102830002F20059B069A23636263079BBDF8202027
:10284000A363A287099B9DF82820236484F8442071
:102850009DF829300B9A84F84530A26404F14C03AA
:102860009DF8382083E8030084F854209DF83A004E
:1028700084F856009DF83B0084F857009DF83C0012
:1028800084F858009DF83D0084F85900BDF83E00DA
:10289000A4F85A001098B4F90A20E0656E4B11981C
:1028A0009DF8391020666D4884F85510D51783FBC4
:1028B0000213606241F2F830C821C5EBA313215224
:1028C00001FB132541F2F630002DC8BF013304F59A
:1028D000A055235241F2EF3000232A8041F2EE321C
:1028E000235441F2EC30A35441F2F432235441F228
:1028F000FA30A35241F2FC32235241F2FE30A3528D
:10290000574A215207F108005149C7E9002303F053
:10291000DDFF07F1140407F17405204631460C343D
:1029200003F0D4FFAC42F8D10025A7F874504D4A0B
:102930004D4946484D4C464E07F028FF04F5A06728
:102940003146204603F0C2FF04F10C00314603F08B
:10295000BDFF283444F8105C24F80C5CBC42EFD175
:102960003B4D404A4249434C002007F00FFF2946A7
:10297000414803F0ABFF2946404803F0A7FF294632
:102980003F4803F0A3FF29463E4803F09FFF354A26
:102990003D49394807F0FAFE29463C4803F096FFC6
:1029A000304A3B49394807F0F1FE2946394803F0DF
:1029B0008DFF2C4A3649374807F0E8FE294636484D
:1029C00003F084FF274A3249334807F0DFFE2946E7
:1029D000324803F07BFF234A2D49304807F0D6FEEA
:1029E00029462F4803F072FF1E4A29492C4807F058
:1029F000CDFE04F1C0062946204603F067FF04F12E
:102A00000C002946183403F061FFA642F3D1154AA1
:102A10002449002007F0BAFE0D49234803F056FF71
:102A2000104A1B49204807F0B1FE09491F4803F02E
:102A30004DFF0C4A16491D4807F0A8FE13B0F0BD23
:102A400000300240288C00202478002018920020BA
:102A50005CE80300ACE703001F85EB519C02040017
:102A60005CA3002000600020F1DE0200448C002006
:102A700015DF02005091002094920020A0920020C7
:102A8000AC920020B8920020CDDE02000C7800202D
:102A9000416B0300E4770020F477002000780020E9
:102AA000E092002039DF0200D07700201878002063
:102AB000F0B52D4C2368DB0785B048D52B4D2C4E47
:102AC0002C4F2846F3F714FC98B12846F3F736FC50
:102AD000C4B20D2C0FD00A2C0DD0082CB3681ED018
:102AE0007F2C1CD0C72B1BD92846F3F701FC0028EC
:102AF000EBD105B0F0BD284603F05AFA314601A8E3
:102B000003F00AFF01A804F01BFB039B8BB901A88B
:102B100004F016F83946304604F066F8D1E763B998
:102B20002146284603F0A4F92146304604F0DAF89D
:102B3000C7E701A8FBF752FCE9E70F49284603F075
:102B400085F9B1683046013904F04CFAB9E7094912
:102B5000074803F0BBFE0123084A094904482360E3
:102B600007F014FEAAE700BFB477002058630020E6
:102B7000B87700205CE8030008E80300006000204C
:102B8000416B03002DE9F043614C23788BB0002B9F
:102B900057D0604D04F008FB2B6841F28732C01A11
:102BA000904245D85C4D5D4C04F0FEFA2B682278CB
:102BB00098422CBF002601260AB1984265D2584B94
:102BC00026701B68032B20D0564B1B7853B95648F0
:102BD000FAF7ACF9FFF76CFF0A2004F0F1FA0BB03A
:102BE000BDE8F08301225F21504800F067F94F48AB
:102BF00000F0ACF80028EAD04C4800F0ABF8C0B2C6
:102C00000028E4D0FEF7DEFBE1E7494B1B68062B0A
:102C1000DAD1484C04F0C8FA236842F20F72C01AA5
:102C20009042D1D904F0C0FA2060FDF7EDF9CBE76E
:102C300004F0BAFA23782860002BB3D0FBF7FCFA33
:102C4000B0E7394D2846FAF769F920700028A0D07E
:102C50002846FAF715FE2846FAF7B4FA2378364ADA
:102C60006A60002B4ED1FBF70DFE314B1B68012B28
:102C70004BD007A8314903F029FE07A80021FBF734
:102C80007BFD07A803F05CFF83E700212C4801F0DF
:102C9000E1FB04F089FA2B68984230D2284F41F2C8
:102CA000F839002537F9093001934FF0C8082B4651
:102CB0002A4607F1640107F12400CDE90355029586
:102CC000CDF8008002F06CFB294607F1240002F0E9
:102CD0005DF837F909300295CDE900832A462B4685
:102CE00007F1640107F12400CDE9035502F058FB18
:102CF00007F1240001F086FF124B1D605FE7FBF730
:102D000085F9CBE7FBF798FAADE7FCF7C7F9B0E731
:102D100090920020C4770020EC920020C877002019
:102D2000E07700204891002018920020F8920020BF
:102D3000D0920020CC770020E10E0300F4FA0300CB
:102D400024780020C4920020704700BF203003F098
:102D5000CFB900BF203003F0B9B900BF203003F075
:102D6000D1B900BF38B5437F0BB9002038BD00F69C
:102D7000280420460D4603F0CFF90028F5D120465F
:102D8000294603F08BF9012038BD00BF2DE9F0473B
:102D90005AB30646DFF8588033681B684D1E43451A
:102DA00017464FF0000400F6280915F801AF16D1B8
:102DB000737F13B92046BDE8F087484603F0ACF9AD
:102DC0000028F7D15146484603F068F90134A7427C
:102DD000F0D0336815F801AF1B684345E8D0514681
:102DE000304698470028F1D1E4E71446E2E700BFF7
:102DF000652D030010B4837E1F2B4FF0010288BFA6
:102E000003F01F03C27603F5E0738CBF284A4FF02E
:102E1000A04240F20C6142F82310437E1F2B86BF74
:102E200003F01F03224A4FF0A04203F5E07340F283
:102E30000C6142F8231003694FF0CC72C3F82425CB
:102E400003690622C3F800250369827EC3F80825BA
:102E50000369427EC3F80C2590F91830002B14DA70
:102E6000144A03F00F031A446023137690F91830C4
:102E7000002B07DB104903F01F0001225B09824091
:102E800041F823205DF8044B70475909603103F085
:102E90001F030124084A04FA03F342F8213090F991
:102EA0001830002BDCDB1344602283F80023DDE7BD
:102EB00000030050FCEC00E000E100E00AB910461D
:102EC0007047F8B5054600F12007384614460E460F
:102ED00003F0F6F82B69C3F888652A6901231362A9
:102EE0002A69C2F834752A69C2F838452A6913601C
:102EF0002B6902E0D3F824211AB9D3F84C21002A17
:102F0000F8D00022C3F84C212B6902E0D3F8242129
:102F10001AB9D3F85C21002AF8D00022C3F85C214A
:102F20002B6901225A612A69D2F80431002BFBD0A7
:102F30000021C2F804112B69D3F8242112B1C3F87F
:102F400024112B69D3F83C05C5F82008C0B2F8BDA0
:102F500010B541F23003044600F62800E15403F0B6
:102F6000AFF80123637710BD70B541F230030269F9
:102F7000C15C00234377C2F888150269C2F80431A6
:102F8000036901261E62036900F628050446C3F89A
:102F90004455284603F0ACF82369C3F84805236973
:102FA0009E60236902E0D3F824211AB9D3F8502196
:102FB000002AF8D00022C3F85021284603F098F8E0
:102FC000236918BB0022C3F86021236901225A61DA
:102FD0002269D2F80431002BFBD00021C2F8041181
:102FE0002369D3F8240160B1C3F824112369D3F80D
:102FF000C404C3F8C404022803D0042814BF042066
:10300000032070BDD3F82421002ADBD1D3F860213E
:10301000002AF7D0D6E700BF70B52B4C6369D3F810
:103020006421002A3DD1D3F86821F2B9D3F80421F4
:1030300072B1227F0021C3F804114AB141F2380273
:10304000D3F83C05A258C4F820080AB19047636938
:10305000D3F8242142B10022C3F82421D3F8D0248C
:10306000C3F8D02401225A6170BD0022C3F8682140
:10307000164822770123637703F022F841F23403E4
:10308000E35803B1984763691048C3F84405002327
:10309000637703F02DF863690122C3F848055A638A
:1030A000C4E7002204F12006C3F86421012530465C
:1030B000257703F005F863694FF40062C3F83465BF
:1030C000C3F838251D63AEE7F8920020209B00204E
:1030D00038B50E4C0E4A20464FF47A7340F8202B38
:1030E0000025C4E9015302F0CDFF04F6280002F0E8
:1030F000C9FF084A084B6577D2E9072103202076EB
:103100006176A276C4E9043338BD00BFF89200208E
:10311000DCFB0300F00204000030004070B5002426
:1031200044749DF81050C9B10F4E0160B1428460E3
:1031300012D00E4CA14204BF012101710C4951F87B
:103140002220027351F82330837351F825304373E2
:103150000023C373037470BD0471EFE7054B064A87
:103160000648242108F066F80030024000F00240D2
:10317000F0020400F8FB030060FC030008FC0300FD
:10318000437C03B1704730B5012285B042740321FE
:10319000FF22019304468DF803208DF806208DF858
:1031A0000510827B417B8DF800204FF080451A4648
:1031B00002958DF80110057BC37369460374039370
:1031C0008DF8025006F048FCA37B1F2B86BF03F04E
:1031D0001F030C4A4FF0A04203F5E07340F20131A7
:1031E00042F82310637B1F2B86BF03F01F030549A2
:1031F0004FF0A04103F5E07340F2033241F8232081
:1032000005B030BD0003005010B5044606F06CFD5B
:103210000023637410BD00BF10B483B002AB03E998
:1032200006009DF805309DF80410026813F1FF3385
:1032300018BF012300240229C2F800451C4603746C
:10324000C17332D003292DD0012925D0224B0099FA
:10325000B3FBF1F3B3F5007FC2F854451FD2FF2B47
:103260000FD87F2B24D83F2B25D81F2B26D80F2BE8
:1032700027D8072B02D819498A4225D04FF00041A0
:1032800001E04FF080610723C2F82415C2F8003531
:1032900003B05DF8044B704743F00204D6E74FF0EB
:1032A0000071F0E743F00604D0E743F00404CDE7F3
:1032B0004FF00061E7E74FF08051E4E74FF0005135
:1032C000E1E74FF08041DEE7042B34BF4FF0A0511F
:1032D0004FF02061D7E700BF0090D00300F002401C
:1032E00003680022C3F80025704700BF002B3AD0C6
:1032F0002DE9F047814684B00D4617461E464FF62D
:10330000FF784FF0000A4645344628BF4446002D5A
:1033100014BF2346002300950297361B01938FB1FB
:10332000002269464846039406F040FD05B1254455
:103330002744002EE7D104B0BDE8F087CDE9005561
:103340000295361B002269464846CDF80CA006F0CF
:103350002DFD4DB94645344628BF4446002EEDD1DB
:1033600004B0BDE8F08770472544002ECBD1E2E7DA
:1033700010B586B006AB012403F8111D002202A986
:103380000293CDE90343059406F010FD9DF8070074
:1033900006B010BD70B41049104A1148114BD568E1
:1033A000946808601069D66C0D738C730125946C59
:1033B0004873106D0D7100220B4D1E739C73587372
:1033C000CA730A741A71DA731A741D604A748A60B7
:1033D0005A749A6070BC704734A30020F002040055
:1033E00000F0024048A3002000300240704700BFB8
:1033F00010B404682469A4465DF8044B604700BF1C
:1034000030B40468BDF808500295A46BA44630BCE3
:10341000604700BF30B40468BDF808500295E46B03
:10342000A44630BC604700BF704700BF01F00301F5
:1034300001298176B0F90830B0F90A2004D00329B7
:1034400002D08381C28170478281C381704700BFEF
:103450002DE9F04385B0994204460768BDF9306014
:10346000BDF8348023D0B2421D4611D07B69DFF80D
:1034700084904B4536D1CDE900682B46BE6A204684
:10348000B0472368DB6A4B4527D105B0BDE8F08320
:1034900099421FDDCDF830800131FE6B4B1B1BB212
:1034A00029462046B44605B0BDE8F0436047B24225
:1034B0000CDDCDF83080531CBD6B9B1B1BB232461C
:1034C0002046AC4605B0BDE8F0436047334616469B
:1034D0001A46EEE70D461946DCE7204605B0BDE882
:1034E000F0431847CDE9021298472768DDE9021238
:1034F000C1E700BFED3303002DE9F04FD0F800C065
:103500001F46DCF814601A4B83B09E420546BDF995
:103510003090BDF834A00C4690461FD12744BC42E1
:1035200014DADFF850B0DCF82060CDF800A05E457A
:1035300021464B464246284601D1DCF8386001342A
:1035400024B2B047BC42D5F800C0ECDBDCF82C302C
:10355000074A934206D103B0BDE8F08FB047D5F8D3
:1035600000C0DBE7284603B0BDE8F04F184700BFB6
:10357000ED330300013403002DE9F04FD0F800C013
:103580001D46DCF814A02D4B83B09A450446BDF9C6
:103590003090BDF834708846164641D1DCF824B02E
:1035A000DFF89CA00097D34508BFDCF83CB02B4661
:1035B000324641462046D8472368D3F824B00097C6
:1035C00009F1FF323244D34512B232D1D3F83CA0D4
:1035D00041462B462046D0472368DFF868A0D3F841
:1035E00020B00097D34508BFD3F838B032464B46D9
:1035F00041462046D8472368691E1D6A00975545F5
:10360000414408BF9D6B32464B4609B22046A8474D
:1036100023680A4ADB6A934206D103B0BDE8F08F03
:10362000D047D4F800C0B9E7204603B0BDE8F04F5A
:1036300018472B4641462046D847CDE7ED330300D7
:1036400015340300013403002DE9F04F85B01E4608
:10365000BDF93850BDF83CA0AB1A002B9046A6EB44
:103660000102B8BF5B42002AB8BF524293420746EC
:1036700079DCAE464446AC464046354688467646FA
:1036800021469946A8455CDDA8EB0504A4B2A0EB51
:103690000C0002944FF6FF7C24B204EBD47480EA51
:1036A000E079B142C8BF4FF0010CA9EBE07964109A
:1036B000CDF80CC09342304B01931FFA89F933DCEB
:1036C000D7F800C0019BDCF818B09B45294653464B
:1036D00008BFDCF810B0A4EB090432463846D847DE
:1036E000A3B21CB20135002C2DB205DA039A1644A0
:1036F000029AD41836B224B2A845E1DA05B0BDE882
:10370000F08FDCF810B0D847A4EB0904A3B21CB2C8
:103710000135002C2DB205DA039A1644029A9C1842
:1037200036B224B24545E9DCD7F800C0019BDCF88D
:1037300018B09B452A46534631463846E1D0D84713
:10374000E2E7A5EB080080B204B204EBD474B14206
:1037500002904FEA640428460E46454607DA0121E6
:1037600003918046A6E7B446084691468AE74FF69D
:10377000FF71039180469DE7F13303002DE9F04F7F
:10378000D0F800C0DFF888E0DCF8406083B0764510
:10379000BDF93080BDF834A028D191461F461B4AA0
:1037A000DCF81430934205460C462BD12744BC422A
:1037B00014DADFF860B0DCF82060CDF800A05E45D8
:1037C000214643464A46284601D1DCF83860013498
:1037D00024B2B047BC42D5F800C0ECDBDCF82C309A
:1037E0000A4A934209D103B0BDE8F08FB446CDE94F
:1037F0000C8A03B0BDE8F04F6047284603B0BDE82F
:10380000F04F18479847D5F800C0CFE7ED330300D5
:10381000F9340300013403002DE9F04FD0F800C063
:10382000284BDCF84040B0F90C80B0F90E709C4297
:1038300083B0894633D1DCF81430DFF88CB05B45B7
:1038400005463AD1B8F1000F22DD0024DFF87CA054
:10385000A64609E0DCF838600134B0470FFA84FE70
:10386000F045D5F800C013DDDCF82060CDF80090FD
:10387000564571463B464FF000022846EAD00134D7
:103880000022B0470FFA84FEF045D5F800C0EBDC0B
:10389000DCF82C305B450BD103B0BDE8F08F002283
:1038A000CDE9007143461146A04703B0BDE8F08F53
:1038B000284603B0BDE8F04F18479847D5F800C038
:1038C000C0E700BFF9340300ED3303000134030007
:1038D0002DE9F04FD0F800C01646DCF81450304AFD
:1038E00085B095420746BDF838B00C464DD19BB225
:1038F00003F1FF39DCF828502A4A1FFA89F909EB4D
:10390000040895420FFA88F810D0CDE9006B4346C1
:10391000324621463846A847D7F800C0DCF82C309C
:103920001F4A934237D105B0BDE8F08F444526DDEC
:10393000C3F101031FFA83F90FFA89F5234605EB5A
:10394000D57544466D109846174BDCF818A09A457B
:1039500032465B46214638460FD1DCF810A0D047EE
:103960000134002D24B203DA013E4D4436B22DB2AB
:10397000A045D7F800C0E7DAD0E7D047F0E70FFA64
:1039800089F505EBD5756D10DEE70393A847D7F8E9
:1039900000C0039BABE7384605B0BDE8F04F1847C1
:1039A000ED33030049360300F13303002DE9F04FF6
:1039B000D0F800C09046DCF81440424A85B09442EA
:1039C0000646BDF838900F466ED1DCF828503E49C7
:1039D000013B1FFA88F213449BB28D421CB250D1B6
:1039E000444528D066DAD31A9BB21DB205EBD575D3
:1039F000A04503934FEA65053BDBDFF8D0A010E05C
:103A0000DCF810B0D8470134002D24B2ABB204DA90
:103A1000039A013F9D183FB22DB2A045D6F800C0D1
:103A200027DBDCF818B0D3454B46224639463046F2
:103A3000E6D0D847E7E7DFF894A03D464FF000080E
:103A4000BB46DCF818705745224608BFDCF81070FA
:103A500029464B463046B8470135B8F1000FB8BF8C
:103A600004F1FF342DB2B8BF24B2AB45D6F800C084
:103A7000E7DADCF82C30134A934210D105B0BDE8E8
:103A8000F08F42463B46CDE9004939463046A847CB
:103A9000D6F800C00B4ADCF82C309342EED030460A
:103AA00005B0BDE8F04F18470393A047D6F800C013
:103AB000039B8AE7104621461A4644460346884639
:103AC00091E700BFED33030049360300F1330300F3
:103AD00070B4002461F30F0462F31F44094A0260CA
:103AE0004FF0FF36002240F2011501218460C460CE
:103AF00046610583C1764260026182760277026286
:103B000070BC7047A80104002DE9F04F91B01F462A
:103B1000BDF96840BDF874600396A242BDF96C50CF
:103B2000BDF970A00E92064640F3CD805245104676
:103B300000F31281D6F800E0904ADEF81430934288
:103B400040F0D480544500F0DA8089B2BFB2DDF88D
:103B500038900A91ADB2A1EB0708A5EB070C0FFA5C
:103B600088F01FFA89FBA2B21FFA8AF36D1A0B9034
:103B70000FFA8CF0D145ABEB02010490A3EB0202EB
:103B800028B2A3EB0B031BB2079018BF0BF1FF3059
:103B90000D934B4614BF03B24B4609B212B29C427E
:103BA0000C91069208930F9400F3DD804FF000080B
:103BB000734B0593C14609970BE0039D0095DEF812
:103BC0003C50A8470134089BD6F800E024B2A34239
:103BD00029DB069998FBF1F509990C9B99FBF3F306
:103BE0000D440B440B991BB22DB289440499AB428E
:103BF00022463046884402DC29461D460B4603F126
:103C0000010CDEF824B0059FACEB050C0FFA8CFC20
:103C1000BB4529466346D0D0039B009322466346AA
:103C20003046D847CEE70F9B099FE51A049B03FB5C
:103C300005F50E9BA4EB0308079BA24503FB08F8C0
:103C400039DB4F4B059308970AE0039F0097DEF896
:103C50003C90013424B2C847A245D6F800E02ADBE4
:103C6000069995FBF1FC0A990D9B98FBF3F30B4425
:103C700008998C4407991BB20FFA8CFC884404996C
:103C80006345224630460D4402DC61469C460B46A5
:103C900003F1010BDEF82490059FABEB0C0B0FFA40
:103CA0008BFBB94561465B46CFD0039B0093224610
:103CB0005B463046CDE7DEF82C30304A934240D1A7
:103CC00011B0BDE8F08F544540DD0E9B53452246B0
:103CD0003B464ADDD6F800E054462F4692461D4644
:103CE000264ADEF8143093423FF42CAF049130465C
:103CF00098475445D6F800E004997FF426AF8F42E8
:103D000002DD3B460F461946AF4204DCA942B8BF6C
:103D1000294609B23D46DEF82470194A013197421E
:103D2000039A0092A1EB05031BB208BFDEF83C70BA
:103D3000224629463046B8473368104ADB6A934228
:103D4000BED0304611B0BDE8F04F184722460F46AE
:103D50000E9C0E921946EDE622463B4604460F465F
:103D60000E921946B1E7002563E70E9CCDF838A006
:103D70000F46924629461D46DCE600BFED330300A0
:103D8000153403002DE9F04F97B083460D91016A79
:103D9000BDF880000290BDF8840003909DF8880073
:103DA00006909DF88C0008900592002900F0EB80A9
:103DB0000A7AD1E900109B1ADBB200EBC30230F89B
:103DC0003330079393780493D378109392F90530A6
:103DD0001593069B0A91012B92F9064040F2CB8085
:103DE000BDF954300E9323B21293AE4BDBF800C0F2
:103DF00009931A46DCF81430934240F04D81109B31
:103E0000002B00F08B80BDF8143013930022234464
:103E10000C92149392460B92049B002B76D00B9B32
:103E2000129A089913981A4402FB01021499CB18AC
:103E30001BB211930FFA82F90C9B002509E00135A2
:103E4000049AEDB24FEA4A0AAA425FFA8AFA434656
:103E500058D95A1C5B075FFA82F806D1079A0A996B
:103E6000531C9BB211F802A007931AF0800FE6D002
:103E7000069ABDF83430012A59D00E9A0699DCF81A
:103E80001C60BDF920705419874A04FB0134964226
:103E900024B20BB260D1DCF84060844A96425BD118
:103EA000DCF81430099A934260D1069B2344A34264
:103EB00003931DDD7E4B05930F950BE0029D00954E
:103EC000DCF83860B0470134039BDBF800C024B253
:103ED000A3420CDDDCF82060059DAE4221463B4646
:103EE0004A465846EAD0029B00933B46EAE70F9DBC
:103EF000DCF82C30099A9342A1D058469847DBF859
:103F000000C09CE70C9B1344DBB20C930B9B109AF4
:103F10000133DBB29A420B933FF67EAFDCF82C30D4
:103F2000099A934240F0B38017B0BDE8F08F089A29
:103F3000012AA2D1159ADCF8184013445D4A591998
:103F4000944208BFDCF81040029B119A09B258460F
:103F5000A047DBF800C072E7029A2146CDE9007263
:103F600058464A46B047DBF800C068E758469847CD
:103F7000DBF800C099E7089B012B3FF631AF002327
:103F800012930E9331E7BBF90C200D998A42CBDDD9
:103F9000BBF90E2005988242C6DDBDF81840062206
:103FA00012FB0412002ABFDD089A00EBC202002AAD
:103FB000BADD9BF81C201AB9AF2B84BF0133DBB2EA
:103FC000384ADBF800C009921146DCF814208A4216
:103FD00040F08C81384ABDF834100F9103EB830315
:103FE000D3180D93BDF818300E9300230B910C934A
:103FF0000D9ABDF92C3012F8018B0D92069A079399
:104000009F18082304930026B94618F0010F55D0D5
:104010000699BDF814200129B3B200F0F280089986
:10402000DCF81C4011FB03F313441F4A94421DB2F9
:104030000FFA81FABDF9183040F00681DCF84040F3
:104040001A4A944240F00081DCF81430099A9342F5
:1040500040F02281079C4C4570DA0A960AE0029EE5
:104060000096DCF83870013424B2B8474C45DBF8D0
:1040700000C062DADCF820700D4EB742214653468C
:104080002A465846EBD0029B00935346EBE758462E
:1040900017B0BDE8F04F184758469847DBF800C006
:1040A000ADE600BFED3303007D370300F9340300B4
:1040B00001340300F1330300A0FC0300DDE9023208
:1040C000934241D00699BDF814200129B3B200F003
:1040D000C5800899DCF81C4011FB03F313448F4A98
:1040E00094421DB20FFA81FABDF9183040F0CD802C
:1040F000DCF840408A4A944240F0C780DCF8143033
:10410000099A934240F0CD80079C4C4516DA0A96F6
:10411000DCF82070834EB742214653462A46584663
:1041200040F08680039E00960134DCF8387024B29B
:10413000B8474C45DBF800C0EADB0A9EDCF82C30BF
:10414000099A934240F0A380049B013B013613F08F
:10415000FF0376B24FEA580804937FF456AF0B9BE7
:104160000E9A13440C9A01329BB2052A0C920B93BF
:104170007FF43EAFDDE9023293423FF4CFAE069BBF
:10418000012B00F0A0800E9B0F99DCF81C60634AA5
:1041900003EB83031944089B96424FEAC3050CB214
:1041A000BDF9183040F0A980DCF840605C4A9642C6
:1041B00040F0A380DCF81430099A934240F0A980C3
:1041C000069B23449C421E4670DADFF85881DDF8D6
:1041D00014900AE0039F0097DCF83870013424B291
:1041E000B847B442DBF800C060DADCF8207047451D
:1041F00021462B464A465846ECD0039B00932B465B
:10420000ECE7089901297FF40AAF13440C990F9A3F
:10421000DCF8184051181AB2434B9C4208BFDCF836
:104220001040029B09B25846A047DBF800C08BE75C
:10423000039B00930134534624B2B847A145DBF8F1
:1042400000C03FF765AF78E7029A0799CDE900A271
:1042500058462A46A047DBF800C075E708990129AF
:104260007FF437AF13440C990F9ADCF818405118BB
:104270001AB22D4B9C4208BFDCF81040039B09B2D8
:104280005846A047DBF800C05EE7039ADDE75846D2
:104290009847DBF800C057E758469847DBF800C05E
:1042A000D8E658469847DBF800C02DE7DCF82C30FC
:1042B000099A93423FF435AE58469847DBF80030F0
:1042C000099ADB6A2DE6089B012B7FF45CAF0F99FE
:1042D00000920531059ADCF82040082309B25846BF
:1042E000A047DBF80030099ADB6A1AE604935846C7
:1042F0009047DBF800C0049B6CE6039A2146CDE9A9
:1043000000525846059AB047DBF80030099ADB6A3C
:1043100007E658469847DBF800C051E77D370300B1
:10432000F934030001340300F13303002DE9F041B7
:10433000036A84B00446002B4FD00A2941D00D29CE
:1043400047D01A7A914244D3987A884241D38A1A44
:104350005D68B4F91060207ED2B205EBC205AF787B
:1043600057B3EA7842B394F81BC0B4F9122094F81A
:1043700019E0BCF1000F0FD095F905C0B4F90C801D
:10438000674400FB0767474506DD002626821B7B46
:1043900003FB0E2212B26282B4F816C0CDF80CE014
:1043A000A78A02900B4620463146CDE9007CFFF7F4
:1043B000E9FCB4F91060207E297901FB00602082BD
:1043C00007E0002202821B7B428A417E01FB03231D
:1043D0004382012004B0BDE8F0810A292CD00D29C8
:1043E000F7D0C67EB0F91070B4F91220007E657E59
:1043F00066B10626B4F90CC016FB0076664505DDED
:1044000002EBC50212B2628223821F46E68A03953E
:10441000A58A02900B4620463946CDE90056FFF7A3
:10442000B1FC237E228A03EB430302EB430301200A
:10443000238204B0BDE8F081428A417E038202EB10
:10444000C1034382C5E700BF002908BF01210176EF
:1044500041767047036A39B10BB101627047438AF4
:104460000162063343827047002BF6D0438A016213
:10447000063B4382704700BF30B4BDF90850BDF918
:104480000C40029503949DF810509DF8144004953B
:1044900005949DF81850046806956469A44630BCDC
:1044A000604700BF704700BF03681B69184700BF23
:1044B00030B4BDF90850BDF90C40029503949DF845
:1044C00010509DF81440049505949DF81850046808
:1044D00006956469A44630BC604700BF30B4BDF99E
:1044E0000850BDF90C4002950394BDF91050BDF978
:1044F000144004950594BDF91850BDF91C4006956B
:1045000007949DF820509DF82440089509949DF843
:10451000285004680A95246AA44630BC604700BF4E
:10452000704700BF704700BF704700BF704700BFB3
:10453000704700BF10B50446406AFEF765FEB4F947
:104540000C00002802DB002106F010F8B4F90E0080
:10455000002802DB002106F009F8B4F91000002859
:1045600004DB0021BDE8104006F000B810BD00BF1C
:1045700038B504469DF81000E386002384F8302007
:1045800084F8312084F8210084F8323084F8333004
:1045900084F8343084F83530002940F09B80B4F939
:1045A0000C0000280CDB012106F064F80121B4F9AD
:1045B0000C0005F0DBFF0121B4F90C0006F05AF8FD
:1045C000B4F91000002829DB94F82150002D64D1A3
:1045D000012106F04FF80121B4F9100005F0C6FFE3
:1045E0000121B4F9100006F045F80A2002F0E8FDB8
:1045F0002946B4F9100006F03DF8E08E02F0E0FD27
:10460000B4F91000012106F035F8E08E0A2838BF11
:104610000A2002F0D5FD002384F83430606AFEF7EA
:10462000AFFDB4F9100000280CDB012106F022F8E0
:104630000121B4F9100005F099FF0121B4F910002F
:1046400006F018F8B4F90C0000280CDB012106F084
:1046500011F80121B4F90C0005F088FF0121B4F92B
:104660000C0006F007F8B4F90E0000280CDB01215D
:1046700006F000F80121B4F90E0005F077FF0121E2
:10468000B4F90E0005F0F6FFB4F91200002820DBA3
:104690000021BDE8384005F069BF002105F0EAFFC0
:1046A000B4F91000012105F061FF0021B4F91000F8
:1046B00005F0E0FFE08E02F083FDB4F91000022166
:1046C00005F054FFE08E0A2838BF0A2002F078FD7A
:1046D000A1E738BD0348F1F761FF012384F82030DA
:1046E0005DE700BF5863002030B50268674B55682E
:1046F0009D4283B05CD10446002340F201150A209C
:1047000084F8213084F8343084F835302563E0862D
:10471000002940F0B480B4F90C00002880F28580B4
:10472000B4F9100000282ADB94F82150002D40F045
:104730008A80012105F09EFF0121B4F9100005F0E7
:1047400015FF0121B4F9100005F094FF0A2002F0D2
:1047500037FD2946B4F9100005F08CFFE08E02F019
:104760002FFDB4F91000012105F084FFE08E0A2826
:1047700038BF0A2002F024FD002384F83430606A38
:10478000FEF7FEFCB4F9100000283CDAB4F90C0086
:10479000002826DAB4F90E00002810DAB4F9120065
:1047A00000280ADB002103B0BDE8304005F0DEBE82
:1047B0000023009301220A23A84703B030BD012142
:1047C00005F058FF0121B4F90E0005F0CFFEB4F951
:1047D0000E00012105F04EFFB4F912000028E1DAC5
:1047E000EBE7012105F046FF0121B4F90C0005F0CB
:1047F000BDFEB4F90C00012105F03CFFB4F90E0038
:104800000028CBDBDBE7012105F034FF0121B4F9FF
:10481000100005F0ABFEB4F91000012105F02AFFED
:10482000B4F90C000028B5DBDBE7012105F022FF1D
:10483000B4F90C00012105F099FE0121B4F90C0036
:1048400005F018FF6CE7002105F014FFB4F9100023
:10485000012105F08BFE0021B4F9100005F00AFFDC
:10486000E08E02F0ADFCB4F91000022105F07EFEEE
:10487000E08E0A2838BF0A2002F0A2FC7CE7044838
:10488000F1F78CFE012384F8203044E771450300E2
:1048900058630020F0B4BDF81C50BDF91070BDF88D
:1048A0002040002665F30F06002561F30F0562F333
:1048B0001F45002263F30F021B4B9DF82810036075
:1048C00064F31F469DF82C30466067F31F429DF845
:1048D00030609DF8247041728372BDF91410134B3F
:1048E0000261069A0772C672C560114F8182012665
:1048F00040F20115C26143624FF6FF7200230A21A4
:10490000876280F82D600563C18680F8203080F8CA
:104910002C3080F8343080F83530C0E90E33C28254
:104920000283F0BC704700BF1402040034A30020CF
:1049300000093D0010B483B06C4684E80C00A388E5
:1049400041628262838503B05DF8044B704700BF0B
:1049500038B5B0F91030002B2ADB90F8215004460E
:10496000184635BB012105F085FE0121B4F9100080
:1049700005F0FCFD0121B4F9100005F07BFE0A20D2
:1049800002F01EFC2946B4F9100005F073FEE08E1B
:1049900002F016FCB4F91000012105F06BFEE08E68
:1049A0000A2838BF0A2002F00BFC002384F83430B8
:1049B00038BD002105F05EFEB4F91000012105F0BC
:1049C000D5FD0021B4F9100005F054FEE08E02F090
:1049D000F7FBB4F91000022105F0C8FDE08E0A28AB
:1049E00038BF0A2002F0ECFBDFE700BF2DE9F843F7
:1049F000B0F91230002B6EDB04460120894602F02C
:104A0000DFFB3E4BDB68D9015AD53D4B1A68D20714
:104A100056D55D68AD09394FDFF8F480384E05E0B2
:104A20007368E2699B095B1B934225D8B4F91200B5
:104A300005F03CFEB4F91430984221D1A36B002B51
:104A400057D0E06B9847B4F9120005F02FFEB4F987
:104A50001430984214D1FB68DB0102D53368D807C3
:104A6000DED403F01BFEA0FB0801830A43EA815356
:104A7000E2695B1B9342D9D92249234801F0B2FA7B
:104A8000B9F1000F25D094F8203013B31B4BDB682D
:104A9000D90125D51A4B1A68D20721D55B689B0925
:104AA000494619485D1B01F0D1F91849164801F033
:104AB000CDF929460A221448BDE8F84301F0AABA04
:104AC00003F0ECFD124BA0FB0301850A45EA81557A
:104AD000A1E7BDE8F8831046BDE8F84302F070BBDB
:104AE00003F0DCFD0A4BA0FB0301830A43EA815378
:104AF000D6E7012002F064FBA5E700BFF0ED00E07F
:104B0000001000E0F80104005863002008020400CF
:104B100040420F0038B500F1280304460D46406AB4
:104B200093E80600FEF778FBB4F90E00002802DBDC
:104B3000002105F09FFDB4F90C00002802DB0021E4
:104B400005F098FD2946606AFEF712FCB4F90C00E6
:104B5000002802DB012105F08DFDB4F90E000028CC
:104B600002DB012105F086FD606ABDE83840FEF7F2
:104B7000B7BB00BF38B500F1280304460D46406AB4
:104B800093E80600FEF748FBB4F90C00002802DBAE
:104B9000002105F06FFD2946606AFEF7E9FBB4F9D4
:104BA0000C00002802DB012105F064FD606ABDE80D
:104BB0003840FEF795BB00BF00F1280310B504464E
:104BC00093E80600406AFEF727FBB4F90C000028C2
:104BD00004DB0021BDE8104005F04CBD10BD00BF56
:104BE000406AFEF7C5BB00BF10B50446B0F90C0023
:104BF000002802DB012105F03DFD606ABDE81040A0
:104C0000FEF76EBB90F8323010B504467BB122211E
:104C1000FFF780FF83212046FFF7ACFF20212046CD
:104C2000FFF778FF962205492046FFF7DFFE0023B5
:104C300084F8323084F8333010BD00BF880204009D
:104C400038B590F8323004467BB12221FFF762FF7D
:104C500083212046FFF78EFF20212046FFF75AFFD1
:104C600096220D492046FFF7C1FEB4F91030002509
:104C7000AB4284F8325084F833500CDB10212046CC
:104C8000FFF748FF01212046FFF774FF012384F856
:104C9000355084F8343038BD8802040030B58BB00C
:104CA0004FF0000CBDF9384000940124CDE90744D1
:104CB00001940324CDE9054C064D0295C824CDE9A5
:104CC00003440446FFF7E6FD034B236020460BB088
:104CD00030BD00BF809698009C0204002DE9F84387
:104CE00004460E46112115469946BDF82080FFF76F
:104CF00011FF20460321FFF73DFFC6F3C7072046FB
:104D00004421FFF707FF39462046FFF733FF06EB44
:104D10000903591E48BF991D2046C1F3C701FFF77B
:104D200029FF5FFA85F920464521FFF7F3FEA844E5
:104D300049462D0A2046FFF71DFF08F1FF36294698
:104D40002046FFF717FFF1B22046FFF713FF311E91
:104D5000B8BF08F1FE012046C1F30721FFF70AFFA3
:104D600020464E21FFF7D6FE39462046FFF702FFC8
:104D700020464F21FFF7CEFE49462046FFF7FAFEB8
:104D800029462046BDE8F843FFF7F4BE30B5044697
:104D900083B039B30368264ADD6B95423BD190F866
:104DA0003120DAB9C82300931146FFF797FF204658
:104DB0002221FFF7AFFE2046FC21FFF7DBFE204655
:104DC0002021FFF7A7FE4FF4FA721A492046FFF799
:104DD0000DFE012384F8323003B030BD9B6B164AC0
:104DE00093421FD120462221FFF794FE2046F7214F
:104DF000FFF7C0FE20462021FFF78CFE40F6282258
:104E00000E492046FFF7F2FD002384F8323084F883
:104E1000313003B030BDC823002200931146A847AB
:104E200003B030BD002103B0BDE83040184700BFDB
:104E3000414E0300780204008D4D03006802040017
:104E4000F0B590F8316083B00446BDF92050002ED3
:104E500051D10029BCBF5B181BB221EAE170002AC6
:104E6000B8BFAD1800EB0301B8BF2DB222EAE27261
:104E7000C729C8BFC0F1C80302EB0501C8BF1BB2F8
:104E8000C729C4BFC2F1C8052DB2002B31DD002DEA
:104E90002FDD00F007010B4499B20EB2774207F004
:104EA000070706F0070358BF7B42002B02DD0831DD
:104EB000CB1A1EB2ADB24FF6F871B3B292B2014046
:104EC00000952046FFF70AFF22212046FFF722FE29
:104ED000FC212046FFF74EFE20212046FFF71AFE58
:104EE0004FF4FA7215492046FFF780FD012384F83C
:104EF000323003B0F0BD0368114A9B6B934217D167
:104F00002221FFF707FE2046F721FFF733FE204658
:104F10002021FFF7FFFD40F628220A492046FFF72F
:104F200065FD002384F8323084F8313003B0F0BDE1
:104F3000002103B0BDE8F040184700BF780204002C
:104F40008D4D03006802040090F8343010B504461B
:104F50000BB1FFF7FDFC0A2002F032F912212046C6
:104F6000FFF7D8FD0A2002F02BF901212046FFF7B8
:104F7000D1FDC7212046FFF7FDFD00212046FFF7A8
:104F8000F9FD00212046FFF7F5FD3C212046FFF703
:104F9000C1FD05212046FFF7EDFD18212046FFF752
:104FA000B9FD80212046FFF7E5FD11212046FFF7DE
:104FB000B1FD03212046FFF7DDFD44212046FFF728
:104FC000A9FD00212046FFF7D5FD18212046FFF757
:104FD000D1FD45212046FFF79DFD00212046FFF72A
:104FE000C9FD00212046FFF7C5FDC7212046FFF778
:104FF000C1FD00212046FFF7BDFD4E212046FFF7F1
:1050000089FD00212046FFF7B5FD4F212046FFF71F
:1050100081FD00212046FFF7ADFD00212046FFF76E
:10502000A9FD012384F8353010BD00BF90F835305C
:1050300070B505460C461646002B4FD01121284668
:10504000FFF768FD03212846FFF794FD4421284619
:10505000FFF760FD00212846FFF78CFD1821284648
:10506000FFF788FD45212846FFF754FD002128461B
:10507000FFF780FD00212846FFF77CFDC721284669
:10508000FFF778FD00212846FFF774FD4E212846E2
:10509000FFF740FD00212846FFF76CFD4F21284611
:1050A000FFF738FD00212846FFF764FD0021284660
:1050B000FFF760FD21462846FFF72CFD2846FFF745
:1050C0007BFD41F2883431462846FFF789FD013CDB
:1050D000F9D12846BDE87040FFF786BDFFF734FFE1
:1050E000ACE700BF2DE9F04F8BB01E469DF85C3059
:1050F000059305469DF86030BDF954B0BDF950A048
:10510000BDF95840069101200493174602F058F863
:10511000734203F0070306F0070858BFC3F1000805
:105120001BF1070948BF0BF10E09A6EB0806C9F3EE
:10513000CF091FFA86F84FEAC9031BB20FFA88F6A7
:10514000F11826EAE676C729B6B2C8BFC8F1C80387
:10515000A6EB0808C8BF1BB21FFA88F80AEB0401C7
:10516000A3EB0803C7291FFA8AF09BB2C8BFC0F19E
:10517000C8010FFA83FBCCBF09B22146BBF1000F77
:105180006DDD2AEAEA7292B2101A1FFA80FAA1EBD8
:105190000A0107928AB2089212B2002A03925EDDD7
:1051A00095F83520002A00F0C78095F83020002AB5
:1051B00040F08C80089A00923146079A2846FFF703
:1051C0008DFD06992846FFF7A5FC0FFA88F82846BA
:1051D000FFF7F2FCB8F1000F0FFA8AF304F1FF3683
:1051E000B8BF08F1070813FB09F4C8F3CF08F61A93
:1051F00016FB0986A0441FFA88F44FEAEB0BB6B2FF
:105200004FF00008BBF1000F14D0049B53BB059B6B
:1052100004EB0B0A002B38D11FFA8AF306949A4646
:1052200022B22846B95CFFF7DBFC631C9CB25445F4
:10523000F6D1069C039B08F101080FFA88F8A6EB4B
:1052400009064C444345B6B2A4B2DBD12846FFF769
:10525000CBFC01200BB0BDE8F04F01F0B1BF0BB0AB
:10526000BDE8F08F059B06EB0B0AF3B91FFA8AF332
:1052700006949A46344622B22846B95CFFF7B0FC41
:10528000631C9CB25445F6D1D3E71FFA8AF3069407
:105290009A4622B22846B95CC943C9B2FFF7A0FCBE
:1052A000631C9CB2A245F4D1C3E71FFA8AF30694AB
:1052B0009A46344622B22846B95CC943C9B2FFF7C0
:1052C0008FFC631C9CB2A245F4D1B2E72968234845
:1052D0000A69824236D1CA68214909938A4232D189
:1052E000FF2226212846FFF7A1FEFF22242128467F
:1052F000FFF79CFE2A681B49926B099B8A4227D1C3
:1053000022212846FFF706FCF7212846FFF732FC4A
:1053100020212846FFF7FEFB40F6282212492846A6
:10532000FFF764FB0022099B85F8322085F83120C5
:10533000002285F830203DE728460993FFF704FE58
:10534000099B32E70993FF2128469047099B31E7E3
:105350000993002128469047099BE9E7A15B0300D8
:10536000ED5903008D4D03006802040030B587B08D
:10537000BDF92850BDF92C40009301959DF83030BF
:105380009DF8345002949DF83840039304951346D9
:1053900005940A462421FFF7A5FE07B030BD00BFE3
:1053A0002DE9F04F89B00C46BDF94870BDF94C802D
:1053B0009DF850909DF854A09DF858B00093154664
:1053C0001E46CDE901781346CDE9039A0A46CDF889
:1053D00014B026210790FFF785FECDE904ABCDE997
:1053E0000289CDE900672B46224607982421FFF762
:1053F00079FE09B0BDE8F08F30B587B0BDF928500F
:10540000BDF92C40009301959DF830309DF8345043
:1054100002949DF8384003930495134605940A4678
:105420002621FFF75FFE07B030BD00BF2DE9F04F2A
:105430005C428DB004F0070403F0070658BF6642D3
:105440009E1B9DF87440BDF958300493BDF95CA0D3
:1054500007949DF87840BDF96C50BDF960700694D2
:105460000FFA86FB049CBDF970E0BDF96430BDF90C
:1054700068C0AAEB0B063C1BB542A8BF3546744575
:105480000994A8BF74465F422DB207F0070703F0E6
:10549000070658BF7E42EF1D48BF05F10E079B1B54
:1054A0009BB227F007073FB21EB2F51926EAE6764F
:1054B000C72DB6B2C8BFC3F1C807A6EB030324B219
:1054C000C8BF3FB21FFA83F90CEB040EA7EB090724
:1054D000BEF1C70F1FFA8CF5BFB2C8BFC5F1C80433
:1054E0000FFA87F8C8BF24B2B8F1000F7BDD2CEAB1
:1054F000EC7C1FFA8CF35D1B0393ABB2E41A0893A8
:10550000A3B21CB2002C05946DDD154690F8352031
:105510000A910446002A00F0E48094F83020002A22
:1055200040F0A980039A009331463B462046FFF79E
:10553000D5FB0A992046FFF7EDFA4FEAE80320462B
:105540000FFA89F90393FFF737FBBBF10002B8BFED
:105550000732099BB9F1000F4FEAE207B8BF09F122
:105560000709BDF92020089207EBE907013B1AF172
:10557000070948BF0AF10E09BFB29B1A0993C9F384
:10558000CF090026BA460399F9B10498089A024453
:105590000998B3B21A44C31A13FB09A31FFA83FB79
:1055A000069B12FB09A297B203BB079B002B35D1C8
:1055B00007EB01081FFA88F83BB201372046E95C87
:1055C000BFB2FFF70DFBB845F6D10136059B36B2E9
:1055D000B342D8D12046FFF707FB01200DB0BDE84C
:1055E000F04F01F0EDBD0DB0BDE8F08F079B53BB50
:1055F0000BEB01081FFA88F80FFA8BF30BF1010B84
:105600002046E95C1FFA8BFBFFF7EAFAC345F3D1AA
:105610000136059B36B2B342B5D1DBE707EB010893
:105620001FFA88F83BB20137E95CC9432046C9B28A
:10563000BFB2FFF7D5FAB845F4D10136059B36B2B3
:10564000B342A0D1C6E70BEB01081FFA88F80FFAA6
:105650008BF30BF1010BE95CC9432046C9B21FFA79
:105660008BFBFFF7BDFAC345F1D10136059B36B27E
:10567000B34288D1AEE7216822480A69824235D117
:10568000CA6821490B938A4231D1FF222621204644
:10569000FFF7CCFCFF2224212046FFF7C7FC22683D
:1056A0001A49926B0B9B8A4226D122212046FFF792
:1056B00031FAF7212046FFF75DFA20212046FFF757
:1056C00029FA40F6282212492046FFF78FF90022D6
:1056D0000B9B84F8322084F83120002284F830209B
:1056E00020E70B93FFF730FC0B9B16E70B93FF2192
:1056F000204690470B9B15E70B93002120469047CF
:105700000B9BEAE7A15B0300ED5903008D4D0300FD
:10571000680204002DE9F04F91B08246BDF9747023
:105720009DF884C0BDF96840BDF970600C97CDF854
:1057300038C09DF880709DF888C00B9601200D97A9
:10574000BDF96C50BDF97860BDF97C80CDF83CC0E6
:105750008B461746994601F033FD002C24DB002DC3
:1057600022DB002E20DBB8F1000F1DDB002F1BDB3E
:10577000A74219DAB9F1000F16DBA94514DA0D9A20
:1057800005960B9E0F980E990C9B09900891CDE9F8
:1057900006820493CDE90256CDE900943B465A4671
:1057A00050462421FFF742FE11B0BDE8F08F00BF44
:1057B0002DE9F04F91B08246BDF974709DF884C018
:1057C000BDF96840BDF970600C97CDF838C09DF800
:1057D00080709DF888C00B9601200D97BDF96C5024
:1057E000BDF97860BDF97C80CDF83CC08B4617468A
:1057F000994601F0E5FC002C3FDB002D3DDB002E3F
:105800003BDBB8F1000F38DB002F36DBA74234DA80
:10581000B9F1000F31DBA9452FDA0F9B0D990993E0
:105820000B9B0E980C9A0890CDE906810492CDE965
:1058300002535A463B46262150460596CDE9009430
:10584000FFF7F4FD012001F0BBFC0F9B0D990993BC
:105850000B9B0E980C9A0890CDE906810492CDE935
:1058600002530596CDE900943B465A465046242102
:10587000FFF7DCFD11B0BDE8F08F012011B0BDE8ED
:10588000F04F01F09DBC00BF90F8353070B5054673
:105890000E46002B00F0A28011212846FFF73AF9AE
:1058A00003212846FFF766F944212846FFF732F91D
:1058B00000212846FFF75EF918212846FFF75AF91C
:1058C00045212846FFF726F900212846FFF752F91F
:1058D00000212846FFF74EF9C7212846FFF74AF96D
:1058E00000212846FFF746F94E212846FFF712F916
:1058F00000212846FFF73EF94F212846FFF70AF915
:1059000000212846FFF736F900212846FFF732F933
:1059100024212846FFF7FEF82846FFF74DF941F20B
:10592000883431462846FFF75BF9013CF9D1284617
:10593000FFF75AF995F83530002B52D0112128463F
:10594000FFF7E8F803212846FFF714F94421284619
:10595000FFF7E0F800212846FFF70CF91821284648
:10596000FFF708F945212846FFF7D4F8002128461B
:10597000FFF700F900212846FFF7FCF8C721284669
:10598000FFF7F8F800212846FFF7F4F84E212846E3
:10599000FFF7C0F800212846FFF7ECF84F21284612
:1059A000FFF7B8F800212846FFF7E4F80021284661
:1059B000FFF7E0F826212846FFF7ACF82846FFF766
:1059C000FBF841F2883431462846FFF709F9013CDB
:1059D000F9D12846BDE87040FFF706B9FFF7B4FAE1
:1059E0005AE72846FFF7B0FAA8E700BF90F835302D
:1059F00070B505460E46002B00F0BF8011212846E9
:105A0000FFF788F803212846FFF7B4F84421284619
:105A1000FFF780F800212846FFF7ACF81821284648
:105A2000FFF7A8F845212846FFF774F8002128461B
:105A3000FFF7A0F800212846FFF79CF8C721284669
:105A4000FFF798F800212846FFF794F84E212846E2
:105A5000FFF760F800212846FFF78CF84F21284611
:105A6000FFF758F800212846FFF784F80021284660
:105A7000FFF780F826212846FFF74CF82846FFF765
:105A80009BF841F2883431462846FFF7A9F8013CDB
:105A9000F9D12846FFF7A8F895F83530002B6FD0DC
:105AA00011212846FFF736F803212846FFF762F850
:105AB00044212846FFF72EF800212846FFF75AF820
:105AC00018212846FFF756F845212846FFF722F807
:105AD00000212846FFF74EF800212846FFF74AF834
:105AE000C7212846FFF746F800212846FFF742F86D
:105AF0004E212846FFF70EF800212846FFF73AF816
:105B00004F212846FFF706F800212846FFF732F814
:105B100000212846FFF72EF824212846FEF7FAFF39
:105B20002846FFF749F841F2883431462846FFF706
:105B300057F8013CF9D12846FFF756F82B68164A6A
:105B40009B6B934220D122212846FEF7E3FFF721E9
:105B50002846FFF70FF820212846FEF7DBFF40F626
:105B600028220E492846FEF741FF002385F83240DF
:105B700085F8314085F8303070BDFFF7E5F93DE735
:105B80002846FFF7E1F98BE721462846984700238E
:105B900085F8303070BD00BF8D4D030068020400F1
:105BA00090F8303070B504460E46002B00F0CC80E3
:105BB0000368944ADB68934240F01A8190F83530CC
:105BC0000BB9FFF7C1F911212046FEF7A3FF03210E
:105BD0002046FEF7CFFF44212046FEF79BFF002121
:105BE0002046FEF7C7FF18212046FEF7C3FF4521D8
:105BF0002046FEF78FFF00212046FEF7BBFF002165
:105C00002046FEF7B7FFC7212046FEF7B3FF00216D
:105C10002046FEF7AFFF4E212046FEF77BFF002116
:105C20002046FEF7A7FF4F212046FEF773FF002115
:105C30002046FEF79FFF00212046FEF79BFF26210E
:105C40002046FEF767FF2046FEF7B6FF41F2883593
:105C500031462046FEF7C4FF013DF9D12046FEF74C
:105C6000C3FF94F8353013B92046FFF76DF91121C1
:105C70002046FEF74FFF03212046FEF77BFF44211D
:105C80002046FEF747FF00212046FEF773FF18214C
:105C90002046FEF76FFF45212046FEF73BFF00211F
:105CA0002046FEF767FF00212046FEF763FFC7216D
:105CB0002046FEF75FFF00212046FEF75BFF4E21E6
:105CC0002046FEF727FF00212046FEF753FF4F2115
:105CD0002046FEF71FFF00212046FEF74BFF002164
:105CE0002046FEF747FF24212046FEF713FF2046FB
:105CF000FEF762FF41F2883531462046FEF770FF1D
:105D0000013DF9D12046FEF76FFF23683E4A9B6BA9
:105D1000934273D122212046FEF7FCFEF721204654
:105D2000FEF728FF20212046FEF7F4FE40F6282249
:105D300036492046FEF75AFE84F8325084F8315036
:105D4000002384F8303070BD90F83530002B52D0ED
:105D500011212046FEF7DEFE03212046FEF70AFF52
:105D600044212046FEF7D6FE00212046FEF702FF22
:105D700018212046FEF7FEFE45212046FEF7CAFE0A
:105D800000212046FEF7F6FE00212046FEF7F2FE37
:105D9000C7212046FEF7EEFE00212046FEF7EAFE70
:105DA0004E212046FEF7B6FE00212046FEF7E2FE19
:105DB0004F212046FEF7AEFE00212046FEF7DAFE18
:105DC00000212046FEF7D6FE24212046FEF7A2FE43
:105DD0002046FEF7F1FE41F2883531462046FEF7B7
:105DE000FFFE013DF9D12046BDE87040FEF7FCBE44
:105DF000BDE870401847FFF7A7F8A9E729462046F5
:105E000098479DE7ED5903008D4D0300680204009B
:105E1000704700BFF8B5174682B105460E4600240C
:105E200002E00134A74207D02B6816F8011B1B685B
:105E3000284698470028F4D12046F8BD1446FBE7D1
:105E400003688A685B680968184700BF69B170B564
:105E5000054608460C4606F08AF92B68024621469C
:105E600028465B68BDE8704018470846704700BF89
:105E700003681B68184700BFF0B50F468BB0056874
:105E8000002A3DD00A2A04461ED100293DDB0AAE75
:105E900000232F4806F8043D0B46A0FB0312D2084E
:105EA00002EB8201A3EB4103303306F8013D1346B8
:105EB000002AF2D1304606F05AF96B6802463146A4
:105EC000204698470BB0F0BD0AAED2B20023022A9A
:105ED00006F8043D2CBF10460A200A46B2FBF0F13A
:105EE00000FB1127FBB2092F03F130078ABF3733BC
:105EF000FBB2DBB20A4606F8013D0029EED1D9E734
:105F00002B68C9B298470BB0F0BD2B682D2198477C
:105F10000AAD002306460E4805F8043D7B42A0FB6F
:105F20000321C90801EB8102A3EB4203303305F8DA
:105F3000013D0B460029F2D1284606F018F92368E6
:105F4000024629465B682046984730440BB0F0BDB6
:105F5000CDCCCCCCF0B506688BB022B93368C9B2D1
:105F600098470BB0F0BD0AACD2B20023022A04F865
:105F7000043D05462CBF10460A20B1FBF0F200FBA1
:105F80001217FBB2092F03F130078ABF3733FBB278
:105F9000DBB2114604F8013D002AEED1204606F09E
:105FA000E6F8736802462146284698470BB0F0BDD4
:105FB000036802495B680222184700BF4C030400D3
:105FC00038B503688A685B6809680446984723689F
:105FD00003495B680546022220469847284438BD9D
:105FE0004C030400036870B505460C465E6849B171
:105FF000084606F0BCF8214602462846B0472B6802
:106000005E680446284602220149B047204470BD1C
:106010004C030400F0B505468BB0066862B93368DE
:10602000C9B2984704462B6815495B682846022286
:10603000984720440BB0F0BD0AACD2B20023022A2C
:1060400004F8043D2CBF10460A20B1FBF0F200FB1F
:106050001217FBB2092F03F130078ABF3733FBB2A7
:10606000DBB2114604F8013D002AEED1204606F0CD
:106070007EF8214602467368284698470446D2E7D0
:106080004C03040008B54FF40062002105F0ACF9A0
:106090000022C0F80028C0F8042808BDD0F8002865
:1060A00010B4531CD0F80448C3F30A039C4218BF31
:1060B00081545DF8044B18BFC0F80038704700BF2A
:1060C0000023C0F80038C0F804387047D0F804380E
:1060D000D0F80028934207D05A1CC35CC2F30A02CE
:1060E000C0F80428184670474FF0FF30704700BFD3
:1060F000D0F80038D0F80408181A48BF00F500603E
:10610000704700BFD0F80438D0F80028934214BF7D
:10611000C05C4FF0FF307047D0F80038D0F804086A
:106120000133C3F30A03181AB0FA80F0400970472C
:1061300041F22303C05C704770B541F21D03044671
:10614000C356002B0DDB5A0920320121234803F0EE
:106150001F0301FA03F340F82230BFF34F8FBFF360
:106160006F8F23694FF48872C3F8082322690023D4
:10617000C2F844312269C2F85831226901235360C0
:106180002269D36001E004F041F82369D3F8582173
:10619000002AF8D0D3F84421002AF4D00025C3F80F
:1061A000005522694FF0FF33C2F80C352269C2F85E
:1061B00014352269C2F80835226941F22406C2F872
:1061C000103504F11400FFF77BFFA05901F0EEFE3B
:1061D00041F22303A551E55470BD00BF00E100E08A
:1061E0001430FFF785BF00BF1430FFF78BBF00BF2F
:1061F0001430FFF76BBF00BF08B541F22403C0584D
:1062000001F0CAFE002814BF4FF40060002008BD52
:1062100041F22303C35C03B9704770B541F2240512
:1062200004464FF0FF31405901F00AFD0023605948
:106230001A461946BDE8704001F0BAB810B50368B7
:10624000104A5B6882B093428DF8071014D141F276
:10625000240304464FF0FF31C05801F0F1FC2269DD
:106260009DF8073084F81D380123C2F848352269AB
:106270001846936002B010BD01220DF10701984746
:1062800002B010BD896203002DE9F84F4AB300F552
:10629000815916468846074609F1040900F61D0B88
:1062A00000254FF0010A741BB4F5006F28BF4FF4AE
:1062B00000644FF0FF31D9F8000001F0C1FC08EB99
:1062C00005012246584605F06BF83B69C3F848457E
:1062D0003B692544AE42C3F808A0E4D82846BDE88F
:1062E000F88F15462846BDE8F88F00BF70B50468E2
:1062F000824A246A944240F0BD8041F22302034660
:10630000825C002A40F0B58041F21F000D461969F9
:10631000185CC1F80C0541F21E001969185CC1F83F
:10632000140541F22201595C012900F0B28019697B
:10633000C1F86C25B5F5966F45D9B5F5166F40F2E5
:106340009E80B5F5965F40F2B480B5F5165F40F2D9
:10635000B280B5F5615F40F2B080B5F5964F40F27E
:10636000AE80B5F5E14F40F2AC8047F6122295427F
:1063700040F2A980B5F5164F40F2A8804DF6C02234
:10638000954240F2A680B5F5614F40F2A580B5F583
:10639000963F40F2A480B5F5E13F40F2A580B5F507
:1063A000613F40F29E80564A954240F2A380B5F587
:1063B000E12F40F29C80B5F5612F8CBF4FF08052E9
:1063C0004FF0706201E04FF49E221969C1F8242554
:1063D0001A690821C2F800151A6903F61D01C2F8EE
:1063E00044151A690021C2F820111A6903F61C012C
:1063F000C2F834151A690121C2F838151A691160FA
:106400001A694FF4887041F21D04C2F804031A5748
:10641000002A37DB5509603502F01F02394801FABE
:1064200002F240F825201A57002A2BDB0244602193
:1064300082F8001341F21D029A56002A07DB314808
:1064400002F01F0401215209A14040F8221003224A
:10645000002101201C4600F069FF41F224020023C4
:10646000A05019461A4600F0A3FF41F2230301226F
:10647000E25470BD23460022BDE8704018474FF437
:106480001D22A2E7204902F00F02114460220A7681
:10649000D0E703F5815218691278C0F8102541F24F
:1064A00021001A69185CC2F808051A69C2F86C154F
:1064B00040E7164A89E7164A87E7164A85E7164AEB
:1064C00083E7164A81E74FF400027EE74FF41D028E
:1064D0007BE74FF4650278E74FF46B0275E7104AEB
:1064E00073E74FF06C7270E74FF0EB726DE74FF0AF
:1064F000E8626AE74FF0806267E700BF2565030046
:1065000090D0030000E100E0FCEC00E000B01300DC
:106510000050270000F03A0000A04E0000C07500B7
:1065200000903A0138B541F22303C35C002B40F0E0
:10653000B48041F21F040369045DC3F80C4541F2C5
:106540001E040369045DC3F8144541F22203C35CD1
:10655000012B00F0A3800369C3F86C25B1F5966F99
:1065600045D9B1F5166F40F2AB80B1F5965F40F2B8
:10657000B180B1F5165F40F2AF80B1F5615F40F2D6
:10658000AD80B1F5964F40F2AB80B1F5E14F40F2EE
:10659000A98047F61223994240F2A680B1F5164F22
:1065A00040F2A5804DF6C023994240F2A380B1F598
:1065B000614F40F2A280B1F5963F40F2A180B1F563
:1065C000E13F40F29F80B1F5613F40F29E80534B26
:1065D000994240F2A080B1F5E12F40F29980B1F5E7
:1065E000612F8CBF4FF080534FF0706301E04FF488
:1065F0009E230269C2F8243503690822C3F80025E6
:10660000036900F61D02C3F8442503690022C3F89C
:106610002021036900F61C02C3F834250369012216
:10662000C3F8382503691A6003694FF4887141F291
:106630001D04C3F804130357002B44DB5D096035C8
:1066400003F01F03364902FA03F341F825300357DC
:10665000002B38DB0B44602283F8002341F21D033A
:10666000C356002B07DB2E4903F01F0401225B09F0
:10667000A24041F82320044603220021012000F01B
:1066800055FE41F224020023A05019461A4600F09C
:106690008FFE41F223030122E25438BD00F58153FD
:1066A00004691B78C4F8103541F221040369045DC4
:1066B000C3F80845036942F00102C3F86C254DE7B1
:1066C0004FF41D2395E7174A03F00F031A44602384
:1066D0001376C3E7144B8CE7144B8AE7144B88E717
:1066E000144B86E7144B84E74FF4000381E74FF423
:1066F0001D037EE74FF465037BE74FF46B0378E7F8
:106700000E4B76E74FF0EB7373E74FF06C7370E767
:106710004FF0E8636DE74FF080636AE790D00300C5
:1067200000E100E0FCEC00E000B0130000502700A6
:1067300000F03A0000A04E0000C0750000903A0141
:10674000074B10B441F21E0453F82110015541F2D9
:106750001F0153F8223043545DF8044B704700BFCB
:10676000F002040010B5124C2369D3F8102142B195
:106770000022C3F81021D3F83C2582B901221A6007
:106780002369D3F8202102B910BD002141F224026F
:10679000C3F82011A058BDE8104001F093B894F858
:1067A0001C1804F11400FFF779FC2369E6E700BF29
:1067B0005CA3002038B5124C124A204600254FF445
:1067C0007A7340F8142BC4E90153FFF75BFC41F2E4
:1067D0001D010D4B0D4A226102206054D3E90013C4
:1067E00041F21E0241F21F00A154235441F2220142
:1067F00041F2240241F223036554A550E55438BD0B
:106800005CA3002058030400F002040000200040B4
:1068100008B5094B1BB10948EFF76AFD48B9084BA9
:106820001BB10848FFF764FC00B908BDAFF3008056
:1068300008BDAFF30080F2E70000000058630020BD
:106840000000000070A300202DE9F0431B4B1C4FFB
:10685000D3F80463DFF86C80DFF86C9085B0002417
:106860000123A200A34002F18045334205F5C04553
:106870000FD0D5F8003163B1E357013306D052F899
:1068800008201AB114F809307BB990470023C5F8E5
:1068900000310134082CE3D1BFF34F8F00BF00BF9C
:1068A00000BF00BF05B0BDE8F08304AB002143F892
:1068B000041D0846009103F083FDE7E700600040F7
:1068C000ACB300208CB3002084B30020F8B50025C1
:1068D0000446C0E90055856091B108460E4605F0B2
:1068E00046FC0746411C284600F0B4FC50B1A368A2
:1068F000C4E9000703B90370A760314605F02FFC17
:106900002046F8BD206808B100F08EFC002323600B
:10691000C4E901332046F8BD70B504468C424FF0FF
:106920000000C4E90000A06001D00D680DB9204648
:1069300070BD8E68711C00F08DFC50B1A368C4E975
:10694000000603B90370A660294605F008FC20463E
:1069500070BD206808B100F067FC00232360C4E923
:106960000133204670BD00BF70B5002582B0C0E97C
:1069700000558560044601A88DF804108DF8055077
:1069800005F0F5FB0646411C284600F063FC58B1B3
:10699000A368C4E9000603B90370A66001A905F065
:1069A000DEFB204602B070BD206808B100F03CFC60
:1069B000002320462360C4E9013302B070BD00BF4C
:1069C00030B5044685B000230846C4E90033A3600F
:1069D00001A902F08BFE01A805F0C9FB054620685D
:1069E00010B163689D4209D9691C00F033FC60B1A5
:1069F000A368C4E900050BB903702068A56001A96C
:106A000005F0ADFB204605B030BD206808B100F0B0
:106A10000BFC002320462360C4E9013305B030BDE0
:106A200030B504468BB000230846C4E90033A360A8
:106A300001A902F013FE01A805F099FB05462068A4
:106A400010B163689D4209D9691C00F003FC60B174
:106A5000A368C4E900050BB903702068A56001A90B
:106A600005F07DFB20460BB030BD206808B100F07A
:106A7000DBFB002320462360C4E901330BB030BDAB
:106A800030B504468BB000230846C4E90033A36048
:106A900001A902F02BFE01A805F069FB054620685C
:106AA00010B163689D4209D9691C00F0D3FB60B145
:106AB000A368C4E900050BB903702068A56001A9AB
:106AC00005F04DFB20460BB030BD206808B100F04A
:106AD000ABFB002320462360C4E901330BB030BD7B
:106AE00030B504468BB000230846C4E90033A360E8
:106AF00001A902F02FFE01A805F039FB0546206828
:106B000010B163689D4209D9691C00F0A3FB60B114
:106B1000A368C4E900050BB903702068A56001A94A
:106B200005F01DFB20460BB030BD206808B100F019
:106B30007BFB002320462360C4E901330BB030BD4A
:106B400010B50446006800F06FFB204610BD00BF82
:106B5000884270B5044609D00D68006845B908B18F
:106B600000F062FB0023C4E901332360204670BDBE
:106B70008E6810B163689E4209D9711C00F06AFBEF
:106B800058B1A368C4E900060BB903702068A66079
:106B9000294605F0E4FA204670BD20680028DFD1C0
:106BA000E0E700BF884238B5044612D000688B6821
:106BB0000D4628B162689A420DD200F035FBAB68F1
:106BC000D5E9002122600022C4E90113C5E90022B1
:106BD000AA60204638BD096805F0C1FAAB68A36019
:106BE0000023AB60204638BDF8B50446056849B9B6
:106BF00015B1284600F018FB00232360C4E90133D7
:106C00002046F8BD08460E4605F0B1FA074615B114
:106C1000636898420BD92846791C00F01BFB054697
:106C200060B1A368C4E900070BB903702568A760C9
:106C30003146284605F093FA2046F8BD2068002822
:106C4000DAD000F0F1FAD7E770B50E68EEB18D68D2
:106C50000DB9012070BD826804460068154410B16A
:106C600063689D420AD9691C00F0F4FA68B1A26811
:106C7000C4E9000512B902702068A26831461044C8
:106C800005F06DFAA560012070BD002070BD00BF49
:106C900029B370B5054608460C4605F068FA08B9F0
:106CA000012070BDAA682B68861813B169688E42EE
:106CB0000CD91846711C00F0CDFA034668B1AA68D9
:106CC000C5E9000612B902702B68AA682146981817
:106CD00005F045FAAE60012070BD002070BD0020B7
:106CE000704700BF30B5836883B0044600688DF8F4
:106CF000041000225D1C8DF8052010B162689542D9
:106D00000AD9991C00F0A6FA60B1A368C4E900058D
:106D100013B903702068A368184401A905F01FFA8D
:106D2000A560012003B030BD70B50E6804461EB1E9
:106D30008D685DB9204670BD206808B100F074FA16
:106D400000232360C4E90133204670BD82680068D7
:106D5000154410B163689D420BD9691C00F07AFAA2
:106D60000028E9D0A268C4E9000512B902702068C1
:106D7000A2683146104405F0F2F9A560DAE700BFD9
:106D800070B5044631B108460D4605F0F0F958B922
:106D9000204670BD206808B100F046FA0023236049
:106DA000C4E90133204670BDA2682368861813B178
:106DB00061688E420DD91846711C00F04BFA0346EB
:106DC0000028E7D0A268C4E9000612B9027023685F
:106DD000A2682946981805F0C2F9A660D8E700BF56
:106DE00008B58A688368934201D0002008BD006816
:106DF000096848B129B105F0A8F9B0FA80F0400956
:106E000008BD1BB10078F8E701B10BB9012008BD3E
:106E100008784042F1E700BF826808B52AB989B115
:106E20000878B0FA80F0400908BD006829B105F083
:106E30008CF9B0FA80F0400908BD0078B0FA80F013
:106E4000400908BD012008BD08B58A6883689342DF
:106E500009D3006830B1096839B105F090F9B0FA8A
:106E600080F0400908BD002008BD084608BD00BFED
:106E700083688B4203D9006808B108447047024810
:106E800000230370704700BFB4B3002083688B42B7
:106E900003D9006810B1405C70470020704700BF04
:106EA00083683BB110B50468204605F041F920B174
:106EB000001B10BD4FF0FF3070474FF0FF3010BD8A
:106EC0008368934207D910B50468A01805F030F91B
:106ED00020B1001B10BD4FF0FF3070474FF0FF3066
:106EE00010BD00BF836843B110B50468096820462F
:106EF00005F06BF920B1001B10BD4FF0FF3070475B
:106F00004FF0FF3010BD00BFF8B585686DB1036864
:106F100000225F5D5A5506680446304605F041F987
:106F2000775510B12368C01AF8BD4FF0FF30F8BD97
:106F30009A422DE9F84317461E460446884601D872
:106F400016461F460025C4E90055A56028460121C4
:106F500000F080F908B3C4E90005A5600570D8F811
:106F60000820B24216D9974228BF1746D8F80030F9
:106F70000022DD5DDA55D8F80000861916D12068A8
:106F800008B100F051F90023C4E901332360D8F8B7
:106F90000030DD552046BDE8F883206808B100F0D8
:106FA00043F900232360C4E90133D8E7304605F0F4
:106FB000DEF88146206810B1636899450BD909F164
:106FC000010100F047F90028D9D0A368C4E90009FD
:106FD0000BB903702068C4F80890314605F0BFF87B
:106FE000D5E700BF8368994203D20368816000221D
:106FF0005A547047002A77D083688B4274D92DE9A0
:10700000F0415C1AA24228BF2246D0F800C09B1A69
:107010008C185F1A83600CEB04060CEB01055ED044
:1070200001F1040E7244A645C8BF8A4261DC0B2FF1
:107030005FD9734213F0030364D0B6462A461EF8A4
:10704000018B02F8018B012B4FD072786A70022BF2
:1070500005F1020206F1020E47D0B278AA7003369B
:1070600003354FF0030EE2181944A7EB03086244FE
:10707000614400234FEA980C013352F8044B41F865
:10708000044B9C45F8D828F0030398459E4405EB33
:10709000030206EB03011FD0F45CEC540EF1010374
:1070A0009F4219D94B7853700EF102039F4213D9B6
:1070B0008B7893700EF103039F420DD9CB78D37078
:1070C0000EF104039F4207D90EF1050E0B791371DF
:1070D000774501D94B795371D0F800C083680022FD
:1070E0000CF80320BDE8F0817047764615469E46B1
:1070F000B9E7013E634416F8012F05F8012B9D42C4
:10710000F9D1E9E79E46AEE710B5046844B12078AE
:1071100030B105F00DF9207014F8010F0028F8D1F6
:1071200010BD00BF10B5046844B1207830B105F03F
:107130000CF9207014F8010F0028F8D110BD00BF21
:107140002DE9F0410768F7B18468E4B106463D4691
:1071500000E04546287805F1010804F0E5F800282C
:10716000F7D1013C3C4402E0A54205D8013C20781F
:1071700004F0DAF80028F7D1621C521BAF42B2606B
:1071800003D30023BB54BDE8F0813846294604F000
:1071900007F93768B268F4E7006808B104F068B826
:1071A000704700BFFEE700BF08B501F077FA4FF463
:1071B0007A72A0FB0223900A40EA835008BD00BF08
:1071C000014638B54FF47A7200238002890D03F02E
:1071D000B1FE054601F062FA0446EFF779F801F0D6
:1071E0005DFA001B854200D838BD281ABDE838403A
:1071F00001F078BB10B5044601F0CEFD022804D0A2
:107200002046BDE8104004F0A9B801F03FFA20463E
:1072100004F0A4F8044601F0DFFA0CB1204610BDDA
:1072200003F006F8FAE700BF10B5044601F0B4FD1C
:1072300002280AD144B101F029FA204604F096F858
:10724000BDE8104001F0C8BA10BD2046BDE81040AE
:1072500004F08CB838B504460D4601F09DFD0228B7
:1072600005D029462046BDE8384004F015BF01F09E
:107270000DFA2046294604F00FFF044601F0ACFA4F
:107280000CB1204638BD02F0D3FFFAE710B5044632
:1072900001F0FCF9204604F061F8044601F09CFA84
:1072A0000CB1204610BD02F0C3FF204610BD00BF48
:1072B00050B110B5044601F0E9F9204604F056F843
:1072C000BDE8104001F088BA704700BF38B51C46D1
:1072D0009DF8105043B3002908BF1A460123C4E9A2
:1072E0000F01226084F8463002F020F8D4E90F1331
:1072F0002268A26001FB03F1CB1A134400200A4468
:10730000FF21A063E36084F84410626084F84510B4
:1073100004F1100003F0ECF904F1240003F0E8F9A3
:1073200002F00EF884F84C50204638BDF8B50746F8
:1073300015460E4669B100FB01F05030FFF7A6FF7D
:10734000044690B3002200F1500380F84620036009
:1073500007E05020FFF79AFF044630B384F84660F8
:107360002460C4E90F7601F0E1FFD4E90F1322682D
:10737000A26001FB03F1CB1A134400200A44FF2151
:10738000A063E36084F84410626084F8451004F15F
:10739000100003F0ADF904F1240003F0A9F901F0A5
:1073A000CFFF84F84C502046F8BD00242046F8BD9D
:1073B0002DE9F04F044685B01D460192884601F044
:1073C000B5FFA26BE36BA84F4FF000099A424E46FF
:1073D000C0F08B80022D00F006810198002800F09B
:1073E0003081B9F1000F00F0958001F0A9FF01F0A4
:1073F0004DF901F09BFF94F84430FF2B08BF84F84F
:10740000446094F84530FF2B08BF84F8456001F0D4
:1074100097FF01A902A801F067FC002840F018813D
:1074200001F084FFA26BE36B9A4277D001F088FFF2
:1074300001F07CFF94F845304FFA83FABAF1000F5F
:107440001ADD636AC3B104F1240907E00AF1FF33CE
:10745000DBB24FFA83FA7BB1636A6BB1484601F045
:10746000E9FB0028F2D001F077FC0AF1FF33DBB230
:107470004FFA83FA002BEFD1FF2384F8453001F057
:107480005FFF01F053FF94F844304FFA83FABAF1EA
:10749000000F1ADD2369C3B104F1100907E00AF1F6
:1074A000FF33DBB24FFA83FA7BB123696BB14846F5
:1074B00001F0C0FB0028F2D001F04EFC0AF1FF33CE
:1074C000DBB24FFA83FA002BEFD1FF2384F844306C
:1074D00001F036FF01F080F901F028FFA26BE36BA9
:1074E0009A424FF00109BFF475AF226CA66B002AD7
:1074F00040F0FC8025680136002D00F01881A6635D
:10750000636A002B40F08C8001F01AFF012005B067
:10751000BDE8F08F02A801F0DBFB66E704F110097B
:1075200001F00EFF4846019901F008FB01F0FEFE54
:1075300094F845A04FFA8AFABAF1000F1CDD636A8D
:10754000D3B104F1240B08E00AF1FF3A5FFA8AF3A1
:107550004FFA83FA83B1636A73B1584601F06AFB4C
:107560000028F1D00AF1FF3A01F0F6FB5FFA8AF346
:107570004FFA83FA002BEED1FF2384F8453001F057
:10758000DFFE01F0D3FE94F844304FFA83FABAF1EB
:10759000000F06DC15E00AF1FF33DBB24FFA83FA85
:1075A0007BB123696BB1484601F044FB0028F2D05F
:1075B00001F0D2FB0AF1FF33DBB24FFA83FA002B62
:1075C000EFD1FF2384F8443001F0BAFE01F004F952
:1075D000002881D14FF080537B6040BFBFF34F8FB5
:1075E000BFF36F8F78E7226CA66B002A82D04146EA
:1075F000E06803F0D5FE236CE26821685B421A4420
:107600008A42E26080F0898062681344E360022D60
:1076100000F083800136A663636A002B3FF474AFE9
:1076200004F1240001F006FB00283FF46DAF0E4B7F
:107630004FF080525A6040BFBFF34F8FBFF36F8F40
:1076400062E7009001F07CFE009805B0BDE8F08F85
:1076500001F06CFE94F845506DB2002D18DD636AA0
:10766000B3B104F1240607E000ED00E0013DEBB208
:107670005DB26BB1636A5BB1304601F0DBFA0028A2
:10768000F4D0013D01F068FBEBB25DB2002BF1D10B
:10769000FF2384F8453001F053FE01F047FE94F8D3
:1076A00044506DB2002D16DD2369A3B104F110061C
:1076B00005E0013DEBB25DB26BB123695BB13046D1
:1076C00001F0B8FA0028F4D0013D01F045FBEBB21F
:1076D0005DB2002BF1D1FF2384F8443001F030FE7D
:1076E00001F07AF8002005B0BDE8F08F41465DBB9F
:1076F000A06803F055FEA368216C62680B449342B6
:1077000006F10106A360FFF4FAAEA663636A22687D
:10771000A260002B3FF4F8AE82E7002E7FF4EFAEBC
:107720000123A363636A002B3FF4EEAE78E7606841
:1077300001F084FBA663636A6560002B7FF470AF81
:1077400000287FF474AFDFE6E06803F029FE236CC5
:10775000E26821685B421A448A42E260BFF457AF94
:1077600052E700BFF8B50C4679B30025012321602C
:1077700081F84630C1E90F35064601F0D7FDD4E95E
:107780000F322168A56303FB02F39A1A0A440B44E3
:10779000FF27C4E90131E26084F8447004F110006D
:1077A00084F8457002F0A4FF04F1240002F0A0FF69
:1077B00001F0C6FDC4E90055E56084F84C602B4635
:1077C0002A4629462046FFF7F3FD2046F8BD00BFB4
:1077D0002DE9F0418C4682B004461746EFF311863E
:1077E000402282F31188806BE26B904221D3022BFE
:1077F00005D0002086F3118802B0BDE8F08194F82E
:107800004550226CD4F838806DB252BB236808F121
:107810000108002B4FD06B1CC4F8388037D00135DD
:107820006DB284F84550012086F3118802B0BDE89E
:10783000F08194F84550226CD4F838806DB2002A5B
:10784000E4D073B9A06803F0ABFDA368216C626853
:107850000B44934208F10108A360DCD32368A360C2
:10786000D9E76146E068019303F09AFD206CE26875
:107870002168019B404202448A42E26002D262686F
:107880001044E060022B10D008F10108C3E7636ADE
:10789000002BC8D004F1240001F0CCF90028C2D09C
:1078A000002FC0D001203860A4E7B8F1000F08BF56
:1078B0004FF00108AFE76068019301F0BFFA019B48
:1078C0006360A8E738B5EFF31184402383F3118890
:1078D000826BC36B93420ED990F8453001325BB294
:1078E00082635A1C0BD001335BB280F84530012013
:1078F00084F3118838BD002084F3118838BD436AB1
:10790000002BF4D024300D4601F094F90028EED07D
:10791000002DECD001202860EAE700BF2DE9F047F8
:10792000044684B08846019201F000FDD4F83890F6
:10793000B9F1000F40F09380019B002B00F00A8109
:1079400002A801F0C5F9B34F4E4604F1240501F039
:10795000F7FC00F09BFE01F0E9FC94F84430FF2BAB
:1079600008BF84F8446094F84530FF2B08BF84F8C2
:10797000456001F0E5FC01A902A801F0B5F9002875
:1079800040F0878001F0D2FCA36B002B40F0E88030
:1079900001F0D6FC0199284601F0D0F801F0C6FCB0
:1079A00094F845304FFA83F9B9F1000F06DC15E081
:1079B00009F1FF33DBB24FFA83F97BB1636A6BB134
:1079C000284601F037F90028F2D001F0C5F909F195
:1079D000FF33DBB24FFA83F9002BEFD1FF2384F89A
:1079E000453001F0ADFC01F0A1FC94F844304FFAB1
:1079F00083FABAF1000F1ADD2369C3B104F110094B
:107A000007E00AF1FF33DBB24FFA83FA7BB1236957
:107A10006BB1484601F00EF90028F2D001F09CF954
:107A20000AF1FF33DBB24FFA83FA002BEFD1FF23C9
:107A300084F8443001F084FC00F0CEFE00287ED1B2
:107A40004FF080537B6040BFBFF34F8FBFF36F8F0A
:107A500001F06CFCD4F83890B9F1000F76D0226CAC
:107A600052B1E168636811449942E16024BF216822
:107A7000E160404603F094FC09F1FF33A3632369FE
:107A8000002B40F0C98001F05BFC012004B0BDE890
:107A9000F08701F04BFC94F845304FFA83F9B9F1C7
:107AA000000F06DC15E009F1FF33DBB24FFA83F972
:107AB0007BB1636A6BB1284601F0BCF80028F2D0B4
:107AC00001F04AF909F1FF33DBB24FFA83F9002BD9
:107AD000EFD1FF2384F8453001F032FC01F026FCA1
:107AE00094F844304FFA83FABAF1000F1ADD236993
:107AF000C3B104F1100907E00AF1FF33DBB24FFA1A
:107B000083FA7BB123696BB1484601F093F80028F2
:107B1000F2D001F021F90AF1FF33DBB24FFA83FA18
:107B2000002BEFD1FF2384F8443001F009FC00F072
:107B300053FE01F0FBFBA36B63B101F001FC01F00C
:107B4000F5FBD4F83890B9F1000F88D1019B002BD8
:107B50007FF4FDAE01F0F4FB002004B0BDE8F08737
:107B600001F0EEFB01F0E2FB94F845304FFA83F9A7
:107B7000B9F1000F06DC15E009F1FF33DBB24FFA73
:107B800083F97BB1636A6BB1284601F053F8002892
:107B9000F2D001F0E1F809F1FF33DBB24FFA83F9DB
:107BA000002BEFD1FF2384F8453001F0C9FB01F031
:107BB000BDFB94F844304FFA83FABAF1000F1ADD96
:107BC0002369C3B104F1100907E00AF1FF33DBB206
:107BD0004FFA83FA7BB123696BB1484601F02AF86A
:107BE0000028F2D001F0B8F80AF1FF33DBB24FFA07
:107BF00083FA002BEFD1FF2384F8443001F0A0FB7F
:107C000000F0EAFD01F092FBD4F83890B9F1000FD2
:107C10009CD024E700ED00E004F1100001F00AF828
:107C200000283FF430AF054B4FF080525A6040BF00
:107C3000BFF34F8FBFF36F8F25E700BF00ED00E06C
:107C40002DE9F043044685B00026019101F06EFB5A
:107C5000A36BB24FB0463546002B40F0F380019B3A
:107C6000002B00F05D81B8F1000F00F0FC8001F006
:107C700067FB00F00BFD01F059FB94F84430FF2B3B
:107C800008BF84F8445094F84530FF2B08BF84F8AF
:107C9000455001F055FB01A902A801F025F8002884
:107CA0006CD101F043FBA36B002B40F0E08001F0AE
:107CB00047FB2368002B00F03C8104F1240948466F
:107CC000019900F03BFF01F031FB94F845304FFA89
:107CD00083F8B8F1000F06DC15E008F1FF33DBB2E2
:107CE0004FFA83F87BB1636A6BB1484600F0A2FF9C
:107CF0000028F2D001F030F808F1FF33DBB24FFA80
:107D000083F8002BEFD1FF2384F8453001F018FBF6
:107D100001F00CFB94F844304FFA83F8B8F1000FEF
:107D20001ADD2369C3B104F1100907E008F1FF333C
:107D3000DBB24FFA83F87BB123696BB1484600F0A0
:107D400079FF0028F2D001F007F808F1FF33DBB229
:107D50004FFA83F8002BEFD1FF2384F8443001F071
:107D6000EFFA00F039FD002864D14FF080537B60BA
:107D700040BFBFF34F8FBFF36F8F5BE001F0D6FAC8
:107D800094F845304FFA83F8B8F1000F1ADD636AB2
:107D9000C3B104F1240907E008F1FF33DBB24FFA65
:107DA00083F87BB1636A6BB1484600F043FF00285B
:107DB000F2D000F0D1FF08F1FF33DBB24FFA83F8C5
:107DC000002BEFD1FF2384F8453001F0B9FA01F020
:107DD000ADFA94F844304FFA83F8B8F1000F1ADD89
:107DE0002369C3B104F1100907E008F1FF33DBB2E6
:107DF0004FFA83F87BB123696BB1484600F01AFF54
:107E00000028F2D000F0A8FF08F1FF33DBB24FFAF0
:107E100083F8002BEFD1FF2384F8443001F090FA6F
:107E200000F0DAFC01F082FAA36B002B00F08A80EC
:107E300001F086FA01F07AFAA36B4FF00108002BEB
:107E40003FF40DAF2268013BA363002A00F09E803F
:107E50002369002B40F0898001F072FA0126304638
:107E600005B0BDE8F08302A800F032FFFFE601F0A4
:107E700067FA01F05BFA94F845304FFA83F8B8F1ED
:107E8000000F1ADD636AC3B104F1240907E008F1A9
:107E9000FF33DBB24FFA83F87BB1636A6BB14846BC
:107EA00000F0C8FE0028F2D000F056FF08F1FF33C2
:107EB000DBB24FFA83F8002BEFD1FF2384F8453073
:107EC00001F03EFA01F032FA94F844304FFA83F8A8
:107ED000B8F1000F1ADD2369C3B104F1100907E0FE
:107EE00008F1FF33DBB24FFA83F87BB123696BB142
:107EF000484600F09FFE0028F2D000F02DFF08F168
:107F0000FF33DBB24FFA83F8002BEFD1FF2384F865
:107F1000443001F015FA00F05FFC8BE700ED00E063
:107F2000009301F00DFA009B1E46304605B0BDE8F7
:107F3000F08301F0FBF9606800F03EFF064601F0B7
:107F4000FFF9BAE601F0FCF9002E88D001F0EEF955
:107F5000616A19B1236B1968C1F10501606800F00D
:107F600099FF002601F0ECF979E704F1100000F028
:107F700061FE00283FF470AF064B4FF080525A600C
:107F800040BFBFF34F8FBFF36F8F65E700F0B8FFBF
:107F900060605DE700ED00E010B5044601F0C6F951
:107FA000A46B01F0CDF9204610BD00BF104B5A68FC
:107FB000904208D0DA68904208BF012204D090F8BD
:107FC000463093B170470022002110B403EBC20485
:107FD00043F8321090F84630616013B15DF8044BFD
:107FE00070475DF8044BFFF763B9FFF761B900BF55
:107FF000FCBD0020074B1A681AB19A6802B170479D
:10800000012210B403EBC20443F8321060605DF843
:10801000044B7047FCBD002070B505460C46164663
:1080200001F084F995F84430FF2B04BF002385F854
:10803000443095F84530FF2B04BF002385F84530C8
:1080400001F07EF9AB6B2BB93246214605F12400D5
:1080500000F0B0FD01F06AF995F8454064B2002CDB
:1080600016DD6B6AA3B105F1240605E0013CE3B21D
:108070005CB26BB16B6A5BB1304600F0DBFD00288F
:10808000F4D0013C00F068FEE3B25CB2002BF1D109
:10809000FF2385F8453001F053F901F047F995F8D1
:1080A000444064B2002C16DD2B69A3B105F1100623
:1080B00005E0013CE3B25CB26BB12B695BB13046C9
:1080C00000F0B8FD0028F4D0013C00F045FEE3B21A
:1080D0005CB2002BF1D1FF2385F84430BDE870403D
:1080E00001F02EB92DE9F041044601F01FF9344AA0
:1080F000344D1368013313602B68002B2FD0324EA0
:10810000E36A32682AB33148314907680A689F42F6
:1081100038BF03602F48013203EB83030A6000EB92
:108120008300E263211D02F0F3FA01F009F93368DC
:108130006BB12A68E36AD26A9A4208D2264B4FF0A2
:1081400080525A6040BFBFF34F8FBFF36F8FBDE8BF
:10815000F0812A68D26A9A4298BF2C60D3E72C60DB
:108160001368012B02D0E36A174ECCE71948DFF8F9
:1081700094801A4F144E02F0BBFA194802F0B8FA74
:10818000184802F0B5FA184802F0B2FA174802F09F
:10819000AFFA404602F0ACFA384602F0A9FA1448A9
:1081A00002F0A6FA134802F0A3FA134802F0A0FA6C
:1081B000124B134AC2F800801F60E36AA3E700BFB6
:1081C00028B40020B8B3002088B400203CB40020BC
:1081D00038B40020C4B3002000ED00E054B4002007
:1081E000D8B30020ECB3002000B4002014B4002069
:1081F00074B40020A0B400208CB40020C0B30020D0
:10820000BCB3002040B400202DE9F843DDE9096447
:10821000002C60D016B93046BDE8F8830D469700B3
:10822000984602233A4684F8513081462663304608
:10823000A52103F0D9F82A78236B84F83420043F71
:108240002A781F4427F0070702B36B7884F835308B
:108250006B78DBB1AB7884F83630AB78B3B1EB78C0
:1082600084F83730EB788BB12B7984F838302B7960
:1082700063B16B7984F839306B793BB1AB7984F8B1
:108280003A30AB7913B1EB7984F83B30089D042D7B
:1082900028BF04250026E5626564201D84F83B6044
:1082A000A66402F031FAC5F1050504F1180002F0E8
:1082B0002BFAE66442464946A561246184F8506081
:1082C0006462384600F0F6FF20602046FFF70AFFA0
:1082D0002046BDE8F8832046BDE8F8832DE9F04745
:1082E0009600804630460D469946099FFEF7CEFF20
:1082F000002869D082465420FEF7C8FF04460028B3
:108300005BD00023C0F830A03246504684F851308C
:10831000A52103F069F82A78236B84F83420043E01
:108320002A781E4426F0070A02B36B7884F83530A9
:108330006B78DBB1AB7884F83630AB78B3B1EB78DF
:1083400084F83730EB788BB12B7984F838302B797F
:1083500063B16B7984F839306B793BB1AB7984F8D0
:108360003A30AB7913B1EB7984F83B30089D042D9A
:1083700028BF04250026E5626564201D84F83B6063
:10838000A66402F0C1F9C5F1050504F1180002F078
:10839000BBF9E664A561246184F8506064624A46D2
:1083A0004146504600F086FF206007B13C60204601
:1083B000FFF798FE0120BDE8F0875046FEF778FFF2
:1083C0004FF0FF30BDE8F0874FF0FF30F3E700BF1C
:1083D00070B504464C4E00F0A9FF002C39D0251D85
:1083E000284602F0BFF9A36A1BB104F1180002F09D
:1083F000B9F929464548464D02F08AF994F85030BB
:10840000012B04BF002384F8503000F099FF2B6843
:1084100093B93368A34200D070BD2B68DBB93B49E8
:108420003C4A09681268914226D03B4B1B682BB32B
:108430003A4B01221A6070BD00F078FF384B1A6881
:10844000126892B9374B4FF0FF321A6000F078FF94
:10845000DFE73468C3E7344B4FF080525A6040BFC7
:10846000BFF34F8FBFF36F8F70BD1A682D4BD2686B
:10847000D26852681A60E9E7336070BD274A13601A
:108480003268336812681B6B9A4236D9274C2849E8
:1084900022689300981880000858E0B9551EAB0078
:1084A00058198000085830BB951EAB005819800041
:1084B000085800BBD51EAB00581980000858D0B929
:1084C000151FAB00581980000858A0B9053A930051
:1084D00098188000085813449B00CD18083368682A
:1084E000406868600B44984204BF40686860C36895
:1084F0003360226070BD2A46EDE730683168343160
:1085000001F094FEC2E700BFB8B300208CB4002095
:1085100088B4002028B4002034B40020B8B400206F
:10852000BCB300206CB4002000ED00E03CB400209F
:10853000C4B3002080B170B51B4D2B6883420AD0B4
:10854000044600F0F3FE194B62699A4205D0BDE87B
:10855000704000F0F5BE70BD7047A36A144A9342A4
:10856000F5D0002BF3D1261D304602F0FBF8114A5E
:10857000E36A116810488B4288BF136003EB8303E2
:1085800000EB8300314602F0C3F82B68E26ADB6A35
:108590009A42DCD3094B4FF080525A6040BFBFF380
:1085A0004F8FBFF36F8FD2E7B8B300208CB4002099
:1085B00074B400203CB40020C4B3002000ED00E0FF
:1085C00070B584B0002503AA02A901A8CDE9015520
:1085D00001F030FE019C002C46D00298002843D0C8
:1085E000039E20630223B600A521324684F8513051
:1085F00002F0FAFE236B1F4A6263201D84F8385094
:10860000043E84F83B50E562C4E911551E4402F073
:108610007BF804F1180002F077F826F0070605232E
:10862000A3612A461449E56430462461646284F8F3
:10863000505000F03FFE20602046FFF753FD0F4BE7
:108640001C6000F0DBFD012811D1402383F3118869
:108650000B490C4A0C4B4FF0FF340C6010601D604E
:1086600000F03EFE04B070BD044B00221A6004B05E
:1086700070BD00BF49444C456989030068B40020BF
:108680006CB4002088B40020B4B40020024A1368FF
:1086900001331360704700BF34B40020014B1868E9
:1086A000704700BFB4B40020024A13681844106039
:1086B000704700BFB4B400202DE9F04F3B4B1B685E
:1086C00083B0002B42D13A4B1F6801371F60002F47
:1086D0004AD0384B01931B68BB423BD8364EDFF87B
:1086E000EC80DFF8ECA0DFF8EC90002525E03368A3
:1086F000DB68DC68636804F1040B9F42584651D381
:1087000002F030F8A36A04F118000BB102F02AF865
:10871000E36AD8F8002003EB8300934259460AEB42
:10872000800088BFC8F8003001F0F2FFD9F80030AF
:10873000E26ADB6A9A4228BF012533681B68002B76
:10874000D5D1019A4FF0FF33136004E01B4A136840
:108750000133136000251A4B1B68002B0CBF284601
:10876000012003B0BDE8F08F134E164B3168164A56
:1087700018683060196013680133136033681B6830
:108780003BB90C4B01931A464FF0FF33136013466D
:10879000A1E73368074ADB680192DB685B68136016
:1087A000134698E7019A1360D5E700BF34B4002060
:1087B000B4B400206CB40020BCB3002030B400205E
:1087C000B8B40020C0B3002070B400203CB4002036
:1087D000C4B30020B8B300202DE9F04700F0A6FD97
:1087E000354B1A68013A1A601C68002C57D1334B7C
:1087F0001B68002B53D0DFF8E0A0314E314FDFF87B
:10880000DC90DFF8DC80336813B3F368DC68251D87
:1088100004F1180001F0A6FF284601F0A3FFE36A67
:108820003A6803EB83009342294609EB800088BF36
:108830003B6001F06DFFD8F80030E26ADB6A9A42D3
:108840004FF00103DFD3CAF800303368002BDCD1CE
:108850003CB11D4B1A6812683ABB1C4B4FF0FF32FB
:108860001A601B4D2C6844B10126FFF725FF08B1A3
:10887000CAF80060013CF8D12C60DAF8003073B11E
:10888000144B4FF080525A6040BFBFF34F8FBFF37D
:108890006F8F012400F054FD2046BDE8F0870024CE
:1088A00000F04EFD2046BDE8F0871A68074BD268FD
:1088B000D26852681A60D4E734B4002028B400208B
:1088C00074B400203CB40020BCB300206CB4002081
:1088D00030B4002000ED00E0B8B40020C4B30020A4
:1088E000B8B3002070B548B9184B4FF080525A60A9
:1088F00040BFBFF34F8FBFF36F8F70BD144A154950
:108900001368154E013313600D6804463068043057
:1089100001F028FF336864195C600FD20F4B1868B0
:108920003168043101F004FF0D4B1A68944238BFDE
:108930001C60FFF751FF0028D6D070BD094B1868A6
:108940003168043101F0F4FEF3E700BF00ED00E010
:1089500034B40020B4B40020B8B30020BCB300206D
:108960006CB40020C0B300202DE9F84F3C4E3D4DC3
:108970003D4CDFF80891DFF80881DFF808B14FF0CF
:10898000805A2368D3B100F0D1FCF368DF68381D4A
:1089900001F0E8FE2B68013B2B602368013B23605C
:1089A00000F0CEFC97F85130002B37D0012BE8D1E6
:1089B0003846FEF77DFC2368002BE4D12B4B1B6867
:1089C000012B06D9CBF804A040BFBFF34F8FBFF3F4
:1089D0006F8F00F041FED9F8003033BBD8F800307B
:1089E000DB6A002BCDD1214B1B68012BC9D8204B52
:1089F000204A1B6812689B1A012BC2D91E4A1368B1
:108A000001331360D9F80030BBB1D8F80030DB6A0D
:108A10000BB9164B1B68FFF7DFFEB2E7386BFEF7AA
:108A200047FC3846FEF744FCABE7D8F80030DB6A79
:108A3000002BA6D10D4B1B68A3E7D8F80030DB6AEA
:108A4000002BE8D1094B1B68012BE4D8084B1868B0
:108A5000084B1B68C01A0128DDD900F0DDFCDAE7FD
:108A6000A0B4002028B400202CB40020C4B30020FF
:108A70006CB40020B4B4002034B400203CB4002016
:108A8000B8B3002000ED00E0274B1B68002B40D15D
:108A9000264A70B5264C13602268236812681B6B47
:108AA0009A423AD9234D24492A68930098188000A5
:108AB0000858E0B9561EB30098198000085830BB1A
:108AC000961EB30098198000085800BBD61EB3004C
:108AD000981980000858D0B9161FB3009819800063
:108AE0000858A0B9053A9300981880000858134414
:108AF0009B00CE1808337068406870600B44984241
:108B000004BF40687060C36823602A6070BD32464D
:108B1000EDE7064B01221A60704720682168343166
:108B200001F084FBBEE700BF34B40020B8B40020DD
:108B3000B8B300203CB40020C4B3002070B5174D7A
:108B40002B680C4603F1180101F0F2FD144B1E686E
:108B50002868043001F006FE631C17D02B68A419A6
:108B60005C600BD20F4B18682968043101F0E0FDFE
:108B70000D4B1A68944238BF1C6070BD0B4B1868CF
:108B80002968BDE87040043101F0D2BD2968084869
:108B90000431BDE8704001F0BBBD00BFB8B3002098
:108BA000B4B40020BCB300206CB40020C0B30020DB
:108BB0008CB4002070B5194D2B680C46164603F195
:108BC000180101F0A5FD164B5EB11B682868043042
:108BD00001F0C8FD296813480431BDE8704001F078
:108BE00097BD1E682868043001F0BCFD2B68A419ED
:108BF0005C600BD20C4B18682968043101F098FDB9
:108C00000A4B1A68944238BF1C6070BD084B186844
:108C10002968BDE87040043101F08ABDB8B3002076
:108C2000B4B400208CB40020BCB300206CB400208D
:108C3000C0B3002038B5C368DC6804F118052846C5
:108C400001F090FD1A4B1B682BBB251D284601F037
:108C500089FD184AE36A116817488B4288BF136080
:108C600003EB8303294600EB830001F051FD134B16
:108C7000E26A1B68DB6A9A4282BF114B01201860CE
:108C8000104B1A68126898BF00204AB90E4B4FF07B
:108C9000FF321A6038BD29460C4801F039FDE6E77D
:108CA0001A68094BD268D26852681A6038BD00BF92
:108CB00034B400203CB40020C4B30020B8B300207A
:108CC000B8B40020BCB300206CB4002074B4002001
:108CD000034A044B12681B68C0E90023704700BFB9
:108CE00070B40020B4B40020F8B50D46044600F07E
:108CF0001DFB2B681649581C0A6813D0DFF854C0B6
:108D0000D4E90060DCF80070BE4201D090421AD96C
:108D1000121A93420BD800232B60012500F010FBA0
:108D20002846F8BD002500F00BFB2846F8BDDCF80E
:108D300000009B1A0A682B60C4E90002002500F0BD
:108D4000FFFA2846F8BD012500F0FAFA2846F8BDDA
:108D5000B4B4002070B40020014B01221A607047A7
:108D6000B8B40020084B186860B9084B1B6853B9A9
:108D7000074A084B10681B68013B984214BF01204A
:108D8000022070470020704774B40020B8B400205F
:108D90008CB4002028B40020054B1B6833B1054B70
:108DA0001B68002B0CBF0220002070470120704779
:108DB00088B4002034B4002018B3F8B51C4CC36A42
:108DC0002268D26A934214D28269002A04DB2268A4
:108DD000D26AC2F105028261164D426903EB830338
:108DE00005EB83039A420DD02368DB6AC36201203E
:108DF000F8BD2368406CDB6A98422CBF002001203C
:108E0000F8BD7047061D0746304601F0ABFC2268EE
:108E1000094BD06A1A68F862904200D9186000EBDA
:108E2000800005EB8000314601F072FC0120F8BDA6
:108E3000B8B30020C4B300203CB4002050B138B512
:108E4000C16A836C426C013B9142836400D01BB1C8
:108E5000002038BD00207047051D0446284601F05B
:108E600081FC0A4A636C1168E362C3F105008B421E
:108E7000A061074888BF136003EB830300EB830006
:108E8000294601F045FC012038BD00BF3CB400205C
:108E9000C4B3002048B1426CC36A914238BF114646
:108EA0008B4202D0826C012A00D07047826970B573
:108EB000114DC162002A03EB83034269A8BFC1F1CF
:108EC000050105EB8303A8BF81619A4200D070BD04
:108ED000061D0446304601F045FC084BE06A1A685E
:108EE000904288BF186000EB800005EB800031469F
:108EF000BDE8704001F00CBCC4B300203CB40020BD
:108F0000044B1A681AB119688A6C01328A641868AD
:108F1000704700BFB8B300202DE9F04FAD4EDFF829
:108F2000C482AD4D89B033681C68002C00F08E807F
:108F3000DB681C68FFF7AAFBFFF7B0FBD8F800302E
:108F4000984207465DD38442C8F8000040F20B8186
:108F50000022E11B2868FFF75FF8FFF73DFC88B9A6
:108F60009E4A4FF08053536040BFBFF34F8FBFF313
:108F70006F8F07E0019B039920469847009B002BC9
:108F800080F23881286800226946FEF7C7FC002875
:108F9000C9D0009B029C002BECDB636913B1201D40
:108FA00001F0E0FBFFF77AFBD8F8003098428146E9
:108FB00043D3009BC8F80090092BE3D8012202FAA2
:108FC00003F313F4047F69D113F0C70F40F0A180BD
:108FD0009B06D7D594F82C30002BD3D12046FEF732
:108FE00067F9CFE7DB68DC68D3F800A004F1040977
:108FF000484601F0B7FB636A20469847E369012BB6
:1090000036D033681A68002AECD17549C8F8007068
:109010000A6832600B60FFF7DFFBB3E7DB68DF68ED
:10902000D3F800B007F1040A504601F09BFB7B6ABD
:1090300038469847FB69012B25D033681A68002A07
:10904000ECD167490A6832600B60B2E7FFF71EFB9C
:10905000FFF724FBD8F8003083420746D1D8604B95
:10906000C8F800701B681A68B2FA82F2520970E7F9
:10907000A36953449A45494622D26360246130680B
:1090800001F056FBBDE7BB695B449B45514627D2C7
:109090007B603F61306801F04BFBCEE7019B2461B0
:1090A00003EB09024A45A36162602CD8002B3FF410
:1090B00069AF4B4B211D186801F03AFB286862E745
:1090C0002B68002B9DD00023CDE9043A0694FFF7CE
:1090D00063FE00231A4604A92868FEF769F990E7A1
:1090E0002B68002BA9D00023CDE9043B0697FFF79E
:1090F00053FE00231A4604A92868FEF759F99CE795
:109100004B4500D998B13068211D01F011FB28684A
:1091100039E7019BA269246199182CBF0120002026
:1091200049456160ECD8A9EB03039A42C1D8636A50
:1091300020469847E369012B7FF424AF019BA26985
:109140002868134400283FF41EAF0022CDE9042311
:109150000694FFF721FE00231A4604A92868FEF7AB
:1091600027F928680FE7FFF737FB3368DB68D3F888
:109170000C9009F1040A504601F0F4FAD9F81C30B9
:10918000012B04D0D9F8243048469847FAE6D9F89C
:109190001830C9F81090E218BA42C9F8042004D96E
:1091A0005146306801F0C4FAECE73F1BBB421BD8C4
:1091B0002B68002BE6D00023CDE90434CDF81890BD
:1091C000FFF7EAFD00231A4604A92868FEF7F0F825
:1091D000D8E700BFBCB4002040B7002000ED00E09D
:1091E000C0B40020ECB60020034B5146186801F0D3
:1091F0009FFAC7E7029CD0E6C0B40020F0B5204C2F
:1092000089B000F093F82568FDB100F099F8206866
:10921000C8B1002407AA06A905A8CDE9054401F0B4
:1092200017F8DDE905300221CDE90010079A029315
:10923000144915482346FEF7E7FF144A0346001B6E
:1092400018BF0120136009B0F0BD114F114E384610
:1092500001F04EFA304601F04BFA0F4A0F490095E3
:109260000F4B17600E600F4A10212020FEF72EF8DA
:1092700020600028C9D00C49FEF7BCFEC5E700BF3E
:1092800040B700208C030400198F030044B700206E
:10929000C4B60020D8B60020BCB40020C0B4002062
:1092A000F0B60020C4B4002084030400402383F3FC
:1092B0001188FEE730B46FF002034FF08075074C61
:1092C00040F8045C40F80C4C40F8081C40F8202C96
:1092D00040F8243C30BC4438704700BFAD920300D6
:1092E0000F4C08B5E02384F8223000F077F80D4BDE
:1092F0000D4A00211960D4F8883043F47003C4F893
:109300008830536843F040435360236943F01003AF
:10931000236100F04FF9402383F31188FEE700BF7B
:1093200000ED00E048B7002030EF00E0402383F379
:109330001188024A136801331360704748B7002050
:10934000034A1368013B13600BB983F3118870471C
:1093500048B7002041DF704712DF704770B51B4BE4
:1093600000251D6082B01B680193019BEFF31186FD
:10937000402383F31188164A164BD2F804451D602A
:109380001B680093009BFFF789F9241A24F07F449F
:10939000012C0DD844B1FFF78FF9054625B10E4BCE
:1093A0004FF080525A6040BF86F3118802B070BD02
:1093B000FFF7F2FC0228EED1013CFFF77DF9013CFA
:1093C000631C45EA0005F8D1E8E700BF4011014001
:1093D000001001400011014000ED00E00B4B0C4972
:1093E00030B41F200B4DC3F8080501220224E020F1
:1093F000C3F804232A601A60C3F8444381F81103B8
:109400004FF400330B6030BC704700BF00100140C8
:1094100000E100E0081001402DE9F041804684B0F1
:10942000EFF3108272B6584CA36883B9574B584873
:109430000121A160D3F8801001402160C3F88000B1
:10944000D3F8841061604FF0FF31C3F8841002B983
:1094500062B6504ED6F80475FFF784FC00283DD064
:109460004D4A4E49424528BF4246BB1823F07F4330
:1094700001200025C6F80803C6F840350D600B68CA
:1094800001934FF480330199C6F80433BFF34F8F33
:10949000B8F1000F54D13F4B404D41494FF480305B
:1094A000C3F80803002028602D680395039D086019
:1094B0000968029101210298C3F80413D3F8043516
:1094C0003249DB1B23F07F45954228BF15464FF4F8
:1094D0000033012DC1F8803111D827D0A3685BB1CA
:1094E000EFF3108372B6294A2168116061685160F8
:1094F0000022A26003B962B604B0BDE8F081681E24
:10950000FFF7D2F8274BDB68DA010FD5264A13683C
:10951000DB070BD5254B516803FB05F5A5F5742535
:10952000A5F51075AD0A01EB85155560FFF7C4F878
:109530000028D3D01E4B4FF080525A6040BFCDE779
:10954000F1EE103A23F09F03E1EE103AF1EE103AFB
:109550000E4B04A84FF480614026C3F88461C3F821
:10956000841100F8045DFFF7F7FE9DF80C1039B97F
:1095700020BFD3F80001D3F804110143F8D08AE7E3
:10958000FFF7E8FE87E700BF10BE002000E100E023
:10959000FC06FFBD00100140FDFFFF00401101402F
:1095A00000110140F0ED00E0001000E040420F002B
:1095B00000ED00E00748006880F3088862B661B6F5
:1095C000BFF34F8FBFF36F8F4FF0E00080F3118830
:1095D00000DF00BF00600200064B19680868B0E8B1
:1095E000F04F80F30988BFF36F8F4FF0000080F3D6
:1095F00011887047B8B30020EFF30980BFF36F8F75
:10960000144B1A681EF0100F08BF20ED108A20E9D5
:10961000F04F10604DF8043D4FF0400080F311888A
:10962000BFF34F8FBFF36F8FFFF72EFA4FF000009D
:1096300080F3118808BC19680868B0E8F04F1EF084
:10964000100F08BFB0EC108A80F30988BFF36F8F4A
:10965000704700BFB8B30020704700BF002942D058
:10966000931E222B3FD8F0B50A2A8BB035D04FF08D
:10967000000E01AF3B4688B1B0FBF2F602FB1605C7
:109680005FFA85FC092D0CF1570498BF0CF13004EA
:10969000E4B2304603F8014B0028EDD1302201E05E
:1096A00003F8012BBB42FBD0BEF1000F11D10D46D8
:1096B000BB4209D9681E1A4612F8014D00F8014F45
:1096C000BA42F9D19B1A1D44002308462B700BB0F7
:1096D000F0BD2D220A704D1CEAE70028C7DA40428F
:1096E0004FF0010EC5E70020704700BF79B3931E0D
:1096F000222B2CD8F0B48AB001AF3C4670B1B0FB3D
:10970000F2F602FB1605EBB2092D94BF3033573346
:10971000DBB2304604F8013B0028F0D1302301E0F1
:1097200004F8013BBC42FBD00FD94A1E234613F874
:10973000010D02F8010FBB42F9D1E41A0C440023D9
:10974000084623700AB0F0BC70470C46F7E70020CB
:10975000704700BF79B3931E222B2CD8F0B48AB087
:1097600001AF3C4670B1B0FBF2F602FB1605EBB25E
:10977000092D94BF30335733DBB2304604F8013B38
:109780000028F0D1302301E004F8013BBC42FBD0BB
:109790000FD94A1E234613F8010D02F8010FBB42F0
:1097A000F9D1E41A0C440023084623700AB0F0BC37
:1097B00070470C46F7E70020704700BF0A490B4A84
:1097C0000B4B9B1A03DD043BC858D050FBDC094807
:1097D00009494FF0AD32026004300439FBD100F08A
:1097E00037FCECF735FD0000B006040000600020F7
:1097F0003C63002000F8032000080000FEE7FEE7BD
:10980000FEE7FEE7FEE7FEE7FEE7FEE7FEE7FEE730
:1098100008B50020ECF756FDF8F776FC0E4B43B187
:109820000E4B7BB1F9F7AEF900F0F0FCFCF7F0FF5E
:10983000F8E7F9F7A7F900F0E9FCF9F7A3F900F068
:10984000E5FCF6E7F9F79EF900F0E0FCF9F79AF984
:1098500000F0DCFCF6E700BF000000001168030028
:1098600000B583B000F03EFEFCF7D2FA0E4B019338
:1098700001234FF480620D4900930D480023FEF749
:109880002DFD4FF4407000F0E1FDFEF799FEBFF3AF
:109890004F8F0849084BCA6802F4E0621343CB605B
:1098A000BFF34F8F00BFFDE74CB7002094030400C7
:1098B0001198030000ED00E00400FA0538B50748F0
:1098C0000C461546ECF788FE00B938BD2A462146FD
:1098D0000248BDE83840ECF757BD00BF5863002090
:1098E000114B1A78EAB90178104810B40A464FF0C3
:1098F000804402F00102C1F34001C4F88015C4F8AD
:1099000078250268D20706D4E021012280F80013EE
:10991000C0F880210260012205481A705DF8044BEE
:1099200070470448704700BF0CBE002000E100E013
:109930000000AD0B0C00AD0B0268074B4FF08040F0
:1099400010B400214FF46074C0F80843196002B1EC
:109950001A605DF8044B704758B700204FF0804301
:109960004FF46072C3F80423704700BF10B54FF086
:10997000804386B0D3F80443620705D5D3F80821A5
:1099800003F58473002A4ED1A30603D52A4B1A6827
:10999000002A3FD1600603D5284B1A68002A2FD130
:1099A000210602D5264B1A680ABBE20502D5254BD3
:1099B0001A6892B9A3050ED5234B1A685AB1002232
:1099C0001A601A68214B0592059A1B68022006B09E
:1099D000BDE81040184706B010BD00221A601B4AAF
:1099E0001B68049301201368049A9847E2E700205B
:1099F0001860164A1B6803931368039A9847D4E7C4
:109A000000221A60124A1B68029301201368029A0E
:109A10009847C5E7002018600D4A1B68019313683A
:109A2000019A9847B6E700221A600A4A1B68009319
:109A30001368009A9847A7E71401004018010040F6
:109A40001C010040200100402401004058B70020C4
:109A500054B7002050B700202DE9F04F04799D4DF8
:109A6000E6003719BF0005EB070E83B09EF81CC057
:109A7000BCF1000F40F0E58091F80CC00068EA519D
:109A8000CEF80430BCF1010F0B7840F2DE801F2BC2
:109A900087BF03F01F08DFF840E298464FF0A04E62
:109AA000012707FA08F7CEF808751F2B8BBF03F0C4
:109AB0001F071F46DFF820E24FF0A04E07F5E077C2
:109AC0004FF001084EF827804F78FF2F00F0E98013
:109AD0001F2F8ABF07F01F09B946DFF8FC810097E6
:109AE00098BF4FF0A04809F5E07A4FF0010E0EFA4A
:109AF00009FE4FF00309C8F80CE548F82A9091F8E0
:109B000002E0BEF1FF0F00F0D580BEF11F0F91F80B
:109B10000EA088BFDFF8C0B1CDF804E08EBF0EF014
:109B20001F08F0464FF0A04B08F5E0784FEA8A0A8C
:109B30004BF828A006EB040805EB880888F820E01D
:109B400091F803E088F81FE0BEF1FF0F2AD091F8EA
:109B50000490F046B9F1000F40F08680BEF11F0F6F
:109B600087BF0EF01F0B5C4FF3464FF0A0474FF03E
:109B7000010A0AFA0BFAC7F808A5BEF11F0F86BF43
:109B80000EF01F08DFF850A14FF0A04A08F5E0786A
:109B900006EB040E4FF0030B05EB8E0E4AF828B0CF
:109BA0008EF81E9091F80DE0C0F80835009BD1F8B2
:109BB0000880C0F80C351EF1000318BF0123019F77
:109BC000C0F81075BCF1020FC0F824857FD0BCF13D
:109BD000030F79D0BCF1010F56D0C0F854358B7902
:109BE000C0F8C035002A58D040220723C0F804230B
:109BF000C0F800354A79000B43B25201002BD1B2B4
:109C0000C0B25BDB5A09920002F1604203F160438B
:109C1000012702F5614203F5614300F01F0007FAD6
:109C200000F083F80013C2F880011060344405EBA3
:109C300084052A48002201236A772B7703B0BDE808
:109C4000F08F274803B0BDE8F08F1F2B87BF03F0CC
:109C50001F08DFF884E098464FF0A04E012707FA6E
:109C600008F7CEF80C7520E7BEF11F0F87BF0EF086
:109C70001F0B194FF3464FF0A0474FF0010A0AFAA5
:109C80000BFAC7F80CA578E743F00203C0F8543587
:109C90008B79C0F8C035002AA6D10723C0F800355B
:109CA000C4E791F802E04FF0FF37BEF1FF0F0097D5
:109CB0007FF42BAF4FF0FF3701973BE7094B00F0E4
:109CC0000F0003441976B1E743F0060385E743F03C
:109CD000040382E75CB70020000300500000AD0BD6
:109CE0000500AD0BFCEC00E0F0B40479294A0368F0
:109CF000E1000D19AD005659EEB11F0B7EB2002EDA
:109D000011DB760920360123DFF89CC007F01F071E
:109D100003FA07F74CF82670BFF34F8FBFF36F8F2E
:109D2000555903683DB1081902EB80001A4DC3F87C
:109D30000853407F10BB081902EB800090F8200008
:109D4000FF280BD01F288ABF00F01F004FF0A0454E
:109D5000124D00F5E070022645F8206010480025FD
:109D60008342C3F8005502D10E4B012018602144F4
:109D700002EB810200231377F0BC70470120586189
:109D8000D3F804010028FBD0081902EB800000255D
:109D90004577D0E75CB7002052010800000300506F
:109DA00000F0024004F0024000E100E02DE9F04F35
:109DB0000479644F4FEAC40C0CEB04039B00864605
:109DC000F8180E46417F83B0002940F0918057F883
:109DD00003909046B9F1000F04D012F0140F04BFA5
:109DE000012343770CEB040507EB850596E80F008C
:109DF00095F81FA005F10C0BBAF1FF0F8BE80F00CF
:109E000010D0AA7F5346002A76D0BAF11F0F86BF22
:109E10000AF01F034C494FF0A041012202FA03F35C
:109E2000C1F8083532686AB102F06043B3F1005FEF
:109E300008D0644407EB8407002344487B7703B0D1
:109E4000BDE8F08FB16821B101F06043B3F1005F6C
:109E5000EFD1DEF800307568F068C3F844250022C1
:109E6000C3F84855C3F83415C3F83805C3F81821AA
:109E7000D3F818210192019A18F0010218BF0122AB
:109E8000C3F8502518F0020218BF012218F0080F7D
:109E9000C3F8402504BF01221A61B9F1000F0BD0AD
:109EA0002B48402218F0040F14BFC3F80823C3F84E
:109EB000042303B0BDE8F08FD3F81821002AFBD0AB
:109EC000BAF1FF0F2CD0644407EB8407BB7F4BB380
:109ED000BAF11F0F84BF0AF01F0A1B4A1C4898BF23
:109EE0004FF0A042012303FA0AF3C2F80C35A6E7AB
:109EF000184803B0BDE8F08FBAF11F0F4FF0010210
:109F000088BF0AF01F0302FA03F388BF0E493268C4
:109F100098BF4FF0A041C1F80C35002A84D191E7D9
:109F20000B488CE7BAF11F0F84BF0AF01F0A064ADC
:109F3000074898BF4FF0A042012303FA0AF3C2F882
:109F400008357CE75CB70020000300500A00AD0B29
:109F50000000AD0B0B00AD0B194BD3F8182102B963
:109F600070470021174AC3F81811D3F81811D37F8E
:109F700082B0FF2B019101990DD0917F99B11F2BD8
:109F800086BF03F01F0310484FF0A040012101FAE3
:109F900003F3C0F80C35002353771372D2E9003174
:109FA0000A4802B018471F2B86BF03F01F0306485C
:109FB0004FF0A040012101FA03F3C0F80835EAE7A9
:109FC000003002405CB700200003005064B700205E
:109FD0001B4BD3F8182102B970470021194AC3F866
:109FE0001811D3F8181192F8433082B0FF2B019169
:109FF00001990ED092F84210A9B11F2B86BF03F031
:10A000001F0311484FF0A040012101FA03F3C0F8EB
:10A010000C35002382F8413082F82C30D2E9093126
:10A020000A4802B018471F2B86BF03F01F030648DB
:10A030004FF0A040012101FA03F3C0F80835E8E72A
:10A0400000F002405CB700200003005088B70020F9
:10A05000604B1B6830B45C1C37D05F4A082B126819
:10A0600000F08F805B4B5C4A1B681268082B15D090
:10A07000591C23D0584A1268082B12D0574AD2F8DC
:10A08000883043F47003C2F88830BFF34F8FBFF3BA
:10A090006F8F534B534A1A6030BC7047002A00F050
:10A0A0008280032AEAD84FF08043D3F80024D207F5
:10A0B00044BF6FF00102C3F80024DFE74A4A4B4B6C
:10A0C00012681B78C2F30312D6E7484A464B12784F
:10A0D0001B68082AC3F3031301D1032B53D9424A47
:10A0E000424B12681B78C2F30312082BBAD1032A21
:10A0F000B8D84FF080523E4BD2F80414C3F8201564
:10A10000D2F80814C3F82415D2F80C14C3F8281593
:10A11000D2F81014C3F82C15D2F81414C3F8301563
:10A12000D2F81814C3F83415D2F81C14C3F840152B
:10A13000D2F82014C3F84415D2F82414C3F84815F3
:10A14000D2F82814C3F84C15D2F82C14C3F85015C3
:10A15000D2F83014C3F85415D2F83414C3F860158B
:10A16000D2F83814C3F86415D2F83C14C3F8681553
:10A17000D2F84014C3F86C15D2F84424C3F8702503
:10A1800070E7032A0CD8134B1B684FF08042002164
:10A19000581CC2F80C11C2F81011C2F838159ED024
:10A1A0000D4A1268A1E7134C1349144D2560144859
:10A1B000144AFB24C1F8184501681268124C21F0BA
:10A1C0000F0102F00F020A434FF400710260216098
:10A1D00050E700BF300100103401001000ED00E036
:10A1E000486100200090D003E80F00F0E00F00F07D
:10A1F00000C000408C56004000F000404881030041
:10A20000E40E0040580200104096024008B5ECF7FA
:10A210005FF8054B4FF080525A6040BFBFF34F8F3D
:10A22000BFF36F8F08BD00BF00ED00E0704700BFB7
:10A23000704700BF044B036010B46423034C0C60F0
:10A2400013605DF8044B7047A4B70020F8B70020F6
:10A25000054B036010B44FF48073044C0C60136022
:10A260005DF8044B704700BF88B90020DCB90020BE
:10A2700070B51F4C84B04FF0FF3203A92068FDF782
:10A280004DFB0028F7D00398037A4568052B0DD8BD
:10A29000DFE803F0272A221C1503D0E90361D0E987
:10A2A0000523C06900903046A847039803681BB196
:10A2B0001846FCF7B9FF0398FCF7B6FFDBE7D0E9D7
:10A2C0000523D0E90301A8470398EFE7D0E904127A
:10A2D000C068A8470398E9E7D0E90301A8470398B5
:10A2E000E4E7A8470398E1E7C068A8470398DDE7DB
:10A2F000E0BD00202DE9F0432D4B2E4C5B6885B06E
:10A30000C3F30803019001AF2068002B44D0002361
:10A3100039461A46FDF75CFA01283AD0DFF89880F2
:10A32000D8F80000002240000421FCF7FFFF064699
:10A3300078B3DFF88890D9F80000FEF749F8FEF707
:10A34000F5FF02E03046FDF733F8002203A920684C
:10A35000FDF7E4FA00230546642203A90028F1D1A1
:10A360002068FDF723FE2660FEF7EAFFD9F800001B
:10A37000FEF7E0F8D8F800300D4A20685B00C8F816
:10A3800000305368C3F30803394653B96422FDF71C
:10A390000FF805B0BDE8F08339466422FDF708F8F0
:10A3A000BAE72B462A46FDF713FA05B0BDE8F0835D
:10A3B00000ED00E0E0BD0020DCBD0020E4BD002099
:10A3C0002DE9F8439DF8205006460F4691469846E1
:10A3D000CDB1A8000C30FCF70DFF044688B1002376
:10A3E000C0F804900572036006B177B92DB1AA00D8
:10A3F000414604F10C0000F0D3FF2046FFF77AFF3E
:10A400000120BDE8F8831020E5E73846FCF7F2FEAE
:10A4100081462060A0B13A46314600F0C1FF002DD0
:10A42000EBD0691EC9B208EB8101A8F1040353F80F
:10A43000042FB24208BFC3F800909942F7D1D6E783
:10A440002046FCF7F1FE4846DBE700BF30B540236D
:10A450000B4D83B004460022184604212B60FCF704
:10A4600065FF084B084918600223CDE90031A2B20C
:10A47000002306490648FDF731FF03B030BD00BF99
:10A48000DCBD0020E0BD0020E4BD00209C030400F2
:10A4900071A2030011DF704708B50446FFF7FAFF09
:10A4A0000D4B4FF080414FF0FF32C3F88020C3F8CE
:10A4B0008021C3F88420C3F88421C1F81C45BFF370
:10A4C0004F8F0649064BCA6802F4E0621343CB6023
:10A4D000BFF34F8F00BFFDE700E100E000ED00E0BB
:10A4E0000400FA054FF08043194AD3F800141948C4
:10A4F00030B41160D3F80054D3F80024164C174937
:10A500002A43C3F80024D4F8402502600024012225
:10A510004FF40030C3F818459A60C1F88000BFF3CB
:10A520004F8FBFF36F8F0E4C03F588334FF0A0456C
:10A530004FF480304FF0FF31C3F84803C3F80803ED
:10A540005A609A60C5F80815C4F8081530BC704701
:10A55000E8BD0020ECBD002000A0004000E100E0CC
:10A560000003005008B54E20FFF796FF16281BD8B1
:10A570003C4B53F820301F2B86BF03F01F033A4A91
:10A580004FF0A0420E290FD8DFE801F0655F595364
:10A590004D474039322B241D160F080003F5E07398
:10A5A00040F2037142F82310704703F5E07340F264
:10A5B000036142F82310704703F5E07340F2035142
:10A5C00042F82310704703F5E07340F2034142F86C
:10A5D0002310704703F5E07340F2033142F8231073
:10A5E000704703F5E07340F2032142F823107047EF
:10A5F00003F5E07340F2031142F82310704703F5AE
:10A60000E0734FF4403142F82310704703F5E073D4
:10A610004FF4003142F82310704703F5E0731349FB
:10A6200042F82310704703F5E073114942F82310F4
:10A63000704703F5E073042142F82310704703F5D7
:10A64000E0730C2142F82310704703F5E0730321F7
:10A6500042F82310704703F5E073002142F82310FD
:10A66000704700BFF0020400000300500400020025
:10A670000C000300162811D80A4B53F820301F2B6A
:10A6800088BF03F01F034FF001028CBF06484FF054
:10A69000A04002FA03F311B1C0F808357047C0F8C2
:10A6A0000C357047F002040000030050162818D83B
:10A6B0000D4B53F820201F2A8ABF0C494FF0A041B0
:10A6C00002F01F02D1F8140501239340034214BF86
:10A6D000D1F80425D1F81025134214BF0120002021
:10A6E00070470020704700BFF002040000030050D4
:10A6F00000F108034FF0FF310022816002604360E7
:10A70000C0E90333704700BF00230361704700BFF7
:10A710004368026810B49C688C609C684B6001328E
:10A72000616099605DF8044B08610260704700BF8A
:10A7300030B40D686B1C11D000F1080200E01A461D
:10A7400053681C68AC42FAD904684B6001349960C4
:10A750008A6051600861046030BC704702695368C8
:10A76000F2E700BF42688168036910B491608168B4
:10A770005C684A601A68844208BF5960013A002147
:10A7800001611A6018685DF8044B70470B4601467A
:10A79000184600F071BD000081F0004102E000BFEA
:10A7A00083F0004330B54FEA41044FEA430594EA91
:10A7B000050F08BF90EA020F1FBF54EA000C55EACC
:10A7C000020C7FEA645C7FEA655C00F0E2804FEA9D
:10A7D0005454D4EB5555B8BF6D420CDD2C4480EA7F
:10A7E000020281EA030382EA000083EA010180EAAF
:10A7F000020281EA0303362D88BF30BD11F0004FFD
:10A800004FEA01314FF4801C4CEA113102D0404232
:10A8100061EB410113F0004F4FEA03334CEA13336D
:10A8200002D0524263EB430394EA050F00F0A78085
:10A83000A4F10104D5F1200E0DDB02FA0EFC22FA80
:10A8400005F2801841F1000103FA0EF2801843FA74
:10A8500005F359410EE0A5F120050EF1200E012A65
:10A8600003FA0EFC28BF4CF0020C43FA05F3C018A3
:10A8700051EBE37101F0004507D54FF0000EDCF11C
:10A88000000C7EEB00006EEB0101B1F5801F1BD3C5
:10A89000B1F5001F0CD349085FEA30004FEA3C0CC9
:10A8A00004F101044FEA445212F5800F80F09A80BF
:10A8B000BCF1004F08BF5FEA500C50F1000041EBC3
:10A8C000045141EA050130BD5FEA4C0C404141EBC7
:10A8D000010111F4801FA4F10104E9D191F0000FEE
:10A8E00004BF01460020B1FA81F308BF2033A3F171
:10A8F0000B03B3F120020CDA0C3208DD02F1140C68
:10A90000C2F10C0201FA0CF021FA02F10CE002F1A2
:10A910001402D8BFC2F1200C01FA02F120FA0CFC9B
:10A92000DCBF41EA0C019040E41AA2BF01EB0451E4
:10A93000294330BD6FEA04041F3C1CDA0C340EDCE2
:10A9400004F11404C4F1200220FA04F001FA02F325
:10A9500040EA030021FA04F345EA030130BDC4F1E3
:10A960000C04C4F1200220FA02F001FA04F340EAD8
:10A970000300294630BD21FA04F0294630BD94F089
:10A98000000F83F4801306BF81F480110134013D70
:10A990004EE77FEA645C18BF7FEA655C29D094EAE1
:10A9A000050F08BF90EA020F05D054EA000C04BF5F
:10A9B0001946104630BD91EA030F1EBF002100204A
:10A9C00030BD5FEA545C05D14000494128BF41F0E9
:10A9D000004130BD14F580043CBF01F5801130BD4D
:10A9E00001F0004545F0FE4141F470014FF00000D8
:10A9F00030BD7FEA645C1ABF194610467FEA655C89
:10AA00001CBF0B46024650EA013406BF52EA03352A
:10AA100091EA030F41F4002130BD00BF90F0000F18
:10AA200004BF0021704730B54FF4806404F1320454
:10AA30004FF000054FF0000150E700BF90F0000F0D
:10AA400004BF0021704730B54FF4806404F1320434
:10AA500010F0004548BF40424FF000013EE700BF04
:10AA600042004FEAE2014FEA31014FEA02701FBF94
:10AA700012F07F4393F07F4F81F06051704732F0C6
:10AA80007F4208BF704793F07F4F04BF41F400211D
:10AA9000704730B54FF4607401F0004521F000417B
:10AAA0001CE700BF50EA010208BF704730B54FF005
:10AAB00000050AE050EA010208BF704730B511F006
:10AAC000004502D5404261EB41014FF4806404F13E
:10AAD00032045FEA915C3FF4D8AE4FF003025FEAC4
:10AAE000DC0C18BF03325FEADC0C18BF033202EB48
:10AAF000DC02C2F1200300FA03FC20FA02F001FAA2
:10AB000003FE40EA0E0021FA02F11444BDE600BF44
:10AB100070B54FF0FF0C4CF4E06C1CEA11541DBFF3
:10AB20001CEA135594EA0C0F95EA0C0F00F0DEF8BE
:10AB30002C4481EA030621EA4C5123EA4C5350EAA3
:10AB4000013518BF52EA033541F4801143F48013F4
:10AB500038D0A0FB02CE4FF00005E1FB02E506F085
:10AB60000042E0FB03E54FF00006E1FB03569CF0DA
:10AB7000000F18BF4EF0010EA4F1FF04B6F5007FE0
:10AB800064F5407404D25FEA4E0E6D4146EB060652
:10AB900042EAC62141EA55514FEAC52040EA5E50DB
:10ABA0004FEACE2EB4F1FD0C88BFBCF5E06F1ED885
:10ABB000BEF1004F08BF5FEA500E50F1000041EBBC
:10ABC000045170BD06F0004646EA010140EA020069
:10ABD00081EA0301B4EB5C04C2BFD4EB0C0541EA8B
:10ABE000045170BD41F480114FF0000E013C00F3A0
:10ABF000AB8014F1360FDEBF002001F0004170BDC4
:10AC0000C4F10004203C35DA0C341BDC04F11404DC
:10AC1000C4F1200500FA05F320FA04F001FA05F268
:10AC200040EA020001F0004221F0004110EBD37035
:10AC300021FA04F642EB06015EEA430E08BF20EA61
:10AC4000D37070BDC4F10C04C4F1200500FA04F304
:10AC500020FA05F001FA04F240EA020001F0004196
:10AC600010EBD37041F100015EEA430E08BF20EA09
:10AC7000D37070BDC4F1200500FA05F24EEA020E51
:10AC800020FA04F301FA05F243EA020321FA04F080
:10AC900001F0004121FA04F220EA020000EBD37037
:10ACA0005EEA430E08BF20EAD37070BD94F0000F37
:10ACB0000FD101F00046400041EB010111F4801F6B
:10ACC00008BF013CF7D041EA060195F0000F18BF1C
:10ACD000704703F00046520043EB030313F4801F58
:10ACE00008BF013DF7D043EA0603704794EA0C0F12
:10ACF0000CEA135518BF95EA0C0F0CD050EA410628
:10AD000018BF52EA4306D1D181EA030101F00041A4
:10AD10004FF0000070BD50EA410606BF10461946CC
:10AD200052EA430619D094EA0C0F02D150EA0136D8
:10AD300013D195EA0C0F05D152EA03361CBF104619
:10AD400019460AD181EA030101F0004141F0FE41B8
:10AD500041F470014FF0000070BD41F0FE4141F43C
:10AD6000780170BD70B54FF0FF0C4CF4E06C1CEA3C
:10AD700011541DBF1CEA135594EA0C0F95EA0C0FF1
:10AD800000F0A7F8A4EB050481EA030E52EA0335AC
:10AD90004FEA013100F088804FEA03334FF08055CD
:10ADA00045EA131343EA12634FEA022245EA1115FA
:10ADB00045EA10654FEA00260EF000419D4208BFAB
:10ADC000964244F1FD0404F5407402D25B084FEA58
:10ADD0003202B61A65EB03055B084FEA32024FF404
:10ADE00080104FF4002CB6EB020E75EB030E22BF61
:10ADF000B61A754640EA0C005B084FEA3202B6EB21
:10AE0000020E75EB030E22BFB61A754640EA5C00CF
:10AE10005B084FEA3202B6EB020E75EB030E22BF5F
:10AE2000B61A754640EA9C005B084FEA3202B6EB60
:10AE3000020E75EB030E22BFB61A754640EADC001F
:10AE400055EA060E18D04FEA051545EA16754FEA81
:10AE500006164FEAC30343EA52734FEAC2025FEA9F
:10AE60001C1CC0D111F4801F0BD141EA00014FF02E
:10AE700000004FF0004CB6E711F4801F04BF0143FF
:10AE80000020B4F1FD0C88BFBCF5E06F3FF6AFAE1B
:10AE9000B5EB030C04BFB6EB020C5FEA500C50F1AB
:10AEA000000041EB045170BD0EF0004E4EEA11312E
:10AEB00014EB5C04C2BFD4EB0C0541EA045170BD35
:10AEC00041F480114FF0000E013C90E645EA060E79
:10AED0008DE60CEA135594EA0C0F08BF95EA0C0FA7
:10AEE0003FF43BAF94EA0C0F0AD150EA01347FF4EF
:10AEF00034AF95EA0C0F7FF425AF104619462CE7C6
:10AF000095EA0C0F06D152EA03353FF4FDAE104628
:10AF1000194622E750EA410618BF52EA43067FF479
:10AF2000C5AE50EA41047FF40DAF52EA43057FF409
:10AF3000EBAE12E753B94AB9002908BF00281CBF7D
:10AF40004FF0FF314FF0FF3000F072B9ADF1080C57
:10AF50006DE904CE00F006F8DDF804E0DDE9022337
:10AF600004B070472DE9F047089E04468846002B40
:10AF70004BD18A42154667D9B2FA82F24AB1C2F180
:10AF8000200701FA02F320FA07F7954047EA030881
:10AF900094404FEA154E230CB8FBFEF71FFA85FCD0
:10AFA0000EFB178843EA084307FB0CF1994209D9C5
:10AFB000EB1807F1FF3080F01B81994240F21881B5
:10AFC000023F2B445B1AA4B2B3FBFEF00EFB10331E
:10AFD00044EA034400FB0CFCA44509D92C1900F1F8
:10AFE000FF3380F00781A44540F2048102382C44ED
:10AFF00040EA0740A4EB0C0400271EB1D440002314
:10B00000C6E900433946BDE8F0878B4209D9002ED6
:10B0100000F0EB800027C6E9000138463946BDE85C
:10B02000F087B3FA83F7002F47D18B4202D38242D5
:10B0300000F2FA80841A61EB030301209846002E87
:10B04000E0D0C6E90048DDE702B9FFDEB2FA82F2DD
:10B05000002A40F08F80491B4FEA154E1FFA85F8F1
:10B060000127B1FBFEFC230C0EFB1C1143EA01433C
:10B0700008FB0CF1994207D9EB180CF1FF3002D212
:10B08000994200F2CD808446591AA3B2B1FBFEF07A
:10B090000EFB101443EA044408FB00F8A04507D94E
:10B0A0002C1900F1FF3302D2A04500F2B6801846F9
:10B0B000A4EB080440EA0C409FE7C7F1200CBB401A
:10B0C00022FA0CFE4EEA030E01FA07F420FA0CF500
:10B0D00021FA0CF34FEA1E482543B3FBF8F92C0C78
:10B0E00008FB19331FFA8EFA44EA034309FB0AF4FA
:10B0F0009C4202FA07F200FA07F10BD91EEB030398
:10B1000009F1FF3080F087809C4240F28480A9F1F1
:10B11000020973441B1BADB2B3FBF8F008FB1033FC
:10B1200045EA034400FB0AFAA24508D91EEB0404D1
:10B1300000F1FF336BD2A24569D90238744440EA6A
:10B140000940A0FB0289A4EB0A044C45C2464B46C9
:10B1500054D351D0002E69D0B1EB0A0564EB03043F
:10B1600004FA0CFCFD40FC404CEA0505C6E900541D
:10B17000002747E7C2F1200320FA03F7954001FAC0
:10B1800002F021FA03F34FEA154E3843010CB3FBEA
:10B19000FEF71FFA85F80EFB173341EA034107FB60
:10B1A00008F38B4204FA02F407D9691807F1FF3C4F
:10B1B0002FD28B422DD9023F2944CB1A81B2B3FB47
:10B1C000FEF00EFB103341EA034100FB08F38B4213
:10B1D00007D9691800F1FF3C17D28B4215D9023804
:10B1E0002944C91A40EA07473BE73746304609E792
:10B1F0000746E7E61846FBE64145ABD2B8EB020A44
:10B2000069EB0E0201381346A4E76046E9E71846E9
:10B2100095E76746D1E781467CE702382C4447E74B
:10B22000ACF1020C2B442FE7384608E73746E9E635
:10B23000704700BF1FB51C46094B1B680546D86800
:10B2400052B1084B0091CDE9013207492B46224605
:10B2500000F034F801F08EF9044B1A46F2E700BF13
:10B260004C610020A8030400B5030400E3030400BC
:10B270000A22002101F03EB810B5054C13462CB14E
:10B280000A4601460220AFF3008010BD2046FCE7CD
:10B290000000000008B5074B044613B10021AFF3CE
:10B2A0000080054B1868836A03B19847204603F075
:10B2B00047F800BF00000000E40304000EB403B52B
:10B2C000014603AB054853F8042B0068019300F0D6
:10B2D00073F902B05DF804EB03B070474C610020D5
:10B2E00070B50D4E0D4CA41BA4100025A54209D12C
:10B2F0000B4E0C4C03F026F8A41BA4100025A5420D
:10B3000005D170BD56F8253098470135EEE756F85F
:10B31000253098470135F2E71C6300201C630020AC
:10B320001C6300203863002010B5044600F008F8C4
:10B330002044407800F0080010BDD0F8EC007047C1
:10B34000044B054A1B681B6A002B08BF1346D3F841
:10B35000EC0070474C610020B0610020024B0146B8
:10B36000186800F0A5B800BF4C610020024B0146F0
:10B37000186800F04FB800BF4C61002082B001B9DE
:10B3800001A942B14BB113780B601278101C18BFA1
:10B39000012002B070471046FBE76FF00100F8E7AC
:10B3A00010B5431E0A44914200D110BD11F8014B63
:10B3B00003F8014FF7E7884210B501EB020307D805
:10B3C000421E99420AD011F8014B02F8014FF8E7EA
:10B3D0008342F5D98118D21AD34200D110BD13F897
:10B3E000014D01F8014DF7E702440346934200D1B5
:10B3F000704703F8011BF9E738B502FB01F4214659
:10B4000000F056F8054618B122460021FFF7ECFF80
:10B41000284638BD38B50546002945D051F8043CCA
:10B420000C1F002BB8BFE41802F032F91F4A136852
:10B43000104633B9636014602846BDE8384002F016
:10B4400028B9A3420CD921686218934204BF1A6834
:10B450005B68636004BF521822600460ECE7134627
:10B460005A680AB1A242FAD919685818A0420BD1F9
:10B4700020680144581882421960DDD11068526872
:10B480005A6001441960D7E702D90C232B60D3E737
:10B49000206821188A4204BF11685268626004BFA4
:10B4A000091821605C60C7E738BD00BFF0BD00200F
:10B4B00070B5CD1C25F0030508350C2D38BF0C25C3
:10B4C000002D064601DBA94203D90C23336000207E
:10B4D00070BD02F0DDF8214A1468214691B9204C74
:10B4E00023681BB9304600F0DFFD20602946304656
:10B4F00000F0DAFD431C24D10C233360304602F007
:10B50000C8F8E4E70B685B1B18D40B2B0FD90B6052
:10B51000CD50CC18304602F0BCF804F10B00231DCE
:10B5200020F00700C31AD3D05A42E250D0E78C4231
:10B530004B6816BF636013600C46EBE70C46496826
:10B54000CCE7C41C24F00304A04205D0211A3046E5
:10B5500000F0AAFD0130CFD02560DBE7F0BD002070
:10B56000F4BD00209368013B002B10B4936008DA0F
:10B570009469A34201DB0A2903D15DF8044B00F072
:10B580002BBF1368581C1060197008465DF8044BF7
:10B590007047F8B506460F461446D518AC4201D19F
:10B5A000002007E03A4614F8011B3046FFF7DAFFA7
:10B5B000431CF3D1F8BD00002DE9F04F9DB00C46BF
:10B5C00017460393064618B183690BB901F010FFC3
:10B5D0007B4B9C4257D17468A38918075DD52369BA
:10B5E000002B5AD00023099320238DF829303023D3
:10B5F0008DF82A304FF0010BB846454615F8013B4F
:10B600000BB1252B54D1B8EB070A0BD053463A4661
:10B6100021463046FFF7BDFF013000F0C280099B94
:10B620005344099398F80030002B00F0BA800023AF
:10B630004FF0FF32CDE90523049307938DF8533083
:10B640001A93A846052218F8011B5E4801F0D0FFA6
:10B65000049B78BBD90644BF20228DF853201A07DB
:10B6600044BF2B228DF853202A782A2A2AD0079A01
:10B67000A84600200A25414611F8013B303B092B22
:10B6800069D960B324E0504B9C4201D1B468A3E770
:10B690004E4B9C4208BFF4689EE72146304600F0BE
:10B6A000FBFE00289ED04FF0FF301DB0BDE8F08FAC
:10B6B000A846A2E7434A801A0BFA00F01843049008
:10B6C0004546BEE7039A111D12680391002A01DB6B
:10B6D000079204E0524243F002030792049398F861
:10B6E00000302E2B0ED198F801302A2B38D1039B35
:10B6F0001A1D1B680392002BB8BF4FF0FF3308F1EF
:10B7000002080593324D98F800100322284601F0F4
:10B710006FFF40B14023401B03FA00F0049B03433A
:10B7200008F10108049398F800102A488DF82810B1
:10B73000062208F1010701F05BFF002837D0264BF5
:10B740001BBB039B073323F0070308330393099BB9
:10B750004B44099350E705FB0232012088468AE7F3
:10B76000002308F10108059319460A25404610F800
:10B77000012B303A092A03D9002BC3D00591C1E728
:10B7800005FB012101238046F0E703AB009322462D
:10B79000124B04A9304600F0B7F8B0F1FF3F8146E4
:10B7A000D5D1A3895B063FF57EAF09987DE703AB52
:10B7B00000932246094B04A9304600F05BFBECE7FE
:10B7C00068050400F203040088050400480504002D
:10B7D000F8030400FC03040009B9030093B5030057
:10B7E0002DE9FF4755EC104B0D9FDDF830A0002DE3
:10B7F0000E4691461946B8BF22462B4627F0200731
:10B80000BBBF05F100431D4600232D23B8BF1446DE
:10B81000462F0B7004D0452F00D10136022100E0E5
:10B82000032103AB019302AB00933246534645EC30
:10B83000104B00F035FF472F804602D119F0010F61
:10B8400026D0462F08EB060911D198F80030302B8E
:10B850000AD1002200232046294602F0BBFC18B979
:10B86000C6F10106CAF80060DAF8003099440022F7
:10B8700000232046294602F0ADFC38B93022039B54
:10B880004B4505D2591C03911A70F8E7CDF80C907E
:10B89000039B0E9AA3EB08034046136004B0BDE877
:10B8A000F087F7B500290446BABF49422D232B2360
:10B8B000092904F8022B437020DD0DF107031F4610
:10B8C0000A2691FBF6F506FB15113031092D03F818
:10B8D000011C03F1FF32294609DC3031023B02F83A
:10B8E000011CBB42224604D3101A03B0F0BD13461C
:10B8F000E7E713F8012B04F8012BF2E73023194492
:10B900008370021DC170EFE72DE9F04F8DB00C463A
:10B91000DDF8588016461F46054601F0F3FD036822
:10B920000493184600F023FC00230A93D8F8003053
:10B930000590073323F0070303F1080294F818A0D9
:10B94000D4F800B0C8F80020D3E90023C4E91223DA
:10B95000D4E9128929F000430793CDF818804FF0FD
:10B96000FF32A74BDDE9060102F066FC70BB4FF029
:10B97000FF32A34BDDE9060102F040FC30BB0022A0
:10B9800000234046494602F02FFC10B12D2384F8D5
:10B9900043309C4A9C4BBAF1470F8CBF9046984667
:10B9A00003232BF00402236122604FF0000900976B
:10B9B00033460BAA2146284600F0E6F9013040F054
:10B9C0008D804FF0FF300DB0BDE8F08F42464B4602
:10B9D0004046494602F030FC10B18C4A8C4BDAE705
:10B9E00061684B1C4BF480620AA83ED10623636059
:10B9F0000023CDE9020309AB009349EC108B0DF154
:10BA000023032260CDF804A061682846FFF7E8FE12
:10BA10000AF0DF03472B804609D1099BD81C02DBC3
:10BA20006268934247DDAAF1020A5FFA8AFABAF124
:10BA3000650F099924D80139524604F15000099143
:10BA4000FFF72FFF0A9A1318012A8146236102DCAF
:10BA50002268D10701D5013323619DF82330002BE3
:10BA6000A5D02D2384F84330A1E7BAF1670F00F089
:10BA70007781BAF1470FBBD10029B9D10123B6E7CD
:10BA8000BAF1660F19D1002963680CDD216113B981
:10BA90002268D20702D501330B442361099BA365B9
:10BAA0004FF00009D9E713B92268D00701D5023356
:10BAB000F3E70123F1E74FF0670ADDE9093293422A
:10BAC00005DB22682361D107E8D50133E5E7002BC8
:10BAD000D4BFC3F1020301231344DEE723685A05F0
:10BAE00007D42369424631462846B84701302BD156
:10BAF00067E7BAF1650F40F2DC8000220023D4E949
:10BB0000120102F067FB002833D00123414A31467D
:10BB10002846B84701303FF454AFDDE909239A4283
:10BB200002DB2368D8070FD5DDE904233146284618
:10BB3000B84701303FF445AF4FF0000804F11A094F
:10BB40000A9B013B434509DC23689B0700F1038105
:10BB5000E0680B9B9842B8BF184634E701234A4679
:10BB600031462846B84701303FF42BAF08F10108B1
:10BB7000E6E7099B002B2BDC0123264A31462846A9
:10BB8000B84701303FF41DAF099B23B90A9B13B995
:10BB90002368D907D8D5DDE9042331462846B847BC
:10BBA00001303FF40EAF4FF0000904F11A0A099B6F
:10BBB0005B424B4501DC0A9B94E701235246314628
:10BBC0002846B84701303FF4FCAE09F10109EEE721
:10BBD0000A9AA36D9A42A8BF1A46002A914607DD29
:10BBE0001346314642462846B84701303FF4E9AE95
:10BBF00004F11A034FF0000B29EAE979069315E0E6
:10BC0000FFFFEF7F07040400030404000F04040097
:10BC10000B040400130404000123069A314628464D
:10BC2000B84701303FF4CDAE0BF1010BD4F858A06A
:10BC3000AAEB09035B45EFDCDDE909239A42D04416
:10BC400015DB2368DA0712D40A9B0999A3EB0A02D1
:10BC5000A3EB010A9245A8BF9246BAF1000F0EDC91
:10BC60004FF000082AEAEA7A04F11A0919E0DDE93E
:10BC7000042331462846B8470130E5D1A1E65346B2
:10BC8000424631462846B8470130E9D199E60123BA
:10BC90004A4631462846B84701303FF492AE08F193
:10BCA0000108DDE909239B1AA3EB0A034345EEDCF7
:10BCB0004AE70A9A012A01DCDB073AD5012342460A
:10BCC00031462846B84701303FF47BAEDDE9042316
:10BCD00031462846B847013008F101083FF471AEFB
:10BCE0000A9B002203F1FF3AD4E91201002302F07B
:10BCF00071FAC8B95346424631462846B847013022
:10BD00000ED15EE60123524631462846B84701303F
:10BD10003FF457AE08F101080A9B013B4345F1DCB3
:10BD20004B4604F15002DEE64FF0000804F11A0A17
:10BD3000F2E70123DFE701234A4631462846B847A8
:10BD400001303FF43EAE08F10108E3680B9A9B1AFC
:10BD50004345F0DCFCE64FF0000804F11909F4E774
:10BD600000293FF48BAE0023CDE9020309AB009319
:10BD700049EC108B2260CDF804A00DF12303284676
:10BD8000FFF72EFD804648E62DE9F04791461F4615
:10BD90008A680B69DDF820809342B8BF1346C9F862
:10BDA000003091F8432006460C4612B10133C9F821
:10BDB00000302368990642BFD9F800300233C9F831
:10BDC0000030256815F0060507D104F1190AE3686B
:10BDD000D9F800209B1AAB4228DC94F84330226843
:10BDE000003318BF012392062DD404F143023946D3
:10BDF0003046C047013020D02368E568D9F80020DC
:10BE000003F00603042B08BFAD1AA36822690CBF18
:10BE100025EAE57500259342C4BF9B1AED184FF043
:10BE200000091A344D451AD1002008E0012352467A
:10BE300039463046C047013003D14FF0FF30BDE8EE
:10BE4000F0870135C3E7E1185A1C302081F8430020
:10BE5000224494F8451082F843100233C5E70123C9
:10BE6000224639463046C0470130E6D009F1010983
:10BE7000D8E700002DE9F04301F1430C0C46097EA0
:10BE800085B06E291746064698460C9A00F0B38096
:10BE900022D8632936D00AD8002900F0B980582961
:10BEA00000F0838004F1420584F8421032E06429F6
:10BEB00001D06929F6D120681368050603F1040151
:10BEC0002AD51B681160002B03DA2D225B4284F80F
:10BED00043206F480A2239E0732900F09D8008D87A
:10BEE0006F2920D07029DDD1236843F0200323601F
:10BEF00003E0752917D07829D4D1782384F8453008
:10BF0000644855E01368191D1B68116004F142056F
:10BF100084F8423001238CE01B68116010F0400F60
:10BF200018BF1BB2CFE713682568181D10602806DC
:10BF300001D51B6802E06806FBD51B8854486F29B1
:10BF400014BF0A220822002184F843106568A56006
:10BF5000002DC0F29580216821F004012160002BA2
:10BF60003DD1002D40F08E806546082A0BD1236814
:10BF7000DB0708D5236962689A42DEBF302305F8E3
:10BF8000013C05F1FF35ACEB05032361CDF80080E2
:10BF90003B4603AA21463046FFF7F6FE01304DD15D
:10BFA0004FF0FF3005B0BDE8F083394884F8451004
:10BFB000136821681D1D1B6815600A060BD5CA078A
:10BFC00044BF41F0200121601BB9226822F0200209
:10BFD00022601022B7E74D0648BF9BB2EFE76546E7
:10BFE000B3FBF2F102FB1133C35C05F8013D0B46D4
:10BFF0000029F5D1B9E7136825686169181D10603B
:10C0000028061B6801D5196002E06A06FBD5198075
:10C01000002323616546B9E71368191D11601D6887
:10C0200062680021284601F0E3FA08B1401B606015
:10C0300063682361002384F84330A7E723692A4615
:10C0400039463046C0470130AAD023689B0713D435
:10C05000E068039B9842B8BF1846A3E701234A460D
:10C0600039463046C04701309AD00135E368039A1B
:10C070009B1AAB42F2DCEBE7002504F11909F5E766
:10C08000002BACD1037884F8423004F142056CE710
:10C090001504040026040400024B0A4601461868F1
:10C0A00001F0D4BD4C61002038B5064C0023054694
:10C0B0000846236002F036F9431C02D1236803B11D
:10C0C0002B6038BD1CBE00200CB430B5174B0C1EC5
:10C0D0009DB01D6808DA8B232B604FF0FF301DB038
:10C0E000BDE8304002B070474FF40273ADF8143031
:10C0F00014BF04F1FF332346049307934FF6FF73F5
:10C1000002900690ADF81630209A21AB02A928467D
:10C11000019301F01BFE431CBCBF8B232B60002C42
:10C12000DDD0029B00221A70D9E700BF4C610020CD
:10C13000C9B2034610F8012B1AB18A42F9D1184648
:10C140007047002918BF0023F9E710F8012B11F8F8
:10C15000013B012A28BF9A42F7D0D01A7047034604
:10C1600011F8012B03F8012B002AF9D1704703467F
:10C1700013F8012B002AFBD1181A0138704710B5AB
:10C180006AB10139841810F8013B11F8012F93426C
:10C1900003D1A04201D0002BF5D1981A10BD104652
:10C1A000FCE738B503460D4669B9BDE83840FFF7EE
:10C1B000BFBF431C044629461846FFF7B9FF0028B5
:10C1C000F7D1204638BD0024F5E7F0B503787BB100
:10C1D000044623782046661C7BB14A1E631E12F873
:10C1E000015F4DB113F8017FAF423446F7D0F0E75D
:10C1F0000B78002B18BF0020F0BD1846FCE72DE996
:10C20000F0478046894692461E460F463D460898AE
:10C2100015F8014BFFF791F82044437813F0080319
:10C2200032D12D2C32D17C78BD1C0122002E5DD064
:10C23000102E09D1302C07D12B7803F0DF03582BB7
:10C240004FD16C7810260235002A14BF4FF0004100
:10C250006FF000410027B1FBF6FC384606FB1C1EC0
:10C26000A4F13003092B17D81C46A64223DD7B1C02
:10C2700007D084451CD301D1A64519DB00FB06403D
:10C28000012715F8014BEBE72F46BFE72B2C04BF26
:10C29000BD1C7C781A46C9E7A4F14103192B01D8CB
:10C2A000373CE2E7A4F16103192B04D8573CDCE7E3
:10C2B0004FF0FF37E5E77B1C08D12223C8F8003098
:10C2C0000846BAF1000F07D1BDE8F08702B140423D
:10C2D000BAF1000FF8D00FB105F1FF39CAF800909C
:10C2E000F2E73024002EAFD10826ADE7302CA3D0E2
:10C2F0000A26A9E7084B37B51C68084D236A002BAE
:10C3000008BF2B46009313460A4601462046FFF716
:10C3100076FF03B030BD00BF4C610020B06100204B
:10C32000024B01461868FFF7BFBE00BF4C610020FA
:10C3300010B50446FFF704F82044437803F00303E4
:10C34000012B08BF2034204610BD10B50446FEF76F
:10C35000F7FF2044437803F00303022B08BF203C7F
:10C36000204610BD30B5141E05469BB0184605DAB0
:10C370008B232B604FF0FF301BB030BD4FF40273A6
:10C38000ADF80C3014BF04F1FF332346029305933C
:10C390004FF6FF7300910491ADF80E3002461E9BDC
:10C3A0006946284601F0D2FC431CBCBF8B232B609E
:10C3B000002CE1D0009B00221A70DDE707B5009346
:10C3C00013460A46014603480068FFF7CBFF03B057
:10C3D0005DF804FB4C610020F8B50E461446054696
:10C3E00018B183690BB901F003F8214B9C422AD1A3
:10C3F0006C68A369A360A3891A072ED5236963B368
:10C4000023692068C01A6369F6B28342374604DCA8
:10C410002146284600F082FF28BBA368013BA360A9
:10C4200023685A1C22601E7063690130834204D065
:10C43000A389DB0719D50A2E17D12146284600F01B
:10C440006DFF90B10FE00B4B9C4201D1AC68D0E77F
:10C45000094B9C4208BFEC68CBE72146284600F018
:10C460001BF80028CCD04FF0FF373846F8BD00BF8E
:10C4700068050400880504004805040049B1FF2A46
:10C4800085BF8A2303600A704FF0FF3098BF0120F8
:10C490007047084670470000324B70B51D6806466D
:10C4A0000C4625B1AB6913B9284600F0A1FF2E4B0D
:10C4B0009C420FD16C68B4F90C309AB215072CD499
:10C4C000D00611D40922326043F04003A3814FF01B
:10C4D000FF303EE0254B9C4201D1AC68EBE7244B9A
:10C4E0009C4208BFEC68E6E7510712D5616B41B189
:10C4F00004F14403994202D03046FEF78BFF00233B
:10C500006363A38923F02403A38100236360236969
:10C510002360A38943F00803A38123694BB9A3894E
:10C5200003F42073B3F5007F03D02146304601F0B9
:10C530001BF8A28912F001030CD00023A3606369E9
:10C540005B42A361236953B9B4F90C3013F0800046
:10C55000BAD170BD920758BF6369A360F2E70020AB
:10C56000F7E700BF4C61002068050400880504005F
:10C570004805040008B5062001F006FD012001F081
:10C58000DFFE2DE9F74F03690C69A3428046C0F234
:10C590008280013C01F114074FEA840C00F114067B
:10C5A00057F8245056F8240006EB0C03013507EB2E
:10C5B0000C090193B0FBF5F595B34FF0000A38462E
:10C5C000B646D34650F8042B93B205FB03A34FEABB
:10C5D000134A9BB2ABEB0303120CDEF800B005FB71
:10C5E00002A213FA8BF34FEA124A1FFA82FBDEF81B
:10C5F0000020CBEB124202EB23429BB243EA024300
:10C6000081454FEA224B4EF8043BDBD256F80C3002
:10C6100033B9019B043B9E421A4630D3C8F8104000
:10C62000404601F04DFA002825DB013530464FF039
:10C63000000C57F8042BD0F800E093B2ACEB0303E6
:10C64000120C13FA8EF3C2EB1E4202EB23429BB292
:10C6500043EA0243B9454FEA224C40F8043BE8D292
:10C6600056F8242006EB84032AB9043B9E421A465E
:10C670000BD3C8F81040284603B0BDE8F08F12680D
:10C68000043B002ACAD1013CC5E71268043B002ADA
:10C69000EFD1013CEAE70020EEE7000000000000D7
:10C6A0002DE9F04F57EC106B97B0456A06910446A0
:10C6B0000B921293DDF88080CDE900673DB9102020
:10C6C000FAF798FD6062C0E901550560C560636ACC
:10C6D000196851B15A684A60012393408B60204623
:10C6E00001F00CF8636A00221A603B1EBBBF23F006
:10C6F0000043019300230122ACBFC8F80030C8F802
:10C700000020AF4BDDF8048033EA080314D1129AFD
:10C7100042F20F731360009B23B9C8F31300002883
:10C7200000F04285219BDFF8ACB2002B00F044857D
:10C730000BF1030300F03EBDDDE90067002200239A
:10C740003046394601F046FD814668B1129A012310
:10C750001360219B002B00F024859A4B219A03F152
:10C76000FF3B136000F028BD14AA15A947EC106B1D
:10C77000204601F01CFAC8F30A550490002D7CD025
:10C78000C7F3130343F07F5BB2464BF4401BA5F2A3
:10C79000FF35CDF84C9000228B4B50465946FDF7A3
:10C7A000FFFF81A3D3E90023FEF7B2F980A3D3E909
:10C7B0000023FDF7F7FF064628460F46FEF73EF931
:10C7C0007DA3D3E90023FEF7A3F902460B463046CA
:10C7D0003946FDF7E7FF06460F4601F043FD00220C
:10C7E000824600233046394601F0FEFC48B15046EF
:10C7F000FEF724F932463B4601F0ECFC08B90AF199
:10C80000FF3ABAF1160F59D8704901EBCA01DDE9B8
:10C810000023D1E9000101F005FD002850D00AF104
:10C82000FF3A00230F93149B5D1BB5F1010849BF2C
:10C83000C5F10103002305934FF0000858BF05938D
:10C84000BAF1000F3EDB0023D044CDF838A00793A7
:10C85000069B092B00F29080052BC4BF043B069376
:10C86000069BA3F10203CCBF00250125032B00F298
:10C870008F80DFE803F07D7F3171DDE914531D44C3
:10C8800005F23240202813DDC0F14000009B08FA79
:10C8900000F805F2124023FA00F048EA0000FEF723
:10C8A000BDF801238246A1F1F87B013D139372E7A5
:10C8B000009BC0F1200003FA00F0F0E70123B1E78C
:10C8C0000F90B0E7059BA3EB0A030593CAF10003A1
:10C8D000079300230E93BBE701230A930B9B002BC6
:10C8E00059DD02939946666A00227260042202F1C1
:10C8F00014009842716853D9204600F0CBFE636A59
:10C900003060B9F10E0FD3F800B000F2E680002DD0
:10C9100000F0E3809DED007BBAF1000F8DED107B00
:10C9200074DD2A4A0AF00F0302EBC30393ED007B88
:10C930004FEA2A16F0068DED087B65D5244BDDE91C
:10C940001001D3E90823FEF70DFACDE9000106F046
:10C950000F0603251E4F4CE001230A930B9B534403
:10C9600003F1010902934B46012BB8BF0123BAE73B
:10C970000023B2E70023F0E70125002306930A9580
:10C980004FF0FF3302939946002212230B92AAE73D
:10C9900001230A93F4E70123029399461A46F5E727
:10C9A000013171605200A2E761436F63A787D23FF4
:10C9B000B3C8608B288AC63FFB799F501344D33F8E
:10C9C0000000F07F140404000000F83FD0050400CC
:10C9D000A805040041050400F10708D5DDE90801B8
:10C9E000D7E90023FEF794F8CDE908010135761068
:10C9F0000837002EF0D1DDE90823DDE90001FEF75C
:10CA0000B1F9CDE900011AE00225A3E700F0A0800A
:10CA1000CAF100069F4BA04F06F00F0203EBC203C2
:10CA2000D3E90023DDE91001FEF772F8CDE900013A
:10CA3000361100230225002E7FD1002BE1D10F9B60
:10CA4000002B00F08780DDE900670022934B304621
:10CA5000394601F0C9FB00287CD0B9F1000F79D02C
:10CA6000029B002B35DD0AF1FF3308933946002283
:10CA70008B4B3046FEF74CF8CDE90001029F0135A3
:10CA80002846FDF7DBFFDDE90023FEF741F8002231
:10CA9000844BFDF787FE0546A1F15076002F5DD14E
:10CAA0000022814BDDE90001FDF77AFE2A4633467C
:10CAB000CDE9000101F0B6FB002840F088822A464B
:10CAC00006F10043DDE9000101F08EFB002840F093
:10CAD0007C82DDE91023CDE90023159B002BC0F2F9
:10CAE0005081BAF10E0F00F34C816A4B03EBCA037D
:10CAF00093ED007B0B9B002B8DED027B80F2D880A9
:10CB0000B9F1000F00F3D48040F05E820022664B42
:10CB100051EC170BFDF7FCFFDDE9002301F078FB7A
:10CB20004F464E46002840F0348231230BF1010578
:10CB30008BF800300AF1010A2FE2F20705D5D7E998
:10CB40000023FDF7E5FF013501237610083772E772
:10CB5000022574E7CDF820A04F4691E74D4B03EB3B
:10CB6000C70353E902010A9B002B47D002460B463C
:10CB700000204E49FEF7F6F82A463346FDF710FE30
:10CB8000CDE90C015D46DDE9000101F06BFB0646D5
:10CB9000FDF754FF02460B46DDE90001FDF700FEFC
:10CBA000303605F8016BDDE90C23CDE9000101F019
:10CBB0001BFB002863D1DDE9002300203749FDF786
:10CBC000EFFDDDE90C2301F00FFB002840F0B780FA
:10CBD000A5EB0B039F427FF77CAF0022304BDDE9D2
:10CBE0000C01FDF795FF0022CDE90C012C4BDDE98E
:10CBF0000001FDF78DFFCDE90001C4E72A46334669
:10CC0000FDF786FFCDE90C010BEB07055E46DDE97C
:10CC1000000101F027FB0746FDF710FF3037024601
:10CC20000B46DDE90001FDF7BBFD06F8017BAE42D6
:10CC3000CDE900014FF0000226D11C4BDDE90C01CB
:10CC4000FDF7B0FD02460B46DDE9000101F0EAFA0E
:10CC5000002874D1DDE90C2300201449FDF7A0FD64
:10CC600002460B46DDE9000101F0BEFA00283FF460
:10CC700030AF15F8013C302B05F1FF3202D0DDF862
:10CC800020A04AE01546F4E7054BFDF741FFCDE94A
:10CC90000001BCE7D0050400A80504000000F03F37
:10CCA0000000244000001C40000014400000E03F51
:10CCB000DDE900675D46DDE9022330463946FEF7CF
:10CCC00051F801F0CFFA8046FDF7B8FEDDE9022306
:10CCD000FDF71EFF02460B463046394608F1300686
:10CCE000FDF75EFD05F8016BA5EB0B06B1450246AD
:10CCF0000B4639D1FDF756FDDDE9022306460F4606
:10CD000001F090FAC8B9DDE902233046394601F056
:10CD100061FA10B118F0010F0FD10499204600F00C
:10CD2000EDFC0023129A2B700AF101031360219B82
:10CD3000002B00F041821D603EE2CDF820A015F8E6
:10CD4000012C392A05F1FF3308D19B450AD1089BF4
:10CD50000133089330238BF800305B461A78013298
:10CD60001A708CE71D46EAE700229B4BFDF7D0FEC8
:10CD70000022002306460F4601F02CFA00289AD024
:10CD8000CBE70A9A002A00F08B80069A012A6EDC13
:10CD9000139A002A67D003F23343079F059D059A33
:10CDA00001211A4420460592984400F047FD0646AA
:10CDB000002D0CDDB8F1000F09DD4545059A2B4625
:10CDC000A8BF4346D21A0592ED1AA8EB0308079BA9
:10CDD000EBB10A9B002B67D08FB131463A46204613
:10CDE00000F0CCFD049A01460646204600F02FFDD7
:10CDF00004990890204600F081FC089B0493079B4F
:10CE0000DA1B04D00499204600F0B8FD04900121FB
:10CE1000204600F013FD0E9B0746002B00F0D0814A
:10CE20001A460146204600F0A9FD069B012B074645
:10CE300040DC009B002B39D1019BC3F31303002B73
:10CE400036D1019B23F000431B0D1B052BB1059B25
:10CE50000133059308F10108012307930E9B002B72
:10CE60002AD1012030E0149BC3F1360395E7079BDC
:10CE700009F1FF37BB42BFBF079B0797FA1A0E9B0A
:10CE8000BBBF9B180E93DF1B0027B9F1000FB5BF86
:10CE9000059B059DA3EB09054B46B8BF00237EE724
:10CEA000079F059D0A9E83E7079AABE70023D4E717
:10CEB000009BD2E7002307933B6907EB83031869C4
:10CEC00000F06EFCC0F12000404410F01F0047D07D
:10CED000C0F12003042B3BDD059BC0F11C00034483
:10CEE000059305448044059B002B05DD1A460499F3
:10CEF000204600F091FD0490B8F1000F05DD3946A1
:10CF00004246204600F088FD07460F9B53B3394642
:10CF1000049800F0D5FD002824DA00230A220499A1
:10CF2000204600F002FC0A9B04900AF1FF3A002B15
:10CF300000F04D81002331460A22204600F0F5FB27
:10CF4000029B002B06464FDC069B022B4CDD11E0BA
:10CF5000C9D0059A1C331A4405921D449844C2E76F
:10CF60000346F6E7B9F1000F38DC069B022B35DDEE
:10CF7000CDF80890029B63B939460522204600F09F
:10CF8000D4FB01460746049800F09AFD00283FF7BD
:10CF9000CCAD0B9B5D466FEA030A4FF000093946A2
:10CFA000204600F0ABFB002E3FF4B7AEB9F1000F06
:10CFB00005D0B14503D04946204600F09FFB3146DD
:10CFC000204600F09BFBA8E600273E46E1E7DDF89F
:10CFD00020A03E46A9E500BF000024400A9BCDF8F2
:10CFE0000890002B00F0FA80002D05DD31462A461E
:10CFF000204600F011FD0646079B002B4CD07168BF
:10D00000204600F047FB326902320546920006F1E5
:10D010000C010C30FEF7C4F901222946204600F02D
:10D02000FBFC009BCDF814B003F00103B14607935D
:10D03000064639460498FFF7A4FA4946054600F12A
:10D040003008049800F03CFD3246009039462046F6
:10D0500000F050FDC368024603BB014608900498E7
:10D0600000F02EFD089A034611462046089300F072
:10D0700045FB089BA3B9069A92B9079A82B9B8F101
:10D08000390F29D0009B002B01DD05F13108059BEC
:10D090005D1C83F8008082E73046C2E70123E3E7A6
:10D0A000009A002A04DB25D1069A1ABB079A0ABB0C
:10D0B000002BECDD01220499204600F0ADFC39463E
:10D0C000049000F0FDFC002803DCE0D118F0010F13
:10D0D000DDD0B8F1390FD8D1059B059A5D1C3923F5
:10D0E000137015F8013C392B05F1FF324FD0013395
:10D0F000137054E7059A002B02F1010506DDB8F123
:10D10000390FE9D008F10108059BC2E7029A05F83A
:10D11000018CA5EB0B03934221D000230A22049932
:10D12000204600F002FBB14504904FF000034FF0A1
:10D130000A024946204605D100F0F7FA8146064624
:10D14000059576E700F0F1FA3146814600230A2280
:10D15000204600F0EAFA0646F2E74FF00009012205
:10D160000499204600F058FC3946049000F0A8FCD1
:10D170000028B6DC02D118F0010FB2D115F8013C3D
:10D18000302B05F1FF327FF40AAF1546F6E79345E1
:10D1900005D131230AF1010A8BF80030FFE615466C
:10D1A0009FE7DFF864B007E0219BDFF860B01BB1B8
:10D1B0000BF10803219A1360584617B0BDE8F08FB1
:10D1C000069B012B7FF735AE0E9B079349E6029B2A
:10D1D000002B03DC069B022B3FF7CCAE5D463946A5
:10D1E0000498FFF7CEF900F1300805F8018B029A98
:10D1F000A5EB0B039A42B0DD00230A2204992046D6
:10D2000000F093FA0490EAE71304040038050400E0
:10D210008A892DE9F041054610070C4658D44B6821
:10D22000002B05DC0B6C002B02DC0020BDE8F0813C
:10D23000E66A002EF9D0002312F480522F68216A8A
:10D240002B6032D0606DA3895A0705D56368C01A78
:10D25000636B0BB1236CC01A00230246E66A216A95
:10D260002846B047431CA38906D129681D2948D800
:10D27000294ACA40D60744D500226260D9042269EF
:10D28000226004D5421C01D12B6803B96065616B33
:10D290002F600029C9D004F14403994202D02846E6
:10D2A000FEF7B8F800206063C0E701232846B047C6
:10D2B000411CC8D12B68002BC5D01D2B01D0162BCB
:10D2C00001D12F60B1E7A38943F04003A381ADE70B
:10D2D0000F69002FA9D093070E6808BF4B690F6034
:10D2E00018BF0023A6EB07088B60B8F1000F9CDD88
:10D2F00043463A46216AA66A2846B047002806DC1B
:10D30000A38943F04003A3814FF0FF308EE7074429
:10D31000A8EB0008E9E700BF0100402038B50B6921
:10D3200005460C46DBB118B183690BB900F060F813
:10D330000C4B9C4209D16C68B4F90C307BB121468E
:10D340002846BDE83840FFF763BF074B9C4201D138
:10D35000AC68F1E7054B9C4208BFEC68ECE70020A5
:10D3600038BD00BF680504008805040048050400B6
:10D37000002310B50446C0E9003383608181436611
:10D38000C281C0E904338361194608225C30FEF78C
:10D390002BF8054B6362054BA362054BE362054B1B
:10D3A0002462236310BD00BFC1DF0300E3DF03007D
:10D3B0001BE003003FE00300014900F085B800BF17
:10D3C0001DD3030070B54A1E682555430E4605F16E
:10D3D0007401FEF76DF8044640B10021C0E9001663
:10D3E0000C30A06005F16802FDF7FEFF204670BD1D
:10D3F000836910B5044633BBC0E912330365124B91
:10D40000124A1B688262984204BF0123836100F0C4
:10D410001FF86060204600F01BF8A060204600F076
:10D4200017F80022E06004216068FFF7A1FF0122E5
:10D430000921A068FFF79CFF02221221E068FFF794
:10D4400097FF0123A36110BDE4030400B9D30300D7
:10D45000F8B51B4B1E68B369074613B93046FFF792
:10D46000C7FF4836D6E90134013B03D5336833B1F1
:10D470003668F7E7B4F90C506DB16834F4E704216D
:10D480003846FFF79FFF30600028F1D10C233B6046
:10D4900004462046F8BD0B4B6566C4E90055A560FF
:10D4A000C4E90335C4E905550822294604F15C00A6
:10D4B000FDF79AFFC4E90D55C4E91255E9E700BF2D
:10D4C000E40304000100FFFF2DE9F843804689468C
:10D4D00000F14804002614B93046BDE8F883D4E9C9
:10D4E0000175013F01D52468F5E7AB89012B07D908
:10D4F000B5F90E30013303D029464046C8470643EC
:10D500006835EEE7044B1B68186A044B002808BF17
:10D510001846F030704700BF4C610020B061002019
:10D5200070B50E46B1F90E10002996B014461D468E
:10D5300007DA00232B60B3891A0610D44FF48063F6
:10D540000EE06A4600F0A2FD0028F2DB019A02F428
:10D550007042A2F500535A425A412A60EEE7402336
:10D560000020236016B070BD8B8973B59D070646F9
:10D570000C4607D504F1470323602361012363614F
:10D5800002B070BD01AB6A46FFF7CAFF00990546BD
:10D590003046FDF78DFF48B9B4F90C309A05EFD449
:10D5A00023F0030343F00203A381E3E70D4BB362CF
:10D5B000A389206043F08003A381009B6361019BEA
:10D5C00020615BB1B4F90E10304600F071FD28B156
:10D5D000A38923F0030343F00103A381A3891D431F
:10D5E000A581CDE7B9D303000000000000000000D2
:10D5F00001F0FF01102A2BDB10F0070F08D010F804
:10D60000013B013A8B422DD010F0070F42B3F6D107
:10D61000F0B441EA012141EA014122F007047FF020
:10D6200000070023F0E80256083C85EA010586EA77
:10D63000010685FA47F5A3FA87F586FA47F6A5FAB3
:10D6400087F68EB9EED1F0BC01F0FF0102F00702BF
:10D6500032B110F8013B013A83EA010313B1F8D16A
:10D660000020704701387047002D06BF354603384B
:10D67000073815F0010F07D1013015F4807F02BF84
:10D68000013015F4C03F0130F0BC0138704700BFD5
:10D690007047704770B5456A04460E463DB9102084
:10D6A000F9F7A8FD6062C0E901550560C560656ACB
:10D6B000EB6883B1636ADB6853F82600B8B90121CF
:10D6C00001FA06F56A1D92002046FDF795FE60B14D
:10D6D000C0E901650EE0212204212046FDF78CFE01
:10D6E000636AE860DB68002BE4D1002070BD02684B
:10D6F00043F826200023C0E90333F7E770B5446AF6
:10D7000006460D463CB91020F9F774FD7062C0E979
:10D7100001440460C4603DB1736A6A68DB6853F811
:10D720002210296043F8225070BD2DE9F0410D69A7
:10D730001F4606460C4601F1140C0023DCF80000DD
:10D7400081B202FB01710F0C000C02FB007089B268
:10D75000013301EB00419D424FEA10474CF8041B96
:10D76000ECDCD7B1A368AB4212DC61683046013112
:10D77000FFF790FF2269023204F10C01804692000B
:10D780000C30FDF70DFE21463046FFF7B7FF44464B
:10D7900004EB850301355F6125612046BDE8F0811A
:10D7A000020C12040346B2B90304102013F07F4F99
:10D7B00004BF1B02083013F0704F04BF1B0104307C
:10D7C00013F0404F04BF9B000230002B06DB5B00D0
:10D7D00003D5013070470020E8E720207047036838
:10D7E00013F0070201460BD0DA0723D4980749BF8C
:10D7F0005B089B0801200B605CBF0B600220704738
:10D8000098B2A8B91B0C102013F0FF0F04BF1B0A1D
:10D8100008301A0704BF1B0904309A0704BF9B088D
:10D820000230DA0702D45B0806D001300B60704783
:10D830001046E9E7002070472020704710B50C46DD
:10D840000121FFF727FF01224461026110BD2DE98C
:10D85000F74F14460A6923699A42B8BF0B468846B7
:10D86000BCBFA0461C46D8F81070D4F81090D8F869
:10D870000830D8F8041007EB0906B342B8BF0131ED
:10D88000FFF708FF00F1140505EB860E2B4600227A
:10D89000734516D304F1140208F1140102EB890355
:10D8A00001EB87070093009B019293420CD8002E56
:10D8B00003DD5EF8043D002B5DD0066103B0BDE8DA
:10D8C000F08F43F8042BE3E7B2F800B0BBF1000F90
:10D8D00023D08946AC464FF0000859F8044BDCF8D9
:10D8E00000A0A3B21FFA8AFA0BFB03A34FEA144A63
:10D8F000DCF8004043444FEA14480BFB0A8404EB75
:10D900001344E2469BB243EA04434F454FEA1448AE
:10D910004AF8043B2BD8CCF80480019BB3F802A052
:10D920000432BAF1000F20D02B688946A8464FF088
:10D93000000BB9F800C0B8F802400AFB0C445C4484
:10D94000C4469BB243EA04434CF8043B59F8043BF9
:10D95000B8F804B01B0C0AFB03B303EB14434F45A8
:10D960004FEA134B05D8C8F8043004359BE7D4467A
:10D97000B3E7E046DDE7013E99E700002DE9F84313
:10D98000154612F0030206460F4607D0013A214C15
:10D99000002354F82220FFF7C8FE0746AD1035D00B
:10D9A000746A3CB91020F9F725FC7062C0E90144A3
:10D9B0000460C460D6F82480D8F808404CB940F21E
:10D9C00071213046FFF73AFF0023C8F808000446EB
:10D9D00003604FF00008EB070AD53946224630466F
:10D9E000FFF735FF394681463046FFF787FE4F4641
:10D9F0006D100BD0206838B9224621463046FFF71B
:10DA000026FF2060C0F800800446E4E73846BDE801
:10DA1000F88300BF980604002DE9F0470C464FEA52
:10DA2000621A236949680AEB0309A3680746164688
:10DA300009F10105AB4232DB3846FFF72BFE00232C
:10DA4000804600F114011A4653452BDB20692AEA6F
:10DA5000EA7A04F1140316F01F0201EB8A0103EBCA
:10DA6000800C25D0C2F1200E00201E688A46964008
:10DA700030434AF8040B53F8040B9C4520FA0EF08F
:10DA800014D8486008B109F10205013D3846C8F8CC
:10DA900010502146FFF732FE4046BDE8F0870131C5
:10DAA0005B00C7E741F823200133CDE75146DCE7AF
:10DAB000043953F8042B41F8042F9C45F9D8E4E7C6
:10DAC00003690A699B1A30B50CD1920014301431E5
:10DAD0008418114454F8045D51F8042D954203D084
:10DAE00005D30123184630BDA042F3D3FAE74FF027
:10DAF000FF33F7E72DE9F0470D4607461146284664
:10DB00001446FFF7DDFF061E08D131463846FFF701
:10DB1000C1FD0123C0E90436BDE8F087A4BF234658
:10DB20002C4638466168A6BF1D4600260126FFF731
:10DB3000B1FD2B69C660266905F1140904F11402D0
:10DB400002EB860709EB830800F114054FF0000E85
:10DB500052F804AB59F8044B1EFA8AF1A3B2C91A61
:10DB6000230CC3EB1A4303EB214389B24FEA234E44
:10DB7000C84541EA0343944645F8043BE8D8BC4510
:10DB800004D355F8043D83B10661C5E75CF8041B76
:10DB90001EFA81F31A1402EB11429BB243EA0243CC
:10DBA0004FEA224E45F8043BE9E7013EE9E72DE95B
:10DBB000F7430E46012159EC108B1546FFF76AFD1D
:10DBC000C9F30A540746C9F3130334BB0193B8F1F0
:10DBD000000327D002A840F8083DFFF700FE009997
:10DBE000F0B1019AC0F1200302FA03F30B43C240E3
:10DBF0007B610192019BBB61002B14BF02210121BB
:10DC00003961C4B1A4F2334404443460C0F1350036
:10DC10002860384603B0BDE8F08343F48013D5E7AD
:10DC20007961E7E701A8FFF7DAFD019B7B6101213C
:10DC300039612030E5E707EB8103A0F23240306024
:10DC40001869FFF7ADFDC0EB4110E1E7F8B50746F5
:10DC500014460E4621B91146BDE8F840FDF728BC30
:10DC600022B9FDF7D7FB25462846F8BD00F042FA59
:10DC7000A0420FD221463846FDF71AFC054600287F
:10DC8000F2D031462246FDF78BFB31463846FDF790
:10DC9000C1FBE9E73546E7E72DE9F0478E689E428C
:10DCA00082460C469046994637D88A8912F4906F7E
:10DCB00031D0256809696F1A6569022305EB4505AE
:10DCC00095FBF3F509F101033B449D4238BF1D4626
:10DCD000530530D52946FDF7EBFB064650B90C231A
:10DCE000CAF80030A38943F04003A3814FF0FF300E
:10DCF000BDE8F0873A462169FDF752FBA38923F47A
:10DD0000906343F08003A381266165613E44ED1B6F
:10DD10002660A5604E464E4500D94E4632464146E5
:10DD20002068FDF748FBA3689B1BA36023681E4483
:10DD300026600020DCE72A46FFF788FF0646002819
:10DD4000E2D121695046FDF765FBC8E72DE9F04FA8
:10DD50009DB0804603938B891D060C4616460FD551
:10DD60000B696BB94021FDF7A3FB2060206128B946
:10DD70000C23C8F800304FF0FF30C7E04023636148
:10DD80000023099320238DF8293030238DF82A3081
:10DD90004FF0010B37463D4615F8013B0BB1252BE3
:10DDA0003ED1B7EB060A0BD05346324621464046D9
:10DDB000FFF772FF013000F0A480099B53440993E0
:10DDC0003B78002B00F09D8000234FF0FF32CDE91F
:10DDD0000523049307938DF853301A932F46052299
:10DDE00017F8011B4F48FFF703FC049BD0B9D90675
:10DDF00044BF20228DF853201A0744BF2B228DF8F0
:10DE000053202A782A2A15D0079A2F4600200A255F
:10DE1000394611F8013B303B092B4DD9B8B10FE021
:10DE20002F46B8E73F4A801A0BFA00F018430490D7
:10DE30003D46D3E7039A111D12680391002A01DBC6
:10DE4000079204E0524243F00203079204933B78A6
:10DE50002E2B0CD17B782A2B33D1039B1A1D1B68E8
:10DE60000392002BB8BF4FF0FF33023705932E4DBE
:10DE7000397803222846FFF7BBFB38B14023401B0B
:10DE800003FA00F0049B03430137049339782748D1
:10DE90008DF8281006227E1CFFF7AAFB002838D038
:10DEA000234B13BB039B073323F007030833039370
:10DEB000099B4B4409936DE705FB023201200F4695
:10DEC000A6E700230137059319460A25384610F8BE
:10DED000012B303A092A03D9002BC8D00591C6E797
:10DEE00005FB012101230746F0E703AB009322461F
:10DEF000104B04A94046FDF707FDB0F1FF3F8146F6
:10DF0000D6D1A3895B063FF536AF09981DB0BDE8B1
:10DF1000F08F03AB00932246064B04A94046FDF761
:10DF2000A9FFEAE7F2030400F8030400FC0304007D
:10DF300009B9030099DC03001F2938B504460D46D2
:10DF400004D9162303604FF0FF3038BD426C12B184
:10DF500052F821304BB9204600F030F82A460146ED
:10DF60002046BDE8384000F017B8012B0AD0591CF4
:10DF700003D1162303600120E7E7002442F825407F
:10DF8000284698470020E0E7024B01461868FFF753
:10DF9000D3BF00BF4C61002038B5074C00230546B5
:10DFA00008461146236000F0A5F9431C02D12368FE
:10DFB00003B12B6038BD00BF1CBE002000F08AB941
:10DFC00010B50C46B1F90E1000F09CF80028ABBF5C
:10DFD000636DA3891B1823F48053ACBF6365A381D1
:10DFE00010BD2DE9F0411F468B89DB0505460C4627
:10DFF000164605D502230022B1F90E1000F068F88C
:10E00000A389B4F90E1023F48053A38132463B4612
:10E010002846BDE8F04100F017B810B50C46B1F93C
:10E020000E1000F055F8431CA38915BF606523F45A
:10E03000805343F48053A38118BFA38110BDB1F96D
:10E040000E1000F013B8000038B5074C054608461E
:10E050001146002222601A46FBF730FC431C02D115
:10E06000236803B12B6038BD1CBE002038B5064CB8
:10E07000002305460846236000F01CF9431C02D12A
:10E08000236803B12B6038BD1CBE002038B5074C97
:10E090000023054608461146236000F013F9431C8F
:10E0A00002D1236803B12B6038BD00BF1CBE002025
:10E0B00038B5064C002305460846236000F012F9E7
:10E0C000431C02D1236803B12B6038BD1CBE002065
:10E0D00038B5074C054608461146002222601A460C
:10E0E00000F010F9431C02D1236803B12B6038BD46
:10E0F0001CBE002051F8043C181F002BBCBF0B585D
:10E10000C018704738B5074C05460846114600222E
:10E1100022601A4600F0FEF8431C02D1236803B1C6
:10E120002B6038BD1CBE00204FF0FF3C06E000BF56
:10E130004FF0010C02E000BF4FF0010C4DF804CD90
:10E140004FEA410C7FEA6C5C4FEA430C18BF7FEA50
:10E150006C5C1BD001B050EA410C0CBF52EA430C7E
:10E1600091EA030F02BF90EA020F0020704710F1FE
:10E17000000F91EA030F58BF994208BF90422CBF8D
:10E18000D8176FEAE37040F0010070474FEA410C86
:10E190007FEA6C5C02D150EA013C07D14FEA430CA4
:10E1A0007FEA6C5CD6D152EA033CD3D05DF8040B15
:10E1B000704700BF8446104662468C461946634647
:10E1C00000E000BF01B5FFF7B7FF002848BF10F11E
:10E1D000000F01BD4DF808EDFFF7F4FF0CBF012063
:10E1E00000205DF808FB00BF4DF808EDFFF7EAFFDF
:10E1F00034BF012000205DF808FB00BF4DF808ED9A
:10E20000FFF7E0FF94BF012000205DF808FB00BF8E
:10E210004DF808EDFFF7CEFF94BF012000205DF818
:10E2200008FB00BF4DF808EDFFF7C4FF34BF012025
:10E2300000205DF808FB00BF4FEA410C7FEA6C5CF0
:10E2400002D150EA013C0AD14FEA430C7FEA6C5CF0
:10E2500002D152EA033C02D14FF0000070474FF068
:10E26000010070474FEA410212F5001215D211D594
:10E270006FF47873B3EB625212D94FEAC12343F0C3
:10E28000004343EA505311F0004F23FA02F018BF45
:10E29000404270474FF00000704750EA013005D10E
:10E2A00011F0004008BF6FF0004070474FF00000D1
:10E2B000704700BF024B58221A604FF0FF30704782
:10E2C0001CBE0020024B58221A604FF0FF307047EE
:10E2D0001CBE0020024B58221A604FF0FF307047DE
:10E2E0001CBE0020024B58221A600020704700BF5D
:10E2F0001CBE0020024B58221A604FF0FF307047BE
:10E300001CBE0020024B58221A604FF0FF307047AD
:10E310001CBE0020024B58221A604FF0FF3070479D
:10E320001CBE0020044A05491368002B08BF0B4699
:10E330001844106018467047F8BD002020BE002029
:10E34000FEE700BFF8B500BFF8BC08BC9E467047AA
:10E35000F8B500BFF8BC08BC9E46704754696E799A
:10E360005553422053657269616C00000000000043
:10E370000000000031650200896302007963020039
:10E380006D630200F16202003D630200116302004E
:10E39000D1630200F0FFFFFF0000000029650200CA
:10E3A00012010002000000409A23B30000010102A4
:10E3B0000301000009020900000100A03200000072
:10E3C00030313233343536373839414243444546AB
:10E3D0004E6F6C6F676F000050726F4D6963726FA4
:10E3E000204E5246353238343000000041646166B8
:10E3F00072756974000000004D6173732053746F6F
:10E400007261676500000000312E30007573626430
:10E4100000000000050F3900021810050038B6088A
:10E4200034A909A0478BFDA0768815B665000101C7
:10E43000011C100500DF60DDD88945C74C9CD26502
:10E440009D9E648A9F00000306B200020001030043
:10E450000000000019700200A9700200D5700200CF
:10E460001D71020029720200FD720200000000000E
:10E4700000000000757D020000000000857D0200A4
:10E48000957D02002D7E02007D7F020000000000CD
:10E4900000000000B5740200CD740200D1740200C7
:10E4A000E9740200B1750200D97702000000000093
:10E4B00000000000758C0200998C02009D8C020007
:10E4C000C18C0200E98D0200699502000000000085
:10E4D00000000000997802000979020035790200F5
:10E4E0005D790200917A0200957A02000000000036
:10E4F000000000004D860200A5860200C1860200D1
:10E50000E58602003D6D02001D880200000000004B
:10E510005F757362645F7164656600005D20000072
:10E5200010E7030018E7030020E7030028E70300D3
:10E5300034E703003CE7030048E7030058E7030023
:10E5400064E7030041542B434D49434741494E3D45
:10E550002575000041542B43434C4B3F0000000005
:10E560002B434D4752443A002B434D47523A00004B
:10E570006E6F202B434D47522068656164657220A1
:10E58000696E207265706C7900000000756E6578A8
:10E59000706563746564202B434D4752207061722F
:10E5A000616D657465727320282564290000000080
:10E5B00041542B43535100002B4353513A00000068
:10E5C0006E6F20273E272070726F6D707400000000
:10E5D00041542B434C49503D3100000041542B43E2
:10E5E0004C564C3D2575000041542B435344564333
:10E5F0003D25750041544425733B000069676E6FEB
:10E600007265643A202573004154453000000000D3
:10E61000415400004154410041542B43485550009F
:10E620006E6F74696669636174696F6E2071756578
:10E6300075652066756C6C2C2064726F7070696EE5
:10E64000673A2025730000004552524F52000000E7
:10E650002B434D45204552524F5200002B434D5302
:10E66000204552524F5200002573202D3E20257325
:10E670000000000025732074696D6564206F757457
:10E68000000000002B00000041542B434D47533D38
:10E69000222573220000000073656E6420666169A4
:10E6A0006C65643A2025730073656E642074696D2F
:10E6B0006564206F757400005258202573000000B7
:10E6C0006F76657273697A6564206C696E65206423
:10E6D00069736361726465640000000041542B43F8
:10E6E000504D533F0000000041542B434D47463DE1
:10E6F0003100000041542B434D47443D2575000037
:10E7000054582025730000006D6F64656D00000093
:10E7100052494E47000000002B434C49503A00003C
:10E720002B434D54493A00004E4F20434152524929
:10E73000455200002B43454E443A0000564F494392
:10E74000452043414C4C3A004D49535345445F43A7
:10E75000414C4C3A000000004E4F20414E5357456B
:10E76000520000004255535900000000756E706160
:10E7700072736561626C653A2025730074696D651A
:10E78000000000006F7574206F662072616E67650F
:10E790003A20257300000000253032753A253032CA
:10E7A0007500000000000000000000002D43030081
:10E7B000155E0300996A02009DDD0200B5DD0200CE
:10E7C000ED330300F13303007D3703000134030010
:10E7D0001534030049360300ED3303002D340300E4
:10E7E00029340300AD390300D1380300F9340300A4
:10E7F000A1DD0200513403007935030063616C6CC4
:10E80000206661696C656400082008006E616D65B2
:10E810002F6E756D626572202055502F444E20205A
:10E82000454E542063616C6C20204553430000002A
:10E830006E616D652F6E756D626572202055502F6B
:10E84000444E2020454E54202045534300000000F4
:10E8500043616C6C3A200000546F3A2000000000C5
:10E860005F00000074797065206D73672020454E4D
:10E87000542073656E64202045534300202000001F
:10E8800041542B434D47523D2564000041542B53C6
:10E89000494D544F4E453D300000000041542B433C
:10E8A00050544F4E453D3000696E626F7800000055
:10E8B000636F6D706F7365007374617475730000BE
:10E8C00063616C6C000000006469616C0000000012
:10E8D0002A0000002F00000041542B53494D544F93
:10E8E0004E453D312C3835302C3330302C323030E1
:10E8F0002C3138303000000041542B4350544F4EDF
:10E90000453D38006E6F206C6F63616C2072696EDC
:10E910006720746F6E6520737570706F727400007D
:10E92000747A206F6666736574206E6F7720256435
:10E93000206D696E000000006576656E7400000051
:10E940004E6577206D657373616765202D2D206995
:10E950006E626F78206F6E20455343004E657720BE
:10E960006D6573736167652066726F6D20000000CE
:10E97000564F4943452043414C4C3A204245474974
:10E980004E0000002B43454E44000000564F4943C3
:10E99000452043414C4C3A20454E440063616C6C29
:10E9A00020656E64656400004D697373656420635F
:10E9B000616C6C3A200000006F6B000064656C6550
:10E9C000746520736C6F742025643A2025730000F1
:10E9D0002B3100006B62204F4B0000006B62203F28
:10E9E0003F00000020206D6F64656D204F4B0000DC
:10E9F00020206D6F64656D203F3F0000707265736D
:10EA000073206B65797320746F2074657374202094
:10EA1000455343206261636B000000006469792DF7
:10EA200070686F6E65200000736967200000000049
:10EA30002020736D7320000041542B434F50533FEF
:10EA40000000000072616D20000000006B000000FB
:10EA50006D69737365643A00206E6F6E6500000027
:10EA60006B65793A200000004641494C454400005E
:10EA70006465627567206F6E0000000064656275F2
:10EA800067206F66660000004154490041542B43E3
:10EA900050494E3F0000000041542B435245473F30
:10EAA00000000000646562756700000072616D001F
:10EAB000206279746573206672656500636F6D6DA1
:10EAC000616E64733A000000202041542E2E2E20E7
:10EAD000202073656E6420616E7920415420636F3D
:10EAE0006D6D616E6420746F20746865206D6F6455
:10EAF000656D2C207072696E742074686520726573
:10EB0000706C7900202073746174757320206D6FB0
:10EB100064656D206865616C746820636865636B0B
:10EB20000000000020206465627567202020746F5B
:10EB300067676C65207261772041542054582F52CA
:10EB4000582074726163696E670000002020726152
:10EB50006D202020202073686F7720667265652005
:10EB600052414D00202068656C7020202020746880
:10EB70006973206C69737400656D696C6965000068
:10EB80006C697A00646F6E005B6F6B5D2000000043
:10EB90005B2D2D5D20000000454E5420616E737783
:10EBA000657220204553432072656A6563740000D6
:10EBB00055502F444E20766F6C20204C2F52206DE4
:10EBC000696320204553432068616E67207570009B
:10EBD000696E2063616C6C00696E636F6D696E674E
:10EBE0002063616C6C00000063616C6C696E672E61
:10EBF0002E2E0000766F6C200000000020206D6932
:10EC000063200000302D3920747970652020454E36
:10EC1000542063616C6C20204553432063616E6314
:10EC2000656C000055502F444E204420523A7265C6
:10EC3000706C7920503A63616C6C2045534300003E
:10EC40003C756E6B6E6F776E3E0000007C000000BE
:10EC50002D2D3A2D2D000000696E626F7820656DB4
:10EC6000707479006D6F64656D206F66666C696E97
:10EC7000650000004D3A6D736720433A63616C6C28
:10EC800020454E5420442052205020302D3920540D
:10EC900041420000433A20636F6D706F736500005E
:10ECA0002E2E2E00206E65776572000073656E74DF
:10ECB0000000000053454E44204641494C45442045
:10ECC0002D2D204320726573756D65730000000063
:10ECD000647261667420726573756D65640000000E
:10ECE00073656E64696E672E2E2E00006472616615
:10ECF00074207361766564202D2D20432072657326
:10ED0000756D65730000000063616C6C2072656A4C
:10ED10006563746564000000270000002720202838
:10ED20003078000029000000636F646520307800AF
:10ED300073656E6420746F2025733A20257300007C
:10ED400041542B434D474C3D22414C4C2200000086
:10ED500041542B434D474C206661696C656400004B
:10ED6000736D73002B434D474C3A0000554E52458E
:10ED7000414400002564206D6573736167652873E5
:10ED8000292C20256420756E7265616400000000E6
:10ED9000A8F00300B0ED030020007E001200000088
:10EDA000ECF60300F4F3030020007E0012000000E4
:10EDB000000000000B0001000000020B0B04F60035
:10EDC000030006050B02F6000700070C0B02F60015
:10EDD0001200080C0B01F6001E00070B0B02F600D8
:10EDE0002800070A0B02F700310003050B04F600A8
:10EDF0003300020D0B05F6003700020D0B04F60080
:10EE00003B0007070B02F600420007070B02F80061
:10EE1000490003050B02FF004B0009010B01FB0039
:10EE20004D0002020B04FF004E00070D0B02F5001F
:10EE30005A00070B0B02F6006400050B0B03F600EB
:10EE40006B00070B0B02F6007500080B0B01F600B8
:10EE50008000060B0B03F6008900070B0B02F6007F
:10EE60009300070B0B02F6009D00070B0B02F60048
:10EE7000A700070B0B02F600B100070B0B02F60010
:10EE8000BB0002080B04F900BD00030B0B03F900E3
:10EE9000C20008080B01F800CA0009040B01FA00BF
:10EEA000CF0009080B01F800D800070A0B02F70091
:10EEB000E100080C0B02F600ED000B0A0B00F70056
:10EEC000FB00090A0B01F7000701090A0B01F70013
:10EED0001301090A0B01F7001F01090A0B01F700D2
:10EEE0002B01090A0B01F70037010A0A0B01F70091
:10EEF0004401090A0B01F7005001050A0B03F70052
:10EF00005701080A0B02F7006101090A0B01F7001B
:10EF10006D01080A0B02F70077010B0A0B00F700DE
:10EF20008501090A0B01F7009101090A0B01F7009D
:10EF30009D01080A0B01F700A701090D0B01F7005D
:10EF4000B601090A0B01F700C201070A0B02F7001C
:10EF5000CB01090A0B01F700D701090A0B01F700E1
:10EF6000E3010B0A0B00F700F1010B0A0B00F7009D
:10EF7000FF01090A0B01F7000B02090A0B01F70058
:10EF80001702070A0B02F7002002020D0B05F6001C
:10EF90002402070D0B02F5003002020D0B04F600EF
:10EFA000340207050B02F60039020B010B000200C8
:10EFB0003B0203030B03F5003D0209080B01F900B6
:10EFC0004602090B0B01F600530207080B02F90079
:10EFD0005A02090B0B01F600670208080B01F90041
:10EFE0006F02060B0B03F6007802090B0B01F90008
:10EFF0008502090B0B01F6009202070A0B02F700CB
:10F000009B02050D0B03F700A402080B0B02F60090
:10F01000AF02070B0B02F600B90209080B01F90059
:10F02000C20209080B01F900CB0209080B01F90023
:10F03000D402090B0B01F900E102090B0B01F900E5
:10F04000EE0207080B03F900F50207080B02F900AE
:10F05000FC02080A0B02F700060308080B01F9007E
:10F060000E0309080B01F900170309080B01F90049
:10F07000200309080B01F9002903090B0B01F90012
:10F08000360307080B02F9003D03030D0B04F600DD
:10F090004203010D0B05F6004403030D0B04F600BB
:10F0A000490307030B02FA00AAA80CED2492482496
:10F0B00048912FE4897F28512240083E6240300E5B
:10F0C0000181C3BE08087112238023B80E22447048
:10F0D000388102061A6546C8ECE9245AAAA940A953
:10F0E000555A8010224BE3051100102047F102040D
:10F0F000006B48FF00F00208106081040820410204
:10F100000800388A0C183060C18288E02728421035
:10F1100084213E388A08102082086103F87C0602A8
:10F12000021C06010101423C18A2928A28BF082154
:10F13000C07C8103E44040810388E01E41040B98B9
:10F14000B0C1C288E0FE0408204082040820403894
:10F150008A0C14471141838CE0388A1C1868CE81D0
:10F160000413C0F00F6C00D2D200030418606018C2
:10F170000403FF80001FF040180300602060C0807F
:10F180003D840830C2000000303C46828EB2A2A20C
:10F190009F8080403C3C014028090110420FC1047F
:10F1A000409E3CFE21904867E209028141FF803E7B
:10F1B000B0F0300804020080608F80FE2190681457
:10F1C0000A050283437F00FF20900887C221008147
:10F1D00040FFC0FFA0500887C22100804078001E79
:10F1E000986C0A008020F80B026087C0E3A090486A
:10F1F00027F20904824171C0F90842108427C01F18
:10F2000002020202028282C678E3A111090583216B
:10F2100008844170C0E04040404040414141FFE02F
:10F22000EC194528A4A494911202405C1CC3B0942C
:10F230004A249249148A4370801E319050180C065B
:10F240000282630F00FE434141427C404040F01C7B
:10F25000319050180C060282631F04079230FE2181
:10F2600090482423E110844170C03ACD0A03018004
:10F27000C1C778FFC462210080402010081F00E34E
:10F28000A090482412090482220E00F1E810821096
:10F290004210220480500C0080F1E809112544A896
:10F2A000550CA18C318430E3A088828080C09044CA
:10F2B0004171C0E3A088828140402010081F00FDFA
:10F2C0000A208104102183FCEAAAAAC080810302DB
:10F2D0000404080810102020D55555C010512228CC
:10F2E00020FFE088807E008047EC140A0CFBC020E1
:10F2F000100BC61205028140B0B7803A8E0C081080
:10F30000109E03008047A4340A050281218F603CCF
:10F310004381FF8080613E3D043E410410410F80E7
:10F320003DA1A0502814090C7A01018780C020104B
:10F330000BC6320904824120B8E01001C0810204EA
:10F340000811FC103E10842108423F00C040404F8D
:10F35000445870484442C77020408102040810237A
:10F36000F8B7646231188C4623915E3190482412BC
:10F370000905C73E31A030180C058C7CDE30902882
:10F38000140A0584BC402038003DA1A0502814096F
:10F390000C7A010080E0CEA1820408107C3A8D0B2B
:10F3A00080F070DE4040FC4040404040413EC34160
:10F3B00041414141433DE3A090844220A05010E3ED
:10F3C000C0924B2592A99844E331050101411105F2
:10F3D000C7E3A090844240A0601010083E00FD08E2
:10F3E00020820810BF2924A24926FFF889248A49CF
:10F3F0002C612430000000000B0001000000030B12
:10F400000B04F600050007050B02F6000A00080CC5
:10F410000B01F6001600070E0B02F5002300070B88
:10F420000B02F6002D00080A0B01F7003700030558
:10F430000B04F6003900040E0B05F6004000040E24
:10F440000B02F600470008070B02F6004E00080901
:10F450000B02F800570003050B03FF0059000902D7
:10F460000B01FB005C0002020B04FF005D00070FB4
:10F470000B02F4006B00070C0B02F5007600070B83
:10F480000B02F6008000080C0B01F5008C00080C44
:10F490000B02F5009800070A0B02F700A100090B08
:10F4A0000B01F600AE00080C0B02F500BA00080BC9
:10F4B0000B01F600C500070C0B02F500D000080C8C
:10F4C0000B02F500DC0002080B04F900DE00030B60
:10F4D0000B03F900E30009080B01F800EC00090632
:10F4E0000B01F900F30009080B01F800FC00080B00
:10F4F0000B02F6000701090F0B01F50018010B0BB9
:10F500000B00F60028010A0B0B01F6003601090B6F
:10F510000B01F60043010A0B0B00F6005101090B29
:10F520000B01F6005E01090B0B01F6006B010A0BE3
:10F530000B01F6007901090B0B01F6008601060BA1
:10F540000B03F6008F010A0B0B01F6009D010A0B5D
:10F550000B01F600AB01090B0B01F600B8010B0B18
:10F560000B00F600C8010B0B0B00F600D8010B0BCB
:10F570000B00F600E801090B0B01F600F5010B0E7C
:10F580000B00F6000902090B0B01F6001602090B2D
:10F590000B01F6002302090B0B01F60030020B0BE6
:10F5A0000B00F60040020B0B0B00F60050020A0B9A
:10F5B0000B00F6005E020A0B0B00F6006C020A0B51
:10F5C0000B00F6007A02080B0B02F6008502040E0F
:10F5D0000B05F6008C02070F0B02F4009A02040ED2
:10F5E0000B02F600A10207060B02F500A7020B02B0
:10F5F0000B000300AA0203030B03F500AC02090889
:10F600000B01F900B5020A0B0B00F600C302090852
:10F610000B01F900CC020A0B0B01F600DA02090813
:10F620000B01F900E302080B0B02F600EE02090CD5
:10F630000B01F900FC02090B0B01F6000903080B92
:10F640000B02F6001403060F0B02F6002003090B51
:10F650000B01F6002D03080B0B02F60038030B0814
:10F660000B00F900430309080B01F9004C030908DA
:10F670000B01F90055030B0C0B00F90066030B0C92
:10F680000B00F900770309080B01F9008003080853
:10F690000B02F9008803080B0B01F600930309081D
:10F6A0000B01F9009C030B080B00F900A7030B08E2
:10F6B0000B00F900B20309080B01F900BB030A0CA7
:10F6C0000B00F900CA0307080B02F900D103040E6E
:10F6D0000B03F600D803020E0B05F600DC03040E44
:10F6E0000B04F600E30309040B01FA00FFFFD21F2D
:10F6F00080EC891224403636367F7F36FFFF3C3C53
:10F700003C0018FFFE3C1F1F83468DF0C183006143
:10F71000224486673711224C703C7E6060307BDF6C
:10F72000CEFF7FC9243766CCCCCC6631CE6633336E
:10F730003366C81818FFFF3C3C66181818FFFF18FE
:10F740001818186B48FFFFC0F0020C1860C3060CB5
:10F750003061830C18200038FBBE3C78F1E3C7DD34
:10F76000F1C038F360C183060C18FDF83CFEC703F6
:10F7700003060C1870E3FFFF7CFE0303031E1E0745
:10F780000303FE7C1C38B164D9BFFF3E7C7E3F186A
:10F790000FC7F31C0603C3FF9F800F3F306060DC80
:10F7A000FEE3C3637E3CFFFFC3030606060C0C0C9E
:10F7B0001838FB1E3C6F9F63C78FF1C03C7EE6C3C9
:10F7C000C3E77F3B060EFCF0F00F6C001AD200017D
:10F7D00083870E0F80E01C03FFFFC0000FFFFCC0FB
:10F7E000780F01E0F9E3C1807CFEC7030E1C000026
:10F7F0000030301E1F1CDC6C767B6DB6DB6FF3FCBB
:10F800000633F8783C07C0380581B0360FE1FC714B
:10F81000DF7FEF80FF3FE619867F1FE61D8360FFD5
:10F82000FFF01FBFD8F83C0603018061BFC7C0FED0
:10F830003FE6198360D8360D8361BFEFE0FFFFD844
:10F840006DB7C3E1B0C361FFFFE0FFFFD86DB7C381
:10F85000E1B0C0607C3E001F9FE61B06C0300C7FFD
:10F860001FE19FE3F0F7FBD8CC6633F9FCC6637B5E
:10F87000FDE0FFF30C30C30C33FFC01FC7F0300CAA
:10F880000300CC330CC73F87C0F7BDE661B0781FDB
:10F8900006E198633CFF3CFC7E0C06030180C663D6
:10F8A00031FFFFE0E0FE3DC73DE7BCD79BB376608C
:10F8B000DE3FC780E1FE3DE33C66CCDD99B31E63CD
:10F8C000DE3BC3001F07F1C7707C0780F01F077184
:10F8D000C7F07C00FE7F986C361BF9F8C0607C3E58
:10F8E000001F07F1C7707C0780F01F0771C7F07C0D
:10F8F0000C33FE7F80FC7F18CC6673F1F0CC637D07
:10F90000FE603FBFF0780F03F83F83C3FFBF80FF67
:10F91000FFF67B3D98C06030183F1F80F1FE3D83AD
:10F9200030660CC198330660C7F07C00FBFF7DC3D6
:10F9300018C3183606C0500E01C01000FBFEF60DAD
:10F94000936EDBB7ADEE7B8EE318F3FCF738FC1E4D
:10F950000301E0CC73BCFF3CF3FCF738CC1E0780FE
:10F96000C0300C0FC3F0FEFEC6CC18183063C3FFC6
:10F97000FFFFCCCCCCCCCCFF010306060C0C181836
:10F9800030306060C080FF3333333333FF1071E3B6
:10F990006C7040FFFFFC88807E3F8FCFEE361BFEF1
:10F9A000FFE0380601BC7F9C760D8371FFEEF03FCF
:10F9B000BFF8783C0705FE7E0380E018F67FB8ECC0
:10F9C0001B06E39FF3FC3E3FB0FFFFFE01FE7E1FE0
:10F9D0003F307E7E30303030FEFE3FBFF9D86C378E
:10F9E00039FC7603018FC7C0E070180DC7F3998CFE
:10F9F000C6637BFDE0181800787818181818FFFF08
:10FA000018603FFC30C30C30C30FFF80E070180D4E
:10FA1000E6F3E1E0F86E73F9E07878181818181832
:10FA20001818FFFFFD9FF99B33666CCDBDFFBFEE3D
:10FA30007F98CC66331BDFEF3E3FB8F83C1F1DFCC0
:10FA40007CEF1FF9C3B03606E1DFF378600C03E00A
:10FA50007C001EEFFF87606C0DC39FF0F600C0189E
:10FA60000F81F077BFCF06030183F9FC3FFFC3FC92
:10FA70003FC3FFFC606060FEFE606060617F3EE748
:10FA80007398CC663319FE7FFBFF7CC618C1B03675
:10FA9000038070F1FE3DBB3763F8770EE18CF7FB16
:10FAA000CD8383C3BBDFEFF3FCF618CC330781E0D3
:10FAB000300C060FC3F0FFFF30C30C7FFF376666C4
:10FAC000CC666673FFFFFFF0CE6666336666EC7049
:10FAD0007CF3C0C0763533650000000078EB03008E
:10FAE000A4FB030080EB0300B4FB030084EB0300E2
:10FAF000C4FB03006D6F64656D206F6E6C696E658D
:10FB0000000000006469792D70686F6E6500000068
:10FB10006B6579626F617264000000006B657962E9
:10FB20006F617264206F6B00626F6F740000000081
:10FB300077616974696E672E2E2E0000524541442C
:10FB40005900000053494D206361726400000000B9
:10FB50002C3100002C35000020756E726561642028
:10FB60006D657373616765005344412D3E382053C2
:10FB7000434C2D3E373F000054582D3E3420525800
:10FB80002D3E333F20706F7765723F006E6574774E
:10FB90006F726B00736561726368696E672E2E2EDB
:10FBA000000000002B3136343633323738323230F1
:10FBB000000000002B3136313734323939313434DA
:10FBC000000000002B3136353132353234373635CE
:10FBD000000000000000000000000000652D030090
:10FBE0008D2D0300996A0200492D03004D2D03005D
:10FBF000552D03005D2D0300705F73706920213D5A
:10FC0000204E554C4C0000002F686F6D652F6477B7
:10FC1000626C6169722F2E706C6174666F726D69AF
:10FC20006F2F7061636B616765732F6672616D65BD
:10FC3000776F726B2D61726475696E6F6164616656
:10FC4000727569746E726635322F6C696272617298
:10FC50006965732F5350492F5350492E63707000BC
:10FC6000535049436C6173733A3A535049436C6142
:10FC70007373284E52465F5350494D5F54797065F7
:10FC80002A2C2075696E74385F742C2075696E7427
:10FC9000385F742C2075696E74385F742900000019
:10FCA00000000000003E5B4F5B3E3E6B4F6B3E1C16
:10FCB0003E7C3E1C183C7E3C181C577D571C1C5E2D
:10FCC0007F5E1C00183C1800FFE7C3E7FF00182404
:10FCD0001800FFE7DBE7FF30483A060E26297929AE
:10FCE00026407F050507407F05253F5A3CE73C5AE3
:10FCF0007F3E1C1C08081C1C3E7F14227F22145FC0
:10FD00005F005F5F06097F017F006689956A60601A
:10FD100060606094A2FFA29408047E040810207E14
:10FD2000201008082A1C08081C2A08081E10101099
:10FD3000100C1E0C1E0C30383E3830060E3E0E06DF
:10FD4000000000000000005F000000070007001432
:10FD50007F147F14242A7F2A1223130864623649F1
:10FD60005620500008070300001C224100004122D9
:10FD70001C002A1C7F1C2A08083E080800807030DE
:10FD8000000808080808000060600020100804024D
:10FD90003E5149453E00427F400072494949462153
:10FDA00041494D331814127F1027454545393C4AC7
:10FDB00049493141211109073649494936464949DE
:10FDC000291E000014000000403400000008142226
:10FDD0004114141414140041221408020159090694
:10FDE0003E415D594E7C1211127C7F494949363E95
:10FDF000414141227F4141413E7F494949417F097B
:10FE00000909013E414151737F0808087F00417F85
:10FE100041002040413F017F081422417F40404083
:10FE2000407F021C027F7F0408107F3E4141413E1B
:10FE30007F090909063E4151215E7F09192946269D
:10FE40004949493203017F01033F4040403F1F20A1
:10FE500040201F3F4038403F631408146303047878
:10FE600004036159494D43007F4141410204081098
:10FE700020004141417F04020102044040404040D3
:10FE8000000307080020545478407F284444383841
:10FE900044444428384444287F38545454180008B3
:10FEA0007E090218A4A49C787F0804047800447D8D
:10FEB00040002040403D007F1028440000417F402A
:10FEC000007C047804787C0804047838444444387E
:10FED000FC1824241818242418FC7C08040408485E
:10FEE0005454542404043F44243C4040207C1C20AF
:10FEF00040201C3C4030403C44281028444C90900A
:10FF0000907C4464544C4400083641000000770063
:10FF100000004136080002010204023C2623263C70
:10FF20001EA1A161123A4040207A385454555921FB
:10FF300055557941225454784221555478402054E3
:10FF40005579400C1E527212395555555939545431
:10FF5000545939555454580000457C410002457DA0
:10FF6000420001457C407D1211127DF0282528F0C9
:10FF70007C545545002054547C547C0A097F4932F6
:10FF8000494949323A4444443A324A4848303A416D
:10FF900041217A3A42402078009DA0A07D3D424216
:10FFA000423D3D4040403D3C24FF2424487E49439F
:10FFB000662B2FFC2F2BFF0929F620C0887E090312
:10FFC00020545479410000447D413048484A323839
:10FFD0004040227A007A0A0A727D0D19317D262965
:10FFE000292F28262929292630484D40203808085D
:10FFF000080808080808382F10C8ACBA2F10283491
:020000024000BC
:10000000FA00007B000008142A142222142A140883
:100010005500550055AA55AA55AAFF55FF55FF0092
:100020000000FF00101010FF00141414FF00101047
:10003000FF00FF1010F010F0141414FC001414F75B
:1000400000FF0000FF00FF1414F404FC1414171048
:100050001F10101F101F1414141F00101010F00098
:100060000000001F101010101F10101010F01000D2
:100070000000FF101010101010101010FF100000E2
:1000800000FF140000FF00FF00001F10170000FC1D
:1000900004F414141710171414F404F40000FF00EF
:1000A000F714141414141414F700F7141414171478
:1000B00010101F101F141414F4141010F010F0007E
:1000C000001F101F0000001F14000000FC1400009F
:1000D000F010F01010FF10FF141414FF1410101083
:1000E0001F00000000F010FFFFFFFFFFF0F0F0F036
:1000F000F0FFFFFF0000000000FFFF0F0F0F0F0FCA
:100100003844443844FC4A4A4A347E020206060215
:100110007E027E0263554941633844443C04407E7C
:10012000201E2006027E020299A5E7A5991C2A49F5
:100130002A1C4C7201724C304A4D4D303048784880
:1001400030BC625A463D3E494949007E0101017E6C
:100150002A2A2A2A2A44445F444440514A444040BF
:10016000444A51400000FF0103E080FF00000808FE
:100170006B6B083612362436060F090F060000187E
:10018000180000001010003040FF0101001F0101A5
:100190001E00191D1712003C3C3C3C0000000000F2
:1001A00000000000000000002D430300155E030066
:1001B000996A02009DDD0200A5710300ED33030082
:1001C000F13303007D3703000134030015340300CD
:1001D00049360300ED3303002D34030029340300B6
:1001E000AD390300D1380300F93403001938030096
:1001F0005134030079350300427573792054696DD9
:10020000656F757421000000203A20000000000096
:1002100000000000E9460300714503003545030076
:10022000A5710300A5710300A571030079440300C3
:10023000A5440300A5710300A9440300B1440300D1
:10024000DD4403002145030025450300A57103009B
:10025000A5710300A5710300A571030029450300E2
:100260002D450300314503005F5570646174655F7F
:1002700046756C6C000000005F5570646174655FCA
:1002800050617274000000005F506F7765724F66B6
:10029000660000000000000000000000E9460300C6
:1002A0007145030035450300ED590300A15B0300D0
:1002B0006D530300A1530300F953030015570300C6
:1002C00089580300A1530300B157030021450300DF
:1002D000254503008D4D0300414E0300054C0300EE
:1002E000414C0300294503002D450300314503001F
:1002F00008000000060000001100000014000000CB
:100300001600000018000000200000000B00000094
:100310002400000026000000090000000A00000080
:100320002B0000002D0000002F0000000200000044
:100330001D0000001F00000021000000220000003E
:10034000250000000D0000000F0000000D0A000055
:1003500000000000000000003D620300896203000D
:10036000F961030011620300E1610300F161030020
:10037000E9610300ED6203002565030039610300B4
:1003800031610300546D725100000000546D722001
:10039000537663006C6F6F700000000043616C6CFB
:1003A0006261636B000000002C2066756E637469E7
:1003B0006F6E3A2000617373657274696F6E2022EC
:1003C000257322206661696C65643A2066696C65F4
:1003D00020222573222C206C696E652025642573EC
:1003E00025730A00506100204300504F53495800C4
:1003F0002E00232D302B2000686C4C00656667456D
:10040000464700494E4600696E66004E414E006EFA
:10041000616E00300030313233343536373839418F
:10042000424344454600303132333435363738396B
:100430006162636465660000202020202020202067
:100440002028282828282020202020202020202084
:1004500020202020202020208810101010101010A4
:1004600010101010101010100404040404040404EC
:10047000040410101010101010414141414141017D
:10048000010101010101010101010101010101015C
:10049000010101101010101010424242424242026B
:1004A000020202020202020202020202020202022C
:1004B00002020210101010200000000000000000D6
:1004C000000000000000000000000000000000002C
:1004D000000000000000000000000000000000001C
:1004E000000000000000000000000000000000000C
:1004F00000000000000000000000000000000000FC
:1005000000000000000000000000000000000000EB
:1005100000000000000000000000000000000000DB
:1005200000000000000000000000000000000000CB
:100530000000000000000000496E66696E69747971
:10054000004E614E000000000000000000000000AE
:10055000000000000000000000000000000000009B
:10056000000000000000000000000000000000008B
:10057000000000000000000000000000000000007B
:10058000000000000000000000000000000000006B
:10059000000000000000000000000000000000005B
:1005A00000000000000000000080E03779C34143F4
:1005B000176E05B5B5B89346F5F93FE9034F384DC9
:1005C000321D30F94877825A3CBF737FDD4F157575
:1005D000000000000000F03F000000000000244088
:1005E00000000000000059400000000000408F4063
:1005F000000000000088C34000000000006AF840CE
:100600000000000080842E4100000000D0126341F1
:100610000000000084D797410000000065CDCD4167
:10062000000000205FA00242000000E87648374248
:10063000000000A2941A6D42000040E59C30A242E6
:100640000000901EC4BCD64200003426F56B0C435B
:100650000080E03779C3414300A0D8855734764302
:1006600000C84E676DC1AB43003D9160E458E14363
:10067000408CB5781DAF154450EFE2D6E41A4B44D8
:1006800092D54D06CFF08044F64AE1C7022DB5441D
:10069000B49DD9794378EA440500000019000000B0
:0806A0007D00000000000000D5
:0806A800A85BFE7F01000000C9
:1006B000000000000A00000000000306B20008006D
:1006C00001000000A800080002000000A0001400C3
:1006D000030057494E55534200000000000000003F
:1006E00000008400040007002A0044006500760032
:1006F00069006300650049006E00740065007200C7
:100700006600610063006500470055004900440031
:100710007300000050007B003900370035004600B0
:1007200034003400440039002D0030004400300013
:1007300038002D0034003300460044002D003800FE
:100740004200330045002D003100320037004300E5
:100750004100380041004600460046003900440090
:100760007D000000000000000400000010000C00EC
:100770007472002010E5030000000000000000007B
:100780000000000000000000000000000000000069
:100790000000000000000000000000000000000059
:1007A0000000000000000000000000000000000049
:1007B0000000000000000000000000000000000039
:1007C0000000000000000000FF020000FFFFFFFF2C
:1007D000FFFFFFFFFFFFFFFFFFFFFFFFFFFFFFFF29
:1007E000FFFFFFFFFFFFFFFFFFFFFFFF10FF050001
:1007F000FFFFFFFF03FF00000090D00350610020C7
:100800000000000068050400880504004805040095
:1008100000000000000000000000000000000000D8
:1008200000000000000000000000000000000000C8
:1008300000000000000000000000000000000000B8
:1008400000000000000000000000000000000000A8
:100850000000000000000000000000000000000098
:100860004300000000000000000000000000000045
:100870000000000000000000000000000000000078
:100880004300000000000000000000000000000025
:100890000000000000000000000000000000000058
:1008A0004300000000000000000000000000000005
:1008B0000000000000000000000000000000000038
:1008C00043000000000000000000000000000000E5
:1008D0000000000000000000000000000000000018
:1008E00043000000000000000000000000000000C5
:1008F00000000000000000000000000000000000F8
:1009000043000000000000000000000000000000A4
:1009100000000000000000000000000000000000D7
:100920004300000000000000000000000000000084
:1009300000000000000000000000000000000000B7
:100940007DC403007DB303000000000037040400F1
:10095000F0030400E3030400E3030400E3030400E2
:10096000E3030400E3030400E3030400E3030400DF
:10097000E3030400E3030400FFFFFFFFFFFFFFFFAB
:10098000FFFFFFFFFFFF0000010041534349490003
:100990000000000000000000000000000000000057
:1009A00000000000000000000000415343494900DE
:1009B0000000000000000000000000000000000037
:1009C00000000000000000000000000001620200C2
:1009D0003562020025660200D1270300D1300300F2
:0C09E00095330300B567030011620200AC
:04000003300097BD75
:00000001FF
