:020000022000DC
:1060000000000420659B0300A59B0300A79B0300E1
:10601000A99B0300AB9B0300AD9B030000000000A5
:106020000000000000000000000000008199030053
:10603000B19B030000000000A1990300B59B030081
:10604000159D0300B79B03000D6B0300C1330300D4
:10605000B79B0300B79B0300F16B0300B79B0300E2
:10606000B79B0300B79B0300B79B0300B79B0300DC
:10607000B79B0300B79B0300B79B0300B79B0300CC
:10608000B79B030005970300B79B0300B79B030072
:10609000B79B0300B79B0300B79B0300B79B0300AC
:1060A000B79B0300B79B0300B79B0300B79B03009C
:1060B000B79B0300B79B0300000000000000000036
:1060C000B79B0300B79B0300B79B030001A303002A
:1060D000B79B0300B79B0300B79B0300F16C020062
:1060E000B79B0300B79B0300B79B030000000000B1
:1060F00000000000B79B03000000000079A303002C
:10610000000000000000000000000000000000008F
:10611000000000000000000000000000000000007F
:10612000000000000000000000000000000000006F
:10613000000000000000000000000000000000005F
:10614000000000000000000000000000000000004F
:10615000000000000000000000000000000000003F
:10616000000000000000000000000000000000002F
:10617000000000000000000000000000000000001F
:10618000000000000000000000000000000000000F
:1061900000000000000000000000000000000000FF
:1061A00000000000000000000000000000000000EF
:1061B00000000000000000000000000000000000DF
:1061C00000000000000000000000000000000000CF
:1061D00000000000000000000000000000000000BF
:1061E00000000000000000000000000000000000AF
:1061F000000000000000000000000000000000009F
:10620000F1EE103A43F08073E1EE103A704700BFB0
:1062100010B5054C237833B9044B13B10448AFF3E0
:1062200000800123237010BD3C63002000000000AB
:10623000BC0A040008B5034B1BB103490348AFF384
:10624000008008BD0000000040630020BC0A04007C
:10625000154B002B08BF134B9D46A3F5803A002138
:106260008B460F461348144A121A15F091FA0F4B39
:10627000002B00D098470E4B002B00D098470020F1
:10628000002104000D000D48002802D00C48AFF397
:10629000008015F0F9F92000290013F0B5FC15F085
:1062A000CDF900BF0000080000000420000000003D
:1062B000000000003C63002028BE00200000000019
:1062C000000000000146014800F08EBA746300200F
:1062D00038B5064B1D783DB100242046013400F04E
:1062E00049FEE0B28542F9D838BD00BF7063002096
:1062F000407DFF2806D010B500F088FD044618B197
:10630000204610BD0020704714F054F9204610BDFF
:10631000407DFF280ED000B583B00DF1070100F0DD
:10632000C9FD20B19DF8070003B05DF804FB4FF0F4
:10633000FF30F9E74FF0FF30704700BF407DFF2886
:1063400011D000B583B001220DF1070100F06AFD04
:1063500020B94FF0FF3003B05DF804FB9DF8070053
:1063600003B05DF804FB4FF0FF307047407DFF281D
:1063700001D000F0FFBD7047407DFF2801D000F044
:106380003FBE0020704700BFF8B50646407DFF289D
:106390001CD017465AB10D46144600F011FD29468F
:1063A000224680B1707D00F08FFD241A01D138465D
:1063B000F8BD054414F0FEF8707D00F001FD29469B
:1063C00022460028EED13F1B3846F1E70020F8BDF9
:1063D0000AB32DE9F043524991F81C6191F81D511F
:1063E00091F81E7193B0994614467B1CAA1C8046F6
:1063F000B01C81F81C0181F81D2181F81E3101A813
:106400004222002115F0C4F9B9F1410F05D800204E
:1064100013B0BDE8F083422070478DF806608DF818
:106420000E608DF82660721C40F20126D2B2ADF8E3
:106430001060DFF8F0C08DF81E20242640F6083EDC
:106440006B1C8DF827208DF83120ADF804E08DF815
:1064500016608DF820608DF82460CDF818C00426F1
:106460004FF0060C65F07F0540F209424FF0010E37
:1064700098F81410ADF80C208DF81CE005228DF86A
:106480001F608DF830608DF822C040F207568DF8FD
:1064900025C08DF82A5020464FF0030E63F07F048C
:1064A0004FF0080C02234FF411658DF814108DF88D
:1064B00007308DF808308DF809308DF812308DF8DE
:1064C00021308DF815208DF823208DF82BE08DF8E4
:1064D0002CC04FF00A0EADF82E504FF0400C01A921
:1064E000ADF8286007258DF833308DF840208DF801
:1064F0004140422244F20204ADF838608DF83B304E
:106500008DF83A708DF834E08DF83CC08DF83F502E
:10651000ADF8424015F018F9422013B0BDE8F08301
:106520007463002020010524A0F11000FFF750BF84
:1065300070B50368184A5B6882B093428DF8071003
:1065400024D10546407DFF281DD000F039FC0DF117
:10655000070601243146224688B1687D00F0B4FC6C
:10656000241A02D1012002B070BD064414F022F8B2
:10657000687D00F025FC314622460028EDD1C4F1AB
:10658000010002B070BD002002B070BD01220DF10B
:106590000701984702B070BD89630200437DFF2B5D
:1065A00000D07047094B1A78002AFAD110B500F1D3
:1065B000100442750649204601221A7000F0E0F9E5
:1065C00021460448BDE8104000F0F0B87063002098
:1065D000FCE6030074630020407DFF2807D000B56F
:1065E00083B000F0EDFB20B103B05DF804FB0020A8
:1065F0007047019013F0DEFF019803B05DF804FBD3
:1066000001B900B1704700B583B0694600F0EEFBF8
:10661000009BB3F5966F02D003B05DF804FB00F069
:106620007DFBF9E730B4084B084A4FF47F4102F193
:106630000805002430324FF47A7099821D60C3E956
:1066400001401A6130BC7047586300200CE703001A
:106650002DE9F0410024484E2546435D4719A3B17A
:1066600003F14002D2B2012A0AD9F42B08D81A0643
:106670000ED44FF0010EA3F55842B2F5006F56D27A
:1066800001354719435D002BEAD12046BDE8F08172
:1066900003F0E002C02A57D003F0F002E02A66D0EF
:1066A00003F0F802F02AEBD103F007024FF0040EDA
:1066B0007B7803F0C00CBCF1800FE1D197F802C0E9
:1066C0000CF0C00803F03F03B8F1800F43EA8213D7
:1066D000D6D10CF03F0CBEF1030F4CEA83132DD042
:1066E000FA7802F0C007802FCAD102F03F0242EAD6
:1066F0008313A3F58032B242C2D8A3F55847B7F549
:10670000006FBDD3B3F5803F05F1040510D31E2CF7
:10671000BBDC6300970A0B44C2F30902A7F52057BC
:10672000A2F5105221F814705A80023495E775448E
:10673000202CAAD021F8143001348EE7A3F5006292
:10674000B2F5784F97D39BE77A7802F0C007802F95
:1067500003F01F0394D102F03F0242EA8313A3F136
:106760008002B2F5F06F8BD24FF0020E83E703F098
:106770000F024FF0030E9BE7FFFF0F0090F8503120
:106780000B2B0CD871B103F1480210B45C1C80F8DB
:10679000504140F822105DF8044B18467047002322
:1067A000184670470B461846704700BF70B5044640
:1067B0000E68B4F81821B4F81A31656936689B1A66
:1067C00008469BB294F81C112A44B04758B1B4F85B
:1067D00018216369104480B2A4F81801588094F815
:1067E0001C211A71012070BD2DE9F043284DDFF8FE
:1067F000B090AC4604468846BCE80F0089B003AFB1
:106800000FC703AE0FCE05F1140E25460FC59EE847
:106810000700DCF800303B806B4636682E8003C3EF
:106820006B4603CB012504F118034FF480766361B6
:10683000A061E16184F8202004F59870C4F81891F3
:106840002022A4F81C61002184F81E5114F0A0FF3E
:1068500040F20947042240F2EF230E4E0E48C4F8DE
:1068600028010021C4F82C1184F85021A3804FF492
:10687000E131A571C4F82071C4F824610748FFF71D
:106880008DFE404600F038FA284609B0BDE8F08396
:1068900040E7030070E7030078E703005863002037
:1068A000090000010048704774630020014B5869DB
:1068B000704700BF746300202DE9F04F89B0F8B134
:1068C000032816D02B4C94F8503183424FD94830CE
:1068D00004F5AA7154F82000FFF7BAFEC0B20130E7
:1068E000400040F44070A4F85201234809B0BDE8CC
:1068F000F08F204CD4F82C0150B104F5AA71EBE7CD
:106900001C4CD4F82031A4F854314FF44170EAE71C
:10691000684600F005FA054610B300F1FF3A0DF1A4
:106920000103164FE94653FA8AFAA64604AE97E8E1
:106930000F0019F801CB86E80F000CF00F080DF1DD
:10694000200BD8440BEB1C1C18F8108C1CF8103CC6
:10695000AEF85681D145AEF854310EF1040EE6D1B1
:106960006800C0B20130400040F44070BBE7002036
:10697000BCE700BF74630020C664002060E703002A
:1069800010B504460248FFF7F9FE207110BD00BFA4
:106990007463002030B5144C236883B013B31868B7
:1069A00051B90CF071FE236893F90400012103B082
:1069B000BDE8304014F032B80C4B009300250123A1
:1069C0008DF805308DF8045002AB13E906000CF089
:1069D000F7FD236893F90400294603B0BDE8304071
:1069E00014F01CB803B030BD0865002080BA8C01DB
:1069F0000448006828B108B500680CF04BFE01207F
:106A000008BD704708650020084B1B6843B141B9B9
:106A1000074B4022C3F88020BFF34F8FBFF36F8F27
:106A20007047034B40221A60704700BF0865002082
:106A300000E100E0024B53F8200000B1C06870474D
:106A40000C65002030B4094CBDF8085054F82040C3
:106A500044B1246934B10846A44611461A462B466F
:106A600030BC6047002030BC704700BF0C65002080
:106A700030B4084CBDF8085054F8204044B1646963
:106A800034B10846A44611461A462B4630BC60472E
:106A900030BC70470C65002000207047024B18681E
:106AA00008B190F860007047146500202DE9F843A4
:106AB000234C2568002D3CD01E462C2303FB00539D
:106AC0001746D3F8209088460446B9F1000F32D01B
:106AD000484615F020FD2C2303FB0454D4E9095447
:106AE000DFF864C0174B08280246494628BF082231
:106AF0004046002D08BF6546002C08BF1C4614F018
:106B000023FE284615F007FD10280246294628BF17
:106B10001022384614F018FE204615F0FCFC04281C
:106B200002462146304628BF0422BDE8F84314F04F
:106B30000BBEBDE8F883DFF814900820CBE700BF58
:106B400014650020A8E7030098E703008CE7030022
:106B500070B5104E3368D3B12C2404FB00340546C5
:106B600062691AB19047336884F832002C2202FB24
:106B7000053393F8324014B10124204670BD2846F5
:106B800023463A22022101F0E7F8204670BD1C4658
:106B9000204670BD14650020074B1B6853B110B42C
:106BA0002C2404FB0030C46A038E0C6013805DF853
:106BB000044B7047704700BF1465002008B52022C1
:106BC0000023052101F0C8F84FF0FF3008BD00BFD9
:106BD00030B4094C24685CB10D4611462C2202FBEE
:106BE0000044E46924B11A462846234630BC1847BD
:106BF000012030BC704700BF1465002030B4094C40
:106C0000029A246854B10D462C2101FB0044A4686B
:106C100024B119462846234630BC18474FF0FF30B0
:106C200030BC70471465002030B4094C029A2468C7
:106C300054B10D462C2101FB0044E46824B11946EF
:106C40002846234630BC18474FF0FF3030BC704711
:106C500014650020044B1B682BB12C2202FB003072
:106C6000036903B11847704714650020054B1B6882
:106C70002BB12C2202FB0030836903B1184701209D
:106C8000704700BF1465002005F0DCBB00B5164B53
:106C900083B04022002483F8272301A90123204642
:106CA0008DF804308DF8054002F0DAFE4FF0804395
:106CB00002A8D3F8385400F8084D12F0E5FF0B4B4A
:106CC000019301A813F00CF813F01CF8EB0707D49C
:106CD00000214FF0FF3002F04DFFFFF7F9FAF7E720
:106CE000204605F0AFFBF3E700E100E0896C02000D
:106CF000002005F01DB800BF00B5002383B00322BB
:106D0000CDE9002303490448C82211F0BBFC03B0BD
:106D10005DF804FBACE703008D6C020013F0F6BDD8
:106D20004FF08052536E1BBA0360136E1BBA436060
:106D30000820704700487047B4E7030070B51E4C48
:106D40002368D3B1012901D0012070BD1578C5F3A6
:106D50004115012D13D0022D0FD15478012C21D0D3
:106D6000022CF1D19388072B07D1144C11462389AB
:106D70002246BDE8704003F035BE002070BD51785A
:106D80002229E1D111465288003218BF01225A75DA
:106D900003F010FE2268D369002BD5D0507D9847B0
:106DA000284670BD9C69002CE7D011462378224606
:106DB000BDE8704003F016BE186500200460002096
:106DC00010B5044602F034FE08B9002010BD02F0F0
:106DD00037FE0028F9D1044B4FF4367202FB04341D
:106DE000207900F0010010BD9C650020064A4FF498
:106DF000367303FB00230833186808609A889B7970
:106E00008B718A80704700BF9C65002008B5044ADA
:106E10004FF4367303FB0020103002F055FC08BD20
:106E20009C6500202DE9F8434FF4367404FB00F410
:106E30001E4E4FF6FF73074604F110054FF6FE7025
:106E4000824288BF1A463544284692B202F066FC58
:106E5000804602F0EDFD10B94046BDE8F88302F02F
:106E6000EFFD81460028F7D13444E378002BF3D0BE
:106E7000284602F041FC3F28EED9E178484603F06D
:106E8000E7FC0028E8D0284602F036FC3F2804D86A
:106E9000E178484603F0ECFCDEE7054AE178484635
:106EA00002EBC712402303F0F3FCD5E79C650020FA
:106EB0001C650020034A4FF4367303FB002010309A
:106EC00002F096BC9C6500202DE9F8434FF436751E
:106ED00005FB00F5244F4FF6FF73064605F1240429
:106EE0004FF6FE70824288BF1A463C4492B220465A
:106EF00002F0B8FC8046204602F0E6FB3F2802D8AC
:106F00004046BDE8F88302F093FD0028F8D002F077
:106F100097FD81460028F3D1204602F0D5FB0028DA
:106F2000EED03D444846A97803F092FC0028E7D013
:106F30000E4B402202EBC6161E442046314602F09C
:106F4000EDFB034660B13246A978484603F0A0FC49
:106F50000028D5D1064B1B68DB07D1D500BECFE793
:106F6000A97803F085FCCBE79C6500201C65002018
:106F7000F0ED00E02DE9F041804602F059FD10B936
:106F80000020BDE8F08102F05BFD07460028F7D144
:106F90004FF4367404FB08F4164E04F1240535440E
:106FA000284602F091FB0028EAD026443846B17802
:106FB00003F04EFC0028E3D040220F4B02EBC81830
:106FC00098442846414602F0A9FB044660B1424677
:106FD000B1783846234603F05BFC40B9074B1B6889
:106FE000DB07CDD500BECCE7B17803F041FC2046ED
:106FF000C7E700BF9C6500201C650020F0ED00E0A5
:1070000008B5044A4FF4367303FB0020243002F025
:1070100073FB08BD9C65002070B5204C82B0002138
:107020004FF4367220460D4614F0B2FBFF234FF4A6
:10703000E132082604F138016371A26001234FF4A4
:107040008072009504F11000A67302F001FB144B4E
:107050001B78C3F38003009304F59C7101234FF464
:10706000807204F1240002F0F3FA04F50E7101209D
:1070700010F04CFD04F522710646012010F046FD8B
:1070800006B130B9074B1B68DB0700D500BE02B064
:1070900070BDC4E90756C4E90C05F8E79C650020FB
:1070A000B8600020F0ED00E038B5094C206A256B8F
:1070B00020B111F04FF90023C4E907332DB1284660
:1070C00011F048F90023C4E90C33012038BD00BF9A
:1070D0009C65002010B50E4C0E48237800220260FB
:1070E0000271DA0709D59B070DD521780A48C1F34B
:1070F0008001BDE8104002F063BC103002F040FC9B
:1071000023789B07F1D4044802F03AFCEDE700BF76
:10711000B86000209C650020C06500202DE9F0418A
:107120004B79022B82B004D00025284602B0BDE87E
:10713000F0818B79022BF7D1364EB3782BB1364BD9
:107140001B68DB07F0D500BEEEE78B7833700C7858
:107150000C4407466378242B4FF009050BD1082A0D
:1071600002D822E0AA4220D323781C441D4463782D
:10717000242BADB2F6D0052B38D0042B15D1637972
:107180000A2B12D1254A94F8008001920223013281
:107190000092384604EB08011A4603F095FA0028DD
:1071A000CDD00E3518FA85F5ADB202F041FC0028BD
:1071B000BBD002F045FC04460028B6D1F378002B82
:1071C000B3D0174802F098FA3F28AED9F17820469C
:1071D00003F03EFB0028A8D0114802F08DFA3F28AA
:1071E000F17811D8204603F043FB9EE7214638464C
:1071F00003F00AFB0028A2D0A378737023781C4404
:107200001D44ADB26378B8E7064A2046402303F038
:107210003FFB8AE79C650020F0ED00E09E650020C2
:10722000AC6500201C65002038B5137803F06003BE
:10723000202B01D0002038BD294C938825789D4211
:10724000F8D15378203B032BF4D8DFE803F008157E
:107250001E02012936D0032939D0012038BD012969
:107260000CD00329F9D11F4B002BF6D01E4900206A
:10727000AFF30080012038BD0129EED1114607236C
:10728000194A03F0AFFB012038BD01291AD00329A8
:10729000E3D1164B55881B781548257113F004016E
:1072A0001CBFE94301F0010102F08AFB114B002BE6
:1072B000D3D0C5F3400205F001010020FFF7A0F98B
:1072C000012038BD114603F075FB012038BD0A4B83
:1072D000002BC2D051880020AFF30080BDE700BF73
:1072E0009C65002000000000A4650020B86000201C
:1072F000C065002001660200000000002DE9F04793
:107300005F4CE2788A420D4680461F4659D15D4E59
:107310009AB2314604F1100002F0A4FA5A4BC3B1FC
:107320006379FF2B15D0A7B106EB070A04F110090A
:1073300002E056450DD0637916F8012B9A42F8D138
:10734000484602F0D1F90028F3D16179AFF300800B
:10735000EFE74E4B23B14E4802F0C6F9002863D048
:1073600002F066FB002862D1A3789D4202D0012082
:10737000BDE8F087474B13B10020AFF3008002F067
:1073800057FB00282BD1444802F09EF90028EED18B
:10739000002FECD017F03F07E9D1A178404603F069
:1073A00057FA0028E3D0A17840463B463A4603F01E
:1073B0006FFA0028DBD1394B1B68DA070CD500BE09
:1073C000D6E7A3788B42D5D0344B1B68DB0703D5B7
:1073D00000BE0020BDE8F0870020BDE8F08702F085
:1073E0002FFB05460028CED12B4802F06DF900286E
:1073F000C9D0A178284603F02BFA0028C3D0402238
:107400002749254802F08AF9034600282CD028464F
:10741000234AA17803F03CFA0028A8D11F4B1B682F
:10742000D907B0D500BEAEE7AFF3008098E702F011
:1074300007FB0646002897D1E378002B94D0144828
:1074400002F05AF93F288FD9E178304603F000FA6C
:10745000002889D00E4802F04FF93F28304607D85F
:10746000E17803F005FA7FE7A17803F001FA8AE7F3
:107470004023044AE17803F00BFAA37875E700BFD4
:107480009C6500201C65002000000000000000003A
:10749000AC65002000000000C0650020F0ED00E0B9
:1074A0005C650020704700BF01207047704700BF37
:1074B000704700BF044B0022C3E90022C3E9022247
:1074C000C3E90422704700BFF4690020012070471F
:1074D000044B0022C3E90022C3E90222C3E90422CB
:1074E000704700BFF46900202DE9F0434B79032B6E
:1074F00083B004D00024204603B0BDE8F0830B79AC
:10750000C3EBC3041234A4B2944205D9254B1B68C3
:10751000DA07EFD500BEEDE7234A5578002D3ED0BF
:10752000557B002DF2D102F10C054FF4A0770E78B7
:107530008A1992F801C0BCF1210FE7D1AA608946EF
:10754000895D80466E1CA81C1144CDE900061A46D0
:107550004046032303F0B8F80028D7D099F8063046
:10756000A978012B04BF99F80730EB700123AB71A8
:1075700099F80220AB682A70B3F80730AB80002975
:10758000B9D00A4A40463A44402303F081F9002822
:10759000B1D1044B1B68DB07ADD500BEABE7154688
:1075A0008027C4E7F0ED00E0F46900207468002053
:1075B0002DE9F047137803F01F06012E82B003D0A7
:1075C000002002B0BDE8F087DFF80882978898F8BD
:1075D0000040FFB2BC4200F0B08098F80C40BC42C2
:1075E000EED13746B4464FF0C00E4FF0130A4FF0BD
:1075F000120913F060030C460546164604D1012912
:1076000000F0A4800120DCE7202BD9D15378013B86
:107610000A2BD5D801A252F823F000BFF176020060
:10762000E7760200D1760200C1750200C175020042
:10763000C1750200C1750200C17502009176020099
:10764000697602004976020001291BD00329D9D1AD
:1076500073880C2606FB0786DBB260461946B371B9
:10766000FFF720FF0120ACE70129CBD173880C2262
:1076700002FB07871B0A60461946FB71FFF714FFE0
:1076800000289DD03146284603F094F9012098E760
:10769000012900F086800329B4D1F48871884B4B0E
:1076A000402C4FEA1122204628BF402011F0FF0154
:1076B000734407D0012C05D91C788C4202D10138C3
:1076C00080B2013300906046FFF7D2F9012078E7DD
:1076D000012997D108EB090231462846234603F0D9
:1076E00081F920466DE701298CD108EB0A02F3E706
:1076F000012987D1F3887188344F402B4FEA11223A
:10770000184628BF402011F0FF01774454D0012BC8
:1077100052D9013880B239707B1C00906046FFF767
:1077200091F90444A3B2002B49D1294A1268D20727
:107730007FF546AF00BE184643E74FF0000E774690
:10774000F4464FF0070A4FF0060952E75378062B2C
:107750007FF436AF53881B0A212B12D0222B7FF4E3
:107760002FAF6046FFF766F97B001F4408EB8708E0
:10777000024631462846B8F8043003F033F9204673
:107780001FE77B001F4408EB8708D8F80820002A71
:107790003FF416AF1378314602B0BDE8F04703F06E
:1077A00021B9F388402B3FF60BAF084A31467244AB
:1077B00003F018F9204604E73B460024ADE73A46BB
:1077C0003146284603F00EF90120FAE674680020DD
:1077D000F0ED00E0F4690020F0B52C4CA678657857
:1077E0008E4283B0074610D0A9422CD0A07B657B87
:1077F00088423FD0A94244D0254B1B68DA0702D407
:10780000002003B0F0BD00BEFAE780264FF0400C28
:107810000020A9429BB21AD01E4D3544FAB90093FC
:1078200011462B460222FFF723F92A46A178384653
:10783000402303F02DF80028E3D1154B1B68DB072C
:10784000DED500BEDDE74FF0400C00209BB21149B1
:1078500061444AB91A46FFF729FE0120D1E72A46BA
:107860000221FFF725FEE0E70A460121FFF720FE8F
:107870000120C6E70C344FF4A0764FF4807C012041
:10788000C7E74FF4807C0120E0E700BFF4690020E7
:10789000F0ED00E07468002070B5194C82B0002152
:1078A0000D464FF4EC72204613F072FF04F13801DC
:1078B0000123802204F11000009501F0C9FE04F1BB
:1078C000B80101238022009504F1240001F0C0FEDC
:1078D00004F59C71012010F019F904F5C4710646F5
:1078E000012010F013F930B9064B1B68DB0700D5F7
:1078F00000BE02B070BDC4E90756C4E90C05F8E744
:107900008C6A0020F0ED00E038B5094C206A256B48
:1079100020B110F01FFD0023C4E907332DB1284624
:1079200010F018FD0023C4E90C33012038BD00BF5E
:107930008C6A002010B5084C002304F11000C4E943
:107940000033C4E9023302F01BF804F12400BDE85F
:10795000104002F015B800BF8C6A00202DE9F043FA
:107960004B79012B83B004D00025284603B0BDE835
:10797000F0838B79012B0C46064616D049780429F2
:10798000F2D10025032BEFD1E379002BECD1DFF806
:10799000FC8098F8013013B998F802700FB3384B97
:1079A0001B68DB07E0D500BEDEE7CB79002BDBD11F
:1079B0000B781C449DB2617824290BD1954202D9E1
:1079C000D2E7AA42D0D323781C442B4461782429DF
:1079D0009DB2F6D00429C7D16379012BC4D1A37914
:1079E000D0E7A37888F8003094F8009021794D44CE
:1079F000ADB2A14439B925E099F800308F421D4459
:107A0000ADB299441ED2AA421CD399F80130052B7D
:107A1000F2D149463046019202F0F6FE019A002862
:107A2000BDD099F80230D90914BF88F8013088F820
:107A3000023099F80030217901371D44FFB2ADB210
:107A40009944D9E70F4801F057FE3F288DD998F89F
:107A50000210002002F0FCFE002886D0094801F048
:107A60004BFE3F2898F8021003D8002002F000FFD8
:107A70007BE7054A4023002002F00AFF75E700BFBC
:107A8000F0ED00E09C6A00204C6A00208C6A002027
:107A900000207047F8B53C4DAA788A421F4612D1A3
:107AA0009AB23A4905F1100001F0DCFE384B13B1EF
:107AB0000020AFF30080374801F01EFE3F282CD88D
:107AC00001242046F8BD6B788B4208D0324B1C68ED
:107AD00014F00104F5D000BE00242046F8BD06468F
:107AE00005F1240001F0F0FD40BB2C4801F0ECFD55
:107AF0000028E5D1002FE3D017F03F07E0D16978E7
:107B0000304602F0A5FE04460028D9D069783046F8
:107B10003B463A4602F0BCFED3E7A978002002F0CB
:107B200097FE04460028CBD01A4801F0E5FD3F2817
:107B3000A9781ED8002002F09BFEC2E769780020D9
:107B400002F086FE0028D0D04022154905F124001D
:107B500001F0E4FD034690B1114A6978002002F07B
:107B600097FE0028ACD10C4B1B68DB07BDD500BECF
:107B7000BBE7064A4023002002F08AFEA1E76978AD
:107B800002F076FEB1E700BF8C6A00204C6A00204C
:107B9000000000009C6A0020F0ED00E0B06A0020C8
:107BA0000C6A002030B4114B9C689A6B93F83C50DF
:107BB00083F82C10A21A022183F830109A6225B99A
:107BC00042F2050183F83E50998744B13AB11A7BDD
:107BD000D20906D193F82F1030BC02F099BE30BC08
:107BE000704793F82E1030BC02F092BE646E0020F5
:107BF00038B5214B214C05461BB1607BFFF736F8A9
:107C0000A8B1A06BA36894F82F101D4A1B1AB3F5F6
:107C1000007F28BF4FF4007328469BB202F038FE65
:107C200020B9184B1B68DB0700D500BE38BDA26821
:107C3000A36B84F83E0042F20771D31A0120A1879A
:107C40000221A36284F82C0084F83010002AEDD0C1
:107C5000002BEBD0237BDB0906D194F82F102846AC
:107C6000BDE8384002F054BE94F82E102846BDE816
:107C7000384002F04DBE00BF6D6C0200646E002003
:107C8000646C0020F0ED00E070B5304CE28AA3682F
:107C900052BA92B286B0054612B1B3FBF2F292B27A
:107CA000A66BD4F81110607B9B1BB3F5007F28BF37
:107CB0004FF4007309BA0093B6FBF2F302FB1362B0
:107CC0001944234BFEF79AFF031E20DB94F82E2065
:107CD0000DD011469BB228461D4A02F0D9FDA0B92D
:107CE0001C4B1B68DB0710D500BE06B070BD072417
:107CF000194603A88DF80C508DF8102005938DF8C7
:107D000011308DF80D4002F0B7FB06B070BDA268CF
:107D1000A36B43F602200021D31AA08784F83E10FB
:107D200001200221A36284F82C0084F83010002A7C
:107D3000EBD0002BE9D0237BDB0914BF94F82E1085
:107D400094F82F10284602F0E3FDDEE7646E002071
:107D5000646C0020F0ED00E010B4054C012084F8C4
:107D60003C1084F83D2084F83E305DF8044B7047A9
:107D7000646E002040220021014813F009BD00BFBD
:107D8000646E002040220021014813F001BD00BFB5
:107D9000646E00204B79082B01D0002070478B794E
:107DA000062BFAD1CB79502BF7D1162A06D81C4BCB
:107DB0001B68D907F1D500BE0020704770B5194D7A
:107DC0008B7885F82D300B7882B005F12F0205F104
:107DD0002E0619440223CDE900261A46044602F075
:107DE00073FC48B90E4B1B68DA0702D500BE02B01F
:107DF00070BD002002B070BD204695F82F100A4AD1
:107E000000241F2385F8304002F042FD30B9044BB6
:107E10001B68DB0702D500BE1720E8E71720E6E75E
:107E2000F0ED00E0646E0020646C0020012901D0B8
:107E300001207047F0B5137803F07F01022985B067
:107E4000054606D003F06003202B1AD0002005B0B1
:107E5000F0BD5478012CF5D15388002BF6D1434E58
:107E6000918896F83030042BC9B279D096F82E401C
:107E70008C423DD096F82F408C4257D0012005B05F
:107E8000F0BD5378FE2B16D0FF2BDFD15388002B8B
:107E9000DCD1D488A3B2002BD8D1344E1146284669
:107EA00086F83030C6E90D33B48786F83E3002F0EC
:107EB00081FD0120CBE75388002BC7D1D388012B4C
:107EC000C4D12B498DF80F3000294DD00192FEF717
:107ED000E5FD019A0028B9D0431EDBB204AC11467F
:107EE00004F8013D28462246012302F07BFDC5E748
:107EF000022BC3D1B26BB3681E4F9B1AB36206F15B
:107F000020030FCB07C73A46214602F80C39032459
:107F100028460D2386F8304002F0BAFC0028ADD187
:107F2000154B1B68DB0791D500BE90E7002BA5D150
:107F3000214602F0DFFC0028A0D12146284602F0AD
:107F400005FD00289AD1002496F82F10094A86F8DA
:107F5000304028461F2302F09BFC0028E0D08DE72C
:107F600002F0D6FC204672E70B46B7E7646E0020AD
:107F70009D6A0200646C0020F0ED00E02DE9F04104
:107F8000B44C94F83050012D8EB01E46074645D0B3
:107F900028D3032D05D0022D5FD001200EB0BDE8FF
:107FA000F08194F82E308B42F7D10D2EF5D1E37B82
:107FB000282B00F01A812A2B40F00D81A64B13B11B
:107FC000607BFEF747FE002594F82F10A34A84F843
:107FD00030501F23384602F05BFC002861D094F833
:107FE0003050D8E794F82F508D42D6D11F2B06D1B0
:107FF000DFF868829A4BD8F800209A4271D00423A7
:1080000094F82E1084F83030384602F081FC38465F
:1080100094F82F1002F07CFC0020BFE7B3F5007F3E
:1080200008D9904B1B68D90700D500BE00200EB0C0
:10803000BDE8F081E27BA36B282A00F087802A2A22
:1080400000F08F80217B626B1E44CB09A66336D083
:1080500096422CD3022384F8303094F82E10384600
:1080600002F074FC002898D1A368A26B94F82E60EB
:10807000934202D9217BC9092ED19B1A7A4AA36265
:108080000FCA764D07C52A46314602F80C3903253A
:1080900038460D2384F8305002F0FAFB00287FF4B4
:1080A0007CAF704B1B68DB07C0D500BE76E76D4B1D
:1080B0001B68DA0793D500BE94F830506BE793B293
:1080C000607B664A04F10F01FEF778FD0028C0F2DC
:1080D0009F80A66B626BBBE73146384602F018FC06
:1080E0005BE7C446BCE80F0026460FC69CE80F00BD
:1080F00007C626F8023B1B0C3370D4E90123E17B51
:108100005A4E626201200022282963632662A2621D
:1081100084F82C20A26384F8300000F0AD802A2976
:1081200000F0DF80002B00F0EF80227BD20940F0CE
:10813000EB80B3F5007F00F26F819BB22946474A7E
:10814000384602F0A5FB0028ABD048E7626B1E441E
:108150009642A663BFF47EAFFFF796FD94F83050C9
:1081600019E7E28A52BA92B21AB1A168B1FBF2F2EF
:1081700092B2D4F81110394DB3FBF2FC09BA02FBEC
:108180001C32607B009661442B46FEF74DFD0028B3
:10819000C0F2FB81864230D9361A40B1A36B291850
:1081A00013FA80F332462846A36313F0D8FA00236B
:1081B00094F82F508DF818500722194605A88DF80D
:1081C000147007968DF819308DF8152002F054F9C7
:1081D00094F83050DFE6264B002B3FF4F4AE04F168
:1081E0000F01607BAFF30080EDE6224B002B3FF4E4
:1081F000EAAE607BAFF30080E5E6D4E90D231E44D0
:108200009642A663BFF426AF3846FFF7F1FCE6E6D8
:10821000A368A66B94F83C1084F82C509A1B02209B
:10822000A26284F8300021B942F2050084F83E10C1
:10823000A087002B3FF44EAF002A3FF44BAF237BC7
:10824000DB0940F0E58194F82F10384602F060FB1E
:108250003FE700BF646E0020556C0200646C002094
:1082600055534243F0ED00E0846E002055534253D5
:108270000000000000000000E28A52BA92B20BBB7C
:10828000002A3FF4E7AE94F83C10A362022284F87F
:108290002C2084F8302000297FF4DFAE42F2050163
:1082A0000022A18784F83E20002B3FF4D6AE237B2A
:1082B000DB0940F09A812946384602F029FB94F800
:1082C000305068E6207BC00913D0002A00F080817E
:1082D000B3FBF2F2002A00F0A3812829384694D19A
:1082E0003AE7E28A52BA92B2002BC9D0207BC00989
:1082F000EBD094F83C10A362022284F82C2084F87E
:1083000030200029CAD0D2E7667B252900F22B81D4
:10831000DFE811F0220129012901E50029012901E5
:1083200029012901290129012901290129012901FD
:108330002901290129012901BD002901290129015A
:108340002901290129012901990087002901290111
:10835000710029012901290129014C002901260068
:10836000304604AA05A9FEF717FC059B002B00F078
:108370004481BDF81020002A00F03F81013B1BBA68
:1083800012BAC8E900320820A368002B44D09842F2
:1083900028BF184683B26063A64A94F82E10384668
:1083A00002F076FA00283FF47CAE18E605AD002313
:1083B0000DF10E02304604A96B600593AB60FEF729
:1083C000EBFB049A002A00F01881BDF80E30002B58
:1083D00000F0138112BA082106925BBA0222ADF8AE
:1083E0001E308DF817108DF81C2095E8070088E8DE
:1083F00007000C20C8E7904B03B33046227DE17C98
:10840000AFF30080D0B994F83C302BB943F6022288
:108410000023A28784F83E3001213846FFF7C2FBD3
:10842000DDE5864B53B1E17C3046C1F3400301F0FA
:1084300001020909FEF7CCFB0028E4D0A368002B59
:108440003FF408AEE8E79DF816307D49002203F0BE
:10845000800362F3C7138DF8163003238DF81520BF
:108460008DF817208DF81430002900F0E180304697
:10847000FEF7FCFB9DF8163080F0010060F3C71397
:108480008DF81630059BC8F8003004207CE74FF0CB
:10849000203302250022CDE90522304607A909AA8A
:1084A00008934FF0800C079309930D93CDE90A339D
:1084B0000C931F260DAB8DF816508DF8175005AD97
:1084C0008DF818608DF815C0FEF7F0FA0FCD594EF3
:1084D0000FC60FCD0FC62B683360242054E794F8E5
:1084E0003C2094F83D0094F83E10DFF848C1DFF8D6
:1084F00058E14FF000084FF00003CDE90588CDE9C1
:10850000078862F303038DF81630F0220A23ADF8D2
:1085100024808DF820008DF821108DF814208DF81E
:108520001B3005AD0FCDACE80F002B68ACF8003068
:10853000BEF1000F76D0ACF1100130464FF400725E
:10854000AFF300800028A4F83C8084F83E800FDB65
:1085500000283FF473AF17E73046FEF7F9FA00281A
:108560003FF451AF6AE794F83C30002B7FF454AFEE
:10857000A38E304A3349607BFEF720FB0028FFF6CC
:108580004BAF00283FF45AAFFEE6A36BA2681E442F
:1085900043F602200021931BA08784F83E1001209F
:1085A0000221A663A36284F82C0084F83010002A0C
:1085B0003FF453AD002B3FF450AD237BDB0914D1C6
:1085C00094F82F10384602F0A3F994F83050E2E402
:1085D000012294F83C1084F82C200222A36284F833
:1085E000302000293FF45AAE5EE694F82E1038464B
:1085F00002F08EF994F83050CDE494F83C30002B22
:108600007FF40AAF43F6022284F83E30A28703E7E4
:1086100094F82E10384602F07BF9D4E90D2617E5C0
:108620000222D6E7A4F83CE084F83EE01220ABE654
:1086300001201FE7646C002000000000D16B0200E5
:108640006D6C0200736E00200000000070B5134CCA
:10865000134E84B020464FF4AE72002113F098F808
:108660004025002304F58E720092CDE901561A468A
:10867000194604F1B000039504F068F92E4404F1A2
:1086800070020023CDE90025CDE90265201D1946C1
:10869000012204F05BF904B070BD00BF246F00201C
:1086A000A46E002010B5054C04F1B00004F07AF976
:1086B000201D04F077F9012010BD00BF246F0020B9
:1086C00038B5074C2046002500F8B85B01F058F992
:1086D00004F10C0001F054F984F8B150657138BD13
:1086E000246F00204B79FF2B01D0002070472DE92B
:1086F000F04FDFF824B19BF8B13083B04BBB9BF84F
:10870000053033BB0B788A460AEB02050AEB0304FB
:1087100089788BF80010A542064614D91AF8032070
:10872000A3189D420FD36278042A0CD00B2A0AD0DA
:10873000052A0BF1B8080BF1B0070BF10C0917D0A3
:108740009D421C4609D8A4EB0A0080B203B0BDE8E4
:10875000F08F002003B0BDE8F08F1A7813449D42DB
:10876000F1D36278042AEED00B2AECD0052AE7D1A7
:108770002146304602F048F8002843D0A378DB09B0
:1087800005D19BF8B1301BB32278A318D8E79BF82A
:108790000530002BF8D14846019301F0F1F8A2789A
:1087A0008BF80520A2889BF804C0019B1849C2F3EE
:1087B0000A02A2F50072B2FA82F2520962F3410C87
:1087C00018468BF804C004F037F92278A318B7E7ED
:1087D000404601F0D5F8A3788BF8B130A3889BF818
:1087E000B020C3F30A03A3F50073B3FA83F35B0964
:1087F00063F34102394630468BF8B02004F064F947
:108800000028C1D1034B1B68DB07A2D500BEA1E73E
:10881000286F0020F0ED00E0246F002070B51C4CA4
:1088200094F8B1208A4205461E460FD1B4F8BC2008
:10883000F2B9184B23B1B2B217490020AFF3008050
:108840002846164904F040F9012070BD63798B4237
:1088500001D0002070BD124B1BB1B1B20020AFF3AC
:1088600000801049284604F0E7F848B1012070BDA7
:10887000B2B2D4F8B41004F1B80000F0F3FFD8E7B6
:1088800032462846074904F099F8012070BD00BF20
:10889000246F002000000000A46E0020D46F002090
:1088A00000000000286F0020F8B50E688D88B778AA
:1088B0003544AE420BD23B469F42344603D10BE0D7
:1088C0006378042B05D023781C44A542F8D80020F7
:1088D000F8BDA3789F42F6D1E3789A42F3D1A5423E
:1088E000F5D9237D012B06D9144B1B68DA07EED589
:1088F00000BE0020ECE723790D46DBB1012BE6D169
:108900002278E389617A1344114423442144994233
:1089100004D3DCE70A7811448B42D8D94A78052A77
:10892000F8D101F071FF28B9044B1B68DB07CED5E5
:1089300000BEF8BDA41BEC800120F8BDF0ED00E006
:10894000C28832B9654B1B68DB0700D500BE00202A
:108950007047F0B40378624803EB830403EB4403ED
:10896000C058831803D08E781C7BA64207D95B4B76
:108970001B68D90700D500BE0020F0BC70472EB997
:10898000012C01D90120F8E701268E7001248C60AA
:10899000C1F80E404C7700256FF03F0481F822505B
:1089A0008C766FF003056FF06404CD760C774D4D37
:1089B000C1F81E50082481F82340825CB3F80D40B2
:1089C00014441C441344A342D1D2474F9D78102D28
:1089D0000CD827FA05F0C04310F0010006D1DA7870
:1089E000964203D107E05A78242AEFD01A7813442C
:1089F0009C42F8D8BBE79C42B9D0062D06D0102D7A
:108A000004D0042DB9D1012248730A73CF781A79A2
:108A1000974218D81FB9012AB4D80127CF701A7805
:108A20001A44A2420FD2967806F0FD0CBCF1050F55
:108A30000FD0112E03D10CE05678242EF3D01678E7
:108A400032449442F8D8254B1B68DA0794D500BE0F
:108A500093E7D678B742F2D19442F4D0D1F81240DD
:108A60008CB9062D30D0102D2ED0042D09D1B2F89E
:108A70000560B2F807505C7D05FB06F304FB03F4C8
:108A8000E408C1F812404B6863B9557E012D3FF6EA
:108A900079AFD2F81A3025B9D2F81E209A427FF465
:108AA00071AF4B60114AA2FB03235A0BCBD0631E5C
:108AB0001344B3FBF2F30233B3F5807F28BF4FF4C6
:108AC0008073C1F816305DE7B2F80530B2F80740A0
:108AD00004FB03F42401E408D3E700BFF0ED00E059
:108AE0008070002003010101501001005917B7D117
:108AF0002DE9F84F0B785D4C03EB83050E4603EB35
:108B000045030989E7589146804679B13944CB78C5
:108B100003F00303012B00F09480738933B13B44CD
:108B2000DA7802F00302012A00F091807488B58897
:108B300000233C44B381F38133827382B382F38296
:108B40003D44A278AC4238BF134609D29A4203D1C1
:108B50000CE06378042B06D023781C44A542F8D897
:108B60000020BDE8F88FA3789A42F5D1E3789945C3
:108B7000F2D1A542F4D994F804A0BAF1020F15D8A5
:108B8000E31BF380B9F1000F16D023781C44BAF12F
:108B9000000F4CD04FF0000B06E06378052B28D077
:108BA000042B03D023781C44A542F6D8304B1B6815
:108BB000DA07D5D500BED3E7737F012B12D006F1BB
:108BC0001E03494686F81D90A6F81890A6F81A903C
:108BD0001846302212F0DCFD01463046FFF7B0FEA9
:108BE0000028BDD023781C44BAF1000FD2D1012057
:108BF000B7E7E37803F00303B9F1000F01D0012BCD
:108C000018D0022BACD12146404601F0FDFD28B31F
:108C100006EB4B03E21B1A8122780BF101039A4504
:108C200014444FF0010BBFD8B9F1000FDFD002237D
:108C30007377DCE7A388B269C3F30A039342E2D2F5
:108C40008EE700233381897801F08EFE65E70022EC
:108C500072819978404601F087FE67E7044B1B68F4
:108C6000DB077FF57DAF00BE7BE700BF8070002093
:108C7000F0ED00E010B4064C06480023C4E90033D0
:108C80001946C4F807304E225DF8044B12F080BD3F
:108C9000807000208C7100200120704710B4064CB9
:108CA00006480023C4E900331946C4F807304E22B1
:108CB0005DF8044B12F06CBD807000208C710020B8
:108CC0002DE9F0414B790E2B04D04FF000084046BF
:108CD000BDE8F0818B79012BF7D1CB79012BF4D151
:108CE0003E4E33682BB13E4B1B68DB07EDD500BE13
:108CF000EBE714460F461A46314605463760B48006
:108D0000FFF7D2FD0028E0D0F2883368B978134429
:108D10003C44A74293F814C03B4605D308E05A7878
:108D2000042A4DD00B2A4BD01A7813449C42F6D813
:108D3000BCF1000F4ED02B494A88002AD3D1D81B52
:108D40001FFA80F83272A1F802809C4293F802E088
:108D50000A8098BF034605D80BE05A78042A2BD026
:108D60000B2A29D01A7813449C42F6D8DB1B1FFA31
:108D700083F80022BCF1010FA1F804804A77B2D138
:108D800017FA80F017FA83F3984281780AD2827832
:108D90008A4203D118E04278042AF8D002781044BD
:108DA0008342F8D8284600220E49FFF7A1FE00288A
:108DB0008BD0A6F804808AE79A787245D2D0D5E79E
:108DC0009A788A42B0D0B3E7C278012AE6D18342CA
:108DD000EFD1E7E7DB1B1FFA83F8EAE7807000209A
:108DE000F0ED00E08C7100202DE9F047167806F0D8
:108DF0001F04012C8CB004D0002420460CB0BDE828
:108E0000F087DFF8F892B2F804C0D9F80070804615
:108E100015465FFA8CF317B1BA789A422CD0B44F4A
:108E20007C88002CE9D03A7802EB820002EB400209
:108E300059F802E07444A2789A42DDD1C6F3411693
:108E4000F3B2002B00F09C80012B12D15FEA1C2CA6
:108E50000FD16B881B0A022B00F02E81062B00F02D
:108E60001781012B00F0F580A24B1B68DB0700D5B2
:108E700000BE07233B77BFE7C6F34116F4B2002CD0
:108E800047D0012C25D15FEA1C2C26D0B9F806204A
:108E9000BB18B95CDA89114419448B420ED29A7816
:108EA000023A052A06D8DA78624503D107E05A78F3
:108EB000242AF4D01A7813449942F8D849B10023EF
:108EC00089F80930012498E78A4B1B68D90700D537
:108ED00000BE072389F809308EE76B881B0A012B37
:108EE00000F09580022BEFD16B78812B00F0478149
:108EF000862BE9D10129E2D10B46404629467E4A1C
:108F000001F070FD0028DAD1FF2389F80930002430
:108F100073E76B780A2B4AD00B2B3ED10129CED1B7
:108F2000EB88002BF0D1B9F80630FA181179A9B105
:108F3000F85CD189537A0144034413440A449342B0
:108F400005D395E119780B449A4240F29181597802
:108F50000529F7D19978404601F006FD0026A9F8C9
:108F600006606A8865494046FFF79EFC0446002873
:108F7000CAD02946404601F01DFD89F809603CE74A
:108F80006B780A2B27D00B2B7FF46EAF012900F0F2
:108F9000BD8000233B7701242FE7564B1B6813F05D
:108FA00001032FD107221C4689F8092025E7012952
:108FB00085D1EB88012BA7D1B9F80620BF18A3D023
:108FC0000CAAF97802F8301D294601F00BFD044681
:108FD0000028D2D198E70129DBD1EB88012B35D1CC
:108FE000FB889BB31EEB030330D00CAADB7802F89E
:108FF000303D40460B46294601F0F4FC044628B3B8
:109000003E77FAE600BE072389F80930F5E66B786B
:10901000812B00F0D180862B00F0BE80012B7FF4E5
:1090200053AF012900F0CB8002297FF448AF344BC5
:10903000002B3FF444AF99F80A100020AFF30080F2
:10904000B0FA80F489F809006409D6E6FF233B777B
:10905000D2E67B7F0BB187F81DC06C78842C61D879
:10906000822C65D2012C00F00A81812C7FF4FCAEA9
:1090700001298ED1EB883BB1294640463023214A55
:1090800001F0B0FC002884D1FF233B770024B4E634
:109090006B78812B00F0A180862B7FF4E5AE01294F
:1090A0007FF477AF294640460123134A01F09AFC2A
:1090B00000287FF46EAFE7E76B78812BD8D040F2C1
:1090C000B080852B00F09780862B7FF4CDAE0129F0
:1090D0007FF45FAFEB88012BD6D10B464046294683
:1090E000094A01F07FFC00287FF453AFCCE700BFB2
:1090F0008C710020F0ED00E0EDE7030080700020AF
:1091000000000000AA710020EEE703006A883946DB
:109110004046FFF7EDFC002898D02946404601F074
:1091200049FC36E7862CD2D065D3872C7FF49CAEE1
:1091300001297FF42EAFEB88002BA5D0B64EE9466F
:1091400006F1300A30687168B268F368CC46ACE862
:109150000F0010365645E146F4D19DF80210002963
:1091600040F09F80832C00F08381872C00F0648185
:10917000822C00F0618108233B7700243DE6012921
:109180007FF49DAE294640460123A44A01F02AFC03
:1091900000287FF494AEB7E601297FF490AEEB8807
:1091A000012B7FF4B1AE294640469D4A01F01AFCDE
:1091B00000287FF484AEA7E601297FF480AEEB8817
:1091C000012B7FF4A1AE294640460123954A01F0C8
:1091D00009FC00287FF473AE96E601297FF4D9AE2E
:1091E0000B464046294607F11C0201F0FBFB002814
:1091F0007FF4CFAE48E701297FF4CBAEEB88022B9A
:109200007FF442AF0CAA302122F8301D4046294697
:1092100001F0E8FB044600283FF436AF00233B771B
:10922000EBE5012B7FF420AE01293FF425AF0229A5
:109230007FF4AFAE7849A1F11E00FFF781FB044631
:1092400060B3794B7A6BBA613BB1734A79783878FD
:10925000AFF3008000287FF49CAE74490023022005
:109260004FF480720880C7E903337B61BA83C4E599
:109270006F4B1B68D8077FF547AE00BE44E6012957
:109280003FF4FAAE02297FF484AE6349A1F11E00D7
:10929000FFF756FB044600287FF47BAE08233B779C
:1092A000ABE59DF8030000287FD1FA88002A3AD068
:1092B0001EEB020337D01EF80220B3F80D005D4EFE
:1092C00010441844134498420FD99A78102A04D8AD
:1092D00026FA02F2D20700F1D5801A781344984298
:1092E000F1D95A78242AF8D1EDE70346832C5AD0D5
:1092F000872C4CD0822C7FF43EAF01218DF80310D7
:109300001A781A44904237D9947804F0FD06052E55
:1093100010D0112C0ED0147822449042F2D95478F7
:10932000242CF8D1EEE7424B1B68D9077FF523AF19
:1093300000BE20E7D478A142EDD1997806291DD04E
:1093400010291BD004297FF416AFB2F80510B2F82B
:1093500007205B7D02FB01F203FB02F3DB08CDF883
:1093600012306A4629464046302301F03BFB044652
:1093700000283FF489AE51E70246DEE7B2F8051057
:10938000B2F8073003FB01F31B01DB08E7E79A782B
:10939000062A06D0102A02D0042A7FF4ECAE997D6A
:1093A000ACE79979AAE71979A8E7019B002BD8D1F6
:1093B000FA88002AB7D01EEB0203B4D01EF802E0F0
:1093C000B3F80D20DFF86CC072449E1873449E42BF
:1093D0000ED99A78102A03D82CFA02F2D20756D462
:1093E0001A7813449E42F2D95A78242AF8D1EEE72B
:1093F00033461A7813449E4264D99A7802F0FD01EC
:10940000052948D0112A46D01A7813449E42F2D931
:109410005A78242AF8D1EEE7AA710020897000203A
:10942000EEE703008A700020000000008C7000202E
:10943000F0ED00E05010010001238DF8023001230F
:109440004FF00112029300230392ADF810304FF653
:10945000C0428DF8223040F29B13ADF81A20ADF8CF
:109460001C30404ACDF81E2008238DF8233078E7C1
:10947000FB88002BE3D01EEB0303E0D01B7B8DF8B1
:109480000230DCE7DA7891427FF427AF2EE7DA7812
:109490009142A5D1ADE7DA789042B5D1823C052C56
:1094A0003FF669AE01A252F824F000BF2D950200EC
:1094B00011950200F3940200779102007791020067
:1094C000C99402003346E9E7D3F8151042F210734D
:1094D000B1FBF3F3019100293ED0DDF812208BB9E6
:1094E000931CB3F5807F28BF4FF48073CDF81630FE
:1094F00037E75A7E72BBD3F8221042F21073B1FBE9
:10950000F3F3E7E7013A1A44B2FBF3F30233E8E777
:109510005A7ECAB1053203EB8202D2F80210D3F8A8
:109520001A3042F21072B3FBF2F3D3E75A7E72B1F3
:10953000053203EB8202D2F80220D3F81A1042F26D
:109540001073B2FBF3F3C5E7D3F81E10E7E7D3F8C7
:109550001E20F2E7002301930023ADF81630ADF88A
:109560001830FEE6030101012DE9F84F334C238941
:1095700053B12278324F02EB820502EB45057D594B
:109580002B449F788F420AD02E4B1B68DB0703D5F4
:1095900000BE0020BDE8F88F0020BDE8F88FD4E9B8
:1095A00004369E4205460BD327490023C4E9033302
:1095B000636119B161781046AFF300800120E9E7DB
:1095C00001F046F90028E7D0DFF88090A36999F808
:1095D0000000D4E9042BA2EB0B0808EB00069E4226
:1095E00028BF1E46B04213D9164B1B6813F0010367
:1095F00001D000BE002339462846144A01F048F93C
:109600000028DBD10F4B1B68DA07C5D500BEC1E7C8
:10961000E168A6EB000A59444844524612F094F817
:109620000BEB0A03D0456361B3B2E4D199F8012092
:1096300042F0020289F80120DDE700BF8C710020B2
:1096400080700020F0ED00E0000000008C70002031
:109650002DE9F041B2F5004F9DF8188030D804464E
:10966000C0681E460F46154618B14FF0FF310EF088
:10967000BBFC206918B14FF0FF310EF0B5FCE28859
:10968000E068276066F30E02C2F30721002368F347
:10969000C711E2806381A580E171238118B11A4668
:1096A00019460EF059F8206938B100231A461946B8
:1096B0000EF052F80120BDE8F0810120BDE8F081F4
:1096C0000020BDE8F08100BF03894289808892B202
:1096D0009BB2934236BFC2EB40029B1A9B189BB2CF
:1096E000984228BF18467047028943899BB2981A4E
:1096F000B0FA80F04009704703894289808892B2AD
:109700009BB2934236BFC2EB40029B1A9B189BB29E
:10971000984286BFC01A80B2002070472DE9F843F6
:10972000054600690E46174618B14FF0FF310EF09E
:109730005BFC2B896989A8889BB289B28B4236BFB2
:10974000C1EB40045C1AE418A4B2002C4AD0A04239
:1097500006D283422CBF191A191889B269810446AE
:10976000BC4228BF3C468842A4B203D8091A89B239
:109770008842FBD9EA882B68401AC2F30E0887B2E8
:109780001FFA88F2BC4202FB013125D917FB08F908
:109790001FFA89F94A46304611F0D6FFE21B12FB48
:1097A00008F206EB090092B2296811F0CDFF6A8930
:1097B000A88892B211198BB29A4215D940001B1A8F
:1097C0009BB228696B8120B100231A4619460DF01F
:1097D000C3FF2046BDE8F88302FB04F2304611F0D7
:1097E000B3FFE4E769898BB240008342E9DBE6E737
:1097F00038B5054600690C4618B14FF0FF310EF040
:10980000F3FB29896B89AA8889B29BB2994236BF3A
:10981000C3EB4200C81A401880B200B3824209D29A
:1098200091422CBF8B1A8B189BB29A426B8103D842
:109830009B1A9BB29A42FBD9EA882968C2F30E02AE
:10984000204602FB031111F07FFF0124286920B19B
:1098500000231A4619460DF07FFF204638BD044606
:10986000F4E700BF2DE9F0471446002A4FD0054623
:10987000C0680F4618B14FF0FF310EF0B5FBEA7922
:109880002E896989AB88D209B6B289B242D18E429B
:1098900036BFC1EB4301711A891989B2994252D27C
:1098A000591A89B28C42E88828BF0C46C0F30E08CA
:1098B000B342304603D8C01A80B29842FBD21B1A7A
:1098C0002A681FFA83F9A14508FB002047D219FB3B
:1098D00008FA1FFA8AFA5246394611F035FFA4EB0E
:1098E000090212FB08F207EB0A0192B2286811F094
:1098F0002BFFA3199BB2AA88B3424FEA420201D3BD
:10990000934201DB9B1A9BB2E8682B81F8B9204691
:10991000BDE8F087E8889C42C0F30E080FD28E4263
:1099200023D3721A92B2580022448242C0DBCE186E
:10993000361BB6B2B14220D9361AB6B2B8E7E41A2D
:1099400008FB0477B3B9E86800240028DFD00023BF
:109950001A4619460DF000FF2046BDE8F08708FBC7
:1099600004F2394611F0F0FEC3E75800421A3244BF
:1099700092B2D9E70E461C4698E7B04298DCDBE786
:1099800010B50446C06818B14FF0FF310EF02CFB43
:10999000206918B14FF0FF310EF026FBE06800237C
:1099A0006381238118B11A4619460DF0D5FE20694E
:1099B00020B100231A4619460DF0CEFE012010BD3D
:1099C00038B5C379B1EBD31F1FD00446C0680D462C
:1099D00018B14FF0FF310EF007FB206918B14FF0BE
:1099E000FF310EF001FBE379E06865F3C713E37123
:1099F00020B100231A4619460DF0AEFE206920B1B1
:109A000000231A4619460DF0A7FE012038BD00BFFD
:109A1000704700BF704700BF0020704700207047AC
:109A2000704700BF704700BF704700BF704700BF5E
:109A3000024B5878003018BF012070473472002064
:109A4000024B1878C0F38000704700BF34720020CA
:109A5000024B1878FF3818BF0120704718610020AA
:109A60002DE9F047374E3378FF2B82B004D0012523
:109A7000284602B0BDE8F087002946D03822884643
:109A800007460021304811F083FE304B3049002555
:109A900001201D700EF03AF82E4B1860002834D0CB
:109AA0002D4C2346626833F80C0B618800950DF04D
:109AB000E1FDA16805460EF071FC284B1D6075B3F1
:109AC000274B23B12748AFF30080274B1860254C64
:109AD000DFF89CA02278DFF8909000252B460EE05E
:109AE000D9F8003013EB45130FD05B686BB1984782
:109AF00022780135EDB2511DA9422B4615DBAA4251
:109B0000EED89B1A0AEB4313EFE7184B1B68DA07F2
:109B100000D500BE0025284602B0BDE8F087134BF3
:109B20001B68DB07F6D500BEA2E741463846377012
:109B300001F050FE05460028F1D0384601F04CFEF9
:109B400096E700BF186100203472002034730020B3
:109B5000E47100206C720020BC6000207072002054
:109B600000000000E0710020DC710020F0ED00E05A
:109B7000F0E70300B94B1B78FF2B00F0A1812DE922
:109B8000F04F04468BB04FF47A7200238002A10D8F
:109B900011F0A4FBB24DDFF8E4B2B24E8246671C6E
:109BA000286800F02481002C00F02181BAF1000F18
:109BB00014BF5246012207A90EF084F8C0B19DF8E7
:109BC0001D30013B072B00F21481DFE813F0F20097
:109BD000D300CA00BF00B700410014000800089B72
:109BE0000BB10998984728680EF0AAFB0028D6D137
:109BF0000BB0BDE8F08F9DF820109B4B01F07F0764
:109C000003EB470303EBD11393F826006FF3000037
:109C100083F8260093F826006FF3820083F826006D
:109C2000002F00F04581914A1B7D12789342C0F0CD
:109C30003381501D9842C0F234819B1A0BEB4313C1
:109C40009F699DF82120099B9DF81C00B847CAE731
:109C5000874A1378002B00F024811378013BDBB294
:109C60001370137803F0FF00002BBCD1DFF8F891DC
:109C70009DF81C8099F8003043F0010389F800300A
:109C800099F8263060F3000389F8263099F82630D9
:109C900060F3820389F8263099F8273060F30003D7
:109CA00089F8273099F8273060F3820389F8273044
:109CB00000F002FF9DF8203003F06002602A00F0FF
:109CC0000681402A00F00A8103F01F03012B00F0F7
:109CD000D581C0F01281022B40F0F9809DF824104C
:109CE00001F07F07082F00F2F2807B00C809019382
:109CF0004B44034400905D481F7D03789F4280F0F1
:109D00000F82336803EB4717002A00F0108257B127
:109D1000786900F0D1FE7B69404608AA0121984786
:109D200000287FF460AF9DF81C00002101F0BEFF09
:109D300080219DF81C0001F0B9FF54E74A4B1B78C5
:109D4000D8077FF550AFFFF771FE4CE7464B1A7806
:109D5000D7077FF548AF1878C0F3C000FFF764FE5F
:109D600041E7414BDB78D9077FF53DAF0898FFF716
:109D700051FE38E73D4F9DF81C903A7800239846F5
:109D800010E0336813EB481300F08080DB6848462E
:109D900098473A7808F101085FFA88F8511D88451C
:109DA000434645DC9045A3EB0203EAD30BEB431398
:109DB000ECE72E4F9DF81C903A78002398460FE070
:109DC000336813EB48135BD0DB68484698473A7812
:109DD00008F101085FFA88F8511D884543460FDCF9
:109DE0009045A3EB0203EBD30BEB4313ECE72246C6
:109DF000E1E6204B1B68DA077FF5F5AE00BEF2E620
:109E000038220021184811F0C3FC1B4A4FF0FF33E1
:109E1000C2E90533C2E90033C2E90233D3611384D6
:109E2000136100F03FFE104B9DF820209A70DAE697
:109E3000382200210C4811F0ABFC0F4A4FF0FF33E1
:109E4000C2E90533C2E90033C2E90233D3611384A6
:109E5000136100F027FEFFF7E5FDC4E6186100205E
:109E600070720020DC71002034720020E07100204C
:109E700034730020F0ED00E038720020F0E70300BA
:109E8000A44B1B68D907CCD500BECAE7A14B1B6801
:109E9000DA07DED500BEDCE7326812EB43137FF44D
:109EA000CFAE9C4B1B68DB077FF5A2AE00BE9FE6E2
:109EB000099B9DF821209DF81C0000F013FE92E6FE
:109EC0007047FCF7F3FC0246002840F0E981914B13
:109ED0001B68DA077FF527AF00BE24E78E4800280D
:109EE0003FF421AF00F0E8FD404608AA0121FCF74D
:109EF00025FF00287FF477AE15E7202A00F0F180D7
:109F0000002AE4D19DF82130092BE0D801A252F8B3
:109F100023F000BF3BA002001BA00200CF9E020066
:109F20005DA00200CF9E0200FD9F0200A99F0200DB
:109F3000CF9E0200939F02003D9F02009DF82230B9
:109F400001931A4699F801309A4200F0548199F829
:109F50000130002B40F05481019B89F80130002B27
:109F600000F04781581EC0B2FCF7A0FC18B143783E
:109F7000022B00F0C181674B1B68DB0700D500BED8
:109F8000644B1B68D80700D500BE002389F8013058
:109F9000C9E60AAA99F8013002F80E3D40460123AD
:109FA00008A900F01FFD1EE6BDF82200030A5A1E94
:109FB000C0B20E2A3FF6B7AE01A151F822F000BFA1
:109FC000B3A202008FA202007FA20200279D02001E
:109FD000279D020061A202008FA20200279D0200BD
:109FE000279D0200279D0200279D0200279D020059
:109FF000279D0200279D0200E3A2020008A800F0AE
:10A0000061FD40469DF8221001F0ECFB99F800300C
:10A0100043F0020389F80030E5E5BDF82230012B5A
:10A020007FF481AE99F8003040466FF3C30308A96E
:10A0300089F8003000F0BEFCD5E599F800309908A9
:10A0400001F00201C3F340130AAA0B4322F80E3DAC
:10A050004046022308A900F0C5FCC4E5BDF8223043
:10A06000012B7FF460AE99F80030404643F00803BE
:10A0700008A989F8003000F09DFCB4E59DF8243073
:10A080000F2B3FF650AE4B44244A1B791778BB4246
:10A0900038D2376817EB43173FF445AE786900F0C4
:10A0A0000BFD7B6908AA01214046984700287FF4F0
:10A0B0009AAD9DF8203013F060077FF434AE9DF820
:10A0C00021300A3B012B3FF62EAE00F0F5FC9DF847
:10A0D00021300A2B00F0FC8008A9404600F06AFC01
:10A0E00081E59DF824300F2B3FF61DAE4B440B4A03
:10A0F0001B791778BB4260D2376817EB43173FF4E0
:10A1000012AE05E67A1D9A42FFF60DAEDB1B0BEB95
:10A110004317C3E7F0ED00E03D6D0200E071002061
:10A12000581DB84239DA002A7FF4FDAD17469DF874
:10A130002130012B03D036D3032B7FF4C8AEBDF8FA
:10A1400022200292AAB9B84A012B10783DD001F022
:10A15000ADFD019B009A4B44134493F8262042F036
:10A16000020283F8262093F8262042F0010283F8A9
:10A170002620002F3FF437AD786900F09DFC7B6905
:10A18000012108AA40469847002000F095FC99F864
:10A190002730D9073FF527AD9EE7FB1A0BEB431796
:10A1A000002AC4D0B4E5019B009A4B4413442033E9
:10A1B0000AAA9B79C3F3400348E77A1D9A42FFF647
:10A1C000B2ADDB1B0BEB4317A2E501F097FD019B42
:10A1D000009A02994B44134493F8262061F34102FC
:10A1E00083F8262093F8262061F3000283F82620C6
:10A1F000BFE7FFF717FC404608A900F0DBFBF2E4DD
:10A200000021404601F000FB404601F09FFB874FD4
:10A2100099F802300293002300943A781C460CE02F
:10A220000BEB4313DB68404698473A780134E4B2BD
:10A23000501D8442234600F3CE809442A3EB0203D8
:10A24000EED2336813EB4413ECD1794B009C1B68BE
:10A25000DB0700D500BE9DF8083089F802307BE6A8
:10A26000FFF7DAFB024600283FF45DAD4046137865
:10A2700008A900F0B7FB00287FF4B5AC53E5BDF8A2
:10A280002410FCF719FB02460028EFD14BE5022B06
:10A290003FF417AEFFF7C2FB024600283FF443AD80
:10A2A0004046538808A900F09DFB00287FF49BAC32
:10A2B00039E5FCF7F7FA024600283FF408AE4046BD
:10A2C000122308A900F08EFB00287FF48CAC2AE54D
:10A2D0000AAA08A902F80E7D4046012300F082FB7D
:10A2E00081E4544B002B3FF41EADFCF723FD0246E6
:10A2F00000283FF418ADD3E7C27999F80030511126
:10A3000061F30413921162F3451389F80030438816
:10A31000CDF81080CDE900A4C318039300F109071C
:10A32000039BBB4237D97B780B2B03BF3B7897F855
:10A3300003A0FF184FF0010A7B78042B43D1039B45
:10A340003A4ACDF814A0DB1B00219BB2029112788F
:10A3500088469A4617E0346814EB481433D05246C6
:10A360003946049823699847082808F1010201D961
:10A37000824543D22D4B5FFA82F81A78CDF80880D7
:10A38000511D88451CDC029B9045A3EB0202E2D3E1
:10A390000BEB4214E3E7DDF81080DDE900A4FFF7E2
:10A3A0003FFB28E70246434604463946224802F06E
:10A3B000B1FA1E4B029A1B78053393422744AFDA59
:10A3C000DDE900A4D7E51A4B1B68DF07DDE900A42F
:10A3D0007FF5D6ADD3E5382200211848009C11F056
:10A3E000D7F9174A4FF0FF33C2E90533D36113841D
:10A3F000C2E90033C2E9023313612CE7DDF814A08F
:10A40000BAF1010F1ED00021CBB2534501F1010179
:10A41000C8D2BA78134459FA83F31A79FF2AD2D1F1
:10A4200083F80480F0E700BF18610020E07100208D
:10A43000F0ED00E0356D020048720020347200201B
:10A440003872002023690A4A0A498B4208BF4FF03C
:10A45000020A9342D7D17B79012BD4D1BB79012B4E
:10A46000D1D1FB79002B08BF4FF0020ACBE700BF28
:10A470005D7902001D7102002DE9F0434378023B33
:10A4800085B005460E46042B0CD8DFE803F0495D85
:10A49000037E3F00844B1A78D70715D51A7842F00F
:10A4A00004021A70814B18688EB933464FF0FF32A0
:10A4B00029460DF051F9003018BF0120F0B97C4B4E
:10A4C0001B68DB0700D500BE05B0BDE8F08304AA19
:10A4D000002342F80C3D29460DF04EFB019B43B191
:10A4E000744B4FF080525A6040BFBFF34F8FBFF3A1
:10A4F0006F8F003018BF01200028E0D03246697805
:10A500002878FFF785FA05B0BDE8F0836A4A13782A
:10A510000133DBB21370654B1868002ED7D1C4E746
:10A52000614B1A786FF300021A701A7800216FF3EA
:10A5300041021A7059701A7861F382021A705B4BEB
:10A540001868002EC3D1B0E75C4FDFF874913978FA
:10A55000DFF87081002423460AE0D8F8003013EBBE
:10A5600044130AD10134E4B24A1DA242234615DB4A
:10A570008C42F2D35B1A09EB4313DB69002BF1D059
:10A580006968287898473978ECE7474B1A78D407F8
:10A590009AD51A786FF382021A7083E7424C2378B7
:10A5A00058072FD5237841496FF3820323702B7806
:10A5B0008DF8043005220023CDF80A30CDF806309E
:10A5C000ADF80E3008688DF80520002E59D004AA89
:10A5D00001A942F8103D0DF0CFFA009B43B1354B75
:10A5E0004FF080525A6040BFBFF34F8FBFF36F8F61
:10A5F000003018BF012000284DD12D4B1B68D90712
:10A6000000D500BEE378DA077FF55EAF274A2B78E6
:10A61000696810688DF8043003220023CDF80A30F1
:10A62000CDF80630ADF80E3002918DF80520F6B168
:10A6300004AA01A942F8103D0DF09EFA009B43B117
:10A640001C4B4FF080525A6040BFBFF34F8FBFF397
:10A650006F8F003018BF012000283FF430AF324622
:10A660009DF805109DF80400FFF7D2F92CE733465A
:10A670004FF0FF3201A90DF06FF8003018BF012034
:10A68000EAE733464FF0FF3201A90DF065F80030DC
:10A6900018BF0120AFE732469DF805109DF8040071
:10A6A000FFF7B6F9AEE700BF3472002070720020E9
:10A6B000F0ED00E000ED00E034730020E0710020D8
:10A6C000F0E70300DC7100202DE9F84F0A9F002A13
:10A6D0004CD090464A78052A0C460ED1CE7806F02A
:10A6E0000306B34209D18A7802F07F02082A0DD905
:10A6F000204B1B68DA0700D500BE1E4B1B68DB072A
:10A7000002D40020BDE8F88F00BEFAE7DFF868B099
:10A71000DFF868A09BF8009000250EE06278052A1B
:10A72000EBD1E27802F00302B242E6D1A27802F065
:10A730007F02082ADCD89BF800909AF802100022C9
:10A74000204602F095F80028D2D04846214601F074
:10A750006FF80028D1D0A278D30916BF0B9B3A70AE
:10A760001A702278013545451444D7D10120BDE83F
:10A77000F88F00BFF0ED00E0186100203472002077
:10A7800030B51E4D85B0082400230290019303913B
:10A790008DF805402868144682B9134601A94FF088
:10A7A000FF320CF0D9FF003018BF0120E0B9144B84
:10A7B0001B68DB0700D500BE05B030BD04AA01A9A7
:10A7C00042F8103D0DF0D8F9009B43B10D4B4FF00E
:10A7D00080525A6040BFBFF34F8FBFF36F8F00307E
:10A7E00018BF01200028E2D022469DF805109DF8F0
:10A7F0000400FFF70DF905B030BD00BF70720020F6
:10A80000F0ED00E000ED00E038B58B7803F07F0359
:10A81000082B06D90B4B1B68DB0700D500BE0020B8
:10A8200038BD094A094B0C46204691781D78002214
:10A8300002F01EF80028EDD021462846BDE8384039
:10A8400000F0F6BFF0ED00E0347200201861002047
:10A85000CB09263301F07F010348044A03EB410191
:10A860000844116801F0BABF347200206C720020F5
:10A87000CB09263301F07F010348044A03EB410171
:10A880000844116801F0D6BF347200206C720020B9
:10A8900038B5154C01F07F0504EB450404EBD114E9
:10A8A0002034A079C00706D5104B1B68DA0700D505
:10A8B00000BE002038BDA5790D4845F0010500789F
:10A8C000A57101F0F1F80028F4D1A379074A60F3EB
:10A8D0000003A371A37960F38203A3711368DB07FC
:10A8E000E7D500BE38BD00BF34720020F0ED00E0B7
:10A8F00018610020054B01F07F0203EB420303EBDC
:10A90000D11191F8260000F0010070473472002048
:10A9100010B50C4B18780C4601F0C8F90A4904F040
:10A920007F0301EB430101EBD41191F8263043F092
:10A93000020381F8263091F8263043F0010381F8B4
:10A94000263010BD1861002034720020054B01F044
:10A950007F0203EB420303EBD11191F82600C0F311
:10A96000400070473472002010B50F4B18780C4629
:10A9700001F036F80D4904F07F0301EB430101EBD0
:10A98000D41191F826306FF3410381F8263091F805
:10A9900026306FF3000381F8263091F826306FF3EC
:10A9A000820381F8263010BD186100203472002027
:10A9B000704700BF0A4630B4094C49680546106824
:10A9C000234603C30023C4E9023392F900209A42CC
:10A9D0002846ACBF802119461A4630BCFFF758BF45
:10A9E00078730020F0B50E462B4C49680746306856
:10A9F000A260254603C50021E181F588AB4228BF4E
:10AA00002B4683B0A381ADB13BB3002A3DD094F96E
:10AA10000000402B28BF402300282CDB1F4A38466B
:10AA2000FFF736FF98B91E4B1B68DB0712D500BE37
:10AA300003B0F0BD96F90030002BACBF802100219F
:10AA400038462B462A46FFF723FF0028EBD001208B
:10AA500003B0F0BD002003B0F0BD94F90020002A3F
:10AA6000ACBF194680211A463846FFF711FF00286F
:10AA7000D9D00120ECE71146084801931A4610F09E
:10AA800063FE064A019B8021EEE7054B1B68D90750
:10AA9000E0D500BE1046CBE7787300203873002065
:10AAA000F0ED00E0034B0022C3E90022C3E90222DB
:10AAB0001A61704778730020014B1861704700BF1E
:10AAC000787300200346064A5968006810B413469C
:10AAD000002403C3C2E902445DF8044B704700BF81
:10AAE0007873002070B5404C2278C909B1EBD21FB1
:10AAF00082B0064615D03BB13C4B1B68DA0700D547
:10AB000000BE002002B070BD2146FFF751FF23694F
:10AB1000002B40D02246304603219847012002B046
:10AB200070BD94F90020A068002A08DB0028E8D056
:10AB30001A462F49019310F007FEA068019BE58992
:10AB4000E2881D44ADB21844AA42A060E58101D05C
:10AB50003F2B23D8236923B1234A0221304698474B
:10AB600088B194F9002000239A42ACBF8021194695
:10AB700030461A46FFF78CFE68B91C4B1B68DB0792
:10AB8000BFD500BEBEE70146304601F08FF8304623
:10AB9000802101F08BF8012002B070BDA28994F9E8
:10ABA0000010531B9BB2402B28BF402300290ADB17
:10ABB00095424FF0000112D00D4A3046FFF768FE73
:10ABC0000028DAD0E7E795420BD001461A4608483C
:10ABD000019310F0B9FD8021054A019BEDE70A467B
:10ABE000EBE780210022E8E778730020F0ED00E039
:10ABF0003873002000B170470EF06CBD00B1704793
:10AC00000EF072BD0138C3B2042B07D856230D4A8B
:10AC100003FB00F013181B79DB0706D40A4B1B68F3
:10AC2000DB0700D500BE00207047CB09363301F0AA
:10AC30007F0103EB4101054B08441044196801F002
:10AC4000CDBD00BF8C730020F0ED00E03C7500200E
:10AC50000138C3B2042B07D856230A4A03FB00F07D
:10AC600013181B79DB0701D400207047CB0936335A
:10AC700001F07F0103EB4101034B084410441968C4
:10AC800001F0D8BD8C7300203C750020F0B5441E47
:10AC9000E5B2042D83B017D8562505FB04F5174EF1
:10ACA00001F07F0405EB4404344404EBD114303448
:10ACB000A779FF070BD5124B186810F0010001D0DF
:10ACC00000BE002003B0F0BD002003B0F0BD1F4661
:10ACD00013460A460146705DA579009745F00105C7
:10ACE000A57100F0BDFB0028ECD1A37960F300034F
:10ACF000A371A37960F38203A371E3E78C7300204F
:10AD0000F0ED00E02DE9F047764DAF798F4284B049
:10AD100091461E4604465BD0E2234FF0000AA9711B
:10AD20008DF809108DF80830ADF80CA0002E00F059
:10AD3000B380012103AF0DF10808FBF72BFE41465C
:10AD40003A4602232046FBF753FE51462046FBF7C6
:10AD500021FE9DF80C30EB702223D9F800908DF87D
:10AD60000730002E3ED020460121FBF713FE3A4665
:10AD70000DF1070101232046FBF73AFE9DF80C3048
:10AD8000EB704946082300222046FBF731FE20469F
:10AD90000021FBF7FFFD0026102241F2F2032046BE
:10ADA0000121EA71ADF80830ADF80C60FBF7F2FD57
:10ADB0003A46414602232046FBF71AFE314620461A
:10ADC000FBF7E8FD9DF80C30EB7004B0BDE8F087B0
:10ADD000222303AF0DF10808D9F800908DF8073051
:10ADE000002EC0D14FF0FF31E86D0DF0FDF8314677
:10ADF0002046FBF709FE20460121FBF7CBFD3A4632
:10AE00000DF1070101232046FBF7F2FD9DF80C3000
:10AE1000EB703246082349462046FBF7E9FD3146F0
:10AE20002046FBF7B7FD20460121FBF7EDFD334639
:10AE300032463146E86D0CF08FFC102241F2F203ED
:10AE40004FF0FF31E86DEA71ADF80830ADF80C60F5
:10AE50000DF0CAF831462046FBF7D6FD2046012109
:10AE6000FBF798FD3A46022341462046FBF7C0FD1A
:10AE700031462046FBF78EFD20460121FBF7C4FD3D
:10AE8000334632463146E86D0CF066FC9DF80C30D6
:10AE9000EB7004B0BDE8F0874FF0FF31E86D0DF0C6
:10AEA000A3F831462046FBF7AFFD03AF2046012152
:10AEB0000DF10808FBF76EFD3A4602234146204695
:10AEC000FBF796FD31462046FBF764FD2046012145
:10AED000FBF79AFD334632463146E86D0CF03CFCF8
:10AEE00037E700BF407500202DE9F04F4B781D0774
:10AEF0000E4685B090460978044662D1DA0600F124
:10AF00004881B26812B1B288002A5AD1E24D03F0EA
:10AF10002006AB7966F07F068B42F6B200F06481C2
:10AF2000E2230027A9718DF809108DF80830ADF8DB
:10AF30000C70B8F1000F00F06C82012120460DF179
:10AF40000C090DF1080AFBF725FD51464A4602237C
:10AF50002046FBF74DFD39462046FBF71BFD9DF8CB
:10AF60000C30EB70F223EE718DF8096000268DF83D
:10AF70000830ADF80C60B8F1000F40F0D980E86DF2
:10AF80004FF0FF310DF030F841462046FBF73CFD15
:10AF900020460121FBF7FEFC4A460223514620468B
:10AFA000FBF726FD41462046FBF7F4FC2046012135
:10AFB000FBF72AFD434642464146E86D0CF0CCFBC8
:10AFC00045E0B54D13F02007AA7946D1914240F0F3
:10AFD000BE800DF10C090DF1080AB37813F0100FC3
:10AFE0000CBF10222022EA2300278DF809208DF8BB
:10AFF0000830ADF80C70B8F1000F00F0FA800121B4
:10B000002046FBF7C7FC02234A4651462046FBF781
:10B01000EFFC39462046FBF7BDFC9DF80C30EB7089
:10B020007378EB71F222012120468DF809308DF8FA
:10B030000820ADF80C70FBF7ADFC51464A460223E0
:10B040002046FBF7D5FC39462046FBF7A3FC9DF8CC
:10B050000C30EB7005B0BDE8F08F914240F0A1805C
:10B060000DF10C090DF1080AB37813F0100F0CBFA5
:10B0700040228022EA2300278DF809208DF808302D
:10B08000ADF80C70B8F1000F00F0E480012120460B
:10B09000FBF780FC514602234A462046FBF7A8FCFA
:10B0A00039462046FBF776FC9DF80C30EB70328871
:10B0B0002B899A422AD0B788F2887388BF1ABFB208
:10B0C0005B099F4228BF1F4617F0FF0740F0088129
:10B0D0003A23AF708DF8097000278DF80830ADF86D
:10B0E0000C70B8F1000F00F0D98001212046FBF769
:10B0F00051FC514602234A462046FBF779FC39466B
:10B100002046FBF747FC9DF80C30EB7033782B7230
:10B1100073786B727378EB71F22200268DF8093028
:10B120008DF80820ADF80C60B8F1000F3FF427AFA0
:10B1300020460121FBF72EFC51464A4602232046B9
:10B14000FBF756FC31462046FBF724FC7FE7E22361
:10B15000A9718DF80910ADF80C708DF80830B8F1B0
:10B16000000F00F0DE80012120460DF10C090DF1E9
:10B17000080AFBF70FFC51464A4602232046FBF71C
:10B1800037FC39462046FBF705FC9DF80C30EB7088
:10B1900023E7434606F10802FFF7B4FD05B0BDE81A
:10B1A000F08FE2230027A9718DF809108DF808307F
:10B1B000ADF80C70B8F1000F00F0D98001212046E5
:10B1C0000DF10C090DF1080AFBF7E4FB51464A4664
:10B1D00002232046FBF70CFC39462046FBF7DAFB3E
:10B1E0009DF80C30EB703FE70DF10C090DF1080AEA
:10B1F000B8E64FF0FF31E86D0CF0F6FE4146204610
:10B20000FBF702FC01212046FBF7C4FB02234A4660
:10B2100051462046FBF7ECFB41462046FBF7BAFBC4
:10B2200001212046FBF7F0FB434642464146E86DCC
:10B230000CF092FA9DF80C30EB707378E86DEB71BE
:10B24000F2224FF0FF318DF80930ADF80C808DF807
:10B25000082097E64FF0FF31E86D0CF0C5FE41463F
:10B260002046FBF7D1FB20460121FBF793FB4A4622
:10B27000022351462046FBF7BBFB41462046FBF725
:10B2800089FB20460121FBF7BFFB4346424641466E
:10B29000E86D0CF061FA07E7407500204FF0FF31D0
:10B2A000E86D0CF0A1FE41462046FBF7ADFB2046C1
:10B2B0000121FBF76FFB4A46022351462046FBF76C
:10B2C00097FB41462046FBF765FB20460121FBF733
:10B2D0009BFB434642464146E86D0CF03DFA12E7BF
:10B2E00012238DF80730D6F808B0B8F1000F64D0FB
:10B2F00020460121FBF74EFB4A460DF107010123D1
:10B300002046FBF775FB9DF80C30EB7059463B4629
:10B3100000222046FBF76CFB00212046FBF73AFB9E
:10B32000D6E64FF0FF31E86D0CF05EFE4146204658
:10B33000FBF76AFB0DF10C09204601210DF1080A0B
:10B34000FBF728FB4A46022351462046FBF750FBF9
:10B3500041462046FBF71EFB20460121FBF754FB2C
:10B36000434642464146E86D0CF0F6F90DE74FF0D2
:10B37000FF31E86D0CF038FE41462046FBF744FBF8
:10B380000DF10C09204601210DF1080AFBF702FB23
:10B390004A46022351462046FBF72AFB41462046F7
:10B3A000FBF7F8FA20460121FBF72EFB4346424605
:10B3B0004146E86D0CF0D0F912E74FF0FF31E86D2F
:10B3C0000CF012FE41462046FBF71EFB20460121F1
:10B3D000FBF7E0FA4A460DF1070101232046FBF78F
:10B3E00007FB9DF80C30EB7042463B465946204621
:10B3F000FBF7FEFA41462046FBF7CCFA2046012136
:10B40000FBF702FB434642464146E86D0CF0A4F9C7
:10B410005EE64FF0FF31E86D0CF0E6FD4146204658
:10B42000FBF7F2FA0DF10C09204601210DF1080A93
:10B43000FBF7B0FA4A46022351462046FBF7D8FAFA
:10B4400041462046FBF7A6FA20460121FBF7DCFA2D
:10B45000434642464146E86D0CF07EF97FE500BF69
:10B460002DE9F04102F07F0CBDF818E0D20981BB54
:10B47000BCF1000F5ED13E4EA6F160077178B47842
:10B4800082F0010262F345110A466FF3041244F0A0
:10B4900010017270B170B278B360032363F30302DA
:10B4A00000258046A6F804E0B270F5802846FFF734
:10B4B000A1FBBC7AC4BB01252046BD72FFF79EFBF1
:10B4C0002246404631462C46FFF70EFD2046BDE899
:10B4D000F08182F00108BCF1000F2ED0254F01222F
:10B4E0003C4604E00132142A04F10C0418D094F80C
:10B4F0006C508D42F6D102EB420507EB850595F8BD
:10B50000615005F00F066645ECD1C5F34015454581
:10B5100004F16C06BFD00132142A04F10C04E6D108
:10B5200000242046BDE8F0812846FFF767FB20464F
:10B53000BDE8F08182F00108D0E70E4F01243D46BE
:10B5400002E00134142CEBD095F86C608E4205F1CA
:10B550000C05F6D104EB4406B60007EB060C9CF88C
:10B5600061C01CF00F0FECD160363E4486E700BF8F
:10B57000A07500204075002042DF704743DF704710
:10B5800044DF704712DF7047F0B5334CBFF35B8F79
:10B59000014604F590730125D3E84F2FC3E8405FBF
:10B5A0000028F9D1BFF35B8F12F0FF0F48D10829B3
:10B5B00029D04E01A21954F806C028489388284F74
:10B5C00001F5947601EB810E50F82660D2889A1A24
:10B5D00093B2B6B200EB8E0209B2B34228BF334633
:10B5E000C2F800C707EB8100C2F8043747F82150C2
:10B5F000BFF36F8FBFF34F8F1A4B984218D0043BA5
:10B60000984215D0F0BD154BD3F8C024D1030FD408
:10B6100094F80B1161B11449D4F80001C3F8A007E4
:10B62000C3F8A4270D60BFF36F8FBFF34F8FF0BD3A
:10B630000023BFF35B8F84F82031BFF35B8FF0BD35
:10B640000A4B0B485A68C2F30802003218BF0122A5
:10B65000BDE8F040FFF794B89076002000700240FB
:10B6600028700240507002404870024000ED00E037
:10B67000E9B60200174BBFF35B8F01460122D3E806
:10B680004F0FC3E84C2FBCF1000FF8D1BFF35B8F15
:10B6900010F0FF0F14D10A60BFF36F8FBFF34F8F0D
:10B6A0000D4B994203D0043B994200D070470B4B9D
:10B6B000BFF35B8F002283F82021BFF35B8F7047BD
:10B6C000074B08485A68C2F30802003218BF01222B
:10B6D000FFF756B8B07700205070024090760020F7
:10B6E00000ED00E075B60200F0B5334CBFF35B8FA0
:10B6F000C1B204F590730126D3E84F2FC3E8406F21
:10B700000028F9D1BFF35B8F12F0FF0F47D1082952
:10B7100028D04D01621954F805E028489388DFF8D5
:10B72000B0C001F5947550F82570D2888D009A1A32
:10B7300093B2BFB26A1800EB8202BB4228BF3B46FD
:10B74000C2F800E76544C2F804374CF82160BFF343
:10B750006F8FBFF34F8F1A4B9D4218D0043B9D4211
:10B7600015D0F0BD154BD3F8C024D1030FD494F8F5
:10B770000B1161B11349D4F80001C3F8A007C3F855
:10B78000A4270E60BFF36F8FBFF34F8FF0BD002370
:10B79000BFF35B8F84F82031BFF35B8FF0BD0A4BA2
:10B7A0000A485A68C2F30802003218BF0122BDE8F5
:10B7B000F040FEF7E5BF00BF907600200070024029
:10B7C000507002404870024000ED00E0E9B602000F
:10B7D0002870024001207047014B80225A60704758
:10B7E00000E100E0074BD3F80014D3F80024002058
:10B7F0000A434FF48001C3F80024C3F85801C3F88A
:10B800000413704700700240074B4FF4001229B92F
:10B81000C3F80823054B83F821117047C3F80423AC
:10B82000024B83F82111704700700240907600208F
:10B8300070B48A788C88414EC97802F07F03D509AC
:10B8400005EB430006EB001001F00301C4F30A040A
:10B85000012904812BD0012101FA03F4BDB138483C
:10B8600002339940C0F80413D0F810352343C0F8D0
:10B870001035334B42F48071C3F81825C3F80C150A
:10B88000BFF36F8FBFF34F8F012070BC70472C4800
:10B8900003F10C06B140C0F80413D0F8141503F5F9
:10B8A00094730C43C0F8144540F82350E1E7082B8B
:10B8B00008D0244B186810F00100E6D000BE00202C
:10B8C00070BC7047EDB9B6F818311BB11C4B802223
:10B8D000C3F81C251A4A0023C2F85031D2F80033AD
:10B8E00013F4001308BFC2F85431154B4FF4401243
:10B8F000C3F80423D3F8142542F48072C3F8142546
:10B90000BEE7B6F808210E4B0021C3F82C1112B186
:10B910008022C3F81C250A4AD2F8003313F400131E
:10B9200008BFC2F85431064B074AC3F80423D3F8C2
:10B93000102542F48072C3F81025A1E7907600200C
:10B9400000700240F0ED00E0000820001F4B802254
:10B950002DE9F041C3F88420BFF34F8FBFF36F8F01
:10B9600001241B4D1B4FA0460026A30004F10C022E
:10B97000A11C03F1804303F51C3308FA01F108FA16
:10B9800002F20A43C7F8082328465E6001342022E9
:10B990009E6200210FF0FCFE082C05F12005E4D189
:10B9A0000D4BC7F808332022C7F81C6500217E62C2
:10B9B0000A48BE640FF0ECFEC7F81485C7F810857E
:10B9C000024B80225A60BDE8F08100BF00E100E038
:10B9D000B076002000700240000830009077002010
:10B9E00001F07F02082A70B44FEAD11128D0012358
:10B9F00003FA02F0C043B1B1294C951CAB40C4F826
:10BA00000833D4F81055274B2840C4F8100501EB33
:10BA1000420103EB01110023CB72BFF36F8FBFF321
:10BA20004F8F70BC70471E4C02F10C05AB40C4F840
:10BA30000833D4F814551B4B2840C4F81405E6E726
:10BA4000184B03EB01100024A0F808411448D1B1B1
:10BA50004FF40064C0F80843D0F8104524F4807413
:10BA6000C0F81045B3F81841B3F808510C48EC423F
:10BA70004FF0000608BF4FF40014C0F81C6508BF63
:10BA8000C0F80843C3E74FF48014C0F80843D0F867
:10BA9000144524F48074C0F81445C0F85011E1E74F
:10BAA000007002409076002001F07F004FEAD11C28
:10BAB000F0B50CEB4005744E2D01771985B0FC7A7A
:10BAC0004CB1724B1C6814F0010401D000BE00247C
:10BAD000204605B0F0BD04F0FF0E7251BB80A7F800
:10BAE00006E0002843D1002B57D0BCF1000F00F036
:10BAF0008E8006EB401100EB8003CD8A8A8A0C8B86
:10BB00000969521B9B0092B203F1804303F51C3379
:10BB1000A24228BF22465E4DC3F8001600B2C3F809
:10BB200004265C4BBFF35B8F05EB80010122D3E859
:10BB30004F4FC3E8472F002FF9D1BFF35B8FE4B21B
:10BB4000002C40F0908045F82020BFF36F8FBFF3AA
:10BB50004F8F514B994202D0043B994219D1BFF308
:10BB60005B8F002386F82031BFF35B8F11E0BCF1BF
:10BB7000000FBED106EB40160123F372BFF36F8FA7
:10BB8000BFF34F8FB37A23B1F37A03F0FF04002B96
:10BB900074D10124204605B0F0BD404AD2F880247B
:10BBA000C2F3C0126245A0D03D4D6A688DF80810FE
:10BBB000C2F3080100314FF4E06218BF012101A86F
:10BBC00003938DF80930ADF80420FEF755FCBFF360
:10BBD0005B8F06F590720123D2E84F1FC2E8403F09
:10BBE0000028F9D1BFF35B8FCCB2002C38D12A4AA0
:10BBF0001360BFF36F8FBFF34F8F1C46BFF35B8F94
:10BC0000204686F82011BFF35B8F05B0F0BD0123FD
:10BC1000204AF372BFF35B8FD2E84F4FC2E8413F37
:10BC20000029F9D1BFF35B8FE4B26CB91D4A1360F0
:10BC3000BFF36F8FBFF34F8FBFF35B8F86F820C1C9
:10BC40001C46BFF35B8F43E7154B16495A681648ED
:10BC5000C2F30802003218BF0122FEF791FD37E758
:10BC60006A680D49F3E70E4B0F485A68C2F30802A1
:10BC7000003218BF0122FEF783FD29E786F80AC0CB
:10BC8000FFF782FC24E700BF90760020F0ED00E093
:10BC900004700240B07700205070024000700240F3
:10BCA00000ED00E04C70024075B6020011F07F001C
:10BCB00008B512D008280BD00E4B41F48072C90988
:10BCC000C3F8182504D10C4B03EB40139A7A62B9E0
:10BCD000BFF36F8FBFF34F8F08BD064B01225A652C
:10BCE000BFF36F8FBFF34F8F08BD9972FFF74CFC06
:10BCF000EEE700BF007002409076002011F0770F51
:10BD000012D00A4B41F48072C3F80C15C3F80C250D
:10BD1000CA09C3F8181504BF01F5947143F821202E
:10BD2000BFF36F8FBFF34F8F704700BF00700240AB
:10BD30002DE9F04FA54BA64CD3F8000300238BB0A0
:10BD40001E461F46012520FA03F11A19C9074FEABA
:10BD5000820209D5116839B105FA03F117600E4363
:10BD6000BFF36F8FBFF34F8F0133192BEBD1F20766
:10BD700000F13582974D330508D5944BD3F8A8369A
:10BD800001229BB2A5F8163185F81C21B70206F4F2
:10BD9000800424D58D4BD3F81425D00540F1FC81C7
:10BDA000002C00F0A182D3F80024D20740F19C823D
:10BDB000D3F81035DA0540F1FB8195F81C3107AF57
:10BDC000002B40F0BD82814BD3F8203508933846D4
:10BDD0004FF440730121ADF81C30FEF74DFB04B366
:10BDE0007A4AD2F8004440F201732340C2F800348A
:10BDF000E30500F15682670510D5744B0122C3F8A4
:10BE000008259A65D3F8002312F4001208BFC3F87E
:10BE100054216E4B4FF40012C3F80423A00500F127
:10BE2000358231023DD5694BD3F880C4D3F88414F0
:10BE3000D3F888E4D3F88C74D3F89084D3F894447E
:10BE4000D3F89804D3F89C245FFA8CF35FFA80FC53
:10BE5000D0B25A06C9B25FFA8EFEFFB25FFA88F816
:10BE60005FFA84F901D105291BD00024224668F32A
:10BE7000070263F3070461F30F2469F30F226EF3E3
:10BE800017446CF3174260F31F6267F31F644FF4AB
:10BE9000C063012107A8CDE90842ADF81C30FEF7C8
:10BEA000EBFA4D4B3340002B40F09181DFF82491A9
:10BEB000464F4D46CA4609F5907800241DE02B44B4
:10BEC000DA7A002A00F0D781DA88AAF80420002262
:10BED000DA72D98809914FF4E063012107A88DF83F
:10BEE00020B08DF82120ADF81C30FEF7C5FABBF16B
:10BEF000080F47D001340AF1200A04F10C0326FA96
:10BF000003F3DB075FFA84FBF1D504EB840307EB53
:10BF10008303DAF80020D3F80807630112FA80F2ED
:10BF2000E918CAF80020CA8880B2024492B2082CEC
:10BF3000CA80C4D0BAF808208242C0D1CA88BAF8F0
:10BF400004109142BBD9BBF1000FD0D10122BFF345
:10BF50005B8FD8E84F3FC8E8412F0029F9D1BFF3E4
:10BF60005B8F13F0FF0F40F052821C490A60BFF351
:10BF70006F8FBFF34F8FBFF35B8F85F82031BFF317
:10BF80005B8FB7E7164B3340002B00F002810F4B5D
:10BF9000D3F86C240192C3F86C24BFF36F8FBFF306
:10BFA0004F8F16F4806600F06E81D3F88024D3F8AA
:10BFB000803483F08003C3F3C0130593C2F3C0132E
:10BFC0000493DFF808A00024A84613E000700240A4
:10BFD000409C001090760020FCFB1F004C7002403B
:10BFE00000040001002C00F0F281072E52D0013431
:10BFF00009F120090199E14004EB8403C9070AEB28
:10C00000830308EB4412E6B2ECD5D3F80816D9F84E
:10C010001070C9B20F44C9F81070D08A014489B2B7
:10C02000D182A849D08AB9F8145061188900854294
:10C0300002914FF0010C66F07F0103914FF4E06B29
:10C040004FF0000E614607A840F2B480D18AB9F8DB
:10C050001820C3F800766D1AADB2954228BF154678
:10C06000994AC3F80456BFF35B8FD2E84F3FC2E84A
:10C0700041CF0029F9D1BFF35B8F13F0FF0F40F0E0
:10C08000ED80029BC3F800C0BFF36F8FBFF34F8FEB
:10C09000072EACD1019BDB03454601D4059B43B180
:10C0A000EB7A23B1EB88AA889A4200F271810123CE
:10C0B000AB72019B9F030BD595F82B3023B1EB8C12
:10C0C000AA8C9A4200F28881012385F82A30019BCC
:10C0D0005E030DD595F84B3033B1B5F84630B5F861
:10C0E00044209A4200F27D81012385F84A30019B69
:10C0F0001C030DD595F86B3033B1B5F86630B5F843
:10C1000064209A4200F27E81012385F86A30019B07
:10C11000D8020DD595F88B3033B1B5F88630B5F827
:10C1200084209A4200F23881012385F88A30019BED
:10C1300099020DD595F8AB3033B1B5F8A630B5F806
:10C14000A4209A4200F22D81012385F8AA30019B98
:10C150005A020DD595F8CB3033B1B5F8C630B5F8E5
:10C16000C4209A4200F22281012385F8CA30019B43
:10C170001B020ED595F8EB30002B00F0F380B5F8DC
:10C18000E630B5F8E4209A4240F2EC800720FFF751
:10C19000FBF90BB0BDE8F08FD3F81025D1053FF5C2
:10C1A0000CAE95F821211AB94FF40012C3F80823F8
:10C1B00007AF08E6D38A09939DF80C30ADF81CB0A0
:10C1C0008DF820308DF821E0FEF756F90DE70023B9
:10C1D000BFF35B8F85F82031BFF35B8F66E63B4B87
:10C1E0003B4A3C4D3C4800240127C2F81475C2F874
:10C1F0001075546094625C609C629C60DC62DC60E0
:10C200001C631C615C635C619C639C61DC63DC613E
:10C210001C6454629464C2F85841D2F80034D2F8D5
:10C2200000140B43C2F80034D2F80033C2F80833CC
:10C230002146C2F8040328464FF492720FF0A8FA80
:10C2400040234FF48072394607A82B832B818DF849
:10C250002040ADF81C20FEF70FF98CE51F4B20485D
:10C260005A680299C2F30802B2EB0E0218BF01220B
:10C27000FEF786FAB9E61B4B1B68D80789D500BEC6
:10C280000BB0BDE8F08FCDE904669AE600220523E5
:10C29000012107A88DF81C208DF81D30FEF7ECF861
:10C2A000BFE50121C2F82C150423002207A88DF850
:10C2B0001C208DF81D30FEF7DFF867057FF5AEAD69
:10C2C0009BE500BF019C0010B07700200470024085
:10C2D00000700240907600200514C00100ED00E0DF
:10C2E00075B60200F0ED00E04F4BBFF35B8F01220B
:10C2F000D3E84F1FC3E8402F0028F9D1BFF35B8F6D
:10C3000011F0FF0F32D1494BD3F8C004C70352D408
:10C3100095F80B1101F0FF07002967D04449D5F8C3
:10C320000071C3F8A077C3F8A4070A60BFF36F8F4A
:10C33000BFF34F8FD3F81035D8053FF53EAD37E743
:10C34000B5F816310993002285F81C2188234FF493
:10C35000E06238460121ADF81C20ADF82030FEF730
:10C360008BF830E5012385F8EA3012E7314B32488B
:10C370005A68C2F30802003218BF01220821FEF7F2
:10C38000FFF92A4BD3F81035DB053FF516AD0FE763
:10C390000020FFF7F9F88CE60420FFF7F5F8019B81
:10C3A000C6E60520FFF7F0F8019BD1E60620FFF76F
:10C3B000EBF8019BDCE6BFF35B8F85F82011BFF340
:10C3C0005B8FD3F81035DF053FF5F7ACF0E6049945
:10C3D00000293FF40CAE18E60120FFF7D5F8019BC9
:10C3E00076E60220FFF7D0F8019B81E6BFF35B8F72
:10C3F00085F82071BFF35B8FD3F81035D9053FF571
:10C40000DCACD5E60320FFF7BFF8019B80E6094BC3
:10C410000A485A680A49C2F30802003218BF0122CA
:10C42000FEF7AEF966E500BFB0770020007002406D
:10C430004870024000ED00E0E9B6020075B6020067
:10C440004C70024030B5012885B000F09F8057D372
:10C45000022840D1BA4BD3F80435002B40F0D780E6
:10C46000B74AD2F800341C05FBD54FF40063C2F87C
:10C470000034BFF36F8FBFF34F8FB24AB24B1268D5
:10C480001B68082A00F0D780AD4BB04D80240122F4
:10C49000C3F81C45C3F80423C5F88441FDF7D8FA56
:10C4A000002840F0F880AA4D43F204044FF0804386
:10C4B0002268AA4211D0D3F80C14D3F80C24D0036C
:10C4C000F6D5CA07F4D59E4B0122C3F80425BFF365
:10C4D0006F8FBFF34F8F05B030BD04AA002102F863
:10C4E0000C1D1046FFF74EF89DF804000028E2D01E
:10C4F00010460191FFF744F8019A002AD8D0E2E7EC
:10C500008F4BD3F80025002AE5D14FF480014FF47A
:10C510000062C3F80813C3F80024BFF36F8FBFF3A2
:10C520004F8F884B1B68082B00F0B780844B01228B
:10C53000C3F80025BFF36F8FBFF34F8F43F20402A0
:10C5400003F18D5303F57723126803F2DB539A420C
:10C5500000F0CA804FF08043D3F80C24D3F80C3499
:10C56000D90301D5D207B6D443F20402784B12683E
:10C570009A4200F01881774B00221A601B680193E1
:10C580004FF08043012201991A60A4E76C4BD3F865
:10C590000025002A9FD00022C3F80425BFF36F8F27
:10C5A000BFF34F8F69498020C1F88400BFF34F8FDC
:10C5B000BFF36F8FD3F80013C3F80813C3F8002537
:10C5C000BFF36F8FBFF34F8F43F2040103F18D531D
:10C5D00003F57723096803F2DB53994200F0998051
:10C5E00001AB5D4A012111605C4A5168C1F3080149
:10C5F000003118464FF000024FF0020318BF01212E
:10C600008DF804208DF80530FDF736FF63E743F21F
:10C6100004024F4B12689A4200F0B0804FF0804302
:10C62000D3F80C24D3F80C34DB037FF519AFD5070E
:10C630007FF516AF4FE7032B0AD8494A1168002946
:10C6400040F09880474C49F27530106021601060CE
:10C650005A1E022A10D8424A1168002967D1424D59
:10C660003848394B00681B6849F2753414602960FA
:10C67000146008287FF408AF032B3FF605AF3B4951
:10C680003B4B40F2E370402208601A60BFF36F8FAB
:10C69000BFF34F8FF8E66C6005E72B4B1B685A1E03
:10C6A000022A12D82E4B1A68002A40F08E802E499A
:10C6B00049F2753203201A6008601A60214A224B41
:10C6C00012681B68082A7FF431AF032B3FF62EAFA8
:10C6D000234B1A68002A74D1224949F27532C020CE
:10C6E0001A6008601A6021E704AB002203F80C2DE1
:10C6F0001846FEF747FF9DF8041000293FF42AAFC3
:10C7000018460192FEF73CFF019B002B7FF4E3AE3D
:10C710002AE704AB03F80C2D1846FEF733FF9DF80B
:10C720000420002A3FF45DAFFEF728FF5CE70549CF
:10C73000054B0D4A08681B680021116099E700BF8E
:10C7400000700240300100103401001000E100E0F0
:10C75000DBE5B151000100400400004000ED00E0C5
:10C7600000EC064014EC064014ED06400078024050
:10C7700004780240174A0021116069E704AB0022E7
:10C7800003F80C2D1846FEF7FDFE9DF80410002955
:10C790003FF444AF18460192FEF7F2FE019B002BD6
:10C7A0007FF499AE5CE604A8002300F80C3DFEF788
:10C7B000E9FE9DF80430002B3FF4DDAEFEF7DCFE11
:10C7C00089E6044BC0221A60B0E6034B03221A60CC
:10C7D00074E700BF14EC064014ED0640F8B503788A
:10C7E00013F0010405D10678C6F3800626B1204671
:10C7F000F8BD00242046F8BD0F4605464FF0FF3136
:10C8000038460BF0F1FB2A7812F001040FD12B7897
:10C810005B0704D42B7843F004032B70012400231E
:10C8200038461A4619460AF097FF2046F8BD3446A6
:10C83000F5E700BF70B505460E4608464FF0FF31DC
:10C840000BF0D2FB2878C0F3800444B90024002305
:10C8500030461A4619460AF07FFF204670BD2B78F5
:10C8600013F00102F2D12B7862F382032B70EEE712
:10C8700010B4C378848803F00303022BC4F30A04C2
:10C8800026D019D8012B04D0002318465DF8044B9C
:10C890007047022940F2FF3208BF4FF48062A24283
:10C8A000F3D21A4B1B6813F00103EED000BE002335
:10C8B00018465DF8044B7047022914BF40234FF41B
:10C8C0008063A342EDD3012318465DF8044B704703
:10C8D00002290BD012B1B4F5007F11D0A4F10803E6
:10C8E0009BB2182B06D9402CEDD0DAE7B4F5007FC7
:10C8F000D7D1E8E7064A22FA03F3DB07D1D5E2E70E
:10C9000000244021134644710171BEE7F0ED00E0C0
:10C91000010100010A44914216D230B44C78052C32
:10C9200005D00C7821448A42F8D830BC70478C7806
:10C9300004F07F0500EB4505E4092B550C782144F4
:10C940008A42EBD830BC7047704700BF2DE9F041F8
:10C9500082B00678089DBDF82470009361F300064C
:10C960000446294600F8086B012316463A46BDF8EE
:10C970002C80FCF76DFE05B13FB90A9B6360012076
:10C98000A4F8028002B0BDE8F08104F11C0101208E
:10C990000BF0BCF826B903463046C4E90503ECE7C2
:10C9A0000023FAE710B50446406908B10BF0D2FC49
:10C9B000A06908B10BF0CEFC012010BDF0B50B460C
:10C9C0000D4613F8081B83B011F0020F07461846F6
:10C9D00040F2FF130CBF3F241C461646FCF774FEC2
:10C9E000E8B9E6B126421AD12B786978DA073846D9
:10C9F00018D5FEF707F990B12B78697813F0010389
:10CA000013D000233846CDE900331A46FEF73EF92D
:10CA100030B9084B1B68DB0701D500BE00E00020E1
:10CA200003B0F0BDFDF714FFE5E738461A46FDF701
:10CA30002FFFEDE7F0ED00E070B501F1080582B0E1
:10CA4000064628460C46FCF73FFE38B1237861784D
:10CA5000DB07304605D5FEF7D5F830B9002002B027
:10CA600070BDFDF7F5FE0028F8D0284662886168A1
:10CA7000FCF754FE054690B1237862686178D807C8
:10CA800017D50023CDE9003330462B46FEF7FEF8DC
:10CA9000B0B90C4B1B68DB07E0D500BEDFE72078A0
:10CAA000617810F00104304608D1FDF7E1FE204620
:10CAB000D5E730462B46FDF7EBFEE9E7FEF7C8F871
:10CAC0002846CCE7F0ED00E02DE9F0418A890B78AB
:10CAD00082B00C460646E2B9DD07497857D5FEF725
:10CAE00091F800284FD0227863886178D20751D519
:10CAF000002B5DD0626800253046CDE90055FEF779
:10CB0000C5F800284DD1374B1B68DB073BD500BE6D
:10CB10003AE003F0020301F10808002B40460CBF85
:10CB200040274FF40077304D08BF6FF03F05FCF70A
:10CB3000E3FD874227D823786178DB07304634D578
:10CB4000FEF760F8F8B14046FCF7D6FD874233D8CF
:10CB500005EA000265882378617890B2854228BF93
:10CB60000546DA0732D5002D37D062680023CDE9BB
:10CB7000003330462B46FEF789F80028C3D02846FC
:10CB800002E0FEF765F8002002B0BDE8F081FDF795
:10CB90005FFEA6E773B162683046FDF779FE0028B4
:10CBA000B1D0608802B0BDE8F081FDF751FEC9E761
:10CBB0001A46A0E71A46EFE72078617810F00104E2
:10CBC0003046DED1FDF754FE2046DDE73DB1626818
:10CBD00030462B46FDF75CFECFE72A46C6E72A46DD
:10CBE000F6E700BFF0ED00E000FEFFFF0CB4144BD1
:10CBF00030B51B788342ABB004D22BB0BDE83040D7
:10CC000002B070472FAD2B462E9A01950C4602A814
:10CC1000A0210FF0A7FD5B210A4809F0FDFA21468B
:10CC2000084809F0E7FA0849064809F0E3FA02A9BA
:10CC3000044809F0ABFB2BB0BDE8304002B07047B0
:10CC40001961002058630020BCE8030000B50020F3
:10CC500083B00FF039FD0DF10703181A03B05DF82A
:10CC600004FB00BF2DE9F84F0446894616460AF03A
:10CC70006FFCDFF8A880264FDFF898A005462068F3
:10CC800003681B6998478346C0B1206803685B69E5
:10CC90009847C3B20D2BD4F810C004F1080B17D07D
:10CCA0000A2B15D0BCF5007F424639464FF00100F3
:10CCB00024D2194658460AF0E9F9E0E70AF048FCA0
:10CCC000401BB0424FF001001FD20AF04DFCD6E7E6
:10CCD000BCF1000FD3D00834214648460AF00CF9C5
:10CCE00020460C490AF054F9D9F800300A4A08499C
:10CCF0000320FFF77BFF0120BDE8F88FFFF776FFE9
:10CD0000514658460AF044F9B9E75846BDE8F88F4D
:10CD1000A8EA03000CEC030058EA030060EA0300F1
:10CD20002DE9F04F06468DB00B46894603204D494C
:10CD300090464D4AFFF75AFF4946306809F05AFAC3
:10CD40000D21306809F068FA0AF002FC47490746ED
:10CD500003A809F08FFF0AF0FBFBC01B40455BD224
:10CD6000142203A93046FFF77DFF05460028F2D0C4
:10CD7000DFF818B10BF124045BF8041F09A809F0CF
:10CD800079FF09A903A80AF033FA824609A80AF034
:10CD9000ABF8BAF1000F27D15C45EDD1344903A8B7
:10CDA0000AF00EFAC8B9334903A80AF009FA58B9CB
:10CDB000314909A809F05EFF09A903A80AF018FA89
:10CDC00090B309A80AF090F8039B00932B4A2549D9
:10CDD0004B460120FFF70AFF002503A80AF084F85C
:10CDE00028460DB0BDE8F08F96F8750096F87430BF
:10CDF000441C04F00704A3422CD00C2303FB006066
:10CE00000DEB030114300AF077F886F875400AF04C
:10CE10009FFBC01B4045A3D34B46194A1149012033
:10CE2000FFF7E4FE0025D8E7164906A809F022FF1F
:10CE300006A903A80AF0DCF9044606A80AF054F88B
:10CE400009A80AF051F8002CBED1494603A80AF0FF
:10CE5000B7F980E7039B0C4A02490120FFF7C6FEA1
:10CE600079E700BFA8EA0300A0EA03000CEC030086
:10CE7000D8ED0300E8E90300F0E9030008EA030045
:10CE800014EA0300FCE90300C0E90300BCE8030066
:10CE900038B5044610460D461A460146206809F08A
:10CEA00023FE206803682946DB6998474FF47A70AF
:10CEB0000AF05AFB03E0206803685B699847206822
:10CEC00003681B6998470028F5D104F10805284636
:10CED0000F490AF05DF84FF4FA620E492046FFF759
:10CEE0001FFF03E0206803685B69984720680368B8
:10CEF0001B6998470028F5D1284605490AF048F8EB
:10CF000020464FF4FA620449BDE83840FFF708BFF5
:10CF10000CEC0300A8E90300B0E903004FF4FA6247
:10CF20000149FFF7FDBE00BFB0E903002DE9F04F56
:10CF300087B007463949DFF8ECB0DFF8EC90DFF84E
:10CF4000ECA0684609F096FE002269463846FFF7D5
:10CF500089FE00B3324D03AC05F1240855F8041FD7
:10CF6000204609F087FE214668460AF041F9064648
:10CF7000204609F0B9FFBEBBA845EFD1524649464D
:10CF80000320009BFFF732FE002269463846FFF778
:10CF900069FE0028DED197F8741097F875308B423F
:10CFA0001CD003AC0C26142516FB01513944204635
:10CFB00009F086FE97F874307A68013303F00703AE
:10CFC000204687F8743002B19047204609F08CFF64
:10CFD00097F8741097F875308B42E5D1684609F0E0
:10CFE00083FF07B0BDE8F08F97F8750097F87430AD
:10CFF000441C04F00704A34209D00C2303FB007077
:10D000001430694609F078FF87F875409CE7009B6B
:10D010005A4649460120FFF7E9FD95E70CEC03006D
:10D02000BCE80300C0E90300A8EA03009CE9030090
:10D030002DE9F04F064689468FB0574903209246A6
:10D040009846564A4B46FFF7D1FD4946306809F0ED
:10D05000D1F80D21306809F0DFF80AF079FA50496B
:10D06000039005A809F006FE0AF072FA039BC01AA5
:10D07000404559D214220DEB02013046FFF7F2FD74
:10D0800005460028F0D0474C04F1240B54F8041F47
:10D090000BA809F0EFFD0BA905A80AF0A9F80746AF
:10D0A0000BA809F021FF3FBBA345EFD13E4905A8DE
:10D0B0000AF086F8C8B93D4905A80AF081F858B9C0
:10D0C0003B4908A809F0D6FD08A905A80AF090F880
:10D0D00090B308A809F008FF059B0093354A2E4934
:10D0E0004B460120FFF782FD002505A809F0FCFE54
:10D0F00028460FB0BDE8F08F96F8750096F87430AA
:10D10000441C04F00704A34239D00C2303FB006045
:10D1100005A9143009F0F0FE86F875400AF018FAF7
:10D12000039BC01A4045A5D34B46234A1A49012008
:10D13000FFF75CFD0025D8E720490BA809F09AFD10
:10D140000BA905A80AF054F804460BA809F0CCFE78
:10D1500008A809F0C9FE002CBED1494605A80AF06E
:10D160002FF8002880D1BAF1000F3FF47DAFDAF834
:10D1700008305BB905A9504609F03AFF74E7059BF2
:10D180000F4A05490120FFF731FD6DE70A2150469E
:10D1900009F07CFFEEE700BFA8EA0300A0EA030065
:10D1A0000CEC0300BCE80300D8ED0300E8E9030041
:10D1B000F0E9030008EA030014EA0300FCE90300B5
:10D1C000C0E903004FF4FA620149FFF7A9BD00BFAF
:10D1D00088EA03002DE9F04F0F4697B016467749CD
:10D1E0004FF4FA620446FFF79BFD20B90546284636
:10D1F00017B0BDE8F08F724907A809F03BFD07A9F9
:10D20000384609F0F5FF002800F0B3800DF104085E
:10D210003946404609F054FD0AAD07A809F064FEFE
:10D22000019B684A302128460FF022F92B46664AB6
:10D2300066490320FFF7DAFC2946206808F0DAFF88
:10D240000D21206808F0E8FF0AF082F940F6B737B0
:10D2500005460AF07DF9401BB84206D9A7E02068D0
:10D2600003685B6998473E2809D0206803681B69FA
:10D2700098470028F3D101200AF076F9E9E7314612
:10D280002068DFF8689108F0AFFF206803681A2172
:10D290001B6898470AF05CF94D49074604A809F055
:10D2A000E9FC47F22F560AF053F9C31BB3424FF083
:10D2B000320204A920466FD8FFF7D4FC05460028A7
:10D2C000F1D0DFF82CA10AF124065AF8041F07A8B0
:10D2D00009F0D0FC07A904A809F08AFF834607A833
:10D2E00009F002FEBBF1000F1CD15645EDD14946B5
:10D2F00004A809F065FF58B9364904A809F060FF91
:10D3000050B3049B344A31490120FFF76FFC0025DC
:10D3100004A809F0E9FD404609F0E6FD284617B0EB
:10D32000BDE8F08F94F8750094F87430451C05F052
:10D330000705AB4209D00C2303FB0040143004A9BD
:10D3400009F0DAFD84F87550ABE7049B234A1F49C6
:10D350000120FFF74BFCA4E7214907A809F08AFC4C
:10D3600007A904A809F044FFE8B907A809F0BCFD23
:10D3700097E70AAD2846124909F07CFC3946284651
:10D3800009F0A6FE0DF104080146404609F098FC9C
:10D39000284609F0A9FD40E7124A0C490120FFF791
:10D3A00025FC0025B4E707A809F09EFDA9E70E4A71
:10D3B00006490120FFF71AFC0025ACE788EA0300C4
:10D3C00024EA030028EA0300A0EA0300A8EA030015
:10D3D0000CEC0300E8E9030038EA0300C0E90300AD
:10D3E000FCE9030048EA030060E90300D8ED03000C
:10D3F000BCE8030010B586B00B460446064A6846F2
:10D4000018210FF035F86946204640F6B832FFF78C
:10D4100087FC06B010BD00BF94EA03002DE9F0437D
:10D42000884697B017465C494FF4FA620546FFF705
:10D4300077FC20B90446204617B0BDE8F083574971
:10D4400001A809F017FC284601AA40F6B833544950
:10D45000FFF7EEFD38B9002401A809F045FD20468C
:10D4600017B0BDE8F0833A2101A809F0EDFE041ED3
:10D47000F1DB4A490AA809F0FDFB48490DA809F06B
:10D48000F9FB464910A809F0F5FB444913A809F037
:10D49000F1FB0025621C039B04A801A909F01CFFF5
:10D4A0000AAE2C46069B1BE022462C2104A809F05C
:10D4B000DBFEB0F10009B8BFDDF8189022464B46FC
:10D4C00004A907A809F008FF07A9304609F03EFDA6
:10D4D00007A809F1010409F007FD069B01350C3688
:10D4E0009C4233D2042D45D0214604A809F0A2FE67
:10D4F0002228D9D101340146224604A809F0B4FEFD
:10D50000B0F1000922DB22464B4604A907A809F026
:10D51000E3FE07A9304609F019FD07A809F0E4FC6D
:10D52000069B09F101049C42D8D2214604A809F0C7
:10D5300081FE2C28214604A803D009F07BFE202878
:10D54000CBD1069B0134A342EFD8C7E704A809F06A
:10D55000CBFC022DD8BF00240FDC13A809F0C4FCBB
:10D5600010A809F0C1FC0DA809F0BEFC0AA809F03A
:10D57000BBFC71E704A809F0B7FC0DA809F0E0FFB7
:10D58000C8F8000010A809F0DBFF00283860D4BFFD
:10D5900000240124E1E700BF88EA03000CEC03004B
:10D5A0007CEA03002DE9F04F0E469BB000F10C0918
:10D5B0007F49054609F05EFB7D49484609F05AFB64
:10D5C00005F1180A05F124031C46794903935046D6
:10D5D00009F050FB2046764909F04CFB75490BA831
:10D5E00009F048FB0BA9304609F050FE04460BA891
:10D5F00009F07AFC002CC0F2C38022460A21304692
:10D6000009F032FE031E01932246BCBFB3680193AA
:10D610003A21304609F028FE0BACDFF894810290E5
:10D620001AAFA346584641460BF10C0B09F022FBFA
:10D630005F45F7D1029A019B013205A831464FF0B0
:10D64000000809F049FEC346079B1AE05A462C2100
:10D6500005A809F009FE071EB8BF079F5A463B46BA
:10D6600005A908A809F038FE08A9204609F06EFCB3
:10D6700008A807F1010B09F037FC079B08F1010826
:10D680000C345B4535D9B8F1050F53D0594605A880
:10D6900009F0D0FD2228D9D10BF1010B01465A46E1
:10D6A00005A809F0E1FD071E23DB5A463B4605A904
:10D6B00008A809F011FE08A9204609F047FC08A8AF
:10D6C00009F012FC079B07F1010B5B45D6D95946BF
:10D6D00005A809F0AFFD2C28594605A803D009F08C
:10D6E000A9FD2028C9D1079B0BF1010B5B45EED8A2
:10D6F000C4E705A809F0F8FBB8F1030F1DDC4346A9
:10D700002D4A2E490120FFF771FA0EAC14AF17A86D
:10D7100009F0EAFB384609F0E7FB11A809F0E4FB41
:10D72000204609F0E1FB0BA809F0DEFB28461BB000
:10D73000BDE8F08F05A809F0D7FB0BA928460EAC71
:10D7400009F0DAFB14AF2146484609F0D5FB5046F4
:10D75000394609F0D1FBB368019A9342D7DD013213
:10D76000314608A809F0B8FD039E08A9304609F023
:10D77000EDFB08A809F0B8FB304609F0B5FEC6E796
:10D780000F490BA809F076FA0BA9304609F07EFD87
:10D7900004460BA809F0A8FB002CBFF62EAF094ADF
:10D7A00006490120FFF722FA28461BB0BDE8F08F9A
:10D7B0000CEC030000E903002CE90300A8EA0300D5
:10D7C00008E9030010E9030070B58EB00323064694
:10D7D0000D46204A182106A80EF04AFE06A94FF46D
:10D7E000FA623046FFF79CFA1B4903A809F042FA97
:10D7F00003A9284609F0FCFCD0B16C462946204616
:10D8000009F05EFA03A809F06FFB009B134A202180
:10D8100006A80EF02DFE06A941F288323046FFF729
:10D820007FFA0546204609F05FFB28460EB070BD22
:10D83000094906A809F01EFA294606A809F048FC7D
:10D840006C460146204609F03BFA06A809F04CFB5D
:10D85000D8E700BF88E9030024EA030094E9030045
:10D8600041F288320149FFF75BBA00BFB4E9030017
:10D8700040F6B8320149FFF753BA00BFB8E90300D8
:10D880004FF4FA620149FFF74BBA00BF70E9030099
:10D8900010B586B00B460446064A684618210EF0BD
:10D8A000E7FD694620464FF4FA62FFF739FA06B001
:10D8B00010BD00BF7CE9030010B586B00B460446DE
:10D8C000064A684618210EF0D3FD694620464FF4FB
:10D8D000FA62FFF725FA06B010BD00BFE4E80300C6
:10D8E00010B586B00B460446064A684618210EF06D
:10D8F000BFFD694620464FF4FA62FFF711FA06B001
:10D9000010BD00BF88E9030010B586B004461B496E
:10D91000684609F0AFF920466A4640F6B833184920
:10D92000FFF786FB30B3174903A809F0A3F903A951
:10D93000684609F0ABFC044603A809F0D5FA002CB0
:10D9400018DB22462C21684609F08EFC031E11DBF1
:10D95000621D694603A809F0BFFC03A809F0F0FDA9
:10D96000044603A809F0C0FA684609F0BDFA20464B
:10D9700006B010BD4FF0FF34F6E700BF0CEC03001B
:10D9800050E9030058E9030030B585B00D46044660
:10D99000174901A809F06EF9284601AA40F6B833E4
:10D9A0001449FFF745FBC0B1222101A809F04CFC46
:10D9B000002812DB451C2A46222101A809F054FC4C
:10D9C000031E0ADB2A4601A9204609F085FC01A8AE
:10D9D00009F08AFA204605B030BD0549204609F015
:10D9E00049F901A809F080FA204605B030BD00BF12
:10D9F0000CEC0300F4E803002DE9F04F0E468FB065
:10DA00002C21044609F020FC051EC0F2A68002A8C5
:10DA10002B460022214609F05FFCA3686A1C05A87A
:10DA2000214609F059FC079B012B88BF012733D8F9
:10DA300000252F2102A809F007FC2F21834602A808
:10DA400009F036FC3A21824605A809F0FDFB3A218F
:10DA5000074605A809F02CFCBBF1000F804601DB4E
:10DA6000D3457FDB2368AA4AAA490320FFF7BEF803
:10DA7000002405A809F038FA02A809F035FA204672
:10DA80000FB0BDE8F08F09F0C7FB03782D2B0CD049
:10DA9000079B01379F42CBD2394605A809F0BCFB52
:10DAA00003782B2B394605A8EDD1002FC0DD079B4D
:10DAB00008A83A4605A909F00FFC0A9B012B40F281
:10DAC0000F813A2108A809F0BFFB0028C0F20C81A1
:10DAD000002108A809F0AEFB4FF6FF752D284FF086
:10DAE0003A0108A80CBFAA464FF0010A09F0ACFBA6
:10DAF0000DF12C080346012208A90546404609F00D
:10DB0000EBFB404609F01CFD8146404609F0ECF96C
:10DB10006A1C0A9B08A9404609F0DEFB404609F052
:10DB20000FFDC9EB09190546404605EB890509F0CB
:10DB3000DBF915FB0AF52DB208A809F0D5F93B462B
:10DB4000002205A9404609F0C7FB414605A809F097
:10DB5000FDF9404609F0C8F96BE7002420460FB0F4
:10DB6000BDE8F08F002FFFF67DAF8742BFF67AAF9A
:10DB70005B46002202A90BA809F0AEFB0BA809F036
:10DB8000DFFC81460BA809F0AFF953460BF1010207
:10DB900002A90BA809F0A0FB0BA809F0D1FC834651
:10DBA0000BA809F0A1F90AF10102049B02A90BA834
:10DBB00009F092FB0BA809F0C3FC82460BA809F000
:10DBC00093F93B46002205A90BA809F085FB0BA899
:10DBD00009F0B6FC01900BA809F086F943467A1CBF
:10DBE00005A90BA809F078FB0BA809F0A9FC0746CA
:10DBF0000BA809F079F908F10102079B05A90BA808
:10DC000009F06AFB0BA809F09BFC80460BA809F001
:10DC10006BF9B9F1630F07DCB9F1450F40F26C7392
:10DC2000D8BF4FF4FA6399440BF1FF330B2B64D840
:10DC30000AF1FF3ABAF11E0F5FD8019B172B5CDC8B
:10DC40003B2F5ADCB8F13B0F57DCB9F5FA6F54DBC8
:10DC50005FFA8BF3304A3149022B98BFA9F10109D1
:10DC60004FF4C87399FBF3F302FB03994FEA99024F
:10DC7000BBF1020F40F26D1000FB0920CCBF6FF02A
:10DC800002020922824493449922642002FB0BF28F
:10DC9000B9FBF0F9AAEB090002320524B2FBF4F259
:10DCA000024401FB0323A3F532236FF4A76213445C
:10DCB000002B2ADB01981A494FF4616202FB00F243
:10DCC00001FB03233C2202FB0737B8444FF6C47321
:10DCD00015FB0383002B18DD3360B5800124C8E6F3
:10DCE00000250DF12C0827E708A809F029FCC0EB56
:10DCF000001005B20DF12C081EE72368094A0549FA
:10DD00000320FEF773FF0024B3E60024B1E600BF52
:10DD10000CEB03001CEB030070FEFFFFB13A0200A6
:10DD20008051010024EB030070B50D6884B00446F7
:10DD300015B33C2613491448144B12FB0652A1FBA1
:10DD40000251090C00FB1121A3FB0123DB0A4FF454
:10DD500061600F4D0F4A00FB1311A5FB010149093A
:10DD6000009102A806210EF083FB02A9204608F0CC
:10DD700081FF204604B070BD074908F07BFF2046B4
:10DD800004B070BD07452EC280510100C5B3A291F9
:10DD90008988888838EB03000CEC0300704700BFCB
:10DDA000002914BFFF210021643041F288320DF0B8
:10DDB000EFBC00BF002969DB70B4B0F90C408C42A5
:10DDC00062DD002A60DBB0F90E5095425CDD41F265
:10DDD000EE3589B2455D15B1C943214489B2847ECF
:10DDE000022C92B265D0032C5DD0012C55D041F2AB
:10DDF000FA3541F2EF34465B045D41F2FC35891B94
:10DE000009B2455B002C42D1521B12B200293BDB08
:10DE100041F2FE34045B25B2A94235DA002A33DB35
:10DE200000F5A055B5F9005095422DDD41F2F835C9
:10DE300041F2F436455B865B16FB05F6921B12B287
:10DE4000002A21DB2DB2AA421EDA00294FEAD404AF
:10DE50000D4602FB04F2B8BFCD1D4C4204F007048E
:10DE600001F0070102EBE50258BF61420244C1F133
:10DE70000701012000FA01F149B292F964000BBBDD
:10DE800020EA010182F8641070BC70477047448931
:10DE9000641B013CA21A12B2B8E70489D2431444AD
:10DEA0000A46A1B2A3E74489013C641A1146A2B212
:10DEB0009DE704894589D243013C2A44611A92B204
:10DEC00089B294E7014382F86410DDE710B5044697
:10DED000243009F009F804F1180009F005F804F1FC
:10DEE0000C0009F001F8204608F0FEFF204610BDA6
:10DEF00070B5064600F1140500F174040C3C204690
:10DF000008F0F2FFA542F9D106F1080008F0ECFF95
:10DF1000304670BD38B5074CA4F5A06504F1140077
:10DF200008F0E2FF04F10800283C08F0DDFFAC42F5
:10DF3000F4D138BD1891002038B5074CA4F1C005C4
:10DF4000183C04F10C0008F0CFFF204608F0CCFF8D
:10DF5000AC42F5D138BD00BF189200202DE9F04148
:10DF60003A4E3B4D3368072B86B035DD41F2F83829
:10DF7000384A394902200024FEF738FEC82735F90F
:10DF8000083001932246234605F1640105F124007F
:10DF9000CDE903440294009707F0D6FB214605F132
:10DFA000240007F0C7F835F908300294CDE9007372
:10DFB0002246234605F1640105F12400CDE903441E
:10DFC00007F0C2FB05F1240006F0F0FF234B34609C
:10DFD0001C7006B0BDE8F08141F2F838204A1E49B5
:10DFE0000220FEF703FE002435F908300193C8270C
:10DFF0002346224605F1640105F12400CDE90344DE
:10E000000294009707F086FB05F12400012107F038
:10E0100091F835F908300294CDE900732246234681
:10E0200005F1640105F12400CDE9034407F08CFB00
:10E0300033680A4A013301213360117009F088FA0C
:10E04000084B186006B0BDE8F08100BFCC920020FC
:10E050002878002074EF030084EF03002478002068
:10E0600088EF0300509100202DE9F043002293B087
:10E070004FF6FF710E23CDE9003172481146C823D7
:10E0800005F00EFC0021C82300910D226D4805F01B
:10E09000F3FD6D4B1F68132F09DC0D2F50DC072F8C
:10E0A00000F3CB80002FD4BF0027012700E0042716
:10E0B0000026DFF89081B1460A25B4000234C5F18C
:10E0C0000D0C24B20FFA8CFC0FFA85FEB742CDE995
:10E0D00000C94FF003037246214640462CDD05F08F
:10E0E000DFFB0136033D042EADB2E6D1554C574D52
:10E0F0000121204606F07CFB2B6855490022934203
:10E10000C4E904121EDC534E3368002B08DD52496B
:10E110004C4808F06FF831684A480A2208F080F845
:10E120004E4B1B68013B062B00F28980DFE803F0B1
:10E13000811F737B7D7F8300032305F0F1FBD0E714
:10E140000327B5E74649434E204608F053F80A2214
:10E150002968204608F064F83368002BE0DD2B685E
:10E16000002BD4DD3F49204608F044F8CFE73E4974
:10E170003E4E3F4D03A808F07DFD059B3148A3EBC3
:10E18000830364330322238203A9628208F02CF8FC
:10E190000A2231680CA808F017FE0CA90FA808F095
:10E1A0008FFD34490FA808F0BFFF0A2207462968EF
:10E1B00009A808F009FE09A9384608F089FF0146B8
:10E1C00006A808F07DFD09A808F08EFE0FA808F04B
:10E1D0008BFE0CA808F088FE2B68002B06DD326849
:10E1E000934203DC1C4906A808F026FF089B15484B
:10E1F000A3EB83035B00C4330322238206A962825C
:10E2000007F0F2FF06A808F06FFE03A808F06CFE06
:10E2100013B0BDE8F083184B18491A78184B002A40
:10E2200018BF1946A4E71549A2E71649A0E7144903
:10E230009EE715499CE715499AE7022738E71449F4
:10E2400096E700BF2878002038610020FC9200206B
:10E25000180003001C9200201C060400D892002025
:10E2600080EC0300A0ED030078FF0300E49200209F
:10E27000E092002084EC0300D092002060EC0300C8
:10E2800070EC030068EC030058EC030078EC03002A
:10E29000E4FE03002DE9F04F6248634C634E644D89
:10E2A00093B0FFF731FB0CAA20600BA95D48FFF784
:10E2B000B5F818B1DDE90B2332602B605D4F3B7878
:10E2C000A3B109F045F95C4B5C4A1B68C01A904247
:10E2D0000CD82468132C36DC0D2C74DC072C00F3CE
:10E2E0009280002CD4BF002401242DE000230FA82D
:10E2F0004C490D93ADF83830FFF746FB0FA80DA938
:10E30000FFF77AFB80460FA808F0EEFDB8F1000F8A
:10E31000DFD0DFF85081BDF93830B8F900209342E2
:10E3200006D0474A47490220FEF760FCBDF9382075
:10E33000A8F8002001233B7009F00AF924683E4B3D
:10E34000132C1860C8DD04243F4BDFF81C911B68B8
:10E35000DFF81881D9F80000D8F800E032682968A1
:10E36000DFF80CA1A34230D1DAF800709742374FA2
:10E37000079740D0364F0897364F0997CDE9030EDF
:10E38000CDE901210220344A34490094FEF72EFCE5
:10E390003068CAF800000798296801600899D9F820
:10E3A00000200A60099AD8F800301360264BDFF885
:10E3B000C4B01C6009F0CCF8DBF8003098420BD2F6
:10E3C00013B0BDE8F08F0324BEE7204F0797204F1E
:10E3D0000897204F0997D1E70021214806F00EFA4F
:10E3E00009F0B6F8DBF8003098420ED2FFF7B6FD20
:10E3F00013B0BDE8F08F3F688F42154F089707D0E4
:10E40000144F0997BAE702249EE7FFF72DFEEDE7C8
:10E410003F6887420F4F0997B0D13F687745ADD12C
:10E42000CEE700BF2092002038610020E492002057
:10E43000E0920020F8920020549100207FEE3600F8
:10E44000D0EC03001CEB0300286100201C610020BD
:10E450002461002020610020E8EC030084EF030029
:10E46000287800203C610020FC9200201C920020B3
:10E470002C610020F492002030B587B0014604469C
:10E48000684608F01DFC684609F020F8564903A8C4
:10E4900008F0F0FB03A9684608F0AAFE054603A8A9
:10E4A00008F022FDF5B1514903A808F0E3FB21680B
:10E4B0004F4842F2107303AAFEF7BAFD059B0446CB
:10E4C000002B61D14B4B4C494C48002C08BF1946DE
:10E4D00007F05CFF03A808F007FD684608F004FD9C
:10E4E00007B030BD4649204608F06AFE002834D007
:10E4F0003E4903A808F0BEFB03AA41F28833414914
:10E500003B48FEF795FD03A93C4807F02DFF37492E
:10E5100003A808F03DFD03AA41F288333A49344884
:10E52000FEF786FD03A9354807F01EFF2F4903A813
:10E5300008F02EFD41F2883303AA34492C48FEF737
:10E5400077FD03A92D4807F00FFF03A808F0CCFCC6
:10E55000684608F0C9FC07B030BD2D49204608F0D8
:10E560002FFEB0B12B4B2C4C1A782C492348032A90
:10E570000ABF0222032221461A7007F007FF6846ED
:10E5800008F0B2FC07B030BD03A91C4807F0ECFE50
:10E5900098E72046224908F013FE58B1FEF756FBD3
:10E5A0000A220146154807F0A9FE1E49134807F044
:10E5B000EDFE92E71C49114807F0E8FE1B490F48A1
:10E5C00007F0E4FE1A490D4807F0E0FE19490B4830
:10E5D00007F0DCFE1849094807F0D8FE174907483C
:10E5E00007F0D4FE79E700BFB0E903000CEC0300AC
:10E5F0002092002054EE0300D8ED03005863002061
:10E6000068EC030074EE030078EE030084EE030070
:10E6100090EE03001961002068EE03005CEE030039
:10E6200098EE03009CEE0300A8EE0300B4EE030096
:10E63000F0EE030010EF030038EF030050EF03008B
:10E6400070B50D4686B006462249684608F012FBB2
:10E65000AB685BB100242146284608F0EBFD30385A
:10E66000092828D9AB6801349C42F4D31A4903A87D
:10E6700008F000FB03A9284608F0BAFD044603A8E9
:10E6800008F032FC14B9029B0A2B21D0124903A8CE
:10E6900008F0F0FA694603A808F01AFD0146304672
:10E6A00008F00EFB03A808F01FFC684608F01CFCED
:10E6B000304606B070BD2146284608F0BBFD014635
:10E6C000684608F0E3FCAB6801349C42C3D3CDE755
:10E6D0000249DCE70CEC030024EA0300BCED030074
:10E6E0002DE9F04305468DB009A8484908F0C2FA63
:10E6F000AB685BB100242146284608F09BFD30380A
:10E70000092863D9AB680134A342F4D80B9B6F4648
:10E710000A2B38466BD809A908F0D2FA09A8DFF805
:10E72000F090DFF8E88008F0DFFB4D4600266968CE
:10E7300003A808F09FFA414609A808F09BFA059B38
:10E740005BB10024214603A808F074FD3038092885
:10E7500026D9059B0134A342F4D80B9B0A2B2ED853
:10E7600009A906A808F0ACFA09A808F0BDFB3946CB
:10E7700006A808F009FD044606A808F0B5FB03A8A2
:10E7800008F0B2FB002C38D10136032E05F1080544
:10E79000CDD1384608F0A8FB20460DB0BDE8F08387
:10E7A000214603A808F046FD014609A808F06EFCC2
:10E7B000059B01349C42C5D30B9B0A2BD0D9A3F1F6
:10E7C0000A0209A906A808F087FDCDE721462846D8
:10E7D00008F030FD014609A808F058FCAB68013488
:10E7E0009C4288D30B9B6F460A2B384693D9A3F1E2
:10E7F0000A0209A908F070FD90E7384659F836403A
:10E8000008F072FB20460DB0BDE8F0830CEC03006D
:10E81000ECFE03002DE9F04FAB4AAC4BDFF8CCB275
:10E820001B7800261670AA4ACBF800609DB01660CF
:10E8300013B91DB0BDE8F08FA648FEF7C3FCA6498A
:10E8400007A808F017FA07AA42F21073A349A148D3
:10E85000FEF7EEFB002800F0CC81099ADBF80030CF
:10E86000002A00F0FC801F2B00F3FC80DFF880A260
:10E870002BE0DBF80030002B1BDD0C9ACAB1013B0A
:10E8800003EB83030AEBC3041434A3689F2B10D853
:10E89000002B40F0BB81C3F1A00300220AA910A8FD
:10E8A00008F01AFD10A9204608F0A2FB10A808F0F5
:10E8B0001BFB0AA808F018FB099B9E42DBF80030FE
:10E8C00080F0CD801F2B00F3CD8032460A2107A8AF
:10E8D00008F0CAFC041EB8BF099C3246234607A9AB
:10E8E0000AA808F0F9FC7E4910A808F0C3F910A99D
:10E8F0000AA808F07DFC054610A8661C08F0F4FA8A
:10E90000002DB6D0DBF800700C9B06220AA97C1CF7
:10E9100010A8CBF8004008F0DFFCBB001C4610A894
:10E92000039308F00DFE23463B44DC004AF8330015
:10E9300010A808F0D9FA0AEB040504F1140066499E
:10E9400004945044002408F023FB63492C62AC84F7
:10E9500010A808F08FF9604913A808F08BF95E49F8
:10E9600016A808F087F95C4919A808F083F9222154
:10E970000AA808F069FC049B083353440028059357
:10E98000B8BF0DADC0F223810DF140080DAD814639
:10E9900009F101094A4622210AA808F065FC4A4605
:10E9A000B0F100090AA94B462846C0F2358108F0AB
:10E9B00093FC2946404608F0C9FA284608F094FA24
:10E9C00009F1010222210AA808F04EFCB0F1000969
:10E9D00004F1010408F10C08C0F22081042CD7D105
:10E9E0004049284608F046F9294610A808F04EFC90
:10E9F000039B3B440AEBC303C243D20F1A71284660
:10EA000008F072FA13A9284608F05AF92946059821
:10EA100008F09CFA284608F067FA0499013C04EBD8
:10EA20004404203110AB03EB84005144FEF7E4FFB3
:10EA3000039B3B440AEBC3073B791BB1244A136891
:10EA40000133136019A808F04FFA16A808F04CFA21
:10EA500013A808F049FA10A808F046FA29E7012B94
:10EA600040F39D80204F00230393A7F130030593CB
:10EA7000C7F128084FF0010917F8043C57F8082C93
:10EA80008DF84430394612A807F10C0A109208F0AC
:10EA900017F9514615A808F013F907F1180393E880
:10EAA000030018AB83E8030057F8100C189988424C
:10EAB000BC4608EB070380F0A780A7F12804A7F164
:10EAC0001C05039E1DE000BF449100209892002089
:10EAD000FC920020209200200CEC030050F1030077
:10EAE00074F103007CF10300708C00204091002041
:10EAF000408C00205CF8101C189A914206F1FF36F9
:10EB000020D214F8043C54F8082C84F824302262F3
:10EB1000214604F1280008F0EFF9294604F13400F9
:10EB200008F0EAF904F1180393E80300A44620640E
:10EB3000A4F84410AA4608EB0403283DB646283C36
:10EB4000002ED7D1059D109904930EEB8E0E05EB88
:10EB5000CE0445F83E109DF844102171604612A97C
:10EB600008F0CAF915A9504608F0C6F918AB93E8A1
:10EB70000300049B2B4409F101091862998415A82C
:10EB800008F0B2F912A808F0AFF9039ADBF80030E8
:10EB900001324B45039207F128073FF76DAF304A2A
:10EBA0001168994205DB012B1946B8BF01210139D3
:10EBB00011602C4A2C491268009202202B4AFEF761
:10EBC00015F807A808F090F91DB0BDE8F08F039B79
:10EBD0003B440AEBC30300221A712549284608F07A
:10EBE00049F82946059808F0B1F9284608F07CF95B
:10EBF0001EE7204A1C490120FDF7F8FF07A808F08E
:10EC000073F91DB0BDE8F08FCE469BE7202120466A
:10EC100008F03CFAA3683EE6002CD8D016492846F6
:10EC200008F028F8294610A808F030FB282303FB39
:10EC300007A3C243D20F28461A7108F055F9012CD8
:10EC4000CBD013A9284608F03BF82946059808F0D0
:10EC50007DF9284608F048F9022C3FF4E9AEDCE6DD
:10EC6000DC920020FC92002070F1030084F103008C
:10EC7000CCED030060F103007CF103002DE9F043CB
:10EC800085B080B9284A294BD6691036A3FB0636D1
:10EC90003609042E45D8012EB8BF012601364FF0A3
:10ECA0000008012703E0074600F1FF380126DFF8DE
:10ECB0008090D9F800309F422FDA1B4D07EB870375
:10ECC00005EBC30508351DE001A807F0D3FF039B42
:10ECD0006A690A2B28BF0A23DC1D01A8144408F026
:10ECE00003F9122C34BF012302231E44092E07F11D
:10ECF000010305F1280510DCD9F800209A42B84636
:10ED00000BDD1F462846FFF7EBFC01460028DBD150
:10ED1000294601A807F0D4FFD9E7404605B0BDE871
:10ED2000F0830526BBE700BF408C0020F1F0F0F037
:10ED3000409100202DE9F04FB34B1B6899B08342FE
:10ED40004FEA8003024602900591049300F0268169
:10ED5000AE4B039315AE1F46049BAD4D1344DC0030
:10ED6000AC4B0794B3F9002004F1200100230834D0
:10ED70006B61394409A83C44FEF7D6FF2046FFF7F3
:10ED8000AFFC0CAB0693002800F003810146184647
:10ED900007F070FF0A2300220FA8069908F09CFADA
:10EDA0000FA912A807F08CFF12A89B4908F0BCF924
:10EDB0000B9B0446002B40F0E7809849304607F053
:10EDC00059FF3146204608F083F98246944990481D
:10EDD00005F014FDDAF80830002B00F01381059BD4
:10EDE000DFF84092DFF8288203F10D07BFB200245C
:10EDF00001E0222C1ED0A9FB04231B0903EB031204
:10EE0000A21A02EB820102EB410203EBC30307EB00
:10EE10004303083221466B822A82504608F00AFAE0
:10EE20000146404607F0F8F9DAF808300134A34209
:10EE3000A346DED8304608F057F812A808F054F878
:10EE40000FA808F051F8069808F04EF872493046BD
:10EE500007F010FF049B029A9A18039B03EBC2026F
:10EE60001279002A00F08B806D49694805F0C6FCD4
:10EE7000179A82B3BBF1220F2DD0059BDFF8A48136
:10EE8000634F03F10D04A4B24FF0000902E0BBF19F
:10EE9000220F20D0A8FB0B231B0903EB0312ABEBC3
:10EEA000020202EB820102EB410203EBC30304EB1B
:10EEB0004303083249466B822A82304608F0BAF989
:10EEC0000146384607F0A8F9179B09F101094B459F
:10EED0000BF1010BDBD8304608F006F8029A049BD0
:10EEE00013449A46039B079A03EBCA0A02F11409DA
:10EEF0009AF804209944002A3CD04949444805F036
:10EF00007DFCD9F808207AB3BBF1220F2CD0059CE8
:10EF1000444F3F4E0D34A4B2CBF122084FF0000A0B
:10EF200001E0C24520D00AEB0B03A7FB0312120934
:10EF300002EB02115B1A03EB830103EB410302EBCB
:10EF4000C202083304EB420251462B826A824846D1
:10EF500008F070F90146304607F05EF9D9F808303C
:10EF60000AF1010A5345DCD809A807F0BDFF19B022
:10EF7000BDE8F08F2C49264805F040FCC1E72A493E
:10EF8000234805F03BFC73E709A9304607F098FEDB
:10EF900017E72146184607F093FEFBE61C18E4002D
:10EFA0001A4B039304F108071F44059B38465D1C68
:10EFB000FFF796FB2DB215AEF8B10146304607F0CB
:10EFC00059FE039B1C44179BE2690A2B28BF0A23A6
:10EFD000DC1D3046144407F087FF122C34BF10218B
:10EFE00022210023CDE900132A46052301210848E8
:10EFF00004F056FCDDE90227AEE63946304607F05C
:10F000005FFEDEE79B4615E7DC920020408C002087
:10F01000287800203C6100205CF0030060F00300D1
:10F02000B0F10300F1F0F0F0A0F103002DE9F04F92
:10F03000B04CDFF810939BB04FF6FF75AC23CDE9D1
:10F0400000351022C8232046002104F029FC204668
:10F05000002105F0D3FB00210C23019520460D462D
:10F060000093BC22C82304F01BFC2946C823BC2201
:10F070002046009504F000FE2046012105F0B8FB73
:10F080009D4B65619D492361204607F0B3F8D9F88F
:10F090000050002D40F08E80994B9A4A19789A4B77
:10F0A0000DF1500B00290CBF11461946584607F0C8
:10F0B000E1FD9649204605F0A1FB0121204605F01F
:10F0C00097FB2F2665612A46012717AD4FF0020AEC
:10F0D000A14602F111084346594628466682A4F823
:10F0E00010A008F0F9F82946484607F07DF82846B0
:10F0F00007F0FAFE169B1236434507F10107B6B238
:10F10000424601D9092FE4D100217A4805F076FB67
:10F11000584607F0E9FE7A4B1B787BB90021754809
:10F1200005F06CFB08F014FA794B1B68984280F0EC
:10F130004881FEF713FF1BB0BDE8F08FDFF8B491F4
:10F1400074495846013707F095FD07EBC7066F492C
:10F15000484605F053FB76000121484605F048FB80
:10F160001D360022B6B262614FF0020A02E012368A
:10F17000B6B2424602F11108082F434659462846C6
:10F1800007F101070EDCA4F810A0668208F0A4F8CD
:10F190002946484607F028F8284607F0A5FE169BA2
:10F1A0004345E4D80021534805F028FB584607F0B2
:10F1B0009BFEB3E7DFF89081574DD8F80000FFF7CA
:10F1C0005DFD2E68B04280F20381C8F80060534BA9
:10F1D0001A68B24204D0524A1E604FF47A73136028
:10F1E0000121444805F004FBD8F80070002F40F0DE
:10F1F00054814C4B4C4ADB6903F1100AA2FB0A3ADA
:10F200004FEA1A1ABAF1040F00F2F680BAF1010FB0
:10F21000B8BF4FF0010A0AF1FF3307930AEB0A1354
:10F220000AF1010605932A68002A00F0A7813F4BE6
:10F230003F49B3F900200023636108A8FEF774FD7D
:10F240003C492C4805F0DAFA3B4B3C482361FFF778
:10F2500047FA0DF12C08002800F08B81014640464A
:10F2600007F008FD0B2300220EA8414608F034F8F1
:10F270000EA911A807F024FD11A8314907F054FF89
:10F280000A9B0DF1500B05465846002B00F00181FA
:10F2900008A907F015FD2846594607F019FF17ADD4
:10F2A000112300220146284608F016F82946114885
:10F2B00006F09AFF284607F017FE584607F014FE9E
:10F2C00011A807F011FE0EA807F00EFE404607F049
:10F2D0000BFE144B1B7900226261002B00F0D480DE
:10F2E0001449044805F08AFA06964FF02F08079E45
:10F2F0003DE000BF287800200200BF0084F003003A
:10F300009892002074F0030068F00300A0F103005D
:10F31000F4920020A4F00300DC9200203061002071
:10F32000CC920020408C0020F1F0F0F03C610020F5
:10F33000608C0020B0F1030008001D00488C002004
:10F340005CF003004091002048910020082311A99F
:10F35000A4F812802382904806F046FF11A807F017
:10F36000C3FD08F1120857451FFA88F84CD007EB87
:10F37000071202F111030137884911A807F0ACFF09
:10F380007B1EB342E2D1864B059ADB699342DDD9FD
:10F390000E23002211A9584607F09EFF5946284621
:10F3A00007F08EFC7F49284607F0BEFE014611A8F3
:10F3B00007F0A2FD284607F097FD584607F094FD98
:10F3C000C4E7FEF751FEFEF7C9FD1BB0BDE8F08FA4
:10F3D000D8F800309E4280F2CA80002E04DCF4E6A9
:10F3E0003E46002F3FF4F1AE771E3846FFF746FC4D
:10F3F0002B689842F4DAE8E6442305930323079345
:10F4000005264FF0040A0EE7D9F80030069E012BBE
:10F4100032DD654F4FF0010823E0284607F02AFC53
:10F42000199B7A690A2B28BF0A23DC1D284614443D
:10F4300007F05AFD122C34BF0123022306EBC6014C
:10F440001E444900092E404601F1100108F101084F
:10F4500007F1280710DCFFF76DFCD9F800304345B1
:10F460000ADD3846FFF73CF901460028D5D1394678
:10F47000284607F025FCD3E708A807F035FD002152
:10F48000454805F0BBF949E64849434805F0B6F957
:10F490002AE7474907F0EEFBFDE644493E4805F000
:10F4A000ADF900251E2213210B23CDE90215CDE96C
:10F4B0000023062110233848656104F0F9FC3D4B18
:10F4C00023610A2217ADD8F8001014A807F07CFCBD
:10F4D00014A9284607F0F4FB3749284607F024FE14
:10F4E00001462D4806F080FE284607F0FDFC14A8D2
:10F4F00007F0FAFCD8F80080D9F800309845BEDA59
:10F50000274F08EB880307EBC3070837012623E0E2
:10F51000284607F0AFFB199B7A690A2B28BF0A23FC
:10F52000DC1D2846144407F0DFFC122C34BF0123F5
:10F53000022306EBC6011E444900092E404601F194
:10F54000100108F1010807F1280798DCFFF7F2FB2A
:10F55000D9F80030434592DD3846FFF7C1F801463F
:10F560000028D5D13946284607F0AAFBD3E71E4626
:10F570002DE64046114907F0A3FB73E606EBC603F0
:10F580005B00023B1BB2CDE90032012105231122B1
:10F59000014804F085F94AE628780020548C0020C0
:10F5A000408C0020B0F00300708C0020A0F103001C
:10F5B00060F0030018001D00B4F00300488C002028
:10F5C00008B5084B084A1B78012111602BB1FFF7E1
:10F5D00021F9064B4FF47A721A60BDE80840FFF734
:10F5E00025BD00BF44910020D8920020CC9200207D
:10F5F00070B5064696B02948FDF7E4FD3346284A23
:10F60000182104A80CF034FF264901A807F032FBAA
:10F6100004A901AA41F288332048FDF709FD0446F8
:10F6200028B901A807F060FC204616B070BD1E4D39
:10F630000AA801A9FDF7B6FF0AA9284607F086FC2B
:10F640000DA905F10C0007F081FC10A905F11800C7
:10F6500007F07CFC13A905F1240007F077FC13A840
:10F6600007F042FC10A807F03FFC0DA807F03CFC97
:10F670000AA807F039FC0D490D4AEB6A0E6000211B
:10F680001160002BCDD16C6901A8641A18BF012448
:10F6900007F02AFC204616B070BD00BF2092002063
:10F6A00030EC03000CEC03009C9200204061002031
:10F6B000D49200202DE9F04FA04D91B04FF6FF7489
:10F6C000AC2310222846CDE900340021C82304F0E1
:10F6D000E7F82846002105F091F800210C230E469A
:10F6E00028460093BC22C823019404F0D9F8C8230B
:10F6F000BC2228463146009604F0BEFA2846012175
:10F7000005F076F88E4B8F496E6128462B6106F026
:10F7100071FD8D480596ADF81860FEF7E1FF0028F1
:10F7200000F0018107AB0DAC01461F462046039354
:10F7300007F0A0FA3846324621460B2307F0CCFDED
:10F74000204607F0D1FB05A98048FEF755F90028AF
:10F7500040F0CC807E4979487E4FDFF81882002641
:10F7600005F04CF80121754805F042F832461123A6
:10F7700003996E6120462F6107F0AEFD21466F4868
:10F7800006F032FD204607F0AFFB31466B4805F02E
:10F7900035F87149694805F031F80121674805F0ED
:10F7A00027F808F10C0A6E6132464FF001092F2646
:10F7B0004FF0020B02F111073B46514620466E8284
:10F7C000A5F810B007F088FD21465C4806F00CFD56
:10F7D000204607F089FBD8F814301236BB423A466F
:10F7E00009F10101B6B238D9882A8946E2D100214F
:10F7F000524805F003F80021C8230091B4224F4875
:10F8000004F03AFA54494D4804F0F8FF534B1F688E
:10F8100007EB07170021494804F0F0FFD8F82C3017
:10F82000BB4208D94FF0B21200234D494348C5E905
:10F83000042306F0DFFC0021404804F0DFFF07F05E
:10F8400087FE484B1B6898426AD2FEF787FB0398F5
:10F8500007F04AFB11B0BDE8F08F09F1020909EB8E
:10F86000C90600213548760004F0C8FFB6B2002171
:10F8700032B2C8230091314804F0FEF936492F48CE
:10F8800004F0BCFF354B1A68B9F1080F02EB021205
:10F8900051DCD8F82C309A424DD21D36DFF8D8B062
:10F8A000DFF898A0B6B24FF0020903E0D8F82C3088
:10F8B0009A42AFD202F111073B464FF0000C594675
:10F8C0002046C5F814C06E82A5F8109007F004FD1C
:10F8D0002146504606F088FC204607F005FB06F15D
:10F8E0001203AD2E3A469EB2E0D193E71E49204660
:10F8F00007F0C0F91D4B05A9B3F900200AA8FEF7CF
:10F9000013FA0AA9204607F0E3FB0146039807F023
:10F910006FFB0AA807F0E8FA204607F0E5FA19E7B6
:10F92000FEF7A2FB91E707AB1846114903930DAC14
:10F9300007F0A0F907E717466CE700BF287800201A
:10F940000200BF0034F00300A8920020B49200200F
:10F95000B0F1030002001D00A0F10300D4920020CA
:10F96000B0F00300F49200205CF003003C61002042
:10F9700050F003009C920020C09200202DE9F04F2F
:10F98000B24C99B0AC234FF6FF75CDE90035204657
:10F99000C8231022002103F083FFAD4B1B68032B0B
:10F9A00040F07E81AB4FAC4B3A78AC4E0021204604
:10F9B0008A4218BF1E4604F021FF00210C23CDE926
:10F9C0000035BC220D46C823204603F069FFBC2247
:10F9D0002946C8230095204604F04EF9012120460F
:10F9E00004F006FF31469E4B65612046236106F018
:10F9F00001FC9C4A9C4B39780DF13C0AA9420CBF92
:10FA0000114619460DF1480B504607F033F951469F
:10FA1000584607F055F99549584607F059FB944B5D
:10FA2000944A1968944BA942ACBF1146194607F095
:10FA30007BFB92498146204604F0E0FE01212046EE
:10FA400004F0D6FEA84665612A461D2615AD02F1D2
:10FA500011073B464FF0020C49462846A4F810C057
:10FA6000668207F039FC2946784806F0BDFB284637
:10FA700007F03AFAD9F808301236BB423A4608F194
:10FA80000101B6B240F20482992A8846DFD10A23E6
:10FA9000B426079300216D4804F0B0FE584607F0E5
:10FAA00023FA504607F020FA0021C823324600917D
:10FAB000664804F0E1F86D49584607F001F95846E8
:10FAC00007F0F6FC149B002B40F0F58100220F920A
:10FAD0004FF00109002B40F0018218AA02EB8902C5
:10FAE0000121894442F8241C002B40F0088218AB05
:10FAF00003EB89030222584643F8242C07F0F4F95B
:10FB00005E49524809F1010904F078FE079B082B71
:10FB10005BDC03EBC3077F001D37C3F1090300263D
:10FB2000BFB2069327E04FF002032382A4F81280AD
:10FB300000235AF826205249E38251F83210A3825A
:10FB4000584607F097F8112300225946284607F037
:10FB5000C3FB29463D4806F047FB284607F0C4F999
:10FB60000136584607F0C0F912374E45BFB22CD0C7
:10FB7000069B9E4229D03E4B1B68B3420FFA87F882
:10FB8000D1D1079B31489A1902EBC20252001223CD
:10FB90000021103200930191C82312B203F080FEBD
:10FBA0004FF002032382A4F812804FF6FF73C0E7E0
:10FBB000284607F099F9584607F096F92F49234847
:10FBC00004F01CFEB9F1000FA0D100211F4804F081
:10FBD00015FE00211D4804F011FE07F0B9FC294B69
:10FBE0001B68984280F0518141F2F837264A274934
:10FBF0000220FCF7FBFF2649E35F01930025C8269E
:10FC00002B462A46A1F14000CDE903550295009606
:10FC100005F080FD01211F4805F08CFA1C49E35FC7
:10FC200001932A462B46A1F14000CDE903550295E8
:10FC3000009605F089FD184B01221A7007F088FC28
:10FC4000164B186019B0BDE8F08F00BF287800206F
:10FC5000D8920020D0920020BCEB0300E0EB030020
:10FC60000200BF0008EC030000EC0300F477002062
:10FC7000346100200CEC030010EC0300A0F1030041
:10FC8000ECFE0300F4920020A8EB030084EF0300D5
:10FC90008C7800204C78002024780020509100209F
:10FCA0000021204604F0AAFD00210C23CDE90035F7
:10FCB000BC220D46C823204603F0F2FDC823BC2217
:10FCC00029462046009503F0D7FF0121204604F085
:10FCD0008FFDAD4BAD4923612046656106F08AFA80
:10FCE000AB498B68002B40F0318109AB1846A9491C
:10FCF000069306F0E5FF15AD0DF1480BA6495846F1
:10FD000006F0B8FF0699584607F0E2F9A349814684
:10FD1000A34804F073FD0121A14804F069FD00230C
:10FD2000984663611A461D264FF0020A02F1110738
:10FD30003B46494628466682A4F810A007F0CCFA54
:10FD40002946974806F050FA284607F0CDF8D9F82A
:10FD500008301236BB4208F10101B6B23A4640F211
:10FD60009F8009298846E1D10A234FF0B408079300
:10FD7000502600218A48DFF82C9204F03FFD00272E
:10FD8000584607F0B1F84246C823394684480097E0
:10FD900003F072FF8149824804F030FD0121804860
:10FDA00004F026FD079B67611E4476001D36B6B23F
:10FDB0003A4698464FF0020A02E01236B6B23A4688
:10FDC00002F11107B8F1080F3B467649284608F1C1
:10FDD00001080FDCA4F810A0668207F07DFA29461E
:10FDE0006F4806F001FA284607F07EF8D9F8083087
:10FDF000BB42E2D800216A4804F000FD6A4B6B491F
:10FE00001B6881FB0321DA17C2EBE1020799114459
:10FE1000082940F383800A22D9F808100FA807F0B8
:10FE200003F80FA9584606F04BFF6149584607F002
:10FE30007BF90A220646A021284606F0C5FF29467E
:10FE4000304607F045F901460CA806F039FF284670
:10FE500007F04AF8584607F047F80FA807F044F8AB
:10FE60000E9B4F48A3EB83035B00C43300220CA915
:10FE7000B22523826261658206F0B6F90CA807F00C
:10FE800033F8069807F030F8A3E6FEF7EDF8ABE696
:10FE900008F1020303EBC3067600079336B2F9E5D7
:10FEA00008F10203DE0003EB06084FEA4808079357
:10FEB0000FFA88F85DE73F49284606F0DBFE594611
:10FEC000284607F095F981462846B9F1000F52D12E
:10FED00007F00AF8149B002B3FF4FFAD3649284683
:10FEE00006F0C8FE5946284607F082F9002846D198
:10FEF000284606F0F9FF149B002B3FF4F8AD2F497C
:10FF0000284606F0B7FE5946284607F071F9002842
:10FF10003FF44EAE284606F0E7FFE8E502EB02129A
:10FF20009B1A01F1010808EBC80803EB83014FEAB3
:10FF3000480203EB4103991C0E320023009312B2D6
:10FF400009B20B23164803F097FE64E715AD284667
:10FF500006F0B6FE28461A4907F0E6F80D4907F004
:10FF6000B7F809AB01461846069306F0A9FE2846E5
:10FF700006F0BAFFC0E606F0B7FF149BA6E52846D8
:10FF800006F0B2FF149BA8E50200BF0014EC0300CA
:10FF9000007800200C78002008EC0300A0F103009A
:10FFA00028780020E4770020F077002079787878AE
:10FFB00084EC030064EF03006CEF030070EF0300B8
:10FFC0002CEC03002DE9F04FB348DFF808B3B34E33
:10FFD0008FB04FF6FF75AC23CDE900351022C82352
:10FFE0000021044603F05CFCDBF80020AC4B20460B
:10FFF0000021012A08BF1E4604F000FC00210C234A
:020000023000CC
:10000000019520460D460093BC22C82303F048FC0E
:10001000C823BC2220462946009503F02DFE204629
:10002000012104F0E5FB9F4B2361314665612046C9
:1000300006F0E0F8DBF80030012B00F01E819A4951
:100040009A4A022B08BF1146DFF84C9208A806F026
:1000500011FE9749484604F0D1FB0121484604F0BF
:10006000C7FB00231D4663611A461D264FF0020898
:1000700002F111073B4608A90BA86682A4F810807C
:1000800007F02AF90BA9484606F0AEF80BA806F0CF
:100090002BFF0A9B1236BB423A4605F10101B6B26C
:1000A00007D9992A0D46E3D10C254FF00B08D1262C
:1000B00008E0AB1C03EBC30676001D3605F1030810
:1000C00036B2043500217448DFF8EC9104F096FB59
:1000D00008A806F009FF7048764904F08FFB00225B
:1000E00002234846668262612382FEF7F9FA0028FD
:1000F00000F0C580014608A806F0BCFD11230022CF
:1001000008A90BA807F0E8F80BA9634806F06CF8FB
:100110000BA806F0E9FE08A806F0E6FE5E480021FE
:1001200004F06CFB6448FEF7DBFA002835D0604928
:10013000594808EBC80604F061FB760001215648D7
:1001400004F056FB1D360022B6B262614FF0020A7F
:1001500003E01236B6B2A8463A4602F11107B8F1EA
:10016000080F3B4654490BA808F1010511D8A4F823
:1001700010A0668207F0B0F80BA9474806F034F8E3
:100180000BA806F0B1FED9F80830BB42E1D808F15F
:1001900002050021404804F031FBDBF80030032B5E
:1001A00000F09A800DF1140B4449DFF8ECA058469A
:1001B00006F060FD424B0A22197802A806F0D4FD31
:1001C00002A9584606F084FF3E4906F0ADFF3E4BBB
:1001D0000A221978064608A806F0C6FD08A9304686
:1001E00006F076FF05EBC50631498046504604F01F
:1001F00005FB76000121504604F0FAFA1D36002274
:10020000B6B262614FF0020902E01236B6B23A4667
:1002100002F11107082D3B4641460BA805F10105E7
:100220000FDCA4F81090668207F056F80BA9504630
:1002300005F0DAFF0BA806F057FED8F80830BB42ED
:10024000E3D80021144804F0D9FA08A806F04CFEBF
:1002500002A806F049FE584606F046FE00210E4868
:1002600004F0CCFA07F074F9184B1B6898420BD2D3
:10027000FDF774FE0FB0BDE8F08F1549E4E649467E
:1002800008A806F01DFD39E7FDF7EEFEFDF766FE56
:100290000FB0BDE8F08F00BF28780020C0EF03004A
:1002A000A8EF03000200BF00E0EF0300F8EF030037
:1002B000A0F10300B0F10300D077002004F00300A8
:1002C000446100200CF003003E610020F492002005
:1002D000E8EF0300E077002007F03AF92A4B2B49BA
:1002E0001E682B4B2B4F2C4A801BA1FB00618909F8
:1002F000A3FB01635B09C3EB0313A7FB0060A1EB46
:1003000083010DF1140B830B0091584608210CF06A
:10031000AFF8594608A806F0ADFC204820498046B1
:1003200005EBC50604F06AFA76000121404604F0A8
:100330005FFA1D360022B6B262614FF0020902E098
:100340001236B6B23A4602F11107082D3B4608A90B
:100350000BA810DCA4F81090668206F0BDFF0BA974
:10036000404605F041FF0BA806F0BEFD0A9BBB42CC
:1003700005F10105E4D80021084804F03FFA08A877
:1003800006F0B2FD10E700BFDC770020D34D62100D
:100390008988888873B2E74538EB03002878002005
:1003A000A0F1030010B503212048214CFDF798FA75
:1003B000204B1E481978FDF76BFA94F900305A1C4F
:1003C00004D0012B21D0022B0BD010BD4FF47A7337
:1003D000002219491548FCF72BFE58B10123237060
:1003E00010BD4FF47A73002214491048BDE8104044
:1003F000FCF71EBE02464FF47A7310490B48FCF717
:1004000017FE58B10223237010BD4FF47A730022F7
:1004100009490648BDE81040FCF70ABE2070084AAA
:1004200008490120BDE81040FCF7E0BB2092002005
:10043000456100204461002088EC0300A8EC030023
:10044000B4EC030070EC0300F0B52D4B93F90030D1
:10045000012B89B007464AD0022B40D0294B2A48AD
:100460002A492B4C00254FF47A7201261A60056048
:100470000E60FEF7DBFD394602A806F0FBFB07F035
:1004800067F8244B00F57A62294620461A6004F08A
:10049000B5F90E232A460195294620460093C82324
:1004A00003F0FEF93146204604F0A2F94FF0FF3385
:1004B0002A46636102A9202305A8174D256106F08D
:1004C0000BFF05A9204605F08FFE05A806F00CFDE0
:1004D000FDF744FD02A806F007FD09B0F0BD4FF49A
:1004E0007A7300220D490E48FCF7A2FDB6E74FF4DF
:1004F0007A7300220B490A48FCF79AFDAEE700BF69
:1005000045610020CC920020E0770020D8920020A6
:1005100028780020F4920020040003004CEC030033
:10052000209200203CEC0300324B1B7833B170B5B5
:10053000314D2B6888B013B108B070BD70472F4B98
:10054000044619782E48FDF7A3F92E4B2C4819784C
:10055000FDF7B2F921462A48FDF736F9064600288C
:1005600034D12949294C2A4D02A806F083FB06F014
:10057000EFFF284B00F57A62314620461A6004F0FE
:100580003DF90E233246204600933146C82301969A
:1005900003F086F92046012104F02AF94FF0FF33D9
:1005A0003246636102A9202305A8256106F094FE66
:1005B00005A9204605F018FE05A806F095FCFDF7F4
:1005C000CDFC02A806F090FC08B070BD06F0C0FF9C
:1005D000114B21461860022310482B6006F08CFC5A
:1005E0000F49104B06204FF47A7208601A60FFF72B
:1005F000E9FCA1E798920020E07700204461002008
:10060000209200203E6100209CEB0300287800200F
:1006100004000300F4920020DC770020D077002053
:10062000D8920020CC9200202DE9F047934C8CB05A
:100630004FF6FF75AC23CDE900351022C8232046C4
:10064000002103F02DF92046002104F0D7F8002105
:100650000C23019520460D460093BC22C82303F0CD
:100660001FF9BC222946C8232046009503F004FB4D
:100670002046012104F0BCF8814B824923612046C9
:10068000656105F0B7FD804906A806F0F3FA20463B
:100690007E4904F0B3F82046012104F0A9F82E4663
:1006A00065612A46A1461D254FF0020802F1110797
:1006B0003B4606A909A86582A4F8108006F00CFE46
:1006C00009A9484605F090FD09A806F00DFC089B15
:1006D0001235BB4206F10101ADB23A4605D90929EE
:1006E0000E46E3D10C26D12506E0B31C03EBC3056F
:1006F0006D001D352DB2043600216048DFF89C9155
:1007000004F07CF806A806F0EFFB61495B4804F0B2
:1007100075F8002749464FF0020806A86582676110
:10072000A4F8108006F0CCFA5A4906A806F0FCFCA2
:1007300011233A46014609A806F0CEFD09A94F4803
:1007400005F052FD09A806F0CFFB06A806F0CCFB89
:1007500039464A4804F052F8D9F8083043450ED8D3
:100760000021464804F04AF806F0F2FE4A4B1B68A6
:1007700098427CD2FDF7F2FB0CB0BDE8F087494609
:1007800003A8FDF75DFF03A8FDF7AAFF82463B48DB
:100790003E4906EBC60581466D0004F02FF81D3575
:1007A0000121484604F024F8ADB267613A4602E000
:1007B0001235ADB23A4602F11107082E3B4603A9A5
:1007C00009A810DCA4F81080658206F085FD09A94F
:1007D000484605F009FD09A806F086FB059BBB42CB
:1007E00006F10106E4D80021244804F007F8BAF124
:1007F000000F38D0514606A806F03CFA1F4823499E
:10080000804606EBC60503F0F9FF6D000121404666
:1008100003F0EEFF1D350022ADB262614FF0020918
:1008200002E01235ADB23A4602F11107082E3B46FE
:1008300006A909A806F101060EDCA4F8109065824D
:1008400006F04AFD09A9404605F0CEFC09A806F0CD
:100850004BFB089BBB42E4D80848002103F0CEFFC5
:1008600006A806F041FB03A806F03EFB78E7FDF77B
:10087000FBFBFDF773FB0CB0BDE8F0872878002088
:100880000200BF0014F0030078EC0300A0F10300A5
:10089000B0F1030010EC0300F4920020187800205F
:1008A0002DE9F04FB84D99B04FF6FF74AC23CDE968
:1008B00000341022C8232846002102F0F1FF284608
:1008C000002103F09BFF00210C230E4601942846D3
:1008D0000093BC22C82302F0E3FFBC223146C823A8
:1008E0002846009603F0C8F92846012103F080FF4E
:1008F000A64BA7492B6128466E6105F07BFCA549F4
:1009000012A806F0B7F9A4490FA806F0B3F90FA989
:1009100012A806F0DDFBA1498046284603F06EFFD1
:100920002846012103F064FF34466E613246AA4630
:100930001D264FF0020902F111073B46414615A85A
:100940006E82A5F8109006F0C7FC15A9504605F078
:100950004BFC15A806F0C8FAD8F808301236BB428E
:100960003A4604F10104B6B202D9992AE3D1092426
:100970008548DFF850B20021824603F03FFF0FA800
:1009800006F0B2FA12A806F0AFFA854B854A19783C
:10099000854B0FA800290CBF1146194606F06AF9CD
:1009A0000FA912A806F08CF9804A814B9BF8001021
:1009B00012A800290CBF1146194606F0B5FB04EB3E
:1009C000C40676498046504603F018FF76000121A0
:1009D000504603F00DFF1D360022B6B26A614FF09B
:1009E000020902E01236B6B23A4602F11107BF2EF2
:1009F0003B46414615A811D0A5F810906E8206F02E
:100A00006BFC15A9504605F0EFFB15A806F06CFA33
:100A1000D8F80830BB4204F10104E3D800215A4859
:100A200003F0ECFE12A806F05FFA0FA806F05CFADD
:100A30009BF80030002B40F07B815E49DFF8489145
:100A400012A806F017F9FCF701F90A2220FA02F1C0
:100A50000FA806F019FA0FA912A806F039FB56499B
:100A600006F062FB04EBC4064C498046484603F09E
:100A7000C5FE76000121484603F0BAFE1D3600226D
:100A8000B6B26A614FF0020A02E01236B6B23A46D6
:100A900002F11107082C3B46414615A811DCA5F8C8
:100AA00010A06E8206F018FC15A9484605F09CFBC4
:100AB00015A806F019FAD8F80830BB4204F1010471
:100AC000E3D831480021804603F098FE0FA806F0D5
:100AD0000BFA12A806F008FA384912A806F0CAF86C
:100AE00004EBC4062D49404603F088FE7600012140
:100AF000404603F07DFE1D360022B6B26A614FF01B
:100B0000020902E01236B6B23A4602F11107082C89
:100B10003B4612A915A810DCA5F810906E8206F0CD
:100B2000DBFB15A9404605F05FFB15A806F0DCF9D4
:100B3000149BBB4204F10104E4D800211248DFF801
:100B400088A003F05BFE12A806F0CEF9DAF8008068
:100B5000B8F1000F40F069810B4F194912A804EB5E
:100B6000C40606F087F876000C49384603F046FEC6
:100B70001D360121384603F03BFEB6B2C5F814809D
:100B800042464FF0020924E0287800200200BF000E
:100B9000E8ED030008EE0300E4FE0300A0F103000B
:100BA0004C910020C8ED0300C0ED0300DCED030014
:100BB000D0ED030030EE030038EE03003CEE0300FE
:100BC00044EE030098920020189200201236B6B22C
:100BD000424602F11108082C434612A915A810DC60
:100BE000A5F810906E8206F077FB15A9384605F03F
:100BF000FBFA15A806F078F9149B434504F10104AB
:100C0000E4D8BC48002103F0F9FD12A806F06CF905
:100C1000B94BBA49002212A81A6006F02BF8B8495D
:100C20008B68002B7DD1B7490FA806F023F80FA9D8
:100C300012A806F04DFA8046AE48B349814604EB4F
:100C4000C40603F0DBFD76000121484603F0D0FD29
:100C50001D360022B6B26A614FF0020A02E0123677
:100C6000B6B23A4602F11107082C3B46414615A898
:100C700012DCA5F810A06E8206F02EFB15A94846DE
:100C800005F0B2FA15A8013406F02EF9002FE6D0CF
:100C9000D8F80830BB42E2D80021964803F0AEFDF8
:100CA0000FA806F021F912A806F01EF900219148BC
:100CB00003F0A4FD06F04CFC944B1B68984234D220
:100CC00041F2F837924A93490220FBF78FFF92498D
:100CD000EB5F01930024C82623462246A1F1400081
:100CE000CDE903440294009604F014FD01218B48E1
:100CF00004F020FA8849EB5F019322462346A1F1D4
:100D00004000CDE903440294009604F01DFD844B9D
:100D100001221A7006F01CFC824B186019B0BDE865
:100D2000F08F0FA805F0CCFF81E7FDF79DF9C7E72D
:100D30007D49DFF8C0910CA805F09CFF7B4B0A228F
:100D4000196809A806F040F809A90CA806F0C0F92E
:100D5000774906F0E9F9774B0A22196806460FA889
:100D600006F032F80FA9304606F0B2F9724906F0E3
:100D7000DBF9724B0A221968064612A806F024F81D
:100D800012A9304606F0A4F904EBC4065E49804679
:100D9000484603F033FD76000121484603F028FD64
:100DA0001D360022B6B26A614FF0020A02E0123626
:100DB000B6B23A4602F11107082C3B46414615A847
:100DC00011DCA5F810A06E8206F086FA15A9484637
:100DD00005F00AFA15A806F087F8D8F80830BB42E3
:100DE00004F10104E3D80021424803F007FD12A8F2
:100DF00006F07AF80FA806F077F809A806F074F85C
:100E00000CA806F071F84E490FA805F033FF41F227
:100E100088330FAA4B494C48FCF70AF9002840F0E8
:100E200099800FA806F060F807E67FF7F1AE00237F
:100E30000793DFF8C090454B0693454912A805F08B
:100E400019FF0698FDF74CFC002800F0CA80014607
:100E50000FA805F00FFF0FA912A806F039F904EB4F
:100E6000C40629498046484603F0C8FC76000121A3
:100E7000484603F0BDFC1D3600236B61B6B21A462E
:100E80004FF0020B02E01236B6B23A4602F11107F9
:100E9000082C3B46414615A812DCA5F810B06E821E
:100EA00006F01AFA15A9484605F09EF915A801346E
:100EB00006F01AF8002FE6D0D8F80830BB42E2D886
:100EC0000021484603F09AFC0FA806F00DF812A87E
:100ED00006F00AF8079BDAF8002001339A427FF700
:100EE00097AE069A18320692022B4FF00102079233
:100EF000A3D18DE6287800201C9200204CEE030040
:100F0000E8920020B0F00300A0F10300F49200206A
:100F1000A8EB030084EF03008C7800204C780020BD
:100F2000247800205091002014EE03003861002046
:100F30001CEE0300E492002084EC0300E092002009
:100F40000CEC030024EE03002092002058910020B6
:100F5000A0ED030022210FA806F076F9061E45DA5F
:100F60004FF0FF30B0427FF75CAF721C03460FA911
:100F700012A806F0B1F920482049804604EBC406C7
:100F800003F03CFC76000121404603F031FC1D36A5
:100F90000022B6B26A614FF0020902E01236B6B220
:100FA0003A4602F11107082C3B4612A915A810DC9D
:100FB000A5F810906E8206F08FF915A9404605F04D
:100FC00013F915A805F090FF149BBB4204F101042E
:100FD000E4D80021084803F011FC12A805F084FFB2
:100FE0001FE706990FA805F06BFE34E7721C22215B
:100FF0000FA806F039F9B5E728780020A0F1030022
:101000002DE9F0470368B84AB8498EB0044602207B
:10101000FBF7ECFDB6490BA805F02CFE0BA920460A
:1010200006F0E6F805460BA805F05EFF002D56D049
:10103000B04C2368033B012B17D9FDF7EBFBAE4BFC
:101040001B68002B62DC2368012B00F0AB800021C1
:10105000AA4803F0D3FB06F07BFAA94B1B68984221
:1010600080F0EF800EB0BDE8F087A64BA649A34CF8
:10107000012608A81E7005F0FDFD06F069FAA04BD8
:1010800000F57A62002120460D461A6003F0B6FB97
:101090000E232A462046019529460093C82302F0D4
:1010A000FFFB3146204603F0A3FB2A464FF0FF33F7
:1010B000964D636108A920230BA8256106F00CF961
:1010C0000BA9204605F090F80BA805F00DFFFCF7E2
:1010D00045FF08A805F008FF0EB0BDE8F0878C4971
:1010E0000BA805F0C7FD0BA9204606F081F80546C0
:1010F0000BA805F0F9FE002D7AD0864C2368002B52
:1011000059D0012BAED1FFF74DF9ABE70DF1200817
:101110008149404605F0AEFD8048FDF7E1FA05AF94
:10112000002860D00146384605F0A4FD3946404607
:1011300005F0CEFF814606F00BFA704D704B00F5BE
:101140007A62002128460E461A6003F057FB0E23F0
:1011500032463146284601960093C82302F0A0FB90
:101160002846012103F044FB32464FF0FF33674E1F
:101170006B61494620230BA82E6106F0ADF80BA940
:10118000284605F031F80BA805F0AEFEFCF7E6FEA8
:10119000384605F0A9FE404605F0A6FE2368012B5F
:1011A0007FF455AF5E4B4FF47A721A60FDF73EFF45
:1011B0000EB0BDE8F0875B490BA805F05BFD01238D
:1011C0000BA95948236005F097FE554B4949062065
:1011D0004FF47A7208601A60FEF7F4FE0BA805F06F
:1011E00083FE23688DE738464C4905F069FD9DE78D
:1011F0004E490BA805F03EFD0BA9204605F0F8FF6F
:1012000005460BA805F070FEF5B12221204606F038
:101210001BF8051E4BDA4FF0FF36AE427FF722AFC8
:10122000013521460BA82A46334606F055F83E49BB
:101230000BA805F0A9FF002840D00BA805F054FE2C
:1012400010E7FCF711FF0DE739490BA805F012FD77
:101250000BA9204605F0CCFF05460BA805F044FE7F
:10126000B5B905AF3349384605F004FD3946204687
:1012700005F0BEFF002863D0384605F035FE254B4B
:101280001B68002B3FF4EEAE2B48FFF7DDF8E9E6D4
:10129000204B03221A6006F05BF9164B274A1B68A5
:1012A0001060062B7FF4DEAEFEF78CFEDAE66A1CD9
:1012B0002221204605F0D8FF0646AEE70BA805F030
:1012C00013FE33462A4621460BA806F005F80BA963
:1012D000154805F03BFE0BA805F006FE054B1B6804
:1012E000062B7FF4BFAEDFE7B8ED030024ED03006B
:1012F000C0EA0300D8920020409100202878002006
:10130000F4920020449100202CED0300040003001F
:10131000B0EA0300E077002048ED0300488C00208D
:10132000CC9200200CEC0300D0770020B8EA030038
:101330005CED0300C8EA030088ED0300DC770020C1
:101340000DF120088949404605F094FC41462046AD
:1013500005F04EFF30B1404605F0C6FD384605F0B9
:10136000C3FD8CE782490BA805F084FC0BA920463D
:1013700005F03EFF05460BA805F0B6FD404605F01A
:10138000B3FD384605F0B0FD002D7FF478AF794904
:101390000BA805F06FFC0BA9204605F029FF0546B8
:1013A0000BA805F0A1FD002D3FF45CAEA368DFF8AB
:1013B000049221460C2202A805F08EFF02A806F036
:1013C00093F802A8202105F073FFD9F80030072B0D
:1013D0001D46A8BF0725002B824614DD664C05EB91
:1013E000450304EBC304A4F118063146204605F07A
:1013F00083FD013DA4F10C0104F10C0005F07CFD1E
:101400003446002DEFD1BAF1000F7EDD53460022A5
:1014100002A90BA805F060FF0BA9584805F096FD3E
:101420000BA805F061FD0AF10102049B02A90BA8BB
:1014300005F052FF0BA9504805F088FD0BA805F0F8
:1014400053FDD9F800304E4A4E49072BDCBF01331B
:10145000C9F80030136840460133136005F00AFCF8
:101460004548FDF73DF900285FD00146384605F0B4
:1014700001FC3946404605F02BFE064606F068F8AA
:10148000414C424B00F57A62002120460D461A601D
:1014900003F0B4F90E232A4620462946009301950D
:1014A000C82302F0FDF92046012103F0A1F93146DD
:1014B0004FF0FF33364E63612A4620230BA8266186
:1014C00005F00AFF0BA9204604F08EFE0BA805F0DC
:1014D0000BFDFCF743FD384605F006FD404605F0E0
:1014E00003FD2C4B93F90030012B34D0022B2AD072
:1014F000294A2A4913680020062B08601AD0052BB8
:1015000031D002A805F0F0FCACE525490BA805F0A8
:10151000B1FB0BA9194805F019FD0BA805F0E4FC77
:1015200002A90BA805F0CCFB84E71349384605F067
:10153000C7FB9EE71B494FF47A70012308601360D4
:10154000FDF774FDDDE72A464FF47A731649174814
:10155000FBF76EFDCCE72A464FF47A731449134823
:10156000FBF766FDC4E7FFF79BF9CAE770ED0300E0
:1015700078ED0300E8EA0300589100206491002010
:101580001C92002094ED030028780020F4920020A3
:101590000400030045610020D8920020E07700207D
:1015A0000CEC0300CC9200204CEC030020920020B5
:1015B0003CEC0300189200202DE9F04FA84D2B6859
:1015C000013B8FB00446062B29D8DFE813F0070053
:1015D0005F008A00D600EA002B004700B52800F023
:1015E0008C82B62800F028810D2840F016859D4B8E
:1015F0001B68002B00F36A830346DBB2522B00F01A
:101600001384502B00F04D841B2C40F0C984964B62
:101610001A68002A03DD00221A60FDF707FD0FB0EB
:10162000BDE8F08F914D2B68012B00F0A481B52807
:1016300000F0BD82B62800F06581B72840F0DC8359
:101640008B4A1378072BEAD80133DBB21946894855
:101650001370FCF731F9FEF7B5FCE0E70D2800F058
:101660005382082800F0DA801B2800F01B83A0F1C9
:101670003003092B00F2B5847F4883680F2BCED846
:10168000214605F003FDFEF7CFFFC8E7B62800F0BE
:10169000D582B52800F0818200F0DF03502B00F0E6
:1016A0006681442B00F0D182522B40F0AE84734906
:1016B000734805F021FC7349734805F069FC734BCE
:1016C0006F4800221A60FDF70BF86E49002818BF1A
:1016D00001466F4805F05CFC04232B60FEF74EF9D1
:1016E0009DE708AF6B49384605F0EAFA384605F041
:1016F000DFFE0A9B002B40F021820022059201268A
:10170000002B40F03B820EAA02EB860201210E4420
:1017100042F8241C002B40F022820EAB03EB860320
:101720000222384643F8242C05F0DEFBB62C06F1E5
:10173000010600F00281092C00F0FC80B52C00F0BD
:1017400007810D2C00F0F282082C00F046831B2C40
:1017500049D0A4F120035E2B3FF661AF4D4883686A
:10176000132B3FF65CAF214605F090FC4A4B4FF03F
:10177000FF321A60FEF702F951E7434E0D28B368B5
:1017800000F01381B42861D0B72840F090823F491F
:101790000A6893427FF743AF01320A60FEF7EEF822
:1017A0003DE71B282CD009282AD0A0F120035E2B6E
:1017B0007ED93A490BA805F05DFA1022214608A807
:1017C00005F0D2FA08A90BA805F082FC01463448BE
:1017D00005F092FB08A805F087FB0BA805F084FB39
:1017E000FFF75EF81BE72F4B1A784AB10022254914
:1017F00028481A7005F0CCFB274B4FF0FF321A60D7
:10180000294B1B7801222A602BB1FDF703F8274BE7
:101810004FF47A721A60FDF709FC00E7164CA168D4
:1018200000293FF4FCAE0139204605F0AFFDA36866
:10183000002B7FF428AFE3E70A4B0B491B680A68CB
:10184000013B934200F39E829623D6E60F4A13682B
:10185000002B7FF7E4AE013B1360FEF78FF8DEE666
:10186000D892002040910020DC920020E0770020F8
:101870003E6100202092002018780020A8920020CD
:101880000C7800200CEC0300E4770020F0770020B7
:1018900000780020F47700203461002038F1030044
:1018A000E8920020D092002044910020CC920020A9
:1018B00008A8C24905F0DEF9214605A805F028FA76
:1018C00005A908A805F004FCBD4905F02DFC10226F
:1018D000054621460BA805F047FA0BA9284605F056
:1018E000F7FBB84905F020FC0146B74805F004FBBA
:1018F0000BA805F0F9FA05A805F0F6FA08A805F016
:10190000F3FA6DE7B14A1378002B3FF488AE013B40
:10191000DBB21946AE481370FBF7BAFFFEF752FB75
:101920007DE60BA805F0E0FA384605F0DDFAB62CA6
:101930007FF401AF002E3FF472AEA6490B6801336D
:1019400093FBF6F206FB12360E60FEF717F866E61A
:10195000002E3FF464AE9F4C2368002BD4BF06F1E9
:10196000FF3303F1FF332360FEF708F857E69A4888
:10197000FEF7DAFD53E60D2800F009821B2804D09B
:1019800000F0DF04482C7FF44AAE944B93F900300A
:10199000012B00F07E82022B00F04C828C48FBF77A
:1019A00067FF8F48FEF750FD39E6002B7FF737AE13
:1019B00008AF8C49DFF85C82DFF878B2DFF878A2F4
:1019C000384605F057F905F0C3FD002100F57A63AC
:1019D00040468946CBF8003002F010FF0E234A46FD
:1019E000404649460093CDF80490C82301F058FFC3
:1019F0004046012102F0FCFE0BAC4FF0FF327A4B67
:101A0000C8F8142039464A462046C8F8103020232A
:101A100005F062FC2146404604F0E6FB204605F056
:101A200063FAFCF79BFA384605F05EFA51463246F7
:101A30006748FBF7CFFBDAF80030002800F064813C
:101A40006A4A00926A496B4A0220FBF7CFF86A495A
:101A5000504605F09DFA6849304605F099FA664906
:101A6000664805F095FA6449654805F091FA654BBA
:101A7000654A1B78C2F8009001222A602BB1FCF75E
:101A8000C9FE624B4FF47A721A60FDF7CFFA6049D3
:101A9000384605F0EFF805F05BFD002100F57A63AC
:101AA0005C48CBF800300D4602F0A8FE0E232A4613
:101AB0002946019500935748C82301F0F1FE012102
:101AC000544802F095FE2A464FF0FF33464DC8F8C1
:101AD0001430394620232046C8F8105005F0FCFB8E
:101AE00021464C4804F080FB204605F0FDF9FCF748
:101AF00035FA384605F0F8F991E5474A1368002BA6
:101B000000F3CB80952378E5444EB368022B7FF633
:101B100086AD0BAC20463146FCF792FD3649304687
:101B200005F036FA2046FEF7FFFC3D4B1B68002B04
:101B300000F06C81204605F0D7F970E539490BA813
:101B400005F098F839460BA805F052FB06460BA89D
:101B5000002E40F09E8005F0C7F90A9BD0E532497F
:101B60000BA805F087F839460BA805F041FB0028C3
:101B70003FF4D7AE0BA805F0B7F9CEE52B490BA87B
:101B800005F078F839460BA805F032FB00287BD128
:101B90000BA805F0A9F90A9BBCE5254A1368002BA0
:101BA0007FF73DAD013B1360FDF784FD37E5074A44
:101BB0001378042B3FF633AD0133A9E628F1030077
:101BC0002CF1030034F10300E8920020446100206E
:101BD0002092002034610020A8920020456100205E
:101BE00018F10300F0F0030004000300A4ED03006B
:101BF00070F1030040F103000CEC0300F4770020C7
:101C00000078002044910020F0770020CC92002042
:101C1000BCF0030028780020DC9200201878002017
:101C2000E077002064EF030070EF03006CEF030027
:101C3000D4920020F49200200C780020B04A13685F
:101C400001331360FDF736FDE9E4AE4BAE481C6886
:101C5000E1B2FBF7CFFBAD49AD4BAE4A00280CBF5C
:101C60000846184600902346AB490220FAF7BEFF0B
:101C7000FCF7D0FDA94B1B780BB1FCF70BFB012344
:101C80002B60FDF7D3F9CAE40BA805F02DF90A9BE8
:101C900039E505F029F90A9B2FE5013B1360FDF7B3
:101CA000C5F9BCE49E499F4805F072F9A8E5B5283E
:101CB00040F06F829C4A1368002B7FF7B0AC113B59
:101CC00023EAE3731360FDF759FEA8E4974E984C9E
:101CD000336803EB830354F83300FDF789FC0028D5
:101CE0003FF49DAC336803EB830304EBC304237917
:101CF0002BB1904A13680021013B1360217102232C
:101D00002B60FDF7D7FC8AE4804A009282498A4A18
:101D10000220FAF76BFF894B1B7801222A60002B07
:101D200040F0D180FDF782F98549B1E6DFF84C82B9
:101D300098F80040002C40F08580824F3B689E421E
:101D400000F2C88080498B68022B7FF668AC0BA834
:101D5000FCF776FC0BA97D4805F0F8F80BA805F018
:101D6000C3F87A48FCF7BCFC6D49002818BF01464F
:101D7000774805F00DF96C4A042314602B60FDF7D9
:101D8000FDFD4CE401320A60FDF750F947E4714B68
:101D900093F90030012B00F0FB80022B00F0F08063
:101DA00003215948FBF79CFD5748FBF759FD0028D4
:101DB0003FF435AC03232B6005F0CAFB664A674B42
:101DC000106019785048FBF763FD654B4E48197851
:101DD000FBF772FDFEF7F6F821E45B488168002905
:101DE0003FF41DAC013905F0D1FA564B4FF0FF32EC
:101DF0001A60FDF7C3FD12E4B42840F0F780584A9A
:101E00001378002B3FF40BAC013B1EE44B4B1B78CB
:101E100001222A602BB1FCF7FDFC524B4FF47A7281
:101E20001A60FDF703F985E6FCF7F4FCFDF7FEF810
:101E3000FFF7F5BB4FF47A7300224B493248FBF7AA
:101E4000F7F8ABE53F4C3649384604F013FF2368FA
:101E5000B342C0F0B9803C498B68022B00F2A980E4
:101E60000A9B002B3FF445AE00232D49364888F8E5
:101E7000003005F08DF84FF0FF3338462360FEF751
:101E800053FB3A4B1B68002B7FF433AEFDF798FBF6
:101E90002FE64FF47A73002235491B48FBF7C8F848
:101EA0007CE5344B1B68002B7FF7B9AB1F4B204AF6
:101EB0001B6803EB830302EBC30303F10800FEF787
:101EC00033FBFFF7ACBBFCF7A5FC264B4FF47A7253
:101ED0001A6027E70EAA02EB8303274E53F8243C2F
:101EE0001B4856F8331005F053F83B6817480EAA04
:101EF00002EB830353F8243C06EBC306716838E712
:101F0000D4920020406100202092002054EE030073
:101F1000A4ED0300A8ED030070F1030098920020E7
:101F20000CEC030018780020F0770020DC920020F1
:101F3000408C0020FC92002040F1030044910020DE
:101F4000C4F0030034610020F47700200C780020F6
:101F50000078002045610020DC77002044610020EB
:101F60003E610020CC9200204CEC0300E077002082
:101F70003CEC030040910020ECFE0300D0920020D6
:101F80004FF47A730022AA49AA48FBF751F807E7F1
:101F90004FF47A730022A849A648FBF749F8FFE6F8
:101FA000092C7FF43CAB05232B60FEF779FCFFF78F
:101FB00036BB0BA8FCF744FB0BA9384604F0C6FF60
:101FC0000BA804F091FF4BE70EAA02EB83039B4A98
:101FD00053F8243C02EBC3033846596804F0D8FF99
:101FE0003EE72B283FF448ABFFF719BB1B2804D072
:101FF00000F0DF04482C7FF412AB8E48FBF738FC6E
:102000008F48FEF721FAFFF70ABB1B283FF4F8AB15
:1020100009283FF4F5ABFFF702BB20F02003DAB24A
:10202000442A67D04D2A40F0A180864E864AB36884
:1020300000241470002B3DD0844B9B68002B67D18B
:1020400003232B60FDF79AFC814908A804F012FED7
:1020500005F07EFA7F4C804B00F57A620021204625
:102060000D461A6002F0CAFB0E232A462946204676
:1020700001950093C82301F013FC2046012102F0D2
:10208000B7FB2A464FF0FF33744D636108A90BA8D4
:102090002023256105F020F90BA9204604F0A4F8BF
:1020A0000BA804F021FFFBF759FF08A804F01CFF60
:1020B000FFF7B5BA6A4CA768002FC1D169496348D8
:1020C00004F066FF3046674904F062FF2046654928
:1020D00004F05EFF6349644804F05AFF6349644AB0
:1020E0004FF0FF300323086017602B60FDF746FCBC
:1020F000FFF795BA5F4B1B68002B7FF785AA5E4BF5
:102100005E4A1B684B4803EB830352F833409FE55C
:1021100004232B60FDF732FC4D494E4D08A804F016
:10212000A9FD05F015FA4C4B00F57A6221462846C8
:102130001A6002F063FB0E232246214601942846D2
:102140000093C82301F0ACFB2846012102F050FBAC
:1021500022464FF0FF33414C6B6108A90BA82023A6
:102160002C6105F0B9F80BA9284697E7432A20D13E
:10217000354B3C493A4801221A7004F009FF3B4AAA
:102180004FF0FF31032311602B60FDF7F7FBFFF7E2
:1021900046BAB62827D136490A6893427FF73FAA44
:1021A00011329342A8BF13460B60FDF7E7FBFFF720
:1021B00036BAA0F13002092A3FF61FAA01460BA841
:1021C00004F0A6FD0BA92E4804F0C0FE0BA804F0F5
:1021D0008BFE2C4A4FF47A71072311602B60FEF7B7
:1021E00023FAFFF71CBA082810D1214C21680029D6
:1021F0007FF715AA01393046012205F0CFF8236890
:10220000013B2360FDF7BAFBFFF709BA1B283FD15A
:102210001D4B1B7801222A602BB1FCF7FBFA194BEE
:102220004FF47A721A60FCF701FF08A817490DE70E
:102230004CEC0300209200203CEC0300ECFE030079
:1022400088ED0300E4770020D09200200C78002075
:10225000E0F0030028780020F4920020040003003E
:10226000F47700200CEC030000780020346100209B
:10227000F077002040910020DC920020408C00206C
:1022800018780020CC92002044910020FCF003003C
:10229000A0F120025E2A3FF6C2A99F2B3FF7BFA9FB
:1022A0001A4D00222B6802A8314605F015F802A944
:1022B00008A804F005FD214605A804F029FD05A99C
:1022C00008A804F005FFB3682A68044631460BA845
:1022D00005F002F80BA9204604F0FAFE014630464C
:1022E00004F00AFE0BA804F0FFFD05A804F0FCFDB5
:1022F00008A804F0F9FD02A804F0F6FD2B680133EC
:102300002B60FDF73BFBFFF78AB900BFF077002099
:102310002DE9F04F064891B04FF4E1310446F4F74F
:102320003DF905F015F940F6B73605460BE000BF5C
:102330005863002005F00CF9401BB0424FF00A0032
:1023400006D805F011F92046F4F746F90028F1D037
:10235000C449C548C54CC64E04F018F8C549C24822
:1023600004F014F8C449C04804F010F8C349BE484A
:1023700004F00CF8C249BC4804F008F8C149BA4856
:1023800004F004F8C04801F0CFF800250127BF4B46
:102390000D938DF839708DF838500DF1340898E8A8
:1023A0000C00B94904F1240002F098FC294604F11C
:1023B000240002F06DFB41F2EC3341F2F43041F2C3
:1023C000FA3241F2FE31E5544FF0C80904F5A0534A
:1023D0002552A55024F8019062891A80294620468A
:1023E00001F0F8F941F28832FF2104F1640009F0AC
:1023F000CFF920460221E57602F0FAF9A44BA5496F
:1024000023616561204603F0F5FEA34B2361394645
:10241000204602F0EDF9A149204603F0EBFEA0486A
:1024200000F0BCFE5F219E4800F066FF9C4800F073
:102430006FFFB0F1000A0CBF3B462B46337040F0F3
:1024400050824FF6FF710C224B46CDE90021204609
:102450004B22514601F024FA3946204602F0C8F9D1
:10246000904B9149C4F814A02046236103F0C2FEAA
:102470008E49C4F814A0204603F0BCFE8C4A8D4956
:10248000874D022041F2F83BFAF7B0FB8A4934F954
:102490000B30019300274FF0C80AA1F140003B46E2
:1024A0003A46CDF800A0CDE90377029703F04CF946
:1024B00082483946A0F1240902F03CFE34F90B3081
:1024C000029709F16401CDE900A33A463B46A1F128
:1024D0004000CDE9037703F037F909F1240002F059
:1024E00065FD774B774A1F703378DFF8B8A1176026
:1024F00083BB4FF47A7005F037F85F21284600F06F
:10250000FBFE284600F004FF071E0CBF012300233A
:102510003370EED10C234FF6FF72CDE9003239460D
:10252000C8234B22484601F0BBF90121484602F07E
:102530005FF95D49C4F810A04846676103F05AFE90
:102540005A496761484603F055FEFBF707FD3378AB
:10255000002BCED05C4A5D495D4DDFF8A091022092
:10256000FAF744FB0C234FF6FF72CDE9003200214D
:102570005922C8233D4801F093F901213B4802F05C
:1025800037F90026534B236153496661374803F0FE
:1025900031FE52496661354803F02CFE50496661B0
:1025A000324803F027FE4F49304803F023FEFBF783
:1025B000D5FC2E780F27032304224FF4E13148463F
:1025C0002EB9FAF765FC2870002800F0D5800C239E
:1025D0004FF6FF72CDE9003200215922C82323486B
:1025E00001F05EF90121214802F002F9394B2E4930
:1025F0001E480026C4E9043603F0FCFD37491B4899
:10260000666103F0F7FD2B78002B40F0E880FBF7C4
:10261000A5FC40F6C41004F0A7FFFF2141F2883268
:102620002548314D09F0B4F8304A01271760254A92
:102630004FF47A731360FCF7F9FC2968002940F322
:10264000988007AE0A22304604F0BEFB31460AA845
:1026500004F036FB26490AA804F066FD254A264BFD
:1026600029684DE0A8EE0300586300202878002078
:102670004C910020B4EE0300F0EE030010EF0300D5
:1026800038EF030050EF03002C8C002000093D00C0
:102690002E001E001CFF030055003600E4FE030060
:1026A0000093002018004C0098EF030028FF03005F
:1026B00074EF030084EF03008C7800204C78002036
:1026C00024780020CC92002034FF030040FF030058
:1026D0009892002018005A00A0EF0300A8EA030017
:1026E0002CEC030048FF0300FC920020D89200204D
:1026F00070FF03000CEC0300E4E9030020920020CB
:10270000B942D4BF1146194604F00EFD814604F0CB
:102710001FFFBB4B00F57A620021BA481A600D46D4
:1027200002F06CF80E232A46294601950093B5481D
:10273000C82301F0B5F83946B24802F059F82A46E4
:102740004FF0FF33B04D6361494620234046256179
:1027500004F0C2FD4146AB4803F046FD404604F09C
:10276000C3FBFBF7FBFB0AA804F0BEFB304604F0FA
:10277000BBFB11B0BDE8F08F4FF4FA6004F0F4FE3B
:10278000013F2E787FF417AF002E7FF420AF0C238B
:102790004FF6FF72CDE9003231465922C8239948DD
:1027A00001F07EF80121974802F022F8974B9849F2
:1027B0009448C4E9043603F01DFD964991486661CA
:1027C00003F018FD94498F48666103F013FD9349A7
:1027D0008C4803F00FFD2B78002B3FF418AF07AEA9
:1027E0008F49304604F046FA324641F288338D492B
:1027F0008D48FAF71DFC0746002840F097800C230F
:102800004FF6FF72CDE900320146C82367227D48AA
:1028100001F046F801217B4801F0EAFF834B7C4937
:10282000C4E90437774803F0E5FC0023636180497D
:10283000744803F0DFFC7A49304604F0A9FB41F20A
:10284000883332467B497848FAF7F2FB002840F09B
:1028500098800C234FF6FF72CDE9003200217522DB
:10286000C823684801F01CF80121664801F0C0FF48
:10287000714B674963484FF00009C4E9043903F01C
:10288000B9FC6E495F48C4F8149003F0B3FC624988
:102890005C48C4F8149003F0ADFC6949594803F052
:1028A000A9FCDFF884914846FAF7EAFF4846FAF7B0
:1028B00089FC2B78634AC9F804200BB1FBF7EAFCCA
:1028C000FBF7A8FF304604F00FFBFBF747FB2B7824
:1028D000002B53D0002F40F6C41018BF4FF448709F
:1028E00099E64FF6FF710C224B46CDE900212046B8
:1028F0004B22294600F0D4FF3946204601F078FFEC
:10290000514B236142496561204603F073FC4F49F6
:102910006561204603F06EFC3F496561204603F087
:1029200069FC4B49204603F065FCA7E54949404650
:1029300004F0A0F94146304604F0A8FC8146404628
:1029400004F0D2FA0C234FF6FF72CDE900320021D9
:10295000C82367222B4800F0A3FF0121294801F07A
:1029600047FF324B2A4A2361B9F1000F4FF00003B1
:1029700039496361BCBF1F46114653E740F6C41096
:1029800049E636490AA804F075F90AA9304604F068
:102990007DFC002821DB0AA804F0A6FA0C234FF6E0
:1029A000FF72CDE9003200217522C823154800F0DE
:1029B00077FF0121134801F01BFF1F4B26491148E7
:1029C0004FF00009C4E9043903F014FC1B49C4F8B2
:1029D00014900C4803F00EFC63E72149404604F0D4
:1029E00049F94146304604F051FC8146404604F026
:1029F0007BFA0AA804F078FAB9F1000FCEDA28E7DA
:102A0000F4920020287800200400030018005A00E7
:102A1000A0EF0300A8EA03002CEC030090FF0300E2
:102A20000CEC030078EE03002092002018006800F0
:102A30005CFF030084EE030018007600A4FF03008F
:102A4000ACFF03000110030018004C0028FF030036
:102A500080FF030054FF030098EF030068FF0300AA
:102A60006CFF0300F0B593B0022300930622092304
:102A700098499948994C9A4F9A4E00F023FD10239B
:102A800000930A2205230B2102A802F0DBFAC822D8
:102A90001146204601F0F0F90CAB93E80300039ACD
:102AA000914B2360A2629DF810309DF8112084F8AC
:102AB0002C3084F82D209DF812309DF8132084F8D6
:102AC0002E3084F82F20059B069A23636263079BB0
:102AD000BDF82020A363A287099B9DF828202364CA
:102AE00084F844209DF829300B9A84F84530A2647C
:102AF00004F14C039DF8382083E8030084F8542047
:102B00009DF83A0084F856009DF83B0084F8570081
:102B10009DF83C0084F858009DF83D0084F8590069
:102B2000BDF83E00A4F85A001098B4F90A20E065F8
:102B30006E4B11989DF8391020666D4884F8551039
:102B4000D51783FB0213606241F2F830C821C5EB50
:102B5000A313215201FB132541F2F630002DC8BF0B
:102B6000013304F5A055235241F2EF3000232A80AF
:102B700041F2EE32235441F2EC30A35441F2F432EC
:102B8000235441F2FA30A35241F2FC32235241F273
:102B9000FE30A352574A215207F108005149C7E9B4
:102BA000002304F067F807F1140407F174052046C8
:102BB00031460C3404F05EF8AC42F8D10025A7F899
:102BC00074504D4A4D4946484D4C464E07F0B2FFB1
:102BD00004F5A0673146204604F04CF804F10C00DF
:102BE000314604F047F8283444F8105C24F80C5CB3
:102BF000BC42EFD13B4D404A4249434C002007F0D4
:102C000099FF2946414804F035F82946404804F028
:102C100031F829463F4804F02DF829463E4804F093
:102C200029F8354A3D49394807F084FF29463C4890
:102C300004F020F8304A3B49394807F07BFF294629
:102C4000394804F017F82C4A3649374807F072FF24
:102C50002946364804F00EF8274A3249334807F02F
:102C600069FF2946324804F005F8234A2D493048C7
:102C700007F060FF29462F4803F0FCFF1E4A294950
:102C80002C4807F057FF04F1C0062946204603F000
:102C9000F1FF04F10C002946183403F0EBFFA642C3
:102CA000F3D1154A2449002007F044FF0D49234879
:102CB00003F0E0FF104A1B49204807F03BFF094999
:102CC0001F4803F0D7FF0C4A16491D4807F032FF92
:102CD00013B0F0BD003002402C8C0020287800207A
:102CE000209200200CEC03004CEB03001F85EB51FD
:102CF000B406040064A3002000600020F1DE02009E
:102D0000488C002015DF0200589100209C92002082
:102D1000A8920020B4920020C0920020CDDE0200D4
:102D20000C780020E96E0300E4770020F47700209F
:102D300000780020E892002039DF0200D0770020E0
:102D400018780020F0B52D4C2368DB0785B048D5F6
:102D50002B4D2C4E2C4F2846F3F7CAFA98B1284633
:102D6000F3F7ECFAC4B20D2C0FD00A2C0DD0082CBE
:102D7000B3681ED07F2C1CD0C72B1BD92846F3F775
:102D8000B7FA0028EBD105B0F0BD284603F0E4FA0D
:102D9000314601A803F094FF01A804F0A5FB039BB2
:102DA0008BB901A804F0A0F83946304604F0F0F8D9
:102DB000D1E763B92146284603F02EFA2146304672
:102DC00004F064F9C7E701A8FBF756FBE9E70F49F0
:102DD000284603F00FFAB1683046013904F0D6FAFC
:102DE000B9E70949074803F045FF0123084A0949A3
:102DF0000448236007F09EFEAAE700BFB4770020D6
:102E000058630020B87700200CEC0300B8EB0300F7
:102E100000600020E96E03002DE9F047A04C237804
:102E20008CB0002B00F0A2809E4E9F4D04F090FBD2
:102E30002B68C01A41F28733984200F28D8004F06B
:102E400087FB9A4C3368227898422CBF00270127D1
:102E500012B1984280F0D880954E964B27701B682F
:102E6000032B23D03378002B33D1934B1B7853B9EA
:102E70009248FAF75BF8FFF765FF0A2004F074FB4D
:102E80000CB0BDE8F08701225F218D4800F0EAF91F
:102E90008B4800F02FF90028EAD0894800F02EF97D
:102EA000C0B20028E4D0FEF787FBE1E7854B1B6842
:102EB000062BD7D1844C04F04BFB236842F20F72EF
:102EC000C01A9042CED904F043FB2060FDF77AF897
:102ED000C8E704F03DFB7D4B1B6840F6C312C01AE7
:102EE0009042C2D97A4D7B4A7B49022041F2F838A0
:102EF000F9F77CFE794A784902200024F9F776FE3A
:102F0000C82735F9083001932246234605F16401AC
:102F100005F12400CDE903440294009702F014FC6B
:102F2000214605F1240002F005F935F90830029434
:102F3000CDE900732246234605F1640105F1240022
:102F4000CDE9034402F000FC05F1240002F02EF864
:102F5000634B34701C6088E704F0FAFA2378286029
:102F6000002B3FF46CAFFBF795F968E7534D28460B
:102F7000F9F7D4FF207000283FF456AF2846FAF73F
:102F80007FFC2846FAF71EF92378564A6A60002B20
:102F90007FD1FBF73FFC4B4B1B68012B7CD0524988
:102FA0004B4D404E06A803F065FE04F0D1FA002117
:102FB00000F57A6328460F46336001F01FFC0E23AC
:102FC0003A462846019739460093C82300F068FC2A
:102FD0002846012101F00CFC3A464FF0FF33434FE5
:102FE0006B6106A9202309A82F6104F075F909A9CE
:102FF000284603F0F9F809A803F076FFFAF7AEFFC8
:1030000006A803F071FF10E70021314801F0F6FB3C
:1030100004F09EFA3368984238D2DFF8B4802F4A21
:103020002D49234E41F2F83A02200025F9F7DEFD42
:103030004FF0C80938F90A3001932A462B4608F1A7
:10304000640108F12400CDE903550295CDF8009004
:1030500002F07AFB294608F1240002F06BF838F9F7
:103060000A300295CDE900932A462B4608F1640107
:1030700008F12400CDE9035502F066FB08F12400B5
:1030800001F094FF164B35701D60E6E6FAF7ECFF91
:10309000C3E7FBF7FFF87CE7FBF7C8FF7FE700BF5C
:1030A00098920020F4920020C4770020C877002076
:1030B00024780020E07700204C910020209200200E
:1030C00000930020D8920020CC770020509100205F
:1030D0002878002014FF030084EF030074EF03003E
:1030E000CC9200200110030004FF03000400030041
:1030F000704700BF203003F0CFB900BF203003F08D
:10310000B9B900BF203003F0D1B900BF38B5437F53
:103110000BB9002038BD00F6280420460D4603F008
:10312000CFF90028F5D12046294603F08BF901207C
:1031300038BD00BF2DE9F0475AB30646DFF8588086
:1031400033681B684D1E434517464FF0000400F6D8
:10315000280915F801AF16D1737F13B92046BDE8D1
:10316000F087484603F0ACF90028F7D151464846AD
:1031700003F068F90134A742F0D0336815F801AFC5
:103180001B684345E8D05146304698470028F1D1A6
:10319000E4E71446E2E700BF0D31030010B4837E7C
:1031A0001F2B4FF0010288BF03F01F03C27603F507
:1031B000E0738CBF284A4FF0A04240F20C6142F805
:1031C0002310437E1F2B86BF03F01F03224A4FF0BC
:1031D000A04203F5E07340F20C6142F8231003694A
:1031E0004FF0CC72C3F8242503690622C3F80025EA
:1031F0000369827EC3F808250369427EC3F80C2563
:1032000090F91830002B14DA144A03F00F031A4413
:103210006023137690F91830002B07DB104903F078
:103220001F0001225B09824041F823205DF8044B16
:1032300070475909603103F01F030124084A04FA5A
:1032400003F342F8213090F91830002BDCDB1344F3
:10325000602283F80023DDE700030050FCEC00E06F
:1032600000E100E00AB910467047F8B5054600F1E4
:103270002007384614460E4603F0F6F82B69C3F8CB
:1032800088652A69012313622A69C2F834752A699C
:10329000C2F838452A6913602B6902E0D3F824216B
:1032A0001AB9D3F84C21002AF8D00022C3F84C21D7
:1032B0002B6902E0D3F824211AB9D3F85C21002A43
:1032C000F8D00022C3F85C212B6901225A612A69D7
:1032D000D2F80431002BFBD00021C2F804112B6975
:1032E000D3F8242112B1C3F824112B69D3F83C057B
:1032F000C5F82008C0B2F8BD10B541F2300304464D
:1033000000F62800E15403F0AFF80123637710BD05
:1033100070B541F230030269C15C00234377C2F803
:1033200088150269C2F80431036901261E62036927
:1033300000F628050446C3F84455284603F0ACF8C7
:103340002369C3F8480523699E60236902E0D3F826
:1033500024211AB9D3F85021002AF8D00022C3F84A
:103360005021284603F098F8236918BB0022C3F8BF
:103370006021236901225A612269D2F80431002BAD
:10338000FBD00021C2F804112369D3F8240160B1F5
:10339000C3F824112369D3F8C404C3F8C404022871
:1033A00003D0042814BF0420032070BDD3F82421C7
:1033B000002ADBD1D3F86021002AF7D0D6E700BF7E
:1033C00070B52B4C6369D3F86421002A3DD1D3F842
:1033D0006821F2B9D3F8042172B1227F0021C3F829
:1033E00004114AB141F23802D3F83C05A258C4F89E
:1033F00020080AB190476369D3F8242142B1002222
:10340000C3F82421D3F8D024C3F8D02401225A6170
:1034100070BD0022C3F86821164822770123637724
:1034200003F022F841F23403E35803B1984763698B
:103430001048C3F844050023637703F02DF863694F
:103440000122C3F848055A63C4E7002204F12006AC
:10345000C3F8642101253046257703F005F8636938
:103460004FF40062C3F83465C3F838251D63AEE736
:1034700000930020289B002038B50E4C0E4A2046B1
:103480004FF47A7340F8202B0025C4E9015302F071
:10349000CDFF04F6280002F0C9FF084A084B657703
:1034A000D2E90721032020766176A276C4E90433AD
:1034B00038BD00BF00930020F4FF0300080704009C
:1034C0000030004070B5002444749DF81050C9B11C
:1034D0000F4E0160B142846012D00E4CA14204BF75
:1034E000012101710C4951F82220027351F8233057
:1034F000837351F8253043730023C373037470BD85
:103500000471EFE7054B064A0648242108F066F8E7
:103510000030024000F002400807040010000400E0
:103520007800040020000400437C03B1704730B5EC
:10353000012285B042740321FF22019304468DF8D5
:1035400003208DF806208DF80510827B417B8DF8D5
:1035500000204FF080451A4602958DF80110057B3A
:10356000C3736946037403938DF8025006F048FC58
:10357000A37B1F2B86BF03F01F030C4A4FF0A04212
:1035800003F5E07340F2013142F82310637B1F2BF7
:1035900086BF03F01F0305494FF0A04103F5E07318
:1035A00040F2033241F8232005B030BD0003005043
:1035B00010B5044606F06CFD0023637410BD00BF17
:1035C00010B483B002AB03E906009DF805309DF806
:1035D0000410026813F1FF3318BF012300240229ED
:1035E000C2F800451C460374C17332D003292DD0A4
:1035F000012925D0224B0099B3FBF1F3B3F5007FED
:10360000C2F854451FD2FF2B0FD87F2B24D83F2B55
:1036100025D81F2B26D80F2B27D8072B02D81949BE
:103620008A4225D04FF0004101E04FF0806107232E
:10363000C2F82415C2F8003503B05DF8044B70479A
:1036400043F00204D6E74FF00071F0E743F00604C0
:10365000D0E743F00404CDE74FF00061E7E74FF017
:103660008051E4E74FF00051E1E74FF08041DEE7A1
:10367000042B34BF4FF0A0514FF02061D7E700BFBB
:103680000090D00300F0024003680022C3F8002538
:10369000704700BF002B3AD02DE9F047814684B037
:1036A0000D4617461E464FF6FF784FF0000A464576
:1036B000344628BF4446002D14BF234600230095FE
:1036C0000297361B01938FB1002269464846039446
:1036D00006F040FD05B125442744002EE7D104B093
:1036E000BDE8F087CDE900550295361B00226946FA
:1036F0004846CDF80CA006F02DFD4DB946453446A0
:1037000028BF4446002EEDD104B0BDE8F0877047D5
:103710002544002ECBD1E2E710B586B006AB0124DC
:1037200003F8111D002202A90293CDE90343059479
:1037300006F010FD9DF8070006B010BD70B41049EA
:10374000104A1148114BD568946808601069D66C0E
:103750000D738C730125946C4873106D0D710022EC
:103760000B4D1E739C735873CA730A741A71DA7303
:103770001A741D604A748A605A749A6070BC7047EB
:103780003CA300200807040000F0024050A30020E2
:1037900000300240704700BF10B404682469A4469A
:1037A0005DF8044B604700BF30B40468BDF80850B2
:1037B0000295A46BA44630BC604700BF30B40468D7
:1037C000BDF808500295E46BA44630BC604700BFCA
:1037D000704700BF01F0030101298176B0F908307C
:1037E000B0F90A2004D0032902D08381C281704736
:1037F0008281C381704700BF2DE9F04385B09942B3
:1038000004460768BDF93060BDF8348023D0B24269
:103810001D4611D07B69DFF884904B4536D1CDE948
:1038200000682B46BE6A2046B0472368DB6A4B45DA
:1038300027D105B0BDE8F08399421FDDCDF8308077
:103840000131FE6B4B1B1BB229462046B44605B026
:10385000BDE8F0436047B2420CDDCDF83080531C28
:10386000BD6B9B1B1BB232462046AC4605B0BDE883
:10387000F0436047334616461A46EEE70D461946B2
:10388000DCE7204605B0BDE8F0431847CDE9021259
:1038900098472768DDE90212C1E700BF95370300AA
:1038A0002DE9F04FD0F800C01F46DCF814601A4B29
:1038B00083B09E420546BDF93090BDF834A00C4659
:1038C00090461FD12744BC4214DADFF850B0DCF830
:1038D0002060CDF800A05E4521464B464246284672
:1038E00001D1DCF83860013424B2B047BC42D5F8CD
:1038F00000C0ECDBDCF82C30074A934206D103B061
:10390000BDE8F08FB047D5F800C0DBE7284603B02C
:10391000BDE8F04F184700BF95370300A9370300F3
:103920002DE9F04FD0F800C01D46DCF814A02D4B57
:1039300083B09A450446BDF93090BDF8347088468E
:10394000164641D1DCF824B0DFF89CA00097D3459F
:1039500008BFDCF83CB02B46324641462046D847EB
:103960002368D3F824B0009709F1FF323244D345DD
:1039700012B232D1D3F83CA041462B462046D04764
:103980002368DFF868A0D3F820B00097D34508BFBC
:10399000D3F838B032464B4641462046D8472368D4
:1039A000691E1D6A00975545414408BF9D6B32460C
:1039B0004B4609B22046A84723680A4ADB6A93426D
:1039C00006D103B0BDE8F08FD047D4F800C0B9E706
:1039D000204603B0BDE8F04F18472B46414620462D
:1039E000D847CDE795370300BD370300A93703005B
:1039F0002DE9F04F85B01E46BDF93850BDF83CA00A
:103A0000AB1A002B9046A6EB0102B8BF5B42002A1E
:103A1000B8BF52429342074679DCAE464446AC46B4
:103A2000404635468846764621469946A8455CDD9F
:103A3000A8EB0504A4B2A0EB0C0002944FF6FF7CA7
:103A400024B204EBD47480EAE079B142C8BF4FF0ED
:103A5000010CA9EBE0796410CDF80CC09342304B17
:103A600001931FFA89F933DCD7F800C0019BDCF819
:103A700018B09B452946534608BFDCF810B0A4EBAC
:103A8000090432463846D847A3B21CB20135002C8F
:103A90002DB205DA039A1644029AD41836B224B22B
:103AA000A845E1DA05B0BDE8F08FDCF810B0D847E2
:103AB000A4EB0904A3B21CB20135002C2DB205DA27
:103AC000039A1644029A9C1836B224B24545E9DCA2
:103AD000D7F800C0019BDCF818B09B452A46534636
:103AE00031463846E1D0D847E2E7A5EB080080B27E
:103AF00004B204EBD474B14202904FEA6404284645
:103B00000E46454607DA012103918046A6E7B446F2
:103B1000084691468AE74FF6FF71039180469DE77C
:103B2000993703002DE9F04FD0F800C0DFF888E0A6
:103B3000DCF8406083B07645BDF93080BDF834A034
:103B400028D191461F461B4ADCF8143093420546A3
:103B50000C462BD12744BC4214DADFF860B0DCF805
:103B60002060CDF800A05E45214643464A462846DF
:103B700001D1DCF83860013424B2B047BC42D5F83A
:103B800000C0ECDBDCF82C300A4A934209D103B0C8
:103B9000BDE8F08FB446CDE90C8A03B0BDE8F04F24
:103BA0006047284603B0BDE8F04F18479847D5F85E
:103BB00000C0CFE795370300A1380300A937030001
:103BC0002DE9F04FD0F800C0284BDCF84040B0F9A8
:103BD0000C80B0F90E709C4283B0894633D1DCF87A
:103BE0001430DFF88CB05B4505463AD1B8F1000FD0
:103BF00022DD0024DFF87CA0A64609E0DCF838606E
:103C00000134B0470FFA84FEF045D5F800C013DD4B
:103C1000DCF82060CDF80090564571463B464FF0E9
:103C200000022846EAD001340022B0470FFA84FE91
:103C3000F045D5F800C0EBDCDCF82C305B450BD14F
:103C400003B0BDE8F08F0022CDE900714346114674
:103C5000A04703B0BDE8F08F284603B0BDE8F04FA1
:103C600018479847D5F800C0C0E700BFA138030047
:103C700095370300A93703002DE9F04FD0F800C0B5
:103C80001646DCF81450304A85B095420746BDF818
:103C900038B00C464DD19BB203F1FF39DCF8285007
:103CA0002A4A1FFA89F909EB040895420FFA88F8A5
:103CB00010D0CDE9006B4346324621463846A8472E
:103CC000D7F800C0DCF82C301F4A934237D105B03A
:103CD000BDE8F08F444526DDC3F101031FFA83F9E7
:103CE0000FFA89F5234605EBD57544466D109846C5
:103CF000174BDCF818A09A4532465B4621463846F9
:103D00000FD1DCF810A0D0470134002D24B203DA23
:103D1000013E4D4436B22DB2A045D7F800C0E7DAD7
:103D2000D0E7D047F0E70FFA89F505EBD5756D10B0
:103D3000DEE70393A847D7F800C0039BABE73846FC
:103D400005B0BDE8F04F184795370300F13903007F
:103D5000993703002DE9F04FD0F800C09046DCF809
:103D60001440424A85B094420646BDF838900F464A
:103D70006ED1DCF828503E49013B1FFA88F213440B
:103D80009BB28D421CB250D1444528D066DAD31A7A
:103D90009BB21DB205EBD575A04503934FEA6505AF
:103DA0003BDBDFF8D0A010E0DCF810B0D8470134DE
:103DB000002D24B2ABB204DA039A013F9D183FB242
:103DC0002DB2A045D6F800C027DBDCF818B0D345EB
:103DD0004B46224639463046E6D0D847E7E7DFF87B
:103DE00094A03D464FF00008BB46DCF818705745DC
:103DF000224608BFDCF8107029464B463046B847CB
:103E00000135B8F1000FB8BF04F1FF342DB2B8BFCF
:103E100024B2AB45D6F800C0E7DADCF82C30134A00
:103E2000934210D105B0BDE8F08F42463B46CDE944
:103E3000004939463046A847D6F800C00B4ADCF89E
:103E40002C309342EED0304605B0BDE8F04F184715
:103E50000393A047D6F800C0039B8AE7104621468B
:103E60001A4644460346884691E700BF953703004B
:103E7000F13903009937030070B4002461F30F0493
:103E800062F31F44094A02604FF0FF36002240F2FD
:103E9000011501218460C46046610583C1764260DA
:103EA000026182760277026270BC7047C00504002E
:103EB0002DE9F04F91B01F46BDF96840BDF8746020
:103EC0000396A242BDF96C50BDF970A00E92064651
:103ED00040F3CD805245104600F31281D6F800E041
:103EE000904ADEF81430934240F0D480544500F0FC
:103EF000DA8089B2BFB2DDF838900A91ADB2A1EB99
:103F00000708A5EB070C0FFA88F01FFA89FBA2B28D
:103F10001FFA8AF36D1A0B900FFA8CF0D145ABEBB8
:103F200002010490A3EB020228B2A3EB0B031BB225
:103F3000079018BF0BF1FF300D934B4614BF03B22F
:103F40004B4609B212B29C420C91069208930F9410
:103F500000F3DD804FF00008734B0593C1460997CD
:103F60000BE0039D0095DEF83C50A8470134089B08
:103F7000D6F800E024B2A34229DB069998FBF1F5BC
:103F800009990C9B99FBF3F30D440B440B991BB25D
:103F90002DB289440499AB4222463046884402DC63
:103FA00029461D460B4603F1010CDEF824B0059F9F
:103FB000ACEB050C0FFA8CFCBB4529466346D0D010
:103FC000039B0093224663463046D847CEE70F9BBB
:103FD000099FE51A049B03FB05F50E9BA4EB030860
:103FE000079BA24503FB08F839DB4F4B0593089765
:103FF0000AE0039F0097DEF83C90013424B2C847E2
:10400000A245D6F800E02ADB069995FBF1FC0A9957
:104010000D9B98FBF3F30B4408998C4407991BB252
:104020000FFA8CFC884404996345224630460D44BF
:1040300002DC61469C460B4603F1010BDEF824903E
:10404000059FABEB0C0B0FFA8BFBB94561465B464A
:10405000CFD0039B009322465B463046CDE7DEF887
:104060002C30304A934240D111B0BDE8F08F544516
:1040700040DD0E9B534522463B464ADDD6F800E024
:1040800054462F4692461D46264ADEF81430934287
:104090003FF42CAF0491304698475445D6F800E0E1
:1040A00004997FF426AF8F4202DD3B460F46194646
:1040B000AF4204DCA942B8BF294609B23D46DEF84A
:1040C0002470194A01319742039A0092A1EB05032B
:1040D0001BB208BFDEF83C70224629463046B8477E
:1040E0003368104ADB6A9342BED0304611B0BDE857
:1040F000F04F184722460F460E9C0E921946EDE6E9
:1041000022463B4604460F460E921946B1E700256B
:1041100063E70E9CCDF838A00F46924629461D460F
:10412000DCE600BF95370300BD3703002DE9F04FF3
:1041300097B083460D91016ABDF880000290BDF8EA
:10414000840003909DF8880006909DF88C000890EC
:104150000592002900F0EB800A7AD1E900109B1A41
:10416000DBB200EBC30230F833300793937804934B
:10417000D378109392F905301593069B0A91012B81
:1041800092F9064040F2CB80BDF954300E9323B231
:104190001293AE4BDBF800C009931A46DCF81430DA
:1041A000934240F04D81109B002B00F08B80BDF8B6
:1041B00014301393002223440C92149392460B92D2
:1041C000049B002B76D00B9B129A089913981A44E3
:1041D00002FB01021499CB181BB211930FFA82F95A
:1041E0000C9B002509E00135049AEDB24FEA4A0A1A
:1041F000AA425FFA8AFA434658D95A1C5B075FFA0B
:1042000082F806D1079A0A99531C9BB211F802A0B2
:1042100007931AF0800FE6D0069ABDF83430012AD1
:1042200059D00E9A0699DCF81C60BDF9207054191B
:10423000874A04FB0134964224B20BB260D1DCF809
:104240004060844A96425BD1DCF81430099A93426C
:1042500060D1069B2344A34203931DDD7E4B05934F
:104260000F950BE0029D0095DCF83860B0470134F3
:10427000039BDBF800C024B2A3420CDDDCF8206015
:10428000059DAE4221463B464A465846EAD0029B2F
:1042900000933B46EAE70F9DDCF82C30099A9342E5
:1042A000A1D058469847DBF800C09CE70C9B13440C
:1042B000DBB20C930B9B109A0133DBB29A420B9347
:1042C0003FF67EAFDCF82C30099A934240F0B38081
:1042D00017B0BDE8F08F089A012AA2D1159ADCF830
:1042E000184013445D4A5919944208BFDCF8104045
:1042F000029B119A09B25846A047DBF800C072E74A
:10430000029A2146CDE9007258464A46B047DBF88A
:1043100000C068E758469847DBF800C099E7089B5B
:10432000012B3FF631AF002312930E9331E7BBF917
:104330000C200D998A42CBDDBBF90E2005988242F4
:10434000C6DDBDF81840062212FB0412002ABFDDAC
:10435000089A00EBC202002ABADD9BF81C201AB9A9
:10436000AF2B84BF0133DBB2384ADBF800C00992BF
:104370001146DCF814208A4240F08C81384ABDF89E
:1043800034100F9103EB8303D3180D93BDF818304D
:104390000E9300230B910C930D9ABDF92C3012F85B
:1043A000018B0D92069A07939F1808230493002609
:1043B000B94618F0010F55D00699BDF8142001290F
:1043C000B3B200F0F2800899DCF81C4011FB03F353
:1043D00013441F4A94421DB20FFA81FABDF91830F6
:1043E00040F00681DCF840401A4A944240F00081D7
:1043F000DCF81430099A934240F02281079C4C4526
:1044000070DA0A960AE0029E0096DCF838700134F1
:1044100024B2B8474C45DBF800C062DADCF8207003
:104420000D4EB742214653462A465846EBD0029BD2
:1044300000935346EBE7584617B0BDE8F04F1847D6
:1044400058469847DBF800C0ADE600BF953703003B
:10445000253B0300A1380300A93703009937030067
:10446000B8000400DDE90232934241D00699BDF85C
:1044700014200129B3B200F0C5800899DCF81C4073
:1044800011FB03F313448F4A94421DB20FFA81FAD1
:10449000BDF9183040F0CD80DCF840408A4A9442A3
:1044A00040F0C780DCF81430099A934240F0CD8088
:1044B000079C4C4516DA0A96DCF82070834EB7420A
:1044C000214653462A46584640F08680039E009671
:1044D0000134DCF8387024B2B8474C45DBF800C032
:1044E000EADB0A9EDCF82C30099A934240F0A38064
:1044F000049B013B013613F0FF0376B24FEA5808E4
:1045000004937FF456AF0B9B0E9A13440C9A01321E
:104510009BB2052A0C920B937FF43EAFDDE9023289
:1045200093423FF4CFAE069B012B00F0A0800E9B80
:104530000F99DCF81C60634A03EB83031944089B62
:1045400096424FEAC3050CB2BDF9183040F0A9807D
:10455000DCF840605C4A964240F0A380DCF81430FE
:10456000099A934240F0A980069B23449C421E4630
:1045700070DADFF85881DDF814900AE0039F0097A5
:10458000DCF83870013424B2B847B442DBF800C01C
:1045900060DADCF82070474521462B464A465846EB
:1045A000ECD0039B00932B46ECE7089901297FF49C
:1045B0000AAF13440C990F9ADCF8184051181AB23C
:1045C000434B9C4208BFDCF81040029B09B258469E
:1045D000A047DBF800C08BE7039B009301345346F0
:1045E00024B2B847A145DBF800C03FF765AF78E7D4
:1045F000029A0799CDE900A258462A46A047DBF85F
:1046000000C075E7089901297FF437AF13440C996E
:104610000F9ADCF8184051181AB22D4B9C4208BF73
:10462000DCF81040039B09B25846A047DBF800C0F5
:104630005EE7039ADDE758469847DBF800C057E786
:1046400058469847DBF800C0D8E658469847DBF84C
:1046500000C02DE7DCF82C30099A93423FF435AEC8
:1046600058469847DBF80030099ADB6A2DE6089B2C
:10467000012B7FF45CAF0F9900920531059ADCF8AD
:104680002040082309B25846A047DBF80030099AB9
:10469000DB6A1AE6049358469047DBF800C0049B97
:1046A0006CE6039A2146CDE900525846059AB04778
:1046B000DBF80030099ADB6A07E658469847DBF8D2
:1046C00000C051E7253B0300A1380300A9370300D0
:1046D000993703002DE9F041036A84B00446002BAA
:1046E0004FD00A2941D00D2947D01A7A914244D39C
:1046F000987A884241D38A1A5D68B4F91060207EA6
:10470000D2B205EBC205AF7857B3EA7842B394F85A
:104710001BC0B4F9122094F819E0BCF1000F0FD0BF
:1047200095F905C0B4F90C80674400FB076747455D
:1047300006DD002626821B7B03FB0E2212B262825C
:10474000B4F816C0CDF80CE0A78A02900B462046BC
:104750003146CDE9007CFFF7E9FCB4F91060207E1A
:10476000297901FB0060208207E0002202821B7B86
:10477000428A417E01FB03234382012004B0BDE84D
:10478000F0810A292CD00D29F7D0C67EB0F910701F
:10479000B4F91220007E657E66B10626B4F90CC01D
:1047A00016FB0076664505DD02EBC50212B2628299
:1047B00023821F46E68A0395A58A02900B4620466F
:1047C0003946CDE90056FFF7B1FC237E228A03EB80
:1047D000430302EB43030120238204B0BDE8F081D0
:1047E000428A417E038202EBC1034382C5E700BFD8
:1047F000002908BF0121017641767047036A39B16B
:104800000BB101627047438A0162063343827047ED
:10481000002BF6D0438A0162063B4382704700BFFB
:1048200030B4BDF90850BDF90C40029503949DF8D1
:1048300010509DF81440049505949DF81850046894
:1048400006956469A44630BC604700BF704700BF4E
:1048500003681B69184700BF30B4BDF90850BDF9A3
:104860000C40029503949DF810509DF81440049557
:1048700005949DF81850046806956469A44630BCF8
:10488000604700BF30B4BDF90850BDF90C40029537
:104890000394BDF91050BDF9144004950594BDF979
:1048A0001850BDF91C40069507949DF820509DF8BE
:1048B0002440089509949DF8285004680A95246AB4
:1048C000A44630BC604700BF704700BF704700BFC0
:1048D000704700BF704700BF704700BF10B5044667
:1048E000406AFEF765FEB4F90C00002802DB0021E7
:1048F00006F010F8B4F90E00002802DB002106F0E3
:1049000009F8B4F91000002804DB0021BDE81040CC
:1049100006F000B810BD00BF38B504469DF8100081
:10492000E386002384F8302084F8312084F82100C5
:1049300084F8323084F8333084F8343084F83530F9
:10494000002940F09B80B4F90C0000280CDB012109
:1049500006F064F80121B4F90C0005F0DBFF012139
:10496000B4F90C0006F05AF8B4F91000002829DB5D
:1049700094F82150002D64D1012106F04FF8012157
:10498000B4F9100005F0C6FF0121B4F9100006F0DB
:1049900045F80A2002F0E8FD2946B4F9100006F0B7
:1049A0003DF8E08E02F0E0FDB4F91000012106F0C0
:1049B00035F8E08E0A2838BF0A2002F0D5FD002322
:1049C00084F83430606AFEF7AFFDB4F910000028B7
:1049D0000CDB012106F022F80121B4F9100005F0EA
:1049E00099FF0121B4F9100006F018F8B4F90C0091
:1049F00000280CDB012106F011F80121B4F90C00AC
:104A000005F088FF0121B4F90C0006F007F8B4F9AD
:104A10000E0000280CDB012106F000F80121B4F99A
:104A20000E0005F077FF0121B4F90E0005F0F6FF46
:104A3000B4F91200002820DB0021BDE8384005F061
:104A400069BF002105F0EAFFB4F91000012105F06B
:104A500061FF0021B4F9100005F0E0FFE08E02F0E4
:104A600083FDB4F91000022105F054FFE08E0A28FE
:104A700038BF0A2002F078FDA1E738BD0348F1F7FE
:104A80008DFD012384F820305DE700BF58630020CE
:104A900030B50268674B55689D4283B05CD10446CF
:104AA000002340F201150A2084F8213084F83430C4
:104AB00084F835302563E086002940F0B480B4F9ED
:104AC0000C00002880F28580B4F9100000282ADB51
:104AD00094F82150002D40F08A80012105F09EFFBE
:104AE0000121B4F9100005F015FF0121B4F91000FF
:104AF00005F094FF0A2002F037FD2946B4F91000B2
:104B000005F08CFFE08E02F02FFDB4F910000121BA
:104B100005F084FFE08E0A2838BF0A2002F024FD49
:104B2000002384F83430606AFEF7FEFCB4F910000C
:104B300000283CDAB4F90C00002826DAB4F90E009B
:104B4000002810DAB4F9120000280ADB002103B0B3
:104B5000BDE8304005F0DEBE0023009301220A23A9
:104B6000A84703B030BD012105F058FF0121B4F979
:104B70000E0005F0CFFEB4F90E00012105F04EFF46
:104B8000B4F912000028E1DAEBE7012105F046FF55
:104B90000121B4F90C0005F0BDFEB4F90C000121AF
:104BA00005F03CFFB4F90E000028CBDBDBE7012168
:104BB00005F034FF0121B4F9100005F0ABFEB4F9A3
:104BC0001000012105F02AFFB4F90C000028B5DB24
:104BD000DBE7012105F022FFB4F90C00012105F00B
:104BE00099FE0121B4F90C0005F018FF6CE70021D3
:104BF00005F014FFB4F91000012105F08BFE00212F
:104C0000B4F9100005F00AFFE08E02F0ADFCB4F933
:104C10001000022105F07EFEE08E0A2838BF0A202F
:104C200002F0A2FC7CE70448F1F7B8FC012384F809
:104C3000203044E71949030058630020F0B4BDF860
:104C40001C50BDF91070BDF82040002665F30F061A
:104C5000002561F30F0562F31F45002263F30F0285
:104C60001B4B9DF82810036064F31F469DF82C3001
:104C7000466067F31F429DF830609DF824704172D2
:104C80008372BDF91410134B0261069A0772C67243
:104C9000C560114F8182012640F20115C261436255
:104CA0004FF6FF7200230A21876280F82D600563AA
:104CB000C18680F8203080F82C3080F8343080F8BD
:104CC0003530C0E90E33C2820283F0BC704700BFAA
:104CD0002C0604003CA3002000093D0010B483B062
:104CE0006C4684E80C00A38841628262838503B02D
:104CF0005DF8044B704700BF38B5B0F91030002B99
:104D00002ADB90F821500446184635BB012105F0F6
:104D100085FE0121B4F9100005F0FCFD0121B4F974
:104D2000100005F07BFE0A2002F01EFC2946B4F9B3
:104D3000100005F073FEE08E02F016FCB4F91000CE
:104D4000012105F06BFEE08E0A2838BF0A2002F030
:104D50000BFC002384F8343038BD002105F05EFEE2
:104D6000B4F91000012105F0D5FD0021B4F91000BF
:104D700005F054FEE08E02F0F7FBB4F910000221BA
:104D800005F0C8FDE08E0A2838BF0A2002F0ECFBCF
:104D9000DFE700BF2DE9F843B0F91230002B6EDBDE
:104DA00004460120894602F0DFFB3E4BDB68D90157
:104DB0005AD53D4B1A68D20756D55D68AD09394FB3
:104DC000DFF8F480384E05E07368E2699B095B1BED
:104DD000934225D8B4F9120005F03CFEB4F9143022
:104DE000984221D1A36B002B57D0E06B9847B4F9C0
:104DF000120005F02FFEB4F91430984214D1FB686C
:104E0000DB0102D53368D807DED403F01BFEA0FB1C
:104E10000801830A43EA8153E2695B1B9342D9D9B3
:104E20002249234801F0B2FAB9F1000F25D094F8D5
:104E3000203013B31B4BDB68D90125D51A4B1A68F8
:104E4000D20721D55B689B09494619485D1B01F0D3
:104E5000D1F91849164801F0CDF929460A2214481B
:104E6000BDE8F84301F0AABA03F0ECFD124BA0FB39
:104E70000301850A45EA8155A1E7BDE8F88310469C
:104E8000BDE8F84302F070BB03F0DCFD0A4BA0FB69
:104E90000301830A43EA8153D6E7012002F064FB51
:104EA000A5E700BFF0ED00E0001000E010060400F0
:104EB000586300202006040040420F0038B500F17E
:104EC000280304460D46406A93E80600FEF778FB87
:104ED000B4F90E00002802DB002105F09FFDB4F9B3
:104EE0000C00002802DB002105F098FD2946606ACD
:104EF000FEF712FCB4F90C00002802DB012105F0DA
:104F00008DFDB4F90E00002802DB012105F086FDBD
:104F1000606ABDE83840FEF7B7BB00BF38B500F1A6
:104F2000280304460D46406A93E80600FEF748FB56
:104F3000B4F90C00002802DB002105F06FFD2946C2
:104F4000606AFEF7E9FBB4F90C00002802DB0121DE
:104F500005F064FD606ABDE83840FEF795BB00BF10
:104F600000F1280310B5044693E80600406AFEF7F6
:104F700027FBB4F90C00002804DB0021BDE8104039
:104F800005F04CBD10BD00BF406AFEF7C5BB00BFB9
:104F900010B50446B0F90C00002802DB012105F031
:104FA0003DFD606ABDE81040FEF76EBB90F8323000
:104FB00010B504467BB12221FFF780FF83212046F4
:104FC000FFF7ACFF20212046FFF778FF9622054926
:104FD0002046FFF7DFFE002384F8323084F83330B8
:104FE00010BD00BFA006040038B590F8323004466A
:104FF0007BB12221FFF762FF83212046FFF78EFF5E
:1050000020212046FFF75AFF96220D492046FFF740
:10501000C1FEB4F910300025AB4284F8325084F858
:1050200033500CDB10212046FFF748FF01212046BA
:10503000FFF774FF012384F8355084F8343038BD0D
:10504000A006040030B58BB04FF0000CBDF938401D
:1050500000940124CDE9074401940324CDE9054CD3
:10506000064D0295C824CDE903440446FFF7E6FD4A
:10507000034B236020460BB030BD00BF80969800E4
:10508000B40604002DE9F84304460E4611211546E6
:105090009946BDF82080FFF711FF20460321FFF756
:1050A0003DFFC6F3C70720464421FFF707FF3946F7
:1050B0002046FFF733FF06EB0903591E48BF991D31
:1050C0002046C1F3C701FFF729FF5FFA85F92046A3
:1050D0004521FFF7F3FEA84449462D0A2046FFF775
:1050E0001DFF08F1FF3629462046FFF717FFF1B2F2
:1050F0002046FFF713FF311EB8BF08F1FE0120461E
:10510000C1F30721FFF70AFF20464E21FFF7D6FE25
:1051100039462046FFF702FF20464F21FFF7CEFE1B
:1051200049462046FFF7FAFE29462046BDE8F843E7
:10513000FFF7F4BE30B5044683B039B30368264A9E
:10514000DD6B95423BD190F83120DAB9C82300934A
:105150001146FFF797FF20462221FFF7AFFE2046BA
:10516000FC21FFF7DBFE20462021FFF7A7FE4FF4CE
:10517000FA721A492046FFF70DFE012384F83230F7
:1051800003B030BD9B6B164A93421FD120462221AB
:10519000FFF794FE2046F721FFF7C0FE20462021AE
:1051A000FFF78CFE40F628220E492046FFF7F2FD5D
:1051B000002384F8323084F8313003B030BDC82386
:1051C000002200931146A84703B030BD002103B070
:1051D000BDE83040184700BFE951030090060400C5
:1051E0003551030080060400F0B590F8316083B0BB
:1051F0000446BDF92050002E51D10029BCBF5B18D8
:105200001BB221EAE170002AB8BFAD1800EB030120
:10521000B8BF2DB222EAE272C729C8BFC0F1C803E5
:1052200002EB0501C8BF1BB2C729C4BFC2F1C80544
:105230002DB2002B31DD002D2FDD00F007010B44D6
:1052400099B20EB2774207F0070706F0070358BF7E
:105250007B42002B02DD0831CB1A1EB2ADB24FF6F5
:10526000F871B3B292B2014000952046FFF70AFFF1
:1052700022212046FFF722FEFC212046FFF74EFEAA
:1052800020212046FFF71AFE4FF4FA7215492046F6
:10529000FFF780FD012384F8323003B0F0BD0368CE
:1052A000114A9B6B934217D12221FFF707FE20463C
:1052B000F721FFF733FE20462021FFF7FFFD40F6E0
:1052C00028220A492046FFF765FD002384F8323082
:1052D00084F8313003B0F0BD002103B0BDE8F040E8
:1052E000184700BF900604003551030080060400F3
:1052F00090F8343010B504460BB1FFF7FDFC0A20DE
:1053000002F032F912212046FFF7D8FD0A2002F000
:105310002BF901212046FFF7D1FDC7212046FFF7D9
:10532000FDFD00212046FFF7F9FD00212046FFF793
:10533000F5FD3C212046FFF7C1FD05212046FFF782
:10534000EDFD18212046FFF7B9FD80212046FFF72B
:10535000E5FD11212046FFF7B1FD03212046FFF7AF
:10536000DDFD44212046FFF7A9FD00212046FFF77F
:10537000D5FD18212046FFF7D1FD45212046FFF736
:105380009DFD00212046FFF7C9FD00212046FFF7C3
:10539000C5FDC7212046FFF7C1FD00212046FFF7CC
:1053A000BDFD4E212046FFF789FD00212046FFF775
:1053B000B5FD4F212046FFF781FD00212046FFF774
:1053C000ADFD00212046FFF7A9FD012384F835300B
:1053D00010BD00BF90F8353070B505460C46164636
:1053E000002B4FD011212846FFF768FD03212846E6
:1053F000FFF794FD44212846FFF760FD0021284671
:10540000FFF78CFD18212846FFF788FD4521284627
:10541000FFF754FD00212846FFF780FD00212846B4
:10542000FFF77CFDC7212846FFF778FD00212846BD
:10543000FFF774FD4E212846FFF740FD0021284666
:10544000FFF76CFD4F212846FFF738FD0021284665
:10545000FFF764FD00212846FFF760FD214628463E
:10546000FFF72CFD2846FFF77BFD41F288343146DB
:105470002846FFF789FD013CF9D12846BDE8704078
:10548000FFF786BDFFF734FFACE700BF2DE9F04F13
:105490008BB01E469DF85C30059305469DF8603044
:1054A000BDF954B0BDF950A0BDF958400691012096
:1054B0000493174602F058F8734203F0070306F00E
:1054C000070858BFC3F100081BF1070948BF0BF1DB
:1054D0000E09A6EB0806C9F3CF091FFA86F84FEAB2
:1054E000C9031BB20FFA88F6F11826EAE676C72937
:1054F000B6B2C8BFC8F1C803A6EB0808C8BF1BB244
:105500001FFA88F80AEB0401A3EB0803C7291FFA66
:105510008AF09BB2C8BFC0F1C8010FFA83FBCCBFB1
:1055200009B22146BBF1000F6DDD2AEAEA7292B2A0
:10553000101A1FFA80FAA1EB0A0107928AB20892A8
:1055400012B2002A03925EDD95F83520002A00F0A1
:10555000C78095F83020002A40F08C80089A00928D
:105560003146079A2846FFF78DFD06992846FFF732
:10557000A5FC0FFA88F82846FFF7F2FCB8F1000FF7
:105580000FFA8AF304F1FF36B8BF08F1070813FBDE
:1055900009F4C8F3CF08F61A16FB0986A0441FFACF
:1055A00088F44FEAEB0BB6B24FF00008BBF1000FE6
:1055B00014D0049B53BB059B04EB0B0A002B38D182
:1055C0001FFA8AF306949A4622B22846B95CFFF77E
:1055D000DBFC631C9CB25445F6D1069C039B08F18E
:1055E00001080FFA88F8A6EB09064C444345B6B209
:1055F000A4B2DBD12846FFF7CBFC01200BB0BDE8FD
:10560000F04F01F0B1BF0BB0BDE8F08F059B06EB8A
:105610000B0AF3B91FFA8AF306949A46344622B26B
:105620002846B95CFFF7B0FC631C9CB25445F6D128
:10563000D3E71FFA8AF306949A4622B22846B95C49
:10564000C943C9B2FFF7A0FC631C9CB2A245F4D1C8
:10565000C3E71FFA8AF306949A46344622B22846D4
:10566000B95CC943C9B2FFF78FFC631C9CB2A24569
:10567000F4D1B2E7296823480A69824236D1CA6860
:10568000214909938A4232D1FF2226212846FFF779
:10569000A1FEFF2224212846FFF79CFE2A681B4911
:1056A000926B099B8A4227D122212846FFF706FCEC
:1056B000F7212846FFF732FC20212846FFF7FEFBA2
:1056C00040F6282212492846FFF764FB0022099B76
:1056D00085F8322085F83120002285F830203DE71A
:1056E00028460993FFF704FE099B32E70993FF213F
:1056F00028469047099B31E70993002128469047A7
:10570000099BE9E7495F0300955D030035510300FC
:105710008006040030B587B0BDF92850BDF92C4093
:10572000009301959DF830309DF8345002949DF817
:10573000384003930495134605940A462421FFF745
:10574000A5FE07B030BD00BF2DE9F04F89B00C4673
:10575000BDF94870BDF94C809DF850909DF854A05B
:105760009DF858B0009315461E46CDE901781346C2
:10577000CDE9039A0A46CDF814B026210790FFF729
:1057800085FECDE904ABCDE90289CDE900672B4662
:10579000224607982421FFF779FE09B0BDE8F08F73
:1057A00030B587B0BDF92850BDF92C400093019564
:1057B0009DF830309DF8345002949DF838400393A2
:1057C0000495134605940A462621FFF75FFE07B0AD
:1057D00030BD00BF2DE9F04F5C428DB004F00704EE
:1057E00003F0070658BF66429E1B9DF87440BDF942
:1057F00058300493BDF95CA007949DF87840BDF93A
:105800006C50BDF9607006940FFA86FB049CBDF9DC
:1058100070E0BDF96430BDF968C0AAEB0B063C1B13
:10582000B542A8BF354674450994A8BF74465F4287
:105830002DB207F0070703F0070658BF7E42EF1DA1
:1058400048BF05F10E079B1B9BB227F007073FB22D
:105850001EB2F51926EAE676C72DB6B2C8BFC3F167
:10586000C807A6EB030324B2C8BF3FB21FFA83F9EF
:105870000CEB040EA7EB0907BEF1C70F1FFA8CF55E
:10588000BFB2C8BFC5F1C8040FFA87F8C8BF24B2B9
:10589000B8F1000F7BDD2CEAEC7C1FFA8CF35D1B6A
:1058A0000393ABB2E41A0893A3B21CB2002C059484
:1058B0006DDD154690F835200A910446002A00F067
:1058C000E48094F83020002A40F0A980039A0093E5
:1058D00031463B462046FFF7D5FB0A992046FFF7A5
:1058E000EDFA4FEAE80320460FFA89F90393FFF730
:1058F00037FBBBF10002B8BF0732099BB9F1000FBB
:105900004FEAE207B8BF09F10709BDF92020089264
:1059100007EBE907013B1AF1070948BF0AF10E0935
:10592000BFB29B1A0993C9F3CF090026BA4603995F
:10593000F9B10498089A02440998B3B21A44C31AF8
:1059400013FB09A31FFA83FB069B12FB09A297B264
:1059500003BB079B002B35D107EB01081FFA88F822
:105960003BB201372046E95CBFB2FFF70DFBB845FB
:10597000F6D10136059B36B2B342D8D12046FFF7A7
:1059800007FB01200DB0BDE8F04F01F0EDBD0DB0FB
:10599000BDE8F08F079B53BB0BEB01081FFA88F89B
:1059A0000FFA8BF30BF1010B2046E95C1FFA8BFB1E
:1059B000FFF7EAFAC345F3D10136059B36B2B3428D
:1059C000B5D1DBE707EB01081FFA88F83BB20137D6
:1059D000E95CC9432046C9B2BFB2FFF7D5FAB84562
:1059E000F4D10136059B36B2B342A0D1C6E70BEB2A
:1059F00001081FFA88F80FFA8BF30BF1010BE95C31
:105A0000C9432046C9B21FFA8BFBFFF7BDFAC34555
:105A1000F1D10136059B36B2B34288D1AEE7216899
:105A200022480A69824235D1CA6821490B938A42C9
:105A300031D1FF2226212046FFF7CCFCFF22242172
:105A40002046FFF7C7FC22681A49926B0B9B8A42DB
:105A500026D122212046FFF731FAF7212046FFF711
:105A60005DFA20212046FFF729FA40F62822124944
:105A70002046FFF78FF900220B9B84F8322084F830
:105A80003120002284F8302020E70B93FFF730FC10
:105A90000B9B16E70B93FF21204690470B9B15E7C6
:105AA0000B930021204690470B9BEAE7495F0300D8
:105AB000955D030035510300800604002DE9F04F89
:105AC00091B08246BDF974709DF884C0BDF96840FC
:105AD000BDF970600C97CDF838C09DF880709DF8C6
:105AE00088C00B9601200D97BDF96C50BDF9786008
:105AF000BDF97C80CDF83CC08B461746994601F035
:105B000033FD002C24DB002D22DB002E20DBB8F13E
:105B1000000F1DDB002F1BDBA74219DAB9F1000FC4
:105B200016DBA94514DA0D9A05960B9E0F980E996F
:105B30000C9B09900891CDE906820493CDE90256A9
:105B4000CDE900943B465A4650462421FFF742FED9
:105B500011B0BDE8F08F00BF2DE9F04F91B0824643
:105B6000BDF974709DF884C0BDF96840BDF97060DE
:105B70000C97CDF838C09DF880709DF888C00B96C2
:105B800001200D97BDF96C50BDF97860BDF97C809E
:105B9000CDF83CC08B461746994601F0E5FC002C39
:105BA0003FDB002D3DDB002E3BDBB8F1000F38DB87
:105BB000002F36DBA74234DAB9F1000F31DBA945FB
:105BC0002FDA0F9B0D9909930B9B0E980C9A089056
:105BD000CDE906810492CDE902535A463B4626217F
:105BE00050460596CDE90094FFF7F4FD012001F041
:105BF000BBFC0F9B0D9909930B9B0E980C9A089078
:105C0000CDE906810492CDE902530596CDE90094D1
:105C10003B465A4650462421FFF7DCFD11B0BDE853
:105C2000F08F012011B0BDE8F04F01F09DBC00BF26
:105C300090F8353070B505460E46002B00F0A28076
:105C400011212846FFF73AF903212846FFF766F9A4
:105C500044212846FFF732F900212846FFF75EF974
:105C600018212846FFF75AF945212846FFF726F95B
:105C700000212846FFF752F900212846FFF74EF988
:105C8000C7212846FFF74AF900212846FFF746F9C1
:105C90004E212846FFF712F900212846FFF73EF96A
:105CA0004F212846FFF70AF900212846FFF736F969
:105CB00000212846FFF732F924212846FFF7FEF895
:105CC0002846FFF74DF941F2883431462846FFF760
:105CD0005BF9013CF9D12846FFF75AF995F83530C0
:105CE000002B52D011212846FFF7E8F8032128465F
:105CF000FFF714F944212846FFF7E0F80021284671
:105D0000FFF70CF918212846FFF708F94521284626
:105D1000FFF7D4F800212846FFF700F900212846B4
:105D2000FFF7FCF8C7212846FFF7F8F800212846BE
:105D3000FFF7F4F84E212846FFF7C0F80021284667
:105D4000FFF7ECF84F212846FFF7B8F80021284666
:105D5000FFF7E4F800212846FFF7E0F8262128465F
:105D6000FFF7ACF82846FFF7FBF841F288343146DC
:105D70002846FFF709F9013CF9D12846BDE87040F3
:105D8000FFF706B9FFF7B4FA5AE72846FFF7B0FA6B
:105D9000A8E700BF90F8353070B505460E46002BD9
:105DA00000F0BF8011212846FFF788F8032128461C
:105DB000FFF7B4F844212846FFF780F80021284671
:105DC000FFF7ACF818212846FFF7A8F84521284628
:105DD000FFF774F800212846FFF7A0F800212846B5
:105DE000FFF79CF8C7212846FFF798F800212846BE
:105DF000FFF794F84E212846FFF760F80021284667
:105E0000FFF78CF84F212846FFF758F80021284665
:105E1000FFF784F800212846FFF780F8262128465E
:105E2000FFF74CF82846FFF79BF841F288343146DB
:105E30002846FFF7A9F8013CF9D12846FFF7A8F852
:105E400095F83530002B6FD011212846FFF736F832
:105E500003212846FFF762F844212846FFF72EF871
:105E600000212846FFF75AF818212846FFF756F870
:105E700045212846FFF722F800212846FFF74EF873
:105E800000212846FFF74AF8C7212846FFF746F8C1
:105E900000212846FFF742F84E212846FFF70EF86A
:105EA00000212846FFF73AF84F212846FFF706F869
:105EB00000212846FFF732F800212846FFF72EF888
:105EC00024212846FEF7FAFF2846FFF749F841F259
:105ED000883431462846FFF757F8013CF9D1284667
:105EE000FFF756F82B68164A9B6B934220D122216C
:105EF0002846FEF7E3FFF7212846FFF70FF8202199
:105F00002846FEF7DBFF40F628220E492846FEF71A
:105F100041FF002385F8324085F8314085F8303064
:105F200070BDFFF7E5F93DE72846FFF7E1F98BE79C
:105F3000214628469847002385F8303070BD00BFC1
:105F4000355103008006040090F8303070B50446E7
:105F50000E46002B00F0CC800368944ADB68934225
:105F600040F01A8190F835300BB9FFF7C1F91121D3
:105F70002046FEF7A3FF03212046FEF7CFFF442172
:105F80002046FEF79BFF00212046FEF7C7FF1821A1
:105F90002046FEF7C3FF45212046FEF78FFF002174
:105FA0002046FEF7BBFF00212046FEF7B7FFC721C2
:105FB0002046FEF7B3FF00212046FEF7AFFF4E213B
:105FC0002046FEF77BFF00212046FEF7A7FF4F216A
:105FD0002046FEF773FF00212046FEF79FFF0021B9
:105FE0002046FEF79BFF26212046FEF767FF20464E
:105FF000FEF7B6FF41F2883531462046FEF7C4FF72
:10600000013DF9D12046FEF7C3FF94F8353013B9AE
:106010002046FFF76DF911212046FEF74FFF0321BF
:106020002046FEF77BFF44212046FEF747FF002174
:106030002046FEF773FF18212046FEF76FFF45212B
:106040002046FEF73BFF00212046FEF767FF0021B8
:106050002046FEF763FFC7212046FEF75FFF0021C1
:106060002046FEF75BFF4E212046FEF727FF00216A
:106070002046FEF753FF4F212046FEF71FFF002169
:106080002046FEF74BFF00212046FEF747FF242164
:106090002046FEF713FF2046FEF762FF41F28835E7
:1060A00031462046FEF770FF013DF9D12046FEF74C
:1060B0006FFF23683E4A9B6B934273D12221204697
:1060C000FEF7FCFEF7212046FEF728FF20212046A0
:1060D000FEF7F4FE40F6282236492046FEF75AFE27
:1060E00084F8325084F83150002384F8303070BD89
:1060F00090F83530002B52D011212046FEF7DEFEFD
:1061000003212046FEF70AFF44212046FEF7D6FE73
:1061100000212046FEF702FF18212046FEF7FEFE72
:1061200045212046FEF7CAFE00212046FEF7F6FE76
:1061300000212046FEF7F2FEC7212046FEF7EEFEC4
:1061400000212046FEF7EAFE4E212046FEF7B6FE6D
:1061500000212046FEF7E2FE4F212046FEF7AEFE6C
:1061600000212046FEF7DAFE00212046FEF7D6FE8B
:1061700024212046FEF7A2FE2046FEF7F1FE41F262
:10618000883531462046FEF7FFFE013DF9D1204615
:10619000BDE87040FEF7FCBEBDE870401847FFF751
:1061A000A7F8A9E72946204698479DE7955D030093
:1061B0003551030080060400704700BFF8B517464C
:1061C00082B105460E46002402E00134A74207D002
:1061D0002B6816F8011B1B68284698470028F4D145
:1061E0002046F8BD1446FBE703688A685B680968C7
:1061F000184700BF69B170B5054608460C4606F061
:106200008AF92B680246214628465B68BDE8704043
:1062100018470846704700BF03681B68184700BF4F
:10622000F0B50F468BB00568002A3DD00A2A044617
:106230001ED100293DDB0AAE00232F4806F8043D9D
:106240000B46A0FB0312D20802EB8201A3EB410331
:10625000303306F8013D1346002AF2D1304606F0ED
:106260005AF96B6802463146204698470BB0F0BD9C
:106270000AAED2B20023022A06F8043D2CBF104613
:106280000A200A46B2FBF0F100FB1127FBB2092FEE
:1062900003F130078ABF3733FBB2DBB20A4606F898
:1062A000013D0029EED1D9E72B68C9B298470BB060
:1062B000F0BD2B682D2198470AAD002306460E48F5
:1062C00005F8043D7B42A0FB0321C90801EB8102D4
:1062D000A3EB4203303305F8013D0B460029F2D110
:1062E000284606F018F92368024629465B682046CE
:1062F000984730440BB0F0BDCDCCCCCCF0B506689F
:106300008BB022B93368C9B298470BB0F0BD0AAC64
:10631000D2B20023022A04F8043D05462CBF1046E1
:106320000A20B1FBF0F200FB1217FBB2092F03F1B8
:1063300030078ABF3733FBB2DBB2114604F8013DA8
:10634000002AEED1204606F0E6F8736802462146A0
:10635000284698470BB0F0BD036802495B680222EB
:10636000184700BF6407040038B503688A685B6893
:10637000096804469847236803495B68054602227A
:1063800020469847284438BD64070400036870B568
:1063900005460C465E6849B1084606F0BCF8214641
:1063A00002462846B0472B685E680446284602220B
:1063B0000149B047204470BD64070400F0B50546AC
:1063C0008BB0066862B93368C9B2984704462B6837
:1063D00015495B6828460222984720440BB0F0BD5F
:1063E0000AACD2B20023022A04F8043D2CBF1046A6
:1063F0000A20B1FBF0F200FB1217FBB2092F03F1E8
:1064000030078ABF3733FBB2DBB2114604F8013DD7
:10641000002AEED1204606F07EF821460246736837
:10642000284698470446D2E76407040008B54FF4AD
:106430000062002105F0ACF90022C0F80028C0F885
:10644000042808BDD0F8002810B4531CD0F8044824
:10645000C3F30A039C4218BF81545DF8044B18BF74
:10646000C0F80038704700BF0023C0F80038C0F8FB
:1064700004387047D0F80438D0F80028934207D089
:106480005A1CC35CC2F30A02C0F8042818467047BD
:106490004FF0FF30704700BFD0F80038D0F8040844
:1064A000181A48BF00F50060704700BFD0F80438E4
:1064B000D0F80028934214BFC05C4FF0FF30704703
:1064C000D0F80038D0F804080133C3F30A03181ACF
:1064D000B0FA80F04009704741F22303C05C704776
:1064E00070B541F21D030446C356002B0DDB5A095B
:1064F00020320121234803F01F0301FA03F340F87F
:106500002230BFF34F8FBFF36F8F23694FF4887230
:10651000C3F8082322690023C2F844312269C2F873
:1065200058312269012353602269D36001E004F0ED
:1065300041F82369D3F85821002AF8D0D3F8442130
:10654000002AF4D00025C3F8005522694FF0FF332C
:10655000C2F80C352269C2F814352269C2F8083530
:10656000226941F22406C2F8103504F11400FFF745
:106570007BFFA05901F0EEFE41F22303A551E55443
:1065800070BD00BF00E100E01430FFF785BF00BF21
:106590001430FFF78BBF00BF1430FFF76BBF00BF95
:1065A00008B541F22403C05801F0CAFE002814BF08
:1065B0004FF40060002008BD41F22303C35C03B91F
:1065C000704770B541F2240504464FF0FF31405941
:1065D00001F00AFD002360591A461946BDE87040D3
:1065E00001F0BAB810B50368104A5B6882B09342F4
:1065F0008DF8071014D141F2240304464FF0FF3107
:10660000C05801F0F1FC22699DF8073084F81D386C
:106610000123C2F8483522691846936002B010BDC4
:1066200001220DF10701984702B010BD3166030049
:106630002DE9F84F4AB300F58159164688460746BA
:1066400009F1040900F61D0B00254FF0010A741B27
:10665000B4F5006F28BF4FF400644FF0FF31D9F854
:10666000000001F0C1FC08EB05012246584605F088
:106670006BF83B69C3F848453B692544AE42C3F813
:1066800008A0E4D82846BDE8F88F15462846BDE89E
:10669000F88F00BF70B50468824A246A944240F0C3
:1066A000BD8041F223020346825C002A40F0B5809F
:1066B00041F21F000D461969185CC1F80C0541F242
:1066C0001E001969185CC1F8140541F22201595CD9
:1066D000012900F0B2801969C1F86C25B5F5966FF3
:1066E00045D9B5F5166F40F29E80B5F5965F40F23C
:1066F000B480B5F5165F40F2B280B5F5615F40F247
:10670000B080B5F5964F40F2AE80B5F5E14F40F25E
:10671000AC8047F61222954240F2A980B5F5164F9B
:1067200040F2A8804DF6C022954240F2A680B5F511
:10673000614F40F2A580B5F5963F40F2A480B5F5D3
:10674000E13F40F2A580B5F5613F40F29E80564A98
:10675000954240F2A380B5F5E12F40F29C80B5F55B
:10676000612F8CBF4FF080524FF0706201E04FF408
:106770009E221969C1F824251A690821C2F800155A
:106780001A6903F61D01C2F844151A690021C2F8FE
:1067900020111A6903F61C01C2F834151A69012187
:1067A000C2F838151A6911601A694FF4887041F2FD
:1067B0001D04C2F804031A57002A37DB5509603557
:1067C00002F01F02394801FA02F240F825201A5758
:1067D000002A2BDB0244602182F8001341F21D02E3
:1067E0009A56002A07DB314802F01F0401215209A2
:1067F000A14040F822100322002101201C4600F095
:1068000069FF41F224020023A05019461A4600F005
:10681000A3FF41F223030122E25470BD234600226C
:10682000BDE8704018474FF41D22A2E7204902F04E
:106830000F02114460220A76D0E703F581521869ED
:106840001278C0F8102541F221001A69185CC2F8CC
:1068500008051A69C2F86C1540E7164A89E7164A16
:1068600087E7164A85E7164A83E7164A81E74FF419
:1068700000027EE74FF41D027BE74FF4650278E7E4
:106880004FF46B0275E7104A73E74FF06C7270E7D4
:106890004FF0EB726DE74FF0E8626AE74FF080620D
:1068A00067E700BFCD68030090D0030000E100E07F
:1068B000FCEC00E000B013000050270000F03A00AC
:1068C00000A04E0000C0750000903A0138B541F2BA
:1068D0002303C35C002B40F0B48041F21F04036922
:1068E000045DC3F80C4541F21E040369045DC3F85E
:1068F000144541F22203C35C012B00F0A38003691D
:10690000C3F86C25B1F5966F45D9B1F5166F40F215
:10691000AB80B1F5965F40F2B180B1F5165F40F201
:10692000AF80B1F5615F40F2AD80B1F5964F40F2B6
:10693000AB80B1F5E14F40F2A98047F612239942AE
:1069400040F2A680B1F5164F40F2A5804DF6C02367
:10695000994240F2A380B1F5614F40F2A280B1F5B7
:10696000963F40F2A180B1F5E13F40F29F80B1F542
:10697000613F40F29E80534B994240F2A080B1F5B6
:10698000E12F40F29980B1F5612F8CBF4FF0805319
:106990004FF0706301E04FF49E230269C2F8243582
:1069A00003690822C3F80025036900F61D02C3F835
:1069B000442503690022C3F82021036900F61C0264
:1069C000C3F8342503690122C3F8382503691A6026
:1069D00003694FF4887141F21D04C3F8041303578F
:1069E000002B44DB5D09603503F01F03364902FAD2
:1069F00003F341F825300357002B38DB0B446022AA
:106A000083F8002341F21D03C356002B07DB2E49F8
:106A100003F01F0401225B09A24041F82320044631
:106A200003220021012000F055FE41F22402002340
:106A3000A05019461A4600F08FFE41F223030122AE
:106A4000E25438BD00F5815304691B78C4F8103551
:106A500041F221040369045DC3F80845036942F06B
:106A60000102C3F86C254DE74FF41D2395E7174A43
:106A700003F00F031A4460231376C3E7144B8CE72B
:106A8000144B8AE7144B88E7144B86E7144B84E7D2
:106A90004FF4000381E74FF41D037EE74FF46503D5
:106AA0007BE74FF46B0378E70E4B76E74FF0EB7321
:106AB00073E74FF06C7370E74FF0E8636DE74FF0EA
:106AC00080636AE790D0030000E100E0FCEC00E0A6
:106AD00000B013000050270000F03A0000A04E0064
:106AE00000C0750000903A01074B10B441F21E043B
:106AF00053F82110015541F21F0153F8223043543D
:106B00005DF8044B704700BF0807040010B5124C35
:106B10002369D3F8102142B10022C3F81021D3F821
:106B20003C2582B901221A602369D3F8202102B9D9
:106B300010BD002141F22402C3F82011A058BDE885
:106B4000104001F093B894F81C1804F11400FFF7FA
:106B500079FC2369E6E700BF64A3002038B5124C36
:106B6000124A204600254FF47A7340F8142BC4E9EA
:106B70000153FFF75BFC41F21D010D4B0D4A2261F1
:106B800002206054D3E9001341F21E0241F21F00BB
:106B9000A154235441F2220141F2240241F2230381
:106BA0006554A550E55438BD64A300207007040067
:106BB000080704000020004008B5094B1BB1094834
:106BC000EFF796FB48B9084B1BB10848FFF764FC88
:106BD00000B908BDAFF3008008BDAFF30080F2E755
:106BE00000000000586300200000000078A300208F
:106BF0002DE9F0431B4B1C4FD3F80463DFF86C8086
:106C0000DFF86C9085B000240123A200A34002F1BC
:106C10008045334205F5C0450FD0D5F8003163B14A
:106C2000E357013306D052F808201AB114F809309E
:106C30007BB990470023C5F800310134082CE3D11B
:106C4000BFF34F8F00BF00BF00BF00BF05B0BDE85E
:106C5000F08304AB002143F8041D0846009103F0C3
:106C600083FDE7E700600040B4B3002094B3002048
:106C70008CB30020F8B500250446C0E900558560B6
:106C800091B108460E4605F046FC0746411C2846D1
:106C900000F0B4FC50B1A368C4E9000703B9037065
:106CA000A760314605F02FFC2046F8BD206808B1EA
:106CB00000F08EFC00232360C4E901332046F8BDB8
:106CC00070B504468C424FF00000C4E90000A0609B
:106CD00001D00D680DB9204670BD8E68711C00F0A2
:106CE0008DFC50B1A368C4E9000603B90370A66027
:106CF000294605F008FC204670BD206808B100F068
:106D000067FC00232360C4E90133204670BD00BF47
:106D100070B5002582B0C0E900558560044601A821
:106D20008DF804108DF8055005F0F5FB0646411C62
:106D3000284600F063FC58B1A368C4E9000603B913
:106D40000370A66001A905F0DEFB204602B070BD0D
:106D5000206808B100F03CFC002320462360C4E911
:106D6000013302B070BD00BF30B5044685B00023CA
:106D70000846C4E90033A36001A902F08BFE01A814
:106D800005F0C9FB0546206810B163689D4209D92A
:106D9000691C00F033FC60B1A368C4E900050BB9BD
:106DA00003702068A56001A905F0ADFB204605B081
:106DB00030BD206808B100F00BFC002320462360A2
:106DC000C4E9013305B030BD30B504468BB00023B3
:106DD0000846C4E90033A36001A902F013FE01A82C
:106DE00005F099FB0546206810B163689D4209D9FA
:106DF000691C00F003FC60B1A368C4E900050BB98D
:106E000003702068A56001A905F07DFB20460BB04A
:106E100030BD206808B100F0DBFB00232046236072
:106E2000C4E901330BB030BD30B504468BB000234C
:106E30000846C4E90033A36001A902F02BFE01A8B3
:106E400005F069FB0546206810B163689D4209D9C9
:106E5000691C00F0D3FB60B1A368C4E900050BB95D
:106E600003702068A56001A905F04DFB20460BB01A
:106E700030BD206808B100F0ABFB00232046236042
:106E8000C4E901330BB030BD30B504468BB00023EC
:106E90000846C4E90033A36001A902F02FFE01A84F
:106EA00005F039FB0546206810B163689D4209D999
:106EB000691C00F0A3FB60B1A368C4E900050BB92D
:106EC00003702068A56001A905F01DFB20460BB0EA
:106ED00030BD206808B100F07BFB00232046236012
:106EE000C4E901330BB030BD10B50446006800F0B2
:106EF0006FFB204610BD00BF884270B5044609D024
:106F00000D68006845B908B100F062FB0023C4E9D0
:106F100001332360204670BD8E6810B163689E42C5
:106F200009D9711C00F06AFB58B1A368C4E90006D6
:106F30000BB903702068A660294605F0E4FA2046E4
:106F400070BD20680028DFD1E0E700BF884238B577
:106F5000044612D000688B680D4628B162689A42D8
:106F60000DD200F035FBAB68D5E90021226000228C
:106F7000C4E90113C5E90022AA60204638BD0968AA
:106F800005F0C1FAAB68A3600023AB60204638BDB2
:106F9000F8B50446056849B915B1284600F018FB54
:106FA00000232360C4E901332046F8BD08460E469D
:106FB00005F0B1FA074615B1636898420BD9284627
:106FC000791C00F01BFB054660B1A368C4E900070B
:106FD0000BB903702568A7603146284605F093FA7F
:106FE0002046F8BD20680028DAD000F0F1FAD7E793
:106FF00070B50E68EEB18D680DB9012070BD826864
:1070000004460068154410B163689D420AD9691CA2
:1070100000F0F4FA68B1A268C4E9000512B9027080
:107020002068A2683146104405F06DFAA560012081
:1070300070BD002070BD00BF29B370B5054608467D
:107040000C4605F068FA08B9012070BDAA682B68E3
:10705000861813B169688E420CD91846711C00F06D
:10706000CDFA034668B1AA68C5E9000612B90270F4
:107070002B68AA682146981805F045FAAE600120F1
:1070800070BD002070BD0020704700BF30B5836820
:1070900083B0044600688DF8041000225D1C8DF852
:1070A000052010B1626895420AD9991C00F0A6FA31
:1070B00060B1A368C4E9000513B903702068A36830
:1070C000184401A905F01FFAA560012003B030BDE6
:1070D00070B50E6804461EB18D685DB9204670BD5E
:1070E000206808B100F074FA00232360C4E901337A
:1070F000204670BD82680068154410B163689D42E7
:107100000BD9691C00F07AFA0028E9D0A268C4E91A
:10711000000512B902702068A2683146104405F0DB
:10712000F2F9A560DAE700BF70B5044631B1084650
:107130000D4605F0F0F958B9204670BD206808B139
:1071400000F046FA00232360C4E90133204670BDF5
:10715000A2682368861813B161688E420DD918465B
:10716000711C00F04BFA03460028E7D0A268C4E97E
:10717000000612B902702368A2682946981805F023
:10718000C2F9A660D8E700BF08B58A688368934251
:1071900001D0002008BD0068096848B129B105F098
:1071A000A8F9B0FA80F0400908BD1BB10078F8E7F3
:1071B00001B10BB9012008BD08784042F1E700BFDA
:1071C000826808B52AB989B10878B0FA80F0400918
:1071D00008BD006829B105F08CF9B0FA80F04009CB
:1071E00008BD0078B0FA80F0400908BD012008BD54
:1071F00008B58A688368934209D3006830B109688A
:1072000039B105F090F9B0FA80F0400908BD0020CE
:1072100008BD084608BD00BF83688B4203D90068DB
:1072200008B108447047024800230370704700BF4C
:10723000BCB3002083688B4203D9006810B1405C66
:1072400070470020704700BF83683BB110B50468E9
:10725000204605F041F920B1001B10BD4FF0FF3072
:1072600070474FF0FF3010BD8368934207D910B5C7
:107270000468A01805F030F920B1001B10BD4FF0D4
:10728000FF3070474FF0FF3010BD00BF836843B13F
:1072900010B504680968204605F06BF920B1001BA1
:1072A00010BD4FF0FF3070474FF0FF3010BD00BFF2
:1072B000F8B585686DB1036800225F5D5A550668B0
:1072C0000446304605F041F9775510B12368C01ADD
:1072D000F8BD4FF0FF30F8BD9A422DE9F84317464C
:1072E0001E460446884601D816461F460025C4E9B6
:1072F0000055A5602846012100F080F908B3C4E9D3
:107300000005A5600570D8F80820B24216D997424A
:1073100028BF1746D8F800300022DD5DDA55D8F8CE
:107320000000861916D1206808B100F051F9002339
:10733000C4E901332360D8F80030DD552046BDE8AC
:10734000F883206808B100F043F900232360C4E902
:107350000133D8E7304605F0DEF88146206810B1E9
:10736000636899450BD909F1010100F047F900283C
:10737000D9D0A368C4E900090BB903702068C4F828
:107380000890314605F0BFF8D5E700BF8368994201
:1073900003D20368816000225A547047002A77D0D4
:1073A00083688B4274D92DE9F0415C1AA24228BF50
:1073B0002246D0F800C09B1A8C185F1A83600CEB31
:1073C00004060CEB01055ED001F1040E7244A645E3
:1073D000C8BF8A4261DC0B2F5FD9734213F00303ED
:1073E00064D0B6462A461EF8018B02F8018B012BA9
:1073F0004FD072786A70022B05F1020206F1020E7C
:1074000047D0B278AA70033603354FF0030EE21866
:107410001944A7EB03086244614400234FEA980C27
:10742000013352F8044B41F8044B9C45F8D828F03E
:10743000030398459E4405EB030206EB03011FD0AE
:10744000F45CEC540EF101039F4219D94B78537050
:107450000EF102039F4213D98B7893700EF1030350
:107460009F420DD9CB78D3700EF104039F4207D908
:107470000EF1050E0B791371774501D94B795371D4
:10748000D0F800C0836800220CF80320BDE8F0812A
:107490007047764615469E46B9E7013E634416F8A6
:1074A000012F05F8012B9D42F9D1E9E79E46AEE791
:1074B00010B5046844B1207830B105F00DF92070A2
:1074C00014F8010F0028F8D110BD00BF10B50468F2
:1074D00044B1207830B105F00CF9207014F8010F98
:1074E0000028F8D110BD00BF2DE9F0410768F7B1C1
:1074F0008468E4B106463D4600E04546287805F13B
:10750000010804F0E5F80028F7D1013C3C4402E012
:10751000A54205D8013C207804F0DAF80028F7D11C
:10752000621C521BAF42B26003D30023BB54BDE8C0
:10753000F0813846294604F007F93768B268F4E765
:10754000006808B104F068B8704700BFFEE700BFEC
:1075500008B501F077FA4FF47A72A0FB0223900A83
:1075600040EA835008BD00BF014638B54FF47A7237
:1075700000238002890D03F0B1FE054601F062FA96
:107580000446EEF7A5FE01F05DFA001B854200D827
:1075900038BD281ABDE8384001F078BB10B5044664
:1075A00001F0CEFD022804D02046BDE8104004F0D2
:1075B000A9B801F03FFA204604F0A4F8044601F00F
:1075C000DFFA0CB1204610BD03F006F8FAE700BF61
:1075D00010B5044601F0B4FD02280AD144B101F00F
:1075E00029FA204604F096F8BDE8104001F0C8BA28
:1075F00010BD2046BDE8104004F08CB838B50446F4
:107600000D4601F09DFD022805D029462046BDE823
:10761000384004F015BF01F00DFA2046294604F069
:107620000FFF044601F0ACFA0CB1204638BD02F061
:10763000D3FFFAE710B5044601F0FCF9204604F048
:1076400061F8044601F09CFA0CB1204610BD02F02E
:10765000C3FF204610BD00BF50B110B5044601F075
:10766000E9F9204604F056F8BDE8104001F088BA68
:10767000704700BF38B51C469DF8105043B3002931
:1076800008BF1A460123C4E90F01226084F846307E
:1076900002F020F8D4E90F132268A26001FB03F185
:1076A000CB1A134400200A44FF21A063E36084F84E
:1076B0004410626084F8451004F1100003F0ECF906
:1076C00004F1240003F0E8F902F00EF884F84C50BD
:1076D000204638BDF8B5074615460E4669B100FB91
:1076E00001F05030FFF7A6FF044690B3002200F1EE
:1076F000500380F84620036007E05020FFF79AFF10
:10770000044630B384F846602460C4E90F7601F083
:10771000E1FFD4E90F132268A26001FB03F1CB1A49
:10772000134400200A44FF21A063E36084F844105E
:10773000626084F8451004F1100003F0ADF904F123
:10774000240003F0A9F901F0CFFF84F84C50204643
:10775000F8BD00242046F8BD2DE9F04F044685B061
:107760001D460192884601F0B5FFA26BE36BA84F5E
:107770004FF000099A424E46C0F08B80022D00F077
:1077800006810198002800F03081B9F1000F00F067
:10779000958001F0A9FF01F04DF901F09BFF94F8ED
:1077A0004430FF2B08BF84F8446094F84530FF2B29
:1077B00008BF84F8456001F097FF01A902A801F015
:1077C00067FC002840F0188101F084FFA26BE36B96
:1077D0009A4277D001F088FF01F07CFF94F84530A1
:1077E0004FFA83FABAF1000F1ADD636AC3B104F1EC
:1077F000240907E00AF1FF33DBB24FFA83FA7BB1C9
:10780000636A6BB1484601F0E9FB0028F2D001F051
:1078100077FC0AF1FF33DBB24FFA83FA002BEFD18A
:10782000FF2384F8453001F05FFF01F053FF94F827
:1078300044304FFA83FABAF1000F1ADD2369C3B15D
:1078400004F1100907E00AF1FF33DBB24FFA83FAC3
:107850007BB123696BB1484601F0C0FB0028F2D030
:1078600001F04EFC0AF1FF33DBB24FFA83FA002B32
:10787000EFD1FF2384F8443001F036FF01F080F9A6
:1078800001F028FFA26BE36B9A424FF00109BFF4AD
:1078900075AF226CA66B002A40F0FC80256801368B
:1078A000002D00F01881A663636A002B40F08C80E5
:1078B00001F01AFF012005B0BDE8F08F02A801F029
:1078C000DBFB66E704F1100901F00EFF4846019961
:1078D00001F008FB01F0FEFE94F845A04FFA8AFA89
:1078E000BAF1000F1CDD636AD3B104F1240B08E088
:1078F0000AF1FF3A5FFA8AF34FFA83FA83B1636AB7
:1079000073B1584601F06AFB0028F1D00AF1FF3A42
:1079100001F0F6FB5FFA8AF34FFA83FA002BEED1FF
:10792000FF2384F8453001F0DFFE01F0D3FE94F828
:1079300044304FFA83FABAF1000F06DC15E00AF181
:10794000FF33DBB24FFA83FA7BB123696BB1484650
:1079500001F044FB0028F2D001F0D2FB0AF1FF3322
:10796000DBB24FFA83FA002BEFD1FF2384F84430C7
:1079700001F0BAFE01F004F9002881D14FF08053E4
:107980007B6040BFBFF34F8FBFF36F8F78E7226CF0
:10799000A66B002A82D04146E06803F0D5FE236C36
:1079A000E26821685B421A448A42E26080F0898082
:1079B00062681344E360022D00F083800136A66301
:1079C000636A002B3FF474AF04F1240001F006FB5E
:1079D00000283FF46DAF0E4B4FF080525A6040BF0D
:1079E000BFF34F8FBFF36F8F62E7009001F07CFE13
:1079F000009805B0BDE8F08F01F06CFE94F845509A
:107A00006DB2002D18DD636AB3B104F1240607E0FE
:107A100000ED00E0013DEBB25DB26BB1636A5BB1BA
:107A2000304601F0DBFA0028F4D0013D01F068FB9C
:107A3000EBB25DB2002BF1D1FF2384F8453001F0A9
:107A400053FE01F047FE94F844506DB2002D16DD50
:107A50002369A3B104F1100605E0013DEBB25DB26C
:107A60006BB123695BB1304601F0B8FA0028F4D05D
:107A7000013D01F045FBEBB25DB2002BF1D1FF23DC
:107A800084F8443001F030FE01F07AF8002005B0AF
:107A9000BDE8F08F41465DBBA06803F055FEA368CA
:107AA000216C62680B44934206F10106A360FFF467
:107AB000FAAEA663636A2268A260002B3FF4F8AEB8
:107AC00082E7002E7FF4EFAE0123A363636A002BED
:107AD0003FF4EEAE78E7606801F084FBA663636A6A
:107AE0006560002B7FF470AF00287FF474AFDFE691
:107AF000E06803F029FE236CE26821685B421A44C7
:107B00008A42E260BFF457AF52E700BFF8B50C46B7
:107B100079B300250123216081F84630C1E90F3592
:107B2000064601F0D7FDD4E90F322168A56303FBB7
:107B300002F39A1A0A440B44FF27C4E90131E260B8
:107B400084F8447004F1100084F8457002F0A4FF3A
:107B500004F1240002F0A0FF01F0C6FDC4E90055C5
:107B6000E56084F84C602B462A4629462046FFF7FC
:107B7000F3FD2046F8BD00BF2DE9F0418C4682B0F0
:107B800004461746EFF31186402282F31188806B7A
:107B9000E26B904221D3022B05D0002086F311889E
:107BA00002B0BDE8F08194F84550226CD4F83880DA
:107BB0006DB252BB236808F10108002B4FD06B1C3B
:107BC000C4F8388037D001356DB284F845500120B3
:107BD00086F3118802B0BDE8F08194F84550226C1C
:107BE000D4F838806DB2002AE4D073B9A06803F0ED
:107BF000ABFDA368216C62680B44934208F1010855
:107C0000A360DCD32368A360D9E76146E0680193F1
:107C100003F09AFD206CE2682168019B4042024417
:107C20008A42E26002D262681044E060022B10D007
:107C300008F10108C3E7636A002BC8D004F12400EF
:107C400001F0CCF90028C2D0002FC0D0012038604C
:107C5000A4E7B8F1000F08BF4FF00108AFE7606874
:107C6000019301F0BFFA019B6360A8E738B5EFF319
:107C70001184402383F31188826BC36B93420ED926
:107C800090F8453001325BB282635A1C0BD001334D
:107C90005BB280F84530012084F3118838BD0020A4
:107CA00084F3118838BD436A002BF4D024300D468C
:107CB00001F094F90028EED0002DECD001202860CE
:107CC000EAE700BF2DE9F047044684B088460192F8
:107CD00001F000FDD4F83890B9F1000F40F0938026
:107CE000019B002B00F00A8102A801F0C5F9B34FF7
:107CF0004E4604F1240501F0F7FC00F09BFE01F074
:107D0000E9FC94F84430FF2B08BF84F8446094F8F1
:107D10004530FF2B08BF84F8456001F0E5FC01A960
:107D200002A801F0B5F9002840F0878001F0D2FCEC
:107D3000A36B002B40F0E88001F0D6FC01992846A7
:107D400001F0D0F801F0C6FC94F845304FFA83F901
:107D5000B9F1000F06DC15E009F1FF33DBB24FFA91
:107D600083F97BB1636A6BB1284601F037F90028CB
:107D7000F2D001F0C5F909F1FF33DBB24FFA83F914
:107D8000002BEFD1FF2384F8453001F0ADFC01F06A
:107D9000A1FC94F844304FFA83FABAF1000F1ADDCF
:107DA0002369C3B104F1100907E00AF1FF33DBB224
:107DB0004FFA83FA7BB123696BB1484601F00EF9A3
:107DC0000028F2D001F09CF90AF1FF33DBB24FFA40
:107DD00083FA002BEFD1FF2384F8443001F084FCB8
:107DE00000F0CEFE00287ED14FF080537B6040BF74
:107DF000BFF34F8FBFF36F8F01F06CFCD4F8389056
:107E0000B9F1000F76D0226C52B1E1686368114479
:107E10009942E16024BF2168E160404603F094FC90
:107E200009F1FF33A3632369002B40F0C98001F0FF
:107E30005BFC012004B0BDE8F08701F04BFC94F836
:107E400045304FFA83F9B9F1000F06DC15E009F16E
:107E5000FF33DBB24FFA83F97BB1636A6BB128461B
:107E600001F0BCF80028F2D001F04AF909F1FF3323
:107E7000DBB24FFA83F9002BEFD1FF2384F84530B2
:107E800001F032FC01F026FC94F844304FFA83FAFA
:107E9000BAF1000F1ADD2369C3B104F1100907E03C
:107EA0000AF1FF33DBB24FFA83FA7BB123696BB17E
:107EB000484601F093F80028F2D001F021F90AF1C8
:107EC000FF33DBB24FFA83FA002BEFD1FF2384F8A4
:107ED000443001F009FC00F053FE01F0FBFBA36B02
:107EE00063B101F001FC01F0F5FBD4F83890B9F171
:107EF000000F88D1019B002B7FF4FDAE01F0F4FB55
:107F0000002004B0BDE8F08701F0EEFB01F0E2FBD9
:107F100094F845304FFA83F9B9F1000F06DC15E00B
:107F200009F1FF33DBB24FFA83F97BB1636A6BB1BE
:107F3000284601F053F80028F2D001F0E1F809F1E9
:107F4000FF33DBB24FFA83F9002BEFD1FF2384F824
:107F5000453001F0C9FB01F0BDFB94F844304FFA05
:107F600083FABAF1000F1ADD2369C3B104F11009D5
:107F700007E00AF1FF33DBB24FFA83FA7BB12369E2
:107F80006BB1484601F02AF80028F2D001F0B8F8A9
:107F90000AF1FF33DBB24FFA83FA002BEFD1FF2354
:107FA00084F8443001F0A0FB00F0EAFD01F092FB00
:107FB000D4F83890B9F1000F9CD024E700ED00E030
:107FC00004F1100001F00AF800283FF430AF054B2F
:107FD0004FF080525A6040BFBFF34F8FBFF36F8F97
:107FE00025E700BF00ED00E02DE9F043044685B031
:107FF0000026019101F06EFBA36BB24FB0463546EF
:10800000002B40F0F380019B002B00F05D81B8F164
:10801000000F00F0FC8001F067FB00F00BFD01F0A9
:1080200059FB94F84430FF2B08BF84F8445094F86F
:108030004530FF2B08BF84F8455001F055FB01A9DE
:1080400002A801F025F800286CD101F043FBA36BD6
:10805000002B40F0E08001F047FB2368002B00F08C
:108060003C8104F124094846019900F03BFF01F0EE
:1080700031FB94F845304FFA83F8B8F1000F06DC75
:1080800015E008F1FF33DBB24FFA83F87BB1636A86
:108090006BB1484600F0A2FF0028F2D001F030F8A2
:1080A00008F1FF33DBB24FFA83F8002BEFD1FF2347
:1080B00084F8453001F018FB01F00CFB94F84430D3
:1080C0004FFA83F8B8F1000F1ADD2369C3B104F148
:1080D000100907E008F1FF33DBB24FFA83F87BB1F8
:1080E00023696BB1484600F079FF0028F2D001F017
:1080F00007F808F1FF33DBB24FFA83F8002BEFD11A
:10810000FF2384F8443001F0EFFA00F039FD002835
:1081100064D14FF080537B6040BFBFF34F8FBFF3FC
:108120006F8F5BE001F0D6FA94F845304FFA83F890
:10813000B8F1000F1ADD636AC3B104F1240907E046
:1081400008F1FF33DBB24FFA83F87BB1636A6BB19E
:10815000484600F043FF0028F2D000F0D1FF08F1BC
:10816000FF33DBB24FFA83F8002BEFD1FF2384F803
:10817000453001F0B9FA01F0ADFA94F844304FFA05
:1081800083F8B8F1000F1ADD2369C3B104F11009B7
:1081900007E008F1FF33DBB24FFA83F87BB12369C4
:1081A0006BB1484600F01AFF0028F2D000F0A8FF9B
:1081B00008F1FF33DBB24FFA83F8002BEFD1FF2336
:1081C00084F8443001F090FA00F0DAFC01F082FA11
:1081D000A36B002B00F08A8001F086FA01F07AFA96
:1081E000A36B4FF00108002B3FF40DAF2268013B59
:1081F000A363002A00F09E802369002B40F0898051
:1082000001F072FA0126304605B0BDE8F08302A8FD
:1082100000F032FFFFE601F067FA01F05BFA94F834
:1082200045304FFA83F8B8F1000F1ADD636AC3B125
:1082300004F1240907E008F1FF33DBB24FFA83F8B9
:108240007BB1636A6BB1484600F0C8FE0028F2D0EB
:1082500000F056FF08F1FF33DBB24FFA83F8002B32
:10826000EFD1FF2384F8453001F03EFA01F032FAF5
:1082700094F844304FFA83F8B8F1000F1ADD2369FF
:10828000C3B104F1100907E008F1FF33DBB24FFA84
:1082900083F87BB123696BB1484600F09FFE00284C
:1082A000F2D000F02DFF08F1FF33DBB24FFA83F874
:1082B000002BEFD1FF2384F8443001F015FA00F0D1
:1082C0005FFC8BE700ED00E0009301F00DFA009BEE
:1082D0001E46304605B0BDE8F08301F0FBF960684A
:1082E00000F03EFF064601F0FFF9BAE601F0FCF9A6
:1082F000002E88D001F0EEF9616A19B1236B19687C
:10830000C1F10501606800F099FF002601F0ECF969
:1083100079E704F1100000F061FE00283FF470AF2F
:10832000064B4FF080525A6040BFBFF34F8FBFF3F0
:108330006F8F65E700F0B8FF60605DE700ED00E07B
:1083400010B5044601F0C6F9A46B01F0CDF9204642
:1083500010BD00BF104B5A68904208D0DA689042B6
:1083600008BF012204D090F8463093B17047002234
:10837000002110B403EBC20443F8321090F84630E9
:10838000616013B15DF8044B70475DF8044BFFF773
:1083900063B9FFF761B900BF04BE0020074B1A683C
:1083A0001AB19A6802B17047012210B403EBC204FB
:1083B00043F8321060605DF8044B704704BE002043
:1083C00070B505460C46164601F084F995F8443020
:1083D000FF2B04BF002385F8443095F84530FF2B70
:1083E00004BF002385F8453001F07EF9AB6B2BB953
:1083F0003246214605F1240000F0B0FD01F06AF993
:1084000095F8454064B2002C16DD6B6AA3B105F106
:10841000240605E0013CE3B25CB26BB16B6A5BB170
:10842000304600F0DBFD0028F4D0013C00F068FE8F
:10843000E3B25CB2002BF1D1FF2385F8453001F0A7
:1084400053F901F047F995F8444064B2002C16DD69
:108450002B69A3B105F1100605E0013CE3B25CB263
:108460006BB12B695BB1304600F0B8FD0028F4D049
:10847000013C00F045FEE3B25CB2002BF1D1FF23DA
:1084800085F84430BDE8704001F02EB92DE9F04187
:10849000044601F01FF9344A344D13680133136068
:1084A0002B68002B2FD0324EE36A32682AB3314852
:1084B000314907680A689F4238BF03602F4801327C
:1084C00003EB83030A6000EB8300E263211D02F0EB
:1084D000F3FA01F009F933686BB12A68E36AD26AEA
:1084E0009A4208D2264B4FF080525A6040BFBFF3E9
:1084F0004F8FBFF36F8FBDE8F0812A68D26A9A422E
:1085000098BF2C60D3E72C601368012B02D0E36A7C
:10851000174ECCE71948DFF894801A4F144E02F03A
:10852000BBFA194802F0B8FA184802F0B5FA184830
:1085300002F0B2FA174802F0AFFA404602F0ACFA85
:10854000384602F0A9FA144802F0A6FA134802F0DD
:10855000A3FA134802F0A0FA124B134AC2F80080A3
:108560001F60E36AA3E700BF30B40020C0B300205F
:1085700090B4002044B4002040B40020CCB30020CC
:1085800000ED00E05CB40020E0B30020F4B3002074
:1085900008B400201CB400207CB40020A8B4002043
:1085A00094B40020C8B30020C4B3002048B4002015
:1085B0002DE9F843DDE90964002C60D016B9304696
:1085C000BDE8F8830D469700984602233A4684F8A2
:1085D0005130814626633046A52103F0D9F82A7828
:1085E000236B84F83420043F2A781F4427F00707C0
:1085F00002B36B7884F835306B78DBB1AB7884F8F4
:108600003630AB78B3B1EB7884F83730EB788BB198
:108610002B7984F838302B7963B16B7984F8393051
:108620006B793BB1AB7984F83A30AB7913B1EB7924
:1086300084F83B30089D042D28BF04250026E56200
:108640006564201D84F83B60A66402F031FAC5F130
:10865000050504F1180002F02BFAE664424649468B
:10866000A561246184F850606462384600F0F6FF2A
:1086700020602046FFF70AFF2046BDE8F883204629
:10868000BDE8F8832DE9F0479600804630460D4658
:108690009946099FFEF7CEFF002869D082465420F4
:1086A000FEF7C8FF044600285BD00023C0F830A0C6
:1086B0003246504684F85130A52103F069F82A78F3
:1086C000236B84F83420043E2A781E4426F0070ADF
:1086D00002B36B7884F835306B78DBB1AB7884F813
:1086E0003630AB78B3B1EB7884F83730EB788BB1B8
:1086F0002B7984F838302B7963B16B7984F8393071
:108700006B793BB1AB7984F83A30AB7913B1EB7943
:1087100084F83B30089D042D28BF04250026E5621F
:108720006564201D84F83B60A66402F0C1F9C5F1C0
:10873000050504F1180002F0BBF9E664A5612461A7
:1087400084F8506064624A464146504600F086FF15
:10875000206007B13C602046FFF798FE0120BDE88D
:10876000F0875046FEF778FF4FF0FF30BDE8F08706
:108770004FF0FF30F3E700BF70B504464C4E00F0F9
:10878000A9FF002C39D0251D284602F0BFF9A36AA5
:108790001BB104F1180002F0B9F929464548464DCD
:1087A00002F08AF994F85030012B04BF002384F8BA
:1087B000503000F099FF2B6893B93368A34200D082
:1087C00070BD2B68DBB93B493C4A0968126891428D
:1087D00026D03B4B1B682BB33A4B01221A6070BD6D
:1087E00000F078FF384B1A68126892B9374B4FF097
:1087F000FF321A6000F078FFDFE73468C3E7344BDC
:108800004FF080525A6040BFBFF34F8FBFF36F8F5E
:1088100070BD1A682D4BD268D26852681A60E9E7B9
:10882000336070BD274A13603268336812681B6B6F
:108830009A4236D9274C284922689300981880001C
:108840000858E0B9551EAB0058198000085830BBD5
:10885000951EAB0058198000085800BBD51EAB0010
:10886000581980000858D0B9151FAB00581980005E
:108870000858A0B9053A9300981880000858134486
:108880009B00CD1808336868406868600B449842C4
:1088900004BF40686860C3683360226070BD2A46C8
:1088A000EDE730683168343101F094FEC2E700BF73
:1088B000C0B3002094B4002090B4002030B4002055
:1088C0003CB40020C0B40020C4B3002074B4002025
:1088D00000ED00E044B40020CCB3002080B170B5BE
:1088E0001B4D2B6883420AD0044600F0F3FE194B5F
:1088F00062699A4205D0BDE8704000F0F5BE70BDD7
:108900007047A36A144A9342F5D0002BF3D1261D79
:10891000304602F0FBF8114AE36A116810488B42B6
:1089200088BF136003EB830300EB8300314602F042
:10893000C3F82B68E26ADB6A9A42DCD3094B4FF03A
:1089400080525A6040BFBFF34F8FBFF36F8FD2E7A3
:10895000C0B3002094B400207CB4002044B40020B4
:10896000CCB3002000ED00E070B584B0002503AA70
:1089700002A901A8CDE9015501F030FE019C002CAF
:1089800046D00298002843D0039E20630223B600FD
:10899000A521324684F8513002F0FAFE236B1F4ABB
:1089A0006263201D84F83850043E84F83B50E56231
:1089B000C4E911551E4402F07BF804F1180002F0DE
:1089C00077F826F007060523A3612A461449E564D3
:1089D00030462461646284F8505000F03FFE20600D
:1089E0002046FFF753FD0F4B1C6000F0DBFD012814
:1089F00011D1402383F311880B490C4A0C4B4FF0E3
:108A0000FF340C6010601D6000F03EFE04B070BDCD
:108A1000044B00221A6004B070BD00BF49444C45AD
:108A2000118D030070B4002074B4002090B40020B5
:108A3000BCB40020024A136801331360704700BFC2
:108A40003CB40020014B1868704700BFBCB4002044
:108A5000024A136818441060704700BFBCB400207D
:108A60002DE9F04F3B4B1B6883B0002B42D13A4BB2
:108A70001F6801371F60002F4AD0384B01931B68D5
:108A8000BB423BD8364EDFF8EC80DFF8ECA0DFF8D5
:108A9000EC90002525E03368DB68DC68636804F14E
:108AA000040B9F42584651D302F030F8A36A04F1F8
:108AB00018000BB102F02AF8E36AD8F8002003EBA3
:108AC0008300934259460AEB800088BFC8F8003003
:108AD00001F0F2FFD9F80030E26ADB6A9A4228BF5F
:108AE000012533681B68002BD5D1019A4FF0FF3365
:108AF000136004E01B4A13680133136000251A4B0E
:108B00001B68002B0CBF2846012003B0BDE8F08F86
:108B1000134E164B3168164A186830601960136896
:108B20000133136033681B683BB90C4B01931A4641
:108B30004FF0FF3313601346A1E73368074ADB6841
:108B40000192DB685B681360134698E7019A136033
:108B5000D5E700BF3CB40020BCB4002074B40020B2
:108B6000C4B3002038B40020C0B40020C8B3002033
:108B700078B4002044B40020CCB30020C0B300205F
:108B80002DE9F04700F0A6FD354B1A68013A1A604E
:108B90001C68002C57D1334B1B68002B53D0DFF8D7
:108BA000E0A0314E314FDFF8DC90DFF8DC80336835
:108BB00013B3F368DC68251D04F1180001F0A6FF6B
:108BC000284601F0A3FFE36A3A6803EB830093426F
:108BD000294609EB800088BF3B6001F06DFFD8F8A3
:108BE0000030E26ADB6A9A424FF00103DFD3CAF831
:108BF00000303368002BDCD13CB11D4B1A68126881
:108C00003ABB1C4B4FF0FF321A601B4D2C6844B12D
:108C10000126FFF725FF08B1CAF80060013CF8D132
:108C20002C60DAF8003073B1144B4FF080525A6068
:108C300040BFBFF34F8FBFF36F8F012400F054FD8F
:108C40002046BDE8F087002400F04EFD2046BDE838
:108C5000F0871A68074BD268D26852681A60D4E766
:108C60003CB4002030B400207CB4002044B4002088
:108C7000C4B3002074B4002038B4002000ED00E03C
:108C8000C0B40020CCB30020C0B3002070B548B9F8
:108C9000184B4FF080525A6040BFBFF34F8FBFF365
:108CA0006F8F70BD144A15491368154E0133136058
:108CB0000D6804463068043001F028FF33686419F9
:108CC0005C600FD20F4B18683168043101F004FF6B
:108CD0000D4B1A68944238BF1C60FFF751FF002803
:108CE000D6D070BD094B18683168043101F0F4FE2C
:108CF000F3E700BF00ED00E03CB40020BCB400206E
:108D0000C0B30020C4B3002074B40020C8B3002056
:108D10002DE9F84F3C4E3D4D3D4CDFF80891DFF812
:108D20000881DFF808B14FF0805A2368D3B100F012
:108D3000D1FCF368DF68381D01F0E8FE2B68013BC9
:108D40002B602368013B236000F0CEFC97F8513084
:108D5000002B37D0012BE8D13846FEF77DFC236885
:108D6000002BE4D12B4B1B68012B06D9CBF804A0B8
:108D700040BFBFF34F8FBFF36F8F00F041FED9F8B4
:108D8000003033BBD8F80030DB6A002BCDD1214B4B
:108D90001B68012BC9D8204B204A1B6812689B1AFC
:108DA000012BC2D91E4A136801331360D9F8003071
:108DB000BBB1D8F80030DB6A0BB9164B1B68FFF764
:108DC000DFFEB2E7386BFEF747FC3846FEF744FC9F
:108DD000ABE7D8F80030DB6A002BA6D10D4B1B683F
:108DE000A3E7D8F80030DB6A002BE8D1094B1B68F9
:108DF000012BE4D8084B1868084B1B68C01A0128DF
:108E0000DDD900F0DDFCDAE7A8B4002030B40020A2
:108E100034B40020CCB3002074B40020BCB40020D3
:108E20003CB4002044B40020C0B3002000ED00E0BA
:108E3000274B1B68002B40D1264A70B5264C136087
:108E40002268236812681B6B9A423AD9234D244941
:108E50002A689300981880000858E0B9561EB3009D
:108E600098198000085830BB961EB30098198000EE
:108E7000085800BBD61EB300981980000858D0B916
:108E8000161FB300981980000858A0B9053A93003E
:108E900098188000085813449B00CE180833706857
:108EA000406870600B44984204BF40687060C368BB
:108EB00023602A6070BD3246EDE7064B01221A603E
:108EC000704720682168343101F084FBBEE700BFA1
:108ED0003CB40020C0B40020C0B3002044B4002043
:108EE000CCB3002070B5174D2B680C4603F1180168
:108EF00001F0F2FD144B1E682868043001F006FEF4
:108F0000631C17D02B68A4195C600BD20F4B186838
:108F10002968043101F0E0FD0D4B1A68944238BF16
:108F20001C6070BD0B4B18682968BDE870400431A7
:108F300001F0D2BD296808480431BDE8704001F055
:108F4000BBBD00BFC0B30020BCB40020C4B3002030
:108F500074B40020C8B3002094B4002070B5194D3B
:108F60002B680C46164603F1180101F0A5FD164BBF
:108F70005EB11B682868043001F0C8FD29681348F9
:108F80000431BDE8704001F097BD1E6828680430C8
:108F900001F0BCFD2B68A4195C600BD20C4B186867
:108FA0002968043101F098FD0A4B1A68944238BFD1
:108FB0001C6070BD084B18682968BDE8704004311A
:108FC00001F08ABDC0B30020BCB4002094B40020DE
:108FD000C4B3002074B40020C8B3002038B5C368FF
:108FE000DC6804F11805284601F090FD1A4B1B6857
:108FF0002BBB251D284601F089FD184AE36A11683C
:1090000017488B4288BF136003EB8303294600EBAC
:10901000830001F051FD134BE26A1B68DB6A9A4240
:1090200082BF114B01201860104B1A68126898BF5C
:1090300000204AB90E4B4FF0FF321A6038BD294666
:109040000C4801F039FDE6E71A68094BD268D2688E
:1090500052681A6038BD00BF3CB4002044B4002000
:10906000CCB30020C0B30020C0B40020C4B30020A3
:1090700074B400207CB40020034A044B12681B68BF
:10908000C0E90023704700BF78B40020BCB40020C2
:10909000F8B50D46044600F01DFB2B681649581C18
:1090A0000A6813D0DFF854C0D4E90060DCF800701F
:1090B000BE4201D090421AD9121A93420BD8002313
:1090C0002B60012500F010FB2846F8BD002500F0BC
:1090D0000BFB2846F8BDDCF800009B1A0A682B60E1
:1090E000C4E90002002500F0FFFA2846F8BD01257A
:1090F00000F0FAFA2846F8BDBCB4002078B400208D
:10910000014B01221A607047C0B40020084B186858
:1091100060B9084B1B6853B9074A084B10681B68B5
:10912000013B984214BF0120022070470020704785
:109130007CB40020C0B4002094B4002030B40020DF
:10914000054B1B6833B1054B1B68002B0CBF02207D
:10915000002070470120704790B400203CB40020EC
:1091600018B3F8B51C4CC36A2268D26A934214D271
:109170008269002A04DB2268D26AC2F10502826198
:10918000164D426903EB830305EB83039A420DD02E
:109190002368DB6AC3620120F8BD2368406CDB6A88
:1091A00098422CBF00200120F8BD7047061D0746DD
:1091B000304601F0ABFC2268094BD06A1A68F862AD
:1091C000904200D9186000EB800005EB800031462A
:1091D00001F072FC0120F8BDC0B30020CCB3002028
:1091E00044B4002050B138B5C16A836C426C013B75
:1091F0009142836400D01BB1002038BD002070472D
:10920000051D0446284601F081FC0A4A636C11687A
:10921000E362C3F105008B42A061074888BF136079
:1092200003EB830300EB8300294601F045FC01209A
:1092300038BD00BF44B40020CCB3002048B1426C1C
:10924000C36A914238BF11468B4202D0826C012A18
:1092500000D07047826970B5114DC162002A03EBDE
:1092600083034269A8BFC1F1050105EB8303A8BFD1
:1092700081619A4200D070BD061D0446304601F05F
:1092800045FC084BE06A1A68904288BF186000EB02
:10929000800005EB80003146BDE8704001F00CBC59
:1092A000CCB3002044B40020044B1A681AB11968EA
:1092B0008A6C01328A641868704700BFC0B300200E
:1092C0002DE9F04FAD4EDFF8C482AD4D89B0336863
:1092D0001C68002C00F08E80DB681C68FFF7AAFB7E
:1092E000FFF7B0FBD8F80030984207465DD38442C0
:1092F000C8F8000040F20B810022E11B2868FFF74C
:109300005FF8FFF73DFC88B99E4A4FF080535360E9
:1093100040BFBFF34F8FBFF36F8F07E0019B0399EF
:1093200020469847009B002B80F238812868002255
:109330006946FEF7C7FC0028C9D0009B029C002BA1
:10934000ECDB636913B1201D01F0E0FBFFF77AFB52
:10935000D8F800309842814643D3009BC8F800906B
:10936000092BE3D8012202FA03F313F4047F69D135
:1093700013F0C70F40F0A1809B06D7D594F82C308E
:10938000002BD3D12046FEF767F9CFE7DB68DC6816
:10939000D3F800A004F10409484601F0B7FB636A62
:1093A00020469847E369012B36D033681A68002AB3
:1093B000ECD17549C8F800700A6832600B60FFF79D
:1093C000DFFBB3E7DB68DF68D3F800B007F1040A1E
:1093D000504601F09BFB7B6A38469847FB69012B9E
:1093E00025D033681A68002AECD167490A683260D0
:1093F0000B60B2E7FFF71EFBFFF724FBD8F8003045
:1094000083420746D1D8604BC8F800701B681A68C1
:10941000B2FA82F2520970E7A36953449A45494669
:1094200022D263602461306801F056FBBDE7BB695E
:109430005B449B45514627D27B603F61306801F019
:109440004BFBCEE7019B246103EB09024A45A36174
:1094500062602CD8002B3FF469AF4B4B211D18687C
:1094600001F03AFB286862E72B68002B9DD00023AF
:10947000CDE9043A0694FFF763FE00231A4604A9D7
:109480002868FEF769F990E72B68002BA9D0002324
:10949000CDE9043B0697FFF753FE00231A4604A9C3
:1094A0002868FEF759F99CE74B4500D998B1306818
:1094B000211D01F011FB286839E7019BA269246195
:1094C00099182CBF0120002049456160ECD8A9EB18
:1094D00003039A42C1D8636A20469847E369012B87
:1094E0007FF424AF019BA2692868134400283FF44D
:1094F0001EAF0022CDE904230694FFF721FE0023CE
:109500001A4604A92868FEF727F928680FE7FFF72D
:1095100037FB3368DB68D3F80C9009F1040A504636
:1095200001F0F4FAD9F81C30012B04D0D9F824301A
:1095300048469847FAE6D9F81830C9F81090E2186A
:10954000BA42C9F8042004D95146306801F0C4FA7F
:10955000ECE73F1BBB421BD82B68002BE6D0002357
:10956000CDE90434CDF81890FFF7EAFD00231A4640
:1095700004A92868FEF7F0F8D8E700BFC4B40020BB
:1095800048B7002000ED00E0C8B40020F4B6002089
:10959000034B5146186801F09FFAC7E7029CD0E6DA
:1095A000C8B40020F0B5204C89B000F093F82568CD
:1095B000FDB100F099F82068C8B1002407AA06A9F7
:1095C00005A8CDE9054401F017F8DDE905300221D1
:1095D000CDE90010079A0293144915482346FEF777
:1095E000E7FF144A0346001B18BF0120136009B0AF
:1095F000F0BD114F114E384601F04EFA304601F0E1
:109600004BFA0F4A0F4900950F4B17600E600F4A37
:1096100010212020FEF72EF820600028C9D00C4928
:10962000FEF7BCFEC5E700BF48B70020A407040052
:10963000C19203004CB70020CCB60020E0B6002059
:10964000C4B40020C8B40020F8B60020CCB4002078
:109650009C070400402383F31188FEE730B46FF0C9
:1096600002034FF08075074C40F8045C40F80C4C46
:1096700040F8081C40F8202C40F8243C30BC44380A
:10968000704700BF559603000F4C08B5E02384F8DF
:10969000223000F077F80D4B0D4A00211960D4F804
:1096A000883043F47003C4F88830536843F0404373
:1096B0005360236943F01003236100F04FF9402306
:1096C00083F31188FEE700BF00ED00E050B70020F3
:1096D00030EF00E0402383F31188024A136801331E
:1096E0001360704750B70020034A1368013B1360B2
:1096F0000BB983F31188704750B7002041DF7047E2
:1097000012DF704770B51B4B00251D6082B01B68CF
:109710000193019BEFF31186402383F31188164ACE
:10972000164BD2F804451D601B680093009BFFF7A1
:1097300089F9241A24F07F44012C0DD844B1FFF795
:109740008FF9054625B10E4B4FF080525A6040BF4D
:1097500086F3118802B070BDFFF7F2FC0228EED14B
:10976000013CFFF77DF9013C631C45EA0005F8D197
:10977000E8E700BF40110140001001400011014026
:1097800000ED00E00B4B0C4930B41F200B4DC3F82B
:10979000080501220224E020C3F804232A601A608D
:1097A000C3F8444381F811034FF400330B6030BC1D
:1097B000704700BF0010014000E100E008100140C8
:1097C0002DE9F041804684B0EFF3108272B6584C18
:1097D000A36883B9574B58480121A160D3F8801082
:1097E00001402160C3F88000D3F8841061604FF01D
:1097F000FF31C3F8841002B962B6504ED6F8047532
:10980000FFF784FC00283DD04D4A4E49424528BF11
:109810004246BB1823F07F4301200025C6F8080309
:10982000C6F840350D600B6801934FF48033019901
:10983000C6F80433BFF34F8FB8F1000F54D13F4B3C
:10984000404D41494FF48030C3F8080300202860A0
:109850002D680395039D0860096802910121029813
:10986000C3F80413D3F804353249DB1B23F07F45DA
:10987000954228BF15464FF40033012DC1F88031C1
:1098800011D827D0A3685BB1EFF3108372B6294AD1
:1098900021681160616851600022A26003B962B65C
:1098A00004B0BDE8F081681EFFF7D2F8274BDB68F3
:1098B000DA010FD5264A1368DB070BD5254B516813
:1098C00003FB05F5A5F57425A5F51075AD0A01EBAB
:1098D00085155560FFF7C4F80028D3D01E4B4FF014
:1098E00080525A6040BFCDE7F1EE103A23F09F035B
:1098F000E1EE103AF1EE103A0E4B04A84FF48061FD
:109900004026C3F88461C3F8841100F8045DFFF7B2
:10991000F7FE9DF80C1039B920BFD3F80001D3F839
:1099200004110143F8D08AE7FFF7E8FE87E700BF9C
:1099300018BE002000E100E0FC06FFBD0010014061
:10994000FDFFFF004011014000110140F0ED00E07B
:10995000001000E040420F0000ED00E00748006802
:1099600080F3088862B661B6BFF34F8FBFF36F8F85
:109970004FF0E00080F3118800DF00BF00600200BC
:10998000064B19680868B0E8F04F80F30988BFF308
:109990006F8F4FF0000080F311887047C0B3002034
:1099A000EFF30980BFF36F8F144B1A681EF0100F8E
:1099B00008BF20ED108A20E9F04F10604DF8043DFB
:1099C0004FF0400080F31188BFF34F8FBFF36F8FCC
:1099D000FFF72EFA4FF0000080F3118808BC1968D9
:1099E0000868B0E8F04F1EF0100F08BFB0EC108A06
:1099F00080F30988BFF36F8F704700BFC0B30020AA
:109A0000704700BF002942D0931E222B3FD8F0B5EB
:109A10000A2A8BB035D04FF0000E01AF3B4688B11B
:109A2000B0FBF2F602FB16055FFA85FC092D0CF17E
:109A3000570498BF0CF13004E4B2304603F8014BF0
:109A40000028EDD1302201E003F8012BBB42FBD00E
:109A5000BEF1000F11D10D46BB4209D9681E1A464E
:109A600012F8014D00F8014FBA42F9D19B1A1D447A
:109A7000002308462B700BB0F0BD2D220A704D1C40
:109A8000EAE70028C7DA40424FF0010EC5E70020A0
:109A9000704700BF79B3931E222B2CD8F0B48AB044
:109AA00001AF3C4670B1B0FBF2F602FB1605EBB21B
:109AB000092D94BF30335733DBB2304604F8013BF5
:109AC0000028F0D1302301E004F8013BBC42FBD078
:109AD0000FD94A1E234613F8010D02F8010FBB42AD
:109AE000F9D1E41A0C440023084623700AB0F0BCF4
:109AF00070470C46F7E70020704700BF79B3931E0C
:109B0000222B2CD8F0B48AB001AF3C4670B1B0FB28
:109B1000F2F602FB1605EBB2092D94BF3033573332
:109B2000DBB2304604F8013B0028F0D1302301E0DD
:109B300004F8013BBC42FBD00FD94A1E234613F860
:109B4000010D02F8010FBB42F9D1E41A0C440023C5
:109B5000084623700AB0F0BC70470C46F7E70020B7
:109B6000704700BF0A490B4A0B4B9B1A03DD043BAD
:109B7000C858D050FBDC094809494FF0AD320260AB
:109B800004300439FBD100F037FCECF761FB000036
:109B9000C80A0400006000203C63002000F8032095
:109BA00000080000FEE7FEE7FEE7FEE7FEE7FEE74F
:109BB000FEE7FEE7FEE7FEE708B50020ECF782FBD4
:109BC000F8F7A6FB0E4B43B10E4B7BB1F9F724F926
:109BD00000F0F0FCFCF7F0FFF8E7F9F71DF900F0F2
:109BE000E9FCF9F719F900F0E5FCF6E7F9F714F9E3
:109BF00000F0E0FCF9F710F900F0DCFCF6E700BF3C
:109C000000000000B96B030000B583B000F03EFE19
:109C1000FCF7D2FA0E4B019301234FF480620D49F9
:109C200000930D480023FEF72DFD4FF4407000F027
:109C3000E1FDFEF799FEBFF34F8F0849084BCA6854
:109C400002F4E0621343CB60BFF34F8F00BFFDE728
:109C500054B70020AC070400B99B030000ED00E0FE
:109C60000400FA0538B507480C461546ECF7B4FC75
:109C700000B938BD2A4621460248BDE83840ECF715
:109C800083BB00BF58630020114B1A78EAB90178F2
:109C9000104810B40A464FF0804402F00102C1F3AC
:109CA0004001C4F88015C4F878250268D20706D4AC
:109CB000E021012280F80013C0F880210260012217
:109CC00005481A705DF8044B70470448704700BFA0
:109CD00014BE002000E100E00000AD0B0C00AD0B55
:109CE0000268074B4FF0804010B400214FF46074BD
:109CF000C0F80843196002B11A605DF8044B704760
:109D000060B700204FF080434FF46072C3F8042323
:109D1000704700BF10B54FF0804386B0D3F80443BE
:109D2000620705D5D3F8082103F58473002A4ED1C4
:109D3000A30603D52A4B1A68002A3FD1600603D533
:109D4000284B1A68002A2FD1210602D5264B1A6803
:109D50000ABBE20502D5254B1A6892B9A3050ED5B8
:109D6000234B1A685AB100221A601A68214B0592D7
:109D7000059A1B68022006B0BDE81040184706B0DF
:109D800010BD00221A601B4A1B680493012013684F
:109D9000049A9847E2E700201860164A1B6803936C
:109DA0001368039A9847D4E700221A60124A1B6886
:109DB000029301201368029A9847C5E700201860B3
:109DC0000D4A1B6801931368019A9847B6E7002271
:109DD0001A600A4A1B6800931368009A9847A7E71D
:109DE00014010040180100401C0100402001004007
:109DF0002401004060B700205CB7002058B7002065
:109E00002DE9F04F04799D4DE6003719BF0005EBB1
:109E1000070E83B09EF81CC0BCF1000F40F0E58037
:109E200091F80CC00068EA51CEF80430BCF1010F83
:109E30000B7840F2DE801F2B87BF03F01F08DFF88E
:109E400040E298464FF0A04E012707FA08F7CEF8F7
:109E500008751F2B8BBF03F01F071F46DFF820E29A
:109E60004FF0A04E07F5E0774FF001084EF827803D
:109E70004F78FF2F00F0E9801F2F8ABF07F01F09DE
:109E8000B946DFF8FC81009798BF4FF0A04809F56C
:109E9000E07A4FF0010E0EFA09FE4FF00309C8F800
:109EA0000CE548F82A9091F802E0BEF1FF0F00F0AF
:109EB000D580BEF11F0F91F80EA088BFDFF8C0B1AA
:109EC000CDF804E08EBF0EF01F08F0464FF0A04B17
:109ED00008F5E0784FEA8A0A4BF828A006EB040858
:109EE00005EB880888F820E091F803E088F81FE087
:109EF000BEF1FF0F2AD091F80490F046B9F1000F9F
:109F000040F08680BEF11F0F87BF0EF01F0B5C4F25
:109F1000F3464FF0A0474FF0010A0AFA0BFAC7F8D0
:109F200008A5BEF11F0F86BF0EF01F08DFF850A175
:109F30004FF0A04A08F5E07806EB040E4FF0030B53
:109F400005EB8E0E4AF828B08EF81E9091F80DE0C1
:109F5000C0F80835009BD1F80880C0F80C351EF118
:109F6000000318BF0123019FC0F81075BCF1020F58
:109F7000C0F824857FD0BCF1030F79D0BCF1010F6C
:109F800056D0C0F854358B79C0F8C035002A58D067
:109F900040220723C0F80423C0F800354A79000B9B
:109FA00043B25201002BD1B2C0B25BDB5A0992001E
:109FB00002F1604203F16043012702F5614203F5BB
:109FC000614300F01F0007FA00F083F80013C2F8A5
:109FD00080011060344405EB84052A4800220123E7
:109FE0006A772B7703B0BDE8F08F274803B0BDE850
:109FF000F08F1F2B87BF03F01F08DFF884E098461F
:10A000004FF0A04E012707FA08F7CEF80C7520E7AD
:10A01000BEF11F0F87BF0EF01F0B194FF3464FF015
:10A02000A0474FF0010A0AFA0BFAC7F80CA578E727
:10A0300043F00203C0F854358B79C0F8C035002ACC
:10A04000A6D10723C0F80035C4E791F802E04FF02D
:10A05000FF37BEF1FF0F00977FF42BAF4FF0FF37B4
:10A0600001973BE7094B00F00F0003441976B1E775
:10A0700043F0060385E743F0040382E764B700205A
:10A08000000300500000AD0B0500AD0BFCEC00E040
:10A09000F0B40479294A0368E1000D19AD0056595E
:10A0A000EEB11F0B7EB2002E11DB760920360123A4
:10A0B000DFF89CC007F01F0703FA07F74CF826707B
:10A0C000BFF34F8FBFF36F8F555903683DB1081928
:10A0D00002EB80001A4DC3F80853407F10BB0819EB
:10A0E00002EB800090F82000FF280BD01F288ABFC9
:10A0F00000F01F004FF0A045124D00F5E070022661
:10A1000045F82060104800258342C3F8005502D16D
:10A110000E4B01201860214402EB810200231377CB
:10A12000F0BC704701205861D3F804010028FBD02F
:10A13000081902EB800000254577D0E764B70020BE
:10A14000520108000003005000F0024004F00240F9
:10A1500000E100E02DE9F04F0479644F4FEAC40CB0
:10A160000CEB04039B008646F8180E46417F83B033
:10A17000002940F0918057F803909046B9F1000F04
:10A1800004D012F0140F04BF012343770CEB040535
:10A1900007EB850596E80F0095F81FA005F10C0B5D
:10A1A000BAF1FF0F8BE80F0010D0AA7F5346002AA8
:10A1B00076D0BAF11F0F86BF0AF01F034C494FF04B
:10A1C000A041012202FA03F3C1F8083532686AB1EE
:10A1D00002F06043B3F1005F08D0644407EB8407EA
:10A1E000002344487B7703B0BDE8F08FB16821B10C
:10A1F00001F06043B3F1005FEFD1DEF80030756825
:10A20000F068C3F844250022C3F84855C3F8341554
:10A21000C3F83805C3F81821D3F818210192019A20
:10A2200018F0010218BF0122C3F8502518F00202ED
:10A2300018BF012218F0080FC3F8402504BF0122FF
:10A240001A61B9F1000F0BD02B48402218F0040F0F
:10A2500014BFC3F80823C3F8042303B0BDE8F08F8C
:10A26000D3F81821002AFBD0BAF1FF0F2CD0644498
:10A2700007EB8407BB7F4BB3BAF11F0F84BF0AF013
:10A280001F0A1B4A1C4898BF4FF0A042012303FA43
:10A290000AF3C2F80C35A6E7184803B0BDE8F08F02
:10A2A000BAF11F0F4FF0010288BF0AF01F0302FA34
:10A2B00003F388BF0E49326898BF4FF0A041C1F840
:10A2C0000C35002A84D191E70B488CE7BAF11F0FB7
:10A2D00084BF0AF01F0A064A074898BF4FF0A04201
:10A2E000012303FA0AF3C2F808357CE764B70020BB
:10A2F000000300500A00AD0B0000AD0B0B00AD0BCE
:10A30000194BD3F8182102B970470021174AC3F836
:10A310001811D3F81811D37F82B0FF2B0191019946
:10A320000DD0917F99B11F2B86BF03F01F031048FA
:10A330004FF0A040012101FA03F3C0F80C350023CF
:10A3400053771372D2E900310A4802B018471F2B25
:10A3500086BF03F01F0306484FF0A040012101FA19
:10A3600003F3C0F80835EAE70030024064B7002084
:10A37000000300506CB700201B4BD3F8182102B922
:10A3800070470021194AC3F81811D3F8181192F830
:10A39000433082B0FF2B019101990ED092F8421008
:10A3A000A9B11F2B86BF03F01F0311484FF0A04037
:10A3B000012101FA03F3C0F80C35002382F8413083
:10A3C00082F82C30D2E909310A4802B018471F2B15
:10A3D00086BF03F01F0306484FF0A040012101FA99
:10A3E00003F3C0F80835E8E700F0024064B7002046
:10A3F0000003005090B70020604B1B6830B45C1C19
:10A4000037D05F4A082B126800F08F805B4B5C4AA4
:10A410001B681268082B15D0591C23D0584A1268A3
:10A42000082B12D0574AD2F8883043F47003C2F890
:10A430008830BFF34F8FBFF36F8F534B534A1A606F
:10A4400030BC7047002A00F08280032AEAD84FF01F
:10A450008043D3F80024D20744BF6FF00102C3F851
:10A460000024DFE74A4A4B4B12681B78C2F3031201
:10A47000D6E7484A464B12781B68082AC3F30313F1
:10A4800001D1032B53D9424A424B12681B78C2F3C5
:10A490000312082BBAD1032AB8D84FF080523E4B92
:10A4A000D2F80414C3F82015D2F80814C3F8241500
:10A4B000D2F80C14C3F82815D2F81014C3F82C15D0
:10A4C000D2F81414C3F83015D2F81814C3F83415A0
:10A4D000D2F81C14C3F84015D2F82014C3F8441560
:10A4E000D2F82414C3F84815D2F82814C3F84C1530
:10A4F000D2F82C14C3F85015D2F83014C3F8541500
:10A50000D2F83414C3F86015D2F83814C3F86415BF
:10A51000D2F83C14C3F86815D2F84014C3F86C158F
:10A52000D2F84424C3F8702570E7032A0CD8134BE3
:10A530001B684FF080420021581CC2F80C11C2F871
:10A540001011C2F838159ED00D4A1268A1E7134CBD
:10A550001349144D25601448144AFB24C1F81845CA
:10A5600001681268124C21F00F0102F00F020A4339
:10A570004FF400710260216050E700BF300100100D
:10A580003401001000ED00E0486100200090D0038D
:10A59000E80F00F0E00F00F000C000408C560040D3
:10A5A00000F0004048810300E40E00405802001013
:10A5B0004096024008B5EBF78BFE054B4FF08052FA
:10A5C0005A6040BFBFF34F8FBFF36F8F08BD00BF0E
:10A5D00000ED00E0704700BF704700BF044B036010
:10A5E00010B46423034C0C6013605DF8044B704797
:10A5F000ACB7002000B80020054B036010B44FF446
:10A600008073044C0C6013605DF8044B704700BF0E
:10A6100090B90020E4B9002070B51F4C84B04FF011
:10A62000FF3203A92068FDF74DFB0028F7D00398FF
:10A63000037A4568052B0DD8DFE803F0272A221C92
:10A640001503D0E90361D0E90523C06900903046C5
:10A65000A847039803681BB11846FCF7B9FF039895
:10A66000FCF7B6FFDBE7D0E90523D0E90301A847F3
:10A670000398EFE7D0E90412C068A8470398E9E718
:10A68000D0E90301A8470398E4E7A8470398E1E766
:10A69000C068A8470398DDE7E8BD00202DE9F04336
:10A6A0002D4B2E4C5B6885B0C3F30803019001AFBE
:10A6B0002068002B44D0002339461A46FDF75CFA87
:10A6C00001283AD0DFF89880D8F800000022400036
:10A6D0000421FCF7FFFF064678B3DFF88890D9F82D
:10A6E0000000FEF749F8FEF7F5FF02E03046FDF7FF
:10A6F00033F8002203A92068FDF7E4FA0023054699
:10A70000642203A90028F1D12068FDF723FE26600A
:10A71000FEF7EAFFD9F80000FEF7E0F8D8F80030BD
:10A720000D4A20685B00C8F800305368C3F3080383
:10A73000394653B96422FDF70FF805B0BDE8F08340
:10A7400039466422FDF708F8BAE72B462A46FDF79A
:10A7500013FA05B0BDE8F08300ED00E0E8BD00208D
:10A76000E4BD0020ECBD00202DE9F8439DF8205009
:10A7700006460F4691469846CDB1A8000C30FCF72E
:10A780000DFF044688B10023C0F8049005720360F1
:10A7900006B177B92DB1AA00414604F10C0000F0D2
:10A7A000D3FF2046FFF77AFF0120BDE8F883102091
:10A7B000E5E73846FCF7F2FE81462060A0B13A4654
:10A7C000314600F0C1FF002DEBD0691EC9B208EB85
:10A7D0008101A8F1040353F8042FB24208BFC3F863
:10A7E00000909942F7D1D6E72046FCF7F1FE4846A3
:10A7F000DBE700BF30B540230B4D83B00446002299
:10A80000184604212B60FCF765FF084B08491860C7
:10A810000223CDE90031A2B2002306490648FDF724
:10A8200031FF03B030BD00BFE4BD0020E8BD002013
:10A83000ECBD0020B407040019A6030011DF704727
:10A8400008B50446FFF7FAFF0D4B4FF080414FF07B
:10A85000FF32C3F88020C3F88021C3F88420C3F8F6
:10A860008421C1F81C45BFF34F8F0649064BCA68C7
:10A8700002F4E0621343CB60BFF34F8F00BFFDE7EC
:10A8800000E100E000ED00E00400FA054FF0804335
:10A89000194AD3F80014194830B41160D3F80054A1
:10A8A000D3F80024164C17492A43C3F80024D4F8DF
:10A8B00040250260002401224FF40030C3F81845FF
:10A8C0009A60C1F88000BFF34F8FBFF36F8F0E4CBB
:10A8D00003F588334FF0A0454FF480304FF0FF313F
:10A8E000C3F84803C3F808035A609A60C5F808150E
:10A8F000C4F8081530BC7047F0BD0020F4BD00203E
:10A9000000A0004000E100E00003005008B54E2028
:10A91000FFF796FF16281BD83C4B53F820301F2B0F
:10A9200086BF03F01F033A4A4FF0A0420E290FD80A
:10A93000DFE801F0655F59534D474039322B241D44
:10A94000160F080003F5E07340F2037142F823107C
:10A95000704703F5E07340F2036142F8231070473B
:10A9600003F5E07340F2035142F82310704703F5FA
:10A97000E07340F2034142F82310704703F5E0739F
:10A9800040F2033142F82310704703F5E07340F2C0
:10A99000032142F82310704703F5E07340F20311DE
:10A9A00042F82310704703F5E0734FF4403142F84A
:10A9B0002310704703F5E0734FF4003142F8231081
:10A9C000704703F5E073134942F82310704703F50D
:10A9D000E073114942F82310704703F5E073042136
:10A9E00042F82310704703F5E0730C2142F823105E
:10A9F000704703F5E073032142F82310704703F515
:10AA0000E073002142F82310704700BF08070400DC
:10AA100000030050040002000C000300162811D8A7
:10AA20000A4B53F820301F2B88BF03F01F034FF051
:10AA300001028CBF06484FF0A04002FA03F311B1A7
:10AA4000C0F808357047C0F80C3570470807040097
:10AA500000030050162818D80D4B53F820201F2A49
:10AA60008ABF0C494FF0A04102F01F02D1F8140533
:10AA700001239340034214BFD1F80425D1F81025D7
:10AA8000134214BF0120002070470020704700BF10
:10AA9000080704000003005000F108034FF0FF31E5
:10AAA0000022816002604360C0E90333704700BF49
:10AAB00000230361704700BF4368026810B49C68BC
:10AAC0008C609C684B600132616099605DF8044B5A
:10AAD00008610260704700BF30B40D686B1C11D074
:10AAE00000F1080200E01A4653681C68AC42FAD92B
:10AAF00004684B60013499608A60516008610460A9
:10AB000030BC704702695368F2E700BF4268816851
:10AB1000036910B4916081685C684A601A68844275
:10AB200008BF5960013A002101611A6018685DF898
:10AB3000044B70470B460146184600F071BD0000FB
:10AB400081F0004102E000BF83F0004330B54FEADE
:10AB500041044FEA430594EA050F08BF90EA020F4B
:10AB60001FBF54EA000C55EA020C7FEA645C7FEADE
:10AB7000655C00F0E2804FEA5454D4EB5555B8BF01
:10AB80006D420CDD2C4480EA020281EA030382EA72
:10AB9000000083EA010180EA020281EA0303362D04
:10ABA00088BF30BD11F0004F4FEA01314FF4801CD7
:10ABB0004CEA113102D0404261EB410113F0004FE9
:10ABC0004FEA03334CEA133302D0524263EB4303A0
:10ABD00094EA050F00F0A780A4F10104D5F1200E3E
:10ABE0000DDB02FA0EFC22FA05F2801841F1000199
:10ABF00003FA0EF2801843FA05F359410EE0A5F16D
:10AC000020050EF1200E012A03FA0EFC28BF4CF09D
:10AC1000020C43FA05F3C01851EBE37101F0004553
:10AC200007D54FF0000EDCF1000C7EEB00006EEB60
:10AC30000101B1F5801F1BD3B1F5001F0CD34908EA
:10AC40005FEA30004FEA3C0C04F101044FEA445241
:10AC500012F5800F80F09A80BCF1004F08BF5FEAC8
:10AC6000500C50F1000041EB045141EA050130BDA8
:10AC70005FEA4C0C404141EB010111F4801FA4F14B
:10AC80000104E9D191F0000F04BF01460020B1FAA0
:10AC900081F308BF2033A3F10B03B3F120020CDAD8
:10ACA0000C3208DD02F1140CC2F10C0201FA0CF0B6
:10ACB00021FA02F10CE002F11402D8BFC2F1200C1B
:10ACC00001FA02F120FA0CFCDCBF41EA0C019040D1
:10ACD000E41AA2BF01EB0451294330BD6FEA04041A
:10ACE0001F3C1CDA0C340EDC04F11404C4F1200205
:10ACF00020FA04F001FA02F340EA030021FA04F317
:10AD000045EA030130BDC4F10C04C4F1200220FA6D
:10AD100002F001FA04F340EA0300294630BD21FAAB
:10AD200004F0294630BD94F0000F83F4801306BF71
:10AD300081F480110134013D4EE77FEA645C18BF65
:10AD40007FEA655C29D094EA050F08BF90EA020FFC
:10AD500005D054EA000C04BF1946104630BD91EAF4
:10AD6000030F1EBF0021002030BD5FEA545C05D1F7
:10AD70004000494128BF41F0004130BD14F5800436
:10AD80003CBF01F5801130BD01F0004545F0FE41AA
:10AD900041F470014FF0000030BD7FEA645C1ABFDF
:10ADA000194610467FEA655C1CBF0B46024650EA16
:10ADB000013406BF52EA033591EA030F41F4002142
:10ADC00030BD00BF90F0000F04BF0021704730B5C8
:10ADD0004FF4806404F132044FF000054FF000019D
:10ADE00050E700BF90F0000F04BF0021704730B55E
:10ADF0004FF4806404F1320410F0004548BF404233
:10AE00004FF000013EE700BF42004FEAE2014FEA87
:10AE100031014FEA02701FBF12F07F4393F07F4F62
:10AE200081F06051704732F07F4208BF704793F065
:10AE30007F4F04BF41F40021704730B54FF4607478
:10AE400001F0004521F000411CE700BF50EA01027B
:10AE500008BF704730B54FF000050AE050EA010224
:10AE600008BF704730B511F0004502D5404261EB94
:10AE700041014FF4806404F132045FEA915C3FF4D5
:10AE8000D8AE4FF003025FEADC0C18BF03325FEA72
:10AE9000DC0C18BF033202EBDC02C2F1200300FA23
:10AEA00003FC20FA02F001FA03FE40EA0E0021FA48
:10AEB00002F11444BDE600BF70B54FF0FF0C4CF436
:10AEC000E06C1CEA11541DBF1CEA135594EA0C0FE8
:10AED00095EA0C0F00F0DEF82C4481EA030621EA23
:10AEE0004C5123EA4C5350EA013518BF52EA03355E
:10AEF00041F4801143F4801338D0A0FB02CE4FF010
:10AF00000005E1FB02E506F00042E0FB03E54FF03F
:10AF10000006E1FB03569CF0000F18BF4EF0010E37
:10AF2000A4F1FF04B6F5007F64F5407404D25FEA33
:10AF30004E0E6D4146EB060642EAC62141EA5551E6
:10AF40004FEAC52040EA5E504FEACE2EB4F1FD0C28
:10AF500088BFBCF5E06F1ED8BEF1004F08BF5FEAA6
:10AF6000500E50F1000041EB045170BD06F0004658
:10AF700046EA010140EA020081EA0301B4EB5C0405
:10AF8000C2BFD4EB0C0541EA045170BD41F48011FD
:10AF90004FF0000E013C00F3AB8014F1360FDEBF22
:10AFA000002001F0004170BDC4F10004203C35DAFE
:10AFB0000C341BDC04F11404C4F1200500FA05F381
:10AFC00020FA04F001FA05F240EA020001F0004222
:10AFD00021F0004110EBD37021FA04F642EB060198
:10AFE0005EEA430E08BF20EAD37070BDC4F10C04C2
:10AFF000C4F1200500FA04F320FA05F001FA04F286
:10B0000040EA020001F0004110EBD37041F1000171
:10B010005EEA430E08BF20EAD37070BDC4F120057C
:10B0200000FA05F24EEA020E20FA04F301FA05F2E4
:10B0300043EA020321FA04F001F0004121FA04F28C
:10B0400020EA020000EBD3705EEA430E08BF20EA5C
:10B05000D37070BD94F0000F0FD101F00046400096
:10B0600041EB010111F4801F08BF013CF7D041EA18
:10B07000060195F0000F18BF704703F0004652001C
:10B0800043EB030313F4801F08BF013DF7D043EAED
:10B090000603704794EA0C0F0CEA135518BF95EAA3
:10B0A0000C0F0CD050EA410618BF52EA4306D1D12A
:10B0B00081EA030101F000414FF0000070BD50EA49
:10B0C000410606BF1046194652EA430619D094EAD3
:10B0D0000C0F02D150EA013613D195EA0C0F05D1BD
:10B0E00052EA03361CBF104619460AD181EA030111
:10B0F00001F0004141F0FE4141F470014FF00000C9
:10B1000070BD41F0FE4141F4780170BD70B54FF063
:10B11000FF0C4CF4E06C1CEA11541DBF1CEA1355E3
:10B1200094EA0C0F95EA0C0F00F0A7F8A4EB0504C5
:10B1300081EA030E52EA03354FEA013100F08880BC
:10B140004FEA03334FF0805545EA131343EA126385
:10B150004FEA022245EA111545EA10654FEA00263A
:10B160000EF000419D4208BF964244F1FD0404F5F3
:10B17000407402D25B084FEA3202B61A65EB03054F
:10B180005B084FEA32024FF480104FF4002CB6EB0C
:10B19000020E75EB030E22BFB61A754640EA0C008C
:10B1A0005B084FEA3202B6EB020E75EB030E22BFCC
:10B1B000B61A754640EA5C005B084FEA3202B6EB0D
:10B1C000020E75EB030E22BFB61A754640EA9C00CC
:10B1D0005B084FEA3202B6EB020E75EB030E22BF9C
:10B1E000B61A754640EADC0055EA060E18D04FEA5A
:10B1F000051545EA16754FEA06164FEAC30343EAFA
:10B2000052734FEAC2025FEA1C1CC0D111F4801FC6
:10B210000BD141EA00014FF000004FF0004CB6E7BF
:10B2200011F4801F04BF01430020B4F1FD0C88BF5E
:10B23000BCF5E06F3FF6AFAEB5EB030C04BFB6EB69
:10B24000020C5FEA500C50F1000041EB045170BD5C
:10B250000EF0004E4EEA113114EB5C04C2BFD4EB89
:10B260000C0541EA045170BD41F480114FF0000E0D
:10B27000013C90E645EA060E8DE60CEA135594EA89
:10B280000C0F08BF95EA0C0F3FF43BAF94EA0C0F8C
:10B290000AD150EA01347FF434AF95EA0C0F7FF401
:10B2A00025AF104619462CE795EA0C0F06D152EA55
:10B2B00003353FF4FDAE1046194622E750EA410639
:10B2C00018BF52EA43067FF4C5AE50EA41047FF44A
:10B2D0000DAF52EA43057FF4EBAE12E753B94AB91A
:10B2E000002908BF00281CBF4FF0FF314FF0FF308E
:10B2F00000F072B9ADF1080C6DE904CE00F006F86B
:10B30000DDF804E0DDE9022304B070472DE9F047E1
:10B31000089E04468846002B4BD18A42154667D9C1
:10B32000B2FA82F24AB1C2F1200701FA02F320FA1E
:10B3300007F7954047EA030894404FEA154E230C5F
:10B34000B8FBFEF71FFA85FC0EFB178843EA08439B
:10B3500007FB0CF1994209D9EB1807F1FF3080F097
:10B360001B81994240F21881023F2B445B1AA4B220
:10B37000B3FBFEF00EFB103344EA034400FB0CFC6D
:10B38000A44509D92C1900F1FF3380F00781A445A9
:10B3900040F2048102382C4440EA0740A4EB0C043C
:10B3A00000271EB1D4400023C6E900433946BDE85A
:10B3B000F0878B4209D9002E00F0EB800027C6E908
:10B3C000000138463946BDE8F087B3FA83F7002F0D
:10B3D00047D18B4202D3824200F2FA80841A61EB99
:10B3E000030301209846002EE0D0C6E90048DDE7BF
:10B3F00002B9FFDEB2FA82F2002A40F08F80491BC8
:10B400004FEA154E1FFA85F80127B1FBFEFC230C0D
:10B410000EFB1C1143EA014308FB0CF1994207D9CA
:10B42000EB180CF1FF3002D2994200F2CD80844635
:10B43000591AA3B2B1FBFEF00EFB101443EA044408
:10B4400008FB00F8A04507D92C1900F1FF3302D200
:10B45000A04500F2B6801846A4EB080440EA0C4070
:10B460009FE7C7F1200CBB4022FA0CFE4EEA030E08
:10B4700001FA07F420FA0CF521FA0CF34FEA1E4802
:10B480002543B3FBF8F92C0C08FB19331FFA8EFA8D
:10B4900044EA034309FB0AF49C4202FA07F200FA69
:10B4A00007F10BD91EEB030309F1FF3080F0878011
:10B4B0009C4240F28480A9F1020973441B1BADB287
:10B4C000B3FBF8F008FB103345EA034400FB0AFA2B
:10B4D000A24508D91EEB040400F1FF336BD2A2454C
:10B4E00069D90238744440EA0940A0FB0289A4EB00
:10B4F0000A044C45C2464B4654D351D0002E69D065
:10B50000B1EB0A0564EB030404FA0CFCFD40FC40BB
:10B510004CEA0505C6E90054002747E7C2F12003BD
:10B5200020FA03F7954001FA02F021FA03F34FEAFB
:10B53000154E3843010CB3FBFEF71FFA85F80EFBDE
:10B54000173341EA034107FB08F38B4204FA02F484
:10B5500007D9691807F1FF3C2FD28B422DD9023F42
:10B560002944CB1A81B2B3FBFEF00EFB103341EA43
:10B57000034100FB08F38B4207D9691800F1FF3C37
:10B5800017D28B4215D902382944C91A40EA074715
:10B590003BE73746304609E70746E7E61846FBE64D
:10B5A0004145ABD2B8EB020A69EB0E0201381346F3
:10B5B000A4E76046E9E7184695E76746D1E7814684
:10B5C0007CE702382C4447E7ACF1020C2B442FE710
:10B5D000384608E73746E9E6704700BF1FB51C4606
:10B5E000094B1B680546D86852B1084B0091CDE95C
:10B5F000013207492B46224600F034F801F08EF95B
:10B60000044B1A46F2E700BF4C610020C00704005B
:10B61000CD070400FB0704000A22002101F03EB818
:10B6200010B5054C13462CB10A4601460220AFF373
:10B63000008010BD2046FCE70000000008B5074B65
:10B64000044613B10021AFF30080054B1868836AEC
:10B6500003B19847204603F043F800BF0000000004
:10B66000FC0704000EB403B5014603AB054853F8CC
:10B67000042B0068019300F073F902B05DF804EB4D
:10B6800003B070474C61002070B50D4E0D4CA41BEB
:10B69000A4100025A54209D10B4E0C4C03F022F852
:10B6A000A41BA4100025A54205D170BD56F8253075
:10B6B00098470135EEE756F8253098470135F2E70F
:10B6C0001C6300201C6300201C63002038630020E2
:10B6D00010B5044600F008F82044407800F0080057
:10B6E00010BDD0F8EC007047044B054A1B681B6A7C
:10B6F000002B08BF1346D3F8EC0070474C610020C4
:10B70000B0610020024B0146186800F0A5B800BFE8
:10B710004C610020024B0146186800F04FB800BF92
:10B720004C61002082B001B901A942B14BB113783C
:10B730000B601278101C18BF012002B07047104631
:10B74000FBE76FF00100F8E710B5431E0A44914291
:10B7500000D110BD11F8014B03F8014FF7E7884203
:10B7600010B501EB020307D8421E99420AD011F826
:10B77000014B02F8014FF8E78342F5D98118D21A3C
:10B78000D34200D110BD13F8014D01F8014DF7E788
:10B7900002440346934200D1704703F8011BF9E7C6
:10B7A00038B502FB01F4214600F056F8054618B101
:10B7B00022460021FFF7ECFF284638BD38B5054684
:10B7C000002945D051F8043C0C1F002BB8BFE418E9
:10B7D00002F02EF91F4A1368104633B963601460F3
:10B7E0002846BDE8384002F024B9A3420CD92168AC
:10B7F0006218934204BF1A685B68636004BF521802
:10B8000022600460ECE713465A680AB1A242FAD9F2
:10B8100019685818A0420BD1206801445818824278
:10B820001960DDD1106852685A6001441960D7E789
:10B8300002D90C232B60D3E7206821188A4204BF69
:10B8400011685268626004BF091821605C60C7E734
:10B8500038BD00BFF8BD002070B5CD1C25F0030534
:10B8600008350C2D38BF0C25002D064601DBA942FA
:10B8700003D90C233360002070BD02F0D9F8214AAF
:10B880001468214691B9204C23681BB9304600F05A
:10B89000DFFD20602946304600F0DAFD431C24D14C
:10B8A0000C233360304602F0C4F8E4E70B685B1BFE
:10B8B00018D40B2B0FD90B60CD50CC18304602F0AA
:10B8C000B8F804F10B00231D20F00700C31AD3D0F1
:10B8D0005A42E250D0E78C424B6816BF6360136057
:10B8E0000C46EBE70C464968CCE7C41C24F0030483
:10B8F000A04205D0211A304600F0AAFD0130CFD079
:10B900002560DBE7F8BD0020FCBD00209368013B0B
:10B91000002B10B4936008DA9469A34201DB0A2972
:10B9200003D15DF8044B00F02BBF1368581C106066
:10B93000197008465DF8044B7047F8B506460F4687
:10B940001446D518AC4201D1002007E03A4614F85D
:10B95000011B3046FFF7DAFF431CF3D1F8BD0000AE
:10B960002DE9F04F9DB00C4617460393064618B1DB
:10B9700083690BB901F010FF7B4B9C4257D174686F
:10B98000A38918075DD52369002B5AD0002309939A
:10B9900020238DF8293030238DF82A304FF0010B09
:10B9A000B846454615F8013B0BB1252B54D1B8EBF1
:10B9B000070A0BD053463A4621463046FFF7BDFFF3
:10B9C000013000F0C280099B5344099398F800307D
:10B9D000002B00F0BA8000234FF0FF32CDE90523A1
:10B9E000049307938DF853301A93A846052218F84C
:10B9F000011B5E4801F0CCFF049B78BBD90644BF15
:10BA000020228DF853201A0744BF2B228DF8532093
:10BA10002A782A2A2AD0079AA84600200A254146D1
:10BA200011F8013B303B092B69D960B324E0504B3E
:10BA30009C4201D1B468A3E74E4B9C4208BFF46816
:10BA40009EE72146304600F0FBFE00289ED04FF0D6
:10BA5000FF301DB0BDE8F08FA846A2E7434A801A28
:10BA60000BFA00F0184304904546BEE7039A111DF7
:10BA700012680391002A01DB079204E0524243F06E
:10BA800002030792049398F800302E2B0ED198F8F9
:10BA900001302A2B38D1039B1A1D1B680392002BFF
:10BAA000B8BF4FF0FF3308F102080593324D98F804
:10BAB00000100322284601F06BFF40B14023401BD9
:10BAC00003FA00F0049B034308F10108049398F87B
:10BAD00000102A488DF82810062208F1010701F00D
:10BAE00057FF002837D0264B1BBB039B073323F09F
:10BAF000070308330393099B4B44099350E705FB65
:10BB00000232012088468AE7002308F101080593E4
:10BB100019460A25404610F8012B303A092A03D964
:10BB2000002BC3D00591C1E705FB0121012380460D
:10BB3000F0E703AB00932246124B04A9304600F015
:10BB4000B7F8B0F1FF3F8146D5D1A3895B063FF539
:10BB50007EAF09987DE703AB00932246094B04A909
:10BB6000304600F05BFBECE7800904000A080400A3
:10BB7000A00904006009040010080400140804006F
:10BB8000B1BC03003BB903002DE9FF4755EC104B56
:10BB90000D9FDDF830A0002D0E4691461946B8BF26
:10BBA00022462B4627F02007BBBF05F100431D4668
:10BBB00000232D23B8BF1446462F0B7004D0452F09
:10BBC00000D10136022100E0032103AB019302AB57
:10BBD00000933246534645EC104B00F035FF472F9B
:10BBE000804602D119F0010F26D0462F08EB060936
:10BBF00011D198F80030302B0AD1002200232046C2
:10BC0000294602F0B7FC18B9C6F10106CAF800606F
:10BC1000DAF800309944002200232046294602F039
:10BC2000A9FC38B93022039B4B4505D2591C03911E
:10BC30001A70F8E7CDF80C90039B0E9AA3EB08035B
:10BC40004046136004B0BDE8F087F7B5002904460C
:10BC5000BABF49422D232B23092904F8022B437034
:10BC600020DD0DF107031F460A2691FBF6F506FBC2
:10BC700015113031092D03F8011C03F1FF3229465B
:10BC800009DC3031023B02F8011CBB42224604D3DE
:10BC9000101A03B0F0BD1346E7E713F8012B04F8C0
:10BCA000012BF2E7302319448370021DC170EFE7C6
:10BCB0002DE9F04F8DB00C46DDF8588016461F4632
:10BCC000054601F0F3FD03680493184600F023FCD9
:10BCD00000230A93D8F800300590073323F00703B8
:10BCE00003F1080294F818A0D4F800B0C8F80020B6
:10BCF000D3E90023C4E91223D4E9128929F00043CF
:10BD00000793CDF818804FF0FF32A74BDDE906010D
:10BD100002F062FC70BB4FF0FF32A34BDDE906017D
:10BD200002F03CFC30BB002200234046494602F0B2
:10BD30002BFC10B12D2384F843309C4A9C4BBAF164
:10BD4000470F8CBF9046984603232BF004022361D3
:10BD500022604FF00009009733460BAA214628467F
:10BD600000F0E6F9013040F08D804FF0FF300DB06B
:10BD7000BDE8F08F42464B464046494602F02CFC57
:10BD800010B18C4A8C4BDAE761684B1C4BF4806233
:10BD90000AA83ED1062363600023CDE9020309AB64
:10BDA000009349EC108B0DF123032260CDF804A021
:10BDB00061682846FFF7E8FE0AF0DF03472B80465C
:10BDC00009D1099BD81C02DB6268934247DDAAF1C6
:10BDD000020A5FFA8AFABAF1650F099924D8013983
:10BDE000524604F150000991FFF72FFF0A9A1318E9
:10BDF000012A8146236102DC2268D10701D5013383
:10BE000023619DF82330002BA5D02D2384F84330E7
:10BE1000A1E7BAF1670F00F07781BAF1470FBBD104
:10BE20000029B9D10123B6E7BAF1660F19D100296B
:10BE300063680CDD216113B92268D20702D5013392
:10BE40000B442361099BA3654FF00009D9E713B99F
:10BE50002268D00701D50233F3E70123F1E74FF061
:10BE6000670ADDE90932934205DB22682361D107C5
:10BE7000E8D50133E5E7002BD4BFC3F1020301236A
:10BE80001344DEE723685A0507D423694246314646
:10BE90002846B84701302BD167E7BAF1650F40F269
:10BEA000DC8000220023D4E9120102F063FB0028A9
:10BEB00033D00123414A31462846B84701303FF488
:10BEC00054AFDDE909239A4202DB2368D8070FD576
:10BED000DDE9042331462846B84701303FF445AF39
:10BEE0004FF0000804F11A090A9B013B434509DCA5
:10BEF00023689B0700F10381E0680B9B9842B8BF61
:10BF0000184634E701234A4631462846B8470130EF
:10BF10003FF42BAF08F10108E6E7099B002B2BDC6F
:10BF20000123264A31462846B84701303FF41DAF69
:10BF3000099B23B90A9B13B92368D907D8D5DDE932
:10BF4000042331462846B84701303FF40EAF4FF086
:10BF5000000904F11A0A099B5B424B4501DC0A9B6C
:10BF600094E70123524631462846B84701303FF452
:10BF7000FCAE09F10109EEE70A9AA36D9A42A8BF47
:10BF80001A46002A914607DD1346314642462846A6
:10BF9000B84701303FF4E9AE04F11A034FF0000B4B
:10BFA00029EAE979069315E0FFFFEF7F1F080400F7
:10BFB0001B08040027080400230804002B080400C1
:10BFC0000123069A31462846B84701303FF4CDAEEA
:10BFD0000BF1010BD4F858A0AAEB09035B45EFDC89
:10BFE000DDE909239A42D04415DB2368DA0712D42D
:10BFF0000A9B0999A3EB0A02A3EB010A9245A8BF89
:10C000009246BAF1000F0EDC4FF000082AEAEA7AF5
:10C0100004F11A0919E0DDE9042331462846B8473E
:10C020000130E5D1A1E65346424631462846B8479D
:10C030000130E9D199E601234A4631462846B847FE
:10C0400001303FF492AE08F10108DDE909239B1AA3
:10C05000A3EB0A034345EEDC4AE70A9A012A01DC16
:10C06000DB073AD50123424631462846B84701301E
:10C070003FF47BAEDDE9042331462846B847013062
:10C0800008F101083FF471AE0A9B002203F1FF3A68
:10C09000D4E91201002302F06DFAC8B953464246B2
:10C0A00031462846B84701300ED15EE6012352469C
:10C0B00031462846B84701303FF457AE08F1010831
:10C0C0000A9B013B4345F1DC4B4604F15002DEE69E
:10C0D0004FF0000804F11A0AF2E70123DFE7012319
:10C0E0004A4631462846B84701303FF43EAE08F193
:10C0F0000108E3680B9A9B1A4345F0DCFCE64FF01D
:10C10000000804F11909F4E700293FF48BAE00237D
:10C11000CDE9020309AB009349EC108B2260CDF806
:10C1200004A00DF123032846FFF72EFD804648E6C4
:10C130002DE9F04791461F468A680B69DDF820809B
:10C140009342B8BF1346C9F8003091F84320064621
:10C150000C4612B10133C9F800302368990642BF7A
:10C16000D9F800300233C9F80030256815F006050B
:10C1700007D104F1190AE368D9F800209B1AAB42F1
:10C1800028DC94F843302268003318BF012392065C
:10C190002DD404F1430239463046C047013020D047
:10C1A0002368E568D9F8002003F00603042B08BFD4
:10C1B000AD1AA36822690CBF25EAE57500259342F4
:10C1C000C4BF9B1AED184FF000091A344D451AD11F
:10C1D000002008E00123524639463046C04701306E
:10C1E00003D14FF0FF30BDE8F0870135C3E7E11818
:10C1F0005A1C302081F84300224494F8451082F8FC
:10C2000043100233C5E70123224639463046C04772
:10C210000130E6D009F10109D8E700002DE9F0432B
:10C2200001F1430C0C46097E85B06E29174606467F
:10C2300098460C9A00F0B38022D8632936D00AD8E9
:10C24000002900F0B980582900F0838004F14205EC
:10C2500084F8421032E0642901D06929F6D12068BF
:10C260001368050603F104012AD51B681160002B31
:10C2700003DA2D225B4284F843206F480A2239E01A
:10C28000732900F09D8008D86F2920D07029DDD156
:10C29000236843F02003236003E0752917D0782931
:10C2A000D4D1782384F84530644855E01368191DCB
:10C2B0001B68116004F1420584F8423001238CE0D0
:10C2C0001B68116010F0400F18BF1BB2CFE7136856
:10C2D0002568181D1060280601D51B6802E0680655
:10C2E000FBD51B8854486F2914BF0A22082200215D
:10C2F00084F843106568A560002DC0F29580216820
:10C3000021F004012160002B3DD1002D40F08E80F2
:10C310006546082A0BD12368DB0708D523696268C4
:10C320009A42DEBF302305F8013C05F1FF35ACEB46
:10C3300005032361CDF800803B4603AA2146304621
:10C34000FFF7F6FE01304DD14FF0FF3005B0BDE8EC
:10C35000F083394884F84510136821681D1D1B6857
:10C3600015600A060BD5CA0744BF41F020012160C1
:10C370001BB9226822F0200222601022B7E74D0686
:10C3800048BF9BB2EFE76546B3FBF2F102FB113306
:10C39000C35C05F8013D0B460029F5D1B9E71368E8
:10C3A00025686169181D106028061B6801D5196091
:10C3B00002E06A06FBD51980002323616546B9E7D0
:10C3C0001368191D11601D6862680021284601F07C
:10C3D000DFFA08B1401B606063682361002384F8C2
:10C3E0004330A7E723692A4639463046C047013023
:10C3F000AAD023689B0713D4E068039B9842B8BF78
:10C400001846A3E701234A4639463046C047013063
:10C410009AD00135E368039A9B1AAB42F2DCEBE752
:10C42000002504F11909F5E7002BACD1037884F855
:10C43000423004F142056CE72D0804003E08040078
:10C44000024B0A460146186801F0D0BD4C6100203D
:10C4500038B5064C002305460846236002F032F941
:10C46000431C02D1236803B12B6038BD24BE0020D9
:10C470000CB430B5174B0C1E9DB01D6808DA8B2329
:10C480002B604FF0FF301DB0BDE8304002B0704768
:10C490004FF40273ADF8143014BF04F1FF33234698
:10C4A000049307934FF6FF7302900690ADF8163091
:10C4B000209A21AB02A92846019301F017FE431CE4
:10C4C000BCBF8B232B60002CDDD0029B00221A7096
:10C4D000D9E700BF4C610020C9B2034610F8012B18
:10C4E0001AB18A42F9D118467047002918BF0023B3
:10C4F000F9E710F8012B11F8013B012A28BF9A42F5
:10C50000F7D0D01A7047034611F8012B03F8012B1E
:10C51000002AF9D17047034613F8012B002AFBD1FA
:10C52000181A0138704710B56AB10139841810F82B
:10C53000013B11F8012F934203D1A04201D0002BFF
:10C54000F5D1981A10BD1046FCE738B503460D46E4
:10C5500069B9BDE83840FFF7BFBF431C0446294610
:10C560001846FFF7B9FF0028F7D1204638BD002450
:10C57000F5E7F0B503787BB1044623782046661CC6
:10C580007BB14A1E631E12F8015F4DB113F8017FA3
:10C59000AF423446F7D0F0E70B78002B18BF0020ED
:10C5A000F0BD1846FCE72DE9F047804689469246E3
:10C5B0001E460F463D46089815F8014BFFF791F8C7
:10C5C0002044437813F0080332D12D2C32D17C78EB
:10C5D000BD1C0122002E5DD0102E09D1302C07D1B8
:10C5E0002B7803F0DF03582B4FD16C7810260235DF
:10C5F000002A14BF4FF000416FF000410027B1FB4B
:10C60000F6FC384606FB1C1EA4F13003092B17D894
:10C610001C46A64223DD7B1C07D084451CD301D1D8
:10C62000A64519DB00FB0640012715F8014BEBE797
:10C630002F46BFE72B2C04BFBD1C7C781A46C9E7E8
:10C64000A4F14103192B01D8373CE2E7A4F16103BF
:10C65000192B04D8573CDCE74FF0FF37E5E77B1C8C
:10C6600008D12223C8F800300846BAF1000F07D1DC
:10C67000BDE8F08702B14042BAF1000FF8D00FB127
:10C6800005F1FF39CAF80090F2E73024002EAFD14F
:10C690000826ADE7302CA3D00A26A9E7084B37B50A
:10C6A0001C68084D236A002B08BF2B4600931346D5
:10C6B0000A4601462046FFF776FF03B030BD00BFB3
:10C6C0004C610020B0610020024B01461868FFF762
:10C6D000BFBE00BF4C61002010B50446FFF704F850
:10C6E0002044437803F00303012B08BF2034204685
:10C6F00010BD10B50446FEF7F7FF2044437803F061
:10C700000303022B08BF203C204610BD30B5141E89
:10C7100005469BB0184605DA8B232B604FF0FF309F
:10C720001BB030BD4FF40273ADF80C3014BF04F1F0
:10C73000FF332346029305934FF6FF730091049154
:10C74000ADF80E3002461E9B6946284601F0CEFC2D
:10C75000431CBCBF8B232B60002CE1D0009B00222C
:10C760001A70DDE707B5009313460A4601460348F1
:10C770000068FFF7CBFF03B05DF804FB4C610020BD
:10C78000F8B50E461446054618B183690BB901F099
:10C7900003F8214B9C422AD16C68A369A360A3894A
:10C7A0001A072ED5236963B323692068C01A636909
:10C7B000F6B28342374604DC2146284600F082FF69
:10C7C00028BBA368013BA36023685A1C22601E702B
:10C7D00063690130834204D0A389DB0719D50A2E8F
:10C7E00017D12146284600F06DFF90B10FE00B4BAA
:10C7F0009C4201D1AC68D0E7094B9C4208BFEC6871
:10C80000CBE72146284600F01BF80028CCD04FF09B
:10C81000FF373846F8BD00BF80090400A0090400B6
:10C820006009040049B1FF2A85BF8A2303600A70AA
:10C830004FF0FF3098BF0120704708467047000056
:10C84000324B70B51D6806460C4625B1AB6913B96D
:10C85000284600F0A1FF2E4B9C420FD16C68B4F922
:10C860000C309AB215072CD4D00611D409223260AC
:10C8700043F04003A3814FF0FF303EE0254B9C4244
:10C8800001D1AC68EBE7244B9C4208BFEC68E6E7BB
:10C89000510712D5616B41B104F14403994202D0B2
:10C8A0003046FEF78BFF00236363A38923F0240344
:10C8B000A3810023636023692360A38943F00803F5
:10C8C000A38123694BB9A38903F42073B3F5007FD7
:10C8D00003D02146304601F01BF8A28912F0010373
:10C8E0000CD00023A36063695B42A361236953B941
:10C8F000B4F90C3013F08000BAD170BD920758BF64
:10C900006369A360F2E70020F7E700BF4C610020F5
:10C9100080090400A00904006009040008B506208D
:10C9200001F002FD012001F0DBFE2DE9F74F036964
:10C930000C69A3428046C0F28280013C01F11407D9
:10C940004FEA840C00F1140657F8245056F82400DE
:10C9500006EB0C03013507EB0C090193B0FBF5F571
:10C9600095B34FF0000A3846B646D34650F8042B2C
:10C9700093B205FB03A34FEA134A9BB2ABEB03034D
:10C98000120CDEF800B005FB02A213FA8BF34FEA9B
:10C99000124A1FFA82FBDEF80020CBEB124202EBB8
:10C9A00023429BB243EA024381454FEA224B4EF8B1
:10C9B000043BDBD256F80C3033B9019B043B9E425A
:10C9C0001A4630D3C8F81040404601F049FA002812
:10C9D00025DB013530464FF0000C57F8042BD0F81A
:10C9E00000E093B2ACEB0303120C13FA8EF3C2EB2C
:10C9F0001E4202EB23429BB243EA0243B9454FEA8F
:10CA0000224C40F8043BE8D256F8242006EB84037D
:10CA10002AB9043B9E421A460BD3C8F81040284658
:10CA200003B0BDE8F08F1268043B002ACAD1013C74
:10CA3000C5E71268043B002AEFD1013CEAE7002079
:10CA4000EEE70000000000002DE9F04F57EC106BFE
:10CA500097B0456A069104460B921293DDF88080E8
:10CA6000CDE900673DB91020FAF798FD6062C0E992
:10CA700001550560C560636A196851B15A684A601A
:10CA8000012393408B60204601F008F8636A00227E
:10CA90001A603B1EBBBF23F0004301930023012219
:10CAA000ACBFC8F80030C8F80020AF4BDDF80480F8
:10CAB00033EA080314D1129A42F20F731360009BF9
:10CAC00023B9C8F31300002800F04285219BDFF84A
:10CAD000ACB2002B00F044850BF1030300F03EBD27
:10CAE000DDE90067002200233046394601F042FDAF
:10CAF000814668B1129A01231360219B002B00F03C
:10CB000024859A4B219A03F1FF3B136000F028BD66
:10CB100014AA15A947EC106B204601F018FAC8F3C7
:10CB20000A550490002D7CD0C7F3130343F07F5BBC
:10CB3000B2464BF4401BA5F2FF35CDF84C900022D5
:10CB40008B4B50465946FDF7FFFF81A3D3E90023E5
:10CB5000FEF7B2F980A3D3E90023FDF7F7FF0646FD
:10CB600028460F46FEF73EF97DA3D3E90023FEF7E2
:10CB7000A3F902460B4630463946FDF7E7FF064665
:10CB80000F4601F03FFD0022824600233046394621
:10CB900001F0FAFC48B15046FEF724F932463B4614
:10CBA00001F0E8FC08B90AF1FF3ABAF1160F59D8BA
:10CBB000704901EBCA01DDE90023D1E9000101F070
:10CBC00001FD002850D00AF1FF3A00230F93149B77
:10CBD0005D1BB5F1010849BFC5F1010300230593B1
:10CBE0004FF0000858BF0593BAF1000F3EDB002359
:10CBF000D044CDF838A00793069B092B00F2908013
:10CC0000052BC4BF043B0693069BA3F10203CCBFD4
:10CC100000250125032B00F28F80DFE803F07D7FE4
:10CC20003171DDE914531D4405F23240202813DD33
:10CC3000C0F14000009B08FA00F805F2124023FA08
:10CC400000F048EA0000FEF7BDF801238246A1F19A
:10CC5000F87B013D139372E7009BC0F1200003FABB
:10CC600000F0F0E70123B1E70F90B0E7059BA3EBDD
:10CC70000A030593CAF10003079300230E93BBE751
:10CC800001230A930B9B002B59DD02939946666A98
:10CC900000227260042202F114009842716853D994
:10CCA000204600F0C7FE636A3060B9F10E0FD3F87A
:10CCB00000B000F2E680002D00F0E3809DED007BE7
:10CCC000BAF1000F8DED107B74DD2A4A0AF00F03D4
:10CCD00002EBC30393ED007B4FEA2A16F0068DEDBD
:10CCE000087B65D5244BDDE91001D3E90823FEF765
:10CCF0000DFACDE9000106F00F0603251E4F4CE0AA
:10CD000001230A930B9B534403F1010902934B4601
:10CD1000012BB8BF0123BAE70023B2E70023F0E7F5
:10CD20000125002306930A954FF0FF33029399469D
:10CD3000002212230B92AAE701230A93F4E70123AE
:10CD4000029399461A46F5E7013171605200A2E755
:10CD500061436F63A787D23FB3C8608B288AC63F01
:10CD6000FB799F501344D33F0000F07F2C08040050
:10CD70000000F83FE8090400C00904005909040054
:10CD8000F10708D5DDE90801D7E90023FEF794F89B
:10CD9000CDE90801013576100837002EF0D1DDE924
:10CDA0000823DDE90001FEF7B1F9CDE900011AE041
:10CDB0000225A3E700F0A080CAF100069F4BA04F18
:10CDC00006F00F0203EBC203D3E90023DDE91001F3
:10CDD000FEF772F8CDE90001361100230225002E7E
:10CDE0007FD1002BE1D10F9B002B00F08780DDE984
:10CDF00000670022934B3046394601F0C5FB0028FE
:10CE00007CD0B9F1000F79D0029B002B35DD0AF1FF
:10CE1000FF330893394600228B4B3046FEF74CF81F
:10CE2000CDE90001029F01352846FDF7DBFFDDE972
:10CE30000023FEF741F80022844BFDF787FE0546EC
:10CE4000A1F15076002F5DD10022814BDDE9000178
:10CE5000FDF77AFE2A463346CDE9000101F0B2FB28
:10CE6000002840F088822A4606F10043DDE90001EF
:10CE700001F08AFB002840F07C82DDE91023CDE937
:10CE80000023159B002BC0F25081BAF10E0F00F366
:10CE90004C816A4B03EBCA0393ED007B0B9B002B89
:10CEA0008DED027B80F2D880B9F1000F00F3D480C1
:10CEB00040F05E820022664B51EC170BFDF7FCFF41
:10CEC000DDE9002301F074FB4F464E46002840F098
:10CED000348231230BF101058BF800300AF1010A8D
:10CEE0002FE2F20705D5D7E90023FDF7E5FF01356D
:10CEF00001237610083772E7022574E7CDF820A0E9
:10CF00004F4691E74D4B03EBC70353E902010A9BE0
:10CF1000002B47D002460B4600204E49FEF7F6F89C
:10CF20002A463346FDF710FECDE90C015D46DDE9EA
:10CF3000000101F067FB0646FDF754FF02460B4671
:10CF4000DDE90001FDF700FE303605F8016BDDE993
:10CF50000C23CDE9000101F017FB002863D1DDE9C6
:10CF6000002300203749FDF7EFFDDDE90C2301F038
:10CF70000BFB002840F0B780A5EB0B039F427FF727
:10CF80007CAF0022304BDDE90C01FDF795FF00225C
:10CF9000CDE90C012C4BDDE90001FDF78DFFCDE95A
:10CFA0000001C4E72A463346FDF786FFCDE90C01B0
:10CFB0000BEB07055E46DDE9000101F023FB0746A8
:10CFC000FDF710FF303702460B46DDE90001FDF7A3
:10CFD000BBFD06F8017BAE42CDE900014FF0000237
:10CFE00026D11C4BDDE90C01FDF7B0FD02460B46D6
:10CFF000DDE9000101F0E6FA002874D1DDE90C2337
:10D0000000201449FDF7A0FD02460B46DDE90001B2
:10D0100001F0BAFA00283FF430AF15F8013C302B8C
:10D0200005F1FF3202D0DDF820A04AE01546F4E712
:10D03000054BFDF741FFCDE90001BCE7E80904001D
:10D04000C00904000000F03F0000244000001C4024
:10D05000000014400000E03FDDE900675D46DDE9C7
:10D06000022330463946FEF751F801F0CBFA8046EC
:10D07000FDF7B8FEDDE90223FDF71EFF02460B4671
:10D080003046394608F13006FDF75EFD05F8016BC4
:10D09000A5EB0B06B14502460B4639D1FDF756FD0F
:10D0A000DDE9022306460F4601F08CFAC8B9DDE936
:10D0B00002233046394601F05DFA10B118F0010F35
:10D0C0000FD10499204600F0E9FC0023129A2B703E
:10D0D0000AF101031360219B002B00F041821D60C7
:10D0E0003EE2CDF820A015F8012C392A05F1FF33D6
:10D0F00008D19B450AD1089B0133089330238BF854
:10D1000000305B461A7801321A708CE71D46EAE758
:10D1100000229B4BFDF7D0FE0022002306460F465F
:10D1200001F028FA00289AD0CBE70A9A002A00F0EA
:10D130008B80069A012A6EDC139A002A67D003F2CC
:10D140003343079F059D059A01211A442046059205
:10D15000984400F043FD0646002D0CDDB8F1000FA9
:10D1600009DD4545059A2B46A8BF4346D21A0592CC
:10D17000ED1AA8EB0308079BEBB10A9B002B67D0C5
:10D180008FB131463A46204600F0C8FD049A014668
:10D190000646204600F02BFD04990890204600F03A
:10D1A0007DFC089B0493079BDA1B04D0049920465E
:10D1B00000F0B4FD04900121204600F00FFD0E9B0D
:10D1C0000746002B00F0D0811A460146204600F0A9
:10D1D000A5FD069B012B074640DC009B002B39D1A7
:10D1E000019BC3F31303002B36D1019B23F00043B3
:10D1F0001B0D1B052BB1059B0133059308F101089D
:10D20000012307930E9B002B2AD1012030E0149BB1
:10D21000C3F1360395E7079B09F1FF37BB42BFBF58
:10D22000079B0797FA1A0E9BBBBF9B180E93DF1B39
:10D230000027B9F1000FB5BF059B059DA3EB0905BC
:10D240004B46B8BF00237EE7079F059D0A9E83E7F4
:10D25000079AABE70023D4E7009BD2E700230793AC
:10D260003B6907EB8303186900F06AFCC0F12000FA
:10D27000404410F01F0047D0C0F12003042B3BDDD9
:10D28000059BC0F11C000344059305448044059BA5
:10D29000002B05DD1A460499204600F08DFD049010
:10D2A000B8F1000F05DD39464246204600F084FD06
:10D2B00007460F9B53B33946049800F0D1FD002870
:10D2C00024DA00230A220499204600F0FEFB0A9B80
:10D2D00004900AF1FF3A002B00F04D810023314603
:10D2E0000A22204600F0F1FB029B002B06464FDC91
:10D2F000069B022B4CDD11E0C9D0059A1C331A4461
:10D3000005921D449844C2E70346F6E7B9F1000FC1
:10D3100038DC069B022B35DDCDF80890029B63B903
:10D3200039460522204600F0D0FB01460746049806
:10D3300000F096FD00283FF7CCAD0B9B5D466FEAF1
:10D34000030A4FF000093946204600F0A7FB002EE3
:10D350003FF4B7AEB9F1000F05D0B14503D049464F
:10D36000204600F09BFB3146204600F097FBA8E6E4
:10D3700000273E46E1E7DDF820A03E46A9E500BFD4
:10D38000000024400A9BCDF80890002B00F0FA80A2
:10D39000002D05DD31462A46204600F00DFD0646EB
:10D3A000079B002B4CD07168204600F043FB32698C
:10D3B00002320546920006F10C010C30FEF7C4F96A
:10D3C00001222946204600F0F7FC009BCDF814B05E
:10D3D00003F00103B1460793064639460498FFF768
:10D3E000A4FA4946054600F13008049800F038FDDB
:10D3F000324600903946204600F04CFDC368024694
:10D4000003BB01460890049800F02AFD089A0346E1
:10D4100011462046089300F041FB089BA3B9069AE9
:10D4200092B9079A82B9B8F1390F29D0009B002B25
:10D4300001DD05F13108059B5D1C83F8008082E762
:10D440003046C2E70123E3E7009A002A04DB25D136
:10D45000069A1ABB079A0ABB002BECDD012204993D
:10D46000204600F0A9FC3946049000F0F9FC0028A1
:10D4700003DCE0D118F0010FDDD0B8F1390FD8D1BD
:10D48000059B059A5D1C3923137015F8013C392B57
:10D4900005F1FF324FD00133137054E7059A002B8A
:10D4A00002F1010506DDB8F1390FE9D008F10108F4
:10D4B000059BC2E7029A05F8018CA5EB0B0393428A
:10D4C00021D000230A220499204600F0FEFAB1453B
:10D4D00004904FF000034FF00A024946204605D160
:10D4E00000F0F3FA81460646059576E700F0EDFA7E
:10D4F0003146814600230A22204600F0E6FA06461D
:10D50000F2E74FF0000901220499204600F054FC94
:10D510003946049000F0A4FC0028B6DC02D118F0D3
:10D52000010FB2D115F8013C302B05F1FF327FF429
:10D530000AAF1546F6E7934505D131230AF1010AF2
:10D540008BF80030FFE615469FE7DFF864B007E090
:10D55000219BDFF860B01BB10BF10803219A136027
:10D56000584617B0BDE8F08F069B012B7FF735AE0C
:10D570000E9B079349E6029B002B03DC069B022BC4
:10D580003FF7CCAE5D4639460498FFF7CEF900F17F
:10D59000300805F8018B029AA5EB0B039A42B0DD27
:10D5A00000230A220499204600F08FFA0490EAE74B
:10D5B0002B080400500904008A892DE9F041054632
:10D5C00010070C4658D44B68002B05DC0B6C002B65
:10D5D00002DC0020BDE8F081E66A002EF9D00023CD
:10D5E00012F480522F68216A2B6032D0606DA389BB
:10D5F0005A0705D56368C01A636B0BB1236CC01A58
:10D6000000230246E66A216A2846B047431CA389E4
:10D6100006D129681D2948D8294ACA40D60744D5C9
:10D6200000226260D9042269226004D5421C01D123
:10D630002B6803B96065616B2F600029C9D004F1C4
:10D640004403994202D02846FEF7B8F800206063F0
:10D65000C0E701232846B047411CC8D12B68002BE6
:10D66000C5D01D2B01D0162B01D12F60B1E7A389A6
:10D6700043F04003A381ADE70F69002FA9D09307C2
:10D680000E6808BF4B690F6018BF0023A6EB0708A0
:10D690008B60B8F1000F9CDD43463A46216AA66ACA
:10D6A0002846B047002806DCA38943F04003A38145
:10D6B0004FF0FF308EE70744A8EB0008E9E700BF12
:10D6C0000100402038B50B6905460C46DBB118B1A6
:10D6D00083690BB900F060F80C4B9C4209D16C686F
:10D6E000B4F90C307BB121462846BDE83840FFF73D
:10D6F00063BF074B9C4201D1AC68F1E7054B9C42EC
:10D7000008BFEC68ECE7002038BD00BF80090400CA
:10D71000A009040060090400002310B50446C0E914
:10D720000033836081814366C281C0E90433836131
:10D73000194608225C30FEF72BF8054B6362054B57
:10D74000A362054BE362054B2462236310BD00BF57
:10D7500061E3030083E30300BBE30300DFE30300B3
:10D76000014900F085B800BFC5D6030070B54A1E58
:10D77000682555430E4605F17401FEF76DF8044621
:10D7800040B10021C0E900160C30A06005F168022C
:10D79000FDF7FEFF204670BD836910B5044633BB1C
:10D7A000C0E912330365124B124A1B688262984229
:10D7B00004BF0123836100F01FF86060204600F081
:10D7C0001BF8A060204600F017F80022E06004215A
:10D7D0006068FFF7A1FF01220921A068FFF79CFF05
:10D7E00002221221E068FFF797FF0123A36110BD19
:10D7F000FC07040061D70300F8B51B4B1E68B36932
:10D80000074613B93046FFF7C7FF4836D6E901345B
:10D81000013B03D5336833B13668F7E7B4F90C50F0
:10D820006DB16834F4E704213846FFF79FFF30609C
:10D830000028F1D10C233B6004462046F8BD0B4B79
:10D840006566C4E90055A560C4E90335C4E905551A
:10D850000822294604F15C00FDF79AFFC4E90D5542
:10D86000C4E91255E9E700BFFC0704000100FFFF0F
:10D870002DE9F8438046894600F14804002614B992
:10D880003046BDE8F883D4E90175013F01D524682D
:10D89000F5E7AB89012B07D9B5F90E30013303D079
:10D8A00029464046C84706436835EEE7044B1B68E7
:10D8B000186A044B002808BF1846F030704700BFB4
:10D8C0004C610020B061002070B50E46B1F90E1019
:10D8D000002996B014461D4607DA00232B60B38951
:10D8E0001A0610D44FF480630EE06A4600F09EFDE5
:10D8F0000028F2DB019A02F47042A2F500535A426A
:10D900005A412A60EEE740230020236016B070BD24
:10D910008B8973B59D0706460C4607D504F147036E
:10D92000236023610123636102B070BD01AB6A46CD
:10D93000FFF7CAFF009905463046FDF78DFF48B94D
:10D94000B4F90C309A05EFD423F0030343F002033B
:10D95000A381E3E70D4BB362A389206043F080030A
:10D96000A381009B6361019B20615BB1B4F90E1040
:10D97000304600F06DFD28B1A38923F0030343F086
:10D980000103A381A3891D43A581CDE761D70300CE
:10D9900001F0FF01102A2BDB10F0070F08D010F860
:10D9A000013B013A8B422DD010F0070F42B3F6D164
:10D9B000F0B441EA012141EA014122F007047FF07D
:10D9C00000070023F0E80256083C85EA010586EAD4
:10D9D000010685FA47F5A3FA87F586FA47F6A5FA10
:10D9E00087F68EB9EED1F0BC01F0FF0102F007021C
:10D9F00032B110F8013B013A83EA010313B1F8D1C7
:10DA00000020704701387047002D06BF35460338A7
:10DA1000073815F0010F07D1013015F4807F02BFE0
:10DA2000013015F4C03F0130F0BC0138704700BF31
:10DA30007047704770B5456A04460E463DB91020E0
:10DA4000F9F7ACFD6062C0E901550560C560656A23
:10DA5000EB6883B1636ADB6853F82600B8B901212B
:10DA600001FA06F56A1D92002046FDF799FE60B1A5
:10DA7000C0E901650EE0212204212046FDF790FE59
:10DA8000636AE860DB68002BE4D1002070BD0268A7
:10DA900043F826200023C0E90333F7E770B5446A52
:10DAA00006460D463CB91020F9F778FD7062C0E9D2
:10DAB00001440460C4603DB1736A6A68DB6853F86E
:10DAC0002210296043F8225070BD2DE9F0410D6904
:10DAD0001F4606460C4601F1140C0023DCF800003A
:10DAE00081B202FB01710F0C000C02FB007089B2C5
:10DAF000013301EB00419D424FEA10474CF8041BF3
:10DB0000ECDCD7B1A368AB4212DC6168304601316E
:10DB1000FFF790FF2269023204F10C018046920067
:10DB20000C30FDF711FE21463046FFF7B7FF4446A3
:10DB300004EB850301355F6125612046BDE8F08176
:10DB4000020C12040346B2B90304102013F07F4FF5
:10DB500004BF1B02083013F0704F04BF1B010430D8
:10DB600013F0404F04BF9B000230002B06DB5B002C
:10DB700003D5013070470020E8E720207047036894
:10DB800013F0070201460BD0DA0723D4980749BFE8
:10DB90005B089B0801200B605CBF0B600220704794
:10DBA00098B2A8B91B0C102013F0FF0F04BF1B0A7A
:10DBB00008301A0704BF1B0904309A0704BF9B08EA
:10DBC0000230DA0702D45B0806D001300B607047E0
:10DBD0001046E9E7002070472020704710B50C463A
:10DBE0000121FFF727FF01224461026110BD2DE9E9
:10DBF000F74F14460A6923699A42B8BF0B46884614
:10DC0000BCBFA0461C46D8F81070D4F81090D8F8C5
:10DC10000830D8F8041007EB0906B342B8BF013149
:10DC2000FFF708FF00F1140505EB860E2B460022D6
:10DC3000734516D304F1140208F1140102EB8903B1
:10DC400001EB87070093009B019293420CD8002EB2
:10DC500003DD5EF8043D002B5DD0066103B0BDE836
:10DC6000F08F43F8042BE3E7B2F800B0BBF1000FEC
:10DC700023D08946AC464FF0000859F8044BDCF835
:10DC800000A0A3B21FFA8AFA0BFB03A34FEA144ABF
:10DC9000DCF8004043444FEA14480BFB0A8404EBD1
:10DCA0001344E2469BB243EA04434F454FEA14480B
:10DCB0004AF8043B2BD8CCF80480019BB3F802A0AF
:10DCC0000432BAF1000F20D02B688946A8464FF0E5
:10DCD000000BB9F800C0B8F802400AFB0C445C44E1
:10DCE000C4469BB243EA04434CF8043B59F8043B56
:10DCF000B8F804B01B0C0AFB03B303EB14434F4505
:10DD00004FEA134B05D8C8F8043004359BE7D446D6
:10DD1000B3E7E046DDE7013E99E700002DE9F8436F
:10DD2000154612F0030206460F4607D0013A214C71
:10DD3000002354F82220FFF7C8FE0746AD1035D067
:10DD4000746A3CB91020F9F729FC7062C0E90144FB
:10DD50000460C460D6F82480D8F808404CB940F27A
:10DD600071213046FFF73AFF0023C8F80800044647
:10DD700003604FF00008EB070AD5394622463046CB
:10DD8000FFF735FF394681463046FFF787FE4F469D
:10DD90006D100BD0206838B9224621463046FFF777
:10DDA00026FF2060C0F800800446E4E73846BDE85E
:10DDB000F88300BFB00A04002DE9F0470C464FEA93
:10DDC000621A236949680AEB0309A36807461646E5
:10DDD00009F10105AB4232DB3846FFF72BFE002389
:10DDE000804600F114011A4653452BDB20692AEACC
:10DDF000EA7A04F1140316F01F0201EB8A0103EB27
:10DE0000800C25D0C2F1200E00201E688A46964064
:10DE100030434AF8040B53F8040B9C4520FA0EF0EB
:10DE200014D8486008B109F10205013D3846C8F828
:10DE300010502146FFF732FE4046BDE8F087013121
:10DE40005B00C7E741F823200133CDE75146DCE70B
:10DE5000043953F8042B41F8042F9C45F9D8E4E722
:10DE600003690A699B1A30B50CD192001430143141
:10DE70008418114454F8045D51F8042D954203D0E0
:10DE800005D30123184630BDA042F3D3FAE74FF083
:10DE9000FF33F7E72DE9F0470D46074611462846C0
:10DEA0001446FFF7DDFF061E08D131463846FFF75E
:10DEB000C1FD0123C0E90436BDE8F087A4BF2346B5
:10DEC0002C4638466168A6BF1D4600260126FFF78E
:10DED000B1FD2B69C660266905F1140904F114022D
:10DEE00002EB860709EB830800F114054FF0000EE2
:10DEF00052F804AB59F8044B1EFA8AF1A3B2C91ABE
:10DF0000230CC3EB1A4303EB214389B24FEA234EA0
:10DF1000C84541EA0343944645F8043BE8D8BC456C
:10DF200004D355F8043D83B10661C5E75CF8041BD2
:10DF30001EFA81F31A1402EB11429BB243EA024328
:10DF40004FEA224E45F8043BE9E7013EE9E72DE9B7
:10DF5000F7430E46012159EC108B1546FFF76AFD79
:10DF6000C9F30A540746C9F3130334BB0193B8F14C
:10DF7000000327D002A840F8083DFFF700FE0099F3
:10DF8000F0B1019AC0F1200302FA03F30B43C2403F
:10DF90007B610192019BBB61002B14BF0221012117
:10DFA0003961C4B1A4F2334404443460C0F1350093
:10DFB0002860384603B0BDE8F08343F48013D5E70A
:10DFC0007961E7E701A8FFF7DAFD019B7B61012199
:10DFD00039612030E5E707EB8103A0F23240306081
:10DFE0001869FFF7ADFDC0EB4110E1E7F8B5074652
:10DFF00014460E4621B91146BDE8F840FDF72CBC89
:10E0000022B9FDF7DBFB25462846F8BD00F042FAB1
:10E01000A0420FD221463846FDF71EFC05460028D7
:10E02000F2D031462246FDF78FFB31463846FDF7E8
:10E03000C5FBE9E73546E7E72DE9F0478E689E42E4
:10E0400082460C469046994637D88A8912F4906FDA
:10E0500031D0256809696F1A6569022305EB45050A
:10E0600095FBF3F509F101033B449D4238BF1D4682
:10E07000530530D52946FDF7EFFB064650B90C2372
:10E08000CAF80030A38943F04003A3814FF0FF306A
:10E09000BDE8F0873A462169FDF756FBA38923F4D2
:10E0A000906343F08003A381266165613E44ED1BCC
:10E0B0002660A5604E464E4500D94E463246414642
:10E0C0002068FDF74CFBA3689B1BA36023681E44DC
:10E0D00026600020DCE72A46FFF788FF0646002876
:10E0E000E2D121695046FDF769FBC8E72DE9F04F01
:10E0F0009DB0804603938B891D060C4616460FD5AE
:10E100000B696BB94021FDF7A7FB2060206128B99E
:10E110000C23C8F800304FF0FF30C7E040236361A4
:10E120000023099320238DF8293030238DF82A30DD
:10E130004FF0010B37463D4615F8013B0BB1252B3F
:10E140003ED1B7EB060A0BD0534632462146404635
:10E15000FFF772FF013000F0A480099B534409933C
:10E160003B78002B00F09D8000234FF0FF32CDE97B
:10E170000523049307938DF853301A932F460522F5
:10E1800017F8011B4F48FFF703FC049BD0B9D906D1
:10E1900044BF20228DF853201A0744BF2B228DF84C
:10E1A00053202A782A2A15D0079A2F4600200A25BC
:10E1B000394611F8013B303B092B4DD9B8B10FE07E
:10E1C0002F46B8E73F4A801A0BFA00F01843049034
:10E1D0003D46D3E7039A111D12680391002A01DB23
:10E1E000079204E0524243F00203079204933B7803
:10E1F0002E2B0CD17B782A2B33D1039B1A1D1B6845
:10E200000392002BB8BF4FF0FF33023705932E4D1A
:10E21000397803222846FFF7BBFB38B14023401B67
:10E2200003FA00F0049B034301370493397827482D
:10E230008DF8281006227E1CFFF7AAFB002838D094
:10E24000234B13BB039B073323F0070308330393CC
:10E25000099B4B4409936DE705FB023201200F46F1
:10E26000A6E700230137059319460A25384610F81A
:10E27000012B303A092A03D9002BC8D00591C6E7F3
:10E2800005FB012101230746F0E703AB009322467B
:10E29000104B04A94046FDF70BFDB0F1FF3F81464E
:10E2A000D6D1A3895B063FF536AF09981DB0BDE80E
:10E2B000F08F03AB00932246064B04A94046FDF7BE
:10E2C000ADFFEAE70A08040010080400140804007F
:10E2D000B1BC030039E003001F2938B504460D46E0
:10E2E00004D9162303604FF0FF3038BD426C12B1E1
:10E2F00052F821304BB9204600F030F82A4601464A
:10E300002046BDE8384000F017B8012B0AD0591C50
:10E3100003D1162303600120E7E7002442F82540DB
:10E32000284698470020E0E7024B01461868FFF7AF
:10E33000D3BF00BF4C61002038B5074C0023054611
:10E3400008461146236000F0A5F9431C02D123685A
:10E3500003B12B6038BD00BF24BE002000F08AB995
:10E3600010B50C46B1F90E1000F09CF80028ABBFB8
:10E37000636DA3891B1823F48053ACBF6365A3812D
:10E3800010BD2DE9F0411F468B89DB0505460C4683
:10E39000164605D502230022B1F90E1000F068F8E8
:10E3A000A389B4F90E1023F48053A38132463B466F
:10E3B0002846BDE8F04100F017B810B50C46B1F999
:10E3C0000E1000F055F8431CA38915BF606523F4B7
:10E3D000805343F48053A38118BFA38110BDB1F9CA
:10E3E0000E1000F013B8000038B5074C054608467B
:10E3F0001146002222601A46FBF734FC431C02D16E
:10E40000236803B12B6038BD24BE002038B5064C0C
:10E41000002305460846236000F01CF9431C02D186
:10E42000236803B12B6038BD24BE002038B5074CEB
:10E430000023054608461146236000F013F9431CEB
:10E4400002D1236803B12B6038BD00BF24BE002079
:10E4500038B5064C002305460846236000F012F943
:10E46000431C02D1236803B12B6038BD24BE0020B9
:10E4700038B5074C054608461146002222601A4668
:10E4800000F010F9431C02D1236803B12B6038BDA2
:10E4900024BE002051F8043C181F002BBCBF0B58B1
:10E4A000C018704738B5074C05460846114600228B
:10E4B00022601A4600F0FEF8431C02D1236803B123
:10E4C0002B6038BD24BE00204FF0FF3C06E000BFAB
:10E4D0004FF0010C02E000BF4FF0010C4DF804CDED
:10E4E0004FEA410C7FEA6C5C4FEA430C18BF7FEAAD
:10E4F0006C5C1BD001B050EA410C0CBF52EA430CDB
:10E5000091EA030F02BF90EA020F0020704710F15A
:10E51000000F91EA030F58BF994208BF90422CBFE9
:10E52000D8176FEAE37040F0010070474FEA410CE2
:10E530007FEA6C5C02D150EA013C07D14FEA430C00
:10E540007FEA6C5CD6D152EA033CD3D05DF8040B71
:10E55000704700BF8446104662468C4619466346A3
:10E5600000E000BF01B5FFF7B7FF002848BF10F17A
:10E57000000F01BD4DF808EDFFF7F4FF0CBF0120BF
:10E5800000205DF808FB00BF4DF808EDFFF7EAFF3B
:10E5900034BF012000205DF808FB00BF4DF808EDF6
:10E5A000FFF7E0FF94BF012000205DF808FB00BFEB
:10E5B0004DF808EDFFF7CEFF94BF012000205DF875
:10E5C00008FB00BF4DF808EDFFF7C4FF34BF012082
:10E5D00000205DF808FB00BF4FEA410C7FEA6C5C4D
:10E5E00002D150EA013C0AD14FEA430C7FEA6C5C4D
:10E5F00002D152EA033C02D14FF0000070474FF0C5
:10E60000010070474FEA410212F5001215D211D5F0
:10E610006FF47873B3EB625212D94FEAC12343F01F
:10E62000004343EA505311F0004F23FA02F018BFA1
:10E63000404270474FF00000704750EA013005D16A
:10E6400011F0004008BF6FF0004070474FF000002D
:10E65000704700BF024B58221A604FF0FF307047DE
:10E6600024BE0020024B58221A604FF0FF30704742
:10E6700024BE0020024B58221A604FF0FF30704732
:10E6800024BE0020024B58221A600020704700BFB1
:10E6900024BE0020024B58221A604FF0FF30704712
:10E6A00024BE0020024B58221A604FF0FF30704702
:10E6B00024BE0020024B58221A604FF0FF307047F2
:10E6C00024BE0020044A05491368002B08BF0B46EE
:10E6D000184410601846704700BE002028BE002075
:10E6E000FEE700BFF8B500BFF8BC08BC9E46704707
:10E6F000F8B500BFF8BC08BC9E46704754696E79F7
:10E700005553422053657269616C0000000000009F
:10E710000000000031650200896302007963020095
:10E720006D630200F16202003D63020011630200AA
:10E73000D1630200F0FFFFFF000000002965020026
:10E7400012010002000000409A23B3000001010200
:10E750000301000009020900000100A032000000CE
:10E760003031323334353637383941424344454607
:10E770004E6F6C6F676F000050726F4D6963726F00
:10E78000204E524635323834300000004164616614
:10E7900072756974000000004D6173732053746FCB
:10E7A0007261676500000000312E3000757362648D
:10E7B00000000000050F3900021810050038B608E7
:10E7C00034A909A0478BFDA0768815B66500010124
:10E7D000011C100500DF60DDD88945C74C9CD2655F
:10E7E0009D9E648A9F00000306B2000200010300A0
:10E7F0000000000019700200A9700200D57002002C
:10E800001D71020029720200FD720200000000006A
:10E8100000000000757D020000000000857D020000
:10E82000957D02002D7E02007D7F02000000000029
:10E8300000000000B5740200CD740200D174020023
:10E84000E9740200B1750200D977020000000000EF
:10E8500000000000758C0200998C02009D8C020063
:10E86000C18C0200E98D02006995020000000000E1
:10E870000000000099780200097902003579020051
:10E880005D790200917A0200957A02000000000092
:10E89000000000004D860200A5860200C18602002D
:10E8A000E58602003D6D02001D88020000000000A8
:10E8B0005F757362645F7164656600005D200000CF
:10E8C000B0EA0300B8EA0300C0EA0300C8EA0300A4
:10E8D000D4EA0300DCEA0300E8EA0300F8EA0300F4
:10E8E00004EB030041542B434D49434741494E3DFE
:10E8F0002575000041542B43434C4B3F0000000062
:10E900002B434D4752443A002B434D47523A0000A7
:10E910006E6F202B434D47522068656164657220FD
:10E92000696E207265706C7900000000756E657804
:10E93000706563746564202B434D4752207061728B
:10E94000616D6574657273202825642900000000DC
:10E9500041542B43535100002B4353513A000000C4
:10E960006E6F20273E272070726F6D70740000005C
:10E9700041542B434C49503D3100000041542B433E
:10E980004C564C3D2575000041542B43534456438F
:10E990003D25750041544425733B000069676E6F47
:10E9A0007265643A20257300415445300000000030
:10E9B000415400004154410041542B4348555000FC
:10E9C0006E6F74696669636174696F6E20717565D5
:10E9D00075652066756C6C2C2064726F7070696E42
:10E9E000673A2025730000004552524F5200000044
:10E9F0002B434D45204552524F5200002B434D535F
:10EA0000204552524F5200002573202D3E20257381
:10EA10000000000025732074696D6564206F7574B3
:10EA2000000000002B00000041542B434D47533D94
:10EA3000222573220000000073656E642066616900
:10EA40006C65643A2025730073656E642074696D8B
:10EA50006564206F75740000525820257300000013
:10EA60006F76657273697A6564206C696E6520647F
:10EA700069736361726465640000000041542B4354
:10EA8000504D533F0000000041542B434D47463D3D
:10EA90003100000041542B434D47443D2575000093
:10EAA00054582025730000006D6F64656D000000F0
:10EAB00052494E47000000002B434C49503A000099
:10EAC0002B434D54493A00004E4F20434152524986
:10EAD000455200002B43454E443A0000564F4943EF
:10EAE000452043414C4C3A004D49535345445F4304
:10EAF000414C4C3A000000004E4F20414E535745C8
:10EB0000520000004255535900000000756E7061BC
:10EB100072736561626C653A2025730074696D6576
:10EB2000000000006F7574206F662072616E67656B
:10EB30003A20257300000000253032753A25303226
:10EB4000750000000000000000000000D546030032
:10EB5000BD610300996A02009DDD0200B5DD02007F
:10EB60009537030099370300253B0300A9370300BD
:10EB7000BD370300F139030095370300D537030093
:10EB8000D1370300553D0300793C0300A138030051
:10EB9000A1DD0200F93703002139030063616C6CC9
:10EBA000206661696C6564007175696574207061C7
:10EBB000727469616C000000082008006E616D6568
:10EBC0002F6E756D626572202055502F444E2020A7
:10EBD000454E542063616C6C202045534300000077
:10EBE0006E616D652F6E756D626572202055502FB8
:10EBF000444E2020454E5420204553430000000041
:10EC000043616C6C3A200000546F3A200000000011
:10EC10005F00000074797065206D73672020454E99
:10EC2000542073656E64202045534300202000006B
:10EC300041542B434D47523D2564000041542B5312
:10EC4000494D544F4E453D300000000041542B4388
:10EC500050544F4E453D3000696E626F78000000A1
:10EC6000636F6D706F73650073746174757300000A
:10EC700063616C6C000000006469616C000000005E
:10EC80002A0000002F00000041542B53494D544FDF
:10EC90004E453D312C3835302C3330302C3230302D
:10ECA0002C3138303000000041542B4350544F4E2B
:10ECB000453D38006E6F206C6F63616C2072696E29
:10ECC0006720746F6E6520737570706F72740000CA
:10ECD000747A206F6666736574206E6F7720256482
:10ECE000206D696E00000000766974616C732063AA
:10ECF00068616E6765643A20626172732025642DD5
:10ED00003E256420736D732025642F256420756E65
:10ED100072656164202564206D69737365642025C4
:10ED2000640000006576656E740000004E65772013
:10ED30006D657373616765202D2D20696E626F7834
:10ED4000206F6E20455343004E6577206D657373C9
:10ED50006167652066726F6D20000000564F494361
:10ED6000452043414C4C3A20424547494E00000063
:10ED70002B43454E44000000564F49434520434134
:10ED80004C4C3A20454E440063616C6C20656E64C7
:10ED9000656400004D69737365642063616C6C3A4F
:10EDA000200000006F6B000064656C657465207363
:10EDB0006C6F742025643A20257300002B3100000D
:10EDC0006B62204F4B0000006B62203F3F00000051
:10EDD00020206D6F64656D204F4B000020206D6F0B
:10EDE00064656D203F3F00007072657373206B6532
:10EDF000797320746F207465737420204553432009
:10EE00006261636B000000006469792D70686F6E49
:10EE10006520000073696720000000002020736DEA
:10EE20007320000041542B434F50533F000000001B
:10EE300072616D20000000006B0000006D6973734B
:10EE400065643A00206E6F6E650000006B65793A6C
:10EE5000200000004641494C45440000646562754D
:10EE600067206F6E000000006465627567206F6642
:10EE7000660000004154490041542B4350494E3F25
:10EE80000000000041542B435245473F0000000062
:10EE9000646562756700000072616D0020627974BC
:10EEA0006573206672656500636F6D6D616E647376
:10EEB0003A000000202041542E2E2E202020736581
:10EEC0006E6420616E7920415420636F6D6D616EB8
:10EED0006420746F20746865206D6F64656D2C20EC
:10EEE0007072696E7420746865207265706C790048
:10EEF000202073746174757320206D6F64656D20BC
:10EF00006865616C746820636865636B000000006D
:10EF100020206465627567202020746F67676C65C8
:10EF2000207261772041542054582F525820747217
:10EF30006163696E67000000202072616D202020EF
:10EF4000202073686F7720667265652052414D00FE
:10EF5000202068656C702020202074686973206C04
:10EF600069737400656D696C696500006C697A008D
:10EF7000646F6E0046554C4C20726566726573680E
:10EF800000000000657064007061727469616C203B
:10EF900072656672657368005B6F6B5D20000000D0
:10EFA0005B2D2D5D20000000454E5420616E73776F
:10EFB000657220204553432072656A6563740000C2
:10EFC00055502F444E20766F6C20204C2F52206DD0
:10EFD000696320204553432068616E672075700087
:10EFE000696E2063616C6C00696E636F6D696E673A
:10EFF0002063616C6C00000063616C6C696E672E4D
:10F000002E2E0000766F6C200000000020206D691D
:10F0100063200000302D3920747970652020454E22
:10F02000542063616C6C20204553432063616E6300
:10F03000656C000055502F444E204420523A7265B2
:10F04000706C7920503A63616C6C2045534300002A
:10F050003C756E6B6E6F776E3E0000007C000000AA
:10F060002D2D3A2D2D000000696E626F7820656DA0
:10F07000707479006D6F64656D206F66666C696E83
:10F08000650000004D3A6D736720433A63616C6C14
:10F0900020454E5420442052205020302D392054F9
:10F0A00041420000433A20636F6D706F736500004A
:10F0B0002E2E2E00206E65776572000073656E74CB
:10F0C0000000000053454E44204641494C45442031
:10F0D0002D2D204320726573756D6573000000004F
:10F0E000647261667420726573756D6564000000FA
:10F0F00073656E64696E672E2E2E00006472616601
:10F1000074207361766564202D2D20432072657311
:10F11000756D65730000000063616C6C2072656A38
:10F120006563746564000000270000002720202824
:10F130003078000029000000636F6465203078009B
:10F1400073656E6420746F2025733A202573000068
:10F1500041542B434D474C3D22414C4C2200000072
:10F1600041542B434D474C206661696C6564000037
:10F17000736D73002B434D474C3A0000554E52457A
:10F18000414400002564206D6573736167652873D1
:10F19000292C20256420756E7265616400000000D2
:10F1A000B8F40300C0F1030020007E00120000004C
:10F1B000FCFA030004F8030020007E0012000000A7
:10F1C000000000000B0001000000020B0B04F60021
:10F1D000030006050B02F6000700070C0B02F60001
:10F1E0001200080C0B01F6001E00070B0B02F600C4
:10F1F0002800070A0B02F700310003050B04F60094
:10F200003300020D0B05F6003700020D0B04F6006B
:10F210003B0007070B02F600420007070B02F8004D
:10F22000490003050B02FF004B0009010B01FB0025
:10F230004D0002020B04FF004E00070D0B02F5000B
:10F240005A00070B0B02F6006400050B0B03F600D7
:10F250006B00070B0B02F6007500080B0B01F600A4
:10F260008000060B0B03F6008900070B0B02F6006B
:10F270009300070B0B02F6009D00070B0B02F60034
:10F28000A700070B0B02F600B100070B0B02F600FC
:10F29000BB0002080B04F900BD00030B0B03F900CF
:10F2A000C20008080B01F800CA0009040B01FA00AB
:10F2B000CF0009080B01F800D800070A0B02F7007D
:10F2C000E100080C0B02F600ED000B0A0B00F70042
:10F2D000FB00090A0B01F7000701090A0B01F700FF
:10F2E0001301090A0B01F7001F01090A0B01F700BE
:10F2F0002B01090A0B01F70037010A0A0B01F7007D
:10F300004401090A0B01F7005001050A0B03F7003D
:10F310005701080A0B02F7006101090A0B01F70007
:10F320006D01080A0B02F70077010B0A0B00F700CA
:10F330008501090A0B01F7009101090A0B01F70089
:10F340009D01080A0B01F700A701090D0B01F70049
:10F35000B601090A0B01F700C201070A0B02F70008
:10F36000CB01090A0B01F700D701090A0B01F700CD
:10F37000E3010B0A0B00F700F1010B0A0B00F70089
:10F38000FF01090A0B01F7000B02090A0B01F70044
:10F390001702070A0B02F7002002020D0B05F60008
:10F3A0002402070D0B02F5003002020D0B04F600DB
:10F3B000340207050B02F60039020B010B000200B4
:10F3C0003B0203030B03F5003D0209080B01F900A2
:10F3D0004602090B0B01F600530207080B02F90065
:10F3E0005A02090B0B01F600670208080B01F9002D
:10F3F0006F02060B0B03F6007802090B0B01F900F4
:10F400008502090B0B01F6009202070A0B02F700B6
:10F410009B02050D0B03F700A402080B0B02F6007C
:10F42000AF02070B0B02F600B90209080B01F90045
:10F43000C20209080B01F900CB0209080B01F9000F
:10F44000D402090B0B01F900E102090B0B01F900D1
:10F45000EE0207080B03F900F50207080B02F9009A
:10F46000FC02080A0B02F700060308080B01F9006A
:10F470000E0309080B01F900170309080B01F90035
:10F48000200309080B01F9002903090B0B01F900FE
:10F49000360307080B02F9003D03030D0B04F600C9
:10F4A0004203010D0B05F6004403030D0B04F600A7
:10F4B000490307030B02FA00AAA80CED2492482482
:10F4C00048912FE4897F28512240083E6240300E47
:10F4D0000181C3BE08087112238023B80E22447034
:10F4E000388102061A6546C8ECE9245AAAA940A93F
:10F4F000555A8010224BE3051100102047F10204F9
:10F50000006B48FF00F002081060810408204102EF
:10F510000800388A0C183060C18288E02728421021
:10F5200084213E388A08102082086103F87C060294
:10F53000021C06010101423C18A2928A28BF082140
:10F54000C07C8103E44040810388E01E41040B98A5
:10F55000B0C1C288E0FE0408204082040820403880
:10F560008A0C14471141838CE0388A1C1868CE81BC
:10F570000413C0F00F6C00D2D200030418606018AE
:10F580000403FF80001FF040180300602060C0806B
:10F590003D840830C2000000303C46828EB2A2A2F8
:10F5A0009F8080403C3C014028090110420FC1046B
:10F5B000409E3CFE21904867E209028141FF803E67
:10F5C000B0F0300804020080608F80FE2190681443
:10F5D0000A050283437F00FF20900887C221008133
:10F5E00040FFC0FFA0500887C22100804078001E65
:10F5F000986C0A008020F80B026087C0E3A0904856
:10F6000027F20904824171C0F90842108427C01F03
:10F6100002020202028282C678E3A1110905832157
:10F6200008844170C0E04040404040414141FFE01B
:10F63000EC194528A4A494911202405C1CC3B09418
:10F640004A249249148A4370801E319050180C0647
:10F650000282630F00FE434141427C404040F01C67
:10F66000319050180C060282631F04079230FE216D
:10F6700090482423E110844170C03ACD0A030180F0
:10F68000C1C778FFC462210080402010081F00E33A
:10F69000A090482412090482220E00F1E810821082
:10F6A0004210220480500C0080F1E809112544A882
:10F6B000550CA18C318430E3A088828080C09044B6
:10F6C0004171C0E3A088828140402010081F00FDE6
:10F6D0000A208104102183FCEAAAAAC080810302C7
:10F6E0000404080810102020D55555C010512228B8
:10F6F00020FFE088807E008047EC140A0CFBC020CD
:10F70000100BC61205028140B0B7803A8E0C08106B
:10F71000109E03008047A4340A050281218F603CBB
:10F720004381FF8080613E3D043E410410410F80D3
:10F730003DA1A0502814090C7A01018780C0201037
:10F740000BC6320904824120B8E01001C0810204D6
:10F750000811FC103E10842108423F00C040404F79
:10F76000445870484442C770204081020408102366
:10F77000F8B7646231188C4623915E3190482412A8
:10F780000905C73E31A030180C058C7CDE3090286E
:10F79000140A0584BC402038003DA1A0502814095B
:10F7A0000C7A010080E0CEA1820408107C3A8D0B17
:10F7B00080F070DE4040FC4040404040413EC3414C
:10F7C00041414141433DE3A090844220A05010E3D9
:10F7D000C0924B2592A99844E331050101411105DE
:10F7E000C7E3A090844240A0601010083E00FD08CE
:10F7F00020820810BF2924A24926FFF889248A49BB
:10F800002C612430000000000B0001000000030BFD
:10F810000B04F600050007050B02F6000A00080CB1
:10F820000B01F6001600070E0B02F5002300070B74
:10F830000B02F6002D00080A0B01F7003700030544
:10F840000B04F6003900040E0B05F6004000040E10
:10F850000B02F600470008070B02F6004E000809ED
:10F860000B02F800570003050B03FF0059000902C3
:10F870000B01FB005C0002020B04FF005D00070FA0
:10F880000B02F4006B00070C0B02F5007600070B6F
:10F890000B02F6008000080C0B01F5008C00080C30
:10F8A0000B02F5009800070A0B02F700A100090BF4
:10F8B0000B01F600AE00080C0B02F500BA00080BB5
:10F8C0000B01F600C500070C0B02F500D000080C78
:10F8D0000B02F500DC0002080B04F900DE00030B4C
:10F8E0000B03F900E30009080B01F800EC0009061E
:10F8F0000B01F900F30009080B01F800FC00080BEC
:10F900000B02F6000701090F0B01F50018010B0BA4
:10F910000B00F60028010A0B0B01F6003601090B5B
:10F920000B01F60043010A0B0B00F6005101090B15
:10F930000B01F6005E01090B0B01F6006B010A0BCF
:10F940000B01F6007901090B0B01F6008601060B8D
:10F950000B03F6008F010A0B0B01F6009D010A0B49
:10F960000B01F600AB01090B0B01F600B8010B0B04
:10F970000B00F600C8010B0B0B00F600D8010B0BB7
:10F980000B00F600E801090B0B01F600F5010B0E68
:10F990000B00F6000902090B0B01F6001602090B19
:10F9A0000B01F6002302090B0B01F60030020B0BD2
:10F9B0000B00F60040020B0B0B00F60050020A0B86
:10F9C0000B00F6005E020A0B0B00F6006C020A0B3D
:10F9D0000B00F6007A02080B0B02F6008502040EFB
:10F9E0000B05F6008C02070F0B02F4009A02040EBE
:10F9F0000B02F600A10207060B02F500A7020B029C
:10FA00000B000300AA0203030B03F500AC02090874
:10FA10000B01F900B5020A0B0B00F600C30209083E
:10FA20000B01F900CC020A0B0B01F600DA020908FF
:10FA30000B01F900E302080B0B02F600EE02090CC1
:10FA40000B01F900FC02090B0B01F6000903080B7E
:10FA50000B02F6001403060F0B02F6002003090B3D
:10FA60000B01F6002D03080B0B02F60038030B0800
:10FA70000B00F900430309080B01F9004C030908C6
:10FA80000B01F90055030B0C0B00F90066030B0C7E
:10FA90000B00F900770309080B01F900800308083F
:10FAA0000B02F9008803080B0B01F6009303090809
:10FAB0000B01F9009C030B080B00F900A7030B08CE
:10FAC0000B00F900B20309080B01F900BB030A0C93
:10FAD0000B00F900CA0307080B02F900D103040E5A
:10FAE0000B03F600D803020E0B05F600DC03040E30
:10FAF0000B04F600E30309040B01FA00FFFFD21F19
:10FB000080EC891224403636367F7F36FFFF3C3C3E
:10FB10003C0018FFFE3C1F1F83468DF0C18300612F
:10FB2000224486673711224C703C7E6060307BDF58
:10FB3000CEFF7FC9243766CCCCCC6631CE6633335A
:10FB40003366C81818FFFF3C3C66181818FFFF18EA
:10FB50001818186B48FFFFC0F0020C1860C3060CA1
:10FB60003061830C18200038FBBE3C78F1E3C7DD20
:10FB7000F1C038F360C183060C18FDF83CFEC703E2
:10FB800003060C1870E3FFFF7CFE0303031E1E0731
:10FB90000303FE7C1C38B164D9BFFF3E7C7E3F1856
:10FBA0000FC7F31C0603C3FF9F800F3F306060DC6C
:10FBB000FEE3C3637E3CFFFFC3030606060C0C0C8A
:10FBC0001838FB1E3C6F9F63C78FF1C03C7EE6C3B5
:10FBD000C3E77F3B060EFCF0F00F6C001AD2000169
:10FBE00083870E0F80E01C03FFFFC0000FFFFCC0E7
:10FBF000780F01E0F9E3C1807CFEC7030E1C000012
:10FC00000030301E1F1CDC6C767B6DB6DB6FF3FCA6
:10FC10000633F8783C07C0380581B0360FE1FC7137
:10FC2000DF7FEF80FF3FE619867F1FE61D8360FFC1
:10FC3000FFF01FBFD8F83C0603018061BFC7C0FEBC
:10FC40003FE6198360D8360D8361BFEFE0FFFFD830
:10FC50006DB7C3E1B0C361FFFFE0FFFFD86DB7C36D
:10FC6000E1B0C0607C3E001F9FE61B06C0300C7FE9
:10FC70001FE19FE3F0F7FBD8CC6633F9FCC6637B4A
:10FC8000FDE0FFF30C30C30C33FFC01FC7F0300C96
:10FC90000300CC330CC73F87C0F7BDE661B0781FC7
:10FCA00006E198633CFF3CFC7E0C06030180C663C2
:10FCB00031FFFFE0E0FE3DC73DE7BCD79BB3766078
:10FCC000DE3FC780E1FE3DE33C66CCDD99B31E63B9
:10FCD000DE3BC3001F07F1C7707C0780F01F077170
:10FCE000C7F07C00FE7F986C361BF9F8C0607C3E44
:10FCF000001F07F1C7707C0780F01F0771C7F07CF9
:10FD00000C33FE7F80FC7F18CC6673F1F0CC637DF2
:10FD1000FE603FBFF0780F03F83F83C3FFBF80FF53
:10FD2000FFF67B3D98C06030183F1F80F1FE3D8399
:10FD300030660CC198330660C7F07C00FBFF7DC3C2
:10FD400018C3183606C0500E01C01000FBFEF60D99
:10FD5000936EDBB7ADEE7B8EE318F3FCF738FC1E39
:10FD60000301E0CC73BCFF3CF3FCF738CC1E0780EA
:10FD7000C0300C0FC3F0FEFEC6CC18183063C3FFB2
:10FD8000FFFFCCCCCCCCCCFF010306060C0C181822
:10FD900030306060C080FF3333333333FF1071E3A2
:10FDA0006C7040FFFFFC88807E3F8FCFEE361BFEDD
:10FDB000FFE0380601BC7F9C760D8371FFEEF03FBB
:10FDC000BFF8783C0705FE7E0380E018F67FB8ECAC
:10FDD0001B06E39FF3FC3E3FB0FFFFFE01FE7E1FCC
:10FDE0003F307E7E30303030FEFE3FBFF9D86C377A
:10FDF00039FC7603018FC7C0E070180DC7F3998CEA
:10FE0000C6637BFDE0181800787818181818FFFFF3
:10FE100018603FFC30C30C30C30FFF80E070180D3A
:10FE2000E6F3E1E0F86E73F9E0787818181818181E
:10FE30001818FFFFFD9FF99B33666CCDBDFFBFEE29
:10FE40007F98CC66331BDFEF3E3FB8F83C1F1DFCAC
:10FE50007CEF1FF9C3B03606E1DFF378600C03E0F6
:10FE60007C001EEFFF87606C0DC39FF0F600C0188A
:10FE70000F81F077BFCF06030183F9FC3FFFC3FC7E
:10FE80003FC3FFFC606060FEFE606060617F3EE734
:10FE90007398CC663319FE7FFBFF7CC618C1B03661
:10FEA000038070F1FE3DBB3763F8770EE18CF7FB02
:10FEB000CD8383C3BBDFEFF3FCF618CC330781E0BF
:10FEC000300C060FC3F0FFFF30C30C7FFF376666B0
:10FED000CC666673FFFFFFF0CE6666336666EC7035
:10FEE0007CF3C0C0763534650000000064EF030089
:10FEF000BCFF03006CEF0300CCFF030070EF0300B6
:10FF0000DCFF03006D6F64656D206F6E6C696E655C
:10FF100000000000736574746C6500006469792DDD
:10FF200070686F6E650000006B6579626F61726466
:10FF3000000000006B6579626F617264206F6B0076
:10FF4000626F6F740000000077616974696E672EDC
:10FF50002E2E0000524541445900000053494D20C7
:10FF600063617264000000002C3100002C35000039
:10FF700020756E72656164206D65737361676500DD
:10FF80005344412D3E382053434C2D3E373F000013
:10FF900054582D3E342052582D3E333F20706F77F9
:10FFA00065723F006E6574776F726B007365617286
:10FFB0006368696E672E2E2E000000002B313634E8
:10FFC0003633323738323230000000002B313631D0
:10FFD0003734323939313434000000002B313635B2
:10FFE0003132353234373635000000000000000071
:10FFF000000000000D31030035310300996A020052
:020000024000BC
:10000000F1300300F5300300FD300300053103003B
:10001000705F73706920213D204E554C4C000000EC
:100020002F686F6D652F6477626C6169722F2E7017
:100030006C6174666F726D696F2F7061636B61675D
:1000400065732F6672616D65776F726B2D61726477
:1000500075696E6F61646166727569746E7266351A
:10006000322F6C69627261726965732F5350492F28
:100070005350492E63707000535049436C61737341
:100080003A3A535049436C617373284E52465F535A
:1000900050494D5F547970652A2C2075696E74380B
:1000A0005F742C2075696E74385F742C2075696ECE
:1000B00074385F742900000000000000003E5B4FB0
:1000C0005B3E3E6B4F6B3E1C3E7C3E1C183C7E3CB8
:1000D000181C577D571C1C5E7F5E1C00183C1800C6
:1000E000FFE7C3E7FF0018241800FFE7DBE7FF3056
:1000F000483A060E2629792926407F050507407FC4
:1001000005253F5A3CE73C5A7F3E1C1C08081C1C36
:100110003E7F14227F22145F5F005F5F06097F012C
:100120007F006689956A606060606094A2FFA29417
:1001300008047E040810207E201008082A1C0808E5
:100140001C2A08081E101010100C1E0C1E0C303833
:100150003E3830060E3E0E06000000000000005F34
:1001600000000007000700147F147F14242A7F2A50
:100170001223130864623649562050000807030012
:10018000001C2241000041221C002A1C7F1C2A085E
:10019000083E0808008070300008080808080000C1
:1001A00060600020100804023E5149453E00427F35
:1001B000400072494949462141494D331814127F84
:1001C0001027454545393C4A494931412111090724
:1001D0003649494936464949291E000014000000A5
:1001E0004034000000081422411414141414004177
:1001F00022140802015909063E415D594E7C121134
:10020000127C7F494949363E414141227F4141416B
:100210003E7F494949417F090909013E41415173E6
:100220007F0808087F00417F41002040413F017F57
:10023000081422417F404040407F021C027F7F041F
:1002400008107F3E4141413E7F090909063E415168
:10025000215E7F09192946264949493203017F0158
:10026000033F4040403F1F2040201F3F4038403F59
:10027000631408146303047804036159494D43006F
:100280007F4141410204081020004141417F0402A6
:10029000010204404040404000030708002054543D
:1002A00078407F284444383844444428384444281B
:1002B0007F385454541800087E090218A4A49C786E
:1002C0007F0804047800447D40002040403D007FCA
:1002D0001028440000417F40007C047804787C08AA
:1002E0000404783844444438FC182424181824247E
:1002F00018FC7C08040408485454542404043F4463
:10030000243C4040207C1C2040201C3C4030403C91
:1003100044281028444C9090907C4464544C4400F1
:100320000836410000007700000041360800020155
:100330000204023C2623263C1EA1A161123A404041
:10034000207A3854545559215555794122545478BE
:1003500042215554784020545579400C1E52721257
:1003600039555555593954545459395554545800E0
:1003700000457C410002457D420001457C407D12E4
:1003800011127DF0282528F07C5455450020545446
:100390007C547C0A097F4932494949323A444444F1
:1003A0003A324A4848303A4141217A3A424020782C
:1003B000009DA0A07D3D4242423D3D4040403D3C2D
:1003C00024FF2424487E4943662B2FFC2F2BFF0952
:1003D00029F620C0887E0903205454794100004446
:1003E0007D413048484A32384040227A007A0A0A31
:1003F000727D0D19317D2629292F282629292926A4
:1004000030484D4020380808080808080808382FE8
:1004100010C8ACBA2F102834FA00007B0000081472
:100420002A142222142A14085500550055AA55AA48
:1004300055AAFF55FF55FF000000FF00101010FFE8
:1004400000141414FF001010FF00FF1010F010F043
:10045000141414FC001414F700FF0000FF00FF1434
:1004600014F404FC141417101F10101F101F141480
:10047000141F00101010F0000000001F10101010CA
:100480001F10101010F010000000FF1010101010BE
:1004900010101010FF10000000FF140000FF00FFFC
:1004A00000001F10170000FC04F414141710171498
:1004B00014F404F40000FF00F714141414141414BA
:1004C000F700F7141414171410101F101F1414142D
:1004D000F4141010F010F000001F101F0000001F97
:1004E00014000000FC140000F010F01010FF10FFCA
:1004F000141414FF141010101F00000000F010FF5F
:10050000FFFFFFFFF0F0F0F0F0FFFFFF0000000042
:1005100000FFFF0F0F0F0F0F3844443844FC4A4AC6
:100520004A347E02020606027E027E02635549417B
:10053000633844443C04407E201E2006027E0202B2
:1005400099A5E7A5991C2A492A1C4C7201724C30C6
:100550004A4D4D303048784830BC625A463D3E499D
:100560004949007E0101017E2A2A2A2A2A44445F41
:10057000444440514A444040444A51400000FF0135
:1005800003E080FF000008086B6B08361236243643
:10059000060F090F060000181800000010100030A8
:1005A00040FF0101001F01011E00191D1712003C30
:1005B0003C3C3C0000000000000000000000000087
:1005C000D5460300BD610300996A02009DDD02006B
:1005D0004D7503009537030099370300253B030051
:1005E000A9370300BD370300F13903009537030035
:1005F000D5370300D1370300553D0300793C030094
:10060000A1380300C13B0300F9370300213903007F
:10061000427573792054696D656F7574210000000F
:10062000203A20000000000000000000914A030072
:1006300019490300DD4803004D7503004D750300A3
:100640004D750300214803004D4803004D7503001C
:10065000514803005948030085480300C948030076
:10066000CD4803004D7503004D7503004D75030023
:100670004D750300D1480300D5480300D948030055
:100680005F5570646174655F46756C6C00000000B6
:100690005F5570646174655F5061727400000000A2
:1006A0005F506F7765724F666600000000000000C3
:1006B00000000000914A030019490300DD480300CF
:1006C000955D0300495F0300155703004957030078
:1006D000A1570300BD5A0300315C030049570300D2
:1006E000595B0300C9480300CD480300355103009E
:1006F000E9510300AD4F0300E94F0300D148030067
:10070000D5480300D9480300080000000600000097
:100710001100000014000000160000001800000086
:10072000200000000B000000240000002600000054
:10073000090000000A0000002B0000002D0000004E
:100740002F000000020000001D0000001F0000003C
:100750002100000022000000250000000D00000024
:100760000F0000000D0A0000000000000000000063
:10077000E565030031660300A1650300B965030068
:100780008965030099650300916503009566030080
:10079000CD680300E1640300D9640300546D725115
:1007A00000000000546D7220537663006C6F6F7010
:1007B0000000000043616C6C6261636B000000002C
:1007C0002C2066756E6374696F6E3A2000617373D6
:1007D000657274696F6E2022257322206661696CD0
:1007E00065643A2066696C6520222573222C206C92
:1007F000696E65202564257325730A005061002009
:100800004300504F534958002E00232D302B200019
:10081000686C4C0065666745464700494E4600696E
:100820006E66004E414E006E616E00300030313217
:100830003334353637383941424344454600303148
:1008400032333435363738396162636465660000A7
:100850002020202020202020202828282828202070
:100860002020202020202020202020202020202088
:100870008810101010101010101010101010101000
:1008800004040404040404040404101010101010E0
:1008900010414141414141010101010101010101B9
:1008A00001010101010101010101011010101010ED
:1008B000104242424242420202020202020202028A
:1008C00002020202020202020202021010101020B2
:1008D0000000000000000000000000000000000018
:1008E0000000000000000000000000000000000008
:1008F00000000000000000000000000000000000F8
:1009000000000000000000000000000000000000E7
:1009100000000000000000000000000000000000D7
:1009200000000000000000000000000000000000C7
:1009300000000000000000000000000000000000B7
:1009400000000000000000000000000000000000A7
:10095000496E66696E697479004E614E0000000050
:100960000000000000000000000000000000000087
:100970000000000000000000000000000000000077
:100980000000000000000000000000000000000067
:100990000000000000000000000000000000000057
:1009A0000000000000000000000000000000000047
:1009B0000000000000000000000000000000000037
:1009C0000080E03779C34143176E05B5B5B893464B
:1009D000F5F93FE9034F384D321D30F94877825A17
:1009E0003CBF737FDD4F1575000000000000F03F35
:1009F00000000000000024400000000000005940FA
:100A00000000000000408F40000000000088C3404C
:100A100000000000006AF8400000000080842E41C1
:100A200000000000D01263410000000084D797410D
:100A30000000000065CDCD41000000205FA0024213
:100A4000000000E876483742000000A2941A6D4288
:100A5000000040E59C30A2420000901EC4BCD6427B
:100A600000003426F56B0C430080E03779C3414326
:100A700000A0D8855734764300C84E676DC1AB439C
:100A8000003D9160E458E143408CB5781DAF1544BA
:100A900050EFE2D6E41A4B4492D54D06CFF0804495
:100AA000F64AE1C7022DB544B49DD9794378EA44AA
:100AB00005000000190000007D000000000000009B
:080AC0009057FE7F01000000C9
:100AC800000000000A00000000000306B200080051
:100AD80001000000A800080002000000A0001400A7
:100AE800030057494E555342000000000000000023
:100AF80000008400040007002A0044006500760016
:100B080069006300650049006E00740065007200AA
:100B18006600610063006500470055004900440015
:100B28007300000050007B00390037003500460094
:100B380034003400440039002D00300044003000F7
:100B480038002D0034003300460044002D003800E2
:100B58004200330045002D003100320037004300C9
:100B68004100380041004600460046003900440074
:100B78007D000000000000000400000010000C00D0
:100B880074720020B0E803000000000000000000BC
:100B9800000000000000000000000000000000004D
:100BA800000000000000000000000000000000003D
:100BB800000000000000000000000000000000002D
:100BC800000000000000000000000000000000001D
:100BD8000000000000000000FF020000FFFFFFFF10
:100BE800FFFFFFFFFFFFFFFFFFFFFFFFFFFFFFFF0D
:100BF800FFFFFFFFFFFFFFFFFFFFFFFF10FF0500E5
:100C0800FFFFFFFF03FF00000090D00350610020AA
:100C18000000000080090400A00904006009040025
:100C280000000000000000000000000000000000BC
:100C380000000000000000000000000000000000AC
:100C4800000000000000000000000000000000009C
:100C5800000000000000000000000000000000008C
:100C6800000000000000000000000000000000007C
:100C78004300000000000000000000000000000029
:100C8800000000000000000000000000000000005C
:100C98004300000000000000000000000000000009
:100CA800000000000000000000000000000000003C
:100CB80043000000000000000000000000000000E9
:100CC800000000000000000000000000000000001C
:100CD80043000000000000000000000000000000C9
:100CE80000000000000000000000000000000000FC
:100CF80043000000000000000000000000000000A9
:100D080000000000000000000000000000000000DB
:100D18004300000000000000000000000000000088
:100D280000000000000000000000000000000000BB
:100D38004300000000000000000000000000000068
:100D4800000000000000000000000000000000009B
:100D580025C8030025B70300000000004F08040061
:100D680008080400FB070400FB070400FB07040055
:100D7800FB070400FB070400FB070400FB07040053
:100D8800FB070400FB070400FFFFFFFFFFFFFFFF57
:100D9800FFFFFFFFFFFF00000100415343494900E7
:100DA800000000000000000000000000000000003B
:100DB80000000000000000000000415343494900C2
:100DC800000000000000000000000000000000001B
:100DD80000000000000000000000000001620200A6
:100DE8003562020025660200652A03007934030093
:0C0DF8003D3703005D6B03001162020038
:0400000330009B65C9
:00000001FF
