:020000022000DC
:106000000000042059920300999203009B92030020
:106010009D9203009F920300A192030000000000E4
:106020000000000000000000000000007590030068
:10603000A59203000000000095900300A9920300C0
:1060400009940300AB92030001620300892B030053
:10605000AB920300AB920300E5620300AB92030036
:10606000AB920300AB920300AB920300AB92030030
:10607000AB920300AB920300AB920300AB92030020
:10608000AB920300F98D0300AB920300AB920300C7
:10609000AB920300AB920300AB920300AB92030000
:1060A000AB920300AB920300AB920300AB920300F0
:1060B000AB920300AB920300000000000000000060
:1060C000AB920300AB920300AB920300F59903007F
:1060D000AB920300AB920300AB920300F16C0200A1
:1060E000AB920300AB920300AB92030000000000F0
:1060F00000000000AB920300000000006D9A030056
:10610000000000000000000000000000000000008F
:10611000000000000000000000000000000000007F
:10612000000000000000000000000000000000006F
:10613000000000000000000000000000000000005F
:10614000000000000000000000000000000000004F
:10615000000000000000000000000000000000003F
:10616000000000000000000000000000000000002F
:10617000000000000000000000000000000000001F
:10618000000000000000000000000000000000000F
:1061900000000000000000000000000000000000FF
:1061A00000000000000000000000000000000000EF
:1061B00000000000000000000000000000000000DF
:1061C00000000000000000000000000000000000CF
:1061D00000000000000000000000000000000000BF
:1061E00000000000000000000000000000000000AF
:1061F000000000000000000000000000000000009F
:10620000F1EE103A43F08073E1EE103A704700BFB0
:1062100010B5054C237833B9044B13B10448AFF3E0
:1062200000800123237010BD3863002000000000AF
:10623000C4F4030008B5034B1BB103490348AFF393
:10624000008008BD000000003C630020C4F403008F
:10625000154B002B08BF134B9D46A3F5803A002138
:106260008B460F461348144A121A14F00BFE0F4BBC
:10627000002B00D098470E4B002B00D098470020F1
:10628000002104000D000D48002802D00C48AFF397
:10629000008014F073FD2000290013F02FF814F093
:1062A00047FD00BF000008000000042000000000BF
:1062B000000000003863002024BE00200000000021
:1062C000000000000146014800F08EBA7063002013
:1062D00038B5064B1D783DB100242046013400F04E
:1062E00049FEE0B28542F9D838BD00BF6C6300209A
:1062F000407DFF2806D010B500F088FD044618B197
:10630000204610BD0020704713F0CEFC204610BD83
:10631000407DFF280ED000B583B00DF1070100F0DD
:10632000C9FD20B19DF8070003B05DF804FB4FF0F4
:10633000FF30F9E74FF0FF30704700BF407DFF2886
:1063400011D000B583B001220DF1070100F06AFD04
:1063500020B94FF0FF3003B05DF804FB9DF8070053
:1063600003B05DF804FB4FF0FF307047407DFF281D
:1063700001D000F0FFBD7047407DFF2801D000F044
:106380003FBE0020704700BFF8B50646407DFF289D
:106390001CD017465AB10D46144600F011FD29468F
:1063A000224680B1707D00F08FFD241A01D138465D
:1063B000F8BD054413F078FC707D00F001FD29461E
:1063C00022460028EED13F1B3846F1E70020F8BDF9
:1063D0000AB32DE9F043524991F81C6191F81D511F
:1063E00091F81E7193B0994614467B1CAA1C8046F6
:1063F000B01C81F81C0181F81D2181F81E3101A813
:106400004222002114F03EFDB9F1410F05D80020D1
:1064100013B0BDE8F083422070478DF806608DF818
:106420000E608DF82660721C40F20126D2B2ADF8E3
:106430001060DFF8F0C08DF81E20242640F6083EDC
:106440006B1C8DF827208DF83120ADF804E08DF815
:1064500016608DF820608DF82460CDF818C00426F1
:106460004FF0060C65F07F0540F209424FF0010E37
:1064700098F81410ADF80C208DF81CE005228DF86A
:106480001F608DF830608DF822C040F207568DF8FD
:1064900025C08DF82A5020464FF0030E63F07F048C
:1064A0004FF0080C02234FF411658DF814108DF88D
:1064B00007308DF808308DF809308DF812308DF8DE
:1064C00021308DF815208DF823208DF82BE08DF8E4
:1064D0002CC04FF00A0EADF82E504FF0400C01A921
:1064E000ADF8286007258DF833308DF840208DF801
:1064F0004140422244F20204ADF838608DF83B304E
:106500008DF83A708DF834E08DF83CC08DF83F502E
:10651000ADF8424014F092FC422013B0BDE8F08385
:106520007063002020010524A0F11000FFF750BF88
:1065300070B50368184A5B6882B093428DF8071003
:1065400024D10546407DFF281DD000F039FC0DF117
:10655000070601243146224688B1687D00F0B4FC6C
:10656000241A02D1012002B070BD064413F09CFB36
:10657000687D00F025FC314622460028EDD1C4F1AB
:10658000010002B070BD002002B070BD01220DF10B
:106590000701984702B070BD89630200437DFF2B5D
:1065A00000D07047094B1A78002AFAD110B500F1D3
:1065B000100442750649204601221A7000F0E0F9E5
:1065C00021460448BDE8104000F0F0B86C6300209C
:1065D000ECDD030070630020407DFF2807D000B58C
:1065E00083B000F0EDFB20B103B05DF804FB0020A8
:1065F0007047019013F058FB019803B05DF804FB5D
:1066000001B900B1704700B583B0694600F0EEFBF8
:10661000009BB3F5966F02D003B05DF804FB00F069
:106620007DFBF9E730B4084B084A4FF47F4102F193
:106630000805002430324FF47A7099821D60C3E956
:1066400001401A6130BC704754630020FCDD030038
:106650002DE9F0410024484E2546435D4719A3B17A
:1066600003F14002D2B2012A0AD9F42B08D81A0643
:106670000ED44FF0010EA3F55842B2F5006F56D27A
:1066800001354719435D002BEAD12046BDE8F08172
:1066900003F0E002C02A57D003F0F002E02A66D0EF
:1066A00003F0F802F02AEBD103F007024FF0040EDA
:1066B0007B7803F0C00CBCF1800FE1D197F802C0E9
:1066C0000CF0C00803F03F03B8F1800F43EA8213D7
:1066D000D6D10CF03F0CBEF1030F4CEA83132DD042
:1066E000FA7802F0C007802FCAD102F03F0242EAD6
:1066F0008313A3F58032B242C2D8A3F55847B7F549
:10670000006FBDD3B3F5803F05F1040510D31E2CF7
:10671000BBDC6300970A0B44C2F30902A7F52057BC
:10672000A2F5105221F814705A80023495E775448E
:10673000202CAAD021F8143001348EE7A3F5006292
:10674000B2F5784F97D39BE77A7802F0C007802F95
:1067500003F01F0394D102F03F0242EA8313A3F136
:106760008002B2F5F06F8BD24FF0020E83E703F098
:106770000F024FF0030E9BE7FFFF0F0090F8503120
:106780000B2B0CD871B103F1480210B45C1C80F8DB
:10679000504140F822105DF8044B18467047002322
:1067A000184670470B461846704700BF70B5044640
:1067B0000E68B4F81821B4F81A31656936689B1A66
:1067C00008469BB294F81C112A44B04758B1B4F85B
:1067D00018216369104480B2A4F81801588094F815
:1067E0001C211A71012070BD2DE9F043284DDFF8FE
:1067F000B090AC4604468846BCE80F0089B003AFB1
:106800000FC703AE0FCE05F1140E25460FC59EE847
:106810000700DCF800303B806B4636682E8003C3EF
:106820006B4603CB012504F118034FF480766361B6
:10683000A061E16184F8202004F59870C4F81891F3
:106840002022A4F81C61002184F81E5114F01AFBC8
:1068500040F20947042240F2EF230E4E0E48C4F8DE
:1068600028010021C4F82C1184F85021A3804FF492
:10687000E131A571C4F82071C4F824610748FFF71D
:106880008DFE404600F038FA284609B0BDE8F08396
:1068900030DE030060DE030068DE03005463002086
:1068A000090000010048704770630020014B5869DF
:1068B000704700BF706300202DE9F04F89B0F8B138
:1068C000032816D02B4C94F8503183424FD94830CE
:1068D00004F5AA7154F82000FFF7BAFEC0B20130E7
:1068E000400040F44070A4F85201234809B0BDE8CC
:1068F000F08F204CD4F82C0150B104F5AA71EBE7CD
:106900001C4CD4F82031A4F854314FF44170EAE71C
:10691000684600F005FA054610B300F1FF3A0DF1A4
:106920000103164FE94653FA8AFAA64604AE97E8E1
:106930000F0019F801CB86E80F000CF00F080DF1DD
:10694000200BD8440BEB1C1C18F8108C1CF8103CC6
:10695000AEF85681D145AEF854310EF1040EE6D1B1
:106960006800C0B20130400040F44070BBE7002036
:10697000BCE700BF70630020C264002050DE03004B
:1069800010B504460248FFF7F9FE207110BD00BFA4
:106990007063002030B5144C236883B013B31868BB
:1069A00051B90CF055FA236893F90400012103B0A2
:1069B000BDE8304013F0ACBB0C4B00930025012325
:1069C0008DF805308DF8045002AB13E906000CF089
:1069D000DBF9236893F90400294603B0BDE8304091
:1069E00013F096BB03B030BD0465002080BA8C0163
:1069F0000448006828B108B500680CF02FFA01209F
:106A000008BD704704650020084B1B6843B141B9BD
:106A1000074B4022C3F88020BFF34F8FBFF36F8F27
:106A20007047034B40221A60704700BF0465002086
:106A300000E100E0024B53F8200000B1C06870474D
:106A40000865002030B4094CBDF8085054F82040C7
:106A500044B1246934B10846A44611461A462B466F
:106A600030BC6047002030BC704700BF0865002084
:106A700030B4084CBDF8085054F8204044B1646963
:106A800034B10846A44611461A462B4630BC60472E
:106A900030BC70470865002000207047024B186822
:106AA00008B190F860007047106500202DE9F843A8
:106AB000234C2568002D3CD01E462C2303FB00539D
:106AC0001746D3F8209088460446B9F1000F32D01B
:106AD000484615F09AF82C2303FB0454D4E90954D2
:106AE000DFF864C0174B08280246494628BF082231
:106AF0004046002D08BF6546002C08BF1C4614F018
:106B00009DF9284615F081F810280246294628BF2D
:106B10001022384614F092F9204615F076F8042831
:106B200002462146304628BF0422BDE8F84314F04F
:106B300085B9BDE8F883DFF814900820CBE700BFE3
:106B40001065002098DE030088DE03007CDE030071
:106B500070B5104E3368D3B12C2404FB00340546C5
:106B600062691AB19047336884F832002C2202FB24
:106B7000053393F8324014B10124204670BD2846F5
:106B800023463A22022101F0E7F8204670BD1C4658
:106B9000204670BD10650020074B1B6853B110B430
:106BA0002C2404FB0030C46A038E0C6013805DF853
:106BB000044B7047704700BF1065002008B52022C5
:106BC0000023052101F0C8F84FF0FF3008BD00BFD9
:106BD00030B4094C24685CB10D4611462C2202FBEE
:106BE0000044E46924B11A462846234630BC1847BD
:106BF000012030BC704700BF1065002030B4094C44
:106C0000029A246854B10D462C2101FB0044A4686B
:106C100024B119462846234630BC18474FF0FF30B0
:106C200030BC70471065002030B4094C029A2468CB
:106C300054B10D462C2101FB0044E46824B11946EF
:106C40002846234630BC18474FF0FF3030BC704711
:106C500010650020044B1B682BB12C2202FB003076
:106C6000036903B11847704710650020054B1B6886
:106C70002BB12C2202FB0030836903B1184701209D
:106C8000704700BF1065002005F0DCBB00B5164B57
:106C900083B04022002483F8272301A90123204642
:106CA0008DF804308DF8054002F0DAFE4FF0804395
:106CB00002A8D3F8385400F8084D12F05FFB0B4BD4
:106CC000019301A812F086FB12F096FBEB0707D4A4
:106CD00000214FF0FF3002F04DFFFFF7F9FAF7E720
:106CE000204605F0AFFBF3E700E100E0896C02000D
:106CF000002005F01DB800BF00B5002383B00322BB
:106D0000CDE9002303490448C82211F035F803B047
:106D10005DF804FB9CDE03008D6C020013F070B97B
:106D20004FF08052536E1BBA0360136E1BBA436060
:106D30000820704700487047A4DE030070B51E4C61
:106D40002368D3B1012901D0012070BD1578C5F3A6
:106D50004115012D13D0022D0FD15478012C21D0D3
:106D6000022CF1D19388072B07D1144C11462389AB
:106D70002246BDE8704003F035BE002070BD51785A
:106D80002229E1D111465288003218BF01225A75DA
:106D900003F010FE2268D369002BD5D0507D9847B0
:106DA000284670BD9C69002CE7D011462378224606
:106DB000BDE8704003F016BE14650020046000209A
:106DC00010B5044602F034FE08B9002010BD02F0F0
:106DD00037FE0028F9D1044B4FF4367202FB04341D
:106DE000207900F0010010BD98650020064A4FF49C
:106DF000367303FB00230833186808609A889B7970
:106E00008B718A80704700BF9865002008B5044ADE
:106E10004FF4367303FB0020103002F055FC08BD20
:106E2000986500202DE9F8434FF4367404FB00F414
:106E30001E4E4FF6FF73074604F110054FF6FE7025
:106E4000824288BF1A463544284692B202F066FC58
:106E5000804602F0EDFD10B94046BDE8F88302F02F
:106E6000EFFD81460028F7D13444E378002BF3D0BE
:106E7000284602F041FC3F28EED9E178484603F06D
:106E8000E7FC0028E8D0284602F036FC3F2804D86A
:106E9000E178484603F0ECFCDEE7054AE178484635
:106EA00002EBC712402303F0F3FCD5E798650020FE
:106EB00018650020034A4FF4367303FB002010309E
:106EC00002F096BC986500202DE9F8434FF4367522
:106ED00005FB00F5244F4FF6FF73064605F1240429
:106EE0004FF6FE70824288BF1A463C4492B220465A
:106EF00002F0B8FC8046204602F0E6FB3F2802D8AC
:106F00004046BDE8F88302F093FD0028F8D002F077
:106F100097FD81460028F3D1204602F0D5FB0028DA
:106F2000EED03D444846A97803F092FC0028E7D013
:106F30000E4B402202EBC6161E442046314602F09C
:106F4000EDFB034660B13246A978484603F0A0FC49
:106F50000028D5D1064B1B68DB07D1D500BECFE793
:106F6000A97803F085FCCBE7986500201865002020
:106F7000F0ED00E02DE9F041804602F059FD10B936
:106F80000020BDE8F08102F05BFD07460028F7D144
:106F90004FF4367404FB08F4164E04F1240535440E
:106FA000284602F091FB0028EAD026443846B17802
:106FB00003F04EFC0028E3D040220F4B02EBC81830
:106FC00098442846414602F0A9FB044660B1424677
:106FD000B1783846234603F05BFC40B9074B1B6889
:106FE000DB07CDD500BECCE7B17803F041FC2046ED
:106FF000C7E700BF9865002018650020F0ED00E0AD
:1070000008B5044A4FF4367303FB0020243002F025
:1070100073FB08BD9865002070B5204C82B000213C
:107020004FF4367220460D4613F02CFFFF234FF429
:10703000E132082604F138016371A26001234FF4A4
:107040008072009504F11000A67302F001FB144B4E
:107050001B78C3F38003009304F59C7101234FF464
:10706000807204F1240002F0F3FA04F50E7101209D
:1070700010F0C6F804F522710646012010F0C0F8A1
:1070800006B130B9074B1B68DB0700D500BE02B064
:1070900070BDC4E90756C4E90C05F8E798650020FF
:1070A000B8600020F0ED00E038B5094C206A256B8F
:1070B00020B110F0C9FC0023C4E907332DB12846E4
:1070C00010F0C2FC0023C4E90C33012038BD00BF1E
:1070D0009865002010B50E4C0E48237800220260FF
:1070E0000271DA0709D59B070DD521780A48C1F34B
:1070F0008001BDE8104002F063BC103002F040FC9B
:1071000023789B07F1D4044802F03AFCEDE700BF76
:10711000B860002098650020BC6500202DE9F04192
:107120004B79022B82B004D00025284602B0BDE87E
:10713000F0818B79022BF7D1364EB3782BB1364BD9
:107140001B68DB07F0D500BEEEE78B7833700C7858
:107150000C4407466378242B4FF009050BD1082A0D
:1071600002D822E0AA4220D323781C441D4463782D
:10717000242BADB2F6D0052B38D0042B15D1637972
:107180000A2B12D1254A94F8008001920223013281
:107190000092384604EB08011A4603F095FA0028DD
:1071A000CDD00E3518FA85F5ADB202F041FC0028BD
:1071B000BBD002F045FC04460028B6D1F378002B82
:1071C000B3D0174802F098FA3F28AED9F17820469C
:1071D00003F03EFB0028A8D0114802F08DFA3F28AA
:1071E000F17811D8204603F043FB9EE7214638464C
:1071F00003F00AFB0028A2D0A378737023781C4404
:107200001D44ADB26378B8E7064A2046402303F038
:107210003FFB8AE798650020F0ED00E09A650020CA
:10722000A86500201865002038B5137803F06003C6
:10723000202B01D0002038BD294C938825789D4211
:10724000F8D15378203B032BF4D8DFE803F008157E
:107250001E02012936D0032939D0012038BD012969
:107260000CD00329F9D11F4B002BF6D01E4900206A
:10727000AFF30080012038BD0129EED1114607236C
:10728000194A03F0AFFB012038BD01291AD00329A8
:10729000E3D1164B55881B781548257113F004016E
:1072A0001CBFE94301F0010102F08AFB114B002BE6
:1072B000D3D0C5F3400205F001010020FFF7A0F98B
:1072C000012038BD114603F075FB012038BD0A4B83
:1072D000002BC2D051880020AFF30080BDE700BF73
:1072E0009865002000000000A0650020B860002024
:1072F000BC65002001660200000000002DE9F04797
:107300005F4CE2788A420D4680461F4659D15D4E59
:107310009AB2314604F1100002F0A4FA5A4BC3B1FC
:107320006379FF2B15D0A7B106EB070A04F110090A
:1073300002E056450DD0637916F8012B9A42F8D138
:10734000484602F0D1F90028F3D16179AFF300800B
:10735000EFE74E4B23B14E4802F0C6F9002863D048
:1073600002F066FB002862D1A3789D4202D0012082
:10737000BDE8F087474B13B10020AFF3008002F067
:1073800057FB00282BD1444802F09EF90028EED18B
:10739000002FECD017F03F07E9D1A178404603F069
:1073A00057FA0028E3D0A17840463B463A4603F01E
:1073B0006FFA0028DBD1394B1B68DA070CD500BE09
:1073C000D6E7A3788B42D5D0344B1B68DB0703D5B7
:1073D00000BE0020BDE8F0870020BDE8F08702F085
:1073E0002FFB05460028CED12B4802F06DF900286E
:1073F000C9D0A178284603F02BFA0028C3D0402238
:107400002749254802F08AF9034600282CD028464F
:10741000234AA17803F03CFA0028A8D11F4B1B682F
:10742000D907B0D500BEAEE7AFF3008098E702F011
:1074300007FB0646002897D1E378002B94D0144828
:1074400002F05AF93F288FD9E178304603F000FA6C
:10745000002889D00E4802F04FF93F28304607D85F
:10746000E17803F005FA7FE7A17803F001FA8AE7F3
:107470004023044AE17803F00BFAA37875E700BFD4
:107480009865002018650020000000000000000042
:10749000A865002000000000BC650020F0ED00E0C1
:1074A00058650020704700BF01207047704700BF3B
:1074B000704700BF044B0022C3E90022C3E9022247
:1074C000C3E90422704700BFF06900200120704723
:1074D000044B0022C3E90022C3E90222C3E90422CB
:1074E000704700BFF06900202DE9F0434B79032B72
:1074F00083B004D00024204603B0BDE8F0830B79AC
:10750000C3EBC3041234A4B2944205D9254B1B68C3
:10751000DA07EFD500BEEDE7234A5578002D3ED0BF
:10752000557B002DF2D102F10C054FF4A0770E78B7
:107530008A1992F801C0BCF1210FE7D1AA608946EF
:10754000895D80466E1CA81C1144CDE900061A46D0
:107550004046032303F0B8F80028D7D099F8063046
:10756000A978012B04BF99F80730EB700123AB71A8
:1075700099F80220AB682A70B3F80730AB80002975
:10758000B9D00A4A40463A44402303F081F9002822
:10759000B1D1044B1B68DB07ADD500BEABE7154688
:1075A0008027C4E7F0ED00E0F0690020706800205B
:1075B0002DE9F047137803F01F06012E82B003D0A7
:1075C000002002B0BDE8F087DFF80882978898F8BD
:1075D0000040FFB2BC4200F0B08098F80C40BC42C2
:1075E000EED13746B4464FF0C00E4FF0130A4FF0BD
:1075F000120913F060030C460546164604D1012912
:1076000000F0A4800120DCE7202BD9D15378013B86
:107610000A2BD5D801A252F823F000BFF176020060
:10762000E7760200D1760200C1750200C175020042
:10763000C1750200C1750200C17502009176020099
:10764000697602004976020001291BD00329D9D1AD
:1076500073880C2606FB0786DBB260461946B371B9
:10766000FFF720FF0120ACE70129CBD173880C2262
:1076700002FB07871B0A60461946FB71FFF714FFE0
:1076800000289DD03146284603F094F9012098E760
:10769000012900F086800329B4D1F48871884B4B0E
:1076A000402C4FEA1122204628BF402011F0FF0154
:1076B000734407D0012C05D91C788C4202D10138C3
:1076C00080B2013300906046FFF7D2F9012078E7DD
:1076D000012997D108EB090231462846234603F0D9
:1076E00081F920466DE701298CD108EB0A02F3E706
:1076F000012987D1F3887188344F402B4FEA11223A
:10770000184628BF402011F0FF01774454D0012BC8
:1077100052D9013880B239707B1C00906046FFF767
:1077200091F90444A3B2002B49D1294A1268D20727
:107730007FF546AF00BE184643E74FF0000E774690
:10774000F4464FF0070A4FF0060952E75378062B2C
:107750007FF436AF53881B0A212B12D0222B7FF4E3
:107760002FAF6046FFF766F97B001F4408EB8708E0
:10777000024631462846B8F8043003F033F9204673
:107780001FE77B001F4408EB8708D8F80820002A71
:107790003FF416AF1378314602B0BDE8F04703F06E
:1077A00021B9F388402B3FF60BAF084A31467244AB
:1077B00003F018F9204604E73B460024ADE73A46BB
:1077C0003146284603F00EF90120FAE670680020E1
:1077D000F0ED00E0F0690020F0B52C4CA67865785B
:1077E0008E4283B0074610D0A9422CD0A07B657B87
:1077F00088423FD0A94244D0254B1B68DA0702D407
:10780000002003B0F0BD00BEFAE780264FF0400C28
:107810000020A9429BB21AD01E4D3544FAB90093FC
:1078200011462B460222FFF723F92A46A178384653
:10783000402303F02DF80028E3D1154B1B68DB072C
:10784000DED500BEDDE74FF0400C00209BB21149B1
:1078500061444AB91A46FFF729FE0120D1E72A46BA
:107860000221FFF725FEE0E70A460121FFF720FE8F
:107870000120C6E70C344FF4A0764FF4807C012041
:10788000C7E74FF4807C0120E0E700BFF0690020EB
:10789000F0ED00E07068002070B5194C82B0002156
:1078A0000D464FF4EC72204613F0ECFA04F1380167
:1078B0000123802204F11000009501F0C9FE04F1BB
:1078C000B80101238022009504F1240001F0C0FEDC
:1078D00004F59C7101200FF093FC04F5C471064679
:1078E00001200FF08DFC30B9064B1B68DB0700D57B
:1078F00000BE02B070BDC4E90756C4E90C05F8E744
:10790000886A0020F0ED00E038B5094C206A256B4C
:1079100020B110F099F80023C4E907332DB12846AF
:1079200010F092F80023C4E90C33012038BD00BFE9
:10793000886A002010B5084C002304F11000C4E947
:107940000033C4E9023302F01BF804F12400BDE85F
:10795000104002F015B800BF886A00202DE9F043FE
:107960004B79012B83B004D00025284603B0BDE835
:10797000F0838B79012B0C46064616D049780429F2
:10798000F2D10025032BEFD1E379002BECD1DFF806
:10799000FC8098F8013013B998F802700FB3384B97
:1079A0001B68DB07E0D500BEDEE7CB79002BDBD11F
:1079B0000B781C449DB2617824290BD1954202D9E1
:1079C000D2E7AA42D0D323781C442B4461782429DF
:1079D0009DB2F6D00429C7D16379012BC4D1A37914
:1079E000D0E7A37888F8003094F8009021794D44CE
:1079F000ADB2A14439B925E099F800308F421D4459
:107A0000ADB299441ED2AA421CD399F80130052B7D
:107A1000F2D149463046019202F0F6FE019A002862
:107A2000BDD099F80230D90914BF88F8013088F820
:107A3000023099F80030217901371D44FFB2ADB210
:107A40009944D9E70F4801F057FE3F288DD998F89F
:107A50000210002002F0FCFE002886D0094801F048
:107A60004BFE3F2898F8021003D8002002F000FFD8
:107A70007BE7054A4023002002F00AFF75E700BFBC
:107A8000F0ED00E0986A0020486A0020886A002033
:107A900000207047F8B53C4DAA788A421F4612D1A3
:107AA0009AB23A4905F1100001F0DCFE384B13B1EF
:107AB0000020AFF30080374801F01EFE3F282CD88D
:107AC00001242046F8BD6B788B4208D0324B1C68ED
:107AD00014F00104F5D000BE00242046F8BD06468F
:107AE00005F1240001F0F0FD40BB2C4801F0ECFD55
:107AF0000028E5D1002FE3D017F03F07E0D16978E7
:107B0000304602F0A5FE04460028D9D069783046F8
:107B10003B463A4602F0BCFED3E7A978002002F0CB
:107B200097FE04460028CBD01A4801F0E5FD3F2817
:107B3000A9781ED8002002F09BFEC2E769780020D9
:107B400002F086FE0028D0D04022154905F124001D
:107B500001F0E4FD034690B1114A6978002002F07B
:107B600097FE0028ACD10C4B1B68DB07BDD500BECF
:107B7000BBE7064A4023002002F08AFEA1E76978AD
:107B800002F076FEB1E700BF886A0020486A002054
:107B900000000000986A0020F0ED00E0AC6A0020D0
:107BA000086A002030B4114B9C689A6B93F83C50E3
:107BB00083F82C10A21A022183F830109A6225B99A
:107BC00042F2050183F83E50998744B13AB11A7BDD
:107BD000D20906D193F82F1030BC02F099BE30BC08
:107BE000704793F82E1030BC02F092BE606E0020F9
:107BF00038B5214B214C05461BB1607BFFF736F8A9
:107C0000A8B1A06BA36894F82F101D4A1B1AB3F5F6
:107C1000007F28BF4FF4007328469BB202F038FE65
:107C200020B9184B1B68DB0700D500BE38BDA26821
:107C3000A36B84F83E0042F20771D31A0120A1879A
:107C40000221A36284F82C0084F83010002AEDD0C1
:107C5000002BEBD0237BDB0906D194F82F102846AC
:107C6000BDE8384002F054BE94F82E102846BDE816
:107C7000384002F04DBE00BF6D6C0200606E002007
:107C8000606C0020F0ED00E070B5304CE28AA36833
:107C900052BA92B286B0054612B1B3FBF2F292B27A
:107CA000A66BD4F81110607B9B1BB3F5007F28BF37
:107CB0004FF4007309BA0093B6FBF2F302FB1362B0
:107CC0001944234BFEF79AFF031E20DB94F82E2065
:107CD0000DD011469BB228461D4A02F0D9FDA0B92D
:107CE0001C4B1B68DB0710D500BE06B070BD072417
:107CF000194603A88DF80C508DF8102005938DF8C7
:107D000011308DF80D4002F0B7FB06B070BDA268CF
:107D1000A36B43F602200021D31AA08784F83E10FB
:107D200001200221A36284F82C0084F83010002A7C
:107D3000EBD0002BE9D0237BDB0914BF94F82E1085
:107D400094F82F10284602F0E3FDDEE7606E002075
:107D5000606C0020F0ED00E010B4054C012084F8C8
:107D60003C1084F83D2084F83E305DF8044B7047A9
:107D7000606E002040220021014813F083B800BF4C
:107D8000606E002040220021014813F07BB800BF44
:107D9000606E00204B79082B01D0002070478B7952
:107DA000062BFAD1CB79502BF7D1162A06D81C4BCB
:107DB0001B68D907F1D500BE0020704770B5194D7A
:107DC0008B7885F82D300B7882B005F12F0205F104
:107DD0002E0619440223CDE900261A46044602F075
:107DE00073FC48B90E4B1B68DA0702D500BE02B01F
:107DF00070BD002002B070BD204695F82F100A4AD1
:107E000000241F2385F8304002F042FD30B9044BB6
:107E10001B68DB0702D500BE1720E8E71720E6E75E
:107E2000F0ED00E0606E0020606C0020012901D0C0
:107E300001207047F0B5137803F07F01022985B067
:107E4000054606D003F06003202B1AD0002005B0B1
:107E5000F0BD5478012CF5D15388002BF6D1434E58
:107E6000918896F83030042BC9B279D096F82E401C
:107E70008C423DD096F82F408C4257D0012005B05F
:107E8000F0BD5378FE2B16D0FF2BDFD15388002B8B
:107E9000DCD1D488A3B2002BD8D1344E1146284669
:107EA00086F83030C6E90D33B48786F83E3002F0EC
:107EB00081FD0120CBE75388002BC7D1D388012B4C
:107EC000C4D12B498DF80F3000294DD00192FEF717
:107ED000E5FD019A0028B9D0431EDBB204AC11467F
:107EE00004F8013D28462246012302F07BFDC5E748
:107EF000022BC3D1B26BB3681E4F9B1AB36206F15B
:107F000020030FCB07C73A46214602F80C39032459
:107F100028460D2386F8304002F0BAFC0028ADD187
:107F2000154B1B68DB0791D500BE90E7002BA5D150
:107F3000214602F0DFFC0028A0D12146284602F0AD
:107F400005FD00289AD1002496F82F10094A86F8DA
:107F5000304028461F2302F09BFC0028E0D08DE72C
:107F600002F0D6FC204672E70B46B7E7606E0020B1
:107F70009D6A0200606C0020F0ED00E02DE9F04108
:107F8000B44C94F83050012D8EB01E46074645D0B3
:107F900028D3032D05D0022D5FD001200EB0BDE8FF
:107FA000F08194F82E308B42F7D10D2EF5D1E37B82
:107FB000282B00F01A812A2B40F00D81A64B13B11B
:107FC000607BFEF747FE002594F82F10A34A84F843
:107FD00030501F23384602F05BFC002861D094F833
:107FE0003050D8E794F82F508D42D6D11F2B06D1B0
:107FF000DFF868829A4BD8F800209A4271D00423A7
:1080000094F82E1084F83030384602F081FC38465F
:1080100094F82F1002F07CFC0020BFE7B3F5007F3E
:1080200008D9904B1B68D90700D500BE00200EB0C0
:10803000BDE8F081E27BA36B282A00F087802A2A22
:1080400000F08F80217B626B1E44CB09A66336D083
:1080500096422CD3022384F8303094F82E10384600
:1080600002F074FC002898D1A368A26B94F82E60EB
:10807000934202D9217BC9092ED19B1A7A4AA36265
:108080000FCA764D07C52A46314602F80C3903253A
:1080900038460D2384F8305002F0FAFB00287FF4B4
:1080A0007CAF704B1B68DB07C0D500BE76E76D4B1D
:1080B0001B68DA0793D500BE94F830506BE793B293
:1080C000607B664A04F10F01FEF778FD0028C0F2DC
:1080D0009F80A66B626BBBE73146384602F018FC06
:1080E0005BE7C446BCE80F0026460FC69CE80F00BD
:1080F00007C626F8023B1B0C3370D4E90123E17B51
:108100005A4E626201200022282963632662A2621D
:1081100084F82C20A26384F8300000F0AD802A2976
:1081200000F0DF80002B00F0EF80227BD20940F0CE
:10813000EB80B3F5007F00F26F819BB22946474A7E
:10814000384602F0A5FB0028ABD048E7626B1E441E
:108150009642A663BFF47EAFFFF796FD94F83050C9
:1081600019E7E28A52BA92B21AB1A168B1FBF2F2EF
:1081700092B2D4F81110394DB3FBF2FC09BA02FBEC
:108180001C32607B009661442B46FEF74DFD0028B3
:10819000C0F2FB81864230D9361A40B1A36B291850
:1081A00013FA80F332462846A36312F052FE0023EE
:1081B00094F82F508DF818500722194605A88DF80D
:1081C000147007968DF819308DF8152002F054F9C7
:1081D00094F83050DFE6264B002B3FF4F4AE04F168
:1081E0000F01607BAFF30080EDE6224B002B3FF4E4
:1081F000EAAE607BAFF30080E5E6D4E90D231E44D0
:108200009642A663BFF426AF3846FFF7F1FCE6E6D8
:10821000A368A66B94F83C1084F82C509A1B02209B
:10822000A26284F8300021B942F2050084F83E10C1
:10823000A087002B3FF44EAF002A3FF44BAF237BC7
:10824000DB0940F0E58194F82F10384602F060FB1E
:108250003FE700BF606E0020556C0200606C00209C
:1082600055534243F0ED00E0806E002055534253D9
:108270000000000000000000E28A52BA92B20BBB7C
:10828000002A3FF4E7AE94F83C10A362022284F87F
:108290002C2084F8302000297FF4DFAE42F2050163
:1082A0000022A18784F83E20002B3FF4D6AE237B2A
:1082B000DB0940F09A812946384602F029FB94F800
:1082C000305068E6207BC00913D0002A00F080817E
:1082D000B3FBF2F2002A00F0A3812829384694D19A
:1082E0003AE7E28A52BA92B2002BC9D0207BC00989
:1082F000EBD094F83C10A362022284F82C2084F87E
:1083000030200029CAD0D2E7667B252900F22B81D4
:10831000DFE811F0220129012901E50029012901E5
:1083200029012901290129012901290129012901FD
:108330002901290129012901BD002901290129015A
:108340002901290129012901990087002901290111
:10835000710029012901290129014C002901260068
:10836000304604AA05A9FEF717FC059B002B00F078
:108370004481BDF81020002A00F03F81013B1BBA68
:1083800012BAC8E900320820A368002B44D09842F2
:1083900028BF184683B26063A64A94F82E10384668
:1083A00002F076FA00283FF47CAE18E605AD002313
:1083B0000DF10E02304604A96B600593AB60FEF729
:1083C000EBFB049A002A00F01881BDF80E30002B58
:1083D00000F0138112BA082106925BBA0222ADF8AE
:1083E0001E308DF817108DF81C2095E8070088E8DE
:1083F00007000C20C8E7904B03B33046227DE17C98
:10840000AFF30080D0B994F83C302BB943F6022288
:108410000023A28784F83E3001213846FFF7C2FBD3
:10842000DDE5864B53B1E17C3046C1F3400301F0FA
:1084300001020909FEF7CCFB0028E4D0A368002B59
:108440003FF408AEE8E79DF816307D49002203F0BE
:10845000800362F3C7138DF8163003238DF81520BF
:108460008DF817208DF81430002900F0E180304697
:10847000FEF7FCFB9DF8163080F0010060F3C71397
:108480008DF81630059BC8F8003004207CE74FF0CB
:10849000203302250022CDE90522304607A909AA8A
:1084A00008934FF0800C079309930D93CDE90A339D
:1084B0000C931F260DAB8DF816508DF8175005AD97
:1084C0008DF818608DF815C0FEF7F0FA0FCD594EF3
:1084D0000FC60FCD0FC62B683360242054E794F8E5
:1084E0003C2094F83D0094F83E10DFF848C1DFF8D6
:1084F00058E14FF000084FF00003CDE90588CDE9C1
:10850000078862F303038DF81630F0220A23ADF8D2
:1085100024808DF820008DF821108DF814208DF81E
:108520001B3005AD0FCDACE80F002B68ACF8003068
:10853000BEF1000F76D0ACF1100130464FF400725E
:10854000AFF300800028A4F83C8084F83E800FDB65
:1085500000283FF473AF17E73046FEF7F9FA00281A
:108560003FF451AF6AE794F83C30002B7FF454AFEE
:10857000A38E304A3349607BFEF720FB0028FFF6CC
:108580004BAF00283FF45AAFFEE6A36BA2681E442F
:1085900043F602200021931BA08784F83E1001209F
:1085A0000221A663A36284F82C0084F83010002A0C
:1085B0003FF453AD002B3FF450AD237BDB0914D1C6
:1085C00094F82F10384602F0A3F994F83050E2E402
:1085D000012294F83C1084F82C200222A36284F833
:1085E000302000293FF45AAE5EE694F82E1038464B
:1085F00002F08EF994F83050CDE494F83C30002B22
:108600007FF40AAF43F6022284F83E30A28703E7E4
:1086100094F82E10384602F07BF9D4E90D2617E5C0
:108620000222D6E7A4F83CE084F83EE01220ABE654
:1086300001201FE7606C002000000000D16B0200E9
:108640006D6C02006F6E00200000000070B5134CCE
:10865000134E84B020464FF4AE72002112F012FC8B
:108660004025002304F58E720092CDE901561A468A
:10867000194604F1B000039504F068F92E4404F1A2
:1086800070020023CDE90025CDE90265201D1946C1
:10869000012204F05BF904B070BD00BF206F002020
:1086A000A06E002010B5054C04F1B00004F07AF97A
:1086B000201D04F077F9012010BD00BF206F0020BD
:1086C00038B5074C2046002500F8B85B01F058F992
:1086D00004F10C0001F054F984F8B150657138BD13
:1086E000206F00204B79FF2B01D0002070472DE92F
:1086F000F04FDFF824B19BF8B13083B04BBB9BF84F
:10870000053033BB0B788A460AEB02050AEB0304FB
:1087100089788BF80010A542064614D91AF8032070
:10872000A3189D420FD36278042A0CD00B2A0AD0DA
:10873000052A0BF1B8080BF1B0070BF10C0917D0A3
:108740009D421C4609D8A4EB0A0080B203B0BDE8E4
:10875000F08F002003B0BDE8F08F1A7813449D42DB
:10876000F1D36278042AEED00B2AECD0052AE7D1A7
:108770002146304602F048F8002843D0A378DB09B0
:1087800005D19BF8B1301BB32278A318D8E79BF82A
:108790000530002BF8D14846019301F0F1F8A2789A
:1087A0008BF80520A2889BF804C0019B1849C2F3EE
:1087B0000A02A2F50072B2FA82F2520962F3410C87
:1087C00018468BF804C004F037F92278A318B7E7ED
:1087D000404601F0D5F8A3788BF8B130A3889BF818
:1087E000B020C3F30A03A3F50073B3FA83F35B0964
:1087F00063F34102394630468BF8B02004F064F947
:108800000028C1D1034B1B68DB07A2D500BEA1E73E
:10881000246F0020F0ED00E0206F002070B51C4CAC
:1088200094F8B1208A4205461E460FD1B4F8BC2008
:10883000F2B9184B23B1B2B217490020AFF3008050
:108840002846164904F040F9012070BD63798B4237
:1088500001D0002070BD124B1BB1B1B20020AFF3AC
:1088600000801049284604F0E7F848B1012070BDA7
:10887000B2B2D4F8B41004F1B80000F0F3FFD8E7B6
:1088800032462846074904F099F8012070BD00BF20
:10889000206F002000000000A06E0020D06F00209C
:1088A00000000000246F0020F8B50E688D88B778AE
:1088B0003544AE420BD23B469F42344603D10BE0D7
:1088C0006378042B05D023781C44A542F8D80020F7
:1088D000F8BDA3789F42F6D1E3789A42F3D1A5423E
:1088E000F5D9237D012B06D9144B1B68DA07EED589
:1088F00000BE0020ECE723790D46DBB1012BE6D169
:108900002278E389617A1344114423442144994233
:1089100004D3DCE70A7811448B42D8D94A78052A77
:10892000F8D101F071FF28B9044B1B68DB07CED5E5
:1089300000BEF8BDA41BEC800120F8BDF0ED00E006
:10894000C28832B9654B1B68DB0700D500BE00202A
:108950007047F0B40378624803EB830403EB4403ED
:10896000C058831803D08E781C7BA64207D95B4B76
:108970001B68D90700D500BE0020F0BC70472EB997
:10898000012C01D90120F8E701268E7001248C60AA
:10899000C1F80E404C7700256FF03F0481F822505B
:1089A0008C766FF003056FF06404CD760C774D4D37
:1089B000C1F81E50082481F82340825CB3F80D40B2
:1089C00014441C441344A342D1D2474F9D78102D28
:1089D0000CD827FA05F0C04310F0010006D1DA7870
:1089E000964203D107E05A78242AEFD01A7813442C
:1089F0009C42F8D8BBE79C42B9D0062D06D0102D7A
:108A000004D0042DB9D1012248730A73CF781A79A2
:108A1000974218D81FB9012AB4D80127CF701A7805
:108A20001A44A2420FD2967806F0FD0CBCF1050F55
:108A30000FD0112E03D10CE05678242EF3D01678E7
:108A400032449442F8D8254B1B68DA0794D500BE0F
:108A500093E7D678B742F2D19442F4D0D1F81240DD
:108A60008CB9062D30D0102D2ED0042D09D1B2F89E
:108A70000560B2F807505C7D05FB06F304FB03F4C8
:108A8000E408C1F812404B6863B9557E012D3FF6EA
:108A900079AFD2F81A3025B9D2F81E209A427FF465
:108AA00071AF4B60114AA2FB03235A0BCBD0631E5C
:108AB0001344B3FBF2F30233B3F5807F28BF4FF4C6
:108AC0008073C1F816305DE7B2F80530B2F80740A0
:108AD00004FB03F42401E408D3E700BFF0ED00E059
:108AE0007C70002003010101501001005917B7D11B
:108AF0002DE9F84F0B785D4C03EB83050E4603EB35
:108B000045030989E7589146804679B13944CB78C5
:108B100003F00303012B00F09480738933B13B44CD
:108B2000DA7802F00302012A00F091807488B58897
:108B300000233C44B381F38133827382B382F38296
:108B40003D44A278AC4238BF134609D29A4203D1C1
:108B50000CE06378042B06D023781C44A542F8D897
:108B60000020BDE8F88FA3789A42F5D1E3789945C3
:108B7000F2D1A542F4D994F804A0BAF1020F15D8A5
:108B8000E31BF380B9F1000F16D023781C44BAF12F
:108B9000000F4CD04FF0000B06E06378052B28D077
:108BA000042B03D023781C44A542F6D8304B1B6815
:108BB000DA07D5D500BED3E7737F012B12D006F1BB
:108BC0001E03494686F81D90A6F81890A6F81A903C
:108BD0001846302212F056F901463046FFF7B0FE33
:108BE0000028BDD023781C44BAF1000FD2D1012057
:108BF000B7E7E37803F00303B9F1000F01D0012BCD
:108C000018D0022BACD12146404601F0FDFD28B31F
:108C100006EB4B03E21B1A8122780BF101039A4504
:108C200014444FF0010BBFD8B9F1000FDFD002237D
:108C30007377DCE7A388B269C3F30A039342E2D2F5
:108C40008EE700233381897801F08EFE65E70022EC
:108C500072819978404601F087FE67E7044B1B68F4
:108C6000DB077FF57DAF00BE7BE700BF7C70002097
:108C7000F0ED00E010B4064C06480023C4E90033D0
:108C80001946C4F807304E225DF8044B12F0FAB8CA
:108C90007C700020887100200120704710B4064CC1
:108CA00006480023C4E900331946C4F807304E22B1
:108CB0005DF8044B12F0E6B87C700020887100204B
:108CC0002DE9F0414B790E2B04D04FF000084046BF
:108CD000BDE8F0818B79012BF7D1CB79012BF4D151
:108CE0003E4E33682BB13E4B1B68DB07EDD500BE13
:108CF000EBE714460F461A46314605463760B48006
:108D0000FFF7D2FD0028E0D0F2883368B978134429
:108D10003C44A74293F814C03B4605D308E05A7878
:108D2000042A4DD00B2A4BD01A7813449C42F6D813
:108D3000BCF1000F4ED02B494A88002AD3D1D81B52
:108D40001FFA80F83272A1F802809C4293F802E088
:108D50000A8098BF034605D80BE05A78042A2BD026
:108D60000B2A29D01A7813449C42F6D8DB1B1FFA31
:108D700083F80022BCF1010FA1F804804A77B2D138
:108D800017FA80F017FA83F3984281780AD2827832
:108D90008A4203D118E04278042AF8D002781044BD
:108DA0008342F8D8284600220E49FFF7A1FE00288A
:108DB0008BD0A6F804808AE79A787245D2D0D5E79E
:108DC0009A788A42B0D0B3E7C278012AE6D18342CA
:108DD000EFD1E7E7DB1B1FFA83F8EAE77C7000209E
:108DE000F0ED00E0887100202DE9F047167806F0DC
:108DF0001F04012C8CB004D0002420460CB0BDE828
:108E0000F087DFF8F892B2F804C0D9F80070804615
:108E100015465FFA8CF317B1BA789A422CD0B44F4A
:108E20007C88002CE9D03A7802EB820002EB400209
:108E300059F802E07444A2789A42DDD1C6F3411693
:108E4000F3B2002B00F09C80012B12D15FEA1C2CA6
:108E50000FD16B881B0A022B00F02E81062B00F02D
:108E60001781012B00F0F580A24B1B68DB0700D5B2
:108E700000BE07233B77BFE7C6F34116F4B2002CD0
:108E800047D0012C25D15FEA1C2C26D0B9F806204A
:108E9000BB18B95CDA89114419448B420ED29A7816
:108EA000023A052A06D8DA78624503D107E05A78F3
:108EB000242AF4D01A7813449942F8D849B10023EF
:108EC00089F80930012498E78A4B1B68D90700D537
:108ED00000BE072389F809308EE76B881B0A012B37
:108EE00000F09580022BEFD16B78812B00F0478149
:108EF000862BE9D10129E2D10B46404629467E4A1C
:108F000001F070FD0028DAD1FF2389F80930002430
:108F100073E76B780A2B4AD00B2B3ED10129CED1B7
:108F2000EB88002BF0D1B9F80630FA181179A9B105
:108F3000F85CD189537A0144034413440A449342B0
:108F400005D395E119780B449A4240F29181597802
:108F50000529F7D19978404601F006FD0026A9F8C9
:108F600006606A8865494046FFF79EFC0446002873
:108F7000CAD02946404601F01DFD89F809603CE74A
:108F80006B780A2B27D00B2B7FF46EAF012900F0F2
:108F9000BD8000233B7701242FE7564B1B6813F05D
:108FA00001032FD107221C4689F8092025E7012952
:108FB00085D1EB88012BA7D1B9F80620BF18A3D023
:108FC0000CAAF97802F8301D294601F00BFD044681
:108FD0000028D2D198E70129DBD1EB88012B35D1CC
:108FE000FB889BB31EEB030330D00CAADB7802F89E
:108FF000303D40460B46294601F0F4FC044628B3B8
:109000003E77FAE600BE072389F80930F5E66B786B
:10901000812B00F0D180862B00F0BE80012B7FF4E5
:1090200053AF012900F0CB8002297FF448AF344BC5
:10903000002B3FF444AF99F80A100020AFF30080F2
:10904000B0FA80F489F809006409D6E6FF233B777B
:10905000D2E67B7F0BB187F81DC06C78842C61D879
:10906000822C65D2012C00F00A81812C7FF4FCAEA9
:1090700001298ED1EB883BB1294640463023214A55
:1090800001F0B0FC002884D1FF233B770024B4E634
:109090006B78812B00F0A180862B7FF4E5AE01294F
:1090A0007FF477AF294640460123134A01F09AFC2A
:1090B00000287FF46EAFE7E76B78812BD8D040F2C1
:1090C000B080852B00F09780862B7FF4CDAE0129F0
:1090D0007FF45FAFEB88012BD6D10B464046294683
:1090E000094A01F07FFC00287FF453AFCCE700BFB2
:1090F00088710020F0ED00E0DDDE03007C700020D0
:1091000000000000A6710020DEDE03006A883946F8
:109110004046FFF7EDFC002898D02946404601F074
:1091200049FC36E7862CD2D065D3872C7FF49CAEE1
:1091300001297FF42EAFEB88002BA5D0B64EE9466F
:1091400006F1300A30687168B268F368CC46ACE862
:109150000F0010365645E146F4D19DF80210002963
:1091600040F09F80832C00F08381872C00F0648185
:10917000822C00F0618108233B7700243DE6012921
:109180007FF49DAE294640460123A44A01F02AFC03
:1091900000287FF494AEB7E601297FF490AEEB8807
:1091A000012B7FF4B1AE294640469D4A01F01AFCDE
:1091B00000287FF484AEA7E601297FF480AEEB8817
:1091C000012B7FF4A1AE294640460123954A01F0C8
:1091D00009FC00287FF473AE96E601297FF4D9AE2E
:1091E0000B464046294607F11C0201F0FBFB002814
:1091F0007FF4CFAE48E701297FF4CBAEEB88022B9A
:109200007FF442AF0CAA302122F8301D4046294697
:1092100001F0E8FB044600283FF436AF00233B771B
:10922000EBE5012B7FF420AE01293FF425AF0229A5
:109230007FF4AFAE7849A1F11E00FFF781FB044631
:1092400060B3794B7A6BBA613BB1734A79783878FD
:10925000AFF3008000287FF49CAE74490023022005
:109260004FF480720880C7E903337B61BA83C4E599
:109270006F4B1B68D8077FF547AE00BE44E6012957
:109280003FF4FAAE02297FF484AE6349A1F11E00D7
:10929000FFF756FB044600287FF47BAE08233B779C
:1092A000ABE59DF8030000287FD1FA88002A3AD068
:1092B0001EEB020337D01EF80220B3F80D005D4EFE
:1092C00010441844134498420FD99A78102A04D8AD
:1092D00026FA02F2D20700F1D5801A781344984298
:1092E000F1D95A78242AF8D1EDE70346832C5AD0D5
:1092F000872C4CD0822C7FF43EAF01218DF80310D7
:109300001A781A44904237D9947804F0FD06052E55
:1093100010D0112C0ED0147822449042F2D95478F7
:10932000242CF8D1EEE7424B1B68D9077FF523AF19
:1093300000BE20E7D478A142EDD1997806291DD04E
:1093400010291BD004297FF416AFB2F80510B2F82B
:1093500007205B7D02FB01F203FB02F3DB08CDF883
:1093600012306A4629464046302301F03BFB044652
:1093700000283FF489AE51E70246DEE7B2F8051057
:10938000B2F8073003FB01F31B01DB08E7E79A782B
:10939000062A06D0102A02D0042A7FF4ECAE997D6A
:1093A000ACE79979AAE71979A8E7019B002BD8D1F6
:1093B000FA88002AB7D01EEB0203B4D01EF802E0F0
:1093C000B3F80D20DFF86CC072449E1873449E42BF
:1093D0000ED99A78102A03D82CFA02F2D20756D462
:1093E0001A7813449E42F2D95A78242AF8D1EEE72B
:1093F00033461A7813449E4264D99A7802F0FD01EC
:10940000052948D0112A46D01A7813449E42F2D931
:109410005A78242AF8D1EEE7A67100208570002042
:10942000DEDE03008670002000000000887000204F
:10943000F0ED00E05010010001238DF8023001230F
:109440004FF00112029300230392ADF810304FF653
:10945000C0428DF8223040F29B13ADF81A20ADF8CF
:109460001C30404ACDF81E2008238DF8233078E7C1
:10947000FB88002BE3D01EEB0303E0D01B7B8DF8B1
:109480000230DCE7DA7891427FF427AF2EE7DA7812
:109490009142A5D1ADE7DA789042B5D1823C052C56
:1094A0003FF669AE01A252F824F000BF2D950200EC
:1094B00011950200F3940200779102007791020067
:1094C000C99402003346E9E7D3F8151042F210734D
:1094D000B1FBF3F3019100293ED0DDF812208BB9E6
:1094E000931CB3F5807F28BF4FF48073CDF81630FE
:1094F00037E75A7E72BBD3F8221042F21073B1FBE9
:10950000F3F3E7E7013A1A44B2FBF3F30233E8E777
:109510005A7ECAB1053203EB8202D2F80210D3F8A8
:109520001A3042F21072B3FBF2F3D3E75A7E72B1F3
:10953000053203EB8202D2F80220D3F81A1042F26D
:109540001073B2FBF3F3C5E7D3F81E10E7E7D3F8C7
:109550001E20F2E7002301930023ADF81630ADF88A
:109560001830FEE6030101012DE9F84F334C238941
:1095700053B12278324F02EB820502EB45057D594B
:109580002B449F788F420AD02E4B1B68DB0703D5F4
:1095900000BE0020BDE8F88F0020BDE8F88FD4E9B8
:1095A00004369E4205460BD327490023C4E9033302
:1095B000636119B161781046AFF300800120E9E7DB
:1095C00001F046F90028E7D0DFF88090A36999F808
:1095D0000000D4E9042BA2EB0B0808EB00069E4226
:1095E00028BF1E46B04213D9164B1B6813F0010367
:1095F00001D000BE002339462846144A01F048F93C
:109600000028DBD10F4B1B68DA07C5D500BEC1E7C8
:10961000E168A6EB000A59444844524611F00EFC9A
:109620000BEB0A03D0456361B3B2E4D199F8012092
:1096300042F0020289F80120DDE700BF88710020B6
:109640007C700020F0ED00E0000000008870002039
:109650002DE9F041B2F5004F9DF8188030D804464E
:10966000C0681E460F46154618B14FF0FF310EF088
:1096700035F8206918B14FF0FF310EF02FF8E2886D
:10968000E068276066F30E02C2F30721002368F347
:10969000C711E2806381A580E171238118B11A4668
:1096A00019460DF0D3FB206938B100231A4619463C
:1096B0000DF0CCFB0120BDE8F0810120BDE8F08178
:1096C0000020BDE8F08100BF03894289808892B202
:1096D0009BB2934236BFC2EB40029B1A9B189BB2CF
:1096E000984228BF18467047028943899BB2981A4E
:1096F000B0FA80F04009704703894289808892B2AD
:109700009BB2934236BFC2EB40029B1A9B189BB29E
:10971000984286BFC01A80B2002070472DE9F843F6
:10972000054600690E46174618B14FF0FF310DF09F
:10973000D5FF2B896989A8889BB289B28B4236BF35
:10974000C1EB40045C1AE418A4B2002C4AD0A04239
:1097500006D283422CBF191A191889B269810446AE
:10976000BC4228BF3C468842A4B203D8091A89B239
:109770008842FBD9EA882B68401AC2F30E0887B2E8
:109780001FFA88F2BC4202FB013125D917FB08F908
:109790001FFA89F94A46304611F050FBE21B12FBD2
:1097A00008F206EB090092B2296811F047FB6A89BA
:1097B000A88892B211198BB29A4215D940001B1A8F
:1097C0009BB228696B8120B100231A4619460DF01F
:1097D0003DFB2046BDE8F88302FB04F2304611F061
:1097E0002DFBE4E769898BB240008342E9DBE6E7C1
:1097F00038B5054600690C4618B14FF0FF310DF041
:109800006DFF29896B89AA8889B29BB2994236BFBC
:10981000C3EB4200C81A401880B200B3824209D29A
:1098200091422CBF8B1A8B189BB29A426B8103D842
:109830009B1A9BB29A42FBD9EA882968C2F30E02AE
:10984000204602FB031111F0F9FA0124286920B126
:1098500000231A4619460DF0F9FA204638BD044691
:10986000F4E700BF2DE9F0471446002A4FD0054623
:10987000C0680F4618B14FF0FF310DF02FFFEA79A5
:109880002E896989AB88D209B6B289B242D18E429B
:1098900036BFC1EB4301711A891989B2994252D27C
:1098A000591A89B28C42E88828BF0C46C0F30E08CA
:1098B000B342304603D8C01A80B29842FBD21B1A7A
:1098C0002A681FFA83F9A14508FB002047D219FB3B
:1098D00008FA1FFA8AFA5246394611F0AFFAA4EB99
:1098E000090212FB08F207EB0A0192B2286811F094
:1098F000A5FAA3199BB2AA88B3424FEA420201D348
:10990000934201DB9B1A9BB2E8682B81F8B9204691
:10991000BDE8F087E8889C42C0F30E080FD28E4263
:1099200023D3721A92B2580022448242C0DBCE186E
:10993000361BB6B2B14220D9361AB6B2B8E7E41A2D
:1099400008FB0477B3B9E86800240028DFD00023BF
:109950001A4619460DF07AFA2046BDE8F08708FB52
:1099600004F2394611F06AFAC3E75800421A324449
:1099700092B2D9E70E461C4698E7B04298DCDBE786
:1099800010B50446C06818B14FF0FF310DF0A6FEC7
:10999000206918B14FF0FF310DF0A0FEE068002300
:1099A0006381238118B11A4619460DF04FFA2069D8
:1099B00020B100231A4619460DF048FA012010BDC7
:1099C00038B5C379B1EBD31F1FD00446C0680D462C
:1099D00018B14FF0FF310DF081FE206918B14FF042
:1099E000FF310DF07BFEE379E06865F3C713E371A7
:1099F00020B100231A4619460DF028FA206920B13B
:109A000000231A4619460DF021FA012038BD00BF87
:109A1000704700BF704700BF0020704700207047AC
:109A2000704700BF704700BF704700BF704700BF5E
:109A3000024B5878003018BF012070473072002068
:109A4000024B1878C0F38000704700BF30720020CE
:109A5000024B1878FF3818BF0120704718610020AA
:109A60002DE9F047374E3378FF2B82B004D0012523
:109A7000284602B0BDE8F087002946D03822884643
:109A800007460021304811F0FDF9304B30490025E0
:109A900001201D700DF0B4FB2E4B1860002834D04F
:109AA0002D4C2346626833F80C0B618800950DF04D
:109AB0005BF9A16805460DF0EBFF284B1D6075B3FF
:109AC000274B23B12748AFF30080274B1860254C64
:109AD000DFF89CA02278DFF8909000252B460EE05E
:109AE000D9F8003013EB45130FD05B686BB1984782
:109AF00022780135EDB2511DA9422B4615DBAA4251
:109B0000EED89B1A0AEB4313EFE7184B1B68DA07F2
:109B100000D500BE0025284602B0BDE8F087134BF3
:109B20001B68DB07F6D500BEA2E741463846377012
:109B300001F050FE05460028F1D0384601F04CFEF9
:109B400096E700BF186100203072002030730020BB
:109B5000E071002068720020BC6000206C72002060
:109B600000000000DC710020D8710020F0ED00E062
:109B7000E0DE0300B94B1B78FF2B00F0A1812DE93B
:109B8000F04F04468BB04FF47A7200238002A10D8F
:109B900010F01EFFB24DDFF8E4B2B24E8246671CF1
:109BA000286800F02481002C00F02181BAF1000F18
:109BB00014BF5246012207A90DF0FEFBC0B19DF86B
:109BC0001D30013B072B00F21481DFE813F0F20097
:109BD000D300CA00BF00B700410014000800089B72
:109BE0000BB10998984728680DF024FF0028D6D1BA
:109BF0000BB0BDE8F08F9DF820109B4B01F07F0764
:109C000003EB470303EBD11393F826006FF3000037
:109C100083F8260093F826006FF3820083F826006D
:109C2000002F00F04581914A1B7D12789342C0F0CD
:109C30003381501D9842C0F234819B1A0BEB4313C1
:109C40009F699DF82120099B9DF81C00B847CAE731
:109C5000874A1378002B00F024811378013BDBB294
:109C60001370137803F0FF00002BBCD1DFF8F891DC
:109C70009DF81C8099F8003043F0010389F800300A
:109C800099F8263060F3000389F8263099F82630D9
:109C900060F3820389F8263099F8273060F30003D7
:109CA00089F8273099F8273060F3820389F8273044
:109CB00000F002FF9DF8203003F06002602A00F0FF
:109CC0000681402A00F00A8103F01F03012B00F0F7
:109CD000D581C0F01281022B40F0F9809DF824104C
:109CE00001F07F07082F00F2F2807B00C809019382
:109CF0004B44034400905D481F7D03789F4280F0F1
:109D00000F82336803EB4717002A00F0108257B127
:109D1000786900F0D1FE7B69404608AA0121984786
:109D200000287FF460AF9DF81C00002101F0BEFF09
:109D300080219DF81C0001F0B9FF54E74A4B1B78C5
:109D4000D8077FF550AFFFF771FE4CE7464B1A7806
:109D5000D7077FF548AF1878C0F3C000FFF764FE5F
:109D600041E7414BDB78D9077FF53DAF0898FFF716
:109D700051FE38E73D4F9DF81C903A7800239846F5
:109D800010E0336813EB481300F08080DB6848462E
:109D900098473A7808F101085FFA88F8511D88451C
:109DA000434645DC9045A3EB0203EAD30BEB431398
:109DB000ECE72E4F9DF81C903A78002398460FE070
:109DC000336813EB48135BD0DB68484698473A7812
:109DD00008F101085FFA88F8511D884543460FDCF9
:109DE0009045A3EB0203EBD30BEB4313ECE72246C6
:109DF000E1E6204B1B68DA077FF5F5AE00BEF2E620
:109E000038220021184811F03DF81B4A4FF0FF336B
:109E1000C2E90533C2E90033C2E90233D3611384D6
:109E2000136100F03FFE104B9DF820209A70DAE697
:109E3000382200210C4811F025F80F4A4FF0FF336B
:109E4000C2E90533C2E90033C2E90233D3611384A6
:109E5000136100F027FEFFF7E5FDC4E6186100205E
:109E60006C720020D871002030720020DC7100205C
:109E700030730020F0ED00E034720020E0DE0300DB
:109E8000A44B1B68D907CCD500BECAE7A14B1B6801
:109E9000DA07DED500BEDCE7326812EB43137FF44D
:109EA000CFAE9C4B1B68DB077FF5A2AE00BE9FE6E2
:109EB000099B9DF821209DF81C0000F013FE92E6FE
:109EC0007047FCF7F3FC0246002840F0E981914B13
:109ED0001B68DA077FF527AF00BE24E78E4800280D
:109EE0003FF421AF00F0E8FD404608AA0121FCF74D
:109EF00025FF00287FF477AE15E7202A00F0F180D7
:109F0000002AE4D19DF82130092BE0D801A252F8B3
:109F100023F000BF3BA002001BA00200CF9E020066
:109F20005DA00200CF9E0200FD9F0200A99F0200DB
:109F3000CF9E0200939F02003D9F02009DF82230B9
:109F400001931A4699F801309A4200F0548199F829
:109F50000130002B40F05481019B89F80130002B27
:109F600000F04781581EC0B2FCF7A0FC18B143783E
:109F7000022B00F0C181674B1B68DB0700D500BED8
:109F8000644B1B68D80700D500BE002389F8013058
:109F9000C9E60AAA99F8013002F80E3D40460123AD
:109FA00008A900F01FFD1EE6BDF82200030A5A1E94
:109FB000C0B20E2A3FF6B7AE01A151F822F000BFA1
:109FC000B3A202008FA202007FA20200279D02001E
:109FD000279D020061A202008FA20200279D0200BD
:109FE000279D0200279D0200279D0200279D020059
:109FF000279D0200279D0200E3A2020008A800F0AE
:10A0000061FD40469DF8221001F0ECFB99F800300C
:10A0100043F0020389F80030E5E5BDF82230012B5A
:10A020007FF481AE99F8003040466FF3C30308A96E
:10A0300089F8003000F0BEFCD5E599F800309908A9
:10A0400001F00201C3F340130AAA0B4322F80E3DAC
:10A050004046022308A900F0C5FCC4E5BDF8223043
:10A06000012B7FF460AE99F80030404643F00803BE
:10A0700008A989F8003000F09DFCB4E59DF8243073
:10A080000F2B3FF650AE4B44244A1B791778BB4246
:10A0900038D2376817EB43173FF445AE786900F0C4
:10A0A0000BFD7B6908AA01214046984700287FF4F0
:10A0B0009AAD9DF8203013F060077FF434AE9DF820
:10A0C00021300A3B012B3FF62EAE00F0F5FC9DF847
:10A0D00021300A2B00F0FC8008A9404600F06AFC01
:10A0E00081E59DF824300F2B3FF61DAE4B440B4A03
:10A0F0001B791778BB4260D2376817EB43173FF4E0
:10A1000012AE05E67A1D9A42FFF60DAEDB1B0BEB95
:10A110004317C3E7F0ED00E03D6D0200DC71002065
:10A12000581DB84239DA002A7FF4FDAD17469DF874
:10A130002130012B03D036D3032B7FF4C8AEBDF8FA
:10A1400022200292AAB9B84A012B10783DD001F022
:10A15000ADFD019B009A4B44134493F8262042F036
:10A16000020283F8262093F8262042F0010283F8A9
:10A170002620002F3FF437AD786900F09DFC7B6905
:10A18000012108AA40469847002000F095FC99F864
:10A190002730D9073FF527AD9EE7FB1A0BEB431796
:10A1A000002AC4D0B4E5019B009A4B4413442033E9
:10A1B0000AAA9B79C3F3400348E77A1D9A42FFF647
:10A1C000B2ADDB1B0BEB4317A2E501F097FD019B42
:10A1D000009A02994B44134493F8262061F34102FC
:10A1E00083F8262093F8262061F3000283F82620C6
:10A1F000BFE7FFF717FC404608A900F0DBFBF2E4DD
:10A200000021404601F000FB404601F09FFB874FD4
:10A2100099F802300293002300943A781C460CE02F
:10A220000BEB4313DB68404698473A780134E4B2BD
:10A23000501D8442234600F3CE809442A3EB0203D8
:10A24000EED2336813EB4413ECD1794B009C1B68BE
:10A25000DB0700D500BE9DF8083089F802307BE6A8
:10A26000FFF7DAFB024600283FF45DAD4046137865
:10A2700008A900F0B7FB00287FF4B5AC53E5BDF8A2
:10A280002410FCF719FB02460028EFD14BE5022B06
:10A290003FF417AEFFF7C2FB024600283FF443AD80
:10A2A0004046538808A900F09DFB00287FF49BAC32
:10A2B00039E5FCF7F7FA024600283FF408AE4046BD
:10A2C000122308A900F08EFB00287FF48CAC2AE54D
:10A2D0000AAA08A902F80E7D4046012300F082FB7D
:10A2E00081E4544B002B3FF41EADFCF723FD0246E6
:10A2F00000283FF418ADD3E7C27999F80030511126
:10A3000061F30413921162F3451389F80030438816
:10A31000CDF81080CDE900A4C318039300F109071C
:10A32000039BBB4237D97B780B2B03BF3B7897F855
:10A3300003A0FF184FF0010A7B78042B43D1039B45
:10A340003A4ACDF814A0DB1B00219BB2029112788F
:10A3500088469A4617E0346814EB481433D05246C6
:10A360003946049823699847082808F1010201D961
:10A37000824543D22D4B5FFA82F81A78CDF80880D7
:10A38000511D88451CDC029B9045A3EB0202E2D3E1
:10A390000BEB4214E3E7DDF81080DDE900A4FFF7E2
:10A3A0003FFB28E70246434604463946224802F06E
:10A3B000B1FA1E4B029A1B78053393422744AFDA59
:10A3C000DDE900A4D7E51A4B1B68DF07DDE900A42F
:10A3D0007FF5D6ADD3E5382200211848009C10F057
:10A3E00051FD174A4FF0FF33C2E90533D36113849F
:10A3F000C2E90033C2E9023313612CE7DDF814A08F
:10A40000BAF1010F1ED00021CBB2534501F1010179
:10A41000C8D2BA78134459FA83F31A79FF2AD2D1F1
:10A4200083F80480F0E700BF18610020DC71002091
:10A43000F0ED00E0356D0200447200203072002023
:10A440003472002023690A4A0A498B4208BF4FF040
:10A45000020A9342D7D17B79012BD4D1BB79012B4E
:10A46000D1D1FB79002B08BF4FF0020ACBE700BF28
:10A470005D7902001D7102002DE9F0434378023B33
:10A4800085B005460E46042B0CD8DFE803F0495D85
:10A49000037E3F00844B1A78D70715D51A7842F00F
:10A4A00004021A70814B18688EB933464FF0FF32A0
:10A4B00029460CF0CBFC003018BF0120F0B97C4BD2
:10A4C0001B68DB0700D500BE05B0BDE8F08304AA19
:10A4D000002342F80C3D29460CF0C8FE019B43B115
:10A4E000744B4FF080525A6040BFBFF34F8FBFF3A1
:10A4F0006F8F003018BF01200028E0D03246697805
:10A500002878FFF785FA05B0BDE8F0836A4A13782A
:10A510000133DBB21370654B1868002ED7D1C4E746
:10A52000614B1A786FF300021A701A7800216FF3EA
:10A5300041021A7059701A7861F382021A705B4BEB
:10A540001868002EC3D1B0E75C4FDFF874913978FA
:10A55000DFF87081002423460AE0D8F8003013EBBE
:10A5600044130AD10134E4B24A1DA242234615DB4A
:10A570008C42F2D35B1A09EB4313DB69002BF1D059
:10A580006968287898473978ECE7474B1A78D407F8
:10A590009AD51A786FF382021A7083E7424C2378B7
:10A5A00058072FD5237841496FF3820323702B7806
:10A5B0008DF8043005220023CDF80A30CDF806309E
:10A5C000ADF80E3008688DF80520002E59D004AA89
:10A5D00001A942F8103D0CF049FE009B43B1354BF8
:10A5E0004FF080525A6040BFBFF34F8FBFF36F8F61
:10A5F000003018BF012000284DD12D4B1B68D90712
:10A6000000D500BEE378DA077FF55EAF274A2B78E6
:10A61000696810688DF8043003220023CDF80A30F1
:10A62000CDF80630ADF80E3002918DF80520F6B168
:10A6300004AA01A942F8103D0CF018FE009B43B19A
:10A640001C4B4FF080525A6040BFBFF34F8FBFF397
:10A650006F8F003018BF012000283FF430AF324622
:10A660009DF805109DF80400FFF7D2F92CE733465A
:10A670004FF0FF3201A90CF0E9FB003018BF0120B8
:10A68000EAE733464FF0FF3201A90CF0DFFB003060
:10A6900018BF0120AFE732469DF805109DF8040071
:10A6A000FFF7B6F9AEE700BF307200206C720020F1
:10A6B000F0ED00E000ED00E030730020DC710020E0
:10A6C000E0DE0300D87100202DE9F84F0A9F002A30
:10A6D0004CD090464A78052A0C460ED1CE7806F02A
:10A6E0000306B34209D18A7802F07F02082A0DD905
:10A6F000204B1B68DA0700D500BE1E4B1B68DB072A
:10A7000002D40020BDE8F88F00BEFAE7DFF868B099
:10A71000DFF868A09BF8009000250EE06278052A1B
:10A72000EBD1E27802F00302B242E6D1A27802F065
:10A730007F02082ADCD89BF800909AF802100022C9
:10A74000204602F095F80028D2D04846214601F074
:10A750006FF80028D1D0A278D30916BF0B9B3A70AE
:10A760001A702278013545451444D7D10120BDE83F
:10A77000F88F00BFF0ED00E018610020307200207B
:10A7800030B51E4D85B0082400230290019303913B
:10A790008DF805402868144682B9134601A94FF088
:10A7A000FF320CF053FB003018BF0120E0B9144B0E
:10A7B0001B68DB0700D500BE05B030BD04AA01A9A7
:10A7C00042F8103D0CF052FD009B43B10D4B4FF091
:10A7D00080525A6040BFBFF34F8FBFF36F8F00307E
:10A7E00018BF01200028E2D022469DF805109DF8F0
:10A7F0000400FFF70DF905B030BD00BF6C720020FA
:10A80000F0ED00E000ED00E038B58B7803F07F0359
:10A81000082B06D90B4B1B68DB0700D500BE0020B8
:10A8200038BD094A094B0C46204691781D78002214
:10A8300002F01EF80028EDD021462846BDE8384039
:10A8400000F0F6BFF0ED00E030720020186100204B
:10A85000CB09263301F07F010348044A03EB410191
:10A860000844116801F0BABF3072002068720020FD
:10A87000CB09263301F07F010348044A03EB410171
:10A880000844116801F0D6BF3072002068720020C1
:10A8900038B5154C01F07F0504EB450404EBD114E9
:10A8A0002034A079C00706D5104B1B68DA0700D505
:10A8B00000BE002038BDA5790D4845F0010500789F
:10A8C000A57101F0F1F80028F4D1A379074A60F3EB
:10A8D0000003A371A37960F38203A3711368DB07FC
:10A8E000E7D500BE38BD00BF30720020F0ED00E0BB
:10A8F00018610020054B01F07F0203EB420303EBDC
:10A90000D11191F8260000F001007047307200204C
:10A9100010B50C4B18780C4601F0C8F90A4904F040
:10A920007F0301EB430101EBD41191F8263043F092
:10A93000020381F8263091F8263043F0010381F8B4
:10A94000263010BD1861002030720020054B01F048
:10A950007F0203EB420303EBD11191F82600C0F311
:10A96000400070473072002010B50F4B18780C462D
:10A9700001F036F80D4904F07F0301EB430101EBD0
:10A98000D41191F826306FF3410381F8263091F805
:10A9900026306FF3000381F8263091F826306FF3EC
:10A9A000820381F8263010BD18610020307200202B
:10A9B000704700BF0A4630B4094C49680546106824
:10A9C000234603C30023C4E9023392F900209A42CC
:10A9D0002846ACBF802119461A4630BCFFF758BF45
:10A9E00074730020F0B50E462B4C4968074630685A
:10A9F000A260254603C50021E181F588AB4228BF4E
:10AA00002B4683B0A381ADB13BB3002A3DD094F96E
:10AA10000000402B28BF402300282CDB1F4A38466B
:10AA2000FFF736FF98B91E4B1B68DB0712D500BE37
:10AA300003B0F0BD96F90030002BACBF802100219F
:10AA400038462B462A46FFF723FF0028EBD001208B
:10AA500003B0F0BD002003B0F0BD94F90020002A3F
:10AA6000ACBF194680211A463846FFF711FF00286F
:10AA7000D9D00120ECE71146084801931A4610F09E
:10AA8000DDF9064A019B8021EEE7054B1B68D907DB
:10AA9000E0D500BE1046CBE774730020347300206D
:10AAA000F0ED00E0034B0022C3E90022C3E90222DB
:10AAB0001A61704774730020014B1861704700BF22
:10AAC000747300200346064A5968006810B41346A0
:10AAD000002403C3C2E902445DF8044B704700BF81
:10AAE0007473002070B5404C2278C909B1EBD21FB5
:10AAF00082B0064615D03BB13C4B1B68DA0700D547
:10AB000000BE002002B070BD2146FFF751FF23694F
:10AB1000002B40D02246304603219847012002B046
:10AB200070BD94F90020A068002A08DB0028E8D056
:10AB30001A462F49019310F081F9A068019BE5891D
:10AB4000E2881D44ADB21844AA42A060E58101D05C
:10AB50003F2B23D8236923B1234A0221304698474B
:10AB600088B194F9002000239A42ACBF8021194695
:10AB700030461A46FFF78CFE68B91C4B1B68DB0792
:10AB8000BFD500BEBEE70146304601F08FF8304623
:10AB9000802101F08BF8012002B070BDA28994F9E8
:10ABA0000010531B9BB2402B28BF402300290ADB17
:10ABB00095424FF0000112D00D4A3046FFF768FE73
:10ABC0000028DAD0E7E795420BD001461A4608483C
:10ABD000019310F033F98021054A019BEDE70A4605
:10ABE000EBE780210022E8E774730020F0ED00E03D
:10ABF0003473002000B170470EF0E6B800B1704722
:10AC00000EF0ECB80138C3B2042B07D856230D4A16
:10AC100003FB00F013181B79DB0706D40A4B1B68F3
:10AC2000DB0700D500BE00207047CB09363301F0AA
:10AC30007F0103EB4101054B08441044196801F002
:10AC4000CDBD00BF88730020F0ED00E03875002016
:10AC50000138C3B2042B07D856230A4A03FB00F07D
:10AC600013181B79DB0701D400207047CB0936335A
:10AC700001F07F0103EB4101034B084410441968C4
:10AC800001F0D8BD8873002038750020F0B5441E4F
:10AC9000E5B2042D83B017D8562505FB04F5174EF1
:10ACA00001F07F0405EB4404344404EBD114303448
:10ACB000A779FF070BD5124B186810F0010001D0DF
:10ACC00000BE002003B0F0BD002003B0F0BD1F4661
:10ACD00013460A460146705DA579009745F00105C7
:10ACE000A57100F0BDFB0028ECD1A37960F300034F
:10ACF000A371A37960F38203A371E3E78873002053
:10AD0000F0ED00E02DE9F047764DAF798F4284B049
:10AD100091461E4604465BD0E2234FF0000AA9711B
:10AD20008DF809108DF80830ADF80CA0002E00F059
:10AD3000B380012103AF0DF10808FBF72BFE41465C
:10AD40003A4602232046FBF753FE51462046FBF7C6
:10AD500021FE9DF80C30EB702223D9F800908DF87D
:10AD60000730002E3ED020460121FBF713FE3A4665
:10AD70000DF1070101232046FBF73AFE9DF80C3048
:10AD8000EB704946082300222046FBF731FE20469F
:10AD90000021FBF7FFFD0026102241F2F2032046BE
:10ADA0000121EA71ADF80830ADF80C60FBF7F2FD57
:10ADB0003A46414602232046FBF71AFE314620461A
:10ADC000FBF7E8FD9DF80C30EB7004B0BDE8F087B0
:10ADD000222303AF0DF10808D9F800908DF8073051
:10ADE000002EC0D14FF0FF31E86D0CF077FC3146FA
:10ADF0002046FBF709FE20460121FBF7CBFD3A4632
:10AE00000DF1070101232046FBF7F2FD9DF80C3000
:10AE1000EB703246082349462046FBF7E9FD3146F0
:10AE20002046FBF7B7FD20460121FBF7EDFD334639
:10AE300032463146E86D0CF009F8102241F2F20377
:10AE40004FF0FF31E86DEA71ADF80830ADF80C60F5
:10AE50000CF044FC31462046FBF7D6FD204601218C
:10AE6000FBF798FD3A46022341462046FBF7C0FD1A
:10AE700031462046FBF78EFD20460121FBF7C4FD3D
:10AE8000334632463146E86D0BF0E0FF9DF80C305A
:10AE9000EB7004B0BDE8F0874FF0FF31E86D0CF0C7
:10AEA0001DFC31462046FBF7AFFD03AF20460121D4
:10AEB0000DF10808FBF76EFD3A4602234146204695
:10AEC000FBF796FD31462046FBF764FD2046012145
:10AED000FBF79AFD334632463146E86D0BF0B6FF7C
:10AEE00037E700BF3C7500202DE9F04F4B781D0778
:10AEF0000E4685B090460978044662D1DA0600F124
:10AF00004881B26812B1B288002A5AD1E24D03F0EA
:10AF10002006AB7966F07F068B42F6B200F06481C2
:10AF2000E2230027A9718DF809108DF80830ADF8DB
:10AF30000C70B8F1000F00F06C82012120460DF179
:10AF40000C090DF1080AFBF725FD51464A4602237C
:10AF50002046FBF74DFD39462046FBF71BFD9DF8CB
:10AF60000C30EB70F223EE718DF8096000268DF83D
:10AF70000830ADF80C60B8F1000F40F0D980E86DF2
:10AF80004FF0FF310CF0AAFB41462046FBF73CFD99
:10AF900020460121FBF7FEFC4A460223514620468B
:10AFA000FBF726FD41462046FBF7F4FC2046012135
:10AFB000FBF72AFD434642464146E86D0BF046FF4B
:10AFC00045E0B54D13F02007AA7946D1914240F0F3
:10AFD000BE800DF10C090DF1080AB37813F0100FC3
:10AFE0000CBF10222022EA2300278DF809208DF8BB
:10AFF0000830ADF80C70B8F1000F00F0FA800121B4
:10B000002046FBF7C7FC02234A4651462046FBF781
:10B01000EFFC39462046FBF7BDFC9DF80C30EB7089
:10B020007378EB71F222012120468DF809308DF8FA
:10B030000820ADF80C70FBF7ADFC51464A460223E0
:10B040002046FBF7D5FC39462046FBF7A3FC9DF8CC
:10B050000C30EB7005B0BDE8F08F914240F0A1805C
:10B060000DF10C090DF1080AB37813F0100F0CBFA5
:10B0700040228022EA2300278DF809208DF808302D
:10B08000ADF80C70B8F1000F00F0E480012120460B
:10B09000FBF780FC514602234A462046FBF7A8FCFA
:10B0A00039462046FBF776FC9DF80C30EB70328871
:10B0B0002B899A422AD0B788F2887388BF1ABFB208
:10B0C0005B099F4228BF1F4617F0FF0740F0088129
:10B0D0003A23AF708DF8097000278DF80830ADF86D
:10B0E0000C70B8F1000F00F0D98001212046FBF769
:10B0F00051FC514602234A462046FBF779FC39466B
:10B100002046FBF747FC9DF80C30EB7033782B7230
:10B1100073786B727378EB71F22200268DF8093028
:10B120008DF80820ADF80C60B8F1000F3FF427AFA0
:10B1300020460121FBF72EFC51464A4602232046B9
:10B14000FBF756FC31462046FBF724FC7FE7E22361
:10B15000A9718DF80910ADF80C708DF80830B8F1B0
:10B16000000F00F0DE80012120460DF10C090DF1E9
:10B17000080AFBF70FFC51464A4602232046FBF71C
:10B1800037FC39462046FBF705FC9DF80C30EB7088
:10B1900023E7434606F10802FFF7B4FD05B0BDE81A
:10B1A000F08FE2230027A9718DF809108DF808307F
:10B1B000ADF80C70B8F1000F00F0D98001212046E5
:10B1C0000DF10C090DF1080AFBF7E4FB51464A4664
:10B1D00002232046FBF70CFC39462046FBF7DAFB3E
:10B1E0009DF80C30EB703FE70DF10C090DF1080AEA
:10B1F000B8E64FF0FF31E86D0CF070FA414620469A
:10B20000FBF702FC01212046FBF7C4FB02234A4660
:10B2100051462046FBF7ECFB41462046FBF7BAFBC4
:10B2200001212046FBF7F0FB434642464146E86DCC
:10B230000BF00CFE9DF80C30EB707378E86DEB7141
:10B24000F2224FF0FF318DF80930ADF80C808DF807
:10B25000082097E64FF0FF31E86D0CF03FFA4146C9
:10B260002046FBF7D1FB20460121FBF793FB4A4622
:10B27000022351462046FBF7BBFB41462046FBF725
:10B2800089FB20460121FBF7BFFB4346424641466E
:10B29000E86D0BF0DBFD07E73C7500204FF0FF3158
:10B2A000E86D0CF01BFA41462046FBF7ADFB20464B
:10B2B0000121FBF76FFB4A46022351462046FBF76C
:10B2C00097FB41462046FBF765FB20460121FBF733
:10B2D0009BFB434642464146E86D0BF0B7FD12E743
:10B2E00012238DF80730D6F808B0B8F1000F64D0FB
:10B2F00020460121FBF74EFB4A460DF107010123D1
:10B300002046FBF775FB9DF80C30EB7059463B4629
:10B3100000222046FBF76CFB00212046FBF73AFB9E
:10B32000D6E64FF0FF31E86D0CF0D8F941462046E3
:10B33000FBF76AFB0DF10C09204601210DF1080A0B
:10B34000FBF728FB4A46022351462046FBF750FBF9
:10B3500041462046FBF71EFB20460121FBF754FB2C
:10B36000434642464146E86D0BF070FD0DE74FF055
:10B37000FF31E86D0CF0B2F941462046FBF744FB83
:10B380000DF10C09204601210DF1080AFBF702FB23
:10B390004A46022351462046FBF72AFB41462046F7
:10B3A000FBF7F8FA20460121FBF72EFB4346424605
:10B3B0004146E86D0BF04AFD12E74FF0FF31E86DB2
:10B3C0000CF08CF941462046FBF71EFB204601217C
:10B3D000FBF7E0FA4A460DF1070101232046FBF78F
:10B3E00007FB9DF80C30EB7042463B465946204621
:10B3F000FBF7FEFA41462046FBF7CCFA2046012136
:10B40000FBF702FB434642464146E86D0BF01EFD4A
:10B410005EE64FF0FF31E86D0CF060F941462046E2
:10B42000FBF7F2FA0DF10C09204601210DF1080A93
:10B43000FBF7B0FA4A46022351462046FBF7D8FAFA
:10B4400041462046FBF7A6FA20460121FBF7DCFA2D
:10B45000434642464146E86D0BF0F8FC7FE500BFED
:10B460002DE9F04102F07F0CBDF818E0D20981BB54
:10B47000BCF1000F5ED13E4EA6F160077178B47842
:10B4800082F0010262F345110A466FF3041244F0A0
:10B4900010017270B170B278B360032363F30302DA
:10B4A00000258046A6F804E0B270F5802846FFF734
:10B4B000A1FBBC7AC4BB01252046BD72FFF79EFBF1
:10B4C0002246404631462C46FFF70EFD2046BDE899
:10B4D000F08182F00108BCF1000F2ED0254F01222F
:10B4E0003C4604E00132142A04F10C0418D094F80C
:10B4F0006C508D42F6D102EB420507EB850595F8BD
:10B50000615005F00F066645ECD1C5F34015454581
:10B5100004F16C06BFD00132142A04F10C04E6D108
:10B5200000242046BDE8F0812846FFF767FB20464F
:10B53000BDE8F08182F00108D0E70E4F01243D46BE
:10B5400002E00134142CEBD095F86C608E4205F1CA
:10B550000C05F6D104EB4406B60007EB060C9CF88C
:10B5600061C01CF00F0FECD160363E4486E700BF8F
:10B570009C7500203C75002042DF704743DF704718
:10B5800044DF704712DF7047F0B5334CBFF35B8F79
:10B59000014604F590730125D3E84F2FC3E8405FBF
:10B5A0000028F9D1BFF35B8F12F0FF0F48D10829B3
:10B5B00029D04E01A21954F806C028489388284F74
:10B5C00001F5947601EB810E50F82660D2889A1A24
:10B5D00093B2B6B200EB8E0209B2B34228BF334633
:10B5E000C2F800C707EB8100C2F8043747F82150C2
:10B5F000BFF36F8FBFF34F8F1A4B984218D0043BA5
:10B60000984215D0F0BD154BD3F8C024D1030FD408
:10B6100094F80B1161B11449D4F80001C3F8A007E4
:10B62000C3F8A4270D60BFF36F8FBFF34F8FF0BD3A
:10B630000023BFF35B8F84F82031BFF35B8FF0BD35
:10B640000A4B0B485A68C2F30802003218BF0122A5
:10B65000BDE8F040FFF794B88C76002000700240FF
:10B6600028700240507002404870024000ED00E037
:10B67000E9B60200174BBFF35B8F01460122D3E806
:10B680004F0FC3E84C2FBCF1000FF8D1BFF35B8F15
:10B6900010F0FF0F14D10A60BFF36F8FBFF34F8F0D
:10B6A0000D4B994203D0043B994200D070470B4B9D
:10B6B000BFF35B8F002283F82021BFF35B8F7047BD
:10B6C000074B08485A68C2F30802003218BF01222B
:10B6D000FFF756B8AC770020507002408C760020FF
:10B6E00000ED00E075B60200F0B5334CBFF35B8FA0
:10B6F000C1B204F590730126D3E84F2FC3E8406F21
:10B700000028F9D1BFF35B8F12F0FF0F47D1082952
:10B7100028D04D01621954F805E028489388DFF8D5
:10B72000B0C001F5947550F82570D2888D009A1A32
:10B7300093B2BFB26A1800EB8202BB4228BF3B46FD
:10B74000C2F800E76544C2F804374CF82160BFF343
:10B750006F8FBFF34F8F1A4B9D4218D0043B9D4211
:10B7600015D0F0BD154BD3F8C024D1030FD494F8F5
:10B770000B1161B11349D4F80001C3F8A007C3F855
:10B78000A4270E60BFF36F8FBFF34F8FF0BD002370
:10B79000BFF35B8F84F82031BFF35B8FF0BD0A4BA2
:10B7A0000A485A68C2F30802003218BF0122BDE8F5
:10B7B000F040FEF7E5BF00BF8C760020007002402D
:10B7C000507002404870024000ED00E0E9B602000F
:10B7D0002870024001207047014B80225A60704758
:10B7E00000E100E0074BD3F80014D3F80024002058
:10B7F0000A434FF48001C3F80024C3F85801C3F88A
:10B800000413704700700240074B4FF4001229B92F
:10B81000C3F80823054B83F821117047C3F80423AC
:10B82000024B83F821117047007002408C76002093
:10B8300070B48A788C88414EC97802F07F03D509AC
:10B8400005EB430006EB001001F00301C4F30A040A
:10B85000012904812BD0012101FA03F4BDB138483C
:10B8600002339940C0F80413D0F810352343C0F8D0
:10B870001035334B42F48071C3F81825C3F80C150A
:10B88000BFF36F8FBFF34F8F012070BC70472C4800
:10B8900003F10C06B140C0F80413D0F8141503F5F9
:10B8A00094730C43C0F8144540F82350E1E7082B8B
:10B8B00008D0244B186810F00100E6D000BE00202C
:10B8C00070BC7047EDB9B6F818311BB11C4B802223
:10B8D000C3F81C251A4A0023C2F85031D2F80033AD
:10B8E00013F4001308BFC2F85431154B4FF4401243
:10B8F000C3F80423D3F8142542F48072C3F8142546
:10B90000BEE7B6F808210E4B0021C3F82C1112B186
:10B910008022C3F81C250A4AD2F8003313F400131E
:10B9200008BFC2F85431064B074AC3F80423D3F8C2
:10B93000102542F48072C3F81025A1E78C76002010
:10B9400000700240F0ED00E0000820001F4B802254
:10B950002DE9F041C3F88420BFF34F8FBFF36F8F01
:10B9600001241B4D1B4FA0460026A30004F10C022E
:10B97000A11C03F1804303F51C3308FA01F108FA16
:10B9800002F20A43C7F8082328465E6001342022E9
:10B990009E6200210FF076FA082C05F12005E4D113
:10B9A0000D4BC7F808332022C7F81C6500217E62C2
:10B9B0000A48BE640FF066FAC7F81485C7F8108508
:10B9C000024B80225A60BDE8F08100BF00E100E038
:10B9D000AC76002000700240000830008C77002018
:10B9E00001F07F02082A70B44FEAD11128D0012358
:10B9F00003FA02F0C043B1B1294C951CAB40C4F826
:10BA00000833D4F81055274B2840C4F8100501EB33
:10BA1000420103EB01110023CB72BFF36F8FBFF321
:10BA20004F8F70BC70471E4C02F10C05AB40C4F840
:10BA30000833D4F814551B4B2840C4F81405E6E726
:10BA4000184B03EB01100024A0F808411448D1B1B1
:10BA50004FF40064C0F80843D0F8104524F4807413
:10BA6000C0F81045B3F81841B3F808510C48EC423F
:10BA70004FF0000608BF4FF40014C0F81C6508BF63
:10BA8000C0F80843C3E74FF48014C0F80843D0F867
:10BA9000144524F48074C0F81445C0F85011E1E74F
:10BAA000007002408C76002001F07F004FEAD11C2C
:10BAB000F0B50CEB4005744E2D01771985B0FC7A7A
:10BAC0004CB1724B1C6814F0010401D000BE00247C
:10BAD000204605B0F0BD04F0FF0E7251BB80A7F800
:10BAE00006E0002843D1002B57D0BCF1000F00F036
:10BAF0008E8006EB401100EB8003CD8A8A8A0C8B86
:10BB00000969521B9B0092B203F1804303F51C3379
:10BB1000A24228BF22465E4DC3F8001600B2C3F809
:10BB200004265C4BBFF35B8F05EB80010122D3E859
:10BB30004F4FC3E8472F002FF9D1BFF35B8FE4B21B
:10BB4000002C40F0908045F82020BFF36F8FBFF3AA
:10BB50004F8F514B994202D0043B994219D1BFF308
:10BB60005B8F002386F82031BFF35B8F11E0BCF1BF
:10BB7000000FBED106EB40160123F372BFF36F8FA7
:10BB8000BFF34F8FB37A23B1F37A03F0FF04002B96
:10BB900074D10124204605B0F0BD404AD2F880247B
:10BBA000C2F3C0126245A0D03D4D6A688DF80810FE
:10BBB000C2F3080100314FF4E06218BF012101A86F
:10BBC00003938DF80930ADF80420FEF755FCBFF360
:10BBD0005B8F06F590720123D2E84F1FC2E8403F09
:10BBE0000028F9D1BFF35B8FCCB2002C38D12A4AA0
:10BBF0001360BFF36F8FBFF34F8F1C46BFF35B8F94
:10BC0000204686F82011BFF35B8F05B0F0BD0123FD
:10BC1000204AF372BFF35B8FD2E84F4FC2E8413F37
:10BC20000029F9D1BFF35B8FE4B26CB91D4A1360F0
:10BC3000BFF36F8FBFF34F8FBFF35B8F86F820C1C9
:10BC40001C46BFF35B8F43E7154B16495A681648ED
:10BC5000C2F30802003218BF0122FEF791FD37E758
:10BC60006A680D49F3E70E4B0F485A68C2F30802A1
:10BC7000003218BF0122FEF783FD29E786F80AC0CB
:10BC8000FFF782FC24E700BF8C760020F0ED00E097
:10BC900004700240AC7700205070024000700240F7
:10BCA00000ED00E04C70024075B6020011F07F001C
:10BCB00008B512D008280BD00E4B41F48072C90988
:10BCC000C3F8182504D10C4B03EB40139A7A62B9E0
:10BCD000BFF36F8FBFF34F8F08BD064B01225A652C
:10BCE000BFF36F8FBFF34F8F08BD9972FFF74CFC06
:10BCF000EEE700BF007002408C76002011F0770F55
:10BD000012D00A4B41F48072C3F80C15C3F80C250D
:10BD1000CA09C3F8181504BF01F5947143F821202E
:10BD2000BFF36F8FBFF34F8F704700BF00700240AB
:10BD30002DE9F04FA54BA64CD3F8000300238BB0A0
:10BD40001E461F46012520FA03F11A19C9074FEABA
:10BD5000820209D5116839B105FA03F117600E4363
:10BD6000BFF36F8FBFF34F8F0133192BEBD1F20766
:10BD700000F13582974D330508D5944BD3F8A8369A
:10BD800001229BB2A5F8163185F81C21B70206F4F2
:10BD9000800424D58D4BD3F81425D00540F1FC81C7
:10BDA000002C00F0A182D3F80024D20740F19C823D
:10BDB000D3F81035DA0540F1FB8195F81C3107AF57
:10BDC000002B40F0BD82814BD3F8203508933846D4
:10BDD0004FF440730121ADF81C30FEF74DFB04B366
:10BDE0007A4AD2F8004440F201732340C2F800348A
:10BDF000E30500F15682670510D5744B0122C3F8A4
:10BE000008259A65D3F8002312F4001208BFC3F87E
:10BE100054216E4B4FF40012C3F80423A00500F127
:10BE2000358231023DD5694BD3F880C4D3F88414F0
:10BE3000D3F888E4D3F88C74D3F89084D3F894447E
:10BE4000D3F89804D3F89C245FFA8CF35FFA80FC53
:10BE5000D0B25A06C9B25FFA8EFEFFB25FFA88F816
:10BE60005FFA84F901D105291BD00024224668F32A
:10BE7000070263F3070461F30F2469F30F226EF3E3
:10BE800017446CF3174260F31F6267F31F644FF4AB
:10BE9000C063012107A8CDE90842ADF81C30FEF7C8
:10BEA000EBFA4D4B3340002B40F09181DFF82491A9
:10BEB000464F4D46CA4609F5907800241DE02B44B4
:10BEC000DA7A002A00F0D781DA88AAF80420002262
:10BED000DA72D98809914FF4E063012107A88DF83F
:10BEE00020B08DF82120ADF81C30FEF7C5FABBF16B
:10BEF000080F47D001340AF1200A04F10C0326FA96
:10BF000003F3DB075FFA84FBF1D504EB840307EB53
:10BF10008303DAF80020D3F80807630112FA80F2ED
:10BF2000E918CAF80020CA8880B2024492B2082CEC
:10BF3000CA80C4D0BAF808208242C0D1CA88BAF8F0
:10BF400004109142BBD9BBF1000FD0D10122BFF345
:10BF50005B8FD8E84F3FC8E8412F0029F9D1BFF3E4
:10BF60005B8F13F0FF0F40F052821C490A60BFF351
:10BF70006F8FBFF34F8FBFF35B8F85F82031BFF317
:10BF80005B8FB7E7164B3340002B00F002810F4B5D
:10BF9000D3F86C240192C3F86C24BFF36F8FBFF306
:10BFA0004F8F16F4806600F06E81D3F88024D3F8AA
:10BFB000803483F08003C3F3C0130593C2F3C0132E
:10BFC0000493DFF808A00024A84613E000700240A4
:10BFD000409C00108C760020FCFB1F004C7002403F
:10BFE00000040001002C00F0F281072E52D0013431
:10BFF00009F120090199E14004EB8403C9070AEB28
:10C00000830308EB4412E6B2ECD5D3F80816D9F84E
:10C010001070C9B20F44C9F81070D08A014489B2B7
:10C02000D182A849D08AB9F8145061188900854294
:10C0300002914FF0010C66F07F0103914FF4E06B29
:10C040004FF0000E614607A840F2B480D18AB9F8DB
:10C050001820C3F800766D1AADB2954228BF154678
:10C06000994AC3F80456BFF35B8FD2E84F3FC2E84A
:10C0700041CF0029F9D1BFF35B8F13F0FF0F40F0E0
:10C08000ED80029BC3F800C0BFF36F8FBFF34F8FEB
:10C09000072EACD1019BDB03454601D4059B43B180
:10C0A000EB7A23B1EB88AA889A4200F271810123CE
:10C0B000AB72019B9F030BD595F82B3023B1EB8C12
:10C0C000AA8C9A4200F28881012385F82A30019BCC
:10C0D0005E030DD595F84B3033B1B5F84630B5F861
:10C0E00044209A4200F27D81012385F84A30019B69
:10C0F0001C030DD595F86B3033B1B5F86630B5F843
:10C1000064209A4200F27E81012385F86A30019B07
:10C11000D8020DD595F88B3033B1B5F88630B5F827
:10C1200084209A4200F23881012385F88A30019BED
:10C1300099020DD595F8AB3033B1B5F8A630B5F806
:10C14000A4209A4200F22D81012385F8AA30019B98
:10C150005A020DD595F8CB3033B1B5F8C630B5F8E5
:10C16000C4209A4200F22281012385F8CA30019B43
:10C170001B020ED595F8EB30002B00F0F380B5F8DC
:10C18000E630B5F8E4209A4240F2EC800720FFF751
:10C19000FBF90BB0BDE8F08FD3F81025D1053FF5C2
:10C1A0000CAE95F821211AB94FF40012C3F80823F8
:10C1B00007AF08E6D38A09939DF80C30ADF81CB0A0
:10C1C0008DF820308DF821E0FEF756F90DE70023B9
:10C1D000BFF35B8F85F82031BFF35B8F66E63B4B87
:10C1E0003B4A3C4D3C4800240127C2F81475C2F874
:10C1F0001075546094625C609C629C60DC62DC60E0
:10C200001C631C615C635C619C639C61DC63DC613E
:10C210001C6454629464C2F85841D2F80034D2F8D5
:10C2200000140B43C2F80034D2F80033C2F80833CC
:10C230002146C2F8040328464FF492720EF022FE03
:10C2400040234FF48072394607A82B832B818DF849
:10C250002040ADF81C20FEF70FF98CE51F4B20485D
:10C260005A680299C2F30802B2EB0E0218BF01220B
:10C27000FEF786FAB9E61B4B1B68D80789D500BEC6
:10C280000BB0BDE8F08FCDE904669AE600220523E5
:10C29000012107A88DF81C208DF81D30FEF7ECF861
:10C2A000BFE50121C2F82C150423002207A88DF850
:10C2B0001C208DF81D30FEF7DFF867057FF5AEAD69
:10C2C0009BE500BF019C0010AC7700200470024089
:10C2D000007002408C7600200514C00100ED00E0E3
:10C2E00075B60200F0ED00E04F4BBFF35B8F01220B
:10C2F000D3E84F1FC3E8402F0028F9D1BFF35B8F6D
:10C3000011F0FF0F32D1494BD3F8C004C70352D408
:10C3100095F80B1101F0FF07002967D04449D5F8C3
:10C320000071C3F8A077C3F8A4070A60BFF36F8F4A
:10C33000BFF34F8FD3F81035D8053FF53EAD37E743
:10C34000B5F816310993002285F81C2188234FF493
:10C35000E06238460121ADF81C20ADF82030FEF730
:10C360008BF830E5012385F8EA3012E7314B32488B
:10C370005A68C2F30802003218BF01220821FEF7F2
:10C38000FFF92A4BD3F81035DB053FF516AD0FE763
:10C390000020FFF7F9F88CE60420FFF7F5F8019B81
:10C3A000C6E60520FFF7F0F8019BD1E60620FFF76F
:10C3B000EBF8019BDCE6BFF35B8F85F82011BFF340
:10C3C0005B8FD3F81035DF053FF5F7ACF0E6049945
:10C3D00000293FF40CAE18E60120FFF7D5F8019BC9
:10C3E00076E60220FFF7D0F8019B81E6BFF35B8F72
:10C3F00085F82071BFF35B8FD3F81035D9053FF571
:10C40000DCACD5E60320FFF7BFF8019B80E6094BC3
:10C410000A485A680A49C2F30802003218BF0122CA
:10C42000FEF7AEF966E500BFAC7700200070024071
:10C430004870024000ED00E0E9B6020075B6020067
:10C440004C70024030B5012885B000F09F8057D372
:10C45000022840D1BA4BD3F80435002B40F0D780E6
:10C46000B74AD2F800341C05FBD54FF40063C2F87C
:10C470000034BFF36F8FBFF34F8FB24AB24B1268D5
:10C480001B68082A00F0D780AD4BB04D80240122F4
:10C49000C3F81C45C3F80423C5F88441FDF7D8FA56
:10C4A000002840F0F880AA4D43F204044FF0804386
:10C4B0002268AA4211D0D3F80C14D3F80C24D0036C
:10C4C000F6D5CA07F4D59E4B0122C3F80425BFF365
:10C4D0006F8FBFF34F8F05B030BD04AA002102F863
:10C4E0000C1D1046FFF74EF89DF804000028E2D01E
:10C4F00010460191FFF744F8019A002AD8D0E2E7EC
:10C500008F4BD3F80025002AE5D14FF480014FF47A
:10C510000062C3F80813C3F80024BFF36F8FBFF3A2
:10C520004F8F884B1B68082B00F0B780844B01228B
:10C53000C3F80025BFF36F8FBFF34F8F43F20402A0
:10C5400003F18D5303F57723126803F2DB539A420C
:10C5500000F0CA804FF08043D3F80C24D3F80C3499
:10C56000D90301D5D207B6D443F20402784B12683E
:10C570009A4200F01881774B00221A601B680193E1
:10C580004FF08043012201991A60A4E76C4BD3F865
:10C590000025002A9FD00022C3F80425BFF36F8F27
:10C5A000BFF34F8F69498020C1F88400BFF34F8FDC
:10C5B000BFF36F8FD3F80013C3F80813C3F8002537
:10C5C000BFF36F8FBFF34F8F43F2040103F18D531D
:10C5D00003F57723096803F2DB53994200F0998051
:10C5E00001AB5D4A012111605C4A5168C1F3080149
:10C5F000003118464FF000024FF0020318BF01212E
:10C600008DF804208DF80530FDF736FF63E743F21F
:10C6100004024F4B12689A4200F0B0804FF0804302
:10C62000D3F80C24D3F80C34DB037FF519AFD5070E
:10C630007FF516AF4FE7032B0AD8494A1168002946
:10C6400040F09880474C49F27530106021601060CE
:10C650005A1E022A10D8424A1168002967D1424D59
:10C660003848394B00681B6849F2753414602960FA
:10C67000146008287FF408AF032B3FF605AF3B4951
:10C680003B4B40F2E370402208601A60BFF36F8FAB
:10C69000BFF34F8FF8E66C6005E72B4B1B685A1E03
:10C6A000022A12D82E4B1A68002A40F08E802E499A
:10C6B00049F2753203201A6008601A60214A224B41
:10C6C00012681B68082A7FF431AF032B3FF62EAFA8
:10C6D000234B1A68002A74D1224949F27532C020CE
:10C6E0001A6008601A6021E704AB002203F80C2DE1
:10C6F0001846FEF747FF9DF8041000293FF42AAFC3
:10C7000018460192FEF73CFF019B002B7FF4E3AE3D
:10C710002AE704AB03F80C2D1846FEF733FF9DF80B
:10C720000420002A3FF45DAFFEF728FF5CE70549CF
:10C73000054B0D4A08681B680021116099E700BF8E
:10C7400000700240300100103401001000E100E0F0
:10C75000DBE5B151000100400400004000ED00E0C5
:10C7600000EC064014EC064014ED06400078024050
:10C7700004780240174A0021116069E704AB0022E7
:10C7800003F80C2D1846FEF7FDFE9DF80410002955
:10C790003FF444AF18460192FEF7F2FE019B002BD6
:10C7A0007FF499AE5CE604A8002300F80C3DFEF788
:10C7B000E9FE9DF80430002B3FF4DDAEFEF7DCFE11
:10C7C00089E6044BC0221A60B0E6034B03221A60CC
:10C7D00074E700BF14EC064014ED0640F8B503788A
:10C7E00013F0010405D10678C6F3800626B1204671
:10C7F000F8BD00242046F8BD0F4605464FF0FF3136
:10C8000038460AF06BFF2A7812F001040FD12B781A
:10C810005B0704D42B7843F004032B70012400231E
:10C8200038461A4619460AF011FB2046F8BD344630
:10C83000F5E700BF70B505460E4608464FF0FF31DC
:10C840000AF04CFF2878C0F3800444B90024002388
:10C8500030461A4619460AF0F9FA204670BD2B7880
:10C8600013F00102F2D12B7862F382032B70EEE712
:10C8700010B4C378848803F00303022BC4F30A04C2
:10C8800026D019D8012B04D0002318465DF8044B9C
:10C890007047022940F2FF3208BF4FF48062A24283
:10C8A000F3D21A4B1B6813F00103EED000BE002335
:10C8B00018465DF8044B7047022914BF40234FF41B
:10C8C0008063A342EDD3012318465DF8044B704703
:10C8D00002290BD012B1B4F5007F11D0A4F10803E6
:10C8E0009BB2182B06D9402CEDD0DAE7B4F5007FC7
:10C8F000D7D1E8E7064A22FA03F3DB07D1D5E2E70E
:10C9000000244021134644710171BEE7F0ED00E0C0
:10C91000010100010A44914216D230B44C78052C32
:10C9200005D00C7821448A42F8D830BC70478C7806
:10C9300004F07F0500EB4505E4092B550C782144F4
:10C940008A42EBD830BC7047704700BF2DE9F041F8
:10C9500082B00678089DBDF82470009361F300064C
:10C960000446294600F8086B012316463A46BDF8EE
:10C970002C80FCF76DFE05B13FB90A9B6360012076
:10C98000A4F8028002B0BDE8F08104F11C0101208E
:10C990000AF036FC26B903463046C4E90503ECE745
:10C9A0000023FAE710B50446406908B10BF04CF8D3
:10C9B000A06908B10BF048F8012010BDF0B50B4696
:10C9C0000D4613F8081B83B011F0020F07461846F6
:10C9D00040F2FF130CBF3F241C461646FCF774FEC2
:10C9E000E8B9E6B126421AD12B786978DA073846D9
:10C9F00018D5FEF707F990B12B78697813F0010389
:10CA000013D000233846CDE900331A46FEF73EF92D
:10CA100030B9084B1B68DB0701D500BE00E00020E1
:10CA200003B0F0BDFDF714FFE5E738461A46FDF701
:10CA30002FFFEDE7F0ED00E070B501F1080582B0E1
:10CA4000064628460C46FCF73FFE38B1237861784D
:10CA5000DB07304605D5FEF7D5F830B9002002B027
:10CA600070BDFDF7F5FE0028F8D0284662886168A1
:10CA7000FCF754FE054690B1237862686178D807C8
:10CA800017D50023CDE9003330462B46FEF7FEF8DC
:10CA9000B0B90C4B1B68DB07E0D500BEDFE72078A0
:10CAA000617810F00104304608D1FDF7E1FE204620
:10CAB000D5E730462B46FDF7EBFEE9E7FEF7C8F871
:10CAC0002846CCE7F0ED00E02DE9F0418A890B78AB
:10CAD00082B00C460646E2B9DD07497857D5FEF725
:10CAE00091F800284FD0227863886178D20751D519
:10CAF000002B5DD0626800253046CDE90055FEF779
:10CB0000C5F800284DD1374B1B68DB073BD500BE6D
:10CB10003AE003F0020301F10808002B40460CBF85
:10CB200040274FF40077304D08BF6FF03F05FCF70A
:10CB3000E3FD874227D823786178DB07304634D578
:10CB4000FEF760F8F8B14046FCF7D6FD874233D8CF
:10CB500005EA000265882378617890B2854228BF93
:10CB60000546DA0732D5002D37D062680023CDE9BB
:10CB7000003330462B46FEF789F80028C3D02846FC
:10CB800002E0FEF765F8002002B0BDE8F081FDF795
:10CB90005FFEA6E773B162683046FDF779FE0028B4
:10CBA000B1D0608802B0BDE8F081FDF751FEC9E761
:10CBB0001A46A0E71A46EFE72078617810F00104E2
:10CBC0003046DED1FDF754FE2046DDE73DB1626818
:10CBD00030462B46FDF75CFECFE72A46C6E72A46DD
:10CBE000F6E700BFF0ED00E000FEFFFF0CB4144BD1
:10CBF00030B51B788342ABB004D22BB0BDE83040D7
:10CC000002B070472FAD2B462E9A01950C4602A814
:10CC1000A0210FF021F95B210A4808F077FE214698
:10CC2000084808F061FE0849064808F05DFE02A9C0
:10CC3000044808F025FF2BB0BDE8304002B0704733
:10CC40001961002054630020ACDF030000B5002010
:10CC500083B00FF0B3F80DF10703181A03B05DF8B5
:10CC600004FB00BF2DE9F84F04468946164609F03B
:10CC7000E9FFDFF8A880264FDFF898A00546206876
:10CC800003681B6998478346C0B1206803685B69E5
:10CC90009847C3B20D2BD4F810C004F1080B17D07D
:10CCA0000A2B15D0BCF5007F424639464FF00100F3
:10CCB00024D21946584609F063FDE0E709F0C2FFA7
:10CCC000401BB0424FF001001FD209F0C7FFD6E76A
:10CCD000BCF1000FD3D008342146484609F086FC49
:10CCE00020460C4909F0CEFCD9F800300A4A084920
:10CCF0000320FFF77BFF0120BDE8F88FFFF776FFE9
:10CD00005146584609F0BEFCB9E75846BDE8F88FD1
:10CD10009CE10300F0E203004CE1030054E1030056
:10CD20002DE9F04F06468DB00B46894603204D494C
:10CD300090464D4AFFF75AFF4946306808F0D4FD47
:10CD40000D21306808F0E2FD09F07CFF47490746F5
:10CD500003A809F009FB09F075FFC01B40455BD231
:10CD6000142203A93046FFF77DFF05460028F2D0C4
:10CD7000DFF818B10BF124045BF8041F09A809F0CF
:10CD8000F3FA09A903A809F0ADFD824609A809F044
:10CD900025FCBAF1000F27D15C45EDD1344903A839
:10CDA00009F088FDC8B9334903A809F083FD58B9D3
:10CDB000314909A809F0D8FA09A903A809F092FD98
:10CDC00090B309A809F00AFC039B00932B4A25495C
:10CDD0004B460120FFF70AFF002503A809F0FEFBE0
:10CDE00028460DB0BDE8F08F96F8750096F87430BF
:10CDF000441C04F00704A3422CD00C2303FB006066
:10CE00000DEB0301143009F0F1FB86F8754009F0D1
:10CE100019FFC01B4045A3D34B46194A11490120B5
:10CE2000FFF7E4FE0025D8E7164906A809F09CFAAA
:10CE300006A903A809F056FD044606A809F0CEFB92
:10CE400009A809F0CBFB002CBED1494603A809F084
:10CE500031FD80E7039B0C4A02490120FFF7C6FE23
:10CE600079E700BF9CE1030094E10300F0E20300D6
:10CE700014E10300D8E00300E0E00300F8E0030061
:10CE800004E10300ECE00300B0E00300ACDF0300CA
:10CE900038B5044610460D461A460146206809F08A
:10CEA0009DF9206803682946DB6998474FF47A703A
:10CEB00009F0D4FE03E0206803685B6998472068A6
:10CEC00003681B6998470028F5D104F10805284636
:10CED0000F4909F0D7FB4FF4FA620E492046FFF7DD
:10CEE0001FFF03E0206803685B69984720680368B8
:10CEF0001B6998470028F5D12846054909F0C2FB6F
:10CF000020464FF4FA620449BDE83840FFF708BFF5
:10CF1000F0E2030098E00300A0E003004FF4FA629F
:10CF20000149FFF7FDBE00BFA0E003002DE9F04F6F
:10CF300087B007463949DFF8ECB0DFF8EC90DFF84E
:10CF4000ECA0684609F010FA002269463846FFF75F
:10CF500089FE00B3324D03AC05F1240855F8041FD7
:10CF6000204609F001FA2146684609F0BBFC064656
:10CF7000204609F033FBBEBBA845EFD152464946D7
:10CF80000320009BFFF732FE002269463846FFF778
:10CF900069FE0028DED197F8741097F875308B423F
:10CFA0001CD003AC0C26142516FB01513944204635
:10CFB00009F000FA97F874307A68013303F0070338
:10CFC000204687F8743002B19047204609F006FBEE
:10CFD00097F8741097F875308B42E5D1684609F0E0
:10CFE000FDFA07B0BDE8F08F97F8750097F8743038
:10CFF000441C04F00704A34209D00C2303FB007077
:10D000001430694609F0F2FA87F875409CE7009BF6
:10D010005A4649460120FFF7E9FD95E7F0E2030093
:10D02000ACDF0300B0E003009CE103008CE00300F0
:10D030002DE9F04F064689468FB0574903209246A6
:10D040009846564A4B46FFF7D1FD4946306808F0EE
:10D050004BFC0D21306808F059FC09F0F3FD5049F4
:10D06000039005A809F080F909F0ECFD039BC01AB4
:10D07000404559D214220DEB02013046FFF7F2FD74
:10D0800005460028F0D0474C04F1240B54F8041F47
:10D090000BA809F069F90BA905A809F023FC0746BC
:10D0A0000BA809F09BFA3FBBA345EFD13E4905A869
:10D0B00009F000FCC8B93D4905A809F0FBFB58B9C7
:10D0C0003B4908A809F050F908A905A809F00AFC8D
:10D0D00090B308A809F082FA059B0093354A2E49BF
:10D0E0004B460120FFF782FD002505A809F076FADE
:10D0F00028460FB0BDE8F08F96F8750096F87430AA
:10D10000441C04F00704A34239D00C2303FB006045
:10D1100005A9143009F06AFA86F8754009F092FD05
:10D12000039BC01A4045A5D34B46234A1A49012008
:10D13000FFF75CFD0025D8E720490BA809F014F99A
:10D140000BA905A809F0CEFB04460BA809F046FA86
:10D1500008A809F043FA002CBED1494605A809F0F9
:10D16000A9FB002880D1BAF1000F3FF47DAFDAF8B7
:10D1700008305BB905A9504609F0B4FA74E7059B7D
:10D180000F4A05490120FFF731FD6DE70A2150469E
:10D1900009F0F6FAEEE700BF9CE1030094E103001A
:10D1A000F0E20300ACDF030014E10300D8E0030069
:10D1B000E0E00300F8E0030004E10300ECE003001A
:10D1C000B0E003004FF4FA620149FFF7A9BD00BFC8
:10D1D0007CE103002DE9F04F0F4697B016467749E2
:10D1E0004FF4FA620446FFF79BFD20B90546284636
:10D1F00017B0BDE8F08F724907A809F0B5F807A984
:10D20000384609F06FFB002800F0B3800DF10408E8
:10D210003946404609F0CEF80AAD07A809F0DEF914
:10D22000019B684A302128460EF09CFC2B46664A3A
:10D2300066490320FFF7DAFC2946206808F054FB12
:10D240000D21206808F062FB09F0FCFC40F6B737BE
:10D25000054609F0F7FC401BB84206D9A7E0206854
:10D2600003685B6998473E2809D0206803681B69FA
:10D2700098470028F3D1012009F0F0FCE9E7314696
:10D280002068DFF8689108F029FB206803681A21FC
:10D290001B68984709F0D6FC4D49074604A809F0D9
:10D2A00063F847F22F5609F0CDFCC31BB3424FF091
:10D2B000320204A920466FD8FFF7D4FC05460028A7
:10D2C000F1D0DFF82CA10AF124065AF8041F07A8B0
:10D2D00009F04AF807A904A809F004FB834607A847
:10D2E00009F07CF9BBF1000F1CD15645EDD1494640
:10D2F00004A809F0DFFA58B9364904A809F0DAFAA7
:10D3000050B3049B344A31490120FFF76FFC0025DC
:10D3100004A809F063F9404609F060F9284617B0FF
:10D32000BDE8F08F94F8750094F87430451C05F052
:10D330000705AB4209D00C2303FB0040143004A9BD
:10D3400009F054F984F87550ABE7049B234A1F4950
:10D350000120FFF74BFCA4E7214907A809F004F8D6
:10D3600007A904A809F0BEFAE8B907A809F036F938
:10D3700097E70AAD2846124908F0F6FF39462846D5
:10D3800009F020FA0DF104080146404609F012F8B0
:10D39000284609F023F940E7124A0C490120FFF71B
:10D3A00025FC0025B4E707A809F018F9A9E70E4AFB
:10D3B00006490120FFF71AFC0025ACE77CE10300D9
:10D3C00018E103001CE1030094E103009CE1030069
:10D3D000F0E20300D8E003002CE10300B0E003001A
:10D3E000ECE003003CE1030050E0030014E1030023
:10D3F000ACDF030010B586B00B460446064A68460B
:10D4000018210EF0AFFB6946204640F6B832FFF710
:10D4100087FC06B010BD00BF88E103002DE9F04392
:10D42000884697B017465C494FF4FA620546FFF705
:10D4300077FC20B90446204617B0BDE8F083574971
:10D4400001A808F091FF284601AA40F6B8335449D4
:10D45000FFF7EEFD38B9002401A809F0BFF8204617
:10D4600017B0BDE8F0833A2101A809F067FA041E5D
:10D47000F1DB4A490AA808F077FF48490DA808F0EF
:10D4800073FF464910A808F06FFF444913A808F03D
:10D490006BFF0025621C039B04A801A909F096FA02
:10D4A0000AAE2C46069B1BE022462C2104A809F05C
:10D4B00055FAB0F10009B8BFDDF8189022464B4686
:10D4C00004A907A809F082FA07A9304609F0B8F8BC
:10D4D00007A809F1010409F081F8069B01350C3613
:10D4E0009C4233D2042D45D0214604A809F01CFAF1
:10D4F0002228D9D101340146224604A809F02EFA87
:10D50000B0F1000922DB22464B4604A907A809F026
:10D510005DFA07A9304609F093F807A809F05EF80C
:10D52000069B09F101049C42D8D2214604A809F0C7
:10D53000FBF92C28214604A803D009F0F5F920288E
:10D54000CBD1069B0134A342EFD8C7E704A809F06A
:10D5500045F8022DD8BF00240FDC13A809F03EF8CF
:10D5600010A809F03BF80DA809F038F80AA809F04E
:10D5700035F871E704A809F031F80DA809F05AFB55
:10D58000C8F8000010A809F055FB00283860D4BF87
:10D5900000240124E1E700BF7CE10300F0E2030086
:10D5A00070E103002DE9F04F0E469BB000F10C092D
:10D5B0007F49054608F0D8FE7D49484608F0D4FE6C
:10D5C00005F1180A05F124031C46794903935046D6
:10D5D00008F0CAFE2046764908F0C6FE75490BA839
:10D5E00008F0C2FE0BA9304609F0CAF904460BA8A0
:10D5F00008F0F4FF002CC0F2C38022460A21304616
:10D6000009F0ACF9031E01932246BCBFB368019335
:10D610003A21304609F0A2F90BACDFF89481029070
:10D620001AAFA346584641460BF10C0B08F09CFE7E
:10D630005F45F7D1029A019B013205A831464FF0B0
:10D64000000809F0C3F9C346079B1AE05A462C218B
:10D6500005A809F083F9071EB8BF079F5A463B4645
:10D6600005A908A809F0B2F908A9204608F0E8FFC2
:10D6700008A807F1010B08F0B1FF079B08F10108AA
:10D680000C345B4535D9B8F1050F53D0594605A880
:10D6900009F04AF92228D9D10BF1010B01465A466B
:10D6A00005A809F05BF9071E23DB5A463B4605A98E
:10D6B00008A809F08BF908A9204608F0C1FF08A8BE
:10D6C00008F08CFF079B07F1010B5B45D6D9594643
:10D6D00005A809F029F92C28594605A803D009F016
:10D6E00023F92028C9D1079B0BF1010B5B45EED82C
:10D6F000C4E705A808F072FFB8F1030F1DDC43462C
:10D700002D4A2E490120FFF771FA0EAC14AF17A86D
:10D7100008F064FF384608F061FF11A808F05EFFCA
:10D72000204608F05BFF0BA808F058FF28461BB006
:10D73000BDE8F08F05A808F051FF0BA928460EACF4
:10D7400008F054FF14AF2146484608F04FFF5046FA
:10D75000394608F04BFFB368019A9342D7DD013296
:10D76000314608A809F032F9039E08A9304608F0AE
:10D7700067FF08A808F032FF304609F02FFAC6E725
:10D780000F490BA808F0F0FD0BA9304609F0F8F896
:10D7900004460BA808F022FF002CBFF62EAF094A62
:10D7A00006490120FFF722FA28461BB0BDE8F08F9A
:10D7B000F0E20300F0DF03001CE003009CE1030043
:10D7C000F8DF030000E0030070B58EB003230646C7
:10D7D0000D46204A182106A80EF0C4F906A94FF4F8
:10D7E000FA623046FFF79CFA1B4903A808F0BCFD1B
:10D7F00003A9284609F076F8D0B16C4629462046A0
:10D8000008F0D8FD03A808F0E9FE009B134A202188
:10D8100006A80EF0A7F906A941F288323046FFF7B4
:10D820007FFA0546204608F0D9FE28460EB070BDA6
:10D83000094906A808F098FD294606A808F0C2FF85
:10D840006C460146204608F0B5FD06A808F0C6FE65
:10D85000D8E700BF78E0030018E1030084E003008C
:10D8600041F288320149FFF75BBA00BFA4E0030030
:10D8700040F6B8320149FFF753BA00BFA8E00300F1
:10D880004FF4FA620149FFF74BBA00BF60E00300B2
:10D8900010B586B00B460446064A684618210EF0BD
:10D8A00061F9694620464FF4FA62FFF739FA06B08B
:10D8B00010BD00BF6CE0030010B586B00B460446F7
:10D8C000064A684618210EF04DF9694620464FF485
:10D8D000FA62FFF725FA06B010BD00BFD4DF0300DF
:10D8E00010B586B00B460446064A684618210EF06D
:10D8F00039F9694620464FF4FA62FFF711FA06B08B
:10D9000010BD00BF78E0030010B586B004461B4987
:10D91000684608F029FD20466A4640F6B8331849A3
:10D92000FFF786FB30B3174903A808F01DFD03A9D4
:10D93000684609F025F8044603A808F04FFE002CBD
:10D9400018DB22462C21684609F008F8031E11DB7B
:10D95000621D694603A809F039F803A809F06AF9BD
:10D96000044603A808F03AFE684608F037FE204651
:10D9700006B010BD4FF0FF34F6E700BFF0E2030041
:10D9800040E0030048E0030030B585B00D46044692
:10D99000174901A808F0E8FC284601AA40F6B83368
:10D9A0001449FFF745FBC0B1222101A808F0C6FFCA
:10D9B000002812DB451C2A46222101A808F0CEFFD0
:10D9C000031E0ADB2A4601A9204608F0FFFF01A832
:10D9D00008F004FE204605B030BD0549204608F099
:10D9E000C3FC01A808F0FAFD204605B030BD00BF19
:10D9F000F0E20300E4DF03002DE9F04F0E468FB0A4
:10DA00002C21044608F09AFF051EC0F2A68002A849
:10DA10002B460022214608F0D9FFA3686A1C05A8FE
:10DA2000214608F0D3FF079B012B88BF012733D87D
:10DA300000252F2102A808F081FF2F21834602A88C
:10DA400008F0B0FF3A21824605A808F077FF3A2196
:10DA5000074605A808F0A6FFBBF1000F804601DBD2
:10DA6000D3457FDB2368AA4AAA490320FFF7BEF803
:10DA7000002405A808F0B2FD02A808F0AFFD20467A
:10DA80000FB0BDE8F08F08F041FF03782D2B0CD0CC
:10DA9000079B01379F42CBD2394605A808F036FFD5
:10DAA00003782B2B394605A8EDD1002FC0DD079B4D
:10DAB00008A83A4605A908F089FF0A9B012B40F205
:10DAC0000F813A2108A808F039FF0028C0F20C8124
:10DAD000002108A808F028FF4FF6FF752D284FF009
:10DAE0003A0108A80CBFAA464FF0010A08F026FF29
:10DAF0000DF12C080346012208A90546404608F00E
:10DB000065FF404609F096F88146404608F066FDFC
:10DB10006A1C0A9B08A9404608F058FF404609F0D5
:10DB200089F8C9EB09190546404605EB890508F057
:10DB300055FD15FB0AF52DB208A808F04FFD3B4630
:10DB4000002205A9404608F041FF414605A808F01B
:10DB500077FD404608F042FD6BE7002420460FB0F9
:10DB6000BDE8F08F002FFFF67DAF8742BFF67AAF9A
:10DB70005B46002202A90BA808F028FF0BA809F0B9
:10DB800059F881460BA808F029FD53460BF1010214
:10DB900002A90BA808F01AFF0BA809F04BF883465E
:10DBA0000BA808F01BFD0AF10102049B02A90BA8B7
:10DBB00008F00CFF0BA809F03DF882460BA808F00E
:10DBC0000DFD3B46002205A90BA808F0FFFE0BA89F
:10DBD00009F030F801900BA808F000FD43467A1CCC
:10DBE00005A90BA808F0F2FE0BA809F023F80746D8
:10DBF0000BA808F0F3FC08F10102079B05A90BA88C
:10DC000008F0E4FE0BA809F015F880460BA808F010
:10DC1000E5FCB9F1630F07DCB9F1450F40F26C7315
:10DC2000D8BF4FF4FA6399440BF1FF330B2B64D840
:10DC30000AF1FF3ABAF11E0F5FD8019B172B5CDC8B
:10DC40003B2F5ADCB8F13B0F57DCB9F5FA6F54DBC8
:10DC50005FFA8BF3304A3149022B98BFA9F10109D1
:10DC60004FF4C87399FBF3F302FB03994FEA99024F
:10DC7000BBF1020F40F26D1000FB0920CCBF6FF02A
:10DC800002020922824493449922642002FB0BF28F
:10DC9000B9FBF0F9AAEB090002320524B2FBF4F259
:10DCA000024401FB0323A3F532236FF4A76213445C
:10DCB000002B2ADB01981A494FF4616202FB00F243
:10DCC00001FB03233C2202FB0737B8444FF6C47321
:10DCD00015FB0383002B18DD3360B5800124C8E6F3
:10DCE00000250DF12C0827E708A808F0A3FFC0EBDA
:10DCF000001005B20DF12C081EE72368094A0549FA
:10DD00000320FEF773FF0024B3E60024B1E600BF52
:10DD100000E2030010E2030070FEFFFFB13A0200D0
:10DD20008051010018E2030070B50D6884B004460C
:10DD300015B33C2613491448144B12FB0652A1FBA1
:10DD40000251090C00FB1121A3FB0123DB0A4FF454
:10DD500061600F4D0F4A00FB1311A5FB010149093A
:10DD6000009102A806210DF0FDFE02A9204608F050
:10DD7000FBFA204604B070BD074908F0F5FA2046CA
:10DD800004B070BD07452EC280510100C5B3A291F9
:10DD9000898888882CE20300F0E20300704700BF06
:10DDA000002914BFFF210021643041F288320DF0B8
:10DDB00069B800BF002969DB70B4B0F90C408C422F
:10DDC00062DD002A60DBB0F90E5095425CDD41F265
:10DDD000EE3589B2455D15B1C943214489B2847ECF
:10DDE000022C92B265D0032C5DD0012C55D041F2AB
:10DDF000FA3541F2EF34465B045D41F2FC35891B94
:10DE000009B2455B002C42D1521B12B200293BDB08
:10DE100041F2FE34045B25B2A94235DA002A33DB35
:10DE200000F5A055B5F9005095422DDD41F2F835C9
:10DE300041F2F436455B865B16FB05F6921B12B287
:10DE4000002A21DB2DB2AA421EDA00294FEAD404AF
:10DE50000D4602FB04F2B8BFCD1D4C4204F007048E
:10DE600001F0070102EBE50258BF61420244C1F133
:10DE70000701012000FA01F149B292F964000BBBDD
:10DE800020EA010182F8641070BC70477047448931
:10DE9000641B013CA21A12B2B8E70489D2431444AD
:10DEA0000A46A1B2A3E74489013C641A1146A2B212
:10DEB0009DE704894589D243013C2A44611A92B204
:10DEC00089B294E7014382F86410DDE710B5044697
:10DED000243008F083FB04F1180008F07FFB04F104
:10DEE0000C0008F07BFB204608F078FB204610BDB4
:10DEF00070B5064600F1140500F174040C3C204690
:10DF000008F06CFBA542F9D106F1080008F066FBA9
:10DF1000304670BD38B5074CA4F5A06504F1140077
:10DF200008F05CFB04F10800283C08F057FBAC4209
:10DF3000F4D138BD1491002038B5074CA4F1C005C8
:10DF4000183C04F10C0008F049FB204608F046FBA1
:10DF5000AC42F5D138BD00BF149200202DE9F0414C
:10DF60003A4E3B4D3368172B86B035DD41F2F83819
:10DF7000384A394902200024FEF738FEC82735F90F
:10DF8000083001932246234605F1640105F124007F
:10DF9000CDE903440294009706F050FF214605F1B5
:10DFA000240006F041FC35F908300294CDE90073F5
:10DFB0002246234605F1640105F12400CDE903441E
:10DFC00006F03CFF05F1240006F06AFB234B3460A9
:10DFD0001C7006B0BDE8F08141F2F838204A1E49B5
:10DFE0000220FEF703FE002435F908300193C8270C
:10DFF0002346224605F1640105F12400CDE90344DE
:10E000000294009706F000FF05F12400012106F0BC
:10E010000BFC35F908300294CDE900732246234603
:10E0200005F1640105F12400CDE9034406F006FF83
:10E0300033680A4A013301213360117008F002FE8F
:10E04000084B186006B0BDE8F08100BFC892002000
:10E050002478002078E6030088E60300207800207A
:10E060008CE603004C9100202DE9F04F002293B084
:10E070004FF6FF710E23CDE900318948DFF87CB2FD
:10E080001146C82304F0F0FF0021C82300910D229F
:10E09000834805F0D5F9DBF80030132B0BDC0D2B92
:10E0A00055DC072B00F3EC80002BD4BF4FF00008A9
:10E0B0004FF0010801E04FF004080027DFF8E0917D
:10E0C000BA460A25BC000234C5F10D0624B236B2A8
:10E0D0000FFA85FCB845CDE9006A4FF003036246AC
:10E0E000214648462FDD04F0BFFF0137033D042FD2
:10E0F000ADB2E7D16A4C6B4E0121204605F004FF1A
:10E100003368694900229342C4E9041222DCDFF833
:10E11000F081D8F80030002B09DD6449604807F031
:10E12000E3FB0A22D8F800105D4807F0F3FB604BD0
:10E130001B68013B062B00F2B180DFE803F09B2255
:10E140008F9F97999D00032304F0CEFFCDE74FF0FA
:10E150000308B2E75749DFF8A881204607F0C4FB5F
:10E160000A223168204607F0D5FBD8F80030002B92
:10E17000DDDD3368002BD0DD4F49204607F0B4FBCE
:10E18000CBE74E494E4F4F4D03A808F0EDF8059BE5
:10E190004348A3EB830364330322238203A96282EF
:10E1A00007F09CFB0A2239680CA808F087F90CA933
:10E1B0000FA808F0FFF844490FA808F02FFB0A2227
:10E1C0008146296809A808F079F909A9484608F0A4
:10E1D000F9FA014606A808F0EDF809A808F0FEF9DA
:10E1E0000FA808F0FBF90CA808F0F8F92B68002B31
:10E1F00002DD3A6893424ADD089B2948A3EB83037A
:10E200005B00C4334FF00309238206A9A4F81290DF
:10E2100007F064FBDBF80030132B34DC0D2B34DC0F
:10E22000072B39DC002BD4BF002301232748396892
:10E23000274A2F6801602748274917603568274A11
:10E24000D8F80040056006A80C60136008F0C6F915
:10E2500003A808F0C3F913B0BDE8F08F204B2149A3
:10E260001A78214B002A18BF19468BE71F4989E706
:10E270001D4987E71E4985E71E4983E7194981E75C
:10E280004FF0020819E70423D0E74B46CEE70749D1
:10E2900006A808F04BFAAFE70223C7E7164971E773
:10E2A00024780020F89200201800030020F00300DA
:10E2B000D492002058E3030048E403007CE9030003
:10E2C000E0920020DC9200205CE303003C6100202F
:10E2D0003461002038610020306100202C61002072
:10E2E000CC92002038E3030048E3030040E303003E
:10E2F00094E7030050E30300E8E8030020610020F6
:10E30000189200202DE9F0414A484B4C4B4E4C4DA1
:10E310008EB0FFF7F9FA08AA206007A94548FFF771
:10E320007DF818B1DDE9072332602B60454F3B785B
:10E330009BB108F087FC444B444A1B68C01A9042CA
:10E340000BD82268132A35DC0D2A55DC072A6CDC31
:10E35000002AD4BF002201222DE000230BA835495A
:10E360000993ADF82830FFF70FFB0BA809A9FFF7B9
:10E3700043FB80460BA808F031F9B8F1000FE0D05C
:10E38000DFF8FC80BDF92830B8F90020934206D0B0
:10E390002F4A30490220FEF729FCBDF92820A8F8B1
:10E3A000002001233B7008F04DFC2268264B132A05
:10E3B0001860C9DD0422284B284C1B68284F2868A8
:10E3C000316824683D68934203D1264E36688E42F8
:10E3D0001ED0CDE90110CDE9034500922249234A20
:10E3E000234C0220FEF702FC08F02CFC2368984224
:10E3F00004D20EB0BDE8F0810322DCE708F022FC75
:10E400002368984213D2FFF7A9FD0EB0BDE8F08152
:10E41000184E36688642DCD1174E3668A642D8D1EF
:10E42000164E3668AE42D4D1E3E70222C3E7FFF7C7
:10E430001BFEE8E71C92002020610020E0920020F3
:10E44000DC920020F4920020509100207FEE3600F4
:10E45000A8E3030010E203002C610020F8920020E2
:10E46000189200203C61002088E60300C0E303000E
:10E47000F0920020346100203861002030610020DB
:10E480002461002030B587B001460446684607F095
:10E4900091FF684608F094FB564903A807F064FF13
:10E4A00003A9684608F01EFA054603A808F096F886
:10E4B000F5B1514903A807F057FF21684F4842F2D0
:10E4C000107303AAFEF7B4FD059B0446002B61D12F
:10E4D0004B4B4C494C48002C08BF194607F0D0FA6A
:10E4E00003A808F07BF8684608F078F807B030BD5C
:10E4F0004649204608F0DEF9002834D03E4903A8FA
:10E5000007F032FF03AA41F2883341493B48FEF746
:10E510008FFD03A93C4807F0A1FA374903A808F08A
:10E52000B1F803AA41F288333A493448FEF780FD36
:10E5300003A9354807F092FA2F4903A808F0A2F87A
:10E5400041F2883303AA34492C48FEF771FD03A930
:10E550002D4807F083FA03A808F040F8684608F051
:10E560003DF807B030BD2D49204608F0A3F9B0B101
:10E570002B4B2C4C1A782C492348032A0ABF022221
:10E58000032221461A7007F07BFA684608F026F845
:10E5900007B030BD03A91C4807F060FA98E7204691
:10E5A000224908F087F958B1FEF750FB0A220146CC
:10E5B000154807F01DFA1E49134807F061FA92E763
:10E5C0001C49114807F05CFA1B490F4807F058FA3C
:10E5D0001A490D4807F054FA19490B4807F050FA48
:10E5E0001849094807F04CFA1749074807F048FA54
:10E5F00079E700BFA0E00300F0E203001C920020D6
:10E6000058E5030014E103005463002040E30300D5
:10E6100078E503007CE5030088E5030094E503004A
:10E62000196100206CE5030060E503009CE5030030
:10E63000A0E50300ACE50300B8E50300F4E5030042
:10E6400014E603003CE6030054E6030070B50D46F3
:10E6500086B006462249684607F086FEAB685BB185
:10E6600000242146284608F05FF93038092828D9C7
:10E67000AB6801349C42F4D31A4903A807F074FE36
:10E6800003A9284608F02EF9044603A807F0A6FFC0
:10E6900014B9029B0A2B21D0124903A807F064FE8B
:10E6A000694603A808F08EF80146304607F082FE5E
:10E6B00003A807F093FF684607F090FF304606B0C6
:10E6C00070BD2146284608F02FF90146684608F03B
:10E6D00057F8AB6801349C42C3D3CDE70249DCE76D
:10E6E000F0E2030018E1030064E403002DE9F043C5
:10E6F00005468DB009A8484907F036FEAB685BB106
:10E7000000242146284608F00FF93038092863D93B
:10E71000AB680134A342F4D80B9B6F460A2B3846F2
:10E720006BD809A907F046FE09A8DFF8F090DFF8DA
:10E73000E88007F053FF4D460026696803A807F0FC
:10E7400013FE414609A807F00FFE059B5BB10024AC
:10E75000214603A808F0E8F83038092826D9059B97
:10E760000134A342F4D80B9B0A2B2ED809A906A882
:10E7700007F020FE09A807F031FF394606A808F087
:10E780007DF8044606A807F029FF03A807F026FF36
:10E79000002C38D10136032E05F10805CDD13846BD
:10E7A00007F01CFF20460DB0BDE8F083214603A80A
:10E7B00008F0BAF8014609A807F0E2FF059B01340A
:10E7C0009C42C5D30B9B0A2BD0D9A3F10A0209A9FD
:10E7D00006A808F0FBF8CDE72146284608F0A4F883
:10E7E000014609A807F0CCFFAB6801349C4288D3EE
:10E7F0000B9B6F460A2B384693D9A3F10A0209A94D
:10E8000008F0E4F890E7384659F8364007F0E6FE9D
:10E8100020460DB0BDE8F083F0E20300F0E803000D
:10E820002DE9F04FAB4AAC4BDFF8CCB21B78002699
:10E830001670AA4ACBF800609DB0166013B91DB0DF
:10E84000BDE8F08FA648FEF7BDFCA64907A807F073
:10E850008BFD07AA42F21073A349A148FEF7E8FB1B
:10E86000002800F0CC81099ADBF80030002A00F083
:10E87000FC801F2B00F3FC80DFF880A22BE0DBF88C
:10E880000030002B1BDD0C9ACAB1013B03EB830364
:10E890000AEBC3041434A368132B10D8002B40F0E8
:10E8A000BB81C3F1140300220AA910A808F08EF856
:10E8B00010A9204607F016FF10A807F08FFE0AA83F
:10E8C00007F08CFE099B9E42DBF8003080F0CD8083
:10E8D0001F2B00F3CD8032460A2107A808F03EF82E
:10E8E000041EB8BF099C3246234607A90AA808F0AF
:10E8F0006DF87E4910A807F037FD10A90AA807F0A7
:10E90000F1FF054610A8661C07F068FE002DB6D082
:10E91000DBF800700C9B06220AA97C1C10A8CBF81F
:10E92000004008F053F8BB001C4610A8039308F001
:10E9300081F923463B44DC004AF8330010A807F075
:10E940004DFE0AEB040504F114006649049450449A
:10E95000002407F097FE63492C62AC8410A807F0EE
:10E9600003FD604913A807F0FFFC5E4916A807F0F5
:10E97000FBFC5C4919A807F0F7FC22210AA807F064
:10E98000DDFF049B0833534400280593B8BF0DAD49
:10E99000C0F223810DF140080DAD814609F1010956
:10E9A0004A4622210AA807F0D9FF4A46B0F10009D9
:10E9B0000AA94B462846C0F2358108F007F82946D7
:10E9C000404607F03DFE284607F008FE09F1010227
:10E9D00022210AA807F0C2FFB0F1000904F10104E6
:10E9E00008F10C08C0F22081042CD7D140492846F8
:10E9F00007F0BAFC294610A807F0C2FF039B3B446E
:10EA00000AEBC303C243D20F1A71284607F0E6FD92
:10EA100013A9284607F0CEFC2946059807F010FEFA
:10EA2000284607F0DBFD0499013C04EB4404203147
:10EA300010AB03EB84005144FEF7DEFF039B3B4425
:10EA40000AEBC3073B791BB1244A136801331360F7
:10EA500019A807F0C3FD16A807F0C0FD13A807F01A
:10EA6000BDFD10A807F0BAFD29E7012B40F39D80FA
:10EA7000204F00230393A7F130030593C7F1280823
:10EA80004FF0010917F8043C57F8082C8DF8443072
:10EA9000394612A807F10C0A109207F08BFC514678
:10EAA00015A807F087FC07F1180393E8030018ABDB
:10EAB00083E8030057F8100C18998842BC4608EB0D
:10EAC000070380F0A780A7F12804A7F11C05039E87
:10EAD0001DE000BF4091002094920020F892002099
:10EAE0001C920020F0E2030094E80300B8E8030061
:10EAF000C0E803006C8C00203C9100203C8C00207E
:10EB00005CF8101C189A914206F1FF3620D214F8D6
:10EB1000043C54F8082C84F824302262214604F185
:10EB2000280007F063FD294604F1340007F05EFD7C
:10EB300004F1180393E80300A4462064A4F84410E9
:10EB4000AA4608EB0403283DB646283C002ED7D140
:10EB5000059D109904930EEB8E0E05EBCE0445F83F
:10EB60003E109DF844102171604612A907F03EFD49
:10EB700015A9504607F03AFD18AB93E80300049B33
:10EB80002B4409F101091862998415A807F026FDA4
:10EB900012A807F023FD039ADBF8003001324B4541
:10EBA000039207F128073FF76DAF304A1168994289
:10EBB00005DB012B1946B8BF0121013911602C4A30
:10EBC0002C491268009202202B4AFEF70FF807A882
:10EBD00007F004FD1DB0BDE8F08F039B3B440AEB3A
:10EBE000C30300221A712549284607F0BDFB2946B8
:10EBF000059807F025FD284607F0F0FC1EE7204A9F
:10EC00001C490120FDF7F2FF07A807F0E7FC1DB043
:10EC1000BDE8F08FCE469BE72021204607F0B0FDEF
:10EC2000A3683EE6002CD8D01649284607F09CFB86
:10EC3000294610A807F0A4FE282303FB07A3C2431C
:10EC4000D20F28461A7107F0C9FC012CCBD013A9AA
:10EC5000284607F0AFFB2946059807F0F1FC284647
:10EC600007F0BCFC022C3FF4E9AEDCE6D8920020B1
:10EC7000F8920020B4E80300CCE80300C8E80300E1
:10EC8000A4E80300C0E803002DE9F04FA14DDFF830
:10EC9000B0B291B04FF6FF74AC23CDE900342846F2
:10ECA000C8231022002104F0DFF900210C23019475
:10ECB00028460C460093BC22C82304F0D5F921460F
:10ECC000C823BC222846009404F0BAFB2846012140
:10ECD00005F01AF9904B91496C6128462B6106F0BA
:10ECE00003FEDBF80040002C47D1DFF858B28C4A15
:10ECF0008C4B9BF800100DF1280800290CBF114621
:10ED00001946404607F030FB0121284605F0FCF883
:10ED10001A266C6122464FF0020A0DACA94602F198
:10ED200020073B46414620466E82A5F810A007F01A
:10ED30004DFE2146484606F0D1FD204607F04EFC28
:10ED40000C9B0A36BB423A46B6B202D9B2F5007FF6
:10ED5000E5D1404607F042FC9BF80030002B40F024
:10ED6000F58007F06FFF704B1B68984280F0CA80F7
:10ED7000FFF7F4F811B0BDE8F08F6C4B6C491A68DE
:10ED80000B689A42C0F2B88010339A42C8BF684BF1
:10ED90006048C8BF1A600121DFF8ACA105F0B4F8E3
:10EDA0004FF010084FF0000961E004A907F002FBE2
:10EDB0000DAE3946304607F0FDFA5E49304607F0A1
:10EDC0002DFD014607A807F0F5FA304607F006FCCE
:10EDD000384607F003FC04F108030AEB0301084678
:10EDE0000391FFF783FC0399002869D00146384658
:10EDF00007F0BAFA0D2300223946304607F0E6FD47
:10EE0000314607A807F06EFC304607F0E7FB3846AE
:10EE100007F0E4FB474907A807F088FC04F1140158
:10EE20005144002407A807F05DFC0E2722461E234C
:10EE300007A93046A5F812806C612F8207F0C6FD45
:10EE40003146344806F04AFD304607F0C7FB07A8B4
:10EE500007F0C4FB09F1010904A807F0BFFB08F1A2
:10EE60000A08B9F1110F1FFA88F83FF47AAF304B56
:10EE70001C68DBF800304C44A3427FF772AF2B4B89
:10EE80001B68A3422DD0A60033190AEBC3031B79DC
:10EE9000D3B93444E400284A04F12001002304A833
:10EEA0005144B2F900206B61FEF73EFF069B0AAFAA
:10EEB0003846002B7FF479AF204907F055FA77E701
:10EEC000384607F077FA95E708F1FF3200210A2368
:10EED000CDE9003112B20523C3210E4804F0C4F875
:10EEE000D7E708F103020023009312B202230421A2
:10EEF000084804F0C1FBC6E7A2F1100323EAE3735C
:10EF00000B6041E7FFF7B0F8FFF728F811B0BDE854
:10EF1000F08F00BF247800200200BF009CE70300B0
:10EF200080E7030074E70300F0920020D8920020ED
:10EF30004491002048E4030024610020F8E7030026
:10EF40003C910020949200203C8C0020DFF8C0A06F
:10EF50002D49404607F008FA0121504604F0D4FF3D
:10EF600000226A612E264FF0020902F120073B467B
:10EF7000414620466E82A5F8109007F027FD2146F5
:10EF8000504606F0ABFC204607F028FB0C9B0A36E7
:10EF9000BB423A46B6B202D9B2F5E07FE5D140466F
:10EFA00007F01CFB9BF80030002B3FF4DAAEDFF8D3
:10EFB00060901649404607F0D7F90121484604F011
:10EFC000A3FF00226A6138264FF0020A02F12007EF
:10EFD0003B46414620466E82A5F810A007F0F6FC9D
:10EFE0002146484606F07AFC204607F0F7FA0C9BCB
:10EFF0000A36BB423A46B6B202D9B2F5D07FE5D165
:10F00000404607F0EBFAACE6BCE70300DCE70300A0
:10F010002478002008B5064B064A1B7801211160B0
:10F020000BB1FFF7FDFBBDE80840FFF72DBE00BFA9
:10F0300040910020D492002070B5064696B0294831
:10F04000FEF7C0F83346284A182104A80CF08AFDC0
:10F05000264901A807F088F904A901AA41F28833DA
:10F060002048FDF7E5FF044628B901A807F0B6FAE5
:10F07000204616B070BD1E4D0AA801A9FEF792FAEF
:10F080000AA9284607F0DCFA0DA905F10C0007F0E3
:10F09000D7FA10A905F1180007F0D2FA13A905F163
:10F0A000240007F0CDFA13A807F098FA10A807F08B
:10F0B00095FA0DA807F092FA0AA807F08FFA0D4901
:10F0C0000D4AEB6A0E6000211160002BCDD16C69F6
:10F0D00001A8641A18BF012407F080FA204616B070
:10F0E00070BD00BF1C92002010E30300F0E203009B
:10F0F0009892002028610020D09200202DE9F04F46
:10F10000A64E93B04FF6FF74AC23CDE900343046E1
:10F11000C8231022002103F0A7FF00210C23019433
:10F1200030460C460093BC22C82303F09DFFBC224E
:10F13000C82330462146009404F082F9304601216C
:10F1400004F0E2FE964B974933613046746106F055
:10F15000CBFB9548FFF7CAFA06AB0393002800F0F3
:10F16000B4800146184607F0FFF88F49039807F06E
:10F1700085FB0FAD002800F0AD808C490CA807F08E
:10F18000F3F803990CA807F01DFB01218146834881
:10F1900004F0BAFE00231C4673611A4610274FF094
:10F1A000020A02F120084346494628467782A6F81B
:10F1B00010A007F00BFC2946784806F08FFB284684
:10F1C00007F00CFAD9F808300A37434504F1010B6F
:10F1D000BFB2424605D95C46112CE2D11224AA27BF
:10F1E00004E00BEB8B077F000234BFB20CA807F0E2
:10F1F000F5F94FF0000804A96D48CDF81080ADF87E
:10F200001480FEF7F9FB002874D107F112020027E1
:10F2100012B2C82339466148009704F011F902215F
:10F220005E48DFF8AC8104F06FFE04EB8404614BB0
:10F230007761640014341A68AC2C4FEA021200F3B0
:10F24000AA80D8F82C309A4280F0A5804FF0020BAB
:10F2500008F1240ADFF8449103E0D8F82C309A42F0
:10F2600014D202F110073B46514628467482A6F894
:10F2700010B007F0ABFB2946484606F02FFB1034D0
:10F28000284607F0ABF9AC2C3A46E6DD01214348AD
:10F2900004F03AFED8F82C30BB4208D94FF0B21235
:10F2A000002345493D48C6E9042306F01DFB07F04D
:10F2B000C9FC424B1B6898426AD2FEF74FFE039886
:10F2C00007F08CF913B0BDE8F08F1846364907F007
:10F2D00071F84AE728463A4907F046F82846324985
:10F2E00007F070FA0146039807F0FCF9284607F08A
:10F2F00075F942E733490CA807F036F8324B04A9F8
:10F30000B3F9002009A8FEF70FFD09A90CA807F022
:10F3100059FA2E4907F082FA0BEB8B07814601213F
:10F320001E487F0004F0F0FDBFB2C6F814804246CC
:10F330004FF0020A03E00A37BFB2A346424602F189
:10F340002008AA2F434607F1100C494628460BF126
:10F35000010416D0A6F812C0A6F810A007F036FBDC
:10F3600029460E4806F0BAFA284607F037F9D9F8C8
:10F3700008304345DFD804EB84046700BFB20BF1CB
:10F38000020409A807F02AF90CA807F027F93CE7BE
:10F39000FEF76AFE91E7174678E700BF2478002061
:10F3A0000200BF0040E70300A49200205CE70300D6
:10F3B000B0920020D092002070E70300F09200206D
:10F3C000D8E4030064E703002461002068E7030039
:10F3D000989200202DE9F04F8E4C95B0AC234FF65B
:10F3E000FF75CDE900352046C8231022002103F027
:10F3F0003BFE894B1B68032B40F02881874FDFF8C9
:10F4000044C297F800E0864E019500210C230D467A
:10F410000093BC22C82320468E4518BF664603F0E1
:10F4200023FEBC222946C8230095204604F008F894
:10F430000121204604F068FD31467A4B6561204683
:10F44000236106F051FA784A784B39780DF1380B80
:10F45000A9420CBF114619460BA806F085FF0BA95F
:10F46000584606F0A7FF7249584607F0ABF9714BB2
:10F47000714A1968714BA942ACBF1146194607F091
:10F48000CDF901218146204604F03EFD2F466561FD
:10F490002A46102611AD4FF0020A02F12008434619
:10F4A000494628466682A4F810A007F08FFA29463C
:10F4B000584806F013FA284607F090F8D9F80820C3
:10F4C0000A36424507F10103B6B2424640F2AC812A
:10F4D000112B1F46E1D11227BC26584607F07EF8B3
:10F4E0000BA807F07BF80021C82332460091494859
:10F4F00003F0A6FF4E49584606F05CFF584607F059
:10F5000051FB109B002B40F09F8100220B924FF08B
:10F51000010A002B40F0AB8114AA02EB8A02012100
:10F520008A4442F8241C002B40F0B28114AB03EB58
:10F530008A030222584643F8242C07F04FF80AF1B8
:10F54000010A102F47DC07EB87077F00BEB2103798
:10F55000BB1B9BB21036DFF8F09002930027B6B2C7
:10F56000A846344B1B68BB4235B240D002232382ED
:10F57000658200230BAA584652F82750E38259F8B7
:10F580003510A38206F0F0FE109B092B06D820212F
:10F59000584607F0F5F8109B092BF8D909EBC5057B
:10F5A0005846696807F0C2F82023002259464046B1
:10F5B00007F00CFA4146174806F090F9404607F06C
:10F5C0000DF80137584607F009F8574503D00A36B9
:10F5D000B6B2BA2EC5D107F035FB194B1B6898425D
:10F5E00080F01B81FEF7BAFC15B0BDE8F08F029BDE
:10F5F0000848A3F1110200210A233244009301912B
:10F60000C82312B203F030FD0223238265824FF635
:10F61000FF73AFE724780020D4920020CC92002022
:10F62000C4E203000200BF00ECE20300E4E20300D6
:10F63000F07700201C610020F0E20300F4E20300F8
:10F64000F0920020A0E20300F0E8030000210C2368
:10F65000CDE90035BC220D46C823204603F004FD49
:10F66000C823BC2229462046009503F0E9FE01216B
:10F67000204604F049FCAE4BAE492361204665614B
:10F6800006F032F9AC498B68002B40F0338105ABB2
:10F690001846AA49029306F08DFE11AD0DF1380B04
:10F6A000A749584606F060FE0299584607F08AF8C6
:10F6B00001218146A34804F027FC0023984663619A
:10F6C0001A4610264FF0020A02F120073B4649462F
:10F6D00028466682A4F810A007F078F929469948D0
:10F6E00006F0FCF8284606F079FFD9F808200A361B
:10F6F000BA4208F10103B6B23A4640F29C80112B9F
:10F700009846E1D112230393BC260027584606F001
:10F7100065FF3246C82339468A48009703F090FEB9
:10F7200001218848DFF8209204F0EEFB039B67611B
:10F7300003EB8306760010363A46B6B298464FF091
:10F74000020A02E00A36B6B23A4602F12007B8F1E0
:10F75000100F3B467C49284608F101080FDCA4F84D
:10F7600010A0668207F032F92946764806F0B6F80E
:10F77000284606F033FFD9F80830BB42E2D8734B75
:10F78000039A1B68002B9846B8BF03F11F0802EBD1
:10F790006818B8F1100F40F393800A22D9F80810C6
:10F7A0000BA806F0BBFE0BA9584606F003FE6849FD
:10F7B000584607F033F80A220646A021284606F0EC
:10F7C0007DFE2946304606F0FDFF014608A806F0FA
:10F7D000F1FD284606F002FF584606F0FFFE0BA892
:10F7E00006F0FCFE0A9B5748A3EB83035B00C4337F
:10F7F000002208A9B22523826261658206F06EF8B4
:10F8000008A806F0EBFE029806F0E8FE07F01AFAE8
:10F81000504B1B689842FFF4E5AEFEF725FCFEF75F
:10F820009DFB15B0BDE8F08F03EB83035E0012363D
:10F8300036B2023751E603EB83035E00123608F15D
:10F84000020336B2039360E74349284606F08CFD75
:10F850005946284607F046F882462846BAF1000F76
:10F860005DD106F0BBFE109B002B3FF455AE3B492B
:10F87000284606F079FD5946284607F033F8002857
:10F8800051D1284606F0AAFE109B002B3FF44EAE45
:10F890003349284606F068FD5946284607F022F805
:10F8A00018B1284606F09AFE40E6284606F096FE75
:10F8B000584606F093FEBAF1000F7FF442AE8AE696
:10F8C0005A4202F01F0208F1010803F01F0308EB7F
:10F8D000880858BF534203EB43034FEA48025900DC
:10F8E0000E320023009312B202310623154803F0B2
:10F8F000A7FD52E711AD284606F05CFD28461949E0
:10F9000006F08CFF0D4906F05DFF05AB0146184679
:10F91000029306F04FFD284606F060FEBEE606F0B4
:10F920005DFE109BF1E5284606F058FE109BF3E5BE
:10F930000200BF00F8E20300FC77002008780020F6
:10F94000ECE2030024780020E0770020EC77002030
:10F950005CE30300F092002068E6030070E6030019
:10F9600074E60300D8E4030010B503212048214CBD
:10F97000FDF7B6FF204B1E481978FDF789FF94F973
:10F9800000305A1C04D0012B21D0022B0BD010BD0B
:10F990004FF47A73002219491548FDF749FB58B115
:10F9A0000123237010BD4FF47A73002214491048CC
:10F9B000BDE81040FDF73CBB02464FF47A73104996
:10F9C0000B48FDF735FB58B10223237010BD4FF4EF
:10F9D0007A73002209490648BDE81040FDF728BBAC
:10F9E0002070084A08490120BDE81040FDF7FEB824
:10F9F0001C920020416100204061002060E3030070
:10FA000080E303008CE3030048E303002DE9F04F9B
:10FA1000BF48C04DC04E91B04FF6FF77AC23CDE943
:10FA200000371022C8230021044603F01DFBBB4B06
:10FA30001A6803920197039F00210C23012F08BF2E
:10FA40002E4620460D460093BC22C82303F00CFB33
:10FA5000C823BC2220462946009503F0F1FC20462D
:10FA6000012104F051FAAE4B236131466561204615
:10FA700005F03AFFA94B1B68012B00F00B81A94947
:10FA8000A94A022B08BF1146DFF884820AA806F0B3
:10FA90006BFC0121404604F037FA002262611A260D
:10FAA00001254FF0020902F120073B460AA90DA8E3
:10FAB0006682A4F8109006F089FF0DA9404605F073
:10FAC0000DFF0DA806F08AFD0C9B0A36BB423A4694
:10FAD00005F10101B6B205D9B2F5007F0D46E2D1BC
:10FAE000122500E00235DFF844920AA806F076FD00
:10FAF0004846FEF7FBFD002800F0CE8001460AA82C
:10FB000006F032FC824805EB850701217F00834621
:10FB1000103704F0F9F90022BFB262614FF0020A17
:10FB200003E00A37BFB23546424602F12008102DE5
:10FB300043460AA90DA805F1010611D8A4F810A0A2
:10FB4000678206F043FF0DA9584605F0C7FE0DA8D1
:10FB500006F044FD0C9B4345E3D8AB1C35461E46DE
:10FB60000AA806F03BFD7148FEF7C0FD60B3684887
:10FB700005EB850701217F008346103704F0C4F9A7
:10FB80000022BFB262614FF0020A03E00A37BFB23F
:10FB90003546424602F12008102D434663490DA820
:10FBA00005F1010610D8A4F810A0678206F00EFF38
:10FBB0000DA9584605F092FE0DA806F00FFDD9F8E4
:10FBC00008304345E2D8AE1C544B1B6806F10108CF
:10FBD000032B45466CD00DF11C0A5549DFF830B1B6
:10FBE000504606F0C1FB534B0A22197804A806F0D0
:10FBF00035FC04A9504606F0E5FD4F4906F00EFE1F
:10FC00004E4B0A22197806460AA806F027FC0AA9D4
:10FC1000304606F0D7FD05EB8506804601215846A3
:10FC2000760004F071F910360022B6B262614FF02E
:10FC3000020902E00A36B6B23A4602F12007102D58
:10FC40003B4641460DA805F101050FDCA4F81090D4
:10FC5000668206F0BBFE0DA9584605F03FFE0DA8D2
:10FC600006F0BCFCD8F80830BB42E3D80AA806F07E
:10FC7000B5FC04A806F0B2FC504606F0AFFC06F056
:10FC8000E1FF2F4B1B6898420BD2FEF767F911B0CA
:10FC9000BDE8F08F2B49F7E649460AA806F08AFB33
:10FCA00030E7FEF7E1F9FEF759F911B0BDE8F08F42
:10FCB00006F0C8FF244B25491F68254B254D264AD1
:10FCC000C01BA1FB00718909A3FB01735B09C3EB96
:10FCD0000313A1EB8301A5FB00500DF11C0A830B5C
:10FCE0000091504608210BF03DFF06EB8607514678
:10FCF0000AA806F039FB7F000121054804F004F949
:10FD000010370022BFB262614FF0020B2CE000BF3F
:10FD100024780020ACE60300C4E60300DC77002072
:10FD20000200BF00E4E60300FCE60300CC770020FD
:10FD300008E703004061002010E70300266100206F
:10FD4000F0920020ECE60300D8770020D34D62103B
:10FD50008988888873B2E7452CE203000A37464653
:10FD6000BFB24A4608F1010802F12009102E4B46A5
:10FD70000AA90DA845460FD8A4F810B0678206F06E
:10FD800025FE0DA9064805F0A9FD0DA806F026FCE4
:10FD90000C9B4B45E2D8B51C0AA806F01FFC1CE7DB
:10FDA00024780020F0B52B4B93F90030012B89B05B
:10FDB000074646D0022B3CD0274B28482849294CDF
:10FDC00000254FF47A7201261A6005600E60FEF776
:10FDD0005BFF394602A806F0C7FA06F033FF224B54
:10FDE000019500F57A670E212A46009120462946A2
:10FDF0001F60C82303F038F93146204604F084F828
:10FE00004FF0FF332A46636102A91F2305A8174D4F
:10FE1000256106F0DBFD05A9204605F05FFD05A87C
:10FE200006F0DCFBFEF79AF802A806F0D7FB09B053
:10FE3000F0BD4FF47A7300220D490E48FDF7F8F833
:10FE4000BAE74FF47A7300220B490A48FDF7F0F83D
:10FE5000B2E700BF41610020C8920020DC7700209B
:10FE6000D492002024780020F092002004000300A7
:10FE70002CE303001C9200201CE303002E4B1B7894
:10FE800033B170B52D4D2B6888B013B108B070BD7B
:10FE900070472B4B044619782A48FDF7F9FC2A4B8A
:10FEA00028481978FDF708FD21462648FDF78CFC07
:10FEB0000646002830D12549254C02A806F054FA00
:10FEC00006F0C0FE2349019600F57A650E230093E3
:10FED00032462046C8230D60314603F0C5F820465F
:10FEE000012104F011F81C4D25614FF0FF3332461B
:10FEF000636102A91F2305A806F068FD05A9204635
:10FF000005F0ECFC05A806F069FBFEF727F802A84F
:10FF100006F064FB08B070BD06F094FE0F4B21465E
:10FF2000186002230E482B6006F060FB0D4B062282
:10FF30001A60FFF76BFDA9E794920020DC770020A0
:10FF4000406100201C9200202661002090E2030006
:10FF500024780020F092002004000300D8770020CD
:10FF6000CC770020D49200202DE9F047734D8CB05F
:10FF70004FF6FF74AC23CDE900342846C823102285
:10FF8000002103F071F800210C23019428460C464F
:10FF90000093BC22C82303F067F8BC222146C82383
:10FFA0002846009403F04CFA2846012103F0ACFFE8
:10FFB000634B64492B6128466C6105F095FC6249EE
:10FFC00006A806F0D1F9614906A806F0FBFB6049D6
:10FFD00006F024FC01218046284603F095FFA9463F
:10FFE0006C61224601261A244FF0020A02F1200712
:10FFF0003B46414609A86C82A5F810A006F0E6FC35
:020000023000CC
:1000000009A9484605F06AFC09A806F0E7FAD8F8FD
:1000100008300A34BB4206F10101A4B23A4604D9C1
:1000200011290E46E2D1122600E0023606A806F09B
:10003000D5FA46498B68022B0AD806F003FE454BD9
:100040001B68984272D2FDF789FF0CB0BDE8F087BB
:1000500003A8FEF7FBFA03A8FEF748FB06EB8604AD
:1000600081463648012164008046103403F04CFF7D
:100070000022A4B26A614FF0020A02E00A34A4B27C
:100080003A4602F12007102E3B4603A909A810DCCE
:10009000A5F810A06C8206F099FC09A9404605F06D
:1000A0001DFC09A806F09AFA059BBB4206F1010661
:1000B000E4D8B9F1000F30D0494606A806F054F94B
:1000C00006EB86041D48012164008046103403F0CD
:1000D0001BFF0022A4B26A614FF0020902E00A3459
:1000E000A4B23A4602F12007102E3B4606A909A801
:1000F00006F101060EDCA5F810906C8206F066FC95
:1001000009A9404605F0EAFB09A806F067FA089B32
:10011000BB42E4D806A806F061FA03A806F05EFA2E
:1001200006F090FD0B4B1B6898428CD3FDF79CFFAB
:10013000FDF714FF0CB0BDE8F08700BF2478002065
:100140000200BF0018E7030038E70300147800201E
:10015000F4E20300F09200202DE9F04FB04C97B08C
:100160004FF6FF75AC23CDE900352046C823102299
:10017000002102F079FF00210C23019520460D4655
:100180000093BC22C82302F06FFFBC222946C8237B
:100190002046009503F054F92046012103F0B4FEF7
:1001A000A04BA14923612046656105F09DFB9F4955
:1001B00010A806F0D9F89E490DA806F0D5F80DA9AB
:1001C00010A806F0FFFA01218046204603F09CFEAD
:1001D0002E4665612A46A24610254FF0020902F11B
:1001E00020073B46414613A86582A4F8109006F00C
:1001F000EDFB13A9504605F071FB13A806F0EEF9CC
:10020000D8F808300A35BB423A4606F10106ADB2CD
:1002100003D9B2F5087FE2D111260DA806F0DEF968
:1002200010A806F0DBF98349DFF8F4B110A806F056
:100230009BF8FCF70BFD0A2201460DA806F09EF97B
:100240000DA910A806F0BEFA7B4906F0E7FA06EB06
:1002500086058146012158466D0003F055FE103594
:100260000022ADB262614FF0020A03E00A35ADB27E
:1002700042463E4602F12008BA2D4346494613A89D
:1002800006F1010700F0DB81A4F810A0658206F0FA
:100290009DFB13A9584605F021FB13A806F09EF913
:1002A000D9F808304345E1D80DA806F097F910A811
:1002B00006F094F96149DFF868B110A806F054F827
:1002C0005F4B604A1978604B0DA800290CBF11469E
:1002D000194606F049F80DA910A806F073FA07EBC5
:1002E00087058146012158466D0003F00DFE10354B
:1002F0000022ADB262614FF0020A03E00A35ADB2EE
:100300004246374602F12008102F4346494613A8BB
:1003100007F1010600F29181A4F810A0658206F0B1
:1003200055FB13A9584605F0D9FA13A806F056F95B
:10033000D9F808304345E1D80DA806F04FF910A8C8
:1003400006F04CF94149DFF8D8B010A806F00CF8D7
:100350003F4B404A19783C4B0DA800290CBF114671
:10036000194606F001F80DA910A806F02BFA06EBC5
:1003700086078146012158467F0003F0C5FD1037EE
:100380000022BFB262614FF0020A03E00A37BFB237
:100390002E46424602F12008102E4346494613A835
:1003A00006F1010512D8A4F810A0678206F00EFB32
:1003B00013A9584605F092FA13A806F00FF9D9F8D8
:1003C00008304345E2D8B31C2E461D460DA806F062
:1003D00005F910A806F002F91D4B1B78002B40F020
:1003E000718105EB85067600B6B200270C480097B0
:1003F00006F10C0212B2C8233946814603F020F8F8
:10040000154910A805F0B0FF10360121484603F049
:100410007BFDB6B267613A464FF0020A22E000BFA8
:10042000247800200200BF0084E40300A4E4030059
:10043000E8E80300B0E40300BCE40300C4E4030004
:100440004891002068E4030014E10300D0E40300B5
:100450009492002074E4030024E503000A36B6B247
:1004600045463A4602F12007102D3B4610A913A835
:1004700005F1010811D8A4F810A0668206F0A6FACA
:1004800013A9484605F02AFA13A806F0A7F8129B0C
:10049000BB42E3D8AB1C4546984610A806F09EF830
:1004A000A44B1F68002F00F0D78065DDA24B02939C
:1004B000DFF890A200230393A0490DA805F054FF94
:1004C000029F0DA807F10C0106F07CF99B4906F08C
:1004D000A5F906463846FEF709F9002800F0A8807D
:1004E000014610A805F040FF304610A906F06AF951
:1004F00005EB8506814601215046760003F004FD98
:1005000010360022B6B262614FF0020B03E00A36E9
:10051000B6B245463A4602F12007102D3B46494601
:1005200013A805F1010814DCA4F810B0668206F0E7
:100530004DFA13A9504605F0D1F913A806F04EF86C
:10054000002FE4D0D9F80830BB42E0D8AB1C4546B8
:10055000984610A806F042F80DA806F03FF8754B33
:10056000039A1B6801329342039205DD029B183304
:100570000293039B052B9FD108EB88056D00ADB25C
:100580006F4E7048002305F10C020093194612B219
:100590003360C82302F054FF6B4910A805F0E4FE55
:1005A0006A498B68002B4CD169490DA805F0DCFE27
:1005B0000DA910A806F006F90746624801218146F8
:1005C000103503F0A1FC0022ADB262614FF0020AC7
:1005D00002E00A35ADB2324602F12006B8F1100F42
:1005E0003346394613A812DCA4F810A0658206F041
:1005F000EDF913A9484605F071F913A808F10108AF
:1006000005F0ECFF002EE4D0BB68B342E1D80DA8A2
:1006100005F0E4FF10A805F0E1FF06F013FB4D4BD9
:100620001B68984211D2FDF799FC17B0BDE8F08F16
:10063000029910A805F0BEFE56E73E467CE6374616
:1006400032E60DA805F0B6FEB2E7FDF70DFDFDF7A9
:1006500085FC17B0BDE8F08FDFF8E8903E4905EB68
:10066000850610A8760005F07FFE10360121484669
:1006700003F04AFCB6B267613A464FF0020A03E063
:100680000A36B6B245463A4602F12007102D3B46DF
:1006900010A913A805F1010810D8A4F810A06682CB
:1006A00006F094F913A9484605F018F913A805F0C7
:1006B00095FF129BBB42E3D805F1020810A805F094
:1006C0008DFF59E7254904A805F04EFE04AA41F222
:1006D000883323492348FCF7ABFC002840F0CA804C
:1006E00007A82049FDF750F9099B002B40F0138122
:1006F0001D49DFF850B010A805F036FE1B4B0A224A
:1007000019680DA805F0DAFE0DA910A806F05AF830
:10071000174906F083F806EB860581460121584605
:100720006D0003F0F1FB10350022ADB262614FF0B5
:10073000020A23E01492002054910020D8E4030020
:1007400018920020247800203CE50300E492002069
:1007500048E50300F092002034E50300F0E20300D6
:10076000DCE403001C92002000E50300206100206F
:100770000CE503000A35ADB242463E4602F12008C0
:10078000102E4346494613A806F1010770D8A4F875
:1007900010A0658206F01AF913A9584605F09EF8D4
:1007A00013A805F01BFFD9F808304345E2D80DA87F
:1007B00005F014FF10A805F011FF7A49DFF8FCB12D
:1007C0000DA805F0D1FD784B0A2219680AA805F09A
:1007D00075FE0AA90DA805F0F5FF744906F01EF88C
:1007E000734B0A221968054610A805F067FE10A988
:1007F000284605F0E7FF07EB8706814601215846AA
:10080000760003F081FB10360022B6B262614FF031
:10081000020A03E00A36B6B22F46424602F1200829
:10082000102F4346494613A807F1010510D8A4F834
:1008300010A0668206F0CAF813A9584605F04EF8D3
:1008400013A805F0CBFED9F808304345E2D8BD1C0B
:1008500010A805F0C3FE0AA805F0C0FE0DA805F01B
:10086000BDFE07A805F0BAFE04A805F0B7FEB8E57E
:1008700037469CE7222104A806F060F8051E80F2A6
:1008800088804FF0FF37AF427FF72AAF4949DFF842
:100890002C9110A805F068FD6A1C3B4604A90DA820
:1008A00006F094F80DA910A805F08CFF06EB86055C
:1008B0008046012148466D0003F026FB10350022DA
:1008C000ADB26261B4464FF0020A03E00A35ADB240
:1008D0003A46B44602F12007BCF1100F3B464146B0
:1008E00013A806F101065BD8A4F810A0658206F0F3
:1008F0006DF813A9484604F0F1FF13A805F06EFE49
:10090000D8F80830BB42E1D80DA805F067FE10A862
:1009100005F064FEE4E62849DFF8A09010A805F091
:1009200023FD07A910A805F04DFF06EB86058046BC
:10093000012148466D0003F0E7FA10350022ADB200
:100940006261B4464FF0020A03E00A35ADB23A469E
:10095000B44602F12007BCF1100F3B46414613A8F4
:1009600006F1010613D8A4F810A0658206F02EF84F
:1009700013A9484604F0B2FF13A805F02FFED8F8DB
:100980000830BB42E1D810A805F028FEB0E6664664
:10099000F9E76A1C222104A805F0E0FF074672E788
:1009A0006646B1E710E50300E09200201CE5030075
:1009B000DC920020E8E40300F4E403002478002043
:1009C0002DE9F04103687B4A7B498EB00446022042
:1009D000FCF70CF979490BA805F0C6FC0BA92046D9
:1009E00005F080FF05460BA805F0F8FDF5B1744C45
:1009F0002368033B012B13D9FDF712FF0BAA08A9AB
:100A00007048FCF70BFD38BB2368012B2DD006F096
:100A100019F96D4B1B68984205D3FDF725FB02E0E1
:100A20006A4B01221A700EB0BDE8F08168490BA82C
:100A300005F09AFC0BA9204605F054FF05460BA8CB
:100A400005F0CCFD002D2DD0624C2368B3B1012BF5
:100A5000E9D1FEF789FFE6E75F4B0B9A1A6023683E
:100A60005E4908980860012BD1D15D4B4FF47A7232
:100A70001A60FEF709F90EB0BDE8F08159490BA8DC
:100A800005F072FC01230BA95748236005F0AEFD69
:100A90004B4B06221A60FEF7B9FF0BA805F09EFD2E
:100AA0002368D4E751490BA805F05EFC0BA920464A
:100AB00005F018FF05460BA805F090FDD5B12221E1
:100AC000204605F03BFF051E46DA4FF0FF36AE42EA
:100AD000A9DD013521460BA82A46334605F076FFED
:100AE00041490BA805F0CAFE00283CD00BA805F030
:100AF00075FD98E73E490BA805F036FC0BA920468A
:100B000005F0F0FE05460BA805F068FDADB93949C2
:100B100005A805F029FC05A9204605F0E3FE0028FC
:100B200037D005A805F05AFD2A4B1B68002B3FF46F
:100B30007AAF3148FFF736F975E7264B03221A6082
:100B400006F080F81E4B2D4A1B681060062B7FF4C0
:100B50006AAFFEF75BFF66E76A1C2221204605F0BC
:100B6000FDFE0646B3E70BA805F038FD33462A46DE
:100B700021460BA805F02AFF0BA91B4805F060FDD4
:100B80000BA805F02BFD0E4B1B68062B7FF44BAF1B
:100B9000DFE71B4908A805F0E7FB08A9204605F098
:100BA000A1FE78B308A805F019FD05A805F016FD0B
:100BB000BAE700BF60E40300FCE30300B4E1030014
:100BC000D49200201C920020F0920020409100203E
:100BD000A4E10300DC770020DC920020E0920020FA
:100BE000C8920020F0E20300CC770020ACE10300C3
:100BF00004E40300BCE1030030E40300D8770020E4
:100C000018E403007B490BA805F0AEFB0BA92046B6
:100C100005F068FE05460BA805F0E0FC08A805F005
:100C2000DDFC05A805F0DAFC002D7FF47DAF7249EC
:100C30000BA805F099FB0BA9204605F053FE0546CD
:100C40000BA805F0CBFC002D3FF4EDAEA3686B4F75
:100C500021460C2202A805F0B9FE02A805F0BEFF4D
:100C600002A8202105F09EFE3B68072B1D46A8BF69
:100C70000725002B804614DD614C05EB450304EB92
:100C8000C304A4F118063146204605F0AFFC013D2F
:100C9000A4F10C0104F10C0005F0A8FC3446002D71
:100CA000EFD1B8F1000F78DD4346002202A90BA86E
:100CB00005F08CFE0BA9534805F0C2FC0BA805F00B
:100CC0008DFC08F10102049B02A90BA805F07EFE31
:100CD0000BA94B4805F0B4FC0BA805F07FFC3B6862
:100CE000494A4A49072BDCBF01333B60136808A817
:100CF0000133136005F038FB4148FDF7F7FC00288D
:100D00005BD0014605A805F02FFB05A908A805F052
:100D100059FD064605F096FF3D4C3E4B00250E2240
:100D200000F57A67009201952A46204629461F6001
:100D3000C82302F099F92046012103F0E5F8314675
:100D40004FF0FF33344E63612A461F230BA8266100
:100D500005F03CFE0BA9204604F0C0FD0BA805F0F1
:100D60003DFCFDF7FBF805A805F038FC08A805F0E8
:100D700035FC2A4B93F90030012B30D0022B26D0C2
:100D8000274A284913680020062B08601AD0052B33
:100D90002DD002A805F022FC45E623490BA805F05A
:100DA000E3FA0BA9174805F04BFC0BA805F016FC5D
:100DB00002A90BA805F0FEFA8AE7114905A805F07B
:100DC000F9FAA2E701231360FDF75EFFE1E72A4687
:100DD0004FF47A7315491648FCF72AF9D0E72A46EA
:100DE0004FF47A7313491248FCF722F9C8E7FFF76A
:100DF000B3F9CEE720E40300DCE103001492002005
:100E00005491002060910020189200203CE40300DF
:100E100024780020F09200200400030041610020AB
:100E2000D4920020DC770020F0E203002CE30300E2
:100E30001C9200201CE303002DE9F04FB04D2B68FD
:100E4000013B8FB00446062B2FD8DFE813F00700D4
:100E500065009000DC00F00031004D00B52800F086
:100E6000AF82B62800F02B810D2800F06E8320F0B1
:100E70002003DAB2442A00F0CD844D2A00F0248306
:100E8000432A00F03784502A40F092859D4B1B681E
:100E9000002B0ADD9C4B9D4A1B6803EB830302EB8E
:100EA000C30303F10800FEF7E9FF0FB0BDE8F08FC0
:100EB000974D2B68012B00F06982B52800F04B8319
:100EC000B62800F06F81B72840F0B284914A1378B9
:100ED000072BEAD80133DBB219468F481370FCF7B1
:100EE000EBFCFEF793FDE0E70D2800F09481082865
:100EF00000F0D7801B2800F06983A0F13003092B94
:100F000000F26C85854883680F2BCED8214605F00A
:100F100037FCFFF729F8C8E7B62800F02383B52887
:100F200000F0888200F0DF03502B00F07081442B2A
:100F300000F01F83522B40F075857949794805F000
:100F400055FB7949794805F09DFB794B754800229E
:100F50001A60FDF7CBFB7449002818BF014675489D
:100F600005F090FB04232B60FEF734FA9DE708AFF1
:100F70007149384605F01EFA384605F013FE0A9B03
:100F8000002B40F03382002205920126002B40F016
:100F90003E820EAA02EB860201210E4442F8241C76
:100FA000002B40F014820EAB03EB8603022238467E
:100FB00043F8242C05F012FBB62C06F1010600F0D4
:100FC0000C81092C00F00681B52C00F011810D2C4C
:100FD00000F06383082C00F00D841B2C4AD0A4F190
:100FE00020035E2B3FF661AF53488368132B3FF617
:100FF0005CAF214605F0C4FB504B4FF0FF321A6046
:10100000FEF7E8F951E7494E0D28B36800F01D815D
:10101000B4286BD0B72840F0FD8245490A68934256
:101020007FF743AF01320A60FEF7D4F93DE71B2892
:101030002DD009282BD0A0F120035E2B40F2888010
:101040003F490BA805F090F91022214608A805F0A9
:1010500005FA08A90BA805F0B5FB0146394805F0CB
:10106000C5FA08A805F0BAFA0BA805F0B7FAFFF719
:1010700073F81AE7344B1A784AB100222A492E48ED
:101080001A7005F0FFFA2D4B4FF0FF321A602F4B0C
:101090001B7801222A60002B40F0C981FDF7F4FD86
:1010A00003E71E4CA16800293FF4FFAE013920463A
:1010B00005F0E6FCA368002B7FF42BAFE7E7114BAC
:1010C00011491B680A68013B934200F3248396236D
:1010D000522B00F0AC811B2C00F03784092C7FF4DC
:1010E000E4AE05232B60FFF737F8DEE6104A1368FD
:1010F000002B7FF7DAAE013B1360FEF76BF9D4E605
:10110000D49200203C910020D89200203C8C0020FA
:10111000DC770020266100201C920020147800203B
:10112000A492002008780020F0E20300E07700207D
:10113000EC770020FC770020F07700201C61002075
:101140007CE80300E4920020CC9200204091002033
:1011500008A8BD4905F008F9214605A805F052F98F
:1011600005A908A805F02EFBB84905F057FB102289
:10117000054621460BA805F071F90BA9284605F094
:1011800021FBB34905F04AFB0146B24805F02EFAAF
:101190000BA805F023FA05A805F020FA08A805F029
:1011A0001DFA64E7AC4A1378002B3FF47EAE013B96
:1011B000DBB21946A9481370FCF76AFBFEF726FC60
:1011C00073E60BA805F00AFA384605F007FAB62CC4
:1011D0007FF4F7AE002E3FF468AEA1490B680133EF
:1011E00093FBF6F206FB12360E60FEF7F3F85CE6B0
:1011F000002E3FF45AAE9A4C2368002BD4BF06F160
:10120000FF3303F1FF332360FEF7E4F84DE6954822
:10121000FEF734FE49E6944EB368022B7FF645AEE6
:101220000BAC20463146FDF711FA9049304605F0E7
:1012300029FA2046FEF722FE8D4B1B68002B00F09A
:101240000283204605F0CAF92FE6002B7FF72DAE6A
:1012500008AF8849DFF84882DFF868A2DFF860B29B
:10126000384605F081F805F0EDFC4FF000090E233B
:1012700000F57A644A46404649460093CDF804900A
:10128000C823CAF8004001F0EFFE4046012102F0F9
:101290003BFE0BAC4FF0FF32774BC8F814203946B9
:1012A0004A462046C8F810301F2305F08FFB214620
:1012B000404604F013FB204605F090F9FCF74EFE83
:1012C000384605F08BF9594632466448FBF782FFF1
:1012D000DBF80030002800F0CA81684A00926849B3
:1012E000684A0220FBF782FC6049584605F0CAF9BB
:1012F0005E49304605F0C6F95C49634805F0C2F91D
:101300005A49624805F0BEF9614B624A62491B784E
:10131000C2F800904FF47A70012208602A600BB185
:10132000FDF77EFAFDF7B0FC5C49384605F01CF885
:1013300005F088FC00250E2300F57A602A46294630
:1013400001950093CAF80000C823554801F08CFEAF
:101350000121534802F0D8FD2A464FF0FF33464D95
:10136000C8F8143039461F232046C8F8105005F03D
:101370002DFB21464A4804F0B1FA204605F02EF92B
:10138000FCF7ECFD384605F029F98EE50D2800F054
:10139000C8811B2804D000F0DF04482C7FF485AD01
:1013A000404B93F90030012B00F0AE82022B00F08D
:1013B0007E822A48FCF75CFA3B48FEF7F3FC74E5B2
:1013C0003A4A1368002B00F3FC80952380E63849E5
:1013D0000BA804F0C9FF39460BA805F083FA0028D2
:1013E0003FF4EFAE0BA805F0F9F8DCE531490BA8A6
:1013F00004F0BAFF39460BA805F074FA06460BA8AC
:10140000002E40F0D58005F0E9F80A9BBEE52A4998
:101410000BA804F0A9FF39460BA805F063FA0028D1
:1014200040F0CA800BA805F0D9F80A9BB8E5FDF793
:10143000F7F933E6214A1368002B7FF736AD013BFD
:101440001360FDF75BFE30E56CE8030070E8030015
:1014500078E80300E4920020406100201C92002004
:101460001C610020A492002014780020F0E2030008
:10147000DC77002034E80300040003004CE40300A0
:10148000B4E8030084E80300F0770020FC77002034
:1014900040910020EC770020C892002000E8030073
:1014A00024780020416100205CE80300D8920020ED
:1014B00074E6030068E6030070E60300D0920020A3
:1014C00008780020F0920020A94EAA4AB3680024B0
:1014D0001470002B7FD0A84B9B68002B40F0BD817F
:1014E00003232B60FDF776FFA44908A804F03CFF16
:1014F00005F0A8FBA24CA34B00250E2100F57A664F
:101500002A4601950091204629461E60C82301F015
:10151000ABFD2046012102F0F7FC2A464FF0FF33D5
:10152000994D636108A90BA81F23256105F04EFAA8
:101530000BA9204604F0D2F90BA805F04FF8FCF7F0
:101540000DFD08A805F04AF8AFE4904B1B68002B8E
:101550006FDC0346BCE58E4A1378042B3FF6A5AC3E
:10156000013325E68B4A136801331360FDF7C6FD8E
:101570009BE4894B89481C68E1B2FBF73BFF884933
:10158000884B894A00280CBF08461846009023461D
:1015900086490220FBF72AFBFDF742F9844B1B78B2
:1015A0000BB1FCF7AFFE01232B60FDF76DFB7CE474
:1015B00005F014F80A9BE6E40BA805F00FF80A9B67
:1015C000E7E4013B1360FDF75FFB6EE479497A487D
:1015D00005F058F85BE5794CA768002F80D1754974
:1015E000654805F04FF83046724905F04BF8204643
:1015F000704905F047F86F49714805F043F87149A3
:10160000714A4FF0FF300323086017602B60FDF72D
:10161000E1FE4AE4B52840F0E6816B4A1368002BEE
:101620007FF743AC203B23EAE3731360FDF7D2FE60
:101630003BE4664E664C336803EB830354F8330097
:10164000FDF7FAFC00283FF430AC336803EB83036A
:1016500004EBC30423792BB15E4A13680021013BDC
:101660001360217102232B60FDF748FD1DE44C4AF5
:1016700000924E49584A0220FBF7B8FA574B584996
:101680001B784FF47A70012208602A60002B40F02A
:101690004381FDF7F9FA534947E6DFF8D88098F817
:1016A0000040002C40F00B81464F3B689E4200F208
:1016B000368142498B68022B7FF6F7AB0BA8FCF70B
:1016C000C5FF0BA92C4804F0BBFF0BA804F086FF54
:1016D0002948FDF70BF83749002818BF014638485C
:1016E00004F0D0FF384A042314602B60FDF772FE2B
:1016F000FFF7DBBB1F4B2F49304801221A7004F063
:10170000C1FF304A4FF0FF31032311602B60FDF71A
:1017100061FEFFF7CABB01320A60FDF7B5FAFFF7B9
:10172000C4BB314B93F90030012B00F02181022B17
:1017300000F0168103211948FCF7D2F81748FCF78E
:101740008FF800283FF4B1AB03232B6005F07AFA41
:10175000264A0F4B106019781048FCF799F8244B73
:101760000E481978FCF7A8F8FEF750F9FFF79DBB73
:10177000E0770020CC9200200878002024E80300C5
:1017800024780020F0920020040003003C91002007
:1017900040610020D0920020286100201C9200208F
:1017A00058E503004CE4030050E40300B4E80300F0
:1017B00094920020F0E2030014780020F0770020DB
:1017C000FC7700201C610020EC770020D8920020DC
:1017D0003C8C0020F892002084E803004091002017
:1017E000C892002008E8030041610020D87700205B
:1017F00026610020A248816800293FF456AB0139D8
:1018000005F03EF99F4B4FF0FF321A60FDF7E2FD05
:10181000FFF74BBB9C4B1B68002B7FF75CAC9B4BD3
:101820009B4A1B689B4803EB830352F83340A3E6B3
:10183000B42840F0E880984A1378002B3FF435AB89
:10184000013BFFF748BB954B1B7801222A600BB187
:10185000FCF7E6FFFDF718FAF3E404232B60FDF72D
:10186000B9FD8F498F4D08A804F07EFD05F0EAF917
:101870008D4901940E2300F57A662246009328468E
:10188000C8230E60214601F0EFFB2846012102F03B
:101890003BFB22464FF0FF33844C6B6108A90BA839
:1018A0001F232C6105F092F80BA9284642E64FF45D
:1018B0007A7300227E497748FBF7BAFB79E5714CD1
:1018C0007C49384604F050FD2368B34263D36C4929
:1018D0008B68022B54D80A9B002B3FF453AD002396
:1018E0007449674888F8003004F0CCFE4FF0FF33AD
:1018F00038462360FEF7C2FA6F4B1B68002B7FF45B
:1019000041ADFDF787FB3DE54FF47A7300226B494B
:101910006048FBF78DFB4CE5FCF782FFB9E60EAAA9
:1019200002EB8303664E53F8243C664856F83310A6
:1019300004F0A8FE3B6864480EAA02EB830353F848
:10194000243C06EBC3067168CAE6504B1A68002AAD
:101950007FF7ABAA00221A60FDF796F9FFF7A5BA48
:101960004FF47A73002252494A48FBF761FBE1E6E3
:101970004FF47A73002251494648FBF759FBD9E6E8
:101980000BA8FCF763FE0BA9384604F059FE0BA820
:1019900004F024FE9FE70EAA02EB8303484A53F8A3
:1019A000243C02EBC3033846596804F06BFE92E70F
:1019B000A0F13002092A3FF68BAB01460BA804F0D8
:1019C00021FD0BA9414804F03BFE0BA804F006FEE4
:1019D00007232B60FEF7C8FAFFF767BA2B283FF4FE
:1019E00091AAFFF762BAB62824D139490A6893420E
:1019F0007FF75BAA20329342A8BF13460B60FDF726
:101A0000E9FCFFF752BA1B2804D000F0DF04482C91
:101A10007FF44BAA1F48FBF72BFF2E48FEF7C2F9B5
:101A2000FFF743BA1B283FF432AB09283FF42FAB32
:101A3000FFF73BBA082810D1254C216800297FF711
:101A400034AA01393046012205F022F82368013B0F
:101A50002360FDF7BFFCFFF728BA1B2840D10F4BCE
:101A60001D491B784FF47A70012208602A600BB17F
:101A7000FCF7D6FEFDF708F908A8184936E500BFBF
:101A8000F07700201C6100203C910020D8920020BB
:101A90003C8C00201C9200202661002040910020F8
:101AA00024E8030024780020F092002004000300C2
:101AB0002CE30300F0E20300DC7700201CE30300CA
:101AC000F0E80300FC77002008780020147800205C
:101AD000EC77002030E40300C892002040E80300C7
:101AE000A0F120025E2A3FF6E0A99F2B3FF7DDA977
:101AF0001A4D00222B6802A8314604F067FF02A9A4
:101B000008A804F057FC214605A804F07BFC05A9B1
:101B100008A804F057FEB3682A68044631460BA8AB
:101B200004F054FF0BA9204604F04CFE0146304659
:101B300004F05CFD0BA804F051FD05A804F04EFD77
:101B400008A804F04BFD02A804F048FD2B680133FF
:101B50002B60FDF73FFCFFF7A8B900BFEC77002032
:101B60002DE9F04F064891B04FF4E1310446F4F707
:101B700015FD05F067F840F6B73605460BE000BFE7
:101B80005463002005F05EF8401BB0424FF00A009D
:101B900006D805F063F82046F4F71EFD0028F1D0C2
:101BA000C549C648C64CC74E03F06AFFC649C3487C
:101BB00003F066FFC549C14803F062FFC449BF484E
:101BC00003F05EFFC349BD4803F05AFFC249BB485A
:101BD00003F056FFC14801F08BF800250127C04BE8
:101BE0000D938DF839708DF838500DF1340898E860
:101BF0000C00BA4904F1240002F0EAFB294604F182
:101C0000240002F0BFFA41F2EC3341F2F43041F229
:101C1000FA3241F2FE31E5544FF0C80904F5A05301
:101C20002552A55024F8019062891A802946204641
:101C300001F0B4F941F28832FF2104F1640009F0A7
:101C400021F920460221E57602F05EF9A54BA6496E
:101C500023616561204603F047FEA44B23613946AA
:101C6000204602F051F9A249204603F03DFEA1486A
:101C700000F078FE5F219F4800F022FF9D4800F0B1
:101C80002BFFB0F1000A0CBF3B462B46337040F0EF
:101C900049824FF6FF710C224B46CDE900212046C8
:101CA0004B22514601F0E0F93946204602F02CF96A
:101CB000914B9249C4F814A02046236103F014FE0E
:101CC0008F49C4F814A0204603F00EFE8D4A8E49B9
:101CD000884D022041F2F83BFAF788FF8B4934F92E
:101CE0000B30019300274FF0C80AA1F140003B469A
:101CF0003A46CDE903770297CDF800A003F09EF8AD
:101D000083483946A0F1240902F08EFD34F90B30E6
:101D1000029709F164013A46A1F14000CDE900A320
:101D2000CDE903773B4603F089F809F1240002F07E
:101D3000B7FC784B784A1F703378176083BB4FF439
:101D40007A7004F08BFF5F21284600F0B9FE284628
:101D500000F0C2FE071E0CBF012300233370EED13A
:101D60000C234FF6FF72CDE9003239464B22C823CF
:101D7000484601F079F90121484602F0C5F85E4B6A
:101D800023615E496761484603F0AEFD5C496761C7
:101D9000484603F0A9FDFCF7E1F83378002BCED0DC
:101DA0005E4A5F495F4DDFF8A8910220FAF71EFFF7
:101DB0000C234FF6FF72CDE9003200215922C823CF
:101DC0003F4801F051F901213D4802F09DF80026FD
:101DD000554B236155496661394803F085FD5449E7
:101DE0006661374803F080FD52496661344803F06C
:101DF0007BFD5149324803F077FDFCF7AFF82E78B0
:101E00000F27032304224FF4E13148462EB9FBF794
:101E10003FF82870002800F0D0800C234FF6FF72A6
:101E2000CDE9003200215922C823254801F01CF9D0
:101E30000121234802F068F83B4B30492048002636
:101E4000C4E9043603F050FD39491D48666103F0CA
:101E50004BFD2B78002B40F0E380FCF77FF840F639
:101E6000C41004F0FBFEFF2141F288322748334DB5
:101E700009F008F8324B01271F60FCF705FF2968BD
:101E8000002940F3978007AE0A22304604F016FB83
:101E900031460AA804F08EFA2A490AA804F0BEFCCA
:101EA000294A2A4B2968B942D4BF1146194604F081
:101EB000B5FC81464EE000BFACE503005463002052
:101EC0002478002048910020B8E50300F4E50300E1
:101ED00014E603003CE6030054E60300288C0020CF
:101EE00000093D002E001E0020E9030055003600C9
:101EF000E8E80300FC92002018004C009CE6030078
:101F00002CE9030078E6030088E6030088780020C7
:101F10004878002020780020C892002038E903008B
:101F200044E903009492002018005A00A4E603003C
:101F30009CE10300D8E403004CE90300F892002080
:101F4000D492002074E90300F0E20300D4E003001F
:101F50001C92002004F076FEDFF848C300250E2313
:101F600000F57A60CCF800002A46294601950093D6
:101F7000B448C82301F078F83946B24801F0C4FFEC
:101F80002A464FF0FF33B04D636149461F23404658
:101F9000256104F01BFD4146AA4803F09FFC404622
:101FA00004F01CFBFBF7DAFF0AA804F017FB30462D
:101FB00004F014FB11B0BDE8F08F4FF4FA6004F0A8
:101FC0004DFE013F2E787FF41CAF002E7FF425AF2D
:101FD0000C234FF6FF72CDE9003231465922C82357
:101FE000984801F041F80121964801F08DFF974B88
:101FF00097499448C4E9043603F076FC9549914822
:10200000666103F071FC94498E48666103F06CFCD4
:1020100092498C4803F068FC2B78002B3FF41DAFED
:1020200007AE8F49304604F09FF9324641F28833BB
:102030008C498D48FAF7FCFF0746002840F097804E
:102040000C234FF6FF72CDE900320146C823672208
:102050007C4801F009F801217A4801F055FF834BD3
:102060007B49C4E90437774803F03EFC00236361F1
:102070007F49744803F038FC7949304604F002FB8C
:1020800041F2883332467B497748FAF7D1FF00287E
:1020900040F098800C234FF6FF72CDE9003200210A
:1020A0007522C823674800F0DFFF0121654801F071
:1020B0002BFF714B664963484FF00009C4E90439AE
:1020C00003F012FC6D495F48C4F8149003F00CFC57
:1020D00061495C48C4F8149003F006FC684959480B
:1020E00003F002FCDFF880914846FBF7C9FB484645
:1020F000FBF768F82B78634AC9F804200BB1FCF7AA
:1021000001F9FCF78DFB304604F068FAFBF726FF77
:102110002B78002B53D0002F40F6C41018BF4FF47B
:1021200048709EE64FF6FF710C224B46CDE9002128
:1021300020464B22294600F097FF3946204601F001
:10214000E3FE514B236142496561204603F0CCFB1D
:102150004E496561204603F0C7FB3F496561204653
:1021600003F0C2FB4A49204603F0BEFBAEE54949F5
:10217000404604F0F9F84146304604F001FC81463F
:10218000404604F02BFA0C234FF6FF72CDE90032E3
:102190000021C82367222B4800F066FF012129484F
:1021A00001F0B2FE314B2A4A2361B9F1000F4FF022
:1021B000000339496361BCBF1F46114653E740F62F
:1021C000C4104EE635490AA804F0CEF80AA93046F4
:1021D00004F0D6FB002821DB0AA804F0FFF90C2349
:1021E0004FF6FF72CDE9003200217522C823154851
:1021F00000F03AFF0121134801F086FE1E4B2649EC
:1022000010484FF00009C4E9043903F06DFB1B4985
:10221000C4F814900B4803F067FB63E7204940467D
:1022200004F0A2F84146304604F0AAFB814640463D
:1022300004F0D4F90AA804F0D1F9B9F1000FCEDA0C
:1022400028E700BF247800200400030018005A008B
:10225000A4E603009CE10300D8E4030094E9030032
:10226000F0E203007CE503001C92002018006800E7
:1022700060E9030088E5030018007600A8E9030080
:10228000B0E90300C109030018004C002CE9030069
:1022900084E9030058E903009CE603006CE90300AD
:1022A00070E90300F0920020F0B593B00223009390
:1022B0000622092398499948994C9A4F9A4E00F062
:1022C000E5FC102300930A2205230B2102A802F04B
:1022D00033FAC8221146204601F0B2F90CAB93E85C
:1022E0000300039A914B2360A2629DF810309DF881
:1022F000112084F82C3084F82D209DF812309DF8A0
:10230000132084F82E3084F82F20059B069A23632F
:102310006263079BBDF82020A363A287099B9DF8F9
:102320002820236484F844209DF829300B9A84F8EF
:102330004530A26404F14C039DF8382083E8030083
:1023400084F854209DF83A0084F856009DF83B002C
:1023500084F857009DF83C0084F858009DF83D0033
:1023600084F85900BDF83E00A4F85A001098B4F95A
:102370000A20E0656E4B11989DF8391020666D4873
:1023800084F85510D51783FB0213606241F2F830D0
:10239000C821C5EBA313215201FB132541F2F630EE
:1023A000002DC8BF013304F5A055235241F2EF3090
:1023B00000232A8041F2EE32235441F2EC30A35440
:1023C00041F2F432235441F2FA30A35241F2FC328A
:1023D000235241F2FE30A352574A215207F108001E
:1023E0005149C7E9002303F0BFFF07F1140407F1C7
:1023F0007405204631460C3403F0B6FFAC42F8D1E8
:102400000025A7F874504D4A4D4946484D4C464E5C
:1024100007F00AFF04F5A0673146204603F0A4FF49
:1024200004F10C00314603F09FFF283444F8105C9F
:1024300024F80C5CBC42EFD13B4D404A4249434C2E
:10244000002007F0F1FE2946414803F08DFF2946A0
:10245000404803F089FF29463F4803F085FF29469D
:102460003E4803F081FF354A3D49394807F0DCFE1C
:1024700029463C4803F078FF304A3B49394807F089
:10248000D3FE2946394803F06FFF2C4A36493748B6
:1024900007F0CAFE2946364803F066FF274A32494C
:1024A000334807F0C1FE2946324803F05DFF234A56
:1024B0002D49304807F0B8FE29462F4803F054FF55
:1024C0001E4A29492C4807F0AFFE04F1C0062946F0
:1024D000204603F049FF04F10C002946183403F0AC
:1024E00043FFA642F3D1154A2449002007F09CFE81
:1024F0000D49234803F038FF104A1B49204807F0D4
:1025000093FE09491F4803F02FFF0C4A16491D4846
:1025100007F08AFE13B0F0BD00300240288C002086
:10252000247800201C920020F0E2030040E2030027
:102530001F85EB51B8F0030060A30020006000206D
:10254000F1DE0200448C002015DF020054910020CF
:1025500098920020A4920020B0920020BC9200200B
:10256000CDDE020008780020DD650300E077002062
:10257000F0770020FC770020E492002039DF020091
:10258000CC77002014780020F0B52D4C2368DB07B1
:1025900085B048D52B4D2C4E2C4F2846F3F7A8FE7E
:1025A00098B12846F3F7CAFEC4B20D2C0FD00A2CFE
:1025B0000DD0082CB3681ED07F2C1CD0C72B1BD984
:1025C0002846F3F795FE0028EBD105B0F0BD28466C
:1025D00003F03CFA314601A803F0ECFE01A804F038
:1025E000FDFA039B8BB901A803F0F8FF394630468A
:1025F00004F048F8D1E763B92146284603F086F98C
:102600002146304604F0BCF8C7E701A8FBF73AFFC3
:10261000E9E70F49284603F067F9B1683046013908
:1026200004F02EFAB9E70949074803F09DFE01239B
:10263000084A09490448236007F0F6FDAAE700BFED
:10264000B077002054630020B4770020F0E203004C
:102650009CE2030000600020DD6503002DE9F041ED
:10266000814C23788CB0002B00F0A2807F4E804DEF
:1026700004F0E8FA2B68C01A41F28733984200F25E
:102680008D8004F0DFFA7B4C3368227898422CBFAF
:102690000025012512B1984280F0D580764B257037
:1026A0001B68032B24D0754C2378002B33D1744B3B
:1026B0001B7853B97348FAF739FCFFF765FF0A2016
:1026C00004F0CCFA0CB0BDE8F08101225F216E4825
:1026D00000F0ACF96C4800F0F1F80028EAD06A4844
:1026E00000F0F0F8C0B20028E4D0FEF7A5FBE1E767
:1026F000664B1B68062BD6D1654C04F0A3FA236801
:1027000042F20F72C01A9042CDD904F09BFA2060B9
:10271000FDF77CF9C7E704F095FA5E4B1B6840F6BD
:10272000C312C01A9042C2D95B4E5C4A5C49022077
:1027300041F2F838FAF75AFA5A4A59490220002564
:10274000FAF754FAC82736F9083001932A462B467F
:1027500006F1640106F12400CDE9035502950097C6
:1027600002F06CFB294606F1240002F05DF836F910
:1027700008300295CDE900732A462B4606F1640124
:1027800006F12400CDE9035502F058FB06F12400C0
:1027900001F086FF444B25701D6088E704F052FA73
:1027A00023782860002B3FF46CAFFBF7ABFD68E7A4
:1027B000344D2846FAF7B2FB207000283FF456AF9C
:1027C0002846FBF75DF82846FAF7FCFC2378374AE1
:1027D0006A60002B42D1FCF723F82C4B1B68012BBD
:1027E0003FD033492C4D214E06A803F0BDFD04F027
:1027F00029FA002700F57A6C0E2301973A460093D8
:102800002846C6F800C03946C82300F02DFC2846EB
:10281000012101F079FB3A464FF0FF33254F6B6100
:1028200006A91F2309A82F6104F0D0F809A928469A
:1028300003F054F809A803F0D1FEFBF78FFB06A8BC
:1028400003F0CCFE13E704F0FDF93368984202D29E
:10285000FBF784FB22E7FBF707FCF9E7FBF752FDE8
:10286000B9E7FCF711FABCE794920020F09200203F
:10287000C0770020C4770020DC770020207800207B
:10288000489100201C920020FC920020D49200204D
:10289000C87700204C9100202478002018E903001C
:1028A00088E6030078E60300C8920020C10903000F
:1028B00008E9030004000300704700BF203003F064
:1028C00065B900BF203003F04FB900BF203003F0DE
:1028D00067B900BF38B5437F0BB9002038BD00F69B
:1028E000280420460D4603F065F90028F5D120465E
:1028F000294603F021F9012038BD00BF2DE9F0473A
:102900005AB30646DFF8588033681B684D1E4345AE
:1029100017464FF0000400F6280915F801AF16D14C
:10292000737F13B92046BDE8F087484603F042F9AB
:102930000028F7D15146484603F0FEF80134A7427B
:10294000F0D0336815F801AF1B684345E8D0514615
:10295000304698470028F1D1E4E71446E2E700BF8B
:10296000D528030010B4837E1F2B4FF0010288BFCF
:1029700003F01F03C27603F5E0738CBF284A4FF0C3
:10298000A04240F20C6142F82310437E1F2B86BF09
:1029900003F01F03224A4FF0A04203F5E07340F218
:1029A0000C6142F8231003694FF0CC72C3F8242560
:1029B00003690622C3F800250369827EC3F808254F
:1029C0000369427EC3F80C2590F91830002B14DA05
:1029D000144A03F00F031A446023137690F9183059
:1029E000002B07DB104903F01F0001225B09824026
:1029F00041F823205DF8044B70475909603103F01A
:102A00001F030124084A04FA03F342F8213090F925
:102A10001830002BDCDB1344602283F80023DDE751
:102A200000030050FCEC00E000E100E00AB91046B1
:102A30007047F8B5054600F12007384614460E46A3
:102A400003F08CF82B69C3F888652A6901231362A7
:102A50002A69C2F834752A69C2F838452A691360B0
:102A60002B6902E0D3F824211AB9D3F84C21002AAB
:102A7000F8D00022C3F84C212B6902E0D3F82421BE
:102A80001AB9D3F85C21002AF8D00022C3F85C21DF
:102A90002B6901225A612A69D2F80431002BFBD03C
:102AA0000021C2F804112B69D3F8242112B1C3F814
:102AB00024112B69D3F83C05C5F82008C0B2F8BD35
:102AC00010B541F23003044600F62800E15403F04B
:102AD00045F80123637710BD70B541F230030269F8
:102AE000C15C00234377C2F888150269C2F804313B
:102AF000036901261E62036900F628050446C3F82F
:102B00004455284603F042F82369C3F84805236971
:102B10009E60236902E0D3F824211AB9D3F850212A
:102B2000002AF8D00022C3F85021284603F02EF8DE
:102B3000236918BB0022C3F86021236901225A616E
:102B40002269D2F80431002BFBD00021C2F8041115
:102B50002369D3F8240160B1C3F824112369D3F8A1
:102B6000C404C3F8C404022803D0042814BF0420FA
:102B7000032070BDD3F82421002ADBD1D3F86021D3
:102B8000002AF7D0D6E700BF70B52B4C6369D3F8A5
:102B90006421002A3DD1D3F86821F2B9D3F8042189
:102BA00072B1227F0021C3F804114AB141F2380208
:102BB000D3F83C05A258C4F820080AB190476369CD
:102BC000D3F8242142B10022C3F82421D3F8D02421
:102BD000C3F8D02401225A6170BD0022C3F86821D5
:102BE000164822770123637702F0B8FF41F23403DD
:102BF000E35803B1984763691048C3F844050023BC
:102C0000637702F0C3FF63690122C3F848055A6382
:102C1000C4E7002204F12006C3F8642101253046F0
:102C2000257702F09BFF63694FF40062C3F83465B7
:102C3000C3F838251D63AEE7FC920020249B0020DA
:102C400038B50E4C0E4A20464FF47A7340F8202BCC
:102C50000025C4E9015302F063FF04F6280002F0E6
:102C60005FFF084A084B6577D2E9072103202076E9
:102C70006176A276C4E9043338BD00BFFC9200201F
:102C8000F8E903000CF103000030004070B50024A7
:102C900044749DF81050C9B10F4E0160B142846078
:102CA00012D00E4CA14204BF012101710C4951F810
:102CB0002220027351F82330837351F82530437377
:102CC0000023C373037470BD0471EFE7054B064A1C
:102CD0000648242107F0FCFF0030024000F00240CB
:102CE0000CF1030014EA03007CEA030024EA030069
:102CF000437C03B1704730B5012285B04274032193
:102D0000FF22019304468DF803208DF806208DF8EC
:102D10000510827B417B8DF800204FF080451A46DC
:102D200002958DF80110057BC37369460374039304
:102D30008DF8025006F0DEFBA37B1F2B86BF03F04D
:102D40001F030C4A4FF0A04203F5E07340F201313B
:102D500042F82310637B1F2B86BF03F01F03054936
:102D60004FF0A04103F5E07340F2033241F8232015
:102D700005B030BD0003005010B5044606F002FD5A
:102D80000023637410BD00BF10B483B002AB03E92D
:102D900006009DF805309DF80410026813F1FF331A
:102DA00018BF012300240229C2F800451C46037401
:102DB000C17332D003292DD0012925D0224B00998F
:102DC000B3FBF1F3B3F5007FC2F854451FD2FF2BDC
:102DD0000FD87F2B24D83F2B25D81F2B26D80F2B7D
:102DE00027D8072B02D819498A4225D04FF0004135
:102DF00001E04FF080610723C2F82415C2F80035C6
:102E000003B05DF8044B704743F00204D6E74FF07F
:102E10000071F0E743F00604D0E743F00404CDE787
:102E20004FF00061E7E74FF08051E4E74FF00051C9
:102E3000E1E74FF08041DEE7042B34BF4FF0A051B3
:102E40004FF02061D7E700BF0090D00300F00240B0
:102E500003680022C3F80025704700BF002B3AD05A
:102E60002DE9F047814684B00D4617461E464FF6C1
:102E7000FF784FF0000A4645344628BF4446002DEF
:102E800014BF2346002300950297361B01938FB190
:102E9000002269464846039406F0D6FC05B1254455
:102EA0002744002EE7D104B0BDE8F087CDE90055F6
:102EB0000295361B002269464846CDF80CA006F064
:102EC000C3FC4DB94645344628BF4446002EEDD1DB
:102ED00004B0BDE8F08770472544002ECBD1E2E76F
:102EE00010B586B006AB012403F8111D002202A91B
:102EF0000293CDE90343059406F0A6FC9DF8070074
:102F000006B010BD70B41049104A1148114BD56875
:102F1000946808601069D66C0D738C730125946CED
:102F20004873106D0D7100220B4D1E739C73587306
:102F3000CA730A741A71DA731A741D604A748A604B
:102F40005A749A6070BC704738A300200CF10300DB
:102F500000F002404CA3002000300240704700BF48
:102F600010B404682469A4465DF8044B604700BFB0
:102F700030B40468BDF808500295A46BA44630BC78
:102F8000604700BF30B40468BDF808500295E46B98
:102F9000A44630BC604700BF704700BF01F003018A
:102FA00001298176B0F90830B0F90A2004D003294C
:102FB00002D08381C28170478281C381704700BF84
:102FC0002DE9F04385B0994204460768BDF93060A9
:102FD000BDF8348023D0B2421D4611D07B69DFF8A2
:102FE00084904B4536D1CDE900682B46BE6A204619
:102FF000B0472368DB6A4B4527D105B0BDE8F083B5
:1030000099421FDDCDF830800131FE6B4B1B1BB2A6
:1030100029462046B44605B0BDE8F0436047B242B9
:103020000CDDCDF83080531CBD6B9B1B1BB23246B0
:103030002046AC4605B0BDE8F0436047334616462F
:103040001A46EEE70D461946DCE7204605B0BDE816
:10305000F0431847CDE9021298472768DDE90212CC
:10306000C1E700BF5D2F03002DE9F04FD0F800C08D
:103070001F46DCF814601A4B83B09E420546BDF92A
:103080003090BDF834A00C4690461FD12744BC4276
:1030900014DADFF850B0DCF82060CDF800A05E450F
:1030A00021464B464246284601D1DCF838600134BF
:1030B00024B2B047BC42D5F800C0ECDBDCF82C30C1
:1030C000074A934206D103B0BDE8F08FB047D5F868
:1030D00000C0DBE7284603B0BDE8F04F184700BF4B
:1030E0005D2F0300712F03002DE9F04FD0F800C0D1
:1030F0001D46DCF814A02D4B83B09A450446BDF95B
:103100003090BDF834708846164641D1DCF824B0C2
:10311000DFF89CA00097D34508BFDCF83CB02B46F5
:10312000324641462046D8472368D3F824B000975A
:1031300009F1FF323244D34512B232D1D3F83CA068
:1031400041462B462046D0472368DFF868A0D3F8D5
:1031500020B00097D34508BFD3F838B032464B466D
:1031600041462046D8472368691E1D6A0097554589
:10317000414408BF9D6B32464B4609B22046A847E2
:1031800023680A4ADB6A934206D103B0BDE8F08F98
:10319000D047D4F800C0B9E7204603B0BDE8F04FEF
:1031A00018472B4641462046D847CDE75D2F030000
:1031B000852F0300712F03002DE9F04F85B01E46C7
:1031C000BDF93850BDF83CA0AB1A002B9046A6EBD9
:1031D0000102B8BF5B42002AB8BF52429342074681
:1031E00079DCAE464446AC4640463546884676468F
:1031F00021469946A8455CDDA8EB0504A4B2A0EBE6
:103200000C0002944FF6FF7C24B204EBD47480EAE5
:10321000E079B142C8BF4FF0010CA9EBE07964102E
:10322000CDF80CC09342304B01931FFA89F933DC7F
:10323000D7F800C0019BDCF818B09B4529465346DF
:1032400008BFDCF810B0A4EB090432463846D84772
:10325000A3B21CB20135002C2DB205DA039A164434
:10326000029AD41836B224B2A845E1DA05B0BDE816
:10327000F08FDCF810B0D847A4EB0904A3B21CB25D
:103280000135002C2DB205DA039A1644029A9C18D7
:1032900036B224B24545E9DCD7F800C0019BDCF822
:1032A00018B09B452A46534631463846E1D0D847A8
:1032B000E2E7A5EB080080B204B204EBD474B1429B
:1032C00002904FEA640428460E46454607DA01217B
:1032D00003918046A6E7B446084691468AE74FF632
:1032E000FF71039180469DE7612F03002DE9F04FA8
:1032F000D0F800C0DFF888E0DCF8406083B07645A5
:10330000BDF93080BDF834A028D191461F461B4A34
:10331000DCF81430934205460C462BD12744BC42BE
:1033200014DADFF860B0DCF82060CDF800A05E456C
:10333000214643464A46284601D1DCF8386001342C
:1033400024B2B047BC42D5F800C0ECDBDCF82C302E
:103350000A4A934209D103B0BDE8F08FB446CDE9E3
:103360000C8A03B0BDE8F04F6047284603B0BDE8C3
:10337000F04F18479847D5F800C0CFE75D2F0300FE
:1033800069300300712F03002DE9F04FD0F800C021
:10339000284BDCF84040B0F90C80B0F90E709C422C
:1033A00083B0894633D1DCF81430DFF88CB05B454C
:1033B00005463AD1B8F1000F22DD0024DFF87CA0E9
:1033C000A64609E0DCF838600134B0470FFA84FE05
:1033D000F045D5F800C013DDDCF82060CDF8009092
:1033E000564571463B464FF000022846EAD001346C
:1033F0000022B0470FFA84FEF045D5F800C0EBDCA0
:10340000DCF82C305B450BD103B0BDE8F08F002217
:10341000CDE9007143461146A04703B0BDE8F08FE7
:10342000284603B0BDE8F04F18479847D5F800C0CC
:10343000C0E700BF693003005D2F0300712F030058
:103440002DE9F04FD0F800C01646DCF81450304A91
:1034500085B095420746BDF838B00C464DD19BB2B9
:1034600003F1FF39DCF828502A4A1FFA89F909EBE1
:10347000040895420FFA88F810D0CDE9006B434656
:10348000324621463846A847D7F800C0DCF82C3031
:103490001F4A934237D105B0BDE8F08F444526DD81
:1034A000C3F101031FFA83F90FFA89F5234605EBEF
:1034B000D57544466D109846174BDCF818A09A4510
:1034C00032465B46214638460FD1DCF810A0D04783
:1034D0000134002D24B203DA013E4D4436B22DB240
:1034E000A045D7F800C0E7DAD0E7D047F0E70FFAF9
:1034F00089F505EBD5756D10DEE70393A847D7F87E
:1035000000C0039BABE7384605B0BDE8F04F184755
:103510005D2F0300B9310300612F03002DE9F04F47
:10352000D0F800C09046DCF81440424A85B094427E
:103530000646BDF838900F466ED1DCF828503E495B
:10354000013B1FFA88F213449BB28D421CB250D14A
:10355000444528D066DAD31A9BB21DB205EBD57567
:10356000A04503934FEA65053BDBDFF8D0A010E0F0
:10357000DCF810B0D8470134002D24B2ABB204DA25
:10358000039A013F9D183FB22DB2A045D6F800C066
:1035900027DBDCF818B0D3454B4622463946304687
:1035A000E6D0D847E7E7DFF894A03D464FF00008A3
:1035B000BB46DCF818705745224608BFDCF810708F
:1035C00029464B463046B8470135B8F1000FB8BF21
:1035D00004F1FF342DB2B8BF24B2AB45D6F800C019
:1035E000E7DADCF82C30134A934210D105B0BDE87D
:1035F000F08F42463B46CDE9004939463046A84760
:10360000D6F800C00B4ADCF82C309342EED030469E
:1036100005B0BDE8F04F18470393A047D6F800C0A7
:10362000039B8AE7104621461A46444603468846CD
:1036300091E700BF5D2F0300B9310300612F030044
:1036400070B4002461F30F0462F31F44094A02605E
:103650004FF0FF36002240F2011501218460C46062
:1036600046610583C176426002618276027702621A
:1036700070BC7047C4EF03002DE9F04F8BB00568B4
:10368000BDF8504005946E691C466C4B9E428246C4
:10369000884640F0CD802F6A6949A6B28F4292B227
:1036A000059900914FEA4603079203F10103A2EB4B
:1036B00006021BB208BFAF6B504612B24146B84774
:1036C000C6EBC6335B00C6F101061BB2002C0493A7
:1036D0000FFA86F9DAF8000040F385801FFA88F3C4
:1036E00003934FF0000B77E0049A023292B2134436
:1036F000661E12B29BB2049236B21FFA8BF808F122
:103700000105ADB26F00BAB202F101090FFA85FBF3
:1037100099445E4506920FFA89F92BDB016A0F4640
:103720000799B3B25A00CB1A1BB203990893444BC2
:103730000132294412B29F42059B099209B20093BB
:103740006CD1806B13460746089A5046B847DAF8A2
:10375000003003991A6A3A484D1B8242174629B233
:1037600053D1059A00929D6B5046DDE90823A84786
:10377000DAF80000A6422DD0079A036AA2EB0805EA
:10378000069A571E039AA4B211192D4A2DB29342DC
:103790009C4606953FB209B22CD1059B0093D0F808
:1037A00038803B462A465046C047039ADAF8003034
:1037B000141BD3F82080224A904521B222D1059AC9
:1037C0000092D3F83880069A50463B46C047DAF854
:1037D000000034465C4506DDB9F1000F1FFA89F39D
:1037E00082DA264689E7C36A144A93421BD10BB09A
:1037F000BDE8F08F059B00932A463B465046654640
:10380000A847D2E7059B0093DDE7059B0093504650
:10381000DDE90823B847DAF80000ABE7DDE9082363
:103820005046B84793E750460BB0BDE8F04F1847F5
:103830000392B047DAF80050039A2CE75D2F03009B
:10384000712F03002DE9F04F97B083460D91016A67
:10385000BDF880000290BDF8840003909DF88800B8
:1038600006909DF88C0008900592002900F0EB80EE
:103870000A7AD1E900109B1ADBB200EBC30230F8E0
:103880003330079393780493D378109392F90530EB
:103890001593069B0A91012B92F9064040F2CB80CA
:1038A000BDF954300E9323B21293AE4BDBF800C037
:1038B00009931A46DCF81430934240F04D81109B76
:1038C000002B00F08B80BDF81430139300222344AA
:1038D0000C92149392460B92049B002B76D00B9B78
:1038E000129A089913981A4402FB01021499CB18F2
:1038F0001BB211930FFA82F90C9B002509E00135E8
:10390000049AEDB24FEA4A0AAA425FFA8AFA43469B
:1039100058D95A1C5B075FFA82F806D1079A0A99B0
:10392000531C9BB211F802A007931AF0800FE6D047
:10393000069ABDF83430012A59D00E9A0699DCF85F
:103940001C60BDF920705419874A04FB013496426B
:1039500024B20BB260D1DCF84060844A96425BD15D
:10396000DCF81430099A934260D1069B2344A342A9
:1039700003931DDD7E4B05930F950BE0029D009593
:10398000DCF83860B0470134039BDBF800C024B298
:10399000A3420CDDDCF82060059DAE4221463B468B
:1039A0004A465846EAD0029B00933B46EAE70F9D01
:1039B000DCF82C30099A9342A1D058469847DBF89E
:1039C00000C09CE70C9B1344DBB20C930B9B109A3A
:1039D0000133DBB29A420B933FF67EAFDCF82C301A
:1039E000099A934240F0B38017B0BDE8F08F089A6F
:1039F000012AA2D1159ADCF8184013445D4A5919DE
:103A0000944208BFDCF81040029B119A09B2584654
:103A1000A047DBF800C072E7029A2146CDE90072A8
:103A200058464A46B047DBF800C068E75846984712
:103A3000DBF800C099E7089B012B3FF631AF00236C
:103A400012930E9331E7BBF90C200D998A42CBDD1E
:103A5000BBF90E2005988242C6DDBDF8184006224B
:103A600012FB0412002ABFDD089A00EBC202002AF2
:103A7000BADD9BF81C201AB9AF2B84BF0133DBB22F
:103A8000384ADBF800C009921146DCF814208A425B
:103A900040F08C81384ABDF834100F9103EB83035A
:103AA000D3180D93BDF818300E9300230B910C938F
:103AB0000D9ABDF92C3012F8018B0D92069A0793DE
:103AC0009F18082304930026B94618F0010F55D01B
:103AD0000699BDF814200129B3B200F0F2800899CC
:103AE000DCF81C4011FB03F313441F4A94421DB23F
:103AF0000FFA81FABDF9183040F00681DCF8404039
:103B00001A4A944240F00081DCF81430099A93423A
:103B100040F02281079C4C4570DA0A960AE0029E2A
:103B20000096DCF83870013424B2B8474C45DBF815
:103B300000C062DADCF820700D4EB74221465346D1
:103B40002A465846EBD0029B00935346EBE7584673
:103B500017B0BDE8F04F184758469847DBF800C04B
:103B6000ADE600BF5D2F0300ED32030069300300B6
:103B7000712F0300612F0300BCEA0300DDE902326C
:103B8000934241D00699BDF814200129B3B200F048
:103B9000C5800899DCF81C4011FB03F313448F4ADD
:103BA00094421DB20FFA81FABDF9183040F0CD8071
:103BB000DCF840408A4A944240F0C780DCF8143078
:103BC000099A934240F0CD80079C4C4516DA0A963C
:103BD000DCF82070834EB742214653462A465846A9
:103BE00040F08680039E00960134DCF8387024B2E1
:103BF000B8474C45DBF800C0EADB0A9EDCF82C3005
:103C0000099A934240F0A380049B013B013613F0D4
:103C1000FF0376B24FEA580804937FF456AF0B9B2C
:103C20000E9A13440C9A01329BB2052A0C920B9304
:103C30007FF43EAFDDE9023293423FF4CFAE069B04
:103C4000012B00F0A0800E9B0F99DCF81C60634AEA
:103C500003EB83031944089B96424FEAC3050CB259
:103C6000BDF9183040F0A980DCF840605C4A96420B
:103C700040F0A380DCF81430099A934240F0A98008
:103C8000069B23449C421E4670DADFF85881DDF81B
:103C900014900AE0039F0097DCF83870013424B2D6
:103CA000B847B442DBF800C060DADCF82070474562
:103CB00021462B464A465846ECD0039B00932B46A0
:103CC000ECE7089901297FF40AAF13440C990F9A85
:103CD000DCF8184051181AB2434B9C4208BFDCF87C
:103CE0001040029B09B25846A047DBF800C08BE7A2
:103CF000039B00930134534624B2B847A145DBF837
:103D000000C03FF765AF78E7029A0799CDE900A2B6
:103D100058462A46A047DBF800C075E708990129F4
:103D20007FF437AF13440C990F9ADCF81840511800
:103D30001AB22D4B9C4208BFDCF81040039B09B21D
:103D40005846A047DBF800C05EE7039ADDE7584617
:103D50009847DBF800C057E758469847DBF800C0A3
:103D6000D8E658469847DBF800C02DE7DCF82C3041
:103D7000099A93423FF435AE58469847DBF8003035
:103D8000099ADB6A2DE6089B012B7FF45CAF0F9943
:103D900000920531059ADCF82040082309B2584604
:103DA000A047DBF80030099ADB6A1AE6049358460C
:103DB0009047DBF800C0049B6CE6039A2146CDE9EE
:103DC00000525846059AB047DBF80030099ADB6A82
:103DD00007E658469847DBF800C051E7ED3203008C
:103DE00069300300712F0300612F03002DE9F041BA
:103DF000036A84B00446002B4FD00A2941D00D2914
:103E000047D01A7A914244D3987A884241D38A1A89
:103E10005D68B4F91060207ED2B205EBC205AF78C0
:103E200057B3EA7842B394F81BC0B4F9122094F85F
:103E300019E0BCF1000F0FD095F905C0B4F90C8062
:103E4000674400FB0767474506DD002626821B7B8B
:103E500003FB0E2212B26282B4F816C0CDF80CE059
:103E6000A78A02900B4620463146CDE9007CFFF739
:103E7000E9FCB4F91060207E297901FB0060208202
:103E800007E0002202821B7B428A417E01FB032362
:103E90004382012004B0BDE8F0810A292CD00D290D
:103EA000F7D0C67EB0F91070B4F91220007E657E9E
:103EB00066B10626B4F90CC016FB0076664505DD32
:103EC00002EBC50212B2628223821F46E68A039584
:103ED000A58A02900B4620463946CDE90056FFF7E9
:103EE000B1FC237E228A03EB430302EB4303012050
:103EF000238204B0BDE8F081428A417E038202EB56
:103F0000C1034382C5E700BF002908BF0121017634
:103F10004176704730B4BDF90850BDF90C400295A8
:103F200003949DF810509DF81440049505949DF855
:103F30001850046806956469A44630BC604700BF09
:103F4000704700BF03681B69184700BF30B4BDF954
:103F50000850BDF90C40029503949DF810509DF84F
:103F60001440049505949DF81850046806956469FA
:103F7000A44630BC604700BF30B4BDF90850BDF95D
:103F80000C4002950394BDF91050BDF914400495FE
:103F90000594BDF91850BDF91C40069507949DF88D
:103FA00020509DF82440089509949DF828500468F5
:103FB0000A95246AA44630BC604700BF704700BF22
:103FC000704700BF704700BF704700BF704700BF19
:103FD00010B50446406AFEF7CFFEB4F90C00002885
:103FE00002DB002106F010F8B4F90E00002802DB15
:103FF000002106F009F8B4F91000002804DB0021C4
:10400000BDE8104006F000B810BD00BF38B504464A
:104010009DF81000E386002384F8302084F83120D6
:1040200084F8210084F8323084F8333084F8343056
:1040300084F83530002940F09B80B4F90C0000284A
:104040000CDB012106F064F80121B4F90C0005F045
:10405000DBFF0121B4F90C0006F05AF8B4F91000A6
:10406000002829DB94F82150002D64D1012106F0AD
:104070004FF80121B4F9100005F0C6FF0121B4F991
:10408000100006F045F80A2002F0E8FD2946B4F9D0
:10409000100006F03DF8E08E02F0E0FDB4F91000EB
:1040A000012106F035F8E08E0A2838BF0A2002F018
:1040B000D5FD002384F83430606AFEF719FEB4F9A8
:1040C000100000280CDB012106F022F80121B4F9D0
:1040D000100005F099FF0121B4F9100006F018F85E
:1040E000B4F90C0000280CDB012106F011F80121C5
:1040F000B4F90C0005F088FF0121B4F90C0006F0BA
:1041000007F8B4F90E0000280CDB012106F000F8D6
:104110000121B4F90E0005F077FF0121B4F90E007A
:1041200005F0F6FFB4F91200002820DB0021BDE8FD
:10413000384005F069BF002105F0EAFFB4F910002E
:10414000012105F061FF0021B4F9100005F0E0FF46
:10415000E08E02F083FDB4F91000022105F054FF57
:10416000E08E0A2838BF0A2002F078FDA1E738BDAA
:104170000348F2F713FA012384F820305DE700BF0B
:104180005463002030B50268674B55689D4283B088
:104190005CD10446002340F201150A2084F8213046
:1041A00084F8343084F835302563E086002940F007
:1041B000B480B4F90C00002880F28580B4F91000B6
:1041C00000282ADB94F82150002D40F08A8001213C
:1041D00005F09EFF0121B4F9100005F015FF012143
:1041E000B4F9100005F094FF0A2002F037FD2946CB
:1041F000B4F9100005F08CFFE08E02F02FFDB4F949
:104200001000012105F084FFE08E0A2838BF0A2043
:1042100002F024FD002384F83430606AFEF768FD64
:10422000B4F9100000283CDAB4F90C00002826DAB2
:10423000B4F90E00002810DAB4F9120000280ADBE5
:10424000002103B0BDE8304005F0DEBE002300933E
:1042500001220A23A84703B030BD012105F058FF11
:104260000121B4F90E0005F0CFFEB4F90E000121D2
:1042700005F04EFFB4F912000028E1DAEBE7012166
:1042800005F046FF0121B4F90C0005F0BDFEB4F9BC
:104290000C00012105F03CFFB4F90E000028CBDB37
:1042A000DBE7012105F034FF0121B4F9100005F02E
:1042B000ABFEB4F91000012105F02AFFB4F90C009F
:1042C0000028B5DBDBE7012105F022FFB4F90C0083
:1042D000012105F099FE0121B4F90C0005F018FF49
:1042E0006CE7002105F014FFB4F91000012105F07E
:1042F0008BFE0021B4F9100005F00AFFE08E02F0F9
:10430000ADFCB4F91000022105F07EFEE08E0A2813
:1043100038BF0A2002F0A2FC7CE70448F2F73EF91D
:10432000012384F8203044E70D400300546300204B
:10433000F0B4BDF81C50BDF91070BDF82040002647
:1043400065F30F06002561F30F0562F31F45002298
:1043500063F30F021B4B9DF82810036064F31F46A4
:104360009DF82C30466067F31F429DF830609DF841
:10437000247041728372BDF91410134B0261069AC6
:104380000772C672C560114F8182012640F2011585
:10439000C26143624FF6FF7200230A21876280F8F0
:1043A0002D600563C18680F8203080F82C3080F8BD
:1043B000343080F83530C0E90E33C2820283F0BC5D
:1043C000704700BF30F0030038A3002000093D0013
:1043D00010B483B06C4684E80C00A388416282620A
:1043E000838503B05DF8044B704700BF38B5B0F962
:1043F0001030002B2ADB90F821500446184635BBBC
:10440000012105F085FE0121B4F9100005F0FCFD45
:104410000121B4F9100005F07BFE0A2002F01EFC19
:104420002946B4F9100005F073FEE08E02F016FC88
:10443000B4F91000012105F06BFEE08E0A2838BFA8
:104440000A2002F00BFC002384F8343038BD002130
:1044500005F05EFEB4F91000012105F0D5FD002144
:10446000B4F9100005F054FEE08E02F0F7FBB4F949
:104470001000022105F0C8FDE08E0A2838BF0A208E
:1044800002F0ECFBDFE700BF2DE9F843B0F9123092
:10449000002B6EDB04460120894602F0DFFB3E4B19
:1044A000DB68D9015AD53D4B1A68D20756D55D68ED
:1044B000AD09394FDFF8F480384E05E07368E269E2
:1044C0009B095B1B934225D8B4F9120005F03CFE12
:1044D000B4F91430984221D1A36B002B57D0E06B74
:1044E0009847B4F9120005F02FFEB4F91430984241
:1044F00014D1FB68DB0102D53368D807DED403F0A2
:104500001BFEA0FB0801830A43EA8153E2695B1B9F
:104510009342D9D92249234801F0B2FAB9F1000FE8
:1045200025D094F8203013B31B4BDB68D90125D577
:104530001A4B1A68D20721D55B689B09494619486E
:104540005D1B01F0D1F91849164801F0CDF9294653
:104550000A221448BDE8F84301F0AABA03F0ECFDC2
:10456000124BA0FB0301850A45EA8155A1E7BDE88E
:10457000F8831046BDE8F84302F070BB03F0DCFDA1
:104580000A4BA0FB0301830A43EA8153D6E70120CB
:1045900002F064FBA5E700BFF0ED00E0001000E0D2
:1045A00014F003005463002024F0030040420F0085
:1045B00038B500F1280304460D46406A93E806002A
:1045C000FEF7E2FBB4F90E00002802DB002105F043
:1045D0009FFDB4F90C00002802DB002105F098FDD6
:1045E0002946606AFEF77CFCB4F90C00002802DB67
:1045F000012105F08DFDB4F90E00002802DB012138
:1046000005F086FD606ABDE83840FEF721BC00BFBA
:1046100038B500F1280304460D46406A93E80600C9
:10462000FEF7B2FBB4F90C00002802DB002105F014
:104630006FFD2946606AFEF753FCB4F90C000028B0
:1046400002DB012105F064FD606ABDE83840FEF739
:10465000FFBB00BF00F1280310B5044693E8060035
:10466000406AFEF791FBB4F90C00002804DB00213E
:10467000BDE8104005F04CBD10BD00BF406AFEF71C
:104680002FBC00BF10B50446B0F90C00002802DBB7
:10469000012105F03DFD606ABDE81040FEF7D8BB82
:1046A00090F8323010B504467BB12221FFF780FF2D
:1046B00083212046FFF7ACFF20212046FFF778FF3B
:1046C000962205492046FFF7DFFE002384F83230AA
:1046D00084F8333010BD00BFA4F0030038B590F863
:1046E000323004467BB12221FFF762FF832120464E
:1046F000FFF78EFF20212046FFF75AFF96220D4933
:104700002046FFF7C1FEB4F910300025AB4284F813
:10471000325084F833500CDB10212046FFF748FF5D
:1047200001212046FFF774FF012384F8355084F8F7
:10473000343038BDA4F0030030B58BB04FF0000C1E
:10474000BDF9384000940124CDE9074401940324C5
:10475000CDE9054C064D0295C824CDE90344044635
:10476000FFF7E6FD034B236020460BB030BD00BFD2
:1047700080969800B8F003002DE9F84304460E46F1
:10478000112115469946BDF82080FFF711FF2046FC
:104790000321FFF73DFFC6F3C70720464421FFF77B
:1047A00007FF39462046FFF733FF06EB0903591E82
:1047B00048BF991D2046C1F3C701FFF729FF5FFAE3
:1047C00085F920464521FFF7F3FEA84449462D0A06
:1047D0002046FFF71DFF08F1FF3629462046FFF768
:1047E00017FFF1B22046FFF713FF311EB8BF08F1E3
:1047F000FE012046C1F30721FFF70AFF20464E21A4
:10480000FFF7D6FE39462046FFF702FF20464F212C
:10481000FFF7CEFE49462046FFF7FAFE294620461E
:10482000BDE8F843FFF7F4BE30B5044683B039B3B2
:104830000368264ADD6B95423BD190F83120DAB906
:10484000C82300931146FFF797FF20462221FFF768
:10485000AFFE2046FC21FFF7DBFE20462021FFF7BC
:10486000A7FE4FF4FA721A492046FFF70DFE012306
:1048700084F8323003B030BD9B6B164A93421FD18F
:1048800020462221FFF794FE2046F721FFF7C0FEC5
:1048900020462021FFF78CFE40F628220E492046B4
:1048A000FFF7F2FD002384F8323084F8313003B092
:1048B00030BDC823002200931146A84703B030BD85
:1048C000002103B0BDE83040184700BFDD480300B9
:1048D00094F003002948030084F00300F0B590F839
:1048E000316083B00446BDF92050002E51D100291B
:1048F000BCBF5B181BB221EAE170002AB8BFAD183B
:1049000000EB0301B8BF2DB222EAE272C729C8BF8B
:10491000C0F1C80302EB0501C8BF1BB2C729C4BF61
:10492000C2F1C8052DB2002B31DD002D2FDD00F0C6
:1049300007010B4499B20EB2774207F0070706F061
:10494000070358BF7B42002B02DD0831CB1A1EB291
:10495000ADB24FF6F871B3B292B201400095204665
:10496000FFF70AFF22212046FFF722FEFC21204606
:10497000FFF74EFE20212046FFF71AFE4FF4FA7291
:1049800015492046FFF780FD012384F8323003B03B
:10499000F0BD0368114A9B6B934217D12221FFF7A8
:1049A00007FE2046F721FFF733FE20462021FFF7C0
:1049B000FFFD40F628220A492046FFF765FD002347
:1049C00084F8323084F8313003B0F0BD002103B0F8
:1049D000BDE8F040184700BF94F0030029480300E9
:1049E00084F0030090F8343010B504460BB1FFF7A3
:1049F000FDFC0A2002F032F912212046FFF7D8FD13
:104A00000A2002F02BF901212046FFF7D1FDC72132
:104A10002046FFF7FDFD00212046FFF7F9FD0021AC
:104A20002046FFF7F5FD3C212046FFF7C1FD05219B
:104A30002046FFF7EDFD18212046FFF7B9FD802144
:104A40002046FFF7E5FD11212046FFF7B1FD0321C8
:104A50002046FFF7DDFD44212046FFF7A9FD002198
:104A60002046FFF7D5FD18212046FFF7D1FD45214F
:104A70002046FFF79DFD00212046FFF7C9FD0021DC
:104A80002046FFF7C5FDC7212046FFF7C1FD0021E5
:104A90002046FFF7BDFD4E212046FFF789FD00218E
:104AA0002046FFF7B5FD4F212046FFF781FD00218D
:104AB0002046FFF7ADFD00212046FFF7A9FD0123A9
:104AC00084F8353010BD00BF90F8353070B505461C
:104AD0000C461646002B4FD011212846FFF768FDE3
:104AE00003212846FFF794FD44212846FFF760FD87
:104AF00000212846FFF78CFD18212846FFF788FD86
:104B000045212846FFF754FD00212846FFF780FD88
:104B100000212846FFF77CFDC7212846FFF778FDD6
:104B200000212846FFF774FD4E212846FFF740FD7F
:104B300000212846FFF76CFD4F212846FFF738FD7E
:104B400000212846FFF764FD00212846FFF760FD9D
:104B500021462846FFF72CFD2846FFF77BFD41F252
:104B6000883431462846FFF789FD013CF9D12846B3
:104B7000BDE87040FFF786BDFFF734FFACE700BF2C
:104B80002DE9F04F8BB01E469DF85C30059305462D
:104B90009DF86030BDF954B0BDF950A0BDF9584042
:104BA000069101200493174602F058F8734203F06F
:104BB000070306F0070858BFC3F100081BF10709F7
:104BC00048BF0BF10E09A6EB0806C9F3CF091FFA7F
:104BD00086F84FEAC9031BB20FFA88F6F11826EAE5
:104BE000E676C729B6B2C8BFC8F1C803A6EB080865
:104BF000C8BF1BB21FFA88F80AEB0401A3EB080335
:104C0000C7291FFA8AF09BB2C8BFC0F1C8010FFACA
:104C100083FBCCBF09B22146BBF1000F6DDD2AEA50
:104C2000EA7292B2101A1FFA80FAA1EB0A010792F7
:104C30008AB2089212B2002A03925EDD95F83520FE
:104C4000002A00F0C78095F83020002A40F08C80C0
:104C5000089A00923146079A2846FFF78DFD06997B
:104C60002846FFF7A5FC0FFA88F82846FFF7F2FC64
:104C7000B8F1000F0FFA8AF304F1FF36B8BF08F15C
:104C8000070813FB09F4C8F3CF08F61A16FB0986C8
:104C9000A0441FFA88F44FEAEB0BB6B24FF00008BD
:104CA000BBF1000F14D0049B53BB059B04EB0B0A14
:104CB000002B38D11FFA8AF306949A4622B228466E
:104CC000B95CFFF7DBFC631C9CB25445F6D1069C33
:104CD000039B08F101080FFA88F8A6EB09064C447B
:104CE0004345B6B2A4B2DBD12846FFF7CBFC012086
:104CF0000BB0BDE8F04F01F0B1BF0BB0BDE8F08FD5
:104D0000059B06EB0B0AF3B91FFA8AF306949A4641
:104D1000344622B22846B95CFFF7B0FC631C9CB253
:104D20005445F6D1D3E71FFA8AF306949A4622B285
:104D30002846B95CC943C9B2FFF7A0FC631C9CB20A
:104D4000A245F4D1C3E71FFA8AF306949A46344683
:104D500022B22846B95CC943C9B2FFF78FFC631C75
:104D60009CB2A245F4D1B2E7296823480A6982427D
:104D700036D1CA68214909938A4232D1FF222621BD
:104D80002846FFF7A1FEFF2224212846FFF79CFEBC
:104D90002A681B49926B099B8A4227D12221284607
:104DA000FFF706FCF7212846FFF732FC20212846B2
:104DB000FFF7FEFB40F6282212492846FFF764FB66
:104DC0000022099B85F8322085F83120002285F8E1
:104DD00030203DE728460993FFF704FE099B32E7A0
:104DE0000993FF2128469047099B31E70993002149
:104DF00028469047099BE9E73D5603008954030084
:104E00002948030084F0030030B587B0BDF928506D
:104E1000BDF92C40009301959DF830309DF8345039
:104E200002949DF8384003930495134605940A466E
:104E30002421FFF7A5FE07B030BD00BF2DE9F04FDC
:104E400089B00C46BDF94870BDF94C809DF8509072
:104E50009DF854A09DF858B0009315461E46CDE924
:104E600001781346CDE9039A0A46CDF814B02621FD
:104E70000790FFF785FECDE904ABCDE90289CDE9C6
:104E800000672B46224607982421FFF779FE09B0D8
:104E9000BDE8F08F30B587B0BDF92850BDF92C4082
:104EA000009301959DF830309DF8345002949DF8A0
:104EB000384003930495134605940A462621FFF7CC
:104EC0005FFE07B030BD00BF2DE9F04F5C428DB0F2
:104ED00004F0070403F0070658BF66429E1B9DF8C6
:104EE0007440BDF958300493BDF95CA007949DF857
:104EF0007840BDF96C50BDF9607006940FFA86FBDE
:104F0000049CBDF970E0BDF96430BDF968C0AAEB3E
:104F10000B063C1BB542A8BF354674450994A8BF93
:104F200074465F422DB207F0070703F0070658BF2B
:104F30007E42EF1D48BF05F10E079B1B9BB227F079
:104F400007073FB21EB2F51926EAE676C72DB6B2BC
:104F5000C8BFC3F1C807A6EB030324B2C8BF3FB262
:104F60001FFA83F90CEB040EA7EB0907BEF1C70F7C
:104F70001FFA8CF5BFB2C8BFC5F1C8040FFA87F895
:104F8000C8BF24B2B8F1000F7BDD2CEAEC7C1FFA1D
:104F90008CF35D1B0393ABB2E41A0893A3B21CB26B
:104FA000002C05946DDD154690F835200A910446D5
:104FB000002A00F0E48094F83020002A40F0A98014
:104FC000039A009331463B462046FFF7D5FB0A99EA
:104FD0002046FFF7EDFA4FEAE80320460FFA89F979
:104FE0000393FFF737FBBBF10002B8BF0732099B01
:104FF000B9F1000F4FEAE207B8BF09F10709BDF99F
:105000002020089207EBE907013B1AF1070948BF86
:105010000AF10E09BFB29B1A0993C9F3CF09002602
:10502000BA460399F9B10498089A02440998B3B2B0
:105030001A44C31A13FB09A31FFA83FB069B12FB36
:1050400009A297B203BB079B002B35D107EB0108E0
:105050001FFA88F83BB201372046E95CBFB2FFF780
:105060000DFBB845F6D10136059B36B2B342D8D117
:105070002046FFF707FB01200DB0BDE8F04F01F01F
:10508000EDBD0DB0BDE8F08F079B53BB0BEB0108E6
:105090001FFA88F80FFA8BF30BF1010B2046E95C3D
:1050A0001FFA8BFBFFF7EAFAC345F3D10136059BE4
:1050B00036B2B342B5D1DBE707EB01081FFA88F837
:1050C0003BB20137E95CC9432046C9B2BFB2FFF722
:1050D000D5FAB845F4D10136059B36B2B342A0D11A
:1050E000C6E70BEB01081FFA88F80FFA8BF30BF1F8
:1050F000010BE95CC9432046C9B21FFA8BFBFFF7DD
:10510000BDFAC345F1D10136059B36B2B34288D111
:10511000AEE7216822480A69824235D1CA6821492E
:105120000B938A4231D1FF2226212046FFF7CCFC87
:10513000FF2224212046FFF7C7FC22681A49926B00
:105140000B9B8A4226D122212046FFF731FAF72114
:105150002046FFF75DFA20212046FFF729FA40F6A6
:10516000282212492046FFF78FF900220B9B84F872
:10517000322084F83120002284F8302020E70B937D
:10518000FFF730FC0B9B16E70B93FF21204690475F
:105190000B9B15E70B930021204690470B9BEAE7FA
:1051A0003D560300895403002948030084F003009E
:1051B0002DE9F04F91B08246BDF974709DF884C01E
:1051C000BDF96840BDF970600C97CDF838C09DF806
:1051D00080709DF888C00B9601200D97BDF96C502A
:1051E000BDF97860BDF97C80CDF83CC08B46174690
:1051F000994601F033FD002C24DB002D22DB002E2C
:1052000020DBB8F1000F1DDB002F1BDBA74219DAF2
:10521000B9F1000F16DBA94514DA0D9A05960B9E1D
:105220000F980E990C9B09900891CDE90682049382
:10523000CDE90256CDE900943B465A46504624211A
:10524000FFF742FE11B0BDE8F08F00BF2DE9F04F2F
:1052500091B08246BDF974709DF884C0BDF9684074
:10526000BDF970600C97CDF838C09DF880709DF83E
:1052700088C00B9601200D97BDF96C50BDF9786080
:10528000BDF97C80CDF83CC08B461746994601F0AD
:10529000E5FC002C3FDB002D3DDB002E3BDBB8F1B5
:1052A000000F38DB002F36DBA74234DAB9F1000FEC
:1052B00031DBA9452FDA0F9B0D9909930B9B0E98B3
:1052C0000C9A0890CDE906810492CDE902535A4622
:1052D0003B46262150460596CDE90094FFF7F4FDA4
:1052E000012001F0BBFC0F9B0D9909930B9B0E98BD
:1052F0000C9A0890CDE906810492CDE902530596F7
:10530000CDE900943B465A4650462421FFF7DCFD88
:1053100011B0BDE8F08F012011B0BDE8F04F01F0F1
:105320009DBC00BF90F8353070B505460E46002B89
:1053300000F0A28011212846FFF73AF90321284600
:10534000FFF766F944212846FFF732F90021284685
:10535000FFF75EF918212846FFF75AF9452128463C
:10536000FFF726F900212846FFF752F900212846C9
:10537000FFF74EF9C7212846FFF74AF900212846D2
:10538000FFF746F94E212846FFF712F9002128467B
:10539000FFF73EF94F212846FFF70AF9002128467A
:1053A000FFF736F900212846FFF732F92421284675
:1053B000FFF7FEF82846FFF74DF941F288343146F1
:1053C0002846FFF75BF9013CF9D12846FFF75AF967
:1053D00095F83530002B52D011212846FFF7E8F818
:1053E00003212846FFF714F944212846FFF7E0F887
:1053F00000212846FFF70CF918212846FFF708F985
:1054000045212846FFF7D4F800212846FFF700F988
:1054100000212846FFF7FCF8C7212846FFF7F8F8D7
:1054200000212846FFF7F4F84E212846FFF7C0F880
:1054300000212846FFF7ECF84F212846FFF7B8F87F
:1054400000212846FFF7E4F800212846FFF7E0F89E
:1054500026212846FFF7ACF82846FFF7FBF841F273
:10546000883431462846FFF709F9013CF9D128462E
:10547000BDE87040FFF706B9FFF7B4FA5AE72846CF
:10548000FFF7B0FAA8E700BF90F8353070B50546D1
:105490000E46002B00F0BF8011212846FFF788F848
:1054A00003212846FFF7B4F844212846FFF780F887
:1054B00000212846FFF7ACF818212846FFF7A8F886
:1054C00045212846FFF774F800212846FFF7A0F889
:1054D00000212846FFF79CF8C7212846FFF798F8D7
:1054E00000212846FFF794F84E212846FFF760F880
:1054F00000212846FFF78CF84F212846FFF758F87F
:1055000000212846FFF784F800212846FFF780F89D
:1055100026212846FFF74CF82846FFF79BF841F272
:10552000883431462846FFF7A9F8013CF9D12846CE
:10553000FFF7A8F895F83530002B6FD011212846D9
:10554000FFF736F803212846FFF762F84421284682
:10555000FFF72EF800212846FFF75AF818212846B1
:10556000FFF756F845212846FFF722F80021284684
:10557000FFF74EF800212846FFF74AF8C7212846D2
:10558000FFF746F800212846FFF742F84E2128464B
:10559000FFF70EF800212846FFF73AF84F2128467A
:1055A000FFF706F800212846FFF732F800212846C9
:1055B000FFF72EF824212846FEF7FAFF2846FFF7CA
:1055C00049F841F2883431462846FFF757F8013C44
:1055D000F9D12846FFF756F82B68164A9B6B934281
:1055E00020D122212846FEF7E3FFF7212846FFF7C6
:1055F0000FF820212846FEF7DBFF40F628220E494F
:105600002846FEF741FF002385F8324085F83140F7
:1056100085F8303070BDFFF7E5F93DE72846FFF724
:10562000E1F98BE7214628469847002385F830307A
:1056300070BD00BF2948030084F0030090F83030AB
:1056400070B504460E46002B00F0CC800368944AE7
:10565000DB68934240F01A8190F835300BB9FFF7C0
:10566000C1F911212046FEF7A3FF03212046FEF7D2
:10567000CFFF44212046FEF79BFF00212046FEF786
:10568000C7FF18212046FEF7C3FF45212046FEF73D
:105690008FFF00212046FEF7BBFF00212046FEF7CA
:1056A000B7FFC7212046FEF7B3FF00212046FEF7D3
:1056B000AFFF4E212046FEF77BFF00212046FEF77C
:1056C000A7FF4F212046FEF773FF00212046FEF77B
:1056D0009FFF00212046FEF79BFF26212046FEF774
:1056E00067FF2046FEF7B6FF41F288353146204677
:1056F000FEF7C4FF013DF9D12046FEF7C3FF94F841
:10570000353013B92046FFF76DF911212046FEF719
:105710004FFF03212046FEF77BFF44212046FEF782
:1057200047FF00212046FEF773FF18212046FEF7B1
:105730006FFF45212046FEF73BFF00212046FEF784
:1057400067FF00212046FEF763FFC7212046FEF7D2
:105750005FFF00212046FEF75BFF4E212046FEF74B
:1057600027FF00212046FEF753FF4F212046FEF77A
:105770001FFF00212046FEF74BFF00212046FEF7C9
:1057800047FF24212046FEF713FF2046FEF762FF65
:1057900041F2883531462046FEF770FF013DF9D1D0
:1057A0002046FEF76FFF23683E4A9B6B934273D1FE
:1057B00022212046FEF7FCFEF7212046FEF728FFB7
:1057C00020212046FEF7F4FE40F6282236492046E6
:1057D000FEF75AFE84F8325084F83150002384F8E2
:1057E000303070BD90F83530002B52D0112120465A
:1057F000FEF7DEFE03212046FEF70AFF4421204685
:10580000FEF7D6FE00212046FEF702FF18212046B3
:10581000FEF7FEFE45212046FEF7CAFE0021204687
:10582000FEF7F6FE00212046FEF7F2FEC7212046D5
:10583000FEF7EEFE00212046FEF7EAFE4E2120464E
:10584000FEF7B6FE00212046FEF7E2FE4F2120467D
:10585000FEF7AEFE00212046FEF7DAFE00212046CC
:10586000FEF7D6FE24212046FEF7A2FE2046FEF7D4
:10587000F1FE41F2883531462046FEF7FFFE013D3C
:10588000F9D12046BDE87040FEF7FCBEBDE870408F
:105890001847FFF7A7F8A9E72946204698479DE74C
:1058A000895403002948030084F00300704700BFB7
:1058B000F8B5174682B105460E46002402E00134D1
:1058C000A74207D02B6816F8011B1B68284698478B
:1058D0000028F4D12046F8BD1446FBE703688A6827
:1058E0005B680968184700BF69B170B5054608468E
:1058F0000C4606F08AF92B680246214628465B686A
:10590000BDE8704018470846704700BF03681B6831
:10591000184700BFF0B50F468BB00568002A3DD090
:105920000A2A04461ED100293DDB0AAE00232F4877
:1059300006F8043D0B46A0FB0312D20802EB8201DD
:10594000A3EB4103303306F8013D1346002AF2D1A0
:10595000304606F05AF96B680246314620469847B1
:105960000BB0F0BD0AAED2B20023022A06F8043D05
:105970002CBF10460A200A46B2FBF0F100FB1127AB
:10598000FBB2092F03F130078ABF3733FBB2DBB21A
:105990000A4606F8013D0029EED1D9E72B68C9B2C5
:1059A00098470BB0F0BD2B682D2198470AAD002316
:1059B00006460E4805F8043D7B42A0FB0321C908BA
:1059C00001EB8102A3EB4203303305F8013D0B46A6
:1059D0000029F2D1284606F018F923680246294624
:1059E0005B682046984730440BB0F0BDCDCCCCCCA2
:1059F000F0B506688BB022B93368C9B298470BB0CE
:105A0000F0BD0AACD2B20023022A04F8043D0546D8
:105A10002CBF10460A20B1FBF0F200FB1217FBB2BC
:105A2000092F03F130078ABF3733FBB2DBB21146CF
:105A300004F8013D002AEED1204606F0E6F873682E
:105A400002462146284698470BB0F0BD036802493C
:105A50005B680222184700BF68F1030038B503688D
:105A60008A685B68096804469847236803495B684D
:105A70000546022220469847284438BD68F10300B5
:105A8000036870B505460C465E6849B1084606F0E5
:105A9000BCF8214602462846B0472B685E6804469B
:105AA000284602220149B047204470BD68F1030036
:105AB000F0B505468BB0066862B93368C9B298473D
:105AC00004462B6815495B68284602229847204403
:105AD0000BB0F0BD0AACD2B20023022A04F8043D98
:105AE0002CBF10460A20B1FBF0F200FB1217FBB2EC
:105AF000092F03F130078ABF3733FBB2DBB21146FF
:105B000004F8013D002AEED1204606F07EF8214639
:105B100002467368284698470446D2E768F10300B6
:105B200008B54FF40062002105F0ACF90022C0F87E
:105B30000028C0F8042808BDD0F8002810B4531C71
:105B4000D0F80448C3F30A039C4218BF81545DF89F
:105B5000044B18BFC0F80038704700BF0023C0F8DE
:105B60000038C0F804387047D0F80438D0F800285E
:105B7000934207D05A1CC35CC2F30A02C0F804283F
:105B8000184670474FF0FF30704700BFD0F800381C
:105B9000D0F80408181A48BF00F50060704700BF2D
:105BA000D0F80438D0F80028934214BFC05C4FF0FE
:105BB000FF307047D0F80038D0F804080133C3F341
:105BC0000A03181AB0FA80F04009704741F2230323
:105BD000C05C704770B541F21D030446C356002BEC
:105BE0000DDB5A0920320121234803F01F0301FA7B
:105BF00003F340F82230BFF34F8FBFF36F8F236959
:105C00004FF48872C3F8082322690023C2F8443194
:105C10002269C2F858312269012353602269D36096
:105C200001E004F041F82369D3F85821002AF8D0A4
:105C3000D3F84421002AF4D00025C3F80055226986
:105C40004FF0FF33C2F80C352269C2F814352269CF
:105C5000C2F80835226941F22406C2F8103504F171
:105C60001400FFF77BFFA05901F0EEFE41F2230381
:105C7000A551E55470BD00BF00E100E01430FFF70E
:105C800085BF00BF1430FFF78BBF00BF1430FFF794
:105C90006BBF00BF08B541F22403C05801F0CAFE33
:105CA000002814BF4FF40060002008BD41F2230318
:105CB000C35C03B9704770B541F2240504464FF048
:105CC000FF31405901F00AFD002360591A46194678
:105CD000BDE8704001F0BAB810B50368104A5B68BF
:105CE00082B093428DF8071014D141F22403044688
:105CF0004FF0FF31C05801F0F1FC22699DF80730E8
:105D000084F81D380123C2F848352269184693608B
:105D100002B010BD01220DF10701984702B010BD7D
:105D2000255D03002DE9F84F4AB300F58159164669
:105D30008846074609F1040900F61D0B00254FF0BF
:105D4000010A741BB4F5006F28BF4FF400644FF0D4
:105D5000FF31D9F8000001F0C1FC08EB0501224633
:105D6000584605F06BF83B69C3F848453B69254444
:105D7000AE42C3F808A0E4D82846BDE8F88F15461F
:105D80002846BDE8F88F00BF70B50468824A246ACF
:105D9000944240F0BD8041F223020346825C002A17
:105DA00040F0B58041F21F000D461969185CC1F83A
:105DB0000C0541F21E001969185CC1F8140541F286
:105DC0002201595C012900F0B2801969C1F86C25E3
:105DD000B5F5966F45D9B5F5166F40F29E80B5F5CD
:105DE000965F40F2B480B5F5165F40F2B280B5F52B
:105DF000615F40F2B080B5F5964F40F2AE80B5F5E8
:105E0000E14F40F2AC8047F61222954240F2A98061
:105E1000B5F5164F40F2A8804DF6C022954240F2EB
:105E2000A680B5F5614F40F2A580B5F5963F40F2EA
:105E3000A480B5F5E13F40F2A580B5F5613F40F2A1
:105E40009E80564A954240F2A380B5F5E12F40F27C
:105E50009C80B5F5612F8CBF4FF080524FF070627F
:105E600001E04FF49E221969C1F824251A6908211E
:105E7000C2F800151A6903F61D01C2F844151A6923
:105E80000021C2F820111A6903F61C01C2F834156A
:105E90001A690121C2F838151A6911601A694FF49C
:105EA000887041F21D04C2F804031A57002A37DB38
:105EB0005509603502F01F02394801FA02F240F834
:105EC00025201A57002A2BDB0244602182F8001398
:105ED00041F21D029A56002A07DB314802F01F04E6
:105EE00001215209A14040F8221003220021012083
:105EF0001C4600F069FF41F224020023A05019461D
:105F00001A4600F0A3FF41F223030122E25470BDC0
:105F100023460022BDE8704018474FF41D22A2E737
:105F2000204902F00F02114460220A76D0E703F5FF
:105F3000815218691278C0F8102541F221001A69BF
:105F4000185CC2F808051A69C2F86C1540E7164AD1
:105F500089E7164A87E7164A85E7164A83E7164A0D
:105F600081E74FF400027EE74FF41D027BE74FF418
:105F7000650278E74FF46B0275E7104A73E74FF05C
:105F80006C7270E74FF0EB726DE74FF0E8626AE712
:105F90004FF0806267E700BFC15F030090D003004D
:105FA00000E100E0FCEC00E000B01300005027002E
:105FB00000F03A0000A04E0000C0750000903A01C9
:105FC00038B541F22303C35C002B40F0B48041F2AA
:105FD0001F040369045DC3F80C4541F21E04036904
:105FE000045DC3F8144541F22203C35C012B00F0A9
:105FF000A3800369C3F86C25B1F5966F45D9B1F557
:10600000166F40F2AB80B1F5965F40F2B180B1F50A
:10601000165F40F2AF80B1F5615F40F2AD80B1F53F
:10602000964F40F2AB80B1F5E14F40F2A98047F6C0
:106030001223994240F2A680B1F5164F40F2A58096
:106040004DF6C023994240F2A380B1F5614F40F272
:10605000A280B1F5963F40F2A180B1F5E13F40F258
:106060009F80B1F5613F40F29E80534B994240F2D0
:10607000A080B1F5E12F40F29980B1F5612F8CBF7E
:106080004FF080534FF0706301E04FF49E2302699C
:10609000C2F8243503690822C3F80025036900F615
:1060A0001D02C3F8442503690022C3F820210369B7
:1060B00000F61C02C3F8342503690122C3F8382511
:1060C00003691A6003694FF4887141F21D04C3F833
:1060D00004130357002B44DB5D09603503F01F03F5
:1060E000364902FA03F341F825300357002B38DB19
:1060F0000B44602283F8002341F21D03C356002B9A
:1061000007DB2E4903F01F0401225B09A24041F87E
:106110002320044603220021012000F055FE41F215
:1061200024020023A05019461A4600F08FFE41F2C7
:1061300023030122E25438BD00F5815304691B7822
:10614000C4F8103541F221040369045DC3F8084521
:10615000036942F00102C3F86C254DE74FF41D239B
:1061600095E7174A03F00F031A4460231376C3E739
:10617000144B8CE7144B8AE7144B88E7144B86E7E3
:10618000144B84E74FF4000381E74FF41D037EE7CF
:106190004FF465037BE74FF46B0378E70E4B76E72C
:1061A0004FF0EB7373E74FF06C7370E74FF0E863F9
:1061B0006DE74FF080636AE790D0030000E100E0F4
:1061C000FCEC00E000B013000050270000F03A00A3
:1061D00000A04E0000C0750000903A01074B10B4BB
:1061E00041F21E0453F82110015541F21F0153F8EA
:1061F000223043545DF8044B704700BF0CF103009C
:1062000010B5124C2369D3F8102142B10022C3F813
:106210001021D3F83C2582B901221A602369D3F8F2
:10622000202102B910BD002141F22402C3F820113F
:10623000A058BDE8104001F093B894F81C1804F180
:106240001400FFF779FC2369E6E700BF60A3002094
:1062500038B5124C124A204600254FF47A7340F8A4
:10626000142BC4E90153FFF75BFC41F21D010D4BF8
:106270000D4A226102206054D3E9001341F21E024C
:1062800041F21F00A154235441F2220141F22402A1
:1062900041F223036554A550E55438BD60A30020A6
:1062A00074F103000CF103000020004008B5094B15
:1062B0001BB10948F0F71CF848B9084B1BB1084856
:1062C000FFF764FC00B908BDAFF3008008BDAFF371
:1062D0000080F2E70000000054630020000000008E
:1062E00074A300202DE9F0431B4B1C4FD3F804632B
:1062F000DFF86C80DFF86C9085B000240123A200E9
:10630000A34002F18045334205F5C0450FD0D5F8D2
:10631000003163B1E357013306D052F808201AB1B7
:1063200014F809307BB990470023C5F800310134D7
:10633000082CE3D1BFF34F8F00BF00BF00BF00BFE9
:1063400005B0BDE8F08304AB002143F8041D084606
:10635000009103F083FDE7E700600040B0B3002048
:1063600090B3002088B30020F8B500250446C0E9AA
:106370000055856091B108460E4605F046FC07467B
:10638000411C284600F0B4FC50B1A368C4E90007E2
:1063900003B90370A760314605F02FFC2046F8BD15
:1063A000206808B100F08EFC00232360C4E90133AB
:1063B0002046F8BD70B504468C424FF00000C4E999
:1063C0000000A06001D00D680DB9204670BD8E6838
:1063D000711C00F08DFC50B1A368C4E9000603B93C
:1063E0000370A660294605F008FC204670BD2068B1
:1063F00008B100F067FC00232360C4E901332046A4
:1064000070BD00BF70B5002582B0C0E90055856041
:10641000044601A88DF804108DF8055005F0F5FB31
:106420000646411C284600F063FC58B1A368C4E945
:10643000000603B90370A66001A905F0DEFB204643
:1064400002B070BD206808B100F03CFC002320467B
:106450002360C4E9013302B070BD00BF30B504460B
:1064600085B000230846C4E90033A36001A902F007
:106470008BFE01A805F0C9FB0546206810B16368D2
:106480009D4209D9691C00F033FC60B1A368C4E9DE
:1064900000050BB903702068A56001A905F0ADFBEC
:1064A000204605B030BD206808B100F00BFC002389
:1064B00020462360C4E9013305B030BD30B5044641
:1064C0008BB000230846C4E90033A36001A902F0A1
:1064D00013FE01A805F099FB0546206810B163681A
:1064E0009D4209D9691C00F003FC60B1A368C4E9AE
:1064F00000050BB903702068A56001A905F07DFBBC
:1065000020460BB030BD206808B100F0DBFB002353
:1065100020462360C4E901330BB030BD30B50446DA
:106520008BB000230846C4E90033A36001A902F040
:106530002BFE01A805F069FB0546206810B16368D1
:106540009D4209D9691C00F0D3FB60B1A368C4E97E
:1065500000050BB903702068A56001A905F04DFB8B
:1065600020460BB030BD206808B100F0ABFB002323
:1065700020462360C4E901330BB030BD30B504467A
:106580008BB000230846C4E90033A36001A902F0E0
:106590002FFE01A805F039FB0546206810B163689D
:1065A0009D4209D9691C00F0A3FB60B1A368C4E94E
:1065B00000050BB903702068A56001A905F01DFB5B
:1065C00020460BB030BD206808B100F07BFB0023F3
:1065D00020462360C4E901330BB030BD10B504463A
:1065E000006800F06FFB204610BD00BF884270B508
:1065F000044609D00D68006845B908B100F062FB97
:106600000023C4E901332360204670BD8E6810B1B9
:1066100063689E4209D9711C00F06AFB58B1A368F7
:10662000C4E900060BB903702068A660294605F08E
:10663000E4FA204670BD20680028DFD1E0E700BF03
:10664000884238B5044612D000688B680D4628B1E0
:1066500062689A420DD200F035FBAB68D5E90021A3
:1066600022600022C4E90113C5E90022AA60204685
:1066700038BD096805F0C1FAAB68A3600023AB60C0
:10668000204638BDF8B50446056849B915B1284615
:1066900000F018FB00232360C4E901332046F8BD55
:1066A00008460E4605F0B1FA074615B163689842F0
:1066B0000BD92846791C00F01BFB054660B1A36886
:1066C000C4E900070BB903702568A7603146284666
:1066D00005F093FA2046F8BD20680028DAD000F0D3
:1066E000F1FAD7E770B50E68EEB18D680DB90120EB
:1066F00070BD826804460068154410B163689D420D
:106700000AD9691C00F0F4FA68B1A268C4E900056E
:1067100012B902702068A2683146104405F06DFA83
:10672000A560012070BD002070BD00BF29B370B509
:10673000054608460C4605F068FA08B9012070BD08
:10674000AA682B68861813B169688E420CD918465E
:10675000711C00F0CDFA034668B1AA68C5E90006CD
:1067600012B902702B68AA682146981805F045FAFC
:10677000AE60012070BD002070BD0020704700BFDA
:1067800030B5836883B0044600688DF80410002299
:106790005D1C8DF8052010B1626895420AD9991CDC
:1067A00000F0A6FA60B1A368C4E9000513B903704C
:1067B0002068A368184401A905F01FFAA56001200C
:1067C00003B030BD70B50E6804461EB18D685DB96A
:1067D000204670BD206808B100F074FA00232360E1
:1067E000C4E90133204670BD82680068154410B1C9
:1067F00063689D420BD9691C00F07AFA0028E9D041
:10680000A268C4E9000512B902702068A268314686
:10681000104405F0F2F9A560DAE700BF70B5044650
:1068200031B108460D4605F0F0F958B9204670BD63
:10683000206808B100F046FA00232360C4E9013360
:10684000204670BDA2682368861813B161688E4225
:106850000DD91846711C00F04BFA03460028E7D00A
:10686000A268C4E9000612B902702368A26829462A
:10687000981805F0C2F9A660D8E700BF08B58A6885
:106880008368934201D0002008BD0068096848B1C0
:1068900029B105F0A8F9B0FA80F0400908BD1BB194
:1068A0000078F8E701B10BB9012008BD0878404233
:1068B000F1E700BF826808B52AB989B10878B0FA53
:1068C00080F0400908BD006829B105F08CF9B0FAE4
:1068D00080F0400908BD0078B0FA80F0400908BD9A
:1068E000012008BD08B58A688368934209D300680F
:1068F00030B1096839B105F090F9B0FA80F040097B
:1069000008BD002008BD084608BD00BF83688B4253
:1069100003D9006808B10844704702480023037097
:10692000704700BFB8B3002083688B4203D900686A
:1069300010B1405C70470020704700BF83683BB1D6
:1069400010B50468204605F041F920B1001B10BDC8
:106950004FF0FF3070474FF0FF3010BD8368934217
:1069600007D910B50468A01805F030F920B1001B54
:1069700010BD4FF0FF3070474FF0FF3010BD00BF2B
:10698000836843B110B504680968204605F06BF9C7
:1069900020B1001B10BD4FF0FF3070474FF0FF30AB
:1069A00010BD00BFF8B585686DB1036800225F5D5A
:1069B0005A5506680446304605F041F9775510B13E
:1069C0002368C01AF8BD4FF0FF30F8BD9A422DE998
:1069D000F84317461E460446884601D816461F4609
:1069E0000025C4E90055A5602846012100F080F982
:1069F00008B3C4E90005A5600570D8F80820B242C4
:106A000016D9974228BF1746D8F800300022DD5D1E
:106A1000DA55D8F80000861916D1206808B100F0C0
:106A200051F90023C4E901332360D8F80030DD5563
:106A30002046BDE8F883206808B100F043F9002340
:106A40002360C4E90133D8E7304605F0DEF881461B
:106A5000206810B1636899450BD909F1010100F074
:106A600047F90028D9D0A368C4E900090BB903701D
:106A70002068C4F80890314605F0BFF8D5E700BF9C
:106A80008368994203D20368816000225A54704798
:106A9000002A77D083688B4274D92DE9F0415C1AC3
:106AA000A24228BF2246D0F800C09B1A8C185F1A59
:106AB00083600CEB04060CEB01055ED001F1040EC3
:106AC0007244A645C8BF8A4261DC0B2F5FD973426E
:106AD00013F0030364D0B6462A461EF8018B02F871
:106AE000018B012B4FD072786A70022B05F10202E4
:106AF00006F1020E47D0B278AA70033603354FF084
:106B0000030EE2181944A7EB030862446144002312
:106B10004FEA980C013352F8044B41F8044B9C4562
:106B2000F8D828F0030398459E4405EB030206EBD2
:106B300003011FD0F45CEC540EF101039F4219D9FC
:106B40004B7853700EF102039F4213D98B789370E8
:106B50000EF103039F420DD9CB78D3700EF10403DD
:106B60009F4207D90EF1050E0B791371774501D9B4
:106B70004B795371D0F800C0836800220CF80320D1
:106B8000BDE8F0817047764615469E46B9E7013E5E
:106B9000634416F8012F05F8012B9D42F9D1E9E76E
:106BA0009E46AEE710B5046844B1207830B105F0D8
:106BB0000DF9207014F8010F0028F8D110BD00BFA6
:106BC00010B5046844B1207830B105F00CF920709C
:106BD00014F8010F0028F8D110BD00BF2DE9F041D5
:106BE0000768F7B18468E4B106463D4600E04546D3
:106BF000287805F1010804F0E5F80028F7D1013CF8
:106C00003C4402E0A54205D8013C207804F0DAF8C3
:106C10000028F7D1621C521BAF42B26003D300239D
:106C2000BB54BDE8F0813846294604F007F93768BF
:106C3000B268F4E7006808B104F068B8704700BFB4
:106C4000FEE700BF08B501F077FA4FF47A72A0FBB7
:106C50000223900A40EA835008BD00BF014638B5C0
:106C60004FF47A7200238002890D03F0B1FE0546CD
:106C700001F062FA0446EFF72BFB01F05DFA001B0E
:106C8000854200D838BD281ABDE8384001F078BBED
:106C900010B5044601F0CEFD022804D02046BDE820
:106CA000104004F0A9B801F03FFA204604F0A4F81F
:106CB000044601F0DFFA0CB1204610BD03F006F8DF
:106CC000FAE700BF10B5044601F0B4FD02280AD16E
:106CD00044B101F029FA204604F096F8BDE81040CE
:106CE00001F0C8BA10BD2046BDE8104004F08CB8D1
:106CF00038B504460D4601F09DFD022805D0294611
:106D00002046BDE8384004F015BF01F00DFA2046DA
:106D1000294604F00FFF044601F0ACFA0CB12046FE
:106D200038BD02F0D3FFFAE710B5044601F0FCF9D4
:106D3000204604F061F8044601F09CFA0CB12046AC
:106D400010BD02F0C3FF204610BD00BF50B110B50A
:106D5000044601F0E9F9204604F056F8BDE8104079
:106D600001F088BA704700BF38B51C469DF8105036
:106D700043B3002908BF1A460123C4E90F0122606A
:106D800084F8463002F020F8D4E90F132268A2609C
:106D900001FB03F1CB1A134400200A44FF21A06336
:106DA000E36084F84410626084F8451004F1100038
:106DB00003F0ECF904F1240003F0E8F902F00EF816
:106DC00084F84C50204638BDF8B5074615460E46A7
:106DD00069B100FB01F05030FFF7A6FF044690B305
:106DE000002200F1500380F84620036007E05020A5
:106DF000FFF79AFF044630B384F846602460C4E984
:106E00000F7601F0E1FFD4E90F132268A26001FBC5
:106E100003F1CB1A134400200A44FF21A063E3606E
:106E200084F84410626084F8451004F1100003F007
:106E3000ADF904F1240003F0A9F901F0CFFF84F8C3
:106E40004C502046F8BD00242046F8BD2DE9F04FF7
:106E5000044685B01D460192884601F0B5FFA26B3D
:106E6000E36BA84F4FF000099A424E46C0F08B806A
:106E7000022D00F006810198002800F03081B9F160
:106E8000000F00F0958001F0A9FF01F04DF901F02D
:106E90009BFF94F84430FF2B08BF84F8446094F8BB
:106EA0004530FF2B08BF84F8456001F097FF01A92A
:106EB00002A801F067FC002840F0188101F084FF6F
:106EC000A26BE36B9A4277D001F088FF01F07CFF60
:106ED00094F845304FFA83FABAF1000F1ADD636A6D
:106EE000C3B104F1240907E00AF1FF33DBB24FFA22
:106EF00083FA7BB1636A6BB1484601F0E9FB002875
:106F0000F2D001F077FC0AF1FF33DBB24FFA83FADB
:106F1000002BEFD1FF2384F8453001F05FFF01F033
:106F200053FF94F844304FFA83FABAF1000F1ADD98
:106F30002369C3B104F1100907E00AF1FF33DBB2A2
:106F40004FFA83FA7BB123696BB1484601F0C0FB6D
:106F50000028F2D001F04EFC0AF1FF33DBB24FFA09
:106F600083FA002BEFD1FF2384F8443001F036FF81
:106F700001F080F901F028FFA26BE36B9A424FF019
:106F80000109BFF475AF226CA66B002A40F0FC80AB
:106F900025680136002D00F01881A663636A002B76
:106FA00040F08C8001F01AFF012005B0BDE8F08FA1
:106FB00002A801F0DBFB66E704F1100901F00EFF07
:106FC0004846019901F008FB01F0FEFE94F845A047
:106FD0004FFA8AFABAF1000F1CDD636AD3B104F1EB
:106FE000240B08E00AF1FF3A5FFA8AF34FFA83FABA
:106FF00083B1636A73B1584601F06AFB0028F1D08F
:107000000AF1FF3A01F0F6FB5FFA8AF34FFA83FACE
:10701000002BEED1FF2384F8453001F0DFFE01F0B4
:10702000D3FE94F844304FFA83FABAF1000F06DC2D
:1070300015E00AF1FF33DBB24FFA83FA7BB1236923
:107040006BB1484601F044FB0028F2D001F0D2FBBE
:107050000AF1FF33DBB24FFA83FA002BEFD1FF23A3
:1070600084F8443001F0BAFE01F004F9002881D11F
:107070004FF080537B6040BFBFF34F8FBFF36F8FE4
:1070800078E7226CA66B002A82D04146E06803F0C4
:10709000D5FE236CE26821685B421A448A42E260B2
:1070A00080F0898062681344E360022D00F08380E1
:1070B0000136A663636A002B3FF474AF04F1240029
:1070C00001F006FB00283FF46DAF0E4B4FF08052ED
:1070D0005A6040BFBFF34F8FBFF36F8F62E70090DE
:1070E00001F07CFE009805B0BDE8F08F01F06CFE69
:1070F00094F845506DB2002D18DD636AB3B104F108
:10710000240607E000ED00E0013DEBB25DB26BB19B
:10711000636A5BB1304601F0DBFA0028F4D0013D30
:1071200001F068FBEBB25DB2002BF1D1FF2384F8D4
:10713000453001F053FE01F047FE94F844506DB223
:10714000002D16DD2369A3B104F1100605E0013D11
:10715000EBB25DB26BB123695BB1304601F0B8FAB6
:107160000028F4D0013D01F045FBEBB25DB2002BED
:10717000F1D1FF2384F8443001F030FE01F07AF8B9
:10718000002005B0BDE8F08F41465DBBA06803F06C
:1071900055FEA368216C62680B44934206F1010618
:1071A000A360FFF4FAAEA663636A2268A260002BB4
:1071B0003FF4F8AE82E7002E7FF4EFAE0123A36325
:1071C000636A002B3FF4EEAE78E7606801F084FB61
:1071D000A663636A6560002B7FF470AF00287FF4BC
:1071E00074AFDFE6E06803F029FE236CE2682168F3
:1071F0005B421A448A42E260BFF457AF52E700BFD5
:10720000F8B50C4679B300250123216081F846309A
:10721000C1E90F35064601F0D7FDD4E90F322168E8
:10722000A56303FB02F39A1A0A440B44FF27C4E93F
:107230000131E26084F8447004F1100084F8457074
:1072400002F0A4FF04F1240002F0A0FF01F0C6FD4B
:10725000C4E90055E56084F84C602B462A4629466F
:107260002046FFF7F3FD2046F8BD00BF2DE9F041B1
:107270008C4682B004461746EFF31186402282F313
:107280001188806BE26B904221D3022B05D0002045
:1072900086F3118802B0BDE8F08194F84550226C65
:1072A000D4F838806DB252BB236808F10108002B76
:1072B0004FD06B1CC4F8388037D001356DB284F8DC
:1072C0004550012086F3118802B0BDE8F08194F8A2
:1072D0004550226CD4F838806DB2002AE4D073B9DE
:1072E000A06803F0ABFDA368216C62680B44934275
:1072F00008F10108A360DCD32368A360D9E76146E5
:10730000E068019303F09AFD206CE2682168019B1C
:10731000404202448A42E26002D262681044E06065
:10732000022B10D008F10108C3E7636A002BC8D014
:1073300004F1240001F0CCF90028C2D0002FC0D005
:1073400001203860A4E7B8F1000F08BF4FF0010832
:10735000AFE76068019301F0BFFA019B6360A8E7A3
:1073600038B5EFF31184402383F31188826BC36B2C
:1073700093420ED990F8453001325BB282635A1CB9
:107380000BD001335BB280F84530012084F31188C3
:1073900038BD002084F3118838BD436A002BF4D037
:1073A00024300D4601F094F90028EED0002DECD0E9
:1073B00001202860EAE700BF2DE9F047044684B0C9
:1073C0008846019201F000FDD4F83890B9F1000F21
:1073D00040F09380019B002B00F00A8102A801F08D
:1073E000C5F9B34F4E4604F1240501F0F7FC00F057
:1073F0009BFE01F0E9FC94F84430FF2B08BF84F8B1
:10740000446094F84530FF2B08BF84F8456001F0D4
:10741000E5FC01A902A801F0B5F9002840F0878039
:1074200001F0D2FCA36B002B40F0E88001F0D6FC09
:107430000199284601F0D0F801F0C6FC94F84530D7
:107440004FFA83F9B9F1000F06DC15E009F1FF33BB
:10745000DBB24FFA83F97BB1636A6BB1284601F066
:1074600037F90028F2D001F0C5F909F1FF33DBB29A
:107470004FFA83F9002BEFD1FF2384F8453001F058
:10748000ADFC01F0A1FC94F844304FFA83FABAF154
:10749000000F1ADD2369C3B104F1100907E00AF1F6
:1074A000FF33DBB24FFA83FA7BB123696BB14846F5
:1074B00001F00EF90028F2D001F09CF90AF1FF3337
:1074C000DBB24FFA83FA002BEFD1FF2384F844306C
:1074D00001F084FC00F0CEFE00287ED14FF08053F6
:1074E0007B6040BFBFF34F8FBFF36F8F01F06CFC29
:1074F000D4F83890B9F1000F76D0226C52B1E1681F
:10750000636811449942E16024BF2168E16040460C
:1075100003F094FC09F1FF33A3632369002B40F0CF
:10752000C98001F05BFC012004B0BDE8F08701F0E8
:107530004BFC94F845304FFA83F9B9F1000F06DCA3
:1075400015E009F1FF33DBB24FFA83F97BB1636ACF
:107550006BB1284601F0BCF80028F2D001F04AF9DE
:1075600009F1FF33DBB24FFA83F9002BEFD1FF2390
:1075700084F8453001F032FC01F026FC94F84430E8
:107580004FFA83FABAF1000F1ADD2369C3B104F18F
:10759000100907E00AF1FF33DBB24FFA83FA7BB13F
:1075A00023696BB1484601F093F80028F2D001F04E
:1075B00021F90AF1FF33DBB24FFA83FA002BEFD146
:1075C000FF2384F8443001F009FC00F053FE01F081
:1075D000FBFBA36B63B101F001FC01F0F5FBD4F8F8
:1075E0003890B9F1000F88D1019B002B7FF4FDAEDC
:1075F00001F0F4FB002004B0BDE8F08701F0EEFBE1
:1076000001F0E2FB94F845304FFA83F9B9F1000F2D
:1076100006DC15E009F1FF33DBB24FFA83F97BB1E9
:10762000636A6BB1284601F053F80028F2D001F0EC
:10763000E1F809F1FF33DBB24FFA83F9002BEFD108
:10764000FF2384F8453001F0C9FB01F0BDFB94F83D
:1076500044304FFA83FABAF1000F1ADD2369C3B13F
:1076600004F1100907E00AF1FF33DBB24FFA83FAA5
:107670007BB123696BB1484601F02AF80028F2D0AB
:1076800001F0B8F80AF1FF33DBB24FFA83FA002BAE
:10769000EFD1FF2384F8443001F0A0FB00F0EAFDB5
:1076A00001F092FBD4F83890B9F1000F9CD024E798
:1076B00000ED00E004F1100001F00AF800283FF4AA
:1076C00030AF054B4FF080525A6040BFBFF34F8F31
:1076D000BFF36F8F25E700BF00ED00E02DE9F04319
:1076E000044685B00026019101F06EFBA36BB24FFA
:1076F000B0463546002B40F0F380019B002B00F094
:107700005D81B8F1000F00F0FC8001F067FB00F034
:107710000BFD01F059FB94F84430FF2B08BF84F8AF
:10772000445094F84530FF2B08BF84F8455001F0D1
:1077300055FB01A902A801F025F800286CD101F041
:1077400043FBA36B002B40F0E08001F047FB236874
:10775000002B00F03C8104F124094846019900F017
:107760003BFF01F031FB94F845304FFA83F8B8F154
:10777000000F06DC15E008F1FF33DBB24FFA83F8A7
:107780007BB1636A6BB1484600F0A2FF0028F2D0DB
:1077900001F030F808F1FF33DBB24FFA83F8002B29
:1077A000EFD1FF2384F8453001F018FB01F00CFB0A
:1077B00094F844304FFA83F8B8F1000F1ADD2369CA
:1077C000C3B104F1100907E008F1FF33DBB24FFA4F
:1077D00083F87BB123696BB1484600F079FF00283C
:1077E000F2D001F007F808F1FF33DBB24FFA83F86B
:1077F000002BEFD1FF2384F8443001F0EFFA00F0C2
:1078000039FD002864D14FF080537B6040BFBFF347
:107810004F8FBFF36F8F5BE001F0D6FA94F84530DD
:107820004FFA83F8B8F1000F1ADD636AC3B104F1AF
:10783000240907E008F1FF33DBB24FFA83F87BB18C
:10784000636A6BB1484600F043FF0028F2D000F0B5
:10785000D1FF08F1FF33DBB24FFA83F8002BEFD1F1
:10786000FF2384F8453001F0B9FA01F0ADFA94F83D
:1078700044304FFA83F8B8F1000F1ADD2369C3B121
:1078800004F1100907E008F1FF33DBB24FFA83F887
:107890007BB123696BB1484600F01AFF0028F2D093
:1078A00000F0A8FF08F1FF33DBB24FFA83F8002B9A
:1078B000EFD1FF2384F8443001F090FA00F0DAFCB5
:1078C00001F082FAA36B002B00F08A8001F086FAA7
:1078D00001F07AFAA36B4FF00108002B3FF40DAFD3
:1078E0002268013BA363002A00F09E802369002BDD
:1078F00040F0898001F072FA0126304605B0BDE8FB
:10790000F08302A800F032FFFFE601F067FA01F011
:107910005BFA94F845304FFA83F8B8F1000F1ADD9E
:10792000636AC3B104F1240907E008F1FF33DBB255
:107930004FFA83F87BB1636A6BB1484600F0C8FE2A
:107940000028F2D000F056FF08F1FF33DBB24FFA07
:1079500083F8002BEFD1FF2384F8453001F03EFA85
:1079600001F032FA94F844304FFA83F8B8F1000F7E
:107970001ADD2369C3B104F1100907E008F1FF33F0
:10798000DBB24FFA83F87BB123696BB1484600F054
:107990009FFE0028F2D000F02DFF08F1FF33DBB28C
:1079A0004FFA83F8002BEFD1FF2384F8443001F025
:1079B00015FA00F05FFC8BE700ED00E0009301F0AA
:1079C0000DFA009B1E46304605B0BDE8F08301F07D
:1079D000FBF9606800F03EFF064601F0FFF9BAE6E9
:1079E00001F0FCF9002E88D001F0EEF9616A19B1BE
:1079F000236B1968C1F10501606800F099FF00264A
:107A000001F0ECF979E704F1100000F061FE0028C4
:107A10003FF470AF064B4FF080525A6040BFBFF347
:107A20004F8FBFF36F8F65E700F0B8FF60605DE7D1
:107A300000ED00E010B5044601F0C6F9A46B01F0BA
:107A4000CDF9204610BD00BF104B5A68904208D0B7
:107A5000DA68904208BF012204D090F8463093B112
:107A600070470022002110B403EBC20443F8321027
:107A700090F84630616013B15DF8044B70475DF8D3
:107A8000044BFFF763B9FFF761B900BF00BE0020E8
:107A9000074B1A681AB19A6802B17047012210B4F4
:107AA00003EBC20443F8321060605DF8044B70478A
:107AB00000BE002070B505460C46164601F084F95C
:107AC00095F84430FF2B04BF002385F8443095F827
:107AD0004530FF2B04BF002385F8453001F07EF9C7
:107AE000AB6B2BB93246214605F1240000F0B0FD06
:107AF00001F06AF995F8454064B2002C16DD6B6A16
:107B0000A3B105F1240605E0013CE3B25CB26BB120
:107B10006B6A5BB1304600F0DBFD0028F4D0013C1D
:107B200000F068FEE3B25CB2002BF1D1FF2385F8D0
:107B3000453001F053F901F047F995F8444064B23B
:107B4000002C16DD2B69A3B105F1100605E0013C00
:107B5000E3B25CB26BB12B695BB1304600F0B8FDAB
:107B60000028F4D0013C00F045FEE3B25CB2002BEB
:107B7000F1D1FF2385F84430BDE8704001F02EB903
:107B80002DE9F041044601F01FF9344A344D1368E1
:107B9000013313602B68002B2FD0324EE36A32681A
:107BA0002AB33148314907680A689F4238BF0360E9
:107BB0002F48013203EB83030A6000EB8300E2638A
:107BC000211D02F0F3FA01F009F933686BB12A685C
:107BD000E36AD26A9A4208D2264B4FF080525A602A
:107BE00040BFBFF34F8FBFF36F8FBDE8F0812A68AE
:107BF000D26A9A4298BF2C60D3E72C601368012B9D
:107C000002D0E36A174ECCE71948DFF894801A4F88
:107C1000144E02F0BBFA194802F0B8FA184802F004
:107C2000B5FA184802F0B2FA174802F0AFFA404627
:107C300002F0ACFA384602F0A9FA144802F0A6FAAB
:107C4000134802F0A3FA134802F0A0FA124B134AA9
:107C5000C2F800801F60E36AA3E700BF2CB40020D5
:107C6000BCB300208CB4002040B400203CB4002001
:107C7000C8B3002000ED00E058B40020DCB30020C1
:107C8000F0B3002004B4002018B4002078B4002021
:107C9000A4B4002090B40020C4B30020C0B30020DE
:107CA00044B400202DE9F843DDE90964002C60D0DC
:107CB00016B93046BDE8F8830D4697009846022372
:107CC0003A4684F85130814626633046A52103F0B8
:107CD000D9F82A78236B84F83420043F2A781F448B
:107CE00027F0070702B36B7884F835306B78DBB187
:107CF000AB7884F83630AB78B3B1EB7884F83730B2
:107D0000EB788BB12B7984F838302B7963B16B79B0
:107D100084F839306B793BB1AB7984F83A30AB7980
:107D200013B1EB7984F83B30089D042D28BF04255E
:107D30000026E5626564201D84F83B60A66402F0BD
:107D400031FAC5F1050504F1180002F02BFAE664DA
:107D500042464946A561246184F850606462384611
:107D600000F0F6FF20602046FFF70AFF2046BDE83E
:107D7000F8832046BDE8F8832DE9F0479600804659
:107D800030460D469946099FFEF7CEFF002869D080
:107D900082465420FEF7C8FF044600285BD000232B
:107DA000C0F830A03246504684F85130A52103F087
:107DB00069F82A78236B84F83420043E2A781E441C
:107DC00026F0070A02B36B7884F835306B78DBB1A4
:107DD000AB7884F83630AB78B3B1EB7884F83730D1
:107DE000EB788BB12B7984F838302B7963B16B79D0
:107DF00084F839306B793BB1AB7984F83A30AB79A0
:107E000013B1EB7984F83B30089D042D28BF04257D
:107E10000026E5626564201D84F83B60A66402F0DC
:107E2000C1F9C5F1050504F1180002F0BBF9E664DB
:107E3000A561246184F8506064624A464146504618
:107E400000F086FF206007B13C602046FFF798FEF7
:107E50000120BDE8F0875046FEF778FF4FF0FF3075
:107E6000BDE8F0874FF0FF30F3E700BF70B5044680
:107E70004C4E00F0A9FF002C39D0251D284602F0F9
:107E8000BFF9A36A1BB104F1180002F0B9F9294641
:107E90004548464D02F08AF994F85030012B04BF52
:107EA000002384F8503000F099FF2B6893B93368B1
:107EB000A34200D070BD2B68DBB93B493C4A09683E
:107EC0001268914226D03B4B1B682BB33A4B0122E0
:107ED0001A6070BD00F078FF384B1A68126892B9CA
:107EE000374B4FF0FF321A6000F078FFDFE734685D
:107EF000C3E7344B4FF080525A6040BFBFF34F8FFF
:107F0000BFF36F8F70BD1A682D4BD268D26852686C
:107F10001A60E9E7336070BD274A1360326833683E
:107F200012681B6B9A4236D9274C28492268930065
:107F3000981880000858E0B9551EAB005819800009
:107F4000085830BB951EAB0058198000085800BB7C
:107F5000D51EAB00581980000858D0B9151FAB00CA
:107F6000581980000858A0B9053A93009818800065
:107F7000085813449B00CD1808336868406868604F
:107F80000B44984204BF40686860C3683360226055
:107F900070BD2A46EDE730683168343101F094FE57
:107FA000C2E700BFBCB3002090B400208CB4002016
:107FB0002CB4002038B40020BCB40020C0B3002092
:107FC00070B4002000ED00E040B40020C8B30020F1
:107FD00080B170B51B4D2B6883420AD0044600F077
:107FE000F3FE194B62699A4205D0BDE8704000F07B
:107FF000F5BE70BD7047A36A144A9342F5D0002BBA
:10800000F3D1261D304602F0FBF8114AE36A1168ED
:1080100010488B4288BF136003EB830300EB83009F
:10802000314602F0C3F82B68E26ADB6A9A42DCD37D
:10803000094B4FF080525A6040BFBFF34F8FBFF3E0
:108040006F8FD2E7BCB3002090B4002078B400203A
:1080500040B40020C8B3002000ED00E070B584B04B
:10806000002503AA02A901A8CDE9015501F030FEBF
:10807000019C002C46D00298002843D0039E206328
:108080000223B600A521324684F8513002F0FAFEF0
:10809000236B1F4A6263201D84F83850043E84F825
:1080A0003B50E562C4E911551E4402F07BF804F12F
:1080B000180002F077F826F007060523A3612A4688
:1080C0001449E56430462461646284F8505000F03D
:1080D0003FFE20602046FFF753FD0F4B1C6000F071
:1080E000DBFD012811D1402383F311880B490C4A91
:1080F0000C4B4FF0FF340C6010601D6000F03EFE32
:1081000004B070BD044B00221A6004B070BD00BF03
:1081100049444C45058403006CB4002070B4002031
:108120008CB40020B8B40020024A136801331360F5
:10813000704700BF38B40020014B1868704700BF7B
:10814000B8B40020024A136818441060704700BF9A
:10815000B8B400202DE9F04F3B4B1B6883B0002BD7
:1081600042D13A4B1F6801371F60002F4AD0384B6D
:1081700001931B68BB423BD8364EDFF8EC80DFF83A
:10818000ECA0DFF8EC90002525E03368DB68DC68C4
:10819000636804F1040B9F42584651D302F030F853
:1081A000A36A04F118000BB102F02AF8E36AD8F8C8
:1081B000002003EB8300934259460AEB800088BFFE
:1081C000C8F8003001F0F2FFD9F80030E26ADB6A4B
:1081D0009A4228BF012533681B68002BD5D1019A2C
:1081E0004FF0FF33136004E01B4A13680133136040
:1081F00000251A4B1B68002B0CBF2846012003B03A
:10820000BDE8F08F134E164B3168164A186830607F
:10821000196013680133136033681B683BB90C4B5A
:1082200001931A464FF0FF3313601346A1E73368FA
:10823000074ADB680192DB685B681360134698E7C6
:10824000019A1360D5E700BF38B40020B8B400200D
:1082500070B40020C0B3002034B40020BCB40020AF
:10826000C4B3002074B4002040B40020C8B3002080
:10827000BCB300202DE9F04700F0A6FD354B1A688D
:10828000013A1A601C68002C57D1334B1B68002B35
:1082900053D0DFF8E0A0314E314FDFF8DC90DFF84B
:1082A000DC80336813B3F368DC68251D04F1180023
:1082B00001F0A6FF284601F0A3FFE36A3A6803EB4A
:1082C00083009342294609EB800088BF3B6001F0A0
:1082D0006DFFD8F80030E26ADB6A9A424FF0010382
:1082E000DFD3CAF800303368002BDCD13CB11D4B22
:1082F0001A6812683ABB1C4B4FF0FF321A601B4DD4
:108300002C6844B10126FFF725FF08B1CAF80060C8
:10831000013CF8D12C60DAF8003073B1144B4FF007
:1083200080525A6040BFBFF34F8FBFF36F8F01245D
:1083300000F054FD2046BDE8F087002400F04EFD1B
:108340002046BDE8F0871A68074BD268D2685268A9
:108350001A60D4E738B400202CB4002078B4002090
:1083600040B40020C0B3002070B4002034B400201A
:1083700000ED00E0BCB40020C8B30020BCB3002076
:1083800070B548B9184B4FF080525A6040BFBFF3E8
:108390004F8FBFF36F8F70BD144A15491368154E88
:1083A000013313600D6804463068043001F028FF83
:1083B000336864195C600FD20F4B18683168043160
:1083C00001F004FF0D4B1A68944238BF1C60FFF7A0
:1083D00051FF0028D6D070BD094B186831680431B0
:1083E00001F0F4FEF3E700BF00ED00E038B4002038
:1083F000B8B40020BCB30020C0B3002070B400208B
:10840000C4B300202DE9F84F3C4E3D4D3D4CDFF804
:108410000891DFF80881DFF808B14FF0805A23682F
:10842000D3B100F0D1FCF368DF68381D01F0E8FE3D
:108430002B68013B2B602368013B236000F0CEFCDE
:1084400097F85130002B37D0012BE8D13846FEF792
:108450007DFC2368002BE4D12B4B1B68012B06D934
:10846000CBF804A040BFBFF34F8FBFF36F8F00F076
:1084700041FED9F8003033BBD8F80030DB6A002B5E
:10848000CDD1214B1B68012BC9D8204B204A1B683A
:1084900012689B1A012BC2D91E4A1368013313605C
:1084A000D9F80030BBB1D8F80030DB6A0BB9164BF5
:1084B0001B68FFF7DFFEB2E7386BFEF747FC384674
:1084C000FEF744FCABE7D8F80030DB6A002BA6D1FE
:1084D0000D4B1B68A3E7D8F80030DB6A002BE8D10E
:1084E000094B1B68012BE4D8084B1868084B1B6824
:1084F000C01A0128DDD900F0DDFCDAE7A4B40020C1
:108500002CB4002030B40020C8B3002070B4002088
:10851000B8B4002038B4002040B40020BCB3002020
:1085200000ED00E0274B1B68002B40D1264A70B5B8
:10853000264C13602268236812681B6B9A423AD952
:10854000234D24492A689300981880000858E0B900
:10855000561EB30098198000085830BB961EB30011
:1085600098198000085800BBD61EB30098198000E7
:108570000858D0B9161FB300981980000858A0B940
:10858000053A930098188000085813449B00CE18B1
:1085900008337068406870600B44984204BF4068BC
:1085A0007060C36823602A6070BD3246EDE7064BF9
:1085B00001221A60704720682168343101F084FB81
:1085C000BEE700BF38B40020BCB40020BCB300201C
:1085D00040B40020C8B3002070B5174D2B680C467E
:1085E00003F1180101F0F2FD144B1E6828680430F5
:1085F00001F006FE631C17D02B68A4195C600BD237
:108600000F4B18682968043101F0E0FD0D4B1A6822
:10861000944238BF1C6070BD0B4B18682968BDE8D8
:108620007040043101F0D2BD296808480431BDE82A
:10863000704001F0BBBD00BFBCB30020B8B4002047
:10864000C0B3002070B40020C4B3002090B4002058
:1086500070B5194D2B680C46164603F1180101F050
:10866000A5FD164B5EB11B682868043001F0C8FDFB
:10867000296813480431BDE8704001F097BD1E68B9
:108680002868043001F0BCFD2B68A4195C600BD293
:108690000C4B18682968043101F098FD0A4B1A68E0
:1086A000944238BF1C6070BD084B18682968BDE84B
:1086B0007040043101F08ABDBCB30020B8B4002082
:1086C00090B40020C0B3002070B40020C4B30020D8
:1086D00038B5C368DC6804F11805284601F090FD40
:1086E0001A4B1B682BBB251D284601F089FD184A33
:1086F000E36A116817488B4288BF136003EB83035A
:10870000294600EB830001F051FD134BE26A1B6820
:10871000DB6A9A4282BF114B01201860104B1A6825
:10872000126898BF00204AB90E4B4FF0FF321A6012
:1087300038BD29460C4801F039FDE6E71A68094BB7
:10874000D268D26852681A6038BD00BF38B40020C1
:1087500040B40020C8B30020BCB30020BCB400204B
:10876000C0B3002070B4002078B40020034A044B4A
:1087700012681B68C0E90023704700BF74B4002072
:10878000B8B40020F8B50D46044600F01DFB2B6878
:108790001649581C0A6813D0DFF854C0D4E90060A9
:1087A000DCF80070BE4201D090421AD9121A9342EE
:1087B0000BD800232B60012500F010FB2846F8BDE4
:1087C000002500F00BFB2846F8BDDCF800009B1AE2
:1087D0000A682B60C4E90002002500F0FFFA284671
:1087E000F8BD012500F0FAFA2846F8BDB8B400201B
:1087F00074B40020014B01221A607047BCB4002001
:10880000084B186860B9084B1B6853B9074A084BF6
:1088100010681B68013B984214BF0120022070477A
:108820000020704778B40020BCB4002090B4002031
:108830002CB40020054B1B6833B1054B1B68002B83
:108840000CBF022000207047012070478CB400202C
:1088500038B4002018B3F8B51C4CC36A2268D26A39
:10886000934214D28269002A04DB2268D26AC2F1E0
:1088700005028261164D426903EB830305EB830316
:108880009A420DD02368DB6AC3620120F8BD2368D9
:10889000406CDB6A98422CBF00200120F8BD704775
:1088A000061D0746304601F0ABFC2268094BD06A32
:1088B0001A68F862904200D9186000EB800005EB5E
:1088C0008000314601F072FC0120F8BDBCB30020ED
:1088D000C8B3002040B4002050B138B5C16A836CE1
:1088E000426C013B9142836400D01BB1002038BD33
:1088F00000207047051D0446284601F081FC0A4A05
:10890000636C1168E362C3F105008B42A061074804
:1089100088BF136003EB830300EB8300294601F05B
:1089200045FC012038BD00BF40B40020C8B3002082
:1089300048B1426CC36A914238BF11468B4202D0A3
:10894000826C012A00D07047826970B5114DC162F6
:10895000002A03EB83034269A8BFC1F1050105EBBF
:108960008303A8BF81619A4200D070BD061D0446F2
:10897000304601F045FC084BE06A1A68904288BF17
:10898000186000EB800005EB80003146BDE87040C8
:1089900001F00CBCC8B3002040B40020044B1A689E
:1089A0001AB119688A6C01328A641868704700BF6E
:1089B000BCB300202DE9F04FAD4EDFF8C482AD4DC1
:1089C00089B033681C68002C00F08E80DB681C685E
:1089D000FFF7AAFBFFF7B0FBD8F800309842074634
:1089E0005DD38442C8F8000040F20B810022E11BF5
:1089F0002868FFF75FF8FFF73DFC88B99E4A4FF003
:108A00008053536040BFBFF34F8FBFF36F8F07E0BA
:108A1000019B039920469847009B002B80F23881E8
:108A2000286800226946FEF7C7FC0028C9D0009BD1
:108A3000029C002BECDB636913B1201D01F0E0FB0D
:108A4000FFF77AFBD8F800309842814643D3009B69
:108A5000C8F80090092BE3D8012202FA03F313F4BB
:108A6000047F69D113F0C70F40F0A1809B06D7D5D2
:108A700094F82C30002BD3D12046FEF767F9CFE7CE
:108A8000DB68DC68D3F800A004F10409484601F073
:108A9000B7FB636A20469847E369012B36D03368F9
:108AA0001A68002AECD17549C8F800700A6832606B
:108AB0000B60FFF7DFFBB3E7DB68DF68D3F800B0DC
:108AC00007F1040A504601F09BFB7B6A3846984741
:108AD000FB69012B25D033681A68002AECD167495D
:108AE0000A6832600B60B2E7FFF71EFBFFF724FB5A
:108AF000D8F8003083420746D1D8604BC8F80070E0
:108B00001B681A68B2FA82F2520970E7A3695344EB
:108B10009A45494622D263602461306801F056FBD1
:108B2000BDE7BB695B449B45514627D27B603F61F3
:108B3000306801F04BFBCEE7019B246103EB090297
:108B40004A45A36162602CD8002B3FF469AF4B4BC0
:108B5000211D186801F03AFB286862E72B68002B9A
:108B60009DD00023CDE9043A0694FFF763FE00236D
:108B70001A4604A92868FEF769F990E72B68002BCC
:108B8000A9D00023CDE9043B0697FFF753FE00234D
:108B90001A4604A92868FEF759F99CE74B4500D905
:108BA00098B13068211D01F011FB286839E7019B5D
:108BB000A269246199182CBF0120002049456160F9
:108BC000ECD8A9EB03039A42C1D8636A20469847C0
:108BD000E369012B7FF424AF019BA2692868134449
:108BE00000283FF41EAF0022CDE904230694FFF7CE
:108BF00021FE00231A4604A92868FEF727F92868F1
:108C00000FE7FFF737FB3368DB68D3F80C9009F107
:108C1000040A504601F0F4FAD9F81C30012B04D0B4
:108C2000D9F8243048469847FAE6D9F81830C9F8F8
:108C30001090E218BA42C9F8042004D951463068AD
:108C400001F0C4FAECE73F1BBB421BD82B68002B9A
:108C5000E6D00023CDE90434CDF81890FFF7EAFD03
:108C600000231A4604A92868FEF7F0F8D8E700BFE9
:108C7000C0B4002044B7002000ED00E0C4B40020E0
:108C8000F0B60020034B5146186801F09FFAC7E781
:108C9000029CD0E6C4B40020F0B5204C89B000F0AE
:108CA00093F82568FDB100F099F82068C8B1002458
:108CB00007AA06A905A8CDE9054401F017F8DDE9E2
:108CC00005300221CDE90010079A02931449154896
:108CD0002346FEF7E7FF144A0346001B18BF012096
:108CE000136009B0F0BD114F114E384601F04EFA35
:108CF000304601F04BFA0F4A0F4900950F4B1760B1
:108D00000E600F4A10212020FEF72EF82060002868
:108D1000C9D00C49FEF7BCFEC5E700BF44B7002030
:108D2000A8F10300B589030048B70020C8B60020A9
:108D3000DCB60020C0B40020C4B40020F4B600208B
:108D4000C8B40020A0F10300402383F31188FEE79C
:108D500030B46FF002034FF08075074C40F8045CAC
:108D600040F80C4C40F8081C40F8202C40F8243CFB
:108D700030BC4438704700BF498D03000F4C08B524
:108D8000E02384F8223000F077F80D4B0D4A0021E3
:108D90001960D4F8883043F47003C4F888305368FD
:108DA00043F040435360236943F01003236100F014
:108DB0004FF9402383F31188FEE700BF00ED00E088
:108DC0004CB7002030EF00E0402383F31188024AC3
:108DD00013680133136070474CB70020034A1368CF
:108DE000013B13600BB983F3118870474CB7002027
:108DF00041DF704712DF704770B51B4B00251D60C7
:108E000082B01B680193019BEFF31186402383F32B
:108E10001188164A164BD2F804451D601B68009352
:108E2000009BFFF789F9241A24F07F44012C0DD808
:108E300044B1FFF78FF9054625B10E4B4FF0805234
:108E40005A6040BF86F3118802B070BDFFF7F2FC94
:108E50000228EED1013CFFF77DF9013C631C45EA95
:108E60000005F8D1E8E700BF4011014000100140C3
:108E70000011014000ED00E00B4B0C4930B41F2005
:108E80000B4DC3F8080501220224E020C3F8042397
:108E90002A601A60C3F8444381F811034FF4003389
:108EA0000B6030BC704700BF0010014000E100E0E3
:108EB000081001402DE9F041804684B0EFF31082A4
:108EC00072B6584CA36883B9574B58480121A1602A
:108ED000D3F8801001402160C3F88000D3F88410DB
:108EE00061604FF0FF31C3F8841002B962B6504E92
:108EF000D6F80475FFF784FC00283DD04D4A4E4952
:108F0000424528BF4246BB1823F07F43012000257D
:108F1000C6F80803C6F840350D600B6801934FF49E
:108F200080330199C6F80433BFF34F8FB8F1000FB7
:108F300054D13F4B404D41494FF48030C3F80803B2
:108F4000002028602D680395039D08600968029140
:108F500001210298C3F80413D3F804353249DB1B0E
:108F600023F07F45954228BF15464FF40033012D6D
:108F7000C1F8803111D827D0A3685BB1EFF310831B
:108F800072B6294A21681160616851600022A260AE
:108F900003B962B604B0BDE8F081681EFFF7D2F8ED
:108FA000274BDB68DA010FD5264A1368DB070BD5A0
:108FB000254B516803FB05F5A5F57425A5F510753E
:108FC000AD0A01EB85155560FFF7C4F80028D3D032
:108FD0001E4B4FF080525A6040BFCDE7F1EE103A81
:108FE00023F09F03E1EE103AF1EE103A0E4B04A885
:108FF0004FF480614026C3F88461C3F8841100F8FF
:10900000045DFFF7F7FE9DF80C1039B920BFD3F8C7
:109010000001D3F804110143F8D08AE7FFF7E8FE16
:1090200087E700BF14BE002000E100E0FC06FFBDA2
:1090300000100140FDFFFF00401101400011014000
:10904000F0ED00E0001000E040420F0000ED00E015
:109050000748006880F3088862B661B6BFF34F8F97
:10906000BFF36F8F4FF0E00080F3118800DF00BF87
:1090700000600200064B19680868B0E8F04F80F302
:109080000988BFF36F8F4FF0000080F3118870479D
:10909000BCB30020EFF30980BFF36F8F144B1A6845
:1090A0001EF0100F08BF20ED108A20E9F04F10606D
:1090B0004DF8043D4FF0400080F31188BFF34F8F0F
:1090C000BFF36F8FFFF72EFA4FF0000080F3118887
:1090D00008BC19680868B0E8F04F1EF0100F08BF10
:1090E000B0EC108A80F30988BFF36F8F704700BF20
:1090F000BCB30020704700BF002942D0931E222B32
:109100003FD8F0B50A2A8BB035D04FF0000E01AF32
:109110003B4688B1B0FBF2F602FB16055FFA85FC10
:10912000092D0CF1570498BF0CF13004E4B230461D
:1091300003F8014B0028EDD1302201E003F8012BA8
:10914000BB42FBD0BEF1000F11D10D46BB4209D985
:10915000681E1A4612F8014D00F8014FBA42F9D1C3
:109160009B1A1D44002308462B700BB0F0BD2D2226
:109170000A704D1CEAE70028C7DA40424FF0010EA2
:10918000C5E70020704700BF79B3931E222B2CD86F
:10919000F0B48AB001AF3C4670B1B0FBF2F602FB0E
:1091A0001605EBB2092D94BF30335733DBB230468E
:1091B00004F8013B0028F0D1302301E004F8013B22
:1091C000BC42FBD00FD94A1E234613F8010D02F80A
:1091D000010FBB42F9D1E41A0C4400230846237066
:1091E0000AB0F0BC70470C46F7E70020704700BF9C
:1091F00079B3931E222B2CD8F0B48AB001AF3C4631
:1092000070B1B0FBF2F602FB1605EBB2092D94BF6C
:1092100030335733DBB2304604F8013B0028F0D13D
:10922000302301E004F8013BBC42FBD00FD94A1EB9
:10923000234613F8010D02F8010FBB42F9D1E41ADD
:109240000C440023084623700AB0F0BC70470C465B
:10925000F7E70020704700BF0A490B4A0B4B9B1AE7
:1092600003DD043BC858D050FBDC094809494FF0E6
:10927000AD32026004300439FBD100F037FCECF76A
:10928000E7FF0000D0F403000060002038630020F6
:1092900000F8032000080000FEE7FEE7FEE7FEE717
:1092A000FEE7FEE7FEE7FEE7FEE7FEE708B5002083
:1092B000EDF708F8F8F754FC0E4B43B10E4B7BB1B9
:1092C000F9F7CCF900F0F0FCFCF7F0FFF8E7F9F75C
:1092D000C5F900F0E9FCF9F7C1F900F0E5FCF6E7A3
:1092E000F9F7BCF900F0E0FCF9F7B8F900F0DCFCA4
:1092F000F6E700BF00000000AD62030000B583B0D8
:1093000000F03EFEFCF7D2FA0E4B019301234FF41E
:1093100080620D4900930D480023FEF72DFD4FF4A8
:10932000407000F0E1FDFEF799FEBFF34F8F084952
:10933000084BCA6802F4E0621343CB60BFF34F8F5F
:1093400000BFFDE750B70020B0F10300AD9203006D
:1093500000ED00E00400FA0538B507480C46154654
:10936000EDF73AF900B938BD2A4621460248BDE872
:109370003840EDF709B800BF54630020114B1A784C
:10938000EAB90178104810B40A464FF0804402F060
:109390000102C1F34001C4F88015C4F878250268C1
:1093A000D20706D4E021012280F80013C0F8802102
:1093B0000260012205481A705DF8044B70470448AA
:1093C000704700BF10BE002000E100E00000AD0BC0
:1093D0000C00AD0B0268074B4FF0804010B4002129
:1093E0004FF46074C0F80843196002B11A605DF868
:1093F000044B70475CB700204FF080434FF460721D
:10940000C3F80423704700BF10B54FF0804386B007
:10941000D3F80443620705D5D3F8082103F5847314
:10942000002A4ED1A30603D52A4B1A68002A3FD141
:10943000600603D5284B1A68002A2FD1210602D5D1
:10944000264B1A680ABBE20502D5254B1A6892B969
:10945000A3050ED5234B1A685AB100221A601A6868
:10946000214B0592059A1B68022006B0BDE810400A
:10947000184706B010BD00221A601B4A1B680493EF
:1094800001201368049A9847E2E700201860164A02
:109490001B6803931368039A9847D4E700221A6065
:1094A000124A1B68029301201368029A9847C5E785
:1094B000002018600D4A1B6801931368019A9847B1
:1094C000B6E700221A600A4A1B6800931368009AE4
:1094D0009847A7E714010040180100401C01004014
:1094E00020010040240100405CB7002058B7002054
:1094F00054B700202DE9F04F04799D4DE60037194F
:10950000BF0005EB070E83B09EF81CC0BCF1000F36
:1095100040F0E58091F80CC00068EA51CEF80430C4
:10952000BCF1010F0B7840F2DE801F2B87BF03F0E8
:109530001F08DFF840E298464FF0A04E012707FAD7
:1095400008F7CEF808751F2B8BBF03F01F071F46C7
:10955000DFF820E24FF0A04E07F5E0774FF001086A
:109560004EF827804F78FF2F00F0E9801F2F8ABF29
:1095700007F01F09B946DFF8FC81009798BF4FF04C
:10958000A04809F5E07A4FF0010E0EFA09FE4FF0FF
:109590000309C8F80CE548F82A9091F802E0BEF1FA
:1095A000FF0F00F0D580BEF11F0F91F80EA088BF0D
:1095B000DFF8C0B1CDF804E08EBF0EF01F08F04612
:1095C0004FF0A04B08F5E0784FEA8A0A4BF828A044
:1095D00006EB040805EB880888F820E091F803E022
:1095E00088F81FE0BEF1FF0F2AD091F80490F046F2
:1095F000B9F1000F40F08680BEF11F0F87BF0EF05B
:109600001F0B5C4FF3464FF0A0474FF0010A0AFAD8
:109610000BFAC7F808A5BEF11F0F86BF0EF01F0892
:10962000DFF850A14FF0A04A08F5E07806EB040EF1
:109630004FF0030B05EB8E0E4AF828B08EF81E9003
:1096400091F80DE0C0F80835009BD1F80880C0F80B
:109650000C351EF1000318BF0123019FC0F81075DF
:10966000BCF1020FC0F824857FD0BCF1030F79D084
:10967000BCF1010F56D0C0F854358B79C0F8C03515
:10968000002A58D040220723C0F80423C0F8003530
:109690004A79000B43B25201002BD1B2C0B25BDB5E
:1096A0005A09920002F1604203F16043012702F57A
:1096B000614203F5614300F01F0007FA00F083F8F0
:1096C0000013C2F880011060344405EB84052A4879
:1096D000002201236A772B7703B0BDE8F08F27487B
:1096E00003B0BDE8F08F1F2B87BF03F01F08DFF822
:1096F00084E098464FF0A04E012707FA08F7CEF80D
:109700000C7520E7BEF11F0F87BF0EF01F0B194F1E
:10971000F3464FF0A0474FF0010A0AFA0BFAC7F8D8
:109720000CA578E743F00203C0F854358B79C0F8F4
:10973000C035002AA6D10723C0F80035C4E791F848
:1097400002E04FF0FF37BEF1FF0F00977FF42BAF21
:109750004FF0FF3701973BE7094B00F00F00034440
:109760001976B1E743F0060385E743F0040382E787
:1097700060B70020000300500000AD0B0500AD0BEA
:10978000FCEC00E0F0B40479294A0368E1000D190B
:10979000AD005659EEB11F0B7EB2002E11DB7609DB
:1097A00020360123DFF89CC007F01F0703FA07F7F4
:1097B0004CF82670BFF34F8FBFF36F8F5559036876
:1097C0003DB1081902EB80001A4DC3F80853407FE1
:1097D00010BB081902EB800090F82000FF280BD086
:1097E0001F288ABF00F01F004FF0A045124D00F562
:1097F000E070022645F82060104800258342C3F837
:10980000005502D10E4B01201860214402EB810269
:1098100000231377F0BC704701205861D3F804018E
:109820000028FBD0081902EB800000254577D0E71F
:1098300060B70020520108000003005000F0024011
:1098400004F0024000E100E02DE9F04F0479644F9C
:109850004FEAC40C0CEB04039B008646F8180E4636
:10986000417F83B0002940F0918057F803909046E3
:10987000B9F1000F04D012F0140F04BF0123437795
:109880000CEB040507EB850596E80F0095F81FA083
:1098900005F10C0BBAF1FF0F8BE80F0010D0AA7F77
:1098A0005346002A76D0BAF11F0F86BF0AF01F0375
:1098B0004C494FF0A041012202FA03F3C1F80835E8
:1098C00032686AB102F06043B3F1005F08D06444CB
:1098D00007EB8407002344487B7703B0BDE8F08F93
:1098E000B16821B101F06043B3F1005FEFD1DEF860
:1098F00000307568F068C3F844250022C3F8485565
:10990000C3F83415C3F83805C3F81821D3F8182163
:109910000192019A18F0010218BF0122C3F85025E4
:1099200018F0020218BF012218F0080FC3F84025F2
:1099300004BF01221A61B9F1000F0BD02B4840225D
:1099400018F0040F14BFC3F80823C3F8042303B0AE
:10995000BDE8F08FD3F81821002AFBD0BAF1FF0F31
:109960002CD0644407EB8407BB7F4BB3BAF11F0FC5
:1099700084BF0AF01F0A1B4A1C4898BF4FF0A04240
:10998000012303FA0AF3C2F80C35A6E7184803B01E
:10999000BDE8F08FBAF11F0F4FF0010288BF0AF047
:1099A0001F0302FA03F388BF0E49326898BF4FF0D5
:1099B000A041C1F80C35002A84D191E70B488CE70F
:1099C000BAF11F0F84BF0AF01F0A064A074898BF62
:1099D0004FF0A042012303FA0AF3C2F808357CE7EE
:1099E00060B70020000300500A00AD0B0000AD0B73
:1099F0000B00AD0B194BD3F8182102B970470021A9
:109A0000174AC3F81811D3F81811D37F82B0FF2B6F
:109A1000019101990DD0917F99B11F2B86BF03F061
:109A20001F0310484FF0A040012101FA03F3C0F8D2
:109A30000C35002353771372D2E900310A4802B083
:109A400018471F2B86BF03F01F0306484FF0A040A6
:109A5000012101FA03F3C0F80835EAE700300240BB
:109A600060B700200003005068B700201B4BD3F8FC
:109A7000182102B970470021194AC3F81811D3F808
:109A8000181192F8433082B0FF2B019101990ED04A
:109A900092F84210A9B11F2B86BF03F01F03114893
:109AA0004FF0A040012101FA03F3C0F80C35002368
:109AB00082F8413082F82C30D2E909310A4802B0EC
:109AC00018471F2B86BF03F01F0306484FF0A04026
:109AD000012101FA03F3C0F80835E8E700F002407D
:109AE00060B70020000300508CB70020604B1B685B
:109AF00030B45C1C37D05F4A082B126800F08F80AE
:109B00005B4B5C4A1B681268082B15D0591C23D08C
:109B1000584A1268082B12D0574AD2F8883043F4BA
:109B20007003C2F88830BFF34F8FBFF36F8F534B72
:109B3000534A1A6030BC7047002A00F08280032A22
:109B4000EAD84FF08043D3F80024D20744BF6FF027
:109B50000102C3F80024DFE74A4A4B4B12681B7826
:109B6000C2F30312D6E7484A464B12781B68082A0C
:109B7000C3F3031301D1032B53D9424A424B12685A
:109B80001B78C2F30312082BBAD1032AB8D84FF0BE
:109B900080523E4BD2F80414C3F82015D2F80814B2
:109BA000C3F82415D2F80C14C3F82815D2F81014F1
:109BB000C3F82C15D2F81414C3F83015D2F81814C1
:109BC000C3F83415D2F81C14C3F84015D2F8201489
:109BD000C3F84415D2F82414C3F84815D2F8281451
:109BE000C3F84C15D2F82C14C3F85015D2F8301421
:109BF000C3F85415D2F83414C3F86015D2F83814E9
:109C0000C3F86415D2F83C14C3F86815D2F84014B0
:109C1000C3F86C15D2F84424C3F8702570E7032A02
:109C20000CD8134B1B684FF080420021581CC2F81F
:109C30000C11C2F81011C2F838159ED00D4A1268E6
:109C4000A1E7134C1349144D25601448144AFB2412
:109C5000C1F8184501681268124C21F00F0102F09A
:109C60000F020A434FF400710260216050E700BF09
:109C7000300100103401001000ED00E044610020CC
:109C80000090D003E80F00F0E00F00F000C00040AB
:109C90008C56004000F0004048810300E40E004074
:109CA000580200104096024008B5ECF711FB054B36
:109CB0004FF080525A6040BFBFF34F8FBFF36F8F9A
:109CC00008BD00BF00ED00E0704700BF704700BF57
:109CD000044B036010B46423034C0C6013605DF804
:109CE000044B7047A8B70020FCB70020054B036069
:109CF00010B44FF48073044C0C6013605DF8044B97
:109D0000704700BF8CB90020E0B9002070B51F4C2F
:109D100084B04FF0FF3203A92068FDF74DFB002807
:109D2000F7D00398037A4568052B0DD8DFE803F0D8
:109D3000272A221C1503D0E90361D0E90523C06955
:109D400000903046A847039803681BB11846FCF7FB
:109D5000B9FF0398FCF7B6FFDBE7D0E90523D0E9AC
:109D60000301A8470398EFE7D0E90412C068A847A9
:109D70000398E9E7D0E90301A8470398E4E7A84777
:109D80000398E1E7C068A8470398DDE7E4BD002039
:109D90002DE9F0432D4B2E4C5B6885B0C3F30803CF
:109DA000019001AF2068002B44D0002339461A46A9
:109DB000FDF75CFA01283AD0DFF89880D8F8000067
:109DC000002240000421FCF7FFFF064678B3DFF8CD
:109DD0008890D9F80000FEF749F8FEF7F5FF02E099
:109DE0003046FDF733F8002203A92068FDF7E4FAB6
:109DF00000230546642203A90028F1D12068FDF75D
:109E000023FE2660FEF7EAFFD9F80000FEF7E0F82F
:109E1000D8F800300D4A20685B00C8F8003053685D
:109E2000C3F30803394653B96422FDF70FF805B0B0
:109E3000BDE8F08339466422FDF708F8BAE72B46FF
:109E40002A46FDF713FA05B0BDE8F08300ED00E007
:109E5000E4BD0020E0BD0020E8BD00202DE9F8436E
:109E60009DF8205006460F4691469846CDB1A80071
:109E70000C30FCF70DFF044688B10023C0F80490B5
:109E80000572036006B177B92DB1AA00414604F10D
:109E90000C0000F0D3FF2046FFF77AFF0120BDE859
:109EA000F8831020E5E73846FCF7F2FE8146206093
:109EB000A0B13A46314600F0C1FF002DEBD0691E3B
:109EC000C9B208EB8101A8F1040353F8042FB24290
:109ED00008BFC3F800909942F7D1D6E72046FCF7B7
:109EE000F1FE4846DBE700BF30B540230B4D83B0A1
:109EF00004460022184604212B60FCF765FF084B3E
:109F0000084918600223CDE90031A2B200230649B6
:109F10000648FDF731FF03B030BD00BFE0BD0020B3
:109F2000E4BD0020E8BD0020B8F103000D9D030052
:109F300011DF704708B50446FFF7FAFF0D4B4FF0ED
:109F400080414FF0FF32C3F88020C3F88021C3F86E
:109F50008420C3F88421C1F81C45BFF34F8F064904
:109F6000064BCA6802F4E0621343CB60BFF34F8F25
:109F700000BFFDE700E100E000ED00E00400FA05AD
:109F80004FF08043194AD3F80014194830B41160D7
:109F9000D3F80054D3F80024164C17492A43C3F8C9
:109FA0000024D4F840250260002401224FF4003040
:109FB000C3F818459A60C1F88000BFF34F8FBFF314
:109FC0006F8F0E4C03F588334FF0A0454FF480306F
:109FD0004FF0FF31C3F84803C3F808035A609A6092
:109FE000C5F80815C4F8081530BC7047ECBD002052
:109FF000F0BD002000A0004000E100E000030050A0
:10A0000008B54E20FFF796FF16281BD83C4B53F897
:10A0100020301F2B86BF03F01F033A4A4FF0A042A7
:10A020000E290FD8DFE801F0655F59534D474039DD
:10A03000322B241D160F080003F5E07340F2037164
:10A0400042F82310704703F5E07340F2036142F8D1
:10A050002310704703F5E07340F2035142F82310D8
:10A06000704703F5E07340F2034142F82310704754
:10A0700003F5E07340F2033142F82310704703F513
:10A08000E07340F2032142F82310704703F5E073B8
:10A0900040F2031142F82310704703F5E0734FF4C8
:10A0A000403142F82310704703F5E0734FF400315C
:10A0B00042F82310704703F5E073134942F8231068
:10A0C000704703F5E073114942F82310704703F518
:10A0D000E073042142F82310704703F5E0730C216C
:10A0E00042F82310704703F5E073032142F8231070
:10A0F000704703F5E073002142F82310704700BF5A
:10A100000CF1030000030050040002000C000300E7
:10A11000162811D80A4B53F820301F2B88BF03F0A4
:10A120001F034FF001028CBF06484FF0A04002FA17
:10A1300003F311B1C0F808357047C0F80C3570470B
:10A140000CF1030000030050162818D80D4B53F8EB
:10A1500020201F2A8ABF0C494FF0A04102F01F02A5
:10A16000D1F8140501239340034214BFD1F804250C
:10A17000D1F81025134214BF0120002070470020A1
:10A18000704700BF0CF103000003005000F108030A
:10A190004FF0FF310022816002604360C0E9033369
:10A1A000704700BF00230361704700BF4368026827
:10A1B00010B49C688C609C684B600132616099604F
:10A1C0005DF8044B08610260704700BF30B40D6851
:10A1D0006B1C11D000F1080200E01A4653681C689D
:10A1E000AC42FAD904684B60013499608A605160CE
:10A1F0000861046030BC704702695368F2E700BF31
:10A2000042688168036910B4916081685C684A6043
:10A210001A68844208BF5960013A002101611A603E
:10A2200018685DF8044B70470B460146184600F06D
:10A2300071BD000081F0004102E000BF83F00043E7
:10A2400030B54FEA41044FEA430594EA050F08BFD1
:10A2500090EA020F1FBF54EA000C55EA020C7FEA95
:10A26000645C7FEA655C00F0E2804FEA5454D4EB12
:10A270005555B8BF6D420CDD2C4480EA020281EADC
:10A28000030382EA000083EA010180EA020281EA14
:10A290000303362D88BF30BD11F0004F4FEA013166
:10A2A0004FF4801C4CEA113102D0404261EB410175
:10A2B00013F0004F4FEA03334CEA133302D05242FB
:10A2C00063EB430394EA050F00F0A780A4F10104B7
:10A2D000D5F1200E0DDB02FA0EFC22FA05F28018F1
:10A2E00041F1000103FA0EF2801843FA05F35941D7
:10A2F0000EE0A5F120050EF1200E012A03FA0EFC56
:10A3000028BF4CF0020C43FA05F3C01851EBE3717F
:10A3100001F0004507D54FF0000EDCF1000C7EEB9C
:10A3200000006EEB0101B1F5801F1BD3B1F5001FDA
:10A330000CD349085FEA30004FEA3C0C04F10104F9
:10A340004FEA445212F5800F80F09A80BCF1004F22
:10A3500008BF5FEA500C50F1000041EB045141EAA4
:10A36000050130BD5FEA4C0C404141EB010111F4A5
:10A37000801FA4F10104E9D191F0000F04BF014650
:10A380000020B1FA81F308BF2033A3F10B03B3F12E
:10A3900020020CDA0C3208DD02F1140CC2F10C02BE
:10A3A00001FA0CF021FA02F10CE002F11402D8BF1C
:10A3B000C2F1200C01FA02F120FA0CFCDCBF41EAE8
:10A3C0000C019040E41AA2BF01EB0451294330BDB7
:10A3D0006FEA04041F3C1CDA0C340EDC04F1140494
:10A3E000C4F1200220FA04F001FA02F340EA03006B
:10A3F00021FA04F345EA030130BDC4F10C04C4F1B1
:10A40000200220FA02F001FA04F340EA0300294690
:10A4100030BD21FA04F0294630BD94F0000F83F4DA
:10A42000801306BF81F480110134013D4EE77FEABD
:10A43000645C18BF7FEA655C29D094EA050F08BF09
:10A4400090EA020F05D054EA000C04BF19461046EA
:10A4500030BD91EA030F1EBF0021002030BD5FEA2E
:10A46000545C05D14000494128BF41F0004130BD56
:10A4700014F580043CBF01F5801130BD01F00045AA
:10A4800045F0FE4141F470014FF0000030BD7FEA1D
:10A49000645C1ABF194610467FEA655C1CBF0B4618
:10A4A000024650EA013406BF52EA033591EA030F2F
:10A4B00041F4002130BD00BF90F0000F04BF002127
:10A4C000704730B54FF4806404F132044FF000055A
:10A4D0004FF0000150E700BF90F0000F04BF0021D3
:10A4E000704730B54FF4806404F1320410F0004539
:10A4F00048BF40424FF000013EE700BF42004FEA34
:10A50000E2014FEA31014FEA02701FBF12F07F43B0
:10A5100093F07F4F81F06051704732F07F4208BF67
:10A52000704793F07F4F04BF41F40021704730B56E
:10A530004FF4607401F0004521F000411CE700BFBA
:10A5400050EA010208BF704730B54FF000050AE03D
:10A5500050EA010208BF704730B511F0004502D53E
:10A56000404261EB41014FF4806404F132045FEA40
:10A57000915C3FF4D8AE4FF003025FEADC0C18BFE9
:10A5800003325FEADC0C18BF033202EBDC02C2F1DB
:10A59000200300FA03FC20FA02F001FA03FE40EA6D
:10A5A0000E0021FA02F11444BDE600BF70B54FF071
:10A5B000FF0C4CF4E06C1CEA11541DBF1CEA13554F
:10A5C00094EA0C0F95EA0C0F00F0DEF82C4481EAB7
:10A5D000030621EA4C5123EA4C5350EA013518BFD7
:10A5E00052EA033541F4801143F4801338D0A0FBC4
:10A5F00002CE4FF00005E1FB02E506F00042E0FB71
:10A6000003E54FF00006E1FB03569CF0000F18BF76
:10A610004EF0010EA4F1FF04B6F5007F64F540741E
:10A6200004D25FEA4E0E6D4146EB060642EAC621B1
:10A6300041EA55514FEAC52040EA5E504FEACE2E1E
:10A64000B4F1FD0C88BFBCF5E06F1ED8BEF1004F21
:10A6500008BF5FEA500E50F1000041EB045170BD9D
:10A6600006F0004646EA010140EA020081EA0301E1
:10A67000B4EB5C04C2BFD4EB0C0541EA045170BDDD
:10A6800041F480114FF0000E013C00F3AB8014F157
:10A69000360FDEBF002001F0004170BDC4F10004A0
:10A6A000203C35DA0C341BDC04F11404C4F1200521
:10A6B00000FA05F320FA04F001FA05F240EA02007C
:10A6C00001F0004221F0004110EBD37021FA04F6B2
:10A6D00042EB06015EEA430E08BF20EAD37070BD6C
:10A6E000C4F10C04C4F1200500FA04F320FA05F0CB
:10A6F00001FA04F240EA020001F0004110EBD370CD
:10A7000041F100015EEA430E08BF20EAD37070BD3C
:10A71000C4F1200500FA05F24EEA020E20FA04F315
:10A7200001FA05F243EA020321FA04F001F00041C4
:10A7300021FA04F220EA020000EBD3705EEA430E35
:10A7400008BF20EAD37070BD94F0000F0FD101F064
:10A750000046400041EB010111F4801F08BF013C9D
:10A76000F7D041EA060195F0000F18BF704703F0DB
:10A770000046520043EB030313F4801F08BF013D62
:10A78000F7D043EA0603704794EA0C0F0CEA13551E
:10A7900018BF95EA0C0F0CD050EA410618BF52EAD8
:10A7A0004306D1D181EA030101F000414FF00000DE
:10A7B00070BD50EA410606BF1046194652EA4306EC
:10A7C00019D094EA0C0F02D150EA013613D195EA60
:10A7D0000C0F05D152EA03361CBF104619460AD1A8
:10A7E00081EA030101F0004141F0FE4141F47001B2
:10A7F0004FF0000070BD41F0FE4141F4780170BDA2
:10A8000070B54FF0FF0C4CF4E06C1CEA11541DBF06
:10A810001CEA135594EA0C0F95EA0C0F00F0A7F808
:10A82000A4EB050481EA030E52EA03354FEA013135
:10A8300000F088804FEA03334FF0805545EA131348
:10A8400043EA12634FEA022245EA111545EA106510
:10A850004FEA00260EF000419D4208BF964244F1A7
:10A86000FD0404F5407402D25B084FEA3202B61AC6
:10A8700065EB03055B084FEA32024FF480104FF49A
:10A88000002CB6EB020E75EB030E22BFB61A75460E
:10A8900040EA0C005B084FEA3202B6EB020E75EBA1
:10A8A000030E22BFB61A754640EA5C005B084FEA09
:10A8B0003202B6EB020E75EB030E22BFB61A7546D6
:10A8C00040EA9C005B084FEA3202B6EB020E75EBE1
:10A8D000030E22BFB61A754640EADC0055EA060EA2
:10A8E00018D04FEA051545EA16754FEA06164FEAE5
:10A8F000C30343EA52734FEAC2025FEA1C1CC0D191
:10A9000011F4801F0BD141EA00014FF000004FF01D
:10A91000004CB6E711F4801F04BF01430020B4F1DE
:10A92000FD0C88BFBCF5E06F3FF6AFAEB5EB030C96
:10A9300004BFB6EB020C5FEA500C50F1000041EB93
:10A94000045170BD0EF0004E4EEA113114EB5C0460
:10A95000C2BFD4EB0C0541EA045170BD41F4801133
:10A960004FF0000E013C90E645EA060E8DE60CEA3B
:10A97000135594EA0C0F08BF95EA0C0F3FF43BAF58
:10A9800094EA0C0F0AD150EA01347FF434AF95EA0F
:10A990000C0F7FF425AF104619462CE795EA0C0FF3
:10A9A00006D152EA03353FF4FDAE1046194622E7C0
:10A9B00050EA410618BF52EA43067FF4C5AE50EA9A
:10A9C00041047FF40DAF52EA43057FF4EBAE12E78A
:10A9D00053B94AB9002908BF00281CBF4FF0FF3106
:10A9E0004FF0FF3000F072B9ADF1080C6DE904CE04
:10A9F00000F006F8DDF804E0DDE9022304B070475A
:10AA00002DE9F047089E04468846002B4BD18A4228
:10AA1000154667D9B2FA82F24AB1C2F1200701FAAB
:10AA200002F320FA07F7954047EA030894404FEAFB
:10AA3000154E230CB8FBFEF71FFA85FC0EFB17889A
:10AA400043EA084307FB0CF1994209D9EB1807F1D7
:10AA5000FF3080F01B81994240F21881023F2B4465
:10AA60005B1AA4B2B3FBFEF00EFB103344EA0344BE
:10AA700000FB0CFCA44509D92C1900F1FF3380F030
:10AA80000781A44540F2048102382C4440EA074083
:10AA9000A4EB0C0400271EB1D4400023C6E90043F8
:10AAA0003946BDE8F0878B4209D9002E00F0EB80D3
:10AAB0000027C6E9000138463946BDE8F087B3FAF9
:10AAC00083F7002F47D18B4202D3824200F2FA80F3
:10AAD000841A61EB030301209846002EE0D0C6E9FA
:10AAE0000048DDE702B9FFDEB2FA82F2002A40F048
:10AAF0008F80491B4FEA154E1FFA85F80127B1FBDD
:10AB0000FEFC230C0EFB1C1143EA014308FB0CF175
:10AB1000994207D9EB180CF1FF3002D2994200F2AA
:10AB2000CD808446591AA3B2B1FBFEF00EFB10147F
:10AB300043EA044408FB00F8A04507D92C1900F1AA
:10AB4000FF3302D2A04500F2B6801846A4EB0804F9
:10AB500040EA0C409FE7C7F1200CBB4022FA0CFEF4
:10AB60004EEA030E01FA07F420FA0CF521FA0CF371
:10AB70004FEA1E482543B3FBF8F92C0C08FB1933A8
:10AB80001FFA8EFA44EA034309FB0AF49C4202FAD4
:10AB900007F200FA07F10BD91EEB030309F1FF30AE
:10ABA00080F087809C4240F28480A9F102097344BE
:10ABB0001B1BADB2B3FBF8F008FB103345EA0344AE
:10ABC00000FB0AFAA24508D91EEB040400F1FF338A
:10ABD0006BD2A24569D90238744440EA0940A0FB0F
:10ABE0000289A4EB0A044C45C2464B4654D351D0CB
:10ABF000002E69D0B1EB0A0564EB030404FA0CFCE7
:10AC0000FD40FC404CEA0505C6E90054002747E733
:10AC1000C2F1200320FA03F7954001FA02F021FA6D
:10AC200003F34FEA154E3843010CB3FBFEF71FFA4E
:10AC300085F80EFB173341EA034107FB08F38B420B
:10AC400004FA02F407D9691807F1FF3C2FD28B42AE
:10AC50002DD9023F2944CB1A81B2B3FBFEF00EFB83
:10AC6000103341EA034100FB08F38B4207D969180E
:10AC700000F1FF3C17D28B4215D902382944C91A7A
:10AC800040EA07473BE73746304609E70746E7E62D
:10AC90001846FBE64145ABD2B8EB020A69EB0E025F
:10ACA00001381346A4E76046E9E7184695E767468A
:10ACB000D1E781467CE702382C4447E7ACF1020C2F
:10ACC0002B442FE7384608E73746E9E6704700BFD0
:10ACD0001FB51C46094B1B680546D86852B1084B86
:10ACE0000091CDE9013207492B46224600F034F8A5
:10ACF00001F08EF9044B1A46F2E700BF48610020CC
:10AD0000C4F10300D1F10300FFF103000A22002186
:10AD100001F03EB810B5054C13462CB10A46014669
:10AD20000220AFF3008010BD2046FCE700000000C9
:10AD300008B5074B044613B10021AFF30080054B63
:10AD40001868836A03B19847204603F041F800BFB2
:10AD50000000000000F203000EB403B5014603AB8F
:10AD6000054853F8042B0068019300F073F902B012
:10AD70005DF804EB03B070474861002070B50D4EDC
:10AD80000D4CA41BA4100025A54209D10B4E0C4C60
:10AD900003F020F8A41BA4100025A54205D170BD26
:10ADA00056F8253098470135EEE756F82530984794
:10ADB0000135F2E7186300201863002018630020B3
:10ADC0003463002010B5044600F008F820444078B1
:10ADD00000F0080010BDD0F8EC007047044B054AA5
:10ADE0001B681B6A002B08BF1346D3F8EC007047A2
:10ADF00048610020AC610020024B0146186800F059
:10AE0000A5B800BF48610020024B0146186800F059
:10AE10004FB800BF4861002082B001B901A942B11A
:10AE20004BB113780B601278101C18BF012002B0D0
:10AE300070471046FBE76FF00100F8E710B5431EBE
:10AE40000A44914200D110BD11F8014B03F8014FA3
:10AE5000F7E7884210B501EB020307D8421E99427A
:10AE60000AD011F8014B02F8014FF8E78342F5D9F7
:10AE70008118D21AD34200D110BD13F8014D01F848
:10AE8000014DF7E702440346934200D1704703F8AF
:10AE9000011BF9E738B502FB01F4214600F056F832
:10AEA000054618B122460021FFF7ECFF284638BDC1
:10AEB00038B50546002945D051F8043C0C1F002B3D
:10AEC000B8BFE41802F02CF91F4A1368104633B9D2
:10AED000636014602846BDE8384002F022B9A342FE
:10AEE0000CD921686218934204BF1A685B686360DA
:10AEF00004BF521822600460ECE713465A680AB196
:10AF0000A242FAD919685818A0420BD1206801440E
:10AF1000581882421960DDD1106852685A600144A5
:10AF20001960D7E702D90C232B60D3E720682118DA
:10AF30008A4204BF11685268626004BF0918216028
:10AF40005C60C7E738BD00BFF4BD002070B5CD1C04
:10AF500025F0030508350C2D38BF0C25002D0646BD
:10AF600001DBA94203D90C233360002070BD02F03D
:10AF7000D7F8214A1468214691B9204C23681BB99F
:10AF8000304600F0DFFD20602946304600F0DAFD53
:10AF9000431C24D10C233360304602F0C2F8E4E7AE
:10AFA0000B685B1B18D40B2B0FD90B60CD50CC1842
:10AFB000304602F0B6F804F10B00231D20F0070024
:10AFC000C31AD3D05A42E250D0E78C424B6816BF26
:10AFD000636013600C46EBE70C464968CCE7C41C81
:10AFE00024F00304A04205D0211A304600F0AAFD47
:10AFF0000130CFD02560DBE7F4BD0020F8BD002094
:10B000009368013B002B10B4936008DA9469A34263
:10B0100001DB0A2903D15DF8044B00F02BBF136854
:10B02000581C1060197008465DF8044B7047F8B55D
:10B0300006460F461446D518AC4201D1002007E061
:10B040003A4614F8011B3046FFF7DAFF431CF3D1F0
:10B05000F8BD00002DE9F04F9DB00C461746039354
:10B06000064618B183690BB901F00EFF7B4B9C4279
:10B0700057D17468A38918075DD52369002B5AD06E
:10B080000023099320238DF8293030238DF82A30AE
:10B090004FF0010BB846454615F8013B0BB1252B87
:10B0A00054D1B8EB070A0BD053463A4621463046F6
:10B0B000FFF7BDFF013000F0C280099B53440993A4
:10B0C00098F80030002B00F0BA8000234FF0FF32D8
:10B0D000CDE90523049307938DF853301A93A846BE
:10B0E000052218F8011B5E4801F0CAFF049B78BBDB
:10B0F000D90644BF20228DF853201A0744BF2B22C3
:10B100008DF853202A782A2A2AD0079AA8460020A8
:10B110000A25414611F8013B303B092B69D960B340
:10B1200024E0504B9C4201D1B468A3E74E4B9C42B3
:10B1300008BFF4689EE72146304600F0FBFE002879
:10B140009ED04FF0FF301DB0BDE8F08FA846A2E7BB
:10B15000434A801A0BFA00F0184304904546BEE7B4
:10B16000039A111D12680391002A01DB079204E083
:10B17000524243F002030792049398F800302E2BBA
:10B180000ED198F801302A2B38D1039B1A1D1B6869
:10B190000392002BB8BF4FF0FF3308F1020805936C
:10B1A000324D98F800100322284601F069FF40B1A3
:10B1B0004023401B03FA00F0049B034308F10108FD
:10B1C000049398F800102A488DF82810062208F1F8
:10B1D000010701F055FF002837D0264B1BBB039B0E
:10B1E000073323F0070308330393099B4B44099368
:10B1F00050E705FB0232012088468AE7002308F168
:10B200000108059319460A25404610F8012B303AEB
:10B21000092A03D9002BC3D00591C1E705FB012101
:10B2200001238046F0E703AB00932246124B04A9AA
:10B23000304600F0B7F8B0F1FF3F8146D5D1A38981
:10B240005B063FF57EAF09987DE703AB009322468E
:10B25000094B04A9304600F05BFBECE784F30300E4
:10B260000EF20300A4F3030064F3030014F20300DE
:10B2700018F20300A5B303002FB003002DE9FF4728
:10B2800055EC104B0D9FDDF830A0002D0E46914679
:10B290001946B8BF22462B4627F02007BBBF05F151
:10B2A00000431D4600232D23B8BF1446462F0B70C4
:10B2B00004D0452F00D10136022100E0032103AB69
:10B2C000019302AB00933246534645EC104B00F01D
:10B2D00033FF472F804602D119F0010F26D0462FA9
:10B2E00008EB060911D198F80030302B0AD1002262
:10B2F00000232046294602F0B5FC18B9C6F1010624
:10B30000CAF80060DAF80030994400220023204691
:10B31000294602F0A7FC38B93022039B4B4505D2E1
:10B32000591C03911A70F8E7CDF80C90039B0E9A04
:10B33000A3EB08034046136004B0BDE8F087F7B5FF
:10B3400000290446BABF49422D232B23092904F8BA
:10B35000022B437020DD0DF107031F460A2691FBE7
:10B36000F6F506FB15113031092D03F8011C03F128
:10B37000FF32294609DC3031023B02F8011CBB4296
:10B38000224604D3101A03B0F0BD1346E7E713F8C2
:10B39000012B04F8012BF2E7302319448370021DBE
:10B3A000C170EFE72DE9F04F8DB00C46DDF8588005
:10B3B00016461F46054601F0F1FD03680493184642
:10B3C00000F023FC00230A93D8F8003005900733DF
:10B3D00023F0070303F1080294F818A0D4F800B092
:10B3E000C8F80020D3E90023C4E91223D4E9128964
:10B3F00029F000430793CDF818804FF0FF32A74B98
:10B40000DDE9060102F060FC70BB4FF0FF32A34B98
:10B41000DDE9060102F03AFC30BB00220023404681
:10B42000494602F029FC10B12D2384F843309C4A90
:10B430009C4BBAF1470F8CBF9046984603232BF0E4
:10B440000402236122604FF00009009733460BAAE3
:10B450002146284600F0E6F9013040F08D804FF09B
:10B46000FF300DB0BDE8F08F42464B46404649469E
:10B4700002F02AFC10B18C4A8C4BDAE761684B1C55
:10B480004BF480620AA83ED1062363600023CDE915
:10B49000020309AB009349EC108B0DF123032260EA
:10B4A000CDF804A061682846FFF7E8FE0AF0DF0344
:10B4B000472B804609D1099BD81C02DB6268934266
:10B4C00047DDAAF1020A5FFA8AFABAF1650F099913
:10B4D00024D80139524604F150000991FFF72FFF9B
:10B4E0000A9A1318012A8146236102DC2268D107D7
:10B4F00001D5013323619DF82330002BA5D02D23E6
:10B5000084F84330A1E7BAF1670F00F07781BAF110
:10B51000470FBBD10029B9D10123B6E7BAF1660FB5
:10B5200019D1002963680CDD216113B92268D207A3
:10B5300002D501330B442361099BA3654FF0000939
:10B54000D9E713B92268D00701D50233F3E7012305
:10B55000F1E74FF0670ADDE90932934205DB226823
:10B560002361D107E8D50133E5E7002BD4BFC3F150
:10B57000020301231344DEE723685A0507D4236935
:10B58000424631462846B84701302BD167E7BAF129
:10B59000650F40F2DC8000220023D4E9120102F0A2
:10B5A00061FB002833D00123414A31462846B84781
:10B5B00001303FF454AFDDE909239A4202DB2368EE
:10B5C000D8070FD5DDE9042331462846B8470130B6
:10B5D0003FF445AF4FF0000804F11A090A9B013B04
:10B5E000434509DC23689B0700F10381E0680B9B5E
:10B5F0009842B8BF184634E701234A4631462846E8
:10B60000B84701303FF42BAF08F10108E6E7099B8A
:10B61000002B2BDC0123264A31462846B84701304F
:10B620003FF41DAF099B23B90A9B13B92368D907BF
:10B63000D8D5DDE9042331462846B84701303FF428
:10B640000EAF4FF0000904F11A0A099B5B424B450B
:10B6500001DC0A9B94E70123524631462846B8474D
:10B6600001303FF4FCAE09F10109EEE70A9AA36D3F
:10B670009A42A8BF1A46002A914607DD1346314672
:10B6800042462846B84701303FF4E9AE04F11A03B8
:10B690004FF0000B29EAE979069315E0FFFFEF7FF1
:10B6A00023F203001FF203002BF2030027F2030032
:10B6B0002FF203000123069A31462846B84701308D
:10B6C0003FF4CDAE0BF1010BD4F858A0AAEB09035F
:10B6D0005B45EFDCDDE909239A42D04415DB2368A2
:10B6E000DA0712D40A9B0999A3EB0A02A3EB010A19
:10B6F0009245A8BF9246BAF1000F0EDC4FF0000849
:10B700002AEAEA7A04F11A0919E0DDE9042331464C
:10B710002846B8470130E5D1A1E6534642463146B6
:10B720002846B8470130E9D199E601234A46314617
:10B730002846B84701303FF492AE08F10108DDE930
:10B7400009239B1AA3EB0A034345EEDC4AE70A9A56
:10B75000012A01DCDB073AD501234246314628465F
:10B76000B84701303FF47BAEDDE90423314628467B
:10B77000B847013008F101083FF471AE0A9B00227E
:10B7800003F1FF3AD4E91201002302F06BFAC8B9C1
:10B790005346424631462846B84701300ED15EE650
:10B7A0000123524631462846B84701303FF457AE90
:10B7B00008F101080A9B013B4345F1DC4B4604F1CB
:10B7C0005002DEE64FF0000804F11A0AF2E7012306
:10B7D000DFE701234A4631462846B84701303FF4A7
:10B7E0003EAE08F10108E3680B9A9B1A4345F0DC72
:10B7F000FCE64FF0000804F11909F4E700293FF4D2
:10B800008BAE0023CDE9020309AB009349EC108B0A
:10B810002260CDF804A00DF123032846FFF72EFD8A
:10B82000804648E62DE9F04791461F468A680B6935
:10B83000DDF820809342B8BF1346C9F8003091F874
:10B84000432006460C4612B10133C9F80030236884
:10B85000990642BFD9F800300233C9F80030256894
:10B8600015F0060507D104F1190AE368D9F800209C
:10B870009B1AAB4228DC94F843302268003318BF8F
:10B88000012392062DD404F1430239463046C047C5
:10B89000013020D02368E568D9F8002003F00603C2
:10B8A000042B08BFAD1AA36822690CBF25EAE57511
:10B8B00000259342C4BF9B1AED184FF000091A34BB
:10B8C0004D451AD1002008E0012352463946304642
:10B8D000C047013003D14FF0FF30BDE8F08701359C
:10B8E000C3E7E1185A1C302081F84300224494F841
:10B8F000451082F843100233C5E70123224639463A
:10B900003046C0470130E6D009F10109D8E7000010
:10B910002DE9F04301F1430C0C46097E85B06E29F8
:10B920001746064698460C9A00F0B38022D8632941
:10B9300036D00AD8002900F0B980582900F0838059
:10B9400004F1420584F8421032E0642901D06929EB
:10B95000F6D120681368050603F104012AD51B6897
:10B960001160002B03DA2D225B4284F843206F48DC
:10B970000A2239E0732900F09D8008D86F2920D071
:10B980007029DDD1236843F02003236003E075298B
:10B9900017D07829D4D1782384F84530644855E00D
:10B9A0001368191D1B68116004F1420584F84230C8
:10B9B00001238CE01B68116010F0400F18BF1BB210
:10B9C000CFE713682568181D1060280601D51B688D
:10B9D00002E06806FBD51B8854486F2914BF0A2271
:10B9E0000822002184F843106568A560002DC0F28C
:10B9F0009580216821F004012160002B3DD1002DAC
:10BA000040F08E806546082A0BD12368DB0708D5F5
:10BA1000236962689A42DEBF302305F8013C05F1D4
:10BA2000FF35ACEB05032361CDF800803B4603AA4C
:10BA300021463046FFF7F6FE01304DD14FF0FF3082
:10BA400005B0BDE8F083394884F8451013682168D3
:10BA50001D1D1B6815600A060BD5CA0744BF41F0BF
:10BA6000200121601BB9226822F0200222601022EE
:10BA7000B7E74D0648BF9BB2EFE76546B3FBF2F16F
:10BA800002FB1133C35C05F8013D0B460029F5D1DB
:10BA9000B9E7136825686169181D106028061B68DE
:10BAA00001D5196002E06A06FBD5198000232361E5
:10BAB0006546B9E71368191D11601D6862680021A9
:10BAC000284601F0DDFA08B1401B6060636823611D
:10BAD000002384F84330A7E723692A4639463046D5
:10BAE000C0470130AAD023689B0713D4E068039BAA
:10BAF0009842B8BF1846A3E701234A463946304664
:10BB0000C04701309AD00135E368039A9B1AAB42D3
:10BB1000F2DCEBE7002504F11909F5E7002BACD1C5
:10BB2000037884F8423004F142056CE731F20300F7
:10BB300042F20300024B0A460146186801F0CEBDEE
:10BB40004861002038B5064C0023054608462360AE
:10BB500002F030F9431C02D1236803B12B6038BDD9
:10BB600020BE00200CB430B5174B0C1E9DB01D68D4
:10BB700008DA8B232B604FF0FF301DB0BDE830405A
:10BB800002B070474FF40273ADF8143014BF04F1E3
:10BB9000FF332346049307934FF6FF7302900690FA
:10BBA000ADF81630209A21AB02A92846019301F086
:10BBB00015FE431CBCBF8B232B60002CDDD0029BE9
:10BBC00000221A70D9E700BF48610020C9B20346BD
:10BBD00010F8012B1AB18A42F9D118467047002992
:10BBE00018BF0023F9E710F8012B11F8013B012AD7
:10BBF00028BF9A42F7D0D01A7047034611F8012B9C
:10BC000003F8012B002AF9D17047034613F8012BE2
:10BC1000002AFBD1181A0138704710B56AB10139F2
:10BC2000841810F8013B11F8012F934203D1A04270
:10BC300001D0002BF5D1981A10BD1046FCE738B59D
:10BC400003460D4669B9BDE83840FFF7BFBF431C46
:10BC5000044629461846FFF7B9FF0028F7D12046C9
:10BC600038BD0024F5E7F0B503787BB104462378AE
:10BC70002046661C7BB14A1E631E12F8015F4DB15F
:10BC800013F8017FAF423446F7D0F0E70B78002B72
:10BC900018BF0020F0BD1846FCE72DE9F0478046AC
:10BCA000894692461E460F463D46089815F8014BB8
:10BCB000FFF791F82044437813F0080332D12D2C7C
:10BCC00032D17C78BD1C0122002E5DD0102E09D10E
:10BCD000302C07D12B7803F0DF03582B4FD16C7831
:10BCE00010260235002A14BF4FF000416FF00041CA
:10BCF0000027B1FBF6FC384606FB1C1EA4F13003FE
:10BD0000092B17D81C46A64223DD7B1C07D084458F
:10BD10001CD301D1A64519DB00FB0640012715F80D
:10BD2000014BEBE72F46BFE72B2C04BFBD1C7C78F3
:10BD30001A46C9E7A4F14103192B01D8373CE2E7C1
:10BD4000A4F16103192B04D8573CDCE74FF0FF370F
:10BD5000E5E77B1C08D12223C8F800300846BAF179
:10BD6000000F07D1BDE8F08702B14042BAF1000FE1
:10BD7000F8D00FB105F1FF39CAF80090F2E730248E
:10BD8000002EAFD10826ADE7302CA3D00A26A9E7B4
:10BD9000084B37B51C68084D236A002B08BF2B469B
:10BDA000009313460A4601462046FFF776FF03B08C
:10BDB00030BD00BF48610020AC610020024B01464D
:10BDC0001868FFF7BFBE00BF4861002010B50446E9
:10BDD000FFF704F82044437803F00303012B08BF66
:10BDE0002034204610BD10B50446FEF7F7FF20446E
:10BDF000437803F00303022B08BF203C204610BD0C
:10BE000030B5141E05469BB0184605DA8B232B600F
:10BE10004FF0FF301BB030BD4FF40273ADF80C3063
:10BE200014BF04F1FF332346029305934FF6FF73CB
:10BE300000910491ADF80E3002461E9B69462846DB
:10BE400001F0CCFC431CBCBF8B232B60002CE1D049
:10BE5000009B00221A70DDE707B5009313460A46DF
:10BE6000014603480068FFF7CBFF03B05DF804FB11
:10BE700048610020F8B50E461446054618B183699E
:10BE80000BB901F001F8214B9C422AD16C68A369DF
:10BE9000A360A3891A072ED5236963B32369206899
:10BEA000C01A6369F6B28342374604DC214628464D
:10BEB00000F080FF28BBA368013BA36023685A1CE5
:10BEC00022601E7063690130834204D0A389DB07BE
:10BED00019D50A2E17D12146284600F06BFF90B1E4
:10BEE0000FE00B4B9C4201D1AC68D0E7094B9C4260
:10BEF00008BFEC68CBE72146284600F01BF8002875
:10BF0000CCD04FF0FF373846F8BD00BF84F30300B4
:10BF1000A4F3030064F3030049B1FF2A85BF8A2319
:10BF200003600A704FF0FF3098BF01207047084649
:10BF300070470000324B70B51D6806460C4625B1AF
:10BF4000AB6913B9284600F09FFF2E4B9C420FD1DE
:10BF50006C68B4F90C309AB215072CD4D00611D401
:10BF60000922326043F04003A3814FF0FF303EE0EE
:10BF7000254B9C4201D1AC68EBE7244B9C4208BFA7
:10BF8000EC68E6E7510712D5616B41B104F1440357
:10BF9000994202D03046FEF78BFF00236363A389EA
:10BFA00023F02403A3810023636023692360A38912
:10BFB00043F00803A38123694BB9A38903F42073D9
:10BFC000B3F5007F03D02146304601F019F8A2896D
:10BFD00012F001030CD00023A36063695B42A361EC
:10BFE000236953B9B4F90C3013F08000BAD170BD95
:10BFF000920758BF6369A360F2E70020F7E700BF2C
:10C000004861002084F30300A4F3030064F30300F9
:10C0100008B5062001F000FD012001F0D9FE2DE950
:10C02000F74F03690C69A3428046C0F28280013C4D
:10C0300001F114074FEA840C00F1140657F824505C
:10C0400056F8240006EB0C03013507EB0C090193AD
:10C05000B0FBF5F595B34FF0000A3846B646D34627
:10C0600050F8042B93B205FB03A34FEA134A9BB28B
:10C07000ABEB0303120CDEF800B005FB02A213FACF
:10C080008BF34FEA124A1FFA82FBDEF80020CBEB5B
:10C09000124202EB23429BB243EA024381454FEA3C
:10C0A000224B4EF8043BDBD256F80C3033B9019BDF
:10C0B000043B9E421A4630D3C8F81040404601F077
:10C0C00047FA002825DB013530464FF0000C57F8C1
:10C0D000042BD0F800E093B2ACEB0303120C13FA7C
:10C0E0008EF3C2EB1E4202EB23429BB243EA0243B1
:10C0F000B9454FEA224C40F8043BE8D256F82420D8
:10C1000006EB84032AB9043B9E421A460BD3C8F8B7
:10C110001040284603B0BDE8F08F1268043B002AA7
:10C12000CAD1013CC5E71268043B002AEFD1013CAB
:10C13000EAE70020EEE700002DE9F04F57EC106B26
:10C1400097B0456A069104460B921293DDF8808001
:10C15000CDE900673DB91020FAF79AFD6062C0E9A9
:10C1600001550560C560636A196851B15A684A6033
:10C17000012393408B60204601F008F8636A002297
:10C180001A603B1EBBBF23F0004301930023012232
:10C19000ACBFC8F80030C8F80020AF4BDDF8048011
:10C1A00033EA080314D1129A42F20F731360009B12
:10C1B00023B9C8F31300002800F04285219BDFF863
:10C1C000ACB2002B00F044850BF1030300F03EBD40
:10C1D000DDE90067002200233046394601F042FDC8
:10C1E000814668B1129A01231360219B002B00F055
:10C1F00024859A4B219A03F1FF3B136000F028BD80
:10C2000014AA15A947EC106B204601F018FAC8F3E0
:10C210000A550490002D7CD0C7F3130343F07F5BD5
:10C22000B2464BF4401BA5F2FF35CDF84C900022EE
:10C230008B4B50465946FEF701F881A3D3E9002302
:10C24000FEF7B4F980A3D3E90023FDF7F9FF064612
:10C2500028460F46FEF740F97DA3D3E90023FEF7F9
:10C26000A5F902460B4630463946FDF7E9FF06467A
:10C270000F4601F03FFD002282460023304639463A
:10C2800001F0FAFC48B15046FEF726F932463B462B
:10C2900001F0E8FC08B90AF1FF3ABAF1160F59D8D3
:10C2A000704901EBCA01DDE90023D1E9000101F089
:10C2B00001FD002850D00AF1FF3A00230F93149B90
:10C2C0005D1BB5F1010849BFC5F1010300230593CA
:10C2D0004FF0000858BF0593BAF1000F3EDB002372
:10C2E000D044CDF838A00793069B092B00F290802C
:10C2F000052BC4BF043B0693069BA3F10203CCBFEE
:10C3000000250125032B00F28F80DFE803F07D7FFD
:10C310003171DDE914531D4405F23240202813DD4C
:10C32000C0F14000009B08FA00F805F2124023FA21
:10C3300000F048EA0000FEF7BFF801238246A1F1B1
:10C34000F87B013D139372E7009BC0F1200003FAD4
:10C3500000F0F0E70123B1E70F90B0E7059BA3EBF6
:10C360000A030593CAF10003079300230E93BBE76A
:10C3700001230A930B9B002B59DD02939946666AB1
:10C3800000227260042202F114009842716853D9AD
:10C39000204600F0C7FE636A3060B9F10E0FD3F893
:10C3A00000B000F2E680002D00F0E3809DED007B00
:10C3B000BAF1000F8DED107B74DD2A4A0AF00F03ED
:10C3C00002EBC30393ED007B4FEA2A16F0068DEDD6
:10C3D000087B65D5244BDDE91001D3E90823FEF77E
:10C3E0000FFACDE9000106F00F0603251E4F4CE0C1
:10C3F00001230A930B9B534403F1010902934B461B
:10C40000012BB8BF0123BAE70023B2E70023F0E70E
:10C410000125002306930A954FF0FF3302939946B6
:10C42000002212230B92AAE701230A93F4E70123C7
:10C43000029399461A46F5E7013171605200A2E76E
:10C4400061436F63A787D23FB3C8608B288AC63F1A
:10C45000FB799F501344D33F0000F07F30F203007C
:10C460000000F83FF0F30300C8F303005DF303009E
:10C47000F10708D5DDE90801D7E90023FEF796F8B2
:10C48000CDE90801013576100837002EF0D1DDE93D
:10C490000823DDE90001FEF7B3F9CDE900011AE058
:10C4A0000225A3E700F0A080CAF100069F4BA04F31
:10C4B00006F00F0203EBC203D3E90023DDE910010C
:10C4C000FEF774F8CDE90001361100230225002E95
:10C4D0007FD1002BE1D10F9B002B00F08780DDE99D
:10C4E00000670022934B3046394601F0C5FB002817
:10C4F0007CD0B9F1000F79D0029B002B35DD0AF119
:10C50000FF330893394600228B4B3046FEF74EF836
:10C51000CDE90001029F01352846FDF7DDFFDDE989
:10C520000023FEF743F80022844BFDF789FE054601
:10C53000A1F15076002F5DD10022814BDDE9000191
:10C54000FDF77CFE2A463346CDE9000101F0B2FB3F
:10C55000002840F088822A4606F10043DDE9000108
:10C5600001F08AFB002840F07C82DDE91023CDE950
:10C570000023159B002BC0F25081BAF10E0F00F37F
:10C580004C816A4B03EBCA0393ED007B0B9B002BA2
:10C590008DED027B80F2D880B9F1000F00F3D480DA
:10C5A00040F05E820022664B51EC170BFDF7FEFF58
:10C5B000DDE9002301F074FB4F464E46002840F0B1
:10C5C000348231230BF101058BF800300AF1010AA6
:10C5D0002FE2F20705D5D7E90023FDF7E7FF013584
:10C5E00001237610083772E7022574E7CDF820A002
:10C5F0004F4691E74D4B03EBC70353E902010A9BFA
:10C60000002B47D002460B4600204E49FEF7F8F8B3
:10C610002A463346FDF712FECDE90C015D46DDE901
:10C62000000101F067FB0646FDF756FF02460B4688
:10C63000DDE90001FDF702FE303605F8016BDDE9AA
:10C640000C23CDE9000101F017FB002863D1DDE9DF
:10C65000002300203749FDF7F1FDDDE90C2301F04F
:10C660000BFB002840F0B780A5EB0B039F427FF740
:10C670007CAF0022304BDDE90C01FDF797FF002273
:10C68000CDE90C012C4BDDE90001FDF78FFFCDE971
:10C690000001C4E72A463346FDF788FFCDE90C01C7
:10C6A0000BEB07055E46DDE9000101F023FB0746C1
:10C6B000FDF712FF303702460B46DDE90001FDF7BA
:10C6C000BDFD06F8017BAE42CDE900014FF000024E
:10C6D00026D11C4BDDE90C01FDF7B2FD02460B46ED
:10C6E000DDE9000101F0E6FA002874D1DDE90C2350
:10C6F00000201449FDF7A2FD02460B46DDE90001CA
:10C7000001F0BAFA00283FF430AF15F8013C302BA5
:10C7100005F1FF3202D0DDF820A04AE01546F4E72B
:10C72000054BFDF743FFCDE90001BCE7F0F3030043
:10C73000C8F303000000F03F0000244000001C404C
:10C74000000014400000E03FDDE900675D46DDE9E0
:10C75000022330463946FEF753F801F0CBFA804603
:10C76000FDF7BAFEDDE90223FDF720FF02460B4686
:10C770003046394608F13006FDF760FD05F8016BDB
:10C78000A5EB0B06B14502460B4639D1FDF758FD26
:10C79000DDE9022306460F4601F08CFAC8B9DDE94F
:10C7A00002233046394601F05DFA10B118F0010F4E
:10C7B0000FD10499204600F0E9FC0023129A2B7057
:10C7C0000AF101031360219B002B00F041821D60E0
:10C7D0003EE2CDF820A015F8012C392A05F1FF33EF
:10C7E00008D19B450AD1089B0133089330238BF86D
:10C7F00000305B461A7801321A708CE71D46EAE772
:10C8000000229B4BFDF7D2FE0022002306460F4676
:10C8100001F028FA00289AD0CBE70A9A002A00F003
:10C820008B80069A012A6EDC139A002A67D003F2E5
:10C830003343079F059D059A01211A44204605921E
:10C84000984400F043FD0646002D0CDDB8F1000FC2
:10C8500009DD4545059A2B46A8BF4346D21A0592E5
:10C86000ED1AA8EB0308079BEBB10A9B002B67D0DE
:10C870008FB131463A46204600F0C8FD049A014681
:10C880000646204600F02BFD04990890204600F053
:10C890007DFC089B0493079BDA1B04D00499204677
:10C8A00000F0B4FD04900121204600F00FFD0E9B26
:10C8B0000746002B00F0D0811A460146204600F0C2
:10C8C000A5FD069B012B074640DC009B002B39D1C0
:10C8D000019BC3F31303002B36D1019B23F00043CC
:10C8E0001B0D1B052BB1059B0133059308F10108B6
:10C8F000012307930E9B002B2AD1012030E0149BCB
:10C90000C3F1360395E7079B09F1FF37BB42BFBF71
:10C91000079B0797FA1A0E9BBBBF9B180E93DF1B52
:10C920000027B9F1000FB5BF059B059DA3EB0905D5
:10C930004B46B8BF00237EE7079F059D0A9E83E70D
:10C94000079AABE70023D4E7009BD2E700230793C5
:10C950003B6907EB8303186900F06AFCC0F1200013
:10C96000404410F01F0047D0C0F12003042B3BDDF2
:10C97000059BC0F11C000344059305448044059BBE
:10C98000002B05DD1A460499204600F08DFD049029
:10C99000B8F1000F05DD39464246204600F084FD1F
:10C9A00007460F9B53B33946049800F0D1FD002889
:10C9B00024DA00230A220499204600F0FEFB0A9B99
:10C9C00004900AF1FF3A002B00F04D81002331461C
:10C9D0000A22204600F0F1FB029B002B06464FDCAA
:10C9E000069B022B4CDD11E0C9D0059A1C331A447A
:10C9F00005921D449844C2E70346F6E7B9F1000FDB
:10CA000038DC069B022B35DDCDF80890029B63B91C
:10CA100039460522204600F0D0FB0146074604981F
:10CA200000F096FD00283FF7CCAD0B9B5D466FEA0A
:10CA3000030A4FF000093946204600F0A7FB002EFC
:10CA40003FF4B7AEB9F1000F05D0B14503D0494668
:10CA5000204600F09BFB3146204600F097FBA8E6FD
:10CA600000273E46E1E7DDF820A03E46A9E500BFED
:10CA7000000024400A9BCDF80890002B00F0FA80BB
:10CA8000002D05DD31462A46204600F00DFD064604
:10CA9000079B002B4CD07168204600F043FB3269A5
:10CAA00002320546920006F10C010C30FEF7C6F981
:10CAB00001222946204600F0F7FC009BCDF814B077
:10CAC00003F00103B1460793064639460498FFF781
:10CAD000A6FA4946054600F13008049800F038FDF2
:10CAE000324600903946204600F04CFDC3680246AD
:10CAF00003BB01460890049800F02AFD089A0346FB
:10CB000011462046089300F041FB089BA3B9069A02
:10CB100092B9079A82B9B8F1390F29D0009B002B3E
:10CB200001DD05F13108059B5D1C83F8008082E77B
:10CB30003046C2E70123E3E7009A002A04DB25D14F
:10CB4000069A1ABB079A0ABB002BECDD0122049956
:10CB5000204600F0A9FC3946049000F0F9FC0028BA
:10CB600003DCE0D118F0010FDDD0B8F1390FD8D1D6
:10CB7000059B059A5D1C3923137015F8013C392B70
:10CB800005F1FF324FD00133137054E7059A002BA3
:10CB900002F1010506DDB8F1390FE9D008F101080D
:10CBA000059BC2E7029A05F8018CA5EB0B039342A3
:10CBB00021D000230A220499204600F0FEFAB14554
:10CBC00004904FF000034FF00A024946204605D179
:10CBD00000F0F3FA81460646059576E700F0EDFA97
:10CBE0003146814600230A22204600F0E6FA064636
:10CBF000F2E74FF0000901220499204600F054FCAE
:10CC00003946049000F0A4FC0028B6DC02D118F0EC
:10CC1000010FB2D115F8013C302B05F1FF327FF442
:10CC20000AAF1546F6E7934505D131230AF1010A0B
:10CC30008BF80030FFE615469FE7DFF864B007E0A9
:10CC4000219BDFF860B01BB10BF10803219A136040
:10CC5000584617B0BDE8F08F069B012B7FF735AE25
:10CC60000E9B079349E6029B002B03DC069B022BDD
:10CC70003FF7CCAE5D4639460498FFF7D0F900F196
:10CC8000300805F8018B029AA5EB0B039A42B0DD40
:10CC900000230A220499204600F08FFA0490EAE764
:10CCA0002FF2030054F303008A892DE9F041054671
:10CCB00010070C4658D44B68002B05DC0B6C002B7E
:10CCC00002DC0020BDE8F081E66A002EF9D00023E6
:10CCD00012F480522F68216A2B6032D0606DA389D4
:10CCE0005A0705D56368C01A636B0BB1236CC01A71
:10CCF00000230246E66A216A2846B047431CA389FE
:10CD000006D129681D2948D8294ACA40D60744D5E2
:10CD100000226260D9042269226004D5421C01D13C
:10CD20002B6803B96065616B2F600029C9D004F1DD
:10CD30004403994202D02846FEF7BAF80020606307
:10CD4000C0E701232846B047411CC8D12B68002BFF
:10CD5000C5D01D2B01D0162B01D12F60B1E7A389BF
:10CD600043F04003A381ADE70F69002FA9D09307DB
:10CD70000E6808BF4B690F6018BF0023A6EB0708B9
:10CD80008B60B8F1000F9CDD43463A46216AA66AE3
:10CD90002846B047002806DCA38943F04003A3815E
:10CDA0004FF0FF308EE70744A8EB0008E9E700BF2B
:10CDB0000100402038B50B6905460C46DBB118B1BF
:10CDC00083690BB900F060F80C4B9C4209D16C6888
:10CDD000B4F90C307BB121462846BDE83840FFF756
:10CDE00063BF074B9C4201D1AC68F1E7054B9C4205
:10CDF00008BFEC68ECE7002038BD00BF84F30300F7
:10CE0000A4F3030064F30300002310B50446C0E953
:10CE10000033836081814366C281C0E9043383614A
:10CE2000194608225C30FEF72DF8054B6362054B6E
:10CE3000A362054BE362054B2462236310BD00BF70
:10CE400051DA030073DA0300ABDA0300CFDA030030
:10CE5000014900F085B800BFB5CD030070B54A1E8A
:10CE6000682555430E4605F17401FEF76FF8044638
:10CE700040B10021C0E900160C30A06005F1680245
:10CE8000FEF700F8204670BD836910B5044633BB39
:10CE9000C0E912330365124B124A1B688262984242
:10CEA00004BF0123836100F01FF86060204600F09A
:10CEB0001BF8A060204600F017F80022E060042173
:10CEC0006068FFF7A1FF01220921A068FFF79CFF1E
:10CED00002221221E068FFF797FF0123A36110BD32
:10CEE00000F2030051CE0300F8B51B4B1E68B36976
:10CEF000074613B93046FFF7C7FF4836D6E9013475
:10CF0000013B03D5336833B13668F7E7B4F90C5009
:10CF10006DB16834F4E704213846FFF79FFF3060B5
:10CF20000028F1D10C233B6004462046F8BD0B4B92
:10CF30006566C4E90055A560C4E90335C4E9055533
:10CF40000822294604F15C00FDF79CFFC4E90D5559
:10CF5000C4E91255E9E700BF00F203000100FFFF3A
:10CF60002DE9F8438046894600F14804002614B9AB
:10CF70003046BDE8F883D4E90175013F01D5246846
:10CF8000F5E7AB89012B07D9B5F90E30013303D092
:10CF900029464046C84706436835EEE7044B1B6800
:10CFA000186A044B002808BF1846F030704700BFCD
:10CFB00048610020AC61002070B50E46B1F90E103A
:10CFC000002996B014461D4607DA00232B60B3896A
:10CFD0001A0610D44FF480630EE06A4600F09EFDFE
:10CFE0000028F2DB019A02F47042A2F500535A4283
:10CFF0005A412A60EEE740230020236016B070BD3E
:10D000008B8973B59D0706460C4607D504F1470387
:10D01000236023610123636102B070BD01AB6A46E6
:10D02000FFF7CAFF009905463046FDF78FFF48B964
:10D03000B4F90C309A05EFD423F0030343F0020354
:10D04000A381E3E70D4BB362A389206043F0800323
:10D05000A381009B6361019B20615BB1B4F90E1059
:10D06000304600F06DFD28B1A38923F0030343F09F
:10D070000103A381A3891D43A581CDE751CE030000
:10D0800001F0FF01102A2BDB10F0070F08D010F879
:10D09000013B013A8B422DD010F0070F42B3F6D17D
:10D0A000F0B441EA012141EA014122F007047FF096
:10D0B00000070023F0E80256083C85EA010586EAED
:10D0C000010685FA47F5A3FA87F586FA47F6A5FA29
:10D0D00087F68EB9EED1F0BC01F0FF0102F0070235
:10D0E00032B110F8013B013A83EA010313B1F8D1E0
:10D0F0000020704701387047002D06BF35460338C1
:10D10000073815F0010F07D1013015F4807F02BFF9
:10D11000013015F4C03F0130F0BC0138704700BF4A
:10D120007047704770B5456A04460E463DB91020F9
:10D13000F9F7AEFD6062C0E901550560C560656A3A
:10D14000EB6883B1636ADB6853F82600B8B9012144
:10D1500001FA06F56A1D92002046FDF79BFE60B1BC
:10D16000C0E901650EE0212204212046FDF792FE70
:10D17000636AE860DB68002BE4D1002070BD0268C0
:10D1800043F826200023C0E90333F7E770B5446A6B
:10D1900006460D463CB91020F9F77AFD7062C0E9E9
:10D1A00001440460C4603DB1736A6A68DB6853F887
:10D1B0002210296043F8225070BD2DE9F0410D691D
:10D1C0001F4606460C4601F1140C0023DCF8000053
:10D1D00081B202FB01710F0C000C02FB007089B2DE
:10D1E000013301EB00419D424FEA10474CF8041B0C
:10D1F000ECDCD7B1A368AB4212DC61683046013188
:10D20000FFF790FF2269023204F10C018046920080
:10D210000C30FDF713FE21463046FFF7B7FF4446BA
:10D2200004EB850301355F6125612046BDE8F0818F
:10D23000020C12040346B2B90304102013F07F4F0E
:10D2400004BF1B02083013F0704F04BF1B010430F1
:10D2500013F0404F04BF9B000230002B06DB5B0045
:10D2600003D5013070470020E8E7202070470368AD
:10D2700013F0070201460BD0DA0723D4980749BF01
:10D280005B089B0801200B605CBF0B6002207047AD
:10D2900098B2A8B91B0C102013F0FF0F04BF1B0A93
:10D2A00008301A0704BF1B0904309A0704BF9B0803
:10D2B0000230DA0702D45B0806D001300B607047F9
:10D2C0001046E9E7002070472020704710B50C4653
:10D2D0000121FFF727FF01224461026110BD2DE902
:10D2E000F74F14460A6923699A42B8BF0B4688462D
:10D2F000BCBFA0461C46D8F81070D4F81090D8F8DF
:10D300000830D8F8041007EB0906B342B8BF013162
:10D31000FFF708FF00F1140505EB860E2B460022EF
:10D32000734516D304F1140208F1140102EB8903CA
:10D3300001EB87070093009B019293420CD8002ECB
:10D3400003DD5EF8043D002B5DD0066103B0BDE84F
:10D35000F08F43F8042BE3E7B2F800B0BBF1000F05
:10D3600023D08946AC464FF0000859F8044BDCF84E
:10D3700000A0A3B21FFA8AFA0BFB03A34FEA144AD8
:10D38000DCF8004043444FEA14480BFB0A8404EBEA
:10D390001344E2469BB243EA04434F454FEA144824
:10D3A0004AF8043B2BD8CCF80480019BB3F802A0C8
:10D3B0000432BAF1000F20D02B688946A8464FF0FE
:10D3C000000BB9F800C0B8F802400AFB0C445C44FA
:10D3D000C4469BB243EA04434CF8043B59F8043B6F
:10D3E000B8F804B01B0C0AFB03B303EB14434F451E
:10D3F0004FEA134B05D8C8F8043004359BE7D446F0
:10D40000B3E7E046DDE7013E99E700002DE9F84388
:10D41000154612F0030206460F4607D0013A214C8A
:10D42000002354F82220FFF7C8FE0746AD1035D080
:10D43000746A3CB91020F9F72BFC7062C0E9014412
:10D440000460C460D6F82480D8F808404CB940F293
:10D4500071213046FFF73AFF0023C8F80800044660
:10D4600003604FF00008EB070AD5394622463046E4
:10D47000FFF735FF394681463046FFF787FE4F46B6
:10D480006D100BD0206838B9224621463046FFF790
:10D4900026FF2060C0F800800446E4E73846BDE877
:10D4A000F88300BFB8F403002DE9F0470C464FEABB
:10D4B000621A236949680AEB0309A36807461646FE
:10D4C00009F10105AB4232DB3846FFF72BFE0023A2
:10D4D000804600F114011A4653452BDB20692AEAE5
:10D4E000EA7A04F1140316F01F0201EB8A0103EB40
:10D4F000800C25D0C2F1200E00201E688A4696407E
:10D5000030434AF8040B53F8040B9C4520FA0EF004
:10D5100014D8486008B109F10205013D3846C8F841
:10D5200010502146FFF732FE4046BDE8F08701313A
:10D530005B00C7E741F823200133CDE75146DCE724
:10D54000043953F8042B41F8042F9C45F9D8E4E73B
:10D5500003690A699B1A30B50CD19200143014315A
:10D560008418114454F8045D51F8042D954203D0F9
:10D5700005D30123184630BDA042F3D3FAE74FF09C
:10D58000FF33F7E72DE9F0470D46074611462846D9
:10D590001446FFF7DDFF061E08D131463846FFF777
:10D5A000C1FD0123C0E90436BDE8F087A4BF2346CE
:10D5B0002C4638466168A6BF1D4600260126FFF7A7
:10D5C000B1FD2B69C660266905F1140904F1140246
:10D5D00002EB860709EB830800F114054FF0000EFB
:10D5E00052F804AB59F8044B1EFA8AF1A3B2C91AD7
:10D5F000230CC3EB1A4303EB214389B24FEA234EBA
:10D60000C84541EA0343944645F8043BE8D8BC4585
:10D6100004D355F8043D83B10661C5E75CF8041BEB
:10D620001EFA81F31A1402EB11429BB243EA024341
:10D630004FEA224E45F8043BE9E7013EE9E72DE9D0
:10D64000F7430E46012159EC108B1546FFF76AFD92
:10D65000C9F30A540746C9F3130334BB0193B8F165
:10D66000000327D002A840F8083DFFF700FE00990C
:10D67000F0B1019AC0F1200302FA03F30B43C24058
:10D680007B610192019BBB61002B14BF0221012130
:10D690003961C4B1A4F2334404443460C0F13500AC
:10D6A0002860384603B0BDE8F08343F48013D5E723
:10D6B0007961E7E701A8FFF7DAFD019B7B610121B2
:10D6C00039612030E5E707EB8103A0F2324030609A
:10D6D0001869FFF7ADFDC0EB4110E1E7F8B507466B
:10D6E00014460E4621B91146BDE8F840FDF72EBCA0
:10D6F00022B9FDF7DDFB25462846F8BD00F042FAC9
:10D70000A0420FD221463846FDF720FC05460028EE
:10D71000F2D031462246FDF791FB31463846FDF7FF
:10D72000C7FBE9E73546E7E72DE9F0478E689E42FB
:10D7300082460C469046994637D88A8912F4906FF3
:10D7400031D0256809696F1A6569022305EB450523
:10D7500095FBF3F509F101033B449D4238BF1D469B
:10D76000530530D52946FDF7F1FB064650B90C2389
:10D77000CAF80030A38943F04003A3814FF0FF3083
:10D78000BDE8F0873A462169FDF758FBA38923F4E9
:10D79000906343F08003A381266165613E44ED1BE5
:10D7A0002660A5604E464E4500D94E46324641465B
:10D7B0002068FDF74EFBA3689B1BA36023681E44F3
:10D7C00026600020DCE72A46FFF788FF064600288F
:10D7D000E2D121695046FDF76BFBC8E72DE9F04F18
:10D7E0009DB0804603938B891D060C4616460FD5C7
:10D7F0000B696BB94021FDF7A9FB2060206128B9B6
:10D800000C23C8F800304FF0FF30C7E040236361BD
:10D810000023099320238DF8293030238DF82A30F6
:10D820004FF0010B37463D4615F8013B0BB1252B58
:10D830003ED1B7EB060A0BD053463246214640464E
:10D84000FFF772FF013000F0A480099B5344099355
:10D850003B78002B00F09D8000234FF0FF32CDE994
:10D860000523049307938DF853301A932F4605220E
:10D8700017F8011B4F48FFF703FC049BD0B9D906EA
:10D8800044BF20228DF853201A0744BF2B228DF865
:10D8900053202A782A2A15D0079A2F4600200A25D5
:10D8A000394611F8013B303B092B4DD9B8B10FE097
:10D8B0002F46B8E73F4A801A0BFA00F0184304904D
:10D8C0003D46D3E7039A111D12680391002A01DB3C
:10D8D000079204E0524243F00203079204933B781C
:10D8E0002E2B0CD17B782A2B33D1039B1A1D1B685E
:10D8F0000392002BB8BF4FF0FF33023705932E4D34
:10D90000397803222846FFF7BBFB38B14023401B80
:10D9100003FA00F0049B0343013704933978274846
:10D920008DF8281006227E1CFFF7AAFB002838D0AD
:10D93000234B13BB039B073323F0070308330393E5
:10D94000099B4B4409936DE705FB023201200F460A
:10D95000A6E700230137059319460A25384610F833
:10D96000012B303A092A03D9002BC8D00591C6E70C
:10D9700005FB012101230746F0E703AB0093224694
:10D98000104B04A94046FDF70DFDB0F1FF3F814665
:10D99000D6D1A3895B063FF536AF09981DB0BDE827
:10D9A000F08F03AB00932246064B04A94046FDF7D7
:10D9B000AFFFEAE70EF2030014F2030018F20300CF
:10D9C000A5B3030029D703001F2938B504460D4627
:10D9D00004D9162303604FF0FF3038BD426C12B1FA
:10D9E00052F821304BB9204600F030F82A46014663
:10D9F0002046BDE8384000F017B8012B0AD0591C6A
:10DA000003D1162303600120E7E7002442F82540F4
:10DA1000284698470020E0E7024B01461868FFF7C8
:10DA2000D3BF00BF4861002038B5074C002305462E
:10DA300008461146236000F0A5F9431C02D1236873
:10DA400003B12B6038BD00BF20BE002000F08AB9B2
:10DA500010B50C46B1F90E1000F09CF80028ABBFD1
:10DA6000636DA3891B1823F48053ACBF6365A38146
:10DA700010BD2DE9F0411F468B89DB0505460C469C
:10DA8000164605D502230022B1F90E1000F068F801
:10DA9000A389B4F90E1023F48053A38132463B4688
:10DAA0002846BDE8F04100F017B810B50C46B1F9B2
:10DAB0000E1000F055F8431CA38915BF606523F4D0
:10DAC000805343F48053A38118BFA38110BDB1F9E3
:10DAD0000E1000F013B8000038B5074C0546084694
:10DAE0001146002222601A46FBF736FC431C02D185
:10DAF000236803B12B6038BD20BE002038B5064C2A
:10DB0000002305460846236000F01CF9431C02D19F
:10DB1000236803B12B6038BD20BE002038B5074C08
:10DB20000023054608461146236000F013F9431C04
:10DB300002D1236803B12B6038BD00BF20BE002096
:10DB400038B5064C002305460846236000F012F95C
:10DB5000431C02D1236803B12B6038BD20BE0020D6
:10DB600038B5074C054608461146002222601A4681
:10DB700000F010F9431C02D1236803B12B6038BDBB
:10DB800020BE002051F8043C181F002BBCBF0B58CE
:10DB9000C018704738B5074C0546084611460022A4
:10DBA00022601A4600F0FEF8431C02D1236803B13C
:10DBB0002B6038BD20BE00204FF0FF3C06E000BFC8
:10DBC0004FF0010C02E000BF4FF0010C4DF804CD06
:10DBD0004FEA410C7FEA6C5C4FEA430C18BF7FEAC6
:10DBE0006C5C1BD001B050EA410C0CBF52EA430CF4
:10DBF00091EA030F02BF90EA020F0020704710F174
:10DC0000000F91EA030F58BF994208BF90422CBF02
:10DC1000D8176FEAE37040F0010070474FEA410CFB
:10DC20007FEA6C5C02D150EA013C07D14FEA430C19
:10DC30007FEA6C5CD6D152EA033CD3D05DF8040B8A
:10DC4000704700BF8446104662468C4619466346BC
:10DC500000E000BF01B5FFF7B7FF002848BF10F193
:10DC6000000F01BD4DF808EDFFF7F4FF0CBF0120D8
:10DC700000205DF808FB00BF4DF808EDFFF7EAFF54
:10DC800034BF012000205DF808FB00BF4DF808ED0F
:10DC9000FFF7E0FF94BF012000205DF808FB00BF04
:10DCA0004DF808EDFFF7CEFF94BF012000205DF88E
:10DCB00008FB00BF4DF808EDFFF7C4FF34BF01209B
:10DCC00000205DF808FB00BF4FEA410C7FEA6C5C66
:10DCD00002D150EA013C0AD14FEA430C7FEA6C5C66
:10DCE00002D152EA033C02D14FF0000070474FF0DE
:10DCF000010070474FEA410212F5001215D211D50A
:10DD00006FF47873B3EB625212D94FEAC12343F038
:10DD1000004343EA505311F0004F23FA02F018BFBA
:10DD2000404270474FF00000704750EA013005D183
:10DD300011F0004008BF6FF0004070474FF0000046
:10DD4000704700BF024B58221A604FF0FF307047F7
:10DD500020BE0020024B58221A604FF0FF3070475F
:10DD600020BE0020024B58221A604FF0FF3070474F
:10DD700020BE0020024B58221A600020704700BFCE
:10DD800020BE0020024B58221A604FF0FF3070472F
:10DD900020BE0020024B58221A604FF0FF3070471F
:10DDA00020BE0020024B58221A604FF0FF3070470F
:10DDB00020BE0020044A05491368002B08BF0B460B
:10DDC0001844106018467047FCBD002024BE002097
:10DDD000FEE700BFF8B500BFF8BC08BC9E46704720
:10DDE000F8B500BFF8BC08BC9E46704754696E7910
:10DDF0005553422053657269616C000000000000B9
:10DE000000000000316502008963020079630200AE
:10DE10006D630200F16202003D63020011630200C3
:10DE2000D1630200F0FFFFFF00000000296502003F
:10DE300012010002000000409A23B3000001010219
:10DE40000301000009020900000100A032000000E7
:10DE50003031323334353637383941424344454620
:10DE60004E6F6C6F676F000050726F4D6963726F19
:10DE7000204E52463532383430000000416461662D
:10DE800072756974000000004D6173732053746FE4
:10DE90007261676500000000312E300075736264A6
:10DEA00000000000050F3900021810050038B60800
:10DEB00034A909A0478BFDA0768815B6650001013D
:10DEC000011C100500DF60DDD88945C74C9CD26578
:10DED0009D9E648A9F00000306B2000200010300B9
:10DEE0000000000019700200A9700200D570020045
:10DEF0001D71020029720200FD7202000000000084
:10DF000000000000757D020000000000857D020019
:10DF1000957D02002D7E02007D7F02000000000042
:10DF200000000000B5740200CD740200D17402003C
:10DF3000E9740200B1750200D97702000000000008
:10DF400000000000758C0200998C02009D8C02007C
:10DF5000C18C0200E98D02006995020000000000FA
:10DF6000000000009978020009790200357902006A
:10DF70005D790200917A0200957A020000000000AB
:10DF8000000000004D860200A5860200C186020046
:10DF9000E58602003D6D02001D88020000000000C1
:10DFA0005F757362645F7164656600005D200000E8
:10DFB000A4E10300ACE10300B4E10300BCE1030011
:10DFC000C8E10300D0E10300DCE10300ECE1030061
:10DFD000F8E1030041542B434D49434741494E3D2D
:10DFE0002575000041542B43434C4B3F000000007B
:10DFF0002B434D4752443A002B434D47523A0000C1
:10E000006E6F202B434D4752206865616465722016
:10E01000696E207265706C7900000000756E65781D
:10E02000706563746564202B434D475220706172A4
:10E03000616D6574657273202825642900000000F5
:10E0400041542B43535100002B4353513A000000DD
:10E050006E6F20273E272070726F6D707400000075
:10E0600041542B434C49503D3100000041542B4357
:10E070004C564C3D2575000041542B4353445643A8
:10E080003D25750041544425733B000069676E6F60
:10E090007265643A20257300415445300000000049
:10E0A000415400004154410041542B434855500015
:10E0B0006E6F74696669636174696F6E20717565EE
:10E0C00075652066756C6C2C2064726F7070696E5B
:10E0D000673A2025730000004552524F520000005D
:10E0E0002B434D45204552524F5200002B434D5378
:10E0F000204552524F5200002573202D3E2025739B
:10E100000000000025732074696D6564206F7574CC
:10E11000000000004F4B00002B00000041542B4337
:10E120004D47533D222573220000000073656E6445
:10E13000206661696C65643A2025730073656E64BE
:10E140002074696D6564206F757400005258202535
:10E15000730000006F76657273697A6564206C697C
:10E160006E65206469736361726465640000000019
:10E1700041542B43504D533F0000000041542B436A
:10E180004D47463D3100000041542B434D47443D2F
:10E190002575000054582025730000006D6F6465DC
:10E1A0006D00000052494E47000000002B434C49CF
:10E1B000503A00002B434D54493A00004E4F204343
:10E1C00041525249455200002B43454E443A00000B
:10E1D000564F4943452043414C4C3A004D49535317
:10E1E00045445F43414C4C3A000000004E4F2041F3
:10E1F0004E5357455200000042555359000000004D
:10E20000756E706172736561626C653A202573008A
:10E2100074696D65000000006F7574206F66207270
:10E22000616E67653A202573000000002530327565
:10E230003A253032750000000000000000000000A8
:10E24000ED3D0300B1580300996A02009DDD020014
:10E25000B5DD02005D2F0300612F0300ED320300E6
:10E26000712F0300852F0300B93103005D2F0300D8
:10E270009D2F0300992F03001D3503004134030037
:10E2800069300300A1DD0200C12F0300E930030063
:10E2900063616C6C206661696C656400082008002D
:10E2A0006E616D652F6E756D626572202055502F01
:10E2B000444E2020454E542063616C6C2020455311
:10E2C000430000006E616D652F6E756D6265722092
:10E2D0002055502F444E2020454E54202045534376
:10E2E0000000000043616C6C3A200000546F3A203B
:10E2F000000000005F00000074797065206D736796
:10E300002020454E542073656E6420204553430001
:10E3100041542B434D47523D2564000041542B533B
:10E32000494D544F4E453D300000000041542B43B1
:10E3300050544F4E453D3000636F6D706F736500F4
:10E34000737461747573000063616C6C000000008D
:10E350006469616C000000002A0000002F000000CA
:10E3600041542B53494D544F4E453D312C38353097
:10E370002C3330302C3230302C313830300000002B
:10E3800041542B4350544F4E453D38006E6F206C26
:10E390006F63616C2072696E6720746F6E652073A5
:10E3A0007570706F72740000747A206F66667365A2
:10E3B00074206E6F77202564206D696E0000000068
:10E3C000766974616C73206368616E6765643A2076
:10E3D000626172732025642D3E256420736D732065
:10E3E00025642F256420756E726561642025642084
:10E3F0006D69737365642025640000006576656E41
:10E4000074000000564F4943452043414C4C3A208C
:10E41000424547494E0000002B43454E4400000052
:10E42000564F4943452043414C4C3A20454E440009
:10E4300063616C6C20656E64656400004D69737384
:10E4400065642063616C6C3A200000006F6B000013
:10E4500064656C65746520736C6F742025643A2064
:10E46000257300002B3100004E4F5420464F554E6F
:10E47000440000004E4F5420524553504F4E4449E3
:10E480004E4700007072657373206B65797320745A
:10E490006F20746573742020455343206261636B61
:10E4A000000000006469792D70686F6E65200000BF
:10E4B000667265652052414D20200000206279740B
:10E4C000657300006B6579626F61726420200000E3
:10E4D0006D6F64656D2020202020000041542B4387
:10E4E0004F50533F000000006F70657261746F728F
:10E4F000202000006E65742074696D652020000086
:10E500007369676E616C2020202000002F3331007A
:10E51000736D7320736C6F7473200000206F66201E
:10E52000000000006D69737365642063616C6C7337
:10E530000000000020206E6F6E6500006B65792082
:10E54000746573743A200000707265737320616E95
:10E5500079206B65790000004641494C4544000034
:10E560006465627567206F6E000000006465627507
:10E5700067206F66660000004154490041542B43F8
:10E5800050494E3F0000000041542B435245473F45
:10E5900000000000646562756700000072616D0034
:10E5A000206279746573206672656500636F6D6DB6
:10E5B000616E64733A000000202041542E2E2E20FC
:10E5C000202073656E6420616E7920415420636F52
:10E5D0006D6D616E6420746F20746865206D6F646A
:10E5E000656D2C207072696E742074686520726588
:10E5F000706C7900202073746174757320206D6FC6
:10E6000064656D206865616C746820636865636B20
:10E610000000000020206465627567202020746F70
:10E6200067676C65207261772041542054582F52DF
:10E63000582074726163696E670000002020726167
:10E640006D202020202073686F772066726565201A
:10E6500052414D00202068656C7020202020746895
:10E660006973206C69737400656D696C696500007D
:10E670006C697A00646F6E0046554C4C207265667A
:10E6800072657368000000006570640070617274E8
:10E6900069616C2072656672657368005B6F6B5DA3
:10E6A000200000005B2D2D5D20000000454E542011
:10E6B000616E7377657220204553432072656A65E9
:10E6C0006374000055502F444E20766F6C20204C10
:10E6D0002F52206D696320204553432068616E6787
:10E6E00020757000696E2063616C6C00696E636FE9
:10E6F0006D696E672063616C6C00000063616C6C17
:10E70000696E672E2E2E0000766F6C2000000000D0
:10E7100020206D6963200000302D392074797065E8
:10E720002020454E542063616C6C202045534320CB
:10E7300063616E63656C00006469616C3A2000007F
:10E7400055502F444E204420523A7265706C792007
:10E75000503A63616C6C20455343000046726F6D04
:10E760002000000061742000206C6F63616C000069
:10E770002E2E2E00696E626F7820656D70747900A0
:10E780006D6F64656D206F66666C696E65202D2DFA
:10E79000206E6F20696E626F780000004D3A6D73D5
:10E7A0006720433A63616C6C20454E5420442052EC
:10E7B000205020302D392054414200004320636F07
:10E7C0006D706F7365732061206D6573736167652C
:10E7D0003B20746578742074686973006E756D628F
:10E7E000657220746F2066696C6C2074686520699E
:10E7F0006E626F782E0000002D2D3A2D2D00000046
:10E8000073656E740000000053454E442046414934
:10E810004C4544202D2D204D20726573756D657318
:10E8200000000000647261667420726573756D6526
:10E830006400000073656E64696E672E2E2E000002
:10E840006472616674207361766564202D2D204D9D
:10E8500020726573756D65730000000063616C6CF8
:10E860002072656A6563746564000000270000001B
:10E87000272020283078000029000000636F64659D
:10E880002030780073656E6420746F2025733A2001
:10E890002573000041542B434D474C3D22414C4CC5
:10E8A0002200000041542B434D474C206661696CA7
:10E8B00065640000736D73002B434D474C3A0000B4
:10E8C000554E5245414400003F0000002564206D34
:10E8D0006573736167652873292C20256420756E24
:10E8E0007265616400000000763539650000000043
:10E8F00068E60300C0E9030070E60300D0E9030006
:10E9000074E60300E0E903006D6F64656D206F6ECF
:10E910006C696E6500000000736574746C650000BE
:10E920006469792D70686F6E650000006B657962AF
:10E930006F617264000000006B6579626F617264E0
:10E94000206F6B00626F6F74000000007761697464
:10E95000696E672E2E2E000052454144590000007A
:10E9600053494D2063617264000000002C310000A7
:10E970002C35000020756E72656164206D657373BF
:10E98000616765005344412D3E382053434C2D3E72
:10E99000373F000054582D3E342052582D3E333F0F
:10E9A00020706F7765723F006E6574776F726B00D1
:10E9B000736561726368696E672E2E2E0000000019
:10E9C0002B313634363332373832323000000000E3
:10E9D0002B313631373432393931343400000000CC
:10E9E0002B313635313235323437363500000000C0
:10E9F0000000000000000000D5280300FD280300EF
:10EA0000996A0200B9280300BD280300C528030045
:10EA1000CD280300705F73706920213D204E554C56
:10EA20004C0000002F686F6D652F6477626C616920
:10EA3000722F2E706C6174666F726D696F2F7061CA
:10EA4000636B616765732F6672616D65776F726B5B
:10EA50002D61726475696E6F616461667275697447
:10EA60006E726635322F6C69627261726965732FDE
:10EA70005350492F5350492E6370700053504943EF
:10EA80006C6173733A3A535049436C617373284E07
:10EA900052465F5350494D5F547970652A2C20755A
:10EAA000696E74385F742C2075696E74385F742CCD
:10EAB0002075696E74385F74290000000000000042
:10EAC000003E5B4F5B3E3E6B4F6B3E1C3E7C3E1CF4
:10EAD000183C7E3C181C577D571C1C5E7F5E1C003A
:10EAE000183C1800FFE7C3E7FF0018241800FFE7F1
:10EAF000DBE7FF30483A060E2629792926407F05B4
:10EB00000507407F05253F5A3CE73C5A7F3E1C1CC9
:10EB100008081C1C3E7F14227F22145F5F005F5F89
:10EB200006097F017F006689956A60606060609475
:10EB3000A2FFA29408047E040810207E201008087A
:10EB40002A1C08081C2A08081E101010100C1E0C85
:10EB50001E0C30383E3830060E3E0E060000000017
:10EB60000000005F00000007000700147F147F14FE
:10EB7000242A7F2A12231308646236495620500043
:10EB800008070300001C2241000041221C002A1C2F
:10EB90007F1C2A08083E080800807030000808081A
:10EBA0000808000060600020100804023E5149453A
:10EBB0003E00427F400072494949462141494D3358
:10EBC0001814127F1027454545393C4A49493141BF
:10EBD000211109073649494936464949291E00008D
:10EBE00014000000403400000008142241141414E2
:10EBF0001414004122140802015909063E415D59CE
:10EC00004E7C1211127C7F494949363E41414122D6
:10EC10007F4141413E7F494949417F090909013E00
:10EC2000414151737F0808087F00417F4100204027
:10EC3000413F017F081422417F404040407F021C39
:10EC4000027F7F0408107F3E4141413E7F09090950
:10EC5000063E4151215E7F0919294626494949321C
:10EC600003017F01033F4040403F1F2040201F3FE2
:10EC70004038403F63140814630304780403615967
:10EC8000494D43007F4141410204081020004141A9
:10EC9000417F040201020440404040400003070855
:10ECA0000020545478407F28444438384444442851
:10ECB000384444287F385454541800087E090218F8
:10ECC000A4A49C787F0804047800447D4000204080
:10ECD000403D007F1028440000417F40007C0478C4
:10ECE00004787C080404783844444438FC1824240C
:10ECF0001818242418FC7C0804040848545454248C
:10ED000004043F44243C4040207C1C2040201C3C08
:10ED10004030403C44281028444C9090907C4464FF
:10ED2000544C440008364100000077000000413692
:10ED3000080002010204023C2623263C1EA1A16118
:10ED4000123A4040207A385454555921555579414A
:10ED50002254547842215554784020545579400C1F
:10ED60001E52721239555555593954545459395502
:10ED70005454580000457C410002457D4200014545
:10ED80007C407D1211127DF0282528F07C545545D9
:10ED9000002054547C547C0A097F49324949493245
:10EDA0003A4444443A324A4848303A4141217A3A56
:10EDB00042402078009DA0A07D3D4242423D3D4022
:10EDC00040403D3C24FF2424487E4943662B2FFCD1
:10EDD0002F2BFF0929F620C0887E0903205454797F
:10EDE000410000447D413048484A32384040227A50
:10EDF000007A0A0A727D0D19317D2629292F2826CD
:10EE00002929292630484D402038080808080808D4
:10EE10000808382F10C8ACBA2F102834FA00007B2D
:10EE2000000008142A142222142A14085500550040
:10EE300055AA55AA55AAFF55FF55FF000000FF002F
:10EE4000101010FF00141414FF001010FF00FF102A
:10EE500010F010F0141414FC001414F700FF00005C
:10EE6000FF00FF1414F404FC141417101F10101FDB
:10EE7000101F1414141F00101010F0000000001FC9
:10EE8000101010101F10101010F010000000FF10D4
:10EE90001010101010101010FF10000000FF1400D0
:10EEA00000FF00FF00001F10170000FC04F4141402
:10EEB0001710171414F404F40000FF00F7141414CE
:10EEC00014141414F700F7141414171410101F104E
:10EED0001F141414F4141010F010F000001F101F71
:10EEE0000000001F14000000FC140000F010F010DF
:10EEF00010FF10FF141414FF141010101F00000056
:10EF000000F010FFFFFFFFFFF0F0F0F0F0FFFFFF59
:10EF10000000000000FFFF0F0F0F0F0F38444438B0
:10EF200044FC4A4A4A347E02020606027E027E02FF
:10EF300063554941633844443C04407E201E20060A
:10EF4000027E020299A5E7A5991C2A492A1C4C7247
:10EF500001724C304A4D4D303048784830BC625ACE
:10EF6000463D3E494949007E0101017E2A2A2A2A5E
:10EF70002A44445F444440514A444040444A51403A
:10EF80000000FF0103E080FF000008086B6B0836FB
:10EF900012362436060F090F06000018180000006C
:10EFA0001010003040FF0101001F01011E00191D5B
:10EFB0001712003C3C3C3C00000000000000000038
:10EFC00000000000ED3D0300B1580300996A020003
:10EFD0009DDD0200416C03005D2F0300612F0300E3
:10EFE000ED320300712F0300852F0300B9310300B8
:10EFF0005D2F03009D2F0300992F03001D35030093
:10F00000413403006930030089330300C12F03003A
:10F01000E9300300427573792054696D656F75742A
:10F0200021000000203A2000000000000000000045
:10F03000854103000D400300D13F0300416C0300F4
:10F04000416C0300416C0300153F0300413F030086
:10F05000416C0300453F03004D3F0300793F03002F
:10F06000BD3F0300C13F0300416C0300416C03003E
:10F07000416C0300416C0300C53F0300C93F03001E
:10F08000CD3F03005F5570646174655F46756C6CBD
:10F09000000000005F5570646174655F50617274B8
:10F0A000000000005F506F7765724F6666000000D9
:10F0B0000000000000000000854103000D40030037
:10F0C000D13F0300895403003D560300094E03005D
:10F0D0003D4E0300954E0300B1510300255303003C
:10F0E0003D4E03004D520300BD3F0300C13F0300EE
:10F0F00029480300DD480300A1460300DD46030064
:10F10000C53F0300C93F0300CD3F030008000000D6
:10F1100006000000110000001400000016000000AE
:10F1200018000000200000000B0000002400000078
:10F1300026000000090000000A0000002B0000006B
:10F140002D0000002F000000020000001D00000044
:10F150001F00000021000000220000002500000028
:10F160000D0000000F0000000D0A0000000000006C
:10F1700000000000D95C0300255D0300955C0300DE
:10F18000AD5C03007D5C03008D5C0300855C0300C7
:10F19000895D0300C15F0300D55B0300CD5B030005
:10F1A000546D725100000000546D7220537663005C
:10F1B0006C6F6F700000000043616C6C6261636B88
:10F1C000000000002C2066756E6374696F6E3A2033
:10F1D00000617373657274696F6E2022257322203B
:10F1E0006661696C65643A2066696C6520222573E6
:10F1F000222C206C696E65202564257325730A0016
:10F200004C6100204300504F534958002E00232DDD
:10F21000302B2000686C4C00656667454647004906
:10F220004E4600696E66004E414E006E616E0030C3
:10F230000030313233343536373839414243444572
:10F2400046003031323334353637383961626364E1
:10F25000656600002020202020202020202828284B
:10F26000282820202020202020202020202020208E
:10F2700020202020881010101010101010101010D6
:10F2800010101010040404040404040404041010F6
:10F290001010101010414141414141010101010193
:10F2A000010101010101010101010101010101103F
:10F2B0001010101010424242424242020202020268
:10F2C0000202020202020202020202020202021010
:10F2D00010101020000000000000000000000000DE
:10F2E000000000000000000000000000000000001E
:10F2F000000000000000000000000000000000000E
:10F3000000000000000000000000000000000000FD
:10F3100000000000000000000000000000000000ED
:10F3200000000000000000000000000000000000DD
:10F3300000000000000000000000000000000000CD
:10F3400000000000000000000000000000000000BD
:10F3500000000000496E66696E697479004E614E66
:10F36000000000000000000000000000000000009D
:10F37000000000000000000000000000000000008D
:10F38000000000000000000000000000000000007D
:10F39000000000000000000000000000000000006D
:10F3A000000000000000000000000000000000005D
:10F3B000000000000000000000000000000000004D
:10F3C00000000000000000000080E03779C34143E6
:10F3D000176E05B5B5B89346F5F93FE9034F384DBB
:10F3E000321D30F94877825A3CBF737FDD4F157567
:10F3F000000000000000F03F00000000000024407A
:10F4000000000000000059400000000000408F4054
:10F41000000000000088C34000000000006AF840BF
:10F420000000000080842E4100000000D0126341E3
:10F430000000000084D797410000000065CDCD4159
:10F44000000000205FA00242000000E8764837423A
:10F45000000000A2941A6D42000040E59C30A242D8
:10F460000000901EC4BCD64200003426F56B0C434D
:10F470000080E03779C3414300A0D88557347643F4
:10F4800000C84E676DC1AB43003D9160E458E14355
:10F49000408CB5781DAF154450EFE2D6E41A4B44CA
:10F4A00092D54D06CFF08044F64AE1C7022DB5440F
:10F4B000B49DD9794378EA440500000019000000A2
:08F4C0007D00000000000000C7
:08F4C800886DFE7F01000000C9
:10F4D000000000000A00000000000306B20008005F
:10F4E00001000000A800080002000000A0001400B5
:10F4F000030057494E555342000000000000000031
:10F5000000008400040007002A0044006500760023
:10F5100069006300650049006E00740065007200B8
:10F520006600610063006500470055004900440023
:10F530007300000050007B003900370035004600A2
:10F5400034003400440039002D0030004400300005
:10F5500038002D0034003300460044002D003800F0
:10F560004200330045002D003100320037004300D7
:10F570004100380041004600460046003900440082
:10F580007D000000000000000400000010000C00DE
:10F5900070720020A0DF03000000000000000000E7
:10F5A000000000000000000000000000000000005B
:10F5B000000000000000000000000000000000004B
:10F5C000000000000000000000000000000000003B
:10F5D000000000000000000000000000000000002B
:10F5E0000000000000000000FF020000FFFFFFFF1E
:10F5F000FFFFFFFF10FF0500FFFFFFFFFEFFFFFF04
:10F60000FFFFFFFFFFFFFFFFFFFFFFFFFFFFFFFF0A
:10F6100003FF00000090D0034C61002000000000B8
:10F6200084F30300A4F3030064F30300000000006C
:10F6300000000000000000000000000000000000CA
:10F6400000000000000000000000000000000000BA
:10F6500000000000000000000000000000000000AA
:10F66000000000000000000000000000000000009A
:10F670000000000000000000000000004300000047
:10F68000000000000000000000000000000000007A
:10F690000000000000000000000000004300000027
:10F6A000000000000000000000000000000000005A
:10F6B0000000000000000000000000004300000007
:10F6C000000000000000000000000000000000003A
:10F6D00000000000000000000000000043000000E7
:10F6E000000000000000000000000000000000001A
:10F6F00000000000000000000000000043000000C7
:10F7000000000000000000000000000000000000F9
:10F7100000000000000000000000000043000000A6
:10F7200000000000000000000000000000000000D9
:10F730000000000000000000000000004300000086
:10F7400000000000000000000000000000000000B9
:10F7500000000000000000000000000019BF0300CE
:10F7600019AE03000000000053F203000CF2030086
:10F77000FFF10300FFF10300FFF10300FFF10300BD
:10F78000FFF10300FFF10300FFF10300FFF10300AD
:10F79000FFF10300FFFFFFFFFFFFFFFFFFFFFFFF82
:10F7A000FFFF0000010041534349490000000000F1
:10F7B0000000000000000000000000000000000049
:10F7C00000000000000041534349490000000000D0
:10F7D0000000000000000000000000000000000029
:10F7E000000000000000000001620200356202001B
:10F7F00025660200A9220300412C0300052F030007
:08F800005162030011620200D5
:0400000330009259DE
:00000001FF
