:020000022000DC
:1060000000000420C9030400090404000B04040078
:106010000D0404000F04040011040400000000003B
:10602000000000000000000000000000E501040086
:106030001504040000000000050204001904040017
:10604000A50504001B040400A9CF0300CD520300E2
:106050001B0404001B04040055D303001B040400AC
:106060001B0404001B0404001B0404001B040400A4
:106070001B0404001B0404001B0404001B04040094
:106080001B04040069FF03001B0404001B0404003C
:106090001B0404001B0404001B0404001B04040074
:1060A0001B0404001B0404001B0404001B04040064
:1060B0001B0404001B04040000000000000000009A
:1060C0001B0404001B0404001B040400CD0A04008C
:1060D0001B0404001B0404001B040400496C0200A0
:1060E0001B0404001B0404001B0404000000000047
:1060F000000000001B04040000000000450B040029
:10610000000000000000000000000000000000008F
:10611000000000000000000000000000000000007F
:10612000000000000000000000000000000000006F
:10613000000000000000000000000000000000005F
:10614000000000000000000000000000000000004F
:10615000000000000000000000000000000000003F
:10616000000000000000000000000000000000002F
:10617000000000000000000000000000000000001F
:10618000000000000000000000000000000000000F
:1061900000000000000000000000000000000000FF
:1061A00000000000000000000000000000000000EF
:1061B00000000000000000000000000000000000DF
:1061C00000000000000000000000000000000000CF
:1061D00000000000000000000000000000000000BF
:1061E00000000000000000000000000000000000AF
:1061F000000000000000000000000000000000009F
:10620000F1EE103A43F08073E1EE103A704700BFB0
:1062100010B5054C237833B9044B13B10448AFF3E0
:1062200000800123237010BD1463002000000000D3
:106230001C94040008B5034B1BB103490348AFF39A
:10624000008008BD00000000186300201C940400BA
:10625000154B002B08BF134B9D46A3F5803A002138
:106260008B460F461348144A121A1BF0F2FE0F4BCE
:10627000002B00D098470E4B002B00D098470020F1
:10628000002104000D000D48002802D00C48AFF397
:1062900000801BF04BFE200029001AF0E7F81BF0ED
:1062A0001FFE00BF000008000000042000000000E6
:1062B0000000000014630020F4BD00200000000076
:1062C000000000000146014800F08EBA4C63002037
:1062D00038B5064B1D783DB100242046013400F04E
:1062E000EBFDE0B28542F9D838BD00BF486300201D
:1062F000407DFF2806D010B500F034FD044618B1EB
:10630000204610BD002070471AF03AFD204610BD0F
:10631000407DFF280ED000B583B00DF1070100F0DD
:106320006BFD20B19DF8070003B05DF804FB4FF052
:10633000FF30F9E74FF0FF30704700BF407DFF2886
:1063400011D000B583B001220DF1070100F016FD58
:1063500020B94FF0FF3003B05DF804FB9DF8070053
:1063600003B05DF804FB4FF0FF307047407DFF281D
:1063700001D000F0A1BD7047407DFF2801D000F0A2
:10638000E1BD0020704700BFF8B50646407DFF28FC
:106390001CD017465AB10D46144600F0BDFC2946E4
:1063A000224680B1707D00F031FD241A01D13846BB
:1063B000F8BD05441AF0E4FC707D00F0ADFC294600
:1063C00022460028EED13F1B3846F1E70020F8BDF9
:1063D0000AB32DE9F043524991F81C6191F81D511F
:1063E00091F81E7193B0994614467B1CAA1C8046F6
:1063F000B01C81F81C0181F81D2181F81E3101A813
:10640000422200211BF025FEB9F1410F05D80020E2
:1064100013B0BDE8F083422070478DF806608DF818
:106420000E608DF82660721C40F20126D2B2ADF8E3
:106430001060DFF8F0C08DF81E20242640F6083EDC
:106440006B1C8DF827208DF83120ADF804E08DF815
:1064500016608DF820608DF82460CDF818C00426F1
:1064600065F07F0540F209424FF0010E4FF0060C37
:1064700098F81410ADF80C208DF81CE005228DF86A
:106480001F608DF830608DF825C040F207568DF8FA
:106490002A5020464FF0030E63F07F044FF0080CA3
:1064A00002234FF411658DF814108DF807308DF824
:1064B00008308DF809308DF812308DF821308DF8C4
:1064C00022308DF815208DF823208DF82BE08DF8E3
:1064D0002CC04FF00A0EADF82E504FF0400C01A921
:1064E000ADF8286007258DF833308DF840208DF801
:1064F0004140422244F20204ADF838608DF83B304E
:106500008DF83A708DF834E08DF83CC08DF83F502E
:10651000ADF842401BF079FD422013B0BDE8F08396
:106520004C63002020010524A0F11000FFF750BFAC
:1065300070B50368184A5B6882B093428DF8071003
:1065400024D10546407DFF281DD000F0E5FB0DF16C
:10655000070601243146224688B1687D00F056FCCA
:10656000241A02D1012002B070BD06441AF008FCC2
:10657000687D00F0D1FB314622460028EDD1C4F100
:10658000010002B070BD002002B070BD01220DF10B
:106590000701984702B070BD89630200437DFF2B5D
:1065A00000D07047094B1A78002AFAD110B500F1D3
:1065B000100442750649204601221A7000F0E0F9E5
:1065C00021460448BDE8104000F0F0B848630020C0
:1065D000204E04004C630020407DFF2807D000B50A
:1065E00083B000F099FB20B103B05DF804FB0020FC
:1065F000704701901AF0C4FB019803B05DF804FBEA
:1066000001B900B1704700B583B0694600F09AFB4C
:10661000009BB3F5966F02D003B05DF804FB00F069
:1066200029FBF9E730B4084B084A4FF47F4102F1E7
:106630000805002430324FF47A7099821D60C3E956
:1066400001401A6130BC704730630020304E0400B6
:106650002DE9F0410024484E2546435D4719A3B17A
:1066600003F14002D2B2012A0AD9F42B08D81A0643
:106670000ED44FF0010EA3F55842B2F5006F56D27A
:1066800001354719435D002BEAD12046BDE8F08172
:1066900003F0E002C02A57D003F0F002E02A66D0EF
:1066A00003F0F802F02AEBD103F007024FF0040EDA
:1066B0007B7803F0C00CBCF1800FE1D197F802C0E9
:1066C0000CF0C00803F03F03B8F1800F43EA8213D7
:1066D000D6D10CF03F0CBEF1030F4CEA83132DD042
:1066E000FA7802F0C007802FCAD102F03F0242EAD6
:1066F0008313A3F58032B242C2D8A3F55847B7F549
:10670000006FBDD3B3F5803F05F1040510D31E2CF7
:10671000BBDC6300970A0B44C2F30902A7F52057BC
:10672000A2F5105221F814705A80023495E775448E
:10673000202CAAD021F8143001348EE7A3F5006292
:10674000B2F5784F97D39BE77A7802F0C007802F95
:1067500003F01F0394D102F03F0242EA8313A3F136
:106760008002B2F5F06F8BD24FF0020E83E703F098
:106770000F024FF0030E9BE7FFFF0F0090F8503120
:106780000B2B0CD871B103F1480210B45C1C80F8DB
:10679000504140F822105DF8044B18467047002322
:1067A000184670470B461846704700BF70B5044640
:1067B0000E68B4F81821B4F81A31656936689B1A66
:1067C00008469BB294F81C112A44B04758B1B4F85B
:1067D00018216369104480B2A4F81801588094F815
:1067E0001C211A71012070BD2DE9F043284DDFF8FE
:1067F000B090AC4604468846BCE80F0089B003AFB1
:106800000FC703AE0FCE05F1140E25460FC59EE847
:106810000700DCF800303B806B4636682E8003C3EF
:106820006B4603CB012504F118034FF480766361B6
:10683000A061E16184F8202004F59870C4F81891F3
:106840002022A4F81C61002184F81E511BF001FCD9
:1068500040F20947042240F2EF230E4E0E48C4F8DE
:1068600028010021C4F82C1184F85021A3804FF492
:10687000E131A571C4F82071C4F824610748FFF71D
:106880008DFE404600F0E4F9284609B0BDE8F083EB
:10689000644E0400944E04009C4E040030630020BB
:1068A00009000001004870474C630020014B586903
:1068B000704700BF4C6300202DE9F04F89B0F8B15C
:1068C000032816D02B4C94F8503183424FD94830CE
:1068D00004F5AA7154F82000FFF7BAFEC0B20130E7
:1068E000400040F44070A4F85201234809B0BDE8CC
:1068F000F08F204CD4F82C0150B104F5AA71EBE7CD
:106900001C4CD4F82031A4F854314FF44170EAE71C
:10691000684600F0B1F9054610B300F1FF3A0DF1F9
:106920000103164FE94653FA8AFAA64604AE97E8E1
:106930000F0019F801CB86E80F000CF00F080DF1DD
:10694000200BD8440BEB1C1C18F8108C1CF8103CC6
:10695000AEF85681D145AEF854310EF1040EE6D1B1
:106960006800C0B20130400040F44070BBE7002036
:10697000BCE700BF4C6300209E640020844E0400EE
:1069800010B504460248FFF7F9FE207110BD00BFA4
:106990004C630020024B53F8200000B1C0687047E0
:1069A000E064002030B4094CBDF8085054F8204091
:1069B00044B1246934B10846A44611461A462B4610
:1069C00030BC6047002030BC704700BFE06400204E
:1069D00030B4084CBDF8085054F8204044B1646904
:1069E00034B10846A44611461A462B4630BC6047CF
:1069F00030BC7047E064002000207047024B1868EC
:106A000008B190F860007047E86400202DE9F84371
:106A1000234C2568002D3CD01E462C2303FB00533D
:106A20001746D3F8209088460446B9F1000F32D0BB
:106A300048461CF0D2F92C2303FB0454D4E9095432
:106A4000DFF864C0174B08280246494628BF0822D1
:106A50004046002D08BF6546002C08BF1C461BF0B1
:106A6000D4FA28461CF0B9F910280246294628BF56
:106A7000102238461BF0C9FA20461CF0AEF9042853
:106A800002462146304628BF0422BDE8F8431BF0E9
:106A9000BCBABDE8F883DFF814900820CBE700BF4C
:106AA000E8640020CC4E0400BC4E0400B04E04004C
:106AB00070B5104E3368D3B12C2404FB0034054666
:106AC00062691AB19047336884F832002C2202FBC5
:106AD000053393F8324014B10124204670BD284696
:106AE00023463A22022101F049F8204670BD1C4697
:106AF000204670BDE8640020074B1B6853B110B4FA
:106B00002C2404FB0030C46A038E0C6013805DF8F3
:106B1000044B7047704700BFE864002008B520228E
:106B20000023052101F02AF84FF0FF3008BD00BF17
:106B300030B4094C24685CB10D4611462C2202FB8E
:106B40000044E46924B11A462846234630BC18475D
:106B5000012030BC704700BFE864002030B4094C0D
:106B6000029A246854B10D462C2101FB0044A4680C
:106B700024B119462846234630BC18474FF0FF3051
:106B800030BC7047E864002030B4094C029A246895
:106B900054B10D462C2101FB0044E46824B1194690
:106BA0002846234630BC18474FF0FF3030BC7047B2
:106BB000E8640020044B1B682BB12C2202FB003040
:106BC000036903B118477047E8640020054B1B6850
:106BD0002BB12C2202FB0030836903B1184701203E
:106BE000704700BFE864002004F02ABE00B5144BD3
:106BF000402283B083F82723002002F03DFE4FF0AF
:106C0000804302A80024D3F8385400F8084D19F046
:106C100083FC02A80B4B40F8043D19F0A9FC19F0C5
:106C2000B9FCEB0707D400214FF0FF3003F0C8F8A0
:106C3000FFF74EFBF7E7204604F002FEF3E700BF44
:106C400000E100E0E96B0200002004F055BA00BF4B
:106C500000B5002383B00322CDE900230349044893
:106C6000C82218F041F903B05DF804FBD04E0400CF
:106C7000ED6B02001AF030BA4FF08052536E1BBA1F
:106C80000360136E1BBA43600820704700487047CA
:106C9000D84E040070B51E4C2368D3B1012901D031
:106CA000012070BD1578C5F34115012D13D0022DBB
:106CB0000FD15478012C21D0022CF1D19388072BCD
:106CC00007D1144C114623892246BDE8704003F0D9
:106CD00053BD002070BD51782229E1D11146528860
:106CE000003218BF01225A7503F02EFD2268D369C5
:106CF000002BD5D0507D9847284670BD9C69002C4C
:106D0000E7D0114623782246BDE8704003F034BD39
:106D1000EC6400200460002010B5044602F094FDED
:106D200008B9002010BD02F097FD0028F9D1044BEE
:106D30004FF4567202FB0434207900F0010010BDBC
:106D4000F0640020064A4FF4567303FB0023083317
:106D5000186808609A889B798B718A80704700BF99
:106D6000F064002008B5044A4FF4567303FB00207A
:106D7000103002F0C9FB08BDF06400202DE9F0419D
:106D80004FF4567505FB00F51A4E4FF6FF734FF69C
:106D9000FE7005F11004824288BF1A46344492B254
:106DA000204602F0DBFB0746204602F0C5FB3F28E9
:106DB00002D83846BDE8F08106EB0508002098F8B7
:106DC000031002F05DFF0028F3D0204602F0B4FB70
:106DD0003F2805D898F80310002002F061FFE8E78B
:106DE00005F53672324498F803104023002002F073
:106DF00067FFDEE7F0640020034A4FF4567303FB9D
:106E00000020103002F014BCF06400202DE9F8439B
:106E10004FF4567606FB00F6254F4FF6FF734FF6FC
:106E2000FE7006F12404824288BF1A463C4492B2A6
:106E3000204602F037FC0546204602F065FB3F285D
:106E400002D82846BDE8F88302F0FEFC0028F8D0FE
:106E500002F002FD80460028F3D1204602F054FBE8
:106E60000028EED007EB0609404699F8021002F020
:106E700007FF0028E5D006F5467637442046394618
:106E8000402202F06BFB034668B13A4699F80210C3
:106E9000404602F015FF0028D3D1064B1B68DB07E4
:106EA000CFD500BECDE799F8021002F0F9FEC8E791
:106EB000F0640020F0ED00E02DE9F041054602F01D
:106EC000C3FC10B90020BDE8F08102F0C5FC064605
:106ED0000028F7D14FF4567404FB05F4174F04F162
:106EE00024053D44284602F00FFB0028EAD007EBBA
:106EF0000408304698F8021002F0C2FE0028E1D0E3
:106F000004F54674274428463946402202F026FB01
:106F1000044668B13A4698F802103046234602F01B
:106F2000CFFE48B9064B1B68DB07CBD500BECAE7CE
:106F300098F8021002F0B4FE2046C4E7F064002086
:106F4000F0ED00E008B5044A4FF4567303FB00204F
:106F5000243002F0F1FA08BDF0640020F0B51A4CBC
:106F600083B000214FF4567220460E4601251BF0D7
:106F700070F8FF234FF4E13204F138016371A2602D
:106F80002B460827009604F110004FF48072A77377
:106F900002F07EFA2B464FF4807204F59C7104F1E6
:106FA0002400009502F074FA04F50E71284617F0DB
:106FB000DFF904F5227120622846E66117F0D8F95E
:106FC000C4E90C0603B0F0BDF064002010B5094B15
:106FD000002203F1240403F110001A601A7102F078
:106FE000EDFB204602F0EAFB20460121BDE81040FF
:106FF00002F004BCF06400202DE9F0414B79022B33
:1070000082B004D00025284602B0BDE8F0818B791B
:10701000022BF7D1304EB3782BB1304B1B68DB0716
:10702000F0D500BEEEE78B7833700C780C44074641
:107030006378242B4FF009050BD1082A02D822E0EF
:10704000AA4220D323781C441D446378242BADB27C
:10705000F6D0052B2CD0042B15D163790A2B12D135
:107060001F4A94F8008001920223013200923846B0
:1070700004EB08011A4602F053FD0028CDD00E356E
:1070800018FA85F5ADB2174802F056FA3F28BAD97A
:10709000F178002002F0F4FD0028B4D0114802F08D
:1070A0004BFA3F28F17811D8002002F0F9FDAAE749
:1070B0002146384602F0C0FD0028AED0A378737098
:1070C00023781C441D44ADB26378C4E7064A4023CC
:1070D000002002F0F5FD96E7F0640020F0ED00E0FE
:1070E000F264002000650020C867002038B51378DE
:1070F00003F06003202B01D0002038BD264C93887C
:1071000025789D42F8D15378203B032BF4D8DFE853
:1071100003F029200802012931D0032934D00120AD
:1071200038BD01292BD00329F9D155881B48257179
:10713000E94301F0010102F061FB194B002BEED095
:10714000C5F3400205F001010020FFF759FA0120C4
:1071500038BD0129E3D111460723124A03F00CFB85
:10716000012038BD0129F6D00329D8D10E4B002BC0
:10717000D5D00C490020AFF30080012038BD114666
:1071800003F0E2FA012038BD084B002BC7D051882C
:107190000020AFF30080C2E7F064002014650020F7
:1071A00001660200F86400200000000000000000FA
:1071B0002DE9F047574CE2788A420D4607461E46B5
:1071C00056D19AB204F5367104F1100002F06AFA51
:1071D000514BD3B16379FF2B17D0B6B104F2D72846
:1071E00008EB060AA8F2C72902E0C2450DD0637970
:1071F00018F8012F9A42F8D1484602F095F9002874
:10720000F3D16179AFF30080EFE7444B23B14448F9
:1072100002F08AF900285DD0414802F08DF93F283C
:107220005BD8A378AB4203D001252846BDE8F087A0
:107230003C4B13B10020AFF3008002F005FB20BBF4
:10724000394802F061F90028EED1002EECD016F09A
:107250003F06E9D1A178384602F012FD0546002824
:10726000E2D0A17838463346324602F029FDDCE709
:10727000A3788B42DCD02D4B1D6815F00105D4D0CE
:1072800000BE00252846BDE8F08702F0E5FA054675
:107290000028D5D1244802F037F90028D0D0A178B1
:1072A000284602F0EDFC0028CAD021494022A1F571
:1072B0003D7002F053F9034638B328461C4AA178C2
:1072C00002F0FEFC0028AFD1184B1B68DB07B7D5D6
:1072D00000BEB5E7AFF300809EE7E178002002F042
:1072E000CFFC00289DD00E4802F026F93F2804D894
:1072F000E178002002F0D4FC93E740230D4AE178C6
:10730000002002F0DDFCA3788CE7A17802F0C8FC35
:1073100096E700BFF06400200000000000000000BD
:10732000006500200000000014650020F0ED00E082
:1073300008680020C86700204FF48C7200210148C3
:107340001AF087BE486800204FF48C720021014873
:107350001AF07FBE486800202DE9F04F4B79032BCF
:1073600083B004D00024204603B0BDE8F08F0B7931
:10737000C3EBC3041234A4B2944206D8304E7778DB
:10738000002F57D096F88D202AB12E4B1B68DA07B4
:10739000E8D500BEE6E74FF08D0B4FF08E0E8C2740
:1073A0004FF001080A7801EB020C9CF80150212DE6
:1073B000EBD14FF08C0909FB08698A46C9F888C0EF
:1073C000895C054606EB0E0206EB0B00019000926D
:1073D00061441A462846032302F0A2FB0028D4D0B9
:1073E0009AF80630012B04BF9AF8073089F8033069
:1073F0008C2303FB08F806EB080301221A719AF8A4
:10740000022006F80820D3F888209978B2F80720DF
:10741000DA800029A7D007F14802324428464023E9
:1074200002F04EFC00289ED1064B1B68DB079AD564
:1074300000BE98E7B8464FF0010B4FF0020EB1E7DF
:1074400048680020F0ED00E02DE9F04F137803F0DC
:107450001F06012E83B003D0002003B0BDE8F08FDB
:10746000DFF81482978898F80040FFB2BC4200F021
:10747000B58098F88C40BC42EED13746B4464FF008
:10748000900A4FF094094FF0D40E4FF0910B13F087
:1074900060030C460546164604D1012900F0A98078
:1074A0000120DAE7202BD7D15378013B0A2BD3D820
:1074B00001A252F823F000BF917502008775020007
:1074C0007175020059740200597402005974020067
:1074D00059740200597402003375020009750200E4
:1074E000E574020001291ED00329D9D171885F4BB0
:1074F0008C2606FB0786C9B23171002BD0D06046BE
:10750000AFF300800120A8E70129C9D17188584A4A
:107510008C2303FB0787090A797122B16046AFF318
:107520000080002898D03146284603F00DF901204C
:1075300093E7012900F085800329B1D1F48871888F
:10754000402C4FEA1122204628BF402011F0FF01B5
:1075500008EB0E0307D0012C05D91C788C4202D110
:10756000013880B2013300906046FFF731FA97E7A7
:10757000012995D108EB0A0231462846234603F03B
:10758000FBF8204669E701298AD108EB0B02F3E7F3
:10759000012985D1F3887188402B4FEA11221846C2
:1075A00028BF402011F0FF01C84455D0012B53D90A
:1075B000013880B288F8001008F10103009060469D
:1075C000FFF7F0F90444A3B2002B48D1294A12680E
:1075D000D2077FF541AF00BE18463EE70027BC4604
:1075E0004FF0040A4FF008094FF0480E4FF0050B1A
:1075F0004DE75378062B7FF42FAF53881B0A212BBE
:1076000010D0222B7FF428AF6046FFF7C3F98C23FC
:1076100003FB0787024631462846FB8803F0ACF897
:1076200020461AE78C2303FB0787D7F88820002A17
:107630003FF412AF1378314603B0BDE8F04F03F0CA
:107640009BB8F388402B3FF607AF08EB0E0231469C
:1076500003F092F8204600E743460024AEE7424696
:107660003146284603F088F80120F6E600000000C5
:1076700000000000F0ED00E048680020F0B5224C6A
:10768000A67865788E4283B0074612D0A94235D0DD
:1076900094F88E0094F88D50884231D08D4221D0DC
:1076A0001A4B1B68DA0702D4002003B0F0BD00BEFD
:1076B000FAE700208D4217D000229BB204F1480562
:1076C000114600932B46FFF783F92A46A1783846E6
:1076D000402302F0F5FA70B90C4B1B68DB07E3D5C9
:1076E00000BEE2E78C340120094A22B19AB204F1CB
:1076F0000801AFF30080012003B0F0BD0020F3E7E4
:107700008C340120D6E700BF48680020F0ED00E08F
:107710000000000030B5154C83B000210D464FF439
:10772000167220461AF095FC04F1380104F110009D
:1077300000950123802201F0ABFE0123802204F199
:10774000B801009504F1240001F0A2FE04F59C713B
:10775000012016F00DFE04F5C47120620120E561E0
:1077600016F006FEC4E90C0503B030BD78BB00205E
:1077700010B5084C002304F11000C4E90033C4E93B
:10778000023302F01BF804F12400BDE8104002F0BF
:1077900015B800BF78BB00202DE9F0474B79012BCD
:1077A00003D000242046BDE8F0878B79012BF8D167
:1077B000CB79002BF5D10B78CD1899B26C78242CAD
:1077C0000BD1914202D9ECE78A42EAD32B781D44CF
:1077D0000B446C78242C99B2F6D0042CE1D16B794F
:1077E000012BDED1AB79032BDBD1EB79002BD8D188
:1077F000DFF8B88098F8013013B998F802702FB10B
:10780000274B1B68DB07CCD500BECAE7AB7888F8EE
:1078100000302E7892462A798B1981469CB22E44EC
:1078200032B91FE0337897421C44A4B21E4419D2E7
:10783000A24517D37378052BF4D13146484602F0A0
:10784000FBF90028DCD0B378DA0914BF88F80130DE
:1078500088F8023033782A7901371C44FFB2A4B289
:107860001E44DFE70F4801F067FE3F289AD998F8D9
:107870000210002002F004FA002893D0094801F019
:107880005BFE3F2898F8021003D8002002F008FAA7
:1078900088E7054A4023002002F012FA82E700BF81
:1078A000F0ED00E088BB002050BD002078BB002038
:1078B00000207047F8B53D4CA2788A421F4613D18C
:1078C0009AB204F5EC7104F1100001F0EBFE384BB4
:1078D00013B10020AFF30080364801F02DFE3F28A1
:1078E0002CD801252846F8BD63788B4208D0324B4E
:1078F0001D6815F00105F5D000BE00252846F8BD2D
:10790000064604F1240001F0FFFD40BB2B4801F0C6
:10791000FBFD0028E5D1002FE3D017F03F07E0D1B1
:107920006178304602F0ACF905460028D9D061787C
:1079300030463B463A4602F0C3F9D3E7A17800202F
:1079400002F09EF905460028CBD01A4801F0F4FD5C
:107950003F28A17820D8002002F0A2F9C2E7617880
:10796000002002F08DF90028D0D0402204F50671E5
:1079700004F1240001F0F2FD034698B104F506720B
:107980006178002002F09CF90028AAD10A4B1B68FC
:10799000DB07BBD500BEB9E7094A4023002002F04F
:1079A0008FF99FE7617802F07BF9AFE778BB0020A1
:1079B0000000000088BB0020F0ED00E09CBB002030
:1079C00050BD002030B4114B9C689A6B93F83C502A
:1079D00083F82C10A21A022183F830109A6225B97C
:1079E00042F2050183F83E50998744B13AB11A7BBF
:1079F000D20906D193F82F1030BC02F0A1B930BCE7
:107A0000704793F82E1030BC02F09AB9606B0020DA
:107A100038B5214B214C05461BB1607BFFF7D6F8EA
:107A2000A8B1A06BA36894F82F101D4A1B1AB3F5D8
:107A3000007F28BF4FF4007328469BB202F040F944
:107A400020B9184B1B68DB0700D500BE38BDA26803
:107A5000A36B84F83E0042F20771D31A0120A1877C
:107A60000221A36284F82C0084F83010002AEDD0A3
:107A7000002BEBD0237BDB0906D194F82F1028468E
:107A8000BDE8384002F05CB994F82E102846BDE8F5
:107A9000384002F055B900BFCD6B0200606B00208A
:107AA00060690020F0ED00E070B5314CE28AA36817
:107AB00052BA92B286B0054612B1B3FBF2F292B25C
:107AC000A66BD4F81110607B9B1BB3F5007F28BF19
:107AD0004FF4007309BA0093B6FBF2F302FB136292
:107AE0001944244BFFF73AF8031E22DB94F82E20AA
:107AF0000DD011469BB228461E4A02F0E1F8B0B9FB
:107B00001D4B1B68DB0712D500BE06B070BD0724F5
:107B1000194603A8CDF80E30ADF812308DF80C5090
:107B20008DF8102005938DF80D4001F02FFF06B061
:107B300070BDA268A36B43F602200021D31AA08770
:107B400084F83E1001200221A36284F82C0084F8FE
:107B50003010002AEBD0002BE9D0237BDB0914BFC7
:107B600094F82E1094F82F10284602F0E9F8DEE77A
:107B7000606B002060690020F0ED00E010B4054C5F
:107B8000012084F83C1084F83D2084F83E305DF8F4
:107B9000044B7047606B00204022002101481AF01E
:107BA00058BA00BF606B00204022002101481AF043
:107BB00050BA00BF606B00204B79082B01D0002029
:107BC00070478B79062BFAD1CB79502BF7D1162A37
:107BD00006D81C4B1B68D907F1D500BE00207047A2
:107BE00070B5194D8B7885F82D300B7882B005F182
:107BF0002F0205F12E0619440223CDE900261A466C
:107C0000044601F08DFF48B90E4B1B68DA0702D518
:107C100000BE02B070BD002002B070BD20461F2320
:107C200000242A4695F82F1085F8304002F048F8D5
:107C300030B9044B1B68DB0702D500BE1720E8E70C
:107C40001720E6E7F0ED00E0606B0020012901D08D
:107C50000120704770B5137803F07F01022984B0CA
:107C6000054606D003F06003202B1AD0002004B094
:107C700070BD5478012CF5D15388002BF6D1404EBD
:107C8000918896F83030042BC9B272D096F82E2025
:107C90008A423DD096F82F408C4250D0012004B04B
:107CA00070BD5378FE2B16D0FF2BDFD15388002BED
:107CB000DCD1D488A3B2002BD8D1314E114628464E
:107CC00086F83030C6E90D33B48786F83E3002F0CE
:107CD0003BFD0120CBE75388002BC7D1D388012B74
:107CE000C4D128498DF80F30002946D00192FEF703
:107CF00085FE019A0028B9D0431EDBB204AC1146C0
:107D000004F8013D28462246012302F035FDC5E76F
:107D1000022BC3D1B46BB3681B1B11460324B3629F
:107D200006F120020D2386F8304001F0C9FF00283B
:107D3000B4D1154B1B68DB0798D500BE97E7002B25
:107D4000ACD1214601F0EEFF0028A7D121462846FC
:107D500002F0B8FC0028A1D1002386F83030284674
:107D600096F82F10064A1F2301F0AAFF0028E0D042
:107D700094E701F0E5FF204679E70B46BEE700BF38
:107D8000606B0020FD690200F0ED00E02DE9F0419C
:107D9000AB4C94F83050012D8EB01E46074645D0AE
:107DA0002BD3032D05D0022D60D001200EB0BDE8ED
:107DB000F08194F82E308B42F7D10D2EF5D1E37B74
:107DC000282B00F035812A2B40F028819D4B13B1E0
:107DD000607BFEF7EFFE002084F830001F23984AF6
:107DE00094F82F10384601F06BFF002878D1964B9D
:107DF0001B68DA0777D500BED8E794F82F208A42AF
:107E0000D3D11F2B03D1914B216899426DD004230C
:107E100094F82E1084F83030384601F091FF38463F
:107E200094F82F1001F08CFF0020BFE7E27BA36BDA
:107E3000282A12D02A2A00F09180217B626B1E44EE
:107E4000CB09A6637DD096420DD27F4B1B68DB0722
:107E500046D500BE94F83050A5E7626B1E449642AA
:107E6000A663C0F0CB80022384F8303094F82E1043
:107E7000384602F027FC002897D1A368A26B94F83B
:107E80002E10934202D9207BC00956D19A1A03259D
:107E9000A26238460D236E4A84F8305001F010FF7C
:107EA0000028A4D081E76B4B002B00F0FF81E17C20
:107EB0003046C1F3400301F001020909FEF738FE24
:107EC000002840F0F38194F83C302BB943F60222AD
:107ED0000023A28784F83E3001213846FFF772FD67
:107EE00094F830505FE7002060E75B4BE07B61680F
:107EF000236200236162A362012184F82C30A36312
:107F00002828A36884F83010636300F0CE802A2804
:107F100060D0002B00F02281217BC90940F01E8136
:107F2000B3F5007FD8D811469BB24C4A384601F0D1
:107F3000C7FE00283FF45BAFD2E7384601F000FFF0
:107F400033E793B2607B454A04F10F01FEF7E6FD8B
:107F50000028C0F28980A66B626B74E7E28A52BA8D
:107F600092B21AB1A168B1FBF2F292B2D4F8111038
:107F70003A4DB3FBF2FC09BA02FB1C32607B00965F
:107F800061442B46FEF700FE0028C0F2C380864203
:107F900039D9361A40B1A36B291813FA80F3324647
:107FA0002846A3631AF03CF80023CDF81630194692
:107FB00094F82F20ADF81A3005A807238DF8147017
:107FC00007968DF818208DF8153001F0DFFC94F835
:107FD0003050E8E6E18A49BA89B2002B69D0257BA6
:107FE000ED0940F08C80002900F00082B3FBF1F134
:107FF000002900F02382282838460CD1FFF754FDD1
:1080000094F83050CFE6D4E90D231E449642A6637F
:10801000BFF429AF3846FFF7FBFC61E7104B002B9C
:108020003FF4D9AE04F10F01607BAFF30080D2E6DC
:108030000C4B002B3FF4CFAE607BAFF30080CAE661
:10804000606B0020B56B0200F0ED00E05553424339
:10805000806B0020316B0200555342536069002051
:108060000000000000000000A368A66B94F83C101C
:1080700084F82C509A1B0220A26284F8300021B9A7
:1080800042F2050084F83E10A087002B3FF464AF55
:10809000002A3FF461AF237BDB0940F0BC8194F8F8
:1080A0002F10384601F04CFE55E7E18A49BA89B2F3
:1080B0000BBB00293FF4D7AE94F83C00A362022129
:1080C00084F82C1084F8301000287FF4CFAE42F2F0
:1080D00005000021A08784F83E10002B3FF4C6AEB7
:1080E000237BDB0940F08F811146384601F028FEE2
:1080F00094F8305057E6257BED097FF474AF94F87F
:108100003C00A362022184F82C1084F8301000286F
:10811000DDD0E5E7A36BA2681E4443F602200021F0
:10812000931BA08784F83E1001200221A663A3625E
:1081300084F82C0084F83010002A3FF497AE002B0E
:108140003FF494AE237BDB0940F05D8194F82F105F
:10815000384601F0F5FD94F8305024E6667B25287A
:1081600000F2328101A353F820F000BFA182020087
:10817000C9830200C98302004F830200C983020041
:10818000C9830200C9830200C9830200C9830200B7
:10819000C9830200C9830200C9830200C9830200A7
:1081A000C9830200C9830200C9830200C983020097
:1081B000C9830200FF820200C9830200C983020052
:1081C000C9830200C9830200C9830200C983020077
:1081D000C9830200B7820200A77E0200C9830200A1
:1081E000C9830200C9830200C9830200C983020057
:1081F000C9830200C983020055820200C9830200BC
:1082000005820200304604AA05A9FEF775FC059B0D
:10821000002B00F00881BDF81020002A00F0038137
:10822000013B8B491BBA12BAC1E900320820A3688E
:10823000002B3FF451AE984228BF184683B26063CA
:10824000834A94F82E10384601F03AFD00283FF496
:10825000CEAD45E605AD00230DF10E02304604A972
:108260006B600593AB60FEF747FC049A002A00F0B0
:10827000DA80BDF80E30002B00F0D58012BA5BBA60
:1082800008200221ADF81E3006928DF817008DF8F7
:108290001C1095E807006E4B83E807000C20C6E72A
:1082A0003046FEF705FC00283FF40DAEA368002B16
:1082B0003FF4D9AD10E69DF816306649002203F070
:1082C000800362F3C7138DF8163003238DF8152051
:1082D0008DF817208DF81430002900F0B180304659
:1082E000FEF774FC9DF81630594A80F0010060F3E7
:1082F000C7138DF81630059B1360042097E74FF0E5
:10830000203302250022CDE90522304607A909AA1B
:1083100008934FF0800C079309930D93CDE90A332E
:108320000C931F260DAB8DF816508DF8175005AD28
:108330008DF818608DF815C0FEF768FB0FCD444E20
:108340000FC60FCD0FC62B68336024206FE794F85B
:108350003C2094F83D0094F83E10DFF8F4C0DFF8BC
:10836000FCE04FF000084FF00003CDE90588CDE9AF
:10837000078862F303038DF81630F0220A23ADF864
:1083800024808DF820008DF821108DF814208DF8B0
:108390001B3005AD0FCDACE80F002B68ACF80030FA
:1083A000BEF1000F4ED0ACF1100130464FF4007218
:1083B000AFF300800028A4F83C8084F83E8008DBFE
:1083C00000283FF473AF32E794F83C30002B7FF481
:1083D00083ADA38E1E4A2049607BFEF79FFB0028D9
:1083E000FFF67AAD00283FF461AF20E7012194F851
:1083F0003C0084F82C100221A36284F8301000287D
:108400007FF46BAE63E694F82E10384601F098FCCA
:1084100094F83050C7E494F82E10384601F090FCE0
:10842000D4E90D260FE594F83C30002B7FF454ADD1
:1084300043F6022284F83E30A2874DE50221D6E7BA
:1084400001204FE7A4F83CE084F83EE01220EEE67D
:1084500060690020CD6B02006F6B002000000000FF
:108460002DE9F041054601F0EFF910B90020BDE813
:10847000F08101F0F1F906460028F7D14FF4E674D7
:1084800004FB05F4174F04F118053D44284601F09C
:108490003BF80028EAD007EB0408304698F80110B2
:1084A00001F0EEFB0028E1D004F5C674274428460D
:1084B0003946402201F052F8044668B13A4698F82D
:1084C00001103046234601F0FBFB48B9064B1B6800
:1084D000DB07CBD500BECAE798F8011001F0E0FB3E
:1084E0002046C4E7A06B0020F0ED00E030B5154C4D
:1084F00083B000210D464FF4E672204619F0A9FD25
:1085000004F12C01201D00950123402200F0C0FF42
:108510000123402204F16C01009504F1180000F0E1
:10852000B7FF04F1AC01012015F022FF04F1FC01BA
:1085300060610120256115F01BFFC4E9090503B046
:1085400030BD00BFA06B002010B5064C20460023B4
:1085500040F8043B01F032F904F11800BDE8104086
:1085600001F02CB9A06B00204B79FF2B01D000202B
:1085700070472DE9F0412C4E737882B00BB9B37877
:108580001BB1002002B0BDE8F0810C780F798B7828
:1085900033700D460C44002F39D06378052B0AD078
:1085A000A3189C4202D306E0A34204D921780C44CC
:1085B00061780529F8D1DFF87880CDF8048008F1DA
:1085C000010300933A460223214601F0A9FA28B993
:1085D000164B1B68DB07D4D500BED3E72B79B178E7
:1085E000C3EBC3031C4469B1002001F049FB48B14F
:1085F00008F1030000F0A0FF3F280DD8B17800205B
:1086000001F04EFB737813B10020FFF729FF601BC8
:1086100080B202B0BDE8F08108F24B124023B1787D
:10862000002001F04DFBEDE7A06B0020F0ED00E035
:10863000A16B002070B5304CA078884210D06278D1
:108640008A420BD12D4A1AB199B20020AFF30080B3
:1086500001F0FAF800BB0125284670BD0025FBE7B4
:108660009AB204F5A671201D01F01CF8244B13B139
:108670000020AFF30080A178002001F001FB054647
:108680000028E8D01F4800F057FF3F28A17829D8DC
:10869000002001F005FBDFE701F0DEF806460028C8
:1086A000D9D1194800F030FF0028D4D06178304685
:1086B00001F0E6FA05460028CDD014494022A1F584
:1086C000BA7000F04BFF6178034688B10F4A30461C
:1086D00001F0F6FA0028BED10D4B1B68DB07BAD5B6
:1086E00000BEB9E70B4A4023002001F0E9FAB3E7E6
:1086F00001F0D6FAB0E700BFA06B00200000000038
:1087000000000000A46B0020B86B00202C6D00203E
:10871000F0ED00E0EC6C0020F8B50E688D88B778BD
:108720003544AE420BD23B469F42344603D10BE068
:108730006378042B05D023781C44A542F8D8002088
:10874000F8BDA3789F42F6D1E3789A42F3D1A542CF
:10875000F5D9237D012B06D9144B1B68DA07EED51A
:1087600000BE0020ECE723790D46DBB1012BE6D1FA
:108770002278E389617A13441144234421449942C5
:1087800004D3DCE70A7811448B42D8D94A78052A09
:10879000F8D101F051FA28B9044B1B68DB07CED59C
:1087A00000BEF8BDA41BEC800120F8BDF0ED00E098
:1087B000C28832B9634B1B68DB0700D500BE0020BE
:1087C0007047F0B40378604803EB830403EB440381
:1087D000C058831803D08E781C7BA64207D9594B0A
:1087E0001B68D90700D500BE0020F0BC70472EB929
:1087F000012C01D90120F8E701268E7001248C603C
:10880000C1F80E404C7700256FF03F0481F82250EC
:108810008C766FF003056FF06404CD760C774B4DCA
:10882000C1F81E50082481F82340825CB3F80D4043
:1088300014441C441344A342D1D2454F9D78112DBA
:108840000CD827FA05F0C04310F0010006D1DA7801
:10885000964203D107E05A78242AEFD01A781344BD
:108860009C42F8D8BBE79C42B9D0042D5AD0062DC3
:10887000BBD1CF781A79974218D81FB9012AB9D835
:108880000127CF701A781A44A2420FD2967806F0C8
:10889000FD0CBCF1050F0FD0112E03D10CE0567862
:1088A000242EF3D0167832449442F8D8254B1B6816
:1088B000DA0799D500BE98E7D678B742F2D194424C
:1088C000F4D0D1F812406CB9042D2FD0062D07D169
:1088D000B2F80530B2F8074004FB03F42401E408C1
:1088E000C1F812404B685BB9557E012D82D8D2F891
:1088F0001A3025B9D2F81E209A427FF47BAF4B6024
:10890000144AA2FB03235A0BD0D0631E1344B3FBBB
:10891000F2F30233B3F5807F28BF4FF48073C1F8C0
:10892000163067E7012248730A73A2E7B2F80560C0
:10893000B2F807505C7D05FB06F304FB03F4E40882
:10894000CEE700BFF0ED00E06C6D002003010101F7
:10895000501002005917B7D12DE9F84F0B78574C3A
:1089600003EB8305894603EB45030989E65817465F
:10897000804681B131440024897801F0B1FEB9F814
:108980000A30A9F8084033B133444046997801F0E1
:10899000A7FEA9F80A400023B9F80240B9F804502C
:1089A000C9F81430C9E9033334443544A278AC42E1
:1089B00038BF134609D29A4203D10CE06378042BE6
:1089C00006D023781C44A542F8D80020BDE8F88FD3
:1089D000A3789A42F5D1E3789F42F2D1A542F4D927
:1089E00094F804A0BAF1020F36D8A31BA9F80630F8
:1089F000002F37D023781C44BAF1000F27D04FF056
:108A0000000BAC4206D327E0042B25D023781C446E
:108A1000A54221D96378052BF6D1E37803F003034F
:108A2000002F3AD0012B3BD02146404601F004F9FB
:108A300000283DD009EB4B03A21B1A8122780BF1D1
:108A400001039A4514444FF0010BDAD817B1022301
:108A500089F81D300120B9E7194B1B68DA07B4D536
:108A600000BEB2E799F81D30012B10D009F11E03AA
:108A7000394689F81D70C9F818701846302219F067
:108A8000E8FA01464846FFF793FE00289DD0237878
:108A90001C44BAF1000FB2D1DCE7022BC4D094E73A
:108AA000A388D9F81820C3F30A039342BCD28CE7F9
:108AB000034B1B68DB0788D500BE87E76C6D002081
:108AC000F0ED00E010B4064C06480023C4E9003382
:108AD0001946C4F8073050225DF8044B19F0B9BAB2
:108AE0006C6D0020786D002010B4064C0648002301
:108AF000C4E900331946C4F8073050225DF8044B2E
:108B000019F0A7BA6C6D0020786D00202DE9F041B6
:108B10004B790E2B04D04FF000084046BDE8F081A1
:108B20008B79012BF7D1CB79012BF4D13E4E3368F1
:108B30002BB13E4B1B68DB07EDD500BEEBE71446BF
:108B40000F461A46314605463760B480FFF7E4FD0C
:108B50000028E0D0F2883368B97813443C44A74237
:108B600093F814C03B4605D308E05A78042A4DD048
:108B70000B2A4BD01A7813449C42F6D8BCF1000F54
:108B80004ED02B494A88002AD3D1D81B1FFA80F82F
:108B90003272A1F802809C4293F802E00A8098BFEA
:108BA000034605D80BE05A78042A2BD00B2A29D08B
:108BB0001A7813449C42F6D8DB1B1FFA83F8002274
:108BC000BCF1010FA1F804804A77B2D117FA80F006
:108BD00017FA83F3984281780AD282788A4203D1C5
:108BE00018E04278042AF8D0027810448342F8D87A
:108BF000284600220E49FFF7AFFE00288BD0A6F8CA
:108C000004808AE79A787245D2D0D5E79A788A426A
:108C1000B0D0B3E7C278012AE6D18342EFD1E7E7CB
:108C2000DB1B1FFA83F8EAE76C6D0020F0ED00E033
:108C3000786D00202DE9F047167806F01F04012C0E
:108C40008CB004D0002420460CB0BDE8F087DFF8DB
:108C5000F892B2F804C0D9F80070804615465FFA61
:108C60008CF317B1BA789A422CD0B44F7C88002C80
:108C7000E9D03A7802EB820002EB400259F802E0B8
:108C80007444A2789A42DDD1C6F34116F3B2002BA8
:108C900000F09C80012B12D15FEA1C2C0FD16B8855
:108CA0001B0A022B00F02E81062B00F01781012BEE
:108CB00000F0F580A24B1B68DB0700D500BE072340
:108CC0003B77BFE7C6F34116F4B2002C47D0012C26
:108CD00025D15FEA1C2C26D0B9F80620BB18B95C58
:108CE000DA89114419448B420ED29A78023A052A45
:108CF00006D8DA78624503D107E05A78242AF4D0FE
:108D00001A7813449942F8D849B1002389F80930F8
:108D1000012498E78A4B1B68D90700D500BE0723BA
:108D200089F809308EE76B881B0A012B00F09580CB
:108D3000022BEFD16B78812B00F04781862BE9D194
:108D40000129E2D10B46404629467E4A01F014FD36
:108D50000028DAD1FF2389F80930002473E76B7803
:108D60000A2B4AD00B2B3ED10129CED1EB88002B08
:108D7000F0D1B9F80630FA181179A9B1F85CD189A7
:108D8000537A0144034413440A44934205D395E1C2
:108D900019780B449A4240F2918159780529F7D10C
:108DA0009978404601F09CFC0026A9F806606A8884
:108DB00065494046FFF7B0FC04460028CAD0294662
:108DC000404601F0C1FC89F809603CE76B780A2B4A
:108DD00027D00B2B7FF46EAF012900F0BD8000235C
:108DE0003B7701242FE7564B1B6813F001032FD16B
:108DF00007221C4689F8092025E7012985D1EB883F
:108E0000012BA7D1B9F80620BF18A3D00CAAF97876
:108E100002F8301D294601F0AFFC04460028D2D1EB
:108E200098E70129DBD1EB88012B35D1FB889BB377
:108E30001EEB030330D00CAADB7802F8303D40462D
:108E40000B46294601F098FC044628B33E77FAE623
:108E500000BE072389F80930F5E66B78812B00F016
:108E6000D180862B00F0BE80012B7FF453AF012907
:108E700000F0CB8002297FF448AF344B002B3FF445
:108E800044AF99F80A100020AFF30080B0FA80F4E4
:108E900089F809006409D6E6FF233B77D2E67B7F99
:108EA0000BB187F81DC06C78842C61D8822C65D2F8
:108EB000012C00F00A81812C7FF4FCAE01298ED1B7
:108EC000EB883BB1294640463023214A01F054FC4F
:108ED000002884D1FF233B770024B4E66B78812BF4
:108EE00000F0A180862B7FF4E5AE01297FF477AFF7
:108EF000294640460123134A01F03EFC00287FF436
:108F00006EAFE7E76B78812BD8D040F2B080852B2D
:108F100000F09780862B7FF4CDAE01297FF45FAF00
:108F2000EB88012BD6D10B4640462946094A01F071
:108F300023FC00287FF453AFCCE700BF786D0020FE
:108F4000F0ED00E0114F04006C6D00200000000007
:108F5000966D0020124F04006A8839464046FFF79C
:108F6000FBFC002898D02946404601F0EDFB36E78F
:108F7000862CD2D065D3872C7FF49CAE01297FF458
:108F80002EAFEB88002BA5D0B44EE94606F1300A8F
:108F900030687168B268F368CC46ACE80F001036F0
:108FA0005645E146F4D19DF80210002940F09F801B
:108FB000832C00F07D81872C00F05E81822C00F0F4
:108FC0005B8108233B7700243DE601297FF49DAEB9
:108FD000294640460123A24A01F0CEFB00287FF437
:108FE00094AEB7E601297FF490AEEB88012B7FF4B5
:108FF000B1AE294640469B4A01F0BEFB00287FF4F3
:1090000084AEA7E601297FF480AEEB88012B7FF4C4
:10901000A1AE294640460123934A01F0ADFB00284A
:109020007FF473AE96E601297FF4D9AE0B46404635
:10903000294607F11C0201F09FFB00287FF4CFAE08
:1090400048E701297FF4CBAEEB88022B7FF442AFD7
:109050000CAA302122F8301D4046294601F08CFB35
:10906000044600283FF436AF00233B77EBE5012BA5
:109070007FF420AE01293FF425AF02297FF4AFAE83
:109080007649A1F11E00FFF793FB044660B3774BCE
:109090007A6BBA613BB1714A79783878AFF3008066
:1090A00000287FF49CAE002302214FF48072C7E9B0
:1090B00003337B61A7F85010BA83C4E56C4B1B687F
:1090C000D8077FF547AE00BE44E601293FF4FAAE6B
:1090D00002297FF484AE6149A1F11E00FFF768FB0D
:1090E000044600287FF47BAE08233B77ABE59DF870
:1090F000030000287BD1FA88002A3AD01EEB020335
:1091000037D01EF80220B3F80D005A4E1044184410
:10911000134498420FD99A78112A04D826FA02F2F9
:10912000D20700F1CF801A7813449842F1D95A78C7
:10913000242AF8D1EDE70346832C54D0872C4AD05B
:10914000822C7FF43EAF01218DF803101A781A4467
:10915000904233D9947804F0FD06052E10D0112CDE
:109160000ED0147822449042F2D95478242CF8D1AD
:10917000EEE73F4B1B68D9077FF523AF00BE20E722
:10918000D478A142EDD19978042919D006297FF429
:1091900018AFB2F80510B2F8073003FB01F31B015A
:1091A000DB08CDF812306A4629464046302301F0EC
:1091B000E3FA044600283FF48DAE55E70246E2E7A5
:1091C000B2F80510B2F807205B7D02FB01F203FB49
:1091D00002F3DB08E5E79A78042A06D0062A7FF432
:1091E000F0AE9979B0E71979AEE7997DACE7019BCC
:1091F000002BD8D1FA88002ABBD01EEB0203B8D0CE
:109200001EF802E0B3F80D20DFF868C072449E1823
:1092100073449E420ED99A78112A03D82CFA02F28E
:10922000D20754D41A7813449E42F2D95A78242A89
:10923000F8D1EEE733461A7813449E4262D99A7801
:1092400002F0FD01052946D0112A44D01A781344B2
:109250009E42F2D95A78242AF8D1EEE7966D002082
:10926000756D0020124F0400766D00200000000094
:10927000F0ED00E05010020001238DF802300123D0
:109280004FF00112029300230392ADF810304FF615
:10929000C0428DF8223040F29B13ADF81A20ADF891
:1092A0001C30404ACDF81E2008238DF823307AE781
:1092B000FB88002BE3D01EEB0303E0D01B7B8DF873
:1092C0000230DCE7DA7891427FF42DAF34E7DA78C8
:1092D0009142A7D1AFE7DA789042B7D1823C052C12
:1092E0003FF66FAE01A252F824F000BF6D9302006A
:1092F0005193020033930200C38F0200C38F020018
:10930000099302003346E9E7D3F8151042F21073CF
:10931000B1FBF3F3019100293ED0DDF812208BB9A7
:10932000931CB3F5807F28BF4FF48073CDF81630BF
:1093300039E75A7E72BBD3F8221042F21073B1FBA8
:10934000F3F3E7E7013A1A44B2FBF3F30233E8E739
:109350005A7ECAB1053203EB8202D2F80210D3F86A
:109360001A3042F21072B3FBF2F3D3E75A7E72B1B5
:10937000053203EB8202D2F80220D3F81A1042F22F
:109380001073B2FBF3F3C5E7D3F81E10E7E7D3F889
:109390001E20F2E7002301930023ADF81630ADF84C
:1093A000183000E7030101012DE9F843334C23890C
:1093B00053B12278324F02EB820502EB45057D590D
:1093C0002B449F788F420AD02E4B1B68DB0703D5B6
:1093D00000BE0020BDE8F8830020BDE8F883D4E992
:1093E00004369E4205460BD327490023C4E90333C4
:1093F000636119B161781046AFF300800120E9E79D
:1094000000F03EFC0028E7D0D4E9040194F8503085
:10941000A269A0EB010808EB0306964228BF164696
:10942000B34213D9174B1B6813F0010301D000BEE0
:10943000002339462846154A00F042FC0028DDD1B9
:10944000104B1B68DA07C7D500BEC3E7E268A6EB7E
:10945000030950331144E0184A4618F0D6FD6369F9
:10946000C84503EB09026261B3B2E2D194F851201E
:1094700042F0020284F85120DBE700BF786D002043
:109480006C6D0020F0ED00E000000000C86D0020D1
:109490002DE9F041B2F5004F9DF8188030D8044610
:1094A000C0681E460F46154618B14FF0FF3115F043
:1094B000CDF9206918B14FF0FF3115F0C7F9E288F6
:1094C000E068276066F30E02C2F30721002368F309
:1094D000C711E2806381A580E171238118B11A462A
:1094E000194614F06BFD206938B100231A4619465D
:1094F00014F064FD0120BDE8F0810120BDE8F08199
:109500000020BDE8F08100BF03894289808892B2C3
:109510009BB2934236BFC2EB40029B1A9B189BB290
:10952000984228BF18467047028943899BB2981A0F
:10953000B0FA80F04009704703894289808892B26E
:109540009BB2934236BFC2EB40029B1A9B189BB260
:10955000984286BFC01A80B2002070472DE9F843B8
:10956000054600690E46174618B14FF0FF3115F059
:109570006DF92B896989A8889BB289B28B4236BF65
:10958000C1EB40045C1AE418A4B2002C4AD0A042FB
:1095900006D283422CBF191A191889B26981044670
:1095A000BC4228BF3C468842A4B203D8091A89B2FB
:1095B0008842FBD9EA882B68401AC2F30E0887B2AA
:1095C0001FFA88F2BC4202FB013125D917FB08F9CA
:1095D0001FFA89F94A46304618F017FDE21B12FBC4
:1095E00008F206EB090092B2296818F00EFD6A89AC
:1095F000A88892B211198BB29A4215D940001B1A51
:109600009BB228696B8120B100231A46194614F0D9
:10961000D5FC2046BDE8F88302FB04F2304618F082
:10962000F4FCE4E769898BB240008342E9DBE6E7BA
:1096300038B5054600690C4618B14FF0FF3115F0FA
:1096400005F929896B89AA8889B29BB2994236BFEC
:10965000C3EB4200C81A401880B200B3824209D25C
:1096600091422CBF8B1A8B189BB29A426B8103D804
:109670009B1A9BB29A42FBD9EA882968C2F30E0270
:10968000204602FB031118F0C0FC0124286920B118
:1096900000231A46194614F091FC204638BD0446B2
:1096A000F4E700BF2DE9F047144612B92046BDE8A3
:1096B000F0870546C0680F4618B14FF0FF3115F02E
:1096C000C5F8E9792E896A89AB88C909B6B292B220
:1096D00031D1964236BFC2EB4302B21A921992B20E
:1096E0009A4231D29A1A92B29442E98828BF14461B
:1096F000C1F30E089E42304603D3C01A80B298428E
:10970000FBD21B1A2A681FFA83F9A14508FB002027
:1097100026D308FB04F2394618F077FCA3199BB254
:10972000AA88B3424FEA420201D3934201DB9B1A5B
:109730009BB22B8109E0E9889C42C1F30E0822D339
:10974000E41A08FB0477ABBB0024E8680028ADD01E
:1097500000231A46194614F031FC2046BDE8F08774
:1097600019FB08FA1FFA8AFA5246394618F04DFCDE
:10977000A4EB090212FB08F207EB0A0192B2286877
:1097800018F043FCCAE7964210D25800811A3144BF
:1097900089B221448142ADDBD618361BB6B2B24243
:1097A00001D8B042A6DC361AB6B2A3E7B11A89B224
:1097B0005800EEE716461C469AE700BF10B504466F
:1097C000C06818B14FF0FF3115F040F8206918B1AA
:1097D0004FF0FF3115F03AF8E068002363812381F0
:1097E00018B11A46194614F0E9FB206920B100238C
:1097F0001A46194614F0E2FB012010BD38B50446A4
:10980000C0680D4618B14FF0FF3115F01FF8206900
:1098100018B14FF0FF3115F019F8E379E06865F3FE
:10982000C713E37120B100231A46194614F0C6FB92
:10983000206920B100231A46194614F0BFFB01200D
:1098400038BD00BF704700BF024B5878003018BFCA
:1098500001207047206F0020024B1878C0F3800071
:10986000704700BF206F0020024B1878FF3818BFE8
:1098700001207047146100202DE9F043384C237813
:10988000FF2B83B003D0012003B0BDE8F083382262
:1098900000210546334818F0DCFB3349012014F061
:1098A00067FD324B186000283AD0314F3B46002606
:1098B00033F80C0B7A687988009614F00DFBB968C0
:1098C000064615F09DF92B4B1E60002E40D02A4B0A
:1098D00023B12A48AFF30080294B1860274EDFF8E8
:1098E000A8803278264F4FF000094B460EE03868CA
:1098F00010EBC10325D01B689847327809F10109A4
:109900005FFA89F9511D49454B4611DB9B1A4A45BF
:1099100009EB490103EB4303E9D808EBC303EAE78A
:10992000184B1B68DC0701D500BEADE70020ABE794
:109930002846257001F04EF9284601F04DF9012026
:10994000A2E7104A1268D207F0D500BE18469BE77E
:109950000C4B1B68D907E9D500BE304694E700BF21
:1099600014610020206F0020D06E0020586F00206E
:10997000B86000205C6F002000000000CC6E00206A
:10998000C86E0020F0ED00E0144F04002DE9F04116
:109990004378023B84B005460C46042B0CD8DFE824
:1099A00003F03A4E03A23000574B1A78D00711D576
:1099B0001A7842F004021A70544B18686CB92346A6
:1099C0004FF0FF32294614F0F9FA224669782878D8
:1099D000FFF738FF04B0BDE8F08104AA002342F885
:1099E0000C3D294614F0FAFC019B002BEDD0484BAE
:1099F0004FF080525A6040BFBFF34F8FBFF36F8F5D
:109A0000E3E7414AD3780133DBB2D3703F4B1868A8
:109A1000002CE2D1D3E73C4B1A786FF300021A70A6
:109A20001A7800216FF341021A7059701A7861F3A5
:109A300082021A70354B1868002CCED1BFE7324B2A
:109A40001A7852072CD51A7830496FF382021A70AF
:109A500003788DF8043005220023CDF80A30CDF8C4
:109A60000630ADF80E3008688DF80520002C44D083
:109A700004AA01A942F8103D14F0B0FC009B43B1C8
:109A8000234B4FF080525A6040BFBFF34F8FBFF35C
:109A90006F8F22469DF805109DF80400FFF7D2FE57
:109AA0001C4EDFF8788031781B4F0024224609E0F5
:109AB0003B6813EBC0030ED10134E4B24B1DA3424B
:109AC000224687DBA14204EB4400F1D8521A02EB94
:109AD000420208EBC2035B69002BEDD0696828786D
:109AE00098473178E8E7084B1A78D1077FF572AFCD
:109AF0001A786FF382021A705EE723464FF0FF3246
:109B000001A914F05BFAC4E7206F00205C6F00200D
:109B100000ED00E0CC6E0020C86E0020144F040061
:109B20002DE9F84F0A9F002A4BD00C4649780529A9
:109B30000ED1E67806F00306B34209D1A37803F00C
:109B40007F03082B0DD9204B1B68DA0700D500BE18
:109B50001D4B1B68DB0702D40020BDE8F88F00BE58
:109B6000FAE7DFF868A0DFF868909AF800B090464E
:109B700000250EE06378052BEAD1E37803F00303B8
:109B8000B342E5D1A37803F07F03082BDBD89AF822
:109B900000B099F80210204602F072F80028D2D0E6
:109BA0005846214601F030F80028D1D0A378DA09D0
:109BB00016BF0B9A3B7013702378013545451C4442
:109BC000D8D10120BDE8F88FF0ED00E0146100204D
:109BD000206F002030B5164D85B008240023029078
:109BE000019303918DF8054028681446CAB104AA70
:109BF00001A942F8103D14F0F1FB009B43B10D4B5D
:109C00004FF080525A6040BFBFF34F8FBFF36F8F4A
:109C100022469DF805109DF80400FFF713FE05B0DD
:109C200030BD134601A94FF0FF3214F0C7F9EFE73A
:109C30005C6F002000ED00E038B58B7803F07F0307
:109C4000082B06D90B4B1B68DB0700D500BE002094
:109C500038BD094A094B0C46204691781D7802F020
:109C60000FF80028EED021462846BDE8384000F025
:109C7000CBBF00BFF0ED00E0206F0020146100209A
:109C8000CB09263301F07F010348044A03EB41016D
:109C90000844116801F0AABF206F0020586F00200F
:109CA000CB09263301F07F010348044A03EB41014D
:109CB0000844116801F0C6BF206F0020586F0020D3
:109CC00038B5154C01F07F0504EB450404EBD114C5
:109CD0002034A079C00706D5104B1B68DA0700D5E1
:109CE00000BE002038BDA5790D4845F0010500787B
:109CF000A57101F0C5F80028F4D1A379074A60F3F3
:109D00000003A371A37960F38203A3711368DB07D7
:109D1000E7D500BE38BD00BF206F0020F0ED00E0A9
:109D200014610020054B01F07F0203EB420303EBBB
:109D3000D11191F8260000F001007047206F00203B
:109D400010B50D4C01F07F0204EB420404EBD1147A
:109D500094F826309B0700D510BD084B20341878A6
:109D600001F088F9A37943F00203A371A37943F0CA
:109D70000103A37110BD00BF206F002014610020FB
:109D800010B50D4C01F07F0204EB420404EBD1143A
:109D900094F826309B0700D410BD084B2034187867
:109DA00001F090F9A3796FF34103A371A3796FF3E5
:109DB0000003A37110BD00BF206F002014610020BC
:109DC000C04B1B78FF2B00F0AF812DE9F04F04460C
:109DD0008DB04FF47A7200238002A10D17F0CAFEF5
:109DE000B94DDFF808B3B94F8246631C286800F00C
:109DF0002F81002C00F02C81BAF1000F14BF5246C5
:109E0000012209A914F090FBC0B19DF82530013B57
:109E1000072B00F21681DFE813F0F000CB001401ED
:109E2000BC00B0004300140008000A9B0BB10B9863
:109E30009847286814F0B6FE0028D6D10DB0BDE8CA
:109E4000F08F9DF82810A24B01F07F0603EB46032C
:109E500003EBD11393F826006FF3000083F826007C
:109E600093F826006FF3820083F82600002E00F09E
:109E70005381984A1B7D12789342C0F03F81501D58
:109E80009842C0F242819B1A03EB43030BEBC303DE
:109E90001E699DF829200B9B9DF82400B047C8E758
:109EA0008B4EF378013BDBB2F370F37803F0FF00E5
:109EB000002BBED133789DF8249043F0010333701A
:109EC00096F8263060F3000386F8263096F82630A0
:109ED00060F3820386F8263096F8273060F300039B
:109EE00086F8273096F8273060F3820386F827300B
:109EF00000F0ACFC9DF8283003F06002602A00F00E
:109F00002F81402A00F0118103F01F03012B00F084
:109F1000DC81C0F03581022B40F022819DF82C10AD
:109F200001F07F03082B00F21B815B00F0184FEA61
:109F3000D11C6044DFF89CE190F814809EF800008A
:109F4000804580F05382386808EB480800EBC80869
:109F5000002A00F01C82B8F1000F00F00681D8F84A
:109F60000C0000F073FCD8F80C3048460AAA012116
:109F7000984700287FF45DAFF7E0554B1B78D90771
:109F80007FF557AF544B002B3FF453AFAFF3008036
:109F90004FE74F4B1A78D0077FF54BAF4F4A002A57
:109FA0003FF447AF1878C0F3C000AFF3008040E73C
:109FB000DFF820819DF8246098F80010002399466E
:109FC00011E03B6813EBC20300F092805B683046FF
:109FD000984798F8001009F101095FFA89F94A1DBC
:109FE00091454B464EDC5B1A894509EB490203EB70
:109FF0004303E6D30BEBC303E8E7DFF8D8809DF813
:10A00000246098F800100023994610E03B6813EB99
:10A01000C20351D05B683046984798F8001009F1A8
:10A0200001095FFA89F94A1D91454B4612DC5B1A1A
:10A03000894509EB490203EB4303E7D30BEBC30369
:10A04000E8E7274B1B68DA077FF5F3AE00BEF0E6C2
:10A050002246D6E6382200211D4817F0FAFF214A91
:10A060004FF0FF33C2E90533C2E90033C2E90233DE
:10A07000D3611384136100F0DFFB154B9DF828209A
:10A080009A70D6E638220021114817F0E2FF154AEF
:10A090004FF0FF33C2E90533C2E90033C2E90233AE
:10A0A000D3611384136100F0C7FB0F4B002B3FF407
:10A0B000C0AEAFF30080BCE6094B1B68DE07DAD503
:10A0C00000BED8E7146100205C6F0020C86E00203D
:10A0D000206F0020CC6E0020000000000000000077
:10A0E000F0ED00E0246F002000000000144F040099
:10A0F000BA4B1B68D807D6D500BED4E73A6803EB45
:10A10000430312EBC3037FF4C3AEB44B1B68DC07FD
:10A110007FF594AE00BE91E60B9B9DF829209DF83B
:10A12000240000F0A9FB84E67047AD48E8B100F0D8
:10A130008DFB48460AAA0121FCF7ACFD00287FF4FC
:10A1400078AE12E0581EC0B2FCF7B0FB18B14378ED
:10A15000022B00F0B281A14B1B68DB0700D500BECB
:10A160009E4B1B68DE0700D500BE9DF82400002131
:10A1700000F080FF80219DF8240000F07BFF58E66E
:10A18000202A00F0D780002AEAD19DF82930092B37
:10A19000E6D801A252F823F08FA2020073A20200B7
:10A1A00061A10200AFA2020061A1020059A2020057
:10A1B00009A2020061A10200F5A10200C1A10200F2
:10A1C0009DF82A3003931A4673789A420AD073781E
:10A1D000002B40F04A81039B002BB3D1814B0BB184
:10A1E000AFF300809DF80C30737048460AA900F068
:10A1F000ABFA1EE60CAA737802F80E3D484601231E
:10A200000AA900F0B9FA14E6BDF82A00030A5A1E9A
:10A21000C0B20E2AA9D801A151F822F077A60200F7
:10A220005DA602004DA602006BA102006BA1020018
:10A2300027A602005DA602006BA102006BA102002E
:10A240006BA102006BA102006BA102006BA10200D6
:10A250006BA1020033A402000AA800F0FDFA4846F0
:10A260009DF82A1000F0BEFC337843F002033370EF
:10A27000DFE5BDF82A30012B7FF477AF337848460D
:10A280006FF3C3030AA9337000F05EFAD1E53378A7
:10A29000990801F00201C3F340130CAA0B4322F802
:10A2A0000E3D484602230AA900F066FAC1E5BDF852
:10A2B0002A30012B7FF459AF3378484643F0080326
:10A2C0000AA9337000F040FAB3E59DF82C300F2B4B
:10A2D0003FF64BAF3344444A1B791278934247D23E
:10A2E0003E6803EB430316EBC3063FF43EAFF06852
:10A2F00000F0ACFAF3680AAA012148469847002802
:10A300007FF497AD9DF8283013F060067FF42DAFF1
:10A310009DF829300A3B012B3FF627AF00F096FA53
:10A320009DF829300A2B00F097800AA9484600F0D2
:10A330000BFA7EE59DF82C300F2B3FF616AF334419
:10A34000294A1B79127893425ED23E6803EB43039D
:10A3500016EBC3063FF409AFF06800F077FAF36834
:10A3600048460AAA0121984700287FF462ADFCE61E
:10A37000511D9942FFF6F9AE9B1A03EB43030BEB19
:10A38000C306B4E7002A7FF4F0AE4FF000089DF852
:10A390002920012A03D041D3032A7FF4E1AEBDF87E
:10A3A0002A3023B9012A484640D0FFF7C9FCB8F14A
:10A3B000000F3FF43EADD8F80C0000F047FAD8F893
:10A3C0000C300AAA012148469847002000F03EFAC6
:10A3D00096F82730DB073FF52CADA6E7F0ED00E05F
:10A3E000956C020000000000CC6E002000F1050E0C
:10A3F000C645C7DBA8EB000808EB48080BEBC8080C
:10A40000002A7FF4ACADC2E7511D9942FFF6ADAE14
:10A410009B1A03EB43030BEBC3069DE733446344F2
:10A4200020330CAA9B79C3F3400338E7FFF7A8FC5D
:10A43000BDE7994B002B3FF498AEFCF727FC024692
:10A4400000283FF48DAE484653880AA900F094F9DD
:10A4500000287FF4EEAC88E60CAA0AA902F80E6D7B
:10A460004846012300F088F9E3E4484600F05AFC2E
:10A47000DFF82882B37802930023019498F8000053
:10A480001C4610E03B6813EBC10300F0C5805B681D
:10A490004846984798F800000134E4B2411D8C42C8
:10A4A000234600F3A3801B1A844204EB440103EB10
:10A4B0004303E7D30BEBC303E9E7C27933785111C8
:10A4C00061F30413921162F3451333704388CDF89E
:10A4D0001890CDE901A4C318059300F10908059B64
:10A4E000434557D998F801300B2B03BF98F800303B
:10A4F00098F803A098444FF0010A98F80130042B13
:10A500002FD1059B654ACDF81CA0A3EB08030021C1
:10A510009BB20491127889469A4617E03C6814EB86
:10A52000C1041ED0524641460698A36898470828A1
:10A5300009F1010201D9824537D2584B5FFA82F9FD
:10A540001A78CDF81090511D894520DC049B914567
:10A5500009EB4901A3EB0202E0D3182303FB02B489
:10A56000E0E74F4B1B68DA07DDE901A47FF5F8ADA2
:10A57000F5E502464B46044641464A4801F0B2FB27
:10A58000464B049A1B7805339342A044A7DADDE9D1
:10A5900001A4E0E5444BDDF81890DDE901A4002BAF
:10A5A0003FF420AEAFF300801CE6DDF81CA0BAF14A
:10A5B000010F0AD1A3683D493D4A8B4208BF4FF0C5
:10A5C000020A934208BF4FF0020A0021CBB2534562
:10A5D00001F10101CDD298F80220134456FA83F319
:10A5E0001A79FF2ABDD183F80490EFE738220021C1
:10A5F0003048019C17F02DFD2F4A4FF0FF33C2E980
:10A600000533C2E90033C2E90233D3611384136115
:10A610009DF80830B370DEE5214B019C1B68D9071B
:10A62000F6D500BEF4E7254B002B3FF49EADAFF30B
:10A630000080024600283FF498AD484613780AA9E6
:10A6400000F09AF800287FF4F4AB8EE5BDF82C10EA
:10A65000FCF732F902460028EFD186E5022B16D02E
:10A66000174B002B3FF481ADAFF300800246002A68
:10A670003FF476ADE7E6FCF715F9122302460AA986
:10A68000484600F079F800287FF4D3AB6DE5FCF77D
:10A690000DF90246EBE700BF8D6C0200CC6E002086
:10A6A000F0ED00E0346F002000000000F96F0200C0
:10A6B00099770200206F0020246F00200000000026
:10A6C00000000000054B01F07F0203EB420303EBA7
:10A6D000D11191F82600C0F340007047206F002090
:10A6E000144BFBB110B5144B18780C4600F064FB0A
:10A6F000124904F07F0301EB430101EBD41191F8FF
:10A7000026306FF3410381F8263091F826306FF33D
:10A71000000381F8263091F826306FF3820381F828
:10A72000263010BD064B1B68DB0701D500BE704705
:10A73000704700BFB9AD020014610020206F0020F7
:10A74000F0ED00E0704700BF0A4630B4094C49689C
:10A7500005461068234603C30023C4E9023392F977
:10A7600000209A422846ACBF802119461A4630BCC8
:10A77000FFF7A6BA20700020F0B50E462B4C4968B2
:10A7800007463068A260254603C50021E181F588AF
:10A79000AB4228BF2B4683B0A381ADB13BB3002AA7
:10A7A0003DD094F90000402B28BF402300282CDB2B
:10A7B0001F4A3846FFF784FA98B91E4B1B68DB071F
:10A7C00012D500BE03B0F0BD96F90030002BACBF2F
:10A7D0008021002138462B462A46FFF771FA0028CF
:10A7E000EBD0012003B0F0BD002003B0F0BD94F920
:10A7F0000020002AACBF194680211A463846FFF7D0
:10A800005FFA0028D9D00120ECE7114608480193EF
:10A810001A4617F0FAFB064A019B8021EEE7054B2A
:10A820001B68D907E0D500BE1046CBE7207000209A
:10A8300034700020F0ED00E0034B0022C3E9002259
:10A84000C3E902221A61704720700020014B186191
:10A85000704700BF207000200346064A5968006810
:10A8600010B41346002403C3C2E902445DF8044B4C
:10A87000704700BF2070002070B5404C2278C90995
:10A88000B1EBD21F82B0064615D03BB13C4B1B68E2
:10A89000DA0700D500BE002002B070BD2146FFF7E8
:10A8A00051FF2369002B40D02246304603219847B0
:10A8B000012002B070BD94F90020A068002A08DBD6
:10A8C0000028E8D01A462F49019317F09EFBA06894
:10A8D000019BE589E2881D44ADB21844AA42A060FC
:10A8E000E58101D03F2B23D8236923B1234A0221DC
:10A8F0003046984788B194F9002000239A42ACBFB3
:10A900008021194630461A46FFF7DAF968B91C4B20
:10A910001B68DB07BFD500BEBEE70146304600F02E
:10A92000A9FB3046802100F0A5FB012002B070BDDC
:10A93000A28994F90010531B9BB2402B28BF4023DF
:10A9400000290ADB95424FF0000112D00D4A304633
:10A95000FFF7B6F90028DAD0E7E795420BD00146B9
:10A960001A460848019317F050FB8021054A019BC5
:10A97000EDE70A46EBE780210022E8E7207000209F
:10A98000F0ED00E03470002042DF704743DF704795
:10A9900044DF704712DF7047F0B5334CBFF35B8F75
:10A9A000014604F590730125D3E84F2FC3E8405FBB
:10A9B0000028F9D1BFF35B8F12F0FF0F48D10829AF
:10A9C00029D04E01A21954F806C028489388284F70
:10A9D00001F5947601EB810E50F82660D2889A1A20
:10A9E00093B2B6B200EB8E0209B2B34228BF33462F
:10A9F000C2F800C707EB8100C2F8043747F82150BE
:10AA0000BFF36F8FBFF34F8F1A4B984218D0043BA0
:10AA1000984215D0F0BD154BD3F8C024D1030FD404
:10AA200094F80B1161B11449D4F80001C3F8A007E0
:10AA3000C3F8A4270D60BFF36F8FBFF34F8FF0BD36
:10AA40000023BFF35B8F84F82031BFF35B8FF0BD31
:10AA50000A4B0B485A68C2F30802003218BF0122A1
:10AA6000BDE8F040FFF7B6B87470002000700240F7
:10AA700028700240507002404870024000ED00E033
:10AA8000E9AA0200144BBFF35B8F0122D3E84F1FEA
:10AA9000C3E84C2FBCF1000FF8D1BFF35B8F11F06E
:10AAA000FF0F14D10260BFF36F8FBFF34F8F0B4BBB
:10AAB000984203D0043B984200D07047084BBFF344
:10AAC0005B8F002283F82021BFF35B8F7047014624
:10AAD0000448FFF77FB800BF947100205070024017
:10AAE0007470002085AA0200F0B5334CBFF35B8F71
:10AAF000C1B204F590730126D3E84F2FC3E8406F2D
:10AB00000028F9D1BFF35B8F12F0FF0F47D108295E
:10AB100028D04D01621954F805E028489388DFF8E1
:10AB2000B0C001F5947550F82570D2888D009A1A3E
:10AB300093B2BFB26A1800EB8202BB4228BF3B4609
:10AB4000C2F800E76544C2F804374CF82160BFF34F
:10AB50006F8FBFF34F8F1A4B9D4218D0043B9D421D
:10AB600015D0F0BD154BD3F8C024D1030FD494F801
:10AB70000B1161B11349D4F80001C3F8A007C3F861
:10AB8000A4270E60BFF36F8FBFF34F8FF0BD00237C
:10AB9000BFF35B8F84F82031BFF35B8FF0BD0A4BAE
:10ABA0000A485A68C2F30802003218BF0122BDE801
:10ABB000F040FFF70FB800BF747000200070024033
:10ABC000507002404870024000ED00E0E9AA020027
:10ABD00028700240704700BF014B80225A607047C6
:10ABE00000E100E0074BD3F80014D3F80024002064
:10ABF0000A434FF48001C3F80024C3F85801C3F896
:10AC0000041370470070024070B48A788C88414EFB
:10AC1000C97802F07F03D50905EB430006EB00106D
:10AC200001F00301C4F30A04012904812BD001219E
:10AC300001FA03F4BDB1384802339940C0F8041357
:10AC4000D0F810352343C0F81035334B42F48071EF
:10AC5000C3F81825C3F80C15BFF36F8FBFF34F8FE0
:10AC6000012070BC70472C4803F10C06B140C0F8BD
:10AC70000413D0F8141503F594730C43C0F814456D
:10AC800040F82350E1E7082B08D0244B186810F057
:10AC90000100E6D000BE002070BC7047EDB9B6F8E8
:10ACA00018311BB11C4B8022C3F81C251A4A002303
:10ACB000C2F85031D2F8003313F4001308BFC2F8C1
:10ACC0005431154B4FF44012C3F80423D3F8142524
:10ACD00042F48072C3F81425BEE7B6F808210E4B83
:10ACE0000021C3F82C1112B18022C3F81C250A4A96
:10ACF000D2F8003313F4001308BFC2F85431064BE6
:10AD0000074AC3F80423D3F8102542F48072C3F82D
:10AD10001025A1E77470002000700240F0ED00E003
:10AD2000000820001F4B80222DE9F041C3F8842049
:10AD3000BFF34F8FBFF36F8F01241B4D1B4FA046F6
:10AD40000026A30004F10C02A11C03F1804303F5CB
:10AD50001C3308FA01F108FA02F20A43C7F8082383
:10AD600028465E60013420229E62002117F071F9AE
:10AD7000082C05F12005E4D10D4BC7F8083320223B
:10AD8000C7F81C6500217E620A48BE6417F061F9AD
:10AD9000C7F81485C7F81085024B80225A60BDE8B9
:10ADA000F08100BF00E100E09470002000700240DC
:10ADB000000830007471002001F07F02082A70B48E
:10ADC0004FEAD11128D0012303FA02F0C043B1B1F8
:10ADD000294C951CAB40C4F80833D4F81055274BC8
:10ADE0002840C4F8100501EB420103EB01110023D8
:10ADF000CB72BFF36F8FBFF34F8F70BC70471E4C89
:10AE000002F10C05AB40C4F80833D4F814551B4BC1
:10AE10002840C4F81405E6E7184B03EB01100024A2
:10AE2000A0F808411448D1B14FF40064C0F80843B9
:10AE3000D0F8104524F48074C0F81045B3F81841D8
:10AE4000B3F808510C48EC424FF0000608BF4FF42D
:10AE50000014C0F81C6508BFC0F80843C3E74FF4EE
:10AE60008014C0F80843D0F8144524F48074C0F866
:10AE70001445C0F85011E1E70070024074700020E2
:10AE800001F07F004FEAD11CF0B50CEB4005704F8C
:10AE90002D017E1985B0F47A4CB16E4B1C6814F00C
:10AEA000010401D000BE0024204605B0F0BD04F02E
:10AEB000FF0E7A510C46B380A6F806E0002840D178
:10AEC000002B54D1644BD3F88034C3F3C0136345D3
:10AED0004DD0BFF35B8F07F590710122D1E84F3F52
:10AEE000C1E8402F0028F9D1BFF35B8FDBB2002B04
:10AEF00040F09F8059490A60BFF36F8FBFF34F8FB7
:10AF0000BFF35B8F87F82031BFF35B8F544B5968D9
:10AF1000C1F3080100314FF000034FF4E06201A8D3
:10AF200018BF0121CDF8063003938DF80840ADF825
:10AF30000A30ADF80420FEF729FD0124204605B0B3
:10AF4000F0BDBCF1000F15D107EB40170123FB72D8
:10AF5000BFF36F8FBFF34F8FBB7A23B1FB7A03F040
:10AF6000FF04002B6ED10124204605B0F0BDBCF1DA
:10AF7000000F3CD007EB401100EB8003CD8A8A8A9A
:10AF80000C8B0969521B9B0092B203F1804303F5BD
:10AF90001C33A24228BF2246324DC3F8001600B22D
:10AFA000C3F80426304BBFF35B8F05EB8001012211
:10AFB000D3E84F4FC3E8462F002EF9D1BFF35B8F84
:10AFC000E4B2002C3AD145F82020BFF36F8FBFF3D5
:10AFD0004F8F224B994202D0043B9942C3D1BFF319
:10AFE0005B8F002387F82031BFF35B8FBBE7012223
:10AFF0001D4BFA72BFF35B8FD3E84F4FC3E8412F6D
:10B000000029F9D1BFF35B8FE4B26CB9174B1A601A
:10B01000BFF36F8FBFF34F8FBFF35B8F87F820C1F4
:10B020001446BFF35B8F3FE710491148FEF7D2FD8E
:10B030003AE70A490E48FEF7CDFD67E70C48FEF7F0
:10B04000C9FD31E787F80AC0FFF7A6FC2CE700BF6F
:10B0500074700020F0ED00E000700240507002407B
:10B0600000ED00E004700240947100204C7002403A
:10B0700085AA020011F07F0008B512D008280BD075
:10B080000E4B41F48072C909C3F8182504D10C4B4A
:10B0900003EB40139A7A62B9BFF36F8FBFF34F8F00
:10B0A00008BD064B01225A65BFF36F8FBFF34F8F68
:10B0B00008BD9972FFF770FCEEE700BF0070024018
:10B0C0007470002011F0770F12D00A4B41F4807297
:10B0D000C3F80C15C3F80C25CA09C3F8181504BF2A
:10B0E00001F5947143F82120BFF36F8FBFF34F8FA9
:10B0F000704700BF007002402DE9F04FAA4BAB4CE7
:10B10000D3F80003002389B01E461F46012520FA0C
:10B1100003F11A19C9074FEA820209D5116839B13A
:10B1200005FA03F117600E43BFF36F8FBFF34F8F24
:10B130000133192BEBD1F20700F14A829C4D330504
:10B1400008D5994BD3F8A83601229BB2A5F8163141
:10B1500085F81C21B70206F4800429D5924BD3F858
:10B160001425D00540F10582002C00F0C182D3F8EF
:10B170000024D20740F1BC82D3F81035DB0540F142
:10B18000018295F81C310DF116070DF11408002B02
:10B1900040F0DA820023CDF8163003227B603B8139
:10B1A000404601218DF814308DF81520FEF7EEFB96
:10B1B00004B37D4AD2F8004440F201732340E7050E
:10B1C000C2F8003400F16D82600510D5764B012283
:10B1D000C3F808259A65D3F8002312F4001208BFBB
:10B1E000C3F85421704B4FF40012C3F80423A10597
:10B1F00000F14682320240D56B4BD3F88024D3F85D
:10B200008414D3F888C4D3F88C74D3F89084D3F81A
:10B210009444D3F89804D3F89C34D2B25FFA80FAFD
:10B22000D8B25306C9B25FFA8CFCFFB25FFA88F855
:10B230005FFA84FE01D105291FD04FF000094B466B
:10B240004C4662F3070368F3070461F30F236EF3C0
:10B250000F246CF317436AF3174460F31F6467F31A
:10B260001F634FF4C062012105A8ADF81690CDE927
:10B270000634ADF81420FEF789FB4E4B3340002B0B
:10B2800040F09681DFF82891474F4D46CA4609F5B0
:10B29000907800241FE02B44DA7A002A00F0E48141
:10B2A000DA88AAF804200022DA72DB8807930121E9
:10B2B0004FF4E06305A8CDF81620ADF81A208DF8FC
:10B2C00018B0ADF81430FEF761FBBBF1080F47D0A2
:10B2D00001340AF1200A04F10C0326FA03F3D8071B
:10B2E0005FFA84FBF1D504EB840307EB8303DAF800
:10B2F0000020D3F80807630112FA80F2E918CAF8AF
:10B300000020CA8880B2024492B2082CCA80C2D0FF
:10B31000BAF808208242BED1CA88BAF80410914215
:10B32000B9D9BBF1000FD0D10122BFF35B8FD8E8B0
:10B330004F3FC8E8412F0029F9D1BFF35B8F13F0CD
:10B34000FF0F1D4940F06C820A60BFF36F8FBFF39F
:10B350004F8FBFF35B8F85F82031BFF35B8FB7E76B
:10B36000164B3340002B00F001810F4BD3F86CA437
:10B37000C3F86CA4BFF36F8FBFF34F8F16F48066D2
:10B3800000F07B81D3F88024D3F8803483F08003ED
:10B39000C3F3C0130393C2F3C0130293D046DFF884
:10B3A00008B00024AA4613E000700240409C001040
:10B3B00074700020FCFB1F004C7002400004000170
:10B3C000002C00F01082072F50D0013409F1200921
:10B3D00028FA04F204EB8403D2070BEB83030AEB95
:10B3E0004415E7B2ECD5D3F80816D9F81020C9B245
:10B3F0000A44C9F81020E88A014489B2E982B449B4
:10B40000E88AB9F8146061188900864200914FF00B
:10B41000010E67F07F0101914FF0000C714605A805
:10B4200040F2B580E88AB9F81810C3F80026361A39
:10B43000B6B28E4228BF0E46A64AC3F80466BFF3D2
:10B440005B8FD2E84F3FC2E841EF0029F9D1BFF34B
:10B450005B8F13F0FF0F40F00181009BC3F800E009
:10B46000BFF36F8FBFF34F8F072FAED118F4803F1C
:10B470005546C24601D1039B43B1EB7A23B1EB8819
:10B48000AA889A4200F293810123AB721AF4003F1A
:10B490000AD095F82B3023B1EB8CAA8C9A4200F29B
:10B4A000A781012385F82A301AF4802F0CD095F853
:10B4B0004B3033B1B5F84630B5F844209A4200F22B
:10B4C0009B81012385F84A301AF4002F0CD095F89F
:10B4D0006B3033B1B5F86630B5F864209A4200F2AB
:10B4E0009B81012385F86A301AF4801F0CD095F8EF
:10B4F0008B3033B1B5F88630B5F884209A4200F22B
:10B500005A81012385F88A301AF4001F0CD095F86F
:10B51000AB3033B1B5F8A630B5F8A4209A4200F2AA
:10B520004E81012385F8AA301AF4800F0CD095F8CB
:10B53000CB3033B1B5F8C630B5F8C4209A4200F22A
:10B540004281012385F8CA301AF4000F0ED095F815
:10B55000EB30002B00F00D81B5F8E630B5F8E420B3
:10B560009A4240F206810720FFF716FA09B0BDE8BB
:10B57000F08FD3F81025D1053FF503AE4FF400123C
:10B58000C3F808230DF116070DF1140802E6EB8A43
:10B5900007934FF4E063ADF814309DF80430CDF814
:10B5A00016C0ADF81AC08DF81830FEF7EFF90AE7AB
:10B5B000BFF35B8F95F82031BFF35B8F002B40F01A
:10B5C000DC80454B1B68DC077FF55CAE00BE59E6AE
:10B5D000424B434A434D444800244FF00109C2F80E
:10B5E0001495C2F81095546094625C609C629C60F3
:10B5F000DC62DC601C631C615C635C619C639C615D
:10B60000DC63DC611C6454629464C2F85841D2F873
:10B610000034D2F800140B43C2F80034D2F80033DF
:10B62000C2F808332146C2F804030DF116070DF1E4
:10B63000200828464FF4927216F00BFD4FF48073E9
:10B64000CDF816407C603C8128F80C3D40234946EB
:10B6500040462B832B81FEF799F970E572460099DD
:10B660002248FEF7B7FAAEE61B4B1B68D9077FF5F9
:10B670007DAF00BE09B0BDE8F08FCDE902668DE672
:10B6800000230522012105A8CDF81A30CDF8163087
:10B69000ADF81E308DF814308DF81520FEF776F9D0
:10B6A000A8E50121C2F82C150023042205A8CDF835
:10B6B0001A30CDF81630ADF81E308DF814308DF8F4
:10B6C0001520FEF763F960057FF591AD7EE500BFBB
:10B6D000019C001094710020F0ED00E00470024025
:10B6E00000700240747000200514C00185AA020099
:10B6F0004D4BBFF35B8F0122D3E84F1FC3E8402FB0
:10B700000028F9D1BFF35B8F11F0FF0F3DD1474BFC
:10B71000D3F8C004C7035AD495F80B1101F0FF0702
:10B7200000296DD04249D5F80071C3F8A077C3F85D
:10B73000A4070A60BFF36F8FBFF34F8FD3F81035A4
:10B74000D9053FF51EAD1DE70023B5F81611CDF85C
:10B75000163085F81C31BB804FF4E06207918823D6
:10B7600040460121ADF814208DF81830FEF70EF98F
:10B7700010E5012385F8EA30F8E60023BFF35B8F7C
:10B7800085F82031BFF35B8F7CE52A4B2A485A6845
:10B79000C2F30802003218BF01220821FEF71AFA8C
:10B7A000224BD3F81035DB053FF5EBACEAE6002081
:10B7B000FFF7F2F86AE60420FFF7EEF8A4E60520AA
:10B7C000FFF7EAF8B0E60620FFF7E6F8BCE6BFF3BD
:10B7D0005B8F85F82011BFF35B8FD3F81035D80548
:10B7E0003FF5CFACCEE6029A002A3FF4EEADFAE583
:10B7F0000120FFF7D1F857E60220FFF7CDF863E606
:10B80000BFF35B8F85F82071BFF35B8FD3F81035E2
:10B81000DA053FF5B6ACB5E60320FFF7BDF863E601
:10B820000648FEF7D7F953E59471002000700240F6
:10B830004870024000ED00E0E9AA020085AA02007B
:10B8400030B5012885B000F09F8057D3022840D141
:10B85000B94BD3F80435002B40F0DD80B64AD2F85E
:10B8600000341C05FBD54FF40063C2F80034BFF36D
:10B870006F8FBFF34F8FB14AB14B12681B68082A14
:10B8800000F0DD80AC4BAF4D80240122C3F81C4595
:10B89000C3F80423C5F88441FDF7E6FF002840F013
:10B8A000FF80A94D43F204044FF080432268AA426E
:10B8B00011D0D3F80C14D3F80C24D003F6D5CA0752
:10B8C000F4D59D4B0122C3F80425BFF36F8FBFF35E
:10B8D0004F8F05B030BD04AA002102F80C1D1046A0
:10B8E000FFF758F89DF804000028E2D010460191B7
:10B8F000FFF74EF8019A002AD8D0E2E78E4BD3F832
:10B900000025002AE5D14FF480014FF40062C3F80E
:10B910000813C3F80024BFF36F8FBFF34F8F874B1B
:10B920001B68082B00F0BE80834B0122C3F8002562
:10B93000BFF36F8FBFF34F8F43F2040203F18D53B8
:10B9400003F57723126803F2DB539A4200F0D180AB
:10B950004FF08043D3F80C24D3F80C34D90301D52D
:10B96000D207B6D443F20402774B12689A4200F031
:10B970001E81764B00221A601B6801934FF08043B2
:10B98000012201991A60A4E76B4BD3F80025002A25
:10B990009FD00022C3F80425BFF36F8FBFF34F8FF2
:10B9A00068498020C1F88400BFF34F8FBFF36F8FC9
:10B9B000D3F80013C3F80813C3F80025BFF36F8F43
:10B9C000BFF34F8F43F2040103F18D5303F5772347
:10B9D000096803F2DB53994200F0A08001AB5C4A96
:10B9E000012111605B4A5168C1F30801003118461A
:10B9F0004FF002024FF0000318BF0121CDF80A30CA
:10BA0000CDF80630ADF80E308DF804308DF80520F5
:10BA1000FDF7BCFF5DE743F204024B4B12689A420C
:10BA200000F0B0804FF08043D3F80C24D3F80C34EE
:10BA3000DB037FF513AFD5077FF510AF49E7032B85
:10BA40000AD8454A1168002940F09880434C49F2D1
:10BA500075301060216010605A1E022A11D83E4ACB
:10BA60001168002940F082803D4D3448344B006815
:10BA70001B6849F2753414602960146008287FF44B
:10BA800001AF032B3FF6FEAE3649374B40F2E37071
:10BA9000402208601A60BFF36F8FBFF34F8FF1E64B
:10BAA0006C60FEE6264B1B685A1E022A12D82A4BEF
:10BAB0001A68002A40F08D80294949F27532032026
:10BAC0001A6008601A601D4A1D4B12681B68082A1C
:10BAD0007FF42AAF032B3FF627AF1F4B1A68002ACB
:10BAE00073D11E4949F27532C0201A6008601A608D
:10BAF0001AE704AB002203F80C2D1846FEF74AFFA4
:10BB00009DF8041000293FF423AF18460192FEF778
:10BB10003FFF019B002B7FF4DCAE23E704AB03F86F
:10BB20000C2D1846FEF736FF9DF80420002A3FF43E
:10BB300056AFFEF72BFF55E70070024030010010B2
:10BB40003401001000E100E0DBE5B15100010040EC
:10BB50000400004000ED00E000EC064014EC06405C
:10BB600014ED064000780240047802401B491C4B4B
:10BB70001C4A08681B68002111607FE71A4A0021EF
:10BB8000116069E704AB002203F80C2D1846FEF79C
:10BB900001FF9DF8041000293FF444AF18460192BC
:10BBA000FEF7F6FE019B002B7FF493AE56E604A849
:10BBB000002300F80C3DFEF7EDFE9DF80430002B4D
:10BBC0003FF4D7AEFEF7E0FE83E6074BC0221A60D3
:10BBD000AAE6044B03221A6075E700BF300100108B
:10BBE0003401001014ED064014EC0640F8B503785B
:10BBF00013F0010405D10678C6F3800626B120466D
:10BC0000F8BD00242046F8BD0F4605464FF0FF3131
:10BC1000384612F01BFE2A7812F001040FD12B785F
:10BC20005B0704D42B7843F004032B70012400231A
:10BC300038461A46194612F0C1F92046F8BD344676
:10BC4000F5E700BF70B505460E4608464FF0FF31D8
:10BC500012F0FCFD2878C0F3800444B900240023CE
:10BC600030461A46194612F0A9F9204670BD2B78C5
:10BC700013F00102F2D12B7862F382032B70EEE70E
:10BC8000C378828803F003000228C2F30A021DD0A1
:10BC900013D801280FD1022940F2FF3308BF4FF417
:10BCA0008063934211D20E4B186810F001000CD043
:10BCB00000BE002070470020704702290CBF4FF4DF
:10BCC000806340239342EED301207047022902D0C3
:10BCD000402AE8D8F8E7B2F5007FE4D1F4E700BFE6
:10BCE000F0ED00E00A44914216D230B44C78052CB5
:10BCF00005D00C7821448A42F8D830BC70478C7843
:10BD000004F07F0500EB4505E4092B550C78214430
:10BD10008A42EBD830BC7047704700BF70B5AEB0F8
:10BD200004466D491AA811F057FB04F13C011AA80A
:10BD300011F060FD694911F089FD014601A811F07B
:10BD400071FB1AA811F062FC0023402201A80AA985
:10BD500011F044FE6249634810F082FB01A961487A
:10BD600010F066FC604BD3F88054002D40F09780B3
:10BD7000D3F8841469B12B460AAA1AA88DF89950F1
:10BD80008DF89A508DF89B500CF092FB002840F0F3
:10BD900094805649534810F063FB01A9514810F0B4
:10BDA00047FC40F202630AAA4F491AA80FF074FB3D
:10BDB0002C9B002B67D004F118064D491AA810F0EF
:10BDC0004FFB31461AA810F033FC04F12405494911
:10BDD0001AA810F045FB29461AA810F029FC46497C
:10BDE0001AA810F03DFB04F10C011AA810F020FC79
:10BDF000303442491AA810F033FB21461AA810F03B
:10BE000017FC1EA80FF020FA3D49364810F028FB19
:10BE100001A9344810F00CFC3A49324810F01AFCE1
:10BE20003949304810F01CFB31462E4810F000FC18
:10BE300036492C4810F014FB29462A4810F0F8FB2C
:10BE40003349284810F00CFB32230022214604A875
:10BE500011F038FE04A907A811F0E4FA2D4907A84B
:10BE600011F0F4FC01461F4810F0E2FB07A811F0A6
:10BE7000CDFB04A811F0CAFB012501A811F0C6FBF7
:10BE800028462EB070BD2D9D002D94D12249154815
:10BE900010F0E6FA01A9134810F0CAFBEDE70026FE
:10BEA000294633460AAA1AA8ADF868608DF86A6078
:10BEB0000DF0EAFB00283FF46CAF1849094810F078
:10BEC000CFFA01A9074810F0B3FB01A811F09EFBBF
:10BED000002528462EB070BDC84F0400186304002A
:10BEE000D04F040030630020388600201850040032
:10BEF000645004006C500400205604007450040088
:10BF000080500400A8500400C4500400D050040025
:10BF1000DC5004007C7B04003C500400F04F040023
:10BF200010B400240122C0E9001402725DF8044B31
:10BF3000704700BF70B5374914468CB0064611F003
:10BF40004BFA20462C2111F063FD421C50D00546CF
:10BF50002B4668460022214611F0B4FDA3686A1CF6
:10BF600003A8214611F0AEFD2B4906A811F034FAC2
:10BF7000284909A811F030FA09AA06A9684611F063
:10BF8000FBFD09A811F042FB06A811F03FFB03A836
:10BF90002D2111F03DFD431C2DD1204906A811F0A3
:10BFA0001BFA1C4909A811F017FA09AA06A903A847
:10BFB00011F0E2FD09A811F029FB06A811F026FBFB
:10BFC000694609A811F02EFA154909A811F03EFC9E
:10BFD00003A911F00FFC0146304611F01FFB09A820
:10BFE00011F014FB03A811F011FB684611F00EFBD1
:10BFF00030460CB070BD0346002203A909A811F019
:10C0000061FD09A903A811F033FB09A811F0FEFA9C
:10C01000C3E700BFBC7504005C5704003055040042
:10C02000B05304002DE9F04F9FB000F1180300F168
:10C030000C050591BA49009314460746039511F083
:10C04000CBF92846B649B74EDFF80893DFF80883E6
:10C0500011F0C2F907F12405B1490098029511F0D9
:10C06000BBF907F130032846AD49019311F0B4F94B
:10C0700007F13C021546AA490198049211F0ACF967
:10C080002846A74911F0A8F9A749304610F0E8F969
:10C090000A22A168304610F0A7FBA449304610F0F0
:10C0A000D9FA2146304610F0C3FAA149304610F0C3
:10C0B000D7F900250DE02946204611F085FC102215
:10C0C0000146304610F0E2F941463046013510F0A5
:10C0D000C7F9A3680A2BA8BF0A23AB42294620460A
:10C0E00008DD11F071FC0F28E5D84946304610F004
:10C0F000B7F9E0E78B4810F093FA8E490FA811F0DA
:10C100006BF90FA9204611F0A5FC83460FA811F08A
:10C110007DFABBF1FF3F00F0D5805A460A21204648
:10C1200011F086FC0346013008BFA36806A85A46F2
:10C13000214611F0C7FC3A2106A811F069FC411C08
:10C1400006D106A811F062FA38461FB0BDE8F08F9C
:10C15000421C089B724E09A806A911F0B3FC09A85D
:10C1600011F0F4FD0DF13C091EADC84640463146C4
:10C1700008F10C0811F030F94545F7D10B9B002B65
:10C1800040F3A7814FF00008C2460FAE514609A800
:10C1900011F00CFC0178222961D052462C2109A80B
:10C1A00011F046FC421C054608BF0B9D52462B462B
:10C1B00009A90CA811F086FC0CA9304611F058FA18
:10C1C0000CA811F023FA05F1010A0B9B534508F165
:10C1D000010804DDB8F1050F06F10C06D6D1564969
:10C1E000504810F03DF90A2241464E4810F084FABA
:10C1F0004C4DDFF868A100265049284610F030F970
:10C200000A223146284610F041F95146284610F0DE
:10C2100027F94946284610F01DF9013648492846B5
:10C2200010F018FA464509F10C09E5DBB8F1030FE7
:10C2300000F3968012AE18AD1BA811F0E7F928465E
:10C2400011F0E4F915A811F0E1F9304611F0DEF92A
:10C250000FA811F0DBF909A811F0D8F971E70AF17C
:10C2600001052A4609A811F0E3FBB0F1FF3F824621
:10C2700000F03C8103462A4609A90CA811F022FCD3
:10C280000CA9304611F0F4F90CA811F0BFF90B9B82
:10C290000AF1010A9A4512DA514609A811F086FB03
:10C2A00003782C2B514609A804D011F07FFB0378AA
:10C2B000202B8AD10B9B0AF1010A5345ECDC08F1D3
:10C2C00001088CE71F490FA811F086F80FA9204636
:10C2D00011F0C0FB83460FA811F098F9BBF1FF3FA6
:10C2E0007FF41BAF18490F4810F0BAF817490FA890
:10C2F00011F072F80FA9204611F0ACFB04460FA80C
:10C3000011F084F91249074810F0AAF821460A22D0
:10C31000044810F0F1F938461FB0BDE8F08F00BFB7
:10C32000BC75040030630020F45404001855040068
:10C330003455040058550400D8550400FC55040039
:10C34000606904006055040068550400B455040099
:10C35000BC550400AC4E04001450040010560400F8
:10C36000DDF80CA00FA9504611F058F9DDF8009047
:10C3700012AE3146484611F051F9DDF8088018AD8B
:10C380002946404611F04AF95F49604810F068F8C4
:10C3900051465E4810F04CF95D495C4810F060F879
:10C3A00049465A4810F044F95A49584810F058F88C
:10C3B0004146564810F03CF95A460A21204611F0F1
:10C3C00037FB431C0DF1300933D000F1010852490D
:10C3D000484611F001F842464946204611F04CFB10
:10C3E00082460090484611F011F91AF101032DD050
:10C3F000009B43455CDC4949444810F031F80A226F
:10C400004146424810F042F84549404810F028F8AB
:10C410000A2200993D4810F06FF942493B4810F05C
:10C420001FF80199394810F015F83F49374810F0C6
:10C4300011F9029A05994846FFF77CFD4946049890
:10C4400011F016F9484611F0E1F8F5E6374948468B
:10C4500010F0C2FF42464946204611F00DFB8246CD
:10C460000090484611F0D2F81AF10103C0D1D4F877
:10C4700008A0D04537DACDF8008002E0C345DA469F
:10C48000B9D00AF1FF3B5946204611F09DFA0D281C
:10C4900059462046F2D011F097FA0A28594620460C
:10C4A000ECD011F091FA2028E8D0CDF800A0534646
:10C4B00042462146484611F005FB019C494620466C
:10C4C00011F0D6F8484611F0A1F8204611F03EFCD4
:10C4D00091E717490D480FF0C3FF0A2200210B48CE
:10C4E00010F00AF9A6E6CDF800A084E71049074845
:10C4F0000FF0B6FF0A224146044810F0FDF8B8F1EB
:10C50000000F3FF497AE73E614560400306300202A
:10C510002C560400445604005C5604006C5604007B
:10C5200088560400905604006069040064560400B4
:10C53000D85504004B6C0BB18B6B0BB900207047C6
:10C540000846FFF7EBBB00BF2DE9F0470D4686B06C
:10C550005749DFF88881DFF88891DFF888A106461F
:10C5600010F03AFF11F026FC5249074652480FF0EE
:10C5700077FF11F01FFCC01BB0F57A7F4FF001046C
:10C5800054D22B7A002B5BD168680368DB6898472C
:10C59000002842D0002C68D12B7A002B55D1686836
:10C5A00003681B699847C4B22146304611F000F970
:10C5B0000D2C55D00A2C70D0A4F120035E2B59D835
:10C5C00021463D480FF05EFF4146684610F004FFEB
:10C5D0006946304611F0CAF970B1684611F016F894
:10C5E0003649354810F036F83549334810F032F8FE
:10C5F000304606B0BDE8F087494603A810F0ECFECF
:10C6000003A9304611F0B2F9044603A8002C41D129
:10C6100010F0FCFF684610F0F9FF012011F0D6FB86
:10C6200011F0C8FBC01BB0F57A7FAAD3002CDBD079
:10C630002449214810F00EF8304606B0BDE8F087D6
:10C6400028680368DB689847A2E7286803681B69C5
:10C650009847C4B22146304611F0AAF80D2CA9D152
:10C66000194915480FF0FCFEAEE7184912480FF0C3
:10C67000F7FE91E7514610480FF0F2FE0F2C11D94A
:10C68000214610220C480FF001FF11490A480FF013
:10C69000E7FE99E710F0BAFF9FE70E4906480FF052
:10C6A000DFFE91E70C4904480FF0DAFEE8E700BF2F
:10C6B000BC750400E85004003063002020510400E1
:10C6C0004051040064510400FC50040094570400DD
:10C6D0000851040000510400AC4E04000C51040049
:10C6E000145104000451040030B50C4687B0237A7D
:10C6F00005468BB960680368DB68984790B1237A78
:10C70000002B46D1606803681B699847012011F02F
:10C710005DFB237A002BEDD020680368DB68984727
:10C720000028ECD12F4930480FF09AFE2F492E48AF
:10C730000FF096FE2E492C480FF08CFF237A2B49E0
:10C74000002B46D160680FF08BFE0D2160680FF062
:10C7500099FE21466846FFF7F7FE6846222111F050
:10C7600057F9421C07D0441C22462221684611F08A
:10C770005FF9431C12D11F491B480FF06BFF1E4984
:10C78000284610F029FE684610F040FF284607B002
:10C7900030BD206803681B699847B7E70346224607
:10C7A00003A8694611F08EF914490F480FF058FE9E
:10C7B00003A90D480FF03CFF03A9284610F05AFECC
:10C7C00003A810F023FF684610F020FF284607B0AA
:10C7D00030BD20680FF044FE0D2120680FF052FE9E
:10C7E000B7E700BF8C510400306300209C51040067
:10C7F000A8510400C8510400BC750400AC510400E9
:10C800002DE9F04F0D4685B05649DFF86491DFF809
:10C8100088B19046064610F0DFFD11F0CBFA0746CE
:10C8200011F0C8FA5049824648460FF019FE11F03F
:10C83000C1FAC01B40454FF001043BD22B7A002BBC
:10C8400050D168680368DB68984700283CD0002C0A
:10C8500053D12B7A002B4AD1686803681B6998472B
:10C86000C4B22146304610F0A3FF11F0A3FA0D2CFC
:10C87000824657D00A2C5AD0A4F120035E2B41D80F
:10C88000214648460FF0FEFD594601A810F0A4FDD0
:10C8900001A9304611F06AF8044601A810F0B6FE6E
:10C8A000002C56D1012011F091FA11F083FAC01B2F
:10C8B0004045C3D3002C44D02C492D480FF0CAFE6C
:10C8C000304605B0BDE8F08F002CEBD111F072FAC4
:10C8D000A0EB0A00B0F57A7FE4D9264924480FF08E
:10C8E000B9FEEDE728680368DB689847ADE728687C
:10C8F00003681B699847C4B2B3E71F4948460FF065
:10C90000AFFDA6E71D4948460FF0AAFD0F2C13D92D
:10C910002146102248460FF0B9FD194948460FF04C
:10C920009FFDB1E7174948460FF09AFDACE716495D
:10C9300048460FF095FDA7E7144948460FF090FDD3
:10C94000E6E713490A480FF085FE304605B0BDE81A
:10C95000F08F104906480FF07DFE304605B0BDE867
:10C96000F08F00BFBC750400A85604003C570400BB
:10C9700030630020EC560400945704000451040076
:10C9800008510400FC50040000510400AC4E0400A7
:10C990001C570400C05604000C5104002DE9F0435C
:10C9A0000446ABB0AB49AC480FF054FE237A93B9C0
:10C9B00060680368DB68984798B1237A002B40F0E1
:10C9C0001F81606803681B699847012011F0FEF918
:10C9D000237A002BECD020680368DB689847002896
:10C9E000EBD19E499C480FF03BFD9D499A480FF0C2
:10C9F00037FD9C4998480FF02DFE237A9849002B6B
:10CA000040F0158160680FF02BFD0D2160680FF07C
:10CA100039FD01A82146FFF797FD93498E480FF095
:10CA20001FFD01A82C2110F0F3FF421C00F0DE8056
:10CA3000451C2A462C2101A810F0FAFF431C00F0E7
:10CA4000D58003462A4601A904A811F03BF804A8A2
:10CA500011F0A8F9854907467F480FF001FD3946D6
:10CA60000A227D480FF012FD81497B480FF0F2FD4C
:10CA7000002F40F3B880DFF82892774DDFF824824A
:10CA800001370126494628460FF0EAFC0A223146C2
:10CA900028460FF0FBFC414628460FF0DBFD237AC9
:10CAA00093B960680368DB68984798B1237A002BD4
:10CAB00040F0AB80606803681B699847012011F063
:10CAC00085F9237A002BECD020680368DB6898474F
:10CAD0000028EBD13346674A202110A816F02AF926
:10CAE0005E4928460FF0BCFC10A928460FF0B8FCA0
:10CAF0005C4928460FF0AEFD237A10A9002B40F0C8
:10CB00008E8060680FF0ACFC0D2160680FF0BAFCFD
:10CB100040F6B832214607A8FFF772FE07AA214661
:10CB200018A8FFF77FFA269B002B73D0524928469E
:10CB30000FF096FC1EA928460FF08CFC4F492846A2
:10CB40000FF08EFC21A928460FF084FC4C492846A2
:10CB50000FF086FC1E2300220AA824A910F0B2FFC1
:10CB60000AA90DA810F05EFC46490DA810F06EFE53
:10CB7000014628460FF05CFD0DA810F047FD0AA8FD
:10CB800010F044FD404928460FF06AFC27A92846CA
:10CB90000FF060FC3D4928460FF05CFD299B13B166
:10CBA000269B002B4BD13A4928460FF053FDC82055
:10CBB00011F00CF927A810F029FD24A810F026FD8B
:10CBC00021A810F023FD1EA810F020FD1BA810F0D6
:10CBD0001DFD18A810F01AFD013607A810F016FD6B
:10CBE000BE427FF44FAF04A810F010FD29491A4847
:10CBF0000FF030FD01A810F009FD2BB0BDE8F08367
:10CC0000206803681B699847DFE6206803681B6992
:10CC1000984753E7204928460FF01CFDC7E72068D6
:10CC20000FF01EFC0D2120680FF02CFC70E720682F
:10CC30000FF016FC0D2120680FF024FCE9E618A87F
:10CC4000FFF76CF80028AED0144928460FF002FD1B
:10CC5000ADE700BFD0520400306300208C510400C7
:10CC6000F4520400A8510400005304003853040097
:10CC7000CC60040058530400645304008053040043
:10CC8000885304007C7B0400945304001863040060
:10CC9000DC5304002C54040008540400B453040072
:10CCA00040530400EC52040010B50446237A83B9C3
:10CCB00060680368DB68984788B1237A83B9606845
:10CCC00003681B699847012011F080F8237A002B34
:10CCD000EED020680368DB6898470028EDD110BDCE
:10CCE000206803681B699847EDE700BF2DE9F04F06
:10CCF00089B00446019102A86749DFF8A881DFF8EE
:10CD0000CCA1DFF8CCB1174610F066FB11F052F859
:10CD1000064611F04FF86149814640460FF0A0FBEE
:10CD200011F048F8801BB8424FF0010530D2237A49
:10CD3000002B7FD160680368DB68984778B3002DCB
:10CD400040F08380237A002B79D1606803681B69E7
:10CD50009847C5B2294602A810F02AFD11F02AF81A
:10CD60000D2D814600F087800A2D00F08A80A5F104
:10CD700020035E2B6ED8294640460FF083FB00252A
:10CD8000012011F023F811F015F8801BB842CED322
:10CD90006DB1434943480FF05DFC002443E0002D92
:10CDA000EED111F007F8A0EB0900C828E8D93E49F8
:10CDB0003C480FF04FFC3D493A480FF051FB0A2226
:10CDC000049938480FF0D0FB394936480FF048FB3A
:10CDD000019C344821460FF043FB364931480FF09F
:10CDE0003FFB214605A810F0F7FA05A902A810F0AC
:10CDF00031FE314B3149B0F1FF3F08BF1946294898
:10CE00000FF028FC05A810F001FC214605A810F041
:10CE1000E3FA05A902A810F01DFE441C05A818BFDE
:10CE2000012410F0F3FB02A810F0F0FB204609B03B
:10CE3000BDE8F08F20680368DB6898477EE72068CC
:10CE400003681B699847C5B284E7174940460FF04D
:10CE500007FB77E7514640460FF002FB0F2D16D92E
:10CE60002946102240460FF011FB594640460FF06C
:10CE7000F7FA002584E7124940460FF0F1FA002541
:10CE80007EE7104940460FF0EBFA002578E70E499F
:10CE900040460FF0E5FAE3E7BC7504006452040075
:10CEA000B052040030630020945704007452040010
:10CEB00098520400AC520400605204005C5204001A
:10CEC000FC50040000510400AC4E04000451040066
:10CED0000851040070B504460D46237A16468BB9F6
:10CEE00060680368DB68984790B1237A002B2CD1E7
:10CEF000606803681B699847012010F067FF237A78
:10CF0000002BEDD020680368DB6898470028ECD13F
:10CF1000174918480FF0A4FA294616480FF0A0FA4E
:10CF2000154914480FF096FB237A294693B9606897
:10CF30000FF096FA0D2160680FF0A4FA32462046F1
:10CF40000E49BDE87040FFF7D1BE206803681B6939
:10CF50009847D1E720680FF083FA0D2120680FF081
:10CF600091FA324620460549BDE87040FFF7BEBE43
:10CF70008C51040030630020A85104006056040066
:10CF800010B50446237A8BB960680368DB6898475C
:10CF900090B1237A002B2DD1606803681B699847F4
:10CFA000012010F013FF237A002BEDD020680368D6
:10CFB000DB6898470028ECD1154916480FF050FA65
:10CFC000154914480FF04CFA144912480FF042FB6F
:10CFD000237A11499BB960680FF042FA0D2160680D
:10CFE0000FF050FA20464FF47A720D49BDE8104018
:10CFF000FFF77CBE206803681B699847D0E720686C
:10D000000FF02EFA0D2120680FF03CFAEAE700BF7E
:10D010008C51040030630020B04F0400A85104007C
:10D020006056040010B50446237A8BB96068036823
:10D03000DB68984790B1237A002B2DD16068036894
:10D040001B699847012010F0C1FE237A002BEDD018
:10D0500020680368DB6898470028ECD1154916481A
:10D060000FF0FEF9154914480FF0FAF91449124867
:10D070000FF0F0FA237A11499BB960680FF0F0F9CC
:10D080000D2160680FF0FEF920464FF47A720D49C9
:10D09000BDE81040FFF72ABE206803681B69984767
:10D0A000D0E720680FF0DCF90D2120680FF0EAF9D5
:10D0B000EAE700BF8C510400306300208057040071
:10D0C000A85104006056040010B50446237A8BB9B9
:10D0D00060680368DB68984790B1237A002B2DD1F4
:10D0E000606803681B699847012010F06FFE237A7F
:10D0F000002BEDD020680368DB6898470028ECD14E
:10D10000154916480FF0ACF9154914480FF0A8F965
:10D11000144912480FF09EFA237A11499BB96068AE
:10D120000FF09EF90D2160680FF0ACF920464FF426
:10D130007A720D49BDE81040FFF7D8BD206803683A
:10D140001B699847D0E720680FF08AF90D21206805
:10D150000FF098F9EAE700BF8C510400306300201B
:10D1600080510400A85104006056040010B5044624
:10D17000237A8BB960680368DB68984790B1237A9B
:10D18000002B2DD1606803681B699847012010F0BF
:10D190001DFE237A002BEDD020680368DB689847DA
:10D1A0000028ECD1154916480FF05AF915491448D2
:10D1B0000FF056F9144912480FF04CFA237A11492E
:10D1C0009BB960680FF04CF90D2160680FF05AF9B7
:10D1D00020464FF47A720D49BDE81040FFF786BD36
:10D1E000206803681B699847D0E720680FF038F97A
:10D1F0000D2120680FF046F9EAE700BF8C510400CA
:10D2000030630020C44F0400A8510400605604009D
:10D2100010B50446237A8BB960680368DB689847C9
:10D2200090B1237A002B2DD1606803681B69984761
:10D23000012010F0CBFD237A002BEDD0206803688D
:10D24000DB6898470028ECD1154916480FF008F91B
:10D25000154914480FF004F9144912480FF0FAF96F
:10D26000237A11499BB960680FF0FAF80D216068C4
:10D270000FF008F920464FF47A720D49BDE81040CE
:10D28000FFF734BD206803681B699847D0E7206822
:10D290000FF0E6F80D2120680FF0F4F8EAE700BF80
:10D2A0008C51040030630020F4510400A8510400A4
:10D2B0006056040010B50446237A8BB96068036891
:10D2C000DB68984790B1237A002B2DD16068036802
:10D2D0001B699847012010F079FD237A002BEDD0CF
:10D2E00020680368DB6898470028ECD11549164888
:10D2F0000FF0B6F8154914480FF0B2F81449124867
:10D300000FF0A8F9237A11499BB960680FF0A8F8CB
:10D310000D2160680FF0B6F820464FF47A720D497F
:10D32000BDE81040FFF7E2BC206803681B6998471E
:10D33000D0E720680FF094F80D2120680FF0A2F8D4
:10D34000EAE700BF8C510400306300204C54040015
:10D35000A85104006056040010B50446237A8BB926
:10D3600060680368DB68984790B1237A002B2DD161
:10D37000606803681B699847012010F027FD237A35
:10D38000002BEDD020680368DB6898470028ECD1BB
:10D390001B491C480FF064F81B491A480FF060F84D
:10D3A0001A4918480FF056F9237A17499BB9606853
:10D3B0000FF056F80D2160680FF064F84FF47A72A0
:10D3C00013492046FFF792FCA0B910BD20680368FE
:10D3D0001B699847D0E720680FF042F80D212068BC
:10D3E0000FF050F84FF47A7209492046FFF77EFC9F
:10D3F0000028EAD02046BDE81040FFF7CFBA00BFB2
:10D400008C51040030630020F4510400A851040042
:10D410006056040010B5044688B00B466846244A9E
:10D42000202115F087FC237A8BB960680368DB68DC
:10D43000984790B1237A002B2DD1606803681B694F
:10D440009847012010F0C2FC237A002BEDD0206811
:10D450000368DB6898470028ECD1164916480EF09F
:10D46000FFFF694614480EF0FBFF144912480FF005
:10D47000F1F8237A69469BB960680EF0F1FF0D213F
:10D4800060680EF0FFFF20464FF47A720C49FFF7F8
:10D490002DFC08B010BD206803681B699847D0E7D1
:10D4A00020680EF0DDFF0D2120680EF0EBFFEAE7AB
:10D4B000CC5704008C51040030630020A8510400B4
:10D4C0006056040010B5044688B00B466846244AEE
:10D4D000202115F02FFC237A8BB960680368DB6884
:10D4E000984790B1237A002B2DD1606803681B699F
:10D4F0009847012010F06AFC237A002BEDD02068B9
:10D500000368DB6898470028ECD1164916480EF0EE
:10D51000A7FF694614480EF0A3FF144912480FF004
:10D5200099F8237A69469BB960680EF099FF0D213E
:10D5300060680EF0A7FF20464FF47A720C49FFF79F
:10D54000D5FB08B010BD206803681B699847D0E779
:10D5500020680EF085FF0D2120680EF093FFEAE7AA
:10D56000B44F04008C51040030630020A851040023
:10D570006056040030B5044689B0237A0D468BB955
:10D5800060680368DB68984790B1237A002B2ED13E
:10D59000606803681B699847012010F017FC237A24
:10D5A000002BEDD020680368DB6898470028ECD199
:10D5B0003E493F480EF054FF3E493D480EF050FFB3
:10D5C0003D493B480FF046F8237A3A49A3B96068D1
:10D5D0000EF046FF0D2160680EF054FF4FF47A7292
:10D5E00036492046FFF782FBA8B909B030BD206854
:10D5F00003681B699847CFE720680EF031FF0D21C3
:10D6000020680EF03FFF4FF47A722C492046FFF756
:10D610006DFB0028E9D02B466846294A202115F0E9
:10D6200089FB237A8BB960680368DB68984790B1FF
:10D63000237A002B2DD1606803681B69984701206D
:10D6400010F0C4FB237A002BEDD020680368DB6860
:10D6500098470028ECD1154915480EF001FF69469E
:10D6600013480EF0FDFE144911480EF0F3FF237A23
:10D6700069469BB960680EF0F3FE0D2160680EF0FC
:10D6800001FF20464FF4FA620C49FFF72FFB09B067
:10D6900030BD206803681B699847D0E720680EF00A
:10D6A000DFFE0D2120680EF0EDFEEAE78C5104004C
:10D6B00030630020F4510400A851040060560400B7
:10D6C000C057040030B5044691B0237A0D4693B993
:10D6D00060680368DB68984798B1237A002B40F0B4
:10D6E000A980606803681B699847012010F06EFBF1
:10D6F000237A002BECD020680368DB689847002869
:10D70000EBD1604960480EF0ABFE60495E480EF018
:10D71000A7FE5F495C480EF09DFF237A5B49002B12
:10D7200040F0978060680EF09BFE0D2160680EF05F
:10D73000A9FE4FF47A7257492046FFF7D7FAC8205E
:10D7400010F044FB237A8BB960680368DB68984764
:10D7500090B1237A002B72D1606803681B699847E7
:10D76000012010F033FB237A002BEDD020680368F2
:10D77000DB6898470028ECD1424943480EF070FE20
:10D78000454941480EF06CFE41493F480EF062FFAA
:10D79000237A4149002B6CD160680EF061FE0D21A7
:10D7A00060680EF06FFE4FF47A723A492046FFF738
:10D7B0009DFAC82010F00AFB2B466846374A4021E4
:10D7C00015F0B8FA237A8BB960680368DB6898476C
:10D7D00090B1237A002B37D1606803681B699847A2
:10D7E000012010F0F3FA237A002BEDD020680368B3
:10D7F000DB6898470028ECD1224923480EF030FE20
:10D80000694621480EF02CFE21491F480EF022FFE8
:10D81000237A69462BBB60680EF022FE0D216068FA
:10D820000EF030FE20464FF4FA621A49FFF75EFA16
:10D8300011B030BD206803681B69984755E7206820
:10D8400003681B6998478BE7206803681B69984742
:10D85000C6E720680EF004FE0D2120680EF012FECF
:10D8600067E720680EF0FCFD0D2120680EF00AFE2F
:10D87000D8E720680EF0F4FD0D2120680EF002FEBE
:10D8800091E700BF8C51040030630020A0570400D2
:10D89000A851040060560400AC570400B8570400B7
:10D8A000037A10B50446002B00F0D88000680368A6
:10D8B000DB6998474FF47A7010F088FA237A93B9AD
:10D8C00060680368DB68984798B1237A002B40F0C2
:10D8D000A180606803681B699847012010F076FA00
:10D8E000237A002BECD020680368DB689847002877
:10D8F000EBD15C495C480EF0ADFE237A93B96068C9
:10D900000368DB68984798B1237A002B40F0878042
:10D91000606803681B699847012010F057FA237A62
:10D92000002BECD020680368DB6898470028EBD117
:10D930004E494D480EF094FD4D494B480EF090FD78
:10D940004C4949480EF086FE237A4949002B75D18F
:10D9500060680EF085FD0D2160680EF093FD4FF4B8
:10D96000FA6245492046FFF7C1F94FF4FA7010F00A
:10D970002DFA0EE060680368DB689847237A90B15F
:10D98000002B51D1606803681B699847012010F093
:10D990001DFA237A002BEDD020680368DB689847D6
:10D9A000237A0028ECD18BB960680368DB6898475C
:10D9B00090B1237A002B3CD1606803681B699847BB
:10D9C000012010F003FA237A002BEDD020680368C1
:10D9D000DB6898470028ECD1244923480EF040FD2D
:10D9E000264921480EF03CFD22491F480EF032FE28
:10D9F000237A224953BB60680EF032FD0D21606826
:10DA00000EF040FD20464FF47A721B49BDE81040ED
:10DA1000FFF76CB9206803681B6998475DE72068C9
:10DA200003681B69984777E7206803681B69984774
:10DA3000ACE7206803681B699847C1E720680EF0CF
:10DA40000FFD0D2120680EF01DFD88E720680EF007
:10DA500007FD0D2120680EF015FDD3E740680EF09C
:10DA6000B5FB27E760570400306300208C510400A9
:10DA700078570400A851040060560400C44F040005
:10DA800070B5044690B0237A0D4616468BB960688F
:10DA90000368DB68984790B1237A002B2FD1606828
:10DAA00003681B699847012010F090F9237A002B36
:10DAB000EDD020680368DB6898470028ECD14E4918
:10DAC0004E480EF0CDFC4E494C480EF0C9FC4D4975
:10DAD0004A480EF0BFFD237A4949ABB960680EF0A1
:10DAE000BFFC0D2160680EF0CDFC4FF47A72464900
:10DAF0002046FFF7FBF8B0B9002010B070BD2068D9
:10DB000003681B699847CEE720680EF0A9FC0D2139
:10DB100020680EF0B7FC4FF47A723B492046FFF7BD
:10DB2000E5F80028E8D02B46384A4021684615F031
:10DB300001F9314931480EF093FC69462F480EF047
:10DB40008FFC30492D480EF085FD237A6946002B65
:10DB500042D160680EF084FC0D2160680EF092FCEA
:10DB60004FF4FA7010F032F94FF47A7228492046D7
:10DB7000FFF7BCF80028BFD01F4920480EF070FC0A
:10DB800031461E480EF06CFC22491C480EF062FD26
:10DB9000237A314663BB60680EF062FC1649174871
:10DBA0000EF05EFC1C4915480EF05AFC194913484A
:10DBB0000EF050FD237A1849B3B960680EF050FC9E
:10DBC0004FF4FA6010F002F9204641F288320E4913
:10DBD000FFF78CF810B070BD20680EF041FC0D21ED
:10DBE00020680EF04FFCBBE720680EF039FCE7E739
:10DBF00020680EF035FCD1E78C5104003063002022
:10DC0000F4510400A8510400605604008857040031
:10DC100098570400945704009C57040030B50446FC
:10DC200087B0237A8BB960680368DB68984790B146
:10DC3000237A002B47D1606803681B69984701204D
:10DC400010F0C4F8237A002BEDD020680368DB685D
:10DC500098470028ECD1324932480EF001FC324995
:10DC600030480EF0FDFB31492E480EF0F3FC237ACC
:10DC70002D496BBB60680EF0F3FB0D2160680EF060
:10DC800001FC4FF47A722A492046FFF72FF800284A
:10DC900043D021466846FEF757FC264903A80FF0FB
:10DCA0009BFB03A968460FF0D5FE841D03A80FF067
:10DCB000ADFC052C14DC4FF0FF3468460FF0A6FCD9
:10DCC000204607B030BD206803681B699847B6E757
:10DCD00020680EF0C5FB0D2120680EF0D3FBD0E7C5
:10DCE000154903A80FF078FB224603A968460FF0F8
:10DCF000C3FE054603A80FF089FC6B1CDBD022464F
:10DD00002B46694603A80FF0DDFE03A810F04AF881
:10DD1000044603A80FF07AFCCFE74FF0FF34CFE7BB
:10DD20008C5104003063002058540400A8510400B2
:10DD30006056040060540400685404002DE9F0416A
:10DD40000C468CB0237A0646154693B96068036882
:10DD5000DB68984798B1237A002B40F0AE8060686A
:10DD600003681B699847012010F030F8237A002BD4
:10DD7000ECD020680368DB6898470028EBD167493E
:10DD800067480EF06DFB674965480EF069FB664910
:10DD900063480EF05FFC237A6249002B40F0B580A7
:10DDA00060680EF05DFB0D2160680EF06BFB4FF4B8
:10DDB0007A725E492046FEF799FF002800F09D80A8
:10DDC0002B4604A85A4A202114F0B4FF237A93B9B1
:10DDD00060680368DB68984705469DB1237A002B8D
:10DDE00070D1606803681B69984701200FF0EEFF4F
:10DDF000237A002BECD020680368DB68984705463F
:10DE0000002DEBD1454946480EF02AFB04A94448B1
:10DE10000EF026FB444942480EF01CFC237A04A96C
:10DE2000002B54D160680EF01BFB0D2160680EF0D2
:10DE300029FB214641F2883201A8FEF7E1FC3D4969
:10DE40003748DFF808813C4F0EF00AFB0A2203999D
:10DE500033480EF0C9FC3248384904460EF000FB46
:10DE600001A920460EF0F6FA354920460EF0F2FBE5
:10DE7000344920460EF0F4FA0DE0294601A80FF0CF
:10DE800095FD1022017820460EF000FB3946204611
:10DE900001350EF0E5FA039B142BA8BF1423AB4207
:10DEA000294601A81BDD0FF081FD03780F2BE4D874
:10DEB000414620460EF0D4FADFE7206803681B696C
:10DEC000984750E7206803681B6998478DE72068EA
:10DED0000EF0C6FA0D2120680EF0D4FAA9E710481A
:10DEE0000EF09EFB01A930460FF0C4FA01A80FF016
:10DEF0008DFB30460CB0BDE8F081134930460FF081
:10DF00006BFA30460CB0BDE8F08120680EF0A8FA3C
:10DF10000D2120680EF0B6FA49E700BF8C510400CD
:10DF200030630020F4510400A8510400605604003E
:10DF30006C5404007854040014500400A8540400E5
:10DF400060690400D0540400BC750400AC4E0400A9
:10DF5000704700BF704700BF38B5074CA4F5166581
:10DF600004F10C000FF052FB2046183C0FF04EFB62
:10DF7000AC42F5D138BD00BFF87A0020836C1BB9E4
:10DF8000C06C20B109F0AEBD18460BF049BC4FF093
:10DF9000FF307047836C23B9C06C08B10AF0EABB4C
:10DFA000704718460CF0A4B800B5836C83B08DF8A8
:10DFB00007104BB9C06C20B101220DF107010AF026
:10DFC00017FD03B05DF804FB184601220DF10701AF
:10DFD0000CF0EAF803B05DF804FB00BF2DE9F04750
:10DFE0002C218CB004460FF013FD431C2FD00546A6
:10DFF0002B466846002221460FF064FD6A1CA36888
:10E0000003A821460FF05EFD2F2168460FF000FDAA
:10E010002F21054668460FF041FD6F1C064603D0D0
:10E02000013001D0B5421FD1AE49AF480EF018FA09
:10E030006946AD480EF0FCFA002503A80FF0E6FA99
:10E0400068460FF0E3FA28460CB0BDE8F087A74910
:10E05000A5480EF005FA2146A3480EF0E9FA00257E
:10E0600028460CB0BDE8F0872B460022694609A877
:10E070000FF028FD09A80FF095FE074609A80FF03C
:10E08000C5FA33466A1C694609A80FF01BFD09A8AA
:10E090000FF088FE814609A80FF0B8FA721C029BA7
:10E0A000694609A80FF00EFD09A80FF07BFE824615
:10E0B00009A80FF0ABFA312F5BDC07F5FA678C4942
:10E0C00089480EF0CDF90A22394687480EF0DEF96C
:10E0D000884985480EF0C4F90A22494682480EF064
:10E0E000D5F9854980480EF0BBF90A2251467E4891
:10E0F0000EF002FB03A906A80FF094F92D2103A846
:10E100000FF086FC2B21054603A80FF081FC691C4B
:10E1100034D02B46002203A909A80FF0D3FC09A98B
:10E1200006A80FF0A5FA09A80FF070FA734B1B7838
:10E13000002B40F096803A2106A80FF069FC3A21A6
:10E14000064606A80FF0AAFC731C804604D0B0F166
:10E15000FF3F01D0864215D1694963480EF080F92E
:10E1600006A961480EF064FA002506A80FF04EFAE1
:10E1700063E7632FD8BF07F26C77A0E7421CDAD0C1
:10E180000546C6E73346002206A909A80FF09AFC07
:10E1900009A80FF007FE054609A80FF037FA434615
:10E1A000721C06A909A80FF08DFC09A80FF0FAFD52
:10E1B000064609A80FF02AFA08F10102089B06A9F1
:10E1C00009A80FF07FFC09A80FF0ECFD804609A814
:10E1D0000FF01CFA09F1FF330B2B0AD80AF1FF33B9
:10E1E0001E2B06D8172D04D83B2E02D8B8F13B0FB2
:10E1F00055D944493C480EF033F90A2239463A4889
:10E200000EF044F93B4938480EF02AF90A224946F3
:10E2100035480EF03BF9384933480EF021F90A220F
:10E22000514631480EF032F937492F480EF018F9AF
:10E2300029460A222C480EF029F934492A480EF0C2
:10E240000FF90A22314628480EF020F930492648B5
:10E250000EF006F941460A2223480EF04DFA002539
:10E2600083E72C4920480EF0FBF82A46059B03A9BA
:10E2700009A80FF027FC09A91B480EF0EBF809A824
:10E280000FF0C4F9244918480EF0EAF806A9164818
:10E290000EF0E0F8214914480EF0DCF94BE7204B72
:10E2A000204A2149104803FB09F9204B02FB0A9A36
:10E2B00003FB07A7B844642303FB068642F21073EE
:10E2C00003FB05650EF0CCF829460A2206480EF03D
:10E2D00079F9174904480EF0C3F8214602480EF0B8
:10E2E000A7F942E7F05C040030630020885C04007A
:10E2F000B45C0400DC5C0400E85C04001C860020C4
:10E30000485D04006C5D04009C5D0400A45D040095
:10E31000AC5D0400145D0400385D04006069040015
:10E3200000E1F50540420F00B45D040000E40B5429
:10E33000E05D040038B50B4CA4F5966504F12400AB
:10E340000FF064F904F118000FF060F904F10C000B
:10E350000FF05CF920463C3C0FF058F9AC42EDD18F
:10E3600038BD00BFD08F0020836C23B9C06C08B1CA
:10E370000AF03EBB704718460BF016BF38B5114C7B
:10E38000A4F6C82504F148000FF040F904F13C0060
:10E390000FF03CF904F130000FF038F904F12400DB
:10E3A0000FF034F904F118000FF030F904F10C000B
:10E3B0000FF02CF920465C3C0FF028F9AC42E1D17B
:10E3C00038BD00BFC085002000B5836C83B06BB939
:10E3D000C06C98B101220DF1070109F067FA01281C
:10E3E0000CD19DF8070003B05DF804FB184601222C
:10E3F00000230DF107010BF087FAF0E74FF0FF3033
:10E40000F1E700BF836C53B1187810F008000DD00D
:10E41000D8695B69C01A48BF6FF000407047C16C93
:10E42000E1B191F8313013F0080000D17047D1E923
:10E430000223D1E90001121A63EB01039C46002379
:10E440004DF804BD634593466FF0004208BF5A453E
:10E4500038BF934658465DF804BB7047084670477E
:10E4600038B5324B1B68002B5AD05BDD30495C2538
:10E4700005FB0315002491F858304A6C002B0CBFA3
:10E4800021201420531E0344B3FBF0F303EB83025B
:10E4900004EB42025C31002B3DD08D4202F10204BC
:10E4A000E9D1A4F1770323EAE373224D22492348FB
:10E4B0002B600DF0D5FF296820480A220DF0E6FFF9
:10E4C0001F491E480DF0CCFF21460A221B480DF0C3
:10E4D000DDFF1C4919480DF0C3FF0A2277211748B8
:10E4E0000DF0D4FF184915480DF0BAFF29681348FC
:10E4F0000A220DF0CBFF154910480DF0B1FF296835
:10E500000E4877310A220DF0C1FF11490B48BDE8D2
:10E5100038400EF09FB8A94204F10C04ABD1C0E71B
:10E520001C46C2E700231C46BFE700BF507B00200B
:10E53000547B00203C7B002084700400306300206A
:10E54000A0700400B4700400C8700400A46C04003F
:10E55000A08804002DE9F04EA349A448A44DB2B010
:10E560000EF078F8A349A1480DF07AFFA2499F4820
:10E570000DF076FFA1499D480DF072FF1EAB03F12F
:10E5800060410A2299480EF01DF89D4997480EF007
:10E5900061F80020034628609A4A9B490AA80CF0BB
:10E5A0007BFF1C9B002B00F043810DF1380A97493B
:10E5B0008E48DFF878920EF04DF81C9B6FF0004605
:10E5C0000027002B5DD01A7814072ED450460CF08B
:10E5D0003BFE8F4985480DF043FF0A222968834896
:10E5E0000DF054FF8B4981480EF034F881497F4883
:10E5F0000DF036FF88497D480DF032FF7F497B489A
:10E600000DF02EFF1EAB03F160410A2277480DF09A
:10E61000D9FF7B4975480EF01DF828680028D4BF43
:10E620000020012032B0BDE8F08EDA695B69D21AB1
:10E6300001D4002ACAD02B68632BC7DC01A8494645
:10E640000EF0CAFE0EE0C26943699A4211D000235F
:10E6500001221EA90BF058F9012829D0FF2101A899
:10E660000FF0A6F81C98002800F0868003781907A0
:10E67000E9D4039B2BBB01A80EF0C8FF1C9B002B09
:10E68000A1D11D990029A1D091F8313018079DD54D
:10E69000D1E90223D1E90001121A63EB01039F4281
:10E6A00008BF9642934638BF6FF0004B5A46C0E70A
:10E6B0009DF878100A29DCD00D29D0D1039B002BBE
:10E6C000D9D02C2101A80FF0A3F9431C0446D2D0C5
:10E6D00004A82346002201A90FF0F4F9621C039B51
:10E6E00001A907A80FF0EEF904A80FF02FFB07A867
:10E6F0000FF02CFB49491EA80EF06EFE1EA904A8BF
:10E700000FF020F9002855D01EA80EF07FFF2868D2
:10E71000434C00EB400004A904EBC0000EF07EFF68
:10E720002B6803EB430304EBC3000C3007A90EF086
:10E7300075FF3C492D480DF093FE2B682B4803EBE9
:10E74000430304EBC3010C310DF084FE3649274826
:10E750000DF086FE2968254801EB410104EBC1015B
:10E760000DF066FF2B6807A801332B600EF04EFFFB
:10E7700004A80EF04BFF7EE71D9800283FF479AF08
:10E7800090F831301A077FF574AFD0E90223D0E951
:10E7900000BCB2EB0B0B63EB0C0C674508BF5E458E
:10E7A0005A4602D3002A3FF464AF01221EA909F0A1
:10E7B0007DF851E7069B052B5DD81EA80EF026FFBD
:10E7C0002868174C00EB400007A904EBC0000EF0CE
:10E7D00025FF2B6803EB430304EBC30004A90C30B3
:10E7E0000EF01CFFA5E700BF205E04003063002090
:10E7F000107B0020405E04004C5E0400786C040036
:10E80000685E0400745E040038860020D45E040054
:10E81000C0600400045F0400105F04002C5F04006B
:10E82000B0710020305F0400445F0400BC75040038
:10E830001D9B002B7FF4B9AE144A15491EA80CF09D
:10E840002BFEDDE91F12219B0B910DF1380A50467A
:10E8500022A9CDE90C230CF0B3FC1C9B002B7FF408
:10E86000A6AE1D9C002C7FF4A2AE0A490A480DF00A
:10E87000F1FE2046D6E6014604A80FF097F803788B
:10E88000303B092B7FF640AF97E700BF845E040062
:10E8900038860020945E0400306300202DE9F043A8
:10E8A000414942489BB00DF0D5FE40F20163404A19
:10E8B000404906A80CF0F0FD189B002B6AD03E4F93
:10E8C0003B68002B52DD3D4CDFF80491DFF80481FA
:10E8D00000260FE00BF068FC029B05469D4268464F
:10E8E00006F1010604F1180432D10EF08FFE3B68E8
:10E8F000B3423BDD04F10C0103A80EF093FD494641
:10E9000003A80EF0A3FF21460EF074FF41460EF05F
:10E910009DFF014668460EF085FD03A80EF076FEC9
:10E92000189DDDF800C0029B61461A462846002D5E
:10E93000D0D1199D2846002DD0D00AF059F8029B5D
:10E9400005469D42684606F1010604F11804CCD044
:10E950001B4916480DF07EFE0AA80CF075FC6846AF
:10E960000EF054FE00201BB0BDE8F0830AA80CF0A6
:10E970006BFC14490D480DF073FD39680B480A22F1
:10E980000DF084FD104909480DF064FE01201BB014
:10E99000BDE8F083199C002C91D10C4903480DF07F
:10E9A00059FE2046F3E700BF846204003063002074
:10E9B000745E040038860020107B0020B0710020B7
:10E9C000D0620400F462040000630400A06204004A
:10E9D000685404001C5104002DE9F04F8FB08346A9
:10E9E00002A801910EF01EFD8849DFF83C8208A8BC
:10E9F0000EF0F2FC86490BA80EF0EEFC0BAA08A95B
:10EA000002A80FF0B9F80BA80EF000FE08A80EF04F
:10EA1000FDFD804908A80EF0DFFC7D490BA80EF033
:10EA2000DBFC0BAA08A902A80FF0A6F80BA80EF0B1
:10EA3000EDFD08A80EF0EAFD774908A80EF0CCFC21
:10EA400073490BA80EF0C8FC0BAA08A902A80FF086
:10EA500093F80BA80EF0DAFD08A80EF0D7FD6F4969
:10EA600008A80EF0B9FC6A490BA80EF0B5FC0BAA79
:10EA700008A902A80FF080F80BA80EF0C7FD08A89F
:10EA80000EF0C4FD664908A80EF0A6FC60490BA86C
:10EA90000EF0A2FC0BAA08A902A80FF06DF80BA8B3
:10EAA0000EF0B4FD08A80EF0B1FDD8F80030002B30
:10EAB00040F3A78000255B4FDFF850A1544CDFF8EE
:10EAC00054912E460EE0079B0A2B00F0928005A879
:10EAD0000EF09CFDD8F800300136B34205F1180560
:10EAE00040F38F80791905A80EF09CFC514608A8C8
:10EAF0000EF072FC21460BA80EF06EFC0BAA08A9C2
:10EB000005A80FF039F80BA80EF080FD08A80EF04C
:10EB10007DFD494608A80EF05FFC21460BA80EF0CB
:10EB20005BFC0BAA08A905A80FF026F80BA80EF0AD
:10EB30006DFD08A80EF06AFD374908A80EF04CFCE0
:10EB400021460BA80EF048FC0BAA08A905A80FF057
:10EB500013F80BA80EF05AFD08A80EF057FD2F4928
:10EB600008A80EF039FC21460BA80EF035FC0BAAC4
:10EB700008A905A80FF000F80BA80EF047FD08A89B
:10EB80000EF044FD264908A80EF026FC21460BA8ED
:10EB90000EF022FC08A90BAA05A80EF0EDFF0BA8A9
:10EBA0000EF034FD08A80EF031FD05A902A80EF004
:10EBB0007DFE70B9049B0A2B85D80A2B87D1079B51
:10EBC0000A2B84D902A905A80EF0D0FE00283FF434
:10EBD0007EAF05F10C01394458460EF023FC05A820
:10EBE0000EF014FD02A80EF011FD58460FB0BDE85E
:10EBF000F08F05A902A80EF0B9FE0028E9D1049B08
:10EC0000DBE7019958460EF00DFCEBE714500400C9
:10EC1000BC750400A46C040000660400A088040015
:10EC20002C5F0400B0710020107B0020F0B53C4D3B
:10EC30002B68632B87B066DC06460F466846314674
:10EC4000FFF7CAFE314668460EF030FE0446A0B912
:10EC5000344903A80EF0C0FB694603A80EF0CAFDB4
:10EC6000014631480DF0E4FC03A80EF0CFFC6846E5
:10EC70000EF0CCFC204607B0F0BD28682B4C00EB12
:10EC8000400004EBC00031460EF0C8FC286800EBE1
:10EC9000400004EBC00039460C300EF0BFFC2B687E
:10ECA0002349214801332B600DF0DAFB39461E4819
:10ECB0000DF0D0FB1F491C480DF0D2FB31461A481D
:10ECC0000DF0B6FC1C4918480DF0CAFB0A22296851
:10ECD00015480DF011FD314603A8FFF77DFE1749D9
:10ECE00011480DF0BDFB03A90F480DF0A1FCFFF783
:10ECF000D5FD044678B912490B480DF0ABFC03A8CA
:10ED00000EF084FCB3E70F4907480DF0A3FC002484
:10ED1000204607B0F0BD0C4903480DF09BFCEEE720
:10ED2000107B0020F85A040030630020B0710020EE
:10ED3000145B0400445F04002C5B04004C5B040083
:10ED4000945B0400D05A04006C5B0400F0B58B683F
:10ED5000072B87B006464BD90223002202A80C4697
:10ED60000EF0B0FE02A80FF01DF8074602A80EF044
:10ED70004DFC21460523032202A80EF0A3FE02A8A3
:10ED80000FF010F8054602A80EF040FC21460823BB
:10ED9000062202A80EF096FE02A80FF003F8044621
:10EDA000013402A80EF032FC1C2C12DC0C2D01DD0B
:10EDB000013701253B46124ACDE90054102102A833
:10EDC00013F0B8FF02A930460EF006FB304607B03C
:10EDD000F0BD022D11D01E2CE8DD25F00203042B1E
:10EDE00003D0092B01D01F2CE0D001350124DDE731
:10EDF0000EF018FB304607B0F0BD01240325D9E71B
:10EE0000787D0400F0B58B68072B87B0054638D9AC
:10EE10000223002202A80C460EF054FE02A80EF0B7
:10EE2000C1FF074602A80EF0F1FB2146052303228D
:10EE300002A80EF047FE02A80EF0B4FF064602A894
:10EE40000EF0E4FB21460823062202A80EF03AFE4B
:10EE500002A80EF0A7FF0446013C02A80EF0D6FB64
:10EE6000002C13DD3B46154ACDE90064102102A8B1
:10EE700013F060FF02A928460EF0AEFA284607B04C
:10EE8000F0BD0EF0CFFA284607B0F0BD013E002ECF
:10EE900005DD022E07D0042E07D11E24E2E7013F34
:10EEA0001F240C26DEE71C24DCE7062EF5D0092EF5
:10EEB000F3D00B2E0CBF1E241F24D3E7787D040053
:10EEC0002DE9F0438B689DB00546002B00F00081D2
:10EED0000C4620462C210EF09BFD0646013000F02A
:10EEE000FE80334605A8002221460EF0EBFD721C81
:10EEF000A36808A821460EF0E5FD2D2108A80EF014
:10EF000087FD2B21064608A80EF082FD711C00F03B
:10EF1000098133460BA8002208A90EF0D3FD0A9BF5
:10EF2000324608A90EA80EF0CDFD0EA80EF03AFF4D
:10EF30009849064698480DF093FA0EA996480DF0A8
:10EF400089FA964994480DF08BFA31460A22924884
:10EF50000DF09CFAC6EB061691498F480DF080FA29
:10EF60000A2231468C480DF0C7FB3A210BA80EF05F
:10EF70004FFD3A2107460BA80EF090FD7B1C804602
:10EF800000F0C080B0F1FF3F00F0BC803B460022A3
:10EF90000BA914A80EF096FD14A80EF003FF8146ED
:10EFA00014A80EF033FB7A1C43460BA914A80EF0EC
:10EFB00089FD14A80EF0F6FE044614A80EF026FBF8
:10EFC0000D9B08F101020BA914A80EF07BFD14A8FB
:10EFD0000EF0E8FE074614A80EF018FB71496E48C3
:10EFE0000DF03EFA49460A226B480DF04FFA6E4981
:10EFF00069480DF035FA21460A2267480DF046FAB5
:10F00000C9EB0919684964480DF02AFA04EB89092B
:10F010000A22394660480DF06FFBA9EB06046349EC
:10F020005D480DF01DFA21460A225B480DF064FB95
:10F0300011A805A90EF0F6F9002CC0F29780B4F5DE
:10F04000B46F80F281805A4953485A4E0DF008FA45
:10F0500011A951480DF0FEF986FB043656494E4879
:10F060000DF0FEF93319E617C6EB63160A22314696
:10F0700049480DF00BFA4C4947480DF0F1F9C6EB41
:10F080000613A4EB830421460A2243480DF034FB07
:10F09000119B4A4A02972021CDE9006414A813F07D
:10F0A00049FE14A928460EF097F911A80EF0AEFA01
:10F0B0000EA80EF0ABFA0BA80EF0A8FA08A80EF0F6
:10F0C000A5FA05A80EF0A2FA28461DB0BDE8F08307
:10F0D0003B490EF081F928461DB0BDE8F08321467A
:10F0E00014A80EF09FF914A836490EF0AFFB0146A4
:10F0F00028460EF097F914A80EF088FA28461DB09D
:10F10000BDE8F083214614A80EF08CF914A82D490F
:10F110000EF09CFB014628460EF084F914A80EF070
:10F1200075FAC5E7421C33D1214614A80EF07AF9CE
:10F1300014A824490EF08AFB014628460EF072F905
:10F1400014A80EF063FAB9E705A914A8FFF7FEFDAD
:10F1500014A911A80EF08CFA14A80EF057FA1A4947
:10F160000D48A4F5B4640DF075FA6CE705A914A870
:10F17000FFF748FE14A911A80EF07AFA14A80EF0B1
:10F1800045FA1249044804F5B4640DF063FA5AE7ED
:10F190000646BEE6B059040030630020D059040092
:10F1A000DC590400E859040030550400045A0400F6
:10F1B0009C5A040089888888FC590400B85A0400C5
:10F1C000BC750400A85904006C5A0400345A0400A9
:10F1D000454B1868012840F386802DE9F04F002741
:10F1E00091B0C11B00254B1EAB42404C05F10105FF
:10F1F0000BDD226BE36E9A420ED304F13C063446DB
:10F200004B1EAB4205F10105F3DC0137431EBB4247
:10F21000E7DC11B0BDE8F08F04F10C09214601A82C
:10F220000EF000F904F11808494604A80EF0FAF8A7
:10F2300004F1240B414607A80EF0F4F859460AA839
:10F240000EF0F0F804F13C06236B94F834200D9393
:10F2500004F1480AA36B8DF83820314620460F93FD
:10F260000EF0DCF94846514604F154090EF0D6F987
:10F270004046494604F160080EF0D0F94146584630
:10F280000EF0CCF9E36E94F870202363636F84F87A
:10F290003420A36301A930460EF0C0F904A95046FA
:10F2A0000EF0BCF907A948460EF0B8F90AA9404685
:10F2B0000EF0B4F90D990F9B9DF83820E166636755
:10F2C00084F870200AA80EF0A1F907A80EF09EF9A4
:10F2D00004A80EF09BF901A80EF098F9024B1868EB
:10F2E0003446C11B8CE77047588B00205C8B002094
:10F2F0002DE9F04F95B0DFF8A0A10391814659495F
:10F300005948DFF898B10DF0A5F90026574956483D
:10F31000CBF800600DF0A4F8DAF8001052480A2289
:10F320000DF0B4F8524950480DF094F9DAF8003075
:10F33000B34240F3BC82DBF80000132800F3B7822D
:10F340004C4C4D4BCDF808903546B14601932646BE
:10F35000DFF83C81494F1C4601E013283ADCC0EB42
:10F360000010314604EB80000EF058F9DBF8000085
:10F37000C0EB001004EB800006F10C010C300EF025
:10F380004DF9DBF80000C0EB001004EB80004146B3
:10F3900018300EF08FF9DBF80000C0EB001004EB22
:10F3A0008000394624300EF085F9DBF80000DAF8E9
:10F3B0000020C0EB001104EB810109F101090130CB
:10F3C0004A450D6381F834508D63CBF8000006F197
:10F3D0001806C2DCDDF80890294923480DF040F8F2
:10F3E0000A22DBF8001020480DF050F825491E488D
:10F3F0000DF030F924491C480DF032F8039C1A48EE
:10F400000A2221460DF042F8204917480DF022F952
:10F41000002C40F36081039A1D4CDFF884A0CDF8E6
:10F4200008905C2303FB02930393214605A80DF08B
:10F43000D3FF029A92F85830002B00F0BF8102F1FE
:10F440000C0105A80EF0EAF8DBF80000002840F3F4
:10F45000BE8100252E46DFF84C90DFF84C800D4F22
:10F4600036E000BF3474040030630020747404007C
:10F470008C740400B07100205C8B002010750400B7
:10F48000A8740400B8740400D4740400E874040080
:10F49000BC7504002C5F0400107B0020588B0020FA
:10F4A0001450040000660400A08804000D9B0A2B81
:10F4B00000F064810BA80EF0A9F808A80EF0A6F8D9
:10F4C000DBF800000136B04205F13C0540F3CB818A
:10F4D000019B08A859190DF0A5FF51460EA80DF083
:10F4E0007BFF214611A80DF077FF11AA0EA908A8ED
:10F4F0000EF042FB11A80EF089F80EA80EF086F867
:10F50000A2490EA80DF068FF214611A80DF064FF76
:10F5100011AA0EA908A80EF02FFB11A80EF076F87C
:10F520000EA80EF073F849460EA80DF055FF2146BF
:10F5300011A80DF051FF11AA0EA908A80EF01CFB8E
:10F5400011A80EF063F80EA80EF060F841460EA860
:10F550000DF042FF214611A80DF03EFF11AA0EA9A1
:10F5600008A80EF009FB11A80EF050F80EA80EF036
:10F570004DF839460EA80DF02FFF214611A80DF0C9
:10F580002BFF11AA0EA908A80EF0F6FA11A80EF08A
:10F590003DF80EA80EF03AF805A90BA80DF042FFB1
:10F5A00051460EA80DF018FF214611A80DF014FFCA
:10F5B00011AA0EA90BA80EF0DFFA11A80EF026F87A
:10F5C0000EA80EF023F871490EA80DF005FF214694
:10F5D00011A80DF001FF11AA0EA90BA80EF0CCFA8C
:10F5E00011A80EF013F80EA80EF010F849460EA858
:10F5F0000DF0F2FE214611A80DF0EEFE11AA0EA9A3
:10F600000BA80EF0B9FA11A80EF000F80EA80DF034
:10F61000FDFF41460EA80DF0DFFE214611A80DF0BA
:10F62000DBFE11AA0EA90BA80EF0A6FA11A80DF088
:10F63000EDFF0EA80DF0EAFF39460EA80DF0CCFE46
:10F64000214611A80DF0C8FE0EA911AA0BA80EF0B4
:10F6500093FA11A80DF0DAFF0EA80DF0D7FF0BA951
:10F6600008A80EF023F988B90A9B0A2B3FF61EAFB3
:10F670000A2B7FF41FAF0D9B0A2B7FF61BAF08A947
:10F680000BA80EF073F900283FF414AF0BA80DF08F
:10F69000BDFF08A80DF0BAFF3701019BA7EB0608D4
:10F6A00003EB8808029B5A6DD8F830309A4200F27A
:10F6B000DE80019BBE1B03EB8606B36B0133B36395
:10F6C000029B05A85C331D4602930DF09FFF039A31
:10F6D00095427FF4AAAE2E482E492F4D2F4FDFF8CA
:10F6E000D88004460CF0B6FFFFF772FD2C49204687
:10F6F0000CF0B0FF2B4920460CF0B2FE0A22DBF8DA
:10F70000001020460CF0C2FE274920460CF0A2FF54
:10F71000002628E0042E2EDC0CF0A2FE0A22314640
:10F7200020460CF0B3FE414620460CF099FE05F150
:10F730000C0120460CF08EFE1C4920460CF090FE79
:10F74000294620460CF086FE194920460CF088FE1A
:10F75000A96B0A2220460CF099FE16492046013674
:10F760003C350CF077FFDBF80030042B394620469F
:10F77000D0DC9E42D0DB15B0BDE8F08F0BA908A805
:10F780000EF0F4F8002881D10A9B71E7A46C040004
:10F79000306300201C7504005C8B0020A075040001
:10F7A00054750400787504008C750400B475040069
:10F7B000B8750400C0750400786C0400114605A8F3
:10F7C0000DF02CFFDBF8000000283FF742AE019E51
:10F7D000C0EB001005A906EB80000DF01FFFDBF861
:10F7E0000030C3EB031306EB83050C3505A911A804
:10F7F000FFF7F2F811A928460DF03AFF11A80DF015
:10F8000005FFDBF80030029FC3EB031306EB830018
:10F8100007F1240118300DF001FFDBF80030C3EBD5
:10F82000031306EB830539461923002224353C31A6
:10F8300011A80EF047F911A928460DF019FF11A8DB
:10F840000DF0E4FEDBF80020796DC2EB021306EB4D
:10F8500083030132002501201963CBF8002083F8CF
:10F86000345098632CE713283FF72AAFAFE7019B8A
:10F8700005F118001844029B03F124010DF0CEFE9F
:10F880000299192300223C3111A80EF01BF9019BAB
:10F8900011AA05F12400184411460DF0E9FE11A843
:10F8A0000DF0B4FE02994B6DC8F8303001E7014B02
:10F8B000019391E55C8B00202DE9F04FAB49AC48FA
:10F8C000AC4DADF6840D0CF0C5FEAB49A8480CF06C
:10F8D000C7FDAA49A6480CF0C3FDA949A4480CF0ED
:10F8E000BFFD54AB03F160410A22A1480CF06AFE4F
:10F8F000A4499F480CF0AEFE0DF5086654AC2946AD
:10F9000020460DF069FD294604F10C000DF064FD60
:10F91000294604F118000DF05FFD294604F124008A
:10F920000DF05AFD294604F130000DF055FD294631
:10F9300004F13C000DF050FD04F1480029465C3410
:10F940000DF04AFDA642DAD18F4989480CF082FEBB
:10F9500000232CA88D4A8E490BF09EFD3E9B002B68
:10F9600000F0F4828B4982480CF074FE00244FF4BE
:10F970007A72894B89497E484292409341945294CD
:10F980005394A2460CF066FEA3460DF1700916E0F2
:10F99000402249460BF04AF9814BA3FB0A23DB08BE
:10F9A00003EB8303BAEB430F25D004227D4948467D
:10F9B00013F01BFA054660B344A80BF045FC002287
:10F9C00030A944A80BF0A6FC002800F01F82BBF170
:10F9D000130F00F39083529800230AF1010A89F86B
:10F9E00000300028D4D153980028D5D04022494671
:10F9F00009F0C6F9D0E76C495D480CF031FD51467D
:10FA00000A225B480CF042FD684959480CF022FE7E
:10FA1000CBE767495648574E0CF022FD49465448FB
:10FA20000CF018FE0DAC204631460C340DF0D4FC21
:10FA3000A145F8D15F494E480CF012FD529B002BB6
:10FA400000F07383D9694A484A4E0A220CF0BAFD85
:10FA5000594947480CF0FEFD529BA846002B56D052
:10FA60001A78140726D4554941480CF0F9FC0A22AB
:10FA700041463F480CF00AFD454651493C480CF0D0
:10FA8000E9FD032D00F3BB8319AB0DF1400813AE64
:10FA9000019316AF18460DF0B9FD38460DF0B6FDCE
:10FAA00030460DF0B3FD40460DF0B0FD0DA80DF051
:10FAB000ADFD81E7DA695B69D21A01D4002AD2D0A0
:10FAC000B8F1040F00F39C800AAF384631460DF0C0
:10FAD00083FC0EE0C26943699A4210D000230122E0
:10FAE00007A909F011FF01282BD0FF2138460DF09E
:10FAF0005FFE5298002865D003781A07EAD4BB68E5
:10FB000043BB38460DF082FD529B002BA8D1539980
:10FB10000029A8D091F831301807A4D5D1E90223E3
:10FB2000D1E90001121A63EB0103002411461A46C1
:10FB300094426FF0004308BF8B4238BF19460A4613
:10FB4000BCE79DF81C100A29D9D00D29CED1BB687D
:10FB5000002BD6D008EB48000DAB03EB80003946F4
:10FB60000DF05CFD08F10108CBE700BF645F040005
:10FB700030630020BC750400405E0400985F040000
:10FB8000786C0400685E0400B45F04005C570400F5
:10FB90003886002044600400E057040074600400CC
:10FBA000CDCCCCCCC84F0400D8600400EC6004007D
:10FBB000006104001C61040030610400386104002D
:10FBC000486104005398002899D090F831301B0701
:10FBD00095D5D0E90045D0E90223121B63EB05035C
:10FBE000114600241A4694426FF0004308BF8B422E
:10FBF00001D3002983D0012207A907F057FE72E73D
:10FC0000B949BA480CF02CFC41460A22B7480CF01E
:10FC10003DFCB749B5480CF01DFDB649B3480CF0A2
:10FC200019FD0AACB44920460DF140080DF0D4FB93
:10FC3000214640460DF086FE5C2303FB0BF303F1E7
:10FC40000C0554AE194603F12402039305953C3389
:10FC50002E4454ADAA18EB18029204936F18002892
:10FC600000F06982204607AD0DF0D0FC0DA93846A2
:10FC70000DF0D4FCA14928460DF0AEFBA04920466A
:10FC80000DF0AAFB2246294638460DF075FF2046A6
:10FC90000DF0BCFC28460DF0B9FC414630460DF095
:10FCA000BDFC954928460DF097FB954920460DF07F
:10FCB00093FB2246294630460DF05EFF20460DF0AC
:10FCC000A5FC13AE28460DF0A1FC314602980DF0BC
:10FCD000A5FC8C4928460DF07FFB894920460DF094
:10FCE0007BFB2246294602980DF046FF20460DF088
:10FCF0008DFC19AB284601930DF088FC01990498FE
:10FD00000DF08CFC804928460DF066FB7C492046AE
:10FD10000DF062FB2246294604980DF02DFF204687
:10FD20000DF074FC28460DF071FC012387F8583063
:10FD300016AF039B029954AA303313441846049318
:10FD40000DF06CFC714928460DF046FB70492046C9
:10FD50000DF042FB049B2246184629460DF00CFF8D
:10FD600020460DF053FC28460DF050FC4946204635
:10FD70000DF032FB039B54AA03F1480010442146C6
:10FD80000DF076FC20460DF041FC029B9D68002D95
:10FD900000F02F821846FEF721F9034654AA5C258D
:10FDA00005FB0B255B496B6550480CF059FB95F83A
:10FDB0005810594A594B4D4800290CBF1146194655
:10FDC0000CF048FC039A95F8583002F1180554AA33
:10FDD0001544002B00F00A82059B13441946204667
:10FDE000FEF7FAFD214628460DF042FC20460DF0B4
:10FDF0000DFC0BF1010B4A493C480CF031FB594614
:10FE00000A223A480CF078FC019844E630A80BF03E
:10FE10001BFA444935480CF023FB0A22514633486B
:10FE20000CF06AFC404931480CF01AFB59460A2292
:10FE30002E480CF02BFB3D492C480CF00BFCBBF181
:10FE4000000F03D13A4929480CF004FC39492748EE
:10FE50000CF000FC594654A8FFF74AFA36492348EB
:10FE60000CF0F8FB354921480CF0FAFA34491F48E8
:10FE70000CF0F6FA33491D480CF0F2FA09F1604132
:10FE80000A221A480CF09EFBBBF1000F2E491748BE
:10FE9000D4BF002601260CF0DDFB3DAD0DF6240499
:10FEA00004F148000DF0B2FB04F13C000DF0AEFB94
:10FEB00004F130000DF0AAFB04F124000DF0A6FBC4
:10FEC00004F118000DF0A2FB04F10C000DF09EFBF4
:10FED00020465C3C0DF09AFBA542E1D130460DF680
:10FEE000840DBDE8F08F00BF38610400306300204E
:10FEF000486104005C6104008061040064500400F7
:10FF0000BC7504006C500400745004006854040074
:10FF10001450040088610400585F04004C5F040022
:10FF2000A461040098600400B8600400C860040084
:10FF3000CC6104001462040040620400405E0400CE
:10FF400068620400786C0400685E04003F9D002D28
:10FF50007FF408ADB949BA48DFF854B3B94C0CF096
:10FF600079FBB949B6480CF075FBB849B4480CF0B8
:10FF700071FBB749B24825600CF072FADBF800104B
:10FF8000AF480A220CF082FAB249AD480CF062FB8D
:10FF9000DBF80030002B43DD2068132840DCA84646
:10FFA000AD4FAE4EDFF8F4A2DFF8089301E013285E
:10FFB00036DCC0EB0010394606EB80000DF02EFB5E
:10FFC0002368C3EB031306EB830007F10C010C302D
:10FFD0000DF024FB2368C3EB031306EB83005146AB
:10FFE00018300DF067FB2368C3EB031306EB8300A7
:10FFF000243049460DF05EFB2068DBF80020C0EBA2
:020000023000CC
:10000000001306EB830301350130AA42C3F83080A8
:1000100083F83480C3F83880206007F11807C6DC05
:1000200087488F498D4EDFF89082DFF89092054621
:100030000CF016FA0A22216828460CF027FA8949A2
:1000400028460CF007FB884928460CF009FA0A22DA
:10005000002128460CF01AFA844928460CF0FAFAD6
:10006000834928460CF0F6FAFFF7B2F88149284692
:100070000CF0F0FA804928460CF0F2F90A222168C7
:1000800028460CF003FA7D4928460CF0E3FA0027D5
:1000900028E0042F2DDC0CF0E3F90A22394628462B
:1000A0000CF0F4F9494628460CF0DAF906F10C0197
:1000B00028460CF0CFF9724928460CF0D1F93146A8
:1000C00028460CF0C7F96F4928460CF0C9F9B16B06
:1000D0000A2228460CF0DAF96B49284601373C36EB
:1000E0000CF0B8FA2368042B41462846D1DCBB4209
:1000F000D1DC0026D1E630A80BF0A6F863495048C1
:100100000CF0AEF951460A224D480CF0F5FA604960
:100110004B480CF0A5F959460A2249480CF0B6F9AB
:100120005C4947480CF096FA90E6539900293FF451
:100130008AAC896887E420460DF068FA07AD0DA9FE
:1001400038460DF06BFA544928460DF045F95349ED
:1001500020460DF041F92246294638460DF00CFDA7
:1001600020460DF053FA28460DF050FA30464B4920
:100170000DF0A0FA029E414630460DF04FFA484974
:1001800028460DF029F9454920460DF025F922466B
:10019000294630460DF0F0FC20460DF037FA28468F
:1001A0000DF034FA049E16AF394630460DF036FA9B
:1001B0003C4928460DF010F9384920460DF00CF95D
:1001C0002246294630460DF0D7FC20460DF01EFA97
:1001D00028460DF01BFA54AA5C2303FB0B230022D4
:1001E00083F8582019AB13AE0193A2E5039B54AAE0
:1001F000F3E52D4912480CF02DFA2B46CEE52B499C
:100200000F480CF027FA5C2303FB0BF354AC03F10B
:100210000C00194603F1240203933C33A218E3189F
:10022000042D059004EB00060292049304EB0107F1
:100230007FF4F7AC0AAC0DF140087FE7DC5F040007
:1002400030630020588B00200860040034740400E0
:10025000747404008C740400B07100205C8B002066
:10026000A8740400B8740400D4740400E874040092
:100270001C75040054750400787504008C75040026
:10028000B4750400B8750400C075040098600400DB
:10029000B8600400C860040064500400BC75040029
:1002A0006C50040074500400F45D04005C610400B0
:1002B000107B002010750400A0750400786C040009
:1002C0002DE9F04FA549F9B00546A5480CF0C8F84E
:1002D0002946A3480CF0ACF9A249A1480CF0C0F89B
:1002E000A1499F480CF0BCF8A0499D480CF0B8F813
:1002F00061AB0A2203F1604199480CF063F99C4913
:1003000097480CF0A7F99B4B9B48002429461C609A
:100310000DF084F9294661A8FEF75EFB61A99748B4
:100320000DF0A6F961A80DF071F9294606A80DF0A7
:1003300079F893494DA80DF04FF8924961A80DF056
:100340004BF861AA4DA906A80DF016FC61A80DF0A6
:100350005DF94DA80DF05AF98B494DA80DF03CF808
:10036000884961A80DF038F861AA4DA906A80DF0DA
:1003700003FC61A80DF04AF94DA80DF047F9834937
:100380004DA80DF029F87F4961A80DF025F861AA64
:100390004DA906A80DF0F0FB61A80DF037F94DA8A6
:1003A0000DF034F97A494DA80DF016F8754961A899
:1003B0000DF012F861AA4DA906A80DF0DDFB61A8A9
:1003C0000DF024F94DA80DF021F972494DA80DF05A
:1003D00003F86C4961A80CF0FFFF61AA4DA906A8BB
:1003E0000DF0CAFB61A80DF011F94DA80DF00EF942
:1003F0002346694A694939A80BF04EF84FF47A72DE
:10040000674B4E945F9460944F924D9327AD15E0E7
:10041000402261A90AF00AFC624951480CF020F818
:1004200061A94F480CF016F904225F4961A812F047
:10043000DCFC0090C8B151A80AF006FF00223DA9DB
:1004400051A80AF067FF8346002800F0E8805F9813
:1004500000238DF884310028DAD160980028DBD0A1
:10046000402261A908F08CFCD6E750493C48454F32
:100470000BF0F6FF61A93A480CF0ECF805F14806DC
:100480002C46204639460C340CF0A6FFA642F8D183
:100490005F9B3C4E4FF000085F46002B43D01A781C
:1004A000140711D4424B1B78BB46002B40F020862A
:1004B000B8F1030F00F3E48339AC0C3C20460DF097
:1004C000A5F8AC42F9D1B6E7DA695B69D21A01D472
:1004D000002AE7D0B8F1050FE4DC24AC2046314611
:1004E0000CF07AFFC2460EE0C26943699A4210D00E
:1004F0000023012221A909F007FA01285AD0FF217F
:1005000020460DF055F95F98002867D003781A0748
:10051000EAD4A368D046002B56D120460DF076F8D9
:100520005F9B002BBBD160990029BBD091F8313083
:100530001807B7D5D1E90223D1E90001121A63EBFC
:1005400001039A4600246FF00043544508BF9342CC
:10055000914638BF99464A46BAE700BF306B04005F
:1005600030630020405E0400506B0400786C04008F
:10057000685E0400507B0020A47100209871002068
:1005800014500400BC750400A46C04000066040050
:10059000A08804002C5F04005C570400388600200B
:1005A000E05704006C6B0400C84F04008C6B04001F
:1005B0001C8600209DF884100A29AAD00D299FD1FD
:1005C000A368D046002BA8D00AEB4A0005EB8000B8
:1005D00021460DF023F80AF101089EE760980028F3
:1005E00097D090F831301B0793D5D0E90223D0E99A
:1005F0000089B2EB080263EB09039C460023934693
:1006000063456FF0004208BF5A4503D3BBF1000FAA
:100610003FF47FAF012221A907F048F96DE73DA81B
:100620000AF012FEBC49BD48BD4EBE4FDFF838830C
:100630000BF016FFBC49B9480BF012FFBB49B74895
:100640000BF00EFF61AB03F160410A22B3480BF0DF
:10065000B9FFB248B64904460BF0FCFFB549204645
:100660000BF0F8FFD94629E00BF0FAFE0A224946C2
:1006700020460BF00BFF414620460BF0F1FE3146C1
:1006800020460BF0E7FEAC4920460BF0E9FE0A22BB
:10069000316B20460BF096FFA84920460BF0E0FE98
:1006A00096F83410A64AA74B204600290CBF1146E5
:1006B000194609F101095C360BF0CCFFA24B1D680D
:1006C000052D2B46A8BF05234B4539462046CBDCDC
:1006D000012D40F3C98000230193019BDFF88CB208
:1006E000E91A4FF0000A53464A1E9A4240F3B4807A
:1006F000DBF85400DBF8B0200133002840F005811E
:100700000BF1480100910BF1A40A002A00F030819E
:100710000BF10C08594661A803930BF118070CF074
:1007200081FE414664A80CF07DFE0BF1240639469B
:1007300067A80CF077FE0BF1300531466AA80CF083
:1007400071FE0BF13C0329466DA81C460CF06AFEB5
:1007500070AB2146184602940CF064FE73AB184649
:1007600000990CF05FFE0BF15C04DBF854009BF881
:10077000582076900BF16809214658468DF8DC2107
:100780000CF04CFF404649460BF174080CF046FF54
:10079000384641460BF180070CF040FF30463946A1
:1007A0000BF18C060CF03AFF284631460BF1980508
:1007B0000CF034FF294602980CF030FF51460098A7
:1007C0000CF02CFF9BF8B420DBF8B0108BF858200D
:1007D000CBF85410204661A90CF020FF64A94846CC
:1007E0000CF01CFF67A940460CF018FF6AA93846B8
:1007F0000CF014FF6DA930460CF010FF70A92846CC
:100800000CF00CFF73A950460CF008FF76999DF888
:10081000DC21CBF8B0108BF8B42073A80CF0F6FEF6
:1008200070A80CF0F3FE6DA80CF0F0FE6AA80CF0B6
:10083000EDFE67A80CF0EAFE64A80CF0E7FE61A8E4
:100840000CF0E4FE404B1D68019BE91A039BA34694
:100850004A1E9A423FF74CAF019B01331A4601935F
:100860006B1E93423FF739AF384B1B78002B40F09B
:10087000D583294929480BF0F3FD354927480BF06A
:10088000EFFD2A4925480BF0EBFD61AB03F1604118
:100890000A2222480BF096FE254920480BF0DAFE8A
:1008A000294B2C4A1B6800211170002B40F09483C7
:1008B000294A1360294919480BF0D2FD224B1748E9
:1008C00019680A220BF0E2FD254914480BF0C2FE1C
:1008D000114912480BF0C4FD224910480BF0C0FD2D
:1008E00012490E480BF0BCFD61AB03F160410A22D6
:1008F0000A480BF067FE0E4908480BF0ABFE06A84D
:100900000CF084FE79B0BDE8F08F0AB1904240D877
:100910000BF15C04A3469BE7405E040030630020BB
:10092000787B0020DC6E0400946E0400786C040078
:10093000685E0400B46E0400F46E0400006F0400EE
:100940000C66040004660400507B00201C86002016
:10095000D86F0400189000203C7B0020C060040089
:10096000F86F040010700400E86E0400547B00204F
:100970000846514602930CF0CDFF029B002840F040
:10098000C680BC4A1568019A0BF15C04A91AA346FB
:100990005EE75C2202FB03F40393B74BB74D03EB16
:1009A0000409594661A80CF03DFD494664A80CF0C5
:1009B00039FDA5F144022244A5F1380A1146A244AA
:1009C000A5F12C0867A80292A0440CF02BFDA5F11C
:1009D000200751466AA80CF025FD27444146A5F1A1
:1009E00014066DA80CF01EFD2644394670A80CF0C4
:1009F00019FD2A19314673A815460CF013FDDBF8D2
:100A000054000095294676909BF858508DF8DC519B
:100A100058460CF003FE994B03F10C05254429467A
:100A200048460CF0FBFD954B029A03F11809A144CE
:100A3000104649460CF0F2FD904B03F1240222448B
:100A40001146504602920CF0E9FD8C4B03F1300A3E
:100A5000A244404651460CF0E1FD884B03F13C08AE
:100A6000A044414638460CF0D9FD844B03F14801BF
:100A70000C44214630460CF0D1FDDBF8B0009BF869
:100A8000B410CBF854008BF85810009861A90CF002
:100A9000C5FD64A928460CF0C1FD67A948460CF0C5
:100AA000BDFD029A6AA910460CF0B8FD6DA950462A
:100AB0000CF0B4FD70A940460CF0B0FD73A92046BF
:100AC0000CF0ACFD76999DF8DC21CBF8B0108BF8DA
:100AD000B42073A80CF09AFD70A80CF097FD6DA8D7
:100AE0000CF094FD6AA80CF091FD67A80CF08EFD47
:100AF00064A80CF08BFD61A80CF088FD5D4B1D68AF
:100B0000019B0BF15C04E91AA346039BA0E65C225F
:100B100002FB03F4594D0493574B59461F19A5F195
:100B2000440961A80CF07EFCA1443946A5F13808BF
:100B300064A80CF077FCA0444946A5F12C0667A8F0
:100B40000CF070FC264441466AA80CF06BFC314660
:100B50006DA80CF067FCA5F12002131970AA1946C4
:100B6000104603930CF05EFC73A92A1908460099FD
:100B700002920C350CF056FCDBF854009BF8582020
:100B800002997690254458468DF8DC210CF046FDFC
:100B9000294638460CF042FD384B03F1180727442C
:100BA000484639460CF03AFD344B03F12409A14480
:100BB000404649460CF032FD304B03F13008A0446A
:100BC000414630460CF02AFD2C4B039803F13C02C1
:100BD000144421460CF022FD514600980CF01EFDF5
:100BE0009BF8B420DBF8B0108BF85820CBF85410E9
:100BF000029861A90CF012FD64A928460CF00EFDC4
:100C000067A938460CF00AFD6AA948460CF006FDB3
:100C10006DA940460CF002FD70A920460CF0FEFCC8
:100C200073A950460CF0FAFC76999DF8DC21CBF8BC
:100C3000B0108BF8B42073A80CF0E8FC70A80CF08E
:100C4000E5FC6DA80CF0E2FC6AA80CF0DFFC67A8DC
:100C50000CF0DCFC64A80CF0D9FC61A80CF0D6FC0C
:100C6000044B1D68019B0BF15C04E91AA346049B2D
:100C7000EEE500BF507B0020047B0020547B002069
:100C8000DFF890932E46002724AC494620460CF00E
:100C9000A3FB304621460CF055FE82462046013724
:100CA0000C360CF0B3FCBAF1000F40F0A283B8454B
:100CB000EBD1CDF80CA0DFF860932E460027494613
:100CC00020460CF089FB304621460CF03BFE824664
:100CD000204601370C360CF099FCBAF1000F02D116
:100CE000B845ECD1D346BE4B1B78002B40F03F8279
:100CF00009AFBC4938460DF130080CF06DFB0FAE62
:100D0000B84940460CF068FB12ABB6490293304636
:100D10000CF062FB15AAB349029801920CF05CFB3F
:100D20000198B0490CF058FB039B002B00F04B825C
:100D3000AB68BBF1000F40F0E28306222946204653
:100D40000CF0C0FE214638460CF092FC20460CF018
:100D50005DFCA44940460CF0ADFC6B6906222AA953
:100D600020460CF0AFFE214630460CF081FC2046B8
:100D70000CF04CFC314602980CF050FCEB6A092256
:100D800030A920460CF09EFE214601980CF070FC24
:100D90000DF1600A20460CF039FC504631460CF04B
:100DA00041FB039B002B00F027838D4B1B78002B0E
:100DB00040F0A28439461BA80CF034FB8A4921A8D4
:100DC0000CF00AFB874920460CF006FB224621A9BD
:100DD0001BA80CF0D1FE20460CF018FC21A80CF04A
:100DE00015FC824921A80CF0F7FA7E4920460CF048
:100DF000F3FA224621A91BA80CF0BEFE20460CF0F7
:100E000005FC21A80CF002FC794921A80CF0E4FAB9
:100E1000744920460CF0E0FA224621A91BA80CF0E8
:100E2000ABFE20460CF0F2FB21A80CF0EFFB714961
:100E300021A80CF0D1FA6B4920460CF0CDFA2246DD
:100E400021A91BA80CF098FE20460CF0DFFB21A87E
:100E50000CF0DCFB684921A80CF0BEFA6149204681
:100E60000CF0BAFA224621A91BA80CF085FE2046F8
:100E70000CF0CCFB21A80CF0C9FB41461EA80CF0DD
:100E8000D1FA594921A80CF0A7FA564920460CF08E
:100E9000A3FA224621A91EA80CF06EFE20460CF0F3
:100EA000B5FB21A80CF0B2FB504921A80CF094FA34
:100EB0004C4920460CF090FA224621A91EA80CF0BD
:100EC0005BFE20460CF0A2FB21A80CF09FFB4849DA
:100ED00021A80CF081FA434920460CF07DFA224605
:100EE00021A91EA80CF048FE20460CF08FFB21A87B
:100EF0000CF08CFB3F4921A80CF06EFA39492046D2
:100F00000CF06AFA224621A91EA80CF035FE2046F4
:100F10000CF07CFB21A80CF079FB374921A80CF0E0
:100F20005BFA304920460CF057FA224621A91EA848
:100F30000CF022FE20460CF069FB21A80CF066FBA9
:100F4000BBF1000F00F0A4812C492D480BF088FA6A
:100F500006A92B480BF07EFA2A4929480BF080FAA3
:100F60001EA927480BF076FA274925480BF078FA96
:100F70001EA906A80CF09AFC002840F0B582089B38
:100F80000A2B40F2A382209B0A2B00F099821F4972
:100F90001B480BF05FFB124B1B781BB11C49184818
:100FA0000BF058FB1EA80CF031FB1BA80CF02EFB1D
:100FB00050460CF02BFB01980CF028FB02980CF02B
:100FC00025FB30460CF022FB40460CF01FFB384658
:100FD0000CF01CFBFFF770BAFDF742FA6AE400BFA1
:100FE0001C860020BC75040014500400A46C04008E
:100FF00000660400A08804002C5F04005C6D0400FF
:1010000030630020806D0400906D0400A06D04002A
:10101000686E0400046C0400806104008349844805
:101020000BF018FB834982480BF01AFA824B804878
:1010300019681C460A220BF05FFB2368002B51DD68
:101040007E4D7F4F7A4C0026394620460BF008FA39
:101050000A22314620460BF019FA7A4920460BF055
:10106000FFF9794B794A297C204600290CBF1146AB
:1010700019460BF0F5F9764920460BF0F1F92946AF
:1010800020460BF0E7F9734920460BF0E9F9A5F18A
:10109000240120460BF0DEF96F4920460BF0E0F901
:1010A0000A22E96820460BF08DFA6C4920460BF0C5
:1010B000D7F91E230022A5F10C0161A80CF002FD56
:1010C00061A920460BF0C6F961A80CF09FFA6449AB
:1010D00020460BF0BFFA584B1B680136B34205F1AE
:1010E0005C05B1DC5F4952480BF0B4FAFFF7C1BBB5
:1010F0005D494F480BF0AEFA5C494D480BF0B0F932
:1011000061A94B480BF0A6FA594949480BF0A8F9D8
:101110000A22414646480BF0EFFAB8F1000F20D002
:10112000DFF864A1424CDFF864912F460026514657
:1011300020460BF095F90A22314620460BF0A6F91D
:10114000494620460BF08CF9394620460BF082F9CF
:101150000136484920460BF07DFAB04507F10C07EF
:10116000E5D1454932480BF075FAFFF7A1B943497B
:101170002F480BF075F9039B002B40F09B82BBF1CD
:10118000000F40F080823E4929480BF063FA09AF16
:101190003C4938460DF130080CF01EF90FAE3949C4
:1011A00040460CF019F912AB3649029330460CF068
:1011B00013F915AA3349029801920CF00DF9019820
:1011C00030490CF009F9AB68BBF1000F3FF4B5AD45
:1011D0000622294620460CF075FC214638460CF0C4
:1011E00047FA20460CF012FA6B6904222AA920461D
:1011F0000CF068FC214640460CF03AFA20460CF010
:1012000005FA2B6A06222DA920460CF05BFC21462C
:1012100030460CF02DFA20460CF0F8F931460298D1
:101220000CF0FCF9AB6B092233A9AAE50C6F0400A2
:1012300030630020406F0400507B00209C7B002026
:10124000546F04002C6D0400286B04002C6B040008
:101250005C6F0400686F0400746F0400886F040002
:10126000986F0400A06F0400B46B0400E46B0400EA
:10127000EC6B040060690400A86F0400106C0400AB
:10128000406C0400BC750400F86B0400006C0400A2
:101290001BA906A80CF00AFBD0B9089B0A2B09D998
:1012A0001D9B0A2B7FF477AE1BA906A80CF05EFBF2
:1012B00070B9089B0A2B7FF46EAE1D9B0A2B7FF63C
:1012C0006AAE06A91BA80CF051FB00283FF463AEE0
:1012D000DAF80830002B00F00C815046FCF77EFE57
:1012E0000590BD4AD2F80090B9F11D0F00F34E8170
:1012F00009F10103B9F1000F1360FFF653AEB74BCC
:101300000493B74B1B78002B40F0C2815C2303FB96
:1013100009F9049B4B441846394600930CF07EF9BA
:10132000049B09F10C00184441460CF077F9049B2A
:1013300009F12400184451460CF070F9049B0199FE
:1013400009F13C0018440CF069F9009B059A5A65B4
:1013500061A9204683F858B00CF03EF8049B09F1CF
:101360004800214618440CF083F920460CF04EF951
:10137000029A049C1146039A09F13000002A08BF22
:10138000314620440CF04AF909F118002044BBF121
:10139000000F00F0518193490CF08CF9904B1B78B1
:1013A000002B3FF4FFAD904990480BF059F861A92C
:1013B0008E480BF055F88E498C480BF051F83146A9
:1013C0008A480BF047F88B4988480BF049F8059993
:1013D00086480A220BF0F6F8874984480BF040F85B
:1013E000864982480BF036F9854980480BF032F97E
:1013F000D8E5CDF80CB05EE42B2130460CF008FBAC
:10140000013000F0A781764B1B78002B3FF4D2AC63
:101410007C4976480BF01EF97B4974480BF020F8A4
:10142000394672480BF016F8784970480BF012F9FB
:1014300077496E480BF014F841466C480BF00AF8F7
:1014400072496A480BF006F9724968480BF008F8CF
:10145000514666480AF0FEFF6C4964480BF0FAF802
:101460006D4962480AF0FCFF019960480AF0F2FFFA
:1014700066495E480BF0EEF868495C480AF0F0FFF8
:10148000674B68495948BBF1000F18BF19460BF06C
:10149000E1F8DAF80830002B00F098805046FCF7AD
:1014A0009DFD8146604951480AF0DAFF49460A220B
:1014B0004E480BF0D1F95D494C480BF0CBF879E47C
:1014C0001EA906A80CF052FA70B9089B0A2B7FF4EB
:1014D0005EAD209B0A2B7FF65AAD06A91EA80CF024
:1014E00045FA00283FF453AD514940480BF0B2F89B
:1014F000EEE650493D4805930BF0ACF8F1E60622C4
:10150000294620460CF0DEFA214638460CF0B0F8A9
:1015100020460CF07BF86B6904222AA920460CF0C7
:10152000D1FA214640460CF0A3F820460CF06EF8A4
:101530002B6A06222DA920460CF0C4FA214630461B
:101540000CF096F820460CF061F8EB6A0B2230A9FB
:1015500020460CF0B7FA214602980CF089F8204694
:101560000CF054F86B6C092236A920460CF0AAFA4C
:10157000214601980CF07CF80DF1600A20460CF031
:1015800045F8504631460BF04DFF0EE4134B0098E2
:10159000D3F8549004931A460123D2F8B010494569
:1015A00038BF184603F1010338BF89461E2B02F1EC
:1015B0005C02F2D1059B00909945BFF4F3AC084B57
:1015C0001B78002B40F0E48081469FE619490748CC
:1015D00099460BF03FF865E7507B0020547B0020D4
:1015E0001C860020306E040044700400306300202C
:1015F000547004006070040074700400286B0400D0
:10160000346E04007C6C0400A86C04006069040063
:10161000BC6C0400D46C0400F46C0400086D04007D
:10162000046604000C6604001C6D0400306D0400A8
:10163000986D0400F45D040066490BF0EFFF664B03
:101640001B78002B3FF4AEAC644965480AF008FFF4
:1016500061A963480AF004FF624961480AF000FF8B
:1016600031465F480AF0F6FE5F495D480AF0F8FE31
:1016700005995B480A220AF0A5FF5C4958480AF020
:10168000EFFE5B49ADE65B4955480AF0E3FF7EE5B6
:10169000594953480AF0DEFF584951480AF0E0FE24
:1016A00049460A224E480AF0F1FE55494C480AF0D4
:1016B000D1FF2BE653494A4809AF0AF0CBFF0DF1A1
:1016C0003008384650490BF087FE0FAE40464E4971
:1016D0000BF082FE12AB30464B4902930BF07CFEBE
:1016E00015AA0298484901920BF076FE01984649E6
:1016F0000BF072FEFFF71CBB444939480AF0AAFF01
:10170000434937480AF0ACFE394635480AF0A2FE94
:10171000404933480AF09EFF3F4931480AF0A0FE95
:1017200041462F480AF096FE3A492D480AF092FFAA
:101730003A492B480AF094FE514629480AF08AFE9D
:10174000344927480AF086FF354925480AF088FEC3
:1017500002997EE631462046FDF7B2FB214650460F
:101760000BF086FF20460BF051FF1B4B1B78002B24
:101770003FF420AB2B491A480AF072FE5146184834
:101780000AF056FF144B1B78002B3FF413AB3FE6D7
:10179000254913480AF064FE0A22009910480AF00D
:1017A00075FE22490E480AF05BFE49460A220C48A3
:1017B0000AF008FF1E490A480AF052FE0A2205995B
:1017C00007480AF0FFFE1B4905480AF043FFDDF811
:1017D000009096E5987100201C860020447004005B
:1017E00030630020547004006070040074700400C2
:1017F000246B0400306C0400EC6D0400206E0400C7
:10180000085104001C6C0400BC7504007C6C0400CE
:10181000A86C040060690400BC6C0400D46C040073
:101820002C700400506C0400AC6D0400E46D0400E6
:10183000D46D0400A088040070B5A0B006460D4623
:1018400068466B49FAF750FF6A496B480AF008FE90
:10185000694669480AF0FEFD684967480AF0FAFEE1
:10186000029B002B00F0BA80654963480AF0F8FD3E
:10187000694661480AF0EEFD60495F480AF0EAFEF9
:1018800003A86946FDF71CFB5E495B480AF0E8FDCA
:1018900003A959480AF0DEFD584957480AF0DAFE14
:1018A00059490CA80BF098FD0CF084FA0A22014665
:1018B00009A80BF07BFE09A90CA80BF09BFF53496C
:1018C0000BF0C4FF014606A80BF0ACFD09A80BF015
:1018D0009DFE0CA80BF09AFE4D4947480AF0C0FD4A
:1018E00006A945480AF0A4FE4A4943480AF0B8FD53
:1018F000694641480AF09CFE47493F480AF0B0FD5E
:1019000003A93D480AF094FE40F202630CA8069A2F
:10191000424909F0C1FD1E9B002B57D040490CA83D
:101920000AF098FE3F4909A80BF056FD314609A878
:101930000BF060FF01460CA80AF07AFE09A80BF034
:1019400065FE394909A80BF047FD03A909A80BF06A
:1019500051FF01460CA80AF06BFE09A80BF056FED9
:10196000324909A80BF038FD694609A80BF042FF7F
:1019700001460CA80AF05CFE09A80BF047FE2C49B2
:101980000CA80AF067FE2B4909A80BF025FD294693
:1019900009A80BF02FFF01460CA80AF049FE09A880
:1019A0000BF034FE10A809F04FFC234912480AF04E
:1019B00051FE012406A80BF029FE03A80BF026FE19
:1019C00068460BF023FE204620B070BD1F9C002C03
:1019D000A4D11A4908480AF03DFEEBE718496846C9
:1019E0000BF068FE174904480AF034FE3CE700BFDC
:1019F000147B00203069040030630020606904001B
:101A0000A0690400CC690400FC69040018630400A8
:101A1000086A0400306A0400506A04003886002016
:101A2000A06A0400806104006C500400046C04008F
:101A3000B46A040074500400C46A04006C6A0400B0
:101A4000646904007C69040030B5202987B005462C
:101A50003DD00C460CD9B5293FD02AD9B6291AD089
:101A6000B72940D131490BF0B7FC284607B030BD4B
:101A7000092926D015D90D2907D01B2933D12C4986
:101A80000BF0AAFC284607B030BD2A490BF0A4FC95
:101A9000284607B030BD28490BF09EFC284607B009
:101AA00030BD08291FD125490BF096FC284607B008
:101AB00030BDB42917D122490BF08EFC284607B05F
:101AC00030BD20490BF088FC284607B030BD1E49C8
:101AD0000BF082FC284607B030BD1C490BF07CFCA3
:101AE000284607B030BDA4F120035E2B04D9184965
:101AF00028460BF071FCB8E703A816490BF06CFC04
:101B0000214668460BF0C6FC694603A80BF072FE3E
:101B100010490BF09BFE014628460BF083FC6846FB
:101B20000BF074FD03A80BF071FD9EE71058040044
:101B300020580400185804000058040024580400D9
:101B4000085804003058040028580400FC570400CA
:101B500034580400606904002DE9F04136493748E3
:101B60000AF078FD3648FBF753FB00285BD0334D75
:101B70003348DFF8F080334FFBF796F832492846B8
:101B80000AF06EFC0A221E2128460AF07FFC2F492B
:101B900028460AF05FFD00260124414628460AF047
:101BA0005FFC0A22214628460AF070FC3946284686
:101BB0000AF056FCE1B22248FBF7DCFC244938B3BA
:101BC00028460AF047FD013464200CF0FFF81F2C72
:101BD00006F10106E1D11F4918480AF041FC3146DF
:101BE0000A2216480AF052FC1B4914480AF038FC35
:101BF0000A221E2111480AF049FC14490F480AF034
:101C000029FD002ED4BF002601263046BDE8F08114
:101C1000124928460AF01EFD013464200CF0D6F863
:101C20001F2CBAD1D7E706460D4904480AF012FD29
:101C30003046BDE8F08100BFD8700400306300205A
:101C4000147B00207C7B04003C710400CC60040009
:101C50004080040088710400A071040080710400B9
:101C6000107104006C71040010B5264926480AF072
:101C7000F1FC264924480AF0EDFC2548FBF7C8FA98
:101C8000002831D0234920480AF0E4FC22491E48AC
:101C90000AF0E0FC1E48FBF707F840F6B8321F498F
:101CA0001B48FBF717F90446C0B11D4916480AF056
:101CB000D1FC1C4914480AF0CDFC1548FAF7F4FF92
:101CC00042F2107218491248FBF704F9044690B921
:101CD00016490D480AF0BEFC204610BD14490A48BA
:101CE0000AF0B8FC204610BD0446124906480AF026
:101CF000B1FC204610BD104903480AF0ABFC204659
:101D000010BD00BFC87504003063002008760400D1
:101D1000147B00204C760400647604008C7604006A
:101D2000C8760400E4760400187704005C770400A9
:101D3000A47604002C76040024770400F0B52B4C24
:101D400087B000260C2732463146F0232046019604
:101D5000009705F04BF82046012104F089FB244B45
:101D60002449B3F800C0A4F816C00DEB07054FF0E6
:101D700002133246284623611423A4F814C00BF042
:101D8000A1FE294620460AF065FB28460BF03EFCE2
:101D9000C5F1005303F58023642606FB03F639469C
:101DA000C6F387469B0A2846134A10F0C3FF502EFD
:101DB00018D83D2E4FF6E07338BF4FF4FC63294628
:101DC0000E4A0A48E382A38222610AF049FB4FF6D9
:101DD000FF7300930B22F0230021044804F014FF4A
:101DE00007B0F0BD4FF47843E9E700BFF48A002064
:101DF00016610020447B002038630400B400020018
:101E000010B51F4C237882B00BB300231D491E4828
:101E100023700AF01FFC247814B3002445232146C4
:101E200000930C22F0230194184803F0F7FC4FF4C0
:101E300078429F232146019200935122F0231348B8
:101E400003F0ECFC02B0BDE81040FFF777BF0123C0
:101E50000F490D4823700AF0FDFB2478002CDCD1DB
:101E600045234FF47842CDE900322146F0230C227D
:101E7000064803F0D3FC9F2301942146DCE700BF12
:101E8000407B00205C58040030630020F48A00206E
:101E90003C58040010B584B00C46014601A80BF074
:101EA0009BFA01A905480BF0E3FB01A80BF0AEFB80
:101EB000034B1C80FFF742FF04B010BD447B0020A1
:101EC000166100202DE9F04FBE4C2368012B91B024
:101ED00000F04C8100214523CDE90031BA48F023C0
:101EE0000C2204F083FFB84AB84B13616FF0F8235B
:101EF00053611046012104F0BBFA2368012B06D17F
:101F0000DFF8D0A2DAF80830002B40F03F81DFF88C
:101F1000ECB2AF49AC480AF0A3FADBF80020002A83
:101F20000DAF40F34A810024DFF8A8A2DFF8D08289
:101F3000A1460AAD04E00134944209F1010926DA10
:101F4000DAF80830002BF6D0C4EB041108EB81015D
:101F500028460BF067FA28460BF0EAFE9D49384602
:101F60000BF060FA38460BF0E3FE394628460BF0DA
:101F7000E9FC064638460BF049FB28460BF046FBC9
:101F8000DBF80020002ED6D101349442D8DB8E4CF1
:101F9000914B2361914938460BF01EFA0A224946BB
:101FA00028460BF0D3FA294638460BF023FC8C491F
:101FB0000BF04CFC014620460AF04CFA28460BF088
:101FC00025FB38460BF022FBDBF800304FF0FF32E8
:101FD000002B626140F38A80824B1B68DA1CC0F2DE
:101FE000858000263446DFF81882DFF8E8A1DFF8A4
:101FF00014920CE00134DBF800300136B34275DD99
:10200000784B1B681A1DA24208F13C086EDDDAF815
:102010000820002A6DD19C42ECDBE31A032B65DC1F
:1020200003EB83037049DAF8082009685B0003F1C9
:102030001B000390002A7CD01A33B1421AB200F080
:1020400086800A234FF4FC61CDE900315E484FF4ED
:102050009E73022104F0CAFE5B4A002353610A23E7
:1020600004A8002241460BF02DFD04A907A80BF09F
:10207000D9F9099B0A2B06D8494607A80BF06EFB35
:10208000099B0A2BF8D9494607A80BF067FB08F112
:10209000180128460BF0C6F90C9B002B50D01A23D0
:1020A0000022294638460BF00DFD394607A80BF0F3
:1020B00031FB38460BF0AAFA434ABDF80C005082B7
:1020C0000523138207A910460AF0C4F928460BF02D
:1020D0009DFA07A80BF09AFA04A80BF097FADBF820
:1020E00000300136B34204F1010489DC11B0BDE8CF
:1020F000F08F414628460BF095F928460BF018FE64
:10210000344938460BF08EF938460BF011FE39464B
:1021100028460BF017FC039038460BF077FA284658
:102120000BF074FA039B002B3FF465AF2D4B1B683B
:1021300071E7B14209D0244A4FF0FF3353618EE773
:102140002A4907A80BF00AFBB6E71A331AB20A238A
:102150001F21CDE900311C484FF49E73022104F089
:1021600045FE194A4FF0FF33536178E70BF022FE2A
:102170001F4B1B68C31AB3F5FA6F7FF6ABAE002393
:102180001C49144823600BF095FAA3E60DAF1A49D9
:10219000DFF868B038460BF01FF9514638460BF0AF
:1021A00029FB014608480AF055F938460BF02EFA8B
:1021B000DBF80020002A3FF7B6AE4FF000090AAD69
:1021C000E5E600BF387B0020F48A002005001100FE
:1021D000206304002C7B0020B40011000066040082
:1021E000A088040034860020F08A002010750400C6
:1021F00030860020BC7504002C630400588B00203E
:10220000688B0020145004002DE9F04F95B0002495
:102210008B23214600935122F023CB48019404F0F4
:10222000E5FD0121C84804F023F9C84B1B68A3420F
:1022300040F34682C44B0593DFF8409311ABA246AE
:10224000A346069359F8043CA9F10C04002B00F0B6
:10225000E4802C2120460BF0DBFB461C00F0E780DD
:102260000EAE421C214659F8043C30460BF02AFCC5
:102270002D2130460BF0CCFB2B21044630460BF0D1
:10228000C7FB651C00F0D8802346069C002231461F
:1022900020460BF017FC214630460BF0E9F92046AA
:1022A0000BF0B4F93A2130460BF0B2FB3A21044668
:1022B00030460BF0F3FB621C00F0B480431C00F0CE
:1022C000B180844200F0AE800346002231460BA864
:1022D0000BF0F8FB30460BF099F999F81C50002DE3
:1022E00000F089809FED947BD9F8082014231946CB
:1022F0001846531E0B448DED027BB3FBF1F3002B0C
:1023000000F0888003EB83035B0002330493904B5F
:102310001B680BF16507FF1ADB2F0CDC049BFB1815
:10232000652B08DD002D00F08C80002A40F0E6804F
:10233000642F00F3D2800BA80BF068F9834B049A4A
:102340001B680AF1010A5345934409F15C093FF700
:1023500079AF00241423214600935122F0237A48B8
:10236000019404F043FD059A7A4B13617A4D764847
:102370006FF01F135361012104F07AF8AB68002B52
:1023800000F0B7802246069C7449192320460BF0C2
:1023900099FB21466C480AF05DF820460BF036F9AF
:1023A00000211423CDE90031DC22F023664804F03B
:1023B0001DFD059A6A4B13616FF0F8235361624863
:1023C000012104F055F8069C664920460BF004F8FC
:1023D000654920460BF00EFA01465B480AF03AF8D0
:1023E00020460BF013F9614B1B78012B00F039816B
:1023F00015B0BDE8F08F9FED527BD9F80820212160
:10240000531E0B4408468DED027BB3FBF1F3002B0A
:102410007FF478AF0C23049379E755490BA80AF0B1
:10242000DBFF5AE731460BA80BF024F852E72146B0
:102430000BA80AF0F7FF50E7411C3FF433AF044606
:1024400022E7002A3FF474AF059ACDF824A04FF09C
:10245000FF335361A7F1510307F10902CDE9077B6F
:102460000EAE924698468346414930460AF0B4FF84
:10247000D9F808309D4216D20BEB05072C4602E036
:10248000BC4200F0A180214648460BF085FA014687
:1024900030460BF08DF9D9F808300134A342A4EB93
:1024A0000502EDD8254630460BF050FCB8F18A0FF6
:1024B00040F2CC80C24500F0C18030460BF0A6F857
:1024C000D9F80830AB4208F10A08CDD8DDE9077B1E
:1024D000642FDDF824A07FF72EAF059C1A48678291
:1024E0006FF0F822D2230BA96261238209F0B2FFB8
:1024F00021E72049144809F0B3FF51E7059A1E4B24
:10250000536107F10902A7F15103CDE9077BCDF82B
:1025100024A000240EAE92461F4680461449304641
:102520000AF05AFFD9F80830A3423CD908EB040559
:10253000A34627E0AFF300800000000000002C401D
:102540009999999999193740F48A0020507B002075
:102550003C7B002005005600A471002098710020EB
:102560000500E100206B0400207B0020407B002060
:10257000BC750400086B0400E007E007907B0020B6
:102580005D4547D0594648460BF006FA01463046AD
:102590000BF00EF9D9F808300BF1010B5B45ABEBF2
:1025A0000401EDD85C4630460BF0D0FB8A2F39D9B8
:1025B000BA4543D030460BF029F8D9F80830A34289
:1025C00007F10A07AAD881E75A457FF46BAF2021AB
:1025D00030460BF063FA071E7FF764AF0EF0C6FFBC
:1025E000DDE902230FF0BCFA00283FF45BAF3B4665
:1025F000651CABEB0704069F0022314638460BF002
:1026000061FA394630460BF033F838462D1B0AF094
:10261000FDFF48E741452FD030460BF097FB8A2F4E
:102620002C46C5D8059D2948502207F15103314653
:102630002A826B8209F00EFFBA45BBD13046DDE934
:10264000077BDDF824A00AF0E1FF71E6059C1F4836
:10265000022208F1510331462282638209F0FAFE18
:1026600028E7AB68002B3FF4C3AE1949174809F0BF
:10267000F7FE15B0BDE8F08F202130460BF00EFAC2
:10268000041EC9DD0EF072FFDDE902230FF068FAC7
:102690000028C1D0DDF818B005F1010C2346002256
:1026A00031465846A8EB0405ACEB05040BF00AFADA
:1026B000594630460AF0DCFF58460AF0A7FF72E799
:1026C000024B059311AB069343E600BFF48A00204A
:1026D000B0530400224B234A1B681268934200DB6C
:1026E000704710B52049214C86B0C3EB031301EBB2
:1026F000830103A80AF096FE03A8FDF7E1FD01237C
:102700002370FFF781FD2478DCB1002445232146A6
:1027100000930C22F0230194154803F07FF84FF446
:1027200078429F2321460192512200931048F023C2
:1027300003F074F8FFF702FB03A80AF067FF06B086
:1027400010BD45234FF47842CDE900322146F023F5
:102750000C22074803F062F89F2301942146E3E727
:10276000F08A0020588B00205C8B0020407B0020EA
:10277000F48A002070B54F4CA36886B013B14E4D5B
:10278000AB682BB94D494E4809F064FF06B070BDE7
:102790004C494D4E03A80AF01FFE03A94B480AF00E
:1027A00067FF03A80AF032FF4FF6E0733380FFF7AC
:1027B000C5FA4749424809F053FE2946404809F006
:1027C00049FE44493E4809F04BFE21463C4809F089
:1027D0002FFF294668460AF025FE3F4903A80AF064
:1027E000FBFD03A968460BF0ADF8054603A80AF007
:1027F0000DFF002D4ED1226800993848FBF740F9B3
:10280000E0B937492E4809F025FF364903A80AF0F8
:10281000E3FD03A92D480AF02BFF03A80AF0F6FEFA
:102820004FF478433380FFF789FAFFF74BFBFFF74C
:10283000EBFC68460AF0EAFE06B070BD2A49204863
:1028400009F008FF1B491C48FEF7F6FF00282FD0AF
:1028500026491B4809F0FEFE1748FDF731FD2449C3
:1028600014480AF027FFFFF7CFFC2249144809F06B
:10287000F1FE214903A80AF0AFFD03A913480AF0AD
:10288000F7FE03A80AF0C2FE4FF4FC633380FFF7A3
:1028900055FACAE7029B0122694603A80BF012F918
:1028A00003A968460AF0E4FE03A80AF0AFFEA2E717
:1028B0001249ABE7207B0020A47100207858040067
:1028C00030630020AC58040016610020447B0020D7
:1028D000B8580400786C04002C5F0400147B0020BE
:1028E000885904009C590400C8580400E0580400AA
:1028F000BC7504002059040060590400705904009C
:102900002DE9F047A4B0C2B2AD496846FBF716FA0C
:102910006A4612A8AA49F9F785FB209B002B00F014
:102920007B8118ADA749A84809F09AFD2946A64819
:1029300009F090FD1BAFA549A34809F091FD394668
:10294000A14809F087FD0DF17808A1499E4809F0DA
:1029500087FD41469C4809F06BFE294603A8FCF719
:102960003BF8294603A80AF0A1FF002840F09C810B
:102970000FAC9849DFF8989220460AF02DFD03A984
:1029800020460AF037FF01468F4809F051FE2046E5
:102990000AF03CFE12A98A48F9F7CCFD002800F0A5
:1029A000D4818D4E8D498848DFF868A209F052FE27
:1029B0008B49854809F054FD316883480A2209F0A3
:1029C0009BFEFCF779FF87497F4809F049FD316894
:1029D0007D480A2209F090FE83497B4809F040FDBA
:1029E000824B794819680A2209F086FEFFF76AFAD5
:1029F000514606A80AF016FD7D4920460AF0ECFC77
:102A00007C490CA80AF0E8FC0CAA214606A80BF0A9
:102A1000B3F80CA80AF0FAFD20460AF0F7FD764953
:102A200020460AF0D9FC73490CA80AF0D5FC0CAA80
:102A3000214606A80BF0A0F80CA80AF0E7FD2046F6
:102A40000AF0E4FD6D4920460AF0C6FC69490CA86D
:102A50000AF0C2FC0CAA214606A80BF08DF80CA8BF
:102A60000AF0D4FD20460AF0D1FD654920460AF05F
:102A7000B3FC60490CA80AF0AFFC0CAA214606A8DA
:102A80000BF07AF80CA80AF0C1FD20460AF0BEFD52
:102A90005C4920460AF0A0FC56490CA80AF09CFCB0
:102AA0000CAA214606A80BF067F80CA809AE0AF09C
:102AB000ADFD20460AF0AAFD294630460AF0B2FCD8
:102AC0004B4920460AF088FC4A490CA80AF084FCCD
:102AD0000CAA214630460BF04FF80CA80AF096FDE0
:102AE00020460AF093FD444920460AF075FC41490E
:102AF0000CA80AF071FC0CAA214630460BF03CF8F9
:102B00000CA80AF083FD20460AF080FD3B492046D0
:102B10000AF062FC37490CA80AF05EFC0CAA2146B8
:102B200030460BF029F80CA80AF070FD20460AF098
:102B30006DFD334920460AF04FFC2E490CA80AF0DF
:102B40004BFC0CAA214630460BF016F80CA80AF0F4
:102B50005DFD20460AF05AFD2A4920460AF03CFC59
:102B600024490CA80AF038FC0CAA214630460BF088
:102B700003F80CA80AF04AFD20460AF047FDDAF8EF
:102B80000830002B40F0FC801F4920460AF024FC4E
:102B900021461E480AF06CFD20460AF037FD4FF42E
:102BA000FC63A9F80030FFF7C9F830460AF02EFDA3
:102BB00006A80AF02BFD03A80AF028FD46E000BF96
:102BC000147B0020AC7104003063002080530400AB
:102BD0008853040054720400107B00206C720400BF
:102BE000A0720400C4720400E8720400588B002034
:102BF00014500400BC750400A46C040000660400BA
:102C0000A08804002C5F040044730400447B00206F
:102C100016610020A47100200FAC7349734809F0BD
:102C200019FD734920460AF0D7FB214671480AF086
:102C30001FFD20460AF0EAFC6F4B4FF6E0721A8047
:102C4000FFF77CF818AD1BAF0DF178086B496748AA
:102C500009F006FC6A49654809F002FC69496348C5
:102C600009F0FEFB0A2204F16041604809F0AAFC69
:102C700065495E4809F0EEFC21A80AF0C7FC404611
:102C80000AF0C4FC38460AF0C1FC28460AF0BEFC33
:102C900015A80AF0BBFC12A80AF0B8FC68460AF0B6
:102CA000B5FC24B0BDE8F0875849504809F0D2FC83
:102CB0001A9B09AE032B30465DD829460AF0B2FBB9
:102CC0000FAC534920460AF087FB314620460AF0F4
:102CD00091FD01460CA80AF0A5FB20460AF096FCDF
:102CE0000CA92846FBF7A2FF002869D04949DFF864
:102CF000089120460AF070FB0CA920460AF07AFDE4
:102D000001463A4809F094FC20460AF07FFC42490B
:102D100020460AF061FB214636480AF0A9FC20460D
:102D20000AF074FC40F2FF73A9F80030FFF706F8D0
:102D30000CA80AF06BFC30460AF068FC12A9374870
:102D4000F9F7F8FB00287FF42CAE3549274809F045
:102D500081FC344920460AF03FFB214625480AF011
:102D600087FC20460AF052FC4FF47843A9F8003063
:102D7000FEF7E4FF1FE71A1F29460AF0A3FE9FE7AC
:102D8000314606A80AF092FD80B9089B0A2B1ED88E
:102D90000A2B7FF4F9AE0B9B0A2B7FF6F5AE06A942
:102DA00030460AF0E3FD00283FF4EEAE1E490F481E
:102DB00009F050FC1D48FDF783FAFFF725FAE3E61A
:102DC0001B490A48DFF8309009F044FCB0E70B9B40
:102DD0000A2B7FF4D9AE314606A80AF0C7FD0028B9
:102DE000E4D1089BD4E700BF8C730400306300205B
:102DF000AC730400447B002016610020405E040098
:102E0000C0730400786C0400685E0400C4710400A0
:102E1000FC7104000872040020720400147B00207E
:102E20005C7304007873040004730400A471002030
:102E30003472040030B52B492B4D85B004462B4825
:102E400009F00EFB0A222146284809F01FFB2849F9
:102E5000264809F0FFFB2749244809F001FB2649D1
:102E6000224809F0FDFA2549204809F0F9FA01AB9A
:102E700003F160410A221D4809F0A4FB20491B48C8
:102E800009F0E8FB1F4901A80AF0A6FA01A91E48AB
:102E90000AF0EEFB01A80AF0B9FB4FF6E0732B80B5
:102EA000FEF74CFF1948FAF7B3F920B12046FFF7B7
:102EB00027FD05B030BD16490C4809F0CBFB15497C
:102EC00001A80AF089FA01A90F480AF0D1FB01A86C
:102ED0000AF09CFB4FF478432B80FEF72FFF05B0E0
:102EE00030BD00BFD873040016610020306300209D
:102EF000EC520400405E0400F8730400786C040097
:102F0000685E040010740400447B0020147B0020E1
:102F10002C7604002474040030B5294CA368632B7C
:102F200087B001D907B030BD014620460AF040FC09
:102F3000A3680233322B37D8224D00211423DC2220
:102F4000CDE900312846F02303F050FF1E4B2B61E2
:102F50006FF0F8236B612846012103F089FA1B49C1
:102F600003A80AF039FA214603A80AF043FC0146F7
:102F7000284609F06FFA03A80AF048FB144B1B78A7
:102F8000012B14D0134B1B68002BCBDD124B1B788D
:102F9000002BC7D1114C2568FBF762FA23689D42CC
:102FA000C0D0FFF731F9BDE7FFF72EF9EAE70C4B88
:102FB0009B68002BE6D028460A4909F051FAE1E760
:102FC000207B0020F48A00200500E100206B040033
:102FD000407B0020507B0020189000203C7B00208C
:102FE000A4710020B053040070B50648A2B04FF49D
:102FF000E1310446F3F7D2FA0AF0DCFE42F20F7533
:1030000006460AE0306300200AF0D4FE801BA84286
:103010004FF0640006D80AF0D9FE2046F3F7DCFA38
:103020000028F1D04FF47A700AF0D0FEBA49BB48BC
:10303000BB4CBC4D09F00EFBBB49B84809F010FA77
:103040000AF0B8FE0A22811BB44809F0BBFAB7495E
:10305000B24809F0FFFAB649B04809F0FBFAB548A2
:1030600002F0E8F9B449AD4809F0F4FAB34802F0C7
:10307000E1F9B349A94809F0EDFAB249A74809F0C6
:10308000E9FAF02211460023204604F0BDF920465B
:10309000032104F05FF92046002102F00FFD2046D5
:1030A000022103F0E5F9A84AA84B62612361A8490F
:1030B000204609F0D5F9A74B23616FF0F82363612F
:1030C000A549204609F0CCF9A449944809F0C2FA70
:1030D0004FF4FA700AF07AFEA149904809F0BAFA62
:1030E000A0490EA80AF078F90EA99F480AF0C0FA84
:1030F0004FF4FC660EA80AF089FA2E80FEF71EFE39
:103100009A49864809F0A6FA4FF4FA700AF05EFE72
:103110009749824809F09EFA964801F0C5FF964902
:103120007E4809F097FA95497C4809F093FA94494A
:103130007A4809F08FFA9349784809F091F91022FA
:103140005F21764809F0D8FA5F218A4802F05AF8E0
:10315000884802F063F80446002840F0F5828A4966
:103160006E4809F077FA89490EA80AF035F90EA9D8
:103170007D480AF07DFA0EA80AF048FA2E80FEF784
:10318000DDFD83496548834C09F064FA8249634850
:1031900009F060FA814A694BCDE9032340F20D1131
:1031A000ADF8081002AB93E8070005AB83E8070011
:1031B00008AB83E8070004F28C460ECB304608F0DB
:1031C00057FA94F89F24C4F88864002A00F0FB8220
:1031D0007349524809F03EFA72490EA80AF0FCF809
:1031E0000EA961480AF044FA0EA80AF00FFA4FF44B
:1031F00078432B80FEF7A2FD6B49484809F02AFA74
:103200004FF47A700AF0E2FD6849444809F022FA66
:1032100067490EA80AF0E0F80EA953480AF028FA08
:103220000EA80AF0F3F940F2FF732B80FEF786FD3B
:10323000FBF790F95F49394809F00CFA4FF4FA703E
:103240000AF0C4FD5C49354809F004FA0322042160
:103250005A4809F097FE5A49304809F0FBF9594994
:103260002E4809F0F7F94FF4E1315748FAF718FB07
:10327000002800F093825549284809F0EBF9544999
:103280000EA80AF0A9F80EA937480AF0F1F90EA81D
:103290000AF0BCF94FF4FC632B80FEF74FFD4D495B
:1032A0001E4809F0D7F94848F9F70EFF4A491B486C
:1032B00009F0D0F94949194809F0CCF94248FAF720
:1032C000ADFC474A034620210EA80FF033FD0EA99E
:1032D000124809F0BFF94349104809F0BBF94249C7
:1032E0000E4809F0B7F941490EA80AF075F80EA981
:1032F0001D480AF0BDF90EA80AF088F940F2FF73E4
:103300002B80FEF71BFD3A49044809F0A3F90AF0A7
:1033100051FD04466EE000BF887D0400306300204C
:10332000F48A002016610020A87D0400D87D0400E6
:10333000DC7D0400448B00200C7E0400DC8A00202D
:10334000287E0400447E0400E007E0070A007800BD
:10335000707E04000A008C00807E04008C7E0400D5
:10336000A87E0400D07E0400447B0020DC7E0400A4
:10337000F47E04001C900020207F0400587F04008D
:10338000A47F0400D07F0400FC7F04003880040088
:1033900000810400388600202481040000093D00DB
:1033A0002C82040054820400648204008C82040095
:1033B000AC820400C0820400E8820400D8A000208F
:1033C0000C8304002C830400147B00205883040029
:1033D000608304007483040094830400B0830400B9
:1033E000D4830400E08304003C840400648404006B
:1033F00078840400FCF760FA06460AF0DBFCA64974
:10340000041BA64809F02CF821460A22A34809F01B
:10341000D9F8A349A14809F01DF9002E00F02E8229
:10342000A0499E4809F016F99F499C4809F018F8F0
:103430009E499A4809F014F89D49984809F010F8F7
:103440000EAB03F160410A22944809F0BBF8994998
:10345000924809F0FFF8984B1B68002B40F3098253
:10346000964B97498D4800221A6009F0F3F8954968
:103470008A4809F0EFF88C49884808F0F1FF924932
:10348000864808F0EDFF0EAB03F16044884983489D
:1034900008F0E6FF0A222146804809F093F88549A2
:1034A0007E4809F0D7F889497C4809F0D3F87E496D
:1034B0007A4808F0D5FF8649784808F0D1FF7C4962
:1034C000764808F0CDFF0A222146744809F07AF8C0
:1034D0007849724809F0BEF8FEF730FC72496F482F
:1034E00008F0BEFF7B496D4808F0BAFF70496B4891
:1034F00008F0B6FF0A222146684809F063F86D49D2
:10350000664809F0A7F87449644809F0A3F86649C9
:10351000624808F0A5FF7149604808F0A1FF6449BE
:103520005E4808F09DFF0A2221465C4809F04AF8EF
:1035300060495A4809F08EF8FEF7C4FC5A495748CA
:1035400008F08EFF6649554808F08AFF58495348ED
:1035500008F086FF0A222146504809F033F8554901
:103560004E4809F077F85F494C4809F073F8FEF7C8
:103570004BFE5D49494809F06DF85C4B1C78002C06
:1035800000F0688100244523214600930C22F0239B
:103590000194574802F042F94FF478429F232146A4
:1035A0000192512200935248F02302F037F9514919
:1035B0003A4809F04FF85049384809F04BF83A4971
:1035C000364808F04DFF4D49344808F049FF384966
:1035D000324808F045FF0EAB0A2203F160412F4844
:1035E00008F0F0FF33492D4809F034F844490EA89B
:1035F00009F0F2FE0EA943480AF03AF80EA80AF0C4
:1036000005F84FF4FC632B80FEF798FB3E492348F6
:1036100009F020F83D49214809F01CF83C491F48B1
:1036200009F018F83B491D4809F014F83A491B48BD
:1036300009F010F83949194809F00CF838491748C9
:1036400009F008F83749154809F004F836491348D5
:1036500009F000F83549114808F0FCFF34490F48DB
:1036600008F0F8FF33490D4808F0F4FF32490B48E1
:1036700008F0F0FF3149094808F0ECFF30490748ED
:1036800008F0E8FF2F49054808F0E4FF1E49034809
:1036900008F0E0FF22B070BDA48404003063002075
:1036A000D87D0400F8840400405E04002C850400EA
:1036B000786C0400685E0400588B0020F08A0020BB
:1036C0004885040090850400B4850400C885040082
:1036D000EC850400048604001C8604004486040073
:1036E000608604007C860400A4860400407B0020E1
:1036F000F48A0020C4860400E4860400FC860400EA
:103700000C870400447B00202487040054870400B5
:10371000848704009C870400B0870400C8870400E5
:10372000DC870400F087040004880400208804007B
:103730003C8804005C8804007C880400A4880400A1
:10374000C8880400E48804006049614808F088FEE5
:103750000A2221465E4808F095FF5E495C4808F061
:1037600079FF5D495A4808F075FF5C49584808F0F0
:1037700071FF5B49564808F06DFF5A490EA809F0E1
:103780002BFE0EA9584809F073FF0EA809F03EFF62
:103790004FF6E0732B80FEF7D1FAF2E453494C4820
:1037A00008F058FF52490EA809F016FE0EA94E481F
:1037B00009F05EFF0EA809F029FF4FF478432B8033
:1037C000FEF7BCFA8BE50123009231461A462046EB
:1037D00007F0DEFD00286ED046493D4808F03AFF6C
:1037E00045490EA809F0F8FD0EA93F4809F040FF31
:1037F0000EA809F00BFF4FF4FC632B80FEF79EFA36
:103800003E49334808F026FF40F202633C4A3D49F6
:103810000EA807F041FE209B002B34D03A490EA899
:1038200008F018FF12A807F00FFD3849284808F0E3
:1038300011FF0BA8364909F0CFFD0BA92A4809F062
:1038400017FF0BA809F0E2FE4FF4FC632B80FEF794
:1038500075FAD1E445234FF47842CDE90032214690
:10386000F0230C222B4801F0D9FF9F23019421461D
:1038700097E62949164808F0EDFEF8E5274914486F
:1038800008F0E8FECCE5219B002BC7D12449104865
:1038900008F0E0FE0BA8234909F09EFD0BA9124891
:1038A00009F0E6FE0BA809F0B1FE4FF478432B8037
:1038B000FEF744FAA0E4D4F88814009003460122ED
:1038C000204607F065FD002886D181E4448004008D
:1038D00030630020708004008C800400B0800400FD
:1038E000D0800400EC800400447B002008840400A5
:1038F0002C8404004C81040068810400748104005D
:103900009881040038860020DC810400F0810400E6
:1039100020820400F48A002068850400CC8404001E
:10392000A4810400CC81040070B582B0022300930E
:103930000622092374497548754D764C01F048FDFF
:103940000E2300930F220C237349744801F040FDAD
:10395000052300930B220A236C49714803F03AFDBA
:10396000704A71496E480DF0A9FC70497048F8F72B
:10397000D7FA704B7049C3F890144FF42851A3F84C
:103980009E144FF480700021A3F89404C3F88014AF
:10399000C3F88414C3F88814C3F88C14C3F89814BB
:1039A00083F89C1483F89D1483F8A01483F8A11461
:1039B00083F8A21483F8A3145A4A604918460DF0FC
:1039C0007DFC29465E4809F007FD564A5D495C4882
:1039D0000DF074FC04F516662946204609F0FCFC3F
:1039E00004F10C002946183409F0F6FCB442F3D176
:1039F0004C4A5549554C464D00200DF05FFC04F5EE
:103A000096662946204609F0E7FC294604F10C0099
:103A100009F0E2FC294604F1180009F0DDFC04F18C
:103A2000240029463C3409F0D7FCB442E9D13D4A90
:103A30004749484C364D00200DF040FC04F6C8269E
:103A40002946204609F0C8FC294604F10C0009F07B
:103A5000C3FC294604F1180009F0BEFC294604F114
:103A6000240009F0B9FC294604F1300009F0B4FC47
:103A7000294604F13C0009F0AFFC04F14800294656
:103A80005C3409F0A9FCA642DAD1264A324900206A
:103A90000DF014FC1E49314809F09EFC214A2949C9
:103AA0002E480DF00BFC1A492D4809F095FC1D4AD3
:103AB00024492B480DF002FC15492A4809F08CFCDA
:103AC000184A204927480DF0F9FB1149264809F00A
:103AD00083FC144A1B4924480DF0F0FB0C49234891
:103AE00009F07AFC0F4A174920480DF0E7FB2049FE
:103AF000204809F071FC0B4A12491E4802B0BDE88B
:103B000070400DF0DBBB00BF00300240448B002052
:103B1000BC750400B071002000F00240DC8A002077
:103B2000F48A00200060002051DF0200D8A00020AD
:103B3000147B00203886002000093D0055DF02007C
:103B40000C9000200DD6030059DF02005C8B002092
:103B500035E30200547B00207DE30200A4710020C5
:103B600098710020207B00202C7B002020860020E4
:103B7000807E0400447B00202DE9F041904C914D63
:103B8000914E9AB0204608F04DFF78B1204608F0DB
:103B900051FFC1B20D290CD00A29F3D0284609F0F3
:103BA00007FE204608F03EFF0028EFD11AB0BDE81E
:103BB000F081294601A809F035FC01A80AF0C6F8F1
:103BC000039B3BB93146284609F074FD01A809F072
:103BD0001DFDD7E77D490AA809F0FEFB01A90AA847
:103BE00009F008FE01467A4808F022FD0AA809F00B
:103BF0000DFD784901A809F075FE00285BD17649D2
:103C00000AA809F0E9FB0AA901A809F09BFE0746EA
:103C10000AA809F0FBFC002F66D0222101A809F0B8
:103C2000F7FE00F1010807464246222101A809F0EB
:103C3000FFFE0137C6D0421CC4D0684F034642463F
:103C400001A90AA809F03EFF0AA9384609F010FDAB
:103C50000AA809F0DBFC62495D4808F001FC39461E
:103C60005B4808F0E5FC394604A8FAF7B5FE069B68
:103C700033B1394604A809F019FE002800F09880F5
:103C80003B68584A40210AA80FF054F80AA907A82F
:103C900009F0A2FB07A9544809F0EAFC07A809F0BB
:103CA000B5FC524B4FF6E0721A80FEF747F804A8B5
:103CB00009F0ACFC86E74E49454808F0CBFC4D4B7B
:103CC0004D4901220AA81A7009F086FB0AA9464844
:103CD00009F0CEFC0AA809F099FC444B4FF6E072BB
:103CE0001A80FEF72BF86DE7444901A809F0FAFDA8
:103CF000F0B14349364808F0ADFC3E49414A3748E7
:103D000000230B703146137009F0D4FC3E490AA819
:103D100009F062FB0AA9344809F0AAFC0AA809F0D4
:103D200075FC324B40F2FF721A80FEF707F849E744
:103D300036490AA809F050FB0AA901A809F002FEB9
:103D400018B10AA809F062FCD3E70AA809F05EFCE2
:103D50002F490AA809F040FB0AA901A809F0F2FDC1
:103D600007460AA809F052FC002F3FF42BAF2C2184
:103D700001A809F093FE431C3FF424AF039B421CAF
:103D800001A90AA809F09EFE0AA80AF00BF8214929
:103D900007460F4808F064FB39460A220C4808F031
:103DA000ABFC3846FFF746F80AA809F02FFC09E7F4
:103DB000049B0C4A40210AA80EF0BCFF66E700BF36
:103DC000D8A000200C900020BC750400B85B040053
:103DD00030630020C45B0400FC5B040020860020EC
:103DE000045C0400145C0400447B00201661002085
:103DF000CC5B04001E860020EC5B0400205C040009
:103E00003C5C04001D860020505C04002C5C040017
:103E1000345C04005C5C04002DE9F04F431EC1B02B
:103E2000082B00F2B383DFE813F040007300A30017
:103E30004301B30187021E0257020900804D8149E8
:103E40002E78814B814A2CAC86F00106002E08BFEB
:103E50000B46204640212E700EF06CFF2B78214639
:103E6000002B18A80CBF4FF478444FF4FC6409F001
:103E7000B3FA18A9764809F0FBFB18A809F0C6FBAD
:103E8000744B1C80FDF75AFF7349744808F0E8FA38
:103E90002978734A734B714800290CBF11461946A3
:103EA00008F0D8FB41B0BDE8F08F2CA86E49694CF2
:103EB00009F092FA2CA9664809F0DAFB40F2FF7586
:103EC0002CA809F0A3FB2580FDF738FF674963485C
:103ED00008F0C0FB6648F9F7A1FE664A0346402198
:103EE0002CA80EF027FF2CA918A809F075FA18A91C
:103EF000574809F0BDFB18A809F088FB2580FDF79D
:103F00001DFF2CA9554808F0A5FB41B0BDE8F08F76
:103F10005949504C2CA809F05FFA2CA94C4809F0DB
:103F2000A7FB2CA809F072FB4FF6E0732380FDF786
:103F300005FF5249494808F08DFB4D48F9F716F93D
:103F4000002800F090834E492CA809F045FA2CA9CE
:103F50003F4809F08DFB2CA809F058FB4FF4FC6397
:103F60002380FDF7EBFE47493C4808F073FB99E7D7
:103F70002CAC4549DFF8DC80DFF83091204609F0B1
:103F80002BFA2146324809F073FB204609F03EFB2C
:103F90004FF6E073A8F80030FDF7D0FE3B492F48FC
:103FA00008F058FB3A492D4808F05AFA39492B488D
:103FB00008F056FA3849294808F052FA0A2204F162
:103FC0006041264808F0FEFA3449244808F042FBD4
:103FD0000023334A334904A807F05EFA00234FF464
:103FE0007A71314A19931E46CDE92A331F461A9138
:103FF00018920BE006F01AFE0422494620460EF005
:10400000F4FE00B901361CA807F01EF9002208A929
:104010001CA807F07FF9402205462146002800F041
:1040200036822A9B8DF8B0701846002BE2D12B9B6C
:1040300040221846002BDFD004F0A2FEDCE700BFD0
:104040001C8600208C77040088770400A477040085
:10405000447B002016610020B0770400306300200C
:104060009877040090770400D0770400DC77040090
:10407000147B0020007804001078040018780400F5
:10408000387804004878040098780400A478040084
:10409000405E0400CC780400786C0400685E040084
:1040A0005C57040038860020E0570400C84F040025
:1040B0002CACB949DFF83483204609F08DF921464C
:1040C000B64809F0D5FA204609F0A0FA40F2FF738D
:1040D000A8F80030FDF732FEB149B24808F0BAFA4C
:1040E00009F068FEB04A0346202104A80EF022FE23
:1040F00040F2026304AA18A8AC4907F0CDF92A9B44
:10410000002B00F00083AA4918A808F0A9F909F0CB
:1041100051FE0A22014618A808F09EFB1CA807F0D1
:1041200093F8A4499F4808F09BF904A99D4808F01A
:1041300091FA002304AA20469C4907F0ADF93E9B62
:10414000002B00F0BB8297489B49044608F088F991
:104150003E986FF000460027002800F07B8103782E
:104160001A0700F1618130A807F06EF8934901A8A1
:1041700009F032F901A9894809F07AFA01A809F091
:1041800045FA4FF4FC63A8F80030FDF7D7FD89E647
:104190002CAC8B49DFF85482204609F01DF92146EA
:1041A0007E4809F065FA204609F030FA40F2FF73C4
:1041B000A8F80030FDF7C2FD82497A4808F04AFAB3
:1041C0008149784808F04CF98049764808F048F968
:1041D0007F49744808F044F904F160410A227148AB
:1041E00008F0F0F97B496F4808F034FAFBF764FBFC
:1041F000002800F02682FDF765FE77488368002BD3
:1042000040F07C82754B764A1B68202120460EF0D8
:1042100091FD214618A809F0DFF818A95F4809F0B8
:1042200027FA18A809F0F2F94FF4FC63A8F8003057
:10423000FDF784FD64495B4808F012F96949594863
:1042400008F00EF96249574808F00AF904F1604194
:104250000A22544808F0B6F95E49524808F0FAF9C3
:1042600041B0BDE8F08F6049604C2CA809F0B4F86B
:104270002CA94A4809F0FCF92CA809F0C7F94FF617
:10428000E0732380FDF75AFD5949464808F0E2F9EA
:104290005849444808F0DEF9FDF75EFC002800F0BC
:1042A000F78155492CA809F097F82CA93B4809F04B
:1042B000DFF92CA809F0AAF94FF4FC632380FDF77D
:1042C0003DFD4E49374808F0C5F94D49354808F0DD
:1042D000C1F941B0BDE8F08F4A49444C2CA809F01F
:1042E0007BF82CA92D4809F0C3F92CA809F08EF908
:1042F0004FF6E0732380FDF721FD4349294808F07C
:10430000A9F93C49274808F0A5F9FDF7ADFC0028BC
:1043100000F057813D492CA809F05EF82CA91F48F0
:1043200009F0A6F92CA809F071F94FF4FC63238079
:10433000FDF704FD3649C5E736492C4C2CA809F099
:104340004BF82CA9154809F093F92CA809F05EF94F
:104350004FF61F032380FDF7F1FC2F49114808F0A9
:1043600079F92E48F8F7A6FF002800F03F812C4984
:104370002CA809F031F82CA9084809F079F92CA8E3
:1043800009F044F94FF4FC632380FDF7D7FC25497D
:10439000044808F05FF985E570790400447B00204B
:1043A0007879040030630020A0790400388600206A
:1043B000E0790400F07904002C7A0400407A0400CB
:1043C0004C7A0400607A0400405E0400847A0400A1
:1043D000786C0400685E0400A4710020588B0020F3
:1043E000A07A0400C87A0400707B040016610020E3
:1043F000807B0400B07B0400F07B0400FC7B0400A5
:10440000247C0400907C0400A47C0400D07C040084
:10441000E07C0400E47A0400F47A0400147B0020B9
:10442000187B0400247B0400C26943699A423FF46C
:104430009AAE0023012201A905F066FA01280CBFFB
:104440009DF80410FF212046F2F772F83E980028EC
:104450007FF485AE3F9800283FF485AE90F8313068
:104460001B077FF580AED0E90223D0E900ABB2EBA9
:104470000A0263EB0B039F4208BF964202D3002A55
:104480003FF471AE012201A903F010FAD6E708A8A3
:1044900006F0DAFEA948AA4FF8F75EFF2B46A94AB4
:1044A000A949204606F0F8FFDDE92D122F9B059162
:1044B00008A830A9CDE90623A94606F081FE0BE045
:1044C00006F0B4FB0422394620460EF08EFC00B9FB
:1044D00001351CA806F0B8FE002208A91CA806F0A9
:1044E00019FF4022214668B12A9B8DF8B0901846EA
:1044F000002BE5D12B9B40221846002BE2D004F084
:104500003FFCDFE708A806F09FFEAE4280F2838002
:104510008E498F4807F0A4FF0A22A91B8C4807F098
:10452000B5FF8C498A4808F095F88B49204608F079
:1045300053FF2146894809F09BF8204609F066F8A8
:1045400040F2FF73A8F80030FDF7F8FBFBF7B4F971
:10455000FDF7B8FC82488368002B40F0CA8081498F
:10456000204608F039FF21467C4809F081F82046B2
:1045700009F04CF84FF4FC63A8F80030FDF7DEFBBF
:104580007949734807F06CFF784958E60446784942
:104590002CA808F021FF0A22214618A808F0D6FF0F
:1045A00018A92CA809F026F90146694808F040F836
:1045B00018A809F02BF82CA809F028F841B0BDE89C
:1045C000F08F6C492CA808F007FF2CA9634809F06C
:1045D0004FF82CA809F01AF84FF478432380FDF720
:1045E000ADFB65495A4808F035F85BE463492CA8EF
:1045F00008F0F2FE2CA9594809F03AF82CA809F065
:1046000005F84FF478432380FDF798FB5C49504848
:1046100008F020F846E45B494D4808F01BF85A4979
:10462000204608F0D9FE21464C4809F021F82046E2
:1046300008F0ECFF4FF6E073A8F80030FDF77EFBC2
:104640009EE75249204608F0C7FE2146434809F03C
:104650000FF8204608F0DAFF4FF6E073A8F80030B4
:10466000FDF76CFBE6E54A492CA808F0B5FE2CA93D
:104670003A4808F0FDFF2CA808F0C8FF4FF4784333
:104680002380FDF75BFB4349314807F0E3FF09E472
:1046900041492CA808F0A0FE2CA9304808F0E8FFFA
:1046A0002CA808F0B3FF4FF478432380FDF746FBB6
:1046B0003A49274807F0CEFFFFF7F4BB3F9B002B9A
:1046C0007FF441AD3649224807F0C4FF01A83549BF
:1046D00008F082FE01A9214808F0CAFF01A808F0ED
:1046E00095FF4FF47843A8F80030FDF727FBFFF75C
:1046F000D9BBFBF7E5FDFDF787FD30E7FBF7E0FDF4
:10470000FDF782FD7EE52B9B002B7FF4FCAC264958
:104710000F4807F09FFF2549204608F05DFE21461F
:104720000E4808F0A5FF204608F070FF4FF47843CC
:10473000A8F80030FDF702FBFFF7B4BB147B0020A4
:10474000C84F04005C57040038860020E07804005D
:1047500030630020F47804001C790400447B0020BE
:10476000A471002030790400405E040060790400E8
:10477000607D0400147D0400287D0400447B040057
:10478000547B04004079040054790400B47A040096
:104790006C78040080780400507C0400607C040085
:1047A000047A04001C7A0400B0790400D079040073
:1047B000F0B5A748A3B000F027FCC4B20CB923B0F1
:1047C000F0BDA4F1200503A82146EDB2FDF73CF9A8
:1047D0005E2DA04912A894BF27463F2708F0FCFD94
:1047E000102221460FA808F081FE0FA912A809F097
:1047F00001F8994909F02AF803A908F0FBFF974945
:1048000009F024F8394606460CA808F043FE0CA926
:10481000304608F0EFFF924909F018F80146914838
:1048200007F006FF0CA808F0F1FE0FA808F0EEFE56
:1048300012A808F0EBFE092C00F09E80B52C6DD07C
:10484000B62C00F0A080B42C00F0C380B72C00F090
:10485000E5800D2C00F0B080834B082C1E7800F012
:104860003181002E40F0E480432C00F0CD81A4F192
:104870004103192B00F24D8121467C487C4E08F003
:1048800097FF7C4B01221A6009F094FA33687A4A48
:10489000002B10602DDD794C744F002509E012A823
:1048A00008F0B4FE0FA808F0B1FE33680135AB4242
:1048B0001FDD21460FA808F0B5FD0FA809F038FA52
:1048C000394612A808F0AEFD12A809F031FA12A973
:1048D0000FA809F037F83C340028E0D0684A694B4B
:1048E0001560002212A81A6008F090FE0FA808F0C8
:1048F0008DFEFDF7E7FA644912A808F06DFD5B49EB
:1049000012A808F077FF564908F0A0FF0146554865
:1049100007F08EFE12A808F079FE2FE05B4C23789A
:10492000042B35D80133DBB2194659482370F8F708
:1049300071FD05212378574A009112A820210EF01D
:10494000F9F912A90FA808F047FD0FA9524808F07D
:104950008FFE0FA808F05AFE504B40F2FF721A80EB
:10496000FDF7ECF94E493F4807F07AFD21783D48C4
:104970000A2207F087FE01E0FDF742FA03A808F0DB
:1049800045FE23B0F0BD414C23789BB1013BCAE703
:10499000444912A808F020FD12A93F4808F068FE1B
:1049A00012A808F033FE3D4B4FF6E0721A80FDF777
:1049B000C5F9E3E73C49ECE73C4C2378002B40F099
:1049C000EA80294B1B78002B40F0E280FDF782FE45
:1049D000D4E7374C23783BB3013BDBB219462C4874
:1049E0002370F8F76FFD08212378324A009112A84E
:1049F00020210EF09FF912A90FA808F0EDFC0FA9D5
:104A0000254808F035FE0FA808F000FE234B40F2C1
:104A1000FF721A80FDF792F92749A4E7244C237806
:104A2000072B03D80133D8E72449B2E72449B0E77C
:104A30001B2C00F06D8104F0DF03482B00F0D080C8
:104A4000012E45D15E2D43D82046FEF765FA95E745
:104A50001C90002044630400B475040060630400EB
:104A60006069040030630020407B00202C7B002024
:104A7000588B0020387B002030860020688B002077
:104A8000F08A00203486002034650400196100207B
:104A9000147B00206C630400447B0020166100201E
:104AA00080630400A0630400B46304001E86002039
:104AB00018610020C8630400D8630400F463040094
:104AC00004640400012E00F0E481002E00F0F68161
:104AD000A4F13103082B3FF651AF303C994912A89D
:104AE00008F07AFC0A2221460FA808F02FFD0FA932
:104AF00012A808F07FFE0146934807F099FD0FA821
:104B000008F084FD12A808F081FD2046FFF784F923
:104B100034E7632C00F04E81A4F16103192B87D890
:104B200029468A488A4E08F043FE8A4B01221A60C1
:104B300009F040F93368884A002B10607FF7D9AE3E
:104B4000864D824F00240AE012A808F05FFD0FA8EE
:104B500008F05CFD33680134A3427FF7CAAE2946F2
:104B60000FA808F05FFC0FA809F0E2F8394612A878
:104B700008F058FC12A809F0DBF812A90FA808F0F9
:104B8000E1FE3C350028DFD0754A764B1460A8E67C
:104B9000FDF7F0FDF2E674496B4807F05BFD7348E2
:104BA000F8F7EEF9002800F0A781714912A808F083
:104BB00013FC12A96F4808F05BFD12A808F026FD4F
:104BC0006D4B4FF4FC621A80FDF7B8F86B495E48F4
:104BD00007F040FD6A4B01221A7000232370CDE6D6
:104BE000674F3B78002B3FF42BAF6048F8F71AFA79
:104BF00000234FF6E07163483B70FDF74BF96249C3
:104C0000514807F027FDB9E6554C21680029FFF609
:104C1000B5AE4F4B1B689942BFF6B0AE5B4E06ADCA
:104C2000C1EB011106EB8101284608F0FBFB21686E
:104C3000C1EB011109AC06EB81010C31204608F0F3
:104C4000F1FB534912A808F0C7FB214612A808F04F
:104C5000D1FD504908F0FAFD294608F0CBFD4E4938
:104C600008F0F4FD0146384807F0E2FC12A808F00D
:104C7000CDFC21460F2300220FA808F023FF0F9B35
:104C8000464A402112A80EF055F80FA808F0BEFCC5
:104C900012A84FF6E071FDF7FDF829460CA808F0C0
:104CA000C1FB3F490FA808F097FB0FA90CA808F01B
:104CB00049FE06460FA808F0A9FC66B10E9B01222A
:104CC0000CA90FA808F0FEFE0FA90CA808F0D0FC54
:104CD0000FA808F09BFC0C992448F8F7F3FC002877
:104CE00000F02F812F49184807F0B4FC4FF4FC6105
:104CF0002D48FDF7CFF8224B01221A700CA808F0BE
:104D000085FC204608F082FC284608F07FFC35E64A
:104D10001B4C2378002B40F00581002E7FF42EAE33
:104D20000A488368002B3FF429AE204908F0C2FCF2
:104D3000084B1E60FDF7C6F81D49034807F08AFCC2
:104D40001CE600BFE4650400306300202C7B0020DB
:104D5000588B0020387B002030860020688B002094
:104D6000F08A00203486002014640400147B0020A4
:104D700038640400447B002016610020486404006D
:104D80001D860020505C0400C86504005C8B002078
:104D90009C640400B4750400A0880400B864040096
:104DA0002C5F0400C4640400E8640400BC750400C3
:104DB00090650400684C21680029FFF6DFAD674B61
:104DC0001B689942BFF6DAAD654E3C2706AD07FB7E
:104DD0000161284608F026FB216809AC07FB016148
:104DE0000C31204608F01EFB5E4912A808F0F4FAC8
:104DF000214612A808F0FEFC5B4908F027FD294671
:104E000008F0F8FC594908F021FD0146584807F020
:104E10000FFC12A808F0FAFB21460F2300220DEB2D
:104E2000070008F04FFE0F9B524A402112A80DF0D8
:104E300081FF0DEB070008F0E9FB12A84FF6E071C7
:104E4000FDF728F829460CA808F0ECFA4A490DEBC2
:104E5000070008F0C1FA0DEB07010CA808F072FD7D
:104E600006460DEB070008F0D1FB002E3FF433AFF0
:104E70000E9B01220CA90DEB070008F023FE0DEBA1
:104E800007010CA808F0F4FB0DEB070008F0BEFBCF
:104E900021E73A4B9B68002B3FF470AD013B0022A9
:104EA00012A8364908F00EFE12A9344808F0E0FBBB
:104EB00012A808F0ABFBFDF7A7F95FE5304CA3683B
:104EC000002B3FF45BAD013B0022214612A808F005
:104ED000F9FD12A9204608F0CBFB12A808F096FBBA
:104EE00008F068FF274AA36810600BB9264A1360D0
:104EF000FCF7E8FF2549FFE4254912A808F06CFA01
:104F000012A9244808F0B4FB12A808F07FFB224B3A
:104F10004FF478421A80FCF711FF2049144807F03B
:104F200099FB5AE61E48F8F77DF800234FF6E0712A
:104F30001C482370FCF7AEFF1B490D4807F08AFBA5
:104F40001CE51A490A4807F085FB4FF478411848D8
:104F5000FCF7A0FFD2E600BFF08A0020588B0020AB
:104F60005C8B00209C640400B4750400A0880400DD
:104F700030630020B86404002C5F0400207B002014
:104F80002C7B002030860020387B002050650400F8
:104F90006C640400447B0020166100207C640400E3
:104FA000147B0020505C0400746504000865040054
:104FB0002865040038B5FEF7DFFD01225F210D48AA
:104FC00000F0D6F80B4800F01BF808B1FFF7F0FB33
:104FD000094C08F0EFFE236841F28732C31A93426E
:104FE000054602D9FCF7AAFE25600A20BDE8384034
:104FF00008F0ECBE1C9000202C860020704700BFFB
:10500000203007F097BC00BF203007F081BC00BF04
:10501000203007F099BC00BF38B5437F0BB90020A2
:1050200038BD00F6280420460D4607F097FC0028FE
:10503000F5D12046294607F053FC012038BD00BFBA
:105040002DE9F0475AB30646DFF8588033681B68ED
:105050004D1E434517464FF0000400F6280915F889
:1050600001AF16D1737F13B92046BDE8F0874846DB
:1050700007F074FC0028F7D15146484607F030FC91
:105080000134A742F0D0336815F801AF1B684345DF
:10509000E8D05146304698470028F1D1E4E714465D
:1050A000E2E700BF1950030010B4837E1F2B4FF0BE
:1050B000010288BF03F01F03C27603F5E0738CBFC3
:1050C000284A4FF0A04240F20C6142F82310437E80
:1050D0001F2B86BF03F01F03224A4FF0A04203F5A7
:1050E000E07340F20C6142F8231003694FF0CC7278
:1050F000C3F8242503690622C3F800250369827ECC
:10510000C3F808250369427EC3F80C2590F91830CE
:10511000002B14DA144A03F00F031A4460231376A9
:1051200090F91830002B07DB104903F01F00012213
:105130005B09824041F823205DF8044B7047590910
:10514000603103F01F030124084A04FA03F342F814
:10515000213090F91830002BDCDB1344602283F8F7
:105160000023DDE700030050FCEC00E000E100E07C
:105170000AB910467047F8B5054600F120073846D1
:1051800014460E4607F0BEFB2B69C3F888652A69F2
:10519000012313622A69C2F834752A69C2F83845B6
:1051A0002A6913602B6902E0D3F824211AB9D3F8D5
:1051B0004C21002AF8D00022C3F84C212B6902E0D0
:1051C000D3F824211AB9D3F85C21002AF8D00022A0
:1051D000C3F85C212B6901225A612A69D2F8043193
:1051E000002BFBD00021C2F804112B69D3F8242135
:1051F00012B1C3F824112B69D3F83C05C5F8200877
:10520000C0B2F8BD10B541F23003044600F62800E4
:10521000E15407F077FB0123637710BD70B541F2CD
:1052200030030269C15C00234377C2F88815026924
:10523000C2F80431036901261E62036900F62805DD
:105240000446C3F84455284607F074FB2369C3F8A5
:10525000480523699E60236902E0D3F824211AB926
:10526000D3F85021002AF8D00022C3F85021284654
:1052700007F060FB236918BB0022C3F86021236993
:1052800001225A612269D2F80431002BFBD000219F
:10529000C2F804112369D3F8240160B1C3F82411C2
:1052A0002369D3F8C404C3F8C404022803D0042833
:1052B00014BF0420032070BDD3F82421002ADBD1C1
:1052C000D3F86021002AF7D0D6E700BF70B52B4C89
:1052D0006369D3F86421002A3DD1D3F86821F2B97B
:1052E000D3F8042172B1227F0021C3F804114AB11E
:1052F00041F23802D3F83C05A258C4F820080AB19C
:1053000090476369D3F8242142B10022C3F82421D5
:10531000D3F8D024C3F8D02401225A6170BD0022F2
:10532000C3F86821164822770123637707F0EAFA69
:1053300041F23403E35803B1984763691048C3F856
:1053400044050023637707F0F5FA63690122C3F887
:1053500048055A63C4E7002204F12006C3F864211B
:1053600001253046257707F0CDFA63694FF40062D6
:10537000C3F83465C3F838251D63AEE71C900020E0
:105380004498002038B50E4C0E4A20464FF47A73EC
:1053900040F8202B0025C4E9015307F095FA04F6E4
:1053A000280007F091FA084A084B6577D2E90721EF
:1053B000032020766176A276C4E9043338BD00BFAD
:1053C0001C90002004890400689004000030004014
:1053D00070B5002444749DF81050C9B10F4E01609F
:1053E000B142846012D00E4CA14204BF0121017170
:1053F0000C4951F82220027351F82330837351F87D
:10540000253043730023C373037470BD0471EFE749
:10541000054B064A064824210CF02CFD00300240C2
:1054200000F002406890040020890400888904008C
:1054300030890400437C03B1704730B5012285B048
:1054400042740321FF22019304468DF803208DF856
:1054500006208DF80510827B417B8DF800204FF0EF
:1054600080451A4602958DF80110057BC373694685
:10547000037403938DF802500BF00AF9A37B1F2BE2
:1054800086BF03F01F030C4A4FF0A04203F5E07300
:1054900040F2013142F82310637B1F2B86BF03F0DB
:1054A0001F0305494FF0A04103F5E07340F20332BA
:1054B00041F8232005B030BD0003005010B483B084
:1054C00002AB03E906009DF805309DF80410026860
:1054D00013F1FF3318BF012300240229C2F800454D
:1054E0001C460374C17332D003292DD0012925D065
:1054F000224B0099B3FBF1F3B3F5007FC2F854459A
:105500001FD2FF2B0FD87F2B24D83F2B25D81F2B42
:1055100026D80F2B27D8072B02D819498A4225D025
:105520004FF0004101E04FF080610723C2F82415DD
:10553000C2F8003503B05DF8044B704743F0020435
:10554000D6E74FF00071F0E743F00604D0E743F0F0
:105550000404CDE74FF00061E7E74FF08051E4E746
:105560004FF00051E1E74FF08041DEE7042B34BFFC
:105570004FF0A0514FF02061D7E700BF0090D0035B
:1055800000F0024003680022C3F80025704700BF06
:10559000002B3AD02DE9F047814684B00D461746DE
:1055A0001E464FF6FF784FF0000A4645344628BFA6
:1055B0004446002D14BF2346002300950297361B56
:1055C00001938FB100226946484603940BF0A8F975
:1055D00005B125442744002EE7D104B0BDE8F0878B
:1055E000CDE900550295361B002269464846CDF8A4
:1055F0000CA00BF095F94DB94645344628BF4446FA
:10560000002EEDD104B0BDE8F08770472544002E90
:10561000CBD1E2E710B586B006AB012403F8111D2B
:10562000002202A90293CDE9034305940BF078F917
:105630009DF8070006B010BD70B41049104A11481B
:10564000114BD568946808601069D66C0D738C7323
:105650000125946C4873106D0D7100220B4D1E7363
:105660009C735873CA730A741A71DA731A741D60C2
:105670004A748A605A749A6070BC704758A00020BF
:105680006890040000F002406CA00020003002404E
:10569000704700BF10B40468E468A4465DF8044B8A
:1056A000604700BF30B40468BDF808500295646BD1
:1056B000A44630BC604700BF30B40468BDF8085051
:1056C0000295A46BA44630BC604700BF704700BF82
:1056D00001F0030101298176B0F90830B0F90A2000
:1056E00004D0032902D08381C28170478281C381A3
:1056F000704700BF2DE9F04385B099420446076822
:10570000BDF93060BDF8348023D0B2421D4611D0BF
:105710003B69DFF884904B4536D1CDE900682B46D4
:105720007E6A2046B04723689B6A4B4527D105B067
:10573000BDE8F08399421FDDCDF830800131BE6BAA
:105740004B1B1BB229462046B44605B0BDE8F043CA
:105750006047B2420CDDCDF83080531C7D6B9B1B43
:105760001BB232462046AC4605B0BDE8F043604768
:10577000334616461A46EEE70D461946DCE7204644
:1057800005B0BDE8F0431847CDE9021298472768F5
:10579000DDE90212C1E700BF915603002DE9F04F89
:1057A000D0F800C01F46DCF810601A4B83B09E4250
:1057B0000546BDF93090BDF834A00C4690461FD187
:1057C0002744BC4214DADFF850B0DCF81C60CDF896
:1057D00000A05E4521464B464246284601D1DCF8F2
:1057E0003460013424B2B047BC42D5F800C0ECDBD1
:1057F000DCF82830074A934206D103B0BDE8F08FA9
:10580000B047D5F800C0DBE7284603B0BDE8F04F4D
:10581000184700BF91560300A55603002DE9F04F2D
:10582000D0F800C01D46DCF810A02D4B83B09A457F
:105830000446BDF93090BDF834708846164641D113
:10584000DCF820B0DFF89CA00097D34508BFDCF857
:1058500038B02B46324641462046D8472368D3F815
:1058600020B0009709F1FF323244D34512B232D151
:10587000D3F838A041462B462046D0472368DFF8AE
:1058800068A0D3F81CB00097D34508BFD3F834B054
:1058900032464B4641462046D8472368691EDD699B
:1058A00000975545414408BF5D6B32464B4609B2EF
:1058B0002046A84723680A4A9B6A934206D103B050
:1058C000BDE8F08FD047D4F800C0B9E7204603B058
:1058D000BDE8F04F18472B4641462046D847CDE754
:1058E00091560300B9560300A55603002DE9F04F69
:1058F00085B01E46BDF93850BDF83CA0AB1A002B50
:105900009046A6EB0102B8BF5B42002AB8BF5242E4
:105910009342074679DCAE464446AC46404635469F
:105920008846764621469946A8455CDDA8EB0504E5
:10593000A4B2A0EB0C0002944FF6FF7C24B204EB5F
:10594000D47480EAE079B142C8BF4FF0010CA9EBF2
:10595000E0796410CDF80CC09342304B01931FFAEC
:1059600089F933DCD7F800C0019BDCF814B09B4503
:105970002946534608BFDCF80CB0A4EB09043246B4
:105980003846D847A3B21CB20135002C2DB205DA37
:10599000039A1644029AD41836B224B2A845E1DA22
:1059A00005B0BDE8F08FDCF80CB0D847A4EB0904D3
:1059B000A3B21CB20135002C2DB205DA039A1644AD
:1059C000029A9C1836B224B24545E9DCD7F800C0EB
:1059D000019BDCF814B09B452A46534631463846B5
:1059E000E1D0D847E2E7A5EB080080B204B204EBAF
:1059F000D474B14202904FEA640428460E464546EC
:105A000007DA012103918046A6E7B446084691468D
:105A10008AE74FF6FF71039180469DE79556030094
:105A20002DE9F04FD0F800C0DFF888E0DCF83C60EA
:105A300083B07645BDF93080BDF834A028D19146B9
:105A40001F461B4ADCF81030934205460C462BD10A
:105A50002744BC4214DADFF860B0DCF81C60CDF8F3
:105A600000A05E45214643464A46284601D1DCF85F
:105A70003460013424B2B047BC42D5F800C0ECDB3E
:105A8000DCF828300A4A934209D103B0BDE8F08F10
:105A9000B446CDE90C8A03B0BDE8F04F6047284614
:105AA00003B0BDE8F04F18479847D5F800C0CFE7DE
:105AB000915603009D570300A55603002DE9F04FB2
:105AC000D0F800C0284BDCF83C40B0F90C80B0F9AD
:105AD0000E709C4283B0894633D1DCF81030DFF879
:105AE0008CB05B4505463AD1B8F1000F22DD0024A9
:105AF000DFF87CA0A64609E0DCF834600134B0474A
:105B00000FFA84FEF045D5F800C013DDDCF81C6008
:105B1000CDF80090564571463B464FF000022846AE
:105B2000EAD001340022B0470FFA84FEF045D5F8E0
:105B300000C0EBDCDCF828305B450BD103B0BDE8DE
:105B4000F08F0022CDE9007143461146A04703B013
:105B5000BDE8F08F284603B0BDE8F04F18479847DE
:105B6000D5F800C0C0E700BF9D5703009156030061
:105B7000A55603002DE9F04FD0F800C01646DCF81A
:105B80001050304A85B095420746BDF838B00C46F3
:105B90004DD19BB203F1FF39DCF824502A4A1FFA99
:105BA00089F909EB040895420FFA88F810D0CDE97D
:105BB000006B4346324621463846A847D7F800C016
:105BC000DCF828301F4A934237D105B0BDE8F08F8A
:105BD000444526DDC3F101031FFA83F90FFA89F565
:105BE000234605EBD57544466D109846174BDCF8F7
:105BF00014A09A4532465B46214638460FD1DCF860
:105C00000CA0D0470134002D24B203DA013E4D44EC
:105C100036B22DB2A045D7F800C0E7DAD0E7D047BA
:105C2000F0E70FFA89F505EBD5756D10DEE7039304
:105C3000A847D7F800C0039BABE7384605B0BDE8DE
:105C4000F04F184791560300ED5803009556030096
:105C50002DE9F04FD0F800C09046DCF81040424AE1
:105C600085B094420646BDF838900F466ED1DCF8F8
:105C700024503E49013B1FFA88F213449BB28D42E7
:105C80001CB250D1444528D066DAD31A9BB21DB25B
:105C900005EBD575A04503934FEA65053BDBDFF8BF
:105CA000D0A010E0DCF80CB0D8470134002D24B2AD
:105CB000ABB204DA039A013F9D183FB22DB2A04562
:105CC000D6F800C027DBDCF814B0D3454B4622469B
:105CD00039463046E6D0D847E7E7DFF894A03D469E
:105CE0004FF00008BB46DCF814705745224608BF49
:105CF000DCF80C7029464B463046B8470135B8F100
:105D0000000FB8BF04F1FF342DB2B8BF24B2AB45C9
:105D1000D6F800C0E7DADCF82830134A934210D1F5
:105D200005B0BDE8F08F42463B46CDE90049394613
:105D30003046A847D6F800C00B4ADCF8283093421A
:105D4000EED0304605B0BDE8F04F18470393A047AA
:105D5000D6F800C0039B8AE7104621461A464446FF
:105D60000346884691E700BF91560300ED580300B3
:105D70009556030070B4002461F30F0462F31F44CE
:105D8000094A02604FF0FF36002240F2011501215E
:105D90008460C46046610583C17642600261827698
:105DA0000277026270BC7047D08E04002DE9F04F7C
:105DB00097B083460D91016ABDF880000290BDF84E
:105DC000840003909DF8880006909DF88C00089050
:105DD0000592002900F0EB800A7AD1E900109B1AA5
:105DE000DBB200EBC30230F83330079393780493AF
:105DF000D378109392F905301593069B0A91012BE5
:105E000092F9064040F2CB80BDF954300E9323B294
:105E10001293AE4BDBF800C009931A46DCF8103041
:105E2000934240F04D81109B002B00F08B80BDF819
:105E300014301393002223440C92149392460B9235
:105E4000049B002B76D00B9B129A089913981A4446
:105E500002FB01021499CB181BB211930FFA82F9BD
:105E60000C9B002509E00135049AEDB24FEA4A0A7D
:105E7000AA425FFA8AFA434658D95A1C5B075FFA6E
:105E800082F806D1079A0A99531C9BB211F802A016
:105E900007931AF0800FE6D0069ABDF83430012A35
:105EA00059D00E9A0699DCF81860BDF92070541983
:105EB000874A04FB0134964224B20BB260D1DCF86D
:105EC0003C60844A96425BD1DCF81030099A9342D8
:105ED00060D1069B2344A34203931DDD7E4B0593B3
:105EE0000F950BE0029D0095DCF83460B04701345B
:105EF000039BDBF800C024B2A3420CDDDCF81C607D
:105F0000059DAE4221463B464A465846EAD0029B92
:105F100000933B46EAE70F9DDCF82830099A93424C
:105F2000A1D058469847DBF800C09CE70C9B13446F
:105F3000DBB20C930B9B109A0133DBB29A420B93AA
:105F40003FF67EAFDCF82830099A934240F0B380E8
:105F500017B0BDE8F08F089A012AA2D1159ADCF893
:105F6000144013445D4A5919944208BFDCF80C40B0
:105F7000029B119A09B25846A047DBF800C072E7AD
:105F8000029A2146CDE9007258464A46B047DBF8EE
:105F900000C068E758469847DBF800C099E7089BBF
:105FA000012B3FF631AF002312930E9331E7BBF97B
:105FB0000C200D998A42CBDDBBF90E200598824258
:105FC000C6DDBDF81840062212FB0412002ABFDD10
:105FD000089A00EBC202002ABADD9BF81C201AB90D
:105FE000AF2B84BF0133DBB2384ADBF800C0099223
:105FF0001146DCF810208A4240F08C81384ABDF806
:1060000034100F9103EB8303D3180D93BDF81830B0
:106010000E9300230B910C930D9ABDF92C3012F8BE
:10602000018B0D92069A07939F180823049300266C
:10603000B94618F0010F55D00699BDF81420012972
:10604000B3B200F0F2800899DCF8184011FB03F3BA
:1060500013441F4A94421DB20FFA81FABDF9183059
:1060600040F00681DCF83C401A4A944240F000813E
:10607000DCF81030099A934240F02281079C4C458D
:1060800070DA0A960AE0029E0096DCF83470013459
:1060900024B2B8474C45DBF800C062DADCF81C706B
:1060A0000D4EB742214653462A465846EBD0029B36
:1060B00000935346EBE7584617B0BDE8F04F18473A
:1060C00058469847DBF800C0ADE600BF9156030084
:1060D000215A03009D570300A5560300955603005F
:1060E000C8890400DDE90232934241D00699BDF827
:1060F00014200129B3B200F0C5800899DCF81840DB
:1061000011FB03F313448F4A94421DB20FFA81FA34
:10611000BDF9183040F0CD80DCF83C408A4A94420A
:1061200040F0C780DCF81030099A934240F0CD80EF
:10613000079C4C4516DA0A96DCF81C70834EB74271
:10614000214653462A46584640F08680039E0096D4
:106150000134DCF8347024B2B8474C45DBF800C099
:10616000EADB0A9EDCF82830099A934240F0A380CB
:10617000049B013B013613F0FF0376B24FEA580847
:1061800004937FF456AF0B9B0E9A13440C9A013282
:106190009BB2052A0C920B937FF43EAFDDE90232ED
:1061A00093423FF4CFAE069B012B00F0A0800E9BE4
:1061B0000F99DCF81860634A03EB83031944089BCA
:1061C00096424FEAC3050CB2BDF9183040F0A980E1
:1061D000DCF83C605C4A964240F0A380DCF810306A
:1061E000099A934240F0A980069B23449C421E4694
:1061F00070DADFF85881DDF814900AE0039F009709
:10620000DCF83470013424B2B847B442DBF800C083
:1062100060DADCF81C70474521462B464A46584652
:10622000ECD0039B00932B46ECE7089901297FF4FF
:106230000AAF13440C990F9ADCF8144051181AB2A3
:10624000434B9C4208BFDCF80C40029B09B2584605
:10625000A047DBF800C08BE7039B00930134534653
:1062600024B2B847A145DBF800C03FF765AF78E737
:10627000029A0799CDE900A258462A46A047DBF8C2
:1062800000C075E7089901297FF437AF13440C99D2
:106290000F9ADCF8144051181AB22D4B9C4208BFDB
:1062A000DCF80C40039B09B25846A047DBF800C05D
:1062B0005EE7039ADDE758469847DBF800C057E7EA
:1062C00058469847DBF800C0D8E658469847DBF8B0
:1062D00000C02DE7DCF82830099A93423FF435AE30
:1062E00058469847DBF80030099A9B6A2DE6089BD0
:1062F000012B7FF45CAF0F9900920531059ADCF811
:106300001C40082309B25846A047DBF80030099A20
:106310009B6A1AE6049358469047DBF800C0049B3A
:106320006CE6039A2146CDE900525846059AB047DB
:10633000DBF80030099A9B6A07E658469847DBF875
:1063400000C051E7215A03009D570300A5560300E2
:10635000955603002DE9F041036A84B00446002BF2
:106360004FD00A2941D00D2947D01A7A914244D3FF
:10637000987A884241D38A1A5D68B4F91060207E09
:10638000D2B205EBC205AF7857B3EA7842B394F8BE
:106390001BC0B4F9122094F819E0BCF1000F0FD023
:1063A00095F905C0B4F90C80674400FB07674745C1
:1063B00006DD002626821B7B03FB0E2212B26282C0
:1063C000B4F816C0CDF80CE0A78A02900B46204620
:1063D0003146CDE9007CFFF7E9FCB4F91060207E7E
:1063E000297901FB0060208207E0002202821B7BEA
:1063F000428A417E01FB03234382012004B0BDE8B1
:10640000F0810A292CD00D29F7D0C67EB0F9107082
:10641000B4F91220007E657E66B10626B4F90CC080
:1064200016FB0076664505DD02EBC50212B26282FC
:1064300023821F46E68A0395A58A02900B462046D2
:106440003946CDE90056FFF7B1FC237E228A03EBE3
:10645000430302EB43030120238204B0BDE8F08133
:10646000428A417E038202EBC1034382C5E700BF3B
:10647000002908BF012101764176704710B590F8D8
:10648000343004464BB194F93600002804DB002177
:10649000BDE810400AF0A8BE10BD00F1280393E843
:1064A0000600406AFFF70AF8EDE700BF10B50446A2
:1064B00090F93600002802DB01210AF095FE94F8DD
:1064C000343003B110BD606ABDE81040FFF75AB820
:1064D00003683B4A1B69934270B504460D466DD173
:1064E00090F83430002B5DD094F93600002802DBA0
:1064F00000210AF079FE002D47D194F83D5094F91F
:10650000370000210AF070FE94F83430002B3FD0A1
:10651000012B2FD1082694F9243018462B064FF072
:10652000000148BF01210AF05FFE012194F9260015
:106530000AF05AFE013E002194F926006D000AF08F
:1065400053FE16F0FF06EDB2E5D1012194F93700B4
:106550000AF04AFE23681B4A9B6A93422AD194F9A7
:106560003600002802DB01210AF03EFE94F83430A8
:106570009BB170BD94F9250000210AF035FE012180
:1065800094F925000AF030FEDFE794F83C50B6E7B6
:106590002946606AFFF73EF8D7E7606ABDE87040B9
:1065A000FEF7F0BF00F1280393E80600406AFEF70B
:1065B00085FF99E72046BDE87040184798479AE75D
:1065C0007D640300AD64030000290FDBF0B51C46B9
:1065D000B0F90C308B4283B0054605DD002A03DBA1
:1065E000B0F90E30934202DC03B0F0BD704703688F
:1065F000012600961F6D92B2334689B2B84795F8CE
:10660000343053B3012B1BD1102695F92430184692
:1066100023044FF0000148BF01210AF0E5FD0121EC
:1066200095F926000AF0E0FD013E002195F92600CB
:106630000AF0DAFD640016F0FF06A4B2E5D1D3E754
:1066400095F9250000210AF0CFFD95F92500314686
:1066500003B0BDE8F0400AF0C7BD210A686AFEF742
:10666000D9FF686AE1B203B0BDE8F040FEF7D2BFDF
:106670002DE9F0410E1E82B00CDB1D46B0F90C3046
:10668000B342044606DD002A174603DBB0F90E309C
:10669000934202DC02B0BDE8F0810368394A1B690D
:1066A00093426DD190F83430002B5CD094F93600D1
:1066B000002802DB00210AF097FD23684FF0010853
:1066C000CDF80080B1B2BAB21E6D20464346B04745
:1066D00094F83430002B3DD0012B30D1102694F9A2
:1066E000243018462B044FF0000148BF01210AF066
:1066F0007BFD012194F926000AF076FD013E002180
:1067000094F926000AF070FD6D0016F0FF06ADB298
:10671000E5D123681C4A9B6A93422CD194F9360038
:10672000002802DB01210AF05FFD94F83430002BD1
:10673000B0D1606A02B0BDE8F041FEF723BF94F922
:10674000250000210AF050FD414694F925000AF089
:106750004BFDDEE7290A606AFEF75CFFE9B2606A7A
:10676000FEF758FFD5E700F1280393E80600406ADA
:10677000FEF7A4FE9AE7204602B0BDE8F0411847B4
:1067800098479AE77D640300AD6403002DE9F0416A
:1067900012B2044609B21D469DF918709DF91C609D
:1067A0009DF92080FFF7E6FA0022084984F8358039
:1067B00084F8367084F8376084F83420A263A287A6
:1067C0006562216022642046BDE8F081248F0400C8
:1067D000F8B50446444D90F93600002918BF0D461F
:1067E0000028174607DB01210AF07AFC012194F901
:1067F00036000AF0F9FC012194F937000AF070FC28
:10680000012194F937000AF0EFFC94F8346076BB6C
:10681000606A364BA5620122984284F82C70276387
:1068200084F82D2040D0324B98423DD094F9350069
:10683000002838DB01210AF053FC012194F93500CE
:106840000AF0D2FC642007F0C1FA002194F9350067
:106850000AF0CAFC642007F0B9FA94F93500012166
:106860000AF0C2FCC820BDE8F84007F0AFBA012E1C
:106870001DD0012194F925000AF032FC94F925007D
:1068800001210AF0B1FC94F926000028CEDB012199
:106890000AF026FC94F9260001210AF0A5FC94F9DF
:1068A00035000028C6DAF8BDFEF7C4FDBEE7314664
:1068B00094F924000AF014FC002194F924000AF051
:1068C00093FC314694F926000AF00AFC94F926005C
:1068D00000210AF089FC94F925000028A6DB00219C
:1068E0000AF0FEFBA2E700BF0024F40058A000203D
:1068F0006CA0002002B970472DE9F843B0F90C50A4
:106900006D00954228BF15464FEA450906464846A0
:106910008846174607F074FA044680B398FA98F848
:106920001FFA88F3002D73D06A1E012A71D9002145
:1069300063F30F0163F31F4168082246002301330C
:10694000834242F8041BFAD325F00103AB4206D080
:106950005A1C954224F8138001D924F81280AF42C2
:106960004B464FF00002214655D87B00706A00224A
:10697000FEF70EFE2046BDE8F84307F05BBA96F836
:1069800034304FEA18295FFA88F56BB9013F494660
:10699000706AFEF73FFE013F2946706AFEF73AFE35
:1069A0007A1CF4D1BDE8F883012B13D0A945F9D0A6
:1069B000013F002196F925000AF016FC013F012154
:1069C00096F925000AF010FC7B1CF2D1EAE70024BE
:1069D000002FE7D0013F454696F9243015F4004FCB
:1069E00018464FF0000118BF01210AF0FDFB0134E9
:1069F000012196F926000AF0F7FBA4B2002196F9CE
:106A000026006D000AF0F0FB102CADB2E4D1DEE7F9
:106A1000FEE700239CE77F1B706AFEF7B9FD002F9D
:106A20009DD1A7E72DE9F04F83B0BDF93050BDF8F7
:106A30003470002B58D0002D56D0002B06461C4633
:106A400055DBB6F90C308B424EDD002D05DAADB2C8
:106A500001322A446D4212B22DB2B6F90E009042B4
:106A600042DD1FFA81FE0EEB04081FFA88F808F1D8
:106A7000FF3C0FFA8CFCBCF1000F35DB1FFA82F9EA
:106A800009EB050B1FFA8BFB0BF1FF3A0FFA8AFAA1
:106A9000BAF1000F28DB0029BCBF0FFA88F44FF0D1
:106AA000000E002ABCBF0FFA8BF54FF000096345BA
:106AB000DCBFA3EB0E0424B25045DCBFA0EB0905FC
:106AC0002DB23368AAB2009271464A46D3F850807C
:106AD0003046A3B2C04704FB05F23946304603B046
:106AE000BDE8F04FFFF706BF03B0BDE8F08F9CB2E2
:106AF00001312144B6F90C3009B264428B4224B210
:106B0000A3DCF1E7F0B583B00029BDF8206036DBE7
:106B10001C46B0F90C308B42054630DD002C2ED0DF
:106B200005DAA4B201322244644212B224B2B5F9A9
:106B30000E30934223DD1FFA82FC0CEB0407BFB238
:106B4000781E00B200281ADB002ABCBF3CB24FF00E
:106B5000000C8342DCBFA3EB0C0424B22B68A2B26E
:106B600000921F6D6246284689B20123B84722462B
:106B70003146284603B0BDE8F040FFF7BBBE03B086
:106B8000F0BD00BFF0B583B0002ABDF8206038DB4F
:106B90001C46B0F90E309342054632DD002C30D051
:106BA00005DAA4B201312144644209B224B2B5F934
:106BB0000C308B4225DD1FFA81FC0CEB0407BFB2C1
:106BC000781E00B200281CDB0029BCBF3CB24FF08D
:106BD000000C8342D8BFA3EB0C044FF001012B68DB
:106BE0000091D8BF24B261461F6D284692B2A3B26D
:106BF000B84722463146284603B0BDE8F040FFF7CB
:106C000079BE03B0F0BD00BF2DE9F04383B0161E7E
:106C1000BDF8287051DB1D46B0F90E30B342044672
:106C20004BDD002D49D005DAADB2013129446D426A
:106C300009B22DB2B4F90C308B423EDD1FFA81F857
:106C400008EB050080B2421E12B2002A35DB002993
:106C5000BCBF05B24FF000089342D8BFA3EB0805B4
:106C60002368244A1B69D8BF2DB293423AD194F8C5
:106C700034307BB394F93600002802DB00210AF09F
:106C8000B3FA23684FF00109CDF80090B2B2414643
:106C90001E6D2046ABB2B0472A4639462046FFF764
:106CA00029FE2368144A9B6A93421ED194F9360048
:106CB000002805DA94F8343033B103B0BDE8F0832E
:106CC00049460AF091FAF5E7606A03B0BDE8F0437F
:106CD000FEF758BC04F1280393E80600606AFEF74B
:106CE000EDFBC7E720469847CBE7204603B0BDE859
:106CF000F04318477D640300AD6403002DE9F041C3
:106D000082B00E1EBDF820704FDB1D46B0F90C306E
:106D1000B342044649DD002D47D005DAADB2013259
:106D20002A446D4212B22DB2B4F90E3093423CDDCA
:106D30001FFA82F808EB050080B2411E09B2002953
:106D400033DB002ABCBF05B24FF000088B42D8BF2E
:106D5000A3EB08052368234A1B69D8BF2DB29342D1
:106D600038D194F834306BB394F93600002802DB44
:106D700000210AF039FA2368AAB20092B1B2424661
:106D80001E6D20460123B0472A4639462046FFF7AC
:106D9000B1FD2368144A9B6A93421ED194F93600D0
:106DA000002805DA94F8343033B102B0BDE8F08140
:106DB00001210AF019FAF5E7606A02B0BDE8F04176
:106DC000FEF7E0BB04F1280393E80600606AFEF7D3
:106DD00075FBC9E720469847CDE7204602B0BDE8DD
:106DE000F04118477D640300AD6403002DE9F04FC6
:106DF00083B0BDF93050BDF83470002B7BD0002D2E
:106E000079D0002B06461C4678DBB6F90C308B4255
:106E100071DD002D05DAADB201322A446D4212B2A5
:106E20002DB2B6F90E00904265DD1FFA81F808EB2D
:106E3000040E1FFA8EFE0EF1FF3C0FFA8CFCBCF123
:106E4000000F58DB1FFA82F909EB050B1FFA8BFBC9
:106E50000BF1FF3A0FFA8AFABAF1000F4BDB002967
:106E6000BCBF0FFA8EF44FF00008002ABCBF0FFA27
:106E70008BF54FF000096345D8BFA3EB08043368D6
:106E80002C4A1B69D8BF24B25045DCBFA0EB0905D2
:106E90002DB293424AD196F83430002B39D096F96E
:106EA0003600002802DB00210AF09EF93368AAB2FE
:106EB000009241464A46D3F850803046A3B2C047BC
:106EC00004FB05F239463046FFF714FD33681A4AD1
:106ED0009B6A934225D196F93600002802DB0121F6
:106EE0000AF082F996F834302BB9706A03B0BDE825
:106EF000F04FFEF747BB03B0BDE8F08F9CB2013105
:106F00002144B6F90C3009B264428B4224B280DCD1
:106F1000F1E706F1280393E80600706AFEF7CEFA5F
:106F2000BDE7304603B0BDE8F04F184730469847FC
:106F3000BCE700BF7D640300AD6403002DE9F843A6
:106F40000D4690F83410044690469946002900F00A
:106F5000A48094F93600002802DB00210AF044F9ED
:106F6000002194F937000AF03FF994F83430002BEF
:106F700000F09B80012B43D1082694F924302A0687
:106F800018464FF0000148BF01210AF02DF90121F8
:106F900094F926000AF028F9013E002194F9260010
:106FA0006D000AF021F916F0FF06EDB2E5D10121DE
:106FB00094F937000AF018F9B9F1000F32D0002720
:106FC00012E094F8273094F92500002B55D10021C8
:106FD0000AF00AF9012194F925000AF005F908F1EF
:106FE000010801374F451DD094F83430022BE8D00A
:106FF00098F8005013BB2946606AFEF70BFBEEE7DA
:10700000002194F925000AF0EFF8012194F92500F8
:107010000AF0EAF8012194F937000AF0E5F8B9F12D
:10702000000FCCD194F93600002802DB01210AF0D0
:10703000DBF894F834305BB3BDE8F883012B08BF6C
:10704000082637D194F9243018462B064FF000015A
:1070500048BF01210AF0C8F8012194F926000AF07E
:10706000C3F8013E002194F926006D000AF0BCF837
:1070700016F0FF06EDB2E5D1B1E700210AF0B4F851
:10708000012194F9250008F102080AF0ADF8A8E7FB
:10709000606ABDE8F843FEF775BA00F1280393E88B
:1070A0000600406AFEF70AFA53E72946606AFEF7CF
:1070B000B1FA7CE794F9250089E700BF2DE9F84390
:1070C0000D4690F83410044616469846002900F004
:1070D0009F8094F93600002802DB00210AF084F832
:1070E000002194F937000AF07FF894F83430002B2F
:1070F00000F09680012B52D1082794F924302A06FB
:1071000018464FF0000148BF01210AF06DF8012137
:1071100094F926000AF068F8013F002194F926004E
:107120006D000AF061F817F0FF07EDB2E5D101211B
:1071300094F937000AF058F8B8F1000F23D000276F
:1071400011E094F8273094F92500002B51D1013635
:1071500000210AF049F8012194F925000AF044F8C9
:10716000013747450FD094F83430022BE9D006F1AF
:1071700001093578F3B92946606A0137FEF74AFA02
:1071800047454E46EFD194F93600002802DB012135
:107190000AF02AF894F83430ABB3BDE8F88394F9D8
:1071A000250000210AF020F8012194F925000AF0B9
:1071B0001BF8BCE7012B38D1082694F92430184677
:1071C0002B064FF0000148BF01210AF00DF8012104
:1071D00094F926000AF008F8013E002194F92600EF
:1071E0006D000AF001F816F0FF06EDB2E5D14E464B
:1071F000B6E7002109F0F8FF012194F925000236D5
:1072000009F0F2FFACE7606ABDE8F843FEF7BAB9EF
:1072100000F1280393E80600406AFEF74FF958E7AB
:107220002946606AFEF7F6F981E794F925004E4693
:107230008EE700BF70B506460C4690F93700002176
:1072400009F0D2FF96F83430A3B3012B21D10825E1
:1072500096F92430184623064FF0000148BF01215B
:1072600009F0C2FF012196F9260009F0BDFF013D9A
:10727000002196F92600640009F0B6FF15F0FF051D
:10728000E4B2E5D196F937000121BDE8704009F07C
:10729000ABBF96F92500002109F0A6FF96F925005D
:1072A000012109F0A1FF96F937000121BDE87040E6
:1072B00009F09ABF2146706AFEF7ACF996F93700DB
:1072C0000121BDE8704009F08FBF00BF70B590F894
:1072D000343005460E4643B3012B1AD12024002139
:1072E00095F924308E42B8BF0121184609F07CFF81
:1072F000012195F9260009F077FF013C002195F95D
:10730000260009F071FF14F0FF044FEA4606E6D1AB
:1073100070BD002190F9250009F066FF95F9250060
:107320000121BDE8704009F05FBF090E406AFEF719
:1073300071F9C6F30741686AFEF76CF9C6F30721D5
:10734000686AFEF767F9F1B2686ABDE87040FEF757
:1073500061B900BF30B501F0030183B000230229F9
:107360008176B0F94A40B0F94C208DF8073028D02A
:10737000032920D0012912D0C02590F8441090F89C
:1073800045308481C2818DF80750018743870123EE
:107390000DF107023621FFF7D1FD03B030BD90F8A3
:1073A000451090F84730A025C48182818DF80750A0
:1073B00001874387EBE7602590F8481090F8443048
:1073C000F2E790F8471090F848308481C281018735
:1073D0004387DCE710B584B0CDE900239DF9184060
:1073E00002940B464FF4A072F021044600F0DAF844
:1073F000044B23602046002384F8473084F848304B
:1074000004B010BDA48F040070B50D4682B080F8A2
:10741000463000210446164600F004F9F02D48D00D
:10742000872D39D0C6F5A071C5F1F00301EBD171FC
:1074300003EBD373C1F34701C3F3470384F8481048
:1074400084F8451084F8473084F84430A4F84A5052
:10745000A4F84C601F49204600F0BEF823681E4A7D
:10746000DB6A934231D194F8445094F84500D4F843
:107470004A10E1600023A37602AA65F30F0360F3CC
:107480001F43C025A36302F8015D20460123362176
:10749000FFF754FD02B070BDF02EC3D1282142F693
:1074A0003502342384F84810A4F8442084F8473087
:1074B000CCE7F02EB6D100234FF4A04284F8483038
:1074C00084F84730A4F84420C0E7204600219847BC
:1074D00002B070BD788F040055730300054B90F81F
:1074E0004620002908BF194642F221030164838720
:1074F000FFF76EB90048E801F8B5078F448FBDF873
:107500001850394489B2224492B20B44013B5419B9
:10751000064643EA0145013C2A2144EA0244FFF7BA
:1075200089FE29463046FFF7D1FE30462B21FFF772
:1075300081FE21463046FFF7C9FE30462C21BDE8CA
:10754000F840FFF777BE00BF10B501F0030182B02D
:1075500000230229817690F8444090F845208DF868
:1075600007301CD0032914D001290CD0C023048774
:1075700042878DF8073001230DF107023621FFF70E
:10758000DDFC02B010BDA023448702878DF80730D0
:10759000F1E76023448702878DF80730EBE7048723
:1075A0004287E8E730B585B09DF920409DF9245029
:1075B00000949DF92840CDE901540446FFF7E6F810
:1075C000044B236020460023A4F8443084F846305E
:1075D00005B030BD009004002DE9F041013111F8F3
:1075E000015C8046013DEDB28C1CFF2D22464046D9
:1075F00015D04F78097807F07F063346FFF75EFD18
:107600003B0604EB0601EDD5A05DFF2801F1010466
:1076100008BF4FF4FA7006F0D9FB2146E2E7BDE857
:10762000F08100BF03681B4ADB6C93422DE9F041F7
:1076300080460C462AD11849016442F2210383870F
:1076400090F84620FFF7C4F8F4B12578611C013D9D
:10765000EDB28C1CFF2D2246404615D04F7809789C
:1076600007F07F063346FFF729FD3B0604EB0601D2
:10767000EDD5A05DFF2801F1010408BF4FF4FA70B9
:1076800006F0A4FB2146E2E7BDE8F081002198471F
:10769000DAE700BFDD7403000048E801F0B500F14F
:1076A000240305460E46174693E8070085B001AC53
:1076B00084E8070072012146286A01F0A3FC012832
:1076C00006D13A462146286A01F082FC05B0F0BD99
:1076D000002005B0F0BD00BF10B5044601F04AF827
:1076E000002384F8313084F8333010BD90F8312015
:1076F0000AB10020704738B504460D4611463822BD
:107700000AF0A7FC4023012084F8313084F83300CC
:10771000256238BDF0B40C78202C03D111F8014F4C
:10772000202CFBD00C4625461160916015F8016BAA
:107730001C492746E6B12F2E20D0A6F120045F2C4D
:107740002CD8A6F12204E4B21D2C23D906F0BF04E4
:107750003C2C23D05C2E21D02E2E02D0202E00D007
:1077600095602C462546274615F8016B002EE2D180
:107770001F601146F0BC01F049BB01352678202E70
:1077800027462C46F9D02F2EF7D01F601146F0BCAB
:1077900001F03CBB21FA04F4E407D7D50020F0BC8B
:1077A000704700BF010100312DE9F04F90F831C062
:1077B000856985B00446BCF1000F1BD0D0E90001FB
:1077C000994208BF904216461F4618D056EA070352
:1077D00007D10023A3610120C4E9006705B0BDE81B
:1077E000F08F1CF0080F0ED0D4E90223BB4208BF73
:1077F000B24208D20020A56105B0BDE8F08F01209B
:1078000005B0BDE8F08F236A039393F845E494F83C
:1078100033A016F1FF320EF1090E47F1FF335FFA84
:107820008EFECDE90023CEF1200903FA09FB009B6F
:1078300023FA0EF8019BAEF1200248EA0B08D34070
:107840001AF0400F48EA030803D0E3694344A361F8
:10785000C1E710F1FF3A41F1FF3B2AFA0EFE0BFAA5
:1078600009F94EEA090E2BFA02F24EEA020EF04531
:1078700016D21CF0400F16BF039BE369D3F83434D3
:10788000A36104F118094A46B8F1000FA3D0A16919
:10789000206A01F0F1FB002808F1FF38F3DCA9E7CA
:1078A00050EA0103E5D0A8EB0E08EAE72DE9F04F16
:1078B00090F833300646D80785B040F1A580884659
:1078C000590692466DD496F8313013F0080368D10A
:1078D000002A00F005811746D6E90012CDE9001212
:1078E0009A4606F118034FF0000902934DE051EA61
:1078F000020340F0C18096F8312052064CBFD5F803
:107900003424F269B261D5F82C1495F84504640A60
:10791000023A214482401144BBF1000F40F09780AD
:10792000B7F5007FC0F09380D5F81822914200F09F
:10793000AA80B7F5806FC0F0B380012383401B1B82
:107940007C0AA34228BF234691424FEA432402D82F
:10795000C81882424ED3D5F81402424604F0B0F85B
:10796000002851D020460021D6E9002310EB020B5D
:1079700041EB030C5A4663463F1BCDE90023A0446C
:10798000A144C6E9002300F09E80356ADDE90012BB
:10799000D5F838440C40C4F3080B002CA7D0B269CA
:1079A000B1E7D6E90001D6E90245221A65EB0103E9
:1079B0009C4600239C45934608BFD3453CBF0346E5
:1079C000A4EB030AD6E90445A94208BFA042CDE9C9
:1079D000000124D2201A65EB010100238B4208BF6D
:1079E000824538BF50468245074666D8A0B14FF061
:1079F000000A76E705F504700393009104F0B8FBE4
:107A00000099039B0028A6D196F8323043F0020378
:107A100086F832304FF0FF3005B0BDE8F08F4FF000
:107A20000009BAF1000F5BD05246002140460AF02F
:107A300010FBD6E9004514EB0A02304645F100037D
:107A4000FFF7B2FE0AEB090005B0BDE8F08FCBF5F9
:107A50000074BC4228BF3C4605F50470002204F0C7
:107A600049FB0028D0D000EB0B01224640460AF02B
:107A7000CCFA2046002177E796F83320B169530607
:107A800004D54A1C3EE74FF40074E5E72846029A05
:107A900001F0F2FA0028B7DB1CD0356AB26932E790
:107AA000D5F81402424603F07BFF0028ACD04FF417
:107AB000007000214FF4007456E7AAEB000A00287A
:107AC0007FF40FAF8146BAF1000FADD1484605B043
:107AD000BDE8F08F96F8313013F0500FF3D193E7F3
:107AE000504699E72DE9F04F90F83330826989B01C
:107AF000DE070546D0E9009A029240F198805C06C4
:107B00006BD490F83130180767D4012605F11803BB
:107B1000484651464FF000080DF11F07CDE9009A85
:107B20009B4650E050EA010340F0B78095F83110D1
:107B300049064CBFD2F83414E969A96192F845C4EA
:107B4000D2F82C04640A023901FA0CF120440144F1
:107B5000BAF1000F40F08C80B6F5007FC0F088804D
:107B6000D2F81802814200F09F80B6F5806FC0F015
:107B7000A880012303FA0CF31B1B740AA34228BF3D
:107B8000234681424FEA432403D801EB030C6045AE
:107B90003FD3D2F814023A4603F092FF002844D0B3
:107BA00020460021D5E9002310EB020941EB030A2E
:107BB0004A465346361B484651462744A044C5E929
:107BC000002300F08B802A6AD2F838440440C4F3C2
:107BD000080A002CA6D0A969B0E7D5E902239A4586
:107BE00008BF9145D5E9043430D1A24508BF994575
:107BF00023D2B3EB09031E4664EB0A0400230022E0
:107C0000A34208BFB24238BF1646002E7FF47EAFB3
:107C100013E002F50470CDE90413039204F0A8FA0E
:107C2000DDE90321059B0028B3D1DDE9009A95F831
:107C3000323043F0020385F832304FF0FF30029BC0
:107C4000AB61C5E9009A09B0BDE8F08FA24508BF55
:107C500099454BD2B3EB090364EB0A041E46274651
:107C600056EA0703D1D00126002E7FF44FAFE4E798
:107C7000CAF50074B44228BF344602F504700022ED
:107C800004F038FA0028D0D000EB0A01224638462A
:107C90000AF0BBF92046002184E795F83300A96972
:107CA000430604D5013148E74FF40074E5E7104678
:107CB0005A4601F0E1F90028B7DB25D02A6AA96904
:107CC0003CE7D2F814023A4603F06AFE0028ACD032
:107CD0004FF4007000214FF4007463E7DDE9009A6F
:107CE000B8F1010FA9D19DF81F00A8E701220021DA
:107CF0000DF11F000AF0ADF919F101024AF100037C
:107D00002846FFF751FDEEE795F8313013F0500F9C
:107D1000DDE9009AE4D18AE72DE9F04F8B469BB06C
:107D200090F831100490CDE9092329B91A469BF83F
:107D3000313013F0500F0AD1049A002382F8313009
:107D400082F83330029318461BB0BDE8F08F02F082
:107D50000303012B06D0022B00F03383002BEBD161
:107D6000012200E002220A9B03F0080313430D9353
:107D7000099B002B40F00E83032306930023CDE9DB
:107D800002339BF83330DA0740F194805B06DBE97D
:107D9000006700F1B0809BF831A01AF0080A40F0AB
:107DA000AA80CDF800A0202512AB059398460BF1D0
:107DB00018034FF0000901933046394648E050EA75
:107DC000010366D19BF831104F064CBFD2F8341432
:107DD000DBF81C10CBF8181092F84574D2F82C641C
:107DE000640A0239B94026443144BAF1000F3BD14C
:107DF000B5F5007F38D3D2F81802814251D0B5F5DD
:107E0000806F6BD3012303FA07F73F1B6C0AA7426D
:107E100028BF274681424FEA472403D87B1898425F
:107E2000C0F0B081D2F814023B46424603F048FE4F
:107E300000283FD026460027DBE90023B01847EB97
:107E400003012D1BA044A144CBE9000100F0668191
:107E5000DBF82020D2F838440440C4F3080A002C90
:107E6000ADD0DBF81810B7E7CAF50074AC4202F5E4
:107E700004704FF0000228BF2C4604F03BF9C8B153
:107E800000EB0A01224640460AF0BFF826460027CA
:107E9000D2E79BF83300DBF81810460611D5013104
:107EA00098E702F5047000224FF4007404F022F900
:107EB0000028E5D19BF8323043F002038BF83230D2
:107EC0003AE71046019A01F0D7F80028F2DB00F0FB
:107ED0001F81DBF82020DBF818107DE7D2F81402B0
:107EE000424603F05DFD0028E4D04FF40076002701
:107EF0004FF40074A0E7DBE90201841B61EB070586
:107F0000002D08BF202CDBE9042380F04D819F4227
:107F1000A0EB060108BF96420091C0F09E810029A7
:107F200040F0FD810A9B99057FF506AF0D9B9A07EE
:107F30007FF502AF099B002B3FF4FEAE039D069A2E
:107F4000954218D212AC202221465846FFF7AEFCCB
:107F50006B1C002800F03C8220287FF4EDAE35B980
:107F6000DBF80020DBF818100B91203A0C92DDB200
:107F7000069BAB42E7D8049D9BF833403822002192
:107F800028460AF066F82822DBF8203085F83120F0
:107F90002946099DC4F380142A6881F82C400B9C63
:107FA0004C620C9C0B628C626A60069A2846002A1E
:107FB00000F01982571EDFF8B894FFB200260FAD0B
:107FC00001F124088B46824698E8070085E80700FF
:107FD00072011846294601F015F8012802467FF47F
:107FE000ABAE2946DBF8200000F0F2FF0446002883
:107FF0003FF4A2AE90F90030002BFFF69DAE202298
:1080000000210AF026F8F3B2002E00F01182012BB5
:1080100000F0FF81C1232370DAE9013293426ED070
:10802000591CCAF80410187860808A4267D0991CDD
:10803000CAF804105878A080914260D0D91CCAF8C0
:1080400004109878E0808A4259D0191DCAF80410AB
:10805000D87820818A4252D0591DCAF80410187964
:1080600060818A424BD0991DCAF804105879A081CA
:108070008A4244D0D91DCAF804109879E0818A4216
:108080003DD003F10801CAF80410D87920828A4251
:1080900035D003F10901CAF80410187A60828A42C7
:1080A0002DD003F10A01CAF80410587AA0828A423E
:1080B00025D003F10B01CAF80410987AE0828A42B5
:1080C0001DD003F10C01CAF80410D87A20838A422B
:1080D00015D003F10D01CAF80410187B60838A42A1
:1080E0000DD003F10E01CAF80410587BA0838A4218
:1080F00005D003F10F02CAF804209B7BE38301360D
:10810000069AF3B29A4240F26E81DBF820305BE7C8
:108110009BF8313013F0500F3FF4CCAE009B0BBBFB
:10812000B9F1000F3FF4FEAEB9F1200F7FF404AEB9
:108130009DF848301C0644D4039A3AB9DBF8002075
:10814000DBF818100B91203A0C92039A06988242A1
:1081500002D20132D2B20392002B00F0348100230C
:1081600002930EE6DBE900671C46224600214046EA
:1081700009F06FFF321947F100035846FFF714FB6F
:10818000A144CDE702F504700891079203F0F0FFD7
:10819000DDE9072100287FF445AE9BF8323043F03B
:1081A00002038BF83230C7E59F4208BF96423CD3AA
:1081B00012AB0593984620234FF0000900931C460C
:1081C000D3E7029A002A4CD1039A069811468242BC
:1081D00038BF0021852B03917FF4D3AD049C029915
:1081E0003822204609F035FF9DF84C309DF8492093
:1081F00084F83020D80603F0370240F1C480049898
:1082000084F83120DBF80030DBF82010DBF8182090
:108210004262203B016283629BF83330C3F38013D8
:1082200080F82C3001230293ABE52024202000218C
:108230000094921B63EB0703994208BF9042009B96
:10824000904638BF80464345454657D8B8F1000FA1
:108250003FF468AE00230093A6E5002508462946B2
:10826000E7E7C02B62D0C12B7FF479AF099C059959
:108270000498224600F05AFD00283DD0D4E901239D
:108280009A4239D10A9B1A053FF556AD13F4884F2F
:1082900005D1049B93F833309F0740F1A980049BDC
:1082A00093F8313013F0110F7FF446AD0A9B5E0551
:1082B00040F1A280049B93F833309D077FF53CADDD
:1082C000002200230498FFF76FFA00283FF434AD32
:1082D000049800F003FB00283FF42EAD049B93F8B4
:1082E00033309C0706D5049A92F8313043F02003CE
:1082F00082F83130029827E5029042E5A3EB0803AB
:108300000093B8F1000F7FF44FAD009B002B3FF4BA
:1083100009AE12ABC14605939846009C25E712AB07
:10832000059398464FF000090C461EE7049A9DF805
:1083300049300D98114681F83300990703D540F074
:10834000400382F83330DDE91423049CDDE9180191
:10835000C4E90423179BE361099BC4E90201002BD4
:1083600090D018469DF84B30C268016841609A422F
:108370007FF4F5AE028ABDF84C30D31AB3FA83F31A
:108380005B090293FDE4049B42F0080283F831206C
:10839000184637E7DB68354A03F10E01A2FB0131CD
:1083A000DBE90023C9080231C9B2134306913FF447
:1083B000E5AC00230022CBE900230023CBF81830E2
:1083C000DCE40322CFE4099B002B7FF4ABADB3E4E4
:1083D0005846DBF8186000F0FBF900283FF4ACAC1D
:1083E000CBF81860C4E5049800F0C4F90290ABE43F
:1083F0000A9B5B053FF5A0AC0A9B58047FF56EAF66
:108400000498D0E90223FFF7CFF900287FF466AF84
:1084100092E463700D9BC02263F07F0322708BF89F
:108420003330DAF80C30E370BAF81030A38066E627
:10843000852323708BF830706770D9F800307BB1DA
:108440000DF1390229460DF13A009847BDF83A304E
:108450006381BDF83C209DF83930228123754EE6BA
:1084600045F621436381E381638248E689888888F1
:108470008CA000202DE9F00890F831406CB991F8FB
:10848000313013F0500F08D0D1E900674FF0000CE5
:1084900006F01F0B5BEA0C0303D00020BDE8F008D8
:1084A000704713462246BDE8F008FFF735BC00BF11
:1084B00000294DD02DE9F043164695B090F83120B3
:1084C00000969846002305468DF849308DF84A30CD
:1084D0008DF84B30002A37D191F8793413F0500FD2
:1084E00032D033782F2B35D001F589644FF0000955
:1084F00031466B4601AA2846FFF70CF920B3009BD2
:108500001B78002B3CD02146002301AA2846FFF708
:1085100003FCC8B12C4606AF05F1300C2068616839
:10852000A268E3683E460FC6103464453746F5D16D
:1085300020683060284600F01DF906AC85F83190BF
:1085400085F83390009ED3E7002015B0BDE8F08396
:108550000846704716F8013F2F2BFBD00096D1F844
:108560006874A3B1382206A8002109F072FD4022E8
:10857000012306AC0E978DF849208DF84B30B5E7F6
:10858000434601AA21462846FFF7C6FBDDE7194608
:108590003822284609F05DFD012140232F6285F82D
:1085A000313085F833100846CFE700BF81692DE9E7
:1085B000F0410446006A01B10131012200F05AFC89
:1085C0000128054632D9012301461A46206A00F0E7
:1085D000ADFC064650B3A76994F8333057B35A063A
:1085E00030D57A1CAA4229D023F0400284F83320E7
:1085F000E36904E000F060FDC0B1A7694346D4F828
:1086000020C003F10108BB42194642466046F1D33F
:1086100060464FF0FF32294600F04EFD30B1A169AF
:1086200061B12A46206A00F047FD38B9002630467D
:10863000BDE8F08143F0400384F83330A561304653
:10864000BDE8F081D4F820C0E2E700BF2DE9F04397
:108650000026474F83B080463446002231464046CC
:10866000FFF71CF8054630B10078C0286AD0C12851
:108670002FD0852809D098F8323043F0010388F8CC
:108680003230002003B0BDE8F08398F83130D7F8DD
:10869000009003F03703AB80B9F1000F10D00DF15B
:1086A00003020DF1060101A8C847BDF80620BDF878
:1086B00004309DF803106975AA812A82EB816B82D0
:1086C000D8F8202092F8103243F0010382F81032DB
:1086D00028780146002202E01F2A0FD8A95CE30394
:1086E00043EA540311FA83F3012A9CB202F1010216
:1086F000F2D185280CBF04220222EFE7013698F858
:108700003030F6B2B342A8D2012208F12401D8F8E1
:10871000200000F05DFC0028ADD0D8F82050448047
:10872000284603F025FD0028A5D005F5047003F0C8
:108730001FFD00289FD0D5F8400403F061FA0028FF
:1087400099D09FE798F833206B7852064CBF43F0DE
:10875000020303F0FD036B70D8E90423C5E902238B
:10876000D8E90223D8F81C106961C5E90623A7E7F8
:108770008CA0002090F8312092B138B590F83320C9
:10878000130604460ED4056A284603F0F1FC88B9A6
:1087900094F8323043F0010384F83230002038BDC1
:1087A0000120704702F07F0280F83320BDE8384096
:1087B000FFF74CBF05F5047003F0DAFC0028E7D0A2
:1087C000D5F8400403F01CFA0028E1D0012038BDA0
:1087D0002DE9F84390F83120036A5106044662D42B
:1087E0008068D3F83C341844B0F1806F03D300267E
:1087F0003046BDE8F8832046FFF7D8FE064600283D
:10880000F5D0256AA36995F84524D5F82C14A3F171
:108810000208012308FA02F89340884416D0002782
:1088200008EB0701052205F5047003F063FC01372E
:108830004FF4007200210028D9D009F00AFC256A03
:1088400095F8452401239340BB42E9D894F8317050
:1088500094F833107A0619D441F08001D4E9022348
:1088600084F83310D5F83C0412EB000843F10009FA
:10887000C4E90289D4E90423D5F83C0412EB0008CA
:1088800043F10009C4E90489002FB1D00B060FD4CD
:10889000284603F06DFCA0B994F8323043F0010390
:1088A00084F83230A3E7184600F0AAFD236A98E75F
:1088B00001F07F0184F833102046BDE8F843FFF74C
:1088C000C5BE05F5047003F053FC0028E4D0D5F8CC
:1088D000400403F095F90028DED089E790F83330A2
:1088E0009A074BD5C169002946D02DE9F04313F012
:1088F00040050446D0F818C0006A83B040D0D4E9DF
:10890000026790F845540935EDB216F1FF38C5F10C
:10891000200E47F1FF3928FA05F209FA0EFE203D34
:1089200042EA0E0229FA05F52A430132BCF1000F92
:108930003FD00139A1EB0C010A440CF10101019176
:10894000002A47D1D4E90001D4E90467B94208BF3D
:10895000B04294F831503CBF06460F4663F07F02A8
:10896000C4E90467C4E9020184F83320002D37D13B
:10897000012003B0BDE8F08301207047002070475C
:108980000346BCF1000F17D10191C4F81CC0184672
:1089900000F0B2FB48B194F83330D3E74FF0FF3228
:1089A000A169206A00F088FB78B9002003B0BDE817
:1089B000F083C4F81CC0C2E702AA614642F8045D15
:1089C00000F05AFB0028F0DBE8D101990029E2D041
:1089D000236ADCE7002300F0A9FA0028DBD1E4E7F2
:1089E00003F07F0384F833302046FFF72FFEC0E703
:1089F0002DE9F04F90F8333087B09D07044604927C
:108A000040F1C6801A07884600F16281D4E9006708
:108A1000D4E904ABBB4508BFB245C0F06881002271
:108A2000002311461A46049B002B00F09680CDE9E6
:108A30000267CDE9001204F1180B1D46CDF814B001
:108A4000206A029ED0F83834A7691E40C6F3080990
:108A500046BB002F00F0FF8094F833305B0640F1F6
:108A60000081D4E9022390F845C40CF1090C5FFAA7
:108A70008CFC12F1FF3A43F1FF3BCCF1200E2AFAB5
:108A80000CF10BFA0EFEACF1200C41EA0E012BFAB0
:108A90000CFCE36941EA0C010B44BB4240F2E88064
:108AA0000137A761D0F82C3490F84524760AB91E16
:108AB000334491401944B9F1000F73D1B5F5007FEB
:108AC000C0F0A580DDE900AB5AEA0B0340F09F80BF
:108AD000B5F5806FD0F81872C0F0E48001239340A0
:108AE0009B1B6E0AB34228BF3346B9424FEA432A62
:108AF00003D85A18BA4200F2F380D0F81402424662
:108B000003F03AFA002843D056460027D4E9002360
:108B1000B01847EB030102460B46CDE90223C4E936
:108B2000002300220023CDE90023D044A5EB0A0551
:108B3000D4E90423DDE902018B4208BF824207D257
:108B400094F83330C4E9040163F07F0384F83330D0
:108B5000002D7FF475AFDDE90267D4E90223BB4243
:108B600008BFB242C0F0D4806F4B1B68002B00F0EE
:108B7000D98094F83330049863F07F0384F833305D
:108B80000DE0206A00F5047003F0F2FA002857D1D6
:108B900094F8323043F0010384F83230002007B0FB
:108BA000BDE8F08FC9F500763746012200F5047064
:108BB00003F0A0FA0028EBD0DDE90023134348447A
:108BC00032D0DDE900ABF3179B45009B08BFB245EF
:108BD00038BF1F463A460021B94409F03AFAB9F5C0
:108BE000007F4DD0D4E900230021BE18384641EB68
:108BF000030732463B46CDE90223C4E90023DDE901
:108C00000023121A63EB0103CDE9002390E7D4E9B6
:108C10000067D4E904239F4208BF96424FF40077CF
:108C20003E461CD30522C1E7AF4228BF2F463A4635
:108C30004146B94409F0E9F9B9F5007FBA46A0D038
:108C4000D4E9006716EB0A0247F10003CDE90223DD
:108C5000C4E9002365E7E769D7B1A76122E70122EC
:108C6000A4E73946059A00F007FA002890DB04D102
:108C70002046FFF79BFC00288AD0206AA76911E7ED
:108C8000206A00F5047003F073FA0028AAD17FE788
:108C90002046FFF78BFC00283FF47AAFA769E76115
:108CA000206AFFE6B94205D14FF0FF3380F81092F9
:108CB000C0F81832D0F81402424603F03DF80028FC
:108CC0003FF466AF4FF4007600274FF4007A1DE7BB
:108CD000D0E90223FEF768FD00287FF497AE57E73E
:108CE0004FF0FF3280F81092C0F8182205E7524684
:108CF0005B462046FEF758FD00283FF449AFB6EB2F
:108D00000A0667EB0B0731463A46D4E900678AE664
:108D100094F83330049863F07F03C4E9026784F861
:108D200033303CE704983AE78CA00020D2E9013CBC
:108D3000F0B503F10F0E31F8020F9C45C4B2A4F157
:108D4000610603F1010316D0536013F8015C7E281D
:108D5000A5F161070DD8192F9CBF203DEDB2192E4A
:108D60009CBF203CE4B2AC4203D17345E3D1012067
:108D7000F0BD0020F0BDB0FA80F04009F0BD00BFAA
:108D80002DE9F84390F831300F4693B390F8303026
:108D9000012B064637D915464FF0020800244FF044
:108DA0003F09002241463046FEF778FC08B30378BD
:108DB000C12B1ED1621E3A4404F10F0130F8023F6C
:108DC0008BB10134AC4214D27E2B17D88C4202F8FE
:108DD000013FF3D108F1010896F830305FFA88F8C6
:108DE00043450C46DDD2274400233B702046BDE8B6
:108DF000F88300243C702046BDE8F8838C4202F8DA
:108E0000019FDBD1E6E70024EEE700BFF0B40F6876
:108E10008E684F60B7422AD03C46002301344C6034
:108E2000DD0314F8010C45EA530C6346A0F120055C
:108E300003445CFA85F56138C5F34E0CC3F34E026A
:108E400019284CEAC53542EAC3320CD8B442ABB259
:108E5000E4D1F61B701EFE28CE608CBF00200120DE
:108E60000B82F0BC7047B44293B2D7D1F1E7002334
:108E7000EFE700BF2DE9F84F804691468A4600296A
:108E800045D08F1ED8F83034BB423CD907F00703D9
:108E900001259D40EDB2C7F3C80B3E463C46D8F8CD
:108EA0002C14002201EB1431404603F023F9E8B101
:108EB0000BF1FF3C844400F2FF101CF8011F0AE094
:108EC0004A4527D0A74210D0D8F83024A24214D95E
:108ED00013F0FF050CD0013429424FEA4503A4EBFF
:108EE0000602EDD0A7422646EED10120BDE8F88F5C
:108EF00060454FF00105E0D101E0002634464FF017
:108F0000000B0125CBE70027BB460125C5E7D0F8BC
:108F10002074B7E7BAF1000F04D1B9F1010F08BF0F
:108F2000C8F82064B01CBDE8F88F00BF2DE9F047F9
:108F300002390746D0F8300415468A18824237D8DD
:108F40009946D7F82034B9F1000F34D18B4288BF4D
:108F5000C7F8201401F007020124D7F82C349440FC
:108F6000E4B203EB1138C1F3C80A01224146384686
:108F7000904403F0BFF8D8B100EB0A0600F500708A
:108F80003278224214BF012300234B4582EA0402B7
:108F90004FEA44040CD0013D327016D014F0FF04A7
:108FA000EED10136B042A2464FF00104E8D1DCE731
:108FB0000020BDE8F0878B42CCD39A42CAD98242C6
:108FC00028BF0022C7F82024C4E70120BDE8F087AD
:108FD00070B50B6890F84564D0F838440D46496880
:108FE000023B0C40B340D0F82C1403EB542319443B
:108FF00000F5047003F07EF818B16B68C3F3080342
:10900000184470BD2DE9F8434B68D0F838540E462B
:109010009918716090F845141D4009311544CAB281
:10902000D540814600F504783DB13468377A631C39
:1090300037B1013D3360002DF7D10120BDE8F88341
:10904000D9F830340133A3423A4640460FD3D9F819
:10905000241401EBD41103F04DF8A400C4F3080468
:1090600028B103595A1CE4D13846BDE8F8834FF0C3
:10907000FF30BDE8F88300BF38B5D0F83034013395
:109080008B4215D30C46D0F82414154600F5047015
:1090900001EBD411002203F02DF848B1A100C1F377
:1090A000080143585A1C1ABF2B600120002038BD0C
:1090B0004FF0FF3038BD00BF01291BD938B5D0F8BB
:1090C000303401338B4201D2002038BD0C46D0F839
:1090D0002414154600F5047001EBD411012203F0AD
:1090E00009F803460028EFD0A100C1F308010120D0
:1090F0005D5038BD002070472DE9F84F0C460646FC
:109100000D46D6F8303401339C4269D8D6F8241481
:109110004FEAD41B06F5047959444846002202F070
:10912000E9FF00285CD04FEA8408C8F3080850F82B
:1091300008A0BAF1FF3F0ABFBA4601270027012C59
:109140004ED9D6F830240132944249D8D6F82414A6
:1091500048465944012202F0CDFF002840D00023A8
:10916000013440F808300FB1A2453ED0641BAB1E5D
:10917000D6F83024E118914232D8D6F8202403F0F2
:10918000070593424FF00101D6F82C2438BFC6F8EA
:10919000203401FA05F5EDB202EB1338C3F3C80B26
:1091A000012241463046904402F0A4FFC0B100EBDA
:1091B0000B0100F500700B782B4283EA050C4FEA97
:1091C00045020DD0013C81F800C00CD012F0FF0523
:1091D000F1D101318842AB464FF00105EBD1DFE719
:1091E0000020BDE8F88F1FB155465746544688E722
:1091F0000120BDE8F88F00BF2DE9F84304460025A3
:109200004FF0FF30C4F840146160C4F8141284F8C1
:109210004454257084F81052A060C4F81802EAB1D2
:10922000042A164602D90020BDE8F88304F5047824
:1092300040462A46294602F05DFF0028F3D006F199
:109240008056013E360100F5DF7083191A79002A35
:10925000E9D0825D5006E6D19F6802E01F4604F522
:10926000047840460022394602F044FF05460028B3
:10927000D9D005226149033009F0B7FD0028D2D1C9
:1092800095F86C30092BCED12B6D3B44C4F82434B7
:109290006B6DC4F82834A96D3944C4F82C14EB6DF7
:1092A000C4F830342B6EC4F8343495F86D3084F83B
:1092B000453403F10902012393405A1E0546C4F8C0
:1092C0002004C4F83C34C4F83824064641F20107AF
:1092D00001EB16310022204602F00CFF002874D06A
:1092E000013806F1030E06F1020C731C06EB0708A9
:1092F00010F8012FD1076DD4591B012963D0002B21
:1093000063D0D4F83014994274D9960764D4ACEB86
:109310000506012E57D0BCF1000F56D0614569D922
:1093200056075BD4AEEB0506012E4CD0BEF1000F04
:109330004BD071455ED912F0080F03F103064FD1EF
:10934000A6EB0509B9F1010F3DD0F6B3B14251D9F1
:1093500012F0100F03F1040644D1A6EB0509B9F190
:10936000010F30D08EB3B14244D912F0200F03F177
:10937000050639D1A6EB0509B9F1010F23D026B3B3
:10938000B14237D912F0400F03F106062ED1A6EBF9
:109390000509B9F1010F16D0BEB1B1422AD91206A2
:1093A00003F1070624D4721B012A0CD06EB1B1421E
:1093B00020D9083398450EF1080E0CF1080C97D10E
:1093C000D4F82C1484E7C4F82054402384F844349F
:1093D000012029E71D4692E765469CE77546A5E70B
:1093E0003546B2E73546BDE73546C8E73546D3E7EB
:1093F0003546DBE700252E46E2E700BF5490040027
:10940000F8B5D0F83034D0F8344401339C420546E6
:109410001FD800F50476002704E0D5F83034013376
:10942000A34216D3D5F82414002201EBD411304600
:1094300002F060FEA400C4F30804013748B10459E7
:10944000631CEAD195F845040930C0B207FA00F070
:10945000F8BD0027F6E700BF70B590F902308568C7
:10946000002B044682B005F124000ADB02F080FEE6
:1094700000283DD1637843F001036370002002B0FF
:1094800070BD0122A16902F035FE0028F2D0A38848
:1094900003F00F035B01C518ECD0C35CE52BE9D0EA
:1094A0002378194A03F03703EB72237816681B07F9
:1094B00044BFE369EB61236A6B831B0CAB8266B12B
:1094C0000DF103020DF1060101A8B047BDF804300B
:1094D000BDF806202B836B82EA82A378A56803F08F
:1094E0007F03A37005F1240002F042FE0028C1D0E2
:1094F00005F50D7002F03CFE0028BBD0286802F094
:109500007FFB0028B6D0BAE78CA00020F8B503781E
:109510005B0603D4224B42699A4202D900263046A8
:10952000F8BD0246054652F8104F8068214601F00A
:1095300027FC06460028F1D02F69AA7854BB42F0D8
:109540004002A86862F07F02AA70827941690479BA
:10955000023F97400F44ACB1002407E008F079FDCA
:10956000A86801340379E4B2A3420AD90522E119BB
:10957000243002F0BFFD4FF4007200210028EDD12D
:10958000CCE7827969694FF40073934011FA83F351
:109590006B61C4E70134BC4218BF02F0BF02D0E7E0
:1095A000FFFD1F0010B5044680680A462430A169FB
:1095B00002F0A0FD20B1A38803F00F0300EB4310DD
:1095C00010BD00BF70B5037882B004462BB90120EE
:1095D00000232370A37002B070BD90F9023085683B
:1095E000002B05F1240018DB02F0C2FD48B96378B6
:1095F00043F001036370002000232370A37002B0C6
:1096000070BD05F50D7002F0B3FD0028EFD028689D
:1096100002F0F6FA0028EAD0DAE70122A16902F0A6
:1096200069FD0028E3D0A38803F00F035B01C51890
:10963000DDD0C35CE52BDAD02378124A03F0370380
:10964000EB72237816681B0744BFE369EB61236A5A
:109650006B831B0CAB8266B10DF103020DF10601A9
:1096600001A8B047BDF80430BDF806202B836B82FB
:10967000EA82A378A56803F07F03A37005F12400B4
:10968000B2E700BF8CA00020002946D02DE9F041B0
:10969000154692B0027800951F4600230646ADF8A5
:1096A00024308DF82630002A33D191F8443413F059
:1096B000D00F2ED02B782F2B31D001F244444FF015
:1096C000000805E0009D86F8008086F8028009AC5D
:1096D00029466B4601AA304601F038FA01AA214614
:1096E0000023B0B1009D2D783046002D43D001F00D
:1096F000A7F8354609AC60B10FCD0FC40FCD0FC42C
:1097000033782A682260002BDCD03046FFF7A4FEB5
:10971000D8E7002012B0BDE8F0810846704715F880
:10972000013F2F2BFBD00095D1F84C4493B109A8F1
:109730002422002108F08DFC0B94E379102B1FD01C
:10974000202BE6D180238DF82430012309AC8DF83D
:109750002630B4E719462422304608F07AFCB4607B
:10976000E379102B10D0202BD3D18023337001212B
:10977000B1700846CEE73B4601AA01F061F8C9E79F
:1097800040238DF82430E0E740233370EFE700BF3B
:1097900070B50D46C968044699B906780EB10846F9
:1097A00070BDAD682422314608F053FCA560EB790A
:1097B000102B13D0202B14D1802323700120A070F4
:1097C00070BD2422002108F044FC102301202370E6
:1097D000A070D5E90223A260236270BD40232370EC
:1097E000ECE7304670BD00BF70B504780CB10020C6
:1097F00070BD05460E462422214608F02AFCAE60C4
:10980000F379102B09D0202B05D180232B70012454
:10981000AC70204670BD204670BD40232B70F6E72B
:109820002DE9F8438278D3070546D0E9047824D59A
:10983000037813F008012AD0C069A0EB0806012EB6
:1098400028BF012680451CD013F0400FA868C8F33C
:1098500008042DD0016A01EB58212430002202F0C7
:1098600049FC50B1012E005D0BD1C5E90478BDE87B
:10987000F8832B7813F0D00F03D16B7843F00203F9
:109880006B704FF0FF30C5E90478BDE8F8835E06E1
:1098900080681FFA88F408D543895B019BB2A34214
:1098A000EFD0C4F308040126D4E7C4F3080401266A
:1098B00090F8059009EA58299CB9B9F1000F10D128
:1098C000B8F1000F0FD11A064CBF016A296A29614D
:1098D00090F806C04269023901FA0CF14A44114479
:1098E000BBE73946F4E719B1530601D5791CEEE719
:1098F00005F11002394601F001FB0028BDDBB8D0AC
:10990000A8682969E4E700BF2DE9F04F884681780F
:109910000546C80785B059D52C7821079246994647
:109920005DD4620608D5AA686B695289C3EB4213FD
:109930009BB29A4528BF9A46BAF1000F00F0AA8060
:1099400005F1100368690093564600276306AA686C
:10995000C0F3080B4FEA50215CD5106A0144BBF1FB
:10996000000F43D1B6F5007F40D3D06A81426DD05D
:10997000B6F5806F75D32C7864064FEA562304D46D
:109980001479E41BA34228BF234681424FEA4324B3
:1099900003D801EB030C60450CD3906A424602F0F9
:1099A0008FF898B16869361B2044A044686171D073
:1099B0002C78CBE702F12400CDE90213019202F0EA
:1099C000D7FBDDE90121039B0028E6D16B784FF03E
:1099D000FF3043F002036B7005B0BDE8F08FEB6918
:1099E0006A699B1A9A4528BF9A46A5E7CBF5007489
:1099F000B44228BF344602F12400002202F07AFB70
:109A00000028E3D000EB0B01B9F1000F19D0C9F821
:109A10000010C7E757790F40BBF1000F0FD177B99E
:109A2000B8B924064CBF116A296A296192F806C0A8
:109A30005469023901FA0CF13C4421448FE7296949
:109A4000F4E72246404608F0E0FAABE74FF4007432
:109A5000D1E7200729690DD5A87843060AD5013139
:109A6000E3E7906A424601F09BFF0028AED04FF436
:109A7000007497E71046009A01F040FA0028A5DB31
:109A800002D0AA682969D1E72B7813F0D00F9DD0B6
:109A9000AAEB060A504605B0BDE8F08F2DE9F04F5D
:109AA0008378DA0785B0054640F1988090F800C0C9
:109AB00040691CF0080F40F09A801CF04004AA682E
:109AC00000F09E80B2F80AA0C0EB4A1A1FFA8AFA88
:109AD000BAF11F0F00F29480BAF1000F00F08280FB
:109AE000AA680CF04004002705F11003B846B946F7
:109AF00056460093C0F3080B410A002C37D0106A79
:109B00000144BBF1000F4FD1B6F5007F4CD3D06AB2
:109B100088427AD0B6F5806FC0F083802C786406D6
:109B20004FEA562305D41479A4EB0804A34228BFB6
:109B3000234688424FEA432403D301EB030C6045DC
:109B400040D3906A4A4601F0BBFF002846D06869BE
:109B5000361B2044A14468617DD095F800C0AA68F6
:109B60000CF04004C0F3080B410A002CC7D192F856
:109B7000058008EA0108BBF1000F44D1B8F1000FDD
:109B800041D1002844D11CF0800F14BF116A296A0A
:109B9000296192F806C05469023901FA0CF1444473
:109BA0002144BBF1000FAFD0CBF50074B44228BF05
:109BB000344602F12400002202F09CFA70B100EB5E
:109BC0000B07C4E702F12400CDE90213019202F071
:109BD000CFFADDE90121039B0028B2D16B7843F075
:109BE00002036B700027384605B0BDE8F08FEB69C3
:109BF000A3EB000ABAF1200F28BF4FF0200A6BE751
:109C00004FF0200A6FE72969C3E74FF40074D0E7EB
:109C10001CF0080F29690DD0A87843060AD5013138
:109C2000B6E7906A4A4601F0BBFE0028D6D04FF452
:109C300000748CE71046009A01F060F90028CDDB33
:109C400002D0AA682969A4E72B7813F0D00F18BFB7
:109C5000AAEB060AC2D0BAF1200FC3D1384605B02C
:109C6000BDE8F08F2DE9F04103780669044693B111
:109C70000D464169A94212D045B98278056122F0AA
:109C80002002A27065610120BDE8F081180709D5A6
:109C9000E269AA4211D226610020BDE8F0810120CC
:109CA000BDE8F0815A06D4F808C008D5BCF80A30DF
:109CB000B5EB431FEFD8A278E1E7D4F808C09CF8D1
:109CC0000600A2780930C0B26F1E12F0400F27FACA
:109CD00000F715D14A1E22FA00F0874214D399B139
:109CE0003F1A04F1100807E02169A06801F006F9A5
:109CF000002807F1FF37CEDD4246002FF4D1DAE726
:109D0000236A1F442761BAE71B064CBFDCF82030EA
:109D1000236A2361E5E700BF2DE9F0410D46904637
:109D20000021242204461E469DF8187008F091F97F
:109D3000A8682B6AE36000F1340208F00F0302EB1D
:109D40004312A060A4F80480D17A0D0712D401F068
:109D500037012170D37AE77013F0180F08BF41F074
:109D6000080106F0030308BF2170012B07D0022B66
:109D70002AD07BB100202070A070BDE8F0810223C2
:109D8000A37011F0110FF5D141F02001217006F4FC
:109D9000806C03E016F4806CECD1012306F008011E
:109DA0000B43A370958A518BC76AA76141EA0541AD
:109DB000BCF1000F0BD0A9B963F07F03A37073044B
:109DC00009D40120BDE8F0810323A370D9E7216203
:109DD000D369E361F3E7E1692046FFF743FF002819
:109DE000C8D0EEE701F0C8F80028C3D0A378E3E7B5
:109DF0000378002B40F09E800B7813F0D00F00F01A
:109E000099802DE9F04F4B698BB0029313F01F033B
:109E100040F092800393079301F1100309920D46DD
:109E200008900493AB7813F0010300F0048195F8D7
:109E300000C01CF0080F00F0B280EB69029AA3EB9F
:109E4000020ABAF1200F28BF4FF0200ABAF1000F22
:109E500072D0AA6802980CF040040027B846B946B0
:109E60005646C0F3080B410A002C39D0136A194436
:109E7000BBF1000F4FD1B6F5007F4CD3D06A8842BA
:109E800060D0B6F5806F77D32B785C064FEA562BFF
:109E900005D41379A3EB08039B4528BF9B46884252
:109EA0004FEA4B2404D301EB0B039842C0F0A68089
:109EB000906A5B464A4601F003FE00284BD0686971
:109EC000361B2044A144686100F0828095F800C0F0
:109ED000AA680CF04004C0F3080B410A002CC5D15D
:109EE00092F8058008EA0108BBF1000F28D1B8F10B
:109EF000000F25D1002836D11CF0800F14BF116A45
:109F0000296A2961947950690239A1404044014489
:109F1000BBF1000FAFD0CBF50074B44202F12400C6
:109F20004FF0000228BF344602F0E4F898B100EB8D
:109F30000B07C4E70020704700200BB0BDE8F08F8E
:109F40002969DFE702F1240000224FF4007402F0D7
:109F5000D1F80028EBD16B7843F002036B7000203E
:109F60000BB0BDE8F08F1CF0080F29690DD0AB785D
:109F70005B060AD50131C4E7906A4A4601F010FD3C
:109F80000028E8D04FF4007499E71046049A00F0D6
:109F9000B5FF0028DFDB15D0AA682969B2E71CF0FD
:109FA0004004AA683BD0B2F80AA0029BC3EB4A1A4D
:109FB0001FFA8AFABAF11F0F7FF648AF4FF0200A56
:109FC00018464AE72B7813F0D00FC4D0AAEB060A44
:109FD000BAF1200FB0D1002FAED03B78002BABD020
:109FE0002E2B06D0E52B04D0FA7A110729D50F2A9B
:109FF00019D0002303936B69029313E702F1240045
:10A000000691059202F0B4F8DDE9052100287FF4FD
:10A010004FAF6B7843F002036B700020A0E74FF066
:10A02000200A029819E75A06E5D503F01F030393A7
:10A030007B7B0793DFE76A7842F0020218466A707A
:10A040007BE7039A002A48D0DA017978787A42EAE5
:10A0500053035A18C2F34603B97843EAC21351FABC
:10A0600083F2C2F34603F97843EAC21351FA83F24A
:10A07000C2F34603397943EAC21351FA83F2C2F3B9
:10A080004603797943EAC21351FA83F2C2F34603D5
:10A09000B97943EAC21351FA83F2C2F34603F9795C
:10A0A00043EAC21351FA83F2C2F34603397A43EA10
:10A0B000C21351FA83F2C2F3460343EAC21350FAC1
:10A0C00083F2C2F34603B97A43EAC21351FA83F327
:10A0D000079ADBB293427FF42FAF029A039B00935F
:10A0E000C2F34F12099B08982946FFF715FE24E793
:10A0F0000378A3B170B590F902308568002B04464F
:10A1000082B005F124000CDB02F032F800283CD1CB
:10A11000637843F001036370002002B070BD01203A
:10A1200070470122A16901F0E5FF0028F0D0A38863
:10A1300003F00F035B01C518EAD0C35CE52BE7D041
:10A140002378184A03F03703EB72237816681B074D
:10A1500044BFE369EB61236A6B831B0CAB8266B17E
:10A160000DF103020DF1060101A8B047BDF804305E
:10A17000BDF806202B836B82EA82A378A56803F0E2
:10A180007F03A37005F12400BEE705F50D7001F013
:10A19000EFFF0028BCD0286801F032FD0028B7D0BE
:10A1A000BBE700BF8CA000202DE9F04F83789C070F
:10A1B00083B005466AD592461A07894661D46A6912
:10A1C000D343534562D3BAF1000F4BD057464FF4F7
:10A1D000007BA868296990F8058018EA5228C2F324
:10A1E00008065BD1002E40F08680002900F09080A8
:10A1F000AB785B0603D5EB69934200F29E8005F1D4
:10A2000010031A46019300F079FE00283EDB2C690A
:10A21000A868019B00F0AA8082794369A11E914041
:10A220001944B7F5007F5CD3B7F5806FC26A73D36A
:10A230000379A3EB08034FEA5728434528BF434659
:10A2400091424FEA432402D8CE18964278D8806AC9
:10A250004A4601F091FEC8B16A693F1B2244A144FD
:10A260006A61B6D1EB699342C0F099804F4B1B688D
:10A27000002B00F09280AB7863F07F035046AB7008
:10A2800009E0C169FFF7EEFC002898D16B7843F034
:10A2900001036B70002003B0BDE8F08F8379426941
:10A2A0000239994011444144002EBAD0C6F50074D9
:10A2B000BC4228BF3C460122243001F01BFF00288D
:10A2C000E4D0304422464946264407F09EFEB6F5C7
:10A2D000007FC1D1A868243001F04AFF0028BBD11B
:10A2E000D4E76A69EB695F453C4628BF5C469A4201
:10A2F00007D30522E0E78379426902399940114486
:10A30000D4E7AB7813F0200F0CBF01220522D3E76E
:10A310002C6AE4B12C617FE7914205D100224FF015
:10A32000FF3380F82420C362806A4A4601F004FDAE
:10A330000028ABD04FF400748EE74C1C2C616BE707
:10A3400000264FF0FF3280F82460C2627FE721468A
:10A3500005F1100200F014FD002897D0AB782C69AD
:10A360002C6263F03F03AB70A86855E71A4621469C
:10A3700000F006FD002889D02A69AB7854B1013479
:10A38000944218BF03F0BF0363F07F03AB70144621
:10A39000A86841E743F04003F6E750467BE7AB7817
:10A3A000EA6163F07F035046AB7074E78CA0002035
:10A3B0002DE9F04F0546164607468B469A460FCDC7
:10A3C0008DB003AC0FC40FCD0FC42A683368226070
:10A3D0007360BAF1000F3ED0CDF804A04FF0010930
:10A3E000B246ABEB090189B2490103A8FFF73AFC79
:10A3F00098B303A8FFF752FB804670B30026F2B271
:10A400004146384600F0FEFBDAE90121C4B28A4237
:10A4100002F10105A4F1610C06F1010621D07F28AB
:10A420001BD8CAF804501578BCF1190F98BF203C0E
:10A43000A5F1610298BFE4B2192A9CBF203DEDB29C
:10A44000A5420AD10D2EDAD109F10109019B5FFA6B
:10A4500089F94B45C5D2012000E000200DB0BDE8D0
:10A46000F08FB0FA80F040090DB0BDE8F08F00BF6A
:10A470002DE9F04F92F81280D67C157D4FEAC81E68
:10A480004EEA580E0EEB0608C8F3460E4EEAC81EFA
:10A4900055FA8EF88446C8F3460E507D4EEAC81E23
:10A4A00050FA8EF81446C8F3460E927D94F81A902E
:10A4B0004EEAC81E52FA8EF8C8F3460E4EEAC81E7F
:10A4C00094F817800F4658FA8EF81D46BCE80F0026
:10A4D000C8F3460E4EEAC81E94F818808BB058FA9E
:10A4E0008EF801AE0FC6C8F3460EBCE80F004EEA68
:10A4F000C81E94F8198058FA8EF8C8F3460E0FC695
:10A500004EEAC81EDCF80080E17E227FC6F800809B
:10A5100059FA8EFCCCF3460343EACC1351FA83F389
:10A52000C3F3460646EAC3162368636052FA86F60A
:10A53000002D4FD0F6B24FF0010B4FF0000A45F05E
:10A5400040094FF00F08A7EB0B0189B2490101A8A0
:10A55000FFF788FB00284FD001A8FFF79FFA0028DB
:10A560004AD0039A92F824305D4543F0010382F803
:10A57000243018BF59464FF0000308BF494680F801
:10A580000B80467301700373D4F808C04383013015
:10A590000BE00A2903F1010394BFA0F80320A0F8FF
:10A5A00005200D2B00F102000ED06268624515D027
:10A5B000511C61601278042BD9B2EAD801330D2BFB
:10A5C000028000F10200F0D10BF1010B5FFA8BFB6E
:10A5D0005D45B8D201200BB0BDE8F08FBAF1000F95
:10A5E00006D00AF1010A5FFA8AFA4FF6FF72E2E733
:10A5F00052464FF0010ADEE700200BB0BDE8F08FB5
:10A600002DE9F04702464FF0203152F8123BD0F8C6
:10A6100008C0C0F812105160C2F807101A782E2A2C
:10A62000074614BF0120002003D113F8012F2E2A62
:10A63000FBD00CF1FF3199420FD91CF8012C2E2AC6
:10A6400018BFACF1020203D107E00C782E2C04D025
:10A650009342114602F1FF32F7D19C454FF0000EB4
:10A660006AD97446F2464FF007084FF008091A7885
:10A670002E2A20D0222A26D07C2A24D0A2F15B05C3
:10A68000022D20D9A2F12A05052D5ED9A2F13A05A5
:10A69000052D12D9A2F121055D2D0ED844452DD8E6
:10A6A000A2F16105192D49D8203A4EEA090ED2B21D
:10A6B0005FFA8EFE0BE0994238D002F0C002802A89
:10A6C00008BF00200AD0444518D800205F22651C2E
:10A6D0003E19ECB2062CB27400D83C7401339C4590
:10A6E000C5D8BB7C202B11D098B11EEA0A0F18BF29
:10A6F0004FF0020E87F811E0BDE8F087B8F10A0FBD
:10A7000001D099420FD2BB7C202B02D10020BDE8A2
:10A71000F0873B7C3B4401207E2131227874997480
:10A72000DA74BDE8F0874B1E0020D7E74FF00A0827
:10A7300008244FF01009D1E7F246D2E7A2F1410513
:10A74000192D98BF4AEA090AC1E72D2AA6D0B4E715
:10A750002DE9F04791F810808946054601F112076E
:10A760004FF0620A002603F025FB3044B8F1030FD6
:10A7700080B228BF4FF0030800F00F02092A08F149
:10A7800004038CBF02F1370102F13001DBB208F1A2
:10A7900003024B44D2B2424599744FEA20164DD978
:10A7A00006F00F0608F10203092E4A44DBB28CBF03
:10A7B00037363036434596744FEA20263ED906F0A8
:10A7C0000F06092E4B444FEA20308CBF3736303607
:10A7D00008F1010209289E74C1B2D3B223DD3731DA
:10A7E0004B440026997409EB08037E229A740021D9
:10A7F0002846FFF737FA2846FFF750F90B220346A1
:10A80000014690B11C783846ACB1DB7A1B07F2D414
:10A8100007F0ECFB0028EED10AF1FF3A1AF0FF0A2C
:10A82000A1D1504605E03031DAE76878B0FA80F01F
:10A830004009BDE8F0870120BDE8F087B6B2D2E755
:10A840002DE9F04F0C7814F0D00F8DB061D0047862
:10A85000002C5ED1D468BA4E557C07930C34A6FB0D
:10A8600004640E46AD07C4F3870418BF04F1010861
:10A870004FF00001B3680990924630460F460494A9
:10A88000089314BF5FFA88F84FF001080691FFF7AC
:10A89000E9F90AF11203BB463C46B9460597039312
:10A8A00075693046C5F34F15FFF7F8F830B30378F4
:10A8B000E52B32D0002B30D0444538BF00242E2B5E
:10A8C00036D0C27A0F2A36D0130731D4B9F1000F2F
:10A8D0007FD10B22039907F089FB0028E0D19AF879
:10A8E0001130D80740F1C2807569012330460593C5
:10A8F000C5F34F15FFF7D2F80028D8D1737843B9C4
:10A90000079B1A46920504D503F00303013B012B74
:10A9100038D900200DB0BDE8F08F002C08BF2F46BD
:10A9200044453CBF0134E4B2002BE9D0E52BC6D14D
:10A930004FF00009B4E7B9F1000F0AD1049A03F00F
:10A940001F0B5A45ACD15906AAD5437B06939146B5
:10A9500009E00BF1FF3B5FFA8BFB5B45E8D1437BE2
:10A96000069A9342E4D1BBF1010F99D1691C4B4681
:10A9700089B252463046FFF71BFD002808BF4FF052
:10A9800000098DE7002C08BF2F46444503D30BE098
:10A99000DCB2A04576D03046FFF780F8631C002873
:10A9A000F6D17378002BB4D1A4B21FFA88F5A54272
:10A9B0006AD9DDF8209006E099F8043004EB03141E
:10A9C000A4B2A54260D93046FEF7A0FD0028F3D11D
:10A9D0009FE7BBF1010F9CD102784178447AD30103
:10A9E00043EA52035A18C2F34603817843EAC2137A
:10A9F00051FA83F2C2F34603C17843EAC21351FA13
:10AA000083F2C2F34603017943EAC21351FA83F297
:10AA1000C2F34603417943EAC21351FA83F2C2F307
:10AA20004603817943EAC21351FA83F2C2F3460323
:10AA3000C17943EAC21351FA83F2C2F34603017AA1
:10AA400043EAC21351FA83F2C2F3460343EAC21344
:10AA500054FA83F2C2F34603817A43EAC21351FAED
:10AA600083F3069ADBB29A427FF453AF079B190532
:10AA70003FF54FAFCDF800902A4631460998FFF7D1
:10AA80004BF947E744468FE7059B33B151463046C3
:10AA9000FFF75EFE00283FF43CAF08F1FF385FFA95
:10AAA00088F907EB0905ADB229464B4652463046B8
:10AAB000FFF7DEFC00283FF42CAF69013046FFF7BA
:10AAC000D1F800283FF425AF3046FEF7E7FF0446F3
:10AAD00000283FF41EAF2022002107F0BAFA5346A7
:10AAE000184A53F8121F58686060216019899B7AD0
:10AAF000A37221819AF81130176803F018032373A9
:10AB0000BFB10DF12B020DF12E010BA8B847BDF816
:10AB10002C10BDF82E209DF82B302182E28163732A
:10AB2000089A92F8243043F0010382F82430079BFE
:10AB3000A0E745F62142044B22832361F0E700BFE2
:10AB40004FECC44E8CA00020215C215CF0B408784E
:10AB5000202803D111F8014F202CFBD00E460020F5
:10AB600034461160D06014F8015BDFF894C03746BA
:10AB7000FDB12F2D2DD0A5F120065F2E26D8A5F1F1
:10AB80002206F6B21D2E1DD905F0BF003C281DD0AF
:10AB90005C2D1BD02E2DA4EB010003D0202D01D065
:10ABA000C2E9024026463446374614F8015B002DC0
:10ABB000DFD1D1680139FE2908D81F601046F0BCEA
:10ABC000FFF71EBD2CFA06F6F007DDD50020F0BC1D
:10ABD0007047D1680139FE29F8D8317820293746E5
:10ABE000264605D131780134202937462646F9D04A
:10ABF0002F29F7D01F601046F0BCFFF701BD00BF42
:10AC000001010031042A0CD90A2A06D90C2A9ABF5C
:10AC100001EB4202D0880020704701EB420290888D
:10AC2000704701EB4202B2F8010070472DE9F0478E
:10AC30008AB003780024ADF8044089468DF80640B8
:10AC4000002B55D09246C2780546002A4AD001A86A
:10AC50002946FEF79DFD00284AD0EB78002B00F036
:10AC6000888001264FF03F08A988891B89B24901D5
:10AC700001A8F7B2FEF7F6FF002839D001A8FEF7C9
:10AC80000DFFA8B3C37A0F2B32D1037803F01F0353
:10AC9000BB422DD1611E013049440023042B2ED923
:10ACA0000A2B94BFB0F80320B0F8052003F1010C83
:10ACB0009AB10134A2451BD97E2A22D85FFA8CF3BF
:10ACC0000D2B01F8012F00F10200E7D10137EB78DD
:10ACD000FFB20136BB42B6B2C6D2A144002389F806
:10ACE000003008E013F0C00419D0BAF1010F11D8F8
:10ACF000002489F8004020460AB0BDE8F0870288A9
:10AD0000D4E75FFA8CF30D2B01F8018F00F10200FC
:10AD1000C4D1DBE72F234A700B700124EBE72146F7
:10AD2000FEF740FC0028E3D02346224608260446CE
:10AD30000EE0057B2E4201F1200500D0E9B2551C42
:10AD4000AA45D5D909F80210EAB201330C2B0BD071
:10AD50002178082BA1F141050DD0192D04F1010432
:10AD6000E7D92029EBD1F0E70023144609F8023097
:10AD7000C1E71C46B2E72029F6D010262E21DEE7D7
:10AD80002DE9F843C468C3698C4205460E46174650
:10AD90003ABF0C464FF000084FF0010800F50D795E
:10ADA0000134A3420BD2B8F1000F02D00020BDE85D
:10ADB000F883EC680134A342F8D34FF00108A642AF
:10ADC000F4D0012CF2D9EB79202B3DD0102BEDD112
:10ADD0002A7AAB69022AC4F3072118BF002219445A
:10ADE000484601F087F90028E0D0630003F4FF73C0
:10ADF000C25AEB699A42D3D8002AD1D1B8F1000FD8
:10AE000000D0EC609C42D1D8EB79202B4BD0102B9A
:10AE1000CCD12B7AA969022BC4F307230CBF0322E0
:10AE200001221944484601F065F90028BED01FFAF6
:10AE300084F84FEA480303F4FF734FF6FF72C252DF
:10AE40009EB93C600120B2E72A7AA969022A18BF9C
:10AE5000002201EBD411484601F04CF90028A5D09E
:10AE6000A30003F4FE73C258C3E7012E9ED9EB6919
:10AE70009E429BD8EB79202B2DD0102B96D12B7A8C
:10AE8000A969022BC6F307230CBF032201224846FF
:10AE9000194401F02FF9002888D0730003F4FF73E0
:10AEA00020F80380CDE72B7AA969022B0CBF03227F
:10AEB000012201EBD411484601F01CF900283FF4AF
:10AEC00075AF1FFA84F84FEA880303F4FE736FF03E
:10AED0007042C250B4E72B7AA969022B0CBF03223F
:10AEE0000122484601EBD61101F004F900283FF495
:10AEF0005DAFB30003F4FE73C450A2E7012937D954
:10AF0000C3698B4234D370B5C379202B16460546EE
:10AF10000C4619D0102B28D1027A8369022AC1F37A
:10AF2000072118BF0022194400F50D7001F0E2F866
:10AF3000D8B1610001F4FF71435AEA6993429ABFA4
:10AF400033600120002070BD027A8169022A18BF97
:10AF5000002201EBD41100F50D7001F0CBF820B107
:10AF6000A10001F4FE714358E7E74FF0FF3070BDD8
:10AF70004FF0FF30704700BF01297BD92DE9F8431E
:10AF8000C36999420D46044627D800F50D774FF066
:10AF90000008E379202B23D0102B1ED1227AA3693D
:10AFA000022AC5F3072118BF00221944384601F0D0
:10AFB000A1F890B16B0003F4FF73C25AE3699342A6
:10AFC00026BF16464FF001094FF000099D4204D8F4
:10AFD000E379202B15D0102B35D00020BDE8F88365
:10AFE000227AA169022A18BF002201EBD511384646
:10AFF00001F080F80028F0D0AB0003F4FE73C258D3
:10B00000DCE7237AA169022B0CBF0322012201EBAA
:10B01000D511384601F06EF80028DED0AB0003F4FD
:10B02000FE7340F80380E368AB4284BF05F1FF354F
:10B03000E560B9F1000F1AD0012ECED9E369B34211
:10B040003546A6D2C9E7227AA369022AC5F30721A9
:10B050000CBF032201221944384601F04BF80028A6
:10B06000BBD06B0003F4FF7320F80380DBE7012003
:10B07000BDE8F88300207047F8B50446012600209B
:10B080004FF0FF35E6602160A162C4F83812E0712C
:10B0900084F8240084F8340204F12406E562C4F83C
:10B0A0003C52D2B1042A154601D90020F8BD02460F
:10B0B0000146304601F01EF80028F6D005F1805513
:10B0C000013D2D0100F5DF7043191A79002AECD0FB
:10B0D000425D5206E9D19F6800E01F4630460022DB
:10B0E000394601F007F80028DFD0B0F80B30B3F58F
:10B0F000007FDAD1017C4B1E012BD6D82172427B16
:10B100002271551E0023012A6571A37149D0022ABC
:10B1100049D0042A49D0082A49D0102A49D0202AE7
:10B1200049D0402A49D0802A03D0082312B1A37104
:10B13000BBE70723A3711D46C68A26610EB9466A7E
:10B140002661B0F80EC0BC44C4F818C0B0F8112095
:10B150006281530106FB01C103F2FF1301EB53238C
:10B1600063612162B0F8132002B9026AFB1A13442A
:10B17000EB4040F6F472591C9342E1610DD94FF651
:10B18000F472934285BFC36A236210232023E371C4
:10B190002663C4F840620120F8BD0C23E37100204F
:10B1A000F8BD1D46C8E70123C4E70223C2E7032315
:10B1B000C0E70423BEE70523BCE70623BAE700BFC8
:10B1C00081421DD0F8B5002787638E6BC7630C469C
:10B1D0000546B6B10146242000F0D8F807808770F4
:10B1E000A863A76BB842064606D00FCF35460FC5F9
:10B1F0000FCF0FC53B682B600023C4E90E33F8BDA9
:10B200007047CB6B002BF7D00146382000F0BEF81A
:10B2100080F8316080F8326080F83360E863E36B77
:10B220009842E9D003F130021E685D689968DF68D2
:10B23000C7601033934206604560816000F11000E2
:10B24000F2D11B680360D7E710B50446806B60B984
:10B25000E06B28B1FCF740FA0023C4E90E3310BDBF
:10B2600000230120C4E90E3310BDFEF7ABF9002323
:10B27000C4E90E3310BD00BF002945D02DE9F843C5
:10B280000446806B0F469946904600BBE06B00B3C6
:10B29000FCF722FAD7F880640025C4E90E55FEB900
:10B2A000D7F884346BB32146382000F06FF880F86B
:10B2B000316080F8326080F83360D7F88414E0633E
:10B2C0004B464246FDF7F4F8C0B9E06317E0FEF7DD
:10B2D00079F9D7F880640025C4E90E55002EDFD037
:10B2E0002146242000F052F805808570D7F880149C
:10B2F000A0634B464246FEF7C7F938B10120BDE8CE
:10B30000F8830020BDE8F88300207047A063BDE803
:10B31000F88300BF2DE9F0410446806B0E4690464D
:10B32000D0B9E06B08B1FCF7D7F90025A563B76B7E
:10B33000E563A7B12146242000F028F80580857038
:10B34000A0634246B16BFEF753FD10B10120BDE88A
:10B35000F081A063BDE8F081FEF734F9E5E7F06B1A
:10B360000028F4D02146382000F010F880F8317021
:10B3700080F8327080F83370E0634246F16BFDF77D
:10B3800079F80028E2D1E063BDE8F0810846704713
:10B390002DE9F843002506460F46C0F880540146C3
:10B3A0004FF4906098469146FFF7F0FF4FF0FF335F
:10B3B0008360C0F8183245600570C0F8145280F8F8
:10B3C000105280F8445480F8795480F87A5480F808
:10B3D0007B54089BC6F88404424639460446FDF770
:10B3E0000BFF30BB00253146C6F884544FF48D6006
:10B3F000FFF7CCFF4FF0FF33C362C0F83C32C5719A
:10B40000856280F82450C0F8385280F83452A0F891
:10B41000445480F8465442463946089BC6F8800496
:10B420000446FFF729FEF8B90020C6F88004BDE8FD
:10B43000F88304F589652846FCF74EF9214628462D
:10B44000FCF754F90028CDD0104B1A68DAB1104B34
:10B45000B9F1000F04D11A6812B10120BDE8F883D8
:10B460001E600120BDE8F88304F244452846FEF73B
:10B47000A9F821462846FEF7B7F90028D4D0054B95
:10B480001A68002AE3D11C60E1E700BF80A0002019
:10B4900088A0002084A0002070B54FF47A760025A3
:10B4A0008660054E45600446C0E9125540F8106BB1
:10B4B000FFF7E2FE204670BDE057040010B50446D9
:10B4C0000121807C00F014FEFF212068FAF7A2F829
:10B4D0002068FAF757F80023237510BD2DE9F041D5
:10B4E000457D82B0022D04460E46019241D0012DC9
:10B4F0006DD0037D002B56D096B10C2E10D002F0EB
:10B5000059FC00F5967085B204E002F053FC281A4D
:10B51000010468D4FF212068FAF77CF8FF28F4D1F1
:10B5200046F040012068FAF775F801AF02AD15F852
:10B53000011D2068FAF76EF8AF42F8D1002E14BF53
:10B54000872195212068FAF765F8FF212068FAF72E
:10B5500061F80A25FF212068FAF75CF8020605F178
:10B56000FF33A07502D513F0FF05F3D102B0BDE89B
:10B57000F08102F01FFC00F5167087B204E002F0C3
:10B5800019FC381A000432D4FF212068FAF742F877
:10B59000FF280546F3D1FD212068FAF73BF8237D0B
:10B5A000002B56D16375234653F8040B93E806002D
:10B5B000F9F784FF01230021A07C237500F098FD9A
:10B5C000FF212068FAF726F8002E96D1A8E7002779
:10B5D00047753A460C21FFF781FF237D8046D0B1A5
:10B5E0000922E2743BBBFF2002B0BDE8F081237D5D
:10B5F0001F22E274002BF6D00121A07C00F078FD20
:10B60000FF212068FAF706F82068F9F7BBFF00234E
:10B610002375FF20AAE7002BC5D02946A07C00F0A7
:10B6200067FDFF212068F9F7F5FF2068F9F7AAFF09
:10B6300084F81480B7E72946A07C00F059FDFF216B
:10B640002068F9F7E7FF2068F9F79CFF2775FF20CE
:10B650008CE70121A07C00F04BFD29462068F9F71A
:10B66000D9FF2068F9F78EFF0023237563759AE7E9
:10B670002DE9F04F87B001AC84E80E0004460025A8
:10B680009DF80400A074657425756575A575E5754C
:10B69000E5749DF805A000F027FDA07C012100F0D5
:10B6A00027FDBD4B0398BD4A2572A84208BF184626
:10B6B00001231AF0020F62606372206000F00181C2
:10B6C000257D01266674002D00F0EA800121A07C12
:10B6D00000F00EFD0A26FF212068013EF9F79AFFCF
:10B6E00016F0FF06F7D13146A07C00F001FD02F014
:10B6F00061FB00F5FA6087B204F104084FF001091C
:10B70000657D0596022D63D0012D00F08D80237D8F
:10B71000002B79D040212068F9F77CFF0DF1140B44
:10B7200006AD15F8011D2068F9F774FFAB45F8D197
:10B7300095212068F9F76EFFFF212068F9F76AFF6D
:10B740000A25FF212068F9F765FF10F0800F834676
:10B7500005F1FF33A0751BD013F0FF05F1D102F006
:10B7600029FB381A0004CBD50123E374207D60B196
:10B770000121A07C00F0BCFCFF212068F9F74AFF02
:10B780002068F9F7FFFE0020207507B0BDE8F08FB4
:10B790000128E4D108214FF4D5722046FFF79EFE20
:10B7A000410700F19F800425FF212068F9F732FF4F
:10B7B0006B1E13F0FF05A075F6D1AA2800F0C68015
:10B7C00002F0F8FA381A0204E4D50623E374CDE750
:10B7D00002F0F0FA00F516701FFA80FB05E002F0A7
:10B7E000E9FAABEB000005043ED4FF212068F9F72D
:10B7F00011FFFF280546F2D1FD212068F9F70AFF65
:10B80000237D002B60D1637598E806002068F9F766
:10B8100055FEA07C84F81490002100F069FCFF2103
:10B820002068F9F7F7FE75E7667500220C212046BF
:10B83000FFF754FE237D834610B30922E274002BE8
:10B840008DD00121A07C00F053FCFF212068F9F786
:10B85000E1FE2068F9F796FE267502F0ABFA381A79
:10B8600000047FF54DAF7FE7237D1F22E274002B9C
:10B87000E7D102F09FFA381A00047FF541AF73E771
:10B88000002BC1D02946A07C00F032FCFF212068AB
:10B89000F9F7C0FE2068F9F775FE84F814B0B3E735
:10B8A000234653F8040B93E80600F9F707FE2946F0
:10B8B000A07C267500F01CFCFF212068F9F7AAFE89
:10B8C00004E7F9F7B7FDFBE60121A07C00F010FCCE
:10B8D00029462068F9F79EFE2068F9F753FE267581
:10B8E000667591E70126002504E002F063FA381A34
:10B8F00003042FD4002237212046FFF7EFFD2A460C
:10B9000029212046FFF7EAFD0028EED1022E24D09F
:10B91000237D63B10121A07C00F0EAFBFF212068B8
:10B92000F9F778FE2068F9F72DFE00232375029AB7
:10B9300084F817B001200AF0010A002384F810A04F
:10B9400062602372607207B0BDE8F08F02264FF08C
:10B950008045CFE71723E37408E702463A212046E3
:10B96000FFF7BCFD10B11223E374FFE6FF2120684E
:10B97000F9F750FE00F0C000C0280CBF4FF0030BD9
:10B980004FF0020B0325FF212068013DF9F742FE2D
:10B9900015F0FF05F7D1BBE758A00020801A06007C
:10B9A00070B5437D012B04460D46164602D1C3688F
:10B9B00099421FD0E37D032B14BF6A022A4612214D
:10B9C0002046FFF78BFD90B1237D0C22E27453B328
:10B9D000A07C012100F08CFBFF212068F9F71AFE02
:10B9E00000252068F9F7CEFD2575284670BD012396
:10B9F000E560637502F0DEF900F5967085B204E04B
:10BA000002F0D8F9281A030410D4FF212068F9F7AE
:10BA100001FEFF28A075F3D0FE280AD01923E37495
:10BA2000237D002BD4D10025284670BD1E23E3744E
:10BA3000F6E7751E06F2FF16FF212068F9F7EAFD0A
:10BA400005F8010FB542F7D10023A375FF21206847
:10BA5000F9F7E0FDFF212068F9F7DCFDE368257CBC
:10BA60000133E3600DB10125DEE765752A460C213F
:10BA70002046FFF733FD064688B1237D0922E27494
:10BA8000002BD0D00121A07C00F032FBFF212068E8
:10BA9000F9F7C0FD2068F9F775FD2575C4E7257D28
:10BAA000002DE0D00121A07C00F022FBFF212068C6
:10BAB000F9F7B0FD2068F9F765FD2675B4E700BF1A
:10BAC0002DE9F0470E46417D0129044690461F4668
:10BAD00002D1C368B34220D0E37D032B14BF7202AE
:10BAE000324612212046FFF7F9FC98B1237D0C2243
:10BAF000E27493B3A07C012100F0FAFAFF212068E0
:10BB0000F9F788FD00252068F9F73CFD25752846E2
:10BB1000BDE8F0870123E6606375002F3FD008F190
:10BB2000FF39002608F2FF1802F044F900F596707C
:10BB300085B204E002F03EF9281A030411D4FF2173
:10BB40002068F9F767FDFF28A075F3D0FE280BD019
:10BB50001923E374237D002BCCD100252846BDE8B2
:10BB6000F0871E23E374F5E74FEA462A09EB0A053E
:10BB7000C244FF212068F9F74DFD05F8010FAA45E1
:10BB8000F7D10023A375FF212068F9F743FD0136A3
:10BB9000FF212068F9F73EFDB742C5D1E668257C54
:10BBA0003744E7600DB10125D8E765752A460C21B9
:10BBB0002046FFF793FC064688B1237D0922E274F4
:10BBC000002BCAD00121A07C00F092FAFF2120684E
:10BBD000F9F720FD2068F9F7D5FC2575BEE7257D2E
:10BBE000002DE0D00121A07C00F082FAFF21206826
:10BBF000F9F710FD2068F9F7C5FC2675AEE700BF20
:10BC000070B5457D022D82B0044640D0012D03D091
:10BC10000125284602B070BD067D006800236375CB
:10BC20000193002E6AD04C21F9F7F4FC01AE02AD6D
:10BC300015F8011D2068F9F7EDFCAE42F8D1872117
:10BC40002068F9F7E7FCFF212068F9F7E3FC0A25F3
:10BC5000FF212068F9F7DEFC0206064605F1FF33F6
:10BC6000A07539D513F0FF05F2D1257D0923E374C2
:10BC700075B30121A07C00F03BFAFF212068F9F7A1
:10BC8000C9FC00252068F9F77DFC2575C1E702F0A5
:10BC900091F800F5167086B204E002F08BF8301AC5
:10BCA000010410D4FF212068F9F7B4FCFF280546F1
:10BCB000F3D1FD212068F9F7ADFC237D73BB002390
:10BCC00063750125A5E7237D1F22E274002BD0D1E7
:10BCD0000025284602B070BD257D0028C6D1002D64
:10BCE00096D00121A07C00F003FAFF212068F9F72B
:10BCF00091FC2068F9F746FC26758AE7231D93E836
:10BD00000600F9F7DBFB3146A07C257500F0F0F961
:10BD1000FF212068F9F77EFC206884E70121A07CE0
:10BD200000F0E6F929462068F9F774FC2068F9F775
:10BD300029FC00232375C2E7F8B5077C05460C46AD
:10BD40001646002F43D1C37D032B18BF4C02224659
:10BD50001821FFF7C3FB40B10D23EB742B7D002BA3
:10BD600040F0858000273846F8BDFE212868F9F7A5
:10BD700051FC741E06F2FF1614F8011F2868F9F72B
:10BD800049FCA642F8D1FF212868F9F743FCFF21BE
:10BD90002868F9F73FFCFF212868F9F73BFC00F021
:10BDA0001F03052BA87575D02B7D2122EA74002B6B
:10BDB000D8D00121A87C00F09BF9FF212868F9F771
:10BDC00029FC2868F9F7DEFB00232B75CAE7437DC1
:10BDD000022B3BD1C368994238D101F0EBFF00F54B
:10BDE000167084B204E001F0E5FF201A01046DD45E
:10BDF000FF212868F9F70EFCFF28F4D1FC21286800
:10BE0000F9F708FC741E06F2FF1614F8011F2868E3
:10BE1000F9F700FCB442F8D1FF212868F9F7FAFBE2
:10BE2000FF212868F9F7F6FBFF212868F9F7F2FBF4
:10BE300000F01F03052BA875B6D1EB682A7C0133EF
:10BE4000EB60002A4CD001273846F8BDEB7D032B70
:10BE500014BF6202224619212846FFF73FFBA8B112
:10BE60002B7D0E22EA74002B3FF47CAFA1E7A87C67
:10BE7000012100F03DF9FF212868F9F7CBFB286884
:10BE8000F9F780FB00232B753846F8BD0223EC60E0
:10BE90006B75A2E701F08EFF00F5167086B204E024
:10BEA00001F088FF301A030417D4FF212868F9F73E
:10BEB000B1FBFF280446F3D100220D212846FFF7ED
:10BEC0000DFB00283BD00A23EB7447E72B7D25228E
:10BED000EA74002B7FF46DAF44E72423EB743DE755
:10BEE00001F068FF00F5167086B204E001F062FF11
:10BEF000301A02040FD4FF212868F9F78BFBFF28C2
:10BF00000446F3D1FD212868F9F784FB2B7D23BB80
:10BF100000236B7527E72B7D1F22EA74002B3FF46B
:10BF200021AF0121A87C00F0E3F8FF212868F9F790
:10BF300071FB00272868F9F725FB2F7513E72146C9
:10BF40002868F9F767FB0028BDD12F7D002F3FF44B
:10BF50007AAF2846FFF7B2FA05E70121A87C00F086
:10BF6000C7F821462868F9F755FB2868F9F70AFB56
:10BF700000232B75CCE700BF2DE9F0410F46417D32
:10BF8000022905461646984602D1C368BB4212D024
:10BF9000EB7D032B14BF7A023A4619212846FFF79E
:10BFA0009DFA28B12B7D0E22EA74002B3CD06BE069
:10BFB0000223EF606B75B8F1000F3FD006F2FF1659
:10BFC000002701F0F7FE00F5167084B204E001F0DE
:10BFD000F1FE201A020452D4FF212868F9F71AFB57
:10BFE000FF28F4D1FC212868F9F714FBA6F50074AA
:10BFF00014F8011F2868F9F70DFBA642F8D1FF21BC
:10C000002868F9F707FBFF212868F9F703FBFF21F0
:10C010002868F9F7FFFA00F01F03052BA87507D071
:10C020002B7D2122EA747BBB00242046BDE8F081F1
:10C030000137B84506F50076C3D1EF682C7C47443C
:10C04000EF60002CF1D101F0B5FE00F5167087B25B
:10C0500004E001F0AFFE381A030423D4FF2128685E
:10C06000F9F7D8FAFF280646F3D1FD212868F9F739
:10C07000D1FA2B7D4BBB00236B750124D5E72B7DBB
:10C080002522EA74002BCFD00121A87C00F030F8E3
:10C09000FF212868F9F7BEFA2868F9F773FA002338
:10C0A0002B75C1E72B7D1F22EA74002BBCD0012128
:10C0B000A87C00F01DF8FF212868F9F7ABFA286882
:10C0C000F9F760FA00232B75AFE70121A87C00F097
:10C0D0000FF831462868F9F79DFA2868F9F752FAFF
:10C0E00000232B75C7E700BF012104F0F9BF00BF93
:10C0F00005F07AB82DE9F041476847B30D468168ED
:10C100008046A9421646044618F8103B05D0D807C9
:10C110000AD4730714D5A560002306F00302134365
:10C1200023704046BDE8F08138464246FFF704FEE2
:10C1300068B123789A070FD423F001032370E8E74E
:10C14000424629466068FFF72BFC0028E3D14FF0F8
:10C1500000084046BDE8F081D4E902136068194444
:10C160004246FFF7E9FD0028F1D02378E4E700BF5D
:10C1700070B50378D90702D40125284670BD00F1B7
:10C18000100604463246D0E90101FFF7D5FD054609
:10C1900078B123789A0704D423F00103237028464A
:10C1A00070BDD4E90213606832461944FFF7C4FD3C
:10C1B00010B90025284670BD2378EDE7024B1868BA
:10C1C00008B100F097B8704790A0002070B52DED31
:10C1D000028B08EE101A90F83010057C3D4E81F06D
:10C1E00002010446C1F34001284604F0FDFF284641
:10C1F000012104F075FF56F825201F2A88BF203A38
:10C2000001239340E36156F82520334B657C1F2AB8
:10C2100098BF4FF0A04303F2045323622846002145
:10C2200004F05EFF94F830309A074DD5B8EEC88A16
:10C230009FED2A7A6574C7EE087A56F825201F2AE2
:10C2400088BF203A01239340636156F82520224B92
:10C250001F2A98BF4FF0A04303F5A263A361FCEE31
:10C26000E77A17EE900A83B24208591E023A18463E
:10C27000E385A385618522852BB1194B800143F0AD
:10C2800001039847A38DE3B1164D2B689C4218D04B
:10C2900013B1587C01F004F894F830301248134977
:10C2A0002C606FF30003002284F830309B0702708B
:10C2B0000A70607C0E494CBF0422032200F0E6FEA7
:10C2C0006062BDEC028B70BD0121284604F08CFF3A
:10C2D000ACE700BF689004000003005000247449DC
:10C2E0006090040090A00020D5A00020D4A00020E1
:10C2F000BDC103002DE9F84390F83020434D437C45
:10C30000816955F82330096892076ED51F2B88BFC5
:10C31000203B012202FA03F3194264D080463C4BD1
:10C32000008DD8F82420C3F8082320B1394B8001B0
:10C3300043F001039847374E082446F001064FF0BA
:10C3400000090127B8F82A30980103B1B04700BFAF
:10C3500000BF00BF00BF00BF00BF00BF00BF00BFE5
:10C3600000BF00BF00BF00BF00BF00BF00BF98F804
:10C370001130D8F8182055F8233011681F2B88BFCA
:10C38000203B07FA03F319424FEA590904F1FF323F
:10C3900018BF49F0800912F0FF04D3D198F830306B
:10C3A0001D4A1E499B071378097803F1010348BF12
:10C3B0006FEA090903F03F0348BF5FFA89F98B422E
:10C3C0001CD011781648137000F80190B8F82C00B2
:10C3D00020B1104B800143F0010398470C4BD8F873
:10C3E0002420C3F80423BDE8F8831F2B88BF203B1B
:10C3F000012202FA03F3194290D0F4E798F83030A2
:10C4000043F0010388F83030E0E700BF6890040093
:10C410000060004060900400D5A00020D4A000205F
:10C4200094A00020704700BFF8B5174682B10546BA
:10C430000E46002402E00134A74207D02B6816F80C
:10C44000011B1B68284698470028F4D12046F8BDF8
:10C450001446FBE703688A685B680968184700BFF1
:10C4600069B170B5054608460C4606F0B6FC2B6867
:10C470000246214628465B68BDE8704018470846DA
:10C48000704700BF03681B68184700BFF0B50F4630
:10C490008BB00568002A3DD00A2A04461ED1002927
:10C4A0003DDB0AAE00232F4806F8043D0B46A0FBF7
:10C4B0000312D20802EB8201A3EB4103303306F8EA
:10C4C000013D1346002AF2D1304606F086FC6B6827
:10C4D00002463146204698470BB0F0BD0AAED2B2B4
:10C4E0000023022A06F8043D2CBF10460A200A4603
:10C4F000B2FBF0F100FB1127FBB2092F03F130076B
:10C500008ABF3733FBB2DBB20A4606F8013D002989
:10C51000EED1D9E72B68C9B298470BB0F0BD2B68B4
:10C520002D2198470AAD002306460E4805F8043D24
:10C530007B42A0FB0321C90801EB8102A3EB42036C
:10C54000303305F8013D0B460029F2D1284606F0AC
:10C5500044FC2368024629465B68204698473044DD
:10C560000BB0F0BDCDCCCCCCF0B506688BB022B909
:10C570003368C9B298470BB0F0BD0AACD2B2002301
:10C58000022A04F8043D05462CBF10460A20B1FBE0
:10C59000F0F200FB1217FBB2092F03F130078ABF3C
:10C5A0003733FBB2DBB2114604F8013D002AEED16D
:10C5B000204606F012FC736802462146284698473A
:10C5C0000BB0F0BDF0B506688BB022B93368C9B2C4
:10C5D00098470BB0F0BD0AACD2B20023022A04F88F
:10C5E000043D05462CBF10460A20B1FBF0F200FBCB
:10C5F0001217FBB2092F03F130078ABF3733FBB2A2
:10C60000DBB2114604F8013D002AEED1204606F0C7
:10C61000E4FB736802462146284698470BB0F0BDFC
:10C62000036802495B680222184700BF10510400EA
:10C6300038B503688A685B680968044698472368C8
:10C6400003495B680546022220469847284438BDC6
:10C6500010510400036870B505460C465E6849B188
:10C66000084606F0BAFB214602462846B0472B682A
:10C670005E680446284602220149B047204470BD46
:10C6800010510400F0B505468BB006685AB93368FE
:10C69000984704462B6817495B682846022298474A
:10C6A00020440BB0F0BD0AAF0B46D2B20021022AE3
:10C6B00007F8041D2CBF14460A241846B0FBF4F2F8
:10C6C00004FB1201CBB2092903F130018ABF3733D1
:10C6D000CBB2DBB2104607F8013D002AEED1384656
:10C6E00006F07BFB736802463946284698470446A5
:10C6F000D0E700BF10510400F0B504468BB00F46E0
:10C700000568002A44D00A2A26D1002945DB0AAE52
:10C710000023334806F8043D0B46A0FB0312D20861
:10C7200002EB8201A3EB4103303306F8013D1346CF
:10C73000002AF2D1304606F050FB314602466B68C3
:10C74000204698470646236826495B682046022211
:10C75000984730440BB0F0BD0AAED2B20023022A93
:10C7600006F8043D2CBF10460A200A46B2FBF0F141
:10C7700000FB1127FBB2092F03F130078ABF3733C3
:10C78000FBB2DBB20A4606F8013D0029EED1D1E743
:10C790002B68C9B298470646D5E72B682D219847E4
:10C7A0000AAD002306460E4805F8043D7B42A0FB77
:10C7B0000321C90801EB8102A3EB4203303305F8E2
:10C7C000013D0B460029F2D1284606F006FB2368FE
:10C7D000024629465B68204698470644B3E700BFF7
:10C7E000CDCCCCCC10510400F0B505468BB006681A
:10C7F00062B93368C9B2984704462B6815495B682B
:10C8000028460222984720440BB0F0BD0AACD2B2B1
:10C810000023022A04F8043D2CBF10460A20B1FB75
:10C82000F0F200FB1217FBB2092F03F130078ABFA9
:10C830003733FBB2DBB2114604F8013D002AEED1DA
:10C84000204606F0CAFA21460246736828469847F1
:10C850000446D2E710510400F0B505468BB00668D7
:10C8600062B93368C9B2984704462B6815495B68BA
:10C8700028460222984720440BB0F0BD0AACD2B241
:10C880000023022A04F8043D2CBF10460A20B1FB05
:10C89000F0F200FB1217FBB2092F03F130078ABF39
:10C8A0003733FBB2DBB2114604F8013D002AEED16A
:10C8B000204606F092FA21460246736828469847B9
:10C8C0000446D2E71051040008B54FF4006200217D
:10C8D00005F0BFFB0022C0F80028C0F8042808BDFE
:10C8E000D0F8002810B4531CD0F80448C3F30A034E
:10C8F0009C4218BF81545DF8044B18BFC0F8003843
:10C90000704700BF0023C0F80038C0F804387047F3
:10C91000D0F80438D0F80028934207D05A1CC35CE2
:10C92000C2F30A02C0F80428184670474FF0FF30DF
:10C93000704700BFD0F80038D0F80408181A48BF74
:10C9400000F50060704700BFD0F80438D0F8002828
:10C95000934214BFC05C4FF0FF307047D0F80038EE
:10C96000D0F804080133C3F30A03181AB0FA80F0B0
:10C970004009704741F22303C05C704770B541F233
:10C980001D030446C356002B0DDB5A09203201213A
:10C99000234803F01F0301FA03F340F82230BFF3EA
:10C9A0004F8FBFF36F8F23694FF48872C3F808234A
:10C9B00022690023C2F844312269C2F85831226941
:10C9C000012353602269D36001E004F0D9F923699F
:10C9D000D3F85821002AF8D0D3F84421002AF4D003
:10C9E0000025C3F8005522694FF0FF33C2F80C351B
:10C9F0002269C2F814352269C2F80835226941F269
:10CA00002406C2F8103504F11400FFF77BFFA0598B
:10CA100002F0D2F841F22303A551E55470BD00BFE6
:10CA200000E100E01430FFF785BF00BF1430FFF7CE
:10CA30008BBF00BF1430FFF76BBF00BF08B541F2DA
:10CA40002403C05802F0AEF8002814BF4FF4006071
:10CA5000002008BD41F22303C35C03B9704770B5E1
:10CA600041F2240504464FF0FF31405901F0EEFE3B
:10CA7000002360591A461946BDE8704001F09EBA7D
:10CA800010B50368104A5B6882B093428DF80710B6
:10CA900014D141F2240304464FF0FF31C05801F095
:10CAA000D5FE22699DF8073084F81D380123C2F8AD
:10CAB000483522691846936002B010BD01220DF17D
:10CAC0000701984702B010BDCDCA03002DE9F84F09
:10CAD0004AB300F5815916468846074609F104090C
:10CAE00000F61D0B00254FF0010A741BB4F5006F12
:10CAF00028BF4FF400644FF0FF31D9F8000001F077
:10CB0000A5FE08EB05012246584605F07EFA3B6972
:10CB1000C3F848453B692544AE42C3F808A0E4D8B1
:10CB20002846BDE8F88F15462846BDE8F88F00BFB7
:10CB300070B50468824A246A944240F0BD8041F294
:10CB400023020346825C002A40F0B58041F21F00B8
:10CB50000D461969185CC1F80C0541F21E001969EF
:10CB6000185CC1F8140541F22201595C012900F05A
:10CB7000B2801969C1F86C25B5F5966F45D9B5F540
:10CB8000166F40F29E80B5F5965F40F2B480B5F521
:10CB9000165F40F2B280B5F5615F40F2B080B5F546
:10CBA000964F40F2AE80B5F5E14F40F2AC8047F6CB
:10CBB0001222954240F2A980B5F5164F40F2A880A6
:10CBC0004DF6C022954240F2A680B5F5614F40F285
:10CBD000A580B5F5963F40F2A480B5F5E13F40F25F
:10CBE000A580B5F5613F40F29E80564A954240F2DD
:10CBF000A380B5F5E12F40F29C80B5F5612F8CBF85
:10CC00004FF080524FF0706201E04FF49E2219699C
:10CC1000C1F824251A690821C2F800151A6903F61B
:10CC20001D01C2F844151A690021C2F820111A69C1
:10CC300003F61C01C2F834151A690121C2F838152F
:10CC40001A6911601A694FF4887041F21D04C2F824
:10CC500004031A57002A37DB5509603502F01F021A
:10CC6000394801FA02F240F825201A57002A2BDB36
:10CC70000244602182F8001341F21D029A56002AF4
:10CC800007DB314802F01F0401215209A14040F89E
:10CC900022100322002101201C4601F04DF941F22F
:10CCA00024020023A05019461A4601F087F941F2E8
:10CCB00023030122E25470BD23460022BDE87040E8
:10CCC00018474FF41D22A2E7204902F00F02114439
:10CCD00060220A76D0E703F5815218691278C0F80D
:10CCE000102541F221001A69185CC2F808051A697A
:10CCF000C2F86C1540E7164A89E7164A87E7164AD4
:10CD000085E7164A83E7164A81E74FF400027EE77B
:10CD10004FF41D027BE74FF4650278E74FF46B0296
:10CD200075E7104A73E74FF06C7270E74FF0EB72E3
:10CD30006DE74FF0E8626AE74FF0806267E700BF97
:10CD400069CD030090D0030000E100E0FCEC00E0BE
:10CD500000B013000050270000F03A0000A04E0081
:10CD600000C0750000903A0138B541F22303C35C5E
:10CD7000002B40F0B48041F21F040369045DC3F846
:10CD80000C4541F21E040369045DC3F8144541F2E9
:10CD90002203C35C012B00F0A3800369C3F86C2558
:10CDA000B1F5966F45D9B1F5166F40F2AB80B1F58C
:10CDB000965F40F2B180B1F5165F40F2AF80B1F5F9
:10CDC000615F40F2AD80B1F5964F40F2AB80B1F5B6
:10CDD000E14F40F2A98047F61223994240F2A68023
:10CDE000B1F5164F40F2A5804DF6C023994240F2AE
:10CDF000A380B1F5614F40F2A280B1F5963F40F2B9
:10CE0000A180B1F5E13F40F29F80B1F5613F40F272
:10CE10009E80534B994240F2A080B1F5E12F40F241
:10CE20009980B1F5612F8CBF4FF080534FF0706344
:10CE300001E04FF49E230269C2F8243503690822F9
:10CE4000C3F80025036900F61D02C3F844250369F1
:10CE50000022C3F82021036900F61C02C3F8342520
:10CE600003690122C3F8382503691A6003694FF486
:10CE7000887141F21D04C3F804130357002B44DBEF
:10CE80005D09603503F01F03364902FA03F341F8E8
:10CE900025300357002B38DB0B44602283F8002336
:10CEA00041F21D03C356002B07DB2E4903F01F047C
:10CEB00001225B09A24041F82320044603220021FD
:10CEC000012001F039F841F224020023A050194654
:10CED0001A4601F073F841F223030122E25438BDEF
:10CEE00000F5815304691B78C4F8103541F2210420
:10CEF0000369045DC3F80845036942F00102C3F801
:10CF00006C254DE74FF41D2395E7174A03F00F03F7
:10CF10001A4460231376C3E7144B8CE7144B8AE75B
:10CF2000144B88E7144B86E7144B84E74FF4000357
:10CF300081E74FF41D037EE74FF465037BE74FF471
:10CF40006B0378E70E4B76E74FF0EB7373E74FF028
:10CF50006C7370E74FF0E8636DE74FF080636AE74A
:10CF600090D0030000E100E0FCEC00E000B0130012
:10CF70000050270000F03A0000A04E0000C07500ED
:10CF800000903A01074B10B441F21E0453F82110EF
:10CF9000015541F21F0153F8223043545DF8044B10
:10CFA000704700BF6890040010B5124C2369D3F895
:10CFB000102142B10022C3F81021D3F83C2582B9D8
:10CFC00001221A602369D3F8202102B910BD002183
:10CFD00041F22402C3F82011A058BDE8104001F02E
:10CFE00077BA94F81C1804F11400FFF779FC236950
:10CFF000E6E700BFD8A0002038B5124C124A204600
:10D0000000254FF47A7340F8142BC4E90153FFF75D
:10D010005BFC41F21D010D4B0D4A22610220605460
:10D02000D3E9001341F21E0241F21F00A154235420
:10D0300041F2220141F2240241F223036554A5503A
:10D04000E55438BDD8A00020CC90040068900400BE
:10D050000020004008B5094B1BB10948E9F748F921
:10D0600048B9084B1BB10848FFF764FC00B908BD7C
:10D07000AFF3008008BDAFF30080F2E700000000CE
:10D080003063002000000000ECA000202DE9F047F4
:10D090007C4F3D6806460C46904675B1162E09D861
:10D0A00028F48073032BC8F3002224D0042B59D01A
:10D0B000022B3BD00020BDE8F08729462022724891
:10D0C00004F0C7FF714A7249724B0D604FF0FF3098
:10D0D000C2E9000040224D60C3F88020BFF34F8FAB
:10D0E000BFF36F8F6021C3F8802183F806131A60A5
:10D0F00001233B60D2E74FF40037674B634853F896
:10D10000265090F900102B0203F47C5343F00103E6
:10D110008D4243EA07030CD090F90160B54224D058
:10D1200090F90270BD4222D1022603E04FF440374D
:10D13000E3E70026B10001F1804101F5C0418555CA
:10D14000D1F81005504F524D47F8264020F00310FB
:10D1500020F47C5003430120AA55C1F81035B0409B
:10D16000BDE8F0874FF48037C7E70126E2E790F982
:10D1700003C0654549D090F904E075455BD090F94E
:10D18000058045456DD090F906904D4577D090F9D2
:10D1900007A0AA4501D10726CCE7013123D13F4999
:10D1A000D1F8101589071ED10026B10001F1804188
:10D1B00001F5C0418555D1F81005334F344D47F87E
:10D1C000264020F0031020F47C500343C1F81035B2
:10D1D0000023C1F800310120304BAA55B040C3F8FC
:10D1E0000403BDE8F087013606D12C49D1F81415A7
:10D1F000890701D10126D8E7013708D12749D1F89D
:10D2000018158F0703D10226CFE7032692E7BCF15A
:10D21000FF3F06D12149D1F81C158E0701D1032605
:10D22000C3E7BEF1FF3F08D11C49D1F8201589079B
:10D2300003D10426B9E704267CE7B8F1FF3F06D105
:10D240001649D1F824158F0701D10526ADE7B9F1AC
:10D25000FF3F08D11149D1F828158E0703D10626C2
:10D26000A3E7052666E7BAF1FF3F7FF423AF0B493A
:10D27000D1F82C1589077FF41DAF072695E7062600
:10D2800058E700BF30B1002008B1002028B10020CD
:10D2900000B1002000E100E0689004000060004060
:10D2A000162825D8264A274B52F8202093F900103B
:10D2B0008A4238D093F901108A4236D093F902108D
:10D2C0008A4234D093F903108A4232D093F9041081
:10D2D0008A4230D093F905108A422ED093F9061075
:10D2E0008A4206D093F90710914208BF072101D066
:10D2F0007047062170B40120134E144C144D884021
:10D30000C6F808038A00002002F1804244F8210098
:10D31000FF2402F5C0425C546854C2F8100570BC8A
:10D32000C2F8000170470021E4E70121E2E7022191
:10D33000E0E70321DEE70421DCE70521DAE700BFAF
:10D340006890040028B100200060004008B100206F
:10D3500000B100202DE9F0431B4B1C4FD3F80463B0
:10D36000DFF86C80DFF86C9085B000240123A20008
:10D37000A34002F18045334205F5C0450FD0D5F8F2
:10D38000003163B1E357013306D052F808201AB1D7
:10D3900014F809307BB990470023C5F800310134F7
:10D3A000082CE3D1BFF34F8F00BF00BF00BF00BF09
:10D3B00005B0BDE8F08304AB002143F8041D084626
:10D3C000009103F0B7FDE7E70060004028B10020BE
:10D3D00008B1002000B10020F8B500250446C0E9DE
:10D3E0000055856091B108460E4605F0F6FC0746EB
:10D3F000411C284600F034FD50B1A368C4E9000781
:10D4000003B90370A760314605F0DFFC2046F8BD84
:10D41000206808B100F00EFD00232360C4E9013349
:10D420002046F8BD70B504468C424FF00000C4E9B8
:10D430000000A06001D00D680DB9204670BD8E6857
:10D44000711C00F00DFD50B1A368C4E9000603B9DA
:10D450000370A660294605F0B8FC204670BD206820
:10D4600008B100F0E7FC00232360C4E90133204643
:10D4700070BD00BF0023C0E9003330B4D1E90045DE
:10D48000836004608C68C0E90154C1E900338B609B
:10D4900030BC704770B5002582B0C0E9005585608A
:10D4A000044601A88DF804108DF8055005F095FC90
:10D4B0000646411C284600F0D3FC58B1A368C4E9D5
:10D4C000000603B90370A66001A905F07EFC2046A2
:10D4D00002B070BD206808B100F0ACFC002320460B
:10D4E0002360C4E9013302B070BD00BF30B504460B
:10D4F00085B000230846C4E90033A36001A902F007
:10D50000FBFE01A805F069FC0546206810B16368C0
:10D510009D4209D9691C00F0A3FC60B1A368C4E96D
:10D5200000050BB903702068A56001A905F04DFC4A
:10D53000204605B030BD206808B100F07BFC002318
:10D5400020462360C4E9013305B030BD30B5044640
:10D550008BB000230846C4E90033A36001A902F0A0
:10D5600083FE01A805F039FC0546206810B1636808
:10D570009D4209D9691C00F073FC60B1A368C4E93D
:10D5800000050BB903702068A56001A905F01DFC1A
:10D5900020460BB030BD206808B100F04BFC0023E2
:10D5A00020462360C4E901330BB030BD30B50446DA
:10D5B0008BB000230846C4E90033A36001A902F040
:10D5C000CFFE01A805F009FC0546206810B163688C
:10D5D0009D4209D9691C00F043FC60B1A368C4E90D
:10D5E00000050BB903702068A56001A905F0EDFBEB
:10D5F00020460BB030BD206808B100F01BFC0023B2
:10D6000020462360C4E901330BB030BD10B5044699
:10D61000006800F00FFC204610BD00BF884270B5C6
:10D62000044609D00D68006845B908B100F002FC55
:10D630000023C4E901332360204670BD8E6810B119
:10D6400063689E4209D9711C00F00AFC58B1A368B6
:10D65000C4E900060BB903702068A660294605F0EE
:10D66000B4FB204670BD20680028DFD1E0E700BF92
:10D67000884238B5044612D000688B680D4628B140
:10D6800062689A420DD200F0D5FBAB68D5E9002163
:10D6900022600022C4E90113C5E90022AA602046E5
:10D6A00038BD096805F091FBAB68A3600023AB604F
:10D6B000204638BDF8B50446056849B915B1284675
:10D6C00000F0B8FB00232360C4E901332046F8BD15
:10D6D00008460E4605F081FB074615B1636898427F
:10D6E0000BD92846791C00F0BBFB054660B1A36846
:10D6F000C4E900070BB903702568A76031462846C6
:10D7000005F063FB2046F8BD20680028DAD000F061
:10D7100091FBD7E770B50E68EEB18D680DB90120A9
:10D7200070BD826804460068154410B163689D426C
:10D730000AD9691C00F094FB68B1A268C4E900052D
:10D7400012B902702068A2683146104405F03DFB12
:10D75000A560012070BD002070BD00BF29B370B569
:10D76000054608460C4605F038FB08B9012070BD97
:10D77000AA682B68861813B169688E420CD91846BE
:10D78000711C00F06DFB034668B1AA68C5E900068C
:10D7900012B902702B68AA682146981805F015FB8B
:10D7A000AE60012070BD002070BD0020704700BF3A
:10D7B00030B5836883B0044600688DF804100022F9
:10D7C0005D1C8DF8052010B1626895420AD9991C3C
:10D7D00000F046FB60B1A368C4E9000513B903700B
:10D7E0002068A368184401A905F0EFFAA56001209C
:10D7F00003B030BD70B50E6804461EB18D685DB9CA
:10D80000204670BD206808B100F014FB002323609F
:10D81000C4E90133204670BD82680068154410B128
:10D8200063689D420BD9691C00F01AFB0028E9D0FF
:10D83000A268C4E9000512B902702068A2683146E6
:10D84000104405F0C2FAA560DAE700BF70B50446DF
:10D8500031B108460D4605F0C0FA58B9204670BDF2
:10D86000206808B100F0E6FA00232360C4E9013320
:10D87000204670BDA2682368861813B161688E4285
:10D880000DD91846711C00F0EBFA03460028E7D0CA
:10D89000A268C4E9000612B902702368A26829468A
:10D8A000981805F092FAA660D8E700BF08B58A6814
:10D8B0008368934201D0002008BD0068096848B120
:10D8C00029B105F078FAB0FA80F0400908BD1BB123
:10D8D0000078F8E701B10BB9012008BD0878404293
:10D8E000F1E700BF826808B52AB989B10878B0FAB3
:10D8F00080F0400908BD006829B105F05CFAB0FA73
:10D9000080F0400908BD0078B0FA80F0400908BDF9
:10D91000012008BD08B50368096883B139B118460C
:10D9200005F049FA0028D4BF0020012008BD806816
:10D930000028FBD01878003018BF012008BD184619
:10D9400008BD00BF08B58A688368934209D30068A0
:10D9500030B1096839B105F048FAB0FA80F04009F1
:10D9600008BD002008BD084608BD00BF08B58A688C
:10D97000836893420BD3006840B1096849B19B1A90
:10D98000184405F018FAB0FA80F0400908BD0020EC
:10D9900008BD084608BD00BF8368994203D20068ED
:10D9A00010B1405C70470020704700BF83688B4215
:10D9B00003D9006808B10844704702480023037087
:10D9C000704700BF34B1002083688B4203D90068E0
:10D9D00010B1405C70470020704700BF9AB191B110
:10D9E00038B584689C420FD9E41A013A0D46944236
:10D9F000016828BF144619442246284605F007FA54
:10DA000000232B5538BD704700230B7038BD00BF75
:10DA100083683BB110B50468204605F0BFF920B11A
:10DA2000001B10BD4FF0FF3070474FF0FF3010BDAE
:10DA30008368934207D910B50468A01805F0AEF9C1
:10DA400020B1001B10BD4FF0FF3070474FF0FF308A
:10DA500010BD00BF836843B110B504680968204653
:10DA600005F0FEF920B1001B10BD4FF0FF307047EC
:10DA70004FF0FF3010BD00BF8368934208D910B546
:10DA800004680968A01805F0EBF920B1001B10BD6F
:10DA90004FF0FF3070474FF0FF3010BDF8B585688C
:10DAA0006DB1036800225F5D5A5506680446304632
:10DAB00005F0C2F9775510B12368C01AF8BD4FF0D0
:10DAC000FF30F8BD9A422DE9F84317461E4604463A
:10DAD000884601D816461F460025C4E90055A560B2
:10DAE0002846012100F0BCF908B3C4E90005A5608F
:10DAF0000570D8F80820B24216D9974228BF1746B9
:10DB0000D8F800300022DD5DDA55D8F8000086191B
:10DB100016D1206808B100F08DF90023C4E9013363
:10DB20002360D8F80030DD552046BDE8F883206832
:10DB300008B100F07FF900232360C4E90133D8E77E
:10DB4000304605F04AF98146206810B1636899456E
:10DB50000BD909F1010100F083F90028D9D0A3689D
:10DB6000C4E900090BB903702068C4F80890314675
:10DB700005F02BF9D5E700BF2DE9F04FD0F808905C
:10DB800085B0B9F1000F00F09080D1F80880B8F1AD
:10DB9000000F00F08A80D2F808A004680F68AAEB92
:10DBA0000803002B16468B46054601936CD07FDB9D
:10DBB000204602942E46019C4D46924601E0404488
:10DBC0002544394605F04CF90028F8D15346AA46B9
:10DBD000D1453546029C1E4667D06B685345C0F060
:10DBE0008E80B9F1010760D4C8455ED8CDE902B690
:10DBF0004646A846B94598BF09F1FF3714EB070A16
:10DC000053D2029B20461D684FF0FF3B04E0974231
:10DC100028BF9346504507D8294605F021F9034609
:10DC2000021B0130002BF2D1BBF1000F3DDB0BEBEF
:10DC30000602A118019CA9EB0202081904F0F0F9F0
:10DC4000D8F80820D8F8001022444FF00003C8F894
:10DC500008208B54039BD8F800009A681968584430
:10DC600004F0D3F90BF1FF37BBF1000F1DD0029B7D
:10DC70009E68D6B1D8F80890B9F1000F15D04E457E
:10DC800013D8D8F80040B5E755462046394606E097
:10DC9000316804F0BAF9B568DBF80010601905F0D6
:10DCA000DFF82A4604460028F2D105B0BDE8F08F1F
:10DCB0003946A246019F12E0504604F0A6F9B26828
:10DCC0003168484604F0A1F9AB68B268DBF8084057
:10DCD000DBF800103B4409EB020AAB6044442046E9
:10DCE00005F0BEF8021B804621460AEB0209002817
:10DCF000E2D1504605B0BDE8F04F05F066B82046C9
:10DD00000AF1010100F0ACF804460028CDD0D5F8A6
:10DD10000890B9F10107C5E9000AC6D4DBF808800C
:10DD2000B8F1000FC1D0B9F1000F7FF45DAFBCE7CF
:10DD300010B5046844B1207830B105F03DF9207089
:10DD400014F8010F0028F8D110BD00BF2DE9F041F3
:10DD50000768F7B18468E4B106463D4600E04546F1
:10DD6000287805F1010804F005F90028F7D1013CF5
:10DD70003C4402E0A54205D8013C207804F0FAF8C2
:10DD80000028F7D1621C521BAF42B26003D30023BC
:10DD9000BB54BDE8F0813846294604F036F93768AF
:10DDA000B268F4E7006808B104F082B8704700BFB9
:10DDB000FEE700BF08B501F077FA4FF47A72A0FBD6
:10DDC0000223900A40EA835008BD00BF014638B5DF
:10DDD0004FF47A7200238002890D03F0CBFE0546D2
:10DDE00001F062FA0446E8F773FA01F05DFA001BED
:10DDF000854200D838BD281ABDE8384001F078BB0C
:10DE000010B5044601F0CEFD022804D02046BDE83E
:10DE1000104004F0C9B801F03FFA204604F0C4F8FD
:10DE2000044601F0DFFA0CB1204610BD02F0BAFF43
:10DE3000FAE700BF10B5044601F0B4FD02280AD18C
:10DE400044B101F029FA204604F0B6F8BDE81040CC
:10DE500001F0C8BA10BD2046BDE8104004F0ACB8CF
:10DE600038B504460D4601F09DFD022805D029462F
:10DE70002046BDE8384004F045BF01F00DFA2046C9
:10DE8000294604F03FFF044601F0ACFA0CB12046ED
:10DE900038BD02F087FFFAE710B5044601F0FCF93F
:10DEA000204604F081F8044601F09CFA0CB12046AB
:10DEB00010BD02F077FF204610BD00BF50B110B575
:10DEC000044601F0E9F9204604F076F8BDE8104078
:10DED00001F088BA704700BF38B51C469DF8105055
:10DEE00043B3002908BF1A460123C4E90F01226089
:10DEF00084F8463002F020F8D4E90F132268A260BB
:10DF000001FB03F1CB1A134400200A44FF21A06354
:10DF1000E36084F84410626084F8451004F1100056
:10DF200003F07EF904F1240003F07AF902F00EF810
:10DF300084F84C50204638BDF8B5074615460E46C5
:10DF400069B100FB01F05030FFF7A6FF044690B323
:10DF5000002200F1500380F84620036007E05020C3
:10DF6000FFF79AFF044630B384F846602460C4E9A2
:10DF70000F7601F0E1FFD4E90F132268A26001FBE4
:10DF800003F1CB1A134400200A44FF21A063E3608D
:10DF900084F84410626084F8451004F1100003F026
:10DFA0003FF904F1240003F03BF901F0CFFF84F8BE
:10DFB0004C502046F8BD00242046F8BD2DE9F04F16
:10DFC000044685B01D460192884601F0B5FFA26B5C
:10DFD000E36BA84F4FF000099A424E46C0F08B8089
:10DFE000022D00F006810198002800F03081B9F17F
:10DFF000000F00F0958001F0A9FF01F04DF901F04C
:10E000009BFF94F84430FF2B08BF84F8446094F8D9
:10E010004530FF2B08BF84F8456001F097FF01A948
:10E0200002A801F067FC002840F0188101F084FF8D
:10E03000A26BE36B9A4277D001F088FF01F07CFF7E
:10E0400094F845304FFA83FABAF1000F1ADD636A8B
:10E05000C3B104F1240907E00AF1FF33DBB24FFA40
:10E0600083FA7BB1636A6BB1484601F0E9FB002893
:10E07000F2D001F077FC0AF1FF33DBB24FFA83FAFA
:10E08000002BEFD1FF2384F8453001F05FFF01F052
:10E0900053FF94F844304FFA83FABAF1000F1ADDB7
:10E0A0002369C3B104F1100907E00AF1FF33DBB2C1
:10E0B0004FFA83FA7BB123696BB1484601F0C0FB8C
:10E0C0000028F2D001F04EFC0AF1FF33DBB24FFA28
:10E0D00083FA002BEFD1FF2384F8443001F036FFA0
:10E0E00001F080F901F028FFA26BE36B9A424FF038
:10E0F0000109BFF475AF226CA66B002A40F0FC80CA
:10E1000025680136002D00F01881A663636A002B94
:10E1100040F08C8001F01AFF012005B0BDE8F08FBF
:10E1200002A801F0DBFB66E704F1100901F00EFF25
:10E130004846019901F008FB01F0FEFE94F845A065
:10E140004FFA8AFABAF1000F1CDD636AD3B104F109
:10E15000240B08E00AF1FF3A5FFA8AF34FFA83FAD8
:10E1600083B1636A73B1584601F06AFB0028F1D0AD
:10E170000AF1FF3A01F0F6FB5FFA8AF34FFA83FAED
:10E18000002BEED1FF2384F8453001F0DFFE01F0D3
:10E19000D3FE94F844304FFA83FABAF1000F06DC4C
:10E1A00015E00AF1FF33DBB24FFA83FA7BB1236942
:10E1B0006BB1484601F044FB0028F2D001F0D2FBDD
:10E1C0000AF1FF33DBB24FFA83FA002BEFD1FF23C2
:10E1D00084F8443001F0BAFE01F004F9002881D13E
:10E1E0004FF080537B6040BFBFF34F8FBFF36F8F03
:10E1F00078E7226CA66B002A82D04146E06803F0E3
:10E2000004FF236CE26821685B421A448A42E260A0
:10E2100080F0898062681344E360022D00F08380FF
:10E220000136A663636A002B3FF474AF04F1240047
:10E2300001F006FB00283FF46DAF0E4B4FF080520B
:10E240005A6040BFBFF34F8FBFF36F8F62E70090FC
:10E2500001F07CFE009805B0BDE8F08F01F06CFE87
:10E2600094F845506DB2002D18DD636AB3B104F126
:10E27000240607E000ED00E0013DEBB25DB26BB1BA
:10E28000636A5BB1304601F0DBFA0028F4D0013D4F
:10E2900001F068FBEBB25DB2002BF1D1FF2384F8F3
:10E2A000453001F053FE01F047FE94F844506DB242
:10E2B000002D16DD2369A3B104F1100605E0013D30
:10E2C000EBB25DB26BB123695BB1304601F0B8FAD5
:10E2D0000028F4D0013D01F045FBEBB25DB2002B0C
:10E2E000F1D1FF2384F8443001F030FE01F07AF8D8
:10E2F000002005B0BDE8F08F41465DBBA06803F08B
:10E3000084FEA368216C62680B44934206F1010607
:10E31000A360FFF4FAAEA663636A2268A260002BD2
:10E320003FF4F8AE82E7002E7FF4EFAE0123A36343
:10E33000636A002B3FF4EEAE78E7606801F084FB7F
:10E34000A663636A6560002B7FF470AF00287FF4DA
:10E3500074AFDFE6E06803F058FE236CE2682168E2
:10E360005B421A448A42E260BFF457AF52E700BFF3
:10E37000F8B50C4679B300250123216081F84630B9
:10E38000C1E90F35064601F0D7FDD4E90F32216807
:10E39000A56303FB02F39A1A0A440B44FF27C4E95E
:10E3A0000131E26084F8447004F1100084F8457093
:10E3B00002F036FF04F1240002F032FF01F0C6FD46
:10E3C000C4E90055E56084F84C602B462A4629468E
:10E3D0002046FFF7F3FD2046F8BD00BF2DE9F041D0
:10E3E0008C4682B004461746EFF31186402282F332
:10E3F0001188806BE26B904221D3022B05D0002064
:10E4000086F3118802B0BDE8F08194F84550226C83
:10E41000D4F838806DB252BB236808F10108002B94
:10E420004FD06B1CC4F8388037D001356DB284F8FA
:10E430004550012086F3118802B0BDE8F08194F8C0
:10E440004550226CD4F838806DB2002AE4D073B9FC
:10E45000A06803F0DAFDA368216C62680B44934264
:10E4600008F10108A360DCD32368A360D9E7614603
:10E47000E068019303F0C9FD206CE2682168019B0C
:10E48000404202448A42E26002D262681044E06084
:10E49000022B10D008F10108C3E7636A002BC8D033
:10E4A00004F1240001F0CCF90028C2D0002FC0D024
:10E4B00001203860A4E7B8F1000F08BF4FF0010851
:10E4C000AFE76068019301F0BFFA019B6360A8E7C2
:10E4D00038B5EFF31184402383F31188826BC36B4B
:10E4E00093420ED990F8453001325BB282635A1CD8
:10E4F0000BD001335BB280F84530012084F31188E2
:10E5000038BD002084F3118838BD436A002BF4D055
:10E5100024300D4601F094F90028EED0002DECD007
:10E5200001202860EAE700BF2DE9F047044684B0E7
:10E530008846019201F000FDD4F83890B9F1000F3F
:10E5400040F09380019B002B00F00A8102A801F0AB
:10E55000C5F9B34F4E4604F1240501F0F7FC00F075
:10E560009BFE01F0E9FC94F84430FF2B08BF84F8CF
:10E57000446094F84530FF2B08BF84F8456001F0F3
:10E58000E5FC01A902A801F0B5F9002840F0878058
:10E5900001F0D2FCA36B002B40F0E88001F0D6FC28
:10E5A0000199284601F0D0F801F0C6FC94F84530F6
:10E5B0004FFA83F9B9F1000F06DC15E009F1FF33DA
:10E5C000DBB24FFA83F97BB1636A6BB1284601F085
:10E5D00037F90028F2D001F0C5F909F1FF33DBB2B9
:10E5E0004FFA83F9002BEFD1FF2384F8453001F077
:10E5F000ADFC01F0A1FC94F844304FFA83FABAF173
:10E60000000F1ADD2369C3B104F1100907E00AF114
:10E61000FF33DBB24FFA83FA7BB123696BB1484613
:10E6200001F00EF90028F2D001F09CF90AF1FF3355
:10E63000DBB24FFA83FA002BEFD1FF2384F844308A
:10E6400001F084FC00F0CEFE00287ED14FF0805314
:10E650007B6040BFBFF34F8FBFF36F8F01F06CFC47
:10E66000D4F83890B9F1000F76D0226C52B1E1683D
:10E67000636811449942E16024BF2168E16040462B
:10E6800003F0C3FC09F1FF33A3632369002B40F0BF
:10E69000C98001F05BFC012004B0BDE8F08701F007
:10E6A0004BFC94F845304FFA83F9B9F1000F06DCC2
:10E6B00015E009F1FF33DBB24FFA83F97BB1636AEE
:10E6C0006BB1284601F0BCF80028F2D001F04AF9FD
:10E6D00009F1FF33DBB24FFA83F9002BEFD1FF23AF
:10E6E00084F8453001F032FC01F026FC94F8443007
:10E6F0004FFA83FABAF1000F1ADD2369C3B104F1AE
:10E70000100907E00AF1FF33DBB24FFA83FA7BB15D
:10E7100023696BB1484601F093F80028F2D001F06C
:10E7200021F90AF1FF33DBB24FFA83FA002BEFD164
:10E73000FF2384F8443001F009FC00F053FE01F09F
:10E74000FBFBA36B63B101F001FC01F0F5FBD4F816
:10E750003890B9F1000F88D1019B002B7FF4FDAEFA
:10E7600001F0F4FB002004B0BDE8F08701F0EEFBFF
:10E7700001F0E2FB94F845304FFA83F9B9F1000F4C
:10E7800006DC15E009F1FF33DBB24FFA83F97BB108
:10E79000636A6BB1284601F053F80028F2D001F00B
:10E7A000E1F809F1FF33DBB24FFA83F9002BEFD127
:10E7B000FF2384F8453001F0C9FB01F0BDFB94F85C
:10E7C00044304FFA83FABAF1000F1ADD2369C3B15E
:10E7D00004F1100907E00AF1FF33DBB24FFA83FAC4
:10E7E0007BB123696BB1484601F02AF80028F2D0CA
:10E7F00001F0B8F80AF1FF33DBB24FFA83FA002BCD
:10E80000EFD1FF2384F8443001F0A0FB00F0EAFDD3
:10E8100001F092FBD4F83890B9F1000F9CD024E7B6
:10E8200000ED00E004F1100001F00AF800283FF4C8
:10E8300030AF054B4FF080525A6040BFBFF34F8F4F
:10E84000BFF36F8F25E700BF00ED00E02DE9F04337
:10E85000044685B00026019101F06EFBA36BB24F18
:10E86000B0463546002B40F0F380019B002B00F0B2
:10E870005D81B8F1000F00F0FC8001F067FB00F053
:10E880000BFD01F059FB94F84430FF2B08BF84F8CE
:10E89000445094F84530FF2B08BF84F8455001F0F0
:10E8A00055FB01A902A801F025F800286CD101F060
:10E8B00043FBA36B002B40F0E08001F047FB236893
:10E8C000002B00F03C8104F124094846019900F036
:10E8D0003BFF01F031FB94F845304FFA83F8B8F173
:10E8E000000F06DC15E008F1FF33DBB24FFA83F8C6
:10E8F0007BB1636A6BB1484600F0A2FF0028F2D0FA
:10E9000001F030F808F1FF33DBB24FFA83F8002B47
:10E91000EFD1FF2384F8453001F018FB01F00CFB28
:10E9200094F844304FFA83F8B8F1000F1ADD2369E8
:10E93000C3B104F1100907E008F1FF33DBB24FFA6D
:10E9400083F87BB123696BB1484600F079FF00285A
:10E95000F2D001F007F808F1FF33DBB24FFA83F889
:10E96000002BEFD1FF2384F8443001F0EFFA00F0E0
:10E9700039FD002864D14FF080537B6040BFBFF366
:10E980004F8FBFF36F8F5BE001F0D6FA94F84530FC
:10E990004FFA83F8B8F1000F1ADD636AC3B104F1CE
:10E9A000240907E008F1FF33DBB24FFA83F87BB1AB
:10E9B000636A6BB1484600F043FF0028F2D000F0D4
:10E9C000D1FF08F1FF33DBB24FFA83F8002BEFD110
:10E9D000FF2384F8453001F0B9FA01F0ADFA94F85C
:10E9E00044304FFA83F8B8F1000F1ADD2369C3B140
:10E9F00004F1100907E008F1FF33DBB24FFA83F8A6
:10EA00007BB123696BB1484600F01AFF0028F2D0B1
:10EA100000F0A8FF08F1FF33DBB24FFA83F8002BB8
:10EA2000EFD1FF2384F8443001F090FA00F0DAFCD3
:10EA300001F082FAA36B002B00F08A8001F086FAC5
:10EA400001F07AFAA36B4FF00108002B3FF40DAFF1
:10EA50002268013BA363002A00F09E802369002BFB
:10EA600040F0898001F072FA0126304605B0BDE819
:10EA7000F08302A800F032FFFFE601F067FA01F030
:10EA80005BFA94F845304FFA83F8B8F1000F1ADDBD
:10EA9000636AC3B104F1240907E008F1FF33DBB274
:10EAA0004FFA83F87BB1636A6BB1484600F0C8FE49
:10EAB0000028F2D000F056FF08F1FF33DBB24FFA26
:10EAC00083F8002BEFD1FF2384F8453001F03EFAA4
:10EAD00001F032FA94F844304FFA83F8B8F1000F9D
:10EAE0001ADD2369C3B104F1100907E008F1FF330F
:10EAF000DBB24FFA83F87BB123696BB1484600F073
:10EB00009FFE0028F2D000F02DFF08F1FF33DBB2AA
:10EB10004FFA83F8002BEFD1FF2384F8443001F043
:10EB200015FA00F05FFC8BE700ED00E0009301F0C8
:10EB30000DFA009B1E46304605B0BDE8F08301F09B
:10EB4000FBF9606800F03EFF064601F0FFF9BAE607
:10EB500001F0FCF9002E88D001F0EEF9616A19B1DC
:10EB6000236B1968C1F10501606800F099FF002668
:10EB700001F0ECF979E704F1100000F061FE0028E3
:10EB80003FF470AF064B4FF080525A6040BFBFF366
:10EB90004F8FBFF36F8F65E700F0B8FF60605DE7F0
:10EBA00000ED00E010B5044601F0C6F9A46B01F0D9
:10EBB000CDF9204610BD00BF104B5A68904208D0D6
:10EBC000DA68904208BF012204D090F8463093B131
:10EBD00070470022002110B403EBC20443F8321046
:10EBE00090F84630616013B15DF8044B70475DF8F2
:10EBF000044BFFF763B9FFF761B900BFD0BD002038
:10EC0000074B1A681AB19A6802B17047012210B412
:10EC100003EBC20443F8321060605DF8044B7047A8
:10EC2000D0BD002070B505460C46164601F084F9AB
:10EC300095F84430FF2B04BF002385F8443095F845
:10EC40004530FF2B04BF002385F8453001F07EF9E5
:10EC5000AB6B2BB93246214605F1240000F0B0FD24
:10EC600001F06AF995F8454064B2002C16DD6B6A34
:10EC7000A3B105F1240605E0013CE3B25CB26BB13F
:10EC80006B6A5BB1304600F0DBFD0028F4D0013C3C
:10EC900000F068FEE3B25CB2002BF1D1FF2385F8EF
:10ECA000453001F053F901F047F995F8444064B25A
:10ECB000002C16DD2B69A3B105F1100605E0013C1F
:10ECC000E3B25CB26BB12B695BB1304600F0B8FDCA
:10ECD0000028F4D0013C00F045FEE3B25CB2002B0A
:10ECE000F1D1FF2385F84430BDE8704001F02EB922
:10ECF0002DE9F041044601F01FF9344A344D136800
:10ED0000013313602B68002B2FD0324EE36A326838
:10ED10002AB33148314907680A689F4238BF036007
:10ED20002F48013203EB83030A6000EB8300E263A8
:10ED3000211D02F085FA01F009F933686BB12A68E8
:10ED4000E36AD26A9A4208D2264B4FF080525A6048
:10ED500040BFBFF34F8FBFF36F8FBDE8F0812A68CC
:10ED6000D26A9A4298BF2C60D3E72C601368012BBB
:10ED700002D0E36A174ECCE71948DFF894801A4FA7
:10ED8000144E02F04DFA194802F04AFA184802F0FF
:10ED900047FA184802F044FA174802F041FA404690
:10EDA00002F03EFA384602F03BFA144802F038FA14
:10EDB000134802F035FA134802F032FA124B134AA4
:10EDC000C2F800801F60E36AA3E700BFA8B100207B
:10EDD00038B1002008B20020BCB10020B8B100203A
:10EDE00044B1002000ED00E0D4B1002058B1002073
:10EDF0006CB1002080B1002094B10020F4B100205B
:10EE000020B200200CB2002040B100203CB1002014
:10EE1000C0B100202DE9F843DDE90964002C60D081
:10EE200016B93046BDE8F8830D4697009846022390
:10EE30003A4684F85130814626633046A52103F0D6
:10EE400008F92A78236B84F83420043F2A781F4479
:10EE500027F0070702B36B7884F835306B78DBB1A5
:10EE6000AB7884F83630AB78B3B1EB7884F83730D0
:10EE7000EB788BB12B7984F838302B7963B16B79CF
:10EE800084F839306B793BB1AB7984F83A30AB799F
:10EE900013B1EB7984F83B30089D042D28BF04257D
:10EEA0000026E5626564201D84F83B60A66402F0DC
:10EEB000C3F9C5F1050504F1180002F0BDF9E664D7
:10EEC00042464946A561246184F850606462384630
:10EED00000F0F6FF20602046FFF70AFF2046BDE85D
:10EEE000F8832046BDE8F8832DE9F0479600804678
:10EEF00030460D469946099FFEF7CEFF002869D09F
:10EF000082465420FEF7C8FF044600285BD0002349
:10EF1000C0F830A03246504684F85130A52103F0A5
:10EF200098F82A78236B84F83420043E2A781E440B
:10EF300026F0070A02B36B7884F835306B78DBB1C2
:10EF4000AB7884F83630AB78B3B1EB7884F83730EF
:10EF5000EB788BB12B7984F838302B7963B16B79EE
:10EF600084F839306B793BB1AB7984F83A30AB79BE
:10EF700013B1EB7984F83B30089D042D28BF04259C
:10EF80000026E5626564201D84F83B60A66402F0FB
:10EF900053F9C5F1050504F1180002F04DF9E664D6
:10EFA000A561246184F8506064624A464146504637
:10EFB00000F086FF206007B13C602046FFF798FE16
:10EFC0000120BDE8F0875046FEF778FF4FF0FF3094
:10EFD000BDE8F0874FF0FF30F3E700BF70B504469F
:10EFE0004C4E00F0A9FF002C39D0251D284602F018
:10EFF00051F9A36A1BB104F1180002F04BF929463C
:10F000004548464D02F01CF994F85030012B04BFDE
:10F01000002384F8503000F099FF2B6893B93368CF
:10F02000A34200D070BD2B68DBB93B493C4A09685C
:10F030001268914226D03B4B1B682BB33A4B0122FE
:10F040001A6070BD00F078FF384B1A68126892B9E8
:10F05000374B4FF0FF321A6000F078FFDFE734687B
:10F06000C3E7344B4FF080525A6040BFBFF34F8F1D
:10F07000BFF36F8F70BD1A682D4BD268D26852688B
:10F080001A60E9E7336070BD274A1360326833685D
:10F0900012681B6B9A4236D9274C28492268930084
:10F0A000981880000858E0B9551EAB005819800028
:10F0B000085830BB951EAB0058198000085800BB9B
:10F0C000D51EAB00581980000858D0B9151FAB00E9
:10F0D000581980000858A0B9053A93009818800084
:10F0E000085813449B00CD1808336868406868606E
:10F0F0000B44984204BF40686860C3683360226074
:10F1000070BD2A46EDE730683168343101F048FEC1
:10F11000C2E700BF38B100200CB2002008B20020C6
:10F12000A8B10020B4B1002038B200203CB10020CA
:10F13000ECB1002000ED00E0BCB1002044B10020A3
:10F1400080B170B51B4D2B6883420AD0044600F095
:10F15000F3FE194B62699A4205D0BDE8704000F099
:10F16000F5BE70BD7047A36A144A9342F5D0002BD8
:10F17000F3D1261D304602F08DF8114AE36A11687A
:10F1800010488B4288BF136003EB830300EB8300BE
:10F19000314602F055F82B68E26ADB6A9A42DCD30A
:10F1A000094B4FF080525A6040BFBFF34F8FBFF3FF
:10F1B0006F8FD2E738B100200CB20020F4B10020EC
:10F1C000BCB1002044B1002000ED00E070B584B077
:10F1D000002503AA02A901A8CDE9015501F0E4FD2B
:10F1E000019C002C46D00298002843D0039E206347
:10F1F0000223B600A521324684F8513002F029FFDF
:10F20000236B1F4A6263201D84F83850043E84F843
:10F210003B50E562C4E911551E4402F00DF804F1BB
:10F22000180002F009F826F007060523A3612A4614
:10F230001449E56430462461646284F8505000F05B
:10F240003FFE20602046FFF753FD0F4B1C6000F08F
:10F25000DBFD012811D1402383F311880B490C4AAF
:10F260000C4B4FF0FF340C6010601D6000F03EFE50
:10F2700004B070BD044B00221A6004B070BD00BF22
:10F2800049444C4575F50300E8B10020ECB100207D
:10F2900008B2002034B20020024A13680133136020
:10F2A000704700BFB4B10020014B1868704700BF21
:10F2B00034B20020024A136818441060704700BF3F
:10F2C00034B200202DE9F04F3B4B1B6883B0002B7C
:10F2D00042D13A4B1F6801371F60002F4AD0384B8C
:10F2E00001931B68BB423BD8364EDFF8EC80DFF859
:10F2F000ECA0DFF8EC90002525E03368DB68DC68E3
:10F30000636804F1040B9F42584651D301F0C2FFD9
:10F31000A36A04F118000BB101F0BCFFE36AD8F84E
:10F32000002003EB8300934259460AEB800088BF1C
:10F33000C8F8003001F084FFD9F80030E26ADB6AD7
:10F340009A4228BF012533681B68002BD5D1019A4A
:10F350004FF0FF33136004E01B4A1368013313605E
:10F3600000251A4B1B68002B0CBF2846012003B058
:10F37000BDE8F08F134E164B3168164A186830609E
:10F38000196013680133136033681B683BB90C4B79
:10F3900001931A464FF0FF3313601346A1E7336819
:10F3A000074ADB680192DB685B681360134698E7E5
:10F3B000019A1360D5E700BFB4B1002034B2002039
:10F3C000ECB100203CB10020B0B1002038B20020E8
:10F3D00040B10020F0B10020BCB1002044B10020B9
:10F3E00038B100202DE9F04700F0A6FD354B1A6832
:10F3F000013A1A601C68002C57D1334B1B68002B54
:10F4000053D0DFF8E0A0314E314FDFF8DC90DFF869
:10F41000DC80336813B3F368DC68251D04F1180041
:10F4200001F038FF284601F035FFE36A3A6803EB44
:10F4300083009342294609EB800088BF3B6001F0BE
:10F44000FFFED8F80030E26ADB6A9A424FF001030F
:10F45000DFD3CAF800303368002BDCD13CB11D4B40
:10F460001A6812683ABB1C4B4FF0FF321A601B4DF2
:10F470002C6844B10126FFF725FF08B1CAF80060E7
:10F48000013CF8D12C60DAF8003073B1144B4FF026
:10F4900080525A6040BFBFF34F8FBFF36F8F01247C
:10F4A00000F054FD2046BDE8F087002400F04EFD3A
:10F4B0002046BDE8F0871A68074BD268D2685268C8
:10F4C0001A60D4E7B4B10020A8B10020F4B1002044
:10F4D000BCB100203CB10020ECB10020B0B1002054
:10F4E00000ED00E038B2002044B1002038B1002027
:10F4F00070B548B9184B4FF080525A6040BFBFF307
:10F500004F8FBFF36F8F70BD144A15491368154EA6
:10F51000013313600D6804463068043001F0BAFE10
:10F52000336864195C600FD20F4B1868316804317E
:10F5300001F096FE0D4B1A68944238BF1C60FFF72D
:10F5400051FF0028D6D070BD094B186831680431CE
:10F5500001F086FEF3E700BF00ED00E0B4B100204B
:10F5600034B2002038B100203CB10020ECB10020C2
:10F5700040B100202DE9F84F3C4E3D4D3D4CDFF8A9
:10F580000891DFF80881DFF808B14FF0805A23684E
:10F59000D3B100F0D1FCF368DF68381D01F07AFECA
:10F5A0002B68013B2B602368013B236000F0CEFCFD
:10F5B00097F85130002B37D0012BE8D13846FEF7B1
:10F5C0007DFC2368002BE4D12B4B1B68012B06D953
:10F5D000CBF804A040BFBFF34F8FBFF36F8F00F095
:10F5E00041FED9F8003033BBD8F80030DB6A002B7D
:10F5F000CDD1214B1B68012BC9D8204B204A1B6859
:10F6000012689B1A012BC2D91E4A1368013313607A
:10F61000D9F80030BBB1D8F80030DB6A0BB9164B13
:10F620001B68FFF7DFFEB2E7386BFEF747FC384692
:10F63000FEF744FCABE7D8F80030DB6A002BA6D11C
:10F640000D4B1B68A3E7D8F80030DB6A002BE8D12C
:10F65000094B1B68012BE4D8084B1868084B1B6842
:10F66000C01A0128DDD900F0DDFCDAE720B2002065
:10F67000A8B10020ACB1002044B10020ECB10020C2
:10F6800034B20020B4B10020BCB1002038B1002059
:10F6900000ED00E0274B1B68002B40D1264A70B5D7
:10F6A000264C13602268236812681B6B9A423AD971
:10F6B000234D24492A689300981880000858E0B91F
:10F6C000561EB30098198000085830BB961EB30030
:10F6D00098198000085800BBD61EB3009819800006
:10F6E0000858D0B9161FB300981980000858A0B95F
:10F6F000053A930098188000085813449B00CE18D0
:10F7000008337068406870600B44984204BF4068DA
:10F710007060C36823602A6070BD3246EDE7064B17
:10F7200001221A60704720682168343101F038FBEB
:10F73000BEE700BFB4B1002038B2002038B10020CD
:10F74000BCB1002044B1002070B5174D2B680C46A9
:10F7500003F1180101F084FD144B1E682868043081
:10F7600001F098FD631C17D02B68A4195C600BD2C4
:10F770000F4B18682968043101F072FD0D4B1A68AF
:10F78000944238BF1C6070BD0B4B18682968BDE8F7
:10F790007040043101F064BD296808480431BDE8B7
:10F7A000704001F04DBD00BF38B1002034B20020E0
:10F7B0003CB10020ECB1002040B100200CB2002090
:10F7C00070B5194D2B680C46164603F1180101F06F
:10F7D00037FD164B5EB11B682868043001F05AFDF6
:10F7E000296813480431BDE8704001F029BD1E6846
:10F7F0002868043001F04EFD2B68A4195C600BD220
:10F800000C4B18682968043101F02AFD0A4B1A686C
:10F81000944238BF1C6070BD084B18682968BDE869
:10F820007040043101F01CBD38B1002034B200201A
:10F830000CB200203CB10020ECB1002040B100200F
:10F8400038B5C368DC6804F11805284601F022FDCC
:10F850001A4B1B682BBB251D284601F01BFD184ABF
:10F86000E36A116817488B4288BF136003EB830378
:10F87000294600EB830001F0E3FC134BE26A1B68AE
:10F88000DB6A9A4282BF114B01201860104B1A6844
:10F89000126898BF00204AB90E4B4FF0FF321A6031
:10F8A00038BD29460C4801F0CBFCE6E71A68094B45
:10F8B000D268D26852681A6038BD00BFB4B1002067
:10F8C000BCB1002044B1002038B1002038B2002083
:10F8D0003CB10020ECB10020F4B10020034A044BFD
:10F8E00012681B68C0E90023704700BFF0B1002018
:10F8F00034B20020F8B50D46044600F01DFB2B681D
:10F900001649581C0A6813D0DFF854C0D4E90060C7
:10F91000DCF80070BE4201D090421AD9121A93420C
:10F920000BD800232B60012500F010FB2846F8BD02
:10F93000002500F00BFB2846F8BDDCF800009B1A00
:10F940000A682B60C4E90002002500F0FFFA28468F
:10F95000F8BD012500F0FAFA2846F8BD34B20020BF
:10F96000F0B10020014B01221A60704738B200202C
:10F97000084B186860B9084B1B6853B9074A084B15
:10F9800010681B68013B984214BF01200220704799
:10F9900000207047F4B1002038B200200CB20020E3
:10F9A000A8B10020054B1B6833B1054B1B68002B29
:10F9B0000CBF0220002070470120704708B20020D1
:10F9C000B4B1002018B3F8B51C4CC36A2268D26ADF
:10F9D000934214D28269002A04DB2268D26AC2F1FF
:10F9E00005028261164D426903EB830305EB830335
:10F9F0009A420DD02368DB6AC3620120F8BD2368F8
:10FA0000406CDB6A98422CBF00200120F8BD704793
:10FA1000061D0746304601F03DFC2268094BD06ABE
:10FA20001A68F862904200D9186000EB800005EB7C
:10FA30008000314601F004FC0120F8BD38B10020FF
:10FA400044B10020BCB1002050B138B5C16A836C0C
:10FA5000426C013B9142836400D01BB1002038BD51
:10FA600000207047051D0446284601F013FC0A4A91
:10FA7000636C1168E362C3F105008B42A061074823
:10FA800088BF136003EB830300EB8300294601F07A
:10FA9000D7FB012038BD00BFBCB1002044B100201D
:10FAA00048B1426CC36A914238BF11468B4202D0C2
:10FAB000826C012A00D07047826970B5114DC16215
:10FAC000002A03EB83034269A8BFC1F1050105EBDE
:10FAD0008303A8BF81619A4200D070BD061D044611
:10FAE000304601F0D7FB084BE06A1A68904288BFA5
:10FAF000186000EB800005EB80003146BDE87040E7
:10FB000001F09EBB44B10020BCB10020044B1A6838
:10FB10001AB119688A6C01328A641868704700BF8C
:10FB200038B100202DE9F04FAD4EDFF8C482AD4D65
:10FB300089B033681C68002C00F08E80DB681C687C
:10FB4000FFF7AAFBFFF7B0FBD8F800309842074652
:10FB50005DD38442C8F8000040F20B810022E11B13
:10FB60002868FFF75FF8FFF73DFC88B99E4A4FF021
:10FB70008053536040BFBFF34F8FBFF36F8F07E0D9
:10FB8000019B039920469847009B002B80F2388107
:10FB9000286800226946FEF7C7FC0028C9D0009BF0
:10FBA000029C002BECDB636913B1201D01F072FB9A
:10FBB000FFF77AFBD8F800309842814643D3009B88
:10FBC000C8F80090092BE3D8012202FA03F313F4DA
:10FBD000047F69D113F0C70F40F0A1809B06D7D5F1
:10FBE00094F82C30002BD3D12046FEF767F9CFE7ED
:10FBF000DB68DC68D3F800A004F10409484601F092
:10FC000049FB636A20469847E369012B36D0336885
:10FC10001A68002AECD17549C8F800700A68326089
:10FC20000B60FFF7DFFBB3E7DB68DF68D3F800B0FA
:10FC300007F1040A504601F02DFB7B6A38469847CD
:10FC4000FB69012B25D033681A68002AECD167497B
:10FC50000A6832600B60B2E7FFF71EFBFFF724FB78
:10FC6000D8F8003083420746D1D8604BC8F80070FE
:10FC70001B681A68B2FA82F2520970E7A36953440A
:10FC80009A45494622D263602461306801F0E8FA5F
:10FC9000BDE7BB695B449B45514627D27B603F6112
:10FCA000306801F0DDFACEE7019B246103EB090225
:10FCB0004A45A36162602CD8002B3FF469AF4B4BDF
:10FCC000211D186801F0CCFA286862E72B68002B28
:10FCD0009DD00023CDE9043A0694FFF763FE00238C
:10FCE0001A4604A92868FEF769F990E72B68002BEB
:10FCF000A9D00023CDE9043B0697FFF753FE00236C
:10FD00001A4604A92868FEF759F99CE74B4500D923
:10FD100098B13068211D01F0A3FA286839E7019BEA
:10FD2000A269246199182CBF012000204945616017
:10FD3000ECD8A9EB03039A42C1D8636A20469847DE
:10FD4000E369012B7FF424AF019BA2692868134467
:10FD500000283FF41EAF0022CDE904230694FFF7EC
:10FD600021FE00231A4604A92868FEF727F928680F
:10FD70000FE7FFF737FB3368DB68D3F80C9009F126
:10FD8000040A504601F086FAD9F81C30012B04D041
:10FD9000D9F8243048469847FAE6D9F81830C9F817
:10FDA0001090E218BA42C9F8042004D951463068CC
:10FDB00001F056FAECE73F1BBB421BD82B68002B27
:10FDC000E6D00023CDE90434CDF81890FFF7EAFD22
:10FDD00000231A4604A92868FEF7F0F8D8E700BF08
:10FDE0003CB20020C0B4002000ED00E040B2002092
:10FDF0006CB40020034B5146186801F031FAC7E794
:10FE0000029CD0E640B20020F0B5204C89B000F052
:10FE100093F82568FDB100F099F82068C8B1002476
:10FE200007AA06A905A8CDE9054400F0CBFFDDE946
:10FE300005300221CDE90010079A029314491548B4
:10FE40002346FEF7E7FF144A0346001B18BF0120B4
:10FE5000136009B0F0BD114F114E384601F0E0F9C2
:10FE6000304601F0DDF90F4A0F4900950F4B17603E
:10FE70000E600F4A10212020FEF72EF82060002887
:10FE8000C9D00C49FEF7BCFEC5E700BFC0B40020D6
:10FE90000091040025FB0300C4B4002044B40020FA
:10FEA00058B400203CB2002040B2002070B40020C2
:10FEB00044B20020F8900400402383F31188FEE749
:10FEC00030B46FF002034FF08075074C40F8045CCB
:10FED00040F80C4C40F8081C40F8202C40F8243C1A
:10FEE00030BC4438704700BFB9FE03000F4C08B562
:10FEF000E02384F8223000F077F80D4B0D4A002102
:10FF00001960D4F8883043F47003C4F8883053681B
:10FF100043F040435360236943F01003236100F032
:10FF20004FF9402383F31188FEE700BF00ED00E0A6
:10FF3000C8B4002030EF00E0402383F31188024A68
:10FF40001368013313607047C8B40020034A136874
:10FF5000013B13600BB983F311887047C8B40020CC
:10FF600041DF704712DF704770B51B4B00251D60E5
:10FF700082B01B680193019BEFF31186402383F34A
:10FF80001188164A164BD2F804451D601B68009371
:10FF9000009BFFF789F9241A24F07F44012C0DD827
:10FFA00044B1FFF78FF9054625B10E4B4FF0805253
:10FFB0005A6040BF86F3118802B070BDFFF7F2FCB3
:10FFC0000228EED1013CFFF77DF9013C631C45EAB4
:10FFD0000005F8D1E8E700BF4011014000100140E2
:10FFE0000011014000ED00E00B4B0C4930B41F2024
:10FFF0000B4DC3F8080501220224E020C3F80423B6
:020000024000BC
:100000002A601A60C3F8444381F811034FF40033A7
:100010000B6030BC704700BF0010014000E100E001
:10002000081001402DE9F041804684B0EFF31082C2
:1000300072B6584CA36883B9574B58480121A16048
:10004000D3F8801001402160C3F88000D3F88410F9
:1000500061604FF0FF31C3F8841002B962B6504EB0
:10006000D6F80475FFF784FC00283DD04D4A4E4970
:10007000424528BF4246BB1823F07F43012000259C
:10008000C6F80803C6F840350D600B6801934FF4BD
:1000900080330199C6F80433BFF34F8FB8F1000FD6
:1000A00054D13F4B404D41494FF48030C3F80803D1
:1000B000002028602D680395039D0860096802915F
:1000C00001210298C3F80413D3F804353249DB1B2D
:1000D00023F07F45954228BF15464FF40033012D8C
:1000E000C1F8803111D827D0A3685BB1EFF310833A
:1000F00072B6294A21681160616851600022A260CD
:1001000003B962B604B0BDE8F081681EFFF7D2F80B
:10011000274BDB68DA010FD5264A1368DB070BD5BE
:10012000254B516803FB05F5A5F57425A5F510755C
:10013000AD0A01EB85155560FFF7C4F80028D3D050
:100140001E4B4FF080525A6040BFCDE7F1EE103A9F
:1001500023F09F03E1EE103AF1EE103A0E4B04A8A3
:100160004FF480614026C3F88461C3F8841100F81D
:10017000045DFFF7F7FE9DF80C1039B920BFD3F8E6
:100180000001D3F804110143F8D08AE7FFF7E8FE35
:1001900087E700BFE4BD002000E100E0FC06FFBDF2
:1001A00000100140FDFFFF0040110140001101401F
:1001B000F0ED00E0001000E040420F0000ED00E034
:1001C0000748006880F3088862B661B6BFF34F8FB6
:1001D000BFF36F8F4FF0E00080F3118800DF00BFA6
:1001E00000600200064B19680868B0E8F04F80F321
:1001F0000988BFF36F8F4FF0000080F311887047BC
:1002000038B10020EFF30980BFF36F8F144B1A68E9
:100210001EF0100F08BF20ED108A20E9F04F10608B
:100220004DF8043D4FF0400080F31188BFF34F8F2D
:10023000BFF36F8FFFF72EFA4FF0000080F31188A5
:1002400008BC19680868B0E8F04F1EF0100F08BF2E
:10025000B0EC108A80F30988BFF36F8F704700BF3E
:1002600038B10020704700BF002942D0931E222BD6
:100270003FD8F0B50A2A8BB035D04FF0000E01AF51
:100280003B4688B1B0FBF2F602FB16055FFA85FC2F
:10029000092D0CF1570498BF0CF13004E4B230463C
:1002A00003F8014B0028EDD1302201E003F8012BC7
:1002B000BB42FBD0BEF1000F11D10D46BB4209D9A4
:1002C000681E1A4612F8014D00F8014FBA42F9D1E2
:1002D0009B1A1D44002308462B700BB0F0BD2D2245
:1002E0000A704D1CEAE70028C7DA40424FF0010EC1
:1002F000C5E70020704700BF79B3931E222B2CD88E
:10030000F0B48AB001AF3C4670B1B0FBF2F602FB2C
:100310001605EBB2092D94BF30335733DBB23046AC
:1003200004F8013B0028F0D1302301E004F8013B40
:10033000BC42FBD00FD94A1E234613F8010D02F828
:10034000010FBB42F9D1E41A0C4400230846237084
:100350000AB0F0BC70470C46F7E70020704700BFBA
:1003600079B3931E222B2CD8F0B48AB001AF3C464F
:1003700070B1B0FBF2F602FB1605EBB2092D94BF8B
:1003800030335733DBB2304604F8013B0028F0D15C
:10039000302301E004F8013BBC42FBD00FD94A1ED8
:1003A000234613F8010D02F8010FBB42F9D1E41AFC
:1003B0000C440023084623700AB0F0BC70470C467A
:1003C000F7E70020704700BF0A490B4A0B4B9B1A06
:1003D00003DD043BC858D050FBDC094809494FF005
:1003E000AD32026004300439FBD100F0EBFBE5F7DD
:1003F0002FFF0000289404000060002014630020F8
:1004000000F8032000080000FEE7FEE7FEE7FEE735
:10041000FEE7FEE7FEE7FEE7FEE7FEE708B50020A1
:10042000E5F750FFF2F7E0FD0E4B43B10E4B7BB109
:10043000F4F7C0FD00F0A4FCFCF70CFEF8E7F4F7BD
:10044000B9FD00F09DFCF4F7B5FD00F099FCF6E76E
:10045000F4F7B0FD00F094FCF4F7ACFD00F090FC74
:10046000F6E700BF0000000055D0030000B583B0E0
:1004700000F0F2FDFBF7D6FF0E4B019301234FF482
:1004800080620D4900930D480023FEF72DFD4FF4C7
:10049000407000F095FDFEF799FEBFF34F8F0849BD
:1004A000084BCA6802F4E0621343CB60BFF34F8F7E
:1004B00000BFFDE7CCB40020089104001D04040037
:1004C00000ED00E00400FA0538B507480C46154673
:1004D000E6F782F800B938BD2A4621460248BDE851
:1004E0003840E5F751BF00BF30630020084A094992
:1004F00008B513681844884202D81060184608BD31
:1005000001F0E8FC0C2303604FF0FF33184608BDF0
:100510001C61002000F80320114B1A78EAB9017819
:10052000104810B40A464FF0804402F00102C1F3B3
:100530004001C4F88015C4F878250268D20706D4B3
:10054000E021012280F80013C0F88021026001221E
:1005500005481A705DF8044B70470448704700BFA7
:10056000E0BD002000E100E00000AD0B0C00AD0B91
:100570000268074B4FF0804010B400214FF46074C4
:10058000C0F80843196002B11A605DF8044B704767
:10059000D8B400204FF080434FF46072C3F80423B6
:1005A000704700BF10B54FF0804386B0D3F80443C6
:1005B000620705D5D3F8082103F58473002A4ED1CC
:1005C000A30603D52A4B1A68002A3FD1600603D53B
:1005D000284B1A68002A2FD1210602D5264B1A680B
:1005E0000ABBE20502D5254B1A6892B9A3050ED5C0
:1005F000234B1A685AB100221A601A68214B0592DF
:10060000059A1B68022006B0BDE81040184706B0E6
:1006100010BD00221A601B4A1B6804930120136856
:10062000049A9847E2E700201860164A1B68039373
:100630001368039A9847D4E700221A60124A1B688D
:10064000029301201368029A9847C5E700201860BA
:100650000D4A1B6801931368019A9847B6E7002278
:100660001A600A4A1B6800931368009A9847A7E724
:1006700014010040180100401C010040200100400E
:1006800024010040D8B40020D4B40020D0B400200D
:100690002DE9F04F04799D4DE6003719BF0005EBB9
:1006A000070E83B09EF81CC0BCF1000F40F0E5803F
:1006B00091F80CC00068EA51CEF80430BCF1010F8B
:1006C0000B7840F2DE801F2B87BF03F01F08DFF896
:1006D00040E298464FF0A04E012707FA08F7CEF8FF
:1006E00008751F2B8BBF03F01F071F46DFF820E2A2
:1006F0004FF0A04E07F5E0774FF001084EF8278045
:100700004F78FF2F00F0E9801F2F8ABF07F01F09E5
:10071000B946DFF8FC81009798BF4FF0A04809F573
:10072000E07A4FF0010E0EFA09FE4FF00309C8F807
:100730000CE548F82A9091F802E0BEF1FF0F00F0B6
:10074000D580BEF11F0F91F80EA088BFDFF8C0B1B1
:10075000CDF804E08EBF0EF01F08F0464FF0A04B1E
:1007600008F5E0784FEA8A0A4BF828A006EB04085F
:1007700005EB880888F820E091F803E088F81FE08E
:10078000BEF1FF0F2AD091F80490F046B9F1000FA6
:1007900040F08680BEF11F0F87BF0EF01F0B5C4F2D
:1007A000F3464FF0A0474FF0010A0AFA0BFAC7F8D8
:1007B00008A5BEF11F0F86BF0EF01F08DFF850A17D
:1007C0004FF0A04A08F5E07806EB040E4FF0030B5B
:1007D00005EB8E0E4AF828B08EF81E9091F80DE0C9
:1007E000C0F80835009BD1F80880C0F80C351EF120
:1007F000000318BF0123019FC0F81075BCF1020F60
:10080000C0F824857FD0BCF1030F79D0BCF1010F73
:1008100056D0C0F854358B79C0F8C035002A58D06E
:1008200040220723C0F80423C0F800354A79000BA2
:1008300043B25201002BD1B2C0B25BDB5A09920025
:1008400002F1604203F16043012702F5614203F5C2
:10085000614300F01F0007FA00F083F80013C2F8AC
:1008600080011060344405EB84052A4800220123EE
:100870006A772B7703B0BDE8F08F274803B0BDE857
:10088000F08F1F2B87BF03F01F08DFF884E0984626
:100890004FF0A04E012707FA08F7CEF80C7520E7B5
:1008A000BEF11F0F87BF0EF01F0B194FF3464FF01D
:1008B000A0474FF0010A0AFA0BFAC7F80CA578E72F
:1008C00043F00203C0F854358B79C0F8C035002AD4
:1008D000A6D10723C0F80035C4E791F802E04FF035
:1008E000FF37BEF1FF0F00977FF42BAF4FF0FF37BC
:1008F00001973BE7094B00F00F0003441976B1E77D
:1009000043F0060385E743F0040382E7DCB40020EC
:10091000000300500000AD0B0500AD0BFCEC00E047
:100920002DE9F04F0479644F4FEAC40C0CEB04033B
:100930009B008646F8180E46417F83B0002940F0A0
:10094000918057F803909046B9F1000F04D012F04F
:10095000140F04BF012343770CEB040507EB850557
:1009600096E80F0095F81FA005F10C0BBAF1FF0FE8
:100970008BE80F0010D0AA7F5346002A76D0BAF138
:100980001F0F86BF0AF01F034C494FF0A041012200
:1009900002FA03F3C1F8083532686AB102F0604325
:1009A000B3F1005F08D0644407EB84070023444898
:1009B0007B7703B0BDE8F08FB16821B101F06043EF
:1009C000B3F1005FEFD1DEF800307568F068C3F86E
:1009D00044250022C3F84855C3F83415C3F8380538
:1009E000C3F81821D3F818210192019A18F00102D6
:1009F00018BF0122C3F8502518F0020218BF0122C7
:100A000018F0080FC3F8402504BF01221A61B9F19C
:100A1000000F0BD02B48402218F0040F14BFC3F86E
:100A20000823C3F8042303B0BDE8F08FD3F81821DE
:100A3000002AFBD0BAF1FF0F2CD0644407EB8407E7
:100A4000BB7F4BB3BAF11F0F84BF0AF01F0A1B4ACA
:100A50001C4898BF4FF0A042012303FA0AF3C2F8E2
:100A60000C35A6E7184803B0BDE8F08FBAF11F0FA8
:100A70004FF0010288BF0AF01F0302FA03F388BF98
:100A80000E49326898BF4FF0A041C1F80C35002ADA
:100A900084D191E70B488CE7BAF11F0F84BF0AF0AD
:100AA0001F0A064A074898BF4FF0A042012303FAE5
:100AB0000AF3C2F808357CE7DCB4002000030050DC
:100AC0000A00AD0B0000AD0B0B00AD0B194BD3F8BA
:100AD000182102B970470021174AC3F81811D3F83A
:100AE0001811D37F82B0FF2B019101990DD0917F16
:100AF00099B11F2B86BF03F01F0310484FF0A04091
:100B0000012101FA03F3C0F80C3500235377137267
:100B1000D2E900310A4802B018471F2B86BF03F004
:100B20001F0306484FF0A040012101FA03F3C0F86B
:100B30000835EAE700300240DCB400200003005032
:100B4000E4B400201B4BD3F8182102B970470021F0
:100B5000194AC3F81811D3F8181192F8433082B02B
:100B6000FF2B019101990ED092F84210A9B11F2BD1
:100B700086BF03F01F0311484FF0A040012101FA86
:100B800003F3C0F80C35002382F8413082F82C3092
:100B9000D2E909310A4802B018471F2B86BF03F07B
:100BA0001F0306484FF0A040012101FA03F3C0F8EB
:100BB0000835E8E700F00240DCB4002000030050F4
:100BC00008B50020604B1B6830B45C1C37D05F4A0E
:100BD000082B126800F08F805B4B5C4A1B68126820
:100BE000082B15D0591C23D0584A1268082B12D054
:100BF000574AD2F8883043F47003C2F88830BFF304
:100C00004F8FBFF36F8F534B534A1A6030BC7047FE
:100C1000002A00F08280032AEAD84FF08043D3F8FC
:100C20000024D20744BF6FF00102C3F80024DFE7BD
:100C30004A4A4B4B12681B78C2F30312D6E7484A64
:100C4000464B12781B68082AC3F3031301D1032B08
:100C500053D9424A424B12681B78C2F30312082B45
:100C6000BAD1032AB8D84FF080523E4BD2F80414C0
:100C7000C3F82015D2F80814C3F82415D2F80C14C0
:100C8000C3F82815D2F81014C3F82C15D2F8141490
:100C9000C3F83015D2F81814C3F83415D2F81C1460
:100CA000C3F84015D2F82014C3F84415D2F8241420
:100CB000C3F84815D2F82814C3F84C15D2F82C14F0
:100CC000C3F85015D2F83014C3F85415D2F83414C0
:100CD000C3F86015D2F83814C3F86415D2F83C1480
:100CE000C3F86815D2F84014C3F86C15D2F8442440
:100CF000C3F8702570E7032A0CD8134B1B684FF01C
:100D000080420021581CC2F80C11C2F81011C2F820
:100D100038159ED00D4A1268A1E7134C1349144DA3
:100D200025601448144AFB24C1F81845016812686C
:100D3000124C21F00F0102F00F020A434FF4007130
:100D40000260216050E700BF300100103401001044
:100D500000ED00E0206100200090D003E80F00F0DB
:100D6000E00F00F000C000408C56004000F0004052
:100D700048810300E40E00405802001040960240F3
:100D800008B5E5F7A5FA054B4FF080525A6040BF11
:100D9000BFF34F8FBFF36F8F08BD00BF00ED00E0C2
:100DA000704700BF704700BF044B036010B464235A
:100DB000034C0C6013605DF8044B704724B50020B1
:100DC00078B50020054B036010B44FF48073044CD9
:100DD0000C6013605DF8044B704700BF08B700203B
:100DE0005CB7002070B51F4C84B04FF0FF3203A9F0
:100DF0002068FDF799FB0028F7D00398037A45682F
:100E0000052B0DD8DFE803F0272A221C1503D0E9B3
:100E10000361D0E90523C06900903046A8470398D4
:100E200003681BB11846FDF705F80398FDF702F8B3
:100E3000DBE7D0E90523D0E90301A8470398EFE7F2
:100E4000D0E90412C068A8470398E9E7D0E9030194
:100E5000A8470398E4E7A8470398E1E7C068A847D4
:100E60000398DDE760BB00202DE9F0432D4B2E4CAD
:100E70005B6885B0C3F30803019001AF2068002BC5
:100E800044D0002339461A46FDF7A8FA01283AD083
:100E9000DFF89880D8F80000002240000421FDF718
:100EA0004BF8064678B3DFF88890D9F80000FEF7D3
:100EB00095F8FFF741F802E03046FDF77FF8002291
:100EC00003A92068FDF730FB00230546642203A92F
:100ED0000028F1D12068FDF76FFE2660FFF736F895
:100EE000D9F80000FEF72CF9D8F800300D4A206838
:100EF0005B00C8F800305368C3F30803394653B9A0
:100F00006422FDF75BF805B0BDE8F0833946642242
:100F1000FDF754F8BAE72B462A46FDF75FFA05B00D
:100F2000BDE8F08300ED00E060BB00205CBB00206A
:100F300064BB00202DE9F8439DF8205006460F467B
:100F400091469846CDB1A8000C30FCF759FF0446F5
:100F500088B10023C0F804900572036006B177B928
:100F60002DB1AA00414604F10C0001F04EF82046D4
:100F7000FFF77AFF0120BDE8F8831020E5E7384647
:100F8000FCF73EFF81462060A0B13A46314601F0B1
:100F90003CF8002DEBD0691EC9B208EB8101A8F125
:100FA000040353F8042FB24208BFC3F800909942DB
:100FB000F7D1D6E72046FCF73DFF4846DBE700BF08
:100FC00030B540230B4D83B004460022184604215F
:100FD0002B60FCF7B1FF084B084918600223CDE9EC
:100FE0000031A2B2002306490648FDF77DFF03B099
:100FF00030BD00BF5CBB002060BB002064BB002094
:1010000010910400E50D040011DF704708B5044697
:10101000FFF7FAFF0D4B4FF080414FF0FF32C3F85E
:101020008020C3F88021C3F88420C3F88421C1F84C
:101030001C45BFF34F8F0649064BCA6802F4E062B5
:101040001343CB60BFF34F8F00BFFDE700E100E02B
:1010500000ED00E00400FA054FF08043194AD3F890
:101060000014194830B41160D3F80054D3F80024A8
:10107000164C17492A43C3F80024D4F840250260CF
:10108000002401224FF40030C3F818459A60C1F8DB
:101090008000BFF34F8FBFF36F8F0E4C03F5883383
:1010A0004FF0A0454FF480304FF0FF31C3F84803B4
:1010B000C3F808035A609A60C5F80815C4F8081503
:1010C00030BC704768BB00206CBB002000A0004013
:1010D00000E100E00003005008B54E20FFF796FF46
:1010E00016281BD83C4B53F820301F2B86BF03F02B
:1010F0001F033A4A4FF0A0420E290FD8DFE801F053
:10110000655F59534D474039322B241D160F080097
:1011100003F5E07340F2037142F82310704703F5C2
:10112000E07340F2036142F82310704703F5E07367
:1011300040F2035142F82310704703F5E07340F288
:10114000034142F82310704703F5E07340F2033186
:1011500042F82310704703F5E07340F2032142F890
:101160002310704703F5E07340F2031142F8231097
:10117000704703F5E0734FF4403142F82310704795
:1011800003F5E0734FF4003142F82310704703F584
:10119000E073134942F82310704703F5E0731149D7
:1011A00042F82310704703F5E073042142F823103E
:1011B000704703F5E0730C2142F82310704703F5E4
:1011C000E073032142F82310704703F5E073002118
:1011D00042F82310704700BF6890040000030050DD
:1011E000040002000C000300162811D80A4B53F823
:1011F00020301F2B88BF03F01F034FF001028CBF6C
:1012000006484FF0A04002FA03F311B1C0F80835C8
:101210007047C0F80C357047689004000003005018
:1012200000F108034FF0FF3100228160026043604B
:10123000C0E90333704700BF00230361704700BF5C
:101240004368026810B49C688C609C684B600132F3
:10125000616099605DF8044B08610260704700BFEF
:1012600030B40D686B1C11D000F1080200E01A4682
:1012700053681C68AC42FAD904684B600134996029
:101280008A6051600861046030BC7047026953682D
:10129000F2E700BF42688168036910B49160816819
:1012A0005C684A601A68844208BF5960013A0021AC
:1012B00001611A6018685DF8044B70470B460146DF
:1012C000184600F0F9BD000081F0004102E000BFC7
:1012D00083F0004330B54FEA41044FEA430594EAF6
:1012E000050F08BF90EA020F1FBF54EA000C55EA31
:1012F000020C7FEA645C7FEA655C00F0E2804FEA02
:101300005454D4EB5555B8BF6D420CDD2C4480EAE3
:10131000020281EA030382EA000083EA010180EA13
:10132000020281EA0303362D88BF30BD11F0004F61
:101330004FEA01314FF4801C4CEA113102D0404297
:1013400061EB410113F0004F4FEA03334CEA1333D2
:1013500002D0524263EB430394EA050F00F0A780EA
:10136000A4F10104D5F1200E0DDB02FA0EFC22FAE5
:1013700005F2801841F1000103FA0EF2801843FAD9
:1013800005F359410EE0A5F120050EF1200E012ACA
:1013900003FA0EFC28BF4CF0020C43FA05F3C01808
:1013A00051EBE37101F0004507D54FF0000EDCF181
:1013B000000C7EEB00006EEB0101B1F5801F1BD32A
:1013C000B1F5001F0CD349085FEA30004FEA3C0C2E
:1013D00004F101044FEA445212F5800F80F09A8024
:1013E000BCF1004F08BF5FEA500C50F1000041EB28
:1013F000045141EA050130BD5FEA4C0C404141EB2C
:10140000010111F4801FA4F10104E9D191F0000F52
:1014100004BF01460020B1FA81F308BF2033A3F1D5
:101420000B03B3F120020CDA0C3208DD02F1140CCC
:10143000C2F10C0201FA0CF021FA02F10CE002F107
:101440001402D8BFC2F1200C01FA02F120FA0CFC00
:10145000DCBF41EA0C019040E41AA2BF01EB045149
:10146000294330BD6FEA04041F3C1CDA0C340EDC47
:1014700004F11404C4F1200220FA04F001FA02F38A
:1014800040EA030021FA04F345EA030130BDC4F148
:101490000C04C4F1200220FA02F001FA04F340EA3D
:1014A0000300294630BD21FA04F0294630BD94F0EE
:1014B000000F83F4801306BF81F480110134013DD5
:1014C0004EE77FEA645C18BF7FEA655C29D094EA46
:1014D000050F08BF90EA020F05D054EA000C04BFC4
:1014E0001946104630BD91EA030F1EBF00210020AF
:1014F00030BD5FEA545C05D14000494128BF41F04E
:10150000004130BD14F580043CBF01F5801130BDB1
:1015100001F0004545F0FE4141F470014FF000003C
:1015200030BD7FEA645C1ABF194610467FEA655CED
:101530001CBF0B46024650EA013406BF52EA03358F
:1015400091EA030F41F4002130BD00BF90F0000F7D
:1015500004BF0021704730B54FF4806404F13204B9
:101560004FF000054FF0000150E700BF90F0000F72
:1015700004BF0021704730B54FF4806404F1320499
:1015800010F0004548BF40424FF000013EE700BF69
:1015900042004FEAE2014FEA31014FEA02701FBFF9
:1015A00012F07F4393F07F4F81F06051704732F02B
:1015B0007F4208BF704793F07F4F04BF41F4002182
:1015C000704730B54FF4607401F0004521F00041E0
:1015D0001CE700BF50EA010208BF704730B54FF06A
:1015E00000050AE050EA010208BF704730B511F06B
:1015F000004502D5404261EB41014FF4806404F1A3
:1016000032045FEA915C3FF4D8AE4FF003025FEA28
:10161000DC0C18BF03325FEADC0C18BF033202EBAC
:10162000DC02C2F1200300FA03FC20FA02F001FA06
:1016300003FE40EA0E0021FA02F11444BDE600BFA9
:1016400070B54FF0FF0C4CF4E06C1CEA11541DBF58
:101650001CEA135594EA0C0F95EA0C0F00F0DEF823
:101660002C4481EA030621EA4C5123EA4C5350EA08
:10167000013518BF52EA033541F4801143F4801359
:1016800038D0A0FB02CE4FF00005E1FB02E506F0EA
:101690000042E0FB03E54FF00006E1FB03569CF03F
:1016A000000F18BF4EF0010EA4F1FF04B6F5007F45
:1016B00064F5407404D25FEA4E0E6D4146EB0606B7
:1016C00042EAC62141EA55514FEAC52040EA5E5040
:1016D0004FEACE2EB4F1FD0C88BFBCF5E06F1ED8EA
:1016E000BEF1004F08BF5FEA500E50F1000041EB21
:1016F000045170BD06F0004646EA010140EA0200CE
:1017000081EA0301B4EB5C04C2BFD4EB0C0541EAEF
:10171000045170BD41F480114FF0000E013C00F304
:10172000AB8014F1360FDEBF002001F0004170BD28
:10173000C4F10004203C35DA0C341BDC04F1140441
:10174000C4F1200500FA05F320FA04F001FA05F2CD
:1017500040EA020001F0004221F0004110EBD3709A
:1017600021FA04F642EB06015EEA430E08BF20EAC6
:10177000D37070BDC4F10C04C4F1200500FA04F369
:1017800020FA05F001FA04F240EA020001F00041FB
:1017900010EBD37041F100015EEA430E08BF20EA6E
:1017A000D37070BDC4F1200500FA05F24EEA020EB6
:1017B00020FA04F301FA05F243EA020321FA04F0E5
:1017C00001F0004121FA04F220EA020000EBD3709C
:1017D0005EEA430E08BF20EAD37070BD94F0000F9C
:1017E0000FD101F00046400041EB010111F4801FD0
:1017F00008BF013CF7D041EA060195F0000F18BF81
:10180000704703F00046520043EB030313F4801FBC
:1018100008BF013DF7D043EA0603704794EA0C0F76
:101820000CEA135518BF95EA0C0F0CD050EA41068C
:1018300018BF52EA4306D1D181EA030101F0004109
:101840004FF0000070BD50EA410606BF1046194631
:1018500052EA430619D094EA0C0F02D150EA01363D
:1018600013D195EA0C0F05D152EA03361CBF10467E
:1018700019460AD181EA030101F0004141F0FE411D
:1018800041F470014FF0000070BD41F0FE4141F4A1
:10189000780170BD70B54FF0FF0C4CF4E06C1CEAA1
:1018A00011541DBF1CEA135594EA0C0F95EA0C0F56
:1018B00000F0A7F8A4EB050481EA030E52EA033511
:1018C0004FEA013100F088804FEA03334FF0805532
:1018D00045EA131343EA12634FEA022245EA11155F
:1018E00045EA10654FEA00260EF000419D4208BF10
:1018F000964244F1FD0404F5407402D25B084FEABD
:101900003202B61A65EB03055B084FEA32024FF468
:1019100080104FF4002CB6EB020E75EB030E22BFC5
:10192000B61A754640EA0C005B084FEA3202B6EB85
:10193000020E75EB030E22BFB61A754640EA5C0034
:101940005B084FEA3202B6EB020E75EB030E22BFC4
:10195000B61A754640EA9C005B084FEA3202B6EBC5
:10196000020E75EB030E22BFB61A754640EADC0084
:1019700055EA060E18D04FEA051545EA16754FEAE6
:1019800006164FEAC30343EA52734FEAC2025FEA04
:101990001C1CC0D111F4801F0BD141EA00014FF093
:1019A00000004FF0004CB6E711F4801F04BF014364
:1019B0000020B4F1FD0C88BFBCF5E06F3FF6AFAE80
:1019C000B5EB030C04BFB6EB020C5FEA500C50F110
:1019D000000041EB045170BD0EF0004E4EEA113193
:1019E00014EB5C04C2BFD4EB0C0541EA045170BD9A
:1019F00041F480114FF0000E013C90E645EA060EDE
:101A00008DE60CEA135594EA0C0F08BF95EA0C0F0B
:101A10003FF43BAF94EA0C0F0AD150EA01347FF453
:101A200034AF95EA0C0F7FF425AF104619462CE72A
:101A300095EA0C0F06D152EA03353FF4FDAE10468D
:101A4000194622E750EA410618BF52EA43067FF4DE
:101A5000C5AE50EA41047FF40DAF52EA43057FF46E
:101A6000EBAE12E74FF0FF3C06E000BF4FF0010C79
:101A700002E000BF4FF0010C4DF804CD4FEA410CDD
:101A80007FEA6C5C4FEA430C18BF7FEA6C5C1BD0AA
:101A900001B050EA410C0CBF52EA430C91EA030F2B
:101AA00002BF90EA020F0020704710F1000F91EA88
:101AB000030F58BF994208BF90422CBFD8176FEA56
:101AC000E37040F0010070474FEA410C7FEA6C5C24
:101AD00002D150EA013C07D14FEA430C7FEA6C5C2B
:101AE000D6D152EA033CD3D05DF8040B704700BF57
:101AF0008446104662468C461946634600E000BFA5
:101B000001B5FFF7B7FF002848BF10F1000F01BD76
:101B10004DF808EDFFF7F4FF0CBF012000205DF841
:101B200008FB00BF4DF808EDFFF7EAFF34BF0120C6
:101B300000205DF808FB00BF4DF808EDFFF7E0FF5F
:101B400094BF012000205DF808FB00BF4DF808EDB0
:101B5000FFF7CEFF94BF012000205DF808FB00BF17
:101B60004DF808EDFFF7C4FF34BF012000205DF8F9
:101B700008FB00BF53B94AB9002908BF00281CBFA1
:101B80004FF0FF314FF0FF3000F072B9ADF1080CAB
:101B90006DE904CE00F006F8DDF804E0DDE902238B
:101BA00004B070472DE9F047089E04468846002B94
:101BB0004BD18A42154667D9B2FA82F24AB1C2F1D4
:101BC000200701FA02F320FA07F7954047EA0308D5
:101BD00094404FEA154E230CB8FBFEF71FFA85FC24
:101BE0000EFB178843EA084307FB0CF1994209D919
:101BF000EB1807F1FF3080F01B81994240F2188109
:101C0000023F2B445B1AA4B2B3FBFEF00EFB103371
:101C100044EA034400FB0CFCA44509D92C1900F14B
:101C2000FF3380F00781A44540F2048102382C4440
:101C300040EA0740A4EB0C0400271EB1D440002367
:101C4000C6E900433946BDE8F0878B4209D9002E2A
:101C500000F0EB800027C6E9000138463946BDE8B0
:101C6000F087B3FA83F7002F47D18B4202D3824229
:101C700000F2FA80841A61EB030301209846002EDB
:101C8000E0D0C6E90048DDE702B9FFDEB2FA82F231
:101C9000002A40F08F80491B4FEA154E1FFA85F845
:101CA0000127B1FBFEFC230C0EFB1C1143EA014390
:101CB00008FB0CF1994207D9EB180CF1FF3002D266
:101CC000994200F2CD808446591AA3B2B1FBFEF0CE
:101CD0000EFB101443EA044408FB00F8A04507D9A2
:101CE0002C1900F1FF3302D2A04500F2B68018464D
:101CF000A4EB080440EA0C409FE7C7F1200CBB406E
:101D000022FA0CFE4EEA030E01FA07F420FA0CF553
:101D100021FA0CF34FEA1E482543B3FBF8F92C0CCB
:101D200008FB19331FFA8EFA44EA034309FB0AF44D
:101D30009C4202FA07F200FA07F10BD91EEB0303EB
:101D400009F1FF3080F087809C4240F28480A9F145
:101D5000020973441B1BADB2B3FBF8F008FB103350
:101D600045EA034400FB0AFAA24508D91EEB040425
:101D700000F1FF336BD2A24569D90238744440EABE
:101D80000940A0FB0289A4EB0A044C45C2464B461D
:101D900054D351D0002E69D0B1EB0A0564EB030493
:101DA00004FA0CFCFD40FC404CEA0505C6E9005471
:101DB000002747E7C2F1200320FA03F7954001FA14
:101DC00002F021FA03F34FEA154E3843010CB3FB3E
:101DD000FEF71FFA85F80EFB173341EA034107FBB4
:101DE00008F38B4204FA02F407D9691807F1FF3CA3
:101DF0002FD28B422DD9023F2944CB1A81B2B3FB9B
:101E0000FEF00EFB103341EA034100FB08F38B4266
:101E100007D9691800F1FF3C17D28B4215D9023857
:101E20002944C91A40EA07473BE73746304609E7E5
:101E30000746E7E61846FBE64145ABD2B8EB020A97
:101E400069EB0E0201381346A4E76046E9E718463D
:101E500095E76746D1E781467CE702382C4447E79F
:101E6000ACF1020C2B442FE7384608E73746E9E689
:101E7000704700BF1FB51C46094B1B680546D86854
:101E800052B1084B0091CDE9013207492B46224659
:101E900000F03AF801F06CF9044B1A46F2E700BF83
:101EA000246100201C910400299104005791040032
:101EB0000A22002101F06AB810B5054C13462CB176
:101EC0000A4601460220AFF3008010BD2046FCE721
:101ED00000000000014B1868704700BF246100201B
:101EE00008B5074B044613B10021AFF30080054B42
:101EF0001868836A03B19847204602F083FF00BF49
:101F000000000000589104000EB403B5014603AB75
:101F1000054853F8042B0068019300F083F902B0E0
:101F20005DF804EB03B070472461002070B50D4EDE
:101F30000D4CA41BA4100025A54209D10B4E0C4C3E
:101F400002F062FFA41BA4100025A54205D170BDBC
:101F500056F8253098470135EEE756F82530984772
:101F60000135F2E7F4620020F4620020F462002000
:101F70001063002010B5044600F008F820444078B3
:101F800000F0080010BDD0F8EC007047044B054A83
:101F90001B681B6A002B08BF1346D3F8EC00704780
:101FA0002461002088610020024B0146186800F07F
:101FB000B5B800BF24610020024B0146186800F04C
:101FC0005FB800BF2461002082B001B901A942B10D
:101FD0004BB113780B601278101C18BF012002B0AF
:101FE00070471046FBE76FF00100F8E730B50024BA
:101FF000A24201D1002007E0035D01340D1915F85C
:10200000015CAB42F4D0581B30BD10B5431E0A44EE
:10201000914200D110BD11F8014B03F8014FF7E7D1
:10202000884210B501EB020307D8421E99420AD03C
:1020300011F8014B02F8014FF8E78342F5D98118F6
:10204000D21AD34200D110BD13F8014D01F8014D51
:10205000F7E702440346934200D1704703F8011B9F
:10206000F9E738B502FB01F4214600F057F80546C0
:1020700018B122460021FFF7ECFF284638BD0000CA
:1020800038B50546002945D051F8043C0C1F002BFB
:10209000B8BFE41802F0F4F81F4A1368104633B9C9
:1020A000636014602846BDE8384002F0EAB8A342F5
:1020B0000CD921686218934204BF1A685B68636098
:1020C00004BF521822600460ECE713465A680AB154
:1020D000A242FAD919685818A0420BD120680144CD
:1020E000581882421960DDD1106852685A60014464
:1020F0001960D7E702D90C232B60D3E72068211899
:102100008A4204BF11685268626004BF09182160E6
:102110005C60C7E738BD00BF70BB002070B5CD1C48
:1021200025F0030508350C2D38BF0C25002D06467B
:1021300001DBA94203D90C233360002070BD02F0FB
:102140009FF8214A1468214691B9204C23681BB995
:10215000304600F0DFFD20602946304600F0DAFD11
:10216000431C24D10C233360304602F08AF8E4E7A4
:102170000B685B1B18D40B2B0FD90B60CD50CC1800
:10218000304602F07EF804F10B00231D20F007001A
:10219000C31AD3D05A42E250D0E78C424B6816BFE4
:1021A000636013600C46EBE70C464968CCE7C41C3F
:1021B00024F00304A04205D0211A304600F0AAFD05
:1021C0000130CFD02560DBE770BB002074BB00205E
:1021D0009368013B002B10B4936008DA9469A34222
:1021E00001DB0A2903D15DF8044B00F0F3BE13684C
:1021F000581C1060197008465DF8044B7047F8B51C
:1022000006460F461446D518AC4201D1002007E01F
:102210003A4614F8011B3046FFF7DAFF431CF3D1AE
:10222000F8BD00002DE9F04F9DB00C461746039312
:10223000064618B183690BB901F0D6FE7B4B9C4270
:1022400057D17468A38918075DD52369002B5AD02C
:102250000023099320238DF8293030238DF82A306C
:102260004FF0010BB846454615F8013B0BB1252B45
:1022700054D1B8EB070A0BD053463A4621463046B4
:10228000FFF7BDFF013000F0C280099B5344099362
:1022900098F80030002B00F0BA8000234FF0FF3296
:1022A000CDE90523049307938DF853301A93A8467C
:1022B000052218F8011B5E4801F092FF049B78BBD1
:1022C000D90644BF20228DF853201A0744BF2B2281
:1022D0008DF853202A782A2A2AD0079AA846002067
:1022E0000A25414611F8013B303B092B69D960B3FF
:1022F00024E0504B9C4201D1B468A3E74E4B9C4272
:1023000008BFF4689EE72146304600F0C3FE00286F
:102310009ED04FF0FF301DB0BDE8F08FA846A2E779
:10232000434A801A0BFA00F0184304904546BEE772
:10233000039A111D12680391002A01DB079204E041
:10234000524243F002030792049398F800302E2B78
:102350000ED198F801302A2B38D1039B1A1D1B6827
:102360000392002BB8BF4FF0FF3308F1020805932A
:10237000324D98F800100322284601F031FF40B199
:102380004023401B03FA00F0049B034308F10108BB
:10239000049398F800102A488DF82810062208F1B6
:1023A000010701F01DFF002837D0264B1BBB039B04
:1023B000073323F0070308330393099B4B44099326
:1023C00050E705FB0232012088468AE7002308F126
:1023D0000108059319460A25404610F8012B303AAA
:1023E000092A03D9002BC3D00591C1E705FB0121C0
:1023F00001238046F0E703AB00932246124B04A969
:10240000304600F0B7F8B0F1FF3F8146D5D1A3893F
:102410005B063FF57EAF09987DE703AB009322464C
:10242000094B04A9304600F05BFBECE7DC920400AA
:1024300066910400FC920400BC9204006C910400BC
:102440007091040075250400FF2104002DE9FF4769
:1024500055EC104B0D9FDDF830A0002D0E46914637
:102460001946B8BF22462B4627F02007BBBF05F10F
:1024700000431D4600232D23B8BF1446462F0B7082
:1024800004D0452F00D10136022100E0032103AB27
:10249000019302AB00933246534645EC104B00F0DB
:1024A000FBFE472F804602D119F0010F26D0462FA0
:1024B00008EB060911D198F80030302B0AD1002220
:1024C000002320462946FFF723FB18B9C6F1010671
:1024D000CAF80060DAF80030994400220023204650
:1024E0002946FFF715FB38B93022039B4B4505D22F
:1024F000591C03911A70F8E7CDF80C90039B0E9AC3
:10250000A3EB08034046136004B0BDE8F087F7B5BD
:1025100000290446BABF49422D232B23092904F878
:10252000022B437020DD0DF107031F460A2691FBA5
:10253000F6F506FB15113031092D03F8011C03F1E6
:10254000FF32294609DC3031023B02F8011CBB4254
:10255000224604D3101A03B0F0BD1346E7E713F880
:10256000012B04F8012BF2E7302319448370021D7C
:10257000C170EFE72DE9F04F8DB00C46DDF85880C3
:1025800016461F46054601F0B9FD03680493184638
:1025900000F023FC00230A93D8F80030059007339D
:1025A00023F0070303F1080294F818A0D4F800B050
:1025B000C8F80020D3E90023C4E91223D4E9128922
:1025C00029F000430793CDF818804FF0FF32A74B56
:1025D000DDE9060102F0A0FB70BB4FF0FF32A34B18
:1025E000DDE90601FFF7A8FA30BB002200234046D0
:1025F0004946FFF797FA10B12D2384F843309C4ADF
:102600009C4BBAF1470F8CBF9046984603232BF0A2
:102610000402236122604FF00009009733460BAAA1
:102620002146284600F0E6F9013040F08D804FF059
:10263000FF300DB0BDE8F08F42464B46404649465C
:1026400002F06AFB10B18C4A8C4BDAE761684B1CD4
:102650004BF480620AA83ED1062363600023CDE9D3
:10266000020309AB009349EC108B0DF123032260A8
:10267000CDF804A061682846FFF7E8FE0AF0DF0302
:10268000472B804609D1099BD81C02DB6268934224
:1026900047DDAAF1020A5FFA8AFABAF1650F0999D1
:1026A00024D80139524604F150000991FFF72FFF59
:1026B0000A9A1318012A8146236102DC2268D10795
:1026C00001D5013323619DF82330002BA5D02D23A4
:1026D00084F84330A1E7BAF1670F00F07781BAF1CF
:1026E000470FBBD10029B9D10123B6E7BAF1660F74
:1026F00019D1002963680CDD216113B92268D20762
:1027000002D501330B442361099BA3654FF00009F7
:10271000D9E713B92268D00701D50233F3E70123C3
:10272000F1E74FF0670ADDE90932934205DB2268E1
:102730002361D107E8D50133E5E7002BD4BFC3F10E
:10274000020301231344DEE723685A0507D42369F3
:10275000424631462846B84701302BD167E7BAF1E7
:10276000650F40F2DC8000220023D4E91201FFF75C
:10277000CFF9002833D00123414A31462846B847D3
:1027800001303FF454AFDDE909239A4202DB2368AC
:10279000D8070FD5DDE9042331462846B847013074
:1027A0003FF445AF4FF0000804F11A090A9B013BC2
:1027B000434509DC23689B0700F10381E0680B9B1C
:1027C0009842B8BF184634E701234A4631462846A6
:1027D000B84701303FF42BAF08F10108E6E7099B49
:1027E000002B2BDC0123264A31462846B84701300E
:1027F0003FF41DAF099B23B90A9B13B92368D9077E
:10280000D8D5DDE9042331462846B84701303FF4E6
:102810000EAF4FF0000904F11A0A099B5B424B45C9
:1028200001DC0A9B94E70123524631462846B8470B
:1028300001303FF4FCAE09F10109EEE70A9AA36DFD
:102840009A42A8BF1A46002A914607DD1346314630
:1028500042462846B84701303FF4E9AE04F11A0376
:102860004FF0000B29EAE979069315E0FFFFEF7FAF
:102870007B91040077910400839104007F91040010
:10288000879104000123069A31462846B847013053
:102890003FF4CDAE0BF1010BD4F858A0AAEB09031D
:1028A0005B45EFDCDDE909239A42D04415DB236860
:1028B000DA0712D40A9B0999A3EB0A02A3EB010AD7
:1028C0009245A8BF9246BAF1000F0EDC4FF0000807
:1028D0002AEAEA7A04F11A0919E0DDE9042331460B
:1028E0002846B8470130E5D1A1E653464246314675
:1028F0002846B8470130E9D199E601234A463146D6
:102900002846B84701303FF492AE08F10108DDE9EE
:1029100009239B1AA3EB0A034345EEDC4AE70A9A14
:10292000012A01DCDB073AD501234246314628461D
:10293000B84701303FF47BAEDDE904233146284639
:10294000B847013008F101083FF471AE0A9B00223C
:1029500003F1FF3AD4E912010023FFF7D9F8C8B90F
:102960005346424631462846B84701300ED15EE60E
:102970000123524631462846B84701303FF457AE4E
:1029800008F101080A9B013B4345F1DC4B4604F189
:102990005002DEE64FF0000804F11A0AF2E70123C4
:1029A000DFE701234A4631462846B84701303FF465
:1029B0003EAE08F10108E3680B9A9B1A4345F0DC30
:1029C000FCE64FF0000804F11909F4E700293FF490
:1029D0008BAE0023CDE9020309AB009349EC108BC9
:1029E0002260CDF804A00DF123032846FFF72EFD49
:1029F000804648E62DE9F04791461F468A680B69F4
:102A0000DDF820809342B8BF1346C9F8003091F832
:102A1000432006460C4612B10133C9F80030236842
:102A2000990642BFD9F800300233C9F80030256852
:102A300015F0060507D104F1190AE368D9F800205A
:102A40009B1AAB4228DC94F843302268003318BF4D
:102A5000012392062DD404F1430239463046C04783
:102A6000013020D02368E568D9F8002003F0060380
:102A7000042B08BFAD1AA36822690CBF25EAE575CF
:102A800000259342C4BF9B1AED184FF000091A3479
:102A90004D451AD1002008E0012352463946304600
:102AA000C047013003D14FF0FF30BDE8F08701355A
:102AB000C3E7E1185A1C302081F84300224494F8FF
:102AC000451082F843100233C5E7012322463946F8
:102AD0003046C0470130E6D009F10109D8E70000CF
:102AE0002DE9F04301F1430C0C46097E85B06E29B7
:102AF0001746064698460C9A00F0B38022D8632900
:102B000036D00AD8002900F0B980582900F0838017
:102B100004F1420584F8421032E0642901D06929A9
:102B2000F6D120681368050603F104012AD51B6855
:102B30001160002B03DA2D225B4284F843206F489A
:102B40000A2239E0732900F09D8008D86F2920D02F
:102B50007029DDD1236843F02003236003E0752949
:102B600017D07829D4D1782384F84530644855E0CB
:102B70001368191D1B68116004F1420584F8423086
:102B800001238CE01B68116010F0400F18BF1BB2CE
:102B9000CFE713682568181D1060280601D51B684B
:102BA00002E06806FBD51B8854486F2914BF0A222F
:102BB0000822002184F843106568A560002DC0F24A
:102BC0009580216821F004012160002B3DD1002D6A
:102BD00040F08E806546082A0BD12368DB0708D5B4
:102BE000236962689A42DEBF302305F8013C05F193
:102BF000FF35ACEB05032361CDF800803B4603AA0B
:102C000021463046FFF7F6FE01304DD14FF0FF3040
:102C100005B0BDE8F083394884F845101368216891
:102C20001D1D1B6815600A060BD5CA0744BF41F07D
:102C3000200121601BB9226822F0200222601022AC
:102C4000B7E74D0648BF9BB2EFE76546B3FBF2F12D
:102C500002FB1133C35C05F8013D0B460029F5D199
:102C6000B9E7136825686169181D106028061B689C
:102C700001D5196002E06A06FBD5198000232361A3
:102C80006546B9E71368191D11601D686268002167
:102C9000284601F0A5FA08B1401B60606368236113
:102CA000002384F84330A7E723692A463946304693
:102CB000C0470130AAD023689B0713D4E068039B68
:102CC0009842B8BF1846A3E701234A463946304622
:102CD000C04701309AD00135E368039A9B1AAB4292
:102CE000F2DCEBE7002504F11909F5E7002BACD184
:102CF000037884F8423004F142056CE789910400BE
:102D00009A910400024B0A460146186801F096BDEC
:102D10002461002038B5064C002305460846236090
:102D2000FDF7E4FB431C02D1236803B12B6038BDDF
:102D3000F0BD00200CB430B5174B0C1E9DB01D68C3
:102D400008DA8B232B604FF0FF301DB0BDE8304018
:102D500002B070474FF40273ADF8143014BF04F1A1
:102D6000FF332346049307934FF6FF7302900690B8
:102D7000ADF81630209A21AB02A92846019301F044
:102D8000DDFD431CBCBF8B232B60002CDDD0029BE0
:102D900000221A70D9E700BF24610020C9B203469F
:102DA00010F8012B1AB18A42F9D118467047002950
:102DB00018BF0023F9E710F8012B11F8013B012A95
:102DC00028BF9A42F7D0D01A7047034611F8012B5A
:102DD00003F8012B002AF9D17047034613F8012BA1
:102DE000002AFBD1181A0138704710B56AB10139B1
:102DF000841810F8013B11F8012F934203D1A0422F
:102E000001D0002BF5D1981A10BD1046FCE770B523
:102E10000139044602B970BD234611F8015F03F879
:102E2000015B561E2DB91444A342F4D003F8015B94
:102E3000FAE71C463246EDE738B503460D4669B958
:102E4000BDE83840FFF7AABF431C04462946184690
:102E5000FFF7A4FF0028F7D1204638BD0024F5E78E
:102E6000F0B503787BB1044623782046661C7BB11D
:102E70004A1E631E12F8015F4DB113F8017FAF4285
:102E80003446F7D0F0E70B78002B18BF0020F0BDD8
:102E90001846FCE72DE9F0478046894692461E46D3
:102EA0000F463D46089815F8014BFFF76CF8204493
:102EB000437813F0080332D12D2C32D17C78BD1C1D
:102EC0000122002E5DD0102E09D1302C07D12B7895
:102ED00003F0DF03582B4FD16C7810260235002AFF
:102EE00014BF4FF000416FF000410027B1FBF6FC2A
:102EF000384606FB1C1EA4F13003092B17D81C46CC
:102F0000A64223DD7B1C07D084451CD301D1A645F6
:102F100019DB00FB0640012715F8014BEBE72F46B4
:102F2000BFE72B2C04BFBD1C7C781A46C9E7A4F16F
:102F30004103192B01D8373CE2E7A4F16103192BB7
:102F400004D8573CDCE74FF0FF37E5E77B1C08D19E
:102F50002223C8F800300846BAF1000F07D1BDE8B7
:102F6000F08702B14042BAF1000FF8D00FB105F17D
:102F7000FF39CAF80090F2E73024002EAFD10826BE
:102F8000ADE7302CA3D00A26A9E70000084B37B5DF
:102F90001C68084D236A002B08BF2B46009313467C
:102FA0000A4601462046FFF775FF03B030BD00BF5B
:102FB000246100208861002010B50446FEF7E6FF7A
:102FC0002044437803F00303012B08BF203420463C
:102FD00010BD0000F8B50E461446054618B18369C9
:102FE0000BB901F001F8214B9C422AD16C68A3690E
:102FF000A360A3891A072ED5236963B323692068C8
:10300000C01A6369F6B28342374604DC214628467B
:1030100000F080FF28BBA368013BA36023685A1C13
:1030200022601E7063690130834204D0A389DB07EC
:1030300019D50A2E17D12146284600F06BFF90B112
:103040000FE00B4B9C4201D1AC68D0E7094B9C428E
:1030500008BFEC68CBE72146284600F01BF80028A3
:10306000CCD04FF0FF373846F8BD00BFDC920400EB
:10307000FC920400BC92040049B1FF2A85BF8A2358
:1030800003600A704FF0FF3098BF01207047084678
:1030900070470000324B70B51D6806460C4625B1DE
:1030A000AB6913B9284600F09FFF2E4B9C420FD10D
:1030B0006C68B4F90C309AB215072CD4D00611D430
:1030C0000922326043F04003A3814FF0FF303EE01D
:1030D000254B9C4201D1AC68EBE7244B9C4208BFD6
:1030E000EC68E6E7510712D5616B41B104F1440386
:1030F000994202D03046FEF7C3FF00236363A389E1
:1031000023F02403A3810023636023692360A38940
:1031100043F00803A38123694BB9A38903F4207307
:10312000B3F5007F03D02146304601F019F8A2899B
:1031300012F001030CD00023A36063695B42A3611A
:10314000236953B9B4F90C3013F08000BAD170BDC3
:10315000920758BF6369A360F2E70020F7E700BF5A
:1031600024610020DC920400FC920400BC92040064
:1031700008B5062001F000FD012001F043FE2DE915
:10318000F74F03690C69A3428046C0F28280013C7C
:1031900001F114074FEA840C00F1140657F824508B
:1031A00056F8240006EB0C03013507EB0C090193DC
:1031B000B0FBF5F595B34FF0000A3846B646D34656
:1031C00050F8042B93B205FB03A34FEA134A9BB2BA
:1031D000ABEB0303120CDEF800B005FB02A213FAFE
:1031E0008BF34FEA124A1FFA82FBDEF80020CBEB8A
:1031F000124202EB23429BB243EA024381454FEA6B
:10320000224B4EF8043BDBD256F80C3033B9019B0D
:10321000043B9E421A4630D3C8F81040404601F0A5
:1032200047FA002825DB013530464FF0000C57F8EF
:10323000042BD0F800E093B2ACEB0303120C13FAAA
:103240008EF3C2EB1E4202EB23429BB243EA0243DF
:10325000B9454FEA224C40F8043BE8D256F8242006
:1032600006EB84032AB9043B9E421A460BD3C8F8E6
:103270001040284603B0BDE8F08F1268043B002AD6
:10328000CAD1013CC5E71268043B002AEFD1013CDA
:10329000EAE70020EEE700002DE9F04F57EC106B55
:1032A00097B0456A069104460B921293DDF8808030
:1032B000CDE900673DB91020FAF7A2FD6062C0E9D0
:1032C00001550560C560636A196851B15A684A6062
:1032D000012393408B60204601F008F8636A0022C6
:1032E0001A603B1EBBBF23F0004301930023012261
:1032F000ACBFC8F80030C8F80020AF4BDDF8048040
:1033000033EA080314D1129A42F20F731360009B40
:1033100023B9C8F31300002800F04285219BDFF891
:10332000ACB2002B00F044850BF1030300F03EBD6E
:10333000DDE900670022002330463946FEF7E8FB4E
:10334000814668B1129A01231360219B002B00F083
:1033500024859A4B219A03F1FF3B136000F028BDAE
:1033600014AA15A947EC106B204601F018FAC8F30F
:103370000A550490002D7CD0C7F3130343F07F5B04
:10338000B2464BF4401BA5F2FF35CDF84C9000221D
:103390008B4B50465946FDF79BFF81A3D3E9002391
:1033A000FEF74EF980A3D3E90023FDF793FF06460D
:1033B00028460F46FEF7DAF87DA3D3E90023FEF78F
:1033C0003FF902460B4630463946FDF783FF064675
:1033D0000F4601F0B7FC00228246002330463946F2
:1033E000FEF7A0FB48B15046FEF7C0F832463B4618
:1033F000FEF78EFB08B90AF1FF3ABAF1160F59D859
:10340000704901EBCA01DDE90023D1E90001FEF7B3
:10341000A7FB002850D00AF1FF3A00230F93149B1A
:103420005D1BB5F1010849BFC5F1010300230593F8
:103430004FF0000858BF0593BAF1000F3EDB0023A0
:10344000D044CDF838A00793069B092B00F290805A
:10345000052BC4BF043B0693069BA3F10203CCBF1C
:1034600000250125032B00F28F80DFE803F07D7F2C
:103470003171DDE914531D4405F23240202813DD7B
:10348000C0F14000009B08FA00F805F2124023FA50
:1034900000F048EA0000FEF759F801238246A1F146
:1034A000F87B013D139372E7009BC0F1200003FA03
:1034B00000F0F0E70123B1E70F90B0E7059BA3EB25
:1034C0000A030593CAF10003079300230E93BBE799
:1034D00001230A930B9B002B59DD02939946666AE0
:1034E00000227260042202F114009842716853D9DC
:1034F000204600F0C7FE636A3060B9F10E0FD3F8C2
:1035000000B000F2E680002D00F0E3809DED007B2E
:10351000BAF1000F8DED107B74DD2A4A0AF00F031B
:1035200002EBC30393ED007B4FEA2A16F0068DED04
:10353000087B65D5244BDDE91001D3E90823FEF7AC
:10354000A9F9CDE9000106F00F0603251E4F4CE056
:1035500001230A930B9B534403F1010902934B4649
:10356000012BB8BF0123BAE70023B2E70023F0E73D
:103570000125002306930A954FF0FF3302939946E5
:10358000002212230B92AAE701230A93F4E70123F6
:10359000029399461A46F5E7013171605200A2E79D
:1035A00061436F63A787D23FB3C8608B288AC63F49
:1035B000FB799F501344D33F0000F07F88910400B3
:1035C0000000F83F4893040020930400B5920400E3
:1035D000F10708D5DDE90801D7E90023FEF730F847
:1035E000CDE90801013576100837002EF0D1DDE96C
:1035F0000823DDE90001FEF74DF9CDE900011AE0ED
:103600000225A3E700F0A080CAF100069F4BA04F5F
:1036100006F00F0203EBC203D3E90023DDE910013A
:10362000FEF70EF8CDE90001361100230225002E29
:103630007FD1002BE1D10F9B002B00F08780DDE9CB
:1036400000670022934B30463946FEF76BFA00289C
:103650007CD0B9F1000F79D0029B002B35DD0AF147
:10366000FF330893394600228B4B3046FDF7E8FFC5
:10367000CDE90001029F01352846FDF777FFDDE91E
:103680000023FDF7DDFF0022844BFDF723FE0546F6
:10369000A1F15076002F5DD10022814BDDE90001C0
:1036A000FDF716FE2A463346CDE90001FEF758FA2B
:1036B000002840F088822A4606F10043DDE9000137
:1036C000FEF730FA002840F07C82DDE91023CDE9D6
:1036D0000023159B002BC0F25081BAF10E0F00F3AE
:1036E0004C816A4B03EBCA0393ED007B0B9B002BD1
:1036F0008DED027B80F2D880B9F1000F00F3D48009
:1037000040F05E820022664B51EC170BFDF798FFEC
:10371000DDE90023FEF71AFA4F464E46002840F036
:10372000348231230BF101058BF800300AF1010AD4
:103730002FE2F20705D5D7E90023FDF781FF013518
:1037400001237610083772E7022574E7CDF820A030
:103750004F4691E74D4B03EBC70353E902010A9B28
:10376000002B47D002460B4600204E49FEF792F848
:103770002A463346FDF7ACFDCDE90C015D46DDE997
:10378000000101F0DFFA0646FDF7F0FE02460B46A7
:10379000DDE90001FDF79CFD303605F8016BDDE940
:1037A0000C23CDE90001FEF7BDF9002863D1DDE966
:1037B000002300203749FDF78BFDDDE90C23FEF7E0
:1037C000B1F9002840F0B780A5EB0B039F427FF7CB
:1037D0007CAF0022304BDDE90C01FDF731FF002208
:1037E000CDE90C012C4BDDE90001FDF729FFCDE906
:1037F0000001C4E72A463346FDF722FFCDE90C015C
:103800000BEB07055E46DDE9000101F09BFA074678
:10381000FDF7ACFE303702460B46DDE90001FDF74F
:1038200057FD06F8017BAE42CDE900014FF00002E2
:1038300026D11C4BDDE90C01FDF74CFD02460B4681
:10384000DDE90001FEF78CF9002874D1DDE90C23D5
:1038500000201449FDF73CFD02460B46DDE900015E
:10386000FEF760F900283FF430AF15F8013C302B2B
:1038700005F1FF3202D0DDF820A04AE01546F4E75A
:10388000054BFDF7DDFECDE90001BCE748930400E0
:10389000209304000000F03F0000244000001C4082
:1038A000000014400000E03FDDE900675D46DDE90F
:1038B000022330463946FDF7EDFF01F043FA80461A
:1038C000FDF754FEDDE90223FDF7BAFE02460B4682
:1038D0003046394608F13006FDF7FAFC05F8016B71
:1038E000A5EB0B06B14502460B4639D1FDF7F2FCBC
:1038F000DDE9022306460F46FEF732F9C8B9DDE9D5
:10390000022330463946FEF703F910B118F0010FD3
:103910000FD10499204600F0E9FC0023129A2B7085
:103920000AF101031360219B002B00F041821D600E
:103930003EE2CDF820A015F8012C392A05F1FF331D
:1039400008D19B450AD1089B0133089330238BF89B
:1039500000305B461A7801321A708CE71D46EAE7A0
:1039600000229B4BFDF76CFE0022002306460F460B
:10397000FEF7CEF800289AD0CBE70A9A002A00F08A
:103980008B80069A012A6EDC139A002A67D003F214
:103990003343079F059D059A01211A44204605924D
:1039A000984400F043FD0646002D0CDDB8F1000FF1
:1039B00009DD4545059A2B46A8BF4346D21A059214
:1039C000ED1AA8EB0308079BEBB10A9B002B67D00D
:1039D0008FB131463A46204600F0C8FD049A0146B0
:1039E0000646204600F02BFD04990890204600F082
:1039F0007DFC089B0493079BDA1B04D004992046A6
:103A000000F0B4FD04900121204600F00FFD0E9B54
:103A10000746002B00F0D0811A460146204600F0F0
:103A2000A5FD069B012B074640DC009B002B39D1EE
:103A3000019BC3F31303002B36D1019B23F00043FA
:103A40001B0D1B052BB1059B0133059308F10108E4
:103A5000012307930E9B002B2AD1012030E0149BF9
:103A6000C3F1360395E7079B09F1FF37BB42BFBFA0
:103A7000079B0797FA1A0E9BBBBF9B180E93DF1B81
:103A80000027B9F1000FB5BF059B059DA3EB090504
:103A90004B46B8BF00237EE7079F059D0A9E83E73C
:103AA000079AABE70023D4E7009BD2E700230793F4
:103AB0003B6907EB8303186900F06AFCC0F1200042
:103AC000404410F01F0047D0C0F12003042B3BDD21
:103AD000059BC0F11C000344059305448044059BED
:103AE000002B05DD1A460499204600F08DFD049058
:103AF000B8F1000F05DD39464246204600F084FD4E
:103B000007460F9B53B33946049800F0D1FD0028B7
:103B100024DA00230A220499204600F0FEFB0A9BC7
:103B200004900AF1FF3A002B00F04D81002331464A
:103B30000A22204600F0F1FB029B002B06464FDCD8
:103B4000069B022B4CDD11E0C9D0059A1C331A44A8
:103B500005921D449844C2E70346F6E7B9F1000F09
:103B600038DC069B022B35DDCDF80890029B63B94B
:103B700039460522204600F0D0FB0146074604984E
:103B800000F096FD00283FF7CCAD0B9B5D466FEA39
:103B9000030A4FF000093946204600F0A7FB002E2B
:103BA0003FF4B7AEB9F1000F05D0B14503D0494697
:103BB000204600F09BFB3146204600F097FBA8E62C
:103BC00000273E46E1E7DDF820A03E46A9E500BF1C
:103BD000000024400A9BCDF80890002B00F0FA80EA
:103BE000002D05DD31462A46204600F00DFD064633
:103BF000079B002B4CD07168204600F043FB3269D4
:103C000002320546920006F10C010C30FEF7FDF978
:103C100001222946204600F0F7FC009BCDF814B0A5
:103C200003F00103B1460793064639460498FFF7AF
:103C3000A6FA4946054600F13008049800F038FD20
:103C4000324600903946204600F04CFDC3680246DB
:103C500003BB01460890049800F02AFD089A034629
:103C600011462046089300F041FB089BA3B9069A31
:103C700092B9079A82B9B8F1390F29D0009B002B6D
:103C800001DD05F13108059B5D1C83F8008082E7AA
:103C90003046C2E70123E3E7009A002A04DB25D17E
:103CA000069A1ABB079A0ABB002BECDD0122049985
:103CB000204600F0A9FC3946049000F0F9FC0028E9
:103CC00003DCE0D118F0010FDDD0B8F1390FD8D105
:103CD000059B059A5D1C3923137015F8013C392B9F
:103CE00005F1FF324FD00133137054E7059A002BD2
:103CF00002F1010506DDB8F1390FE9D008F101083C
:103D0000059BC2E7029A05F8018CA5EB0B039342D1
:103D100021D000230A220499204600F0FEFAB14582
:103D200004904FF000034FF00A024946204605D1A7
:103D300000F0F3FA81460646059576E700F0EDFAC5
:103D40003146814600230A22204600F0E6FA064664
:103D5000F2E74FF0000901220499204600F054FCDC
:103D60003946049000F0A4FC0028B6DC02D118F01B
:103D7000010FB2D115F8013C302B05F1FF327FF471
:103D80000AAF1546F6E7934505D131230AF1010A3A
:103D90008BF80030FFE615469FE7DFF864B007E0D8
:103DA000219BDFF860B01BB10BF10803219A13606F
:103DB000584617B0BDE8F08F069B012B7FF735AE54
:103DC0000E9B079349E6029B002B03DC069B022B0C
:103DD0003FF7CCAE5D4639460498FFF7D0F900F1C5
:103DE000300805F8018B029AA5EB0B039A42B0DD6F
:103DF00000230A220499204600F08FFA0490EAE793
:103E000087910400AC9204008A892DE9F0410546AF
:103E100010070C4658D44B68002B05DC0B6C002BAC
:103E200002DC0020BDE8F081E66A002EF9D0002314
:103E300012F480522F68216A2B6032D0606DA38902
:103E40005A0705D56368C01A636B0BB1236CC01A9F
:103E500000230246E66A216A2846B047431CA3892C
:103E600006D129681D2948D8294ACA40D60744D511
:103E700000226260D9042269226004D5421C01D16B
:103E80002B6803B96065616B2F600029C9D004F10C
:103E90004403994202D02846FEF7F2F800206063FE
:103EA000C0E701232846B047411CC8D12B68002B2E
:103EB000C5D01D2B01D0162B01D12F60B1E7A389EE
:103EC00043F04003A381ADE70F69002FA9D093070A
:103ED0000E6808BF4B690F6018BF0023A6EB0708E8
:103EE0008B60B8F1000F9CDD43463A46216AA66A12
:103EF0002846B047002806DCA38943F04003A3818D
:103F00004FF0FF308EE70744A8EB0008E9E700BF59
:103F10000100402038B50B6905460C46DBB118B1ED
:103F200083690BB900F060F80C4B9C4209D16C68B6
:103F3000B4F90C307BB121462846BDE83840FFF784
:103F400063BF074B9C4201D1AC68F1E7054B9C4233
:103F500008BFEC68ECE7002038BD00BFDC9204002D
:103F6000FC920400BC920400002310B50446C0E992
:103F70000033836081814366C281C0E90433836179
:103F8000194608225C30FEF764F8054B6362054B66
:103F9000A362054BE362054B2462236310BD00BF9F
:103FA000B14B0400D34B04000B4C04002F4C040015
:103FB000014900F085B800BF153F040070B54A1EE6
:103FC000682555430E4605F17401FEF7A7F804462F
:103FD00040B10021C0E900160C30A06005F1680274
:103FE000FEF737F8204670BD836910B5044633BB31
:103FF000C0E912330365124B124A1B688262984271
:1040000004BF0123836100F01FF86060204600F0C8
:104010001BF8A060204600F017F80022E0600421A1
:104020006068FFF7A1FF01220921A068FFF79CFF4C
:1040300002221221E068FFF797FF0123A36110BD60
:1040400058910400B13F0400F8B51B4B1E68B369DA
:10405000074613B93046FFF7C7FF4836D6E90134A3
:10406000013B03D5336833B13668F7E7B4F90C5038
:104070006DB16834F4E704213846FFF79FFF3060E4
:104080000028F1D10C233B6004462046F8BD0B4BC1
:104090006566C4E90055A560C4E90335C4E9055562
:1040A0000822294604F15C00FDF7D3FFC4E90D5551
:1040B000C4E91255E9E700BF589104000100FFFF71
:1040C0002DE9F8438046894600F14804002614B9DA
:1040D0003046BDE8F883D4E90175013F01D5246875
:1040E000F5E7AB89012B07D9B5F90E30013303D0C1
:1040F00029464046C84706436835EEE7044B1B682F
:10410000186A044B002808BF1846F030704700BFFB
:10411000246100208861002070B50E46B1F90E10B0
:10412000002996B014461D4607DA00232B60B38998
:104130001A0610D44FF480630EE06A4600F09EFD2C
:104140000028F2DB019A02F47042A2F500535A42B1
:104150005A412A60EEE740230020236016B070BD6C
:104160008B8973B59D0706460C4607D504F14703B6
:10417000236023610123636102B070BD01AB6A4615
:10418000FFF7CAFF009905463046FDF7C7FF48B95B
:10419000B4F90C309A05EFD423F0030343F0020383
:1041A000A381E3E70D4BB362A389206043F0800352
:1041B000A381009B6361019B20615BB1B4F90E1088
:1041C000304600F06DFD28B1A38923F0030343F0CE
:1041D0000103A381A3891D43A581CDE7B13F04005D
:1041E00001F0FF01102A2BDB10F0070F08D010F8A8
:1041F000013B013A8B422DD010F0070F42B3F6D1AC
:10420000F0B441EA012141EA014122F007047FF0C4
:1042100000070023F0E80256083C85EA010586EA1B
:10422000010685FA47F5A3FA87F586FA47F6A5FA57
:1042300087F68EB9EED1F0BC01F0FF0102F0070263
:1042400032B110F8013B013A83EA010313B1F8D10E
:104250000020704701387047002D06BF35460338EF
:10426000073815F0010F07D1013015F4807F02BF28
:10427000013015F4C03F0130F0BC0138704700BF79
:104280007047704770B5456A04460E463DB9102028
:10429000F9F7B6FD6062C0E901550560C560656A61
:1042A000EB6883B1636ADB6853F82600B8B9012173
:1042B00001FA06F56A1D92002046FDF7D2FE60B1B4
:1042C000C0E901650EE0212204212046FDF7C9FE68
:1042D000636AE860DB68002BE4D1002070BD0268EF
:1042E00043F826200023C0E90333F7E770B5446A9A
:1042F00006460D463CB91020F9F782FD7062C0E910
:1043000001440460C4603DB1736A6A68DB6853F8B5
:104310002210296043F8225070BD2DE9F0410D694B
:104320001F4606460C4601F1140C0023DCF8000081
:1043300081B202FB01710F0C000C02FB007089B20C
:10434000013301EB00419D424FEA10474CF8041B3A
:10435000ECDCD7B1A368AB4212DC616830460131B6
:10436000FFF790FF2269023204F10C0180469200AF
:104370000C30FDF74AFE21463046FFF7B7FF4446B2
:1043800004EB850301355F6125612046BDE8F081BE
:10439000020C12040346B2B90304102013F07F4F3D
:1043A00004BF1B02083013F0704F04BF1B01043020
:1043B00013F0404F04BF9B000230002B06DB5B0074
:1043C00003D5013070470020E8E7202070470368DC
:1043D00013F0070201460BD0DA0723D4980749BF30
:1043E0005B089B0801200B605CBF0B6002207047DC
:1043F00098B2A8B91B0C102013F0FF0F04BF1B0AC2
:1044000008301A0704BF1B0904309A0704BF9B0831
:104410000230DA0702D45B0806D001300B60704727
:104420001046E9E7002070472020704710B50C4681
:104430000121FFF727FF01224461026110BD2DE930
:10444000F74F14460A6923699A42B8BF0B4688465B
:10445000BCBFA0461C46D8F81070D4F81090D8F80D
:104460000830D8F8041007EB0906B342B8BF013191
:10447000FFF708FF00F1140505EB860E2B4600221E
:10448000734516D304F1140208F1140102EB8903F9
:1044900001EB87070093009B019293420CD8002EFA
:1044A00003DD5EF8043D002B5DD0066103B0BDE87E
:1044B000F08F43F8042BE3E7B2F800B0BBF1000F34
:1044C00023D08946AC464FF0000859F8044BDCF87D
:1044D00000A0A3B21FFA8AFA0BFB03A34FEA144A07
:1044E000DCF8004043444FEA14480BFB0A8404EB19
:1044F0001344E2469BB243EA04434F454FEA144853
:104500004AF8043B2BD8CCF80480019BB3F802A0F6
:104510000432BAF1000F20D02B688946A8464FF02C
:10452000000BB9F800C0B8F802400AFB0C445C4428
:10453000C4469BB243EA04434CF8043B59F8043B9D
:10454000B8F804B01B0C0AFB03B303EB14434F454C
:104550004FEA134B05D8C8F8043004359BE7D4461E
:10456000B3E7E046DDE7013E99E700002DE9F843B7
:10457000154612F0030206460F4607D0013A214CB9
:10458000002354F82220FFF7C8FE0746AD1035D0AF
:10459000746A3CB91020F9F733FC7062C0E9014439
:1045A0000460C460D6F82480D8F808404CB940F2C2
:1045B00071213046FFF73AFF0023C8F8080004468F
:1045C00003604FF00008EB070AD539462246304613
:1045D000FFF735FF394681463046FFF787FE4F46E5
:1045E0006D100BD0206838B9224621463046FFF7BF
:1045F00026FF2060C0F800800446E4E73846BDE8A6
:10460000F88300BF109404002DE9F0470C464FEAF0
:10461000621A236949680AEB0309A368074616462C
:1046200009F10105AB4232DB3846FFF72BFE0023D0
:10463000804600F114011A4653452BDB20692AEA13
:10464000EA7A04F1140316F01F0201EB8A0103EB6E
:10465000800C25D0C2F1200E00201E688A469640AC
:1046600030434AF8040B53F8040B9C4520FA0EF033
:1046700014D8486008B109F10205013D3846C8F870
:1046800010502146FFF732FE4046BDE8F087013169
:104690005B00C7E741F823200133CDE75146DCE753
:1046A000043953F8042B41F8042F9C45F9D8E4E76A
:1046B00003690A699B1A30B50CD192001430143189
:1046C0008418114454F8045D51F8042D954203D028
:1046D00005D30123184630BDA042F3D3FAE74FF0CB
:1046E000FF33F7E72DE9F0470D4607461146284608
:1046F0001446FFF7DDFF061E08D131463846FFF7A6
:10470000C1FD0123C0E90436BDE8F087A4BF2346FC
:104710002C4638466168A6BF1D4600260126FFF7D5
:10472000B1FD2B69C660266905F1140904F1140274
:1047300002EB860709EB830800F114054FF0000E29
:1047400052F804AB59F8044B1EFA8AF1A3B2C91A05
:10475000230CC3EB1A4303EB214389B24FEA234EE8
:10476000C84541EA0343944645F8043BE8D8BC45B4
:1047700004D355F8043D83B10661C5E75CF8041B1A
:104780001EFA81F31A1402EB11429BB243EA024370
:104790004FEA224E45F8043BE9E7013EE9E72DE9FF
:1047A000F7430E46012159EC108B1546FFF76AFDC1
:1047B000C9F30A540746C9F3130334BB0193B8F194
:1047C000000327D002A840F8083DFFF700FE00993B
:1047D000F0B1019AC0F1200302FA03F30B43C24087
:1047E0007B610192019BBB61002B14BF022101215F
:1047F0003961C4B1A4F2334404443460C0F13500DB
:104800002860384603B0BDE8F08343F48013D5E751
:104810007961E7E701A8FFF7DAFD019B7B610121E0
:1048200039612030E5E707EB8103A0F232403060C8
:104830001869FFF7ADFDC0EB4110E1E7F8B5074699
:1048400014460E4621B91146BDE8F840FDF766BC96
:1048500022B9FDF715FC25462846F8BD00F042FABE
:10486000A0420FD221463846FDF758FC05460028E5
:10487000F2D031462246FDF7C8FB31463846FDF7F7
:10488000FFFBE9E73546E7E72DE9F0478E689E42F2
:1048900082460C469046994637D88A8912F4906F22
:1048A00031D0256809696F1A6569022305EB450552
:1048B00095FBF3F509F101033B449D4238BF1D46CA
:1048C000530530D52946FDF729FC064650B90C237F
:1048D000CAF80030A38943F04003A3814FF0FF30B2
:1048E000BDE8F0873A462169FDF78FFBA38923F4E1
:1048F000906343F08003A381266165613E44ED1B14
:104900002660A5604E464E4500D94E463246414689
:104910002068FDF785FBA3689B1BA36023681E44EA
:1049200026600020DCE72A46FFF788FF06460028BD
:10493000E2D121695046FDF7A3FBC8E72DE9F04F0E
:104940009DB0804603938B891D060C4616460FD5F5
:104950000B696BB94021FDF7E1FB2060206128B9AC
:104960000C23C8F800304FF0FF30C7E040236361EC
:104970000023099320238DF8293030238DF82A3025
:104980004FF0010B37463D4615F8013B0BB1252B87
:104990003ED1B7EB060A0BD053463246214640467D
:1049A000FFF772FF013000F0A480099B5344099384
:1049B0003B78002B00F09D8000234FF0FF32CDE9C3
:1049C0000523049307938DF853301A932F4605223D
:1049D00017F8011B4F48FFF703FC049BD0B9D90619
:1049E00044BF20228DF853201A0744BF2B228DF894
:1049F00053202A782A2A15D0079A2F4600200A2504
:104A0000394611F8013B303B092B4DD9B8B10FE0C5
:104A10002F46B8E73F4A801A0BFA00F0184304907B
:104A20003D46D3E7039A111D12680391002A01DB6A
:104A3000079204E0524243F00203079204933B784A
:104A40002E2B0CD17B782A2B33D1039B1A1D1B688C
:104A50000392002BB8BF4FF0FF33023705932E4D62
:104A6000397803222846FFF7BBFB38B14023401BAF
:104A700003FA00F0049B0343013704933978274875
:104A80008DF8281006227E1CFFF7AAFB002838D0DC
:104A9000234B13BB039B073323F007030833039314
:104AA000099B4B4409936DE705FB023201200F4639
:104AB000A6E700230137059319460A25384610F862
:104AC000012B303A092A03D9002BC8D00591C6E73B
:104AD00005FB012101230746F0E703AB00932246C3
:104AE000104B04A94046FDF745FDB0F1FF3F81465C
:104AF000D6D1A3895B063FF536AF09981DB0BDE856
:104B0000F08F03AB00932246064B04A94046FDF705
:104B1000E7FFEAE7669104006C91040070910400DD
:104B200075250400894804001F2938B504460D4640
:104B300004D9162303604FF0FF3038BD426C12B128
:104B400052F821304BB9204600F030F82A46014691
:104B50002046BDE8384000F017B8012B0AD0591C98
:104B600003D1162303600120E7E7002442F8254023
:104B7000284698470020E0E7024B01461868FFF7F7
:104B8000D3BF00BF2461002038B5074C0023054681
:104B900008461146236000F01DF9431C02D123682A
:104BA00003B12B6038BD00BFF0BD002000F002B99A
:104BB00010B50C46B1F90E1000F09CF80028ABBF00
:104BC000636DA3891B1823F48053ACBF6365A38175
:104BD00010BD2DE9F0411F468B89DB0505460C46CB
:104BE000164605D502230022B1F90E1000F068F830
:104BF000A389B4F90E1023F48053A38132463B46B7
:104C00002846BDE8F04100F017B810B50C46B1F9E0
:104C10000E1000F055F8431CA38915BF606523F4FE
:104C2000805343F48053A38118BFA38110BDB1F911
:104C30000E1000F013B8000038B5074C05460846C2
:104C40001146002222601A46FBF73EFC431C02D1AB
:104C5000236803B12B6038BDF0BD002038B5064C89
:104C6000002305460846236000F094F8431C02D157
:104C7000236803B12B6038BDF0BD002038B5074C68
:104C80000023054608461146236000F08BF8431CBC
:104C900002D1236803B12B6038BD00BFF0BD0020F6
:104CA00038B5064C002305460846236000F08AF814
:104CB000431C02D1236803B12B6038BDF0BD002036
:104CC00038B5074C054608461146002222601A46B0
:104CD00000F088F8431C02D1236803B12B6038BD73
:104CE000F0BD002051F8043C181F002BBCBF0B582E
:104CF000C018704738B5074C0546084611460022D3
:104D000022601A4600F076F8431C02D1236803B1F2
:104D10002B6038BDF0BD00204FEA410C7FEA6C5C8F
:104D200002D150EA013C0AD14FEA430C7FEA6C5CA5
:104D300002D152EA033C02D14FF0000070474FF01D
:104D4000010070474FEA410212F5001215D211D549
:104D50006FF47873B3EB625212D94FEAC12343F078
:104D6000004343EA505311F0004F23FA02F018BFFA
:104D7000404270474FF00000704750EA013005D1C3
:104D800011F0004008BF6FF0004070474FF0000086
:104D9000704700BF024B58221A604FF0FF30704737
:104DA000F0BD0020024B58221A604FF0FF307047D0
:104DB000F0BD0020024B58221A604FF0FF307047C0
:104DC000F0BD0020024B58221A600020704700BF3F
:104DD000F0BD0020024B58221A604FF0FF307047A0
:104DE000F0BD0020024B58221A604FF0FF30704790
:104DF000F0BD0020024B58221A604FF0FF30704780
:104E0000F0BD0020FEE700BFF8B500BFF8BC08BC4D
:104E10009E467047F8B500BFF8BC08BC9E46704778
:104E200054696E795553422053657269616C000074
:104E300000000000000000003165020089630200EC
:104E400079630200F16202003D6302001163020017
:104E50006D630200D1630200F0FFFFFF000000005D
:104E60002965020012010002000000409A23B300ED
:104E7000000101020301000009020900000100A075
:104E80003200000030313233343536373839414260
:104E9000434445464E6F6C6F676F000050726F4D14
:104EA0006963726F204E524635323834300000004C
:104EB0004164616672756974000000004D6173732E
:104EC0002053746F7261676500000000312E30005E
:104ED0007573626400000000050F390002181005A8
:104EE0000038B60834A909A0478BFDA0768815B60E
:104EF00065000101011C100500DF60DDD88945C790
:104F00004C9CD2659D9E648A9F00000306B20002FD
:104F1000000103005D6F0200CD6F0200F96F020017
:104F2000ED700200B171020000000000997B0200E8
:104F3000A97B0200B97B02004D7C02008D7D02003E
:104F40000000000039730200497302005973020027
:104F5000497402007D76020000000000C58A02004C
:104F6000E98A02000D8B0200358C0200A993020031
:104F700000000000157702007177020099770200A7
:104F8000B1780200B578020000000000ED84020054
:104F90004985020069850200956C02003586020091
:104FA000000000005F757362645F716465660000F5
:104FB0004154410041542B434D49434741494E3DE3
:104FC0002564000041540000736D735F0000000011
:104FD000F09F948D20436865636B696E67206966F6
:104FE0002066696C65206578697374733A200000E7
:104FF000F09F93842046696C6520616C72656164E2
:105000007920657869737473206F6E205344206330
:105010006172643A20000000F09F92BE20437265E6
:105020006174696E67206E65772066696C65206FB4
:105030006E20534420636172643A2000E29D8C200C
:105040004661696C656420746F2063726561746584
:105050002066696C65206F6E205344206361726422
:105060003A20000046726F6D3A20000054696D6569
:105070003A200000436F6E74656E743A20000000A1
:10508000E29C85205375636365737366756C6C79F8
:105090002077726F746520534D5320746F205344F2
:1050A00020636172643A2000F09F939D2046696CF2
:1050B0006520636F6E74656E7473207772697474A3
:1050C000656E3A00202046726F6D3A2000000000A5
:1050D000202054696D653A20000000002020436FB5
:1050E0006E74656E743A20005B53494D373630302C
:1050F00020524553504F4E53455D20005C720000D6
:105100005C6E00005B3078005D0000000D0A4F4BC4
:105110000D0A00000D0A4552524F520D0A000000C0
:1051200022202D20436F6D706C657465207265734D
:10513000706F6E73652072656365697665640000E3
:1051400022202D20526573706F6E73652074696D17
:10515000656F7574206F7220696E636F6D706C651A
:10516000746500004E6F20726573706F6E736520FA
:10517000646174612072656365697665640000002E
:1051800041542B434C49503D310000005B53494D85
:10519000373630302054585D2022000041542B43D4
:1051A000434C4B3F000000005C7222005B4E4554B4
:1051B000574F524B2054494D455D205265747269DA
:1051C000657665643A2000005B4E4554574F524B5C
:1051D0002054494D455D204661696C656420746FBB
:1051E00020676574206E6574776F726B2074696DCB
:1051F0006500000041542B434D47463D31000000FF
:105200003D3D3D20436865636B696E6720534D5398
:105210002053746F72616765203D3D3D00000000C2
:105220003D3D3D2052657472696576696E67206DFB
:1052300065737361676520003D3D3D20534D5320EC
:1052400053746F7261676520436865636B20436FB9
:105250006D706C657465203D3D3D000059455300FF
:105260004E4F00005B53494D373630302052585D69
:10527000200000005B53494D373630302052585DD6
:1052800020436F6D706C65746520726573706F6E0E
:1052900073653A20000000002062797465732C2049
:1052A000636F6E7461696E7320270000273A2000D7
:1052B0004E6F20726573706F6E73652072656365E3
:1052C00069766564202D2074696D656F75740000C2
:1052D0003D3D3D20436865636B696E6720616E6488
:1052E0002053746F72696E6720534D53203D3D3DCE
:1052F0000000000041542B43504D533F000000007C
:1053000043504D5320526573706F6E736520726504
:105310006365697665642C2070617273696E6720BD
:10532000666F72206D65737361676520636F756E5C
:10533000742E2E2E00000000466F756E6420000053
:105340003D3D3D2050726F63657373696E67206DDC
:10535000657373616765200041542B434D47523D8F
:1053600025640000F09F93A720506172736564204C
:10537000534D53202D2046726F6D3A2000000000DF
:105380002054696D653A200020436F6E74656E7419
:105390003A200000F09F93812047656E657261742A
:1053A00065642066696C656E616D653A20736D7326
:1053B0005F000000E29C8520534D532073746F7290
:1053C000656420746F205344206361726420737598
:1053D000636365737366756C6C790000E29D8C2065
:1053E0004661696C656420746F2073746F72652008
:1053F000534D53206F7220616C7265616479206532
:105400007869737473000000E29AA0EFB88F2046A9
:1054100061696C656420746F2070617273652053DC
:105420004D53206D65737361676500003D3D3D2000
:10543000534D532053746F7261676520436F6D70D5
:105440006C657465203D3D3D0000000041542B43D8
:105450004F50533F0000000041542B435351000074
:105460002B4353513A2000002C00000041542B43A1
:105470004D4752443D2564005B53494D373630302B
:105480005D2072656164416E6444656C657465534A
:105490004D5320726573706F6E7365206C656E6717
:1054A00074683A20000000005B53494D37363030B5
:1054B0005D2072656164416E6444656C657465531A
:1054C0004D5320726573706F6E73653A202700002C
:1054D0005B53494D373630305D2046697273742016
:1054E0003230206279746573206173206865783A80
:1054F000200000005B534D532050415253455D2026
:1055000052617720726573706F6E7365206C656E83
:105510006774683A200000005B534D53205041529D
:1055200053455D2052617720726573706F6E7365AD
:105530003A0000005B534D532050415253455D20CB
:105540004669727374203130206368617273206120
:1055500073206865783A20002B434D47523A00008B
:105560002B434D4752443A005B534D532050415218
:1055700053455D204552524F523A204E6F202B43E7
:105580004D4752206F72202B434D47524420666F87
:10559000756E642E204C6F6F6B696E6720666F723C
:1055A000206C69746572616C20737472696E6773C4
:1055B0002E2E2E00434D47520000000020466F75EE
:1055C0006E642027434D47522720617420706F730B
:1055D0006974696F6E3A20005B534D5320504152FD
:1055E00053455D20506172736564207061727473FD
:1055F00020636F756E743A20000000005B534D53BA
:105600002050415253455D205061727420000000CB
:105610003A2027005B534D532050415253455D20A3
:105620005374617475733A20000000005B534D534E
:105630002050415253455D2053656E6465723A2097
:10564000000000005B534D532050415253455D20F4
:1056500054696D657374616D703A20000D0A0D0A0E
:105660004F4B00000D0A4F4B000000005B534D53A1
:105670002050415253455D20436F6E74656E742017
:1056800073746172743A20002C20656E643A2000B5
:105690005B534D532050415253455D20436F6E7410
:1056A000656E743A202700005B53494D3736303021
:1056B000204D554C54494C494E455D20000000009A
:1056C00022202D20436F6D706C657465206D756CA4
:1056D00074696C696E6520726573706F6E73652096
:1056E00072656365697665640000000022202D20E4
:1056F0004D756C74696C696E6520726573706F6E40
:10570000736520636F6D706C65746520286E6F2003
:105710006D6F7265206461746129000022202D2064
:105720004D756C74696C696E6520726573706F6E0F
:1057300073652074696D656F757400004E6F206D20
:10574000756C74696C696E6520726573706F6E73C9
:105750006520726563656976656400002F0000004E
:1057600044697361626C696E6720415420656368A7
:105770006F2E2E2E00000000415445300000000026
:1057800041542B434855500041542B434D47533D02
:10579000222B2573220000003E0000001A000000AA
:1057A00041542B43534456433D31000041542B4355
:1057B0004C564C3D350000004154442B25733B00B2
:1057C00041542B434D47443D2564000041542B4335
:1057D0004C564C3D25640000000000000000000015
:1057E000A9DF020069E30200F969020005E4020092
:1057F000C9E302007DDF020095DF02005550000082
:10580000444F574E000000004C4546540000000035
:105810005249474854000000454E5445520000008C
:10582000455343004241434B535041434500000020
:1058300054414200554E4B4E4F574E0053776974BA
:105840006368656420746F20434F4E564552534140
:1058500054494F4E2070616E6500000053776974A3
:105860006368656420746F20544852454144532056
:1058700070616E650000000043616E6E6F7420738E
:10588000656E643A20656D707479206D657373611F
:105890006765206F72206E6F20636F6E7461637432
:1058A0002073656C656374656400000053656E6405
:1058B000696E672E2E2E000053656E64696E672038
:1058C000534D5320746F2000534D532073656E74F5
:1058D000207375636365737366756C6C7900000083
:1058E0005B534D532053454E445D204D65737361AA
:1058F00067652073617665642C2072656C6F6164E6
:10590000696E672074687265616420746F207368C3
:105910006F7720616C6C206D6573736167657300D0
:105920005B4F5054494D495A4154494F4E5D2053A5
:105930006B697070696E672074687265616420704D
:105940007265766965772072656275696C6420742A
:105950006F2073617665206D656D6F727900000050
:105960004D6573736167652073656E740000000098
:105970004661696C656420746F2073617665206D83
:105980006573736167650000534D532073656E64E2
:10599000696E67206661696C65640000534D532031
:1059A0006661696C656400002B30303A303000006D
:1059B0005B5554432044454255475D2054696D650D
:1059C0007A6F6E6520706172743A202700000000C3
:1059D000272071756172746572733D00206D696E68
:1059E000757465733D0000005B5554432044454287
:1059F00055475D204F726967696E616C2074696DEF
:105A0000653A20005B5554432044454255475D208C
:105A1000746F74616C4D696E757465732062656630
:105A20006F72652061646A7573746D656E743A2077
:105A3000000000005B5554432044454255475D201B
:105A400044617920726F6C6C6F766572206261635D
:105A50006B7761726473202D207375627472616359
:105A600074696E6720646179000000005B555443DF
:105A70002044454255475D2044617920726F6C6C2B
:105A80006F76657220666F727761726473202D2065
:105A9000616464696E672064617900005B555443FA
:105AA0002044454255475D2046696E616C20646123
:105AB00074653A200000000025732C253032643ACA
:105AC000253032643A253032642B30303A303000A1
:105AD000E29D8C204164647265737320626F6F6B0A
:105AE0002069732066756C6C202831303020636F1C
:105AF0006E74616374732900436F6E746163742004
:105B0000616C7265616479206578697374733A2099
:105B100000000000E29C85204164646564206E659D
:105B20007720636F6E746163743A2000F09F948DE8
:105B3000204164647265737320626F6F6B20636FC2
:105B4000756E74206E6F773A20000000F09F948D80
:105B500020496D6D656469617465206C6F6F6B754C
:105B60007020746573743A2000000000E29C852068
:105B7000436F6E7461637420736176656420746F23
:105B80002066696C65207375636365737366756CF5
:105B90006C790000E29D8C204661696C656420741C
:105BA0006F207361766520636F6E74616374207417
:105BB0006F2066696C6500005B5541525420525855
:105BC0005D20000052494E47000000003E3E3E204E
:105BD000494E434F4D494E472043414C4C2044458C
:105BE000544543544544203C3C3C0000494E434FFF
:105BF0004D494E472043414C4C2100002B434C491A
:105C0000503A00003E3E3E2043414C4C4552204914
:105C1000443A200043414C4C3A20257300000000D8
:105C20004E4F204341525249455200002B43454EAE
:105C3000443A00002B434D54493A00003E3E3E207A
:105C400043414C4C20454E444544203C3C3C0000E4
:105C500043616C6C20656E64656400004E6577205E
:105C6000534D53206E6F74696669636174696F6E1A
:105C70002072656365697665642120534D53206900
:105C80006E6465783A2000005B54494D4553544199
:105C90004D505D204E6F20636F6D6D6120666F7596
:105CA0006E6420696E2074696D657374616D703AFD
:105CB000200000005B54494D455354414D50204451
:105CC000454255475D20506172736564206461747C
:105CD00065202D20596561723A200000204D6F6EBD
:105CE00074683A2000000000204461793A200000E6
:105CF0005B54494D455354414D505D20496E76618A
:105D00006C6964206461746520666F726D61743AB9
:105D1000200000005B54494D455354414D505D20D7
:105D200054696D657A6F6E65207374726970706501
:105D3000643A202700000000272054696D65206F19
:105D40006E6C793A202700005B54494D455354410D
:105D50004D505D20496E76616C69642074696D6593
:105D600020666F726D61743A200000005B54494DEB
:105D7000455354414D505D20496E76616C696420F5
:105D8000646174652F74696D652076616C756573E7
:105D9000202D20596561723A2000000020486F755F
:105DA000723A2000204D696E3A200000205365634E
:105DB0003A2000005B54494D455354414D50204416
:105DC000454255475D2046696E616C2063616C6396
:105DD000756C617465642076616C75653A200000AD
:105DE00020666F722074696D657374616D703A20FE
:105DF000000000005B54494D455354414D505D2017
:105E0000456D7074792074696D657374616D702C63
:105E10002072657475726E696E6720300000000034
:105E20003D3D3D204C6F6164696E67204164647242
:105E300065737320426F6F6B203D3D3D0000000095
:105E40005B4D454D4F52595D200000004265666F25
:105E50007265206C6F6164696E672061646472654D
:105E6000737320626F6F6B002062797465732066B4
:105E70007265650061646472657373626F6F6B2E27
:105E800074787400636F6E74616374732E747874C5
:105E9000000000004E6F20616464726573732062BD
:105EA0006F6F6B2066696C6520666F756E64202865
:105EB00061646472657373626F6F6B2E74787420A3
:105EC0006F7220636F6E74616374732E74787429BB
:105ED000000000004164647265737320626F6F6B31
:105EE0002066696C6520666F756E642C206C6F612E
:105EF00064696E6720636F6E74616374732E2E2EF7
:105F00000000000020636F6E746163747300000012
:105F10004166746572206C6F6164696E67206164AC
:105F2000647265737320626F6F6B00002B0000005A
:105F30004C6F6164656420636F6E746163743A20B2
:105F400000000000202D3E20000000006F757467E7
:105F50006F696E6700000000696E636F6D696E6740
:105F6000000000003D3D3D204C6F6164696E67207C
:105F7000416C6C204D6573736167657320666F7249
:105F8000205468726561642050726F636573736931
:105F90006E67203D3D3D00004265666F7265206C76
:105FA0006F6164696E6720616C6C206D65737361ED
:105FB000676573005B44454255475D204F70656ED1
:105FC000696E6720534420726F6F74206469726534
:105FD00063746F72792E2E2E000000005B455252C2
:105FE0004F525D204661696C656420746F206F704C
:105FF000656E20534420726F6F742064697265630C
:10600000746F7279210000005B44454255475D2062
:106010004275696C64696E6720746872656164209A
:1060200070726576696577732066726F6D20616442
:10603000647265737320626F6F6B206F6E6C792E64
:106040002E2E00005B44454255475D20534420728C
:106050006F6F74206469726563746F7279206F70FA
:10606000656E6564207375636365737366756C6CC8
:10607000790000005B44454255475D2053746172CE
:1060800074696E6720746F207363616E2066696C3B
:1060900065732E2E2E0000005B44454255475D205F
:1060A0005363616E6E656420746F74616C20666901
:1060B0006C65733A200000005B44454255475D2003
:1060C0004C6F61646564200020534D53206D6573EF
:1060D00073616765730000005B44454255475D206E
:1060E0005363616E6E656420000000002066696C79
:1060F000657320736F206661722E2E2E00000000E3
:106100005B44454255475D20466F756E6420534D94
:10611000532066696C653A20000000005B444542EC
:1061200055475D2046696C652073697A653A2000A1
:1061300020627974657300005B44454255475D20D9
:106140005265616420000000206C696E65732066F2
:10615000726F6D2066696C65000000005B4445420B
:1061600055475D2050726F63657373696E67206D6C
:10617000657373616765206C696E65732E2E2E00E2
:10618000546F3A20000000005B44454255475D20B3
:106190004D65737361676520646972656374696FC7
:1061A0006E3A20005B44454255475D20546F746150
:1061B0006C206D65737361676573206C6F616465D6
:1061C0006420736F206661723A2000005B57415271
:1061D0004E494E475D204E6F20534D53206D6573E1
:1061E000736167657320666F756E6421204368650F
:1061F000636B20696620534D532066696C6573207C
:106200006578697374206F6E2053442063617264F3
:106210002E0000005B44454255475D205374617277
:1062200074696E67206275696C6454687265616434
:10623000507265766965777328292E2E2E0000002E
:106240005B44454255475D206275696C64546872D1
:106250006561645072657669657773282920636F7C
:106260006D706C65746564004166746572206C6F56
:106270006164696E6720616C6C206D657373616722
:10628000657300003D3D3D20536176696E67204196
:1062900064647265737320426F6F6B203D3D3D00F7
:1062A000E29D8C204661696C656420746F206F707C
:1062B000656E2061646472657373626F6F6B2E74B8
:1062C000787420666F722077726974696E67000057
:1062D000E29D8C204661696C656420746F20777242
:1062E00069746520636F6E7461637420746F2066D7
:1062F000696C6500E29C852053617665642000002E
:1063000020636F6E746163747320746F20616464C2
:1063100072657373626F6F6B2E7478740000000087
:10632000434F4E54414354530000000053454152E3
:1063300043483A200000000052414D3A256C754B0D
:10634000000000005B4B4559424F4152445D204BD9
:10635000657920707265737365643A203078000047
:106360002920636861723A2027000000537065613C
:106370006B657220566F6C3A2025642F25640000EF
:106380005B564F4C554D455D20537065616B657292
:1063900020766F6C756D652073657420746F2000B6
:1063A000537065616B657220566F6C3A204D415891
:1063B00000000000537065616B657220566F6C3A87
:1063C000204D494E000000004D6963204761696E11
:1063D0003A2025642F2564005B564F4C554D455D92
:1063E000204D6963206761696E2073657420746F46
:1063F000200000004D6963204761696E3A204D49D5
:106400004E0000004D6963204761696E3A204D419E
:10641000580000005B43414C4C5D20416E73776532
:1064200072696E6720696E636F6D696E6720636164
:106430006C6C2E2E2E00000043616C6C20636F6E1E
:106440006E656374656400005B43414C4C5D2043A2
:10645000616C6C20616E737765726564207375631F
:106460006365737366756C6C79000000416E7377B9
:106470006572206661696C65640000005B43414C95
:106480004C5D204661696C656420746F20616E7399
:106490007765722063616C6C000000005B43414CC7
:1064A0004C5D20496E6974696174696E672063612F
:1064B0006C6C20746F3A200043616C6C696E6720CD
:1064C000257300005B43414C4C5D2043616C6C20A4
:1064D000696E69746961746564207375636365735B
:1064E0007366756C6C790000496E2043616C6C209A
:1064F0002D20557365206172726F777320666F72FD
:1065000020766F6C000000005B43414C4C5D2046E0
:1065100061696C656420746F20696E697469617467
:10652000652063616C6C000043616C6C206661697E
:106530006C6564005B5345415243485D20436F6E78
:1065400074616374207365617263683A2027000088
:106550005B5345415243485D20436F6E74616374E1
:106560002073656172636820757064617465643A54
:10657000202700005B43414C4C5D2043616C6C2044
:10658000656E646564206279204553430000000015
:106590005B5345415243485D20436F6E74616374A1
:1065A0002073656172636820636C65617265642045
:1065B0002D2072657475726E656420746F206D6134
:1065C000696E206C697374005B43414C4C5D2043E1
:1065D000616C6C20656E6465642062792048206B74
:1065E000657900005B4B4559424F4152445D205252
:1065F000756E6E696E67207465737420000000000C
:1066000028000000747275650000000066616C73FC
:10661000650000003D3D3D204275696C64696E6710
:10662000205468726561642050726576696577737D
:10663000203D3D3D000000006275696C6454687245
:1066400065616450726576696577732073746172F1
:10665000740000005B44454255475D2052657365F8
:1066600074207468726561642070726576696577FC
:1066700020636F756E7420746F2030005B44454258
:1066800055475D204F70656E696E672053442072D8
:106690006F6F7420666F7220746872656164207019
:1066A000726576696577206275696C64696E672EBC
:1066B0002E2E00005B4552524F525D204661696CA0
:1066C000656420746F206F70656E20534420726F74
:1066D0006F7420696E206275696C645468726561BC
:1066E0006450726576696577732100005B444542AA
:1066F00055475D204275696C64696E6720707265EC
:1067000076696577732066726F6D20616464726567
:10671000737320626F6F6B206F6E6C792E2E2E005C
:106720005B44454255475D20416C6C2066696C6551
:10673000732070726F6365737365642C2074656D6C
:10674000704D657373616765436F756E743A2000B1
:1067500041667465722070726F63657373696E67EA
:1067600020616C6C2066696C65730000206D657338
:10677000736167657320666F722074687265616407
:106780002067726F7570696E672E2E2E00000000F4
:106790005B44454255475D205374617274696E676E
:1067A000207468726561642070726576696577200F
:1067B000736F7274696E672E2E2E00005B44454223
:1067C00055475D2054687265616420707265766912
:1067D000657720736F7274696E6720636F6D706C7C
:1067E000657465640000000020746872656164204F
:1067F0007072657669657773000000005B444542FE
:1068000055475D2050726F63657373696E67206DC5
:106810006573736167652C206C696E65436F756E77
:10682000743A20005B44454255475D204C696E65D3
:1068300020313A20270000005B44454255475D2047
:1068400069734E6577466F726D61743A200000007F
:10685000447572696E67206D65737361676520703A
:10686000726F63657373696E670000005B44454235
:1068700055475D20506172736564206D6573736167
:106880006765207375636365737366756C6C792CCB
:106890002074656D704D657373616765436F756EC8
:1068A000743A200041667465722070617273696E7B
:1068B00067206D6573736167650000005B44454246
:1068C00055475D20436C6F7365642066696C652C69
:1068D0002070726F6365737365642066696C65739D
:1068E0003A2000005B44454255475D2050726F637B
:1068F000657373696E67206D6573736167652000EA
:106900005B44454255475D205468726561642000D0
:106910005B44454255475D20436F6E746163743A32
:10692000200000002C206578697374733A20000001
:106930005B4F5554474F494E472044454255475DAC
:1069400020526177206E6574776F726B2074696D69
:10695000652066726F6D2053494D373630303A20CE
:106960002700000032362F30312F30352C31393AA4
:1069700030303A30302D3332000000005B4F555438
:10698000474F494E475D205573696E672066616CBD
:106990006C6261636B2074696D657374616D700006
:1069A0005B4F5554474F494E472044454255475D3C
:1069B00020496E70757420746F20636F6E766572F7
:1069C00074546F5554433A20270000005B4F5554D0
:1069D000474F494E472044454255475D204F757407
:1069E0007075742066726F6D20636F6E7665727459
:1069F000546F5554433A202700000000736D735FB5
:106A00006F75745F000000005B4F5554474F494E4F
:106A1000475D20536176696E67206F7574676F6993
:106A20006E67206D65737361676520746F3A20002F
:106A30005B4F5554474F494E475D204C6F63616C27
:106A40002074696D657374616D703A2000000000F8
:106A50005B4F5554474F494E475D20555443207472
:106A6000696D657374616D703A2000005B4F555419
:106A7000474F494E475D204661696C656420746FDD
:106A800020637265617465206F7574676F696E67E6
:106A9000206D6573736167652066696C6500000031
:106AA00046726F6D3A202B313233343536373839F0
:106AB000300000005374617475733A2053454E548E
:106AC000000000005B4F5554474F494E475D204F33
:106AD0007574676F696E67206D6573736167652094
:106AE0007361766564207375636365737366756C33
:106AF0006C792077697468206475616C2074696DA5
:106B0000657374616D70730053656C6563742061A7
:106B100020636F6E766572736174696F6E0000003A
:106B20003E200000494E00004F555400494E2000C1
:106B30004C6F6164696E6720746872656164206679
:106B40006F7220636F6E746163743A2000000000FE
:106B50006C6F6164546872656164466F72436F6EF6
:106B60007461637420737461727400005B544852E2
:106B70004541442044454255475D20436865636B69
:106B8000696E672066696C653A2000005B54485264
:106B90004541442044454255475D2050726F63652E
:106BA0007373696E6720534D532066696C653A2094
:106BB000000000003D3D3D3D3D3D3D3D3D3D20460D
:106BC000554C4C20534D532046494C4520434F4E85
:106BD00054454E5453203D3D3D3D3D3D3D3D3D3DA5
:106BE000000000005B46494C455D20005B4C494E6F
:106BF00045535D20000000005B4C494E45200000DD
:106C00005D2027004C6F63616C54696D653A20000C
:106C10005B464F524D41545D2000000056323720F4
:106C20004455414C2D54494D455354414D5000005D
:106C3000563236204F5554474F494E47000000000A
:106C400056323620494E434F4D494E470000000012
:106C50005B434F4E56455253494F4E5D204F6C6437
:106C600020666F726D617420636F6E7665727465F5
:106C70006420746F205554433A2000002D2D2D2D93
:106C80002D2D2D2D2D2D20504152534544204D4565
:106C900053534147452044415441202D2D2D2D2D46
:106CA0002D2D2D2D2D0000005B50415253454420C9
:106CB00053454E4445525D20270000005B50415231
:106CC00053454420524543495049454E545D202781
:106CD000000000005B5041525345442054494D454B
:106CE0002028666F7220736F7274696E67295D2049
:106CF000270000005B50415253454420434F4E54FF
:106D0000454E545D202700005B50415253454420BE
:106D10004F5554474F494E475D2000005B54494D45
:106D2000455354414D502056414C55455D2000007F
:106D30002D2D2D2D2D2D2D2D2D2D2D2D2D2D2D2D83
:106D40002D2D2D2D2D2D2D2D2D2D2D2D2D2D2D2D73
:106D50002D2D2D2D2D2D2D2D2D2D00005B4D415434
:106D600043482044454255475D204F7574676F691D
:106D70006E673A207461726765743D2700000000F9
:106D80002720726563697069656E743D2700000095
:106D900027202D3E200000004D41544348000000B4
:106DA0004E4F204D41544348000000005B52455077
:106DB0004C4143455D205265706C6163696E67208C
:106DC0006F6C64657374206D736720617420736CDD
:106DD0006F742000292077697468206E657765726A
:106DE000206D7367202874733D0000003E3E3E3ED8
:106DF0003E3E3E204D455353414745204D4154436F
:106E0000484544202D20414444494E4720544F20BA
:106E1000544852454144203C3C3C3C3C3C3C0000F6
:106E20005B544852454144204D5347202300000005
:106E30004D6500003E3E3E3E3E3E3E3E3E3E3E3EB8
:106E40003E3E3E3E3E3E3E3E3E3E3E3E3E3E3E3E62
:106E50003E3E3E3E3E3E3E3E3E3E3E3E3E3E3E3E52
:106E60003E3E3E3E3E3E3E005B4E4F204D41544333
:106E7000485D202D204D657373616765206E6F74CA
:106E800020616464656420746F2074687265616455
:106E9000000000004265666F726520736F7274694E
:106EA0006E6720746872656164206D6573736167D5
:106EB000657300005B534F52542044454255475D73
:106EC0002054696D657374616D7073206265666FBF
:106ED000726520736F7274696E673A004D657373E3
:106EE00061676520000000003A2074696D653D27E8
:106EF00000000000272076616C75653D00000000F1
:106F0000206F7574676F696E673D00003D3D3D3DC4
:106F10003D3D3D3D3D3D3D3D3D3D3D2046494E4194
:106F20004C20544852454144204F52444552203D44
:106F30003D3D3D3D3D3D3D3D3D3D3D3D3D3D0000FB
:106F40005B544F54414C204D455353414745535D8D
:106F5000200000005B4D534720000000207C2046AD
:106F6000696C653A20000000207C2054696D653A08
:106F70002027000027207C2054696D657374616DA3
:106F80007056616C3A200000207C20436F6E74655F
:106F90006E743A20270000002E2E2E2700000000DD
:106FA0003D3D3D3D3D3D3D3D3D3D3D3D3D3D3D3D11
:106FB0003D3D3D3D3D3D3D3D3D3D3D3D3D3D3D3D01
:106FC0003D3D3D3D3D3D3D3D3D3D3D3D3D3D3D3DF1
:106FD0003D3D3D3D00000000416674657220736FC9
:106FE0007274696E6720746872656164206D657380
:106FF0007361676573000000206D65737361676579
:107000007320666F7220746872656164000000000E
:107010006C6F6164546872656164466F72436F6E31
:107020007461637420656E64000000005B5041521F
:10703000534544204C4F43414C2054494D455D201D
:10704000270000005B41444445445D2046696C656F
:107050003A200000207C2054696D653A2000000031
:10706000207C2054696D657374616D7056616C3A53
:1070700020000000207C20446972656374696F6E93
:107080003A2000004175746F2D7363726F6C6C3A17
:1070900020706978656C206F6666736574200000E7
:1070A0002028746F74616C206865696768743A2081
:1070B000000000002C20646973706C6179206865A1
:1070C000696768743A2000002C2076696577706FD4
:1070D00072743A2000000000417474656D70746928
:1070E0006E6720746F2064656C65746520616C6CDC
:1070F00020534D53206D6573736167657320696E0E
:10710000646976696475616C6C792E2E2E000000BE
:107110004661696C656420746F2073657420534DFB
:10712000532074657874206D6F646520666F7220DB
:1071300064656C6574696F6E0000000053494D20F2
:107140006361726420617070656172732066756C32
:107150006C2C20617474656D7074696E6720746F37
:107160002064656C657465200000000044656C65F2
:1071700074696E67206D6573736167652000000038
:10718000204641494C4544005375636365737366FB
:10719000756C6C792064656C657465642000000012
:1071A000206F7574206F662000000000F09F93A789
:1071B000204E657720534D53202D2046726F6D3A37
:1071C00020000000F09F869520556E6B6E6F776EE5
:1071D0002073656E646572206465746563746564AC
:1071E0002C20616464696E6720746F20616464722E
:1071F00065737320626F6F6B2E2E2E00556E6B6E53
:107200006F776E2000000000E29C85204E6577209D
:10721000636F6E746163742061646465643A200016
:107220004E657720636F6E7461637420616464657A
:1072300064000000E29D8C204661696C65642074E6
:107240006F20616464206E657720636F6E74616384
:1072500074000000F09F939E204B6E6F776E20634A
:107260006F6E746163743A2000000000E29C852018
:107270004E657720534D532073746F72656420748C
:107280006F205344206361726420616E64206465E2
:107290006C657465642066726F6D2053494D000003
:1072A000F09F948D20436F6E7461637420636F75DB
:1072B0006E74206265666F726520726566726573B2
:1072C000683A2000F09F948D20436F6E7461637460
:1072D00020636F756E7420616674657220726566D6
:1072E000726573683A200000F09F948D2054687294
:1072F000656164207072657669657720636F756E6D
:10730000743A20005B534D535D2053656E64657283
:10731000206D6174636865732061637469766520AC
:10732000636F6E74616374202D207265667265737D
:1073300068696E6720636F6E766572736174696FDA
:107340006E000000534D532073746F7265642026E5
:10735000207570646174656400000000E29D8C20FB
:107360004661696C656420746F2073746F72652068
:107370006E657720534D5300534D532073746F72D5
:1073800065206661696C656400000000E29AA0EF08
:10739000B88F204661696C656420746F20706172DB
:1073A0007365206E657720534D530000534D532075
:1073B0007061727365206661696C6564000000002D
:1073C00041667465722068616E646C696E67206ED8
:1073D000657720534D5300003D3D3D2048616E646C
:1073E0006C696E67206E657720534D532061742061
:1073F000696E6465782000004265666F726520687A
:10740000616E646C696E67206E657720534D530022
:107410004E657720534D53207265636569766564C8
:1074200000000000534D53206D6F64652066616954
:107430006C6564003D3D3D204275696C64696E6712
:1074400020436F6E7461637420507265766965774E
:10745000732066726F6D204164647265737320429D
:107460006F6F6B202B204D65737361676573203DD3
:107470003D3D00005B44454255475D2053746172B9
:1074800074696E67207769746820000020636F6EEE
:1074900074616374732066726F6D206164647265D9
:1074A000737320626F6F6B005B44454255475D20EC
:1074B000416464656420000020636F6E74616374CE
:1074C0007320746F2070726576696577206C6973BC
:1074D000740000005B44454255475D2050726F6365
:1074E000657373696E672000206D657373616765EE
:1074F0007320746F2075706461746520636F6E749F
:107500006163742061637469766974792E2E2E002C
:107510004E6F206D65737361676573005B44454210
:1075200055475D205374617274696E6720636F6E96
:107530007461637420736F7274696E67206279205E
:10754000726563656E742061637469766974792EFF
:107550002E2E00005B44454255475D20436F6E74FC
:1075600061637420736F7274696E6720636F6D70EE
:107570006C657465640000005B5355434345535389
:107580005D204275696C74200000000020636F6EFE
:1075900074616374207072657669657773000000AA
:1075A0005B44454255475D20436F6E7461637420B0
:1075B000000000002028000029202D2000000000ED
:1075C000206D736773000000417474656D70746999
:1075D0006E672062756C6B20534D532064656C653B
:1075E00074696F6E20776974682070726F7065724D
:1075F0002073746F726167652073656C656374696D
:107600006F6E2E2E2E0000005374657020313A20CC
:1076100053657474696E6720534D53207465787494
:10762000206D6F64652E2E2E00000000E29D8C20E0
:107630004661696C656420746F2073657420534DD6
:10764000532074657874206D6F646500E29C85201A
:10765000534D532074657874206D6F646520736595
:10766000740000005374657020323A2053656C65D5
:107670006374696E672053494D206361726420739F
:10768000746F726167652E2E2E00000041542B43EB
:10769000504D533D22534D222C22534D222C225328
:1076A0004D220000E29D8C204661696C6564207467
:1076B0006F2073656C6563742053494D2073746F3C
:1076C0007261676500000000E29C852053494D20EF
:1076D00073746F726167652073656C65637465644C
:1076E000000000005374657020333A2045786563CC
:1076F0007574696E672062756C6B2064656C657467
:107700006520636F6D6D616E642041542B434D475E
:10771000443D342E2E2E000041542B434D47443D12
:1077200034000000E29C852042756C6B2064656C1F
:1077300065746520636F6D6D616E642041542B43E9
:107740004D47443D342065786563757465642073E6
:1077500075636365737366756C6C7900E29D8C204C
:1077600042756C6B2064656C65746520636F6D6D2C
:10777000616E642041542B434D47443D3420666183
:10778000696C6564000000004F4E00004F464600E3
:10779000454E41424C45440044495341424C4544C6
:1077A0000000000044656275673A20257300000000
:1077B000546872656164206C6F6164696E672064EF
:1077C00065627567206973206E6F77200000000086
:1077D0005369676E616C2054657374003D3D3D20B4
:1077E00052756E6E696E67205369676E616C2051C9
:1077F00075616C6974792054657374203D3D3D005A
:107800005369676E616C3A2025642F3331000000A4
:1078100041542054657374003D3D3D2052756E6E99
:10782000696E6720415420436F6D6D616E64205412
:10783000657374203D3D3D00415420436F6D6D6183
:107840006E6473204F4B000053494D373630302063
:10785000726573706F6E64696E6720746F20415437
:1078600020636F6D6D616E647300000041542043AE
:107870006F6D6D616E6473204661696C65640000B4
:1078800053494D37363030206E6F742072657370F7
:107890006F6E64696E670000534D532043686563E3
:1078A0006B0000003D3D3D2052756E6E696E672095
:1078B000534D5320436865636B20262053746F72C9
:1078C000652054657374203D3D3D00004265666F40
:1078D000726520534D5320636865636B00000000A0
:1078E0004E657720534D53206465746563746564F9
:1078F0003A200000206E6577206D657373616765BF
:10790000732E2052656672657368696E67207468AD
:1079100072656164732E2E2E00000000526566723F
:10792000657368696E6720746872656164730000CE
:107930005468726561647320757064617465640075
:107940004E6F206E657720534D53206D65737361C4
:10795000676573004E6F206E657720534D530000AE
:10796000416674657220534D5320636865636B00F4
:1079700053442054657374003D3D3D2052756E6E36
:10798000696E6720534420436172642052656164CC
:107990002F57726974652054657374203D3D3D0016
:1079A000746573745F256C752E7478740000000024
:1079B000E29C97204661696C656420746F20637255
:1079C0006561746520746573742066696C65000078
:1079D0005344205772697465204661696C65640080
:1079E000546573742077726974652061743A20005D
:1079F000E29C9320437265617465642066696C65DE
:107A00003A200000E29C97204661696C656420740E
:107A10006F20726561642066696C65005344205272
:107A2000656164204661696C65640000E29C932096
:107A300046696C6520636F6E74656E74733A2000DE
:107A400053442054657374204F4B00005265667296
:107A5000657368696E6720546872656164730000BD
:107A60003D3D3D2052656672657368696E672054BE
:107A700068726561642053797374656D203D3D3D86
:107A8000000000004265666F72652072656672656F
:107A90007368696E672074687265616473000000C2
:107AA00025642074687265616473206C6F6164651D
:107AB000640000004E6F206D65737361676573200D
:107AC000666F756E640000004166746572207265B1
:107AD0006672657368696E67207468726561647345
:107AE000000000004E6574776F726B2054657374EC
:107AF000000000003D3D3D2052756E6E696E6720AE
:107B00004E6574776F726B20537461747573205473
:107B1000657374203D3D3D004E6574776F726B2038
:107B20004F4B00004E6574776F726B2073746174F5
:107B300075732071756572792073756363657373EE
:107B400066756C004E6574776F726B204661696C68
:107B5000656400004E6574776F726B207374617496
:107B60007573207175657279206661696C65640052
:107B700044656C6574696E6720534D532E2E2E003C
:107B80003D3D3D2044656C6574696E6720534D53DF
:107B9000204F6E652D62792D4F6E652066726F6D78
:107BA0002053494D2043617264203D3D3D0000005B
:107BB0005741524E494E473A2054686973207769BD
:107BC0006C6C2064656C65746520414C4C20534D91
:107BD00053206D657373616765732066726F6D20E6
:107BE0007468652053494D20636172642100000070
:107BF000534D532064656C6574656400E29C852078
:107C0000534D53206D657373616765732064656CB4
:107C1000657465642066726F6D2053494D20636101
:107C2000726400004E6F74653A20534D53206669AC
:107C30006C6573206F6E2053442063617264206111
:107C40007265204E4F542064656C65746564000055
:107C500044656C657465206661696C65640000004C
:107C6000E29D8C204661696C656420746F206465B8
:107C70006C65746520534D53206D65737361676542
:107C8000732066726F6D2053494D206361726400EA
:107C900042756C6B2064656C6574696E672E2E2E60
:107CA000000000003D3D3D2042756C6B2044656C3A
:107CB00065746520416C6C20534D532066726F6D66
:107CC0002053494D2043617264203D3D3D0000003A
:107CD00042756C6B2064656C657465204F4B0000C9
:107CE000E29C8520416C6C20534D53206D6573736D
:107CF000616765732064656C657465642066726F86
:107D00006D2053494D2063617264202862756C6B4D
:107D10002900000042756C6B2064656C65746520F9
:107D20006661696C65640000E29D8C204661696C47
:107D3000656420746F2062756C6B2064656C65747B
:107D40006520534D53206D657373616765732066BD
:107D5000726F6D2053494D20636172640000000012
:107D6000556E6B6E6F776E2074657374206E756DD3
:107D70006265723A20000000253032642F253032CF
:107D8000642F2530326400003D3D3D204449592098
:107D900050686F6E65207634302053746172746958
:107DA0006E67203D3D3D00005B44454255475D20E8
:107DB00053657269616C20636F6E6E656374696F81
:107DC0006E2065737461626C6973686564206166B6
:107DD0007465722000000000206D73005B44454212
:107DE00055475D205374617274696E6720637573C3
:107DF000746F6D2053504920696E697469616C69B4
:107E00007A6174696F6E2E2E2E0000005B4445422D
:107E100055475D205446542053504920696E69747B
:107E200069616C697A6564005B44454255475D2031
:107E300053442053504920696E697469616C697AB2
:107E4000656400005B44454255475D205374617290
:107E500074696E6720646973706C617920696E69FA
:107E60007469616C697A6174696F6E2E2E2E0000E0
:107E70004449592050686F6E652076343000000008
:107E80005374617274696E672E2E2E005B444542F6
:107E900055475D20446973706C617920696E69741F
:107EA00069616C697A6564005B44454255475D20B1
:107EB00041626F757420746F2063616C6C20757003
:107EC000646174655374617475732E2E2E00000006
:107ED000446973706C6179204F4B00005B444542EC
:107EE00055475D20537461747573207570646174B7
:107EF000656400005B44454255475D20496E6974E6
:107F000069616C697A696E672049324320666F72D5
:107F1000206B6579626F6172642E2E2E0000000066
:107F20005B44454255475D2049324320696E697480
:107F300069616C697A656420666F72206B6579622D
:107F40006F61726420617420616464726573732070
:107F500030783546000000005B44454255475D20BF
:107F6000536B697070696E672066756C6C2049325E
:107F700043207363616E20746F2070726576656E46
:107F80007420667265657A65202D20746573746946
:107F90006E67206B6579626F617264206F6E6C79B9
:107FA0002E2E2E005B44454255475D205465737468
:107FB000696E6720493243206B6579626F61726434
:107FC00020636F6E6E656374696F6E2E2E2E0000D7
:107FD0005B44454255475D20526571756573746910
:107FE0006E67203120627974652066726F6D206142
:107FF0006464726573732030780000005B4445420E
:1080000055475D20493243206B6579626F61726428
:1080100020726573706F6E647320746F2061646486
:1080200072657373202D20636F6E6E656374696F64
:108030006E204F4B000000004B6579626F617264E7
:10804000204F4B005B44454255475D205741524EFF
:10805000494E473A20493243206B6579626F61721D
:1080600064206572726F7220636F64653A2000004D
:108070005B44454255475D205468697320636F75C2
:108080006C64206D65616E3A000000005B444542FF
:1080900055475D20312E204B6579626F61726420F7
:1080A0006E6F7420636F6E6E6563746564000000AC
:1080B0005B44454255475D20322E2057726F6E67F4
:1080C00020493243206164647265737300000000CC
:1080D0005B44454255475D20332E2049324320748E
:1080E000696D696E67206973737565004B657962A8
:1080F0006F617264205761726E696E6700000000E4
:108100005B44454255475D20493243206B657962A7
:108110006F617264207465737420636F6D706C6539
:10812000746500005B44454255475D2041626F75B0
:108130007420746F20696E697469616C697A652056
:10814000534420636172642E2E2E00005B4445422E
:1081500055475D205344206361726420696E6974E1
:1081600069616C697A6564005344206361726420BC
:108170004F4B00005B44454255475D205465737486
:10818000696E67205344206361726420777269745A
:10819000652E2E2E00000000746573742E747874A2
:1081A000000000005B44454255475D204661696C14
:1081B000656420746F206372656174652053442088
:1081C000746573742066696C650000005344207404
:1081D000657374206661696C6564000044495920C8
:1081E00050686F6E652076343020546573740000DB
:1081F0005B44454255475D205344206361726420CF
:10820000746573742066696C65206372656174655A
:1082100064207375636365737366756C6C790000B5
:1082200053442074657374204F4B00005B444542F7
:1082300055475D205344206361726420696E697400
:1082400069616C697A6174696F6E206661696C65D9
:108250006400000053442063617264206661696CAD
:10826000656400005B44454255475D2053442063EC
:1082700061726420696E697469616C697A6174699C
:108280006F6E20636F6D706C657465005B44454272
:1082900055475D204C6F6164696E6720616464724C
:1082A00065737320626F6F6B2E2E2E004C6F6164AE
:1082B000696E6720636F6E74616374732E2E2E0077
:1082C0005B44454255475D20416464726573732089
:1082D000626F6F6B206C6F6164696E6720636F6D96
:1082E000706C6574650000005B44454255475D2035
:1082F000436F6E6669677572696E67205365726950
:10830000616C312070696E732E2E2E005B444542E5
:1083100055475D2053657269616C312070696E73D9
:1083200020636F6E66696775726564005B444542E1
:1083300055475D205374617274696E672053494DCF
:108340003736303020696E697469616C697A61749E
:10835000696F6E2E2E2E00005B44454255475D200E
:1083600053494D3736303020636F6E6E65637465E8
:10837000640000005B44454255475D20456E6162E4
:108380006C696E672063616C6C65722049442E2EA7
:108390002E0000005B44454255475D2043616C6CF4
:1083A000657220494420656E61626C65640000005E
:1083B0005B44454255475D20436865636B696E6762
:1083C000207369676E616C207175616C6974792EB8
:1083D0002E2E00005369676E616C3A202564000000
:1083E0005B44454255475D205369676E616C20715F
:1083F00075616C69747920636865636B20636F6D68
:10840000706C6574650000005B44454255475D2013
:1084100053494D3736303020636F6E6E6563746933
:108420006F6E206661696C656400000053494D37CA
:10843000363030206661696C656400005B444542FB
:1084400055475D2053494D3736303020696E697489
:1084500069616C697A6174696F6E20636F6D706CAD
:10846000657465004C6F6164696E67206D65737338
:10847000616765732E2E2E005B44454255475D2093
:108480005374617274696E67206D6573736167659B
:10849000206C6F6164696E672070726F63657373BF
:1084A0002E2E2E005B44454255475D204D6573736B
:1084B000616765206C6F6164696E6720636F6D70C2
:1084C0006C6574656420696E200000005B57415242
:1084D0004E494E475D204D657373616765206C6F33
:1084E0006164696E672072657475726E656420667A
:1084F000616C7365000000005B44454255475D2098
:10850000496E697469616C697A696E672076323682
:10851000207468726561642D626173656420696EA0
:10852000746572666163652E2E2E00004265666F6B
:10853000726520554920696E697469616C697A6158
:1085400074696F6E000000005B44454255475D2032
:1085500053656C6563746564206669727374207416
:1085600068726561640000005B44454255475D20C8
:108570004E6F207468726561647320617661696C06
:1085800061626C6520746F2073656C6563740000B4
:108590005B44454255475D2044726177696E6720B0
:1085A000554920636F6D706F6E656E74732E2E2E3D
:1085B000000000004265666F726520647261776931
:1085C0006E672055490000005B44454255475D20D9
:1085D00044726177696E6720737461747573207378
:1085E000656374696F6E2E2E2E0000004265666F03
:1085F0007265207374617475732073656374696F39
:108600006E00000041667465722073746174757346
:108610002073656374696F6E000000005B4445421F
:1086200055475D2044726177696E67207468726592
:10863000616420707265766965772070616E652E61
:108640002E2E00004265666F726520746872656147
:108650006420707265766965772070616E650000D0
:108660004166746572207468726561642070726519
:10867000766965772070616E650000005B44454255
:1086800055475D2044726177696E6720636F6E762F
:108690006572736174696F6E2070616E652E2E2E27
:1086A000000000005B44454255475D2044726177FD
:1086B000696E672070616E6520626F7264657273A7
:1086C0002E2E2E005B44454255475D2055492064BF
:1086D000726177696E6720636F6D706C6574656435
:1086E000000000005B44454255475D2053657475AA
:1086F0007020636F6D706C657465210053657475CF
:108700007020636F6D706C65746500005265616404
:1087100079202D2076343020496E7465726661634D
:10872000650000003D3D3D3D3D3D3D3D3D3D3D3D08
:108730003D3D3D3D3D3D3D3D3D3D3D3D3D3D3D3D69
:108740003D3D3D3D3D3D3D3D3D3D3D3D3D3D3D3D59
:108750003D3D3D00536574757020636F6D706C65B1
:108760007465202D205072657373206B6579626F7C
:10877000617264206E756D6265727320312D393AB5
:108780000000000031203D205369676E616C20516C
:1087900075616C69747920546573740032203D20D2
:1087A000415420436F6D6D616E6420546573740095
:1087B00033203D20534D5320436865636B202620B2
:1087C00053746F726500000034203D2053442043F1
:1087D00061726420546573740000000035203D20F0
:1087E0005265616420534D532046696C65730000E7
:1087F00036203D204E6574776F726B205374617420
:108800007573000037203D2044656C657465205306
:108810004D53204F6E652D62792D4F6E650000001F
:1088200038203D2044656C65746520416C6C205394
:108830004D53202842756C6B2900000039203D20E3
:10884000546F67676C65204465627567204F757467
:1088500070757420287632372B290000454E544518
:1088600052203D20416E7377657220696E636F6D93
:10887000696E672063616C6C0000000055502F44E6
:108880004F574E203D2041646A75737420737065A4
:10889000616B657220766F6C756D652028302D35A3
:1088A000290000004C4546542F5249474854203D6A
:1088B0002041646A757374206D6963206761696E15
:1088C0002028302D38290000432F63203D204361AC
:1088D0006C6C2073656C656374656420636F6E7483
:1088E00061637400482F682F455343203D20486141
:1088F0006E672075702063616C6C000000000000E2
:10890000000000001950030041500300F969020003
:10891000015003000950030011500300FD4F0300F4
:10892000705F73706920213D204E554C4C00000053
:108930002F686F6D652F6477626C6169722F2E707E
:108940006C6174666F726D696F2F7061636B6167C4
:1089500065732F6672616D65776F726B2D617264DE
:1089600075696E6F61646166727569746E72663581
:10897000322F6C69627261726965732F5350492F8F
:108980005350492E63707000535049436C617373A8
:108990003A3A535049436C617373284E52465F53C1
:1089A00050494D5F547970652A2C2075696E743872
:1089B0005F742C2075696E74385F742C2075696E35
:1089C00074385F742900000000000000003E5B4F17
:1089D0005B3E3E6B4F6B3E1C3E7C3E1C183C7E3C1F
:1089E000181C577D571C1C5E7F5E1C00183C18002D
:1089F000FFE7C3E7FF0018241800FFE7DBE7FF30BD
:108A0000483A060E2629792926407F050507407F2A
:108A100005253F5A3CE73C5A7F3E1C1C08081C1C9D
:108A20003E7F14227F22145F5F005F5F06097F0193
:108A30007F006689956A606060606094A2FFA2947E
:108A400008047E040810207E201008082A1C08084C
:108A50001C2A08081E101010100C1E0C1E0C30389A
:108A60003E3830060E3E0E06000000000000005F9B
:108A700000000007000700147F147F14242A7F2AB7
:108A80001223130864623649562050000807030079
:108A9000001C2241000041221C002A1C7F1C2A08C5
:108AA000083E080800807030000808080808000028
:108AB00060600020100804023E5149453E00427F9C
:108AC000400072494949462141494D331814127FEB
:108AD0001027454545393C4A49493141211109078B
:108AE0003649494936464949291E0000140000000C
:108AF00040340000000814224114141414140041DE
:108B000022140802015909063E415D594E7C12119A
:108B1000127C7F494949363E414141227F414141D2
:108B20003E7F494949417F090909013E414151734D
:108B30007F0808087F00417F41002040413F017FBE
:108B4000081422417F404040407F021C027F7F0486
:108B500008107F3E4141413E7F090909063E4151CF
:108B6000215E7F09192946264949493203017F01BF
:108B7000033F4040403F1F2040201F3F4038403FC0
:108B8000631408146303047804036159494D4300D6
:108B90007F4141410204081020004141417F04020D
:108BA00001020440404040400003070800205454A4
:108BB00078407F2844443838444444283844442882
:108BC0007F385454541800087E090218A4A49C78D5
:108BD0007F0804047800447D40002040403D007F31
:108BE0001028440000417F40007C047804787C0811
:108BF0000404783844444438FC18242418182424E5
:108C000018FC7C08040408485454542404043F44C9
:108C1000243C4040207C1C2040201C3C4030403CF8
:108C200044281028444C9090907C4464544C440058
:108C300008364100000077000000413608000201BC
:108C40000204023C2623263C1EA1A161123A4040A8
:108C5000207A385454555921555579412254547825
:108C600042215554784020545579400C1E527212BE
:108C70003955555559395454545939555454580047
:108C800000457C410002457D420001457C407D124B
:108C900011127DF0282528F07C54554500205454AD
:108CA0007C547C0A097F4932494949323A44444458
:108CB0003A324A4848303A4141217A3A4240207893
:108CC000009DA0A07D3D4242423D3D4040403D3C94
:108CD00024FF2424487E4943662B2FFC2F2BFF09B9
:108CE00029F620C0887E09032054547941000044AD
:108CF0007D413048484A32384040227A007A0A0A98
:108D0000727D0D19317D2629292F2826292929260A
:108D100030484D4020380808080808080808382F4F
:108D200010C8ACBA2F102834FA00007B00000814D9
:108D30002A142222142A14085500550055AA55AAAF
:108D400055AAFF55FF55FF000000FF00101010FF4F
:108D500000141414FF001010FF00FF1010F010F0AA
:108D6000141414FC001414F700FF0000FF00FF149B
:108D700014F404FC141417101F10101F101F1414E7
:108D8000141F00101010F0000000001F1010101031
:108D90001F10101010F010000000FF101010101025
:108DA00010101010FF10000000FF140000FF00FF63
:108DB00000001F10170000FC04F4141417101714FF
:108DC00014F404F40000FF00F71414141414141421
:108DD000F700F7141414171410101F101F14141494
:108DE000F4141010F010F000001F101F0000001FFE
:108DF00014000000FC140000F010F01010FF10FF31
:108E0000141414FF141010101F00000000F010FFC5
:108E1000FFFFFFFFF0F0F0F0F0FFFFFF00000000A9
:108E200000FFFF0F0F0F0F0F3844443844FC4A4A2D
:108E30004A347E02020606027E027E0263554941E2
:108E4000633844443C04407E201E2006027E020219
:108E500099A5E7A5991C2A492A1C4C7201724C302D
:108E60004A4D4D303048784830BC625A463D3E4904
:108E70004949007E0101017E2A2A2A2A2A44445FA8
:108E8000444440514A444040444A51400000FF019C
:108E900003E080FF000008086B6B083612362436AA
:108EA000060F090F0600001818000000101000300F
:108EB00040FF0101001F01011E00191D1712003C97
:108EC0003C3C3C00000000000000000000000000EE
:108ED0005563030029C40300F9690200B1DD0300F2
:108EE0009156030095560300215A0300A55603002E
:108EF000B9560300ED58030091560300D156030004
:108F0000CD560300515C0300755B03009D570300C1
:108F1000BD5A0300F55603001D5803000000000071
:108F2000000000005563030029C40300F969020032
:108F3000716603007D640300C9650300256A0300B0
:108F4000056B0300856B0300ED580300AD6403005F
:108F5000D1560300D1640300FD6C0300096C0300CB
:108F6000ED6D0300BD5A0300F55603001D580300C4
:108F7000B1DD0300B1DD03000901809611800A3ADA
:108F800081550A3601082A04000000F02B04000075
:108F9000014021800A13800A29800A000000000095
:108FA000000000005563030029C40300F9690200B2
:108FB000716603007D640300C9650300256A030030
:108FC000056B0300856B0300ED580300AD640300DF
:108FD00055730300D1640300FD6C0300096C0300AA
:108FE000ED6D0300BD5A0300F55603001D58030044
:108FF000DD740300F97403000000000000000000AD
:109000005563030029C40300F96902007166030077
:109010007D640300C9650300256A0300056B030036
:10902000856B0300ED580300AD6403004975030030
:10903000D1640300FD6C0300096C0300ED6D0300B7
:10904000BD5A0300F55603001D580300DD740300EC
:10905000F974030045584641540000000000000028
:109060000338FDD87047000008000000060000002B
:10907000110000001400000016000000180000009D
:10908000200000000B00000024000000260000006B
:10909000090000000A0000002B0000002D00000065
:1090A0002F000000020000001D0000001F00000053
:1090B0002100000022000000250000000D0000003B
:1090C0000F000000000000000000000081CA030043
:1090D000CDCA03003DCA030025CA030035CA0300F8
:1090E0002DCA030055CA030031CB030069CD03002C
:1090F0007DC9030075C90300546D72510000000062
:10910000546D7220537663006C6F6F700000000026
:1091100043616C6C6261636B000000002C2066751B
:109120006E6374696F6E3A2000617373657274695F
:109130006F6E2022257322206661696C65643A2077
:1091400066696C6520222573222C206C696E65206F
:109150002564257325730A00286100204300504FC1
:10916000534958002E00232D302B2000686C4C00F2
:1091700065666745464700494E4600696E66004E83
:10918000414E006E616E003000303132333435367E
:109190003738394142434445460030313233343563
:1091A000363738396162636465660000202020200C
:1091B0002020202020282828282820202020202087
:1091C0002020202020202020202020208810101067
:1091D00010101010101010101010101004040404BF
:1091E0000404040404041010101010101041414134
:1091F000414141010101010101010101010101019F
:109200000101010101010110101010101042424231
:10921000424242020202020202020202020202026E
:1092200002020202020202101010102000000000D0
:10923000000000000000000000000000000000002E
:10924000000000000000000000000000000000001E
:10925000000000000000000000000000000000000E
:1092600000000000000000000000000000000000FE
:1092700000000000000000000000000000000000EE
:1092800000000000000000000000000000000000DE
:1092900000000000000000000000000000000000CE
:1092A000000000000000000000000000496E666938
:1092B0006E697479004E614E0000000000000000ED
:1092C000000000000000000000000000000000009E
:1092D000000000000000000000000000000000008E
:1092E000000000000000000000000000000000007E
:1092F000000000000000000000000000000000006E
:10930000000000000000000000000000000000005D
:10931000000000000000000000000000000000004D
:109320000080E03779C34143176E05B5B5B8934661
:10933000F5F93FE9034F384D321D30F94877825A2D
:109340003CBF737FDD4F1575000000000000F03F4B
:109350000000000000002440000000000000594010
:109360000000000000408F40000000000088C34063
:1093700000000000006AF8400000000080842E41D8
:1093800000000000D01263410000000084D7974124
:109390000000000065CDCD41000000205FA002422A
:1093A000000000E876483742000000A2941A6D429F
:1093B000000040E59C30A2420000901EC4BCD64292
:1093C00000003426F56B0C430080E03779C341433D
:1093D00000A0D8855734764300C84E676DC1AB43B3
:1093E000003D9160E458E143408CB5781DAF1544D1
:1093F00050EFE2D6E41A4B4492D54D06CFF08044AC
:10940000F64AE1C7022DB544B49DD9794378EA44C0
:1094100005000000190000007D00000000000000B1
:0894200030CEFD7F01000000C9
:10942800000000000A00000000000306B200080067
:1094380001000000A800080002000000A0001400BD
:10944800030057494E555342000000000000000039
:1094580000008400040007002A004400650076002C
:1094680069006300650049006E00740065007200C1
:10947800660061006300650047005500490044002C
:109488007300000050007B003900370035004600AB
:1094980034003400440039002D003000440030000E
:1094A80038002D0034003300460044002D003800F9
:1094B8004200330045002D003100320037004300E0
:1094C800410038004100460046004600390044008B
:1094D8007D0000000000000010000C00606F0020FC
:1094E800A44F04000000000000000000000000007D
:1094F8000000000000000000000000000000000064
:109508000000000000000000000000000000000053
:109518000000000000000000000000000000000043
:109528000000000000000000000000000000000033
:1095380000000000FF00FF0704040000F4BD002045
:109548000090D0032861002000000000DC92040095
:10955800FC920400BC92040000000000000000001F
:1095680000000000000000000000000000000000F3
:1095780000000000000000000000000000000000E3
:1095880000000000000000000000000000000000D3
:1095980000000000000000000000000000000000C3
:1095A8000000000000000000430000000000000070
:1095B80000000000000000000000000000000000A3
:1095C8000000000000000000430000000000000050
:1095D8000000000000000000000000000000000083
:1095E8000000000000000000430000000000000030
:1095F8000000000000000000000000000000000063
:10960800000000000000000043000000000000000F
:109618000000000000000000000000000000000042
:1096280000000000000000004300000000000000EF
:109638000000000000000000000000000000000022
:1096480000000000000000004300000000000000CF
:109658000000000000000000000000000000000002
:1096680000000000000000004300000000000000AF
:1096780000000000000000000000000000000000E2
:10968800000000000000000079300400C91F040039
:1096980000000000AB91040064910400579104009D
:1096A8005791040057910400579104005791040002
:1096B80057910400579104005791040057910400F2
:1096C800FFFFFFFFFFFFFFFFFFFFFFFFFFFF0000A0
:1096D8000100415343494900000000000000000018
:1096E8000000000000000000000000000000000072
:1096F80000004153434949000000000000000000F9
:109708000000000000000000000000000000000051
:1097180000000000016202003562020025660200B6
:10972800293903008553030039560300F9CF030094
:0497380011620200B8
:04000003400003C9ED
:00000001FF
