:020000022000DC
:1060000000000420FD9003003D9103003F91030038
:1060100041910300439103004591030000000000FB
:10602000000000000000000000000000198F0300C5
:106030004991030000000000398F03004D910300D7
:10604000AD9203004F910300A5600300F92B0300FC
:106050004F9103004F910300896103004F910300AA
:106060004F9103004F9103004F9103004F910300A4
:106070004F9103004F9103004F9103004F91030094
:106080004F9103009D8C03004F9103004F9103003B
:106090004F9103004F9103004F9103004F91030074
:1060A0004F9103004F9103004F9103004F91030064
:1060B0004F9103004F91030000000000000000001A
:1060C0004F9103004F9103004F91030099980300F3
:1060D0004F9103004F9103004F910300F16C0200B8
:1060E0004F9103004F9103004F9103000000000007
:1060F000000000004F910300000000001199030010
:10610000000000000000000000000000000000008F
:10611000000000000000000000000000000000007F
:10612000000000000000000000000000000000006F
:10613000000000000000000000000000000000005F
:10614000000000000000000000000000000000004F
:10615000000000000000000000000000000000003F
:10616000000000000000000000000000000000002F
:10617000000000000000000000000000000000001F
:10618000000000000000000000000000000000000F
:1061900000000000000000000000000000000000FF
:1061A00000000000000000000000000000000000EF
:1061B00000000000000000000000000000000000DF
:1061C00000000000000000000000000000000000CF
:1061D00000000000000000000000000000000000BF
:1061E00000000000000000000000000000000000AF
:1061F000000000000000000000000000000000009F
:10620000F1EE103A43F08073E1EE103A704700BFB0
:1062100010B5054C237833B9044B13B10448AFF3E0
:1062200000800123237010BD3863002000000000AF
:106230003CF3030008B5034B1BB103490348AFF31C
:10624000008008BD000000003C6300203CF3030018
:10625000154B002B08BF134B9D46A3F5803A002138
:106260008B460F461348144A121A14F05DFD0F4B6B
:10627000002B00D098470E4B002B00D098470020F1
:10628000002104000D000D48002802D00C48AFF397
:10629000008014F0C5FC2000290012F081FF14F0EA
:1062A00099FC00BF0000080000000420000000006E
:1062B00000000000386300201CBE00200000000029
:1062C000000000000146014800F08EBA7063002013
:1062D00038B5064B1D783DB100242046013400F04E
:1062E00049FEE0B28542F9D838BD00BF6C6300209A
:1062F000407DFF2806D010B500F088FD044618B197
:10630000204610BD0020704713F020FC204610BD31
:10631000407DFF280ED000B583B00DF1070100F0DD
:10632000C9FD20B19DF8070003B05DF804FB4FF0F4
:10633000FF30F9E74FF0FF30704700BF407DFF2886
:1063400011D000B583B001220DF1070100F06AFD04
:1063500020B94FF0FF3003B05DF804FB9DF8070053
:1063600003B05DF804FB4FF0FF307047407DFF281D
:1063700001D000F0FFBD7047407DFF2801D000F044
:106380003FBE0020704700BFF8B50646407DFF289D
:106390001CD017465AB10D46144600F011FD29468F
:1063A000224680B1707D00F08FFD241A01D138465D
:1063B000F8BD054413F0CAFB707D00F001FD2946CD
:1063C00022460028EED13F1B3846F1E70020F8BDF9
:1063D0000AB32DE9F043524991F81C6191F81D511F
:1063E00091F81E7193B0994614467B1CAA1C8046F6
:1063F000B01C81F81C0181F81D2181F81E3101A813
:106400004222002114F090FCB9F1410F05D8002080
:1064100013B0BDE8F083422070478DF806608DF818
:106420000E608DF82660721C40F20126D2B2ADF8E3
:106430001060DFF8F0C08DF81E20242640F6083EDC
:106440006B1C8DF827208DF83120ADF804E08DF815
:1064500016608DF820608DF82460CDF818C00426F1
:106460004FF0060C65F07F0540F209424FF0010E37
:1064700098F81410ADF80C208DF81CE005228DF86A
:106480001F608DF830608DF822C040F207568DF8FD
:1064900025C08DF82A5020464FF0030E63F07F048C
:1064A0004FF0080C02234FF411658DF814108DF88D
:1064B00007308DF808308DF809308DF812308DF8DE
:1064C00021308DF815208DF823208DF82BE08DF8E4
:1064D0002CC04FF00A0EADF82E504FF0400C01A921
:1064E000ADF8286007258DF833308DF840208DF801
:1064F0004140422244F20204ADF838608DF83B304E
:106500008DF83A708DF834E08DF83CC08DF83F502E
:10651000ADF8424014F0E4FB422013B0BDE8F08334
:106520007063002020010524A0F11000FFF750BF88
:1065300070B50368184A5B6882B093428DF8071003
:1065400024D10546407DFF281DD000F039FC0DF117
:10655000070601243146224688B1687D00F0B4FC6C
:10656000241A02D1012002B070BD064413F0EEFAE5
:10657000687D00F025FC314622460028EDD1C4F1AB
:10658000010002B070BD002002B070BD01220DF10B
:106590000701984702B070BD89630200437DFF2B5D
:1065A00000D07047094B1A78002AFAD110B500F1D3
:1065B000100442750649204601221A7000F0E0F9E5
:1065C00021460448BDE8104000F0F0B86C6300209C
:1065D0009CDC030070630020407DFF2807D000B5DD
:1065E00083B000F0EDFB20B103B05DF804FB0020A8
:1065F0007047019013F0AAFA019803B05DF804FB0C
:1066000001B900B1704700B583B0694600F0EEFBF8
:10661000009BB3F5966F02D003B05DF804FB00F069
:106620007DFBF9E730B4084B084A4FF47F4102F193
:106630000805002430324FF47A7099821D60C3E956
:1066400001401A6130BC704754630020ACDC030089
:106650002DE9F0410024484E2546435D4719A3B17A
:1066600003F14002D2B2012A0AD9F42B08D81A0643
:106670000ED44FF0010EA3F55842B2F5006F56D27A
:1066800001354719435D002BEAD12046BDE8F08172
:1066900003F0E002C02A57D003F0F002E02A66D0EF
:1066A00003F0F802F02AEBD103F007024FF0040EDA
:1066B0007B7803F0C00CBCF1800FE1D197F802C0E9
:1066C0000CF0C00803F03F03B8F1800F43EA8213D7
:1066D000D6D10CF03F0CBEF1030F4CEA83132DD042
:1066E000FA7802F0C007802FCAD102F03F0242EAD6
:1066F0008313A3F58032B242C2D8A3F55847B7F549
:10670000006FBDD3B3F5803F05F1040510D31E2CF7
:10671000BBDC6300970A0B44C2F30902A7F52057BC
:10672000A2F5105221F814705A80023495E775448E
:10673000202CAAD021F8143001348EE7A3F5006292
:10674000B2F5784F97D39BE77A7802F0C007802F95
:1067500003F01F0394D102F03F0242EA8313A3F136
:106760008002B2F5F06F8BD24FF0020E83E703F098
:106770000F024FF0030E9BE7FFFF0F0090F8503120
:106780000B2B0CD871B103F1480210B45C1C80F8DB
:10679000504140F822105DF8044B18467047002322
:1067A000184670470B461846704700BF70B5044640
:1067B0000E68B4F81821B4F81A31656936689B1A66
:1067C00008469BB294F81C112A44B04758B1B4F85B
:1067D00018216369104480B2A4F81801588094F815
:1067E0001C211A71012070BD2DE9F043284DDFF8FE
:1067F000B090AC4604468846BCE80F0089B003AFB1
:106800000FC703AE0FCE05F1140E25460FC59EE847
:106810000700DCF800303B806B4636682E8003C3EF
:106820006B4603CB012504F118034FF480766361B6
:10683000A061E16184F8202004F59870C4F81891F3
:106840002022A4F81C61002184F81E5114F06CFA77
:1068500040F20947042240F2EF230E4E0E48C4F8DE
:1068600028010021C4F82C1184F85021A3804FF492
:10687000E131A571C4F82071C4F824610748FFF71D
:106880008DFE404600F038FA284609B0BDE8F08396
:10689000E0DC030010DD030018DD0300546300207A
:1068A000090000010048704770630020014B5869DF
:1068B000704700BF706300202DE9F04F89B0F8B138
:1068C000032816D02B4C94F8503183424FD94830CE
:1068D00004F5AA7154F82000FFF7BAFEC0B20130E7
:1068E000400040F44070A4F85201234809B0BDE8CC
:1068F000F08F204CD4F82C0150B104F5AA71EBE7CD
:106900001C4CD4F82031A4F854314FF44170EAE71C
:10691000684600F005FA054610B300F1FF3A0DF1A4
:106920000103164FE94653FA8AFAA64604AE97E8E1
:106930000F0019F801CB86E80F000CF00F080DF1DD
:10694000200BD8440BEB1C1C18F8108C1CF8103CC6
:10695000AEF85681D145AEF854310EF1040EE6D1B1
:106960006800C0B20130400040F44070BBE7002036
:10697000BCE700BF70630020C264002000DD03009C
:1069800010B504460248FFF7F9FE207110BD00BFA4
:106990007063002030B5144C236883B013B31868BB
:1069A00051B90CF08DFA236893F90400012103B06A
:1069B000BDE8304013F0FEBA0C4B009300250123D4
:1069C0008DF805308DF8045002AB13E906000CF089
:1069D00013FA236893F90400294603B0BDE8304058
:1069E00013F0E8BA03B030BD0465002080BA8C0112
:1069F0000448006828B108B500680CF067FA012067
:106A000008BD704704650020084B1B6843B141B9BD
:106A1000074B4022C3F88020BFF34F8FBFF36F8F27
:106A20007047034B40221A60704700BF0465002086
:106A300000E100E0024B53F8200000B1C06870474D
:106A40000865002030B4094CBDF8085054F82040C7
:106A500044B1246934B10846A44611461A462B466F
:106A600030BC6047002030BC704700BF0865002084
:106A700030B4084CBDF8085054F8204044B1646963
:106A800034B10846A44611461A462B4630BC60472E
:106A900030BC70470865002000207047024B186822
:106AA00008B190F860007047106500202DE9F843A8
:106AB000234C2568002D3CD01E462C2303FB00539D
:106AC0001746D3F8209088460446B9F1000F32D01B
:106AD000484614F0ECFF2C2303FB0454D4E909547A
:106AE000DFF864C0174B08280246494628BF082231
:106AF0004046002D08BF6546002C08BF1C4614F018
:106B0000EFF8284614F0D3FF10280246294628BF84
:106B10001022384614F0E4F8204614F0C8FF042888
:106B200002462146304628BF0422BDE8F84314F04F
:106B3000D7B8BDE8F883DFF814900820CBE700BF92
:106B40001065002048DD030038DD03002CDD030064
:106B500070B5104E3368D3B12C2404FB00340546C5
:106B600062691AB19047336884F832002C2202FB24
:106B7000053393F8324014B10124204670BD2846F5
:106B800023463A22022101F0E7F8204670BD1C4658
:106B9000204670BD10650020074B1B6853B110B430
:106BA0002C2404FB0030C46A038E0C6013805DF853
:106BB000044B7047704700BF1065002008B52022C5
:106BC0000023052101F0C8F84FF0FF3008BD00BFD9
:106BD00030B4094C24685CB10D4611462C2202FBEE
:106BE0000044E46924B11A462846234630BC1847BD
:106BF000012030BC704700BF1065002030B4094C44
:106C0000029A246854B10D462C2101FB0044A4686B
:106C100024B119462846234630BC18474FF0FF30B0
:106C200030BC70471065002030B4094C029A2468CB
:106C300054B10D462C2101FB0044E46824B11946EF
:106C40002846234630BC18474FF0FF3030BC704711
:106C500010650020044B1B682BB12C2202FB003076
:106C6000036903B11847704710650020054B1B6886
:106C70002BB12C2202FB0030836903B1184701209D
:106C8000704700BF1065002005F0DCBB00B5164B57
:106C900083B04022002483F8272301A90123204642
:106CA0008DF804308DF8054002F0DAFE4FF0804395
:106CB00002A8D3F8385400F8084D12F0B1FA0B4B83
:106CC000019301A812F0D8FA12F0E8FAEB0707D402
:106CD00000214FF0FF3002F04DFFFFF7F9FAF7E720
:106CE000204605F0AFFBF3E700E100E0896C02000D
:106CF000002005F01DB800BF00B5002383B00322BB
:106D0000CDE9002303490448C82210F087FF03B0EF
:106D10005DF804FB4CDD03008D6C020013F0C2B87B
:106D20004FF08052536E1BBA0360136E1BBA436060
:106D3000082070470048704754DD030070B51E4CB2
:106D40002368D3B1012901D0012070BD1578C5F3A6
:106D50004115012D13D0022D0FD15478012C21D0D3
:106D6000022CF1D19388072B07D1144C11462389AB
:106D70002246BDE8704003F035BE002070BD51785A
:106D80002229E1D111465288003218BF01225A75DA
:106D900003F010FE2268D369002BD5D0507D9847B0
:106DA000284670BD9C69002CE7D011462378224606
:106DB000BDE8704003F016BE14650020046000209A
:106DC00010B5044602F034FE08B9002010BD02F0F0
:106DD00037FE0028F9D1044B4FF4367202FB04341D
:106DE000207900F0010010BD98650020064A4FF49C
:106DF000367303FB00230833186808609A889B7970
:106E00008B718A80704700BF9865002008B5044ADE
:106E10004FF4367303FB0020103002F055FC08BD20
:106E2000986500202DE9F8434FF4367404FB00F414
:106E30001E4E4FF6FF73074604F110054FF6FE7025
:106E4000824288BF1A463544284692B202F066FC58
:106E5000804602F0EDFD10B94046BDE8F88302F02F
:106E6000EFFD81460028F7D13444E378002BF3D0BE
:106E7000284602F041FC3F28EED9E178484603F06D
:106E8000E7FC0028E8D0284602F036FC3F2804D86A
:106E9000E178484603F0ECFCDEE7054AE178484635
:106EA00002EBC712402303F0F3FCD5E798650020FE
:106EB00018650020034A4FF4367303FB002010309E
:106EC00002F096BC986500202DE9F8434FF4367522
:106ED00005FB00F5244F4FF6FF73064605F1240429
:106EE0004FF6FE70824288BF1A463C4492B220465A
:106EF00002F0B8FC8046204602F0E6FB3F2802D8AC
:106F00004046BDE8F88302F093FD0028F8D002F077
:106F100097FD81460028F3D1204602F0D5FB0028DA
:106F2000EED03D444846A97803F092FC0028E7D013
:106F30000E4B402202EBC6161E442046314602F09C
:106F4000EDFB034660B13246A978484603F0A0FC49
:106F50000028D5D1064B1B68DB07D1D500BECFE793
:106F6000A97803F085FCCBE7986500201865002020
:106F7000F0ED00E02DE9F041804602F059FD10B936
:106F80000020BDE8F08102F05BFD07460028F7D144
:106F90004FF4367404FB08F4164E04F1240535440E
:106FA000284602F091FB0028EAD026443846B17802
:106FB00003F04EFC0028E3D040220F4B02EBC81830
:106FC00098442846414602F0A9FB044660B1424677
:106FD000B1783846234603F05BFC40B9074B1B6889
:106FE000DB07CDD500BECCE7B17803F041FC2046ED
:106FF000C7E700BF9865002018650020F0ED00E0AD
:1070000008B5044A4FF4367303FB0020243002F025
:1070100073FB08BD9865002070B5204C82B000213C
:107020004FF4367220460D4613F07EFEFF234FF4D8
:10703000E132082604F138016371A26001234FF4A4
:107040008072009504F11000A67302F001FB144B4E
:107050001B78C3F38003009304F59C7101234FF464
:10706000807204F1240002F0F3FA04F50E7101209D
:1070700010F018F804F522710646012010F012F8FD
:1070800006B130B9074B1B68DB0700D500BE02B064
:1070900070BDC4E90756C4E90C05F8E798650020FF
:1070A000B8600020F0ED00E038B5094C206A256B8F
:1070B00020B110F01BFC0023C4E907332DB1284692
:1070C00010F014FC0023C4E90C33012038BD00BFCC
:1070D0009865002010B50E4C0E48237800220260FF
:1070E0000271DA0709D59B070DD521780A48C1F34B
:1070F0008001BDE8104002F063BC103002F040FC9B
:1071000023789B07F1D4044802F03AFCEDE700BF76
:10711000B860002098650020BC6500202DE9F04192
:107120004B79022B82B004D00025284602B0BDE87E
:10713000F0818B79022BF7D1364EB3782BB1364BD9
:107140001B68DB07F0D500BEEEE78B7833700C7858
:107150000C4407466378242B4FF009050BD1082A0D
:1071600002D822E0AA4220D323781C441D4463782D
:10717000242BADB2F6D0052B38D0042B15D1637972
:107180000A2B12D1254A94F8008001920223013281
:107190000092384604EB08011A4603F095FA0028DD
:1071A000CDD00E3518FA85F5ADB202F041FC0028BD
:1071B000BBD002F045FC04460028B6D1F378002B82
:1071C000B3D0174802F098FA3F28AED9F17820469C
:1071D00003F03EFB0028A8D0114802F08DFA3F28AA
:1071E000F17811D8204603F043FB9EE7214638464C
:1071F00003F00AFB0028A2D0A378737023781C4404
:107200001D44ADB26378B8E7064A2046402303F038
:107210003FFB8AE798650020F0ED00E09A650020CA
:10722000A86500201865002038B5137803F06003C6
:10723000202B01D0002038BD294C938825789D4211
:10724000F8D15378203B032BF4D8DFE803F008157E
:107250001E02012936D0032939D0012038BD012969
:107260000CD00329F9D11F4B002BF6D01E4900206A
:10727000AFF30080012038BD0129EED1114607236C
:10728000194A03F0AFFB012038BD01291AD00329A8
:10729000E3D1164B55881B781548257113F004016E
:1072A0001CBFE94301F0010102F08AFB114B002BE6
:1072B000D3D0C5F3400205F001010020FFF7A0F98B
:1072C000012038BD114603F075FB012038BD0A4B83
:1072D000002BC2D051880020AFF30080BDE700BF73
:1072E0009865002000000000A0650020B860002024
:1072F000BC65002001660200000000002DE9F04797
:107300005F4CE2788A420D4680461F4659D15D4E59
:107310009AB2314604F1100002F0A4FA5A4BC3B1FC
:107320006379FF2B15D0A7B106EB070A04F110090A
:1073300002E056450DD0637916F8012B9A42F8D138
:10734000484602F0D1F90028F3D16179AFF300800B
:10735000EFE74E4B23B14E4802F0C6F9002863D048
:1073600002F066FB002862D1A3789D4202D0012082
:10737000BDE8F087474B13B10020AFF3008002F067
:1073800057FB00282BD1444802F09EF90028EED18B
:10739000002FECD017F03F07E9D1A178404603F069
:1073A00057FA0028E3D0A17840463B463A4603F01E
:1073B0006FFA0028DBD1394B1B68DA070CD500BE09
:1073C000D6E7A3788B42D5D0344B1B68DB0703D5B7
:1073D00000BE0020BDE8F0870020BDE8F08702F085
:1073E0002FFB05460028CED12B4802F06DF900286E
:1073F000C9D0A178284603F02BFA0028C3D0402238
:107400002749254802F08AF9034600282CD028464F
:10741000234AA17803F03CFA0028A8D11F4B1B682F
:10742000D907B0D500BEAEE7AFF3008098E702F011
:1074300007FB0646002897D1E378002B94D0144828
:1074400002F05AF93F288FD9E178304603F000FA6C
:10745000002889D00E4802F04FF93F28304607D85F
:10746000E17803F005FA7FE7A17803F001FA8AE7F3
:107470004023044AE17803F00BFAA37875E700BFD4
:107480009865002018650020000000000000000042
:10749000A865002000000000BC650020F0ED00E0C1
:1074A00058650020704700BF01207047704700BF3B
:1074B000704700BF044B0022C3E90022C3E9022247
:1074C000C3E90422704700BFF06900200120704723
:1074D000044B0022C3E90022C3E90222C3E90422CB
:1074E000704700BFF06900202DE9F0434B79032B72
:1074F00083B004D00024204603B0BDE8F0830B79AC
:10750000C3EBC3041234A4B2944205D9254B1B68C3
:10751000DA07EFD500BEEDE7234A5578002D3ED0BF
:10752000557B002DF2D102F10C054FF4A0770E78B7
:107530008A1992F801C0BCF1210FE7D1AA608946EF
:10754000895D80466E1CA81C1144CDE900061A46D0
:107550004046032303F0B8F80028D7D099F8063046
:10756000A978012B04BF99F80730EB700123AB71A8
:1075700099F80220AB682A70B3F80730AB80002975
:10758000B9D00A4A40463A44402303F081F9002822
:10759000B1D1044B1B68DB07ADD500BEABE7154688
:1075A0008027C4E7F0ED00E0F0690020706800205B
:1075B0002DE9F047137803F01F06012E82B003D0A7
:1075C000002002B0BDE8F087DFF80882978898F8BD
:1075D0000040FFB2BC4200F0B08098F80C40BC42C2
:1075E000EED13746B4464FF0C00E4FF0130A4FF0BD
:1075F000120913F060030C460546164604D1012912
:1076000000F0A4800120DCE7202BD9D15378013B86
:107610000A2BD5D801A252F823F000BFF176020060
:10762000E7760200D1760200C1750200C175020042
:10763000C1750200C1750200C17502009176020099
:10764000697602004976020001291BD00329D9D1AD
:1076500073880C2606FB0786DBB260461946B371B9
:10766000FFF720FF0120ACE70129CBD173880C2262
:1076700002FB07871B0A60461946FB71FFF714FFE0
:1076800000289DD03146284603F094F9012098E760
:10769000012900F086800329B4D1F48871884B4B0E
:1076A000402C4FEA1122204628BF402011F0FF0154
:1076B000734407D0012C05D91C788C4202D10138C3
:1076C00080B2013300906046FFF7D2F9012078E7DD
:1076D000012997D108EB090231462846234603F0D9
:1076E00081F920466DE701298CD108EB0A02F3E706
:1076F000012987D1F3887188344F402B4FEA11223A
:10770000184628BF402011F0FF01774454D0012BC8
:1077100052D9013880B239707B1C00906046FFF767
:1077200091F90444A3B2002B49D1294A1268D20727
:107730007FF546AF00BE184643E74FF0000E774690
:10774000F4464FF0070A4FF0060952E75378062B2C
:107750007FF436AF53881B0A212B12D0222B7FF4E3
:107760002FAF6046FFF766F97B001F4408EB8708E0
:10777000024631462846B8F8043003F033F9204673
:107780001FE77B001F4408EB8708D8F80820002A71
:107790003FF416AF1378314602B0BDE8F04703F06E
:1077A00021B9F388402B3FF60BAF084A31467244AB
:1077B00003F018F9204604E73B460024ADE73A46BB
:1077C0003146284603F00EF90120FAE670680020E1
:1077D000F0ED00E0F0690020F0B52C4CA67865785B
:1077E0008E4283B0074610D0A9422CD0A07B657B87
:1077F00088423FD0A94244D0254B1B68DA0702D407
:10780000002003B0F0BD00BEFAE780264FF0400C28
:107810000020A9429BB21AD01E4D3544FAB90093FC
:1078200011462B460222FFF723F92A46A178384653
:10783000402303F02DF80028E3D1154B1B68DB072C
:10784000DED500BEDDE74FF0400C00209BB21149B1
:1078500061444AB91A46FFF729FE0120D1E72A46BA
:107860000221FFF725FEE0E70A460121FFF720FE8F
:107870000120C6E70C344FF4A0764FF4807C012041
:10788000C7E74FF4807C0120E0E700BFF0690020EB
:10789000F0ED00E07068002070B5194C82B0002156
:1078A0000D464FF4EC72204613F03EFA04F1380115
:1078B0000123802204F11000009501F0C9FE04F1BB
:1078C000B80101238022009504F1240001F0C0FEDC
:1078D00004F59C7101200FF0E5FB04F5C471064628
:1078E00001200FF0DFFB30B9064B1B68DB0700D52A
:1078F00000BE02B070BDC4E90756C4E90C05F8E744
:10790000886A0020F0ED00E038B5094C206A256B4C
:1079100020B10FF0EBFF0023C4E907332DB1284657
:107920000FF0E4FF0023C4E90C33012038BD00BF91
:10793000886A002010B5084C002304F11000C4E947
:107940000033C4E9023302F01BF804F12400BDE85F
:10795000104002F015B800BF886A00202DE9F043FE
:107960004B79012B83B004D00025284603B0BDE835
:10797000F0838B79012B0C46064616D049780429F2
:10798000F2D10025032BEFD1E379002BECD1DFF806
:10799000FC8098F8013013B998F802700FB3384B97
:1079A0001B68DB07E0D500BEDEE7CB79002BDBD11F
:1079B0000B781C449DB2617824290BD1954202D9E1
:1079C000D2E7AA42D0D323781C442B4461782429DF
:1079D0009DB2F6D00429C7D16379012BC4D1A37914
:1079E000D0E7A37888F8003094F8009021794D44CE
:1079F000ADB2A14439B925E099F800308F421D4459
:107A0000ADB299441ED2AA421CD399F80130052B7D
:107A1000F2D149463046019202F0F6FE019A002862
:107A2000BDD099F80230D90914BF88F8013088F820
:107A3000023099F80030217901371D44FFB2ADB210
:107A40009944D9E70F4801F057FE3F288DD998F89F
:107A50000210002002F0FCFE002886D0094801F048
:107A60004BFE3F2898F8021003D8002002F000FFD8
:107A70007BE7054A4023002002F00AFF75E700BFBC
:107A8000F0ED00E0986A0020486A0020886A002033
:107A900000207047F8B53C4DAA788A421F4612D1A3
:107AA0009AB23A4905F1100001F0DCFE384B13B1EF
:107AB0000020AFF30080374801F01EFE3F282CD88D
:107AC00001242046F8BD6B788B4208D0324B1C68ED
:107AD00014F00104F5D000BE00242046F8BD06468F
:107AE00005F1240001F0F0FD40BB2C4801F0ECFD55
:107AF0000028E5D1002FE3D017F03F07E0D16978E7
:107B0000304602F0A5FE04460028D9D069783046F8
:107B10003B463A4602F0BCFED3E7A978002002F0CB
:107B200097FE04460028CBD01A4801F0E5FD3F2817
:107B3000A9781ED8002002F09BFEC2E769780020D9
:107B400002F086FE0028D0D04022154905F124001D
:107B500001F0E4FD034690B1114A6978002002F07B
:107B600097FE0028ACD10C4B1B68DB07BDD500BECF
:107B7000BBE7064A4023002002F08AFEA1E76978AD
:107B800002F076FEB1E700BF886A0020486A002054
:107B900000000000986A0020F0ED00E0AC6A0020D0
:107BA000086A002030B4114B9C689A6B93F83C50E3
:107BB00083F82C10A21A022183F830109A6225B99A
:107BC00042F2050183F83E50998744B13AB11A7BDD
:107BD000D20906D193F82F1030BC02F099BE30BC08
:107BE000704793F82E1030BC02F092BE606E0020F9
:107BF00038B5214B214C05461BB1607BFFF736F8A9
:107C0000A8B1A06BA36894F82F101D4A1B1AB3F5F6
:107C1000007F28BF4FF4007328469BB202F038FE65
:107C200020B9184B1B68DB0700D500BE38BDA26821
:107C3000A36B84F83E0042F20771D31A0120A1879A
:107C40000221A36284F82C0084F83010002AEDD0C1
:107C5000002BEBD0237BDB0906D194F82F102846AC
:107C6000BDE8384002F054BE94F82E102846BDE816
:107C7000384002F04DBE00BF6D6C0200606E002007
:107C8000606C0020F0ED00E070B5304CE28AA36833
:107C900052BA92B286B0054612B1B3FBF2F292B27A
:107CA000A66BD4F81110607B9B1BB3F5007F28BF37
:107CB0004FF4007309BA0093B6FBF2F302FB1362B0
:107CC0001944234BFEF79AFF031E20DB94F82E2065
:107CD0000DD011469BB228461D4A02F0D9FDA0B92D
:107CE0001C4B1B68DB0710D500BE06B070BD072417
:107CF000194603A88DF80C508DF8102005938DF8C7
:107D000011308DF80D4002F0B7FB06B070BDA268CF
:107D1000A36B43F602200021D31AA08784F83E10FB
:107D200001200221A36284F82C0084F83010002A7C
:107D3000EBD0002BE9D0237BDB0914BF94F82E1085
:107D400094F82F10284602F0E3FDDEE7606E002075
:107D5000606C0020F0ED00E010B4054C012084F8C8
:107D60003C1084F83D2084F83E305DF8044B7047A9
:107D7000606E002040220021014812F0D5BF00BFF4
:107D8000606E002040220021014812F0CDBF00BFEC
:107D9000606E00204B79082B01D0002070478B7952
:107DA000062BFAD1CB79502BF7D1162A06D81C4BCB
:107DB0001B68D907F1D500BE0020704770B5194D7A
:107DC0008B7885F82D300B7882B005F12F0205F104
:107DD0002E0619440223CDE900261A46044602F075
:107DE00073FC48B90E4B1B68DA0702D500BE02B01F
:107DF00070BD002002B070BD204695F82F100A4AD1
:107E000000241F2385F8304002F042FD30B9044BB6
:107E10001B68DB0702D500BE1720E8E71720E6E75E
:107E2000F0ED00E0606E0020606C0020012901D0C0
:107E300001207047F0B5137803F07F01022985B067
:107E4000054606D003F06003202B1AD0002005B0B1
:107E5000F0BD5478012CF5D15388002BF6D1434E58
:107E6000918896F83030042BC9B279D096F82E401C
:107E70008C423DD096F82F408C4257D0012005B05F
:107E8000F0BD5378FE2B16D0FF2BDFD15388002B8B
:107E9000DCD1D488A3B2002BD8D1344E1146284669
:107EA00086F83030C6E90D33B48786F83E3002F0EC
:107EB00081FD0120CBE75388002BC7D1D388012B4C
:107EC000C4D12B498DF80F3000294DD00192FEF717
:107ED000E5FD019A0028B9D0431EDBB204AC11467F
:107EE00004F8013D28462246012302F07BFDC5E748
:107EF000022BC3D1B26BB3681E4F9B1AB36206F15B
:107F000020030FCB07C73A46214602F80C39032459
:107F100028460D2386F8304002F0BAFC0028ADD187
:107F2000154B1B68DB0791D500BE90E7002BA5D150
:107F3000214602F0DFFC0028A0D12146284602F0AD
:107F400005FD00289AD1002496F82F10094A86F8DA
:107F5000304028461F2302F09BFC0028E0D08DE72C
:107F600002F0D6FC204672E70B46B7E7606E0020B1
:107F70009D6A0200606C0020F0ED00E02DE9F04108
:107F8000B44C94F83050012D8EB01E46074645D0B3
:107F900028D3032D05D0022D5FD001200EB0BDE8FF
:107FA000F08194F82E308B42F7D10D2EF5D1E37B82
:107FB000282B00F01A812A2B40F00D81A64B13B11B
:107FC000607BFEF747FE002594F82F10A34A84F843
:107FD00030501F23384602F05BFC002861D094F833
:107FE0003050D8E794F82F508D42D6D11F2B06D1B0
:107FF000DFF868829A4BD8F800209A4271D00423A7
:1080000094F82E1084F83030384602F081FC38465F
:1080100094F82F1002F07CFC0020BFE7B3F5007F3E
:1080200008D9904B1B68D90700D500BE00200EB0C0
:10803000BDE8F081E27BA36B282A00F087802A2A22
:1080400000F08F80217B626B1E44CB09A66336D083
:1080500096422CD3022384F8303094F82E10384600
:1080600002F074FC002898D1A368A26B94F82E60EB
:10807000934202D9217BC9092ED19B1A7A4AA36265
:108080000FCA764D07C52A46314602F80C3903253A
:1080900038460D2384F8305002F0FAFB00287FF4B4
:1080A0007CAF704B1B68DB07C0D500BE76E76D4B1D
:1080B0001B68DA0793D500BE94F830506BE793B293
:1080C000607B664A04F10F01FEF778FD0028C0F2DC
:1080D0009F80A66B626BBBE73146384602F018FC06
:1080E0005BE7C446BCE80F0026460FC69CE80F00BD
:1080F00007C626F8023B1B0C3370D4E90123E17B51
:108100005A4E626201200022282963632662A2621D
:1081100084F82C20A26384F8300000F0AD802A2976
:1081200000F0DF80002B00F0EF80227BD20940F0CE
:10813000EB80B3F5007F00F26F819BB22946474A7E
:10814000384602F0A5FB0028ABD048E7626B1E441E
:108150009642A663BFF47EAFFFF796FD94F83050C9
:1081600019E7E28A52BA92B21AB1A168B1FBF2F2EF
:1081700092B2D4F81110394DB3FBF2FC09BA02FBEC
:108180001C32607B009661442B46FEF74DFD0028B3
:10819000C0F2FB81864230D9361A40B1A36B291850
:1081A00013FA80F332462846A36312F0A4FD00239D
:1081B00094F82F508DF818500722194605A88DF80D
:1081C000147007968DF819308DF8152002F054F9C7
:1081D00094F83050DFE6264B002B3FF4F4AE04F168
:1081E0000F01607BAFF30080EDE6224B002B3FF4E4
:1081F000EAAE607BAFF30080E5E6D4E90D231E44D0
:108200009642A663BFF426AF3846FFF7F1FCE6E6D8
:10821000A368A66B94F83C1084F82C509A1B02209B
:10822000A26284F8300021B942F2050084F83E10C1
:10823000A087002B3FF44EAF002A3FF44BAF237BC7
:10824000DB0940F0E58194F82F10384602F060FB1E
:108250003FE700BF606E0020556C0200606C00209C
:1082600055534243F0ED00E0806E002055534253D9
:108270000000000000000000E28A52BA92B20BBB7C
:10828000002A3FF4E7AE94F83C10A362022284F87F
:108290002C2084F8302000297FF4DFAE42F2050163
:1082A0000022A18784F83E20002B3FF4D6AE237B2A
:1082B000DB0940F09A812946384602F029FB94F800
:1082C000305068E6207BC00913D0002A00F080817E
:1082D000B3FBF2F2002A00F0A3812829384694D19A
:1082E0003AE7E28A52BA92B2002BC9D0207BC00989
:1082F000EBD094F83C10A362022284F82C2084F87E
:1083000030200029CAD0D2E7667B252900F22B81D4
:10831000DFE811F0220129012901E50029012901E5
:1083200029012901290129012901290129012901FD
:108330002901290129012901BD002901290129015A
:108340002901290129012901990087002901290111
:10835000710029012901290129014C002901260068
:10836000304604AA05A9FEF717FC059B002B00F078
:108370004481BDF81020002A00F03F81013B1BBA68
:1083800012BAC8E900320820A368002B44D09842F2
:1083900028BF184683B26063A64A94F82E10384668
:1083A00002F076FA00283FF47CAE18E605AD002313
:1083B0000DF10E02304604A96B600593AB60FEF729
:1083C000EBFB049A002A00F01881BDF80E30002B58
:1083D00000F0138112BA082106925BBA0222ADF8AE
:1083E0001E308DF817108DF81C2095E8070088E8DE
:1083F00007000C20C8E7904B03B33046227DE17C98
:10840000AFF30080D0B994F83C302BB943F6022288
:108410000023A28784F83E3001213846FFF7C2FBD3
:10842000DDE5864B53B1E17C3046C1F3400301F0FA
:1084300001020909FEF7CCFB0028E4D0A368002B59
:108440003FF408AEE8E79DF816307D49002203F0BE
:10845000800362F3C7138DF8163003238DF81520BF
:108460008DF817208DF81430002900F0E180304697
:10847000FEF7FCFB9DF8163080F0010060F3C71397
:108480008DF81630059BC8F8003004207CE74FF0CB
:10849000203302250022CDE90522304607A909AA8A
:1084A00008934FF0800C079309930D93CDE90A339D
:1084B0000C931F260DAB8DF816508DF8175005AD97
:1084C0008DF818608DF815C0FEF7F0FA0FCD594EF3
:1084D0000FC60FCD0FC62B683360242054E794F8E5
:1084E0003C2094F83D0094F83E10DFF848C1DFF8D6
:1084F00058E14FF000084FF00003CDE90588CDE9C1
:10850000078862F303038DF81630F0220A23ADF8D2
:1085100024808DF820008DF821108DF814208DF81E
:108520001B3005AD0FCDACE80F002B68ACF8003068
:10853000BEF1000F76D0ACF1100130464FF400725E
:10854000AFF300800028A4F83C8084F83E800FDB65
:1085500000283FF473AF17E73046FEF7F9FA00281A
:108560003FF451AF6AE794F83C30002B7FF454AFEE
:10857000A38E304A3349607BFEF720FB0028FFF6CC
:108580004BAF00283FF45AAFFEE6A36BA2681E442F
:1085900043F602200021931BA08784F83E1001209F
:1085A0000221A663A36284F82C0084F83010002A0C
:1085B0003FF453AD002B3FF450AD237BDB0914D1C6
:1085C00094F82F10384602F0A3F994F83050E2E402
:1085D000012294F83C1084F82C200222A36284F833
:1085E000302000293FF45AAE5EE694F82E1038464B
:1085F00002F08EF994F83050CDE494F83C30002B22
:108600007FF40AAF43F6022284F83E30A28703E7E4
:1086100094F82E10384602F07BF9D4E90D2617E5C0
:108620000222D6E7A4F83CE084F83EE01220ABE654
:1086300001201FE7606C002000000000D16B0200E9
:108640006D6C02006F6E00200000000070B5134CCE
:10865000134E84B020464FF4AE72002112F064FB3A
:108660004025002304F58E720092CDE901561A468A
:10867000194604F1B000039504F068F92E4404F1A2
:1086800070020023CDE90025CDE90265201D1946C1
:10869000012204F05BF904B070BD00BF206F002020
:1086A000A06E002010B5054C04F1B00004F07AF97A
:1086B000201D04F077F9012010BD00BF206F0020BD
:1086C00038B5074C2046002500F8B85B01F058F992
:1086D00004F10C0001F054F984F8B150657138BD13
:1086E000206F00204B79FF2B01D0002070472DE92F
:1086F000F04FDFF824B19BF8B13083B04BBB9BF84F
:10870000053033BB0B788A460AEB02050AEB0304FB
:1087100089788BF80010A542064614D91AF8032070
:10872000A3189D420FD36278042A0CD00B2A0AD0DA
:10873000052A0BF1B8080BF1B0070BF10C0917D0A3
:108740009D421C4609D8A4EB0A0080B203B0BDE8E4
:10875000F08F002003B0BDE8F08F1A7813449D42DB
:10876000F1D36278042AEED00B2AECD0052AE7D1A7
:108770002146304602F048F8002843D0A378DB09B0
:1087800005D19BF8B1301BB32278A318D8E79BF82A
:108790000530002BF8D14846019301F0F1F8A2789A
:1087A0008BF80520A2889BF804C0019B1849C2F3EE
:1087B0000A02A2F50072B2FA82F2520962F3410C87
:1087C00018468BF804C004F037F92278A318B7E7ED
:1087D000404601F0D5F8A3788BF8B130A3889BF818
:1087E000B020C3F30A03A3F50073B3FA83F35B0964
:1087F00063F34102394630468BF8B02004F064F947
:108800000028C1D1034B1B68DB07A2D500BEA1E73E
:10881000246F0020F0ED00E0206F002070B51C4CAC
:1088200094F8B1208A4205461E460FD1B4F8BC2008
:10883000F2B9184B23B1B2B217490020AFF3008050
:108840002846164904F040F9012070BD63798B4237
:1088500001D0002070BD124B1BB1B1B20020AFF3AC
:1088600000801049284604F0E7F848B1012070BDA7
:10887000B2B2D4F8B41004F1B80000F0F3FFD8E7B6
:1088800032462846074904F099F8012070BD00BF20
:10889000206F002000000000A06E0020D06F00209C
:1088A00000000000246F0020F8B50E688D88B778AE
:1088B0003544AE420BD23B469F42344603D10BE0D7
:1088C0006378042B05D023781C44A542F8D80020F7
:1088D000F8BDA3789F42F6D1E3789A42F3D1A5423E
:1088E000F5D9237D012B06D9144B1B68DA07EED589
:1088F00000BE0020ECE723790D46DBB1012BE6D169
:108900002278E389617A1344114423442144994233
:1089100004D3DCE70A7811448B42D8D94A78052A77
:10892000F8D101F071FF28B9044B1B68DB07CED5E5
:1089300000BEF8BDA41BEC800120F8BDF0ED00E006
:10894000C28832B9654B1B68DB0700D500BE00202A
:108950007047F0B40378624803EB830403EB4403ED
:10896000C058831803D08E781C7BA64207D95B4B76
:108970001B68D90700D500BE0020F0BC70472EB997
:10898000012C01D90120F8E701268E7001248C60AA
:10899000C1F80E404C7700256FF03F0481F822505B
:1089A0008C766FF003056FF06404CD760C774D4D37
:1089B000C1F81E50082481F82340825CB3F80D40B2
:1089C00014441C441344A342D1D2474F9D78102D28
:1089D0000CD827FA05F0C04310F0010006D1DA7870
:1089E000964203D107E05A78242AEFD01A7813442C
:1089F0009C42F8D8BBE79C42B9D0062D06D0102D7A
:108A000004D0042DB9D1012248730A73CF781A79A2
:108A1000974218D81FB9012AB4D80127CF701A7805
:108A20001A44A2420FD2967806F0FD0CBCF1050F55
:108A30000FD0112E03D10CE05678242EF3D01678E7
:108A400032449442F8D8254B1B68DA0794D500BE0F
:108A500093E7D678B742F2D19442F4D0D1F81240DD
:108A60008CB9062D30D0102D2ED0042D09D1B2F89E
:108A70000560B2F807505C7D05FB06F304FB03F4C8
:108A8000E408C1F812404B6863B9557E012D3FF6EA
:108A900079AFD2F81A3025B9D2F81E209A427FF465
:108AA00071AF4B60114AA2FB03235A0BCBD0631E5C
:108AB0001344B3FBF2F30233B3F5807F28BF4FF4C6
:108AC0008073C1F816305DE7B2F80530B2F80740A0
:108AD00004FB03F42401E408D3E700BFF0ED00E059
:108AE0007C70002003010101501001005917B7D11B
:108AF0002DE9F84F0B785D4C03EB83050E4603EB35
:108B000045030989E7589146804679B13944CB78C5
:108B100003F00303012B00F09480738933B13B44CD
:108B2000DA7802F00302012A00F091807488B58897
:108B300000233C44B381F38133827382B382F38296
:108B40003D44A278AC4238BF134609D29A4203D1C1
:108B50000CE06378042B06D023781C44A542F8D897
:108B60000020BDE8F88FA3789A42F5D1E3789945C3
:108B7000F2D1A542F4D994F804A0BAF1020F15D8A5
:108B8000E31BF380B9F1000F16D023781C44BAF12F
:108B9000000F4CD04FF0000B06E06378052B28D077
:108BA000042B03D023781C44A542F6D8304B1B6815
:108BB000DA07D5D500BED3E7737F012B12D006F1BB
:108BC0001E03494686F81D90A6F81890A6F81A903C
:108BD0001846302212F0A8F801463046FFF7B0FEE2
:108BE0000028BDD023781C44BAF1000FD2D1012057
:108BF000B7E7E37803F00303B9F1000F01D0012BCD
:108C000018D0022BACD12146404601F0FDFD28B31F
:108C100006EB4B03E21B1A8122780BF101039A4504
:108C200014444FF0010BBFD8B9F1000FDFD002237D
:108C30007377DCE7A388B269C3F30A039342E2D2F5
:108C40008EE700233381897801F08EFE65E70022EC
:108C500072819978404601F087FE67E7044B1B68F4
:108C6000DB077FF57DAF00BE7BE700BF7C70002097
:108C7000F0ED00E010B4064C06480023C4E90033D0
:108C80001946C4F807304E225DF8044B12F04CB878
:108C90007C700020887100200120704710B4064CC1
:108CA00006480023C4E900331946C4F807304E22B1
:108CB0005DF8044B12F038B87C70002088710020F9
:108CC0002DE9F0414B790E2B04D04FF000084046BF
:108CD000BDE8F0818B79012BF7D1CB79012BF4D151
:108CE0003E4E33682BB13E4B1B68DB07EDD500BE13
:108CF000EBE714460F461A46314605463760B48006
:108D0000FFF7D2FD0028E0D0F2883368B978134429
:108D10003C44A74293F814C03B4605D308E05A7878
:108D2000042A4DD00B2A4BD01A7813449C42F6D813
:108D3000BCF1000F4ED02B494A88002AD3D1D81B52
:108D40001FFA80F83272A1F802809C4293F802E088
:108D50000A8098BF034605D80BE05A78042A2BD026
:108D60000B2A29D01A7813449C42F6D8DB1B1FFA31
:108D700083F80022BCF1010FA1F804804A77B2D138
:108D800017FA80F017FA83F3984281780AD2827832
:108D90008A4203D118E04278042AF8D002781044BD
:108DA0008342F8D8284600220E49FFF7A1FE00288A
:108DB0008BD0A6F804808AE79A787245D2D0D5E79E
:108DC0009A788A42B0D0B3E7C278012AE6D18342CA
:108DD000EFD1E7E7DB1B1FFA83F8EAE77C7000209E
:108DE000F0ED00E0887100202DE9F047167806F0DC
:108DF0001F04012C8CB004D0002420460CB0BDE828
:108E0000F087DFF8F892B2F804C0D9F80070804615
:108E100015465FFA8CF317B1BA789A422CD0B44F4A
:108E20007C88002CE9D03A7802EB820002EB400209
:108E300059F802E07444A2789A42DDD1C6F3411693
:108E4000F3B2002B00F09C80012B12D15FEA1C2CA6
:108E50000FD16B881B0A022B00F02E81062B00F02D
:108E60001781012B00F0F580A24B1B68DB0700D5B2
:108E700000BE07233B77BFE7C6F34116F4B2002CD0
:108E800047D0012C25D15FEA1C2C26D0B9F806204A
:108E9000BB18B95CDA89114419448B420ED29A7816
:108EA000023A052A06D8DA78624503D107E05A78F3
:108EB000242AF4D01A7813449942F8D849B10023EF
:108EC00089F80930012498E78A4B1B68D90700D537
:108ED00000BE072389F809308EE76B881B0A012B37
:108EE00000F09580022BEFD16B78812B00F0478149
:108EF000862BE9D10129E2D10B46404629467E4A1C
:108F000001F070FD0028DAD1FF2389F80930002430
:108F100073E76B780A2B4AD00B2B3ED10129CED1B7
:108F2000EB88002BF0D1B9F80630FA181179A9B105
:108F3000F85CD189537A0144034413440A449342B0
:108F400005D395E119780B449A4240F29181597802
:108F50000529F7D19978404601F006FD0026A9F8C9
:108F600006606A8865494046FFF79EFC0446002873
:108F7000CAD02946404601F01DFD89F809603CE74A
:108F80006B780A2B27D00B2B7FF46EAF012900F0F2
:108F9000BD8000233B7701242FE7564B1B6813F05D
:108FA00001032FD107221C4689F8092025E7012952
:108FB00085D1EB88012BA7D1B9F80620BF18A3D023
:108FC0000CAAF97802F8301D294601F00BFD044681
:108FD0000028D2D198E70129DBD1EB88012B35D1CC
:108FE000FB889BB31EEB030330D00CAADB7802F89E
:108FF000303D40460B46294601F0F4FC044628B3B8
:109000003E77FAE600BE072389F80930F5E66B786B
:10901000812B00F0D180862B00F0BE80012B7FF4E5
:1090200053AF012900F0CB8002297FF448AF344BC5
:10903000002B3FF444AF99F80A100020AFF30080F2
:10904000B0FA80F489F809006409D6E6FF233B777B
:10905000D2E67B7F0BB187F81DC06C78842C61D879
:10906000822C65D2012C00F00A81812C7FF4FCAEA9
:1090700001298ED1EB883BB1294640463023214A55
:1090800001F0B0FC002884D1FF233B770024B4E634
:109090006B78812B00F0A180862B7FF4E5AE01294F
:1090A0007FF477AF294640460123134A01F09AFC2A
:1090B00000287FF46EAFE7E76B78812BD8D040F2C1
:1090C000B080852B00F09780862B7FF4CDAE0129F0
:1090D0007FF45FAFEB88012BD6D10B464046294683
:1090E000094A01F07FFC00287FF453AFCCE700BFB2
:1090F00088710020F0ED00E08DDD03007C70002021
:1091000000000000A67100208EDD03006A88394649
:109110004046FFF7EDFC002898D02946404601F074
:1091200049FC36E7862CD2D065D3872C7FF49CAEE1
:1091300001297FF42EAFEB88002BA5D0B64EE9466F
:1091400006F1300A30687168B268F368CC46ACE862
:109150000F0010365645E146F4D19DF80210002963
:1091600040F09F80832C00F08381872C00F0648185
:10917000822C00F0618108233B7700243DE6012921
:109180007FF49DAE294640460123A44A01F02AFC03
:1091900000287FF494AEB7E601297FF490AEEB8807
:1091A000012B7FF4B1AE294640469D4A01F01AFCDE
:1091B00000287FF484AEA7E601297FF480AEEB8817
:1091C000012B7FF4A1AE294640460123954A01F0C8
:1091D00009FC00287FF473AE96E601297FF4D9AE2E
:1091E0000B464046294607F11C0201F0FBFB002814
:1091F0007FF4CFAE48E701297FF4CBAEEB88022B9A
:109200007FF442AF0CAA302122F8301D4046294697
:1092100001F0E8FB044600283FF436AF00233B771B
:10922000EBE5012B7FF420AE01293FF425AF0229A5
:109230007FF4AFAE7849A1F11E00FFF781FB044631
:1092400060B3794B7A6BBA613BB1734A79783878FD
:10925000AFF3008000287FF49CAE74490023022005
:109260004FF480720880C7E903337B61BA83C4E599
:109270006F4B1B68D8077FF547AE00BE44E6012957
:109280003FF4FAAE02297FF484AE6349A1F11E00D7
:10929000FFF756FB044600287FF47BAE08233B779C
:1092A000ABE59DF8030000287FD1FA88002A3AD068
:1092B0001EEB020337D01EF80220B3F80D005D4EFE
:1092C00010441844134498420FD99A78102A04D8AD
:1092D00026FA02F2D20700F1D5801A781344984298
:1092E000F1D95A78242AF8D1EDE70346832C5AD0D5
:1092F000872C4CD0822C7FF43EAF01218DF80310D7
:109300001A781A44904237D9947804F0FD06052E55
:1093100010D0112C0ED0147822449042F2D95478F7
:10932000242CF8D1EEE7424B1B68D9077FF523AF19
:1093300000BE20E7D478A142EDD1997806291DD04E
:1093400010291BD004297FF416AFB2F80510B2F82B
:1093500007205B7D02FB01F203FB02F3DB08CDF883
:1093600012306A4629464046302301F03BFB044652
:1093700000283FF489AE51E70246DEE7B2F8051057
:10938000B2F8073003FB01F31B01DB08E7E79A782B
:10939000062A06D0102A02D0042A7FF4ECAE997D6A
:1093A000ACE79979AAE71979A8E7019B002BD8D1F6
:1093B000FA88002AB7D01EEB0203B4D01EF802E0F0
:1093C000B3F80D20DFF86CC072449E1873449E42BF
:1093D0000ED99A78102A03D82CFA02F2D20756D462
:1093E0001A7813449E42F2D95A78242AF8D1EEE72B
:1093F00033461A7813449E4264D99A7802F0FD01EC
:10940000052948D0112A46D01A7813449E42F2D931
:109410005A78242AF8D1EEE7A67100208570002042
:109420008EDD0300867000200000000088700020A0
:10943000F0ED00E05010010001238DF8023001230F
:109440004FF00112029300230392ADF810304FF653
:10945000C0428DF8223040F29B13ADF81A20ADF8CF
:109460001C30404ACDF81E2008238DF8233078E7C1
:10947000FB88002BE3D01EEB0303E0D01B7B8DF8B1
:109480000230DCE7DA7891427FF427AF2EE7DA7812
:109490009142A5D1ADE7DA789042B5D1823C052C56
:1094A0003FF669AE01A252F824F000BF2D950200EC
:1094B00011950200F3940200779102007791020067
:1094C000C99402003346E9E7D3F8151042F210734D
:1094D000B1FBF3F3019100293ED0DDF812208BB9E6
:1094E000931CB3F5807F28BF4FF48073CDF81630FE
:1094F00037E75A7E72BBD3F8221042F21073B1FBE9
:10950000F3F3E7E7013A1A44B2FBF3F30233E8E777
:109510005A7ECAB1053203EB8202D2F80210D3F8A8
:109520001A3042F21072B3FBF2F3D3E75A7E72B1F3
:10953000053203EB8202D2F80220D3F81A1042F26D
:109540001073B2FBF3F3C5E7D3F81E10E7E7D3F8C7
:109550001E20F2E7002301930023ADF81630ADF88A
:109560001830FEE6030101012DE9F84F334C238941
:1095700053B12278324F02EB820502EB45057D594B
:109580002B449F788F420AD02E4B1B68DB0703D5F4
:1095900000BE0020BDE8F88F0020BDE8F88FD4E9B8
:1095A00004369E4205460BD327490023C4E9033302
:1095B000636119B161781046AFF300800120E9E7DB
:1095C00001F046F90028E7D0DFF88090A36999F808
:1095D0000000D4E9042BA2EB0B0808EB00069E4226
:1095E00028BF1E46B04213D9164B1B6813F0010367
:1095F00001D000BE002339462846144A01F048F93C
:109600000028DBD10F4B1B68DA07C5D500BEC1E7C8
:10961000E168A6EB000A59444844524611F060FB49
:109620000BEB0A03D0456361B3B2E4D199F8012092
:1096300042F0020289F80120DDE700BF88710020B6
:109640007C700020F0ED00E0000000008870002039
:109650002DE9F041B2F5004F9DF8188030D804464E
:10966000C0681E460F46154618B14FF0FF310DF089
:1096700087FF206918B14FF0FF310DF081FFE288BC
:10968000E068276066F30E02C2F30721002368F347
:10969000C711E2806381A580E171238118B11A4668
:1096A00019460DF025FB206938B100231A461946EA
:1096B0000DF01EFB0120BDE8F0810120BDE8F08126
:1096C0000020BDE8F08100BF03894289808892B202
:1096D0009BB2934236BFC2EB40029B1A9B189BB2CF
:1096E000984228BF18467047028943899BB2981A4E
:1096F000B0FA80F04009704703894289808892B2AD
:109700009BB2934236BFC2EB40029B1A9B189BB29E
:10971000984286BFC01A80B2002070472DE9F843F6
:10972000054600690E46174618B14FF0FF310DF09F
:1097300027FF2B896989A8889BB289B28B4236BFE3
:10974000C1EB40045C1AE418A4B2002C4AD0A04239
:1097500006D283422CBF191A191889B269810446AE
:10976000BC4228BF3C468842A4B203D8091A89B239
:109770008842FBD9EA882B68401AC2F30E0887B2E8
:109780001FFA88F2BC4202FB013125D917FB08F908
:109790001FFA89F94A46304611F0A2FAE21B12FB81
:1097A00008F206EB090092B2296811F099FA6A8969
:1097B000A88892B211198BB29A4215D940001B1A8F
:1097C0009BB228696B8120B100231A4619460DF01F
:1097D0008FFA2046BDE8F88302FB04F2304611F010
:1097E0007FFAE4E769898BB240008342E9DBE6E770
:1097F00038B5054600690C4618B14FF0FF310DF041
:10980000BFFE29896B89AA8889B29BB2994236BF6B
:10981000C3EB4200C81A401880B200B3824209D29A
:1098200091422CBF8B1A8B189BB29A426B8103D842
:109830009B1A9BB29A42FBD9EA882968C2F30E02AE
:10984000204602FB031111F04BFA0124286920B1D4
:1098500000231A4619460DF04BFA204638BD04463F
:10986000F4E700BF2DE9F0471446002A4FD0054623
:10987000C0680F4618B14FF0FF310DF081FEEA7954
:109880002E896989AB88D209B6B289B242D18E429B
:1098900036BFC1EB4301711A891989B2994252D27C
:1098A000591A89B28C42E88828BF0C46C0F30E08CA
:1098B000B342304603D8C01A80B29842FBD21B1A7A
:1098C0002A681FFA83F9A14508FB002047D219FB3B
:1098D00008FA1FFA8AFA5246394611F001FAA4EB47
:1098E000090212FB08F207EB0A0192B2286811F094
:1098F000F7F9A3199BB2AA88B3424FEA420201D3F7
:10990000934201DB9B1A9BB2E8682B81F8B9204691
:10991000BDE8F087E8889C42C0F30E080FD28E4263
:1099200023D3721A92B2580022448242C0DBCE186E
:10993000361BB6B2B14220D9361AB6B2B8E7E41A2D
:1099400008FB0477B3B9E86800240028DFD00023BF
:109950001A4619460DF0CCF92046BDE8F08708FB01
:1099600004F2394611F0BCF9C3E75800421A3244F8
:1099700092B2D9E70E461C4698E7B04298DCDBE786
:1099800010B50446C06818B14FF0FF310DF0F8FD76
:10999000206918B14FF0FF310DF0F2FDE0680023AF
:1099A0006381238118B11A4619460DF0A1F9206987
:1099B00020B100231A4619460DF09AF9012010BD76
:1099C00038B5C379B1EBD31F1FD00446C0680D462C
:1099D00018B14FF0FF310DF0D3FD206918B14FF0F1
:1099E000FF310DF0CDFDE379E06865F3C713E37156
:1099F00020B100231A4619460DF07AF9206920B1EA
:109A000000231A4619460DF073F9012038BD00BF36
:109A1000704700BF704700BF0020704700207047AC
:109A2000704700BF704700BF704700BF704700BF5E
:109A3000024B5878003018BF012070473072002068
:109A4000024B1878C0F38000704700BF30720020CE
:109A5000024B1878FF3818BF0120704718610020AA
:109A60002DE9F047374E3378FF2B82B004D0012523
:109A7000284602B0BDE8F087002946D03822884643
:109A800007460021304811F04FF9304B304900258E
:109A900001201D700DF006FB2E4B1860002834D0FD
:109AA0002D4C2346626833F80C0B618800950DF04D
:109AB000ADF8A16805460DF03DFF284B1D6075B35C
:109AC000274B23B12748AFF30080274B1860254C64
:109AD000DFF89CA02278DFF8909000252B460EE05E
:109AE000D9F8003013EB45130FD05B686BB1984782
:109AF00022780135EDB2511DA9422B4615DBAA4251
:109B0000EED89B1A0AEB4313EFE7184B1B68DA07F2
:109B100000D500BE0025284602B0BDE8F087134BF3
:109B20001B68DB07F6D500BEA2E741463846377012
:109B300001F050FE05460028F1D0384601F04CFEF9
:109B400096E700BF186100203072002030730020BB
:109B5000E071002068720020BC6000206C72002060
:109B600000000000DC710020D8710020F0ED00E062
:109B700090DD0300B94B1B78FF2B00F0A1812DE98C
:109B8000F04F04468BB04FF47A7200238002A10D8F
:109B900010F070FEB24DDFF8E4B2B24E8246671CA0
:109BA000286800F02481002C00F02181BAF1000F18
:109BB00014BF5246012207A90DF050FBC0B19DF819
:109BC0001D30013B072B00F21481DFE813F0F20097
:109BD000D300CA00BF00B700410014000800089B72
:109BE0000BB10998984728680DF076FE0028D6D169
:109BF0000BB0BDE8F08F9DF820109B4B01F07F0764
:109C000003EB470303EBD11393F826006FF3000037
:109C100083F8260093F826006FF3820083F826006D
:109C2000002F00F04581914A1B7D12789342C0F0CD
:109C30003381501D9842C0F234819B1A0BEB4313C1
:109C40009F699DF82120099B9DF81C00B847CAE731
:109C5000874A1378002B00F024811378013BDBB294
:109C60001370137803F0FF00002BBCD1DFF8F891DC
:109C70009DF81C8099F8003043F0010389F800300A
:109C800099F8263060F3000389F8263099F82630D9
:109C900060F3820389F8263099F8273060F30003D7
:109CA00089F8273099F8273060F3820389F8273044
:109CB00000F002FF9DF8203003F06002602A00F0FF
:109CC0000681402A00F00A8103F01F03012B00F0F7
:109CD000D581C0F01281022B40F0F9809DF824104C
:109CE00001F07F07082F00F2F2807B00C809019382
:109CF0004B44034400905D481F7D03789F4280F0F1
:109D00000F82336803EB4717002A00F0108257B127
:109D1000786900F0D1FE7B69404608AA0121984786
:109D200000287FF460AF9DF81C00002101F0BEFF09
:109D300080219DF81C0001F0B9FF54E74A4B1B78C5
:109D4000D8077FF550AFFFF771FE4CE7464B1A7806
:109D5000D7077FF548AF1878C0F3C000FFF764FE5F
:109D600041E7414BDB78D9077FF53DAF0898FFF716
:109D700051FE38E73D4F9DF81C903A7800239846F5
:109D800010E0336813EB481300F08080DB6848462E
:109D900098473A7808F101085FFA88F8511D88451C
:109DA000434645DC9045A3EB0203EAD30BEB431398
:109DB000ECE72E4F9DF81C903A78002398460FE070
:109DC000336813EB48135BD0DB68484698473A7812
:109DD00008F101085FFA88F8511D884543460FDCF9
:109DE0009045A3EB0203EBD30BEB4313ECE72246C6
:109DF000E1E6204B1B68DA077FF5F5AE00BEF2E620
:109E000038220021184810F08FFF1B4A4FF0FF3313
:109E1000C2E90533C2E90033C2E90233D3611384D6
:109E2000136100F03FFE104B9DF820209A70DAE697
:109E3000382200210C4810F077FF0F4A4FF0FF3313
:109E4000C2E90533C2E90033C2E90233D3611384A6
:109E5000136100F027FEFFF7E5FDC4E6186100205E
:109E60006C720020D871002030720020DC7100205C
:109E700030730020F0ED00E03472002090DD03002C
:109E8000A44B1B68D907CCD500BECAE7A14B1B6801
:109E9000DA07DED500BEDCE7326812EB43137FF44D
:109EA000CFAE9C4B1B68DB077FF5A2AE00BE9FE6E2
:109EB000099B9DF821209DF81C0000F013FE92E6FE
:109EC0007047FCF7F3FC0246002840F0E981914B13
:109ED0001B68DA077FF527AF00BE24E78E4800280D
:109EE0003FF421AF00F0E8FD404608AA0121FCF74D
:109EF00025FF00287FF477AE15E7202A00F0F180D7
:109F0000002AE4D19DF82130092BE0D801A252F8B3
:109F100023F000BF3BA002001BA00200CF9E020066
:109F20005DA00200CF9E0200FD9F0200A99F0200DB
:109F3000CF9E0200939F02003D9F02009DF82230B9
:109F400001931A4699F801309A4200F0548199F829
:109F50000130002B40F05481019B89F80130002B27
:109F600000F04781581EC0B2FCF7A0FC18B143783E
:109F7000022B00F0C181674B1B68DB0700D500BED8
:109F8000644B1B68D80700D500BE002389F8013058
:109F9000C9E60AAA99F8013002F80E3D40460123AD
:109FA00008A900F01FFD1EE6BDF82200030A5A1E94
:109FB000C0B20E2A3FF6B7AE01A151F822F000BFA1
:109FC000B3A202008FA202007FA20200279D02001E
:109FD000279D020061A202008FA20200279D0200BD
:109FE000279D0200279D0200279D0200279D020059
:109FF000279D0200279D0200E3A2020008A800F0AE
:10A0000061FD40469DF8221001F0ECFB99F800300C
:10A0100043F0020389F80030E5E5BDF82230012B5A
:10A020007FF481AE99F8003040466FF3C30308A96E
:10A0300089F8003000F0BEFCD5E599F800309908A9
:10A0400001F00201C3F340130AAA0B4322F80E3DAC
:10A050004046022308A900F0C5FCC4E5BDF8223043
:10A06000012B7FF460AE99F80030404643F00803BE
:10A0700008A989F8003000F09DFCB4E59DF8243073
:10A080000F2B3FF650AE4B44244A1B791778BB4246
:10A0900038D2376817EB43173FF445AE786900F0C4
:10A0A0000BFD7B6908AA01214046984700287FF4F0
:10A0B0009AAD9DF8203013F060077FF434AE9DF820
:10A0C00021300A3B012B3FF62EAE00F0F5FC9DF847
:10A0D00021300A2B00F0FC8008A9404600F06AFC01
:10A0E00081E59DF824300F2B3FF61DAE4B440B4A03
:10A0F0001B791778BB4260D2376817EB43173FF4E0
:10A1000012AE05E67A1D9A42FFF60DAEDB1B0BEB95
:10A110004317C3E7F0ED00E03D6D0200DC71002065
:10A12000581DB84239DA002A7FF4FDAD17469DF874
:10A130002130012B03D036D3032B7FF4C8AEBDF8FA
:10A1400022200292AAB9B84A012B10783DD001F022
:10A15000ADFD019B009A4B44134493F8262042F036
:10A16000020283F8262093F8262042F0010283F8A9
:10A170002620002F3FF437AD786900F09DFC7B6905
:10A18000012108AA40469847002000F095FC99F864
:10A190002730D9073FF527AD9EE7FB1A0BEB431796
:10A1A000002AC4D0B4E5019B009A4B4413442033E9
:10A1B0000AAA9B79C3F3400348E77A1D9A42FFF647
:10A1C000B2ADDB1B0BEB4317A2E501F097FD019B42
:10A1D000009A02994B44134493F8262061F34102FC
:10A1E00083F8262093F8262061F3000283F82620C6
:10A1F000BFE7FFF717FC404608A900F0DBFBF2E4DD
:10A200000021404601F000FB404601F09FFB874FD4
:10A2100099F802300293002300943A781C460CE02F
:10A220000BEB4313DB68404698473A780134E4B2BD
:10A23000501D8442234600F3CE809442A3EB0203D8
:10A24000EED2336813EB4413ECD1794B009C1B68BE
:10A25000DB0700D500BE9DF8083089F802307BE6A8
:10A26000FFF7DAFB024600283FF45DAD4046137865
:10A2700008A900F0B7FB00287FF4B5AC53E5BDF8A2
:10A280002410FCF719FB02460028EFD14BE5022B06
:10A290003FF417AEFFF7C2FB024600283FF443AD80
:10A2A0004046538808A900F09DFB00287FF49BAC32
:10A2B00039E5FCF7F7FA024600283FF408AE4046BD
:10A2C000122308A900F08EFB00287FF48CAC2AE54D
:10A2D0000AAA08A902F80E7D4046012300F082FB7D
:10A2E00081E4544B002B3FF41EADFCF723FD0246E6
:10A2F00000283FF418ADD3E7C27999F80030511126
:10A3000061F30413921162F3451389F80030438816
:10A31000CDF81080CDE900A4C318039300F109071C
:10A32000039BBB4237D97B780B2B03BF3B7897F855
:10A3300003A0FF184FF0010A7B78042B43D1039B45
:10A340003A4ACDF814A0DB1B00219BB2029112788F
:10A3500088469A4617E0346814EB481433D05246C6
:10A360003946049823699847082808F1010201D961
:10A37000824543D22D4B5FFA82F81A78CDF80880D7
:10A38000511D88451CDC029B9045A3EB0202E2D3E1
:10A390000BEB4214E3E7DDF81080DDE900A4FFF7E2
:10A3A0003FFB28E70246434604463946224802F06E
:10A3B000B1FA1E4B029A1B78053393422744AFDA59
:10A3C000DDE900A4D7E51A4B1B68DF07DDE900A42F
:10A3D0007FF5D6ADD3E5382200211848009C10F057
:10A3E000A3FC174A4FF0FF33C2E90533D36113844E
:10A3F000C2E90033C2E9023313612CE7DDF814A08F
:10A40000BAF1010F1ED00021CBB2534501F1010179
:10A41000C8D2BA78134459FA83F31A79FF2AD2D1F1
:10A4200083F80480F0E700BF18610020DC71002091
:10A43000F0ED00E0356D0200447200203072002023
:10A440003472002023690A4A0A498B4208BF4FF040
:10A45000020A9342D7D17B79012BD4D1BB79012B4E
:10A46000D1D1FB79002B08BF4FF0020ACBE700BF28
:10A470005D7902001D7102002DE9F0434378023B33
:10A4800085B005460E46042B0CD8DFE803F0495D85
:10A49000037E3F00844B1A78D70715D51A7842F00F
:10A4A00004021A70814B18688EB933464FF0FF32A0
:10A4B00029460CF01DFC003018BF0120F0B97C4B80
:10A4C0001B68DB0700D500BE05B0BDE8F08304AA19
:10A4D000002342F80C3D29460CF01AFE019B43B1C3
:10A4E000744B4FF080525A6040BFBFF34F8FBFF3A1
:10A4F0006F8F003018BF01200028E0D03246697805
:10A500002878FFF785FA05B0BDE8F0836A4A13782A
:10A510000133DBB21370654B1868002ED7D1C4E746
:10A52000614B1A786FF300021A701A7800216FF3EA
:10A5300041021A7059701A7861F382021A705B4BEB
:10A540001868002EC3D1B0E75C4FDFF874913978FA
:10A55000DFF87081002423460AE0D8F8003013EBBE
:10A5600044130AD10134E4B24A1DA242234615DB4A
:10A570008C42F2D35B1A09EB4313DB69002BF1D059
:10A580006968287898473978ECE7474B1A78D407F8
:10A590009AD51A786FF382021A7083E7424C2378B7
:10A5A00058072FD5237841496FF3820323702B7806
:10A5B0008DF8043005220023CDF80A30CDF806309E
:10A5C000ADF80E3008688DF80520002E59D004AA89
:10A5D00001A942F8103D0CF09BFD009B43B1354BA7
:10A5E0004FF080525A6040BFBFF34F8FBFF36F8F61
:10A5F000003018BF012000284DD12D4B1B68D90712
:10A6000000D500BEE378DA077FF55EAF274A2B78E6
:10A61000696810688DF8043003220023CDF80A30F1
:10A62000CDF80630ADF80E3002918DF80520F6B168
:10A6300004AA01A942F8103D0CF06AFD009B43B149
:10A640001C4B4FF080525A6040BFBFF34F8FBFF397
:10A650006F8F003018BF012000283FF430AF324622
:10A660009DF805109DF80400FFF7D2F92CE733465A
:10A670004FF0FF3201A90CF03BFB003018BF012066
:10A68000EAE733464FF0FF3201A90CF031FB00300E
:10A6900018BF0120AFE732469DF805109DF8040071
:10A6A000FFF7B6F9AEE700BF307200206C720020F1
:10A6B000F0ED00E000ED00E030730020DC710020E0
:10A6C00090DD0300D87100202DE9F84F0A9F002A81
:10A6D0004CD090464A78052A0C460ED1CE7806F02A
:10A6E0000306B34209D18A7802F07F02082A0DD905
:10A6F000204B1B68DA0700D500BE1E4B1B68DB072A
:10A7000002D40020BDE8F88F00BEFAE7DFF868B099
:10A71000DFF868A09BF8009000250EE06278052A1B
:10A72000EBD1E27802F00302B242E6D1A27802F065
:10A730007F02082ADCD89BF800909AF802100022C9
:10A74000204602F095F80028D2D04846214601F074
:10A750006FF80028D1D0A278D30916BF0B9B3A70AE
:10A760001A702278013545451444D7D10120BDE83F
:10A77000F88F00BFF0ED00E018610020307200207B
:10A7800030B51E4D85B0082400230290019303913B
:10A790008DF805402868144682B9134601A94FF088
:10A7A000FF320CF0A5FA003018BF0120E0B9144BBD
:10A7B0001B68DB0700D500BE05B030BD04AA01A9A7
:10A7C00042F8103D0CF0A4FC009B43B10D4B4FF040
:10A7D00080525A6040BFBFF34F8FBFF36F8F00307E
:10A7E00018BF01200028E2D022469DF805109DF8F0
:10A7F0000400FFF70DF905B030BD00BF6C720020FA
:10A80000F0ED00E000ED00E038B58B7803F07F0359
:10A81000082B06D90B4B1B68DB0700D500BE0020B8
:10A8200038BD094A094B0C46204691781D78002214
:10A8300002F01EF80028EDD021462846BDE8384039
:10A8400000F0F6BFF0ED00E030720020186100204B
:10A85000CB09263301F07F010348044A03EB410191
:10A860000844116801F0BABF3072002068720020FD
:10A87000CB09263301F07F010348044A03EB410171
:10A880000844116801F0D6BF3072002068720020C1
:10A8900038B5154C01F07F0504EB450404EBD114E9
:10A8A0002034A079C00706D5104B1B68DA0700D505
:10A8B00000BE002038BDA5790D4845F0010500789F
:10A8C000A57101F0F1F80028F4D1A379074A60F3EB
:10A8D0000003A371A37960F38203A3711368DB07FC
:10A8E000E7D500BE38BD00BF30720020F0ED00E0BB
:10A8F00018610020054B01F07F0203EB420303EBDC
:10A90000D11191F8260000F001007047307200204C
:10A9100010B50C4B18780C4601F0C8F90A4904F040
:10A920007F0301EB430101EBD41191F8263043F092
:10A93000020381F8263091F8263043F0010381F8B4
:10A94000263010BD1861002030720020054B01F048
:10A950007F0203EB420303EBD11191F82600C0F311
:10A96000400070473072002010B50F4B18780C462D
:10A9700001F036F80D4904F07F0301EB430101EBD0
:10A98000D41191F826306FF3410381F8263091F805
:10A9900026306FF3000381F8263091F826306FF3EC
:10A9A000820381F8263010BD18610020307200202B
:10A9B000704700BF0A4630B4094C49680546106824
:10A9C000234603C30023C4E9023392F900209A42CC
:10A9D0002846ACBF802119461A4630BCFFF758BF45
:10A9E00074730020F0B50E462B4C4968074630685A
:10A9F000A260254603C50021E181F588AB4228BF4E
:10AA00002B4683B0A381ADB13BB3002A3DD094F96E
:10AA10000000402B28BF402300282CDB1F4A38466B
:10AA2000FFF736FF98B91E4B1B68DB0712D500BE37
:10AA300003B0F0BD96F90030002BACBF802100219F
:10AA400038462B462A46FFF723FF0028EBD001208B
:10AA500003B0F0BD002003B0F0BD94F90020002A3F
:10AA6000ACBF194680211A463846FFF711FF00286F
:10AA7000D9D00120ECE71146084801931A4610F09E
:10AA80002FF9064A019B8021EEE7054B1B68D90789
:10AA9000E0D500BE1046CBE774730020347300206D
:10AAA000F0ED00E0034B0022C3E90022C3E90222DB
:10AAB0001A61704774730020014B1861704700BF22
:10AAC000747300200346064A5968006810B41346A0
:10AAD000002403C3C2E902445DF8044B704700BF81
:10AAE0007473002070B5404C2278C909B1EBD21FB5
:10AAF00082B0064615D03BB13C4B1B68DA0700D547
:10AB000000BE002002B070BD2146FFF751FF23694F
:10AB1000002B40D02246304603219847012002B046
:10AB200070BD94F90020A068002A08DB0028E8D056
:10AB30001A462F49019310F0D3F8A068019BE589CC
:10AB4000E2881D44ADB21844AA42A060E58101D05C
:10AB50003F2B23D8236923B1234A0221304698474B
:10AB600088B194F9002000239A42ACBF8021194695
:10AB700030461A46FFF78CFE68B91C4B1B68DB0792
:10AB8000BFD500BEBEE70146304601F08FF8304623
:10AB9000802101F08BF8012002B070BDA28994F9E8
:10ABA0000010531B9BB2402B28BF402300290ADB17
:10ABB00095424FF0000112D00D4A3046FFF768FE73
:10ABC0000028DAD0E7E795420BD001461A4608483C
:10ABD000019310F085F88021054A019BEDE70A46B4
:10ABE000EBE780210022E8E774730020F0ED00E03D
:10ABF0003473002000B170470EF038B800B17047D0
:10AC00000EF03EB80138C3B2042B07D856230D4AC4
:10AC100003FB00F013181B79DB0706D40A4B1B68F3
:10AC2000DB0700D500BE00207047CB09363301F0AA
:10AC30007F0103EB4101054B08441044196801F002
:10AC4000CDBD00BF88730020F0ED00E03875002016
:10AC50000138C3B2042B07D856230A4A03FB00F07D
:10AC600013181B79DB0701D400207047CB0936335A
:10AC700001F07F0103EB4101034B084410441968C4
:10AC800001F0D8BD8873002038750020F0B5441E4F
:10AC9000E5B2042D83B017D8562505FB04F5174EF1
:10ACA00001F07F0405EB4404344404EBD114303448
:10ACB000A779FF070BD5124B186810F0010001D0DF
:10ACC00000BE002003B0F0BD002003B0F0BD1F4661
:10ACD00013460A460146705DA579009745F00105C7
:10ACE000A57100F0BDFB0028ECD1A37960F300034F
:10ACF000A371A37960F38203A371E3E78873002053
:10AD0000F0ED00E02DE9F047764DAF798F4284B049
:10AD100091461E4604465BD0E2234FF0000AA9711B
:10AD20008DF809108DF80830ADF80CA0002E00F059
:10AD3000B380012103AF0DF10808FBF72BFE41465C
:10AD40003A4602232046FBF753FE51462046FBF7C6
:10AD500021FE9DF80C30EB702223D9F800908DF87D
:10AD60000730002E3ED020460121FBF713FE3A4665
:10AD70000DF1070101232046FBF73AFE9DF80C3048
:10AD8000EB704946082300222046FBF731FE20469F
:10AD90000021FBF7FFFD0026102241F2F2032046BE
:10ADA0000121EA71ADF80830ADF80C60FBF7F2FD57
:10ADB0003A46414602232046FBF71AFE314620461A
:10ADC000FBF7E8FD9DF80C30EB7004B0BDE8F087B0
:10ADD000222303AF0DF10808D9F800908DF8073051
:10ADE000002EC0D14FF0FF31E86D0CF0C9FB3146A9
:10ADF0002046FBF709FE20460121FBF7CBFD3A4632
:10AE00000DF1070101232046FBF7F2FD9DF80C3000
:10AE1000EB703246082349462046FBF7E9FD3146F0
:10AE20002046FBF7B7FD20460121FBF7EDFD334639
:10AE300032463146E86D0BF05BFF102241F2F2031F
:10AE40004FF0FF31E86DEA71ADF80830ADF80C60F5
:10AE50000CF096FB31462046FBF7D6FD204601213B
:10AE6000FBF798FD3A46022341462046FBF7C0FD1A
:10AE700031462046FBF78EFD20460121FBF7C4FD3D
:10AE8000334632463146E86D0BF032FF9DF80C3008
:10AE9000EB7004B0BDE8F0874FF0FF31E86D0CF0C7
:10AEA0006FFB31462046FBF7AFFD03AF2046012183
:10AEB0000DF10808FBF76EFD3A4602234146204695
:10AEC000FBF796FD31462046FBF764FD2046012145
:10AED000FBF79AFD334632463146E86D0BF008FF2A
:10AEE00037E700BF3C7500202DE9F04F4B781D0778
:10AEF0000E4685B090460978044662D1DA0600F124
:10AF00004881B26812B1B288002A5AD1E24D03F0EA
:10AF10002006AB7966F07F068B42F6B200F06481C2
:10AF2000E2230027A9718DF809108DF80830ADF8DB
:10AF30000C70B8F1000F00F06C82012120460DF179
:10AF40000C090DF1080AFBF725FD51464A4602237C
:10AF50002046FBF74DFD39462046FBF71BFD9DF8CB
:10AF60000C30EB70F223EE718DF8096000268DF83D
:10AF70000830ADF80C60B8F1000F40F0D980E86DF2
:10AF80004FF0FF310CF0FCFA41462046FBF73CFD48
:10AF900020460121FBF7FEFC4A460223514620468B
:10AFA000FBF726FD41462046FBF7F4FC2046012135
:10AFB000FBF72AFD434642464146E86D0BF098FEFA
:10AFC00045E0B54D13F02007AA7946D1914240F0F3
:10AFD000BE800DF10C090DF1080AB37813F0100FC3
:10AFE0000CBF10222022EA2300278DF809208DF8BB
:10AFF0000830ADF80C70B8F1000F00F0FA800121B4
:10B000002046FBF7C7FC02234A4651462046FBF781
:10B01000EFFC39462046FBF7BDFC9DF80C30EB7089
:10B020007378EB71F222012120468DF809308DF8FA
:10B030000820ADF80C70FBF7ADFC51464A460223E0
:10B040002046FBF7D5FC39462046FBF7A3FC9DF8CC
:10B050000C30EB7005B0BDE8F08F914240F0A1805C
:10B060000DF10C090DF1080AB37813F0100F0CBFA5
:10B0700040228022EA2300278DF809208DF808302D
:10B08000ADF80C70B8F1000F00F0E480012120460B
:10B09000FBF780FC514602234A462046FBF7A8FCFA
:10B0A00039462046FBF776FC9DF80C30EB70328871
:10B0B0002B899A422AD0B788F2887388BF1ABFB208
:10B0C0005B099F4228BF1F4617F0FF0740F0088129
:10B0D0003A23AF708DF8097000278DF80830ADF86D
:10B0E0000C70B8F1000F00F0D98001212046FBF769
:10B0F00051FC514602234A462046FBF779FC39466B
:10B100002046FBF747FC9DF80C30EB7033782B7230
:10B1100073786B727378EB71F22200268DF8093028
:10B120008DF80820ADF80C60B8F1000F3FF427AFA0
:10B1300020460121FBF72EFC51464A4602232046B9
:10B14000FBF756FC31462046FBF724FC7FE7E22361
:10B15000A9718DF80910ADF80C708DF80830B8F1B0
:10B16000000F00F0DE80012120460DF10C090DF1E9
:10B17000080AFBF70FFC51464A4602232046FBF71C
:10B1800037FC39462046FBF705FC9DF80C30EB7088
:10B1900023E7434606F10802FFF7B4FD05B0BDE81A
:10B1A000F08FE2230027A9718DF809108DF808307F
:10B1B000ADF80C70B8F1000F00F0D98001212046E5
:10B1C0000DF10C090DF1080AFBF7E4FB51464A4664
:10B1D00002232046FBF70CFC39462046FBF7DAFB3E
:10B1E0009DF80C30EB703FE70DF10C090DF1080AEA
:10B1F000B8E64FF0FF31E86D0CF0C2F94146204649
:10B20000FBF702FC01212046FBF7C4FB02234A4660
:10B2100051462046FBF7ECFB41462046FBF7BAFBC4
:10B2200001212046FBF7F0FB434642464146E86DCC
:10B230000BF05EFD9DF80C30EB707378E86DEB71F0
:10B24000F2224FF0FF318DF80930ADF80C808DF807
:10B25000082097E64FF0FF31E86D0CF091F9414678
:10B260002046FBF7D1FB20460121FBF793FB4A4622
:10B27000022351462046FBF7BBFB41462046FBF725
:10B2800089FB20460121FBF7BFFB4346424641466E
:10B29000E86D0BF02DFD07E73C7500204FF0FF3106
:10B2A000E86D0CF06DF941462046FBF7ADFB2046FA
:10B2B0000121FBF76FFB4A46022351462046FBF76C
:10B2C00097FB41462046FBF765FB20460121FBF733
:10B2D0009BFB434642464146E86D0BF009FD12E7F1
:10B2E00012238DF80730D6F808B0B8F1000F64D0FB
:10B2F00020460121FBF74EFB4A460DF107010123D1
:10B300002046FBF775FB9DF80C30EB7059463B4629
:10B3100000222046FBF76CFB00212046FBF73AFB9E
:10B32000D6E64FF0FF31E86D0CF02AF94146204691
:10B33000FBF76AFB0DF10C09204601210DF1080A0B
:10B34000FBF728FB4A46022351462046FBF750FBF9
:10B3500041462046FBF71EFB20460121FBF754FB2C
:10B36000434642464146E86D0BF0C2FC0DE74FF004
:10B37000FF31E86D0CF004F941462046FBF744FB31
:10B380000DF10C09204601210DF1080AFBF702FB23
:10B390004A46022351462046FBF72AFB41462046F7
:10B3A000FBF7F8FA20460121FBF72EFB4346424605
:10B3B0004146E86D0BF09CFC12E74FF0FF31E86D61
:10B3C0000CF0DEF841462046FBF71EFB204601212B
:10B3D000FBF7E0FA4A460DF1070101232046FBF78F
:10B3E00007FB9DF80C30EB7042463B465946204621
:10B3F000FBF7FEFA41462046FBF7CCFA2046012136
:10B40000FBF702FB434642464146E86D0BF070FCF9
:10B410005EE64FF0FF31E86D0CF0B2F84146204691
:10B42000FBF7F2FA0DF10C09204601210DF1080A93
:10B43000FBF7B0FA4A46022351462046FBF7D8FAFA
:10B4400041462046FBF7A6FA20460121FBF7DCFA2D
:10B45000434642464146E86D0BF04AFC7FE500BF9B
:10B460002DE9F04102F07F0CBDF818E0D20981BB54
:10B47000BCF1000F5ED13E4EA6F160077178B47842
:10B4800082F0010262F345110A466FF3041244F0A0
:10B4900010017270B170B278B360032363F30302DA
:10B4A00000258046A6F804E0B270F5802846FFF734
:10B4B000A1FBBC7AC4BB01252046BD72FFF79EFBF1
:10B4C0002246404631462C46FFF70EFD2046BDE899
:10B4D000F08182F00108BCF1000F2ED0254F01222F
:10B4E0003C4604E00132142A04F10C0418D094F80C
:10B4F0006C508D42F6D102EB420507EB850595F8BD
:10B50000615005F00F066645ECD1C5F34015454581
:10B5100004F16C06BFD00132142A04F10C04E6D108
:10B5200000242046BDE8F0812846FFF767FB20464F
:10B53000BDE8F08182F00108D0E70E4F01243D46BE
:10B5400002E00134142CEBD095F86C608E4205F1CA
:10B550000C05F6D104EB4406B60007EB060C9CF88C
:10B5600061C01CF00F0FECD160363E4486E700BF8F
:10B570009C7500203C75002042DF704743DF704718
:10B5800044DF704712DF7047F0B5334CBFF35B8F79
:10B59000014604F590730125D3E84F2FC3E8405FBF
:10B5A0000028F9D1BFF35B8F12F0FF0F48D10829B3
:10B5B00029D04E01A21954F806C028489388284F74
:10B5C00001F5947601EB810E50F82660D2889A1A24
:10B5D00093B2B6B200EB8E0209B2B34228BF334633
:10B5E000C2F800C707EB8100C2F8043747F82150C2
:10B5F000BFF36F8FBFF34F8F1A4B984218D0043BA5
:10B60000984215D0F0BD154BD3F8C024D1030FD408
:10B6100094F80B1161B11449D4F80001C3F8A007E4
:10B62000C3F8A4270D60BFF36F8FBFF34F8FF0BD3A
:10B630000023BFF35B8F84F82031BFF35B8FF0BD35
:10B640000A4B0B485A68C2F30802003218BF0122A5
:10B65000BDE8F040FFF794B88C76002000700240FF
:10B6600028700240507002404870024000ED00E037
:10B67000E9B60200174BBFF35B8F01460122D3E806
:10B680004F0FC3E84C2FBCF1000FF8D1BFF35B8F15
:10B6900010F0FF0F14D10A60BFF36F8FBFF34F8F0D
:10B6A0000D4B994203D0043B994200D070470B4B9D
:10B6B000BFF35B8F002283F82021BFF35B8F7047BD
:10B6C000074B08485A68C2F30802003218BF01222B
:10B6D000FFF756B8AC770020507002408C760020FF
:10B6E00000ED00E075B60200F0B5334CBFF35B8FA0
:10B6F000C1B204F590730126D3E84F2FC3E8406F21
:10B700000028F9D1BFF35B8F12F0FF0F47D1082952
:10B7100028D04D01621954F805E028489388DFF8D5
:10B72000B0C001F5947550F82570D2888D009A1A32
:10B7300093B2BFB26A1800EB8202BB4228BF3B46FD
:10B74000C2F800E76544C2F804374CF82160BFF343
:10B750006F8FBFF34F8F1A4B9D4218D0043B9D4211
:10B7600015D0F0BD154BD3F8C024D1030FD494F8F5
:10B770000B1161B11349D4F80001C3F8A007C3F855
:10B78000A4270E60BFF36F8FBFF34F8FF0BD002370
:10B79000BFF35B8F84F82031BFF35B8FF0BD0A4BA2
:10B7A0000A485A68C2F30802003218BF0122BDE8F5
:10B7B000F040FEF7E5BF00BF8C760020007002402D
:10B7C000507002404870024000ED00E0E9B602000F
:10B7D0002870024001207047014B80225A60704758
:10B7E00000E100E0074BD3F80014D3F80024002058
:10B7F0000A434FF48001C3F80024C3F85801C3F88A
:10B800000413704700700240074B4FF4001229B92F
:10B81000C3F80823054B83F821117047C3F80423AC
:10B82000024B83F821117047007002408C76002093
:10B8300070B48A788C88414EC97802F07F03D509AC
:10B8400005EB430006EB001001F00301C4F30A040A
:10B85000012904812BD0012101FA03F4BDB138483C
:10B8600002339940C0F80413D0F810352343C0F8D0
:10B870001035334B42F48071C3F81825C3F80C150A
:10B88000BFF36F8FBFF34F8F012070BC70472C4800
:10B8900003F10C06B140C0F80413D0F8141503F5F9
:10B8A00094730C43C0F8144540F82350E1E7082B8B
:10B8B00008D0244B186810F00100E6D000BE00202C
:10B8C00070BC7047EDB9B6F818311BB11C4B802223
:10B8D000C3F81C251A4A0023C2F85031D2F80033AD
:10B8E00013F4001308BFC2F85431154B4FF4401243
:10B8F000C3F80423D3F8142542F48072C3F8142546
:10B90000BEE7B6F808210E4B0021C3F82C1112B186
:10B910008022C3F81C250A4AD2F8003313F400131E
:10B9200008BFC2F85431064B074AC3F80423D3F8C2
:10B93000102542F48072C3F81025A1E78C76002010
:10B9400000700240F0ED00E0000820001F4B802254
:10B950002DE9F041C3F88420BFF34F8FBFF36F8F01
:10B9600001241B4D1B4FA0460026A30004F10C022E
:10B97000A11C03F1804303F51C3308FA01F108FA16
:10B9800002F20A43C7F8082328465E6001342022E9
:10B990009E6200210FF0C8F9082C05F12005E4D1C2
:10B9A0000D4BC7F808332022C7F81C6500217E62C2
:10B9B0000A48BE640FF0B8F9C7F81485C7F81085B7
:10B9C000024B80225A60BDE8F08100BF00E100E038
:10B9D000AC76002000700240000830008C77002018
:10B9E00001F07F02082A70B44FEAD11128D0012358
:10B9F00003FA02F0C043B1B1294C951CAB40C4F826
:10BA00000833D4F81055274B2840C4F8100501EB33
:10BA1000420103EB01110023CB72BFF36F8FBFF321
:10BA20004F8F70BC70471E4C02F10C05AB40C4F840
:10BA30000833D4F814551B4B2840C4F81405E6E726
:10BA4000184B03EB01100024A0F808411448D1B1B1
:10BA50004FF40064C0F80843D0F8104524F4807413
:10BA6000C0F81045B3F81841B3F808510C48EC423F
:10BA70004FF0000608BF4FF40014C0F81C6508BF63
:10BA8000C0F80843C3E74FF48014C0F80843D0F867
:10BA9000144524F48074C0F81445C0F85011E1E74F
:10BAA000007002408C76002001F07F004FEAD11C2C
:10BAB000F0B50CEB4005744E2D01771985B0FC7A7A
:10BAC0004CB1724B1C6814F0010401D000BE00247C
:10BAD000204605B0F0BD04F0FF0E7251BB80A7F800
:10BAE00006E0002843D1002B57D0BCF1000F00F036
:10BAF0008E8006EB401100EB8003CD8A8A8A0C8B86
:10BB00000969521B9B0092B203F1804303F51C3379
:10BB1000A24228BF22465E4DC3F8001600B2C3F809
:10BB200004265C4BBFF35B8F05EB80010122D3E859
:10BB30004F4FC3E8472F002FF9D1BFF35B8FE4B21B
:10BB4000002C40F0908045F82020BFF36F8FBFF3AA
:10BB50004F8F514B994202D0043B994219D1BFF308
:10BB60005B8F002386F82031BFF35B8F11E0BCF1BF
:10BB7000000FBED106EB40160123F372BFF36F8FA7
:10BB8000BFF34F8FB37A23B1F37A03F0FF04002B96
:10BB900074D10124204605B0F0BD404AD2F880247B
:10BBA000C2F3C0126245A0D03D4D6A688DF80810FE
:10BBB000C2F3080100314FF4E06218BF012101A86F
:10BBC00003938DF80930ADF80420FEF755FCBFF360
:10BBD0005B8F06F590720123D2E84F1FC2E8403F09
:10BBE0000028F9D1BFF35B8FCCB2002C38D12A4AA0
:10BBF0001360BFF36F8FBFF34F8F1C46BFF35B8F94
:10BC0000204686F82011BFF35B8F05B0F0BD0123FD
:10BC1000204AF372BFF35B8FD2E84F4FC2E8413F37
:10BC20000029F9D1BFF35B8FE4B26CB91D4A1360F0
:10BC3000BFF36F8FBFF34F8FBFF35B8F86F820C1C9
:10BC40001C46BFF35B8F43E7154B16495A681648ED
:10BC5000C2F30802003218BF0122FEF791FD37E758
:10BC60006A680D49F3E70E4B0F485A68C2F30802A1
:10BC7000003218BF0122FEF783FD29E786F80AC0CB
:10BC8000FFF782FC24E700BF8C760020F0ED00E097
:10BC900004700240AC7700205070024000700240F7
:10BCA00000ED00E04C70024075B6020011F07F001C
:10BCB00008B512D008280BD00E4B41F48072C90988
:10BCC000C3F8182504D10C4B03EB40139A7A62B9E0
:10BCD000BFF36F8FBFF34F8F08BD064B01225A652C
:10BCE000BFF36F8FBFF34F8F08BD9972FFF74CFC06
:10BCF000EEE700BF007002408C76002011F0770F55
:10BD000012D00A4B41F48072C3F80C15C3F80C250D
:10BD1000CA09C3F8181504BF01F5947143F821202E
:10BD2000BFF36F8FBFF34F8F704700BF00700240AB
:10BD30002DE9F04FA54BA64CD3F8000300238BB0A0
:10BD40001E461F46012520FA03F11A19C9074FEABA
:10BD5000820209D5116839B105FA03F117600E4363
:10BD6000BFF36F8FBFF34F8F0133192BEBD1F20766
:10BD700000F13582974D330508D5944BD3F8A8369A
:10BD800001229BB2A5F8163185F81C21B70206F4F2
:10BD9000800424D58D4BD3F81425D00540F1FC81C7
:10BDA000002C00F0A182D3F80024D20740F19C823D
:10BDB000D3F81035DA0540F1FB8195F81C3107AF57
:10BDC000002B40F0BD82814BD3F8203508933846D4
:10BDD0004FF440730121ADF81C30FEF74DFB04B366
:10BDE0007A4AD2F8004440F201732340C2F800348A
:10BDF000E30500F15682670510D5744B0122C3F8A4
:10BE000008259A65D3F8002312F4001208BFC3F87E
:10BE100054216E4B4FF40012C3F80423A00500F127
:10BE2000358231023DD5694BD3F880C4D3F88414F0
:10BE3000D3F888E4D3F88C74D3F89084D3F894447E
:10BE4000D3F89804D3F89C245FFA8CF35FFA80FC53
:10BE5000D0B25A06C9B25FFA8EFEFFB25FFA88F816
:10BE60005FFA84F901D105291BD00024224668F32A
:10BE7000070263F3070461F30F2469F30F226EF3E3
:10BE800017446CF3174260F31F6267F31F644FF4AB
:10BE9000C063012107A8CDE90842ADF81C30FEF7C8
:10BEA000EBFA4D4B3340002B40F09181DFF82491A9
:10BEB000464F4D46CA4609F5907800241DE02B44B4
:10BEC000DA7A002A00F0D781DA88AAF80420002262
:10BED000DA72D98809914FF4E063012107A88DF83F
:10BEE00020B08DF82120ADF81C30FEF7C5FABBF16B
:10BEF000080F47D001340AF1200A04F10C0326FA96
:10BF000003F3DB075FFA84FBF1D504EB840307EB53
:10BF10008303DAF80020D3F80807630112FA80F2ED
:10BF2000E918CAF80020CA8880B2024492B2082CEC
:10BF3000CA80C4D0BAF808208242C0D1CA88BAF8F0
:10BF400004109142BBD9BBF1000FD0D10122BFF345
:10BF50005B8FD8E84F3FC8E8412F0029F9D1BFF3E4
:10BF60005B8F13F0FF0F40F052821C490A60BFF351
:10BF70006F8FBFF34F8FBFF35B8F85F82031BFF317
:10BF80005B8FB7E7164B3340002B00F002810F4B5D
:10BF9000D3F86C240192C3F86C24BFF36F8FBFF306
:10BFA0004F8F16F4806600F06E81D3F88024D3F8AA
:10BFB000803483F08003C3F3C0130593C2F3C0132E
:10BFC0000493DFF808A00024A84613E000700240A4
:10BFD000409C00108C760020FCFB1F004C7002403F
:10BFE00000040001002C00F0F281072E52D0013431
:10BFF00009F120090199E14004EB8403C9070AEB28
:10C00000830308EB4412E6B2ECD5D3F80816D9F84E
:10C010001070C9B20F44C9F81070D08A014489B2B7
:10C02000D182A849D08AB9F8145061188900854294
:10C0300002914FF0010C66F07F0103914FF4E06B29
:10C040004FF0000E614607A840F2B480D18AB9F8DB
:10C050001820C3F800766D1AADB2954228BF154678
:10C06000994AC3F80456BFF35B8FD2E84F3FC2E84A
:10C0700041CF0029F9D1BFF35B8F13F0FF0F40F0E0
:10C08000ED80029BC3F800C0BFF36F8FBFF34F8FEB
:10C09000072EACD1019BDB03454601D4059B43B180
:10C0A000EB7A23B1EB88AA889A4200F271810123CE
:10C0B000AB72019B9F030BD595F82B3023B1EB8C12
:10C0C000AA8C9A4200F28881012385F82A30019BCC
:10C0D0005E030DD595F84B3033B1B5F84630B5F861
:10C0E00044209A4200F27D81012385F84A30019B69
:10C0F0001C030DD595F86B3033B1B5F86630B5F843
:10C1000064209A4200F27E81012385F86A30019B07
:10C11000D8020DD595F88B3033B1B5F88630B5F827
:10C1200084209A4200F23881012385F88A30019BED
:10C1300099020DD595F8AB3033B1B5F8A630B5F806
:10C14000A4209A4200F22D81012385F8AA30019B98
:10C150005A020DD595F8CB3033B1B5F8C630B5F8E5
:10C16000C4209A4200F22281012385F8CA30019B43
:10C170001B020ED595F8EB30002B00F0F380B5F8DC
:10C18000E630B5F8E4209A4240F2EC800720FFF751
:10C19000FBF90BB0BDE8F08FD3F81025D1053FF5C2
:10C1A0000CAE95F821211AB94FF40012C3F80823F8
:10C1B00007AF08E6D38A09939DF80C30ADF81CB0A0
:10C1C0008DF820308DF821E0FEF756F90DE70023B9
:10C1D000BFF35B8F85F82031BFF35B8F66E63B4B87
:10C1E0003B4A3C4D3C4800240127C2F81475C2F874
:10C1F0001075546094625C609C629C60DC62DC60E0
:10C200001C631C615C635C619C639C61DC63DC613E
:10C210001C6454629464C2F85841D2F80034D2F8D5
:10C2200000140B43C2F80034D2F80033C2F80833CC
:10C230002146C2F8040328464FF492720EF074FDB2
:10C2400040234FF48072394607A82B832B818DF849
:10C250002040ADF81C20FEF70FF98CE51F4B20485D
:10C260005A680299C2F30802B2EB0E0218BF01220B
:10C27000FEF786FAB9E61B4B1B68D80789D500BEC6
:10C280000BB0BDE8F08FCDE904669AE600220523E5
:10C29000012107A88DF81C208DF81D30FEF7ECF861
:10C2A000BFE50121C2F82C150423002207A88DF850
:10C2B0001C208DF81D30FEF7DFF867057FF5AEAD69
:10C2C0009BE500BF019C0010AC7700200470024089
:10C2D000007002408C7600200514C00100ED00E0E3
:10C2E00075B60200F0ED00E04F4BBFF35B8F01220B
:10C2F000D3E84F1FC3E8402F0028F9D1BFF35B8F6D
:10C3000011F0FF0F32D1494BD3F8C004C70352D408
:10C3100095F80B1101F0FF07002967D04449D5F8C3
:10C320000071C3F8A077C3F8A4070A60BFF36F8F4A
:10C33000BFF34F8FD3F81035D8053FF53EAD37E743
:10C34000B5F816310993002285F81C2188234FF493
:10C35000E06238460121ADF81C20ADF82030FEF730
:10C360008BF830E5012385F8EA3012E7314B32488B
:10C370005A68C2F30802003218BF01220821FEF7F2
:10C38000FFF92A4BD3F81035DB053FF516AD0FE763
:10C390000020FFF7F9F88CE60420FFF7F5F8019B81
:10C3A000C6E60520FFF7F0F8019BD1E60620FFF76F
:10C3B000EBF8019BDCE6BFF35B8F85F82011BFF340
:10C3C0005B8FD3F81035DF053FF5F7ACF0E6049945
:10C3D00000293FF40CAE18E60120FFF7D5F8019BC9
:10C3E00076E60220FFF7D0F8019B81E6BFF35B8F72
:10C3F00085F82071BFF35B8FD3F81035D9053FF571
:10C40000DCACD5E60320FFF7BFF8019B80E6094BC3
:10C410000A485A680A49C2F30802003218BF0122CA
:10C42000FEF7AEF966E500BFAC7700200070024071
:10C430004870024000ED00E0E9B6020075B6020067
:10C440004C70024030B5012885B000F09F8057D372
:10C45000022840D1BA4BD3F80435002B40F0D780E6
:10C46000B74AD2F800341C05FBD54FF40063C2F87C
:10C470000034BFF36F8FBFF34F8FB24AB24B1268D5
:10C480001B68082A00F0D780AD4BB04D80240122F4
:10C49000C3F81C45C3F80423C5F88441FDF7D8FA56
:10C4A000002840F0F880AA4D43F204044FF0804386
:10C4B0002268AA4211D0D3F80C14D3F80C24D0036C
:10C4C000F6D5CA07F4D59E4B0122C3F80425BFF365
:10C4D0006F8FBFF34F8F05B030BD04AA002102F863
:10C4E0000C1D1046FFF74EF89DF804000028E2D01E
:10C4F00010460191FFF744F8019A002AD8D0E2E7EC
:10C500008F4BD3F80025002AE5D14FF480014FF47A
:10C510000062C3F80813C3F80024BFF36F8FBFF3A2
:10C520004F8F884B1B68082B00F0B780844B01228B
:10C53000C3F80025BFF36F8FBFF34F8F43F20402A0
:10C5400003F18D5303F57723126803F2DB539A420C
:10C5500000F0CA804FF08043D3F80C24D3F80C3499
:10C56000D90301D5D207B6D443F20402784B12683E
:10C570009A4200F01881774B00221A601B680193E1
:10C580004FF08043012201991A60A4E76C4BD3F865
:10C590000025002A9FD00022C3F80425BFF36F8F27
:10C5A000BFF34F8F69498020C1F88400BFF34F8FDC
:10C5B000BFF36F8FD3F80013C3F80813C3F8002537
:10C5C000BFF36F8FBFF34F8F43F2040103F18D531D
:10C5D00003F57723096803F2DB53994200F0998051
:10C5E00001AB5D4A012111605C4A5168C1F3080149
:10C5F000003118464FF000024FF0020318BF01212E
:10C600008DF804208DF80530FDF736FF63E743F21F
:10C6100004024F4B12689A4200F0B0804FF0804302
:10C62000D3F80C24D3F80C34DB037FF519AFD5070E
:10C630007FF516AF4FE7032B0AD8494A1168002946
:10C6400040F09880474C49F27530106021601060CE
:10C650005A1E022A10D8424A1168002967D1424D59
:10C660003848394B00681B6849F2753414602960FA
:10C67000146008287FF408AF032B3FF605AF3B4951
:10C680003B4B40F2E370402208601A60BFF36F8FAB
:10C69000BFF34F8FF8E66C6005E72B4B1B685A1E03
:10C6A000022A12D82E4B1A68002A40F08E802E499A
:10C6B00049F2753203201A6008601A60214A224B41
:10C6C00012681B68082A7FF431AF032B3FF62EAFA8
:10C6D000234B1A68002A74D1224949F27532C020CE
:10C6E0001A6008601A6021E704AB002203F80C2DE1
:10C6F0001846FEF747FF9DF8041000293FF42AAFC3
:10C7000018460192FEF73CFF019B002B7FF4E3AE3D
:10C710002AE704AB03F80C2D1846FEF733FF9DF80B
:10C720000420002A3FF45DAFFEF728FF5CE70549CF
:10C73000054B0D4A08681B680021116099E700BF8E
:10C7400000700240300100103401001000E100E0F0
:10C75000DBE5B151000100400400004000ED00E0C5
:10C7600000EC064014EC064014ED06400078024050
:10C7700004780240174A0021116069E704AB0022E7
:10C7800003F80C2D1846FEF7FDFE9DF80410002955
:10C790003FF444AF18460192FEF7F2FE019B002BD6
:10C7A0007FF499AE5CE604A8002300F80C3DFEF788
:10C7B000E9FE9DF80430002B3FF4DDAEFEF7DCFE11
:10C7C00089E6044BC0221A60B0E6034B03221A60CC
:10C7D00074E700BF14EC064014ED0640F8B503788A
:10C7E00013F0010405D10678C6F3800626B1204671
:10C7F000F8BD00242046F8BD0F4605464FF0FF3136
:10C8000038460AF0BDFE2A7812F001040FD12B78C9
:10C810005B0704D42B7843F004032B70012400231E
:10C8200038461A4619460AF063FA2046F8BD3446DF
:10C83000F5E700BF70B505460E4608464FF0FF31DC
:10C840000AF09EFE2878C0F3800444B90024002337
:10C8500030461A4619460AF04BFA204670BD2B782E
:10C8600013F00102F2D12B7862F382032B70EEE712
:10C8700010B4C378848803F00303022BC4F30A04C2
:10C8800026D019D8012B04D0002318465DF8044B9C
:10C890007047022940F2FF3208BF4FF48062A24283
:10C8A000F3D21A4B1B6813F00103EED000BE002335
:10C8B00018465DF8044B7047022914BF40234FF41B
:10C8C0008063A342EDD3012318465DF8044B704703
:10C8D00002290BD012B1B4F5007F11D0A4F10803E6
:10C8E0009BB2182B06D9402CEDD0DAE7B4F5007FC7
:10C8F000D7D1E8E7064A22FA03F3DB07D1D5E2E70E
:10C9000000244021134644710171BEE7F0ED00E0C0
:10C91000010100010A44914216D230B44C78052C32
:10C9200005D00C7821448A42F8D830BC70478C7806
:10C9300004F07F0500EB4505E4092B550C782144F4
:10C940008A42EBD830BC7047704700BF2DE9F041F8
:10C9500082B00678089DBDF82470009361F300064C
:10C960000446294600F8086B012316463A46BDF8EE
:10C970002C80FCF76DFE05B13FB90A9B6360012076
:10C98000A4F8028002B0BDE8F08104F11C0101208E
:10C990000AF088FB26B903463046C4E90503ECE7F4
:10C9A0000023FAE710B50446406908B10AF09EFF7B
:10C9B000A06908B10AF09AFF012010BDF0B50B463E
:10C9C0000D4613F8081B83B011F0020F07461846F6
:10C9D00040F2FF130CBF3F241C461646FCF774FEC2
:10C9E000E8B9E6B126421AD12B786978DA073846D9
:10C9F00018D5FEF707F990B12B78697813F0010389
:10CA000013D000233846CDE900331A46FEF73EF92D
:10CA100030B9084B1B68DB0701D500BE00E00020E1
:10CA200003B0F0BDFDF714FFE5E738461A46FDF701
:10CA30002FFFEDE7F0ED00E070B501F1080582B0E1
:10CA4000064628460C46FCF73FFE38B1237861784D
:10CA5000DB07304605D5FEF7D5F830B9002002B027
:10CA600070BDFDF7F5FE0028F8D0284662886168A1
:10CA7000FCF754FE054690B1237862686178D807C8
:10CA800017D50023CDE9003330462B46FEF7FEF8DC
:10CA9000B0B90C4B1B68DB07E0D500BEDFE72078A0
:10CAA000617810F00104304608D1FDF7E1FE204620
:10CAB000D5E730462B46FDF7EBFEE9E7FEF7C8F871
:10CAC0002846CCE7F0ED00E02DE9F0418A890B78AB
:10CAD00082B00C460646E2B9DD07497857D5FEF725
:10CAE00091F800284FD0227863886178D20751D519
:10CAF000002B5DD0626800253046CDE90055FEF779
:10CB0000C5F800284DD1374B1B68DB073BD500BE6D
:10CB10003AE003F0020301F10808002B40460CBF85
:10CB200040274FF40077304D08BF6FF03F05FCF70A
:10CB3000E3FD874227D823786178DB07304634D578
:10CB4000FEF760F8F8B14046FCF7D6FD874233D8CF
:10CB500005EA000265882378617890B2854228BF93
:10CB60000546DA0732D5002D37D062680023CDE9BB
:10CB7000003330462B46FEF789F80028C3D02846FC
:10CB800002E0FEF765F8002002B0BDE8F081FDF795
:10CB90005FFEA6E773B162683046FDF779FE0028B4
:10CBA000B1D0608802B0BDE8F081FDF751FEC9E761
:10CBB0001A46A0E71A46EFE72078617810F00104E2
:10CBC0003046DED1FDF754FE2046DDE73DB1626818
:10CBD00030462B46FDF75CFECFE72A46C6E72A46DD
:10CBE000F6E700BFF0ED00E000FEFFFF0CB4144BD1
:10CBF00030B51B788342ABB004D22BB0BDE83040D7
:10CC000002B070472FAD2B462E9A01950C4602A814
:10CC1000A0210FF073F85B210A4808F0C9FD2146F6
:10CC2000084808F0B3FD0849064808F0AFFD02A91E
:10CC3000044808F077FE2BB0BDE8304002B07047E2
:10CC400019610020546300205CDE030000B5002061
:10CC500083B00FF005F80DF10703181A03B05DF863
:10CC600004FB00BF2DE9F84F04468946164609F03B
:10CC70003BFFDFF8A880264FDFF898A00546206824
:10CC800003681B6998478346C0B1206803685B69E5
:10CC90009847C3B20D2BD4F810C004F1080B17D07D
:10CCA0000A2B15D0BCF5007F424639464FF00100F3
:10CCB00024D21946584609F0B5FCE0E709F014FF04
:10CCC000401BB0424FF001001FD209F019FFD6E718
:10CCD000BCF1000FD3D008342146484609F0D8FBF8
:10CCE00020460C4909F020FCD9F800300A4A0849CE
:10CCF0000320FFF77BFF0120BDE8F88FFFF776FFE9
:10CD00005146584609F010FCB9E75846BDE8F88F7F
:10CD10004CE00300A0E10300FCDF030004E003009B
:10CD20002DE9F04F06468DB00B46894603204D494C
:10CD300090464D4AFFF75AFF4946306808F026FDF5
:10CD40000D21306808F034FD09F0CEFE4749074652
:10CD500003A809F05BFA09F0C7FEC01B40455BD28F
:10CD6000142203A93046FFF77DFF05460028F2D0C4
:10CD7000DFF818B10BF124045BF8041F09A809F0CF
:10CD800045FA09A903A809F0FFFC824609A809F0A1
:10CD900077FBBAF1000F27D15C45EDD1344903A8E8
:10CDA00009F0DAFCC8B9334903A809F0D5FC58B931
:10CDB000314909A809F02AFA09A903A809F0E4FCF5
:10CDC00090B309A809F05CFB039B00932B4A25490B
:10CDD0004B460120FFF70AFF002503A809F050FB8E
:10CDE00028460DB0BDE8F08F96F8750096F87430BF
:10CDF000441C04F00704A3422CD00C2303FB006066
:10CE00000DEB0301143009F043FB86F8754009F07F
:10CE10006BFEC01B4045A3D34B46194A1149012064
:10CE2000FFF7E4FE0025D8E7164906A809F0EEF959
:10CE300006A903A809F0A8FC044606A809F020FBEF
:10CE400009A809F01DFB002CBED1494603A809F032
:10CE500083FC80E7039B0C4A02490120FFF7C6FED2
:10CE600079E700BF4CE0030044E00300A0E10300C9
:10CE7000C4DF030088DF030090DF0300A8DF0300A6
:10CE8000B4DF03009CDF030060DF03005CDE03000F
:10CE900038B5044610460D461A460146206809F08A
:10CEA000EFF8206803682946DB6998474FF47A70E9
:10CEB00009F026FE03E0206803685B699847206854
:10CEC00003681B6998470028F5D104F10805284636
:10CED0000F4909F029FB4FF4FA620E492046FFF78B
:10CEE0001FFF03E0206803685B69984720680368B8
:10CEF0001B6998470028F5D12846054909F014FB1D
:10CF000020464FF4FA620449BDE83840FFF708BFF5
:10CF1000A0E1030048DF030050DF03004FF4FA6292
:10CF20000149FFF7FDBE00BF50DF03002DE9F04FC0
:10CF300087B007463949DFF8ECB0DFF8EC90DFF84E
:10CF4000ECA0684609F062F9002269463846FFF70E
:10CF500089FE00B3324D03AC05F1240855F8041FD7
:10CF6000204609F053F92146684609F00DFC0646B3
:10CF7000204609F085FABEBBA845EFD15246494686
:10CF80000320009BFFF732FE002269463846FFF778
:10CF900069FE0028DED197F8741097F875308B423F
:10CFA0001CD003AC0C26142516FB01513944204635
:10CFB00009F052F997F874307A68013303F00703E7
:10CFC000204687F8743002B19047204609F058FA9D
:10CFD00097F8741097F875308B42E5D1684609F0E0
:10CFE0004FFA07B0BDE8F08F97F8750097F87430E6
:10CFF000441C04F00704A34209D00C2303FB007077
:10D000001430694609F044FA87F875409CE7009BA4
:10D010005A4649460120FFF7E9FD95E7A0E10300E4
:10D020005CDE030060DF03004CE003003CDF030034
:10D030002DE9F04F064689468FB0574903209246A6
:10D040009846564A4B46FFF7D1FD4946306808F0EE
:10D050009DFB0D21306808F0ABFB09F045FD504900
:10D06000039005A809F0D2F809F03EFD039BC01A11
:10D07000404559D214220DEB02013046FFF7F2FD74
:10D0800005460028F0D0474C04F1240B54F8041F47
:10D090000BA809F0BBF80BA905A809F075FB07461A
:10D0A0000BA809F0EDF93FBBA345EFD13E4905A818
:10D0B00009F052FBC8B93D4905A809F04DFB58B924
:10D0C0003B4908A809F0A2F808A905A809F05CFBEB
:10D0D00090B308A809F0D4F9059B0093354A2E496E
:10D0E0004B460120FFF782FD002505A809F0C8F98D
:10D0F00028460FB0BDE8F08F96F8750096F87430AA
:10D10000441C04F00704A34239D00C2303FB006045
:10D1100005A9143009F0BCF986F8754009F0E4FC63
:10D12000039BC01A4045A5D34B46234A1A49012008
:10D13000FFF75CFD0025D8E720490BA809F066F849
:10D140000BA905A809F020FB04460BA809F098F9E3
:10D1500008A809F095F9002CBED1494605A809F0A8
:10D16000FBFA002880D1BAF1000F3FF47DAFDAF866
:10D1700008305BB905A9504609F006FA74E7059B2B
:10D180000F4A05490120FFF731FD6DE70A2150469E
:10D1900009F048FAEEE700BF4CE0030044E003006A
:10D1A000A0E103005CDE0300C4DF030088DF0300AE
:10D1B00090DF0300A8DF0300B4DF03009CDF03005F
:10D1C00060DF03004FF4FA620149FFF7A9BD00BF19
:10D1D0002CE003002DE9F04F0F4697B01646774933
:10D1E0004FF4FA620446FFF79BFD20B90546284636
:10D1F00017B0BDE8F08F724907A809F007F807A932
:10D20000384609F0C1FA002800F0B3800DF1040897
:10D210003946404609F020F80AAD07A809F030F970
:10D22000019B684A302128460EF0EEFB2B46664AE9
:10D2300066490320FFF7DAFC2946206808F0A6FAC1
:10D240000D21206808F0B4FA09F04EFC40F6B7371B
:10D25000054609F049FC401BB84206D9A7E0206802
:10D2600003685B6998473E2809D0206803681B69FA
:10D2700098470028F3D1012009F042FCE9E7314644
:10D280002068DFF8689108F07BFA206803681A21AB
:10D290001B68984709F028FC4D49074604A808F088
:10D2A000B5FF47F22F5609F01FFCC31BB3424FF0E6
:10D2B000320204A920466FD8FFF7D4FC05460028A7
:10D2C000F1D0DFF82CA10AF124065AF8041F07A8B0
:10D2D00008F09CFF07A904A809F056FA834607A89E
:10D2E00009F0CEF8BBF1000F1CD15645EDD14946EF
:10D2F00004A809F031FA58B9364904A809F02CFA03
:10D3000050B3049B344A31490120FFF76FFC0025DC
:10D3100004A809F0B5F8404609F0B2F8284617B05D
:10D32000BDE8F08F94F8750094F87430451C05F052
:10D330000705AB4209D00C2303FB0040143004A9BD
:10D3400009F0A6F884F87550ABE7049B234A1F49FF
:10D350000120FFF74BFCA4E7214907A808F056FF7E
:10D3600007A904A809F010FAE8B907A809F088F895
:10D3700097E70AAD2846124908F048FF3946284683
:10D3800009F072F90DF104080146404608F064FF07
:10D39000284609F075F840E7124A0C490120FFF7CA
:10D3A00025FC0025B4E707A809F06AF8A9E70E4AAA
:10D3B00006490120FFF71AFC0025ACE72CE003002A
:10D3C000C8DF0300CCDF030044E003004CE00300AF
:10D3D000A0E1030088DF0300DCDF030060DF03005F
:10D3E0009CDF0300ECDF030000DF0300C4DF030069
:10D3F0005CDE030010B586B00B460446064A68465C
:10D4000018210EF001FB6946204640F6B832FFF7BE
:10D4100087FC06B010BD00BF38E003002DE9F043E3
:10D42000884697B017465C494FF4FA620546FFF705
:10D4300077FC20B90446204617B0BDE8F083574971
:10D4400001A808F0E3FE284601AA40F6B833544983
:10D45000FFF7EEFD38B9002401A809F011F82046C5
:10D4600017B0BDE8F0833A2101A809F0B9F9041E0C
:10D47000F1DB4A490AA808F0C9FE48490DA808F09E
:10D48000C5FE464910A808F0C1FE444913A808F09B
:10D49000BDFE0025621C039B04A801A909F0E8F960
:10D4A0000AAE2C46069B1BE022462C2104A809F05C
:10D4B000A7F9B0F10009B8BFDDF8189022464B4635
:10D4C00004A907A809F0D4F907A9304609F00AF819
:10D4D00007A809F1010408F0D3FF069B01350C36BB
:10D4E0009C4233D2042D45D0214604A809F06EF9A0
:10D4F0002228D9D101340146224604A809F080F936
:10D50000B0F1000922DB22464B4604A907A809F026
:10D51000AFF907A9304608F0E5FF07A808F0B0FF0B
:10D52000069B09F101049C42D8D2214604A809F0C7
:10D530004DF92C28214604A803D009F047F92028EA
:10D54000CBD1069B0134A342EFD8C7E704A808F06B
:10D5500097FF022DD8BF00240FDC13A808F090FF1E
:10D5600010A808F08DFF0DA808F08AFF0AA808F09F
:10D5700087FF71E704A808F083FF0DA809F0ACFA53
:10D58000C8F8000010A809F0A7FA00283860D4BF36
:10D5900000240124E1E700BF2CE00300A0E1030028
:10D5A00020E003002DE9F04F0E469BB000F10C097E
:10D5B0007F49054608F02AFE7D49484608F026FEC8
:10D5C00005F1180A05F124031C46794903935046D6
:10D5D00008F01CFE2046764908F018FE75490BA895
:10D5E00008F014FE0BA9304609F01CF904460BA8FC
:10D5F00008F046FF002CC0F2C38022460A213046C4
:10D6000009F0FEF8031E01932246BCBFB3680193E4
:10D610003A21304609F0F4F80BACDFF8948102901F
:10D620001AAFA346584641460BF10C0B08F0EEFD2D
:10D630005F45F7D1029A019B013205A831464FF0B0
:10D64000000809F015F9C346079B1AE05A462C2139
:10D6500005A809F0D5F8071EB8BF079F5A463B46F4
:10D6600005A908A809F004F908A9204608F03AFF1E
:10D6700008A807F1010B08F003FF079B08F1010858
:10D680000C345B4535D9B8F1050F53D0594605A880
:10D6900009F09CF82228D9D10BF1010B01465A461A
:10D6A00005A809F0ADF8071E23DB5A463B4605A93D
:10D6B00008A809F0DDF808A9204608F013FF08A81B
:10D6C00008F0DEFE079B07F1010B5B45D6D95946F2
:10D6D00005A809F07BF82C28594605A803D009F0C5
:10D6E00075F82028C9D1079B0BF1010B5B45EED8DB
:10D6F000C4E705A808F0C4FEB8F1030F1DDC4346DB
:10D700002D4A2E490120FFF771FA0EAC14AF17A86D
:10D7100008F0B6FE384608F0B3FE11A808F0B0FED7
:10D72000204608F0ADFE0BA808F0AAFE28461BB064
:10D73000BDE8F08F05A808F0A3FE0BA928460EACA3
:10D7400008F0A6FE14AF2146484608F0A1FE504658
:10D75000394608F09DFEB368019A9342D7DD013245
:10D76000314608A809F084F8039E08A9304608F05D
:10D77000B9FE08A808F084FE304609F081F9C6E732
:10D780000F490BA808F042FD0BA9304609F04AF8F2
:10D7900004460BA808F074FE002CBFF62EAF094A11
:10D7A00006490120FFF722FA28461BB0BDE8F08F9A
:10D7B000A0E10300A0DE0300CCDE03004CE0030088
:10D7C000A8DE0300B0DE030070B58EB0032306466A
:10D7D0000D46204A182106A80EF016F906A94FF4A6
:10D7E000FA623046FFF79CFA1B4903A808F00EFDC9
:10D7F00003A9284608F0C8FFD0B16C462946204648
:10D8000008F02AFD03A808F03BFE009B134A2021E4
:10D8100006A80EF0F9F806A941F288323046FFF763
:10D820007FFA0546204608F02BFE28460EB070BD54
:10D83000094906A808F0EAFC294606A808F014FFE2
:10D840006C460146204608F007FD06A808F018FEC1
:10D85000D8E700BF28DF0300C8DF030034DF030080
:10D8600041F288320149FFF75BBA00BF54DF030081
:10D8700040F6B8320149FFF753BA00BF58DF030042
:10D880004FF4FA620149FFF74BBA00BF10DF030003
:10D8900010B586B00B460446064A684618210EF0BD
:10D8A000B3F8694620464FF4FA62FFF739FA06B03A
:10D8B00010BD00BF1CDF030010B586B00B46044648
:10D8C000064A684618210EF09FF8694620464FF434
:10D8D000FA62FFF725FA06B010BD00BF84DE030030
:10D8E00010B586B00B460446064A684618210EF06D
:10D8F0008BF8694620464FF4FA62FFF711FA06B03A
:10D9000010BD00BF28DF030010B586B004461B49D8
:10D91000684608F07BFC20466A4640F6B833184952
:10D92000FFF786FB30B3174903A808F06FFC03A983
:10D93000684608F077FF044603A808F0A1FD002C14
:10D9400018DB22462C21684608F05AFF031E11DB23
:10D95000621D694603A808F08BFF03A809F0BCF814
:10D96000044603A808F08CFD684608F089FD2046AF
:10D9700006B010BD4FF0FF34F6E700BFA0E1030092
:10D98000F0DE0300F8DE030030B585B00D46044636
:10D99000174901A808F03AFC284601AA40F6B83316
:10D9A0001449FFF745FBC0B1222101A808F018FF78
:10D9B000002812DB451C2A46222101A808F020FF7E
:10D9C000031E0ADB2A4601A9204608F051FF01A8E0
:10D9D00008F056FD204605B030BD0549204608F048
:10D9E00015FC01A808F04CFD204605B030BD00BF75
:10D9F000A0E1030094DE03002DE9F04F0E468FB046
:10DA00002C21044608F0ECFE051EC0F2A68002A8F8
:10DA10002B460022214608F02BFFA3686A1C05A8AC
:10DA2000214608F025FF079B012B88BF012733D82B
:10DA300000252F2102A808F0D3FE2F21834602A83B
:10DA400008F002FF3A21824605A808F0C9FE3A21F3
:10DA5000074605A808F0F8FEBBF1000F804601DB81
:10DA6000D3457FDB2368AA4AAA490320FFF7BEF803
:10DA7000002405A808F004FD02A808F001FD2046D6
:10DA80000FB0BDE8F08F08F093FE03782D2B0CD07B
:10DA9000079B01379F42CBD2394605A808F088FE84
:10DAA00003782B2B394605A8EDD1002FC0DD079B4D
:10DAB00008A83A4605A908F0DBFE0A9B012B40F2B4
:10DAC0000F813A2108A808F08BFE0028C0F20C81D3
:10DAD000002108A808F07AFE4FF6FF752D284FF0B8
:10DAE0003A0108A80CBFAA464FF0010A08F078FED8
:10DAF0000DF12C080346012208A90546404608F00E
:10DB0000B7FE404608F0E8FF8146404608F0B8FC02
:10DB10006A1C0A9B08A9404608F0AAFE404608F085
:10DB2000DBFFC9EB09190546404605EB890508F0FE
:10DB3000A7FC15FB0AF52DB208A808F0A1FC3B468E
:10DB4000002205A9404608F093FE414605A808F0CA
:10DB5000C9FC404608F094FC6BE7002420460FB057
:10DB6000BDE8F08F002FFFF67DAF8742BFF67AAF9A
:10DB70005B46002202A90BA808F07AFE0BA808F069
:10DB8000ABFF81460BA808F07BFC53460BF101026A
:10DB900002A90BA808F06CFE0BA808F09DFF8346B5
:10DBA0000BA808F06DFC0AF10102049B02A90BA866
:10DBB00008F05EFE0BA808F08FFF82460BA808F065
:10DBC0005FFC3B46002205A90BA808F051FE0BA8FC
:10DBD00008F082FF01900BA808F052FC43467A1C23
:10DBE00005A90BA808F044FE0BA808F075FF07462E
:10DBF0000BA808F045FC08F10102079B05A90BA83A
:10DC000008F036FE0BA808F067FF80460BA808F066
:10DC100037FCB9F1630F07DCB9F1450F40F26C73C3
:10DC2000D8BF4FF4FA6399440BF1FF330B2B64D840
:10DC30000AF1FF3ABAF11E0F5FD8019B172B5CDC8B
:10DC40003B2F5ADCB8F13B0F57DCB9F5FA6F54DBC8
:10DC50005FFA8BF3304A3149022B98BFA9F10109D1
:10DC60004FF4C87399FBF3F302FB03994FEA99024F
:10DC7000BBF1020F40F26D1000FB0920CCBF6FF02A
:10DC800002020922824493449922642002FB0BF28F
:10DC9000B9FBF0F9AAEB090002320524B2FBF4F259
:10DCA000024401FB0323A3F532236FF4A76213445C
:10DCB000002B2ADB01981A494FF4616202FB00F243
:10DCC00001FB03233C2202FB0737B8444FF6C47321
:10DCD00015FB0383002B18DD3360B5800124C8E6F3
:10DCE00000250DF12C0827E708A808F0F5FEC0EB89
:10DCF000001005B20DF12C081EE72368094A0549FA
:10DD00000320FEF773FF0024B3E60024B1E600BF52
:10DD1000B0E00300C0E0030070FEFFFFB13A020074
:10DD200080510100C8E0030070B50D6884B004465E
:10DD300015B33C2613491448144B12FB0652A1FBA1
:10DD40000251090C00FB1121A3FB0123DB0A4FF454
:10DD500061600F4D0F4A00FB1311A5FB010149093A
:10DD6000009102A806210DF04FFE02A9204608F0FE
:10DD70004DFA204604B070BD074908F047FA204626
:10DD800004B070BD07452EC280510100C5B3A291F9
:10DD900089888888DCE00300A0E10300704700BFA9
:10DDA000002914BFFF210021643041F288320CF0B9
:10DDB000BBBF00BF002969DB70B4B0F90C408C42D6
:10DDC00062DD002A60DBB0F90E5095425CDD41F265
:10DDD000EE3589B2455D15B1C943214489B2847ECF
:10DDE000022C92B265D0032C5DD0012C55D041F2AB
:10DDF000FA3541F2EF34465B045D41F2FC35891B94
:10DE000009B2455B002C42D1521B12B200293BDB08
:10DE100041F2FE34045B25B2A94235DA002A33DB35
:10DE200000F5A055B5F9005095422DDD41F2F835C9
:10DE300041F2F436455B865B16FB05F6921B12B287
:10DE4000002A21DB2DB2AA421EDA00294FEAD404AF
:10DE50000D4602FB04F2B8BFCD1D4C4204F007048E
:10DE600001F0070102EBE50258BF61420244C1F133
:10DE70000701012000FA01F149B292F964000BBBDD
:10DE800020EA010182F8641070BC70477047448931
:10DE9000641B013CA21A12B2B8E70489D2431444AD
:10DEA0000A46A1B2A3E74489013C641A1146A2B212
:10DEB0009DE704894589D243013C2A44611A92B204
:10DEC00089B294E7014382F86410DDE710B5044697
:10DED000243008F0D5FA04F1180008F0D1FA04F162
:10DEE0000C0008F0CDFA204608F0CAFA204610BD12
:10DEF00070B5064600F1140500F174040C3C204690
:10DF000008F0BEFAA542F9D106F1080008F0B8FA07
:10DF1000304670BD38B5074CA4F5A06504F1140077
:10DF200008F0AEFA04F10800283C08F0A9FAAC4267
:10DF3000F4D138BD1091002038B5074CA4F1C005CC
:10DF4000183C04F10C0008F09BFA204608F098FAFF
:10DF5000AC42F5D138BD00BF0C9200202DE9F04154
:10DF6000284E294C336841F2F83786B00025E25F2D
:10DF700001924FF0C808172BCDE9035502952B46A7
:10DF80002A46CDF8008004F1640104F124001DDD6F
:10DF900006F0A6FE294604F1240006F097FBE35F95
:10DFA000CDF80080CDE901352A462B4604F1640105
:10DFB00004F12400CDE9035506F092FE04F124009B
:10DFC00006F0C0FA356006B0BDE8F08106F06EFEDE
:10DFD00004F12400012106F079FBE35FCDF8008015
:10DFE000CDE90135CDE903552B462A4604F16401FC
:10DFF00004F1240006F074FE33680133336006B088
:10E00000BDE8F081C0920020207800202DE9F04387
:10E01000002293B04FF6FF710E23CDE90031724814
:10E020001146C82305F058F80021C82300910D229D
:10E030006D4805F03DFA6D4B1F68132F09DC0D2F5D
:10E0400050DC072F00F3CB80002FD4BF002701271F
:10E0500000E004270026DFF89081B1460A25B400CD
:10E060000234C5F10D0C24B20FFA8CFC0FFA85FEB8
:10E07000B742CDE900C94FF003037246214640463E
:10E080002CDD05F029F80136033D042EADB2E6D1B2
:10E09000554C574D0121204605F088FE2B68554907
:10E0A00000229342C4E904121EDC534E3368002B55
:10E0B00008DD52494C4807F069FB31684A480A229A
:10E0C00007F07AFB4E4B1B68013B062B00F2898060
:10E0D000DFE803F0811F737B7D7F8300032305F05E
:10E0E0003BF8D0E70327B5E74649434E204607F003
:10E0F0004DFB0A222968204607F05EFB3368002B9F
:10E10000E0DD2B68002BD4DD3F49204607F03EFBC5
:10E11000CFE73E493E4E3F4D03A808F077F8059BF8
:10E120003148A3EB830364330322238203A9628271
:10E1300007F026FB0A2231680CA808F011F90CA997
:10E140000FA808F089F834490FA808F0B9FA0A2294
:10E150000746296809A808F003F909A9384608F014
:10E1600083FA014606A808F077F809A808F088F9AC
:10E170000FA808F085F90CA808F082F92B68002B8D
:10E1800006DD3268934203DC1C4906A808F020FA39
:10E19000089B1548A3EB83035B00C433032223824F
:10E1A00006A9628207F0ECFA06A808F069F903A84C
:10E1B00008F066F913B0BDE8F083184B18491A78D7
:10E1C000184B002A18BF1946A4E71549A2E71649BB
:10E1D000A0E714499EE715499CE715499AE70227ED
:10E1E00038E7144996E700BF20780020346100200A
:10E1F000F0920020180003001092002098EE030017
:10E20000CC92002008E20300ECE20300F4E70300F4
:10E21000D8920020D49200200CE20300C492002087
:10E22000E8E10300F8E10300F0E1030014E6030075
:10E2300000E2030068E7030030B587B001460446FA
:10E24000684608F009F8684608F00CFC564903A82F
:10E2500007F0DCFF03A9684608F096FA054603A814
:10E2600008F00EF9F5B1514903A807F0CFFF216876
:10E270004F4842F2107303AAFEF7DAFE059B0446EC
:10E28000002B61D14B4B4C494C48002C08BF194620
:10E2900007F048FB03A808F0F3F8684608F0F0F828
:10E2A00007B030BD4649204608F056FA002834D061
:10E2B0003E4903A807F0AAFF03AA41F28833414967
:10E2C0003B48FEF7B5FE03A93C4807F019FB374968
:10E2D00003A808F029F903AA41F288333A493448DF
:10E2E000FEF7A6FE03A9354807F00AFB2F4903A84D
:10E2F00008F01AF941F2883303AA34492C48FEF792
:10E3000097FE03A92D4807F0FBFA03A808F0B8F818
:10E31000684608F0B5F807B030BD2D49204608F032
:10E320001BFAB0B12B4B2C4C1A782C492348032AEA
:10E330000ABF0222032221461A7007F0F3FA684648
:10E3400008F09EF807B030BD03A91C4807F0D8FAC2
:10E3500098E72046224908F0FFF958B1FEF776FC0D
:10E360000A220146154807F095FA1E49134807F09E
:10E37000D9FA92E71C49114807F0D4FA1B490F4813
:10E3800007F0D0FA1A490D4807F0CCFA19490B48A2
:10E3900007F0C8FA1849094807F0C4FA17490748AE
:10E3A00007F0C0FA79E700BF50DF0300A0E10300E7
:10E3B00014920020FCE30300C4DF03005463002038
:10E3C000F0E103001CE4030020E403002CE403005C
:10E3D00038E403001961002010E4030004E40300A2
:10E3E00040E4030044E4030050E403005CE4030061
:10E3F00098E40300B8E40300E0E40300F8E4030059
:10E400002DE9F04F3C4FBE89FD89BB7EC82E28BF49
:10E41000C8260E2D28BF0E25022B8BB062D0032BF1
:10E4200057D0012B4AD04FF00008444641F2EF3359
:10E43000FB5C1BB17B895B1B1C1BA4B241F2F83A4D
:10E440002E4937F90A30019324B24FF0000936B251
:10E450002DB24FF0C80B2346A1F140004246CDF843
:10E460000880CDE903460595CDE90799CDF81890C8
:10E47000CDF800B006F0EEFD334622464146009549
:10E480001F4806F07DF91D4937F90A3001934246CD
:10E490002346CDE90799CDE90559CDE90346CDF8E5
:10E4A00000B0CDF80880A1F1400006F021FE154A29
:10E4B0001368013313600BB0BDE8F08FB7F8088024
:10E4C0003346A8EB05082E460FFA88F800241D46AF
:10E4D000ACE77C893346A61BB4B24FF000082E4649
:10E4E0001D46A3E77C89B7F80880641BA8EB0608E3
:10E4F000A4B20FFA88F899E72078002084780020E9
:10E5000044780020C09200202DE9F0415248534C3D
:10E51000534E544D88B0FFF7F7F902AA206001A9C5
:10E520004D48FEF77BFF18B1DDE9012332602B6017
:10E530004D4F3B789BB108F0D7FA4C4B4C4A1B68C7
:10E54000C01A90420BD82368132B35DC0D2B58DCF6
:10E55000072B70DC002BD4BF002301232DE0002308
:10E5600005A83D490393ADF81030FFF70DFA05A853
:10E5700003A9FFF741FA804605A807F081FFB8F12B
:10E58000000FE0D0DFF80C81BDF91030B8F90020A1
:10E59000934206D0374A38490220FEF727FBBDF9DF
:10E5A0001020A8F8002001233B7008F09DFA2F4BA3
:10E5B00018602368132BC9DD0423304A304F1068DC
:10E5C000304C31682D683F68D4F800E098422E48FE
:10E5D00019D104682D4E8C4225D0DFF8BCC0DFF87D
:10E5E000BC802B4C136001603560CCF80070C8F81B
:10E5F00000E008F079FA236898420AD208B0BDE832
:10E60000F0810323D9E7214EDFF88CC0DFF88C803E
:10E61000E7E708F069FA236898420ED2FFF7F0FEA8
:10E6200008B0BDE8F0813468DFF86CC0AC4207D0B8
:10E63000DFF86880D5E70223BFE7FFF7E7FCEDE7E7
:10E64000DCF80040DFF85480BC42CAD1D8F8004062
:10E650007445C6D1D2E700BF149200203461002077
:10E66000D8920020D4920020EC9200204891002003
:10E670007FEE360058E20300C0E00300286100206E
:10E68000F0920020109200202C6100201C610020DC
:10E69000E8920020386100202461002020610020E1
:10E6A00070B50D4686B006462249684607F0AEFDB5
:10E6B000AB685BB100242146284608F087F8303863
:10E6C000092828D9AB6801349C42F4D31A4903A81D
:10E6D00007F09CFD03A9284608F056F8044603A855
:10E6E00007F0CEFE14B9029B0A2B21D0124903A8D1
:10E6F00007F08CFD694603A807F0B6FF01463046D7
:10E7000007F0AAFD03A807F0BBFE684607F0B8FEB5
:10E71000304606B070BD2146284608F057F801463D
:10E72000684607F07FFFAB6801349C42C3D3CDE756
:10E730000249DCE7A0E10300C8DF030008E30300AF
:10E740002DE9F04305468DB009A8484907F05EFD64
:10E75000AB685BB100242146284608F037F8303812
:10E76000092863D9AB680134A342F4D80B9B6F46E8
:10E770000A2B38466BD809A907F06EFD09A8DFF807
:10E78000F090DFF8E88007F07BFE4D4600266968D0
:10E7900003A807F03BFD414609A807F037FD059B9C
:10E7A0005BB10024214603A808F010F8303809288E
:10E7B00026D9059B0134A342F4D80B9B0A2B2ED8F3
:10E7C00009A906A807F048FD09A807F059FE39462F
:10E7D00006A807F0A5FF044606A807F051FE03A807
:10E7E00007F04EFE002C38D10136032E05F1080546
:10E7F000CDD1384607F044FE20460DB0BDE8F08389
:10E80000214603A807F0E2FF014609A807F00AFF26
:10E81000059B01349C42C5D30B9B0A2BD0D9A3F195
:10E820000A0209A906A808F023F8CDE721462846E0
:10E8300007F0CCFF014609A807F0F4FEAB680134ED
:10E840009C4288D30B9B6F460A2B384693D9A3F181
:10E850000A0209A908F00CF890E7384659F8364042
:10E8600007F00EFE20460DB0BDE8F083A0E10300E6
:10E8700070E703002DE9F04FAB4AAC4BDFF8CCB2A8
:10E880001B7800261670AA4ACBF800609DB016606F
:10E8900013B91DB0BDE8F08FA648FEF793FCA6495A
:10E8A00007A807F0B3FC07AA42F21073A349A148D6
:10E8B000FEF7BEFB002800F0CC81099ADBF800309F
:10E8C000002A00F0FC801F2B00F3FC80DFF880A200
:10E8D0002BE0DBF80030002B1BDD0C9ACAB1013BAA
:10E8E00003EB83030AEBC3041434A368132B10D87F
:10E8F000002B40F0BB81C3F1140300220AA910A829
:10E9000007F0B6FF10A9204607F03EFE10A807F05A
:10E91000B7FD0AA807F0B4FD099B9E42DBF8003062
:10E9200080F0CD801F2B00F3CD8032460A2107A84E
:10E9300007F066FF041EB8BF099C3246234607A9AC
:10E940000AA807F095FF7E4910A807F05FFC10A900
:10E950000AA807F019FF054610A8661C07F090FDED
:10E96000002DB6D0DBF800700C9B06220AA97C1C97
:10E9700010A8CBF8004007F07BFFBB001C4610A896
:10E98000039308F0A9F823463B44DC004AF833001F
:10E9900010A807F075FD0AEB040504F114006649A0
:10E9A00004945044002407F0BFFD63492C62AC84FA
:10E9B00010A807F02BFC604913A807F027FC5E495C
:10E9C00016A807F023FC5C4919A807F01FFC2221B8
:10E9D0000AA807F005FF049B083353440028059359
:10E9E000B8BF0DADC0F223810DF140080DAD8146D9
:10E9F00009F101094A4622210AA807F001FF4A4607
:10EA0000B0F100090AA94B462846C0F2358107F04B
:10EA10002FFF2946404607F065FD284607F030FDE8
:10EA200009F1010222210AA807F0EAFEB0F100096B
:10EA300004F1010408F10C08C0F22081042CD7D1A4
:10EA40004049284607F0E2FB294610A807F0EAFEF5
:10EA5000039B3B440AEBC303C243D20F1A712846FF
:10EA600007F00EFD13A9284607F0F6FB2946059886
:10EA700007F038FD284607F003FD0499013C04EB3C
:10EA80004404203110AB03EB84005144FEF7B4FF83
:10EA9000039B3B440AEBC3073B791BB1244A136831
:10EAA0000133136019A807F0EBFC16A807F0E8FC87
:10EAB00013A807F0E5FC10A807F0E2FC29E7012BFA
:10EAC00040F39D80204F00230393A7F1300305936B
:10EAD000C7F128084FF0010917F8043C57F8082C33
:10EAE0008DF84430394612A807F10C0A109207F04D
:10EAF000B3FB514615A807F0AFFB07F1180393E8E5
:10EB0000030018AB83E8030057F8100C18998842EB
:10EB1000BC4608EB070380F0A780A7F12804A7F103
:10EB20001C05039E1DE000BF3C9100208C9200203C
:10EB3000F092002014920020A0E1030014E70300EB
:10EB400038E7030040E70300688C0020389100207C
:10EB5000388C00205CF8101C189A914206F1FF36A0
:10EB600020D214F8043C54F8082C84F82430226293
:10EB7000214604F1280007F08BFC294604F13400FB
:10EB800007F086FC04F1180393E80300A446206410
:10EB9000A4F84410AA4608EB0403283DB646283CD6
:10EBA000002ED7D1059D109904930EEB8E0E05EB28
:10EBB000CE0445F83E109DF844102171604612A91C
:10EBC00007F066FC15A9504607F062FC18AB93E805
:10EBD0000300049B2B4409F101091862998415A8CC
:10EBE00007F04EFC12A807F04BFC039ADBF800304C
:10EBF00001324B45039207F128073FF76DAF304ACA
:10EC00001168994205DB012B1946B8BF0121013972
:10EC100011602C4A2C491268009202202B4AFDF701
:10EC2000E5FF07A807F02CFC1DB0BDE8F08F039BA3
:10EC30003B440AEBC30300221A712549284607F01A
:10EC4000E5FA2946059807F04DFC284607F018FC20
:10EC50001EE7204A1C490120FDF7C8FF07A807F05E
:10EC60000FFC1DB0BDE8F08FCE469BE7202120466B
:10EC700007F0D8FCA3683EE6002CD8D016492846F9
:10EC800007F0C4FA294610A807F0CCFD282303FB9F
:10EC900007A3C243D20F28461A7107F0F1FB012CDB
:10ECA000CBD013A9284607F0D7FA2946059807F0D4
:10ECB00019FC284607F0E4FB022C3FF4E9AEDCE641
:10ECC000D0920020F092002034E703004CE70300CC
:10ECD00048E7030024E7030040E703002DE9F04F75
:10ECE000A54D93B04FF6FF74AC23CDE90034284610
:10ECF000C8231022002104F0EFF900210C23019415
:10ED000028460C460093BC22C82304F0E5F92146AE
:10ED1000C823BC222846009404F0CAFB28460121DF
:10ED200005F044F8954B96496C6128462B6106F036
:10ED30002DFD944B1C68002C47D1DFF86CB2924A31
:10ED4000924B9BF800100DF1300800290CBF1146C2
:10ED50001946404607F05AFA0121284605F026F8E0
:10ED60001A266C6122464FF0020A0FACA94602F146
:10ED700020073B46414620466E82A5F810A007F0CA
:10ED800077FD2146484606F0FBFC204607F078FB5D
:10ED90000E9B0A36BB423A46B6B202D9B2F5007FA4
:10EDA000E5D1404607F06CFB9BF80030002B40F0AB
:10EDB000018107F099FE764B1B68984280F0D48061
:10EDC000FFF7CCF813B0BDE8F08F724B72491A68A8
:10EDD0000B689A42C0F2C28010339A42C8BF6E4B91
:10EDE0006548C8BF1A600121DFF8C091DFF8C0A1F3
:10EDF00004F0DCFF4FF0100B4FF0000863E006A9B1
:10EE000007F02AFA0FAE3946304607F025FA514688
:10EE1000304607F055FC014609A807F01DFA3046B8
:10EE200007F02EFB384607F02BFB04F1080309EB33
:10EE3000030108460491FFF783FC0499002879D068
:10EE40000146384607F0E2F90D23002239463046E4
:10EE500007F00EFD314609A807F096FB304607F093
:10EE60000FFB384607F00CFB514609A807F0B0FB32
:10EE700004F11401494409A807F086FBBDF80C70A1
:10EE80006F821E230022059FEF8209A930460E24BF
:10EE9000AF822C8207F0ECFC3146374806F070FC5C
:10EEA000304607F0EDFA09A807F0EAFA08F1010880
:10EEB00006A807F0E5FA0BF10A0BB8F1110F1FFADB
:10EEC0008BFB3FF476AF344B1C682E4B1B684444DD
:10EED000A3427FF76EAF2F4B1B68A3422ED00023B7
:10EEE000059304EB8404E40009EB04022B4B117935
:10EEF000214800290CBF51461946022200230FFA6F
:10EF00008BF62A826B6103966E8206F03FFC244BDF
:10EF100004F12001B3F9002006A84944FEF704FFDC
:10EF2000089B0CAF3846002B7FF469AF1D4907F0F2
:10EF30006DF967E7384607F08FF985E700210A2366
:10EF40000BF1FF32CDE9003112B2BC230C210A488B
:10EF500004F0C2F84FF6FF730593C2E7A2F1100365
:10EF600023EAE3730B6037E7FFF750F8FEF7F6FF8D
:10EF700013B0BDE8F08F00BF207800200200BF0072
:10EF80001CE603003891002000E60300F4E50300CE
:10EF9000E8920020D09200204091002008E2030077
:10EFA0003861002078E603008C920020388C002025
:10EFB000ECE20300DFF8C0A02D49404607F026F937
:10EFC0000121504604F0F2FE00226A612E264FF025
:10EFD000020902F120073B46414620466E82A5F811
:10EFE000109007F045FC2146504606F0C9FB20462C
:10EFF00007F046FA0E9B0A36BB423A46B6B202D931
:10F00000B2F5E07FE5D1404607F03AFA9BF80030D0
:10F01000002B3FF4CEAEDFF860901649404607F073
:10F02000F5F80121484604F0C1FE00226A61382645
:10F030004FF0020A02F120073B46414620466E820D
:10F04000A5F810A007F014FC2146484606F098FBEE
:10F05000204607F015FA0E9B0A36BB423A46B6B276
:10F0600002D9B2F5D07FE5D1404607F009FAA0E613
:10F070003CE603005CE603002078002008B5064B60
:10F08000064A1B78012111600BB1FFF7F3FBBDE8C5
:10F090000840FFF723BE00BF3C910020CC92002027
:10F0A00070B5064696B02948FEF78CF83346284AD4
:10F0B000182104A80CF0A8FC264901A807F0A6F81E
:10F0C00004A901AA41F288332048FDF7B1FF0446A4
:10F0D00028B901A807F0D4F9204616B070BD1E4D1E
:10F0E0000AA801A9FEF75EFA0AA9284607F0FAF96C
:10F0F0000DA905F10C0007F0F5F910A905F11800AC
:10F1000007F0F0F913A905F1240007F0EBF913A8B3
:10F1100007F0B6F910A807F0B3F90DA807F0B0F999
:10F120000AA807F0ADF90D490D4AEB6A0E600021FF
:10F130001160002BCDD16C6901A8641A18BF01249D
:10F1400007F09EF9204616B070BD00BF1492002053
:10F15000C0E10300A0E10300909200203C61002088
:10F16000C89200202DE9F04FA74D93B04FF6FF74E1
:10F17000AC23CDE900342846C8231022002103F037
:10F18000ABFF00210C23019428460C460093BC22BF
:10F19000C82303F0A1FFBC22C823284621460094BF
:10F1A00004F086F92846012104F000FE974B9849A7
:10F1B0002B6128466C6106F0E9FA9648FFF7C0FA21
:10F1C00006AB0393002800F0B5800146184607F00F
:10F1D0001DF89049039807F0A3FA0FAC002800F03F
:10F1E000B1808D490CA807F011F803990CA807F01D
:10F1F0003BFA01218146844804F0D8FD002398465B
:10F200006B611A4610264FF0020A02F120073B46B6
:10F21000494620466E82A5F810A007F029FB21463A
:10F22000794806F0ADFA204607F02AF9D9F80830F7
:10F230000A36BB423A4608F1010BB6B208D9B2F51C
:10F24000087FD846E1D11227AA264FF0110B05E01E
:10F250000BEB8B06760008F10207B6B20CA807F09C
:10F260000FF94FF0000804A96C48CDF81080ADF8F4
:10F270001480FEF7C1FB002874D1002106F11202B0
:10F2800012B2C82300916048DFF8B09104F010F981
:10F29000634B1A68102F4FEA421200F3B280D9F87C
:10F2A0002C309A4238D207EB87067600103602F5EA
:10F2B0000878B6B2A8EB47184FF0020B09F1240A00
:10F2C00003E0D9F82C309A4226D202F120074FF001
:10F2D000000C3B4651462046C5F814C06E82A5F886
:10F2E00010B007F0C5FA2146474806F049FA204613
:10F2F00007F0C6F80A3647453A46B6B2E1D1D9F822
:10F300002C30434508D94FF0B212002345493E48FE
:10F31000C5E9042306F03AFA07F0E6FB424B1B6806
:10F3200098420CD2FEF71AFE039807F0A9F813B022
:10F33000BDE8F08F1846374906F08EFF49E7FEF723
:10F3400065FEEFE72046394906F060FF2046314967
:10F3500007F08AF90146039807F016F9204607F0EE
:10F360008FF83EE732490CA806F050FF314B04A954
:10F37000B3F9002009A8FEF7D7FC09A90CA807F0EB
:10F3800073F92D4907F09CF90BEB8B06814601219F
:10F390001D48760004F00AFDB6B2C5F81480424656
:10F3A0004FF0020A03E00A36B6B2BB46424602F10B
:10F3B0002008AA2E434606F1100C494620460BF1C0
:10F3C000010717D0A5F812C0A5F810A007F050FA51
:10F3D00021460D4806F0D4F9204607F051F8D9F837
:10F3E00008304345DFD807EB87084FEA4806B6B236
:10F3F0000BF1020709A807F043F80CA807F040F842
:10F400003BE790467BE700BF207800200200BF006A
:10F41000C0E503009C920020DCE50300A8920020D8
:10F42000C8920020F0E50300E89200207CE303008E
:10F43000E4E5030038610020E8E503009092002035
:10F440002DE9F04F8E4C95B0AC234FF6FF75CDE90A
:10F4500000352046C8231022002103F03DFE894BD1
:10F460001B68032B40F02881874FDFF844C297F8D0
:10F4700000E0864E019500210C230D460093BC222E
:10F48000C82320468E4518BF664603F025FEBC22E1
:10F490002946C8230095204604F00AF80121204699
:10F4A00004F084FC31467A4B65612046236106F006
:10F4B0006DF9784A784B39780DF1380BA9420CBFB9
:10F4C000114619460BA806F0A1FE0BA9584606F0F6
:10F4D000C3FE7249584607F0C7F8714B714A196864
:10F4E000714BA942ACBF1146194607F0E9F801215A
:10F4F0008146204604F05AFC2F4665612A461026B4
:10F5000011AD4FF0020A02F1200843464946284651
:10F510006682A4F810A007F0ABF92946584806F017
:10F520002FF9284606F0ACFFD9F808200A364245E4
:10F5300007F10103B6B2424640F2AC81112B1F46DF
:10F54000E1D11227BC26584606F09AFF0BA806F018
:10F5500097FF0021C82332460091494803F0A8FFD5
:10F560004E49584606F078FE584607F06DFA109B53
:10F57000002B40F09F8100220B924FF0010A002BDC
:10F5800040F0AB8114AA02EB8A0201218A4442F8BE
:10F59000241C002B40F0B28114AB03EB8A0302223F
:10F5A000584643F8242C06F06BFF0AF1010A102F8D
:10F5B00047DC07EB87077F00BEB21037BB1B9BB24F
:10F5C0001036DFF8F09002930027B6B2A846344B0D
:10F5D0001B68BB4235B240D00223238265820023E0
:10F5E0000BAA584652F82750E38259F83510A382E7
:10F5F00006F00CFE109B092B06D82021584607F078
:10F6000011F8109B092BF8D909EBC5055846696814
:10F6100006F0DEFF202300225946404607F028F975
:10F620004146174806F0ACF8404606F029FF01377E
:10F63000584606F025FF574503D00A36B6B2BA2E13
:10F64000C5D107F051FA194B1B68984280F01B8115
:10F65000FEF784FC15B0BDE8F08F029B0848A3F1CB
:10F66000110200210A23324400930191C82312B2EF
:10F6700003F032FD0223238265824FF6FF73AFE76A
:10F6800020780020CC920020C492002074E1030076
:10F690000200BF009CE1030094E10300F07700202A
:10F6A00030610020A0E10300A4E10300E892002003
:10F6B00050E1030070E7030000210C23CDE9003581
:10F6C000BC220D46C823204603F006FDC823BC22F9
:10F6D00029462046009503F0EBFE0121204604F068
:10F6E00065FBAE4BAE4923612046656106F04EF8DE
:10F6F000AC498B68002B40F0338105AB1846AA4912
:10F70000029306F0A9FD11AD0DF1380BA74958463B
:10F7100006F07CFD0299584606F0A6FF01218146BD
:10F72000A34804F043FB0023984663611A46102661
:10F730004FF0020A02F120073B46494628466682FE
:10F74000A4F810A007F094F82946994806F018F894
:10F75000284606F095FED9F808200A36BA4208F184
:10F760000103B6B23A4640F29C80112B9846E1D193
:10F7700012230393BC260027584606F081FE32462A
:10F78000C82339468A48009703F092FE0121884831
:10F79000DFF8209204F00AFB039B676103EB83060A
:10F7A000760010363A46B6B298464FF0020A02E0AA
:10F7B0000A36B6B23A4602F12007B8F1100F3B46BE
:10F7C0007C49284608F101080FDCA4F810A06682E5
:10F7D00007F04EF82946764805F0D2FF284606F095
:10F7E0004FFED9F80830BB42E2D8734B039A1B682E
:10F7F000002B9846B8BF03F11F0802EB6818B8F158
:10F80000100F40F393800A22D9F808100BA806F0D5
:10F81000D7FD0BA9584606F01FFD6849584606F06B
:10F820004FFF0A220646A021284606F099FD2946E8
:10F83000304606F019FF014608A806F00DFD2846DF
:10F8400006F01EFE584606F01BFE0BA806F018FE3A
:10F850000A9B5748A3EB83035B00C433002208A92B
:10F86000B22523826261658205F08AFF08A806F04E
:10F8700007FE029806F004FE07F036F9504B1B68AD
:10F880009842FFF4E5AEFEF7C1FBFEF767FB15B04B
:10F89000BDE8F08F03EB83035E00123636B2023709
:10F8A00051E603EB83035E00123608F1020336B221
:10F8B000039360E74349284606F0A8FC59462846CA
:10F8C00006F062FF82462846BAF1000F5DD106F0CD
:10F8D000D7FD109B002B3FF455AE3B49284606F060
:10F8E00095FC5946284606F04FFF002851D128467E
:10F8F00006F0C6FD109B002B3FF44EAE3349284660
:10F9000006F084FC5946284606F03EFF18B128460A
:10F9100006F0B6FD40E6284606F0B2FD584606F071
:10F92000AFFDBAF1000F7FF442AE8AE65A4202F010
:10F930001F0208F1010803F01F0308EB880858BFF5
:10F94000534203EB43034FEA480259000E320023AF
:10F95000009312B202310623154803F0A9FD52E7C5
:10F9600011AD284606F078FC2846194906F0A8FE95
:10F970000D4906F079FE05AB01461846029306F0E4
:10F980006BFC284606F07CFDBEE606F079FD109B78
:10F99000F1E5284606F074FD109BF3E50200BF0078
:10F9A000A8E10300FC770020087800209CE1030018
:10F9B00020780020E0770020EC7700200CE20300A4
:10F9C000E89200200CE5030014E5030018E50300AD
:10F9D0007CE3030010B503212048214CFDF780FF94
:10F9E000204B1E481978FDF753FF94F900305A1C3C
:10F9F00004D0012B21D0022B0BD010BD4FF47A7311
:10FA0000002219491548FDF713FB58B10123237053
:10FA100010BD4FF47A73002214491048BDE810401D
:10FA2000FDF706BB02464FF47A7310490B48FDF709
:10FA3000FFFA58B10223237010BD4FF47A730022ED
:10FA400009490648BDE81040FDF7F2BA2070084A9F
:10FA500008490120BDE81040FDF7C8B81492002005
:10FA6000416100204061002010E2030030E2030009
:10FA70003CE20300F8E103002DE9F04FBF48C04D20
:10FA8000C04E91B04FF6FF77AC23CDE9003710227E
:10FA9000C8230021044603F01FFBBB4B1A680392E6
:10FAA0000197039F00210C23012F08BF2E462046FB
:10FAB0000D460093BC22C82303F00EFBC823BC22D2
:10FAC00020462946009503F0F3FC2046012104F06E
:10FAD0006DF9AE4B236131466561204605F056FE57
:10FAE000A94B1B68012B00F00B81A949A94A022BE5
:10FAF00008BF1146DFF884820AA806F087FB0121BF
:10FB0000404604F053F9002262611A2601254FF0A5
:10FB1000020902F120073B460AA90DA86682A4F853
:10FB2000109006F0A5FE0DA9404605F029FE0DA88F
:10FB300006F0A6FC0C9B0A36BB423A4605F10101D1
:10FB4000B6B205D9B2F5007F0D46E2D1122500E02C
:10FB50000235DFF844920AA806F092FC4846FEF708
:10FB6000EFFD002800F0CE8001460AA806F04EFB0B
:10FB7000824805EB850701217F008346103704F09A
:10FB800015F90022BFB262614FF0020A03E00A37A2
:10FB9000BFB23546424602F12008102D43460AA95D
:10FBA0000DA805F1010611D8A4F810A0678206F08F
:10FBB0005FFE0DA9584605F0E3FD0DA806F060FCB8
:10FBC0000C9B4345E3D8AB1C35461E460AA806F0FD
:10FBD00057FC7148FEF7B4FD60B3684805EB850734
:10FBE00001217F008346103704F0E0F80022BFB205
:10FBF00062614FF0020A03E00A37BFB2354642465F
:10FC000002F12008102D434663490DA805F10106B5
:10FC100010D8A4F810A0678206F02AFE0DA9584655
:10FC200005F0AEFD0DA806F02BFCD9F808304345D1
:10FC3000E2D8AE1C544B1B6806F10108032B454665
:10FC40006CD00DF11C0A5549DFF830B1504606F072
:10FC5000DDFA534B0A22197804A806F051FB04A9D7
:10FC6000504606F001FD4F4906F02AFD4E4B0A2290
:10FC7000197806460AA806F043FB0AA9304606F0A2
:10FC8000F3FC05EB8506804601215846760004F01A
:10FC90008DF810360022B6B262614FF0020902E020
:10FCA0000A36B6B23A4602F12007102D3B464146CD
:10FCB0000DA805F101050FDCA4F81090668206F08E
:10FCC000D7FD0DA9584605F05BFD0DA806F0D8FB41
:10FCD000D8F80830BB42E3D80AA806F0D1FB04A844
:10FCE00006F0CEFB504606F0CBFB06F0FDFE2F4B98
:10FCF0001B6898420BD2FEF731F911B0BDE8F08FC6
:10FD00002B49F7E649460AA806F0A6FA30E7FEF7BF
:10FD10007DF9FEF723F911B0BDE8F08F06F0E4FE9F
:10FD2000244B25491F68254B254D264AC01BA1FBA6
:10FD300000718909A3FB01735B09C3EB0313A1EBFA
:10FD40008301A5FB00500DF11C0A830B0091504666
:10FD500008210BF059FE06EB860751460AA806F06B
:10FD600055FA7F000121054804F020F810370022E1
:10FD7000BFB262614FF0020B2CE000BF2078002080
:10FD80002CE5030044E50300DC7700200200BF00FF
:10FD900064E503007CE50300CC77002088E50300E0
:10FDA0004061002090E503003A610020E8920020C5
:10FDB0006CE50300D8770020D34D621089888888CD
:10FDC00073B2E745DCE003000A374646BFB24A4655
:10FDD00008F1010802F12009102E4B460AA90DA8CE
:10FDE00045460FD8A4F810B0678206F041FD0DA972
:10FDF000064805F0C5FC0DA806F042FB0C9B4B45E0
:10FE0000E2D8B51C0AA806F03BFB1CE720780020CE
:10FE1000F0B5294B93F90030012B89B0074642D049
:10FE2000022B38D0254A264B264C0025012615608A
:10FE30001E60FEF753FF394602A806F0E7F906F008
:10FE400053FE214B019500F57A670E212A46009159
:10FE5000204629461F60C82303F03EF9314620465C
:10FE600003F0A4FF4FF0FF332A46636102A91F236A
:10FE700005A8164D256106F0FBFC05A9204605F0F6
:10FE80007FFC05A806F0FCFAFEF7BAFA02A806F015
:10FE9000F7FA09B0F0BD4FF47A7300220C490D480F
:10FEA000FDF7C6F8BEE74FF47A7300220A49094805
:10FEB000FDF7BEF8B6E700BF41610020DC77002007
:10FEC000CC92002020780020E8920020040003005B
:10FED000DCE1030014920020CCE103002E4B1B78E0
:10FEE00033B170B52D4D2B6888B013B108B070BD1B
:10FEF00070472B4B044619782A48FDF7C9FC2A4B5A
:10FF000028481978FDF7D8FC21462648FDF75CFC07
:10FF10000646002830D12549254C02A806F076F97E
:10FF200006F0E2FD2349019600F57A650E23009361
:10FF300032462046C8230D60314603F0CDF82046F6
:10FF4000012103F033FF1C4D25614FF0FF33324692
:10FF5000636102A91F2305A806F08AFC05A92046B3
:10FF600005F00EFC05A806F08BFAFEF749FA02A888
:10FF700006F086FA08B070BD06F0B6FD0F4B2146BC
:10FF8000186002230E482B6006F082FA0D4B062201
:10FF90001A60FFF771FDA9E78C920020DC77002042
:10FFA00040610020149200203A61002040E10300EB
:10FFB00020780020E892002004000300D877002079
:10FFC000CC770020CC9200202DE9F047734D8CB007
:10FFD0004FF6FF74AC23CDE900342846C823102225
:10FFE000002103F079F800210C23019428460C46E7
:10FFF0000093BC22C82303F06FF8BC222146C8231B
:020000023000CC
:100000002846009403F054FA2846012103F0CEFE5E
:10001000634B64492B6128466C6105F0B7FB62496C
:1000200006A806F0F3F8614906A806F01DFB604932
:1000300006F046FB01218046284603F0B7FEA9469C
:100040006C61224601261A244FF0020A02F12007B1
:100050003B46414609A86C82A5F810A006F008FCB2
:1000600009A9484605F08CFB09A806F009FAD8F85A
:1000700008300A34BB4206F10101A4B23A4604D961
:1000800011290E46E2D1122600E0023606A806F03B
:10009000F7F946498B68022B0AD806F025FD454B37
:1000A0001B68984272D2FDF759FF0CB0BDE8F0878B
:1000B00003A8FEF7F5FA03A8FEF742FB06EB860459
:1000C00081463648012164008046103403F06EFEFC
:1000D0000022A4B26A614FF0020A02E00A34A4B21C
:1000E0003A4602F12007102E3B4603A909A810DC6E
:1000F000A5F810A06C8206F0BBFB09A9404605F0EC
:100100003FFB09A806F0BCF9059BBB4206F10106BE
:10011000E4D8B9F1000F30D0494606A806F076F8C9
:1001200006EB86041D48012164008046103403F06C
:100130003DFE0022A4B26A614FF0020902E00A34D7
:10014000A4B23A4602F12007102E3B4606A909A8A0
:1001500006F101060EDCA5F810906C8206F088FB13
:1001600009A9404605F00CFB09A806F089F9089B8F
:10017000BB42E4D806A806F083F903A806F080F98C
:1001800006F0B2FC0B4B1B6898428CD3FDF73EFF88
:10019000FDF7E4FE0CB0BDE8F08700BF207800203A
:1001A0000200BF0098E50300B8E5030014780020C2
:1001B000A4E10300E89200202DE9F04FB04C97B085
:1001C0004FF6FF75AC23CDE900352046C823102239
:1001D000002102F081FF00210C23019520460D46ED
:1001E0000093BC22C82302F077FFBC222946C82313
:1001F0002046009503F05CF92046012103F0D6FD6E
:10020000A04BA14923612046656105F0BFFA9F49D3
:1002100010A805F0FBFF9E490DA805F0F7FF0DA9FA
:1002200010A806F021FA01218046204603F0BEFD09
:100230002E4665612A46A24610254FF0020902F1BA
:1002400020073B46414613A86582A4F8109006F0AB
:100250000FFB13A9504605F093FA13A806F010F906
:10026000D8F808300A35BB423A4606F10106ADB26D
:1002700003D9B2F5087FE2D111260DA806F000F9E6
:1002800010A806F0FDF88349DFF8F4B110A805F0D6
:10029000BDFFFCF7DBFC0A2201460DA806F0C0F802
:1002A0000DA910A806F0E0F97B4906F009FA06EB63
:1002B00086058146012158466D0003F077FD103513
:1002C0000022ADB262614FF0020A03E00A35ADB21E
:1002D00042463E4602F12008BA2D4346494613A83D
:1002E00006F1010700F0DB81A4F810A0658206F09A
:1002F000BFFA13A9584605F043FA13A806F0C0F850
:10030000D9F808304345E1D80DA806F0B9F810A88F
:1003100006F0B6F86149DFF868B110A805F076FF7D
:100320005F4B604A1978604B0DA800290CBF11463D
:10033000194605F06BFF0DA910A806F095F907EB1B
:1003400087058146012158466D0003F02FFD1035C9
:100350000022ADB262614FF0020A03E00A35ADB28D
:100360004246374602F12008102F4346494613A85B
:1003700007F1010600F29181A4F810A0658206F051
:1003800077FA13A9584605F0FBF913A806F078F898
:10039000D9F808304345E1D80DA806F071F810A847
:1003A00006F06EF84149DFF8D8B010A805F02EFF2E
:1003B0003F4B404A19783C4B0DA800290CBF114611
:1003C000194605F023FF0DA910A806F04DF906EB1C
:1003D00086078146012158467F0003F0E7FC10376D
:1003E0000022BFB262614FF0020A03E00A37BFB2D7
:1003F0002E46424602F12008102E4346494613A8D5
:1004000006F1010512D8A4F810A0678206F030FAB0
:1004100013A9584605F0B4F913A806F031F8D9F835
:1004200008304345E2D8B31C2E461D460DA806F001
:1004300027F810A806F024F81D4B1B78002B40F07D
:10044000718105EB85067600B6B200270C4800974F
:1004500006F10C0212B2C8233946814603F028F88F
:10046000154910A805F0D2FE10360121484603F0C8
:100470009DFCB6B267613A464FF0020A22E000BF27
:10048000207800200200BF0028E3030048E30300B7
:1004900068E7030054E3030060E3030068E303003C
:1004A000449100200CE30300C4DF030074E3030065
:1004B0008C92002018E30300C8E303000A36B6B2AA
:1004C00045463A4602F12007102D3B4610A913A8D5
:1004D00005F1010811D8A4F810A0668206F0C8F949
:1004E00013A9484605F04CF913A805F0C9FF129B63
:1004F000BB42E3D8AB1C4546984610A805F0C0FFA8
:10050000A44B1F68002F00F0D78065DDA24B02933B
:10051000DFF890A200230393A0490DA805F076FE12
:10052000029F0DA807F10C0106F09EF89B4906F00A
:10053000C7F806463846FEF703F9002800F0A88001
:10054000014610A805F062FE304610A906F08CF8AE
:1005500005EB8506814601215046760003F026FC16
:1005600010360022B6B262614FF0020B03E00A3689
:10057000B6B245463A4602F12007102D3B464946A1
:1005800013A805F1010814DCA4F810B0668206F087
:100590006FF913A9504605F0F3F813A805F070FFA2
:1005A000002FE4D0D9F80830BB42E0D8AB1C454658
:1005B000984610A805F064FF0DA805F061FF754B83
:1005C000039A1B6801329342039205DD029B1833A4
:1005D0000293039B052B9FD108EB88056D00ADB2FC
:1005E0006F4E7048002305F10C020093194612B2B9
:1005F0003360C82302F05CFF6B4910A805F006FECB
:100600006A498B68002B4CD169490DA805F0FEFDA5
:100610000DA910A806F028F8074662480121814676
:10062000103503F0C3FB0022ADB262614FF0020A45
:1006300002E00A35ADB2324602F12006B8F1100FE1
:100640003346394613A812DCA4F810A0658206F0E0
:100650000FF913A9484605F093F813A808F101080B
:1006600005F00EFF002EE4D0BB68B342E1D80DA820
:1006700005F006FF10A805F003FF06F035FA4D4B14
:100680001B68984211D2FDF769FC17B0BDE8F08FE6
:10069000029910A805F0E0FD56E73E467CE6374695
:1006A00032E60DA805F0D8FDB2E7FDF7AFFCFDF787
:1006B00055FC17B0BDE8F08FDFF8E8903E4905EB38
:1006C000850610A8760005F0A1FD103601214846E8
:1006D00003F06CFBB6B267613A464FF0020A03E0E2
:1006E0000A36B6B245463A4602F12007102D3B467F
:1006F00010A913A805F1010810D8A4F810A066826B
:1007000006F0B6F813A9484605F03AF813A805F024
:10071000B7FE129BBB42E3D805F1020810A805F012
:10072000AFFE59E7254904A805F070FD04AA41F27F
:10073000883323492348FCF77BFC002840F0CA801B
:1007400007A82049FDF720F9099B002B40F01381F1
:100750001D49DFF850B010A805F058FD1B4B0A22C8
:1007600019680DA805F0FCFD0DA910A805F07CFF87
:10077000174905F0A5FF06EB86058146012158467D
:100780006D0003F013FB10350022ADB262614FF033
:10079000020A23E00C9200204C9100207CE303002D
:1007A0001092002020780020E0E30300DC9200207B
:1007B000ECE30300E8920020D8E30300A0E103008B
:1007C00080E3030014920020A4E3030034610020BE
:1007D000B0E303000A35ADB242463E4602F12008BE
:1007E000102E4346494613A806F1010770D8A4F815
:1007F00010A0658206F03CF813A9584604F0C0FF2B
:1008000013A805F03DFED9F808304345E2D80DA8FD
:1008100005F036FE10A805F033FE7A49DFF8FCB18A
:100820000DA805F0F3FC784B0A2219680AA805F018
:1008300097FD0AA90DA805F017FF744905F040FFC0
:10084000734B0A221968054610A805F089FD10A906
:10085000284605F009FF07EB870681460121584627
:10086000760003F0A3FA10360022B6B262614FF0B0
:10087000020A03E00A36B6B22F46424602F12008C9
:10088000102F4346494613A807F1010510D8A4F8D4
:1008900010A0668205F0ECFF13A9584604F070FF23
:1008A00013A805F0EDFDD9F808304345E2D8BD1C8A
:1008B00010A805F0E5FD0AA805F0E2FD0DA805F079
:1008C000DFFD07A805F0DCFD04A805F0D9FDB8E5BB
:1008D00037469CE7222104A805F082FF051E80F21E
:1008E00088804FF0FF37AF427FF72AAF4949DFF8E2
:1008F0002C9110A805F08AFC6A1C3B4604A90DA89F
:1009000005F0B6FF0DA910A805F0AEFE06EB8605B2
:100910008046012148466D0003F048FA1035002258
:10092000ADB26261B4464FF0020A03E00A35ADB2DF
:100930003A46B44602F12007BCF1100F3B4641464F
:1009400013A806F101065BD8A4F810A0658205F093
:100950008FFF13A9484604F013FF13A805F090FD7C
:10096000D8F80830BB42E1D80DA805F089FD10A8E1
:1009700005F086FDE4E62849DFF8A09010A805F010
:1009800045FC07A910A805F06FFE06EB860580461A
:10099000012148466D0003F009FA10350022ADB27E
:1009A0006261B4464FF0020A03E00A35ADB23A463E
:1009B000B44602F12007BCF1100F3B46414613A894
:1009C00006F1010613D8A4F810A0658205F050FFC7
:1009D00013A9484604F0D4FE13A805F051FDD8F839
:1009E0000830BB42E1D810A805F04AFDB0E66646E3
:1009F000F9E76A1C222104A805F002FF074672E706
:100A00006646B1E7B4E30300D8920020C0E30300D8
:100A1000D49200208CE3030098E3030020780020A8
:100A20002DE9F0470368B84AB8498EB00446022061
:100A3000FCF7DCF8B6490BA805F0E8FB0BA920464B
:100A400005F0A2FE05460BA805F01AFD002D4ED0BC
:100A5000B04C2368033B012B13D9FDF70BFFAE4BC2
:100A60001B68002B5ADC2368012B00F0A08006F0E5
:100A70003BF8AA4B1B68984280F0E0800EB0BDE8BE
:100A8000F087A74BA749A84C012608A81E7005F0BF
:100A9000BDFB06F029F8A14B002500F57A670E2171
:100AA00001952A460091204629461F60C82302F07E
:100AB00013FB3146204603F079F92A464FF0FF3305
:100AC0009A4D636108A91F230BA8256105F0D0FE8C
:100AD0000BA9204604F054FE0BA805F0D1FCFDF74D
:100AE0008FFC08A805F0CCFC0EB0BDE8F08790495B
:100AF0000BA805F08BFB0BA9204605F045FE05462B
:100B00000BA805F0BDFC002D6FD08A4C2368002B8C
:100B100052D0012BB2D1FEF75DFFAFE70DF12008F7
:100B20008549404605F072FB8448FDF709FE05AF94
:100B3000002855D00146384605F068FB3946404646
:100B400005F092FD814605F0CFFF774D734B00F520
:100B50007A6C00260E22019600923146C3F800C03E
:100B60003246C823284602F0B7FA2846012103F08E
:100B70001DF932464FF0FF336C4E6B6149461F231F
:100B80000BA82E6105F074FE0BA9284604F0F8FDB1
:100B90000BA805F075FCFDF733FC384605F070FC3A
:100BA000404605F06DFC2368012B7FF460AFFEF733
:100BB00095F80EB0BDE8F08761490BA805F026FB5B
:100BC00001230BA95F48236005F062FC514B06220C
:100BD0001A60FEF751FF0BA805F052FC236898E756
:100BE0003846564905F038FBA8E757490BA805F0E9
:100BF0000DFB0BA9204605F0C7FD05460BA805F027
:100C00003FFCF5B12221204605F0EAFD051E4BDA36
:100C10004FF0FF36AE427FF731AF013521460BA8CA
:100C20002A46334605F024FE46490BA805F078FD18
:100C3000002840D00BA805F023FC1FE7FDF7E6F9DC
:100C40001CE742490BA805F0E1FA0BA9204605F084
:100C50009BFD05460BA805F013FCB5B905AF3C4953
:100C6000384605F0D3FA3946204605F08DFD0028B8
:100C700037D0384605F004FC2E4B1B68002B3FF4A0
:100C8000FDAE3448FFF7C4F8F8E62A4B03221A6099
:100C900005F02AFF1F4B304A1B681060062B7FF4BB
:100CA000EDAEFEF7E9FEE9E66A1C2221204605F0DA
:100CB000A7FD0646AEE70BA805F0E2FB33462A4641
:100CC00021460BA805F0D4FD0BA91E4805F00AFC2F
:100CD0000BA805F0D5FB0F4B1B68062B7FF4CEAE9F
:100CE000DFE70DF120081D49404605F08FFA414627
:100CF000204605F049FD98B3404605F0C1FB384653
:100D000005F0BEFBB8E700BF04E3030070E2030098
:100D100064E00300CC92002038910020E89200208B
:100D20003C91002078E203002078002004000300BA
:100D300054E00300DC77002094E20300408C0020A4
:100D4000A0E10300CC7700205CE00300A8E20300F0
:100D50006CE00300D4E20300D8770020BCE203007B
:100D60007E490BA805F052FA0BA9204605F00CFDB0
:100D700005460BA805F084FB404605F081FB38468C
:100D800005F07EFB002D7FF477AF75490BA805F0C9
:100D90003DFA0BA9204605F0F7FC05460BA805F027
:100DA0006FFB002D3FF46AAEA368DFF8F091214697
:100DB0000C2202A805F05CFD02A805F061FE02A865
:100DC000202105F041FDD9F80030072B1D46A8BFB2
:100DD0000725002B824614DD624C05EB450304EB2E
:100DE000C304A4F118063146204605F051FB013D2D
:100DF000A4F10C0104F10C0005F04AFB3446002D6F
:100E0000EFD1BAF1000F7BDD5346002202A90BA8F7
:100E100005F02EFD0BA9544805F064FB0BA805F066
:100E20002FFB0AF10102049B02A90BA805F020FD8B
:100E30000BA94C4805F056FB0BA805F021FBD9F88F
:100E400000304A4A4A49072BDCBF0133C9F8003059
:100E5000136840460133136005F0D8F94148FDF7A7
:100E60006FFC00285CD00146384605F0CFF93946C2
:100E7000404605F0F9FB064605F036FE3D4C3E4B7C
:100E800000F57A6C00250E22009201952A46C3F8DF
:100E900000C02046C823294602F01EF92046012141
:100EA00002F084FF31464FF0FF33344E63612A462F
:100EB0001F230BA8266105F0DBFC0BA9204604F0DC
:100EC0005FFC0BA805F0DCFAFDF79AFA384605F04E
:100ED000D7FA404605F0D4FA294B93F90030012B9C
:100EE00030D0022B26D0274A274913680020062B32
:100EF00008601AD0052B2DD002A805F0C1FABDE577
:100F000022490BA805F082F90BA9174805F0EAFA67
:100F10000BA805F0B5FA02A90BA805F09DF987E723
:100F20001049384605F098F9A1E701231360FDF751
:100F3000D5FEE1E72A464FF47A7315491548FCF7C8
:100F400077F8D0E72A464FF47A7313491148FCF733
:100F50006FF8C8E7FFF730F9CEE700BFC4E203003F
:100F60008CE003004C91002058910020109200204A
:100F7000E0E2030020780020E89200200400030053
:100F800041610020CC920020DC770020A0E103002A
:100F9000DCE1030014920020CCE103000C9200205D
:100FA0002DE9F04FB04D2B68013B8FB00446062B66
:100FB0002FD8DFE813F0070065009000DC00F00098
:100FC00031004D00B52800F0AB82B62800F02B812F
:100FD0000D2800F0688320F02003DAB2442A00F0E4
:100FE000C1844D2A00F01E83432A00F02D84502A2C
:100FF00040F086859D4B1B68002B0ADD9C4B9D4A6B
:101000001B6803EB830302EBC30303F10800FEF745
:1010100065FF0FB0BDE8F08F974D2B68012B00F0F6
:101020006582B52800F04583B62800F06F81B728A7
:1010300040F0A684914A1378072BEAD80133DBB23B
:1010400019468F481370FCF737FCFEF715FDE0E7F3
:101050000D2800F09481082800F0D7801B2800F0AC
:101060006383A0F13003092B00F260858548836813
:101070000F2BCED8214605F0D5FAFEF7A5FFC8E71D
:10108000B62800F01D83B52800F0848200F0DF034D
:10109000502B00F07081442B00F01983522B40F04C
:1010A00069857949794805F0F3F97949794805F076
:1010B0003BFA794B754800221A60FDF741FB7449F1
:1010C000002818BF0146754805F02EFA04232B604E
:1010D000FEF7B6F99DE708AF7149384605F0BCF850
:1010E000384605F0B1FC0A9B002B40F02F8200220D
:1010F00005920126002B40F03A820EAA02EB8602EE
:1011000001210E4442F8241C002B40F010820EAB4B
:1011100003EB86030222384643F8242C05F0B0F98D
:10112000B62C06F1010600F00C81092C00F00681B6
:10113000B52C00F011810D2C00F05983082C00F023
:10114000C1831B2C4AD0A4F120035E2B3FF661AF74
:1011500053488368132B3FF65CAF214605F062FAD3
:10116000504B4FF0FF321A60FEF76AF951E7494ED3
:101170000D28B36800F01D81B4286BD0B72840F06B
:10118000F78245490A6893427FF743AF01320A600C
:10119000FEF756F93DE71B282DD009282BD0A0F1EA
:1011A00020035E2B40F288803F490BA805F02EF803
:1011B0001022214608A805F0A3F808A90BA805F0FD
:1011C00053FA0146394805F063F908A805F058F9C3
:1011D0000BA805F055F9FEF7EFFF1AE7344B1A7824
:1011E0004AB100222A492E481A7005F09DF92D4B6C
:1011F0004FF0FF321A602F4B1B7801222A60002B20
:1012000040F0C581FDF76AFD03E71E4CA168002987
:101210003FF4FFAE0139204605F084FBA368002BA4
:101220007FF42BAFE7E7114B11491B680A68013BBC
:10123000934200F31A839623522B00F0A8811B2CB3
:1012400000F02B84092C7FF4E4AE05232B60FEF71D
:10125000B3FFDEE6104A1368002B7FF7DAAE013BDE
:101260001360FEF7EDF8D4E6CC9200203891002010
:10127000D0920020388C0020DC7700203A610020DA
:1012800014920020147800209C92002008780020FE
:10129000A0E10300E0770020EC770020FC7700203D
:1012A000F077002030610020FCE60300DC92002093
:1012B000C49200203C91002008A8BB4904F0A6FF7E
:1012C000214605A804F0F0FF05A908A805F0CCF90F
:1012D000B64905F0F5F91022054621460BA805F0A0
:1012E0000FF80BA9284605F0BFF9B14905F0E8F958
:1012F0000146B04805F0CCF80BA805F0C1F805A8E8
:1013000005F0BEF808A805F0BBF864E7AA4A137810
:10131000002B3FF47EAE013BDBB21946A7481370A9
:10132000FCF7B6FAFEF7A8FB73E60BA805F0A8F8E1
:10133000384605F0A5F8B62C7FF4F7AE002E3FF442
:1013400068AE9F490B68013393FBF6F206FB123639
:101350000E60FEF775F85CE6002E3FF45AAE984C2E
:101360002368002BD4BF06F1FF3303F1FF33236062
:10137000FEF766F84DE69348FEF7B0FD49E6924E5B
:10138000B368022B7FF645AE0BAC20463146FDF725
:1013900087F98E49304605F0C7F82046FEF79EFDD6
:1013A0008B4B1B68002B00F0F682204605F068F896
:1013B0002FE6002B7FF72DAE08AF8649DFF83C8281
:1013C000DFF85CA2DFF854B2384604F01FFF05F0E6
:1013D0008BFB4FF000090E2300F57A644A46404625
:1013E00049460093CDF80490C823CAF8004001F0A4
:1013F00073FE4046012102F0D9FC0BAC4FF0FF32E6
:10140000754BC8F8142039464A462046C8F81030B3
:101410001F2305F02DFA2146404604F0B1F920467D
:1014200005F02EF8FCF7ECFF384605F029F8594690
:1014300032466248FBF7CEFEDBF80030002800F0B1
:10144000C481664A00926649664A0220FBF7CEFBD9
:101450005E49584605F068F85C49304605F064F886
:101460005A49614805F060F85849604805F05CF851
:101470005F4B604A1B78C2F8009001222A600BB1D2
:10148000FDF7F8F9FDF72AFC5B49384604F0BEFE8B
:1014900005F02AFB00250E2300F57A602A4629462E
:1014A00001950093CAF80000C823544801F014FEC7
:1014B0000121524802F07AFC2A464FF0FF33464D94
:1014C000C8F8143039461F232046C8F8105005F0DC
:1014D000CFF92146494804F053F9204604F0D0FFE3
:1014E000FCF78EFF384604F0CBFF92E50D2800F0A4
:1014F000C2811B2804D000F0DF04482C7FF489ADA2
:101500003F4B93F90030012B00F0A682022B00F034
:1015100076822A48FCF7ACF93A48FEF779FC78E580
:10152000394A1368002B00F3FA80952384E6374983
:101530000BA804F06BFE39460BA805F025F900282E
:101540003FF4F3AE0BA804F09BFFE0E530490BA895
:1015500004F05CFE39460BA805F016F906460BA808
:10156000002E40F0D38004F08BFF0A9BC2E529498E
:101570000BA804F04BFE39460BA805F005F900282E
:1015800040F0C8800BA804F07BFF0A9BBCE5FDF788
:1015900071F937E6204A1368002B7FF73AAD013B1B
:1015A0001360FDF7DFFD34E5ECE60300F0E6030031
:1015B000F8E60300DC920020406100201492002035
:1015C000306100209C92002014780020A0E10300EC
:1015D000DC770020B4E6030004000300F0E203001F
:1015E00034E7030004E70300F0770020FC770020D5
:1015F0003C910020EC77002080E60300207800205A
:1016000041610020DCE60300D092002018E50300D1
:101610000CE5030014E50300C892002008780020C0
:10162000E8920020AF4EB04AB36800241470002B3B
:101630007FD0AE4B9B68002B40F0B78103232B601B
:10164000FDF7FEFEAA4908A804F0E0FD05F04CFAFB
:10165000A84CA94B00250E2100F57A662A46019573
:101660000091204629461E60C82301F035FD204622
:10167000012102F09BFB2A464FF0FF339F4D63612F
:1016800008A90BA81F23256105F0F2F80BA9204635
:1016900004F076F80BA804F0F3FEFCF7B1FE08A8FE
:1016A00004F0EEFEB5E4964B1B68002B6FDC03469E
:1016B000C2E5944A1378042B3FF6ABAC01332BE61A
:1016C000914A136801331360FDF74CFDA1E48F4B81
:1016D0008F481C68E1B2FBF78DFE8E498E4B8F4A16
:1016E00000280CBF08461846009023468C4902206B
:1016F000FBF77CFAFDF7BEF88A4B1B780BB1FCF7C1
:1017000003FF01232B60FDF7E9FA82E404F0B8FE41
:101710000A9BECE40BA804F0B3FE0A9BEDE4013B4A
:101720001360FDF7DBFA74E47F49804804F0FCFEA7
:1017300061E57F4CA768002F80D17B496B4804F09E
:10174000F3FE3046784904F0EFFE2046764904F077
:10175000EBFE7549774804F0E7FE7749774A4FF08A
:10176000FF300323086017602B60FDF769FE50E42B
:10177000B52840F0E081714A1368002B7FF749AC2F
:10178000203B23EAE3731360FDF75AFE41E46C4EFD
:101790006C4C336803EB830354F83300FDF780FC93
:1017A00000283FF436AC336803EB830304EBC30437
:1017B00023792BB1644A13680021013B1360217126
:1017C00002232B60FDF7CEFC23E4524A00925449D9
:1017D0005E4A0220FBF70AFA5D4B1B7801222A6061
:1017E000002B40F04181FDF779FA5A494DE6DFF8C8
:1017F000F88098F80040002C40F009814E4F3B687B
:101800009E4200F234814A498B68022B7FF601AC7C
:101810000BA8FCF745FF0BA9344804F063FE0BA8A6
:1018200004F02EFE3148FCF78BFF3F49002818BF1B
:101830000146404804F078FE404A042314602B60BF
:10184000FDF7FEFDFFF7E5BB274B3749384801227E
:101850001A7004F069FE384A4FF0FF31032311601B
:101860002B60FDF7EDFDFFF7D4BB01320A60FDF7F9
:1018700035FAFFF7CEBB384B93F90030012B00F05F
:101880001F81022B00F0148103212148FCF728F866
:101890001F48FBF7E5FF00283FF4BBAB03232B6099
:1018A00005F022F92D4A174B106019781848FBF7FC
:1018B000EFFF2B4B16481978FBF7FEFFFEF7DCF81D
:1018C000FFF7A7BB1A48816800293FF4A2AB013992
:1018D00005F028F8184B4FF0FF321A60FDF7B0FD05
:1018E000FFF797BBE0770020C49200200878002023
:1018F000A4E6030020780020E89200200400030002
:101900003891002040610020C89200203C610020F6
:1019100014920020FCE30300F0E20300F4E2030071
:1019200034E703008C920020A0E10300147800202B
:10193000F0770020FC77002030610020EC77002059
:10194000D0920020388C0020F092002004E70300A1
:101950003C91002088E6030041610020D8770020F8
:101960003A610020B64B1B68002B7FF768ACB54B83
:10197000B54A1B68B54803EB830352F83340A9E628
:10198000B42840F0E880B24A1378002B3FF441AB12
:10199000013BFFF754BBAF4B1B7801222A600BB110
:1019A000FCF768FFFDF79AF9FFE404232B60FDF7CD
:1019B00047FDA949A94D08A804F028FC05F094F8B2
:1019C000A74901940E2300F57A6622460093284623
:1019D000C8230E60214601F07FFB2846012102F05A
:1019E000E5F922464FF0FF339E4C6B6108A90BA826
:1019F0001F232C6104F03CFF0BA9284648E64FF456
:101A00007A73002298499148FBF712FB81E5974CC5
:101A10009749384604F0FAFB2368B34263D39549EB
:101A20008B68022B54D80A9B002B3FF45BAD00233C
:101A30008F49904888F8003004F076FD4FF0FF336E
:101A400038462360FEF74AFA8B4B1B68002B7FF465
:101A500049ADFDF713FB45E54FF47A730022874942
:101A60007A48FBF7E5FA54E5FCF704FFBBE60EAA5B
:101A700002EB8303824E53F8243C824856F833101D
:101A800004F052FD3B6880480EAA02EB830353F832
:101A9000243C06EBC3067168CCE66A4B1A68002A40
:101AA0007FF7B7AA00221A60FDF718F9FFF7B1BA5D
:101AB0004FF47A7300226C496448FBF7B9FAE3E605
:101AC0004FF47A7300226D496048FBF7B1FADBE608
:101AD0000BA8FCF7E5FD0BA9384604F003FD0BA8A5
:101AE00004F0CEFC9FE70EAA02EB8303644A53F88E
:101AF000243C02EBC3033846596804F015FD92E715
:101B0000A0F13002092A3FF697AB01460BA804F07A
:101B1000CBFB0BA95D4804F0E5FC0BA804F0B0FC7E
:101B200007232B60FEF750FAFFF773BA2B283FF418
:101B30009DAAFFF76EBAB62824D155490A68934288
:101B40007FF767AA20329342A8BF13460B60FDF7C8
:101B500077FCFFF75EBA1B2804D000F0DF04482CA6
:101B60007FF457AA3948FBF783FE4A48FEF750F93D
:101B7000FFF74FBA1B283FF43EAB09283FF43BABBD
:101B8000FFF747BA082810D1414C216800297FF798
:101B900040AA01393046012204F0CCFE2368013B03
:101BA0002360FDF74DFCFFF734BA1B280BD1294BFE
:101BB0001B7801222A600BB1FCF75CFEFDF78EF862
:101BC00008A8354940E5A0F120025E2A3FF621AA87
:101BD0009F2B3FF71EAA2E4D00222B6802A83146EC
:101BE00004F046FE02A908A804F036FB214605A829
:101BF00004F05AFB05A908A804F036FDB3682A686A
:101C0000044631460BA804F033FE0BA9204604F02D
:101C10002BFD0146304604F03BFC0BA804F030FCE1
:101C200005A804F02DFC08A804F02AFC02A804F082
:101C300027FC2B6801332B60FDF702FCFFF7E9B9A5
:101C400038910020D0920020388C0020149200207F
:101C50003A6100203C910020A4E603002078002097
:101C6000E892002004000300DCE103003061002062
:101C7000A0E10300F0770020DC770020CCE1030036
:101C800070E70300FC77002008780020147800201B
:101C9000EC770020D4E20300C0E603002DE9F04F0A
:101CA000064891B04FF4E1310446F4F777FC04F0B4
:101CB0001BFF40F6B73605460BE000BF546300201B
:101CC00004F012FF401BB0424FF00A0006D804F0A7
:101CD00017FF2046F4F780FC0028F1D0C749C84818
:101CE000C84CC94E03F01EFEC849C54803F01AFE91
:101CF000C749C34803F016FEC649C14803F012FEA7
:101D0000C549BF4803F00EFEC449BD4803F00AFEB2
:101D1000C34801F025F800250127C24B0D938DF82B
:101D200039708DF838500DF1340898E80C00BC4932
:101D300004F1240002F09EFA294604F1240002F086
:101D400073F941F2EC3341F2F43041F2FA3241F2EC
:101D5000FE31E5544FF0C80904F5A0532552A550B3
:101D600024F8019062891A802946204601F04EF934
:101D700041F28832FF2104F1640008F0D5FF2046CB
:101D80000221E57602F012F8A74BA84923616561AC
:101D9000204603F0FBFCA64B23613946204602F0A7
:101DA00005F8A449204603F0F1FCA34800F012FE18
:101DB0005F21A14800F0BCFE9F4800F0C5FEB0F1D5
:101DC000000A0CBF3B462B46337040F03E824FF674
:101DD000FF710C224B46CDE9002120464B22514693
:101DE00001F07AF93946204601F0E0FF934B94491F
:101DF000C4F814A02046236103F0C8FC9149C4F83C
:101E000014A0204603F0C2FC41F2F83B8E4934F99D
:101E10000B30019300274FF0C80AA1F140003B4668
:101E20003A46CDE903770297CDF800A002F058FFBB
:101E30008648814D3946A0F1240902F047FC34F967
:101E40000B30029709F16401A1F14000CDE900A334
:101E50003A463B46CDE9037702F042FF09F1240000
:101E600002F070FB7A4B1F60337883BB4FF47A70BB
:101E700004F046FE5F21284600F05AFE284600F096
:101E800063FE071E0CBF012300233370EED10C2329
:101E90004FF6FF72CDE9003239464B22C82348463F
:101EA00001F01AF90121484601F080FF634B2361DC
:101EB00063496761484603F069FC624967614846C7
:101EC00003F064FCFCF74AF83378002BCED0614A6B
:101ED0006149624DDFF8B0910220FAF787FE0C23CA
:101EE0004FF6FF72CDE9003200215922C823454840
:101EF00001F0F2F80121434801F058FF0026584B49
:101F00002361584966613F4803F040FC56496661C9
:101F10003C4803F03BFC554966613A4803F036FC07
:101F20005349384803F032FCFCF718F82E780F2795
:101F3000032304224FF4E13148462EB9FAF7A8FFF3
:101F40002870002800F0CC800C234FF6FF72CDE9FA
:101F5000003200215922C8232A4801F0BDF801218E
:101F6000284801F023FF3E4B354926480026C4E9A6
:101F7000043603F00BFC3C492248666103F006FC82
:101F80002B78002B40F0DF80FBF7E8FF40F6C41011
:101F900004F0B6FDFF2141F288322B48354D08F0A0
:101FA000C3FE354B01271F60FCF798FE2968002906
:101FB00040F3938007AE0A22304604F0D1F931464F
:101FC0000AA804F049F92D490AA804F079FB2C4A23
:101FD0002C4B2968B942D4BF1146194604F070FB56
:101FE000814604F081FDDFF8A4C000250E2300F532
:101FF0007A60CCF800002A464AE000BF50E40300B3
:102000005463002020780020449100205CE4030009
:1020100098E40300B8E40300E0E40300F8E40300FC
:10202000248C002000093D002E001E0098E70300CC
:102030005500360068E70300F492002018004C00B9
:102040001CE50300A4E70300847800204478002006
:10205000C0920020B0E70300BCE703008C92002090
:1020600018005A0024E503004CE003007CE3030061
:10207000C4E70300F0920020CC920020ECE70300BC
:10208000A0E1030084DF030014920020E892002006
:10209000294601950093B448C82301F01DF839463C
:1020A000B14801F083FE2A464FF0FF33AF4D636124
:1020B00049461F234046256104F0DAFB4146AA4801
:1020C00003F05EFB404604F0DBF9FCF799F90AA83F
:1020D00004F0D6F9304604F0D3F911B0BDE8F08F22
:1020E0004FF4FA6004F00CFD013F2E787FF420AF2E
:1020F000002E7FF429AF0C234FF6FF72CDE900329A
:1021000031465922C823984800F0E6FF012196483D
:1021100001F04CFE964B97499348C4E9043603F00E
:1021200035FB95499048666103F030FB93498E4832
:10213000666103F02BFB92498B4803F027FB2B7859
:10214000002B3FF421AF07AE8E49304604F05EF815
:10215000324641F288338C498C48FAF769FF0746CA
:10216000002840F097800C234FF6FF72CDE9003233
:102170000146C82367227C4800F0AEFF01217A485F
:1021800001F014FE824B7B49C4E90437764803F022
:10219000FDFA002363617F49734803F0F7FA794938
:1021A000304604F0C1F941F2883332467A49774823
:1021B000FAF73EFF002840F098800C234FF6FF729C
:1021C000CDE9003200217522C823674800F084FF62
:1021D0000121654801F0EAFD704B664962484FF005
:1021E0000009C4E9043903F0D1FA6D495E48C4F826
:1021F000149003F0CBFA61495B48C4F8149003F0E3
:10220000C5FA6849584803F0C1FADFF8809148469A
:10221000FBF736FB4846FAF7D5FF2B78624AC9F838
:1022200004200BB1FCF770F9FCF724FB304604F0F6
:1022300027F9FBF793FE2B78002B53D0002F40F6A5
:10224000C41018BF4FF44870A2E64FF6FF710C227D
:102250004B46CDE9002120464B22294600F03CFFA9
:102260003946204601F0A2FD504B2361414965618A
:10227000204603F08BFA4E496561204603F086FA4A
:102280003E496561204603F081FA4A49204603F041
:102290007DFAB9E54849404603F0B8FF414630466B
:1022A00004F0C0FA8146404604F0EAF80C234FF6E9
:1022B000FF72CDE900320021C82367222A4800F0CE
:1022C0000BFF0121284801F071FD314B294A2361A0
:1022D000B9F1000F4FF0000338496361BCBF1F46DE
:1022E000114653E740F6C41052E635490AA803F0F8
:1022F0008DFF0AA9304604F095FA002821DB0AA8D0
:1023000004F0BEF80C234FF6FF72CDE90032002135
:102310007522C823144800F0DFFE0121124801F0A5
:1023200045FD1E4B254910484FF00009C4E904390A
:1023300003F02CFA1A49C4F814900B4803F026FA5B
:1023400063E72049404603F061FF4146304604F010
:1023500069FA8146404604F093F80AA804F090F820
:10236000B9F1000FCEDA28E720780020040003003E
:1023700018005A0024E503004CE003007CE303004E
:102380000CE80300A0E1030020E403001492002005
:1023900018006800D8E703002CE40300180076005A
:1023A00020E8030028E80300210A030018004C007D
:1023B000A4E70300FCE70300D0E703001CE50300EB
:1023C000E4E70300E8E70300F0B593B002230093CD
:1023D0000622092398499948994C9A4F9A4E00F041
:1023E0008DFC102300930A2205230B2102A802F082
:1023F000F5F8C8221146204601F05AF90CAB93E8D3
:102400000300039A914B2360A2629DF810309DF85F
:10241000112084F82C3084F82D209DF812309DF87E
:10242000132084F82E3084F82F20059B069A23630E
:102430006263079BBDF82020A363A287099B9DF8D8
:102440002820236484F844209DF829300B9A84F8CE
:102450004530A26404F14C039DF8382083E8030062
:1024600084F854209DF83A0084F856009DF83B000B
:1024700084F857009DF83C0084F858009DF83D0012
:1024800084F85900BDF83E00A4F85A001098B4F939
:102490000A20E0656E4B11989DF8391020666D4852
:1024A00084F85510D51783FB0213606241F2F830AF
:1024B000C821C5EBA313215201FB132541F2F630CD
:1024C000002DC8BF013304F5A055235241F2EF306F
:1024D00000232A8041F2EE32235441F2EC30A3541F
:1024E00041F2F432235441F2FA30A35241F2FC3269
:1024F000235241F2FE30A352574A215207F10800FD
:102500005149C7E9002303F081FE07F1140407F1E4
:102510007405204631460C3403F078FEAC42F8D105
:102520000025A7F874504D4A4D4946484D4C464E3B
:1025300007F0CCFD04F5A0673146204603F066FEA7
:1025400004F10C00314603F061FE283444F8105CBD
:1025500024F80C5CBC42EFD13B4D404A4249434C0D
:10256000002007F0B3FD2946414803F04FFE2946FD
:10257000404803F04BFE29463F4803F047FE2946FA
:102580003E4803F043FE354A3D49394807F09EFD79
:1025900029463C4803F03AFE304A3B49394807F0A7
:1025A00095FD2946394803F031FE2C4A3649374813
:1025B00007F08CFD2946364803F028FE274A3249A9
:1025C000334807F083FD2946324803F01FFE234AB3
:1025D0002D49304807F07AFD29462F4803F016FEB2
:1025E0001E4A29492C4807F071FD04F1C00629460E
:1025F000204603F00BFE04F10C002946183403F0CA
:1026000005FEA642F3D1154A2449002007F05EFDDD
:102610000D49234803F0FAFD104A1B49204807F0F2
:1026200055FD09491F4803F0F1FD0C4A16491D48A4
:1026300007F04CFD13B0F0BD00300240248C0020A8
:102640002078002014920020A0E10300F0E00300B5
:102650001F85EB5130EF030058A3002000600020DD
:10266000F1DE0200408C002015DF02004C910020BA
:10267000909200209C920020A8920020B49200200A
:10268000CDDE02000878002081640300E07700209E
:10269000F0770020FC770020DC92002039DF020078
:1026A000CC77002014780020F0B52D4C2368DB0790
:1026B00085B048D52B4D2C4E2C4F2846F3F718FEED
:1026C00098B12846F3F73AFEC4B20D2C0FD00A2C6D
:1026D0000DD0082CB3681ED07F2C1CD0C72B1BD963
:1026E0002846F3F705FE0028EBD105B0F0BD2846DB
:1026F00003F0FEF8314601A803F0AEFD01A804F096
:10270000BFF9039B8BB901A803F0BAFE39463046E6
:1027100003F00AFFD1E763B92146284603F048F8E1
:102720002146304603F07EFFC7E701A8FBF784FD92
:10273000E9E70F49284603F029F8B1683046013926
:1027400004F0F0F8B9E70949074803F05FFD0123F9
:10275000084A09490448236007F0B8FCAAE700BF0B
:10276000B077002054630020B4770020A0E103007C
:102770004CE103000060002081640300F0B55C4C74
:10278000237889B0002B57D05A4E5B4D04F0ACF93A
:102790002B68C01A41F28733984244D804F0A4F958
:1027A000564C3368227898422CBF0025012512B17F
:1027B000984280F08B80524B25701B68032B1FD0F2
:1027C000504B1B784BB95048FAF7B0FBFFF76CFF42
:1027D0000A2004F095F909B0F0BD01225F214B48B1
:1027E00000F05CF9494800F0A1F80028EBD0474818
:1027F00000F0A0F8C0B20028E5D0FEF7D1FBE2E778
:10280000434B1B68062BDBD1424C04F06DF9236867
:1028100042F20F72C01A9042D2D904F065F92060DA
:10282000FDF72AF9CCE704F05FF923782860002B44
:10283000B4D0FBF769FEB1E7334D2846FAF76EFBDB
:1028400020700028A0D02846FBF71AF82846FAF78F
:10285000B9FC2378304A6A60002B42D1FCF70AF8B1
:102860002B4B1B68012B3FD02C492D4D214E02A82C
:1028700003F0CCFC04F038F900270E2300F57A6C45
:102880003A460197284600933946C823C6F800C047
:1028900000F022FC2846012101F088FA3A464FF068
:1028A000FF33204F6B6102A91F2305A82F6103F09E
:1028B000DFFF05A9284602F063FF05A803F0E0FD4D
:1028C000FBF79EFD02A803F0DBFD5EE704F00CF9C8
:1028D0003368984202D2FBF793FD6CE7FBF796FB57
:1028E000F9E7FBF711FEB9E7FCF7F8F9BCE700BF21
:1028F0008C920020E8920020C0770020C47700204E
:10290000DC7700204491002014920020F4920020F3
:10291000CC920020C8770020210A030088E703003A
:102920002078002004000300704700BF203003F02F
:102930007FB800BF203003F069B800BF203003F03B
:1029400081B800BF38B5437F0BB9002038BD00F611
:10295000280420460D4603F07FF80028F5D12046D4
:10296000294603F03BF8012038BD00BF2DE9F047B0
:102970005AB30646DFF8588033681B684D1E43453E
:1029800017464FF0000400F6280915F801AF16D1DC
:10299000737F13B92046BDE8F087484603F05CF822
:1029A0000028F7D15146484603F018F80134A742F1
:1029B000F0D0336815F801AF1B684345E8D05146A5
:1029C000304698470028F1D1E4E71446E2E700BF1B
:1029D0004529030010B4837E1F2B4FF0010288BFEE
:1029E00003F01F03C27603F5E0738CBF284A4FF053
:1029F000A04240F20C6142F82310437E1F2B86BF99
:102A000003F01F03224A4FF0A04203F5E07340F2A7
:102A10000C6142F8231003694FF0CC72C3F82425EF
:102A200003690622C3F800250369827EC3F80825DE
:102A30000369427EC3F80C2590F91830002B14DA94
:102A4000144A03F00F031A446023137690F91830E8
:102A5000002B07DB104903F01F0001225B098240B5
:102A600041F823205DF8044B70475909603103F0A9
:102A70001F030124084A04FA03F342F8213090F9B5
:102A80001830002BDCDB1344602283F80023DDE7E1
:102A900000030050FCEC00E000E100E00AB9104641
:102AA0007047F8B5054600F12007384614460E4633
:102AB00002F0A6FF2B69C3F888652A690123136217
:102AC0002A69C2F834752A69C2F838452A69136040
:102AD0002B6902E0D3F824211AB9D3F84C21002A3B
:102AE000F8D00022C3F84C212B6902E0D3F824214E
:102AF0001AB9D3F85C21002AF8D00022C3F85C216F
:102B00002B6901225A612A69D2F80431002BFBD0CB
:102B10000021C2F804112B69D3F8242112B1C3F8A3
:102B200024112B69D3F83C05C5F82008C0B2F8BDC4
:102B300010B541F23003044600F62800E15402F0DB
:102B40005FFF0123637710BD70B541F23003026966
:102B5000C15C00234377C2F888150269C2F80431CA
:102B6000036901261E62036900F628050446C3F8BE
:102B70004455284602F05CFF2369C3F848052369E1
:102B80009E60236902E0D3F824211AB9D3F85021BA
:102B9000002AF8D00022C3F85021284602F048FF4E
:102BA000236918BB0022C3F86021236901225A61FE
:102BB0002269D2F80431002BFBD00021C2F80411A5
:102BC0002369D3F8240160B1C3F824112369D3F831
:102BD000C404C3F8C404022803D0042814BF04208A
:102BE000032070BDD3F82421002ADBD1D3F8602163
:102BF000002AF7D0D6E700BF70B52B4C6369D3F835
:102C00006421002A3DD1D3F86821F2B9D3F8042118
:102C100072B1227F0021C3F804114AB141F2380297
:102C2000D3F83C05A258C4F820080AB1904763695C
:102C3000D3F8242142B10022C3F82421D3F8D024B0
:102C4000C3F8D02401225A6170BD0022C3F8682164
:102C5000164822770123637702F0D2FE41F2340353
:102C6000E35803B1984763691048C3F8440500234B
:102C7000637702F0DDFE63690122C3F848055A63F9
:102C8000C4E7002204F12006C3F864210125304680
:102C9000257702F0B5FE63694FF40062C3F834652E
:102CA000C3F838251D63AEE7F49200201C9B00207A
:102CB00038B50E4C0E4A20464FF47A7340F8202B5C
:102CC0000025C4E9015302F07DFE04F6280002F05D
:102CD00079FE084A084B6577D2E907210320207660
:102CE0006176A276C4E9043338BD00BFF4920020B7
:102CF00070E8030084EF03000030004070B500244A
:102D000044749DF81050C9B10F4E0160B142846007
:102D100012D00E4CA14204BF012101710C4951F89F
:102D20002220027351F82330837351F82530437306
:102D30000023C373037470BD0471EFE7054B064AAB
:102D40000648242107F016FF0030024000F0024040
:102D500084EF03008CE80300F4E803009CE8030020
:102D6000437C03B1704730B5012285B04274032122
:102D7000FF22019304468DF803208DF806208DF87C
:102D80000510827B417B8DF800204FF080451A466C
:102D900002958DF80110057BC37369460374039394
:102DA0008DF8025006F0F8FAA37B1F2B86BF03F0C4
:102DB0001F030C4A4FF0A04203F5E07340F20131CB
:102DC00042F82310637B1F2B86BF03F01F030549C6
:102DD0004FF0A04103F5E07340F2033241F82320A5
:102DE00005B030BD0003005010B5044606F01CFCD1
:102DF0000023637410BD00BF10B483B002AB03E9BD
:102E000006009DF805309DF80410026813F1FF33A9
:102E100018BF012300240229C2F800451C46037490
:102E2000C17332D003292DD0012925D0224B00991E
:102E3000B3FBF1F3B3F5007FC2F854451FD2FF2B6B
:102E40000FD87F2B24D83F2B25D81F2B26D80F2B0C
:102E500027D8072B02D819498A4225D04FF00041C4
:102E600001E04FF080610723C2F82415C2F8003555
:102E700003B05DF8044B704743F00204D6E74FF00F
:102E80000071F0E743F00604D0E743F00404CDE717
:102E90004FF00061E7E74FF08051E4E74FF0005159
:102EA000E1E74FF08041DEE7042B34BF4FF0A05143
:102EB0004FF02061D7E700BF0090D00300F0024040
:102EC00003680022C3F80025704700BF002B3AD0EA
:102ED0002DE9F047814684B00D4617461E464FF651
:102EE000FF784FF0000A4645344628BF4446002D7F
:102EF00014BF2346002300950297361B01938FB120
:102F0000002269464846039406F0F0FB05B12544CB
:102F10002744002EE7D104B0BDE8F087CDE9005585
:102F20000295361B002269464846CDF80CA006F0F3
:102F3000DDFB4DB94645344628BF4446002EEDD151
:102F400004B0BDE8F08770472544002ECBD1E2E7FE
:102F500010B586B006AB012403F8111D002202A9AA
:102F60000293CDE90343059406F0C0FB9DF80700EA
:102F700006B010BD70B41049104A1148114BD56805
:102F8000946808601069D66C0D738C730125946C7D
:102F90004873106D0D7100220B4D1E739C73587396
:102FA000CA730A741A71DA731A741D604A748A60DB
:102FB0005A749A6070BC704730A3002084EF0300FD
:102FC00000F0024044A3002000300240704700BFE0
:102FD00010B404682469A4465DF8044B604700BF40
:102FE00030B40468BDF808500295A46BA44630BC08
:102FF000604700BF30B40468BDF808500295E46B28
:10300000A44630BC604700BF704700BF01F0030119
:1030100001298176B0F90830B0F90A2004D00329DB
:1030200002D08381C28170478281C381704700BF13
:103030002DE9F04385B0994204460768BDF9306038
:10304000BDF8348023D0B2421D4611D07B69DFF831
:1030500084904B4536D1CDE900682B46BE6A2046A8
:10306000B0472368DB6A4B4527D105B0BDE8F08344
:1030700099421FDDCDF830800131FE6B4B1B1BB236
:1030800029462046B44605B0BDE8F0436047B24249
:103090000CDDCDF83080531CBD6B9B1B1BB2324640
:1030A0002046AC4605B0BDE8F043604733461646BF
:1030B0001A46EEE70D461946DCE7204605B0BDE8A6
:1030C000F0431847CDE9021298472768DDE902125C
:1030D000C1E700BFCD2F03002DE9F04FD0F800C0AD
:1030E0001F46DCF814601A4B83B09E420546BDF9BA
:1030F0003090BDF834A00C4690461FD12744BC4206
:1031000014DADFF850B0DCF82060CDF800A05E459E
:1031100021464B464246284601D1DCF8386001344E
:1031200024B2B047BC42D5F800C0ECDBDCF82C3050
:10313000074A934206D103B0BDE8F08FB047D5F8F7
:1031400000C0DBE7284603B0BDE8F04F184700BFDA
:10315000CD2F0300E12F03002DE9F04FD0F800C080
:103160001D46DCF814A02D4B83B09A450446BDF9EA
:103170003090BDF834708846164641D1DCF824B052
:10318000DFF89CA00097D34508BFDCF83CB02B4685
:10319000324641462046D8472368D3F824B00097EA
:1031A00009F1FF323244D34512B232D1D3F83CA0F8
:1031B00041462B462046D0472368DFF868A0D3F865
:1031C00020B00097D34508BFD3F838B032464B46FD
:1031D00041462046D8472368691E1D6A0097554519
:1031E000414408BF9D6B32464B4609B22046A84772
:1031F00023680A4ADB6A934206D103B0BDE8F08F28
:10320000D047D4F800C0B9E7204603B0BDE8F04F7E
:1032100018472B4641462046D847CDE7CD2F03001F
:10322000F52F0300E12F03002DE9F04F85B01E4676
:10323000BDF93850BDF83CA0AB1A002B9046A6EB68
:103240000102B8BF5B42002AB8BF52429342074610
:1032500079DCAE464446AC4640463546884676461E
:1032600021469946A8455CDDA8EB0504A4B2A0EB75
:103270000C0002944FF6FF7C24B204EBD47480EA75
:10328000E079B142C8BF4FF0010CA9EBE0796410BE
:10329000CDF80CC09342304B01931FFA89F933DC0F
:1032A000D7F800C0019BDCF818B09B45294653466F
:1032B00008BFDCF810B0A4EB090432463846D84702
:1032C000A3B21CB20135002C2DB205DA039A1644C4
:1032D000029AD41836B224B2A845E1DA05B0BDE8A6
:1032E000F08FDCF810B0D847A4EB0904A3B21CB2ED
:1032F0000135002C2DB205DA039A1644029A9C1867
:1033000036B224B24545E9DCD7F800C0019BDCF8B1
:1033100018B09B452A46534631463846E1D0D84737
:10332000E2E7A5EB080080B204B204EBD474B1422A
:1033300002904FEA640428460E46454607DA01210A
:1033400003918046A6E7B446084691468AE74FF6C1
:10335000FF71039180469DE7D12F03002DE9F04FC7
:10336000D0F800C0DFF888E0DCF8406083B0764534
:10337000BDF93080BDF834A028D191461F461B4AC4
:10338000DCF81430934205460C462BD12744BC424E
:1033900014DADFF860B0DCF82060CDF800A05E45FC
:1033A000214643464A46284601D1DCF838600134BC
:1033B00024B2B047BC42D5F800C0ECDBDCF82C30BE
:1033C0000A4A934209D103B0BDE8F08FB446CDE973
:1033D0000C8A03B0BDE8F04F6047284603B0BDE853
:1033E000F04F18479847D5F800C0CFE7CD2F03001E
:1033F000D9300300E12F03002DE9F04FD0F800C0D1
:10340000284BDCF84040B0F90C80B0F90E709C42BB
:1034100083B0894633D1DCF81430DFF88CB05B45DB
:1034200005463AD1B8F1000F22DD0024DFF87CA078
:10343000A64609E0DCF838600134B0470FFA84FE94
:10344000F045D5F800C013DDDCF82060CDF8009021
:10345000564571463B464FF000022846EAD00134FB
:103460000022B0470FFA84FEF045D5F800C0EBDC2F
:10347000DCF82C305B450BD103B0BDE8F08F0022A7
:10348000CDE9007143461146A04703B0BDE8F08F77
:10349000284603B0BDE8F04F18479847D5F800C05C
:1034A000C0E700BFD9300300CD2F0300E12F030098
:1034B0002DE9F04FD0F800C01646DCF81450304A21
:1034C00085B095420746BDF838B00C464DD19BB249
:1034D00003F1FF39DCF828502A4A1FFA89F909EB71
:1034E000040895420FFA88F810D0CDE9006B4346E6
:1034F000324621463846A847D7F800C0DCF82C30C1
:103500001F4A934237D105B0BDE8F08F444526DD10
:10351000C3F101031FFA83F90FFA89F5234605EB7E
:10352000D57544466D109846174BDCF818A09A459F
:1035300032465B46214638460FD1DCF810A0D04712
:103540000134002D24B203DA013E4D4436B22DB2CF
:10355000A045D7F800C0E7DAD0E7D047F0E70FFA88
:1035600089F505EBD5756D10DEE70393A847D7F80D
:1035700000C0039BABE7384605B0BDE8F04F1847E5
:10358000CD2F030029320300D12F03002DE9F04F86
:10359000D0F800C09046DCF81440424A85B094420E
:1035A0000646BDF838900F466ED1DCF828503E49EB
:1035B000013B1FFA88F213449BB28D421CB250D1DA
:1035C000444528D066DAD31A9BB21DB205EBD575F7
:1035D000A04503934FEA65053BDBDFF8D0A010E080
:1035E000DCF810B0D8470134002D24B2ABB204DAB5
:1035F000039A013F9D183FB22DB2A045D6F800C0F6
:1036000027DBDCF818B0D3454B4622463946304616
:10361000E6D0D847E7E7DFF894A03D464FF0000832
:10362000BB46DCF818705745224608BFDCF810701E
:1036300029464B463046B8470135B8F1000FB8BFB0
:1036400004F1FF342DB2B8BF24B2AB45D6F800C0A8
:10365000E7DADCF82C30134A934210D105B0BDE80C
:10366000F08F42463B46CDE9004939463046A847EF
:10367000D6F800C00B4ADCF82C309342EED030462E
:1036800005B0BDE8F04F18470393A047D6F800C037
:10369000039B8AE7104621461A464446034688465D
:1036A00091E700BFCD2F030029320300D12F030083
:1036B00070B4002461F30F0462F31F44094A0260EE
:1036C0004FF0FF36002240F2011501218460C460F2
:1036D00046610583C17642600261827602770262AA
:1036E00070BC70473CEE03002DE9F04F97B0834665
:1036F0000D91016ABDF880000290BDF8840003902E
:103700009DF8880006909DF88C000890059200298D
:1037100000F0EB800A7AD1E900109B1ADBB200EBD3
:10372000C30230F83330079393780493D37810931F
:1037300092F905301593069B0A91012B92F90640E8
:1037400040F2CB80BDF954300E9323B21293AE4BAE
:10375000DBF800C009931A46DCF81430934240F0BD
:103760004D81109B002B00F08B80BDF8143013931B
:10377000002223440C92149392460B92049B002B3C
:1037800076D00B9B129A089913981A4402FB0102F7
:103790001499CB181BB211930FFA82F90C9B0025D8
:1037A00009E00135049AEDB24FEA4A0AAA425FFAEB
:1037B0008AFA434658D95A1C5B075FFA82F806D149
:1037C000079A0A99531C9BB211F802A007931AF0AA
:1037D000800FE6D0069ABDF83430012A59D00E9AEF
:1037E0000699DCF81C60BDF920705419874A04FB67
:1037F0000134964224B20BB260D1DCF84060844AB6
:1038000096425BD1DCF81430099A934260D1069B52
:103810002344A34203931DDD7E4B05930F950BE0DC
:10382000029D0095DCF83860B0470134039BDBF85B
:1038300000C024B2A3420CDDDCF82060059DAE423E
:1038400021463B464A465846EAD0029B00933B46F7
:10385000EAE70F9DDCF82C30099A9342A1D0584634
:103860009847DBF800C09CE70C9B1344DBB20C9339
:103870000B9B109A0133DBB29A420B933FF67EAF5B
:10388000DCF82C30099A934240F0B38017B0BDE8C1
:10389000F08F089A012AA2D1159ADCF81840134437
:1038A0005D4A5919944208BFDCF81040029B119AF6
:1038B00009B25846A047DBF800C072E7029A2146D9
:1038C000CDE9007258464A46B047DBF800C068E7C9
:1038D00058469847DBF800C099E7089B012B3FF654
:1038E00031AF002312930E9331E7BBF90C200D99F1
:1038F0008A42CBDDBBF90E2005988242C6DDBDF8B9
:103900001840062212FB0412002ABFDD089A00EBC1
:10391000C202002ABADD9BF81C201AB9AF2B84BF63
:103920000133DBB2384ADBF800C009921146DCF8FB
:1039300014208A4240F08C81384ABDF834100F912F
:1039400003EB8303D3180D93BDF818300E930023B7
:103950000B910C930D9ABDF92C3012F8018B0D923E
:10396000069A07939F18082304930026B94618F077
:10397000010F55D00699BDF814200129B3B200F00B
:10398000F2800899DCF81C4011FB03F313441F4A32
:1039900094421DB20FFA81FABDF9183040F0068149
:1039A000DCF840401A4A944240F00081DCF81430C0
:1039B000099A934240F02281079C4C4570DA0A969E
:1039C0000AE0029E0096DCF83870013424B2B84751
:1039D0004C45DBF800C062DADCF820700D4EB742CF
:1039E000214653462A465846EBD0029B0093534645
:1039F000EBE7584617B0BDE8F04F184758469847D0
:103A0000DBF800C0ADE600BFCD2F03005D3303003F
:103A1000D9300300E12F0300D12F030034E9030064
:103A2000DDE90232934241D00699BDF81420012904
:103A3000B3B200F0C5800899DCF81C4011FB03F319
:103A400013448F4A94421DB20FFA81FABDF918301F
:103A500040F0CD80DCF840408A4A944240F0C78074
:103A6000DCF81430099A934240F0CD80079C4C4515
:103A700016DA0A96DCF82070834EB7422146534688
:103A80002A46584640F08680039E00960134DCF8B2
:103A9000387024B2B8474C45DBF800C0EADB0A9E18
:103AA000DCF82C30099A934240F0A380049B013B40
:103AB000013613F0FF0376B24FEA580804937FF4FF
:103AC00056AF0B9B0E9A13440C9A01329BB2052AF7
:103AD0000C920B937FF43EAFDDE9023293423FF448
:103AE000CFAE069B012B00F0A0800E9B0F99DCF857
:103AF0001C60634A03EB83031944089B96424FEA18
:103B0000C3050CB2BDF9183040F0A980DCF8406064
:103B10005C4A964240F0A380DCF81430099A934244
:103B200040F0A980069B23449C421E4670DADFF8D1
:103B30005881DDF814900AE0039F0097DCF8387094
:103B4000013424B2B847B442DBF800C060DADCF8D4
:103B50002070474521462B464A465846ECD0039BE9
:103B600000932B46ECE7089901297FF40AAF134430
:103B70000C990F9ADCF8184051181AB2434B9C422A
:103B800008BFDCF81040029B09B25846A047DBF89A
:103B900000C08BE7039B00930134534624B2B8471F
:103BA000A145DBF800C03FF765AF78E7029A0799B7
:103BB000CDE900A258462A46A047DBF800C075E7C9
:103BC000089901297FF437AF13440C990F9ADCF858
:103BD000184051181AB22D4B9C4208BFDCF8104017
:103BE000039B09B25846A047DBF800C05EE7039A82
:103BF000DDE758469847DBF800C057E75846984736
:103C0000DBF800C0D8E658469847DBF800C02DE73F
:103C1000DCF82C30099A93423FF435AE5846984769
:103C2000DBF80030099ADB6A2DE6089B012B7FF454
:103C30005CAF0F9900920531059ADCF8204008230B
:103C400009B25846A047DBF80030099ADB6A1AE649
:103C5000049358469047DBF800C0049B6CE6039A37
:103C60002146CDE900525846059AB047DBF80030AE
:103C7000099ADB6A07E658469847DBF800C051E727
:103C80005D330300D9300300E12F0300D12F03007F
:103C90002DE9F041036A84B00446002B4FD00A2975
:103CA00041D00D2947D01A7A914244D3987A88425C
:103CB00041D38A1A5D68B4F91060207ED2B205EB58
:103CC000C205AF7857B3EA7842B394F81BC0B4F991
:103CD000122094F819E0BCF1000F0FD095F905C03F
:103CE000B4F90C80674400FB0767474506DD0026F2
:103CF00026821B7B03FB0E2212B26282B4F816C02E
:103D0000CDF80CE0A78A02900B4620463146CDE95B
:103D1000007CFFF7E9FCB4F91060207E297901FBF3
:103D20000060208207E0002202821B7B428A417EE3
:103D300001FB03234382012004B0BDE8F0810A297E
:103D40002CD00D29F7D0C67EB0F91070B4F912202E
:103D5000007E657E66B10626B4F90CC016FB0076BF
:103D6000664505DD02EBC50212B2628223821F4660
:103D7000E68A0395A58A02900B4620463946CDE98E
:103D80000056FFF7B1FC237E228A03EB430302EBCC
:103D900043030120238204B0BDE8F081428A417EC2
:103DA000038202EBC1034382C5E700BF002908BFBD
:103DB000012101764176704730B4BDF90850BDF954
:103DC0000C40029503949DF810509DF81440049502
:103DD00005949DF81850046806956469A44630BCA3
:103DE000604700BF704700BF03681B69184700BFEA
:103DF00030B4BDF90850BDF90C40029503949DF80C
:103E000010509DF81440049505949DF818500468CE
:103E100006956469A44630BC604700BF30B4BDF964
:103E20000850BDF90C4002950394BDF91050BDF93E
:103E3000144004950594BDF91850BDF91C40069531
:103E400007949DF820509DF82440089509949DF80A
:103E5000285004680A95246AA44630BC604700BF15
:103E6000704700BF704700BF704700BF704700BF7A
:103E7000704700BF10B50446406AFEF7B5FFB4F9BD
:103E80000C00002802DB002106F010F8B4F90E0047
:103E9000002802DB002106F009F8B4F91000002820
:103EA00004DB0021BDE8104006F000B810BD00BFE3
:103EB00038B504469DF81000E386002384F83020CE
:103EC00084F8312084F8210084F8323084F83330CB
:103ED00084F8343084F83530002940F09B80B4F900
:103EE0000C0000280CDB012106F064F80121B4F974
:103EF0000C0005F0DBFF0121B4F90C0006F05AF8C4
:103F0000B4F91000002829DB94F82150002D64D169
:103F1000012106F04FF80121B4F9100005F0C6FFA9
:103F20000121B4F9100006F045F80A2002F0E8FD7E
:103F30002946B4F9100006F03DF8E08E02F0E0FDED
:103F4000B4F91000012106F035F8E08E0A2838BFD8
:103F50000A2002F0D5FD002384F83430606AFEF7B1
:103F6000FFFEB4F9100000280CDB012106F022F856
:103F70000121B4F9100005F099FF0121B4F91000F6
:103F800006F018F8B4F90C0000280CDB012106F04B
:103F900011F80121B4F90C0005F088FF0121B4F9F2
:103FA0000C0006F007F8B4F90E0000280CDB012124
:103FB00006F000F80121B4F90E0005F077FF0121A9
:103FC000B4F90E0005F0F6FFB4F91200002820DB6A
:103FD0000021BDE8384005F069BF002105F0EAFF87
:103FE000B4F91000012105F061FF0021B4F91000BF
:103FF00005F0E0FFE08E02F083FDB4F9100002212D
:1040000005F054FFE08E0A2838BF0A2002F078FD40
:10401000A1E738BD0348F2F7C1FA012384F8203044
:104020005DE700BF5463002030B50268674B5568F8
:104030009D4283B05CD10446002340F201150A2062
:1040400084F8213084F8343084F835302563E086F4
:10405000002940F0B480B4F90C00002880F285807B
:10406000B4F9100000282ADB94F82150002D40F00C
:104070008A80012105F09EFF0121B4F9100005F0AE
:1040800015FF0121B4F9100005F094FF0A2002F099
:1040900037FD2946B4F9100005F08CFFE08E02F0E0
:1040A0002FFDB4F91000012105F084FFE08E0A28ED
:1040B00038BF0A2002F024FD002384F83430606AFF
:1040C000FEF74EFEB4F9100000283CDAB4F90C00FB
:1040D000002826DAB4F90E00002810DAB4F912002C
:1040E00000280ADB002103B0BDE8304005F0DEBE49
:1040F0000023009301220A23A84703B030BD012109
:1041000005F058FF0121B4F90E0005F0CFFEB4F917
:104110000E00012105F04EFFB4F912000028E1DA8B
:10412000EBE7012105F046FF0121B4F90C0005F091
:10413000BDFEB4F90C00012105F03CFFB4F90E00FE
:104140000028CBDBDBE7012105F034FF0121B4F9C6
:10415000100005F0ABFEB4F91000012105F02AFFB4
:10416000B4F90C000028B5DBDBE7012105F022FFE4
:10417000B4F90C00012105F099FE0121B4F90C00FD
:1041800005F018FF6CE7002105F014FFB4F91000EA
:10419000012105F08BFE0021B4F9100005F00AFFA3
:1041A000E08E02F0ADFCB4F91000022105F07EFEB5
:1041B000E08E0A2838BF0A2002F0A2FC7CE70448FF
:1041C000F2F7ECF9012384F8203044E7B13E030014
:1041D00054630020F0B4BDF81C50BDF91070BDF858
:1041E0002040002665F30F06002561F30F0562F3FA
:1041F0001F45002263F30F021B4B9DF8281003603C
:1042000064F31F469DF82C30466067F31F429DF80B
:1042100030609DF8247041728372BDF91410134B05
:104220000261069A0772C672C560114F818201262B
:1042300040F20115C26143624FF6FF7200230A216A
:10424000876280F82D600563C18680F8203080F891
:104250002C3080F8343080F83530C0E90E33C2821B
:104260000283F0BC704700BFA8EE030030A300201B
:1042700000093D0010B483B06C4684E80C00A388AC
:1042800041628262838503B05DF8044B704700BFD2
:1042900038B5B0F91030002B2ADB90F821500446D5
:1042A000184635BB012105F085FE0121B4F9100047
:1042B00005F0FCFD0121B4F9100005F07BFE0A2099
:1042C00002F01EFC2946B4F9100005F073FEE08EE2
:1042D00002F016FCB4F91000012105F06BFEE08E2F
:1042E0000A2838BF0A2002F00BFC002384F834307F
:1042F00038BD002105F05EFEB4F91000012105F083
:10430000D5FD0021B4F9100005F054FEE08E02F056
:10431000F7FBB4F91000022105F0C8FDE08E0A2871
:1043200038BF0A2002F0ECFBDFE700BF2DE9F843BD
:10433000B0F91230002B6EDB04460120894602F0F2
:10434000DFFB3E4BDB68D9015AD53D4B1A68D207DB
:1043500056D55D68AD09394FDFF8F480384E05E079
:104360007368E2699B095B1B934225D8B4F912007C
:1043700005F03CFEB4F91430984221D1A36B002B18
:1043800057D0E06B9847B4F9120005F02FFEB4F94E
:104390001430984214D1FB68DB0102D53368D8078A
:1043A000DED403F01BFEA0FB0801830A43EA81531D
:1043B000E2695B1B9342D9D92249234801F0B2FA42
:1043C000B9F1000F25D094F8203013B31B4BDB68F4
:1043D000D90125D51A4B1A68D20721D55B689B09EC
:1043E000494619485D1B01F0D1F91849164801F0FA
:1043F000CDF929460A221448BDE8F84301F0AABACB
:1044000003F0ECFD124BA0FB0301850A45EA815540
:10441000A1E7BDE8F8831046BDE8F84302F070BBA1
:1044200003F0DCFD0A4BA0FB0301830A43EA81533E
:10443000D6E7012002F064FBA5E700BFF0ED00E045
:10444000001000E08CEE0300546300209CEE03009B
:1044500040420F0038B500F1280304460D46406A7B
:1044600093E80600FEF7C8FCB4F90E00002802DB52
:10447000002105F09FFDB4F90C00002802DB0021AB
:1044800005F098FD2946606AFEF762FDB4F90C005C
:10449000002802DB012105F08DFDB4F90E00002893
:1044A00002DB012105F086FD606ABDE83840FEF7B9
:1044B00007BD00BF38B500F1280304460D46406A29
:1044C00093E80600FEF798FCB4F90C00002802DB24
:1044D000002105F06FFD2946606AFEF739FDB4F949
:1044E0000C00002802DB012105F064FD606ABDE8D4
:1044F0003840FEF7E5BC00BF00F1280310B50446C4
:1045000093E80600406AFEF777FCB4F90C00002837
:1045100004DB0021BDE8104005F04CBD10BD00BF1C
:10452000406AFEF715BD00BF10B50446B0F90C0097
:10453000002802DB012105F03DFD606ABDE8104066
:10454000FEF7BEBC90F8323010B504467BB1222194
:10455000FFF780FF83212046FFF7ACFF2021204694
:10456000FFF778FF962205492046FFF7DFFE00237C
:1045700084F8323084F8333010BD00BF1CEF0300E4
:1045800038B590F8323004467BB12221FFF762FF44
:1045900083212046FFF78EFF20212046FFF75AFF98
:1045A00096220D492046FFF7C1FEB4F910300025D0
:1045B000AB4284F8325084F833500CDB1021204693
:1045C000FFF748FF01212046FFF774FF012384F81D
:1045D000355084F8343038BD1CEF030030B58BB053
:1045E0004FF0000CBDF9384000940124CDE9074498
:1045F00001940324CDE9054C064D0295C824CDE96C
:1046000003440446FFF7E6FD034B236020460BB04E
:1046100030BD00BF8096980030EF03002DE9F843CD
:1046200004460E46112115469946BDF82080FFF735
:1046300011FF20460321FFF73DFFC6F3C7072046C1
:104640004421FFF707FF39462046FFF733FF06EB0B
:104650000903591E48BF991D2046C1F3C701FFF742
:1046600029FF5FFA85F920464521FFF7F3FEA844AC
:1046700049462D0A2046FFF71DFF08F1FF3629465F
:104680002046FFF717FFF1B22046FFF713FF311E58
:10469000B8BF08F1FE012046C1F30721FFF70AFF6A
:1046A00020464E21FFF7D6FE39462046FFF702FF8F
:1046B00020464F21FFF7CEFE49462046FFF7FAFE7F
:1046C00029462046BDE8F843FFF7F4BE30B504465E
:1046D00083B039B30368264ADD6B95423BD190F82D
:1046E0003120DAB9C82300931146FFF797FF20461F
:1046F0002221FFF7AFFE2046FC21FFF7DBFE20461C
:104700002021FFF7A7FE4FF4FA721A492046FFF75F
:104710000DFE012384F8323003B030BD9B6B164A86
:1047200093421FD120462221FFF794FE2046F72115
:10473000FFF7C0FE20462021FFF78CFE40F628221E
:104740000E492046FFF7F2FD002384F8323084F84A
:10475000313003B030BDC823002200931146A84772
:1047600003B030BD002103B0BDE83040184700BFA2
:10477000814703000CEF0300CD460300FCEE03006D
:10478000F0B590F8316083B00446BDF92050002E9A
:1047900051D10029BCBF5B181BB221EAE170002A8D
:1047A000B8BFAD1800EB0301B8BF2DB222EAE27228
:1047B000C729C8BFC0F1C80302EB0501C8BF1BB2BF
:1047C000C729C4BFC2F1C8052DB2002B31DD002DB1
:1047D0002FDD00F007010B4499B20EB2774207F0CB
:1047E000070706F0070358BF7B42002B02DD0831A4
:1047F000CB1A1EB2ADB24FF6F871B3B292B201400D
:1048000000952046FFF70AFF22212046FFF722FEEF
:10481000FC212046FFF74EFE20212046FFF71AFE1E
:104820004FF4FA7215492046FFF780FD012384F802
:10483000323003B0F0BD0368114A9B6B934217D12D
:104840002221FFF707FE2046F721FFF733FE20461F
:104850002021FFF7FFFD40F628220A492046FFF7F6
:1048600065FD002384F8323084F8313003B0F0BDA8
:10487000002103B0BDE8F040184700BF0CEF030073
:10488000CD460300FCEE030090F8343010B504462A
:104890000BB1FFF7FDFC0A2002F032F9122120468D
:1048A000FFF7D8FD0A2002F02BF901212046FFF77F
:1048B000D1FDC7212046FFF7FDFD00212046FFF76F
:1048C000F9FD00212046FFF7F5FD3C212046FFF7CA
:1048D000C1FD05212046FFF7EDFD18212046FFF719
:1048E000B9FD80212046FFF7E5FD11212046FFF7A5
:1048F000B1FD03212046FFF7DDFD44212046FFF7EF
:10490000A9FD00212046FFF7D5FD18212046FFF71D
:10491000D1FD45212046FFF79DFD00212046FFF7F0
:10492000C9FD00212046FFF7C5FDC7212046FFF73E
:10493000C1FD00212046FFF7BDFD4E212046FFF7B7
:1049400089FD00212046FFF7B5FD4F212046FFF7E6
:1049500081FD00212046FFF7ADFD00212046FFF735
:10496000A9FD012384F8353010BD00BF90F8353023
:1049700070B505460C461646002B4FD0112128462F
:10498000FFF768FD03212846FFF794FD44212846E0
:10499000FFF760FD00212846FFF78CFD182128460F
:1049A000FFF788FD45212846FFF754FD00212846E2
:1049B000FFF780FD00212846FFF77CFDC721284630
:1049C000FFF778FD00212846FFF774FD4E212846A9
:1049D000FFF740FD00212846FFF76CFD4F212846D8
:1049E000FFF738FD00212846FFF764FD0021284627
:1049F000FFF760FD21462846FFF72CFD2846FFF70C
:104A00007BFD41F2883431462846FFF789FD013CA1
:104A1000F9D12846BDE87040FFF786BDFFF734FFA7
:104A2000ACE700BF2DE9F04F8BB01E469DF85C301F
:104A3000059305469DF86030BDF954B0BDF950A00E
:104A4000BDF95840069101200493174602F058F82A
:104A5000734203F0070306F0070858BFC3F10008CC
:104A60001BF1070948BF0BF10E09A6EB0806C9F3B5
:104A7000CF091FFA86F84FEAC9031BB20FFA88F66E
:104A8000F11826EAE676C729B6B2C8BFC8F1C8034E
:104A9000A6EB0808C8BF1BB21FFA88F80AEB04018E
:104AA000A3EB0803C7291FFA8AF09BB2C8BFC0F165
:104AB000C8010FFA83FBCCBF09B22146BBF1000F3E
:104AC0006DDD2AEAEA7292B2101A1FFA80FAA1EB9F
:104AD0000A0107928AB2089212B2002A03925EDD9E
:104AE00095F83520002A00F0C78095F83020002A7C
:104AF00040F08C80089A00923146079A2846FFF7CA
:104B00008DFD06992846FFF7A5FC0FFA88F8284680
:104B1000FFF7F2FCB8F1000F0FFA8AF304F1FF3649
:104B2000B8BF08F1070813FB09F4C8F3CF08F61A59
:104B300016FB0986A0441FFA88F44FEAEB0BB6B2C5
:104B40004FF00008BBF1000F14D0049B53BB059B32
:104B500004EB0B0A002B38D11FFA8AF306949A460D
:104B600022B22846B95CFFF7DBFC631C9CB25445BB
:104B7000F6D1069C039B08F101080FFA88F8A6EB12
:104B800009064C444345B6B2A4B2DBD12846FFF730
:104B9000CBFC01200BB0BDE8F04F01F0B1BF0BB072
:104BA000BDE8F08F059B06EB0B0AF3B91FFA8AF3F9
:104BB00006949A46344622B22846B95CFFF7B0FC08
:104BC000631C9CB25445F6D1D3E71FFA8AF30694CE
:104BD0009A4622B22846B95CC943C9B2FFF7A0FC85
:104BE000631C9CB2A245F4D1C3E71FFA8AF3069472
:104BF0009A46344622B22846B95CC943C9B2FFF787
:104C00008FFC631C9CB2A245F4D1B2E7296823480B
:104C10000A69824236D1CA68214909938A4232D14F
:104C2000FF2226212846FFF7A1FEFF222421284645
:104C3000FFF79CFE2A681B49926B099B8A4227D189
:104C400022212846FFF706FCF7212846FFF732FC11
:104C500020212846FFF7FEFB40F62822124928466D
:104C6000FFF764FB0022099B85F8322085F831208C
:104C7000002285F830203DE728460993FFF704FE1F
:104C8000099B32E70993FF2128469047099B31E7AA
:104C90000993002128469047099BE9E7E154030066
:104CA0002D530300CD460300FCEE030030B587B062
:104CB000BDF92850BDF92C40009301959DF8303086
:104CC0009DF8345002949DF83840039304951346A0
:104CD00005940A462421FFF7A5FE07B030BD00BFAA
:104CE0002DE9F04F89B00C46BDF94870BDF94C80F4
:104CF0009DF850909DF854A09DF858B0009315462B
:104D00001E46CDE901781346CDE9039A0A46CDF84F
:104D100014B026210790FFF785FECDE904ABCDE95D
:104D20000289CDE900672B46224607982421FFF728
:104D300079FE09B0BDE8F08F30B587B0BDF92850D5
:104D4000BDF92C40009301959DF830309DF834500A
:104D500002949DF8384003930495134605940A463F
:104D60002621FFF75FFE07B030BD00BF2DE9F04FF1
:104D70005C428DB004F0070403F0070658BF66429A
:104D80009E1B9DF87440BDF958300493BDF95CA09A
:104D900007949DF87840BDF96C50BDF96070069499
:104DA0000FFA86FB049CBDF970E0BDF96430BDF9D3
:104DB00068C0AAEB0B063C1BB542A8BF354674453C
:104DC0000994A8BF74465F422DB207F0070703F0AD
:104DD000070658BF7E42EF1D48BF05F10E079B1B1B
:104DE0009BB227F007073FB21EB2F51926EAE67616
:104DF000C72DB6B2C8BFC3F1C807A6EB030324B2E0
:104E0000C8BF3FB21FFA83F90CEB040EA7EB0907EA
:104E1000BEF1C70F1FFA8CF5BFB2C8BFC5F1C804F9
:104E20000FFA87F8C8BF24B2B8F1000F7BDD2CEA77
:104E3000EC7C1FFA8CF35D1B0393ABB2E41A08936E
:104E4000A3B21CB2002C05946DDD154690F83520F8
:104E50000A910446002A00F0E48094F83020002AE9
:104E600040F0A980039A009331463B462046FFF765
:104E7000D5FB0A992046FFF7EDFA4FEAE8032046F2
:104E80000FFA89F90393FFF737FBBBF10002B8BFB4
:104E90000732099BB9F1000F4FEAE207B8BF09F1E9
:104EA0000709BDF92020089207EBE907013B1AF139
:104EB000070948BF0AF10E09BFB29B1A0993C9F34B
:104EC000CF090026BA460399F9B10498089A02441A
:104ED0000998B3B21A44C31A13FB09A31FFA83FB40
:104EE000069B12FB09A297B203BB079B002B35D18F
:104EF00007EB01081FFA88F83BB201372046E95C4E
:104F0000BFB2FFF70DFBB845F6D10136059B36B2AF
:104F1000B342D8D12046FFF707FB01200DB0BDE812
:104F2000F04F01F0EDBD0DB0BDE8F08F079B53BB16
:104F30000BEB01081FFA88F80FFA8BF30BF1010B4A
:104F40002046E95C1FFA8BFBFFF7EAFAC345F3D171
:104F50000136059B36B2B342B5D1DBE707EB01085A
:104F60001FFA88F83BB20137E95CC9432046C9B251
:104F7000BFB2FFF7D5FAB845F4D10136059B36B27A
:104F8000B342A0D1C6E70BEB01081FFA88F80FFA6D
:104F90008BF30BF1010BE95CC9432046C9B21FFA40
:104FA0008BFBFFF7BDFAC345F1D10136059B36B245
:104FB000B34288D1AEE7216822480A69824235D1DE
:104FC000CA6821490B938A4231D1FF22262120460B
:104FD000FFF7CCFCFF2224212046FFF7C7FC226804
:104FE0001A49926B0B9B8A4226D122212046FFF759
:104FF00031FAF7212046FFF75DFA20212046FFF71E
:1050000029FA40F6282212492046FFF78FF900229C
:105010000B9B84F8322084F83120002284F8302061
:1050200020E70B93FFF730FC0B9B16E70B93FF2158
:10503000204690470B9B15E70B9300212046904795
:105040000B9BEAE7E15403002D530300CD46030018
:10505000FCEE03002DE9F04F91B08246BDF974706B
:105060009DF884C0BDF96840BDF970600C97CDF81B
:1050700038C09DF880709DF888C00B9601200D9770
:10508000BDF96C50BDF97860BDF97C80CDF83CC0AD
:105090008B461746994601F033FD002C24DB002D8A
:1050A00022DB002E20DBB8F1000F1DDB002F1BDB05
:1050B000A74219DAB9F1000F16DBA94514DA0D9AE7
:1050C00005960B9E0F980E990C9B09900891CDE9BF
:1050D00006820493CDE90256CDE900943B465A4638
:1050E00050462421FFF742FE11B0BDE8F08F00BF0B
:1050F0002DE9F04F91B08246BDF974709DF884C0DF
:10510000BDF96840BDF970600C97CDF838C09DF8C6
:1051100080709DF888C00B9601200D97BDF96C50EA
:10512000BDF97860BDF97C80CDF83CC08B46174650
:10513000994601F0E5FC002C3FDB002D3DDB002E05
:105140003BDBB8F1000F38DB002F36DBA74234DA47
:10515000B9F1000F31DBA9452FDA0F9B0D990993A7
:105160000B9B0E980C9A0890CDE906810492CDE92C
:1051700002535A463B46262150460596CDE90094F7
:10518000FFF7F4FD012001F0BBFC0F9B0D99099383
:105190000B9B0E980C9A0890CDE906810492CDE9FC
:1051A00002530596CDE900943B465A4650462421C9
:1051B000FFF7DCFD11B0BDE8F08F012011B0BDE8B4
:1051C000F04F01F09DBC00BF90F8353070B505463A
:1051D0000E46002B00F0A28011212846FFF73AF975
:1051E00003212846FFF766F944212846FFF732F9E4
:1051F00000212846FFF75EF918212846FFF75AF9E3
:1052000045212846FFF726F900212846FFF752F9E5
:1052100000212846FFF74EF9C7212846FFF74AF933
:1052200000212846FFF746F94E212846FFF712F9DC
:1052300000212846FFF73EF94F212846FFF70AF9DB
:1052400000212846FFF736F900212846FFF732F9FA
:1052500024212846FFF7FEF82846FFF74DF941F2D2
:10526000883431462846FFF75BF9013CF9D12846DE
:10527000FFF75AF995F83530002B52D01121284606
:10528000FFF7E8F803212846FFF714F944212846E0
:10529000FFF7E0F800212846FFF70CF9182128460F
:1052A000FFF708F945212846FFF7D4F800212846E2
:1052B000FFF700F900212846FFF7FCF8C721284630
:1052C000FFF7F8F800212846FFF7F4F84E212846AA
:1052D000FFF7C0F800212846FFF7ECF84F212846D9
:1052E000FFF7B8F800212846FFF7E4F80021284628
:1052F000FFF7E0F826212846FFF7ACF82846FFF72D
:10530000FBF841F2883431462846FFF709F9013CA1
:10531000F9D12846BDE87040FFF706B9FFF7B4FAA7
:105320005AE72846FFF7B0FAA8E700BF90F83530F3
:1053300070B505460E46002B00F0BF8011212846AF
:10534000FFF788F803212846FFF7B4F844212846E0
:10535000FFF780F800212846FFF7ACF8182128460F
:10536000FFF7A8F845212846FFF774F800212846E2
:10537000FFF7A0F800212846FFF79CF8C721284630
:10538000FFF798F800212846FFF794F84E212846A9
:10539000FFF760F800212846FFF78CF84F212846D8
:1053A000FFF758F800212846FFF784F80021284627
:1053B000FFF780F826212846FFF74CF82846FFF72C
:1053C0009BF841F2883431462846FFF7A9F8013CA2
:1053D000F9D12846FFF7A8F895F83530002B6FD0A3
:1053E00011212846FFF736F803212846FFF762F817
:1053F00044212846FFF72EF800212846FFF75AF8E7
:1054000018212846FFF756F845212846FFF722F8CD
:1054100000212846FFF74EF800212846FFF74AF8FA
:10542000C7212846FFF746F800212846FFF742F833
:105430004E212846FFF70EF800212846FFF73AF8DC
:105440004F212846FFF706F800212846FFF732F8DB
:1054500000212846FFF72EF824212846FEF7FAFF00
:105460002846FFF749F841F2883431462846FFF7CD
:1054700057F8013CF9D12846FFF756F82B68164A31
:105480009B6B934220D122212846FEF7E3FFF721B0
:105490002846FFF70FF820212846FEF7DBFF40F6ED
:1054A00028220E492846FEF741FF002385F83240A6
:1054B00085F8314085F8303070BDFFF7E5F93DE7FC
:1054C0002846FFF7E1F98BE7214628469847002355
:1054D00085F8303070BD00BFCD460300FCEE030000
:1054E00090F8303070B504460E46002B00F0CC80AA
:1054F0000368944ADB68934240F01A8190F8353093
:105500000BB9FFF7C1F911212046FEF7A3FF0321D4
:105510002046FEF7CFFF44212046FEF79BFF0021E7
:105520002046FEF7C7FF18212046FEF7C3FF45219E
:105530002046FEF78FFF00212046FEF7BBFF00212B
:105540002046FEF7B7FFC7212046FEF7B3FF002134
:105550002046FEF7AFFF4E212046FEF77BFF0021DD
:105560002046FEF7A7FF4F212046FEF773FF0021DC
:105570002046FEF79FFF00212046FEF79BFF2621D5
:105580002046FEF767FF2046FEF7B6FF41F288355A
:1055900031462046FEF7C4FF013DF9D12046FEF713
:1055A000C3FF94F8353013B92046FFF76DF9112188
:1055B0002046FEF74FFF03212046FEF77BFF4421E4
:1055C0002046FEF747FF00212046FEF773FF182113
:1055D0002046FEF76FFF45212046FEF73BFF0021E6
:1055E0002046FEF767FF00212046FEF763FFC72134
:1055F0002046FEF75FFF00212046FEF75BFF4E21AD
:105600002046FEF727FF00212046FEF753FF4F21DB
:105610002046FEF71FFF00212046FEF74BFF00212A
:105620002046FEF747FF24212046FEF713FF2046C1
:10563000FEF762FF41F2883531462046FEF770FFE3
:10564000013DF9D12046FEF76FFF23683E4A9B6B70
:10565000934273D122212046FEF7FCFEF72120461B
:10566000FEF728FF20212046FEF7F4FE40F6282210
:1056700036492046FEF75AFE84F8325084F83150FD
:10568000002384F8303070BD90F83530002B52D0B4
:1056900011212046FEF7DEFE03212046FEF70AFF19
:1056A00044212046FEF7D6FE00212046FEF702FFE9
:1056B00018212046FEF7FEFE45212046FEF7CAFED1
:1056C00000212046FEF7F6FE00212046FEF7F2FEFE
:1056D000C7212046FEF7EEFE00212046FEF7EAFE37
:1056E0004E212046FEF7B6FE00212046FEF7E2FEE0
:1056F0004F212046FEF7AEFE00212046FEF7DAFEDF
:1057000000212046FEF7D6FE24212046FEF7A2FE09
:105710002046FEF7F1FE41F2883531462046FEF77D
:10572000FFFE013DF9D12046BDE87040FEF7FCBE0A
:10573000BDE870401847FFF7A7F8A9E729462046BB
:1057400098479DE72D530300CD460300FCEE030070
:10575000704700BFF8B5174682B105460E460024D3
:1057600002E00134A74207D02B6816F8011B1B6822
:10577000284698470028F4D12046F8BD1446FBE798
:1057800003688A685B680968184700BF69B170B52B
:10579000054608460C4606F08AF92B680246214663
:1057A00028465B68BDE8704018470846704700BF50
:1057B00003681B68184700BFF0B50F468BB005683B
:1057C000002A3DD00A2A04461ED100293DDB0AAE3C
:1057D00000232F4806F8043D0B46A0FB0312D20815
:1057E00002EB8201A3EB4103303306F8013D13467F
:1057F000002AF2D1304606F05AF96B68024631466B
:10580000204698470BB0F0BD0AAED2B20023022A60
:1058100006F8043D2CBF10460A200A46B2FBF0F100
:1058200000FB1127FBB2092F03F130078ABF373382
:10583000FBB2DBB20A4606F8013D0029EED1D9E7FA
:105840002B68C9B298470BB0F0BD2B682D21984743
:105850000AAD002306460E4805F8043D7B42A0FB36
:105860000321C90801EB8102A3EB4203303305F8A1
:10587000013D0B460029F2D1284606F018F92368AD
:10588000024629465B682046984730440BB0F0BD7D
:10589000CDCCCCCCF0B506688BB022B93368C9B298
:1058A00098470BB0F0BD0AACD2B20023022A04F82C
:1058B000043D05462CBF10460A20B1FBF0F200FB68
:1058C0001217FBB2092F03F130078ABF3733FBB23F
:1058D000DBB2114604F8013D002AEED1204606F065
:1058E000E6F8736802462146284698470BB0F0BD9B
:1058F000036802495B680222184700BFE0EF03001B
:1059000038B503688A685B68096804469847236865
:1059100003495B680546022220469847284438BD63
:10592000E0EF0300036870B505460C465E6849B1B8
:10593000084606F0BCF8214602462846B0472B68C8
:105940005E680446284602220149B047204470BDE3
:10595000E0EF0300F0B505468BB0066862B9336826
:10596000C9B2984704462B6815495B68284602224D
:10597000984720440BB0F0BD0AACD2B20023022AF3
:1059800004F8043D2CBF10460A20B1FBF0F200FBE6
:105990001217FBB2092F03F130078ABF3733FBB26E
:1059A000DBB2114604F8013D002AEED1204606F094
:1059B0007EF8214602467368284698470446D2E797
:1059C000E0EF030008B54FF40062002105F0ACF9E8
:1059D0000022C0F80028C0F8042808BDD0F800282C
:1059E00010B4531CD0F80448C3F30A039C4218BFF8
:1059F00081545DF8044B18BFC0F80038704700BFF1
:105A00000023C0F80038C0F804387047D0F80438D4
:105A1000D0F80028934207D05A1CC35CC2F30A0294
:105A2000C0F80428184670474FF0FF30704700BF99
:105A3000D0F80038D0F80408181A48BF00F5006004
:105A4000704700BFD0F80438D0F80028934214BF44
:105A5000C05C4FF0FF307047D0F80038D0F8040831
:105A60000133C3F30A03181AB0FA80F040097047F3
:105A700041F22303C05C704770B541F21D03044638
:105A8000C356002B0DDB5A0920320121234803F0B5
:105A90001F0301FA03F340F82230BFF34F8FBFF327
:105AA0006F8F23694FF48872C3F80823226900239B
:105AB000C2F844312269C2F8583122690123536087
:105AC0002269D36001E004F041F82369D3F858213A
:105AD000002AF8D0D3F84421002AF4D00025C3F8D6
:105AE000005522694FF0FF33C2F80C352269C2F825
:105AF00014352269C2F80835226941F22406C2F839
:105B0000103504F11400FFF77BFFA05901F0EEFE01
:105B100041F22303A551E55470BD00BF00E100E050
:105B20001430FFF785BF00BF1430FFF78BBF00BFF5
:105B30001430FFF76BBF00BF08B541F22403C05813
:105B400001F0CAFE002814BF4FF40060002008BD19
:105B500041F22303C35C03B9704770B541F22405D9
:105B600004464FF0FF31405901F00AFD002360590F
:105B70001A461946BDE8704001F0BAB810B503687E
:105B8000104A5B6882B093428DF8071014D141F23D
:105B9000240304464FF0FF31C05801F0F1FC2269A4
:105BA0009DF8073084F81D380123C2F84835226972
:105BB0001846936002B010BD01220DF1070198470D
:105BC00002B010BDC95B03002DE9F84F4AB300F5E0
:105BD000815916468846074609F1040900F61D0B4F
:105BE00000254FF0010A741BB4F5006F28BF4FF475
:105BF00000644FF0FF31D9F8000001F0C1FC08EB60
:105C000005012246584605F06BF83B69C3F8484544
:105C10003B692544AE42C3F808A0E4D82846BDE855
:105C2000F88F15462846BDE8F88F00BF70B50468A8
:105C3000824A246A944240F0BD8041F22302034626
:105C4000825C002A40F0B58041F21F000D461969C0
:105C5000185CC1F80C0541F21E001969185CC1F806
:105C6000140541F22201595C012900F0B280196942
:105C7000C1F86C25B5F5966F45D9B5F5166F40F2AC
:105C80009E80B5F5965F40F2B480B5F5165F40F2A0
:105C9000B280B5F5615F40F2B080B5F5964F40F245
:105CA000AE80B5F5E14F40F2AC8047F61222954246
:105CB00040F2A980B5F5164F40F2A8804DF6C022FB
:105CC000954240F2A680B5F5614F40F2A580B5F54A
:105CD000963F40F2A480B5F5E13F40F2A580B5F5CE
:105CE000613F40F29E80564A954240F2A380B5F54E
:105CF000E12F40F29C80B5F5612F8CBF4FF08052B0
:105D00004FF0706201E04FF49E221969C1F824251A
:105D10001A690821C2F800151A6903F61D01C2F8B4
:105D200044151A690021C2F820111A6903F61C01F2
:105D3000C2F834151A690121C2F838151A691160C0
:105D40001A694FF4887041F21D04C2F804031A570F
:105D5000002A37DB5509603502F01F02394801FA85
:105D600002F240F825201A57002A2BDB024460215A
:105D700082F8001341F21D029A56002A07DB3148CF
:105D800002F01F0401215209A14040F82210032211
:105D9000002101201C4600F069FF41F2240200238B
:105DA000A05019461A4600F0A3FF41F22303012236
:105DB000E25470BD23460022BDE8704018474FF4FE
:105DC0001D22A2E7204902F00F02114460220A7648
:105DD000D0E703F5815218691278C0F8102541F216
:105DE00021001A69185CC2F808051A69C2F86C1516
:105DF00040E7164A89E7164A87E7164A85E7164AB2
:105E000083E7164A81E74FF400027EE74FF41D0254
:105E10007BE74FF4650278E74FF46B0275E7104AB1
:105E200073E74FF06C7270E74FF0EB726DE74FF075
:105E3000E8626AE74FF0806267E700BF655E0300D3
:105E400090D0030000E100E0FCEC00E000B01300A3
:105E50000050270000F03A0000A04E0000C075007E
:105E600000903A0138B541F22303C35C002B40F0A7
:105E7000B48041F21F040369045DC3F80C4541F28C
:105E80001E040369045DC3F8144541F22203C35C98
:105E9000012B00F0A3800369C3F86C25B1F5966F60
:105EA00045D9B1F5166F40F2AB80B1F5965F40F27F
:105EB000B180B1F5165F40F2AF80B1F5615F40F29D
:105EC000AD80B1F5964F40F2AB80B1F5E14F40F2B5
:105ED000A98047F61223994240F2A680B1F5164FE9
:105EE00040F2A5804DF6C023994240F2A380B1F55F
:105EF000614F40F2A280B1F5963F40F2A180B1F52A
:105F0000E13F40F29F80B1F5613F40F29E80534BEC
:105F1000994240F2A080B1F5E12F40F29980B1F5AD
:105F2000612F8CBF4FF080534FF0706301E04FF44E
:105F30009E230269C2F8243503690822C3F80025AC
:105F4000036900F61D02C3F8442503690022C3F863
:105F50002021036900F61C02C3F8342503690122DD
:105F6000C3F8382503691A6003694FF4887141F258
:105F70001D04C3F804130357002B44DB5D0960358F
:105F800003F01F03364902FA03F341F825300357A3
:105F9000002B38DB0B44602283F8002341F21D0301
:105FA000C356002B07DB2E4903F01F0401225B09B7
:105FB000A24041F82320044603220021012000F0E2
:105FC00055FE41F224020023A05019461A4600F063
:105FD0008FFE41F223030122E25438BD00F58153C4
:105FE00004691B78C4F8103541F221040369045D8B
:105FF000C3F80845036942F00102C3F86C254DE778
:106000004FF41D2395E7174A03F00F031A4460234A
:106010001376C3E7144B8CE7144B8AE7144B88E7DD
:10602000144B86E7144B84E74FF4000381E74FF4E9
:106030001D037EE74FF465037BE74FF46B0378E7BE
:106040000E4B76E74FF0EB7373E74FF06C7370E72E
:106050004FF0E8636DE74FF080636AE790D003008C
:1060600000E100E0FCEC00E000B01300005027006D
:1060700000F03A0000A04E0000C0750000903A0108
:10608000074B10B441F21E0453F82110015541F2A0
:106090001F0153F8223043545DF8044B704700BF92
:1060A00084EF030010B5124C2369D3F8102142B1DC
:1060B0000022C3F81021D3F83C2582B901221A60CE
:1060C0002369D3F8202102B910BD002141F2240236
:1060D000C3F82011A058BDE8104001F093B894F81F
:1060E0001C1804F11400FFF779FC2369E6E700BFF0
:1060F00058A3002038B5124C124A204600254FF410
:106100007A7340F8142BC4E90153FFF75BFC41F2AA
:106110001D010D4B0D4A226102206054D3E900138A
:1061200041F21E0241F21F00A154235441F2220108
:1061300041F2240241F223036554A550E55438BDD1
:1061400058A30020ECEF030084EF03000020004080
:1061500008B5094B1BB10948F0F7CAF848B9084B14
:106160001BB10848FFF764FC00B908BDAFF300801D
:1061700008BDAFF30080F2E7000000005463002088
:10618000000000006CA300202DE9F0431B4B1C4FC6
:10619000D3F80463DFF86C80DFF86C9085B00024DE
:1061A0000123A200A34002F18045334205F5C0451A
:1061B0000FD0D5F8003163B1E357013306D052F860
:1061C00008201AB114F809307BB990470023C5F8AC
:1061D00000310134082CE3D1BFF34F8F00BF00BF63
:1061E00000BF00BF05B0BDE8F08304AB002143F859
:1061F000041D0846009103F083FDE7E700600040BE
:10620000A8B3002088B3002080B30020F8B5002593
:106210000446C0E90055856091B108460E4605F078
:1062200046FC0746411C284600F0B4FC50B1A36868
:10623000C4E9000703B90370A760314605F02FFCDD
:106240002046F8BD206808B100F08EFC00232360D2
:10625000C4E901332046F8BD70B504468C424FF0C6
:106260000000C4E90000A06001D00D680DB920460F
:1062700070BD8E68711C00F08DFC50B1A368C4E93C
:10628000000603B90370A660294605F008FC204605
:1062900070BD206808B100F067FC00232360C4E9EA
:1062A0000133204670BD00BF70B5002582B0C0E943
:1062B00000558560044601A88DF804108DF805503E
:1062C00005F0F5FB0646411C284600F063FC58B17A
:1062D000A368C4E9000603B90370A66001A905F02C
:1062E000DEFB204602B070BD206808B100F03CFC27
:1062F000002320462360C4E9013302B070BD00BF13
:1063000030B5044685B000230846C4E90033A360D5
:1063100001A902F08BFE01A805F0C9FB0546206823
:1063200010B163689D4209D9691C00F033FC60B16B
:10633000A368C4E900050BB903702068A56001A932
:1063400005F0ADFB204605B030BD206808B100F077
:106350000BFC002320462360C4E9013305B030BDA7
:1063600030B504468BB000230846C4E90033A3606F
:1063700001A902F013FE01A805F099FB054620686B
:1063800010B163689D4209D9691C00F003FC60B13B
:10639000A368C4E900050BB903702068A56001A9D2
:1063A00005F07DFB20460BB030BD206808B100F041
:1063B000DBFB002320462360C4E901330BB030BD72
:1063C00030B504468BB000230846C4E90033A3600F
:1063D00001A902F02BFE01A805F069FB0546206823
:1063E00010B163689D4209D9691C00F0D3FB60B10C
:1063F000A368C4E900050BB903702068A56001A972
:1064000005F04DFB20460BB030BD206808B100F010
:10641000ABFB002320462360C4E901330BB030BD41
:1064200030B504468BB000230846C4E90033A360AE
:1064300001A902F02FFE01A805F039FB05462068EE
:1064400010B163689D4209D9691C00F0A3FB60B1DB
:10645000A368C4E900050BB903702068A56001A911
:1064600005F01DFB20460BB030BD206808B100F0E0
:106470007BFB002320462360C4E901330BB030BD11
:1064800010B50446006800F06FFB204610BD00BF49
:10649000884270B5044609D00D68006845B908B156
:1064A00000F062FB0023C4E901332360204670BD85
:1064B0008E6810B163689E4209D9711C00F06AFBB6
:1064C00058B1A368C4E900060BB903702068A66040
:1064D000294605F0E4FA204670BD20680028DFD187
:1064E000E0E700BF884238B5044612D000688B68E8
:1064F0000D4628B162689A420DD200F035FBAB68B8
:10650000D5E9002122600022C4E90113C5E9002277
:10651000AA60204638BD096805F0C1FAAB68A360DF
:106520000023AB60204638BDF8B50446056849B97C
:1065300015B1284600F018FB00232360C4E901339D
:106540002046F8BD08460E4605F0B1FA074615B1DB
:10655000636898420BD92846791C00F01BFB05465E
:1065600060B1A368C4E900070BB903702568A76090
:106570003146284605F093FA2046F8BD20680028E9
:10658000DAD000F0F1FAD7E770B50E68EEB18D6899
:106590000DB9012070BD826804460068154410B131
:1065A00063689D420AD9691C00F0F4FA68B1A268D8
:1065B000C4E9000512B902702068A268314610448F
:1065C00005F06DFAA560012070BD002070BD00BF10
:1065D00029B370B5054608460C4605F068FA08B9B7
:1065E000012070BDAA682B68861813B169688E42B5
:1065F0000CD91846711C00F0CDFA034668B1AA68A0
:10660000C5E9000612B902702B68AA6821469818DD
:1066100005F045FAAE60012070BD002070BD00207D
:10662000704700BF30B5836883B0044600688DF8BA
:10663000041000225D1C8DF8052010B1626895429F
:106640000AD9991C00F0A6FA60B1A368C4E9000554
:1066500013B903702068A368184401A905F01FFA54
:10666000A560012003B030BD70B50E6804461EB1B0
:106670008D685DB9204670BD206808B100F074FADD
:1066800000232360C4E90133204670BD826800689E
:10669000154410B163689D420BD9691C00F07AFA69
:1066A0000028E9D0A268C4E9000512B90270206888
:1066B000A2683146104405F0F2F9A560DAE700BFA0
:1066C00070B5044631B108460D4605F0F0F958B9E9
:1066D000204670BD206808B100F046FA0023236010
:1066E000C4E90133204670BDA2682368861813B13F
:1066F00061688E420DD91846711C00F04BFA0346B2
:106700000028E7D0A268C4E9000612B90270236825
:10671000A2682946981805F0C2F9A660D8E700BF1C
:1067200008B58A688368934201D0002008BD0068DC
:10673000096848B129B105F0A8F9B0FA80F040091C
:1067400008BD1BB10078F8E701B10BB9012008BD05
:1067500008784042F1E700BF826808B52AB989B1DC
:106760000878B0FA80F0400908BD006829B105F04A
:106770008CF9B0FA80F0400908BD0078B0FA80F0DA
:10678000400908BD012008BD08B58A6883689342A6
:1067900009D3006830B1096839B105F090F9B0FA51
:1067A00080F0400908BD002008BD084608BD00BFB4
:1067B00083688B4203D9006808B1084470470248D7
:1067C00000230370704700BFB0B3002083688B4282
:1067D00003D9006810B1405C70470020704700BFCB
:1067E00083683BB110B50468204605F041F920B13B
:1067F000001B10BD4FF0FF3070474FF0FF3010BD51
:106800008368934207D910B50468A01805F030F9E1
:1068100020B1001B10BD4FF0FF3070474FF0FF302C
:1068200010BD00BF836843B110B5046809682046F5
:1068300005F06BF920B1001B10BD4FF0FF30704721
:106840004FF0FF3010BD00BFF8B585686DB103682B
:1068500000225F5D5A5506680446304605F041F94E
:10686000775510B12368C01AF8BD4FF0FF30F8BD5E
:106870009A422DE9F84317461E460446884601D839
:1068800016461F460025C4E90055A560284601218B
:1068900000F080F908B3C4E90005A5600570D8F8D8
:1068A0000820B24216D9974228BF1746D8F80030C0
:1068B0000022DD5DDA55D8F80000861916D120686F
:1068C00008B100F051F90023C4E901332360D8F87E
:1068D0000030DD552046BDE8F883206808B100F09F
:1068E00043F900232360C4E90133D8E7304605F0BB
:1068F000DEF88146206810B1636899450BD909F12B
:10690000010100F047F90028D9D0A368C4E90009C3
:106910000BB903702068C4F80890314605F0BFF841
:10692000D5E700BF8368994203D2036881600022E3
:106930005A547047002A77D083688B4274D92DE966
:10694000F0415C1AA24228BF2246D0F800C09B1A30
:106950008C185F1A83600CEB04060CEB01055ED00B
:1069600001F1040E7244A645C8BF8A4261DC0B2FB8
:106970005FD9734213F0030364D0B6462A461EF86B
:10698000018B02F8018B012B4FD072786A70022BB9
:1069900005F1020206F1020E47D0B278AA70033662
:1069A00003354FF0030EE2181944A7EB03086244C5
:1069B000614400234FEA980C013352F8044B41F82C
:1069C000044B9C45F8D828F0030398459E4405EBFA
:1069D000030206EB03011FD0F45CEC540EF101033B
:1069E0009F4219D94B7853700EF102039F4213D97D
:1069F0008B7893700EF103039F420DD9CB78D3703F
:106A00000EF104039F4207D90EF1050E0B791371A5
:106A1000774501D94B795371D0F800C083680022C3
:106A20000CF80320BDE8F0817047764615469E4677
:106A3000B9E7013E634416F8012F05F8012B9D428A
:106A4000F9D1E9E79E46AEE710B5046844B1207875
:106A500030B105F00DF9207014F8010F0028F8D1BD
:106A600010BD00BF10B5046844B1207830B105F006
:106A70000CF9207014F8010F0028F8D110BD00BFE8
:106A80002DE9F0410768F7B18468E4B106463D4658
:106A900000E04546287805F1010804F0E5F80028F3
:106AA000F7D1013C3C4402E0A54205D8013C2078E6
:106AB00004F0DAF80028F7D1621C521BAF42B26032
:106AC00003D30023BB54BDE8F0813846294604F0C7
:106AD00007F93768B268F4E7006808B104F068B8ED
:106AE000704700BFFEE700BF08B501F077FA4FF42A
:106AF0007A72A0FB0223900A40EA835008BD00BFCF
:106B0000014638B54FF47A7200238002890D03F0F4
:106B1000B1FE054601F062FA0446EFF7D9FB01F039
:106B20005DFA001B854200D838BD281ABDE8384000
:106B300001F078BB10B5044601F0CEFD022804D068
:106B40002046BDE8104004F0A9B801F03FFA204605
:106B500004F0A4F8044601F0DFFA0CB1204610BDA1
:106B600003F006F8FAE700BF10B5044601F0B4FDE3
:106B700002280AD144B101F029FA204604F096F81F
:106B8000BDE8104001F0C8BA10BD2046BDE8104075
:106B900004F08CB838B504460D4601F09DFD02287E
:106BA00005D029462046BDE8384004F015BF01F065
:106BB0000DFA2046294604F00FFF044601F0ACFA16
:106BC0000CB1204638BD02F0D3FFFAE710B50446F9
:106BD00001F0FCF9204604F061F8044601F09CFA4B
:106BE0000CB1204610BD02F0C3FF204610BD00BF0F
:106BF00050B110B5044601F0E9F9204604F056F80A
:106C0000BDE8104001F088BA704700BF38B51C4697
:106C10009DF8105043B3002908BF1A460123C4E968
:106C20000F01226084F8463002F020F8D4E90F13F7
:106C30002268A26001FB03F1CB1A134400200A442E
:106C4000FF21A063E36084F84410626084F845107B
:106C500004F1100003F0ECF904F1240003F0E8F96A
:106C600002F00EF884F84C50204638BDF8B50746BF
:106C700015460E4669B100FB01F05030FFF7A6FF44
:106C8000044690B3002200F1500380F846200360D0
:106C900007E05020FFF79AFF044630B384F84660BF
:106CA0002460C4E90F7601F0E1FFD4E90F132268F4
:106CB000A26001FB03F1CB1A134400200A44FF2118
:106CC000A063E36084F84410626084F8451004F126
:106CD000100003F0ADF904F1240003F0A9F901F06C
:106CE000CFFF84F84C502046F8BD00242046F8BD64
:106CF0002DE9F04F044685B01D460192884601F00B
:106D0000B5FFA26BE36BA84F4FF000099A424E46C5
:106D1000C0F08B80022D00F006810198002800F061
:106D20003081B9F1000F00F0958001F0A9FF01F06A
:106D30004DF901F09BFF94F84430FF2B08BF84F815
:106D4000446094F84530FF2B08BF84F8456001F09B
:106D500097FF01A902A801F067FC002840F0188104
:106D600001F084FFA26BE36B9A4277D001F088FFB9
:106D700001F07CFF94F845304FFA83FABAF1000F26
:106D80001ADD636AC3B104F1240907E00AF1FF3395
:106D9000DBB24FFA83FA7BB1636A6BB1484601F00C
:106DA000E9FB0028F2D001F077FC0AF1FF33DBB2F7
:106DB0004FFA83FA002BEFD1FF2384F8453001F01E
:106DC0005FFF01F053FF94F844304FFA83FABAF1B1
:106DD000000F1ADD2369C3B104F1100907E00AF1BD
:106DE000FF33DBB24FFA83FA7BB123696BB14846BC
:106DF00001F0C0FB0028F2D001F04EFC0AF1FF3395
:106E0000DBB24FFA83FA002BEFD1FF2384F8443032
:106E100001F036FF01F080F901F028FFA26BE36B6F
:106E20009A424FF00109BFF475AF226CA66B002A9D
:106E300040F0FC8025680136002D00F01881A66323
:106E4000636A002B40F08C8001F01AFF012005B02E
:106E5000BDE8F08F02A801F0DBFB66E704F1100942
:106E600001F00EFF4846019901F008FB01F0FEFE1B
:106E700094F845A04FFA8AFABAF1000F1CDD636A54
:106E8000D3B104F1240B08E00AF1FF3A5FFA8AF368
:106E90004FFA83FA83B1636A73B1584601F06AFB13
:106EA0000028F1D00AF1FF3A01F0F6FB5FFA8AF30D
:106EB0004FFA83FA002BEED1FF2384F8453001F01E
:106EC000DFFE01F0D3FE94F844304FFA83FABAF1B2
:106ED000000F06DC15E00AF1FF33DBB24FFA83FA4C
:106EE0007BB123696BB1484601F044FB0028F2D026
:106EF00001F0D2FB0AF1FF33DBB24FFA83FA002B29
:106F0000EFD1FF2384F8443001F0BAFE01F004F918
:106F1000002881D14FF080537B6040BFBFF34F8F7B
:106F2000BFF36F8F78E7226CA66B002A82D04146B0
:106F3000E06803F0D5FE236CE26821685B421A44E6
:106F40008A42E26080F0898062681344E360022D27
:106F500000F083800136A663636A002B3FF474AFB0
:106F600004F1240001F006FB00283FF46DAF0E4B46
:106F70004FF080525A6040BFBFF34F8FBFF36F8F07
:106F800062E7009001F07CFE009805B0BDE8F08F4C
:106F900001F06CFE94F845506DB2002D18DD636A67
:106FA000B3B104F1240607E000ED00E0013DEBB2CF
:106FB0005DB26BB1636A5BB1304601F0DBFA002869
:106FC000F4D0013D01F068FBEBB25DB2002BF1D1D2
:106FD000FF2384F8453001F053FE01F047FE94F89A
:106FE00044506DB2002D16DD2369A3B104F11006E3
:106FF00005E0013DEBB25DB26BB123695BB1304698
:1070000001F0B8FA0028F4D0013D01F045FBEBB2E5
:107010005DB2002BF1D1FF2384F8443001F030FE43
:1070200001F07AF8002005B0BDE8F08F41465DBB65
:10703000A06803F055FEA368216C62680B4493427C
:1070400006F10106A360FFF4FAAEA663636A226844
:10705000A260002B3FF4F8AE82E7002E7FF4EFAE83
:107060000123A363636A002B3FF4EEAE78E7606808
:1070700001F084FBA663636A6560002B7FF470AF48
:1070800000287FF474AFDFE6E06803F029FE236C8C
:10709000E26821685B421A448A42E260BFF457AF5B
:1070A00052E700BFF8B50C4679B3002501232160F3
:1070B00081F84630C1E90F35064601F0D7FDD4E925
:1070C0000F322168A56303FB02F39A1A0A440B44AA
:1070D000FF27C4E90131E26084F8447004F1100034
:1070E00084F8457002F0A4FF04F1240002F0A0FF30
:1070F00001F0C6FDC4E90055E56084F84C602B46FC
:107100002A4629462046FFF7F3FD2046F8BD00BF7A
:107110002DE9F0418C4682B004461746EFF3118604
:10712000402282F31188806BE26B904221D3022BC4
:1071300005D0002086F3118802B0BDE8F08194F8F4
:107140004550226CD4F838806DB252BB236808F1E8
:107150000108002B4FD06B1CC4F8388037D00135A4
:107160006DB284F84550012086F3118802B0BDE865
:10717000F08194F84550226CD4F838806DB2002A22
:10718000E4D073B9A06803F0ABFDA368216C62681A
:107190000B44934208F10108A360DCD32368A36089
:1071A000D9E76146E068019303F09AFD206CE2683C
:1071B0002168019B404202448A42E26002D2626836
:1071C0001044E060022B10D008F10108C3E7636AA5
:1071D000002BC8D004F1240001F0CCF90028C2D063
:1071E000002FC0D001203860A4E7B8F1000F08BF1D
:1071F0004FF00108AFE76068019301F0BFFA019B0F
:107200006360A8E738B5EFF31184402383F3118856
:10721000826BC36B93420ED990F8453001325BB25A
:1072200082635A1C0BD001335BB280F845300120D9
:1072300084F3118838BD002084F3118838BD436A77
:10724000002BF4D024300D4601F094F90028EED044
:10725000002DECD001202860EAE700BF2DE9F047BF
:10726000044684B08846019201F000FDD4F83890BD
:10727000B9F1000F40F09380019B002B00F00A81D0
:1072800002A801F0C5F9B34F4E4604F1240501F000
:10729000F7FC00F09BFE01F0E9FC94F84430FF2B72
:1072A00008BF84F8446094F84530FF2B08BF84F889
:1072B000456001F0E5FC01A902A801F0B5F900283C
:1072C00040F0878001F0D2FCA36B002B40F0E880F7
:1072D00001F0D6FC0199284601F0D0F801F0C6FC77
:1072E00094F845304FFA83F9B9F1000F06DC15E048
:1072F00009F1FF33DBB24FFA83F97BB1636A6BB1FB
:10730000284601F037F90028F2D001F0C5F909F15B
:10731000FF33DBB24FFA83F9002BEFD1FF2384F860
:10732000453001F0ADFC01F0A1FC94F844304FFA77
:1073300083FABAF1000F1ADD2369C3B104F1100911
:1073400007E00AF1FF33DBB24FFA83FA7BB123691E
:107350006BB1484601F00EF90028F2D001F09CF91B
:107360000AF1FF33DBB24FFA83FA002BEFD1FF2390
:1073700084F8443001F084FC00F0CEFE00287ED179
:107380004FF080537B6040BFBFF34F8FBFF36F8FD1
:1073900001F06CFCD4F83890B9F1000F76D0226C73
:1073A00052B1E168636811449942E16024BF2168E9
:1073B000E160404603F094FC09F1FF33A3632369C5
:1073C000002B40F0C98001F05BFC012004B0BDE857
:1073D000F08701F04BFC94F845304FFA83F9B9F18E
:1073E000000F06DC15E009F1FF33DBB24FFA83F939
:1073F0007BB1636A6BB1284601F0BCF80028F2D07B
:1074000001F04AF909F1FF33DBB24FFA83F9002B9F
:10741000EFD1FF2384F8453001F032FC01F026FC67
:1074200094F844304FFA83FABAF1000F1ADD236959
:10743000C3B104F1100907E00AF1FF33DBB24FFAE0
:1074400083FA7BB123696BB1484601F093F80028B9
:10745000F2D001F021F90AF1FF33DBB24FFA83FADF
:10746000002BEFD1FF2384F8443001F009FC00F039
:1074700053FE01F0FBFBA36B63B101F001FC01F0D3
:10748000F5FBD4F83890B9F1000F88D1019B002B9F
:107490007FF4FDAE01F0F4FB002004B0BDE8F087FE
:1074A00001F0EEFB01F0E2FB94F845304FFA83F96E
:1074B000B9F1000F06DC15E009F1FF33DBB24FFA3A
:1074C00083F97BB1636A6BB1284601F053F8002859
:1074D000F2D001F0E1F809F1FF33DBB24FFA83F9A2
:1074E000002BEFD1FF2384F8453001F0C9FB01F0F8
:1074F000BDFB94F844304FFA83FABAF1000F1ADD5D
:107500002369C3B104F1100907E00AF1FF33DBB2CC
:107510004FFA83FA7BB123696BB1484601F02AF830
:107520000028F2D001F0B8F80AF1FF33DBB24FFACD
:1075300083FA002BEFD1FF2384F8443001F0A0FB45
:1075400000F0EAFD01F092FBD4F83890B9F1000F99
:107550009CD024E700ED00E004F1100001F00AF8EF
:1075600000283FF430AF054B4FF080525A6040BFC7
:10757000BFF34F8FBFF36F8F25E700BF00ED00E033
:107580002DE9F043044685B00026019101F06EFB21
:10759000A36BB24FB0463546002B40F0F380019B01
:1075A000002B00F05D81B8F1000F00F0FC8001F0CD
:1075B00067FB00F00BFD01F059FB94F84430FF2B02
:1075C00008BF84F8445094F84530FF2B08BF84F876
:1075D000455001F055FB01A902A801F025F800284B
:1075E0006CD101F043FBA36B002B40F0E08001F075
:1075F00047FB2368002B00F03C8104F12409484636
:10760000019900F03BFF01F031FB94F845304FFA4F
:1076100083F8B8F1000F06DC15E008F1FF33DBB2A8
:107620004FFA83F87BB1636A6BB1484600F0A2FF62
:107630000028F2D001F030F808F1FF33DBB24FFA46
:1076400083F8002BEFD1FF2384F8453001F018FBBD
:1076500001F00CFB94F844304FFA83F8B8F1000FB6
:107660001ADD2369C3B104F1100907E008F1FF3303
:10767000DBB24FFA83F87BB123696BB1484600F067
:1076800079FF0028F2D001F007F808F1FF33DBB2F0
:107690004FFA83F8002BEFD1FF2384F8443001F038
:1076A000EFFA00F039FD002864D14FF080537B6081
:1076B00040BFBFF34F8FBFF36F8F5BE001F0D6FA8F
:1076C00094F845304FFA83F8B8F1000F1ADD636A79
:1076D000C3B104F1240907E008F1FF33DBB24FFA2C
:1076E00083F87BB1636A6BB1484600F043FF002822
:1076F000F2D000F0D1FF08F1FF33DBB24FFA83F88C
:10770000002BEFD1FF2384F8453001F0B9FA01F0E6
:10771000ADFA94F844304FFA83F8B8F1000F1ADD4F
:107720002369C3B104F1100907E008F1FF33DBB2AC
:107730004FFA83F87BB123696BB1484600F01AFF1A
:107740000028F2D000F0A8FF08F1FF33DBB24FFAB7
:1077500083F8002BEFD1FF2384F8443001F090FA36
:1077600000F0DAFC01F082FAA36B002B00F08A80B3
:1077700001F086FA01F07AFAA36B4FF00108002BB2
:107780003FF40DAF2268013BA363002A00F09E8006
:107790002369002B40F0898001F072FA01263046FF
:1077A00005B0BDE8F08302A800F032FFFFE601F06B
:1077B00067FA01F05BFA94F845304FFA83F8B8F1B4
:1077C000000F1ADD636AC3B104F1240907E008F170
:1077D000FF33DBB24FFA83F87BB1636A6BB1484683
:1077E00000F0C8FE0028F2D000F056FF08F1FF3389
:1077F000DBB24FFA83F8002BEFD1FF2384F845303A
:1078000001F03EFA01F032FA94F844304FFA83F86E
:10781000B8F1000F1ADD2369C3B104F1100907E0C4
:1078200008F1FF33DBB24FFA83F87BB123696BB108
:10783000484600F09FFE0028F2D000F02DFF08F12E
:10784000FF33DBB24FFA83F8002BEFD1FF2384F82C
:10785000443001F015FA00F05FFC8BE700ED00E02A
:10786000009301F00DFA009B1E46304605B0BDE8BE
:10787000F08301F0FBF9606800F03EFF064601F07E
:10788000FFF9BAE601F0FCF9002E88D001F0EEF91C
:10789000616A19B1236B1968C1F10501606800F0D4
:1078A00099FF002601F0ECF979E704F1100000F0EF
:1078B00061FE00283FF470AF064B4FF080525A60D3
:1078C00040BFBFF34F8FBFF36F8F65E700F0B8FF86
:1078D00060605DE700ED00E010B5044601F0C6F918
:1078E000A46B01F0CDF9204610BD00BF104B5A68C3
:1078F000904208D0DA68904208BF012204D090F884
:10790000463093B170470022002110B403EBC2044B
:1079100043F8321090F84630616013B15DF8044BC3
:1079200070475DF8044BFFF763B9FFF761B900BF1B
:10793000F8BD0020074B1A681AB19A6802B1704767
:10794000012210B403EBC20443F8321060605DF80A
:10795000044B7047F8BD002070B505460C4616462E
:1079600001F084F995F84430FF2B04BF002385F81B
:10797000443095F84530FF2B04BF002385F845308F
:1079800001F07EF9AB6B2BB93246214605F124009C
:1079900000F0B0FD01F06AF995F8454064B2002CA2
:1079A00016DD6B6AA3B105F1240605E0013CE3B2E4
:1079B0005CB26BB16B6A5BB1304600F0DBFD002856
:1079C000F4D0013C00F068FEE3B25CB2002BF1D1D0
:1079D000FF2385F8453001F053F901F047F995F898
:1079E000444064B2002C16DD2B69A3B105F11006EA
:1079F00005E0013CE3B25CB26BB12B695BB1304690
:107A000000F0B8FD0028F4D0013C00F045FEE3B2E0
:107A10005CB2002BF1D1FF2385F84430BDE8704003
:107A200001F02EB92DE9F041044601F01FF9344A66
:107A3000344D1368013313602B68002B2FD0324E66
:107A4000E36A32682AB33148314907680A689F42BD
:107A500038BF03602F48013203EB83030A6000EB59
:107A60008300E263211D02F0F3FA01F009F93368A3
:107A70006BB12A68E36AD26A9A4208D2264B4FF069
:107A800080525A6040BFBFF34F8FBFF36F8FBDE886
:107A9000F0812A68D26A9A4298BF2C60D3E72C60A2
:107AA0001368012B02D0E36A174ECCE71948DFF8C0
:107AB00094801A4F144E02F0BBFA194802F0B8FA3B
:107AC000184802F0B5FA184802F0B2FA174802F066
:107AD000AFFA404602F0ACFA384602F0A9FA144870
:107AE00002F0A6FA134802F0A3FA134802F0A0FA33
:107AF000124B134AC2F800801F60E36AA3E700BF7D
:107B000024B40020B4B3002084B4002038B4002092
:107B100034B40020C0B3002000ED00E050B40020D9
:107B2000D4B30020E8B30020FCB3002010B4002040
:107B300070B400209CB4002088B40020BCB30020A6
:107B4000B8B300203CB400202DE9F843DDE9096416
:107B5000002C60D016B93046BDE8F8830D4697007A
:107B6000984602233A4684F85130814626633046CF
:107B7000A52103F0D9F82A78236B84F83420043F38
:107B80002A781F4427F0070702B36B7884F8353052
:107B90006B78DBB1AB7884F83630AB78B3B1EB7887
:107BA00084F83730EB788BB12B7984F838302B7927
:107BB00063B16B7984F839306B793BB1AB7984F878
:107BC0003A30AB7913B1EB7984F83B30089D042D42
:107BD00028BF04250026E5626564201D84F83B600B
:107BE000A66402F031FAC5F1050504F1180002F0AF
:107BF0002BFAE66442464946A561246184F8506048
:107C00006462384600F0F6FF20602046FFF70AFF66
:107C10002046BDE8F8832046BDE8F8832DE9F0470B
:107C20009600804630460D469946099FFEF7CEFFE6
:107C3000002869D082465420FEF7C8FF0446002879
:107C40005BD00023C0F830A03246504684F8513053
:107C5000A52103F069F82A78236B84F83420043EC8
:107C60002A781E4426F0070A02B36B7884F8353070
:107C70006B78DBB1AB7884F83630AB78B3B1EB78A6
:107C800084F83730EB788BB12B7984F838302B7946
:107C900063B16B7984F839306B793BB1AB7984F897
:107CA0003A30AB7913B1EB7984F83B30089D042D61
:107CB00028BF04250026E5626564201D84F83B602A
:107CC000A66402F0C1F9C5F1050504F1180002F03F
:107CD000BBF9E664A561246184F8506064624A4699
:107CE0004146504600F086FF206007B13C602046C8
:107CF000FFF798FE0120BDE8F0875046FEF778FFB9
:107D00004FF0FF30BDE8F0874FF0FF30F3E700BFE2
:107D100070B504464C4E00F0A9FF002C39D0251D4B
:107D2000284602F0BFF9A36A1BB104F1180002F063
:107D3000B9F929464548464D02F08AF994F8503081
:107D4000012B04BF002384F8503000F099FF2B680A
:107D500093B93368A34200D070BD2B68DBB93B49AF
:107D60003C4A09681268914226D03B4B1B682BB3F2
:107D70003A4B01221A6070BD00F078FF384B1A6848
:107D8000126892B9374B4FF0FF321A6000F078FF5B
:107D9000DFE73468C3E7344B4FF080525A6040BF8E
:107DA000BFF34F8FBFF36F8F70BD1A682D4BD26832
:107DB000D26852681A60E9E7336070BD274A1360E1
:107DC0003268336812681B6B9A4236D9274C2849AF
:107DD00022689300981880000858E0B9551EAB003F
:107DE00058198000085830BB951EAB005819800008
:107DF000085800BBD51EAB00581980000858D0B9F0
:107E0000151FAB00581980000858A0B9053A930017
:107E100098188000085813449B00CD1808336868F0
:107E2000406868600B44984204BF40686860C3685B
:107E30003360226070BD2A46EDE730683168343126
:107E400001F094FEC2E700BFB4B3002088B4002064
:107E500084B4002024B4002030B40020B4B4002046
:107E6000B8B3002068B4002000ED00E038B4002072
:107E7000C0B3002080B170B51B4D2B6883420AD07F
:107E8000044600F0F3FE194B62699A4205D0BDE842
:107E9000704000F0F5BE70BD7047A36A144A93426B
:107EA000F5D0002BF3D1261D304602F0FBF8114A25
:107EB000E36A116810488B4288BF136003EB8303A9
:107EC00000EB8300314602F0C3F82B68E26ADB6AFC
:107ED0009A42DCD3094B4FF080525A6040BFBFF347
:107EE0004F8FBFF36F8FD2E7B4B3002088B4002068
:107EF00070B4002038B40020C0B3002000ED00E0D2
:107F000070B584B0002503AA02A901A8CDE90155E6
:107F100001F030FE019C002C46D00298002843D08E
:107F2000039E20630223B600A521324684F8513017
:107F300002F0FAFE236B1F4A6263201D84F838505A
:107F4000043E84F83B50E562C4E911551E4402F03A
:107F50007BF804F1180002F077F826F007060523F5
:107F6000A3612A461449E56430462461646284F8BA
:107F7000505000F03FFE20602046FFF753FD0F4BAE
:107F80001C6000F0DBFD012811D1402383F3118830
:107F90000B490C4A0C4B4FF0FF340C6010601D6015
:107FA00000F03EFE04B070BD044B00221A6004B025
:107FB00070BD00BF49444C45A982030064B4002051
:107FC00068B4002084B40020B0B40020024A1368D2
:107FD00001331360704700BF30B40020014B1868B4
:107FE000704700BFB0B40020024A13681844106004
:107FF000704700BFB0B400202DE9F04F3B4B1B6829
:1080000083B0002B42D13A4B1F6801371F60002F0D
:108010004AD0384B01931B68BB423BD8364EDFF841
:10802000EC80DFF8ECA0DFF8EC90002525E0336869
:10803000DB68DC68636804F1040B9F42584651D347
:1080400002F030F8A36A04F118000BB102F02AF82C
:10805000E36AD8F8002003EB8300934259460AEB09
:10806000800088BFC8F8003001F0F2FFD9F8003076
:10807000E26ADB6A9A4228BF012533681B68002B3D
:10808000D5D1019A4FF0FF33136004E01B4A136807
:108090000133136000251A4B1B68002B0CBF2846C8
:1080A000012003B0BDE8F08F134E164B3168164A1D
:1080B00018683060196013680133136033681B68F7
:1080C0003BB90C4B01931A464FF0FF331360134634
:1080D000A1E73368074ADB680192DB685B681360DD
:1080E000134698E7019A1360D5E700BF30B400202B
:1080F000B0B4002068B40020B8B300202CB4002035
:10810000B4B40020BCB300206CB4002038B400200C
:10811000C0B30020B4B300202DE9F04700F0A6FD65
:10812000354B1A68013A1A601C68002C57D1334B42
:108130001B68002B53D0DFF8E0A0314E314FDFF841
:10814000DC90DFF8DC80336813B3F368DC68251D4E
:1081500004F1180001F0A6FF284601F0A3FFE36A2E
:108160003A6803EB83009342294609EB800088BFFD
:108170003B6001F06DFFD8F80030E26ADB6A9A429A
:108180004FF00103DFD3CAF800303368002BDCD195
:108190003CB11D4B1A6812683ABB1C4B4FF0FF32C2
:1081A0001A601B4D2C6844B10126FFF725FF08B16A
:1081B000CAF80060013CF8D12C60DAF8003073B1E5
:1081C000144B4FF080525A6040BFBFF34F8FBFF344
:1081D0006F8F012400F054FD2046BDE8F087002495
:1081E00000F04EFD2046BDE8F0871A68074BD268C4
:1081F000D26852681A60D4E730B4002024B400205A
:1082000070B4002038B40020B8B3002068B4002057
:108210002CB4002000ED00E0B4B40020C0B3002076
:10822000B4B3002070B548B9184B4FF080525A6073
:1082300040BFBFF34F8FBFF36F8F70BD144A154916
:108240001368154E013313600D680446306804301E
:1082500001F028FF336864195C600FD20F4B186877
:108260003168043101F004FF0D4B1A68944238BFA5
:108270001C60FFF751FF0028D6D070BD094B18686D
:108280003168043101F0F4FEF3E700BF00ED00E0D7
:1082900030B40020B0B40020B4B30020B8B3002044
:1082A00068B40020BCB300202DE9F84F3C4E3D4D92
:1082B0003D4CDFF80891DFF80881DFF808B14FF096
:1082C000805A2368D3B100F0D1FCF368DF68381D11
:1082D00001F0E8FE2B68013B2B602368013B236023
:1082E00000F0CEFC97F85130002B37D0012BE8D1AD
:1082F0003846FEF77DFC2368002BE4D12B4B1B682E
:10830000012B06D9CBF804A040BFBFF34F8FBFF3BA
:108310006F8F00F041FED9F8003033BBD8F8003041
:10832000DB6A002BCDD1214B1B68012BC9D8204B18
:10833000204A1B6812689B1A012BC2D91E4A136877
:1083400001331360D9F80030BBB1D8F80030DB6AD4
:108350000BB9164B1B68FFF7DFFEB2E7386BFEF771
:1083600047FC3846FEF744FCABE7D8F80030DB6A40
:10837000002BA6D10D4B1B68A3E7D8F80030DB6AB1
:10838000002BE8D1094B1B68012BE4D8084B186877
:10839000084B1B68C01A0128DDD900F0DDFCDAE7C4
:1083A0009CB4002024B4002028B40020C0B30020D6
:1083B00068B40020B0B4002030B4002038B40020ED
:1083C000B4B3002000ED00E0274B1B68002B40D128
:1083D000264A70B5264C13602268236812681B6B0E
:1083E0009A423AD9234D24492A689300981880006C
:1083F0000858E0B9561EB30098198000085830BBE1
:10840000961EB30098198000085800BBD61EB30012
:10841000981980000858D0B9161FB3009819800029
:108420000858A0B9053A93009818800008581344DA
:108430009B00CE1808337068406870600B44984207
:1084400004BF40687060C36823602A6070BD324614
:10845000EDE7064B01221A6070472068216834312D
:1084600001F084FBBEE700BF30B40020B4B40020AC
:10847000B4B3002038B40020C0B3002070B5174D4D
:108480002B680C4603F1180101F0F2FD144B1E6835
:108490002868043001F006FE631C17D02B68A4196D
:1084A0005C600BD20F4B18682968043101F0E0FDC5
:1084B0000D4B1A68944238BF1C6070BD0B4B186896
:1084C0002968BDE87040043101F0D2BD2968084830
:1084D0000431BDE8704001F0BBBD00BFB4B3002063
:1084E000B0B40020B8B3002068B40020BCB30020B2
:1084F00088B4002070B5194D2B680C46164603F160
:10850000180101F0A5FD164B5EB11B682868043008
:1085100001F0C8FD296813480431BDE8704001F03E
:1085200097BD1E682868043001F0BCFD2B68A419B3
:108530005C600BD20C4B18682968043101F098FD7F
:108540000A4B1A68944238BF1C6070BD084B18680B
:108550002968BDE87040043101F08ABDB4B3002041
:10856000B0B4002088B40020B8B3002068B4002064
:10857000BCB3002038B5C368DC6804F11805284690
:1085800001F090FD1A4B1B682BBB251D284601F0FE
:1085900089FD184AE36A116817488B4288BF136047
:1085A00003EB8303294600EB830001F051FD134BDD
:1085B000E26A1B68DB6A9A4282BF114B0120186095
:1085C000104B1A68126898BF00204AB90E4B4FF042
:1085D000FF321A6038BD29460C4801F039FDE6E744
:1085E0001A68094BD268D26852681A6038BD00BF59
:1085F00030B4002038B40020C0B30020B4B3002051
:10860000B4B40020B8B3002068B4002070B40020D7
:10861000034A044B12681B68C0E90023704700BF7F
:108620006CB40020B0B40020F8B50D46044600F04C
:108630001DFB2B681649581C0A6813D0DFF854C07C
:10864000D4E90060DCF80070BE4201D090421AD933
:10865000121A93420BD800232B60012500F010FB67
:108660002846F8BD002500F00BFB2846F8BDDCF8D5
:1086700000009B1A0A682B60C4E90002002500F084
:10868000FFFA2846F8BD012500F0FAFA2846F8BDA1
:10869000B0B400206CB40020014B01221A60704776
:1086A000B4B40020084B186860B9084B1B6853B974
:1086B000074A084B10681B68013B984214BF012011
:1086C000022070470020704770B40020B4B400202E
:1086D00088B4002024B40020054B1B6833B1054B3F
:1086E0001B68002B0CBF0220002070470120704740
:1086F00084B4002030B4002018B3F8B51C4CC36A11
:108700002268D26A934214D28269002A04DB22686A
:10871000D26AC2F105028261164D426903EB8303FE
:1087200005EB83039A420DD02368DB6AC362012004
:10873000F8BD2368406CDB6A98422CBF0020012002
:10874000F8BD7047061D0746304601F0ABFC2268B5
:10875000094BD06A1A68F862904200D9186000EBA1
:10876000800005EB8000314601F072FC0120F8BD6D
:10877000B4B30020C0B3002038B4002050B138B5E5
:10878000C16A836C426C013B9142836400D01BB18F
:10879000002038BD00207047051D0446284601F022
:1087A00081FC0A4A636C1168E362C3F105008B42E5
:1087B000A061074888BF136003EB830300EB8300CD
:1087C000294601F045FC012038BD00BF38B4002027
:1087D000C0B3002048B1426CC36A914238BF114611
:1087E0008B4202D0826C012A00D07047826970B53A
:1087F000114DC162002A03EB83034269A8BFC1F196
:10880000050105EB8303A8BF81619A4200D070BDCA
:10881000061D0446304601F045FC084BE06A1A6824
:10882000904288BF186000EB800005EB8000314665
:10883000BDE8704001F00CBCC0B3002038B400208B
:10884000044B1A681AB119688A6C01328A64186874
:10885000704700BFB4B300202DE9F04FAD4EDFF8F4
:10886000C482AD4D89B033681C68002C00F08E8046
:10887000DB681C68FFF7AAFBFFF7B0FBD8F80030F5
:10888000984207465DD38442C8F8000040F20B814D
:108890000022E11B2868FFF75FF8FFF73DFC88B96D
:1088A0009E4A4FF08053536040BFBFF34F8FBFF3DA
:1088B0006F8F07E0019B039920469847009B002B90
:1088C00080F23881286800226946FEF7C7FC00283C
:1088D000C9D0009B029C002BECDB636913B1201D07
:1088E00001F0E0FBFFF77AFBD8F8003098428146B0
:1088F00043D3009BC8F80090092BE3D8012202FA69
:1089000003F313F4047F69D113F0C70F40F0A18083
:108910009B06D7D594F82C30002BD3D12046FEF7F8
:1089200067F9CFE7DB68DC68D3F800A004F104093D
:10893000484601F0B7FB636A20469847E369012B7C
:1089400036D033681A68002AECD17549C8F800702F
:108950000A6832600B60FFF7DFFBB3E7DB68DF68B4
:10896000D3F800B007F1040A504601F09BFB7B6A84
:1089700038469847FB69012B25D033681A68002ACE
:10898000ECD167490A6832600B60B2E7FFF71EFB63
:10899000FFF724FBD8F8003083420746D1D8604B5C
:1089A000C8F800701B681A68B2FA82F2520970E7C0
:1089B000A36953449A45494622D2636024613068D2
:1089C00001F056FBBDE7BB695B449B45514627D28E
:1089D0007B603F61306801F04BFBCEE7019B246177
:1089E00003EB09024A45A36162602CD8002B3FF4D7
:1089F00069AF4B4B211D186801F03AFB286862E70C
:108A00002B68002B9DD00023CDE9043A0694FFF794
:108A100063FE00231A4604A92868FEF769F990E767
:108A20002B68002BA9D00023CDE9043B0697FFF764
:108A300053FE00231A4604A92868FEF759F99CE75B
:108A40004B4500D998B13068211D01F011FB286811
:108A500039E7019BA269246199182CBF01200020ED
:108A600049456160ECD8A9EB03039A42C1D8636A17
:108A700020469847E369012B7FF424AF019BA2694C
:108A80002868134400283FF41EAF0022CDE90423D8
:108A90000694FFF721FE00231A4604A92868FEF772
:108AA00027F928680FE7FFF737FB3368DB68D3F84F
:108AB0000C9009F1040A504601F0F4FAD9F81C3080
:108AC000012B04D0D9F8243048469847FAE6D9F863
:108AD0001830C9F81090E218BA42C9F8042004D935
:108AE0005146306801F0C4FAECE73F1BBB421BD88B
:108AF0002B68002BE6D00023CDE90434CDF8189084
:108B0000FFF7EAFD00231A4604A92868FEF7F0F8EB
:108B1000D8E700BFB8B400203CB7002000ED00E06B
:108B2000BCB40020E8B60020034B5146186801F0A1
:108B30009FFAC7E7029CD0E6BCB40020F0B5204CF9
:108B400089B000F093F82568FDB100F099F820682D
:108B5000C8B1002407AA06A905A8CDE9054401F07B
:108B600017F8DDE905300221CDE90010079A0293DC
:108B7000144915482346FEF7E7FF144A0346001B35
:108B800018BF0120136009B0F0BD114F114E3846D7
:108B900001F04EFA304601F04BFA0F4A0F490095AA
:108BA0000F4B17600E600F4A10212020FEF72EF8A1
:108BB00020600028C9D00C49FEF7BCFEC5E700BF05
:108BC0003CB7002020F003005988030040B7002084
:108BD000C0B60020D4B60020B8B40020BCB4002039
:108BE000ECB60020C0B4002018F00300402383F34B
:108BF0001188FEE730B46FF002034FF08075074C28
:108C000040F8045C40F80C4C40F8081C40F8202C5C
:108C100040F8243C30BC4438704700BFED8B030063
:108C20000F4C08B5E02384F8223000F077F80D4BA4
:108C30000D4A00211960D4F8883043F47003C4F859
:108C40008830536843F040435360236943F0100376
:108C5000236100F04FF9402383F31188FEE700BF42
:108C600000ED00E044B7002030EF00E0402383F344
:108C70001188024A136801331360704744B700201B
:108C8000034A1368013B13600BB983F311887047E3
:108C900044B7002041DF704712DF704770B51B4BAF
:108CA00000251D6082B01B680193019BEFF31186C4
:108CB000402383F31188164A164BD2F804451D60F1
:108CC0001B680093009BFFF789F9241A24F07F4466
:108CD000012C0DD844B1FFF78FF9054625B10E4B95
:108CE0004FF080525A6040BF86F3118802B070BDC9
:108CF000FFF7F2FC0228EED1013CFFF77DF9013CC1
:108D0000631C45EA0005F8D1E8E700BF40110140C7
:108D1000001001400011014000ED00E00B4B0C4938
:108D200030B41F200B4DC3F8080501220224E020B7
:108D3000C3F804232A601A60C3F8444381F811037E
:108D40004FF400330B6030BC704700BF001001408F
:108D500000E100E0081001402DE9F041804684B0B8
:108D6000EFF3108272B6584CA36883B9574B58483A
:108D70000121A160D3F8801001402160C3F8800078
:108D8000D3F8841061604FF0FF31C3F8841002B94A
:108D900062B6504ED6F80475FFF784FC00283DD02B
:108DA0004D4A4E49424528BF4246BB1823F07F43F7
:108DB00001200025C6F80803C6F840350D600B6891
:108DC00001934FF480330199C6F80433BFF34F8FFA
:108DD000B8F1000F54D13F4B404D41494FF4803022
:108DE000C3F80803002028602D680395039D0860E0
:108DF0000968029101210298C3F80413D3F80435DD
:108E00003249DB1B23F07F45954228BF15464FF4BE
:108E10000033012DC1F8803111D827D0A3685BB190
:108E2000EFF3108372B6294A2168116061685160BE
:108E30000022A26003B962B604B0BDE8F081681EEA
:108E4000FFF7D2F8274BDB68DA010FD5264A136803
:108E5000DB070BD5254B516803FB05F5A5F57425FC
:108E6000A5F51075AD0A01EB85155560FFF7C4F83F
:108E70000028D3D01E4B4FF080525A6040BFCDE740
:108E8000F1EE103A23F09F03E1EE103AF1EE103AC2
:108E90000E4B04A84FF480614026C3F88461C3F8E8
:108EA000841100F8045DFFF7F7FE9DF80C1039B946
:108EB00020BFD3F80001D3F804110143F8D08AE7AA
:108EC000FFF7E8FE87E700BF0CBE002000E100E0EE
:108ED000FC06FFBD00100140FDFFFF0040110140F6
:108EE00000110140F0ED00E0001000E040420F00F2
:108EF00000ED00E00748006880F3088862B661B6BC
:108F0000BFF34F8FBFF36F8F4FF0E00080F31188F6
:108F100000DF00BF00600200064B19680868B0E877
:108F2000F04F80F30988BFF36F8F4FF0000080F39C
:108F300011887047B4B30020EFF30980BFF36F8F3F
:108F4000144B1A681EF0100F08BF20ED108A20E99C
:108F5000F04F10604DF8043D4FF0400080F3118851
:108F6000BFF34F8FBFF36F8FFFF72EFA4FF0000064
:108F700080F3118808BC19680868B0E8F04F1EF04B
:108F8000100F08BFB0EC108A80F30988BFF36F8F11
:108F9000704700BFB4B30020704700BF002942D023
:108FA000931E222B3FD8F0B50A2A8BB035D04FF054
:108FB000000E01AF3B4688B1B0FBF2F602FB16058E
:108FC0005FFA85FC092D0CF1570498BF0CF13004B1
:108FD000E4B2304603F8014B0028EDD1302201E025
:108FE00003F8012BBB42FBD0BEF1000F11D10D469F
:108FF000BB4209D9681E1A4612F8014D00F8014F0C
:10900000BA42F9D19B1A1D44002308462B700BB0BD
:10901000F0BD2D220A704D1CEAE70028C7DA404255
:109020004FF0010EC5E70020704700BF79B3931ED3
:10903000222B2CD8F0B48AB001AF3C4670B1B0FB03
:10904000F2F602FB1605EBB2092D94BF303357330D
:10905000DBB2304604F8013B0028F0D1302301E0B8
:1090600004F8013BBC42FBD00FD94A1E234613F83B
:10907000010D02F8010FBB42F9D1E41A0C440023A0
:10908000084623700AB0F0BC70470C46F7E7002092
:10909000704700BF79B3931E222B2CD8F0B48AB04E
:1090A00001AF3C4670B1B0FBF2F602FB1605EBB225
:1090B000092D94BF30335733DBB2304604F8013BFF
:1090C0000028F0D1302301E004F8013BBC42FBD082
:1090D0000FD94A1E234613F8010D02F8010FBB42B7
:1090E000F9D1E41A0C440023084623700AB0F0BCFE
:1090F00070470C46F7E70020704700BF0A490B4A4B
:109100000B4B9B1A03DD043BC858D050FBDC0948CD
:1091100009494FF0AD32026004300439FBD100F050
:1091200037FCEDF795F8000048F3030000600020DD
:109130003863002000F8032000080000FEE7FEE787
:10914000FEE7FEE7FEE7FEE7FEE7FEE7FEE7FEE7F7
:1091500008B50020EDF7B6F8F8F7A0FD0E4B43B1C7
:109160000E4B7BB1F9F70AFB00F0F0FCFCF7F0FFC7
:10917000F8E7F9F703FB00F0E9FCF9F7FFFA00F074
:10918000E5FCF6E7F9F7FAFA00F0E0FCF9F7F6FA91
:1091900000F0DCFCF6E700BF0000000051610300B6
:1091A00000B583B000F03EFEFCF7D2FA0E4B0193FF
:1091B00001234FF480620D4900930D480023FEF710
:1091C0002DFD4FF4407000F0E1FDFEF799FEBFF376
:1091D0004F8F0849084BCA6802F4E0621343CB6022
:1091E000BFF34F8F00BFFDE748B7002028F0030012
:1091F0005191030000ED00E00400FA0538B507487E
:109200000C461546EDF7E8F900B938BD2A46214667
:109210000248BDE83840EDF7B7B800BF54630020FE
:10922000114B1A78EAB90178104810B40A464FF089
:10923000804402F00102C1F34001C4F88015C4F873
:1092400078250268D20706D4E021012280F80013B5
:10925000C0F880210260012205481A705DF8044BB5
:1092600070470448704700BF08BE002000E100E0DE
:109270000000AD0B0C00AD0B0268074B4FF08040B7
:1092800010B400214FF46074C0F80843196002B1B3
:109290001A605DF8044B704754B700204FF08043CC
:1092A0004FF46072C3F80423704700BF10B54FF04D
:1092B000804386B0D3F80443620705D5D3F808216C
:1092C00003F58473002A4ED1A30603D52A4B1A68EE
:1092D000002A3FD1600603D5284B1A68002A2FD1F7
:1092E000210602D5264B1A680ABBE20502D5254B9A
:1092F0001A6892B9A3050ED5234B1A685AB10022F9
:109300001A601A68214B0592059A1B68022006B064
:10931000BDE81040184706B010BD00221A601B4A75
:109320001B68049301201368049A9847E2E7002021
:109330001860164A1B6803931368039A9847D4E78A
:1093400000221A60124A1B68029301201368029AD5
:109350009847C5E7002018600D4A1B680193136801
:10936000019A9847B6E700221A600A4A1B680093E0
:109370001368009A9847A7E71401004018010040BD
:109380001C010040200100402401004054B700208F
:1093900050B700204CB700202DE9F04F04799D4DC7
:1093A000E6003719BF0005EB070E83B09EF81CC01E
:1093B000BCF1000F40F0E58091F80CC00068EA5164
:1093C000CEF80430BCF1010F0B7840F2DE801F2B89
:1093D00087BF03F01F08DFF840E298464FF0A04E29
:1093E000012707FA08F7CEF808751F2B8BBF03F08B
:1093F0001F071F46DFF820E24FF0A04E07F5E07789
:109400004FF001084EF827804F78FF2F00F0E980D9
:109410001F2F8ABF07F01F09B946DFF8FC810097AC
:1094200098BF4FF0A04809F5E07A4FF0010E0EFA10
:1094300009FE4FF00309C8F80CE548F82A9091F8A6
:1094400002E0BEF1FF0F00F0D580BEF11F0F91F8D2
:109450000EA088BFDFF8C0B1CDF804E08EBF0EF0DB
:109460001F08F0464FF0A04B08F5E0784FEA8A0A53
:109470004BF828A006EB040805EB880888F820E0E4
:1094800091F803E088F81FE0BEF1FF0F2AD091F8B1
:109490000490F046B9F1000F40F08680BEF11F0F36
:1094A00087BF0EF01F0B5C4FF3464FF0A0474FF005
:1094B000010A0AFA0BFAC7F808A5BEF11F0F86BF0A
:1094C0000EF01F08DFF850A14FF0A04A08F5E07831
:1094D00006EB040E4FF0030B05EB8E0E4AF828B096
:1094E0008EF81E9091F80DE0C0F80835009BD1F879
:1094F0000880C0F80C351EF1000318BF0123019F3E
:10950000C0F81075BCF1020FC0F824857FD0BCF103
:10951000030F79D0BCF1010F56D0C0F854358B79C8
:10952000C0F8C035002A58D040220723C0F80423D1
:10953000C0F800354A79000B43B25201002BD1B27A
:10954000C0B25BDB5A09920002F1604203F1604352
:10955000012702F5614203F5614300F01F0007FA9D
:1095600000F083F80013C2F880011060344405EB6A
:1095700084052A48002201236A772B7703B0BDE8CF
:10958000F08F274803B0BDE8F08F1F2B87BF03F093
:109590001F08DFF884E098464FF0A04E012707FA35
:1095A00008F7CEF80C7520E7BEF11F0F87BF0EF04D
:1095B0001F0B194FF3464FF0A0474FF0010A0AFA6C
:1095C0000BFAC7F80CA578E743F00203C0F854354E
:1095D0008B79C0F8C035002AA6D10723C0F8003522
:1095E000C4E791F802E04FF0FF37BEF1FF0F00979C
:1095F0007FF42BAF4FF0FF3701973BE7094B00F0AB
:109600000F0003441976B1E743F0060385E743F002
:10961000040382E758B70020000300500000AD0BA0
:109620000500AD0BFCEC00E0F0B40479294A0368B6
:10963000E1000D19AD005659EEB11F0B7EB2002EA0
:1096400011DB760920360123DFF89CC007F01F07E5
:1096500003FA07F74CF82670BFF34F8FBFF36F8FF5
:10966000555903683DB1081902EB80001A4DC3F843
:109670000853407F10BB081902EB800090F82000CF
:10968000FF280BD01F288ABF00F01F004FF0A04515
:10969000124D00F5E070022645F8206010480025C4
:1096A0008342C3F8005502D10E4B012018602144BB
:1096B00002EB810200231377F0BC70470120586150
:1096C000D3F804010028FBD0081902EB8000002524
:1096D0004577D0E758B7002052010800000300503A
:1096E00000F0024004F0024000E100E02DE9F04FFC
:1096F0000479644F4FEAC40C0CEB04039B008646CC
:10970000F8180E46417F83B0002940F0918057F849
:1097100003909046B9F1000F04D012F0140F04BF6B
:10972000012343770CEB040507EB850596E80F0052
:1097300095F81FA005F10C0BBAF1FF0F8BE80F0095
:1097400010D0AA7F5346002A76D0BAF11F0F86BFE9
:109750000AF01F034C494FF0A041012202FA03F323
:10976000C1F8083532686AB102F06043B3F1005FB6
:1097700008D0644407EB8407002344487B7703B098
:10978000BDE8F08FB16821B101F06043B3F1005F33
:10979000EFD1DEF800307568F068C3F84425002288
:1097A000C3F84855C3F83415C3F83805C3F8182171
:1097B000D3F818210192019A18F0010218BF012272
:1097C000C3F8502518F0020218BF012218F0080F44
:1097D000C3F8402504BF01221A61B9F1000F0BD074
:1097E0002B48402218F0040F14BFC3F80823C3F815
:1097F000042303B0BDE8F08FD3F81821002AFBD072
:10980000BAF1FF0F2CD0644407EB8407BB7F4BB346
:10981000BAF11F0F84BF0AF01F0A1B4A1C4898BFE9
:109820004FF0A042012303FA0AF3C2F80C35A6E771
:10983000184803B0BDE8F08FBAF11F0F4FF00102D6
:1098400088BF0AF01F0302FA03F388BF0E4932688B
:1098500098BF4FF0A041C1F80C35002A84D191E7A0
:109860000B488CE7BAF11F0F84BF0AF01F0A064AA3
:10987000074898BF4FF0A042012303FA0AF3C2F849
:1098800008357CE758B70020000300500A00AD0BF4
:109890000000AD0B0B00AD0B194BD3F8182102B92A
:1098A00070470021174AC3F81811D3F81811D37F55
:1098B00082B0FF2B019101990DD0917F99B11F2B9F
:1098C00086BF03F01F0310484FF0A040012101FAAA
:1098D00003F3C0F80C35002353771372D2E900313B
:1098E0000A4802B018471F2B86BF03F01F03064823
:1098F0004FF0A040012101FA03F3C0F80835EAE770
:109900000030024058B700200003005060B700202C
:109910001B4BD3F8182102B970470021194AC3F82C
:109920001811D3F8181192F8433082B0FF2B01912F
:1099300001990ED092F84210A9B11F2B86BF03F0F7
:109940001F0311484FF0A040012101FA03F3C0F8B2
:109950000C35002382F8413082F82C30D2E90931ED
:109960000A4802B018471F2B86BF03F01F030648A2
:109970004FF0A040012101FA03F3C0F80835E8E7F1
:1099800000F0024058B700200003005084B70020C8
:10999000604B1B6830B45C1C37D05F4A082B1268E0
:1099A00000F08F805B4B5C4A1B681268082B15D057
:1099B000591C23D0584A1268082B12D0574AD2F8A3
:1099C000883043F47003C2F88830BFF34F8FBFF381
:1099D0006F8F534B534A1A6030BC7047002A00F017
:1099E0008280032AEAD84FF08043D3F80024D207BC
:1099F00044BF6FF00102C3F80024DFE74A4A4B4B33
:109A000012681B78C2F30312D6E7484A464B127815
:109A10001B68082AC3F3031301D1032B53D9424A0D
:109A2000424B12681B78C2F30312082BBAD1032AE7
:109A3000B8D84FF080523E4BD2F80414C3F820152A
:109A4000D2F80814C3F82415D2F80C14C3F828155A
:109A5000D2F81014C3F82C15D2F81414C3F830152A
:109A6000D2F81814C3F83415D2F81C14C3F84015F2
:109A7000D2F82014C3F84415D2F82414C3F84815BA
:109A8000D2F82814C3F84C15D2F82C14C3F850158A
:109A9000D2F83014C3F85415D2F83414C3F8601552
:109AA000D2F83814C3F86415D2F83C14C3F868151A
:109AB000D2F84014C3F86C15D2F84424C3F87025CA
:109AC00070E7032A0CD8134B1B684FF0804200212B
:109AD000581CC2F80C11C2F81011C2F838159ED0EB
:109AE0000D4A1268A1E7134C1349144D2560144820
:109AF000144AFB24C1F8184501681268124C21F081
:109B00000F0102F00F020A434FF40071026021605E
:109B100050E700BF300100103401001000ED00E0FC
:109B2000446100200090D003E80F00F0E00F00F047
:109B300000C000408C56004000F000404881030007
:109B4000E40E0040580200104096024008B5ECF7C1
:109B5000BFFB054B4FF080525A6040BFBFF34F8FA1
:109B6000BFF36F8F08BD00BF00ED00E0704700BF7E
:109B7000704700BF044B036010B46423034C0C60B7
:109B800013605DF8044B7047A0B70020F4B70020C5
:109B9000054B036010B44FF48073044C0C601360E9
:109BA0005DF8044B704700BF84B90020D8B900208D
:109BB00070B51F4C84B04FF0FF3203A92068FDF749
:109BC0004DFB0028F7D00398037A4568052B0DD884
:109BD000DFE803F0272A221C1503D0E90361D0E94E
:109BE0000523C06900903046A847039803681BB15D
:109BF0001846FCF7B9FF0398FCF7B6FFDBE7D0E99E
:109C00000523D0E90301A8470398EFE7D0E9041240
:109C1000C068A8470398E9E7D0E90301A84703987B
:109C2000E4E7A8470398E1E7C068A8470398DDE7A1
:109C3000DCBD00202DE9F0432D4B2E4C5B6885B038
:109C4000C3F30803019001AF2068002B44D0002328
:109C500039461A46FDF75CFA01283AD0DFF89880B9
:109C6000D8F80000002240000421FCF7FFFF064660
:109C700078B3DFF88890D9F80000FEF749F8FEF7CE
:109C8000F5FF02E03046FDF733F8002203A9206813
:109C9000FDF7E4FA00230546642203A90028F1D168
:109CA0002068FDF723FE2660FEF7EAFFD9F80000E2
:109CB000FEF7E0F8D8F800300D4A20685B00C8F8DD
:109CC00000305368C3F30803394653B96422FDF7E3
:109CD0000FF805B0BDE8F08339466422FDF708F8B7
:109CE000BAE72B462A46FDF713FA05B0BDE8F08324
:109CF00000ED00E0DCBD0020D8BD0020E0BD00206C
:109D00002DE9F8439DF8205006460F4691469846A7
:109D1000CDB1A8000C30FCF70DFF044688B100233C
:109D2000C0F804900572036006B177B92DB1AA009E
:109D3000414604F10C0000F0D3FF2046FFF77AFF04
:109D40000120BDE8F8831020E5E73846FCF7F2FE75
:109D500081462060A0B13A46314600F0C1FF002D97
:109D6000EBD0691EC9B208EB8101A8F1040353F8D6
:109D7000042FB24208BFC3F800909942F7D1D6E74A
:109D80002046FCF7F1FE4846DBE700BF30B5402334
:109D90000B4D83B004460022184604212B60FCF7CB
:109DA00065FF084B084918600223CDE90031A2B2D3
:109DB000002306490648FDF731FF03B030BD00BF60
:109DC000D8BD0020DCBD0020E0BD002030F0030045
:109DD000B19B030011DF704708B50446FFF7FAFF97
:109DE0000D4B4FF080414FF0FF32C3F88020C3F895
:109DF0008021C3F88420C3F88421C1F81C45BFF337
:109E00004F8F0649064BCA6802F4E0621343CB60E9
:109E1000BFF34F8F00BFFDE700E100E000ED00E081
:109E20000400FA054FF08043194AD3F8001419488A
:109E300030B41160D3F80054D3F80024164C1749FD
:109E40002A43C3F80024D4F84025026000240122EC
:109E50004FF40030C3F818459A60C1F88000BFF392
:109E60004F8FBFF36F8F0E4C03F588334FF0A04533
:109E70004FF480304FF0FF31C3F84803C3F80803B4
:109E80005A609A60C5F80815C4F8081530BC7047C8
:109E9000E4BD0020E8BD002000A0004000E100E09B
:109EA0000003005008B54E20FFF796FF16281BD878
:109EB0003C4B53F820301F2B86BF03F01F033A4A58
:109EC0004FF0A0420E290FD8DFE801F0655F59532B
:109ED0004D474039322B241D160F080003F5E0735F
:109EE00040F2037142F82310704703F5E07340F22B
:109EF000036142F82310704703F5E07340F2035109
:109F000042F82310704703F5E07340F2034142F832
:109F10002310704703F5E07340F2033142F8231039
:109F2000704703F5E07340F2032142F823107047B5
:109F300003F5E07340F2031142F82310704703F574
:109F4000E0734FF4403142F82310704703F5E0739B
:109F50004FF4003142F82310704703F5E0731349C2
:109F600042F82310704703F5E073114942F82310BB
:109F7000704703F5E073042142F82310704703F59E
:109F8000E0730C2142F82310704703F5E0730321BE
:109F900042F82310704703F5E073002142F82310C4
:109FA000704700BF84EF030000030050040002006C
:109FB0000C000300162811D80A4B53F820301F2B31
:109FC00088BF03F01F034FF001028CBF06484FF01B
:109FD000A04002FA03F311B1C0F808357047C0F889
:109FE0000C35704784EF030000030050162818D882
:109FF0000D4B53F820201F2A8ABF0C494FF0A04177
:10A0000002F01F02D1F8140501239340034214BF4C
:10A01000D1F80425D1F81025134214BF01200020E7
:10A0200070470020704700BF84EF0300000300501A
:10A0300000F108034FF0FF310022816002604360AD
:10A04000C0E90333704700BF00230361704700BFBE
:10A050004368026810B49C688C609C684B60013255
:10A06000616099605DF8044B08610260704700BF51
:10A0700030B40D686B1C11D000F1080200E01A46E4
:10A0800053681C68AC42FAD904684B60013499608B
:10A090008A6051600861046030BC7047026953688F
:10A0A000F2E700BF42688168036910B4916081687B
:10A0B0005C684A601A68844208BF5960013A00210E
:10A0C00001611A6018685DF8044B70470B46014641
:10A0D000184600F071BD000081F0004102E000BFB1
:10A0E00083F0004330B54FEA41044FEA430594EA58
:10A0F000050F08BF90EA020F1FBF54EA000C55EA93
:10A10000020C7FEA645C7FEA655C00F0E2804FEA63
:10A110005454D4EB5555B8BF6D420CDD2C4480EA45
:10A12000020281EA030382EA000083EA010180EA75
:10A13000020281EA0303362D88BF30BD11F0004FC3
:10A140004FEA01314FF4801C4CEA113102D04042F9
:10A1500061EB410113F0004F4FEA03334CEA133334
:10A1600002D0524263EB430394EA050F00F0A7804C
:10A17000A4F10104D5F1200E0DDB02FA0EFC22FA47
:10A1800005F2801841F1000103FA0EF2801843FA3B
:10A1900005F359410EE0A5F120050EF1200E012A2C
:10A1A00003FA0EFC28BF4CF0020C43FA05F3C0186A
:10A1B00051EBE37101F0004507D54FF0000EDCF1E3
:10A1C000000C7EEB00006EEB0101B1F5801F1BD38C
:10A1D000B1F5001F0CD349085FEA30004FEA3C0C90
:10A1E00004F101044FEA445212F5800F80F09A8086
:10A1F000BCF1004F08BF5FEA500C50F1000041EB8A
:10A20000045141EA050130BD5FEA4C0C404141EB8D
:10A21000010111F4801FA4F10104E9D191F0000FB4
:10A2200004BF01460020B1FA81F308BF2033A3F137
:10A230000B03B3F120020CDA0C3208DD02F1140C2E
:10A24000C2F10C0201FA0CF021FA02F10CE002F169
:10A250001402D8BFC2F1200C01FA02F120FA0CFC62
:10A26000DCBF41EA0C019040E41AA2BF01EB0451AB
:10A27000294330BD6FEA04041F3C1CDA0C340EDCA9
:10A2800004F11404C4F1200220FA04F001FA02F3EC
:10A2900040EA030021FA04F345EA030130BDC4F1AA
:10A2A0000C04C4F1200220FA02F001FA04F340EA9F
:10A2B0000300294630BD21FA04F0294630BD94F050
:10A2C000000F83F4801306BF81F480110134013D37
:10A2D0004EE77FEA645C18BF7FEA655C29D094EAA8
:10A2E000050F08BF90EA020F05D054EA000C04BF26
:10A2F0001946104630BD91EA030F1EBF0021002011
:10A3000030BD5FEA545C05D14000494128BF41F0AF
:10A31000004130BD14F580043CBF01F5801130BD13
:10A3200001F0004545F0FE4141F470014FF000009E
:10A3300030BD7FEA645C1ABF194610467FEA655C4F
:10A340001CBF0B46024650EA013406BF52EA0335F1
:10A3500091EA030F41F4002130BD00BF90F0000FDF
:10A3600004BF0021704730B54FF4806404F132041B
:10A370004FF000054FF0000150E700BF90F0000FD4
:10A3800004BF0021704730B54FF4806404F13204FB
:10A3900010F0004548BF40424FF000013EE700BFCB
:10A3A00042004FEAE2014FEA31014FEA02701FBF5B
:10A3B00012F07F4393F07F4F81F06051704732F08D
:10A3C0007F4208BF704793F07F4F04BF41F40021E4
:10A3D000704730B54FF4607401F0004521F0004142
:10A3E0001CE700BF50EA010208BF704730B54FF0CC
:10A3F00000050AE050EA010208BF704730B511F0CD
:10A40000004502D5404261EB41014FF4806404F104
:10A4100032045FEA915C3FF4D8AE4FF003025FEA8A
:10A42000DC0C18BF03325FEADC0C18BF033202EB0E
:10A43000DC02C2F1200300FA03FC20FA02F001FA68
:10A4400003FE40EA0E0021FA02F11444BDE600BF0B
:10A4500070B54FF0FF0C4CF4E06C1CEA11541DBFBA
:10A460001CEA135594EA0C0F95EA0C0F00F0DEF885
:10A470002C4481EA030621EA4C5123EA4C5350EA6A
:10A48000013518BF52EA033541F4801143F48013BB
:10A4900038D0A0FB02CE4FF00005E1FB02E506F04C
:10A4A0000042E0FB03E54FF00006E1FB03569CF0A1
:10A4B000000F18BF4EF0010EA4F1FF04B6F5007FA7
:10A4C00064F5407404D25FEA4E0E6D4146EB060619
:10A4D00042EAC62141EA55514FEAC52040EA5E50A2
:10A4E0004FEACE2EB4F1FD0C88BFBCF5E06F1ED84C
:10A4F000BEF1004F08BF5FEA500E50F1000041EB83
:10A50000045170BD06F0004646EA010140EA02002F
:10A5100081EA0301B4EB5C04C2BFD4EB0C0541EA51
:10A52000045170BD41F480114FF0000E013C00F366
:10A53000AB8014F1360FDEBF002001F0004170BD8A
:10A54000C4F10004203C35DA0C341BDC04F11404A3
:10A55000C4F1200500FA05F320FA04F001FA05F22F
:10A5600040EA020001F0004221F0004110EBD370FC
:10A5700021FA04F642EB06015EEA430E08BF20EA28
:10A58000D37070BDC4F10C04C4F1200500FA04F3CB
:10A5900020FA05F001FA04F240EA020001F000415D
:10A5A00010EBD37041F100015EEA430E08BF20EAD0
:10A5B000D37070BDC4F1200500FA05F24EEA020E18
:10A5C00020FA04F301FA05F243EA020321FA04F047
:10A5D00001F0004121FA04F220EA020000EBD370FE
:10A5E0005EEA430E08BF20EAD37070BD94F0000FFE
:10A5F0000FD101F00046400041EB010111F4801F32
:10A6000008BF013CF7D041EA060195F0000F18BFE2
:10A61000704703F00046520043EB030313F4801F1E
:10A6200008BF013DF7D043EA0603704794EA0C0FD8
:10A630000CEA135518BF95EA0C0F0CD050EA4106EE
:10A6400018BF52EA4306D1D181EA030101F000416B
:10A650004FF0000070BD50EA410606BF1046194693
:10A6600052EA430619D094EA0C0F02D150EA01369F
:10A6700013D195EA0C0F05D152EA03361CBF1046E0
:10A6800019460AD181EA030101F0004141F0FE417F
:10A6900041F470014FF0000070BD41F0FE4141F403
:10A6A000780170BD70B54FF0FF0C4CF4E06C1CEA03
:10A6B00011541DBF1CEA135594EA0C0F95EA0C0FB8
:10A6C00000F0A7F8A4EB050481EA030E52EA033573
:10A6D0004FEA013100F088804FEA03334FF0805594
:10A6E00045EA131343EA12634FEA022245EA1115C1
:10A6F00045EA10654FEA00260EF000419D4208BF72
:10A70000964244F1FD0404F5407402D25B084FEA1E
:10A710003202B61A65EB03055B084FEA32024FF4CA
:10A7200080104FF4002CB6EB020E75EB030E22BF27
:10A73000B61A754640EA0C005B084FEA3202B6EBE7
:10A74000020E75EB030E22BFB61A754640EA5C0096
:10A750005B084FEA3202B6EB020E75EB030E22BF26
:10A76000B61A754640EA9C005B084FEA3202B6EB27
:10A77000020E75EB030E22BFB61A754640EADC00E6
:10A7800055EA060E18D04FEA051545EA16754FEA48
:10A7900006164FEAC30343EA52734FEAC2025FEA66
:10A7A0001C1CC0D111F4801F0BD141EA00014FF0F5
:10A7B00000004FF0004CB6E711F4801F04BF0143C6
:10A7C0000020B4F1FD0C88BFBCF5E06F3FF6AFAEE2
:10A7D000B5EB030C04BFB6EB020C5FEA500C50F172
:10A7E000000041EB045170BD0EF0004E4EEA1131F5
:10A7F00014EB5C04C2BFD4EB0C0541EA045170BDFC
:10A8000041F480114FF0000E013C90E645EA060E3F
:10A810008DE60CEA135594EA0C0F08BF95EA0C0F6D
:10A820003FF43BAF94EA0C0F0AD150EA01347FF4B5
:10A8300034AF95EA0C0F7FF425AF104619462CE78C
:10A8400095EA0C0F06D152EA03353FF4FDAE1046EF
:10A85000194622E750EA410618BF52EA43067FF440
:10A86000C5AE50EA41047FF40DAF52EA43057FF4D0
:10A87000EBAE12E753B94AB9002908BF00281CBF44
:10A880004FF0FF314FF0FF3000F072B9ADF1080C1E
:10A890006DE904CE00F006F8DDF804E0DDE90223FE
:10A8A00004B070472DE9F047089E04468846002B07
:10A8B0004BD18A42154667D9B2FA82F24AB1C2F147
:10A8C000200701FA02F320FA07F7954047EA030848
:10A8D00094404FEA154E230CB8FBFEF71FFA85FC97
:10A8E0000EFB178843EA084307FB0CF1994209D98C
:10A8F000EB1807F1FF3080F01B81994240F218817C
:10A90000023F2B445B1AA4B2B3FBFEF00EFB1033E4
:10A9100044EA034400FB0CFCA44509D92C1900F1BE
:10A92000FF3380F00781A44540F2048102382C44B3
:10A9300040EA0740A4EB0C0400271EB1D4400023DA
:10A94000C6E900433946BDE8F0878B4209D9002E9D
:10A9500000F0EB800027C6E9000138463946BDE823
:10A96000F087B3FA83F7002F47D18B4202D382429C
:10A9700000F2FA80841A61EB030301209846002E4E
:10A98000E0D0C6E90048DDE702B9FFDEB2FA82F2A4
:10A99000002A40F08F80491B4FEA154E1FFA85F8B8
:10A9A0000127B1FBFEFC230C0EFB1C1143EA014303
:10A9B00008FB0CF1994207D9EB180CF1FF3002D2D9
:10A9C000994200F2CD808446591AA3B2B1FBFEF041
:10A9D0000EFB101443EA044408FB00F8A04507D915
:10A9E0002C1900F1FF3302D2A04500F2B6801846C0
:10A9F000A4EB080440EA0C409FE7C7F1200CBB40E1
:10AA000022FA0CFE4EEA030E01FA07F420FA0CF5C6
:10AA100021FA0CF34FEA1E482543B3FBF8F92C0C3E
:10AA200008FB19331FFA8EFA44EA034309FB0AF4C0
:10AA30009C4202FA07F200FA07F10BD91EEB03035E
:10AA400009F1FF3080F087809C4240F28480A9F1B8
:10AA5000020973441B1BADB2B3FBF8F008FB1033C3
:10AA600045EA034400FB0AFAA24508D91EEB040498
:10AA700000F1FF336BD2A24569D90238744440EA31
:10AA80000940A0FB0289A4EB0A044C45C2464B4690
:10AA900054D351D0002E69D0B1EB0A0564EB030406
:10AAA00004FA0CFCFD40FC404CEA0505C6E90054E4
:10AAB000002747E7C2F1200320FA03F7954001FA87
:10AAC00002F021FA03F34FEA154E3843010CB3FBB1
:10AAD000FEF71FFA85F80EFB173341EA034107FB27
:10AAE00008F38B4204FA02F407D9691807F1FF3C16
:10AAF0002FD28B422DD9023F2944CB1A81B2B3FB0E
:10AB0000FEF00EFB103341EA034100FB08F38B42D9
:10AB100007D9691800F1FF3C17D28B4215D90238CA
:10AB20002944C91A40EA07473BE73746304609E758
:10AB30000746E7E61846FBE64145ABD2B8EB020A0A
:10AB400069EB0E0201381346A4E76046E9E71846B0
:10AB500095E76746D1E781467CE702382C4447E712
:10AB6000ACF1020C2B442FE7384608E73746E9E6FC
:10AB7000704700BF1FB51C46094B1B680546D868C7
:10AB800052B1084B0091CDE9013207492B462246CC
:10AB900000F034F801F08EF9044B1A46F2E700BFDA
:10ABA000486100203CF0030049F0030077F0030007
:10ABB0000A22002101F03EB810B5054C13462CB115
:10ABC0000A4601460220AFF3008010BD2046FCE794
:10ABD0000000000008B5074B044613B10021AFF395
:10ABE0000080054B1868836A03B19847204603F03C
:10ABF00047F800BF0000000078F003000EB403B572
:10AC0000014603AB054853F8042B0068019300F09C
:10AC100073F902B05DF804EB03B07047486100209F
:10AC200070B50D4E0D4CA41BA4100025A54209D1F2
:10AC30000B4E0C4C03F026F8A41BA4100025A542D3
:10AC400005D170BD56F8253098470135EEE756F826
:10AC5000253098470135F2E718630020186300207B
:10AC6000186300203463002010B5044600F008F893
:10AC70002044407800F0080010BDD0F8EC00704788
:10AC8000044B054A1B681B6A002B08BF1346D3F808
:10AC9000EC00704748610020AC610020024B014687
:10ACA000186800F0A5B800BF48610020024B0146BB
:10ACB000186800F04FB800BF4861002082B001B9A9
:10ACC00001A942B14BB113780B601278101C18BF68
:10ACD000012002B070471046FBE76FF00100F8E773
:10ACE00010B5431E0A44914200D110BD11F8014B2A
:10ACF00003F8014FF7E7884210B501EB020307D8CC
:10AD0000421E99420AD011F8014B02F8014FF8E7B0
:10AD10008342F5D98118D21AD34200D110BD13F85D
:10AD2000014D01F8014DF7E702440346934200D17B
:10AD3000704703F8011BF9E738B502FB01F421461F
:10AD400000F056F8054618B122460021FFF7ECFF47
:10AD5000284638BD38B50546002945D051F8043C91
:10AD60000C1F002BB8BFE41802F032F91F4A136819
:10AD7000104633B9636014602846BDE8384002F0DD
:10AD800028B9A3420CD921686218934204BF1A68FB
:10AD90005B68636004BF521822600460ECE71346EE
:10ADA0005A680AB1A242FAD919685818A0420BD1C0
:10ADB00020680144581882421960DDD11068526839
:10ADC0005A6001441960D7E702D90C232B60D3E7FE
:10ADD000206821188A4204BF11685268626004BF6B
:10ADE000091821605C60C7E738BD00BFECBD0020DA
:10ADF00070B5CD1C25F0030508350C2D38BF0C258A
:10AE0000002D064601DBA94203D90C233360002044
:10AE100070BD02F0DDF8214A1468214691B9204C3A
:10AE200023681BB9304600F0DFFD2060294630461C
:10AE300000F0DAFD431C24D10C233360304602F0CD
:10AE4000C8F8E4E70B685B1B18D40B2B0FD90B6019
:10AE5000CD50CC18304602F0BCF804F10B00231D95
:10AE600020F00700C31AD3D05A42E250D0E78C42F8
:10AE70004B6816BF636013600C46EBE70C464968ED
:10AE8000CCE7C41C24F00304A04205D0211A3046AC
:10AE900000F0AAFD0130CFD02560DBE7ECBD00203B
:10AEA000F0BD00209368013B002B10B4936008DADA
:10AEB0009469A34201DB0A2903D15DF8044B00F039
:10AEC0002BBF1368581C1060197008465DF8044BBE
:10AED0007047F8B506460F461446D518AC4201D166
:10AEE000002007E03A4614F8011B3046FFF7DAFF6E
:10AEF000431CF3D1F8BD00002DE9F04F9DB00C4686
:10AF000017460393064618B183690BB901F010FF89
:10AF10007B4B9C4257D17468A38918075DD5236980
:10AF2000002B5AD00023099320238DF82930302399
:10AF30008DF82A304FF0010BB846454615F8013B15
:10AF40000BB1252B54D1B8EB070A0BD053463A4628
:10AF500021463046FFF7BDFF013000F0C280099B5B
:10AF60005344099398F80030002B00F0BA80002376
:10AF70004FF0FF32CDE90523049307938DF853304A
:10AF80001A93A846052218F8011B5E4801F0D0FF6D
:10AF9000049B78BBD90644BF20228DF853201A07A2
:10AFA00044BF2B228DF853202A782A2A2AD0079AC8
:10AFB000A84600200A25414611F8013B303B092BE9
:10AFC00069D960B324E0504B9C4201D1B468A3E737
:10AFD0004E4B9C4208BFF4689EE72146304600F085
:10AFE000FBFE00289ED04FF0FF301DB0BDE8F08F73
:10AFF000A846A2E7434A801A0BFA00F018430490CF
:10B000004546BEE7039A111D12680391002A01DB31
:10B01000079204E0524243F002030792049398F827
:10B0200000302E2B0ED198F801302A2B38D1039BFB
:10B030001A1D1B680392002BB8BF4FF0FF3308F1B5
:10B0400002080593324D98F800100322284601F0BB
:10B050006FFF40B14023401B03FA00F0049B034301
:10B0600008F10108049398F800102A488DF8281078
:10B07000062208F1010701F05BFF002837D0264BBC
:10B080001BBB039B073323F0070308330393099B80
:10B090004B44099350E705FB0232012088468AE7BA
:10B0A000002308F10108059319460A25404610F8C7
:10B0B000012B303A092A03D9002BC3D00591C1E7EF
:10B0C00005FB012101238046F0E703AB00932246F4
:10B0D000124B04A9304600F0B7F8B0F1FF3F8146AB
:10B0E000D5D1A3895B063FF57EAF09987DE703AB19
:10B0F00000932246094B04A9304600F05BFBECE7C5
:10B10000FCF1030086F003001CF20300DCF10300F5
:10B110008CF0030090F0030049B20300D3AE0300AB
:10B120002DE9FF4755EC104B0D9FDDF830A0002DA9
:10B130000E4691461946B8BF22462B4627F02007F7
:10B14000BBBF05F100431D4600232D23B8BF1446A5
:10B15000462F0B7004D0452F00D10136022100E0AC
:10B16000032103AB019302AB00933246534645ECF7
:10B17000104B00F035FF472F804602D119F0010F28
:10B1800026D0462F08EB060911D198F80030302B55
:10B190000AD1002200232046294602F0BBFC18B940
:10B1A000C6F10106CAF80060DAF8003099440022BE
:10B1B00000232046294602F0ADFC38B93022039B1B
:10B1C0004B4505D2591C03911A70F8E7CDF80C9045
:10B1D000039B0E9AA3EB08034046136004B0BDE83E
:10B1E000F087F7B500290446BABF49422D232B2327
:10B1F000092904F8022B437020DD0DF107031F46D7
:10B200000A2691FBF6F506FB15113031092D03F8DE
:10B21000011C03F1FF32294609DC3031023B02F800
:10B22000011CBB42224604D3101A03B0F0BD1346E2
:10B23000E7E713F8012B04F8012BF2E73023194458
:10B240008370021DC170EFE72DE9F04F8DB00C4601
:10B25000DDF8588016461F46054601F0F3FD0368E9
:10B260000493184600F023FC00230A93D8F800301A
:10B270000590073323F0070303F1080294F818A0A0
:10B28000D4F800B0C8F80020D3E90023C4E91223A1
:10B29000D4E9128929F000430793CDF818804FF0C4
:10B2A000FF32A74BDDE9060102F066FC70BB4FF0F0
:10B2B000FF32A34BDDE9060102F040FC30BB002267
:10B2C00000234046494602F02FFC10B12D2384F89C
:10B2D00043309C4A9C4BBAF1470F8CBF904698462E
:10B2E00003232BF00402236122604FF00009009732
:10B2F00033460BAA2146284600F0E6F9013040F01B
:10B300008D804FF0FF300DB0BDE8F08F42464B46C8
:10B310004046494602F030FC10B18C4A8C4BDAE7CB
:10B3200061684B1C4BF480620AA83ED1062363601F
:10B330000023CDE9020309AB009349EC108B0DF11A
:10B3400023032260CDF804A061682846FFF7E8FED9
:10B350000AF0DF03472B804609D1099BD81C02DB8A
:10B360006268934247DDAAF1020A5FFA8AFABAF1EB
:10B37000650F099924D80139524604F1500009910A
:10B38000FFF72FFF0A9A1318012A8146236102DC76
:10B390002268D10701D5013323619DF82330002BAA
:10B3A000A5D02D2384F84330A1E7BAF1670F00F050
:10B3B0007781BAF1470FBBD10029B9D10123B6E794
:10B3C000BAF1660F19D1002963680CDD216113B948
:10B3D0002268D20702D501330B442361099BA36580
:10B3E0004FF00009D9E713B92268D00701D502331D
:10B3F000F3E70123F1E74FF0670ADDE909329342F1
:10B4000005DB22682361D107E8D50133E5E7002B8E
:10B41000D4BFC3F1020301231344DEE723685A05B6
:10B4200007D42369424631462846B84701302BD11C
:10B4300067E7BAF1650F40F2DC8000220023D4E90F
:10B44000120102F067FB002833D00123414A314644
:10B450002846B84701303FF454AFDDE909239A424A
:10B4600002DB2368D8070FD5DDE9042331462846DF
:10B47000B84701303FF445AF4FF0000804F11A0916
:10B480000A9B013B434509DC23689B0700F10381CC
:10B49000E0680B9B9842B8BF184634E701234A4640
:10B4A00031462846B84701303FF42BAF08F1010878
:10B4B000E6E7099B002B2BDC0123264A3146284670
:10B4C000B84701303FF41DAF099B23B90A9B13B95C
:10B4D0002368D907D8D5DDE9042331462846B84783
:10B4E00001303FF40EAF4FF0000904F11A0A099B36
:10B4F0005B424B4501DC0A9B94E7012352463146EF
:10B500002846B84701303FF4FCAE09F10109EEE7E7
:10B510000A9AA36D9A42A8BF1A46002A914607DDEF
:10B520001346314642462846B84701303FF4E9AE5B
:10B5300004F11A034FF0000B29EAE979069315E0AC
:10B54000FFFFEF7F9BF0030097F00300A3F00300E1
:10B550009FF00300A7F003000123069A3146284616
:10B56000B84701303FF4CDAE0BF1010BD4F858A031
:10B57000AAEB09035B45EFDCDDE909239A42D044DD
:10B5800015DB2368DA0712D40A9B0999A3EB0A0298
:10B59000A3EB010A9245A8BF9246BAF1000F0EDC58
:10B5A0004FF000082AEAEA7A04F11A0919E0DDE905
:10B5B000042331462846B8470130E5D1A1E6534679
:10B5C000424631462846B8470130E9D199E6012381
:10B5D0004A4631462846B84701303FF492AE08F15A
:10B5E0000108DDE909239B1AA3EB0A034345EEDCBE
:10B5F0004AE70A9A012A01DCDB073AD501234246D1
:10B6000031462846B84701303FF47BAEDDE90423DC
:10B6100031462846B847013008F101083FF471AEC1
:10B620000A9B002203F1FF3AD4E91201002302F041
:10B6300071FAC8B95346424631462846B8470130E8
:10B640000ED15EE60123524631462846B847013006
:10B650003FF457AE08F101080A9B013B4345F1DC7A
:10B660004B4604F15002DEE64FF0000804F11A0ADE
:10B67000F2E70123DFE701234A4631462846B8476F
:10B6800001303FF43EAE08F10108E3680B9A9B1AC3
:10B690004345F0DCFCE64FF0000804F11909F4E73B
:10B6A00000293FF48BAE0023CDE9020309AB0093E0
:10B6B00049EC108B2260CDF804A00DF1230328463D
:10B6C000FFF72EFD804648E62DE9F04791461F46DC
:10B6D0008A680B69DDF820809342B8BF1346C9F829
:10B6E000003091F8432006460C4612B10133C9F8E8
:10B6F00000302368990642BFD9F800300233C9F8F8
:10B700000030256815F0060507D104F1190AE36831
:10B71000D9F800209B1AAB4228DC94F84330226809
:10B72000003318BF012392062DD404F14302394699
:10B730003046C047013020D02368E568D9F80020A2
:10B7400003F00603042B08BFAD1AA36822690CBFDF
:10B7500025EAE57500259342C4BF9B1AED184FF00A
:10B7600000091A344D451AD1002008E00123524641
:10B7700039463046C047013003D14FF0FF30BDE8B5
:10B78000F0870135C3E7E1185A1C302081F84300E7
:10B79000224494F8451082F843100233C5E7012390
:10B7A000224639463046C0470130E6D009F101094A
:10B7B000D8E700002DE9F04301F1430C0C46097E67
:10B7C00085B06E291746064698460C9A00F0B3805D
:10B7D00022D8632936D00AD8002900F0B980582928
:10B7E00000F0838004F1420584F8421032E06429BD
:10B7F00001D06929F6D120681368050603F1040118
:10B800002AD51B681160002B03DA2D225B4284F8D5
:10B8100043206F480A2239E0732900F09D8008D840
:10B820006F2920D07029DDD1236843F020032360E5
:10B8300003E0752917D07829D4D1782384F84530CE
:10B84000644855E01368191D1B68116004F1420536
:10B8500084F8423001238CE01B68116010F0400F27
:10B8600018BF1BB2CFE713682568181D10602806A3
:10B8700001D51B6802E06806FBD51B8854486F2978
:10B8800014BF0A220822002184F843106568A560CD
:10B89000002DC0F29580216821F004012160002B69
:10B8A0003DD1002D40F08E806546082A0BD12368DB
:10B8B000DB0708D5236962689A42DEBF302305F8AA
:10B8C000013C05F1FF35ACEB05032361CDF80080A9
:10B8D0003B4603AA21463046FFF7F6FE01304DD124
:10B8E0004FF0FF3005B0BDE8F083394884F84510CB
:10B8F000136821681D1D1B6815600A060BD5CA0751
:10B9000044BF41F0200121601BB9226822F02002CF
:10B9100022601022B7E74D0648BF9BB2EFE76546AD
:10B92000B3FBF2F102FB1133C35C05F8013D0B469A
:10B930000029F5D1B9E7136825686169181D106001
:10B9400028061B6801D5196002E06A06FBD519803C
:10B95000002323616546B9E71368191D11601D684E
:10B9600062680021284601F0E3FA08B1401B6060DC
:10B9700063682361002384F84330A7E723692A46DC
:10B9800039463046C0470130AAD023689B0713D4FC
:10B99000E068039B9842B8BF1846A3E701234A46D4
:10B9A00039463046C04701309AD00135E368039AE2
:10B9B0009B1AAB42F2DCEBE7002504F11909F5E72D
:10B9C000002BACD1037884F8423004F142056CE7D7
:10B9D000A9F00300BAF00300024B0A4601461868BA
:10B9E00001F0D4BD4861002038B5064C002305465F
:10B9F0000846236002F036F9431C02D1236803B1E4
:10BA00002B6038BD18BE00200CB430B5174B0C1E8F
:10BA10009DB01D6808DA8B232B604FF0FF301DB0FE
:10BA2000BDE8304002B070474FF40273ADF81430F7
:10BA300014BF04F1FF332346049307934FF6FF73BB
:10BA400002900690ADF81630209A21AB02A9284644
:10BA5000019301F01BFE431CBCBF8B232B60002C09
:10BA6000DDD0029B00221A70D9E700BF4861002098
:10BA7000C9B2034610F8012B1AB18A42F9D118460F
:10BA80007047002918BF0023F9E710F8012B11F8BF
:10BA9000013B012A28BF9A42F7D0D01A70470346CB
:10BAA00011F8012B03F8012B002AF9D17047034646
:10BAB00013F8012B002AFBD1181A0138704710B572
:10BAC0006AB10139841810F8013B11F8012F934233
:10BAD00003D1A04201D0002BF5D1981A10BD104619
:10BAE000FCE738B503460D4669B9BDE83840FFF7B5
:10BAF000BFBF431C044629461846FFF7B9FF00287C
:10BB0000F7D1204638BD0024F5E7F0B503787BB1C6
:10BB1000044623782046661C7BB14A1E631E12F839
:10BB2000015F4DB113F8017FAF423446F7D0F0E723
:10BB30000B78002B18BF0020F0BD1846FCE72DE95C
:10BB4000F0478046894692461E460F463D46089875
:10BB500015F8014BFFF791F82044437813F00803E0
:10BB600032D12D2C32D17C78BD1C0122002E5DD02B
:10BB7000102E09D1302C07D12B7803F0DF03582B7E
:10BB80004FD16C7810260235002A14BF4FF00041C7
:10BB90006FF000410027B1FBF6FC384606FB1C1E87
:10BBA000A4F13003092B17D81C46A64223DD7B1CC9
:10BBB00007D084451CD301D1A64519DB00FB064004
:10BBC000012715F8014BEBE72F46BFE72B2C04BFED
:10BBD000BD1C7C781A46C9E7A4F14103192B01D892
:10BBE000373CE2E7A4F16103192B04D8573CDCE7AA
:10BBF0004FF0FF37E5E77B1C08D12223C8F800305F
:10BC00000846BAF1000F07D1BDE8F08702B1404203
:10BC1000BAF1000FF8D00FB105F1FF39CAF8009062
:10BC2000F2E73024002EAFD10826ADE7302CA3D0A8
:10BC30000A26A9E7084B37B51C68084D236A002B74
:10BC400008BF2B46009313460A4601462046FFF7DD
:10BC500076FF03B030BD00BF48610020AC6100201A
:10BC6000024B01461868FFF7BFBE00BF48610020C5
:10BC700010B50446FFF704F82044437803F00303AB
:10BC8000012B08BF2034204610BD10B50446FEF736
:10BC9000F7FF2044437803F00303022B08BF203C46
:10BCA000204610BD30B5141E05469BB0184605DA77
:10BCB0008B232B604FF0FF301BB030BD4FF402736D
:10BCC000ADF80C3014BF04F1FF3323460293059303
:10BCD0004FF6FF7300910491ADF80E3002461E9BA3
:10BCE0006946284601F0D2FC431CBCBF8B232B6065
:10BCF000002CE1D0009B00221A70DDE707B500930D
:10BD000013460A46014603480068FFF7CBFF03B01D
:10BD10005DF804FB48610020F8B50E461446054660
:10BD200018B183690BB901F003F8214B9C422AD169
:10BD30006C68A369A360A3891A072ED5236963B32E
:10BD400023692068C01A6369F6B28342374604DC6F
:10BD50002146284600F082FF28BBA368013BA36070
:10BD600023685A1C22601E7063690130834204D02C
:10BD7000A389DB0719D50A2E17D12146284600F0E2
:10BD80006DFF90B10FE00B4B9C4201D1AC68D0E746
:10BD9000094B9C4208BFEC68CBE72146284600F0DF
:10BDA0001BF80028CCD04FF0FF373846F8BD00BF55
:10BDB000FCF103001CF20300DCF1030049B1FF2A8F
:10BDC00085BF8A2303600A704FF0FF3098BF0120BF
:10BDD0007047084670470000324B70B51D68064634
:10BDE0000C4625B1AB6913B9284600F0A1FF2E4BD4
:10BDF0009C420FD16C68B4F90C309AB215072CD460
:10BE0000D00611D40922326043F04003A3814FF0E1
:10BE1000FF303EE0254B9C4201D1AC68EBE7244B60
:10BE20009C4208BFEC68E6E7510712D5616B41B14F
:10BE300004F14403994202D03046FEF78BFF002301
:10BE40006363A38923F02403A38100236360236930
:10BE50002360A38943F00803A38123694BB9A38915
:10BE600003F42073B3F5007F03D02146304601F080
:10BE70001BF8A28912F001030CD00023A3606369B0
:10BE80005B42A361236953B9B4F90C3013F080000D
:10BE9000BAD170BD920758BF6369A360F2E7002072
:10BEA000F7E700BF48610020FCF103001CF203002B
:10BEB000DCF1030008B5062001F006FD012001F0C9
:10BEC000DFFE2DE9F74F03690C69A3428046C0F2FB
:10BED0008280013C01F114074FEA840C00F1140642
:10BEE00057F8245056F8240006EB0C03013507EBF5
:10BEF0000C090193B0FBF5F595B34FF0000A3846F5
:10BF0000B646D34650F8042B93B205FB03A34FEA81
:10BF1000134A9BB2ABEB0303120CDEF800B005FB37
:10BF200002A213FA8BF34FEA124A1FFA82FBDEF8E1
:10BF30000020CBEB124202EB23429BB243EA0243C6
:10BF400081454FEA224B4EF8043BDBD256F80C30C9
:10BF500033B9019B043B9E421A4630D3C8F81040C7
:10BF6000404601F04DFA002825DB013530464FF000
:10BF7000000C57F8042BD0F800E093B2ACEB0303AD
:10BF8000120C13FA8EF3C2EB1E4202EB23429BB259
:10BF900043EA0243B9454FEA224C40F8043BE8D259
:10BFA00056F8242006EB84032AB9043B9E421A4625
:10BFB0000BD3C8F81040284603B0BDE8F08F1268D4
:10BFC000043B002ACAD1013CC5E71268043B002AA1
:10BFD000EFD1013CEAE70020EEE70000000000009E
:10BFE0002DE9F04F57EC106B97B0456A0691044667
:10BFF0000B921293DDF88080CDE900673DB91020E7
:10C00000FAF798FD6062C0E901550560C560636A92
:10C01000196851B15A684A60012393408B602046E9
:10C0200001F00CF8636A00221A603B1EBBBF23F0CC
:10C030000043019300230122ACBFC8F80030C8F8C8
:10C040000020AF4BDDF8048033EA080314D1129AC4
:10C0500042F20F731360009B23B9C8F3130000284A
:10C0600000F04285219BDFF8ACB2002B00F0448544
:10C070000BF1030300F03EBDDDE900670022002361
:10C080003046394601F046FD814668B1129A0123D7
:10C090001360219B002B00F024859A4B219A03F119
:10C0A000FF3B136000F028BD14AA15A947EC106BE4
:10C0B000204601F01CFAC8F30A550490002D7CD0EC
:10C0C000C7F3130343F07F5BB2464BF4401BA5F26A
:10C0D000FF35CDF84C9000228B4B50465946FDF76A
:10C0E000FFFF81A3D3E90023FEF7B2F980A3D3E9D0
:10C0F0000023FDF7F7FF064628460F46FEF73EF9F8
:10C100007DA3D3E90023FEF7A3F902460B46304690
:10C110003946FDF7E7FF06460F4601F043FD0022D2
:10C12000824600233046394601F0FEFC48B15046B5
:10C13000FEF724F932463B4601F0ECFC08B90AF15F
:10C14000FF3ABAF1160F59D8704901EBCA01DDE97F
:10C150000023D1E9000101F005FD002850D00AF1CB
:10C16000FF3A00230F93149B5D1BB5F1010849BFF3
:10C17000C5F10103002305934FF0000858BF059354
:10C18000BAF1000F3EDB0023D044CDF838A007936E
:10C19000069B092B00F29080052BC4BF043B06933D
:10C1A000069BA3F10203CCBF00250125032B00F25F
:10C1B0008F80DFE803F07D7F3171DDE914531D448A
:10C1C00005F23240202813DDC0F14000009B08FA40
:10C1D00000F805F2124023FA00F048EA0000FEF7EA
:10C1E000BDF801238246A1F1F87B013D139372E76C
:10C1F000009BC0F1200003FA00F0F0E70123B1E753
:10C200000F90B0E7059BA3EB0A030593CAF1000367
:10C21000079300230E93BBE701230A930B9B002B8C
:10C2200059DD02939946666A00227260042202F187
:10C2300014009842716853D9204600F0CBFE636A1F
:10C240003060B9F10E0FD3F800B000F2E680002D97
:10C2500000F0E3809DED007BBAF1000F8DED107BC7
:10C2600074DD2A4A0AF00F0302EBC30393ED007B4F
:10C270004FEA2A16F0068DED087B65D5244BDDE9E3
:10C280001001D3E90823FEF70DFACDE9000106F00D
:10C290000F0603251E4F4CE001230A930B9B5344CA
:10C2A00003F1010902934B46012BB8BF0123BAE702
:10C2B0000023B2E70023F0E70125002306930A9547
:10C2C0004FF0FF3302939946002212230B92AAE704
:10C2D00001230A93F4E70123029399461A46F5E7EE
:10C2E000013171605200A2E761436F63A787D23FBB
:10C2F000B3C8608B288AC63FFB799F501344D33F55
:10C300000000F07FA8F003000000F83F68F203008F
:10C3100040F20300D5F10300F10708D5DDE908017B
:10C32000D7E90023FEF794F8CDE90801013576102E
:10C330000837002EF0D1DDE90823DDE90001FEF722
:10C34000B1F9CDE900011AE00225A3E700F0A080D1
:10C35000CAF100069F4BA04F06F00F0203EBC20389
:10C36000D3E90023DDE91001FEF772F8CDE9000101
:10C37000361100230225002E7FD1002BE1D10F9B27
:10C38000002B00F08780DDE900670022934B3046E8
:10C39000394601F0C9FB00287CD0B9F1000F79D0F3
:10C3A000029B002B35DD0AF1FF330893394600224A
:10C3B0008B4B3046FEF74CF8CDE90001029F01356A
:10C3C0002846FDF7DBFFDDE90023FEF741F80022F8
:10C3D000844BFDF787FE0546A1F15076002F5DD115
:10C3E0000022814BDDE90001FDF77AFE2A46334643
:10C3F000CDE9000101F0B6FB002840F088822A4612
:10C4000006F10043DDE9000101F08EFB002840F059
:10C410007C82DDE91023CDE90023159B002BC0F2BF
:10C420005081BAF10E0F00F34C816A4B03EBCA0343
:10C4300093ED007B0B9B002B8DED027B80F2D8806F
:10C44000B9F1000F00F3D48040F05E820022664B09
:10C4500051EC170BFDF7FCFFDDE9002301F078FB41
:10C460004F464E46002840F0348231230BF101053F
:10C470008BF800300AF1010A2FE2F20705D5D7E95F
:10C480000023FDF7E5FF013501237610083772E739
:10C49000022574E7CDF820A04F4691E74D4B03EB02
:10C4A000C70353E902010A9B002B47D002460B4603
:10C4B00000204E49FEF7F6F82A463346FDF710FEF7
:10C4C000CDE90C015D46DDE9000101F06BFB06469C
:10C4D000FDF754FF02460B46DDE90001FDF700FEC3
:10C4E000303605F8016BDDE90C23CDE9000101F0E0
:10C4F0001BFB002863D1DDE9002300203749FDF74D
:10C50000EFFDDDE90C2301F00FFB002840F0B780C0
:10C51000A5EB0B039F427FF77CAF0022304BDDE998
:10C520000C01FDF795FF0022CDE90C012C4BDDE954
:10C530000001FDF78DFFCDE90001C4E72A4633462F
:10C54000FDF786FFCDE90C010BEB07055E46DDE943
:10C55000000101F027FB0746FDF710FF30370246C8
:10C560000B46DDE90001FDF7BBFD06F8017BAE429D
:10C57000CDE900014FF0000226D11C4BDDE90C0192
:10C58000FDF7B0FD02460B46DDE9000101F0EAFAD5
:10C59000002874D1DDE90C2300201449FDF7A0FD2B
:10C5A00002460B46DDE9000101F0BEFA00283FF427
:10C5B00030AF15F8013C302B05F1FF3202D0DDF829
:10C5C00020A04AE01546F4E7054BFDF741FFCDE911
:10C5D0000001BCE768F2030040F203000000F03FF6
:10C5E0000000244000001C40000014400000E03F18
:10C5F000DDE900675D46DDE9022330463946FEF796
:10C6000051F801F0CFFA8046FDF7B8FEDDE90223CC
:10C61000FDF71EFF02460B463046394608F130064C
:10C62000FDF75EFD05F8016BA5EB0B06B145024673
:10C630000B4639D1FDF756FDDDE9022306460F46CC
:10C6400001F090FAC8B9DDE902233046394601F01D
:10C6500061FA10B118F0010F0FD10499204600F0D3
:10C66000EDFC0023129A2B700AF101031360219B49
:10C67000002B00F041821D603EE2CDF820A015F8AD
:10C68000012C392A05F1FF3308D19B450AD1089BBB
:10C690000133089330238BF800305B461A7801325F
:10C6A0001A708CE71D46EAE700229B4BFDF7D0FE8F
:10C6B0000022002306460F4601F02CFA00289AD0EB
:10C6C000CBE70A9A002A00F08B80069A012A6EDCDA
:10C6D000139A002A67D003F23343079F059D059AFA
:10C6E00001211A4420460592984400F047FD064671
:10C6F000002D0CDDB8F1000F09DD4545059A2B46EC
:10C70000A8BF4346D21A0592ED1AA8EB0308079B6F
:10C71000EBB10A9B002B67D08FB131463A462046D9
:10C7200000F0CCFD049A01460646204600F02FFD9D
:10C7300004990890204600F081FC089B0493079B15
:10C74000DA1B04D00499204600F0B8FD04900121C2
:10C75000204600F013FD0E9B0746002B00F0D08111
:10C760001A460146204600F0A9FD069B012B07460C
:10C7700040DC009B002B39D1019BC3F31303002B3A
:10C7800036D1019B23F000431B0D1B052BB1059BEC
:10C790000133059308F10108012307930E9B002B39
:10C7A0002AD1012030E0149BC3F1360395E7079BA3
:10C7B00009F1FF37BB42BFBF079B0797FA1A0E9BD1
:10C7C000BBBF9B180E93DF1B0027B9F1000FB5BF4D
:10C7D000059B059DA3EB09054B46B8BF00237EE7EB
:10C7E000079F059D0A9E83E7079AABE70023D4E7DE
:10C7F000009BD2E7002307933B6907EB830318698B
:10C8000000F06EFCC0F12000404410F01F0047D043
:10C81000C0F12003042B3BDD059BC0F11C00034449
:10C82000059305448044059B002B05DD1A460499B9
:10C83000204600F091FD0490B8F1000F05DD394667
:10C840004246204600F088FD07460F9B53B3394609
:10C85000049800F0D5FD002824DA00230A22049968
:10C86000204600F002FC0A9B04900AF1FF3A002BDC
:10C8700000F04D81002331460A22204600F0F5FBEE
:10C88000029B002B06464FDC069B022B4CDD11E081
:10C89000C9D0059A1C331A4405921D449844C2E736
:10C8A0000346F6E7B9F1000F38DC069B022B35DDB5
:10C8B000CDF80890029B63B939460522204600F066
:10C8C000D4FB01460746049800F09AFD00283FF784
:10C8D000CCAD0B9B5D466FEA030A4FF00009394669
:10C8E000204600F0ABFB002E3FF4B7AEB9F1000FCD
:10C8F00005D0B14503D04946204600F09FFB3146A4
:10C90000204600F09BFBA8E600273E46E1E7DDF865
:10C9100020A03E46A9E500BF000024400A9BCDF8B8
:10C920000890002B00F0FA80002D05DD31462A46E4
:10C93000204600F011FD0646079B002B4CD0716885
:10C94000204600F047FB326902320546920006F1AC
:10C950000C010C30FEF7C4F901222946204600F0F4
:10C96000FBFC009BCDF814B003F00103B146079324
:10C97000064639460498FFF7A4FA4946054600F1F1
:10C980003008049800F03CFD3246009039462046BD
:10C9900000F050FDC368024603BB014608900498AE
:10C9A00000F02EFD089A034611462046089300F039
:10C9B00045FB089BA3B9069A92B9079A82B9B8F1C8
:10C9C000390F29D0009B002B01DD05F13108059BB3
:10C9D0005D1C83F8008082E73046C2E70123E3E76D
:10C9E000009A002A04DB25D1069A1ABB079A0ABBD3
:10C9F000002BECDD01220499204600F0ADFC394605
:10CA0000049000F0FDFC002803DCE0D118F0010FD9
:10CA1000DDD0B8F1390FD8D1059B059A5D1C3923BB
:10CA2000137015F8013C392B05F1FF324FD001335B
:10CA3000137054E7059A002B02F1010506DDB8F1E9
:10CA4000390FE9D008F10108059BC2E7029A05F801
:10CA5000018CA5EB0B03934221D000230A220499F9
:10CA6000204600F002FBB14504904FF000034FF068
:10CA70000A024946204605D100F0F7FA81460646EB
:10CA8000059576E700F0F1FA3146814600230A2247
:10CA9000204600F0EAFA0646F2E74FF000090122CC
:10CAA0000499204600F058FC3946049000F0A8FC98
:10CAB0000028B6DC02D118F0010FB2D115F8013C04
:10CAC000302B05F1FF327FF40AAF1546F6E79345A8
:10CAD00005D131230AF1010A8BF80030FFE6154633
:10CAE0009FE7DFF864B007E0219BDFF860B01BB17F
:10CAF0000BF10803219A1360584617B0BDE8F08F78
:10CB0000069B012B7FF735AE0E9B079349E6029BF0
:10CB1000002B03DC069B022B3FF7CCAE5D4639466B
:10CB20000498FFF7CEF900F1300805F8018B029A5E
:10CB3000A5EB0B039A42B0DD00230A22049920469C
:10CB400000F093FA0490EAE7A7F00300CCF10300A9
:10CB50008A892DE9F041054610070C4658D44B68E8
:10CB6000002B05DC0B6C002B02DC0020BDE8F08103
:10CB7000E66A002EF9D0002312F480522F68216A51
:10CB80002B6032D0606DA3895A0705D56368C01A3F
:10CB9000636B0BB1236CC01A00230246E66A216A5C
:10CBA0002846B047431CA38906D129681D2948D8C7
:10CBB000294ACA40D60744D500226260D9042269B6
:10CBC000226004D5421C01D12B6803B96065616BFA
:10CBD0002F600029C9D004F14403994202D02846AD
:10CBE000FEF7B8F800206063C0E701232846B0478D
:10CBF000411CC8D12B68002BC5D01D2B01D0162B92
:10CC000001D12F60B1E7A38943F04003A381ADE7D1
:10CC10000F69002FA9D093070E6808BF4B690F60FA
:10CC200018BF0023A6EB07088B60B8F1000F9CDD4E
:10CC300043463A46216AA66A2846B047002806DCE1
:10CC4000A38943F04003A3814FF0FF308EE70744F0
:10CC5000A8EB0008E9E700BF0100402038B50B69E8
:10CC600005460C46DBB118B183690BB900F060F8DA
:10CC70000C4B9C4209D16C68B4F90C307BB1214655
:10CC80002846BDE83840FFF763BF074B9C4201D1FF
:10CC9000AC68F1E7054B9C4208BFEC68ECE700206C
:10CCA00038BD00BFFCF103001CF20300DCF10300FF
:10CCB000002310B50446C0E90033836081814366D8
:10CCC000C281C0E904338361194608225C30FEF753
:10CCD0002BF8054B6362054BA362054BE362054BE2
:10CCE0002462236310BD00BF01D9030023D90300D0
:10CCF0005BD903007FD90300014900F085B800BF6C
:10CD00005DCC030070B54A1E682555430E4605F1FB
:10CD10007401FEF76DF8044640B10021C0E9001629
:10CD20000C30A06005F16802FDF7FEFF204670BDE3
:10CD3000836910B5044633BBC0E912330365124B57
:10CD4000124A1B688262984204BF0123836100F08B
:10CD50001FF86060204600F01BF8A060204600F03D
:10CD600017F80022E06004216068FFF7A1FF0122AC
:10CD70000921A068FFF79CFF02221221E068FFF75B
:10CD800097FF0123A36110BD78F00300F9CC0300E5
:10CD9000F8B51B4B1E68B369074613B93046FFF759
:10CDA000C7FF4836D6E90134013B03D5336833B1B8
:10CDB0003668F7E7B4F90C506DB16834F4E7042134
:10CDC0003846FFF79FFF30600028F1D10C233B600D
:10CDD00004462046F8BD0B4B6566C4E90055A560C6
:10CDE000C4E90335C4E905550822294604F15C006D
:10CDF000FDF79AFFC4E90D55C4E91255E9E700BFF4
:10CE000078F003000100FFFF2DE9F84380468946D2
:10CE100000F14804002614B93046BDE8F883D4E98F
:10CE20000175013F01D52468F5E7AB89012B07D9CE
:10CE3000B5F90E30013303D029464046C8470643B2
:10CE40006835EEE7044B1B68186A044B002808BFDE
:10CE50001846F030704700BF48610020AC610020E8
:10CE600070B50E46B1F90E10002996B014461D4655
:10CE700007DA00232B60B3891A0610D44FF48063BD
:10CE80000EE06A4600F0A2FD0028F2DB019A02F4EF
:10CE90007042A2F500535A425A412A60EEE74023FD
:10CEA0000020236016B070BD8B8973B59D070646C0
:10CEB0000C4607D504F14703236023610123636116
:10CEC00002B070BD01AB6A46FFF7CAFF0099054684
:10CED0003046FDF78DFF48B9B4F90C309A05EFD410
:10CEE00023F0030343F00203A381E3E70D4BB36296
:10CEF000A389206043F08003A381009B6361019BB1
:10CF000020615BB1B4F90E10304600F071FD28B11C
:10CF1000A38923F0030343F00103A381A3891D43E5
:10CF2000A581CDE7F9CC030000000000000000005F
:10CF300001F0FF01102A2BDB10F0070F08D010F8CA
:10CF4000013B013A8B422DD010F0070F42B3F6D1CE
:10CF5000F0B441EA012141EA014122F007047FF0E7
:10CF600000070023F0E80256083C85EA010586EA3E
:10CF7000010685FA47F5A3FA87F586FA47F6A5FA7A
:10CF800087F68EB9EED1F0BC01F0FF0102F0070286
:10CF900032B110F8013B013A83EA010313B1F8D131
:10CFA0000020704701387047002D06BF3546033812
:10CFB000073815F0010F07D1013015F4807F02BF4B
:10CFC000013015F4C03F0130F0BC0138704700BF9C
:10CFD0007047704770B5456A04460E463DB910204B
:10CFE000F9F7A8FD6062C0E901550560C560656A92
:10CFF000EB6883B1636ADB6853F82600B8B9012196
:10D0000001FA06F56A1D92002046FDF795FE60B113
:10D01000C0E901650EE0212204212046FDF78CFEC7
:10D02000636AE860DB68002BE4D1002070BD026811
:10D0300043F826200023C0E90333F7E770B5446ABC
:10D0400006460D463CB91020F9F774FD7062C0E940
:10D0500001440460C4603DB1736A6A68DB6853F8D8
:10D060002210296043F8225070BD2DE9F0410D696E
:10D070001F4606460C4601F1140C0023DCF80000A4
:10D0800081B202FB01710F0C000C02FB007089B22F
:10D09000013301EB00419D424FEA10474CF8041B5D
:10D0A000ECDCD7B1A368AB4212DC616830460131D9
:10D0B000FFF790FF2269023204F10C0180469200D2
:10D0C0000C30FDF70DFE21463046FFF7B7FF444612
:10D0D00004EB850301355F6125612046BDE8F081E1
:10D0E000020C12040346B2B90304102013F07F4F60
:10D0F00004BF1B02083013F0704F04BF1B01043043
:10D1000013F0404F04BF9B000230002B06DB5B0096
:10D1100003D5013070470020E8E7202070470368FE
:10D1200013F0070201460BD0DA0723D4980749BF52
:10D130005B089B0801200B605CBF0B6002207047FE
:10D1400098B2A8B91B0C102013F0FF0F04BF1B0AE4
:10D1500008301A0704BF1B0904309A0704BF9B0854
:10D160000230DA0702D45B0806D001300B6070474A
:10D170001046E9E7002070472020704710B50C46A4
:10D180000121FFF727FF01224461026110BD2DE953
:10D19000F74F14460A6923699A42B8BF0B4688467E
:10D1A000BCBFA0461C46D8F81070D4F81090D8F830
:10D1B0000830D8F8041007EB0906B342B8BF0131B4
:10D1C000FFF708FF00F1140505EB860E2B46002241
:10D1D000734516D304F1140208F1140102EB89031C
:10D1E00001EB87070093009B019293420CD8002E1D
:10D1F00003DD5EF8043D002B5DD0066103B0BDE8A1
:10D20000F08F43F8042BE3E7B2F800B0BBF1000F56
:10D2100023D08946AC464FF0000859F8044BDCF89F
:10D2200000A0A3B21FFA8AFA0BFB03A34FEA144A29
:10D23000DCF8004043444FEA14480BFB0A8404EB3B
:10D240001344E2469BB243EA04434F454FEA144875
:10D250004AF8043B2BD8CCF80480019BB3F802A019
:10D260000432BAF1000F20D02B688946A8464FF04F
:10D27000000BB9F800C0B8F802400AFB0C445C444B
:10D28000C4469BB243EA04434CF8043B59F8043BC0
:10D29000B8F804B01B0C0AFB03B303EB14434F456F
:10D2A0004FEA134B05D8C8F8043004359BE7D44641
:10D2B000B3E7E046DDE7013E99E700002DE9F843DA
:10D2C000154612F0030206460F4607D0013A214CDC
:10D2D000002354F82220FFF7C8FE0746AD1035D0D2
:10D2E000746A3CB91020F9F725FC7062C0E901446A
:10D2F0000460C460D6F82480D8F808404CB940F2E5
:10D3000071213046FFF73AFF0023C8F808000446B1
:10D3100003604FF00008EB070AD539462246304635
:10D32000FFF735FF394681463046FFF787FE4F4607
:10D330006D100BD0206838B9224621463046FFF7E1
:10D3400026FF2060C0F800800446E4E73846BDE8C8
:10D35000F88300BF30F303002DE9F0470C464FEA95
:10D36000621A236949680AEB0309A368074616464F
:10D3700009F10105AB4232DB3846FFF72BFE0023F3
:10D38000804600F114011A4653452BDB20692AEA36
:10D39000EA7A04F1140316F01F0201EB8A0103EB91
:10D3A000800C25D0C2F1200E00201E688A469640CF
:10D3B00030434AF8040B53F8040B9C4520FA0EF056
:10D3C00014D8486008B109F10205013D3846C8F893
:10D3D00010502146FFF732FE4046BDE8F08701318C
:10D3E0005B00C7E741F823200133CDE75146DCE776
:10D3F000043953F8042B41F8042F9C45F9D8E4E78D
:10D4000003690A699B1A30B50CD1920014301431AB
:10D410008418114454F8045D51F8042D954203D04A
:10D4200005D30123184630BDA042F3D3FAE74FF0ED
:10D43000FF33F7E72DE9F0470D460746114628462A
:10D440001446FFF7DDFF061E08D131463846FFF7C8
:10D45000C1FD0123C0E90436BDE8F087A4BF23461F
:10D460002C4638466168A6BF1D4600260126FFF7F8
:10D47000B1FD2B69C660266905F1140904F1140297
:10D4800002EB860709EB830800F114054FF0000E4C
:10D4900052F804AB59F8044B1EFA8AF1A3B2C91A28
:10D4A000230CC3EB1A4303EB214389B24FEA234E0B
:10D4B000C84541EA0343944645F8043BE8D8BC45D7
:10D4C00004D355F8043D83B10661C5E75CF8041B3D
:10D4D0001EFA81F31A1402EB11429BB243EA024393
:10D4E0004FEA224E45F8043BE9E7013EE9E72DE922
:10D4F000F7430E46012159EC108B1546FFF76AFDE4
:10D50000C9F30A540746C9F3130334BB0193B8F1B6
:10D51000000327D002A840F8083DFFF700FE00995D
:10D52000F0B1019AC0F1200302FA03F30B43C240A9
:10D530007B610192019BBB61002B14BF0221012181
:10D540003961C4B1A4F2334404443460C0F13500FD
:10D550002860384603B0BDE8F08343F48013D5E774
:10D560007961E7E701A8FFF7DAFD019B7B61012103
:10D5700039612030E5E707EB8103A0F232403060EB
:10D580001869FFF7ADFDC0EB4110E1E7F8B50746BC
:10D5900014460E4621B91146BDE8F840FDF728BCF7
:10D5A00022B9FDF7D7FB25462846F8BD00F042FA20
:10D5B000A0420FD221463846FDF71AFC0546002846
:10D5C000F2D031462246FDF78BFB31463846FDF757
:10D5D000C1FBE9E73546E7E72DE9F0478E689E4253
:10D5E00082460C469046994637D88A8912F4906F45
:10D5F00031D0256809696F1A6569022305EB450575
:10D6000095FBF3F509F101033B449D4238BF1D46EC
:10D61000530530D52946FDF7EBFB064650B90C23E0
:10D62000CAF80030A38943F04003A3814FF0FF30D4
:10D63000BDE8F0873A462169FDF752FBA38923F440
:10D64000906343F08003A381266165613E44ED1B36
:10D650002660A5604E464E4500D94E4632464146AC
:10D660002068FDF748FBA3689B1BA36023681E444A
:10D6700026600020DCE72A46FFF788FF06460028E0
:10D68000E2D121695046FDF765FBC8E72DE9F04F6F
:10D690009DB0804603938B891D060C4616460FD518
:10D6A0000B696BB94021FDF7A3FB2060206128B90D
:10D6B0000C23C8F800304FF0FF30C7E0402363610F
:10D6C0000023099320238DF8293030238DF82A3048
:10D6D0004FF0010B37463D4615F8013B0BB1252BAA
:10D6E0003ED1B7EB060A0BD05346324621464046A0
:10D6F000FFF772FF013000F0A480099B53440993A7
:10D700003B78002B00F09D8000234FF0FF32CDE9E5
:10D710000523049307938DF853301A932F4605225F
:10D7200017F8011B4F48FFF703FC049BD0B9D9063B
:10D7300044BF20228DF853201A0744BF2B228DF8B6
:10D7400053202A782A2A15D0079A2F4600200A2526
:10D75000394611F8013B303B092B4DD9B8B10FE0E8
:10D760002F46B8E73F4A801A0BFA00F0184304909E
:10D770003D46D3E7039A111D12680391002A01DB8D
:10D78000079204E0524243F00203079204933B786D
:10D790002E2B0CD17B782A2B33D1039B1A1D1B68AF
:10D7A0000392002BB8BF4FF0FF33023705932E4D85
:10D7B000397803222846FFF7BBFB38B14023401BD2
:10D7C00003FA00F0049B0343013704933978274898
:10D7D0008DF8281006227E1CFFF7AAFB002838D0FF
:10D7E000234B13BB039B073323F007030833039337
:10D7F000099B4B4409936DE705FB023201200F465C
:10D80000A6E700230137059319460A25384610F884
:10D81000012B303A092A03D9002BC8D00591C6E75D
:10D8200005FB012101230746F0E703AB00932246E5
:10D83000104B04A94046FDF707FDB0F1FF3F8146BC
:10D84000D6D1A3895B063FF536AF09981DB0BDE878
:10D85000F08F03AB00932246064B04A94046FDF728
:10D86000A9FFEAE786F003008CF0030090F00300C4
:10D8700049B20300D9D503001F2938B504460D4627
:10D8800004D9162303604FF0FF3038BD426C12B14B
:10D8900052F821304BB9204600F030F82A460146B4
:10D8A0002046BDE8384000F017B8012B0AD0591CBB
:10D8B00003D1162303600120E7E7002442F8254046
:10D8C000284698470020E0E7024B01461868FFF71A
:10D8D000D3BF00BF4861002038B5074C0023054680
:10D8E00008461146236000F0A5F9431C02D12368C5
:10D8F00003B12B6038BD00BF18BE002000F08AB90C
:10D9000010B50C46B1F90E1000F09CF80028ABBF22
:10D91000636DA3891B1823F48053ACBF6365A38197
:10D9200010BD2DE9F0411F468B89DB0505460C46ED
:10D93000164605D502230022B1F90E1000F068F852
:10D94000A389B4F90E1023F48053A38132463B46D9
:10D950002846BDE8F04100F017B810B50C46B1F903
:10D960000E1000F055F8431CA38915BF606523F421
:10D97000805343F48053A38118BFA38110BDB1F934
:10D980000E1000F013B8000038B5074C05460846E5
:10D990001146002222601A46FBF730FC431C02D1DC
:10D9A000236803B12B6038BD18BE002038B5064C83
:10D9B000002305460846236000F01CF9431C02D1F1
:10D9C000236803B12B6038BD18BE002038B5074C62
:10D9D0000023054608461146236000F013F9431C56
:10D9E00002D1236803B12B6038BD00BF18BE0020F0
:10D9F00038B5064C002305460846236000F012F9AE
:10DA0000431C02D1236803B12B6038BD18BE00202F
:10DA100038B5074C054608461146002222601A46D2
:10DA200000F010F9431C02D1236803B12B6038BD0C
:10DA300018BE002051F8043C181F002BBCBF0B5827
:10DA4000C018704738B5074C0546084611460022F5
:10DA500022601A4600F0FEF8431C02D1236803B18D
:10DA60002B6038BD18BE00204FF0FF3C06E000BF21
:10DA70004FF0010C02E000BF4FF0010C4DF804CD57
:10DA80004FEA410C7FEA6C5C4FEA430C18BF7FEA17
:10DA90006C5C1BD001B050EA410C0CBF52EA430C45
:10DAA00091EA030F02BF90EA020F0020704710F1C5
:10DAB000000F91EA030F58BF994208BF90422CBF54
:10DAC000D8176FEAE37040F0010070474FEA410C4D
:10DAD0007FEA6C5C02D150EA013C07D14FEA430C6B
:10DAE0007FEA6C5CD6D152EA033CD3D05DF8040BDC
:10DAF000704700BF8446104662468C46194663460E
:10DB000000E000BF01B5FFF7B7FF002848BF10F1E4
:10DB1000000F01BD4DF808EDFFF7F4FF0CBF012029
:10DB200000205DF808FB00BF4DF808EDFFF7EAFFA5
:10DB300034BF012000205DF808FB00BF4DF808ED60
:10DB4000FFF7E0FF94BF012000205DF808FB00BF55
:10DB50004DF808EDFFF7CEFF94BF012000205DF8DF
:10DB600008FB00BF4DF808EDFFF7C4FF34BF0120EC
:10DB700000205DF808FB00BF4FEA410C7FEA6C5CB7
:10DB800002D150EA013C0AD14FEA430C7FEA6C5CB7
:10DB900002D152EA033C02D14FF0000070474FF02F
:10DBA000010070474FEA410212F5001215D211D55B
:10DBB0006FF47873B3EB625212D94FEAC12343F08A
:10DBC000004343EA505311F0004F23FA02F018BF0C
:10DBD000404270474FF00000704750EA013005D1D5
:10DBE00011F0004008BF6FF0004070474FF0000098
:10DBF000704700BF024B58221A604FF0FF30704749
:10DC000018BE0020024B58221A604FF0FF307047B8
:10DC100018BE0020024B58221A604FF0FF307047A8
:10DC200018BE0020024B58221A600020704700BF27
:10DC300018BE0020024B58221A604FF0FF30704788
:10DC400018BE0020024B58221A604FF0FF30704778
:10DC500018BE0020024B58221A604FF0FF30704768
:10DC600018BE0020044A05491368002B08BF0B4664
:10DC70001844106018467047F4BD00201CBE0020F8
:10DC8000FEE700BFF8B500BFF8BC08BC9E46704771
:10DC9000F8B500BFF8BC08BC9E46704754696E7961
:10DCA0005553422053657269616C0000000000000A
:10DCB0000000000031650200896302007963020000
:10DCC0006D630200F16202003D6302001163020015
:10DCD000D1630200F0FFFFFF000000002965020091
:10DCE00012010002000000409A23B300000101026B
:10DCF0000301000009020900000100A03200000039
:10DD00003031323334353637383941424344454671
:10DD10004E6F6C6F676F000050726F4D6963726F6A
:10DD2000204E52463532383430000000416461667E
:10DD300072756974000000004D6173732053746F35
:10DD40007261676500000000312E300075736264F7
:10DD500000000000050F3900021810050038B60851
:10DD600034A909A0478BFDA0768815B6650001018E
:10DD7000011C100500DF60DDD88945C74C9CD265C9
:10DD80009D9E648A9F00000306B20002000103000A
:10DD90000000000019700200A9700200D570020096
:10DDA0001D71020029720200FD72020000000000D5
:10DDB00000000000757D020000000000857D02006B
:10DDC000957D02002D7E02007D7F02000000000094
:10DDD00000000000B5740200CD740200D17402008E
:10DDE000E9740200B1750200D9770200000000005A
:10DDF00000000000758C0200998C02009D8C0200CE
:10DE0000C18C0200E98D020069950200000000004B
:10DE100000000000997802000979020035790200BB
:10DE20005D790200917A0200957A020000000000FC
:10DE3000000000004D860200A5860200C186020097
:10DE4000E58602003D6D02001D8802000000000012
:10DE50005F757362645F7164656600005D20000039
:10DE600054E003005CE0030064E003006CE00300A6
:10DE700078E0030080E003008CE003009CE00300F6
:10DE8000A8E0030041542B434D49434741494E3DCF
:10DE90002575000041542B43434C4B3F00000000CC
:10DEA0002B434D4752443A002B434D47523A000012
:10DEB0006E6F202B434D4752206865616465722068
:10DEC000696E207265706C7900000000756E65786F
:10DED000706563746564202B434D475220706172F6
:10DEE000616D657465727320282564290000000047
:10DEF00041542B43535100002B4353513A0000002F
:10DF00006E6F20273E272070726F6D7074000000C6
:10DF100041542B434C49503D3100000041542B43A8
:10DF20004C564C3D2575000041542B4353445643F9
:10DF30003D25750041544425733B000069676E6FB1
:10DF40007265643A2025730041544530000000009A
:10DF5000415400004154410041542B434855500066
:10DF60006E6F74696669636174696F6E207175653F
:10DF700075652066756C6C2C2064726F7070696EAC
:10DF8000673A2025730000004552524F52000000AE
:10DF90002B434D45204552524F5200002B434D53C9
:10DFA000204552524F5200002573202D3E202573EC
:10DFB0000000000025732074696D6564206F75741E
:10DFC000000000004F4B00002B00000041542B4389
:10DFD0004D47533D222573220000000073656E6497
:10DFE000206661696C65643A2025730073656E6410
:10DFF0002074696D6564206F757400005258202587
:10E00000730000006F76657273697A6564206C69CD
:10E010006E6520646973636172646564000000006A
:10E0200041542B43504D533F0000000041542B43BB
:10E030004D47463D3100000041542B434D47443D80
:10E040002575000054582025730000006D6F64652D
:10E050006D00000052494E47000000002B434C4920
:10E06000503A00002B434D54493A00004E4F204394
:10E0700041525249455200002B43454E443A00005C
:10E08000564F4943452043414C4C3A004D49535368
:10E0900045445F43414C4C3A000000004E4F204144
:10E0A0004E5357455200000042555359000000009E
:10E0B000756E706172736561626C653A20257300DC
:10E0C00074696D65000000006F7574206F662072C2
:10E0D000616E67653A2025730000000025303275B7
:10E0E0003A253032750000000000000000000000FA
:10E0F000913C030055570300996A02009DDD020020
:10E10000B5DD0200CD2F0300D12F03005D330300E6
:10E11000E12F0300F52F030029320300CD2F030068
:10E120000D300300093003008D350300B1340300C6
:10E13000D9300300A1DD0200313003005931030062
:10E1400063616C6C206661696C656400082008007E
:10E150006E616D652F6E756D626572202055502F52
:10E16000444E2020454E542063616C6C2020455362
:10E17000430000006E616D652F6E756D62657220E3
:10E180002055502F444E2020454E542020455343C7
:10E190000000000043616C6C3A200000546F3A208C
:10E1A000000000005F00000074797065206D7367E7
:10E1B0002020454E542073656E6420204553430053
:10E1C00041542B434D47523D2564000041542B538D
:10E1D000494D544F4E453D300000000041542B4303
:10E1E00050544F4E453D3000636F6D706F73650046
:10E1F000737461747573000063616C6C00000000DF
:10E200006469616C000000002A0000002F0000001B
:10E2100041542B53494D544F4E453D312C383530E8
:10E220002C3330302C3230302C313830300000007C
:10E2300041542B4350544F4E453D38006E6F206C77
:10E240006F63616C2072696E6720746F6E652073F6
:10E250007570706F72740000747A206F66667365F3
:10E2600074206E6F77202564206D696E00000000B9
:10E270006576656E740000004E6577206D6573737A
:10E28000616765202D2D20696E626F78206F6E208A
:10E29000455343004E6577206D6573736167652054
:10E2A00066726F6D20000000564F49434520434180
:10E2B0004C4C3A20424547494E0000002B43454E06
:10E2C00044000000564F4943452043414C4C3A20FE
:10E2D000454E440063616C6C20656E6465640000AB
:10E2E0004D69737365642063616C6C3A20000000B3
:10E2F0006F6B000064656C65746520736C6F7420CF
:10E3000025643A20257300002B3100004E4F542025
:10E31000464F554E440000004E4F54205245535036
:10E320004F4E44494E4700007072657373206B6511
:10E33000797320746F2074657374202045534320D3
:10E340006261636B000000006469792D70686F6E14
:10E3500065200000667265652052414D2020000056
:10E3600020627974657300006B6579626F61726415
:10E37000202000006D6F64656D20202020200000AB
:10E3800041542B434F50533F000000006F706572A3
:10E3900061746F72202000006E65742074696D6571
:10E3A000202000007369676E616C2020202000002F
:10E3B0002F333100736D7320736C6F747320000002
:10E3C000206F6620000000006D6973736564206330
:10E3D000616C6C730000000020206E6F6E650000A1
:10E3E0006B657920746573743A20000070726573F0
:10E3F0007320616E79206B65790000004641494CBD
:10E40000454400006465627567206F6E000000007F
:10E410006465627567206F666600000041544900BC
:10E4200041542B4350494E3F0000000041542B43C0
:10E430005245473F000000006465627567000000B8
:10E4400072616D0020627974657320667265650083
:10E45000636F6D6D616E64733A000000202041545B
:10E460002E2E2E20202073656E6420616E7920414F
:10E470005420636F6D6D616E6420746F20746865E5
:10E48000206D6F64656D2C207072696E74207468E5
:10E4900065207265706C79002020737461747573E7
:10E4A00020206D6F64656D206865616C7468206301
:10E4B0006865636B0000000020206465627567205A
:10E4C0002020746F67676C6520726177204154204B
:10E4D00054582F52582074726163696E67000000AF
:10E4E000202072616D202020202073686F772066C5
:10E4F0007265652052414D00202068656C702020B7
:10E50000202074686973206C69737400656D696C90
:10E51000696500006C697A00646F6E005B6F6B5D0B
:10E52000200000005B2D2D5D20000000454E542092
:10E53000616E7377657220204553432072656A656A
:10E540006374000055502F444E20766F6C20204C91
:10E550002F52206D696320204553432068616E6708
:10E5600020757000696E2063616C6C00696E636F6A
:10E570006D696E672063616C6C00000063616C6C98
:10E58000696E672E2E2E0000766F6C200000000052
:10E5900020206D6963200000302D3920747970656A
:10E5A0002020454E542063616C6C2020455343204D
:10E5B00063616E63656C00006469616C3A20000001
:10E5C00055502F444E204420523A7265706C792089
:10E5D000503A63616C6C20455343000046726F6D86
:10E5E0002000000061742000206C6F63616C0000EB
:10E5F0002E2E2E00696E626F7820656D7074790022
:10E600006D6F64656D206F66666C696E65202D2D7B
:10E61000206E6F20696E626F780000004D3A6D7356
:10E620006720433A63616C6C20454E54204420526D
:10E63000205020302D392054414200004320636F88
:10E640006D706F7365732061206D657373616765AD
:10E650003B20746578742074686973006E756D6210
:10E66000657220746F2066696C6C2074686520691F
:10E670006E626F782E0000002D2D3A2D2D000000C7
:10E6800073656E740000000053454E4420464149B6
:10E690004C4544202D2D204D20726573756D65739A
:10E6A00000000000647261667420726573756D65A8
:10E6B0006400000073656E64696E672E2E2E000084
:10E6C0006472616674207361766564202D2D204D1F
:10E6D00020726573756D65730000000063616C6C7A
:10E6E0002072656A6563746564000000270000009D
:10E6F000272020283078000029000000636F64651F
:10E700002030780073656E6420746F2025733A2082
:10E710002573000041542B434D474C3D22414C4C46
:10E720002200000041542B434D474C206661696C28
:10E7300065640000736D73002B434D474C3A000035
:10E74000554E5245414400003F0000002564206DB5
:10E750006573736167652873292C20256420756EA5
:10E7600072656164000000007635386500000000C5
:10E770000CE5030038E8030014E5030048E8030053
:10E7800018E5030058E803006D6F64656D206F6E37
:10E790006C696E65000000006469792D70686F6EA9
:10E7A000650000006B6579626F61726400000000B3
:10E7B0006B6579626F617264206F6B00626F6F745A
:10E7C0000000000077616974696E672E2E2E0000CC
:10E7D000524541445900000053494D206361726421
:10E7E000000000002C3100002C35000020756E72F6
:10E7F000656164206D657373616765005344412DE5
:10E800003E382053434C2D3E373F000054582D3E98
:10E81000342052582D3E333F20706F7765723F0091
:10E820006E6574776F726B00736561726368696E91
:10E83000672E2E2E000000002B313634363332374F
:10E8400038323230000000002B3136313734323963
:10E8500039313434000000002B3136353132353255
:10E8600034373635000000000000000000000000D2
:10E87000452903006D290300996A02002929030034
:10E880002D290300352903003D290300705F7370B3
:10E890006920213D204E554C4C0000002F686F6DC3
:10E8A000652F6477626C6169722F2E706C6174667B
:10E8B0006F726D696F2F7061636B616765732F662F
:10E8C00072616D65776F726B2D61726475696E6FC1
:10E8D00061646166727569746E726635322F6C6937
:10E8E000627261726965732F5350492F5350492EDC
:10E8F00063707000535049436C6173733A3A5350DC
:10E9000049436C617373284E52465F5350494D5FC3
:10E91000547970652A2C2075696E74385F742C20C8
:10E9200075696E74385F742C2075696E74385F7405
:10E930002900000000000000003E5B4F5B3E3E6B84
:10E940004F6B3E1C3E7C3E1C183C7E3C181C577D89
:10E95000571C1C5E7F5E1C00183C1800FFE7C3E7D5
:10E96000FF0018241800FFE7DBE7FF30483A060EE7
:10E970002629792926407F050507407F05253F5A2E
:10E980003CE73C5A7F3E1C1C08081C1C3E7F14229E
:10E990007F22145F5F005F5F06097F017F00668949
:10E9A000956A606060606094A2FFA29408047E048F
:10E9B0000810207E201008082A1C08081C2A0808B5
:10E9C0001E101010100C1E0C1E0C30383E38300675
:10E9D0000E3E0E06000000000000005F0000000771
:10E9E000000700147F147F14242A7F2A122313089F
:10E9F000646236495620500008070300001C22417B
:10EA0000000041221C002A1C7F1C2A08083E08081E
:10EA100000807030000808080808000060600020CE
:10EA2000100804023E5149453E00427F40007249B1
:10EA30004949462141494D331814127F1027454555
:10EA400045393C4A4949314121110907364949496B
:10EA500036464949291E00001400000040340000D9
:10EA60000008142241141414141400412214080242
:10EA7000015909063E415D594E7C1211127C7F49B5
:10EA80004949363E414141227F4141413E7F49490A
:10EA900049417F090909013E414151737F08080836
:10EAA0007F00417F41002040413F017F0814224107
:10EAB0007F404040407F021C027F7F0408107F3E61
:10EAC0004141413E7F090909063E4151215E7F09CE
:10EAD000192946264949493203017F01033F404035
:10EAE000403F1F2040201F3F4038403F6314081420
:10EAF0006303047804036159494D43007F41414158
:10EB00000204081020004141417F04020102044038
:10EB100040404040000307080020545478407F28BC
:10EB20004444383844444428384444287F385454B2
:10EB3000541800087E090218A4A49C787F080404D5
:10EB40007800447D40002040403D007F1028440074
:10EB500000417F40007C047804787C080404783805
:10EB600044444438FC1824241818242418FC7C0835
:10EB7000040408485454542404043F44243C4040B2
:10EB8000207C1C2040201C3C4030403C4428102865
:10EB9000444C9090907C4464544C440008364100AE
:10EBA0000000770000004136080002010204023C28
:10EBB0002623263C1EA1A161123A4040207A3854F7
:10EBC0005455592155557941225454784221555470
:10EBD000784020545579400C1E52721239555555C3
:10EBE00059395454545939555454580000457C41AE
:10EBF0000002457D420001457C407D1211127DF0EE
:10EC0000282528F07C545545002054547C547C0A17
:10EC1000097F4932494949323A4444443A324A48E0
:10EC200048303A4141217A3A42402078009DA0A0E4
:10EC30007D3D4242423D3D4040403D3C24FF242436
:10EC4000487E4943662B2FFC2F2BFF0929F620C055
:10EC5000887E090320545479410000447D413048A6
:10EC6000484A32384040227A007A0A0A727D0D19E9
:10EC7000317D2629292F28262929292630484D404B
:10EC800020380808080808080808382F10C8ACBA47
:10EC90002F102834FA00007B000008142A142222C6
:10ECA000142A14085500550055AA55AA55AAFF550F
:10ECB000FF55FF000000FF00101010FF0014141497
:10ECC000FF001010FF00FF1010F010F0141414FCDF
:10ECD000001414F700FF0000FF00FF1414F404FCFC
:10ECE000141417101F10101F101F1414141F0010DD
:10ECF0001010F0000000001F101010101F10101056
:10ED000010F010000000FF10101010101010101064
:10ED1000FF10000000FF140000FF00FF00001F10A4
:10ED2000170000FC04F414141710171414F404F45E
:10ED30000000FF00F714141414141414F700F7144F
:10ED40001414171410101F101F141414F41410109E
:10ED5000F010F000001F101F0000001F1400000042
:10ED6000FC140000F010F01010FF10FF141414FF3A
:10ED7000141010101F00000000F010FFFFFFFFFF35
:10ED8000F0F0F0F0F0FFFFFF0000000000FFFF0FC9
:10ED90000F0F0F0F3844443844FC4A4A4A347E026D
:10EDA000020606027E027E026355494163384444EE
:10EDB0003C04407E201E2006027E020299A5E7A5A3
:10EDC000991C2A492A1C4C7201724C304A4D4D3014
:10EDD0003048784830BC625A463D3E494949007E39
:10EDE0000101017E2A2A2A2A2A44445F44444051D0
:10EDF0004A444040444A51400000FF0103E080FF84
:10EE0000000008086B6B083612362436060F090F0F
:10EE100006000018180000001010003040FF01012B
:10EE2000001F01011E00191D1712003C3C3C3C0054
:10EE3000000000000000000000000000913C030002
:10EE400055570300996A02009DDD0200E56A030040
:10EE5000CD2F0300D12F03005D330300E12F03000A
:10EE6000F52F030029320300CD2F03000D300300DE
:10EE7000093003008D350300B1340300D93003009D
:10EE8000F9330300313003005931030042757379BF
:10EE90002054696D656F757421000000203A2000D0
:10EEA000000000000000000029400300B13E030004
:10EEB000753E0300E56A0300E56A0300E56A0300A6
:10EEC000B93D0300E53D0300E56A0300E93D0300A9
:10EED000F13D03001D3E0300613E0300653E03005B
:10EEE000E56A0300E56A0300E56A0300E56A0300DA
:10EEF000693E03006D3E0300713E03005F55706480
:10EF00006174655F46756C6C000000005F5570644D
:10EF10006174655F50617274000000005F506F772C
:10EF200065724F66660000000000000000000000EF
:10EF300029400300B13E0300753E03002D5303003A
:10EF4000E1540300AD4C0300E14C0300394D0300D4
:10EF500055500300C9510300E14C0300F150030078
:10EF6000613E0300653E0300CD4603008147030078
:10EF70004545030081450300693E03006D3E0300E3
:10EF8000713E0300080000000600000011000000B0
:10EF9000140000001600000018000000200000000F
:10EFA0000B00000024000000260000000900000003
:10EFB0000A0000002B0000002D0000002F000000C0
:10EFC000020000001D0000001F00000021000000E2
:10EFD00022000000250000000D0000000F000000CE
:10EFE0000D0A000000000000000000007D5B03002F
:10EFF000C95B0300395B0300515B0300215B030025
:10F00000315B0300295B03002D5C0300655E030098
:10F01000795A0300715A0300546D725100000000C8
:10F02000546D7220537663006C6F6F7000000000A7
:10F0300043616C6C6261636B000000002C2066759C
:10F040006E6374696F6E3A200061737365727469E0
:10F050006F6E2022257322206661696C65643A20F8
:10F0600066696C6520222573222C206C696E6520F0
:10F070002564257325730A004C6100204300504F1E
:10F08000534958002E00232D302B2000686C4C0073
:10F0900065666745464700494E4600696E66004E04
:10F0A000414E006E616E00300030313233343536FF
:10F0B00037383941424344454600303132333435E4
:10F0C000363738396162636465660000202020208D
:10F0D0002020202020282828282820202020202008
:10F0E00020202020202020202020202088101010E8
:10F0F0001010101010101010101010100404040440
:10F1000004040404040410101010101010414141B4
:10F11000414141010101010101010101010101011F
:10F1200001010101010101101010101010424242B2
:10F1300042424202020202020202020202020202EF
:10F140000202020202020210101010200000000051
:10F1500000000000000000000000000000000000AF
:10F16000000000000000000000000000000000009F
:10F17000000000000000000000000000000000008F
:10F18000000000000000000000000000000000007F
:10F19000000000000000000000000000000000006F
:10F1A000000000000000000000000000000000005F
:10F1B000000000000000000000000000000000004F
:10F1C000000000000000000000000000496E6669B9
:10F1D0006E697479004E614E00000000000000006E
:10F1E000000000000000000000000000000000001F
:10F1F000000000000000000000000000000000000F
:10F2000000000000000000000000000000000000FE
:10F2100000000000000000000000000000000000EE
:10F2200000000000000000000000000000000000DE
:10F2300000000000000000000000000000000000CE
:10F240000080E03779C34143176E05B5B5B89346E2
:10F25000F5F93FE9034F384D321D30F94877825AAE
:10F260003CBF737FDD4F1575000000000000F03FCC
:10F270000000000000002440000000000000594091
:10F280000000000000408F40000000000088C340E4
:10F2900000000000006AF8400000000080842E4159
:10F2A00000000000D01263410000000084D79741A5
:10F2B0000000000065CDCD41000000205FA00242AB
:10F2C000000000E876483742000000A2941A6D4220
:10F2D000000040E59C30A2420000901EC4BCD64213
:10F2E00000003426F56B0C430080E03779C34143BE
:10F2F00000A0D8855734764300C84E676DC1AB4334
:10F30000003D9160E458E143408CB5781DAF154451
:10F3100050EFE2D6E41A4B4492D54D06CFF080442C
:10F32000F64AE1C7022DB544B49DD9794378EA4441
:10F3300005000000190000007D0000000000000032
:08F34000106FFE7F01000000C8
:10F34800000000000A00000000000306B2000800E8
:10F3580001000000A800080002000000A00014003E
:10F36800030057494E5553420000000000000000BA
:10F3780000008400040007002A00440065007600AD
:10F3880069006300650049006E0074006500720042
:10F3980066006100630065004700550049004400AD
:10F3A8007300000050007B0039003700350046002C
:10F3B80034003400440039002D003000440030008F
:10F3C80038002D0034003300460044002D0038007A
:10F3D8004200330045002D00310032003700430061
:10F3E800410038004100460046004600390044000C
:10F3F8007D000000000000000400000010000C0068
:10F408007072002050DE03000000000000000000C1
:10F4180000000000000000000000000000000000E4
:10F4280000000000000000000000000000000000D4
:10F4380000000000000000000000000000000000C4
:10F4480000000000000000000000000000000000B4
:10F458000000000000000000FF020000FFFFFFFFA7
:10F46800FFFFFFFFFFFFFFFFFFFFFFFFFFFFFFFFA4
:10F47800FFFFFFFFFFFFFFFF10FF0500FFFFFFFF7C
:10F4880003FF00000090D0034C6100200000000042
:10F49800FCF103001CF20300DCF103000000000093
:10F4A8000000000000000000000000000000000054
:10F4B8000000000000000000000000000000000044
:10F4C8000000000000000000000000000000000034
:10F4D8000000000000000000000000000000000024
:10F4E80000000000000000000000000043000000D1
:10F4F8000000000000000000000000000000000004
:10F5080000000000000000000000000043000000B0
:10F5180000000000000000000000000000000000E3
:10F528000000000000000000000000004300000090
:10F5380000000000000000000000000000000000C3
:10F548000000000000000000000000004300000070
:10F5580000000000000000000000000000000000A3
:10F568000000000000000000000000004300000050
:10F578000000000000000000000000000000000083
:10F588000000000000000000000000004300000030
:10F598000000000000000000000000000000000063
:10F5A8000000000000000000000000004300000010
:10F5B8000000000000000000000000000000000043
:10F5C800000000000000000000000000BDBD0300B6
:10F5D800BDAC030000000000CBF0030084F0030082
:10F5E80077F0030077F0030077F0030077F003006B
:10F5F80077F0030077F0030077F0030077F003005B
:10F6080077F00300FFFFFFFFFFFFFFFFFFFFFFFF94
:10F61800FFFF00000100415343494900000000007A
:10F6280000000000000000000000000000000000D2
:10F638000000000000004153434949000000000059
:10F6480000000000000000000000000000000000B2
:10F6580000000000000000000162020035620200A4
:10F6680025660200C9230300B12C0300752F03008F
:08F67800F560030011620200BD
:04000003300090FD3C
:00000001FF
