:020000022000DC
:1060000000000420D5B9030015BA030017BA030035
:1060100019BA03001BBA03001DBA030000000000F8
:1060200000000000000000000000000059B803005C
:1060300021BA03000000000079B8030025BA03006C
:1060400085BB030027BA0300C5890300351303008D
:1060500027BA030027BA0300A98A030027BA03005E
:1060600027BA030027BA030027BA030027BA0300A0
:1060700027BA030027BA030027BA030027BA030090
:1060800027BA0300DDB5030027BA030027BA0300CF
:1060900027BA030027BA030027BA030027BA030070
:1060A00027BA030027BA030027BA030027BA030060
:1060B00027BA030027BA0300000000000000000018
:1060C00027BA030027BA030027BA0300ADC00300B4
:1060D00027BA030027BA030027BA0300F16C0200B5
:1060E00027BA030027BA030027BA03000000000004
:1060F0000000000027BA03000000000025C10300D3
:10610000000000000000000000000000000000008F
:10611000000000000000000000000000000000007F
:10612000000000000000000000000000000000006F
:10613000000000000000000000000000000000005F
:10614000000000000000000000000000000000004F
:10615000000000000000000000000000000000003F
:10616000000000000000000000000000000000002F
:10617000000000000000000000000000000000001F
:10618000000000000000000000000000000000000F
:1061900000000000000000000000000000000000FF
:1061A00000000000000000000000000000000000EF
:1061B00000000000000000000000000000000000DF
:1061C00000000000000000000000000000000000CF
:1061D00000000000000000000000000000000000BF
:1061E00000000000000000000000000000000000AF
:1061F000000000000000000000000000000000009F
:10620000F1EE103A43F08073E1EE103A704700BFB0
:1062100010B5054C237833B9044B13B10448AFF3E0
:1062200000800123237010BD1C63002000000000CB
:106230002C19040008B5034B1BB103490348AFF305
:10624000008008BD00000000206300202C1904001D
:10625000154B002B08BF134B9D46A3F5803A002138
:106260008B460F461348144A121A17F0E6F90F4BE3
:10627000002B00D098470E4B002B00D098470020F1
:10628000002104000D000D48002802D00C48AFF397
:10629000008017F035F92000290015F0EDFB17F00C
:1062A00009F900BF00000800000004200000000001
:1062B000000000001C630020F4C900200000000062
:1062C000000000000146014800F08EBA546300202F
:1062D00038B5064B1D783DB100242046013400F04E
:1062E00049FEE0B28542F9D838BD00BF50630020B6
:1062F000407DFF2806D010B500F088FD044618B197
:10630000204610BD0020704716F02AF8204610BD28
:10631000407DFF280ED000B583B00DF1070100F0DD
:10632000C9FD20B19DF8070003B05DF804FB4FF0F4
:10633000FF30F9E74FF0FF30704700BF407DFF2886
:1063400011D000B583B001220DF1070100F06AFD04
:1063500020B94FF0FF3003B05DF804FB9DF8070053
:1063600003B05DF804FB4FF0FF307047407DFF281D
:1063700001D000F0FFBD7047407DFF2801D000F044
:106380003FBE0020704700BFF8B50646407DFF289D
:106390001CD017465AB10D46144600F011FD29468F
:1063A000224680B1707D00F08FFD241A01D138465D
:1063B000F8BD054415F0D4FF707D00F001FD2946BD
:1063C00022460028EED13F1B3846F1E70020F8BDF9
:1063D0000AB32DE9F043524991F81C6191F81D511F
:1063E00091F81E7193B0994614467B1CAA1C8046F6
:1063F000B01C81F81C0181F81D2181F81E3101A813
:106400004222002117F019F9B9F1410F05D80020F7
:1064100013B0BDE8F083422070478DF806608DF818
:106420000E608DF82660721C40F20126D2B2ADF8E3
:106430001060DFF8F0C08DF81E20242640F6083EDC
:106440006B1C8DF827208DF83120ADF804E08DF815
:1064500016608DF820608DF82460CDF818C00426F1
:106460004FF0060C65F07F0540F209424FF0010E37
:1064700098F81410ADF80C208DF81CE005228DF86A
:106480001F608DF830608DF822C040F207568DF8FD
:1064900025C08DF82A5020464FF0030E63F07F048C
:1064A0004FF0080C02234FF411658DF814108DF88D
:1064B00007308DF808308DF809308DF812308DF8DE
:1064C00021308DF815208DF823208DF82BE08DF8E4
:1064D0002CC04FF00A0EADF82E504FF0400C01A921
:1064E000ADF8286007258DF833308DF840208DF801
:1064F0004140422244F20204ADF838608DF83B304E
:106500008DF83A708DF834E08DF83CC08DF83F502E
:10651000ADF8424017F06DF8422013B0BDE8F083AB
:106520005463002020010524A0F11000FFF750BFA4
:1065300070B50368184A5B6882B093428DF8071003
:1065400024D10546407DFF281DD000F039FC0DF117
:10655000070601243146224688B1687D00F0B4FC6C
:10656000241A02D1012002B070BD064415F0F8FED5
:10657000687D00F025FC314622460028EDD1C4F1AB
:10658000010002B070BD002002B070BD01220DF10B
:106590000701984702B070BD89630200437DFF2B5D
:1065A00000D07047094B1A78002AFAD110B500F1D3
:1065B000100442750649204601221A7000F0E0F9E5
:1065C00021460448BDE8104000F0F0B850630020B8
:1065D0009C04040054630020407DFF2807D000B5D0
:1065E00083B000F0EDFB20B103B05DF804FB0020A8
:1065F0007047019015F0B4FE019803B05DF804FBFC
:1066000001B900B1704700B583B0694600F0EEFBF8
:10661000009BB3F5966F02D003B05DF804FB00F069
:106620007DFBF9E730B4084B084A4FF47F4102F193
:106630000805002430324FF47A7099821D60C3E956
:1066400001401A6130BC704738630020AC0404007C
:106650002DE9F0410024484E2546435D4719A3B17A
:1066600003F14002D2B2012A0AD9F42B08D81A0643
:106670000ED44FF0010EA3F55842B2F5006F56D27A
:1066800001354719435D002BEAD12046BDE8F08172
:1066900003F0E002C02A57D003F0F002E02A66D0EF
:1066A00003F0F802F02AEBD103F007024FF0040EDA
:1066B0007B7803F0C00CBCF1800FE1D197F802C0E9
:1066C0000CF0C00803F03F03B8F1800F43EA8213D7
:1066D000D6D10CF03F0CBEF1030F4CEA83132DD042
:1066E000FA7802F0C007802FCAD102F03F0242EAD6
:1066F0008313A3F58032B242C2D8A3F55847B7F549
:10670000006FBDD3B3F5803F05F1040510D31E2CF7
:10671000BBDC6300970A0B44C2F30902A7F52057BC
:10672000A2F5105221F814705A80023495E775448E
:10673000202CAAD021F8143001348EE7A3F5006292
:10674000B2F5784F97D39BE77A7802F0C007802F95
:1067500003F01F0394D102F03F0242EA8313A3F136
:106760008002B2F5F06F8BD24FF0020E83E703F098
:106770000F024FF0030E9BE7FFFF0F0090F8503120
:106780000B2B0CD871B103F1480210B45C1C80F8DB
:10679000504140F822105DF8044B18467047002322
:1067A000184670470B461846704700BF70B5044640
:1067B0000E68B4F81821B4F81A31656936689B1A66
:1067C00008469BB294F81C112A44B04758B1B4F85B
:1067D00018216369104480B2A4F81801588094F815
:1067E0001C211A71012070BD2DE9F043284DDFF8FE
:1067F000B090AC4604468846BCE80F0089B003AFB1
:106800000FC703AE0FCE05F1140E25460FC59EE847
:106810000700DCF800303B806B4636682E8003C3EF
:106820006B4603CB012504F118034FF480766361B6
:10683000A061E16184F8202004F59870C4F81891F3
:106840002022A4F81C61002184F81E5116F0F5FEE8
:1068500040F20947042240F2EF230E4E0E48C4F8DE
:1068600028010021C4F82C1184F85021A3804FF492
:10687000E131A571C4F82071C4F824610748FFF71D
:106880008DFE404600F038FA284609B0BDE8F08396
:10689000E00404001005040018050400386300201B
:1068A000090000010048704754630020014B5869FB
:1068B000704700BF546300202DE9F04F89B0F8B154
:1068C000032816D02B4C94F8503183424FD94830CE
:1068D00004F5AA7154F82000FFF7BAFEC0B20130E7
:1068E000400040F44070A4F85201234809B0BDE8CC
:1068F000F08F204CD4F82C0150B104F5AA71EBE7CD
:106900001C4CD4F82031A4F854314FF44170EAE71C
:10691000684600F005FA054610B300F1FF3A0DF1A4
:106920000103164FE94653FA8AFAA64604AE97E8E1
:106930000F0019F801CB86E80F000CF00F080DF1DD
:10694000200BD8440BEB1C1C18F8108C1CF8103CC6
:10695000AEF85681D145AEF854310EF1040EE6D1B1
:106960006800C0B20130400040F44070BBE7002036
:10697000BCE700BF54630020A664002000050400AB
:1069800010B504460248FFF7F9FE207110BD00BFA4
:106990005463002030B5144C236883B013B31868D7
:1069A00051B90AF023FE236893F90400012103B0D2
:1069B000BDE8304015F008BF0C4B009300250123C3
:1069C0008DF805308DF8045002AB13E906000AF08B
:1069D000A9FD236893F90400294603B0BDE83040BF
:1069E00015F0F2BE03B030BDE864002080BA8C011F
:1069F0000448006828B108B500680AF0FDFD0120D0
:106A000008BD7047E8640020084B1B6843B141B9DA
:106A1000074B4022C3F88020BFF34F8FBFF36F8F27
:106A20007047034B40221A60704700BFE8640020A3
:106A300000E100E0024B53F8200000B1C06870474D
:106A4000EC64002030B4094CBDF8085054F82040E4
:106A500044B1246934B10846A44611461A462B466F
:106A600030BC6047002030BC704700BFEC640020A1
:106A700030B4084CBDF8085054F8204044B1646963
:106A800034B10846A44611461A462B4630BC60472E
:106A900030BC7047EC64002000207047024B18683F
:106AA00008B190F860007047F46400202DE9F843C5
:106AB000234C2568002D3CD01E462C2303FB00539D
:106AC0001746D3F8209088460446B9F1000F32D01B
:106AD000484617F076FC2C2303FB0454D4E90954F0
:106AE000DFF864C0174B08280246494628BF082231
:106AF0004046002D08BF6546002C08BF1C4616F016
:106B000078FD284617F05DFC10280246294628BF6C
:106B10001022384616F06DFD204617F052FC04286E
:106B200002462146304628BF0422BDE8F84316F04D
:106B300060BDBDE8F883DFF814900820CBE700BF04
:106B4000F464002048050400380504002C05040006
:106B500070B5104E3368D3B12C2404FB00340546C5
:106B600062691AB19047336884F832002C2202FB24
:106B7000053393F8324014B10124204670BD2846F5
:106B800023463A22022101F0E7F8204670BD1C4658
:106B9000204670BDF4640020074B1B6853B110B44D
:106BA0002C2404FB0030C46A038E0C6013805DF853
:106BB000044B7047704700BFF464002008B52022E2
:106BC0000023052101F0C8F84FF0FF3008BD00BFD9
:106BD00030B4094C24685CB10D4611462C2202FBEE
:106BE0000044E46924B11A462846234630BC1847BD
:106BF000012030BC704700BFF464002030B4094C61
:106C0000029A246854B10D462C2101FB0044A4686B
:106C100024B119462846234630BC18474FF0FF30B0
:106C200030BC7047F464002030B4094C029A2468E8
:106C300054B10D462C2101FB0044E46824B11946EF
:106C40002846234630BC18474FF0FF3030BC704711
:106C5000F4640020044B1B682BB12C2202FB003093
:106C6000036903B118477047F4640020054B1B68A3
:106C70002BB12C2202FB0030836903B1184701209D
:106C8000704700BFF464002005F0DCBB00B5164B74
:106C900083B04022002483F8272301A90123204642
:106CA0008DF804308DF8054002F0DAFE4FF0804395
:106CB00002A8D3F8385400F8084D14F01DFF0B4B10
:106CC000019301A814F044FF14F054FFEB0707D41C
:106CD00000214FF0FF3002F04DFFFFF7F9FAF7E720
:106CE000204605F0AFFBF3E700E100E0896C02000D
:106CF000002005F01DB800BF00B5002383B00322BB
:106D0000CDE9002303490448C82213F027FC03B04F
:106D10005DF804FB4C0504008D6C020015F0CCBC42
:106D20004FF08052536E1BBA0360136E1BBA436060
:106D300008207047004870475405040070B51E4C89
:106D40002368D3B1012901D0012070BD1578C5F3A6
:106D50004115012D13D0022D0FD15478012C21D0D3
:106D6000022CF1D19388072B07D1144C11462389AB
:106D70002246BDE8704003F035BE002070BD51785A
:106D80002229E1D111465288003218BF01225A75DA
:106D900003F010FE2268D369002BD5D0507D9847B0
:106DA000284670BD9C69002CE7D011462378224606
:106DB000BDE8704003F016BEF864002004600020B7
:106DC00010B5044602F034FE08B9002010BD02F0F0
:106DD00037FE0028F9D1044B4FF4367202FB04341D
:106DE000207900F0010010BD7C650020064A4FF4B8
:106DF000367303FB00230833186808609A889B7970
:106E00008B718A80704700BF7C65002008B5044AFA
:106E10004FF4367303FB0020103002F055FC08BD20
:106E20007C6500202DE9F8434FF4367404FB00F430
:106E30001E4E4FF6FF73074604F110054FF6FE7025
:106E4000824288BF1A463544284692B202F066FC58
:106E5000804602F0EDFD10B94046BDE8F88302F02F
:106E6000EFFD81460028F7D13444E378002BF3D0BE
:106E7000284602F041FC3F28EED9E178484603F06D
:106E8000E7FC0028E8D0284602F036FC3F2804D86A
:106E9000E178484603F0ECFCDEE7054AE178484635
:106EA00002EBC712402303F0F3FCD5E77C6500201A
:106EB000FC640020034A4FF4367303FB00201030BB
:106EC00002F096BC7C6500202DE9F8434FF436753E
:106ED00005FB00F5244F4FF6FF73064605F1240429
:106EE0004FF6FE70824288BF1A463C4492B220465A
:106EF00002F0B8FC8046204602F0E6FB3F2802D8AC
:106F00004046BDE8F88302F093FD0028F8D002F077
:106F100097FD81460028F3D1204602F0D5FB0028DA
:106F2000EED03D444846A97803F092FC0028E7D013
:106F30000E4B402202EBC6161E442046314602F09C
:106F4000EDFB034660B13246A978484603F0A0FC49
:106F50000028D5D1064B1B68DB07D1D500BECFE793
:106F6000A97803F085FCCBE77C650020FC64002059
:106F7000F0ED00E02DE9F041804602F059FD10B936
:106F80000020BDE8F08102F05BFD07460028F7D144
:106F90004FF4367404FB08F4164E04F1240535440E
:106FA000284602F091FB0028EAD026443846B17802
:106FB00003F04EFC0028E3D040220F4B02EBC81830
:106FC00098442846414602F0A9FB044660B1424677
:106FD000B1783846234603F05BFC40B9074B1B6889
:106FE000DB07CDD500BECCE7B17803F041FC2046ED
:106FF000C7E700BF7C650020FC640020F0ED00E0E6
:1070000008B5044A4FF4367303FB0020243002F025
:1070100073FB08BD7C65002070B5204C82B0002158
:107020004FF4367220460D4616F007FBFF234FF44F
:10703000E132082604F138016371A26001234FF4A4
:107040008072009504F11000A67302F001FB144B4E
:107050001B78C3F38003009304F59C7101234FF464
:10706000807204F1240002F0F3FA04F50E7101209D
:1070700012F0B8FC04F522710646012012F0B2FCB1
:1070800006B130B9074B1B68DB0700D500BE02B064
:1070900070BDC4E90756C4E90C05F8E77C6500201B
:1070A000B8600020F0ED00E038B5094C206A256B8F
:1070B00020B113F0BBF80023C4E907332DB12846F3
:1070C00013F0B4F80023C4E90C33012038BD00BF2D
:1070D0007C65002010B50E4C0E482378002202601B
:1070E0000271DA0709D59B070DD521780A48C1F34B
:1070F0008001BDE8104002F063BC103002F040FC9B
:1071000023789B07F1D4044802F03AFCEDE700BF76
:10711000B86000207C650020A06500202DE9F041CA
:107120004B79022B82B004D00025284602B0BDE87E
:10713000F0818B79022BF7D1364EB3782BB1364BD9
:107140001B68DB07F0D500BEEEE78B7833700C7858
:107150000C4407466378242B4FF009050BD1082A0D
:1071600002D822E0AA4220D323781C441D4463782D
:10717000242BADB2F6D0052B38D0042B15D1637972
:107180000A2B12D1254A94F8008001920223013281
:107190000092384604EB08011A4603F095FA0028DD
:1071A000CDD00E3518FA85F5ADB202F041FC0028BD
:1071B000BBD002F045FC04460028B6D1F378002B82
:1071C000B3D0174802F098FA3F28AED9F17820469C
:1071D00003F03EFB0028A8D0114802F08DFA3F28AA
:1071E000F17811D8204603F043FB9EE7214638464C
:1071F00003F00AFB0028A2D0A378737023781C4404
:107200001D44ADB26378B8E7064A2046402303F038
:107210003FFB8AE77C650020F0ED00E07E65002002
:107220008C650020FC64002038B5137803F06003FF
:10723000202B01D0002038BD294C938825789D4211
:10724000F8D15378203B032BF4D8DFE803F008157E
:107250001E02012936D0032939D0012038BD012969
:107260000CD00329F9D11F4B002BF6D01E4900206A
:10727000AFF30080012038BD0129EED1114607236C
:10728000194A03F0AFFB012038BD01291AD00329A8
:10729000E3D1164B55881B781548257113F004016E
:1072A0001CBFE94301F0010102F08AFB114B002BE6
:1072B000D3D0C5F3400205F001010020FFF7A0F98B
:1072C000012038BD114603F075FB012038BD0A4B83
:1072D000002BC2D051880020AFF30080BDE700BF73
:1072E0007C6500200000000084650020B86000205C
:1072F000A065002001660200000000002DE9F047B3
:107300005F4CE2788A420D4680461F4659D15D4E59
:107310009AB2314604F1100002F0A4FA5A4BC3B1FC
:107320006379FF2B15D0A7B106EB070A04F110090A
:1073300002E056450DD0637916F8012B9A42F8D138
:10734000484602F0D1F90028F3D16179AFF300800B
:10735000EFE74E4B23B14E4802F0C6F9002863D048
:1073600002F066FB002862D1A3789D4202D0012082
:10737000BDE8F087474B13B10020AFF3008002F067
:1073800057FB00282BD1444802F09EF90028EED18B
:10739000002FECD017F03F07E9D1A178404603F069
:1073A00057FA0028E3D0A17840463B463A4603F01E
:1073B0006FFA0028DBD1394B1B68DA070CD500BE09
:1073C000D6E7A3788B42D5D0344B1B68DB0703D5B7
:1073D00000BE0020BDE8F0870020BDE8F08702F085
:1073E0002FFB05460028CED12B4802F06DF900286E
:1073F000C9D0A178284603F02BFA0028C3D0402238
:107400002749254802F08AF9034600282CD028464F
:10741000234AA17803F03CFA0028A8D11F4B1B682F
:10742000D907B0D500BEAEE7AFF3008098E702F011
:1074300007FB0646002897D1E378002B94D0144828
:1074400002F05AF93F288FD9E178304603F000FA6C
:10745000002889D00E4802F04FF93F28304607D85F
:10746000E17803F005FA7FE7A17803F001FA8AE7F3
:107470004023044AE17803F00BFAA37875E700BFD4
:107480007C650020FC64002000000000000000007B
:107490008C65002000000000A0650020F0ED00E0F9
:1074A0003C650020704700BF01207047704700BF57
:1074B000704700BF044B0022C3E90022C3E9022247
:1074C000C3E90422704700BFD4690020012070473F
:1074D000044B0022C3E90022C3E90222C3E90422CB
:1074E000704700BFD46900202DE9F0434B79032B8E
:1074F00083B004D00024204603B0BDE8F0830B79AC
:10750000C3EBC3041234A4B2944205D9254B1B68C3
:10751000DA07EFD500BEEDE7234A5578002D3ED0BF
:10752000557B002DF2D102F10C054FF4A0770E78B7
:107530008A1992F801C0BCF1210FE7D1AA608946EF
:10754000895D80466E1CA81C1144CDE900061A46D0
:107550004046032303F0B8F80028D7D099F8063046
:10756000A978012B04BF99F80730EB700123AB71A8
:1075700099F80220AB682A70B3F80730AB80002975
:10758000B9D00A4A40463A44402303F081F9002822
:10759000B1D1044B1B68DB07ADD500BEABE7154688
:1075A0008027C4E7F0ED00E0D46900205468002093
:1075B0002DE9F047137803F01F06012E82B003D0A7
:1075C000002002B0BDE8F087DFF80882978898F8BD
:1075D0000040FFB2BC4200F0B08098F80C40BC42C2
:1075E000EED13746B4464FF0C00E4FF0130A4FF0BD
:1075F000120913F060030C460546164604D1012912
:1076000000F0A4800120DCE7202BD9D15378013B86
:107610000A2BD5D801A252F823F000BFF176020060
:10762000E7760200D1760200C1750200C175020042
:10763000C1750200C1750200C17502009176020099
:10764000697602004976020001291BD00329D9D1AD
:1076500073880C2606FB0786DBB260461946B371B9
:10766000FFF720FF0120ACE70129CBD173880C2262
:1076700002FB07871B0A60461946FB71FFF714FFE0
:1076800000289DD03146284603F094F9012098E760
:10769000012900F086800329B4D1F48871884B4B0E
:1076A000402C4FEA1122204628BF402011F0FF0154
:1076B000734407D0012C05D91C788C4202D10138C3
:1076C00080B2013300906046FFF7D2F9012078E7DD
:1076D000012997D108EB090231462846234603F0D9
:1076E00081F920466DE701298CD108EB0A02F3E706
:1076F000012987D1F3887188344F402B4FEA11223A
:10770000184628BF402011F0FF01774454D0012BC8
:1077100052D9013880B239707B1C00906046FFF767
:1077200091F90444A3B2002B49D1294A1268D20727
:107730007FF546AF00BE184643E74FF0000E774690
:10774000F4464FF0070A4FF0060952E75378062B2C
:107750007FF436AF53881B0A212B12D0222B7FF4E3
:107760002FAF6046FFF766F97B001F4408EB8708E0
:10777000024631462846B8F8043003F033F9204673
:107780001FE77B001F4408EB8708D8F80820002A71
:107790003FF416AF1378314602B0BDE8F04703F06E
:1077A00021B9F388402B3FF60BAF084A31467244AB
:1077B00003F018F9204604E73B460024ADE73A46BB
:1077C0003146284603F00EF90120FAE654680020FD
:1077D000F0ED00E0D4690020F0B52C4CA678657877
:1077E0008E4283B0074610D0A9422CD0A07B657B87
:1077F00088423FD0A94244D0254B1B68DA0702D407
:10780000002003B0F0BD00BEFAE780264FF0400C28
:107810000020A9429BB21AD01E4D3544FAB90093FC
:1078200011462B460222FFF723F92A46A178384653
:10783000402303F02DF80028E3D1154B1B68DB072C
:10784000DED500BEDDE74FF0400C00209BB21149B1
:1078500061444AB91A46FFF729FE0120D1E72A46BA
:107860000221FFF725FEE0E70A460121FFF720FE8F
:107870000120C6E70C344FF4A0764FF4807C012041
:10788000C7E74FF4807C0120E0E700BFD469002007
:10789000F0ED00E05468002070B5194C82B0002172
:1078A0000D464FF4EC72204615F0C7FE04F1380186
:1078B0000123802204F11000009501F0C9FE04F1BB
:1078C000B80101238022009504F1240001F0C0FEDC
:1078D00004F59C71012012F085F804F5C471064688
:1078E000012012F07FF830B9064B1B68DB0700D58A
:1078F00000BE02B070BDC4E90756C4E90C05F8E744
:107900006C6A0020F0ED00E038B5094C206A256B68
:1079100020B112F08BFC0023C4E907332DB12846B7
:1079200012F084FC0023C4E90C33012038BD00BFF1
:107930006C6A002010B5084C002304F11000C4E963
:107940000033C4E9023302F01BF804F12400BDE85F
:10795000104002F015B800BF6C6A00202DE9F0431A
:107960004B79012B83B004D00025284603B0BDE835
:10797000F0838B79012B0C46064616D049780429F2
:10798000F2D10025032BEFD1E379002BECD1DFF806
:10799000FC8098F8013013B998F802700FB3384B97
:1079A0001B68DB07E0D500BEDEE7CB79002BDBD11F
:1079B0000B781C449DB2617824290BD1954202D9E1
:1079C000D2E7AA42D0D323781C442B4461782429DF
:1079D0009DB2F6D00429C7D16379012BC4D1A37914
:1079E000D0E7A37888F8003094F8009021794D44CE
:1079F000ADB2A14439B925E099F800308F421D4459
:107A0000ADB299441ED2AA421CD399F80130052B7D
:107A1000F2D149463046019202F0F6FE019A002862
:107A2000BDD099F80230D90914BF88F8013088F820
:107A3000023099F80030217901371D44FFB2ADB210
:107A40009944D9E70F4801F057FE3F288DD998F89F
:107A50000210002002F0FCFE002886D0094801F048
:107A60004BFE3F2898F8021003D8002002F000FFD8
:107A70007BE7054A4023002002F00AFF75E700BFBC
:107A8000F0ED00E07C6A00202C6A00206C6A002087
:107A900000207047F8B53C4DAA788A421F4612D1A3
:107AA0009AB23A4905F1100001F0DCFE384B13B1EF
:107AB0000020AFF30080374801F01EFE3F282CD88D
:107AC00001242046F8BD6B788B4208D0324B1C68ED
:107AD00014F00104F5D000BE00242046F8BD06468F
:107AE00005F1240001F0F0FD40BB2C4801F0ECFD55
:107AF0000028E5D1002FE3D017F03F07E0D16978E7
:107B0000304602F0A5FE04460028D9D069783046F8
:107B10003B463A4602F0BCFED3E7A978002002F0CB
:107B200097FE04460028CBD01A4801F0E5FD3F2817
:107B3000A9781ED8002002F09BFEC2E769780020D9
:107B400002F086FE0028D0D04022154905F124001D
:107B500001F0E4FD034690B1114A6978002002F07B
:107B600097FE0028ACD10C4B1B68DB07BDD500BECF
:107B7000BBE7064A4023002002F08AFEA1E76978AD
:107B800002F076FEB1E700BF6C6A00202C6A00208C
:107B9000000000007C6A0020F0ED00E0906A002008
:107BA000EC69002030B4114B9C689A6B93F83C5000
:107BB00083F82C10A21A022183F830109A6225B99A
:107BC00042F2050183F83E50998744B13AB11A7BDD
:107BD000D20906D193F82F1030BC02F099BE30BC08
:107BE000704793F82E1030BC02F092BE446E002015
:107BF00038B5214B214C05461BB1607BFFF736F8A9
:107C0000A8B1A06BA36894F82F101D4A1B1AB3F5F6
:107C1000007F28BF4FF4007328469BB202F038FE65
:107C200020B9184B1B68DB0700D500BE38BDA26821
:107C3000A36B84F83E0042F20771D31A0120A1879A
:107C40000221A36284F82C0084F83010002AEDD0C1
:107C5000002BEBD0237BDB0906D194F82F102846AC
:107C6000BDE8384002F054BE94F82E102846BDE816
:107C7000384002F04DBE00BF6D6C0200446E002023
:107C8000446C0020F0ED00E070B5304CE28AA3684F
:107C900052BA92B286B0054612B1B3FBF2F292B27A
:107CA000A66BD4F81110607B9B1BB3F5007F28BF37
:107CB0004FF4007309BA0093B6FBF2F302FB1362B0
:107CC0001944234BFEF79AFF031E20DB94F82E2065
:107CD0000DD011469BB228461D4A02F0D9FDA0B92D
:107CE0001C4B1B68DB0710D500BE06B070BD072417
:107CF000194603A88DF80C508DF8102005938DF8C7
:107D000011308DF80D4002F0B7FB06B070BDA268CF
:107D1000A36B43F602200021D31AA08784F83E10FB
:107D200001200221A36284F82C0084F83010002A7C
:107D3000EBD0002BE9D0237BDB0914BF94F82E1085
:107D400094F82F10284602F0E3FDDEE7446E002091
:107D5000446C0020F0ED00E010B4054C012084F8E4
:107D60003C1084F83D2084F83E305DF8044B7047A9
:107D7000446E002040220021014815F05EBC00BF87
:107D8000446E002040220021014815F056BC00BF7F
:107D9000446E00204B79082B01D0002070478B796E
:107DA000062BFAD1CB79502BF7D1162A06D81C4BCB
:107DB0001B68D907F1D500BE0020704770B5194D7A
:107DC0008B7885F82D300B7882B005F12F0205F104
:107DD0002E0619440223CDE900261A46044602F075
:107DE00073FC48B90E4B1B68DA0702D500BE02B01F
:107DF00070BD002002B070BD204695F82F100A4AD1
:107E000000241F2385F8304002F042FD30B9044BB6
:107E10001B68DB0702D500BE1720E8E71720E6E75E
:107E2000F0ED00E0446E0020446C0020012901D0F8
:107E300001207047F0B5137803F07F01022985B067
:107E4000054606D003F06003202B1AD0002005B0B1
:107E5000F0BD5478012CF5D15388002BF6D1434E58
:107E6000918896F83030042BC9B279D096F82E401C
:107E70008C423DD096F82F408C4257D0012005B05F
:107E8000F0BD5378FE2B16D0FF2BDFD15388002B8B
:107E9000DCD1D488A3B2002BD8D1344E1146284669
:107EA00086F83030C6E90D33B48786F83E3002F0EC
:107EB00081FD0120CBE75388002BC7D1D388012B4C
:107EC000C4D12B498DF80F3000294DD00192FEF717
:107ED000E5FD019A0028B9D0431EDBB204AC11467F
:107EE00004F8013D28462246012302F07BFDC5E748
:107EF000022BC3D1B26BB3681E4F9B1AB36206F15B
:107F000020030FCB07C73A46214602F80C39032459
:107F100028460D2386F8304002F0BAFC0028ADD187
:107F2000154B1B68DB0791D500BE90E7002BA5D150
:107F3000214602F0DFFC0028A0D12146284602F0AD
:107F400005FD00289AD1002496F82F10094A86F8DA
:107F5000304028461F2302F09BFC0028E0D08DE72C
:107F600002F0D6FC204672E70B46B7E7446E0020CD
:107F70009D6A0200446C0020F0ED00E02DE9F04124
:107F8000B44C94F83050012D8EB01E46074645D0B3
:107F900028D3032D05D0022D5FD001200EB0BDE8FF
:107FA000F08194F82E308B42F7D10D2EF5D1E37B82
:107FB000282B00F01A812A2B40F00D81A64B13B11B
:107FC000607BFEF747FE002594F82F10A34A84F843
:107FD00030501F23384602F05BFC002861D094F833
:107FE0003050D8E794F82F508D42D6D11F2B06D1B0
:107FF000DFF868829A4BD8F800209A4271D00423A7
:1080000094F82E1084F83030384602F081FC38465F
:1080100094F82F1002F07CFC0020BFE7B3F5007F3E
:1080200008D9904B1B68D90700D500BE00200EB0C0
:10803000BDE8F081E27BA36B282A00F087802A2A22
:1080400000F08F80217B626B1E44CB09A66336D083
:1080500096422CD3022384F8303094F82E10384600
:1080600002F074FC002898D1A368A26B94F82E60EB
:10807000934202D9217BC9092ED19B1A7A4AA36265
:108080000FCA764D07C52A46314602F80C3903253A
:1080900038460D2384F8305002F0FAFB00287FF4B4
:1080A0007CAF704B1B68DB07C0D500BE76E76D4B1D
:1080B0001B68DA0793D500BE94F830506BE793B293
:1080C000607B664A04F10F01FEF778FD0028C0F2DC
:1080D0009F80A66B626BBBE73146384602F018FC06
:1080E0005BE7C446BCE80F0026460FC69CE80F00BD
:1080F00007C626F8023B1B0C3370D4E90123E17B51
:108100005A4E626201200022282963632662A2621D
:1081100084F82C20A26384F8300000F0AD802A2976
:1081200000F0DF80002B00F0EF80227BD20940F0CE
:10813000EB80B3F5007F00F26F819BB22946474A7E
:10814000384602F0A5FB0028ABD048E7626B1E441E
:108150009642A663BFF47EAFFFF796FD94F83050C9
:1081600019E7E28A52BA92B21AB1A168B1FBF2F2EF
:1081700092B2D4F81110394DB3FBF2FC09BA02FBEC
:108180001C32607B009661442B46FEF74DFD0028B3
:10819000C0F2FB81864230D9361A40B1A36B291850
:1081A00013FA80F332462846A36315F02DFA002314
:1081B00094F82F508DF818500722194605A88DF80D
:1081C000147007968DF819308DF8152002F054F9C7
:1081D00094F83050DFE6264B002B3FF4F4AE04F168
:1081E0000F01607BAFF30080EDE6224B002B3FF4E4
:1081F000EAAE607BAFF30080E5E6D4E90D231E44D0
:108200009642A663BFF426AF3846FFF7F1FCE6E6D8
:10821000A368A66B94F83C1084F82C509A1B02209B
:10822000A26284F8300021B942F2050084F83E10C1
:10823000A087002B3FF44EAF002A3FF44BAF237BC7
:10824000DB0940F0E58194F82F10384602F060FB1E
:108250003FE700BF446E0020556C0200446C0020D4
:1082600055534243F0ED00E0646E002055534253F5
:108270000000000000000000E28A52BA92B20BBB7C
:10828000002A3FF4E7AE94F83C10A362022284F87F
:108290002C2084F8302000297FF4DFAE42F2050163
:1082A0000022A18784F83E20002B3FF4D6AE237B2A
:1082B000DB0940F09A812946384602F029FB94F800
:1082C000305068E6207BC00913D0002A00F080817E
:1082D000B3FBF2F2002A00F0A3812829384694D19A
:1082E0003AE7E28A52BA92B2002BC9D0207BC00989
:1082F000EBD094F83C10A362022284F82C2084F87E
:1083000030200029CAD0D2E7667B252900F22B81D4
:10831000DFE811F0220129012901E50029012901E5
:1083200029012901290129012901290129012901FD
:108330002901290129012901BD002901290129015A
:108340002901290129012901990087002901290111
:10835000710029012901290129014C002901260068
:10836000304604AA05A9FEF717FC059B002B00F078
:108370004481BDF81020002A00F03F81013B1BBA68
:1083800012BAC8E900320820A368002B44D09842F2
:1083900028BF184683B26063A64A94F82E10384668
:1083A00002F076FA00283FF47CAE18E605AD002313
:1083B0000DF10E02304604A96B600593AB60FEF729
:1083C000EBFB049A002A00F01881BDF80E30002B58
:1083D00000F0138112BA082106925BBA0222ADF8AE
:1083E0001E308DF817108DF81C2095E8070088E8DE
:1083F00007000C20C8E7904B03B33046227DE17C98
:10840000AFF30080D0B994F83C302BB943F6022288
:108410000023A28784F83E3001213846FFF7C2FBD3
:10842000DDE5864B53B1E17C3046C1F3400301F0FA
:1084300001020909FEF7CCFB0028E4D0A368002B59
:108440003FF408AEE8E79DF816307D49002203F0BE
:10845000800362F3C7138DF8163003238DF81520BF
:108460008DF817208DF81430002900F0E180304697
:10847000FEF7FCFB9DF8163080F0010060F3C71397
:108480008DF81630059BC8F8003004207CE74FF0CB
:10849000203302250022CDE90522304607A909AA8A
:1084A00008934FF0800C079309930D93CDE90A339D
:1084B0000C931F260DAB8DF816508DF8175005AD97
:1084C0008DF818608DF815C0FEF7F0FA0FCD594EF3
:1084D0000FC60FCD0FC62B683360242054E794F8E5
:1084E0003C2094F83D0094F83E10DFF848C1DFF8D6
:1084F00058E14FF000084FF00003CDE90588CDE9C1
:10850000078862F303038DF81630F0220A23ADF8D2
:1085100024808DF820008DF821108DF814208DF81E
:108520001B3005AD0FCDACE80F002B68ACF8003068
:10853000BEF1000F76D0ACF1100130464FF400725E
:10854000AFF300800028A4F83C8084F83E800FDB65
:1085500000283FF473AF17E73046FEF7F9FA00281A
:108560003FF451AF6AE794F83C30002B7FF454AFEE
:10857000A38E304A3349607BFEF720FB0028FFF6CC
:108580004BAF00283FF45AAFFEE6A36BA2681E442F
:1085900043F602200021931BA08784F83E1001209F
:1085A0000221A663A36284F82C0084F83010002A0C
:1085B0003FF453AD002B3FF450AD237BDB0914D1C6
:1085C00094F82F10384602F0A3F994F83050E2E402
:1085D000012294F83C1084F82C200222A36284F833
:1085E000302000293FF45AAE5EE694F82E1038464B
:1085F00002F08EF994F83050CDE494F83C30002B22
:108600007FF40AAF43F6022284F83E30A28703E7E4
:1086100094F82E10384602F07BF9D4E90D2617E5C0
:108620000222D6E7A4F83CE084F83EE01220ABE654
:1086300001201FE7446C002000000000D16B020005
:108640006D6C0200536E00200000000070B5134CEA
:10865000134E84B020464FF4AE72002114F0EDFFAB
:108660004025002304F58E720092CDE901561A468A
:10867000194604F1B000039504F068F92E4404F1A2
:1086800070020023CDE90025CDE90265201D1946C1
:10869000012204F05BF904B070BD00BF046F00203C
:1086A000846E002010B5054C04F1B00004F07AF996
:1086B000201D04F077F9012010BD00BF046F0020D9
:1086C00038B5074C2046002500F8B85B01F058F992
:1086D00004F10C0001F054F984F8B150657138BD13
:1086E000046F00204B79FF2B01D0002070472DE94B
:1086F000F04FDFF824B19BF8B13083B04BBB9BF84F
:10870000053033BB0B788A460AEB02050AEB0304FB
:1087100089788BF80010A542064614D91AF8032070
:10872000A3189D420FD36278042A0CD00B2A0AD0DA
:10873000052A0BF1B8080BF1B0070BF10C0917D0A3
:108740009D421C4609D8A4EB0A0080B203B0BDE8E4
:10875000F08F002003B0BDE8F08F1A7813449D42DB
:10876000F1D36278042AEED00B2AECD0052AE7D1A7
:108770002146304602F048F8002843D0A378DB09B0
:1087800005D19BF8B1301BB32278A318D8E79BF82A
:108790000530002BF8D14846019301F0F1F8A2789A
:1087A0008BF80520A2889BF804C0019B1849C2F3EE
:1087B0000A02A2F50072B2FA82F2520962F3410C87
:1087C00018468BF804C004F037F92278A318B7E7ED
:1087D000404601F0D5F8A3788BF8B130A3889BF818
:1087E000B020C3F30A03A3F50073B3FA83F35B0964
:1087F00063F34102394630468BF8B02004F064F947
:108800000028C1D1034B1B68DB07A2D500BEA1E73E
:10881000086F0020F0ED00E0046F002070B51C4CE4
:1088200094F8B1208A4205461E460FD1B4F8BC2008
:10883000F2B9184B23B1B2B217490020AFF3008050
:108840002846164904F040F9012070BD63798B4237
:1088500001D0002070BD124B1BB1B1B20020AFF3AC
:1088600000801049284604F0E7F848B1012070BDA7
:10887000B2B2D4F8B41004F1B80000F0F3FFD8E7B6
:1088800032462846074904F099F8012070BD00BF20
:10889000046F002000000000846E0020B46F0020F0
:1088A00000000000086F0020F8B50E688D88B778CA
:1088B0003544AE420BD23B469F42344603D10BE0D7
:1088C0006378042B05D023781C44A542F8D80020F7
:1088D000F8BDA3789F42F6D1E3789A42F3D1A5423E
:1088E000F5D9237D012B06D9144B1B68DA07EED589
:1088F00000BE0020ECE723790D46DBB1012BE6D169
:108900002278E389617A1344114423442144994233
:1089100004D3DCE70A7811448B42D8D94A78052A77
:10892000F8D101F071FF28B9044B1B68DB07CED5E5
:1089300000BEF8BDA41BEC800120F8BDF0ED00E006
:10894000C28832B9654B1B68DB0700D500BE00202A
:108950007047F0B40378624803EB830403EB4403ED
:10896000C058831803D08E781C7BA64207D95B4B76
:108970001B68D90700D500BE0020F0BC70472EB997
:10898000012C01D90120F8E701268E7001248C60AA
:10899000C1F80E404C7700256FF03F0481F822505B
:1089A0008C766FF003056FF06404CD760C774D4D37
:1089B000C1F81E50082481F82340825CB3F80D40B2
:1089C00014441C441344A342D1D2474F9D78102D28
:1089D0000CD827FA05F0C04310F0010006D1DA7870
:1089E000964203D107E05A78242AEFD01A7813442C
:1089F0009C42F8D8BBE79C42B9D0062D06D0102D7A
:108A000004D0042DB9D1012248730A73CF781A79A2
:108A1000974218D81FB9012AB4D80127CF701A7805
:108A20001A44A2420FD2967806F0FD0CBCF1050F55
:108A30000FD0112E03D10CE05678242EF3D01678E7
:108A400032449442F8D8254B1B68DA0794D500BE0F
:108A500093E7D678B742F2D19442F4D0D1F81240DD
:108A60008CB9062D30D0102D2ED0042D09D1B2F89E
:108A70000560B2F807505C7D05FB06F304FB03F4C8
:108A8000E408C1F812404B6863B9557E012D3FF6EA
:108A900079AFD2F81A3025B9D2F81E209A427FF465
:108AA00071AF4B60114AA2FB03235A0BCBD0631E5C
:108AB0001344B3FBF2F30233B3F5807F28BF4FF4C6
:108AC0008073C1F816305DE7B2F80530B2F80740A0
:108AD00004FB03F42401E408D3E700BFF0ED00E059
:108AE0006070002003010101501001005917B7D137
:108AF0002DE9F84F0B785D4C03EB83050E4603EB35
:108B000045030989E7589146804679B13944CB78C5
:108B100003F00303012B00F09480738933B13B44CD
:108B2000DA7802F00302012A00F091807488B58897
:108B300000233C44B381F38133827382B382F38296
:108B40003D44A278AC4238BF134609D29A4203D1C1
:108B50000CE06378042B06D023781C44A542F8D897
:108B60000020BDE8F88FA3789A42F5D1E3789945C3
:108B7000F2D1A542F4D994F804A0BAF1020F15D8A5
:108B8000E31BF380B9F1000F16D023781C44BAF12F
:108B9000000F4CD04FF0000B06E06378052B28D077
:108BA000042B03D023781C44A542F6D8304B1B6815
:108BB000DA07D5D500BED3E7737F012B12D006F1BB
:108BC0001E03494686F81D90A6F81890A6F81A903C
:108BD0001846302214F031FD01463046FFF7B0FE52
:108BE0000028BDD023781C44BAF1000FD2D1012057
:108BF000B7E7E37803F00303B9F1000F01D0012BCD
:108C000018D0022BACD12146404601F0FDFD28B31F
:108C100006EB4B03E21B1A8122780BF101039A4504
:108C200014444FF0010BBFD8B9F1000FDFD002237D
:108C30007377DCE7A388B269C3F30A039342E2D2F5
:108C40008EE700233381897801F08EFE65E70022EC
:108C500072819978404601F087FE67E7044B1B68F4
:108C6000DB077FF57DAF00BE7BE700BF60700020B3
:108C7000F0ED00E010B4064C06480023C4E90033D0
:108C80001946C4F807304E225DF8044B14F0D5BCE9
:108C9000607000206C7100200120704710B4064CF9
:108CA00006480023C4E900331946C4F807304E22B1
:108CB0005DF8044B14F0C1BC607000206C710020A2
:108CC0002DE9F0414B790E2B04D04FF000084046BF
:108CD000BDE8F0818B79012BF7D1CB79012BF4D151
:108CE0003E4E33682BB13E4B1B68DB07EDD500BE13
:108CF000EBE714460F461A46314605463760B48006
:108D0000FFF7D2FD0028E0D0F2883368B978134429
:108D10003C44A74293F814C03B4605D308E05A7878
:108D2000042A4DD00B2A4BD01A7813449C42F6D813
:108D3000BCF1000F4ED02B494A88002AD3D1D81B52
:108D40001FFA80F83272A1F802809C4293F802E088
:108D50000A8098BF034605D80BE05A78042A2BD026
:108D60000B2A29D01A7813449C42F6D8DB1B1FFA31
:108D700083F80022BCF1010FA1F804804A77B2D138
:108D800017FA80F017FA83F3984281780AD2827832
:108D90008A4203D118E04278042AF8D002781044BD
:108DA0008342F8D8284600220E49FFF7A1FE00288A
:108DB0008BD0A6F804808AE79A787245D2D0D5E79E
:108DC0009A788A42B0D0B3E7C278012AE6D18342CA
:108DD000EFD1E7E7DB1B1FFA83F8EAE760700020BA
:108DE000F0ED00E06C7100202DE9F047167806F0F8
:108DF0001F04012C8CB004D0002420460CB0BDE828
:108E0000F087DFF8F892B2F804C0D9F80070804615
:108E100015465FFA8CF317B1BA789A422CD0B44F4A
:108E20007C88002CE9D03A7802EB820002EB400209
:108E300059F802E07444A2789A42DDD1C6F3411693
:108E4000F3B2002B00F09C80012B12D15FEA1C2CA6
:108E50000FD16B881B0A022B00F02E81062B00F02D
:108E60001781012B00F0F580A24B1B68DB0700D5B2
:108E700000BE07233B77BFE7C6F34116F4B2002CD0
:108E800047D0012C25D15FEA1C2C26D0B9F806204A
:108E9000BB18B95CDA89114419448B420ED29A7816
:108EA000023A052A06D8DA78624503D107E05A78F3
:108EB000242AF4D01A7813449942F8D849B10023EF
:108EC00089F80930012498E78A4B1B68D90700D537
:108ED00000BE072389F809308EE76B881B0A012B37
:108EE00000F09580022BEFD16B78812B00F0478149
:108EF000862BE9D10129E2D10B46404629467E4A1C
:108F000001F070FD0028DAD1FF2389F80930002430
:108F100073E76B780A2B4AD00B2B3ED10129CED1B7
:108F2000EB88002BF0D1B9F80630FA181179A9B105
:108F3000F85CD189537A0144034413440A449342B0
:108F400005D395E119780B449A4240F29181597802
:108F50000529F7D19978404601F006FD0026A9F8C9
:108F600006606A8865494046FFF79EFC0446002873
:108F7000CAD02946404601F01DFD89F809603CE74A
:108F80006B780A2B27D00B2B7FF46EAF012900F0F2
:108F9000BD8000233B7701242FE7564B1B6813F05D
:108FA00001032FD107221C4689F8092025E7012952
:108FB00085D1EB88012BA7D1B9F80620BF18A3D023
:108FC0000CAAF97802F8301D294601F00BFD044681
:108FD0000028D2D198E70129DBD1EB88012B35D1CC
:108FE000FB889BB31EEB030330D00CAADB7802F89E
:108FF000303D40460B46294601F0F4FC044628B3B8
:109000003E77FAE600BE072389F80930F5E66B786B
:10901000812B00F0D180862B00F0BE80012B7FF4E5
:1090200053AF012900F0CB8002297FF448AF344BC5
:10903000002B3FF444AF99F80A100020AFF30080F2
:10904000B0FA80F489F809006409D6E6FF233B777B
:10905000D2E67B7F0BB187F81DC06C78842C61D879
:10906000822C65D2012C00F00A81812C7FF4FCAEA9
:1090700001298ED1EB883BB1294640463023214A55
:1090800001F0B0FC002884D1FF233B770024B4E634
:109090006B78812B00F0A180862B7FF4E5AE01294F
:1090A0007FF477AF294640460123134A01F09AFC2A
:1090B00000287FF46EAFE7E76B78812BD8D040F2C1
:1090C000B080852B00F09780862B7FF4CDAE0129F0
:1090D0007FF45FAFEB88012BD6D10B464046294683
:1090E000094A01F07FFC00287FF453AFCCE700BFB2
:1090F0006C710020F0ED00E08D0504006070002030
:10910000000000008A7100208E0504006A8839463C
:109110004046FFF7EDFC002898D02946404601F074
:1091200049FC36E7862CD2D065D3872C7FF49CAEE1
:1091300001297FF42EAFEB88002BA5D0B64EE9466F
:1091400006F1300A30687168B268F368CC46ACE862
:109150000F0010365645E146F4D19DF80210002963
:1091600040F09F80832C00F08381872C00F0648185
:10917000822C00F0618108233B7700243DE6012921
:109180007FF49DAE294640460123A44A01F02AFC03
:1091900000287FF494AEB7E601297FF490AEEB8807
:1091A000012B7FF4B1AE294640469D4A01F01AFCDE
:1091B00000287FF484AEA7E601297FF480AEEB8817
:1091C000012B7FF4A1AE294640460123954A01F0C8
:1091D00009FC00287FF473AE96E601297FF4D9AE2E
:1091E0000B464046294607F11C0201F0FBFB002814
:1091F0007FF4CFAE48E701297FF4CBAEEB88022B9A
:109200007FF442AF0CAA302122F8301D4046294697
:1092100001F0E8FB044600283FF436AF00233B771B
:10922000EBE5012B7FF420AE01293FF425AF0229A5
:109230007FF4AFAE7849A1F11E00FFF781FB044631
:1092400060B3794B7A6BBA613BB1734A79783878FD
:10925000AFF3008000287FF49CAE74490023022005
:109260004FF480720880C7E903337B61BA83C4E599
:109270006F4B1B68D8077FF547AE00BE44E6012957
:109280003FF4FAAE02297FF484AE6349A1F11E00D7
:10929000FFF756FB044600287FF47BAE08233B779C
:1092A000ABE59DF8030000287FD1FA88002A3AD068
:1092B0001EEB020337D01EF80220B3F80D005D4EFE
:1092C00010441844134498420FD99A78102A04D8AD
:1092D00026FA02F2D20700F1D5801A781344984298
:1092E000F1D95A78242AF8D1EDE70346832C5AD0D5
:1092F000872C4CD0822C7FF43EAF01218DF80310D7
:109300001A781A44904237D9947804F0FD06052E55
:1093100010D0112C0ED0147822449042F2D95478F7
:10932000242CF8D1EEE7424B1B68D9077FF523AF19
:1093300000BE20E7D478A142EDD1997806291DD04E
:1093400010291BD004297FF416AFB2F80510B2F82B
:1093500007205B7D02FB01F203FB02F3DB08CDF883
:1093600012306A4629464046302301F03BFB044652
:1093700000283FF489AE51E70246DEE7B2F8051057
:10938000B2F8073003FB01F31B01DB08E7E79A782B
:10939000062A06D0102A02D0042A7FF4ECAE997D6A
:1093A000ACE79979AAE71979A8E7019B002BD8D1F6
:1093B000FA88002AB7D01EEB0203B4D01EF802E0F0
:1093C000B3F80D20DFF86CC072449E1873449E42BF
:1093D0000ED99A78102A03D82CFA02F2D20756D462
:1093E0001A7813449E42F2D95A78242AF8D1EEE72B
:1093F00033461A7813449E4264D99A7802F0FD01EC
:10940000052948D0112A46D01A7813449E42F2D931
:109410005A78242AF8D1EEE78A710020697000207A
:109420008E0504006A700020000000006C700020AF
:10943000F0ED00E05010010001238DF8023001230F
:109440004FF00112029300230392ADF810304FF653
:10945000C0428DF8223040F29B13ADF81A20ADF8CF
:109460001C30404ACDF81E2008238DF8233078E7C1
:10947000FB88002BE3D01EEB0303E0D01B7B8DF8B1
:109480000230DCE7DA7891427FF427AF2EE7DA7812
:109490009142A5D1ADE7DA789042B5D1823C052C56
:1094A0003FF669AE01A252F824F000BF2D950200EC
:1094B00011950200F3940200779102007791020067
:1094C000C99402003346E9E7D3F8151042F210734D
:1094D000B1FBF3F3019100293ED0DDF812208BB9E6
:1094E000931CB3F5807F28BF4FF48073CDF81630FE
:1094F00037E75A7E72BBD3F8221042F21073B1FBE9
:10950000F3F3E7E7013A1A44B2FBF3F30233E8E777
:109510005A7ECAB1053203EB8202D2F80210D3F8A8
:109520001A3042F21072B3FBF2F3D3E75A7E72B1F3
:10953000053203EB8202D2F80220D3F81A1042F26D
:109540001073B2FBF3F3C5E7D3F81E10E7E7D3F8C7
:109550001E20F2E7002301930023ADF81630ADF88A
:109560001830FEE6030101012DE9F84F334C238941
:1095700053B12278324F02EB820502EB45057D594B
:109580002B449F788F420AD02E4B1B68DB0703D5F4
:1095900000BE0020BDE8F88F0020BDE8F88FD4E9B8
:1095A00004369E4205460BD327490023C4E9033302
:1095B000636119B161781046AFF300800120E9E7DB
:1095C00001F046F90028E7D0DFF88090A36999F808
:1095D0000000D4E9042BA2EB0B0808EB00069E4226
:1095E00028BF1E46B04213D9164B1B6813F0010367
:1095F00001D000BE002339462846144A01F048F93C
:109600000028DBD10F4B1B68DA07C5D500BEC1E7C8
:10961000E168A6EB000A59444844524613F0E9FFBA
:109620000BEB0A03D0456361B3B2E4D199F8012092
:1096300042F0020289F80120DDE700BF6C710020D2
:1096400060700020F0ED00E0000000006C70002071
:109650002DE9F041B2F5004F9DF8188030D804464E
:10966000C0681E460F46154618B14FF0FF3110F086
:1096700027FC206918B14FF0FF3110F021FCE2887F
:10968000E068276066F30E02C2F30721002368F347
:10969000C711E2806381A580E171238118B11A4668
:1096A00019460FF0C5FF206938B100231A46194644
:1096B0000FF0BEFF0120BDE8F0810120BDE8F08180
:1096C0000020BDE8F08100BF03894289808892B202
:1096D0009BB2934236BFC2EB40029B1A9B189BB2CF
:1096E000984228BF18467047028943899BB2981A4E
:1096F000B0FA80F04009704703894289808892B2AD
:109700009BB2934236BFC2EB40029B1A9B189BB29E
:10971000984286BFC01A80B2002070472DE9F843F6
:10972000054600690E46174618B14FF0FF3110F09C
:10973000C7FB2B896989A8889BB289B28B4236BF47
:10974000C1EB40045C1AE418A4B2002C4AD0A04239
:1097500006D283422CBF191A191889B269810446AE
:10976000BC4228BF3C468842A4B203D8091A89B239
:109770008842FBD9EA882B68401AC2F30E0887B2E8
:109780001FFA88F2BC4202FB013125D917FB08F908
:109790001FFA89F94A46304613F02BFFE21B12FBF1
:1097A00008F206EB090092B2296813F022FF6A89D9
:1097B000A88892B211198BB29A4215D940001B1A8F
:1097C0009BB228696B8120B100231A4619460FF01D
:1097D0002FFF2046BDE8F88302FB04F2304613F069
:1097E00008FFE4E769898BB240008342E9DBE6E7E2
:1097F00038B5054600690C4618B14FF0FF3110F03E
:109800005FFB29896B89AA8889B29BB2994236BFCE
:10981000C3EB4200C81A401880B200B3824209D29A
:1098200091422CBF8B1A8B189BB29A426B8103D842
:109830009B1A9BB29A42FBD9EA882968C2F30E02AE
:10984000204602FB031113F0D4FE0124286920B145
:1098500000231A4619460FF0EBFE204638BD044699
:10986000F4E700BF2DE9F0471446002A4FD0054623
:10987000C0680F4618B14FF0FF3110F021FBEA79B4
:109880002E896989AB88D209B6B289B242D18E429B
:1098900036BFC1EB4301711A891989B2994252D27C
:1098A000591A89B28C42E88828BF0C46C0F30E08CA
:1098B000B342304603D8C01A80B29842FBD21B1A7A
:1098C0002A681FFA83F9A14508FB002047D219FB3B
:1098D00008FA1FFA8AFA5246394613F08AFEA4EBB8
:1098E000090212FB08F207EB0A0192B2286813F092
:1098F00080FEA3199BB2AA88B3424FEA420201D369
:10990000934201DB9B1A9BB2E8682B81F8B9204691
:10991000BDE8F087E8889C42C0F30E080FD28E4263
:1099200023D3721A92B2580022448242C0DBCE186E
:10993000361BB6B2B14220D9361AB6B2B8E7E41A2D
:1099400008FB0477B3B9E86800240028DFD00023BF
:109950001A4619460FF06CFE2046BDE8F08708FB5A
:1099600004F2394613F045FEC3E75800421A324468
:1099700092B2D9E70E461C4698E7B04298DCDBE786
:1099800010B50446C06818B14FF0FF3110F098FAD6
:10999000206918B14FF0FF3110F092FAE06800230F
:1099A0006381238118B11A4619460FF041FE2069E0
:1099B00020B100231A4619460FF03AFE012010BDCF
:1099C00038B5C379B1EBD31F1FD00446C0680D462C
:1099D00018B14FF0FF3110F073FA206918B14FF051
:1099E000FF3110F06DFAE379E06865F3C713E371B6
:1099F00020B100231A4619460FF01AFE206920B143
:109A000000231A4619460FF013FE012038BD00BF8F
:109A1000704700BF704700BF0020704700207047AC
:109A2000704700BF704700BF704700BF704700BF5E
:109A3000024B5878003018BF012070471472002084
:109A4000024B1878C0F38000704700BF14720020EA
:109A5000024B1878FF3818BF0120704718610020AA
:109A60002DE9F047374E3378FF2B82B004D0012523
:109A7000284602B0BDE8F087002946D03822884643
:109A800007460021304813F0D8FD304B30490025FF
:109A900001201D700FF0A6FF2E4B1860002834D057
:109AA0002D4C2346626833F80C0B618800950FF04B
:109AB0004DFDA168054610F0DDFB284B1D6075B318
:109AC000274B23B12748AFF30080274B1860254C64
:109AD000DFF89CA02278DFF8909000252B460EE05E
:109AE000D9F8003013EB45130FD05B686BB1984782
:109AF00022780135EDB2511DA9422B4615DBAA4251
:109B0000EED89B1A0AEB4313EFE7184B1B68DA07F2
:109B100000D500BE0025284602B0BDE8F087134BF3
:109B20001B68DB07F6D500BEA2E741463846377012
:109B300001F050FE05460028F1D0384601F04CFEF9
:109B400096E700BF186100201472002014730020F3
:109B5000C47100204C720020BC60002050720020B4
:109B600000000000C0710020BC710020F0ED00E09A
:109B700090050400B94B1B78FF2B00F0A1812DE963
:109B8000F04F04468BB04FF47A7200238002A10D8F
:109B900013F0E0FAB24DDFF8E4B2B24E8246671C31
:109BA000286800F02481002C00F02181BAF1000F18
:109BB00014BF5246012207A90FF0F0FFC0B19DF873
:109BC0001D30013B072B00F21481DFE813F0F20097
:109BD000D300CA00BF00B700410014000800089B72
:109BE0000BB109989847286810F016FB0028D6D1C9
:109BF0000BB0BDE8F08F9DF820109B4B01F07F0764
:109C000003EB470303EBD11393F826006FF3000037
:109C100083F8260093F826006FF3820083F826006D
:109C2000002F00F04581914A1B7D12789342C0F0CD
:109C30003381501D9842C0F234819B1A0BEB4313C1
:109C40009F699DF82120099B9DF81C00B847CAE731
:109C5000874A1378002B00F024811378013BDBB294
:109C60001370137803F0FF00002BBCD1DFF8F891DC
:109C70009DF81C8099F8003043F0010389F800300A
:109C800099F8263060F3000389F8263099F82630D9
:109C900060F3820389F8263099F8273060F30003D7
:109CA00089F8273099F8273060F3820389F8273044
:109CB00000F002FF9DF8203003F06002602A00F0FF
:109CC0000681402A00F00A8103F01F03012B00F0F7
:109CD000D581C0F01281022B40F0F9809DF824104C
:109CE00001F07F07082F00F2F2807B00C809019382
:109CF0004B44034400905D481F7D03789F4280F0F1
:109D00000F82336803EB4717002A00F0108257B127
:109D1000786900F0D1FE7B69404608AA0121984786
:109D200000287FF460AF9DF81C00002101F0BEFF09
:109D300080219DF81C0001F0B9FF54E74A4B1B78C5
:109D4000D8077FF550AFFFF771FE4CE7464B1A7806
:109D5000D7077FF548AF1878C0F3C000FFF764FE5F
:109D600041E7414BDB78D9077FF53DAF0898FFF716
:109D700051FE38E73D4F9DF81C903A7800239846F5
:109D800010E0336813EB481300F08080DB6848462E
:109D900098473A7808F101085FFA88F8511D88451C
:109DA000434645DC9045A3EB0203EAD30BEB431398
:109DB000ECE72E4F9DF81C903A78002398460FE070
:109DC000336813EB48135BD0DB68484698473A7812
:109DD00008F101085FFA88F8511D884543460FDCF9
:109DE0009045A3EB0203EBD30BEB4313ECE72246C6
:109DF000E1E6204B1B68DA077FF5F5AE00BEF2E620
:109E000038220021184813F018FC1B4A4FF0FF338A
:109E1000C2E90533C2E90033C2E90233D3611384D6
:109E2000136100F03FFE104B9DF820209A70DAE697
:109E3000382200210C4813F000FC0F4A4FF0FF338A
:109E4000C2E90533C2E90033C2E90233D3611384A6
:109E5000136100F027FEFFF7E5FDC4E6186100205E
:109E600050720020BC71002014720020C0710020CC
:109E700014730020F0ED00E018720020900504003B
:109E8000A44B1B68D907CCD500BECAE7A14B1B6801
:109E9000DA07DED500BEDCE7326812EB43137FF44D
:109EA000CFAE9C4B1B68DB077FF5A2AE00BE9FE6E2
:109EB000099B9DF821209DF81C0000F013FE92E6FE
:109EC0007047FCF7F3FC0246002840F0E981914B13
:109ED0001B68DA077FF527AF00BE24E78E4800280D
:109EE0003FF421AF00F0E8FD404608AA0121FCF74D
:109EF00025FF00287FF477AE15E7202A00F0F180D7
:109F0000002AE4D19DF82130092BE0D801A252F8B3
:109F100023F000BF3BA002001BA00200CF9E020066
:109F20005DA00200CF9E0200FD9F0200A99F0200DB
:109F3000CF9E0200939F02003D9F02009DF82230B9
:109F400001931A4699F801309A4200F0548199F829
:109F50000130002B40F05481019B89F80130002B27
:109F600000F04781581EC0B2FCF7A0FC18B143783E
:109F7000022B00F0C181674B1B68DB0700D500BED8
:109F8000644B1B68D80700D500BE002389F8013058
:109F9000C9E60AAA99F8013002F80E3D40460123AD
:109FA00008A900F01FFD1EE6BDF82200030A5A1E94
:109FB000C0B20E2A3FF6B7AE01A151F822F000BFA1
:109FC000B3A202008FA202007FA20200279D02001E
:109FD000279D020061A202008FA20200279D0200BD
:109FE000279D0200279D0200279D0200279D020059
:109FF000279D0200279D0200E3A2020008A800F0AE
:10A0000061FD40469DF8221001F0ECFB99F800300C
:10A0100043F0020389F80030E5E5BDF82230012B5A
:10A020007FF481AE99F8003040466FF3C30308A96E
:10A0300089F8003000F0BEFCD5E599F800309908A9
:10A0400001F00201C3F340130AAA0B4322F80E3DAC
:10A050004046022308A900F0C5FCC4E5BDF8223043
:10A06000012B7FF460AE99F80030404643F00803BE
:10A0700008A989F8003000F09DFCB4E59DF8243073
:10A080000F2B3FF650AE4B44244A1B791778BB4246
:10A0900038D2376817EB43173FF445AE786900F0C4
:10A0A0000BFD7B6908AA01214046984700287FF4F0
:10A0B0009AAD9DF8203013F060077FF434AE9DF820
:10A0C00021300A3B012B3FF62EAE00F0F5FC9DF847
:10A0D00021300A2B00F0FC8008A9404600F06AFC01
:10A0E00081E59DF824300F2B3FF61DAE4B440B4A03
:10A0F0001B791778BB4260D2376817EB43173FF4E0
:10A1000012AE05E67A1D9A42FFF60DAEDB1B0BEB95
:10A110004317C3E7F0ED00E03D6D0200C071002081
:10A12000581DB84239DA002A7FF4FDAD17469DF874
:10A130002130012B03D036D3032B7FF4C8AEBDF8FA
:10A1400022200292AAB9B84A012B10783DD001F022
:10A15000ADFD019B009A4B44134493F8262042F036
:10A16000020283F8262093F8262042F0010283F8A9
:10A170002620002F3FF437AD786900F09DFC7B6905
:10A18000012108AA40469847002000F095FC99F864
:10A190002730D9073FF527AD9EE7FB1A0BEB431796
:10A1A000002AC4D0B4E5019B009A4B4413442033E9
:10A1B0000AAA9B79C3F3400348E77A1D9A42FFF647
:10A1C000B2ADDB1B0BEB4317A2E501F097FD019B42
:10A1D000009A02994B44134493F8262061F34102FC
:10A1E00083F8262093F8262061F3000283F82620C6
:10A1F000BFE7FFF717FC404608A900F0DBFBF2E4DD
:10A200000021404601F000FB404601F09FFB874FD4
:10A2100099F802300293002300943A781C460CE02F
:10A220000BEB4313DB68404698473A780134E4B2BD
:10A23000501D8442234600F3CE809442A3EB0203D8
:10A24000EED2336813EB4413ECD1794B009C1B68BE
:10A25000DB0700D500BE9DF8083089F802307BE6A8
:10A26000FFF7DAFB024600283FF45DAD4046137865
:10A2700008A900F0B7FB00287FF4B5AC53E5BDF8A2
:10A280002410FCF719FB02460028EFD14BE5022B06
:10A290003FF417AEFFF7C2FB024600283FF443AD80
:10A2A0004046538808A900F09DFB00287FF49BAC32
:10A2B00039E5FCF7F7FA024600283FF408AE4046BD
:10A2C000122308A900F08EFB00287FF48CAC2AE54D
:10A2D0000AAA08A902F80E7D4046012300F082FB7D
:10A2E00081E4544B002B3FF41EADFCF723FD0246E6
:10A2F00000283FF418ADD3E7C27999F80030511126
:10A3000061F30413921162F3451389F80030438816
:10A31000CDF81080CDE900A4C318039300F109071C
:10A32000039BBB4237D97B780B2B03BF3B7897F855
:10A3300003A0FF184FF0010A7B78042B43D1039B45
:10A340003A4ACDF814A0DB1B00219BB2029112788F
:10A3500088469A4617E0346814EB481433D05246C6
:10A360003946049823699847082808F1010201D961
:10A37000824543D22D4B5FFA82F81A78CDF80880D7
:10A38000511D88451CDC029B9045A3EB0202E2D3E1
:10A390000BEB4214E3E7DDF81080DDE900A4FFF7E2
:10A3A0003FFB28E70246434604463946224802F06E
:10A3B000B1FA1E4B029A1B78053393422744AFDA59
:10A3C000DDE900A4D7E51A4B1B68DF07DDE900A42F
:10A3D0007FF5D6ADD3E5382200211848009C13F054
:10A3E0002CF9174A4FF0FF33C2E90533D3611384C8
:10A3F000C2E90033C2E9023313612CE7DDF814A08F
:10A40000BAF1010F1ED00021CBB2534501F1010179
:10A41000C8D2BA78134459FA83F31A79FF2AD2D1F1
:10A4200083F80480F0E700BF18610020C0710020AD
:10A43000F0ED00E0356D020028720020147200205B
:10A440001872002023690A4A0A498B4208BF4FF05C
:10A45000020A9342D7D17B79012BD4D1BB79012B4E
:10A46000D1D1FB79002B08BF4FF0020ACBE700BF28
:10A470005D7902001D7102002DE9F0434378023B33
:10A4800085B005460E46042B0CD8DFE803F0495D85
:10A49000037E3F00844B1A78D70715D51A7842F00F
:10A4A00004021A70814B18688EB933464FF0FF32A0
:10A4B00029460FF0BDF8003018BF0120F0B97C4BE1
:10A4C0001B68DB0700D500BE05B0BDE8F08304AA19
:10A4D000002342F80C3D29460FF0BAFA019B43B124
:10A4E000744B4FF080525A6040BFBFF34F8FBFF3A1
:10A4F0006F8F003018BF01200028E0D03246697805
:10A500002878FFF785FA05B0BDE8F0836A4A13782A
:10A510000133DBB21370654B1868002ED7D1C4E746
:10A52000614B1A786FF300021A701A7800216FF3EA
:10A5300041021A7059701A7861F382021A705B4BEB
:10A540001868002EC3D1B0E75C4FDFF874913978FA
:10A55000DFF87081002423460AE0D8F8003013EBBE
:10A5600044130AD10134E4B24A1DA242234615DB4A
:10A570008C42F2D35B1A09EB4313DB69002BF1D059
:10A580006968287898473978ECE7474B1A78D407F8
:10A590009AD51A786FF382021A7083E7424C2378B7
:10A5A00058072FD5237841496FF3820323702B7806
:10A5B0008DF8043005220023CDF80A30CDF806309E
:10A5C000ADF80E3008688DF80520002E59D004AA89
:10A5D00001A942F8103D0FF03BFA009B43B1354B07
:10A5E0004FF080525A6040BFBFF34F8FBFF36F8F61
:10A5F000003018BF012000284DD12D4B1B68D90712
:10A6000000D500BEE378DA077FF55EAF274A2B78E6
:10A61000696810688DF8043003220023CDF80A30F1
:10A62000CDF80630ADF80E3002918DF80520F6B168
:10A6300004AA01A942F8103D0FF00AFA009B43B1A9
:10A640001C4B4FF080525A6040BFBFF34F8FBFF397
:10A650006F8F003018BF012000283FF430AF324622
:10A660009DF805109DF80400FFF7D2F92CE733465A
:10A670004FF0FF3201A90EF0DBFF003018BF0120C0
:10A68000EAE733464FF0FF3201A90EF0D1FF003068
:10A6900018BF0120AFE732469DF805109DF8040071
:10A6A000FFF7B6F9AEE700BF147200205072002029
:10A6B000F0ED00E000ED00E014730020C071002018
:10A6C00090050400BC7100202DE9F84F0A9F002A74
:10A6D0004CD090464A78052A0C460ED1CE7806F02A
:10A6E0000306B34209D18A7802F07F02082A0DD905
:10A6F000204B1B68DA0700D500BE1E4B1B68DB072A
:10A7000002D40020BDE8F88F00BEFAE7DFF868B099
:10A71000DFF868A09BF8009000250EE06278052A1B
:10A72000EBD1E27802F00302B242E6D1A27802F065
:10A730007F02082ADCD89BF800909AF802100022C9
:10A74000204602F095F80028D2D04846214601F074
:10A750006FF80028D1D0A278D30916BF0B9B3A70AE
:10A760001A702278013545451444D7D10120BDE83F
:10A77000F88F00BFF0ED00E0186100201472002097
:10A7800030B51E4D85B0082400230290019303913B
:10A790008DF805402868144682B9134601A94FF088
:10A7A000FF320EF045FF003018BF0120E0B9144B16
:10A7B0001B68DB0700D500BE05B030BD04AA01A9A7
:10A7C00042F8103D0FF044F9009B43B10D4B4FF0A0
:10A7D00080525A6040BFBFF34F8FBFF36F8F00307E
:10A7E00018BF01200028E2D022469DF805109DF8F0
:10A7F0000400FFF70DF905B030BD00BF5072002016
:10A80000F0ED00E000ED00E038B58B7803F07F0359
:10A81000082B06D90B4B1B68DB0700D500BE0020B8
:10A8200038BD094A094B0C46204691781D78002214
:10A8300002F01EF80028EDD021462846BDE8384039
:10A8400000F0F6BFF0ED00E0147200201861002067
:10A85000CB09263301F07F010348044A03EB410191
:10A860000844116801F0BABF147200204C72002035
:10A87000CB09263301F07F010348044A03EB410171
:10A880000844116801F0D6BF147200204C720020F9
:10A8900038B5154C01F07F0504EB450404EBD114E9
:10A8A0002034A079C00706D5104B1B68DA0700D505
:10A8B00000BE002038BDA5790D4845F0010500789F
:10A8C000A57101F0F1F80028F4D1A379074A60F3EB
:10A8D0000003A371A37960F38203A3711368DB07FC
:10A8E000E7D500BE38BD00BF14720020F0ED00E0D7
:10A8F00018610020054B01F07F0203EB420303EBDC
:10A90000D11191F8260000F0010070471472002068
:10A9100010B50C4B18780C4601F0C8F90A4904F040
:10A920007F0301EB430101EBD41191F8263043F092
:10A93000020381F8263091F8263043F0010381F8B4
:10A94000263010BD1861002014720020054B01F064
:10A950007F0203EB420303EBD11191F82600C0F311
:10A96000400070471472002010B50F4B18780C4649
:10A9700001F036F80D4904F07F0301EB430101EBD0
:10A98000D41191F826306FF3410381F8263091F805
:10A9900026306FF3000381F8263091F826306FF3EC
:10A9A000820381F8263010BD186100201472002047
:10A9B000704700BF0A4630B4094C49680546106824
:10A9C000234603C30023C4E9023392F900209A42CC
:10A9D0002846ACBF802119461A4630BCFFF758BF45
:10A9E00058730020F0B50E462B4C49680746306876
:10A9F000A260254603C50021E181F588AB4228BF4E
:10AA00002B4683B0A381ADB13BB3002A3DD094F96E
:10AA10000000402B28BF402300282CDB1F4A38466B
:10AA2000FFF736FF98B91E4B1B68DB0712D500BE37
:10AA300003B0F0BD96F90030002BACBF802100219F
:10AA400038462B462A46FFF723FF0028EBD001208B
:10AA500003B0F0BD002003B0F0BD94F90020002A3F
:10AA6000ACBF194680211A463846FFF711FF00286F
:10AA7000D9D00120ECE71146084801931A4612F09C
:10AA8000B8FD064A019B8021EEE7054B1B68D907FC
:10AA9000E0D500BE1046CBE75873002018730020A5
:10AAA000F0ED00E0034B0022C3E90022C3E90222DB
:10AAB0001A61704758730020014B1861704700BF3E
:10AAC000587300200346064A5968006810B41346BC
:10AAD000002403C3C2E902445DF8044B704700BF81
:10AAE0005873002070B5404C2278C909B1EBD21FD1
:10AAF00082B0064615D03BB13C4B1B68DA0700D547
:10AB000000BE002002B070BD2146FFF751FF23694F
:10AB1000002B40D02246304603219847012002B046
:10AB200070BD94F90020A068002A08DB0028E8D056
:10AB30001A462F49019312F05CFDA068019BE5893C
:10AB4000E2881D44ADB21844AA42A060E58101D05C
:10AB50003F2B23D8236923B1234A0221304698474B
:10AB600088B194F9002000239A42ACBF8021194695
:10AB700030461A46FFF78CFE68B91C4B1B68DB0792
:10AB8000BFD500BEBEE70146304601F08FF8304623
:10AB9000802101F08BF8012002B070BDA28994F9E8
:10ABA0000010531B9BB2402B28BF402300290ADB17
:10ABB00095424FF0000112D00D4A3046FFF768FE73
:10ABC0000028DAD0E7E795420BD001461A4608483C
:10ABD000019312F00EFD8021054A019BEDE70A4624
:10ABE000EBE780210022E8E758730020F0ED00E059
:10ABF0001873002000B1704710F0D8BC00B1704746
:10AC000010F0DEBC0138C3B2042B07D856230D4A1E
:10AC100003FB00F013181B79DB0706D40A4B1B68F3
:10AC2000DB0700D500BE00207047CB09363301F0AA
:10AC30007F0103EB4101054B08441044196801F002
:10AC4000CDBD00BF6C730020F0ED00E01C7500204E
:10AC50000138C3B2042B07D856230A4A03FB00F07D
:10AC600013181B79DB0701D400207047CB0936335A
:10AC700001F07F0103EB4101034B084410441968C4
:10AC800001F0D8BD6C7300201C750020F0B5441E87
:10AC9000E5B2042D83B017D8562505FB04F5174EF1
:10ACA00001F07F0405EB4404344404EBD114303448
:10ACB000A779FF070BD5124B186810F0010001D0DF
:10ACC00000BE002003B0F0BD002003B0F0BD1F4661
:10ACD00013460A460146705DA579009745F00105C7
:10ACE000A57100F0BDFB0028ECD1A37960F300034F
:10ACF000A371A37960F38203A371E3E76C7300206F
:10AD0000F0ED00E02DE9F047764DAF798F4284B049
:10AD100091461E4604465BD0E2234FF0000AA9711B
:10AD20008DF809108DF80830ADF80CA0002E00F059
:10AD3000B380012103AF0DF10808FBF72BFE41465C
:10AD40003A4602232046FBF753FE51462046FBF7C6
:10AD500021FE9DF80C30EB702223D9F800908DF87D
:10AD60000730002E3ED020460121FBF713FE3A4665
:10AD70000DF1070101232046FBF73AFE9DF80C3048
:10AD8000EB704946082300222046FBF731FE20469F
:10AD90000021FBF7FFFD0026102241F2F2032046BE
:10ADA0000121EA71ADF80830ADF80C60FBF7F2FD57
:10ADB0003A46414602232046FBF71AFE314620461A
:10ADC000FBF7E8FD9DF80C30EB7004B0BDE8F087B0
:10ADD000222303AF0DF10808D9F800908DF8073051
:10ADE000002EC0D14FF0FF31E86D0FF069F8314609
:10ADF0002046FBF709FE20460121FBF7CBFD3A4632
:10AE00000DF1070101232046FBF7F2FD9DF80C3000
:10AE1000EB703246082349462046FBF7E9FD3146F0
:10AE20002046FBF7B7FD20460121FBF7EDFD334639
:10AE300032463146E86D0EF0FBFB102241F2F20380
:10AE40004FF0FF31E86DEA71ADF80830ADF80C60F5
:10AE50000FF036F831462046FBF7D6FD204601219B
:10AE6000FBF798FD3A46022341462046FBF7C0FD1A
:10AE700031462046FBF78EFD20460121FBF7C4FD3D
:10AE8000334632463146E86D0EF0D2FB9DF80C3069
:10AE9000EB7004B0BDE8F0874FF0FF31E86D0FF0C4
:10AEA0000FF831462046FBF7AFFD03AF20460121E6
:10AEB0000DF10808FBF76EFD3A4602234146204695
:10AEC000FBF796FD31462046FBF764FD2046012145
:10AED000FBF79AFD334632463146E86D0EF0A8FB8B
:10AEE00037E700BF207500202DE9F04F4B781D0794
:10AEF0000E4685B090460978044662D1DA0600F124
:10AF00004881B26812B1B288002A5AD1E24D03F0EA
:10AF10002006AB7966F07F068B42F6B200F06481C2
:10AF2000E2230027A9718DF809108DF80830ADF8DB
:10AF30000C70B8F1000F00F06C82012120460DF179
:10AF40000C090DF1080AFBF725FD51464A4602237C
:10AF50002046FBF74DFD39462046FBF71BFD9DF8CB
:10AF60000C30EB70F223EE718DF8096000268DF83D
:10AF70000830ADF80C60B8F1000F40F0D980E86DF2
:10AF80004FF0FF310EF09CFF41462046FBF73CFDA1
:10AF900020460121FBF7FEFC4A460223514620468B
:10AFA000FBF726FD41462046FBF7F4FC2046012135
:10AFB000FBF72AFD434642464146E86D0EF038FB5A
:10AFC00045E0B54D13F02007AA7946D1914240F0F3
:10AFD000BE800DF10C090DF1080AB37813F0100FC3
:10AFE0000CBF10222022EA2300278DF809208DF8BB
:10AFF0000830ADF80C70B8F1000F00F0FA800121B4
:10B000002046FBF7C7FC02234A4651462046FBF781
:10B01000EFFC39462046FBF7BDFC9DF80C30EB7089
:10B020007378EB71F222012120468DF809308DF8FA
:10B030000820ADF80C70FBF7ADFC51464A460223E0
:10B040002046FBF7D5FC39462046FBF7A3FC9DF8CC
:10B050000C30EB7005B0BDE8F08F914240F0A1805C
:10B060000DF10C090DF1080AB37813F0100F0CBFA5
:10B0700040228022EA2300278DF809208DF808302D
:10B08000ADF80C70B8F1000F00F0E480012120460B
:10B09000FBF780FC514602234A462046FBF7A8FCFA
:10B0A00039462046FBF776FC9DF80C30EB70328871
:10B0B0002B899A422AD0B788F2887388BF1ABFB208
:10B0C0005B099F4228BF1F4617F0FF0740F0088129
:10B0D0003A23AF708DF8097000278DF80830ADF86D
:10B0E0000C70B8F1000F00F0D98001212046FBF769
:10B0F00051FC514602234A462046FBF779FC39466B
:10B100002046FBF747FC9DF80C30EB7033782B7230
:10B1100073786B727378EB71F22200268DF8093028
:10B120008DF80820ADF80C60B8F1000F3FF427AFA0
:10B1300020460121FBF72EFC51464A4602232046B9
:10B14000FBF756FC31462046FBF724FC7FE7E22361
:10B15000A9718DF80910ADF80C708DF80830B8F1B0
:10B16000000F00F0DE80012120460DF10C090DF1E9
:10B17000080AFBF70FFC51464A4602232046FBF71C
:10B1800037FC39462046FBF705FC9DF80C30EB7088
:10B1900023E7434606F10802FFF7B4FD05B0BDE81A
:10B1A000F08FE2230027A9718DF809108DF808307F
:10B1B000ADF80C70B8F1000F00F0D98001212046E5
:10B1C0000DF10C090DF1080AFBF7E4FB51464A4664
:10B1D00002232046FBF70CFC39462046FBF7DAFB3E
:10B1E0009DF80C30EB703FE70DF10C090DF1080AEA
:10B1F000B8E64FF0FF31E86D0EF062FE41462046A2
:10B20000FBF702FC01212046FBF7C4FB02234A4660
:10B2100051462046FBF7ECFB41462046FBF7BAFBC4
:10B2200001212046FBF7F0FB434642464146E86DCC
:10B230000EF0FEF99DF80C30EB707378E86DEB7151
:10B24000F2224FF0FF318DF80930ADF80C808DF807
:10B25000082097E64FF0FF31E86D0EF031FE4146D1
:10B260002046FBF7D1FB20460121FBF793FB4A4622
:10B27000022351462046FBF7BBFB41462046FBF725
:10B2800089FB20460121FBF7BFFB4346424641466E
:10B29000E86D0EF0CDF907E7207500204FF0FF3183
:10B2A000E86D0EF00DFE41462046FBF7ADFB204653
:10B2B0000121FBF76FFB4A46022351462046FBF76C
:10B2C00097FB41462046FBF765FB20460121FBF733
:10B2D0009BFB434642464146E86D0EF0A9F912E752
:10B2E00012238DF80730D6F808B0B8F1000F64D0FB
:10B2F00020460121FBF74EFB4A460DF107010123D1
:10B300002046FBF775FB9DF80C30EB7059463B4629
:10B3100000222046FBF76CFB00212046FBF73AFB9E
:10B32000D6E64FF0FF31E86D0EF0CAFD41462046EB
:10B33000FBF76AFB0DF10C09204601210DF1080A0B
:10B34000FBF728FB4A46022351462046FBF750FBF9
:10B3500041462046FBF71EFB20460121FBF754FB2C
:10B36000434642464146E86D0EF062F90DE74FF064
:10B37000FF31E86D0EF0A4FD41462046FBF744FB8B
:10B380000DF10C09204601210DF1080AFBF702FB23
:10B390004A46022351462046FBF72AFB41462046F7
:10B3A000FBF7F8FA20460121FBF72EFB4346424605
:10B3B0004146E86D0EF03CF912E74FF0FF31E86DC1
:10B3C0000EF07EFD41462046FBF71EFB2046012184
:10B3D000FBF7E0FA4A460DF1070101232046FBF78F
:10B3E00007FB9DF80C30EB7042463B465946204621
:10B3F000FBF7FEFA41462046FBF7CCFA2046012136
:10B40000FBF702FB434642464146E86D0EF010F959
:10B410005EE64FF0FF31E86D0EF052FD41462046EA
:10B42000FBF7F2FA0DF10C09204601210DF1080A93
:10B43000FBF7B0FA4A46022351462046FBF7D8FAFA
:10B4400041462046FBF7A6FA20460121FBF7DCFA2D
:10B45000434642464146E86D0EF0EAF87FE500BFFC
:10B460002DE9F04102F07F0CBDF818E0D20981BB54
:10B47000BCF1000F5ED13E4EA6F160077178B47842
:10B4800082F0010262F345110A466FF3041244F0A0
:10B4900010017270B170B278B360032363F30302DA
:10B4A00000258046A6F804E0B270F5802846FFF734
:10B4B000A1FBBC7AC4BB01252046BD72FFF79EFBF1
:10B4C0002246404631462C46FFF70EFD2046BDE899
:10B4D000F08182F00108BCF1000F2ED0254F01222F
:10B4E0003C4604E00132142A04F10C0418D094F80C
:10B4F0006C508D42F6D102EB420507EB850595F8BD
:10B50000615005F00F066645ECD1C5F34015454581
:10B5100004F16C06BFD00132142A04F10C04E6D108
:10B5200000242046BDE8F0812846FFF767FB20464F
:10B53000BDE8F08182F00108D0E70E4F01243D46BE
:10B5400002E00134142CEBD095F86C608E4205F1CA
:10B550000C05F6D104EB4406B60007EB060C9CF88C
:10B5600061C01CF00F0FECD160363E4486E700BF8F
:10B57000807500202075002042DF704743DF704750
:10B5800044DF704712DF7047F0B5334CBFF35B8F79
:10B59000014604F590730125D3E84F2FC3E8405FBF
:10B5A0000028F9D1BFF35B8F12F0FF0F48D10829B3
:10B5B00029D04E01A21954F806C028489388284F74
:10B5C00001F5947601EB810E50F82660D2889A1A24
:10B5D00093B2B6B200EB8E0209B2B34228BF334633
:10B5E000C2F800C707EB8100C2F8043747F82150C2
:10B5F000BFF36F8FBFF34F8F1A4B984218D0043BA5
:10B60000984215D0F0BD154BD3F8C024D1030FD408
:10B6100094F80B1161B11449D4F80001C3F8A007E4
:10B62000C3F8A4270D60BFF36F8FBFF34F8FF0BD3A
:10B630000023BFF35B8F84F82031BFF35B8FF0BD35
:10B640000A4B0B485A68C2F30802003218BF0122A5
:10B65000BDE8F040FFF794B870760020007002401B
:10B6600028700240507002404870024000ED00E037
:10B67000E9B60200174BBFF35B8F01460122D3E806
:10B680004F0FC3E84C2FBCF1000FF8D1BFF35B8F15
:10B6900010F0FF0F14D10A60BFF36F8FBFF34F8F0D
:10B6A0000D4B994203D0043B994200D070470B4B9D
:10B6B000BFF35B8F002283F82021BFF35B8F7047BD
:10B6C000074B08485A68C2F30802003218BF01222B
:10B6D000FFF756B890770020507002407076002037
:10B6E00000ED00E075B60200F0B5334CBFF35B8FA0
:10B6F000C1B204F590730126D3E84F2FC3E8406F21
:10B700000028F9D1BFF35B8F12F0FF0F47D1082952
:10B7100028D04D01621954F805E028489388DFF8D5
:10B72000B0C001F5947550F82570D2888D009A1A32
:10B7300093B2BFB26A1800EB8202BB4228BF3B46FD
:10B74000C2F800E76544C2F804374CF82160BFF343
:10B750006F8FBFF34F8F1A4B9D4218D0043B9D4211
:10B7600015D0F0BD154BD3F8C024D1030FD494F8F5
:10B770000B1161B11349D4F80001C3F8A007C3F855
:10B78000A4270E60BFF36F8FBFF34F8FF0BD002370
:10B79000BFF35B8F84F82031BFF35B8FF0BD0A4BA2
:10B7A0000A485A68C2F30802003218BF0122BDE8F5
:10B7B000F040FEF7E5BF00BF707600200070024049
:10B7C000507002404870024000ED00E0E9B602000F
:10B7D0002870024001207047014B80225A60704758
:10B7E00000E100E0074BD3F80014D3F80024002058
:10B7F0000A434FF48001C3F80024C3F85801C3F88A
:10B800000413704700700240074B4FF4001229B92F
:10B81000C3F80823054B83F821117047C3F80423AC
:10B82000024B83F8211170470070024070760020AF
:10B8300070B48A788C88414EC97802F07F03D509AC
:10B8400005EB430006EB001001F00301C4F30A040A
:10B85000012904812BD0012101FA03F4BDB138483C
:10B8600002339940C0F80413D0F810352343C0F8D0
:10B870001035334B42F48071C3F81825C3F80C150A
:10B88000BFF36F8FBFF34F8F012070BC70472C4800
:10B8900003F10C06B140C0F80413D0F8141503F5F9
:10B8A00094730C43C0F8144540F82350E1E7082B8B
:10B8B00008D0244B186810F00100E6D000BE00202C
:10B8C00070BC7047EDB9B6F818311BB11C4B802223
:10B8D000C3F81C251A4A0023C2F85031D2F80033AD
:10B8E00013F4001308BFC2F85431154B4FF4401243
:10B8F000C3F80423D3F8142542F48072C3F8142546
:10B90000BEE7B6F808210E4B0021C3F82C1112B186
:10B910008022C3F81C250A4AD2F8003313F400131E
:10B9200008BFC2F85431064B074AC3F80423D3F8C2
:10B93000102542F48072C3F81025A1E7707600202C
:10B9400000700240F0ED00E0000820001F4B802254
:10B950002DE9F041C3F88420BFF34F8FBFF36F8F01
:10B9600001241B4D1B4FA0460026A30004F10C022E
:10B97000A11C03F1804303F51C3308FA01F108FA16
:10B9800002F20A43C7F8082328465E6001342022E9
:10B990009E62002111F051FE082C05F12005E4D132
:10B9A0000D4BC7F808332022C7F81C6500217E62C2
:10B9B0000A48BE6411F041FEC7F81485C7F8108527
:10B9C000024B80225A60BDE8F08100BF00E100E038
:10B9D0009076002000700240000830007077002050
:10B9E00001F07F02082A70B44FEAD11128D0012358
:10B9F00003FA02F0C043B1B1294C951CAB40C4F826
:10BA00000833D4F81055274B2840C4F8100501EB33
:10BA1000420103EB01110023CB72BFF36F8FBFF321
:10BA20004F8F70BC70471E4C02F10C05AB40C4F840
:10BA30000833D4F814551B4B2840C4F81405E6E726
:10BA4000184B03EB01100024A0F808411448D1B1B1
:10BA50004FF40064C0F80843D0F8104524F4807413
:10BA6000C0F81045B3F81841B3F808510C48EC423F
:10BA70004FF0000608BF4FF40014C0F81C6508BF63
:10BA8000C0F80843C3E74FF48014C0F80843D0F867
:10BA9000144524F48074C0F81445C0F85011E1E74F
:10BAA000007002407076002001F07F004FEAD11C48
:10BAB000F0B50CEB4005744E2D01771985B0FC7A7A
:10BAC0004CB1724B1C6814F0010401D000BE00247C
:10BAD000204605B0F0BD04F0FF0E7251BB80A7F800
:10BAE00006E0002843D1002B57D0BCF1000F00F036
:10BAF0008E8006EB401100EB8003CD8A8A8A0C8B86
:10BB00000969521B9B0092B203F1804303F51C3379
:10BB1000A24228BF22465E4DC3F8001600B2C3F809
:10BB200004265C4BBFF35B8F05EB80010122D3E859
:10BB30004F4FC3E8472F002FF9D1BFF35B8FE4B21B
:10BB4000002C40F0908045F82020BFF36F8FBFF3AA
:10BB50004F8F514B994202D0043B994219D1BFF308
:10BB60005B8F002386F82031BFF35B8F11E0BCF1BF
:10BB7000000FBED106EB40160123F372BFF36F8FA7
:10BB8000BFF34F8FB37A23B1F37A03F0FF04002B96
:10BB900074D10124204605B0F0BD404AD2F880247B
:10BBA000C2F3C0126245A0D03D4D6A688DF80810FE
:10BBB000C2F3080100314FF4E06218BF012101A86F
:10BBC00003938DF80930ADF80420FEF755FCBFF360
:10BBD0005B8F06F590720123D2E84F1FC2E8403F09
:10BBE0000028F9D1BFF35B8FCCB2002C38D12A4AA0
:10BBF0001360BFF36F8FBFF34F8F1C46BFF35B8F94
:10BC0000204686F82011BFF35B8F05B0F0BD0123FD
:10BC1000204AF372BFF35B8FD2E84F4FC2E8413F37
:10BC20000029F9D1BFF35B8FE4B26CB91D4A1360F0
:10BC3000BFF36F8FBFF34F8FBFF35B8F86F820C1C9
:10BC40001C46BFF35B8F43E7154B16495A681648ED
:10BC5000C2F30802003218BF0122FEF791FD37E758
:10BC60006A680D49F3E70E4B0F485A68C2F30802A1
:10BC7000003218BF0122FEF783FD29E786F80AC0CB
:10BC8000FFF782FC24E700BF70760020F0ED00E0B3
:10BC90000470024090770020507002400070024013
:10BCA00000ED00E04C70024075B6020011F07F001C
:10BCB00008B512D008280BD00E4B41F48072C90988
:10BCC000C3F8182504D10C4B03EB40139A7A62B9E0
:10BCD000BFF36F8FBFF34F8F08BD064B01225A652C
:10BCE000BFF36F8FBFF34F8F08BD9972FFF74CFC06
:10BCF000EEE700BF007002407076002011F0770F71
:10BD000012D00A4B41F48072C3F80C15C3F80C250D
:10BD1000CA09C3F8181504BF01F5947143F821202E
:10BD2000BFF36F8FBFF34F8F704700BF00700240AB
:10BD30002DE9F04FA54BA64CD3F8000300238BB0A0
:10BD40001E461F46012520FA03F11A19C9074FEABA
:10BD5000820209D5116839B105FA03F117600E4363
:10BD6000BFF36F8FBFF34F8F0133192BEBD1F20766
:10BD700000F13582974D330508D5944BD3F8A8369A
:10BD800001229BB2A5F8163185F81C21B70206F4F2
:10BD9000800424D58D4BD3F81425D00540F1FC81C7
:10BDA000002C00F0A182D3F80024D20740F19C823D
:10BDB000D3F81035DA0540F1FB8195F81C3107AF57
:10BDC000002B40F0BD82814BD3F8203508933846D4
:10BDD0004FF440730121ADF81C30FEF74DFB04B366
:10BDE0007A4AD2F8004440F201732340C2F800348A
:10BDF000E30500F15682670510D5744B0122C3F8A4
:10BE000008259A65D3F8002312F4001208BFC3F87E
:10BE100054216E4B4FF40012C3F80423A00500F127
:10BE2000358231023DD5694BD3F880C4D3F88414F0
:10BE3000D3F888E4D3F88C74D3F89084D3F894447E
:10BE4000D3F89804D3F89C245FFA8CF35FFA80FC53
:10BE5000D0B25A06C9B25FFA8EFEFFB25FFA88F816
:10BE60005FFA84F901D105291BD00024224668F32A
:10BE7000070263F3070461F30F2469F30F226EF3E3
:10BE800017446CF3174260F31F6267F31F644FF4AB
:10BE9000C063012107A8CDE90842ADF81C30FEF7C8
:10BEA000EBFA4D4B3340002B40F09181DFF82491A9
:10BEB000464F4D46CA4609F5907800241DE02B44B4
:10BEC000DA7A002A00F0D781DA88AAF80420002262
:10BED000DA72D98809914FF4E063012107A88DF83F
:10BEE00020B08DF82120ADF81C30FEF7C5FABBF16B
:10BEF000080F47D001340AF1200A04F10C0326FA96
:10BF000003F3DB075FFA84FBF1D504EB840307EB53
:10BF10008303DAF80020D3F80807630112FA80F2ED
:10BF2000E918CAF80020CA8880B2024492B2082CEC
:10BF3000CA80C4D0BAF808208242C0D1CA88BAF8F0
:10BF400004109142BBD9BBF1000FD0D10122BFF345
:10BF50005B8FD8E84F3FC8E8412F0029F9D1BFF3E4
:10BF60005B8F13F0FF0F40F052821C490A60BFF351
:10BF70006F8FBFF34F8FBFF35B8F85F82031BFF317
:10BF80005B8FB7E7164B3340002B00F002810F4B5D
:10BF9000D3F86C240192C3F86C24BFF36F8FBFF306
:10BFA0004F8F16F4806600F06E81D3F88024D3F8AA
:10BFB000803483F08003C3F3C0130593C2F3C0132E
:10BFC0000493DFF808A00024A84613E000700240A4
:10BFD000409C001070760020FCFB1F004C7002405B
:10BFE00000040001002C00F0F281072E52D0013431
:10BFF00009F120090199E14004EB8403C9070AEB28
:10C00000830308EB4412E6B2ECD5D3F80816D9F84E
:10C010001070C9B20F44C9F81070D08A014489B2B7
:10C02000D182A849D08AB9F8145061188900854294
:10C0300002914FF0010C66F07F0103914FF4E06B29
:10C040004FF0000E614607A840F2B480D18AB9F8DB
:10C050001820C3F800766D1AADB2954228BF154678
:10C06000994AC3F80456BFF35B8FD2E84F3FC2E84A
:10C0700041CF0029F9D1BFF35B8F13F0FF0F40F0E0
:10C08000ED80029BC3F800C0BFF36F8FBFF34F8FEB
:10C09000072EACD1019BDB03454601D4059B43B180
:10C0A000EB7A23B1EB88AA889A4200F271810123CE
:10C0B000AB72019B9F030BD595F82B3023B1EB8C12
:10C0C000AA8C9A4200F28881012385F82A30019BCC
:10C0D0005E030DD595F84B3033B1B5F84630B5F861
:10C0E00044209A4200F27D81012385F84A30019B69
:10C0F0001C030DD595F86B3033B1B5F86630B5F843
:10C1000064209A4200F27E81012385F86A30019B07
:10C11000D8020DD595F88B3033B1B5F88630B5F827
:10C1200084209A4200F23881012385F88A30019BED
:10C1300099020DD595F8AB3033B1B5F8A630B5F806
:10C14000A4209A4200F22D81012385F8AA30019B98
:10C150005A020DD595F8CB3033B1B5F8C630B5F8E5
:10C16000C4209A4200F22281012385F8CA30019B43
:10C170001B020ED595F8EB30002B00F0F380B5F8DC
:10C18000E630B5F8E4209A4240F2EC800720FFF751
:10C19000FBF90BB0BDE8F08FD3F81025D1053FF5C2
:10C1A0000CAE95F821211AB94FF40012C3F80823F8
:10C1B00007AF08E6D38A09939DF80C30ADF81CB0A0
:10C1C0008DF820308DF821E0FEF756F90DE70023B9
:10C1D000BFF35B8F85F82031BFF35B8F66E63B4B87
:10C1E0003B4A3C4D3C4800240127C2F81475C2F874
:10C1F0001075546094625C609C629C60DC62DC60E0
:10C200001C631C615C635C619C639C61DC63DC613E
:10C210001C6454629464C2F85841D2F80034D2F8D5
:10C2200000140B43C2F80034D2F80033C2F80833CC
:10C230002146C2F8040328464FF4927211F0FDF92A
:10C2400040234FF48072394607A82B832B818DF849
:10C250002040ADF81C20FEF70FF98CE51F4B20485D
:10C260005A680299C2F30802B2EB0E0218BF01220B
:10C27000FEF786FAB9E61B4B1B68D80789D500BEC6
:10C280000BB0BDE8F08FCDE904669AE600220523E5
:10C29000012107A88DF81C208DF81D30FEF7ECF861
:10C2A000BFE50121C2F82C150423002207A88DF850
:10C2B0001C208DF81D30FEF7DFF867057FF5AEAD69
:10C2C0009BE500BF019C00109077002004700240A5
:10C2D00000700240707600200514C00100ED00E0FF
:10C2E00075B60200F0ED00E04F4BBFF35B8F01220B
:10C2F000D3E84F1FC3E8402F0028F9D1BFF35B8F6D
:10C3000011F0FF0F32D1494BD3F8C004C70352D408
:10C3100095F80B1101F0FF07002967D04449D5F8C3
:10C320000071C3F8A077C3F8A4070A60BFF36F8F4A
:10C33000BFF34F8FD3F81035D8053FF53EAD37E743
:10C34000B5F816310993002285F81C2188234FF493
:10C35000E06238460121ADF81C20ADF82030FEF730
:10C360008BF830E5012385F8EA3012E7314B32488B
:10C370005A68C2F30802003218BF01220821FEF7F2
:10C38000FFF92A4BD3F81035DB053FF516AD0FE763
:10C390000020FFF7F9F88CE60420FFF7F5F8019B81
:10C3A000C6E60520FFF7F0F8019BD1E60620FFF76F
:10C3B000EBF8019BDCE6BFF35B8F85F82011BFF340
:10C3C0005B8FD3F81035DF053FF5F7ACF0E6049945
:10C3D00000293FF40CAE18E60120FFF7D5F8019BC9
:10C3E00076E60220FFF7D0F8019B81E6BFF35B8F72
:10C3F00085F82071BFF35B8FD3F81035D9053FF571
:10C40000DCACD5E60320FFF7BFF8019B80E6094BC3
:10C410000A485A680A49C2F30802003218BF0122CA
:10C42000FEF7AEF966E500BF90770020007002408D
:10C430004870024000ED00E0E9B6020075B6020067
:10C440004C70024030B5012885B000F09F8057D372
:10C45000022840D1BA4BD3F80435002B40F0D780E6
:10C46000B74AD2F800341C05FBD54FF40063C2F87C
:10C470000034BFF36F8FBFF34F8FB24AB24B1268D5
:10C480001B68082A00F0D780AD4BB04D80240122F4
:10C49000C3F81C45C3F80423C5F88441FDF7D8FA56
:10C4A000002840F0F880AA4D43F204044FF0804386
:10C4B0002268AA4211D0D3F80C14D3F80C24D0036C
:10C4C000F6D5CA07F4D59E4B0122C3F80425BFF365
:10C4D0006F8FBFF34F8F05B030BD04AA002102F863
:10C4E0000C1D1046FFF74EF89DF804000028E2D01E
:10C4F00010460191FFF744F8019A002AD8D0E2E7EC
:10C500008F4BD3F80025002AE5D14FF480014FF47A
:10C510000062C3F80813C3F80024BFF36F8FBFF3A2
:10C520004F8F884B1B68082B00F0B780844B01228B
:10C53000C3F80025BFF36F8FBFF34F8F43F20402A0
:10C5400003F18D5303F57723126803F2DB539A420C
:10C5500000F0CA804FF08043D3F80C24D3F80C3499
:10C56000D90301D5D207B6D443F20402784B12683E
:10C570009A4200F01881774B00221A601B680193E1
:10C580004FF08043012201991A60A4E76C4BD3F865
:10C590000025002A9FD00022C3F80425BFF36F8F27
:10C5A000BFF34F8F69498020C1F88400BFF34F8FDC
:10C5B000BFF36F8FD3F80013C3F80813C3F8002537
:10C5C000BFF36F8FBFF34F8F43F2040103F18D531D
:10C5D00003F57723096803F2DB53994200F0998051
:10C5E00001AB5D4A012111605C4A5168C1F3080149
:10C5F000003118464FF000024FF0020318BF01212E
:10C600008DF804208DF80530FDF736FF63E743F21F
:10C6100004024F4B12689A4200F0B0804FF0804302
:10C62000D3F80C24D3F80C34DB037FF519AFD5070E
:10C630007FF516AF4FE7032B0AD8494A1168002946
:10C6400040F09880474C49F27530106021601060CE
:10C650005A1E022A10D8424A1168002967D1424D59
:10C660003848394B00681B6849F2753414602960FA
:10C67000146008287FF408AF032B3FF605AF3B4951
:10C680003B4B40F2E370402208601A60BFF36F8FAB
:10C69000BFF34F8FF8E66C6005E72B4B1B685A1E03
:10C6A000022A12D82E4B1A68002A40F08E802E499A
:10C6B00049F2753203201A6008601A60214A224B41
:10C6C00012681B68082A7FF431AF032B3FF62EAFA8
:10C6D000234B1A68002A74D1224949F27532C020CE
:10C6E0001A6008601A6021E704AB002203F80C2DE1
:10C6F0001846FEF747FF9DF8041000293FF42AAFC3
:10C7000018460192FEF73CFF019B002B7FF4E3AE3D
:10C710002AE704AB03F80C2D1846FEF733FF9DF80B
:10C720000420002A3FF45DAFFEF728FF5CE70549CF
:10C73000054B0D4A08681B680021116099E700BF8E
:10C7400000700240300100103401001000E100E0F0
:10C75000DBE5B151000100400400004000ED00E0C5
:10C7600000EC064014EC064014ED06400078024050
:10C7700004780240174A0021116069E704AB0022E7
:10C7800003F80C2D1846FEF7FDFE9DF80410002955
:10C790003FF444AF18460192FEF7F2FE019B002BD6
:10C7A0007FF499AE5CE604A8002300F80C3DFEF788
:10C7B000E9FE9DF80430002B3FF4DDAEFEF7DCFE11
:10C7C00089E6044BC0221A60B0E6034B03221A60CC
:10C7D00074E700BF14EC064014ED0640F8B503788A
:10C7E00013F0010405D10678C6F3800626B1204671
:10C7F000F8BD00242046F8BD0F4605464FF0FF3136
:10C8000038460DF05DFB2A7812F001040FD12B7829
:10C810005B0704D42B7843F004032B70012400231E
:10C8200038461A4619460CF003FF2046F8BD344638
:10C83000F5E700BF70B505460E4608464FF0FF31DC
:10C840000DF03EFB2878C0F3800444B90024002397
:10C8500030461A4619460CF0EBFE204670BD2B7888
:10C8600013F00102F2D12B7862F382032B70EEE712
:10C8700010B4C378848803F00303022BC4F30A04C2
:10C8800026D019D8012B04D0002318465DF8044B9C
:10C890007047022940F2FF3208BF4FF48062A24283
:10C8A000F3D21A4B1B6813F00103EED000BE002335
:10C8B00018465DF8044B7047022914BF40234FF41B
:10C8C0008063A342EDD3012318465DF8044B704703
:10C8D00002290BD012B1B4F5007F11D0A4F10803E6
:10C8E0009BB2182B06D9402CEDD0DAE7B4F5007FC7
:10C8F000D7D1E8E7064A22FA03F3DB07D1D5E2E70E
:10C9000000244021134644710171BEE7F0ED00E0C0
:10C91000010100010A44914216D230B44C78052C32
:10C9200005D00C7821448A42F8D830BC70478C7806
:10C9300004F07F0500EB4505E4092B550C782144F4
:10C940008A42EBD830BC7047704700BF2DE9F041F8
:10C9500082B00678089DBDF82470009361F300064C
:10C960000446294600F8086B012316463A46BDF8EE
:10C970002C80FCF76DFE05B13FB90A9B6360012076
:10C98000A4F8028002B0BDE8F08104F11C0101208E
:10C990000DF028F826B903463046C4E90503ECE754
:10C9A0000023FAE710B50446406908B10DF03EFCDB
:10C9B000A06908B10DF03AFC012010BDF0B50B469E
:10C9C0000D4613F8081B83B011F0020F07461846F6
:10C9D00040F2FF130CBF3F241C461646FCF774FEC2
:10C9E000E8B9E6B126421AD12B786978DA073846D9
:10C9F00018D5FEF707F990B12B78697813F0010389
:10CA000013D000233846CDE900331A46FEF73EF92D
:10CA100030B9084B1B68DB0701D500BE00E00020E1
:10CA200003B0F0BDFDF714FFE5E738461A46FDF701
:10CA30002FFFEDE7F0ED00E070B501F1080582B0E1
:10CA4000064628460C46FCF73FFE38B1237861784D
:10CA5000DB07304605D5FEF7D5F830B9002002B027
:10CA600070BDFDF7F5FE0028F8D0284662886168A1
:10CA7000FCF754FE054690B1237862686178D807C8
:10CA800017D50023CDE9003330462B46FEF7FEF8DC
:10CA9000B0B90C4B1B68DB07E0D500BEDFE72078A0
:10CAA000617810F00104304608D1FDF7E1FE204620
:10CAB000D5E730462B46FDF7EBFEE9E7FEF7C8F871
:10CAC0002846CCE7F0ED00E02DE9F0418A890B78AB
:10CAD00082B00C460646E2B9DD07497857D5FEF725
:10CAE00091F800284FD0227863886178D20751D519
:10CAF000002B5DD0626800253046CDE90055FEF779
:10CB0000C5F800284DD1374B1B68DB073BD500BE6D
:10CB10003AE003F0020301F10808002B40460CBF85
:10CB200040274FF40077304D08BF6FF03F05FCF70A
:10CB3000E3FD874227D823786178DB07304634D578
:10CB4000FEF760F8F8B14046FCF7D6FD874233D8CF
:10CB500005EA000265882378617890B2854228BF93
:10CB60000546DA0732D5002D37D062680023CDE9BB
:10CB7000003330462B46FEF789F80028C3D02846FC
:10CB800002E0FEF765F8002002B0BDE8F081FDF795
:10CB90005FFEA6E773B162683046FDF779FE0028B4
:10CBA000B1D0608802B0BDE8F081FDF751FEC9E761
:10CBB0001A46A0E71A46EFE72078617810F00104E2
:10CBC0003046DED1FDF754FE2046DDE73DB1626818
:10CBD00030462B46FDF75CFECFE72A46C6E72A46DD
:10CBE000F6E700BFF0ED00E000FEFFFF2DE9F047A3
:10CBF0000025B2B0C0F86059044602F0D7FA7A4A6C
:10CC000001462B460AA80AF07DFC1C9A002A00F077
:10CC1000C3800DF138086FF000460027734D002ADD
:10CC200079D01378190712D440460AF043FB02204A
:10CC3000D4F860396E4A6F4900F0F6F9D4F860090B
:10CC40000028D4BF0020012032B0BDE8F087D369AE
:10CC500052699A1A01D4002AE6D0D4F86039632BBD
:10CC6000E2DC0AA901A802F0A5FA2C2101A80CF027
:10CC70001BFAB0F1000979DB04A84B46002201A998
:10CC80000CF05AFA039B09F1010201A907A80CF064
:10CC900053FA04A80CF094FB07A80CF091FB069B38
:10CCA000002B5DD0099B002B5AD029461EA80BF003
:10CCB0003DFF1EA904A80CF0B5F981461EA80BF093
:10CCC000F3FFB9F1000F55D1069B052B3DD8D4F8E1
:10CCD000600900EB400007A904EBC0000CF000F86D
:10CCE000D4F8600900EB400004EBC0000C3004A94C
:10CCF0000BF0F6FFD4F860390133C4F8603907A8A7
:10CD00000BF0D2FF04A80BF0CFFF01A80BF0CCFF73
:10CD10001C9A002A85D11D99002985D091F83130BF
:10CD20001B0781D5D1E90223D1E90001121A63EB77
:10CD300001039F4208BF9642914638BF6FF00049F9
:10CD40004A4688E7069B4B4514D9494604A80CF08F
:10CD5000A1F93038C0B2092809F10109F2D9B6E7C2
:10CD600007A80BF0A1FF04A80BF09EFF01A80BF091
:10CD70009BFFCDE7D4F8600900EB400004A904EB69
:10CD8000C0000BF0ADFFD4F8600900EB400004EBED
:10CD9000C0000C3007A9ABE71D9D002D7FF439AF13
:10CDA00002F004FA2B460146134A1EA80AF0AAFB19
:10CDB000DDE91F12219B0B910DF13808404622A995
:10CDC000CDE90C230AF032FA1C9A002A7FF423AF33
:10CDD0001D9D002D7FF41FAF0220084A054900F079
:10CDE00023F9284630E700BF5C060400D40604009F
:10CDF000C8060400BC0604006C060400A406040077
:10CE00002DE9F041D0F86039632B96B000F38580AE
:10CE1000002B04460F4690461FDD00252E4605E0F8
:10CE2000D4F86039B34205F1180516DD61193846AA
:10CE300001F024FD01360028F2D005F10C0102AD0D
:10CE4000214428460BF098FE049E28460BF02CFF48
:10CE500076B1002016B0BDE8F08102AD2846394910
:10CE60000BF064FE049E28460BF01EFF002EF0D14E
:10CE7000D4F8600900EB4000394604EBC0000BF029
:10CE80002FFFD4F8600900EB400004EBC0004146DE
:10CE90000C300BF025FFD4F860293968D8F8003041
:10CEA000009101322849C4F860290220274A00F085
:10CEB000BBF802F07BF940F201630146244A2846A0
:10CEC0000AF020FB149B93B3D4F86039002B16DDD5
:10CED00004F10C060027314628460BF0BDF92C2141
:10CEE00028460BF0D1F9A6F10C0128460BF0D0F939
:10CEF000D4F860390137BB4206F11806EBDC06A80E
:10CF00000AF0D8F9D4F86039124A0F49022000F02B
:10CF10008BF8012016B0BDE8F08164230E4A0A495F
:10CF2000012000F081F8002016B0BDE8F081159EC8
:10CF3000002EC9D10120064B084A034900F074F8BD
:10CF4000304687E78C0A0400BC06040094060400FF
:10CF50005C060400F40604007C060400D806040005
:10CF6000D1F86039002B2DE9F04180461ADD00240C
:10CF70000E461746254605E0D6F86039AB4204F167
:10CF800018040FDD3119384601F078FC013500280E
:10CF9000F2D004F10C01314440460BF0EDFD404667
:10CFA000BDE8F081034940460BF0C0FD4046BDE8B6
:10CFB000F08100BF8C0A04002DE9F041D1F86039FE
:10CFC000002B84B08046174618DD00240E46254607
:10CFD00005E0D6F86039AB4204F118040EDD3119D2
:10CFE000384601F04BFC01350028F2D004F10C0169
:10CFF00001AC314420460BF0BFFD04E001AC2046FB
:10D0000008490BF093FD0399404600290CBF3946AF
:10D0100021460BF0B1FD20460BF046FE404604B021
:10D02000BDE8F0818C0A04000CB4144B30B51B78B9
:10D030008342ABB004D22BB0BDE8304002B07047A1
:10D040002FAD2B462E9A01950C4602A8A02111F077
:10D05000DFFA5B210A480BF017F9214608480BF06C
:10D0600001F9084906480BF0FDF802A904480BF045
:10D0700021F92BB0BDE8304002B0704719610020A3
:10D08000386300200007040000B5002083B011F0D1
:10D0900071FA0DF10703181A03B05DF804FB00BF25
:10D0A00070B50C468CB005462C2120460BF0FCFFD9
:10D0B000061E70DB68463346002221460CF03CF821
:10D0C000A368721C03A821460CF036F8354906A85F
:10D0D0000BF02CFD344909A80BF028FD09AA06A97C
:10D0E00068460CF083F809A80BF0DEFD06A80BF0EB
:10D0F000DBFD059B012B20D9012408E00BF0BCFFD0
:10D1000003782D2B0CD0059B01349C4215D221466F
:10D1100003A80BF0B1FF03782B2B214603A8EDD118
:10D120002346002203A909A80CF006F809A903A8C0
:10D130000BF000FE09A80BF0B7FD1C4906A80BF088
:10D14000F5FC194909A80BF0F1FC09AA06A903A8E6
:10D150000CF04CF809A80BF0A7FD06A80BF0A4FDF5
:10D16000694609A80BF008FD114909A80BF0A6FEB5
:10D1700003A90BF077FE014628460BF0FDFC09A839
:10D180000BF092FD03A80BF08FFD68460BF08CFDB1
:10D1900028460CB070BD044928460BF0C7FC284651
:10D1A0000CB070BD840704008C0A0400BC080400A5
:10D1B000880704002DE9F04399B005460F4616464E
:10D1C00099469DF8808001F0F1FF40F2026301462C
:10D1D0002A6804A80AF096F9169B002B5CD0BB685D
:10D1E00001AC002B36D1B368002B45D13049204625
:10D1F0000BF09CFC494620460BF034FE014604A887
:10D200000BF046F820460BF04FFD2A4B2A4904A8A4
:10D21000B8F1000F08BF19460BF04CF8274920461B
:10D220000BF084FC219920460BF01CFE014604A85B
:10D230000BF02EF820460BF037FD08A80AF03AF85C
:10D2400002202B681E4A1F49FFF7EEFE012019B08D
:10D25000BDE8F0831C4920460BF068FC39462046A7
:10D260000BF000FE014604A80BF012F820460BF06C
:10D270001BFDB368002BB9D0144920460BF056FCB7
:10D28000314620460BF0EEFD014604A80BF000F8F5
:10D2900020460BF009FDA9E7179C002C9FD1012027
:10D2A0002B680B4A0749FFF7BFFE2046CFE700BFB8
:10D2B0006407040034070400280704006C07040016
:10D2C0007807040050070400540704005C070400BA
:10D2D0003C070400836C53B1187810F008000DD09F
:10D2E000D8695B69C01A48BF6FF000407047C16CD5
:10D2F000E1B191F8313013F0080000D17047D1E965
:10D300000223D1E90001121A63EB01039C460023BA
:10D310004DF804BD634593466FF0004208BF5A457F
:10D3200038BF934658465DF804BB704708467047BF
:10D33000836C1BB9C06C20B106F00ABC184608F01B
:10D34000A5BA4FF0FF307047836C23B9C06C08B1A9
:10D3500007F046BA7047184608F000BF00B5836C66
:10D3600083B08DF807104BB9C06C20B101220DF1CC
:10D37000070107F073FB03B05DF804FB18460122B8
:10D380000DF1070108F046FF03B05DF804FB00BF94
:10D3900000B5836C83B06BB9C06C98B101220DF1FC
:10D3A000070106F0B9FA01280CD19DF8070003B077
:10D3B0005DF804FB1846012200230DF1070108F077
:10D3C000D9FAF0E74FF0FF30F1E700BF836C23B9E3
:10D3D000C06C08B107F042BB7047184608F01ABF8E
:10D3E00008B50422034910F0F4FFB0FA80F04009B8
:10D3F00008BD00BF8C0704002DE9F04F8B46A849FB
:10D40000DFF8BC829FB00E46044668460BF08EFBE8
:10D41000314603A80BF08AFB0DF12409314606A81A
:10D420000BF084FB314648460BF080FB31460CA8DC
:10D430000BF07CFB0FA831460BF078FB002523682E
:10D440001B6943454DD1A36C002B00F0A9801A78CD
:10D4500011076ED5D8695B69C01A01D4002868D05D
:10D4600012A8214601F0A6FE002D40F09080314622
:10D4700015A80BF05BFB314618A80BF057FB3A21BF
:10D4800012A80BF011FEB0F1000A1DDD53462A462A
:10D490001BA812A90BF050FE1BA915A80BF04AFC03
:10D4A0001BA80BF001FC179BF3B12F4602E0179B62
:10D4B000BB4219D9394615A80BF0DEFD007810F0F3
:10D4C00043F801370028F2D118A80BF0EDFB15A89E
:10D4D0000BF0EAFB12A80BF0E7FB23681B6943453E
:10D4E000B1D020469847B9E70AF10102149B12A96E
:10D4F0001BA80BF021FE1BA918A80BF01BFC1BA8F6
:10D500000BF0D2FB18A80BF05BFF664915A80BF0D7
:10D510004FFD00285CD018A968460BF0E1FB18A865
:10D520000BF0C2FB15A80BF0BFFB12A80BF0BCFB65
:10D5300085E70FA80BF044FF119B8BB1089B002BD4
:10D5400040F08680059B002B67D001238BF82030AC
:10D5500003A958460BF0C4FBDBF80830002B66D15A
:10D5600000240FA80BF0A0FB0CA80BF09DFB484675
:10D570000BF09AFB06A80BF097FB03A80BF094FBAB
:10D5800068460BF091FB20461FB0BDE8F08F0A21E2
:10D590000FA80BF045FC12A90FA80BF01DFC99E792
:10D5A000E36C002BC5D093F831201207C1D5D3E925
:10D5B0000201D3E90023801A61EB030100236FF01D
:10D5C00000428B4208BF8242BFF448AF104645E795
:10D5D000354915A80BF0ECFC20B118A903A80BF0F5
:10D5E0007FFB9CE7314915A80BF0E2FC20B118A99C
:10D5F00006A80BF075FB92E72D4915A80BF0D8FC97
:10D6000000283BD12B4915A80BF0D2FC00283AD0BA
:10D6100018A90CA80BF064FB81E78BF82030694651
:10D6200058460BF05DFBDBF80830002B98D00E98C5
:10D630000CAB002808BF4B460BF11801184602F04E
:10D64000C7F90FA90BF10C000BF04AFB012488E786
:10D6500019491BA80BF06AFA1BA906A80BF0C0FC1D
:10D66000003018BF01208BF820001BA80BF01CFB1A
:10D670009BF82030002BD2D003A9D1E718A9484647
:10D680000BF02EFB4BE70D4915A80BF091FC002881
:10D690003FF445AF18A90FA80BF022FB01253EE788
:10D6A0008C0A0400B0070400B8070400BC0704009B
:10D6B000C0070400C8070400DC070400D407040006
:10D6C000D5D2020070B5B8B001F070FD002301465C
:10D6D000204A10A809F016FF229B002B35D000230A
:10D6E0004FF47A711C4A1D4E25931C46CDE9363302
:10D6F0001D46269124920BE009F0CEFA0422314611
:10D70000684610F066FE00B9013428A809F0D2FD81
:10D71000002214A928A809F033FE4022694670B1FE
:10D72000369B8DF800501846002BE5D1379B694693
:10D7300040221846002BE1D007F058FBDEE714A882
:10D7400009F0B8FD204638B070BD239C002CC6D12E
:10D75000F8E700BF840704000C0704008C070400EE
:10D76000F0B59BB0054603A814460E46FFF798FC9B
:10D77000059808B1A06830B9044603A80BF094FAE4
:10D7800020461BB0F0BD2E4909A80BF0CFF909A91E
:10D790000CA80BF0F1F903A90CA80BF063FB2949C5
:10D7A0000BF08CFB014606A80BF0E6F90CA80BF079
:10D7B0007BFA09A80BF078FA01F0F8FCD0F8807435
:10D7C000069ADFB14FF0000C394663460CA8ADF85D
:10D7D00030C08DF832C007F08DFFF0B1069B1A4AB9
:10D7E0001A490320FFF720FC002406A80BF05CFA7E
:10D7F00003A80BF059FA20461BB0F0BDD0F88414F2
:10D8000059B13B460CA88DF861708DF862708DF8A7
:10D81000637006F083FE0028E0D10D490CA80BF0E0
:10D8200085F9002201940092334629460CAA06A8E5
:10D83000FFF7C0FC04460CA80BF036FAD5E700BF92
:10D840008C070400AC0C040094070400500704008B
:10D850008C0A04002DE9F04F95689FB01DB9284649
:10D860001FB0BDE8F08F824604A88B460392FFF7F5
:10D8700017FC069B002B00F0978010AC5249DFF894
:10D880005481DFF854910DA80BF050F90DA92046F2
:10D890000BF072F94D4920460BF010FB04A90BF078
:10D8A000E1FA014607A80BF067F920460BF0FCF9F6
:10D8B0000DA80BF0F9F907A920460BF05DF94146D8
:10D8C00020460BF0FBFA01460AA80BF055F920465A
:10D8D0000BF0EAF90126002729E0ADF840708DF839
:10D8E000427007F007FF00283FD007A90DA80BF0F2
:10D8F00043F949460DA80BF0E1FA0A2231460546E4
:10D9000020460BF071F9214628460BF0ABFA414650
:10D910000BF0D4FA01460AA80BF0E2F920460BF00E
:10D92000C3F901360DA80BF0BFF9642E1DD001F02C
:10D930003DFC8446DDF828E0DCF8805400232046D6
:10D9400029467246002DC8D1DCF884C42B466146B6
:10D95000BCF1000F09D08DF871508DF872508DF820
:10D96000735006F0DBFD0028BFD1194920460BF0AB
:10D97000DDF8039B019301215B46524600910AA802
:10D980002146FFF717FC054620460BF08DF90AA843
:10D990000BF08AF907A80BF087F904A80BF084F9BB
:10D9A00028461FB0BDE8F08F0BF03EFD10AC0146DD
:10D9B0000A2220460BF048F9214604A80BF0BAF9D8
:10D9C00020460BF071F959E78C070400A807040002
:10D9D0008C0A0400AC0C0400880704002DE9F84F01
:10D9E0000446894616460BF01FFDDFF8A880264F37
:10D9F000DFF898A00546206803681B6998478346AE
:10DA0000C0B1206803685B699847C3B20D2BD4F896
:10DA100010C004F1080B17D00A2B15D0BCF5007FFD
:10DA2000424639464FF0010024D2194658460BF0C1
:10DA3000F7F9E0E70BF0F8FC401BB0424FF00100B3
:10DA40001FD20BF0FDFCD6E7BCF1000FD3D0083499
:10DA5000214648460BF044F920460C490BF08CF95E
:10DA6000D9F800300A4A08490320FFF7DDFA0120FF
:10DA7000BDE8F88FFFF7D8FA514658460BF07CF90D
:10DA8000B9E75846BDE8F88F100A04008C0A040074
:10DA9000C0090400C80904002DE9F04F06468DB006
:10DAA0000B46894603204D4990464D4AFFF7BCFA84
:10DAB000494630680AF0D6FB0D2130680AF0E4FBD5
:10DAC0000BF0B2FC4749074603A80BF02FF80BF008
:10DAD000ABFCC01B40455BD2142203A93046FFF7C4
:10DAE0007DFF05460028F2D0DFF818B10BF12404C1
:10DAF0005BF8041F09A80BF019F809A903A80BF09B
:10DB000091FA824609A80BF0CFF8BAF1000F27D19D
:10DB10005C45EDD1344903A80BF04AFAC8B9334942
:10DB200003A80BF045FA58B9314909A80AF0FEFFDD
:10DB300009A903A80BF076FA90B309A80BF0B4F882
:10DB4000039B00932B4A25494B460120FFF76CFAB3
:10DB5000002503A80BF0A8F828460DB0BDE8F08F0B
:10DB600096F8750096F87430441C04F00704A3423C
:10DB70002CD00C2303FB00600DEB030114300BF0E1
:10DB8000AFF886F875400BF04FFCC01B4045A3D39F
:10DB90004B46194A11490120FFF746FA0025D8E7FC
:10DBA000164906A80AF0C2FF06A903A80BF03AFA24
:10DBB000044606A80BF078F809A80BF075F8002CBD
:10DBC000BED1494603A80BF0F3F980E7039B0C4A4A
:10DBD00002490120FFF728FA79E700BF100A040084
:10DBE000080A04008C0A0400F00C04005409040024
:10DBF0005C09040074090400800904006809040039
:10DC00002C090400DC07040038B5044610460D4614
:10DC10001A46014620680AF0C3FE206803682946B8
:10DC2000DB6998474FF47A700BF00AFC03E0206838
:10DC300003685B699847206803681B699847002858
:10DC4000F5D104F1080528460F490BF095F84FF47B
:10DC5000FA620E492046FFF71FFF03E020680368C1
:10DC60005B699847206803681B6998470028F5D1CD
:10DC7000284605490BF080F820464FF4FA62044923
:10DC8000BDE83840FFF708BF8C0A040014090400FF
:10DC90001C0904004FF4FA620149FFF7FDBE00BF02
:10DCA0001C0904002DE9F04F87B007463949DFF819
:10DCB000ECB0DFF8EC90DFF8ECA068460AF036FF35
:10DCC000002269463846FFF789FE00B3324D03ACA7
:10DCD00005F1240855F8041F20460AF027FF2146C5
:10DCE00068460BF09FF9064620460AF0DDFFBEBBF2
:10DCF000A845EFD1524649460320009BFFF794F90F
:10DD0000002269463846FFF769FE0028DED197F801
:10DD1000741097F875308B421CD003AC0C26142578
:10DD200016FB0151394420460AF026FF97F874305B
:10DD30007A68013303F00703204687F8743002B194
:10DD4000904720460AF0B0FF97F8741097F87530A6
:10DD50008B42E5D168460AF0A7FF07B0BDE8F08F17
:10DD600097F8750097F87430441C04F00704A34238
:10DD700009D00C2303FB0070143069460AF0B0FF91
:10DD800087F875409CE7009B5A4649460120FFF7FB
:10DD90004BF995E78C0A0400DC0704002C09040009
:10DDA000100A0400080904002DE9F04F06468946D0
:10DDB0008FB05749032092469846564A4B46FFF784
:10DDC00033F9494630680AF04DFA0D2130680AF0FF
:10DDD0005BFA0BF029FB5049039005A80AF0A6FE58
:10DDE0000BF022FB039BC01A404559D214220DEBC5
:10DDF00002013046FFF7F2FD05460028F0D0474CFF
:10DE000004F1240B54F8041F0BA80AF08FFE0BA991
:10DE100005A80BF007F907460BA80AF045FF3FBB22
:10DE2000A345EFD13E4905A80BF0C2F8C8B93D495A
:10DE300005A80BF0BDF858B93B4908A80AF076FED2
:10DE400008A905A80BF0EEF890B308A80AF02CFF7B
:10DE5000059B0093354A2E494B460120FFF7E4F815
:10DE6000002505A80AF020FF28460FB0BDE8F08F76
:10DE700096F8750096F87430441C04F00704A34229
:10DE800039D00C2303FB006005A914300AF028FFE9
:10DE900086F875400BF0C8FA039BC01A4045A5D31D
:10DEA0004B46234A1A490120FFF7BEF80025D8E760
:10DEB00020490BA80AF03AFE0BA905A80BF0B2F80E
:10DEC00004460BA80AF0F0FE08A80AF0EDFE002CAC
:10DED000BED1494605A80BF06BF8002880D1BAF1F5
:10DEE000000F3FF47DAFDAF808305BB905A9504662
:10DEF0000AF072FF74E7059B0F4A05490120FFF7FE
:10DF000093F86DE70A2150460AF08AFFEEE700BF5A
:10DF1000100A0400080A04008C0A0400DC0704004C
:10DF2000F00C0400540904005C09040074090400A6
:10DF300080090400680904002C0904004FF4FA6207
:10DF40000149FFF7A9BD00BFF00904002DE9F04F1A
:10DF50000F4697B0164677494FF4FA620446FFF72A
:10DF60009BFD20B90546284617B0BDE8F08F7249E1
:10DF700007A80AF0DBFD07A938460BF053F8002884
:10DF800000F0B3800DF10408394640460AF0F4FD74
:10DF90000AAD07A80AF088FE019B684A302128468E
:10DFA00010F0BCF92B46664A66490320FFF73CF89F
:10DFB000294620680AF056F90D2120680AF064F914
:10DFC0000BF032FA40F6B73705460BF02DFA401B3E
:10DFD000B84206D9A7E0206803685B6998473E28E5
:10DFE00009D0206803681B6998470028F3D10120F5
:10DFF0000BF026FAE9E731462068DFF868910AF06D
:10E000002BF9206803681A211B6898470BF00CFA5B
:10E010004D49074604A80AF089FD47F22F560BF038
:10E0200003FAC31BB3424FF0320204A920466FD853
:10E03000FFF7D4FC05460028F1D0DFF82CA10AF147
:10E0400024065AF8041F07A80AF070FD07A904A8BF
:10E050000AF0E8FF834607A80AF026FEBBF1000F8E
:10E060001CD15645EDD1494604A80AF0A1FF58B984
:10E07000364904A80AF09CFF50B3049B344A314946
:10E080000120FEF7D1FF002504A80AF00DFE40464E
:10E090000AF00AFE284617B0BDE8F08F94F8750024
:10E0A00094F87430451C05F00705AB4209D00C23E9
:10E0B00003FB0040143004A90AF012FE84F87550E6
:10E0C000ABE7049B234A1F490120FEF7ADFFA4E7FD
:10E0D000214907A80AF02AFD07A904A80AF0A2FF0F
:10E0E000E8B907A80AF0E0FD97E70AAD284612490B
:10E0F0000AF01CFD394628460AF0B4FE0DF104086A
:10E10000014640460AF038FD28460AF0CDFD40E7BA
:10E11000124A0C490120FEF787FF0025B4E707A843
:10E120000AF0C2FDA9E70E4A06490120FEF77CFF6E
:10E130000025ACE7F0090400D406040090090400AF
:10E14000080A0400100A04008C0A040054090400A0
:10E15000A00904002C09040068090400B0090400A7
:10E16000C0080400F00C0400DC07040010B586B001
:10E170000B460446064A6846182110F0CFF8694657
:10E18000204640F6B832FFF787FC06B010BD00BF4E
:10E19000FC09040010B54FF4FA620B490446FFF77E
:10E1A0007BFC08B9002010BD40F6B8320749204674
:10E1B000FFF772FC0028F5D0204643F69822044968
:10E1C000BDE81040FFF768BCF00904002008040017
:10E1D000380804002DE9F043884697B017465C499B
:10E1E0004FF4FA620546FFF757FC20B90446204673
:10E1F00017B0BDE8F083574901A80AF097FC2846FC
:10E2000001AA40F6B8335449FFF7CEFD38B90024CF
:10E2100001A80AF049FD204617B0BDE8F0833A2175
:10E2200001A80AF041FF041EF1DB4A490AA80AF0DE
:10E230007DFC48490DA80AF079FC464910A80AF06F
:10E2400075FC444913A80AF071FC0025621C039B6D
:10E2500004A801A90AF070FF0AAE2C46069B1BE039
:10E2600022462C2104A80AF02FFFB0F10009B8BF04
:10E27000DDF8189022464B4604A907A80AF05CFF77
:10E2800007A930460AF056FD07A809F101040AF073
:10E290000BFD069B01350C369C4233D2042D45D034
:10E2A000214604A80AF0F6FE2228D9D101340146FD
:10E2B000224604A80AF008FFB0F1000922DB22463A
:10E2C0004B4604A907A80AF037FF07A930460AF011
:10E2D00031FD07A80AF0E8FC069B09F101049C4205
:10E2E000D8D2214604A80AF0D5FE2C28214604A83D
:10E2F00003D00AF0CFFE2028CBD1069B0134A342E5
:10E30000EFD8C7E704A80AF0CFFC022DD8BF00243D
:10E310000FDC13A80AF0C8FC10A80AF0C5FC0DA871
:10E320000AF0C2FC0AA80AF0BFFC71E704A80AF0D0
:10E33000BBFC0DA80BF070F8C8F8000010A80BF09B
:10E340006BF800283860D4BF00240124E1E700BF47
:10E35000F00904008C0A0400E40904002DE9F04FE0
:10E360000E469BB000F10C097F4905460AF0DEFB22
:10E370007D4948460AF0DAFB05F1180A05F1240345
:10E380001C467949039350460AF0D0FB2046764953
:10E390000AF0CCFB75490BA80AF0C8FB0BA9304664
:10E3A0000AF0A4FE04460BA80AF07EFC002CC0F282
:10E3B000C38022460A2130460AF086FE031E0193DE
:10E3C0002246BCBFB36801933A2130460AF07CFE76
:10E3D0000BACDFF8948102901AAFA3465846414631
:10E3E0000BF10C0B0AF0A2FB5F45F7D1029A019BDF
:10E3F000013205A831464FF000080AF09DFEC346E1
:10E40000079B1AE05A462C2105A80AF05DFE071E5C
:10E41000B8BF079F5A463B4605A908A80AF08CFEDC
:10E4200008A920460AF086FC08A807F1010B0AF0AB
:10E430003BFC079B08F101080C345B4535D9B8F16A
:10E44000050F53D0594605A80AF024FE2228D9D139
:10E450000BF1010B01465A4605A80AF035FE071ECE
:10E4600023DB5A463B4605A908A80AF065FE08A921
:10E4700020460AF05FFC08A80AF016FC079B07F18B
:10E48000010B5B45D6D9594605A80AF003FE2C2896
:10E49000594605A803D00AF0FDFD2028C9D1079BE5
:10E4A0000BF1010B5B45EED8C4E705A80AF0FCFBB5
:10E4B000B8F1030F1DDC43462D4A2E490120FEF71B
:10E4C000B3FD0EAC14AF17A80AF0EEFB38460AF005
:10E4D000EBFB11A80AF0E8FB20460AF0E5FB0BA8CD
:10E4E0000AF0E2FB28461BB0BDE8F08F05A80AF051
:10E4F000DBFB0BA928460EAC0AF0F2FB14AF214659
:10E5000048460AF0EDFB504639460AF0E9FBB3688D
:10E51000019A9342D7DD0132314608A80AF00CFE79
:10E52000039E08A930460AF005FC08A80AF0BCFBC7
:10E5300030460AF045FFC6E70F490BA80AF0F6FA85
:10E540000BA930460AF0D2FD04460BA80AF0ACFB3A
:10E55000002CBFF62EAF094A06490120FEF764FDE4
:10E5600028461BB0BDE8F08F8C0A04006008040048
:10E570008C080400100A04006808040070080400F5
:10E58000F0B50F4697B0154625494FF4FA62064696
:10E59000FFF782FA18B90446204617B0F0BD3B4693
:10E5A000204A182104A80FF0B9FE1F4901A80AF05B
:10E5B000BDFA04A9304601AA41F28833FFF7F4FB03
:10E5C000044628B901A80AF06FFB204617B0F0BD39
:10E5D0000AA801A9FFF7C2FE0AA928460AF0AAFB69
:10E5E0000DA905F10C000AF0A5FB10A905F1180012
:10E5F0000AF0A0FB13A905F124000AF09BFB13A865
:10E600000AF052FB10A80AF04FFB0DA80AF04CFBD1
:10E610000AA80AF049FBEC6A003418BF0124D1E7CC
:10E62000F0090400DC0804008C0A040070B58EB008
:10E63000012306460D46204A182106A80FF06EFE5B
:10E6400006A94FF4FA623046FFF726FA1B4903A8E1
:10E650000AF06CFA03A928460AF0E4FCD0B16C4633
:10E66000294620460AF088FA03A80AF01DFB009B01
:10E67000134A202106A80FF051FE06A941F2883264
:10E680003046FFF709FA054620460AF00DFB2846FA
:10E690000EB070BD094906A80AF048FA294606A836
:10E6A0000AF0E0FB6C46014620460AF065FA06A82F
:10E6B0000AF0FAFAD8E700BFF4080400D406040010
:10E6C0000009040041F288320149FFF7E5B900BFB3
:10E6D0002009040040F6B8320149FFF7DDB900BF58
:10E6E000240904004FF4FA620149FFF7D5B900BFCD
:10E6F000D008040010B586B00B460446064A6846AA
:10E7000018210FF00BFE694620464FF4FA62FFF71E
:10E71000C3F906B010BD00BFE808040010B586B00C
:10E720000B460446064A684618210FF0F7FD694675
:10E7300020464FF4FA62FFF7AFF906B010BD00BFF4
:10E740000408040010B586B004461B4968460AF068
:10E75000EDF920466A4640F6B8331849FFF724FB26
:10E7600030B3174903A80AF0E1F903A968460AF093
:10E77000BDFC044603A80AF097FA002C18DB2246D9
:10E780002C2168460AF0A0FC031E11DB621D6946BD
:10E7900003A80AF0D1FC03A80AF03EFE044603A831
:10E7A0000AF082FA68460AF07FFA204606B010BDE9
:10E7B0004FF0FF34F6E700BF8C0A0400B0080400F5
:10E7C000B808040010B584B004460C4901A80AF04A
:10E7D000ADF9204601AA41F288330949FFF7E4FA6E
:10E7E000044628B1019B074A07490220FEF71CFC9A
:10E7F00001A80AF059FA204604B010BD8C0A0400A2
:10E800004408040050080400100A040030B585B024
:10E810000D460446174901A80AF088F9284601AABE
:10E8200040F6B8331449FFF7BFFAC0B1222101A85E
:10E830000AF03AFC002812DB451C2A46222101A8D6
:10E840000AF042FC031E0ADB2A4601A920460AF010
:10E8500073FC01A80AF028FA204605B030BD05492E
:10E8600020460AF063F901A80AF01EFA204605B016
:10E8700030BD00BF8C0A04001408040070B50646C1
:10E8800086B00D46684638490AF050F9B1686846C6
:10E890000AF012FAB3686BB10024214630460AF040
:10E8A000F9FBA0F13003DBB2092B29D9B36801349D
:10E8B000A342F2D82C4903A80AF038F903A8A968A2
:10E8C0000AF0FAF9AB686BB10024214628460AF039
:10E8D000E1FBA0F13003DBB2092B1AD9AB6801349C
:10E8E000A342F2D8029B0BB1059BDBB9002403A81D
:10E8F0000AF0DAF968460AF0D7F9204606B070BD8A
:10E90000014668460AF08CFAB3680134A342C4D8C1
:10E91000D0E7014603A80AF083FAAB680134A342AA
:10E92000D3D8DFE703A968460AF026FB78B9029B33
:10E93000059A0A2B0DD00A2AD8D10A2BD6D903A9B9
:10E9400068460AF083FB041C18BF0124CFE70124AA
:10E95000CDE70A2ACAD9694603A80AF077FB041C46
:10E9600018BF0124C3E700BF8C0A0400704700BF32
:10E9700090F820302DE9F0474669002B14BF4FF086
:10E9800015094FF02209002E02D10C20BDE8F087B6
:10E990003DDD4FF0000800F10C054446A6EB040AEB
:10E9A000CA45D4BFA24404EB090AB24509DB08F109
:10E9B000010808EB88084FEA480808F10200BDE8A2
:10E9C000F087544521DA574602E0013FBC421CD093
:10E9D000394628460AF05EFB2028F6D1B742E6DA2F
:10E9E0003C4602E00134B442E1D0214628460AF018
:10E9F00051FB2028F6D0B44208F1010809DAB8F139
:10EA0000280FCBD14FF4C970C0E75446EDE7022080
:10EA1000BCE70A2000FB08F808F10200B6E700BFD7
:10EA200010B50C480C4C02F039FDF02211460023C1
:10EA3000204604F01FFD2046032104F0C1FC2046BF
:10EA4000002103F071F82046012103F047FD002367
:10EA5000E37610BDF0770020A07700200021014868
:10EA600003F062B8A077002038B50F4C05460021AE
:10EA7000204603F059F82046022103F02FFD0B4AEF
:10EA80000B4B0C4962612046236109F0EBFB2946E0
:10EA9000094B2361204609F0E5FB20460121BDE832
:10EAA000384003F01BBD00BFA0770020E007E0075F
:10EAB0000A006400C00A04000A00780070B52B4CFC
:10EAC00088B000250C232A4620462946009301954C
:10EAD000F02304F0C1F92046012103F0FFFC244B90
:10EAE00024491E88E6824FF002132A4605A82361B6
:10EAF0001823A6820AF020FB05A9204609F0ACFBEA
:10EB000005A80AF0D1F8FEF7BFFA830A402B2AD8ED
:10EB1000202B4FF6E07598BF4FF47845164A02A8AF
:10EB20000C210FF0FBFB02A905A809F0FFFF079BD2
:10EB30000E48E582A3EB83035B00EE33022205A9B6
:10EB400023826282A58209F087FB05A80AF0ACF84F
:10EB50004FF6FF7300930B22F0230021034804F0CB
:10EB600089F808B070BD4FF4FC65D7E7A0770020A6
:10EB70001A61002094770020A00A04000EB410B59A
:10EB800093B015AB044653F8042B019302A840211F
:10EB90000FF03EFD02A909480AF0EEF8084B094AB9
:10EBA00009491C80022002ABFEF73EFAFFF786FF00
:10EBB00013B0BDE8104003B0704700BF9477002049
:10EBC0001A610020A0060400CC0A0400042070474B
:10EBD0002DE9F04F674F8DB04FF0450C00240291A6
:10EBE0001E462146F023CDF800C082461546384621
:10EBF0000C22019404F030F90121384603F06EFC38
:10EC0000B3685D496FF0F822C7E90412002B00F0E9
:10EC100092805A4906A809F089FF314606A80AF0F1
:10EC200021F90DF124080146404609F0A5FF4146AF
:10EC3000384609F011FB40460AF036F806A80AF0FB
:10EC400033F841F28C334E4A5AF80330082104A8B5
:10EC50000FF064FB04A9404609F068FF0B9B454890
:10EC6000A3EB83035B00EB3311226FF0F8243B82AC
:10EC700041467A827C6109F0EFFA40460AF014F8C6
:10EC8000C5EB4533C5EB83035B0005F599599BB292
:10EC900009F104090AF59C5B1A330393D1440BF183
:10ECA0000C0B1B26DBF800309D423CDA029B19F866
:10ECB000014B9D424DD004EB440424014FF0FF3C36
:10ECC00004F10C010A23514406A80022C7F814C01D
:10ECD0000AF032FA089B0B2B06D8202106A80AF06E
:10ECE0009FF8089B0B2BF8D904F1180151448B684D
:10ECF000E3B1404609F040FF414606A80AF06CF82F
:10ED0000404609F0D1FF052306A97E823B821948BF
:10ED10000A3609F0A1FAB6B206A809F0C5FF432EDB
:10ED200005F10105BED10DB0BDE8F08F1549404693
:10ED300009F0FCFEE0E70DF124084046124909F015
:10ED4000F5FE4146384609F087FA404609F0ACFF27
:10ED500077E7039B074805EB850203EB42021F217F
:10ED60000A23CDE9003112B2EC23022104F074F839
:10ED7000A1E700BFA077002005001100840A04006D
:10ED8000A80804009C0A0400900A0400002970B539
:10ED90000EDD01EBC101044600EB81060025204693
:10EDA000FFF7E6FD2434A6420544F8D1284670BD9D
:10EDB0000025284670BD00BF2DE9F04F93B0002517
:10EDC0008B260D90144606935122F0237A48019524
:10EDD0008B460096294604F03FF80121764803F05F
:10EDE0007DFB754B0B93AC4240F3E18004EBC40414
:10EDF0000BEB840307930FAB03950A935846FFF779
:10EE0000B7FD039B059003F16507069BFF1ADB2FF7
:10EE100066DC03463B44652B62DD9BF82030DBF863
:10EE20001440002B0CBF022350230C930CBF222054
:10EE300015204FF6FF7318BF4FF4FC63002C4BD026
:10EE40000B9AD382938247DD07F59A734FF0000A3D
:10EE50000BF10C05A7F15C08CDE9087B814657460C
:10EE600004959A46E61B4E45D4BFBE1907EB09062A
:10EE7000B44261DCB8F17F0F2CD83A46DDF828B0F7
:10EE80000B9FBDF830E0A7F810E008F15C0CA7F884
:10EE900012C03346049958460AF04EF9594646487E
:10EEA00009F0DAF9584609F0FFFE3746BC4211DD99
:10EEB000049D02E00137BC420CD0394628460AF0D6
:10EEC000E9F82028F6D0BC42049503DD08F10A08D1
:10EED000D045C7D1DDE9087BA7F16503762B47D97B
:10EEE000039B059A13440393079B0BF1240B5B458B
:10EEF00084D100241423214600935122F0232E486C
:10EF0000019403F0A9FF0D990B988B682B4A0261BD
:10EF10006FF01F124261002B43D129490A9809F072
:10EF200005FE0A9C2448214609F096F9204609F07E
:10EF3000BBFE13B0BDE8F08FBE4213DDB346049DA7
:10EF400003E00BF1FF3BBB450BD0594628460AF0C6
:10EF5000A1F82028F5D1B8F17F0F04952AD95F4692
:10EF6000A4E70495B8F17F0F87D93746049DA4E73D
:10EF70000A9D0BF11801284600F0C2FE119B0B9A66
:10EF8000A3EB83035B00EE336FF0F820506129465A
:10EF900057821382084809F05FF9284609F084FE79
:10EFA0009EE7224619230A980AF0C6F8B9E70FAB84
:10EFB0000A939EE75E4660E7A077002005005600B2
:10EFC000A80A040070B51B4C86B000231422054625
:10EFD0000193204600920E46DC221946F02303F0EE
:10EFE0003BFF2046012103F079FAAB6812496FF02C
:10EFF000F822C4E90412232B03AC2946204615DD70
:10F00000A3F123020AF098F80C490A4809F02AF9FA
:10F010002146084809F020F91EB15F21054809F092
:10F0200033F9204609F040FE06B070BD09F0A4FD9A
:10F03000EAE700BFA07700200500E100800A040095
:10F0400000B583B0B8B145234FF47842CDE9003222
:10F050000021F0230C220E4802F016FC00239F2210
:10F06000CDE900230021F0235122094802F00CFCD5
:10F0700003B05DF804FB45230190014600930C2288
:10F08000F023034802F000FC4FF47843E7E700BFA9
:10F09000A077002070B5134C134E1449144D82B064
:10F0A0000223009320460923062202F0C5F9052316
:10F0B000009321460A230F4C30460B2204F0C0F97E
:10F0C0002A460D4930460DF0E9FB20460B4909F070
:10F0D0002DFD0B492A46204602B0BDE870400DF0D8
:10F0E000DDBB00BFF0770020A07700200030024099
:10F0F00000600020947700206DE90200740A04008B
:10F10000A98C0300704700BF30B5224D224C8DB052
:10F11000284602F0C3F940F20D12204B05950493E6
:10F12000ADF80C2003AB93E8070006AB83E80700BB
:10F1300009AB83E8070004F28C450ECB284608F0A3
:10F14000CDFA94F89F24C4F888543AB1144A15496A
:10F150000120FDF769FF00200DB030BD01230092B2
:10F1600029461A46204608F049F938B10E4A0D4999
:10F170000220FDF759FF01200DB030BD009003467D
:10F18000D4F888142046012208F038F90028EDD17F
:10F19000DCE700BFA87C00200478002000093D00C7
:10F1A000E00A0400DC0A0400D40A040000487047A6
:10F1B000047800202DE9F04B0C4682B03449354DDF
:10F1C000DFF8D480814609F0B1FC6FF000460027DB
:10F1D00022681369AB422BD1A06C00283CD0037885
:10F1E000190703D4484602B0BDE8F08BC3694169F2
:10F1F0005B1A21D4002BF5D023685B69434542D1CB
:10F20000A06CE0B9E06C10B301220DF1070104F02D
:10F2100083FB01281BD19DF807100A29E2D00D2994
:10F22000D6D0484609F0FCFD22681369AB42D3D022
:10F23000204698470346DDE75369434523D1002321
:10F2400001220DF1070106F095FB0128E3D0FF2113
:10F25000484609F0E5FDE7E7E36C002BC2D093F8E0
:10F2600031201207BED5D3E90201D3E90023801A69
:10F2700061EB03018F4208BF8642834638BF6FF0BF
:10F28000004B5B46B6E720469847C1B2C5E700BFD2
:10F290008C0A0400D5D2020091D3020030B583B0AD
:10F2A0000E2300930F220C231749184802F0C4F8CC
:10F2B000174B1848184A1949C3F890044FF4807442
:10F2C0004FF42855A3F8944418460024A3F89E54FC
:10F2D000C3F88044C3F88444C3F88844C3F88C441A
:10F2E000C3F8984483F89C4483F89D4483F8A04471
:10F2F00083F8A14483F8A24483F8A34403B0BDE893
:10F3000030400DF0CBBA00BF00F00240A87C0020D6
:10F310000478002000093D000060002005F1020093
:10F320002DE9F04FC5B08046FFF740FF00230146AE
:10F330005E4A1CA808F0E6F82E9B002B00F08780A0
:10F3400000234FF47A715A4A5A4E319341F288376A
:10F350004293439332913092B9460BE00CAC214674
:10F36000402207F099FC2046FEF73AF8D8B934A8B5
:10F3700007F0A0FF002220A934A808F001F860B32C
:10F38000429800238DF830300028E7D143980CAC28
:10F390000028E8D02146402205F028FD2046FEF74F
:10F3A0001FF80028E3D0314603A809F0BFFB31461F
:10F3B00006A809F0BBFB002403A930A80994ADF806
:10F3C00028408DF82C40FEF717F860B906A809F020
:10F3D0006BFC03A809F068FCC9E720A807F06AFFE6
:10F3E00045B0BDE8F08FD8F80050EB59A34205EBCB
:10F3F000070B04DC3AE0DBF80030A3422CDD2946A1
:10F4000003A8FFF73BFAAA46013430350028F2D0B2
:10F41000BAF82C300999DAF8242001339142AAF87D
:10F420002C30D3D3BDF82830CAF82410AAF82830DD
:10F4300068461A23002206A909F07EFE69460AF1F1
:10F44000180009F077FC684609F02EFCBEE72F9BF8
:10F45000002B7FF475AFC3E7D8F8005055F809309A
:10F46000632BB3DC05F59C5B0BF1080B03EB43044A
:10F470002401013305EB040ACBF8003003A9504600
:10F480000C3409F02DFC254403AA6846D8F8041072
:10F49000FDF792FD6946284609F04CFC684609F0E4
:10F4A00003FC0023AAF82C30B2E700BF8407040055
:10F4B0000C0704008C0A04002DE9F043C3B0064693
:10F4C000FFF774FE002301465B4A1AA808F01AF8F9
:10F4D0002C9B002B00F08E8000244FF47A72574B47
:10F4E000574D2F944094419430922E930AE040223D
:10F4F0000AA907F0D1FB0AA8FDF772FFC8B932A824
:10F5000007F0D8FE00221EA932A807F039FF48B341
:10F5100040988DF828400028E9D141980028EAD089
:10F5200040220AA905F062FC0AA8FDF759FF00284D
:10F53000E5D0294601A809F0F9FA294604A809F0FE
:10F54000F5FA01A92EA80794ADF820408DF82440C3
:10F55000FDF752FF60B904A809F0A6FB01A809F065
:10F56000A3FBCCE71EA807F0A5FE43B0BDE8F083DF
:10F57000316801A8FFF782F90028ECD0D6E9012113
:10F58000D1F800C01368F1686345D1F8009036DB0C
:10F59000BCF1010FD9F818704CDD09F124030021EA
:10F5A00001229869B84201EBC10E38BF114602F141
:10F5B0000102984634BF074609EB8E08944503F1D3
:10F5C0002403EED1079BBB42C5D901A9404609F0EF
:10F5D00087FB04A908F10C0009F082FB0798C8F822
:10F5E0001800BDF820209DF8243088F82030A8F8B5
:10F5F0001C20B0E72D9B002B7FF46EAFB5E703EB2B
:10F60000C30109EB81090133136001A9484609F0E0
:10F6100067FB04A909F10C0009F062FB0798C9F81F
:10F620001800BDF820209DF8243089F82030A9F872
:10F630001C2090E7C846C5E7840704000C070400B7
:10F640008C0A040041F288332DE9F04F0027C7509F
:10F65000D1F86039BB4287B00446884633DD00F5F7
:10F660009C5A3B46BB460AF1080A0E4603E0DAF80C
:10F670000030632B27DC03EB43052D01013304EB42
:10F680000509CAF800303146484609F029FB05F162
:10F690000C0006F10C01204409F022FB05F11800D2
:10F6A0005549204409F068FBA9F82CB0D8F8603916
:10F6B000C9F824B001374FF000019F42A9F8281083
:10F6C00006F11806D3DB03A8CDE90348FFF728FEAF
:10F6D00041F28833E158002931DD04F5955E0EF1E1
:10F6E0001F0E7246002302F8013F01338B42FAD10C
:10F6F000012B24DD414D04F596569E442D1B3746C3
:10F7000017F801CF0CEB4C0204EB02123B46D2F887
:10F71000248013F8011C01EB410204EB0212E818EB
:10F72000526A424504D203F801199E42F1D10020E9
:10F73000204400F59650774580F800C0E0D104F5EC
:10F740009C5510352946284609F0CAFA29466846CC
:10F7500009F012FA684609F025FE41F2883341F2B9
:10F760008C36E15800239942A3512FDDDFF89880B1
:10F770002644A8EB040804F5965541F224370BE023
:10F7800033685A1C326023442A78DA5508EB0503A3
:10F790008B4205F1010519DA029B002BF0D0297884
:10F7A000302303FB01410C3103A809F0E5F903A85C
:10F7B00009F0F8FD694603A809F034FCA0B103A8DC
:10F7C00009F072FA41F28833E158D9E7684609F046
:10F7D0006BFA41F288330A4AE3580A490220FDF7DE
:10F7E00023FC07B0BDE8F08F03A809F05DFA41F2F1
:10F7F0008833E158CAE700BF8C0A040040EDFFFFE0
:10F800000C0B0400200B040041EDFFFF2DE9F0413B
:10F81000054600F59C5086B00C46103009F060FAA1
:10F820002146684609F0A8F9684609F0BBFD41F297
:10F83000883341F28C36E95800239942AB512FDDD1
:10F84000DFF878802E44A8EB050805F5965441F2C0
:10F8500024370BE033685A1C32602B442278DA5587
:10F8600008EB04038B4204F1010419DA029B002B1C
:10F87000F0D02178302303FB01510C3103A809F0AB
:10F880007BF903A809F08EFD694603A809F0CAFBBD
:10F8900060B103A809F008FA41F28833E958D9E7C2
:10F8A000684609F001FA06B0BDE8F08103A809F046
:10F8B000FBF941F28833E958D2E700BF41EDFFFF81
:10F8C0002DE9F04F93B0002304460590079106926E
:10F8D00008A906AA089309A807AB0C930994CDE9D7
:10F8E0000A12FFF7E9FD089B012B61DD01232422A9
:10F8F000CDE903320DF13C0ADDE903340293079DA3
:10F90000A4F1240B2C445D44A369AA699A4209A876
:10F91000A14604F10C07294605F10C0805F118066B
:10F920003DD909F051F941460CA809F04DF996E886
:10F93000030095F820308DF844308AE80300214612
:10F94000284609F0F7F93946404609F0F3F959F825
:10F95000183FAB61B9F8042094F82030B28009A9AF
:10F9600085F82030204609F0E5F90CA9384609F061
:10F97000E1F9DAF80000A0619DF84430BAF80420FB
:10F98000A9F804200CA884F8203009F08DF909A802
:10F9900009F08AF9029B013B5C460293AFD1039ABE
:10F9A0000499089B01322431934203920491A3DC11
:10F9B000059A0549126800920220044AFDF734FBBB
:10F9C000089813B0BDE8F08F200B0400F80A04007B
:10F9D0002DE9F04F0E468FB02C21044609F064FB50
:10F9E000051EC0F2A68002A82B460022214609F07F
:10F9F000A3FBA3686A1C05A8214609F09DFB079B91
:10FA0000012B88BF012733D800252F2102A809F038
:10FA10004BFB2F21834602A809F07AFB3A2182464C
:10FA200005A809F041FB3A21074605A809F070FB3B
:10FA3000BBF1000F804601DBD3457FDB2368AA4A78
:10FA4000AA490320FDF7F0FA002405A809F02CF9D3
:10FA500002A809F029F920460FB0BDE8F08F09F09F
:10FA60000BFB03782D2B0CD0079B01379F42CBD289
:10FA7000394605A809F000FB03782B2B394605A869
:10FA8000EDD1002FC0DD079B08A83A4605A909F073
:10FA900053FB0A9B012B40F20F813A2108A809F081
:10FAA00003FB0028C0F20C81002108A809F0F2FA3B
:10FAB0004FF6FF752D284FF03A0108A80CBFAA4653
:10FAC0004FF0010A09F0F0FA0DF12C08034601226B
:10FAD00008A90546404609F02FFB404609F09CFC6A
:10FAE0008146404609F0E0F86A1C0A9B08A9404696
:10FAF00009F022FB404609F08FFCC9EB09190546C5
:10FB0000404605EB890509F0CFF815FB0AF52DB243
:10FB100008A809F0C9F83B46002205A9404609F0AB
:10FB20000BFB414605A809F005F9404609F0BCF871
:10FB30006BE7002420460FB0BDE8F08F002FFFF6E2
:10FB40007DAF8742BFF67AAF5B46002202A90BA8C1
:10FB500009F0F2FA0BA809F05FFC81460BA809F046
:10FB6000A3F853460BF1010202A90BA809F0E4FA2D
:10FB70000BA809F051FC83460BA809F095F80AF18F
:10FB80000102049B02A90BA809F0D6FA0BA809F000
:10FB900043FC82460BA809F087F83B46002205A9E2
:10FBA0000BA809F0C9FA0BA809F036FC01900BA8C4
:10FBB00009F07AF843467A1C05A90BA809F0BCFAAB
:10FBC0000BA809F029FC07460BA809F06DF808F10D
:10FBD0000102079B05A90BA809F0AEFA0BA809F0D2
:10FBE0001BFC80460BA809F05FF8B9F1630F07DC36
:10FBF000B9F1450F40F26C73D8BF4FF4FA639944E2
:10FC00000BF1FF330B2B64D80AF1FF3ABAF11E0F48
:10FC10005FD8019B172B5CDC3B2F5ADCB8F13B0F04
:10FC200057DCB9F5FA6F54DB5FFA8BF3304A314990
:10FC3000022B98BFA9F101094FF4C87399FBF3F3A4
:10FC400002FB03994FEA9902BBF1020F40F26D10DB
:10FC500000FB0920CCBF6FF00202092282449344CA
:10FC60009922642002FB0BF2B9FBF0F9AAEB090020
:10FC700002320524B2FBF4F2024401FB0323A3F594
:10FC800032236FF4A7621344002B2ADB01981A4930
:10FC90004FF4616202FB00F201FB03233C2202FBF2
:10FCA0000737B8444FF6C47315FB0383002B18DDE8
:10FCB0003360B5800124C8E600250DF12C0827E744
:10FCC00008A809F0A9FBC0EB001005B20DF12C0843
:10FCD0001EE72368094A05490320FDF7A5F900241A
:10FCE000B3E60024B1E600BF340B0400440B04006B
:10FCF00070FEFFFFB13A0200805101004C0B04007E
:10FD000070B50D6884B004461DB38A88144915483F
:10FD1000154B3C2612FB0652A1FB0251090C00FBBD
:10FD20001121A3FB0123DB0A4FF461600F4D104A40
:10FD300000FB1311A5FB01014909009102A806214E
:10FD40000EF0ECFA02A9204608F0F0FE204604B0BE
:10FD500070BD084908F0EAFE204604B070BD00BF3F
:10FD600007452EC280510100C5B3A29189888888B9
:10FD7000280B04008C0A040070B5064600F1140537
:10FD800000F174040C3C204608F08EFFA542F9D126
:10FD900006F1080008F088FF304670BD38B505460A
:10FDA00000F51664183C04F10C0008F07DFF2046B5
:10FDB00008F07AFFA542F5D1284638BD38B505468A
:10FDC00000F59C50103008F06FFF05F59654303C5C
:10FDD00004F1180008F068FF04F10C0008F064FF5B
:10FDE000204608F061FFA542F1D1284638BD00BF8A
:10FDF00038B5074CA4F5876504F10C0008F054FFF2
:10FE00002046243C08F050FFAC42F5D138BD00BF7D
:10FE1000DC80002038B5174A41F28C33D458ECB15D
:10FE2000154D2B68002B20DBA34220DA2B60FEF758
:10FE3000CDFE12492A680B689342A8BF1346C51825
:10FE4000AA42A4BF131A0133002B0CDB241A002C86
:10FE500009DD9C42A8BF1C460C6038BD074A064B12
:10FE600014601C6038BD0024F6E70023DEE7631E43
:10FE7000DCE700BFA0810020B09E0020B89E0020DB
:10FE80002DE9F0472F4B82689B682F4E9A4284B031
:10FE9000044604D841F28C33F358002B43DC01AD07
:10FEA00028462A492A4F08F041FE21462548DFF816
:10FEB000A88008F015FF09F0B7FA264B2149186011
:10FEC0002148FFF7A3FC039B0024C8F800403C60D6
:10FED000D3B141F28C33F358A34215DDDFF87CA097
:10FEE0000AF1690904E0D9F800300134A3420BDDBE
:10FEF0001AF8010F00EB400006EB00102946FEF750
:10FF0000BDFC0028EFD03C60FFF784FFD8F800204C
:10FF100039680C4B0C48FEF75BFE284608F0C4FE1F
:10FF200004B0BDE8F0870A4F3B6841F22432334405
:10FF300001AD995C01EB410106EB0111284608F087
:10FF40001BFEB2E788810020A08100208C0A0400FB
:10FF5000B09E002000810020B89E0020C3940020A5
:10FF6000836803B9704730B5044687B003A82246BA
:10FF70001449FCF7F5FF059D03A808F095FEDDB9CF
:10FF8000A3686D46032B284618D91A1F214609F08D
:10FF9000D3F80D4903A808F0C9FD294603A808F0C5
:10FFA00061FF214602460748FCF72AFF03A808F034
:10FFB0007BFE284608F078FE07B030BD214608F0E9
:10FFC000DBFDE6E73C950020600B04002DE9F043E3
:10FFD00041F28C33284EF358002B85B043DDDFF817
:10FFE000B080D8F8003041F22432334401AF995C3C
:10FFF00001EB410106EB0111384608F0BDFD1F4938
:020000023000CC
:100000001D48FFF71FFB039B0024C8F80040D3B135
:1000100041F28C33F358A34215DD194D05F16909FE
:1000200004E0D9F800300134A3420CDD15F8010FCB
:1000300000EB400006EB00103946FEF71FFC0028DD
:10004000EFD0C8F80040FFF7E5FE0E4BD8F80010DF
:100050001A6809480C4BFEF7BBFD384608F024FE31
:1000600005B0BDE8F08301AF38460849DFF82080CD
:1000700008F05CFDC3E700BFA08100203C95002094
:10008000C3940020B89E0020888100208C0A0400C0
:10009000B09E002010B51D491D481E4C1E22FFF7C2
:1000A0000FFC1D4B20601B7801461848B3B1FEF7CA
:1000B0006DFE1A4AA0F1770323EAE3731360226806
:1000C00012491748FEF778FE164B1B78012B12D009
:1000D00000211548BDE81040FEF774BFFEF756FE3C
:1000E0000E4AA0F17703106823EAE3738342A8BFA6
:1000F00003461360E3E7064B0B489968003118BFCD
:100100000121BDE81040FEF75DBF00BFC87C0020A4
:10011000BC7C0020048100201D610020AC9E0020DA
:10012000A09E00200C810020948100202DE9F04346
:10013000AE4997B0044608F03BFF002850D1AC49C7
:1001400005460AA808F0F2FC0AA9204608F06AFF52
:1001500006460AA808F0A8FD8EB32221204608F022
:10016000A3FF471C06463A462221204608F0ACFF72
:10017000002E21DB86421FDA03463A46214604A8B8
:1001800008F0DAFF04AA9B490AA8FCF715FF0E2322
:100190002A4607A80AA908F0CFFF079A96494FF602
:1001A000E070FEF7EBFC07A808F07EFD0AA808F057
:1001B0007BFD04A808F078FD17B0BDE8F0838F49F7
:1001C000204608F0F5FEB0B18D4B8E4A8E490024D2
:1001D00040F2FF701C70FEF7D1FC17B0BDE8F08351
:1001E000874B8A4901224FF6E0701A70FEF7C6FC71
:1001F00017B0BDE8F08386490AA808F097FC0AA961
:10020000204608F00FFF18B10AA808F04DFDDBE703
:100210008049204608F0CCFE0028F5D17E492046D2
:1002200008F0C6FE0028EFD10AA808F03DFD7B4982
:100230000AA808F07BFC0AA9204608F0F3FE054650
:100240000AA808F031FD002DB6D02C21204608F078
:100250005FFF0028B0DB421CA368214601A808F01C
:100260006BFF01A809F0D8F86D4904464FF6E0701D
:10027000FEF784FC6B490AA808F058FC69490DA8F0
:1002800008F054FC674910A808F050FC654913A811
:1002900008F04CFC0AAAE1B26348FEF771F9A0B974
:1002A00062494FF47840FEF769FC13A808F0FCFCA3
:1002B00010A808F0F9FC0DA808F0F6FC0AA808F050
:1002C000F3FC01A808F0F0FC76E70DA8FFF748FE64
:1002D00013AA10A90DA8FDF743FA28B954494FF401
:1002E0007840FEF74BFCE0E7524F41F28C33FB586D
:1002F000002B5BDDDFF85881D8F8003041F2243262
:100300003B4407AD995C01EB410107EB0111284625
:1003100008F032FC37494748FFF794F9099B00245D
:10032000C8F80040D3B141F28C33FB58A34215DD2D
:10033000414E06F1690904E0D9F800300134A342C6
:100340000CDD16F8010F00EB400007EB001029460A
:10035000FEF794FA0028EFD0C8F80040FFF75AFDE6
:10036000364BD8F800101A683248354B354CFEF73A
:100370002FFC284608F098FCA368FBB904A80DAA36
:100380001C49FCF719FE0C2304A92846002208F09A
:10039000D3FE079A2C494FF4FC60FEF7EFFB28468A
:1003A00008F082FC04A808F07FFC7EE707AD284631
:1003B0001C49DFF89C8008F0B9FBABE70DA920468B
:1003C000FEF75CFA0028D9D022460A492846FCF7F5
:1003D000F3FD29461D4808F0ADFC284608F064FCF2
:1003E000A368002BCAD0FFF755FEC7E7180A040020
:1003F000200A04003C9500207C0B0400300A040015
:10040000B49E0020880B0400A00604006C0B0400BE
:100410003C0A04006C0A0400600A0400280A040074
:10042000940B04008C0A040010810020A00B04002F
:10043000B00B0400A0810020C3940020B89E0020CF
:1004400088810020BC7C0020C00B0400A09E0020FE
:10045000B09E00205A4870B54FF4E1310446F6F7DB
:100460009DF808F0E1FF40F6B736054608E008F0D1
:10047000DBFF401BB0424FF00A0006D808F0E0FF57
:100480002046F6F7A9F80028F1D04E4B4E4A4F49C6
:100490000220FCF7C9FDFEF7C3FA4A48FEF7E4FA6A
:1004A0004B4800F035FE4A485F2100F0DFFE484827
:1004B00000F0E8FE00284ED1464A44490220FCF7ED
:1004C000B3FDFEF721FE00284FD04348FCF78EFB1A
:1004D000424C0323204604224FF4E131FDF794FB04
:1004E00000284CD14FF478403D49FEF747FB4FF4CC
:1004F0007A7008F0A5FF3B4B3B4D374963603B48A2
:10050000FFF7A0F8FFF786FCFEF7A8FA2878B0FA04
:1005100080F04009FEF794FD354B364A19681268A1
:10052000354B3248FEF754FB344B354A1B68126892
:1005300034493548FEF740FC2B78012B39D0002197
:100540003248FEF73FFD1F4A31494FF4FC60BDE8D9
:100550007040FEF713BB5F232E4A1C490120FCF7B5
:1005600063FDFEF7D1FD0028AFD12B494FF4784051
:10057000FEF704FB4FF47A7008F062FFA8E720460C
:10058000FEF7B0F82046FDF7D9FC244B2046197839
:10059000FEF7B0F8224B20461978FEF7BFF8204648
:1005A000FEF7D0F81F4A094903460220FCF73CFD3C
:1005B000A1E71D4B9968003118BF0121C0E700BFBA
:1005C00038630020D00B0400800D0400900D04005F
:1005D000BC9E0020980D04003C9500201081002056
:1005E000EC0D04002D0103000C810020A0810020EF
:1005F000B09E0020B89E002088810020AC9E002084
:1006000004810020C87C0020A09E0020948100204E
:10061000FC0D0400AC0D0400D00D04001C61002092
:100620001E610020DC0D0400BC7C00202DE9F0419F
:10063000534F544B3B605449534E002307F108007D
:100640007B6008F073FA07F1140407F17405204683
:1006500031460C3408F06AFAAC42F8D10023A7F80E
:1006600074304A4A4A4946484A4F474D0CF016F9F9
:100670003C4607F516662946204608F057FA04F16D
:100680000C002946183408F051FAB442F3D1002581
:100690003E4A41493F48C7F86059DFF808813A4E61
:1006A0000CF0FCF8444608F596573146204608F011
:1006B0003DFA314604F10C0008F038FA04F1180054
:1006C000314608F033FA303444F80C5C24F8085C06
:1006D00024F8045CA742E8D141F2883241F28C331D
:1006E00029492E4848F8025048F8035008F01EFAED
:1006F000264A2B492B482C4C234E0CF0CFF804F5FE
:10070000876700253146204608F010FA04F10C00F6
:10071000314608F00BFA243444F80C5C24F8085CE9
:1007200004F8045CA742EDD1184A204900200CF0DF
:10073000B5F815491E4808F0F9F9144A1D491C4836
:100740000CF0ACF810491C4808F0F0F90F4A1949B0
:1007500019480CF0A3F80C49184808F0E7F90B4ABF
:10076000144916480CF09AF80749154808F0DEF9C4
:10077000064A10491248BDE8F0410CF08FB800BF9E
:100780001081002030AF00208C0A0400006000209F
:1007900079FD02003C9500209DFD0200309500206F
:1007A000BDFD0200A0810020C87C0020F1FD0200F8
:1007B00088810020A98C0300BC7C0020A09E002022
:1007C000948100202DE9F043AE489FB0FDF76AFA0E
:1007D00001225F21AC4800F0FFFCAB4800F044FC74
:1007E00048BBAA4B9B689BB9A94C08F01DFE236827
:1007F00041F28732C01A904204D908F015FE2060F9
:10080000FEF75CF90A2008F01BFE1FB0BDE8F0837C
:1008100008F00AFE9F4B1B68C01AB0F5FA6FE3D3CD
:100820009D490AA808F082F90AA8FFF729FB0AA83F
:1008300008F03AFAD8E7944800F01AFCC4B2002C49
:10084000CFD02346954A96490320FCF7EDFB682C50
:1008500000F095811ED80D2C00F06A8146D91B2C22
:100860005CD1904D2B78002B40F08E818E4B874CC5
:100870001A78A368002AB6D1002BB5D00AA88649F9
:1008800008F054F90AA8FFF7FBFA0AA808F00CFAD6
:10089000A368A8E7B62C1DD8B52C80F08381B42CB2
:1008A0003FD1824C2278531E002A00F06A82082B26
:1008B000A8BF0823DBB2734819462370FDF72EFF4B
:1008C000082322787A4940F2FF70FEF757F96F4B00
:1008D0009B6888E7B72C24D1744C6A48237801338D
:1008E000082BA8BF0823DBB21946E6E7092C18D16C
:1008F0006D4C2378002B0DBF012300230120002025
:100900002370FEF79DFB2378012B00F01D82002150
:100910006848FEF757FB5D4B9B6864E7482C00F086
:100920002E81614D2A78C2B10D2C00F00B81082C6C
:1009300000F0D081A4F120035E2B3FF652AF5D4D55
:10094000AB689F2B3FF74DAF2146284608F068FA69
:1009500028460121FEF736FB43E70D2C00F073819A
:1009600004F0DF03432B00F03F81413B192B40F2A1
:10097000F181082C00F07A82A4F13103082B3FF6B4
:1009800030AFA4F13003DBB2023B072B00F2C4808E
:10099000DFE813F0B400A20052003F00310016005F
:1009A0000800A1023748FDF7F5FB002800F01A8384
:1009B00041494FF4FC60FEF7E1F8344B9B6812E7C5
:1009C0001EAA002342F8503D02A92E480293FDF7CB
:1009D00001FC08B91E230A932A4E012500240A9B14
:1009E000AB42E9B23046C0F28882FDF7BFFB00B1EE
:1009F00001340135F3E72348FDF7E4FE002800F059
:100A0000DB822E494FF4FC60FEF7B8F81F4B9B6861
:100A1000E9E6FFF7DBFA2A4B9B68002B40F0D48213
:100A200041F28833274A2849D2584FF4FC60FEF738
:100A3000A5F8164B9B68D6E608F0F6FC234A034659
:100A4000202102A80DF06AFCFEF7B0FB0AAE0146B9
:100A500040F2026302AA304606F054FD1C9B002BB4
:100A600000F0B5821A49304607F024FC0EA806F0C3
:100A700021FCFCF727FE174902464FF4FC60FEF705
:100A80007DF8AEE610810020BC9E00208881002009
:100A900008810020008100208C0A0400DC0B040087
:100AA000E40B0400B49E00200C8100201E61002095
:100AB000F80B040094810020100D0400E80C0400E1
:100AC000BC7C0020A08100200C0B0400A40C0400BE
:100AD000C40C0400D80C04001EAA002442F8704D77
:100AE00001A9B0480194FDF775FB002840F012827F
:100AF000AD494FF47840FEF741F872E6A948FDF79A
:100B0000C9F8002800F04882A8494FF4FC60FEF7BD
:100B100035F8A74B9B6866E6A248FDF713FEA5498A
:100B2000024640F2FF70FEF729F8A14B9B685AE697
:100B3000A14C2378012B00F02681A04D2B78002BAF
:100B400000F081809E4CA368002B3FF44AAE9D4D7F
:100B5000AB68002B3FF445AE9B494FF6E070FEF7C3
:100B60000DF8224629468F48FDF7F0F9002840F09D
:100B7000888196494FF47840FEF700F831E68E4DB3
:100B80002B78002B3FF4CDAE8648FDF7A3FD002364
:100B90008F4A90492B7040F2FF70FDF7EFFF844BB6
:100BA0009B6820E6844B1B78B62C15BF6FF00904B8
:100BB0000A244FF0FF320122022B00F023817F4DE7
:100BC0002B78002B40F09F80834C794D2368134491
:100BD0002360FFF71FF9814B21681A6880482B4674
:100BE000FDF7F6FFAB68FEE57D4C41F28C33E35830
:100BF000002B3FF4F6AD784B1B6841F224312344BF
:100C00000AA85D5C05EB45052D0105F10C010E23DD
:100C1000214408F091FA73490A9A4FF6E070FDF703
:100C2000ADFF0AA808F040F861195E48FDF7FEFC28
:100C3000002840F0FF806C494FF47840FDF79EFF9C
:100C40005B4B9B68CFE5664C41F28C33E358002B3D
:100C50003FF4C7AD604BDFF86C811B68634F2344E2
:100C600041F2243240469E5C06EB4606360106EB16
:100C70000409494608F034F806F10C0121445C48A7
:100C80005C4C08F02DF81E225B494846FEF718FE22
:100C90005A4B0146012258481A703960FEF776F81F
:100CA000A0F1770323EAE3733A685349504823607D
:100CB000FEF782F82B78012B00F0D080002140480D
:100CC000FEF780F9012300202B70FEF7B9F9384BAD
:100CD0009B6888E53A4CA368002B3FF482AD013B4A
:100CE00000220AA8214608F027FA0AA9204608F09F
:100CF00021F80AA807F0D8FF20460121FEF762F983
:100D00002B4B9B686FE5394F3B483968394EFEF7EE
:100D10003DF831683A68394F7738214420EAE0706D
:100D20008142A8BF014621EAE1718142B4BF00249B
:100D300001240B4631602E482F493C70FEF73CF8E9
:100D40002B78012B7FF4E3AD1E4B9968003118BF5F
:100D50000121DDE5164DAB680F2B3FF659AD294655
:100D60000AA807F009FF20460DF019FCC1B20AA835
:100D700008F0D4F8FFF784F80AA807F095FFAB68ED
:100D800031E5002397E50748FDF79CFC00285CD07F
:100D900002231B4923704FF4FC60FDF7EFFE044B68
:100DA0009B6820E510810020700C0400540C0400A6
:100DB00088810020440C0400B49E00200C81002097
:100DC00094810020BC7C0020380D0400400D0400FC
:100DD000880B0400A0060400B09E0020B89E0020EE
:100DE000A0810020240C0400380C040004810020A1
:100DF000A09E0020AC9E0020C87C00201D61002029
:100E0000040C04007E4C23789B1A5A1C2CD0052B12
:100E1000A8BF0523DBB219467A482370FDF76AFCA8
:100E200005232278784940F2FF70FDF7A7FE774B43
:100E30009B68D8E4764B774902224FF4FC601A7025
:100E4000FDF79CFE714B9B68CDE4207072494FF416
:100E50007840FDF793FE6D4B9B68C4E4D8F808100A
:100E6000003118BF01212AE70023D4E7674CA368AB
:100E7000002B3FF4B9AC013B0AA8214608F05CF90D
:100E800000E50AAE30465F49FDF7C0FC0C9BE3B1BC
:100E9000224631462846FCF7DDFC6049604807F0F1
:100EA0006BFF604AAB68012111700BB1FFF7F2F8DC
:100EB000FFF78CF85C494FF4FC60FDF75FFE3046AD
:100EC00007F0F2FE514B9B688DE4584A58490120C7
:100ED000FCF7AAF8E1E7574B57481C78574A58499E
:100EE000032C0ABF02240324024640F2FF701C7048
:100EF000FDF744FE454B9B6875E4002C22460CBF71
:100F00004FF478404FF4FC604E49FDF737FE3F4BFD
:100F10009B6868E4019A4C49404E3A4F40F2FF709A
:100F2000FDF72CFE01252AE007F000FE31460DA852
:100F300007F0FCFD314610A807F0F8FD314613A874
:100F400007F0F4FD0AAAE9B23846FDF719FB48B1EB
:100F50000DA8FFF705F813AA10A90DA8FCF700FCCF
:100F600000B1013413A807F09FFE10A807F09CFE03
:100F70000DA807F099FE0AA807F096FE0135029B1E
:100F8000AB4231460AA8CFDA74B94FF6E070224678
:100F90002E49FDF7F3FD24E42D494FF47840FDF789
:100FA000EDFD1A4B9B681EE4FFF710F8294B9B6878
:100FB0000BBB4FF4FC60EAE727494FF47840FDF79C
:100FC000DDFD124B9B680EE4FFF764F828E51D9BDE
:100FD000002B7FF447AD21494FF47840FDF7CEFD5B
:100FE000FFF7FFBB1E494FF47840FDF7C7FD074BE5
:100FF0009B68FFF7F8BBFFF74DF84FF4FC60C6E7BE
:101000001C61002010810020E80B04008881002072
:10101000B49E0020300C0400140C04008C0A040060
:10102000948100201D610020780D04004C0D040007
:101030005007040019610020D80B0400D40B0400F1
:101040002C0D0400040D0400840C0400940C040016
:10105000600C0400BC7C0020F40C0400B40C040000
:101060001C0D0400704700BF203007F071B900BFAD
:10107000203007F05BB900BF203007F073B900BF24
:1010800038B5437F0BB9002038BD00F62804204650
:101090000D4607F071F90028F5D12046294607F0E2
:1010A0002DF9012038BD00BF2DE9F0475AB306469F
:1010B000DFF8588033681B684D1E434517464FF0D4
:1010C000000400F6280915F801AF16D1737F13B993
:1010D0002046BDE8F087484607F04EF90028F7D1D2
:1010E0005146484607F00AF90134A742F0D0336868
:1010F00015F801AF1B684345E8D051463046984784
:101100000028F1D1E4E71446E2E700BF81100300B4
:1011100010B4837E1F2B4FF0010288BF03F01F0322
:10112000C27603F5E0738CBF284A4FF0A04240F22C
:101130000C6142F82310437E1F2B86BF03F01F0370
:10114000224A4FF0A04203F5E07340F20C6142F8EE
:10115000231003694FF0CC72C3F8242503690622DB
:10116000C3F800250369827EC3F808250369427E1F
:10117000C3F80C2590F91830002B14DA144A03F048
:101180000F031A446023137690F91830002B07DB05
:10119000104903F01F0001225B09824041F823201F
:1011A0005DF8044B70475909603103F01F030124B7
:1011B000084A04FA03F342F8213090F91830002B62
:1011C000DCDB1344602283F80023DDE700030050DA
:1011D000FCEC00E000E100E00AB910467047F8B509
:1011E000054600F12007384614460E4607F098F8E9
:1011F0002B69C3F888652A69012313622A69C2F83A
:1012000034752A69C2F838452A6913602B6902E0EF
:10121000D3F824211AB9D3F84C21002AF8D000229F
:10122000C3F84C212B6902E0D3F824211AB9D3F872
:101230005C21002AF8D00022C3F85C212B6901222E
:101240005A612A69D2F80431002BFBD00021C2F880
:1012500004112B69D3F8242112B1C3F824112B698E
:10126000D3F83C05C5F82008C0B2F8BD10B541F26E
:101270003003044600F62800E15407F051F801233A
:10128000637710BD70B541F230030269C15C002381
:101290004377C2F888150269C2F804310369012650
:1012A0001E62036900F628050446C3F84455284623
:1012B00007F04EF82369C3F8480523699E60236947
:1012C00002E0D3F824211AB9D3F85021002AF8D02B
:1012D0000022C3F85021284607F03AF8236918BBCA
:1012E0000022C3F86021236901225A612269D2F8E1
:1012F0000431002BFBD00021C2F804112369D3F87C
:10130000240160B1C3F824112369D3F8C404C3F8DD
:10131000C404022803D0042814BF0420032070BD95
:10132000D3F82421002ADBD1D3F86021002AF7D09A
:10133000D6E700BF70B52B4C6369D3F86421002A4F
:101340003DD1D3F86821F2B9D3F8042172B1227FDC
:101350000021C3F804114AB141F23802D3F83C0528
:10136000A258C4F820080AB190476369D3F8242131
:1013700042B10022C3F82421D3F8D024C3F8D024EA
:1013800001225A6170BD0022C3F8682116482277F5
:101390000123637706F0C4FF41F23403E35803B13D
:1013A000984763691048C3F844050023637706F043
:1013B000CFFF63690122C3F848055A63C4E70022DE
:1013C00004F12006C3F8642101253046257706F094
:1013D000A7FF63694FF40062C3F83465C3F838258A
:1013E0001D63AEE7BC9E0020E4A6002038B50E4C7D
:1013F0000E4A20464FF47A7340F8202B0025C4E9AA
:10140000015306F06FFF04F6280006F06BFF084A50
:10141000084B6577D2E90721032020766176A27612
:10142000C4E9043338BD00BFBC9E0020100E040088
:10143000781504000030004070B5002444749DF815
:101440001050C9B10F4E0160B142846012D00E4CF1
:10145000A14204BF012101710C4951F822200273FD
:1014600051F82330837351F8253043730023C3733D
:10147000037470BD0471EFE7054B064A064824214A
:101480000BF0E8FF0030024000F002407815040045
:101490002C0E0400940E04003C0E0400437C03B1A7
:1014A000704730B5012285B042740321FF220193B9
:1014B00004468DF803208DF806208DF80510827BF8
:1014C000417B8DF800204FF080451A4602958DF83B
:1014D0000110057BC3736946037403938DF80250B2
:1014E0000AF0C6FBA37B1F2B86BF03F01F030C4A29
:1014F0004FF0A04203F5E07340F2013142F82310AF
:10150000637B1F2B86BF03F01F0305494FF0A041EB
:1015100003F5E07340F2033241F8232005B030BDFB
:101520000003005010B483B002AB03E906009DF83D
:1015300005309DF80410026813F1FF3318BF012332
:1015400000240229C2F800451C460374C17332D03E
:1015500003292DD0012925D0224B0099B3FBF1F3AB
:10156000B3F5007FC2F854451FD2FF2B0FD87F2B55
:1015700024D83F2B25D81F2B26D80F2B27D8072B55
:1015800002D819498A4225D04FF0004101E04FF0BE
:1015900080610723C2F82415C2F8003503B05DF856
:1015A000044B704743F00204D6E74FF00071F0E7B8
:1015B00043F00604D0E743F00404CDE74FF00061A8
:1015C000E7E74FF08051E4E74FF00051E1E74FF0DB
:1015D0008041DEE7042B34BF4FF0A0514FF0206173
:1015E000D7E700BF0090D00300F00240036800225C
:1015F000C3F80025704700BF002B3AD02DE9F04713
:10160000814684B00D4617461E464FF6FF784FF0D0
:10161000000A4645344628BF4446002D14BF2346E1
:10162000002300950297361B01938FB10022694673
:10163000484603940AF064FC05B125442744002E73
:10164000E7D104B0BDE8F087CDE900550295361B1F
:10165000002269464846CDF80CA00AF051FC4DB96D
:101660004645344628BF4446002EEDD104B0BDE8BF
:10167000F08770472544002ECBD1E2E710B586B045
:1016800006AB012403F8111D002202A90293CDE943
:10169000034305940AF034FC9DF8070006B010BD22
:1016A00070B41049104A1148114BD568946808600D
:1016B0001069D66C0D738C730125946C4873106D92
:1016C0000D7100220B4D1E739C735873CA730A74FC
:1016D0001A71DA731A741D604A748A605A749A60B7
:1016E00070BC7047F8AE00207815040000F002408E
:1016F0000CAF002000300240704700BF704700BFB1
:1017000010B404682469A4465DF8044B604700BF28
:1017100030B40468BDF808500295A46BA44630BCF0
:10172000604700BF30B40468BDF808500295E46B10
:10173000A44630BC604700BF704700BF01F0030102
:1017400001298176B0F90830B0F90A2004D00329C4
:1017500002D08381C28170478281C381704700BFFC
:101760002DE9F04385B0994204460768BDF9306021
:10177000BDF8348023D0B2421D4611D07B69DFF81A
:1017800084904B4536D1CDE900682B46BE6A204691
:10179000B0472368DB6A4B4527D105B0BDE8F0832D
:1017A00099421FDDCDF830800131FE6B4B1B1BB21F
:1017B00029462046B44605B0BDE8F0436047B24232
:1017C0000CDDCDF83080531CBD6B9B1B1BB2324629
:1017D0002046AC4605B0BDE8F043604733461646A8
:1017E0001A46EEE70D461946DCE7204605B0BDE88F
:1017F000F0431847CDE9021298472768DDE9021245
:10180000C1E700BFFD1603002DE9F04FD0F800C07E
:101810001F46DCF814601A4B83B09E420546BDF9A2
:101820003090BDF834A00C4690461FD12744BC42EE
:1018300014DADFF850B0DCF82060CDF800A05E4587
:1018400021464B464246284601D1DCF83860013437
:1018500024B2B047BC42D5F800C0ECDBDCF82C3039
:10186000074A934206D103B0BDE8F08FB047D5F8E0
:1018700000C0DBE7284603B0BDE8F04F184700BFC3
:10188000FD160300111703002DE9F04FD0F800C03A
:101890001D46DCF814A02D4B83B09A450446BDF9D3
:1018A0003090BDF834708846164641D1DCF824B03B
:1018B000DFF89CA00097D34508BFDCF83CB02B466E
:1018C000324641462046D8472368D3F824B00097D3
:1018D00009F1FF323244D34512B232D1D3F83CA0E1
:1018E00041462B462046D0472368DFF868A0D3F84E
:1018F00020B00097D34508BFD3F838B032464B46E6
:1019000041462046D8472368691E1D6A0097554501
:10191000414408BF9D6B32464B4609B22046A8475A
:1019200023680A4ADB6A934206D103B0BDE8F08F10
:10193000D047D4F800C0B9E7204603B0BDE8F04F67
:1019400018472B4641462046D847CDE7FD160300F1
:1019500025170300111703002DE9F04F85B01E462F
:10196000BDF93850BDF83CA0AB1A002B9046A6EB51
:101970000102B8BF5B42002AB8BF524293420746F9
:1019800079DCAE464446AC46404635468846764607
:1019900021469946A8455CDDA8EB0504A4B2A0EB5E
:1019A0000C0002944FF6FF7C24B204EBD47480EA5E
:1019B000E079B142C8BF4FF0010CA9EBE0796410A7
:1019C000CDF80CC09342304B01931FFA89F933DCF8
:1019D000D7F800C0019BDCF818B09B452946534658
:1019E00008BFDCF810B0A4EB090432463846D847EB
:1019F000A3B21CB20135002C2DB205DA039A1644AD
:101A0000029AD41836B224B2A845E1DA05B0BDE88E
:101A1000F08FDCF810B0D847A4EB0904A3B21CB2D5
:101A20000135002C2DB205DA039A1644029A9C184F
:101A300036B224B24545E9DCD7F800C0019BDCF89A
:101A400018B09B452A46534631463846E1D0D84720
:101A5000E2E7A5EB080080B204B204EBD474B14213
:101A600002904FEA640428460E46454607DA0121F3
:101A700003918046A6E7B446084691468AE74FF6AA
:101A8000FF71039180469DE7011703002DE9F04F98
:101A9000D0F800C0DFF888E0DCF8406083B076451D
:101AA000BDF93080BDF834A028D191461F461B4AAD
:101AB000DCF81430934205460C462BD12744BC4237
:101AC00014DADFF860B0DCF82060CDF800A05E45E5
:101AD000214643464A46284601D1DCF838600134A5
:101AE00024B2B047BC42D5F800C0ECDBDCF82C30A7
:101AF0000A4A934209D103B0BDE8F08FB446CDE95C
:101B00000C8A03B0BDE8F04F6047284603B0BDE83B
:101B1000F04F18479847D5F800C0CFE7FD160300EF
:101B200009180300111703002DE9F04FD0F800C089
:101B3000284BDCF84040B0F90C80B0F90E709C42A4
:101B400083B0894633D1DCF81430DFF88CB05B45C4
:101B500005463AD1B8F1000F22DD0024DFF87CA061
:101B6000A64609E0DCF838600134B0470FFA84FE7D
:101B7000F045D5F800C013DDDCF82060CDF800900A
:101B8000564571463B464FF000022846EAD00134E4
:101B90000022B0470FFA84FEF045D5F800C0EBDC18
:101BA000DCF82C305B450BD103B0BDE8F08F002290
:101BB000CDE9007143461146A04703B0BDE8F08F60
:101BC000284603B0BDE8F04F18479847D5F800C045
:101BD000C0E700BF09180300FD160300111703003A
:101BE0002DE9F04FD0F800C01646DCF81450304A0A
:101BF00085B095420746BDF838B00C464DD19BB232
:101C000003F1FF39DCF828502A4A1FFA89F909EB59
:101C1000040895420FFA88F810D0CDE9006B4346CE
:101C2000324621463846A847D7F800C0DCF82C30A9
:101C30001F4A934237D105B0BDE8F08F444526DDF9
:101C4000C3F101031FFA83F90FFA89F5234605EB67
:101C5000D57544466D109846174BDCF818A09A4588
:101C600032465B46214638460FD1DCF810A0D047FB
:101C70000134002D24B203DA013E4D4436B22DB2B8
:101C8000A045D7F800C0E7DAD0E7D047F0E70FFA71
:101C900089F505EBD5756D10DEE70393A847D7F8F6
:101CA00000C0039BABE7384605B0BDE8F04F1847CE
:101CB000FD16030059190300011703002DE9F04F29
:101CC000D0F800C09046DCF81440424A85B09442F7
:101CD0000646BDF838900F466ED1DCF828503E49D4
:101CE000013B1FFA88F213449BB28D421CB250D1C3
:101CF000444528D066DAD31A9BB21DB205EBD575E0
:101D0000A04503934FEA65053BDBDFF8D0A010E068
:101D1000DCF810B0D8470134002D24B2ABB204DA9D
:101D2000039A013F9D183FB22DB2A045D6F800C0DE
:101D300027DBDCF818B0D3454B46224639463046FF
:101D4000E6D0D847E7E7DFF894A03D464FF000081B
:101D5000BB46DCF818705745224608BFDCF8107007
:101D600029464B463046B8470135B8F1000FB8BF99
:101D700004F1FF342DB2B8BF24B2AB45D6F800C091
:101D8000E7DADCF82C30134A934210D105B0BDE8F5
:101D9000F08F42463B46CDE9004939463046A847D8
:101DA000D6F800C00B4ADCF82C309342EED0304617
:101DB00005B0BDE8F04F18470393A047D6F800C020
:101DC000039B8AE7104621461A4644460346884646
:101DD00091E700BFFD160300591903000117030026
:101DE00070B4002461F30F0462F31F44094A0260D7
:101DF0004FF0FF36002240F2011501218460C460DB
:101E000046610583C1764260026182760277026292
:101E100070BC7047DC1304002DE9F04F97B0834687
:101E20000D91016ABDF880000290BDF88400039016
:101E30009DF8880006909DF88C0008900592002976
:101E400000F0EB800A7AD1E900109B1ADBB200EBBC
:101E5000C30230F83330079393780493D378109308
:101E600092F905301593069B0A91012B92F90640D1
:101E700040F2CB80BDF954300E9323B21293AE4B97
:101E8000DBF800C009931A46DCF81430934240F0A6
:101E90004D81109B002B00F08B80BDF81430139304
:101EA000002223440C92149392460B92049B002B25
:101EB00076D00B9B129A089913981A4402FB0102E0
:101EC0001499CB181BB211930FFA82F90C9B0025C1
:101ED00009E00135049AEDB24FEA4A0AAA425FFAD4
:101EE0008AFA434658D95A1C5B075FFA82F806D132
:101EF000079A0A99531C9BB211F802A007931AF093
:101F0000800FE6D0069ABDF83430012A59D00E9AD7
:101F10000699DCF81C60BDF920705419874A04FB4F
:101F20000134964224B20BB260D1DCF84060844A9E
:101F300096425BD1DCF81430099A934260D1069B3B
:101F40002344A34203931DDD7E4B05930F950BE0C5
:101F5000029D0095DCF83860B0470134039BDBF844
:101F600000C024B2A3420CDDDCF82060059DAE4227
:101F700021463B464A465846EAD0029B00933B46E0
:101F8000EAE70F9DDCF82C30099A9342A1D058461D
:101F90009847DBF800C09CE70C9B1344DBB20C9322
:101FA0000B9B109A0133DBB29A420B933FF67EAF44
:101FB000DCF82C30099A934240F0B38017B0BDE8AA
:101FC000F08F089A012AA2D1159ADCF81840134420
:101FD0005D4A5919944208BFDCF81040029B119ADF
:101FE00009B25846A047DBF800C072E7029A2146C2
:101FF000CDE9007258464A46B047DBF800C068E7B2
:1020000058469847DBF800C099E7089B012B3FF63C
:1020100031AF002312930E9331E7BBF90C200D99D9
:102020008A42CBDDBBF90E2005988242C6DDBDF8A1
:102030001840062212FB0412002ABFDD089A00EBAA
:10204000C202002ABADD9BF81C201AB9AF2B84BF4C
:102050000133DBB2384ADBF800C009921146DCF8E4
:1020600014208A4240F08C81384ABDF834100F9118
:1020700003EB8303D3180D93BDF818300E930023A0
:102080000B910C930D9ABDF92C3012F8018B0D9227
:10209000069A07939F18082304930026B94618F060
:1020A000010F55D00699BDF814200129B3B200F0F4
:1020B000F2800899DCF81C4011FB03F313441F4A1B
:1020C00094421DB20FFA81FABDF9183040F0068132
:1020D000DCF840401A4A944240F00081DCF81430A9
:1020E000099A934240F02281079C4C4570DA0A9687
:1020F0000AE0029E0096DCF83870013424B2B8473A
:102100004C45DBF800C062DADCF820700D4EB742B7
:10211000214653462A465846EBD0029B009353462D
:10212000EBE7584617B0BDE8F04F184758469847B8
:10213000DBF800C0ADE600BFFD1603008D1A0300FA
:10214000091803001117030001170300D40E04003F
:10215000DDE90232934241D00699BDF814200129ED
:10216000B3B200F0C5800899DCF81C4011FB03F302
:1021700013448F4A94421DB20FFA81FABDF9183008
:1021800040F0CD80DCF840408A4A944240F0C7805D
:10219000DCF81430099A934240F0CD80079C4C45FE
:1021A00016DA0A96DCF82070834EB7422146534671
:1021B0002A46584640F08680039E00960134DCF89B
:1021C000387024B2B8474C45DBF800C0EADB0A9E01
:1021D000DCF82C30099A934240F0A380049B013B29
:1021E000013613F0FF0376B24FEA580804937FF4E8
:1021F00056AF0B9B0E9A13440C9A01329BB2052AE0
:102200000C920B937FF43EAFDDE9023293423FF430
:10221000CFAE069B012B00F0A0800E9B0F99DCF83F
:102220001C60634A03EB83031944089B96424FEA00
:10223000C3050CB2BDF9183040F0A980DCF840604D
:102240005C4A964240F0A380DCF81430099A93422D
:1022500040F0A980069B23449C421E4670DADFF8BA
:102260005881DDF814900AE0039F0097DCF838707D
:10227000013424B2B847B442DBF800C060DADCF8BD
:102280002070474521462B464A465846ECD0039BD2
:1022900000932B46ECE7089901297FF40AAF134419
:1022A0000C990F9ADCF8184051181AB2434B9C4213
:1022B00008BFDCF81040029B09B25846A047DBF883
:1022C00000C08BE7039B00930134534624B2B84708
:1022D000A145DBF800C03FF765AF78E7029A0799A0
:1022E000CDE900A258462A46A047DBF800C075E7B2
:1022F000089901297FF437AF13440C990F9ADCF841
:10230000184051181AB22D4B9C4208BFDCF81040FF
:10231000039B09B25846A047DBF800C05EE7039A6A
:10232000DDE758469847DBF800C057E7584698471E
:10233000DBF800C0D8E658469847DBF800C02DE728
:10234000DCF82C30099A93423FF435AE5846984752
:10235000DBF80030099ADB6A2DE6089B012B7FF43D
:102360005CAF0F9900920531059ADCF820400823F4
:1023700009B25846A047DBF80030099ADB6A1AE632
:10238000049358469047DBF800C0049B6CE6039A20
:102390002146CDE900525846059AB047DBF8003097
:1023A000099ADB6A07E658469847DBF800C051E710
:1023B0008D1A030009180300111703000117030009
:1023C0002DE9F041036A84B00446002B4FD00A295E
:1023D00041D00D2947D01A7A914244D3987A884245
:1023E00041D38A1A5D68B4F91060207ED2B205EB41
:1023F000C205AF7857B3EA7842B394F81BC0B4F97A
:10240000122094F819E0BCF1000F0FD095F905C027
:10241000B4F90C80674400FB0767474506DD0026DA
:1024200026821B7B03FB0E2212B26282B4F816C016
:10243000CDF80CE0A78A02900B4620463146CDE944
:10244000007CFFF7E9FCB4F91060207E297901FBDC
:102450000060208207E0002202821B7B428A417ECC
:1024600001FB03234382012004B0BDE8F0810A2967
:102470002CD00D29F7D0C67EB0F91070B4F9122017
:10248000007E657E66B10626B4F90CC016FB0076A8
:10249000664505DD02EBC50212B2628223821F4649
:1024A000E68A0395A58A02900B4620463946CDE977
:1024B0000056FFF7B1FC237E228A03EB430302EBB5
:1024C00043030120238204B0BDE8F081428A417EAB
:1024D000038202EBC1034382C5E700BF002908BFA6
:1024E000012101764176704710B590F834300446EA
:1024F0004BB194F93600002804DB0021BDE8104000
:102500000AF062B910BD00F1280393E80600406AA2
:10251000FFF708F8EDE700BF10B5044690F9360064
:10252000002802DB01210AF04FF994F8343003B19E
:1025300010BD606ABDE81040FFF758B803683B4A19
:102540005B69934270B504460D466DD190F8343006
:10255000002B5DD094F93600002802DB00210AF040
:1025600033F9002D47D194F83D5094F937000021FC
:102570000AF02AF994F83430002B3FD0012B2FD1E8
:10258000082694F9243018462B064FF0000148BF66
:1025900001210AF019F9012194F926000AF014F931
:1025A000013E002194F926006D000AF00DF916F0A5
:1025B000FF06EDB2E5D1012194F937000AF004F9E4
:1025C00023681B4ADB6A93422AD194F9360000281B
:1025D00002DB01210AF0F8F894F834309BB170BDA9
:1025E00094F9250000210AF0EFF8012194F9250063
:1025F0000AF0EAF8DFE794F83C50B6E72946606A4B
:10260000FFF73CF8D7E7606ABDE87040FEF7EEBF21
:1026100000F1280393E80600406AFEF783FF99E77C
:102620002046BDE87040184798479AE7E924030020
:102630001925030000290FDBF0B51C46B0F90C305A
:102640008B4283B0054605DD002A03DBB0F90E306E
:10265000934202DC03B0F0BD704703680126009688
:102660005F6D92B2334689B2B84795F8343053B3B0
:10267000012B1BD1102695F92430184623044FF066
:10268000000148BF01210AF09FF8012195F92600B9
:102690000AF09AF8013E002195F926000AF094F814
:1026A000640016F0FF06A4B2E5D1D3E795F9250042
:1026B00000210AF089F895F92500314603B0BDE8FC
:1026C000F0400AF081B8210A686AFEF7D7FF686A0D
:1026D000E1B203B0BDE8F040FEF7D0BF2DE9F04114
:1026E0000E1E82B00CDB1D46B0F90C30B34204461E
:1026F00006DD002A174603DBB0F90E30934202DCF8
:1027000002B0BDE8F0810368394A5B6993426DD13C
:1027100090F83430002B5CD094F93600002802DBAE
:1027200000210AF051F823684FF00108CDF800802D
:10273000B1B2BAB25E6D20464346B04794F8343029
:10274000002B3DD0012B30D1102694F924301846AF
:102750002B044FF0000148BF01210AF035F8012198
:1027600094F926000AF030F8013E002194F9260081
:102770000AF02AF86D0016F0FF06ADB2E5D1236825
:102780001C4ADB6A93422CD194F93600002802DB04
:1027900001210AF019F894F83430002BB0D1606AA6
:1027A00002B0BDE8F041FEF721BF94F925000021F9
:1027B0000AF00AF8414694F925000AF005F8DEE728
:1027C000290A606AFEF75AFFE9B2606AFEF756FF0F
:1027D000D5E700F1280393E80600406AFEF7A2FE61
:1027E0009AE7204602B0BDE8F041184798479AE7BB
:1027F000E9240300192503002DE9F04112B2044633
:1028000009B21D469DF918709DF91C609DF9208044
:10281000FFF7E6FA0022084984F8358084F836701C
:1028200084F8376084F83420A263A287656221604F
:1028300022642046BDE8F08134140400F8B5044653
:10284000444D90F93600002918BF0D460028174660
:1028500007DB012109F034FF012194F9360009F06A
:10286000B3FF012194F9370009F02AFF012194F9FF
:10287000370009F0A9FF94F8346076BB606A364BE4
:10288000A5620122984284F82C70276384F82D20D9
:1028900040D0324B98423DD094F93500002838DBC7
:1028A000012109F00DFF012194F9350009F08CFF99
:1028B000642006F0C5FD002194F9350009F084FF7D
:1028C000642006F0BDFD94F93500012109F07CFF7C
:1028D000C820BDE8F84006F0B3BD012E1DD001218F
:1028E00094F9250009F0ECFE94F92500012109F086
:1028F0006BFF94F926000028CEDB012109F0E0FEF1
:1029000094F92600012109F05FFF94F935000028B1
:10291000C6DAF8BDFEF7C2FDBEE7314694F92400E1
:1029200009F0CEFE002194F9240009F04DFF314654
:1029300094F9260009F0C4FE94F92600002109F05C
:1029400043FF94F925000028A6DB002109F0B8FE1A
:10295000A2E700BF0024F400F8AE00200CAF002076
:1029600002B970472DE9F843B0F90C506D0095425B
:1029700028BF15464FEA4509064648468846174689
:1029800006F078FD044680B398FA98F81FFA88F3A9
:10299000002D73D06A1E012A71D9002163F30F0143
:1029A00063F31F416808224600230133834242F843
:1029B000041BFAD325F00103AB4206D05A1C954202
:1029C00024F8138001D924F81280AF424B464FF00F
:1029D0000002214655D87B00706A0022FEF70CFEEB
:1029E0002046BDE8F84306F05FBD96F834304FEA64
:1029F00018295FFA88F56BB9013F4946706AFEF7FE
:102A00003DFE013F2946706AFEF738FE7A1CF4D17C
:102A1000BDE8F883012B13D0A945F9D0013F00216F
:102A200096F9250009F0D0FE013F012196F9250015
:102A300009F0CAFE7B1CF2D1EAE70024002FE7D0A0
:102A4000013F454696F9243015F4004F18464FF0E3
:102A5000000118BF012109F0B7FE0134012196F9E8
:102A6000260009F0B1FEA4B2002196F926006D00FF
:102A700009F0AAFE102CADB2E4D1DEE7FEE7002398
:102A80009CE77F1B706AFEF7B7FD002F9DD1A7E77B
:102A90002DE9F04F83B0BDF93050BDF83470002BF4
:102AA00058D0002D56D0002B06461C4655DBB6F9F3
:102AB0000C308B424EDD002D05DAADB201322A44D6
:102AC0006D4212B22DB2B6F90E00904242DD1FFAED
:102AD00081FE0EEB04081FFA88F808F1FF3C0FFA9C
:102AE0008CFCBCF1000F35DB1FFA82F909EB050BFA
:102AF0001FFA8BFB0BF1FF3A0FFA8AFABAF1000FBB
:102B000028DB0029BCBF0FFA88F44FF0000E002A22
:102B1000BCBF0FFA8BF54FF000096345DCBFA3EB98
:102B20000E0424B25045DCBFA0EB09052DB233687A
:102B3000AAB2009271464A46D3F854803046A3B2F6
:102B4000C04704FB05F23946304603B0BDE8F04FFC
:102B5000FFF706BF03B0BDE8F08F9CB201312144FE
:102B6000B6F90C3009B264428B4224B2A3DCF1E71F
:102B7000F0B583B00029BDF8206036DB1C46B0F903
:102B80000C308B42054630DD002C2ED005DAA4B285
:102B900001322244644212B224B2B5F90E3093429B
:102BA00023DD1FFA82FC0CEB0407BFB2781E00B2D3
:102BB00000281ADB002ABCBF3CB24FF0000C834255
:102BC000DCBFA3EB0C0424B22B68A2B200925F6DB1
:102BD0006246284689B20123B84722463146284634
:102BE00003B0BDE8F040FFF7BBBE03B0F0BD00BFCF
:102BF000F0B583B0002ABDF8206038DB1C46B0F980
:102C00000E309342054632DD002C30D005DAA4B2F6
:102C100001312144644209B224B2B5F90C308B422F
:102C200025DD1FFA81FC0CEB0407BFB2781E00B251
:102C300000281CDB0029BCBF3CB24FF0000C8342D3
:102C4000D8BFA3EB0C044FF001012B680091D8BF53
:102C500024B261465F6D284692B2A3B2B8472246BD
:102C60003146284603B0BDE8F040FFF779BE03B017
:102C7000F0BD00BF2DE9F04383B0161EBDF82870EB
:102C800051DB1D46B0F90E30B34204464BDD002D3A
:102C900049D005DAADB2013129446D4209B22DB2F5
:102CA000B4F90C308B423EDD1FFA81F808EB0500C9
:102CB00080B2421E12B2002A35DB0029BCBF05B229
:102CC0004FF000089342D8BFA3EB08052368244ABD
:102CD0005B69D8BF2DB293423AD194F834307BB3BC
:102CE00094F93600002802DB002109F06DFD23680D
:102CF0004FF00109CDF80090B2B241465E6D20461A
:102D0000ABB2B0472A4639462046FFF729FE236872
:102D1000144ADB6A93421ED194F93600002805DA82
:102D200094F8343033B103B0BDE8F083494609F07C
:102D30004BFDF5E7606A03B0BDE8F043FEF756BC13
:102D400004F1280393E80600606AFEF7EBFBC7E78F
:102D500020469847CBE7204603B0BDE8F04318472C
:102D6000E9240300192503002DE9F04182B00E1E6D
:102D7000BDF820704FDB1D46B0F90C30B34204465D
:102D800049DD002D47D005DAADB201322A446D424B
:102D900012B22DB2B4F90E3093423CDD1FFA82F824
:102DA00008EB050080B2411E09B2002933DB002A7E
:102DB000BCBF05B24FF000088B42D8BFA3EB08059B
:102DC0002368234A5B69D8BF2DB2934238D194F867
:102DD00034306BB394F93600002802DB002109F08F
:102DE000F3FC2368AAB20092B1B242465E6D20465F
:102DF0000123B0472A4639462046FFF7B1FD236834
:102E0000144ADB6A93421ED194F93600002805DA91
:102E100094F8343033B102B0BDE8F081012109F0FB
:102E2000D3FCF5E7606A02B0BDE8F041FEF7DEBB17
:102E300004F1280393E80600606AFEF773FBC9E714
:102E400020469847CDE7204602B0BDE8F04118473C
:102E5000E9240300192503002DE9F04F83B0BDF9E3
:102E60003050BDF83470002B7BD0002D79D0002B72
:102E700006461C4678DBB6F90C308B4271DD002D1E
:102E800005DAADB201322A446D4212B22DB2B6F962
:102E90000E00904265DD1FFA81F808EB040E1FFA60
:102EA0008EFE0EF1FF3C0FFA8CFCBCF1000F58DBDC
:102EB0001FFA82F909EB050B1FFA8BFB0BF1FF3AA6
:102EC0000FFA8AFABAF1000F4BDB0029BCBF0FFAE8
:102ED0008EF44FF00008002ABCBF0FFA8BF54FF0BC
:102EE00000096345D8BFA3EB080433682C4A5B692B
:102EF000D8BF24B25045DCBFA0EB09052DB29342E8
:102F00004AD196F83430002B39D096F93600002893
:102F100002DB002109F058FC3368AAB20092414656
:102F20004A46D3F854803046A3B2C04704FB05F2AA
:102F300039463046FFF714FD33681A4ADB6A93427C
:102F400025D196F93600002802DB012109F03CFC6E
:102F500096F834302BB9706A03B0BDE8F04FFEF735
:102F600045BB03B0BDE8F08F9CB201312144B6F9F6
:102F70000C3009B264428B4224B280DCF1E706F1E6
:102F8000280393E80600706AFEF7CCFABDE73046E6
:102F900003B0BDE8F04F184730469847BCE700BF84
:102FA000E9240300192503002DE9F8430D4690F8A4
:102FB0003410044690469946002900F0A48094F904
:102FC0003600002802DB002109F0FEFB002194F905
:102FD000370009F0F9FB94F83430002B00F09B80A7
:102FE000012B43D1082694F924302A0618464FF0C5
:102FF000000148BF012109F0E7FB012194F92600F7
:1030000009F0E2FB013E002194F926006D0009F071
:10301000DBFB16F0FF06EDB2E5D1012194F9370094
:1030200009F0D2FBB9F1000F32D0002712E094F87A
:10303000273094F92500002B55D1002109F0C4FB5D
:10304000012194F9250009F0BFFB08F101080137BF
:103050004F451DD094F83430022BE8D098F800503A
:1030600013BB2946606AFEF709FBEEE7002194F9DD
:10307000250009F0A9FB012194F9250009F0A4FB22
:10308000012194F9370009F09FFBB9F1000FCCD171
:1030900094F93600002802DB012109F095FB94F831
:1030A00034305BB3BDE8F883012B08BF082637D165
:1030B00094F9243018462B064FF0000148BF012137
:1030C00009F082FB012194F9260009F07DFB013E05
:1030D000002194F926006D0009F076FB16F0FF063A
:1030E000EDB2E5D1B1E7002109F06EFB012194F9C1
:1030F000250008F1020809F067FBA8E7606ABDE84F
:10310000F843FEF773BA00F1280393E80600406A1B
:10311000FEF708FA53E72946606AFEF7AFFA7CE744
:1031200094F9250089E700BF2DE9F8430D4690F892
:103130003410044616469846002900F09F8094F902
:103140003600002802DB002109F03EFB002194F943
:10315000370009F039FB94F83430002B00F09680EA
:10316000012B52D1082794F924302A0618464FF033
:10317000000148BF012109F027FB012194F9260035
:1031800009F022FB013F002194F926006D0009F0AF
:103190001BFB17F0FF07EDB2E5D1012194F93700D1
:1031A00009F012FBB8F1000F23D0002711E094F8CA
:1031B000273094F92500002B51D10136002109F068
:1031C00003FB012194F9250009F0FEFA0137474578
:1031D0000FD094F83430022BE9D006F1010935788C
:1031E000F3B92946606A0137FEF748FA47454E466B
:1031F000EFD194F93600002802DB012109F0E4FA4E
:1032000094F83430ABB3BDE8F88394F9250000217D
:1032100009F0DAFA012194F9250009F0D5FABCE7A2
:10322000012B38D1082694F9243018462B064FF08C
:10323000000148BF012109F0C7FA012194F92600D5
:1032400009F0C2FA013E002194F926006D0009F050
:10325000BBFA16F0FF06EDB2E5D14E46B6E7002107
:1032600009F0B2FA012194F92500023609F0ACFA0E
:10327000ACE7606ABDE8F843FEF7B8B900F128038F
:1032800093E80600406AFEF74DF958E72946606A60
:10329000FEF7F4F981E794F925004E468EE700BF6A
:1032A00070B506460C4690F93700002109F08CFAFB
:1032B00096F83430A3B3012B21D1082596F9243098
:1032C000184623064FF0000148BF012109F07CFA9F
:1032D000012196F9260009F077FA013D002196F9BF
:1032E0002600640009F070FA15F0FF05E4B2E5D19C
:1032F00096F937000121BDE8704009F065BA96F9EA
:103300002500002109F060FA96F92500012109F055
:103310005BFA96F937000121BDE8704009F054BA14
:103320002146706AFEF7AAF996F937000121BDE837
:10333000704009F049BA00BF70B590F834300546C6
:103340000E4643B3012B1AD12024002195F92430D5
:103350008E42B8BF0121184609F036FA012195F9CD
:10336000260009F031FA013C002195F9260009F008
:103370002BFA14F0FF044FEA4606E6D170BD002197
:1033800090F9250009F020FA95F925000121BDE802
:10339000704009F019BA090E406AFEF76FF9C6F3DA
:1033A0000741686AFEF76AF9C6F30721686AFEF703
:1033B00065F9F1B2686ABDE87040FEF75FB900BF19
:1033C00030B501F0030183B0002302298176B0F902
:1033D0004A40B0F94C208DF8073028D0032920D07E
:1033E000012912D0C02590F8441090F8453084810E
:1033F000C2818DF807500187438701230DF1070231
:103400003621FFF7D1FD03B030BD90F8451090F89C
:103410004730A025C48182818DF8075001874387FA
:10342000EBE7602590F8481090F84430F2E790F808
:10343000471090F848308481C28101874387DCE7D8
:1034400010B584B0CDE900239DF9184002940B46D5
:103450004FF4A072F021044600F0DAF8044B236028
:103460002046002384F8473084F8483004B010BD6B
:10347000B814040070B50D4682B080F846300021C3
:103480000446164600F004F9F02D48D0872D39D0B7
:10349000C6F5A071C5F1F00301EBD17103EBD37355
:1034A000C1F34701C3F3470384F8481084F845107B
:1034B00084F8473084F84430A4F84A50A4F84C60AB
:1034C0001F49204600F0BEF823681E4A1B6B93423A
:1034D00031D194F8445094F84500D4F84A10E16092
:1034E0000023A37602AA65F30F0360F31F43C025F0
:1034F000A36302F8015D204601233621FFF754FD46
:1035000002B070BDF02EC3D1282142F6350234231B
:1035100084F84810A4F8442084F84730CCE7F02E13
:10352000B6D100234FF4A04284F8483084F84730E5
:10353000A4F84420C0E720460021984702B070BD9F
:103540008C140400C1330300054B90F84620002979
:1035500008BF194642F2210301648387FFF76EB961
:103560000048E801F8B5078F448FBDF8185039447A
:1035700089B2224492B20B44013B5419064643EAF5
:103580000145013C2A2144EA0244FFF789FE29460D
:103590003046FFF7D1FE30462B21FFF781FE214652
:1035A0003046FFF7C9FE30462C21BDE8F840FFF752
:1035B00077BE00BF10B501F0030182B000230229DD
:1035C000817690F8444090F845208DF807301CD063
:1035D000032914D001290CD0C023048742878DF819
:1035E000073001230DF107023621FFF7DDFC02B0A1
:1035F00010BDA023448702878DF80730F1E76023D0
:10360000448702878DF80730EBE704874287E8E7B5
:1036100030B585B09DF920409DF9245000949DF966
:103620002840CDE901540446FFF7E6F8044B236037
:1036300020460023A4F8443084F8463005B030BD5D
:10364000181504002DE9F041013111F8015C8046A4
:10365000013DEDB28C1CFF2D2246404615D04F781F
:10366000097807F07F063346FFF75EFD3B0604EB63
:103670000601EDD5A05DFF2801F1010408BF4FF45C
:10368000FA7005F0DDFE2146E2E7BDE8F08100BFFB
:1036900003681B4A1B6D93422DE9F04180460C469E
:1036A0002AD11849016442F22103838790F8462009
:1036B000FFF7C4F8F4B12578611C013DEDB28C1C14
:1036C000FF2D2246404615D04F78097807F07F0637
:1036D0003346FFF729FD3B0604EB0601EDD5A05D5F
:1036E000FF2801F1010408BF4FF4FA7005F0A8FEAD
:1036F0002146E2E7BDE8F08100219847DAE700BF04
:10370000493503000048E801F0B500F124030546FF
:103710000E46174693E8070085B001AC84E8070021
:1037200072012146286A01F0A3FC012806D13A461D
:103730002146286A01F082FC05B0F0BD002005B0EA
:10374000F0BD00BF10B5044601F04AF8002384F82C
:10375000313084F8333010BD90F831200AB10020A8
:10376000704738B504460D461146382209F065FF0A
:103770004023012084F8313084F83300256238BDBD
:10378000F0B40C78202C03D111F8014F202CFBD081
:103790000C4625461160916015F8016B1C492746BF
:1037A000E6B12F2E20D0A6F120045F2C2CD8A6F154
:1037B0002204E4B21D2C23D906F0BF043C2C23D0F4
:1037C0005C2E21D02E2E02D0202E00D095602C46CB
:1037D0002546274615F8016B002EE2D11F601146E1
:1037E000F0BC01F049BB01352678202E27462C4637
:1037F000F9D02F2EF7D01F601146F0BC01F03CBB72
:1038000021FA04F4E407D7D50020F0BC704700BFCC
:10381000010100312DE9F04F90F831C0856985B084
:103820000446BCF1000F1BD0D0E90001994208BF4B
:10383000904216461F4618D056EA070307D10023C8
:10384000A3610120C4E9006705B0BDE8F08F1CF05A
:10385000080F0ED0D4E90223BB4208BFB24208D2FF
:103860000020A56105B0BDE8F08F012005B0BDE8DE
:10387000F08F236A039393F845E494F833A016F18C
:10388000FF320EF1090E47F1FF335FFA8EFECDE9EC
:103890000023CEF1200903FA09FB009B23FA0EF85E
:1038A000019BAEF1200248EA0B08D3401AF0400F0A
:1038B00048EA030803D0E3694344A361C1E710F178
:1038C000FF3A41F1FF3B2AFA0EFE0BFA09F94EEAE4
:1038D000090E2BFA02F24EEA020EF04516D21CF047
:1038E000400F16BF039BE369D3F83434A36104F19E
:1038F00018094A46B8F1000FA3D0A169206A01F067
:10390000F1FB002808F1FF38F3DCA9E750EA0103D6
:10391000E5D0A8EB0E08EAE72DE9F04F90F8333038
:103920000646D80785B040F1A580884659069246DC
:103930006DD496F8313013F0080368D1002A00F0F6
:1039400005811746D6E90012CDE900129A4606F124
:1039500018034FF0000902934DE051EA020340F0D2
:10396000C18096F8312052064CBFD5F83424F26954
:10397000B261D5F82C1495F84504640A023A214442
:1039800082401144BBF1000F40F09780B7F5007FF3
:10399000C0F09380D5F81822914200F0AA80B7F5C4
:1039A000806FC0F0B380012383401B1B7C0AA342BD
:1039B00028BF234691424FEA432402D8C8188242C6
:1039C0004ED3D5F81402424604F0B0F8002851D086
:1039D00020460021D6E9002310EB020B41EB030C3B
:1039E0005A4663463F1BCDE90023A044A144C6E9E3
:1039F000002300F09E80356ADDE90012D5F83844D6
:103A00000C40C4F3080B002CA7D0B269B1E7D6E98B
:103A10000001D6E90245221A65EB01039C4600230A
:103A20009C45934608BFD3453CBF0346A4EB030A1D
:103A3000D6E90445A94208BFA042CDE9000124D23D
:103A4000201A65EB010100238B4208BF824538BF75
:103A500050468245074666D8A0B14FF0000A76E787
:103A600005F504700393009104F0B8FB0099039BE3
:103A70000028A6D196F8323043F0020386F832309F
:103A80004FF0FF3005B0BDE8F08F4FF00009BAF1FC
:103A9000000F5BD052460021404609F0CEFDD6E92A
:103AA000004514EB0A02304645F10003FFF7B2FE71
:103AB0000AEB090005B0BDE8F08FCBF50074BC42FD
:103AC00028BF3C4605F50470002204F049FB00289D
:103AD000D0D000EB0B012246404609F08AFD20467B
:103AE000002177E796F83320B169530604D54A1CC4
:103AF0003EE74FF40074E5E72846029A01F0F2FA37
:103B00000028B7DB1CD0356AB26932E7D5F8140259
:103B1000424603F07BFF0028ACD04FF40070002138
:103B20004FF4007456E7AAEB000A00287FF40FAFA9
:103B30008146BAF1000FADD1484605B0BDE8F08F1F
:103B400096F8313013F0500FF3D193E7504699E7D0
:103B50002DE9F04F90F83330826989B0DE070546D1
:103B6000D0E9009A029240F198805C066BD490F8FC
:103B70003130180767D4012605F11803484651462D
:103B80004FF000080DF11F07CDE9009A9B4650E069
:103B900050EA010340F0B78095F8311049064CBF58
:103BA000D2F83414E969A96192F845C4D2F82C041A
:103BB000640A023901FA0CF120440144BAF1000F01
:103BC00040F08C80B6F5007FC0F08880D2F81802F3
:103BD000814200F09F80B6F5806FC0F0A88001237D
:103BE00003FA0CF31B1B740AA34228BF234681422D
:103BF0004FEA432403D801EB030C60453FD3D2F8CE
:103C000014023A4603F092FF002844D020460021D7
:103C1000D5E9002310EB020941EB030A4A4653465B
:103C2000361B484651462744A044C5E9002300F00E
:103C30008B802A6AD2F838440440C4F3080A002C66
:103C4000A6D0A969B0E7D5E902239A4508BF9145F6
:103C5000D5E9043430D1A24508BF994523D2B3EB4E
:103C600009031E4664EB0A0400230022A34208BF96
:103C7000B24238BF1646002E7FF47EAF13E002F545
:103C80000470CDE90413039204F0A8FADDE90321DE
:103C9000059B0028B3D1DDE9009A95F8323043F056
:103CA000020385F832304FF0FF30029BAB61C5E96B
:103CB000009A09B0BDE8F08FA24508BF99454BD2E4
:103CC000B3EB090364EB0A041E46274656EA0703D2
:103CD000D1D00126002E7FF44FAFE4E7CAF500747F
:103CE000B44228BF344602F50470002204F038FACA
:103CF0000028D0D000EB0A012246384609F079FCB2
:103D00002046002184E795F83300A969430604D5CD
:103D1000013148E74FF40074E5E710465A4601F0D8
:103D2000E1F90028B7DB25D02A6AA9693CE7D2F877
:103D300014023A4603F06AFE0028ACD04FF400703B
:103D400000214FF4007463E7DDE9009AB8F1010F38
:103D5000A9D19DF81F00A8E7012200210DF11F0045
:103D600009F06BFC19F101024AF100032846FFF744
:103D700051FDEEE795F8313013F0500FDDE9009A70
:103D8000E4D18AE72DE9F04F8B469BB090F83110D3
:103D90000490CDE9092329B91A469BF8313013F074
:103DA000500F0AD1049A002382F8313082F8333060
:103DB000029318461BB0BDE8F08F02F00303012BFD
:103DC00006D0022B00F03383002BEBD1012200E060
:103DD00002220A9B03F0080313430D93099B002B57
:103DE00040F00E83032306930023CDE902339BF8B2
:103DF0003330DA0740F194805B06DBE9006700F1BD
:103E0000B0809BF831A01AF0080A40F0AA80CDF8E3
:103E100000A0202512AB059398460BF118034FF034
:103E2000000901933046394648E050EA010366D163
:103E30009BF831104F064CBFD2F83414DBF81C103D
:103E4000CBF8181092F84574D2F82C64640A023941
:103E5000B94026443144BAF1000F3BD1B5F5007F9B
:103E600038D3D2F81802814251D0B5F5806F6BD3A8
:103E7000012303FA07F73F1B6C0AA74228BF274616
:103E800081424FEA472403D87B189842C0F0B081A2
:103E9000D2F814023B46424603F048FE00283FD0C9
:103EA00026460027DBE90023B01847EB03012D1B52
:103EB000A044A144CBE9000100F06681DBF820209A
:103EC000D2F838440440C4F3080A002CADD0DBF823
:103ED0001810B7E7CAF50074AC4202F504704FF051
:103EE000000228BF2C4604F03BF9C8B100EB0A01E0
:103EF0002246404609F07DFB26460027D2E79BF884
:103F00003300DBF81810460611D5013198E702F5A9
:103F1000047000224FF4007404F022F90028E5D167
:103F20009BF8323043F002038BF832303AE7104608
:103F3000019A01F0D7F80028F2DB00F01F81DBF8CE
:103F40002020DBF818107DE7D2F81402424603F077
:103F50005DFD0028E4D04FF4007600274FF4007494
:103F6000A0E7DBE90201841B61EB0705002D08BF18
:103F7000202CDBE9042380F04D819F42A0EB060159
:103F800008BF96420091C0F09E81002940F0FD815B
:103F90000A9B99057FF506AF0D9B9A077FF502AF47
:103FA000099B002B3FF4FEAE039D069A954218D262
:103FB00012AC202221465846FFF7AEFC6B1C0028AD
:103FC00000F03C8220287FF4EDAE35B9DBF800200C
:103FD000DBF818100B91203A0C92DDB2069BAB4235
:103FE000E7D8049D9BF8334038220021284609F089
:103FF00024FB2822DBF8203085F831202946099D52
:10400000C4F380142A6881F82C400B9C4C620C9CF1
:104010000B628C626A60069A2846002A00F01982B8
:10402000571EDFF8B894FFB200260FAD01F1240847
:104030008B46824698E8070085E80700720118461B
:10404000294601F015F8012802467FF4ABAE294657
:10405000DBF8200000F0F2FF044600283FF4A2AE97
:1040600090F90030002BFFF69DAE2022002109F0D0
:10407000E4FAF3B2002E00F01182012B00F0FF8170
:10408000C1232370DAE9013293426ED0591CCAF879
:104090000410187860808A4267D0991CCAF804100E
:1040A0005878A080914260D0D91CCAF80410987842
:1040B000E0808A4259D0191DCAF80410D8782081AE
:1040C0008A4252D0591DCAF80410187960818A4278
:1040D0004BD0991DCAF804105879A0818A4244D067
:1040E000D91DCAF804109879E0818A423DD003F1C5
:1040F0000801CAF80410D87920828A4235D003F129
:104100000901CAF80410187A60828A422DD003F19E
:104110000A01CAF80410587AA0828A4225D003F115
:104120000B01CAF80410987AE0828A421DD003F18C
:104130000C01CAF80410D87A20838A4215D003F102
:104140000D01CAF80410187B60838A420DD003F178
:104150000E01CAF80410587BA0838A4205D003F1EF
:104160000F02CAF804209B7BE3830136069AF3B260
:104170009A4240F26E81DBF820305BE79BF83130E9
:1041800013F0500F3FF4CCAE009B0BBBB9F1000F06
:104190003FF4FEAEB9F1200F7FF404AE9DF8483035
:1041A0001C0644D4039A3AB9DBF80020DBF8181057
:1041B0000B91203A0C92039A0698824202D2013265
:1041C000D2B20392002B00F03481002302930EE65A
:1041D000DBE900671C4622460021404609F02DFA23
:1041E000321947F100035846FFF714FBA144CDE70D
:1041F00002F504700891079203F0F0FFDDE9072152
:1042000000287FF445AE9BF8323043F002038BF870
:104210003230C7E59F4208BF96423CD312AB0593AC
:10422000984620234FF0000900931C46D3E7029ADA
:10423000002A4CD1039A06981146824238BF0021C9
:10424000852B03917FF4D3AD049C0299382220463C
:1042500009F0F3F99DF84C309DF8492084F830209E
:10426000D80603F0370240F1C480049884F8312066
:10427000DBF80030DBF82010DBF818204262203B2E
:10428000016283629BF83330C3F3801380F82C30D3
:1042900001230293ABE52024202000210094921BEF
:1042A00063EB0703994208BF9042009B904638BFDA
:1042B00080464345454657D8B8F1000F3FF468AEF5
:1042C00000230093A6E5002508462946E7E7C02B12
:1042D00062D0C12B7FF479AF099C059904982246DE
:1042E00000F05AFD00283DD0D4E901239A4239D18B
:1042F0000A9B1A053FF556AD13F4884F05D1049B70
:1043000093F833309F0740F1A980049B93F8313034
:1043100013F0110F7FF446AD0A9B5E0540F1A280B9
:10432000049B93F833309D077FF53CAD00220023BA
:104330000498FFF76FFA00283FF434AD049800F0BA
:1043400003FB00283FF42EAD049B93F833309C0709
:1043500006D5049A92F8313043F0200382F83130C8
:10436000029827E5029042E5A3EB08030093B8F119
:10437000000F7FF44FAD009B002B3FF409AE12AB52
:10438000C14605939846009C25E712AB05939846D5
:104390004FF000090C461EE7049A9DF849300D982D
:1043A000114681F83300990703D540F0400382F8A5
:1043B0003330DDE91423049CDDE91801C4E904234A
:1043C000179BE361099BC4E90201002B90D01846BA
:1043D0009DF84B30C268016841609A427FF4F5AEA7
:1043E000028ABDF84C30D31AB3FA83F35B09029307
:1043F000FDE4049B42F0080283F83120184637E7B9
:10440000DB68354A03F10E01A2FB0131DBE9002331
:10441000C9080231C9B2134306913FF4E5AC002349
:104420000022CBE900230023CBF81830DCE4032280
:10443000CFE4099B002B7FF4ABADB3E45846DBF827
:10444000186000F0FBF900283FF4ACACCBF8186022
:10445000C4E5049800F0C4F90290ABE40A9B5B0544
:104460003FF5A0AC0A9B58047FF56EAF0498D0E9E5
:104470000223FFF7CFF900287FF466AF92E4637060
:104480000D9BC02263F07F0322708BF83330DAF883
:104490000C30E370BAF81030A38066E685232370F1
:1044A0008BF830706770D9F800307BB10DF13902AC
:1044B00029460DF13A009847BDF83A306381BDF8BE
:1044C0003C209DF83930228123754EE645F6214384
:1044D0006381E381638248E6898888882CAF002065
:1044E0002DE9F00890F831406CB991F8313013F0B3
:1044F000500F08D0D1E900674FF0000C06F01F0BF9
:104500005BEA0C0303D00020BDE8F00870471346B7
:104510002246BDE8F008FFF735BC00BF00294DD0AA
:104520002DE9F043164695B090F831200096984654
:10453000002305468DF849308DF84A308DF84B3010
:10454000002A37D191F8793413F0500F32D03378F4
:104550002F2B35D001F589644FF0000931466B46A9
:1045600001AA2846FFF70CF920B3009B1B78002B0B
:104570003CD02146002301AA2846FFF703FCC8B11E
:104580002C4606AF05F1300C20686168A268E3682C
:104590003E460FC6103464453746F5D1206830607A
:1045A000284600F01DF906AC85F8319085F8339067
:1045B000009ED3E7002015B0BDE8F08308467047A1
:1045C00016F8013F2F2BFBD00096D1F86874A3B1E9
:1045D000382206A8002109F030F84022012306AC59
:1045E0000E978DF849208DF84B30B5E7434601AA68
:1045F00021462846FFF7C6FBDDE719463822284644
:1046000009F01BF8012140232F6285F8313085F82D
:1046100033100846CFE700BF81692DE9F041044619
:10462000006A01B10131012200F05AFC012805465F
:1046300032D9012301461A46206A00F0ADFC064635
:1046400050B3A76994F8333057B35A0630D57A1C63
:10465000AA4229D023F0400284F83320E36904E021
:1046600000F060FDC0B1A7694346D4F820C003F153
:104670000108BB42194642466046F1D360464FF0FE
:10468000FF32294600F04EFD30B1A16961B12A46E2
:10469000206A00F047FD38B900263046BDE8F081B9
:1046A00043F0400384F83330A5613046BDE8F08123
:1046B000D4F820C0E2E700BF2DE9F0430026474FC1
:1046C00083B080463446002231464046FFF71CF84E
:1046D000054630B10078C0286AD0C1282FD085287F
:1046E00009D098F8323043F0010388F832300020C6
:1046F00003B0BDE8F08398F83130D7F8009003F0AC
:104700003703AB80B9F1000F10D00DF103020DF1AA
:10471000060101A8C847BDF80620BDF804309DF881
:1047200003106975AA812A82EB816B82D8F8202058
:1047300092F8103243F0010382F8103228780146D3
:10474000002202E01F2A0FD8A95CE30343EA5403C6
:1047500011FA83F3012A9CB202F10102F2D18528F9
:104760000CBF04220222EFE7013698F83030F6B28F
:10477000B342A8D2012208F12401D8F8200000F0A9
:104780005DFC0028ADD0D8F820504480284603F0C6
:1047900025FD0028A5D005F5047003F01FFD0028B5
:1047A0009FD0D5F8400403F061FA002899D09FE724
:1047B00098F833206B7852064CBF43F0020303F0A5
:1047C000FD036B70D8E90423C5E90223D8E902236D
:1047D000D8F81C106961C5E90623A7E72CAF0020B3
:1047E00090F8312092B138B590F833201306044682
:1047F0000ED4056A284603F0F1FC88B994F83230EB
:1048000043F0010384F83230002038BD01207047A6
:1048100002F07F0280F83320BDE83840FFF74CBF3C
:1048200005F5047003F0DAFC0028E7D0D5F8400461
:1048300003F01CFA0028E1D0012038BD2DE9F8432F
:1048400090F83120036A5106044662D48068D3F898
:104850003C341844B0F1806F03D300263046BDE8E5
:10486000F8832046FFF7D8FE06460028F5D0256AD3
:10487000A36995F84524D5F82C14A3F10208012367
:1048800008FA02F89340884416D0002708EB070185
:10489000052205F5047003F063FC01374FF4007244
:1048A00000210028D9D008F0C8FE256A95F84524D3
:1048B00001239340BB42E9D894F8317094F8331047
:1048C0007A0619D441F08001D4E9022384F8331028
:1048D000D5F83C0412EB000843F10009C4E9028951
:1048E000D4E90423D5F83C0412EB000843F1000995
:1048F000C4E90489002FB1D00B060FD4284603F079
:104900006DFCA0B994F8323043F0010384F83230E2
:10491000A3E7184600F0AAFD236A98E701F07F019B
:1049200084F833102046BDE8F843FFF7C5BE05F50F
:10493000047003F053FC0028E4D0D5F8400403F0E1
:1049400095F90028DED089E790F833309A074BD5E7
:10495000C169002946D02DE9F04313F04005044613
:10496000D0F818C0006A83B040D0D4E9026790F84C
:1049700045540935EDB216F1FF38C5F1200E47F167
:10498000FF3928FA05F209FA0EFE203D42EA0E022E
:1049900029FA05F52A430132BCF1000F3FD0013955
:1049A000A1EB0C010A440CF101010191002A47D14D
:1049B000D4E90001D4E90467B94208BFB04294F8D1
:1049C00031503CBF06460F4663F07F02C4E90467DE
:1049D000C4E9020184F83320002D37D1012003B04F
:1049E000BDE8F08301207047002070470346BCF10A
:1049F000000F17D10191C4F81CC0184600F0B2FB9B
:104A000048B194F83330D3E74FF0FF32A169206A00
:104A100000F088FB78B9002003B0BDE8F083C4F84B
:104A20001CC0C2E702AA614642F8045D00F05AFBCE
:104A30000028F0DBE8D101990029E2D0236ADCE705
:104A4000002300F0A9FA0028DBD1E4E703F07F039C
:104A500084F833302046FFF72FFEC0E72DE9F04FF2
:104A600090F8333087B09D070446049240F1C68029
:104A70001A07884600F16281D4E90067D4E904ABE3
:104A8000BB4508BFB245C0F0688100220023114633
:104A90001A46049B002B00F09680CDE90267CDE911
:104AA000001204F1180B1D46CDF814B0206A029EC6
:104AB000D0F83834A7691E40C6F3080946BB002F5A
:104AC00000F0FF8094F833305B0640F10081D4E9B8
:104AD000022390F845C40CF1090C5FFA8CFC12F12A
:104AE000FF3A43F1FF3BCCF1200E2AFA0CF10BFA0E
:104AF0000EFEACF1200C41EA0E012BFA0CFCE3692E
:104B000041EA0C010B44BB4240F2E8800137A76147
:104B1000D0F82C3490F84524760AB91E33449140DD
:104B20001944B9F1000F73D1B5F5007FC0F0A5802D
:104B3000DDE900AB5AEA0B0340F09F80B5F5806FCA
:104B4000D0F81872C0F0E480012393409B1B6E0ADA
:104B5000B34228BF3346B9424FEA432A03D85A1812
:104B6000BA4200F2F380D0F81402424603F03AFA57
:104B7000002843D056460027D4E90023B01847EB5D
:104B8000030102460B46CDE90223C4E900230022BB
:104B90000023CDE90023D044A5EB0A05D4E9042382
:104BA000DDE902018B4208BF824207D294F833301C
:104BB000C4E9040163F07F0384F83330002D7FF4EF
:104BC00075AFDDE90267D4E90223BB4208BFB242F8
:104BD000C0F0D4806F4B1B68002B00F0D98094F894
:104BE0003330049863F07F0384F833300DE0206A9B
:104BF00000F5047003F0F2FA002857D194F832302F
:104C000043F0010384F83230002007B0BDE8F08F94
:104C1000C9F500763746012200F5047003F0A0FACA
:104C20000028EBD0DDE900231343484432D0DDE90E
:104C300000ABF3179B45009B08BFB24538BF1F462A
:104C40003A460021B94408F0F8FCB9F5007F4DD090
:104C5000D4E900230021BE18384641EB0307324651
:104C60003B46CDE90223C4E90023DDE90023121A03
:104C700063EB0103CDE9002390E7D4E90067D4E9B1
:104C800004239F4208BF96424FF400773E461CD350
:104C90000522C1E7AF4228BF2F463A464146B944F4
:104CA00008F0A7FCB9F5007FBA46A0D0D4E90067A8
:104CB00016EB0A0247F10003CDE90223C4E9002301
:104CC00065E7E769D7B1A76122E70122A4E7394682
:104CD000059A00F007FA002890DB04D12046FFF780
:104CE0009BFC00288AD0206AA76911E7206A00F59A
:104CF000047003F073FA0028AAD17FE72046FFF77B
:104D00008BFC00283FF47AAFA769E761206AFFE6D1
:104D1000B94205D14FF0FF3380F81092C0F8183235
:104D2000D0F81402424603F03DF800283FF466AF85
:104D30004FF4007600274FF4007A1DE7D0E90223F4
:104D4000FEF768FD00287FF497AE57E74FF0FF327B
:104D500080F81092C0F8182205E752465B462046BC
:104D6000FEF758FD00283FF449AFB6EB0A0667EBA3
:104D70000B0731463A46D4E900678AE694F83330A7
:104D8000049863F07F03C4E9026784F833303CE79A
:104D900004983AE72CAF0020D2E9013CF0B503F1CA
:104DA0000F0E31F8020F9C45C4B2A4F1610603F165
:104DB000010316D0536013F8015C7E28A5F161074A
:104DC0000DD8192F9CBF203DEDB2192E9CBF203C61
:104DD000E4B2AC4203D17345E3D10120F0BD002021
:104DE000F0BDB0FA80F04009F0BD00BF2DE9F843F6
:104DF00090F831300F4693B390F83030012B0646CF
:104E000037D915464FF0020800244FF03F09002221
:104E100041463046FEF778FC08B30378C12B1ED11B
:104E2000621E3A4404F10F0130F8023F8BB10134A5
:104E3000AC4214D27E2B17D88C4202F8013FF3D13A
:104E400008F1010896F830305FFA88F843450C46BF
:104E5000DDD2274400233B702046BDE8F8830024C0
:104E60003C702046BDE8F8838C4202F8019FDBD1FC
:104E7000E6E70024EEE700BFF0B40F688E684F60ED
:104E8000B7422AD03C46002301344C60DD0314F8BD
:104E9000010C45EA530C6346A0F1200503445CFA7B
:104EA00085F56138C5F34E0CC3F34E0219284CEA60
:104EB000C53542EAC3320CD8B442ABB2E4D1F61BDA
:104EC000701EFE28CE608CBF002001200B82F0BC3B
:104ED0007047B44293B2D7D1F1E70023EFE700BFA8
:104EE0002DE9F84F804691468A46002945D08F1E0D
:104EF000D8F83034BB423CD907F0070301259D4068
:104F0000EDB2C7F3C80B3E463C46D8F82C1400223D
:104F100001EB1431404603F023F9E8B10BF1FF3CFB
:104F2000844400F2FF101CF8011F0AE04A4527D014
:104F3000A74210D0D8F83024A24214D913F0FF05AC
:104F40000CD0013429424FEA4503A4EB0602EDD010
:104F5000A7422646EED10120BDE8F88F60454FF00C
:104F60000105E0D101E0002634464FF0000B012599
:104F7000CBE70027BB460125C5E7D0F82074B7E78B
:104F8000BAF1000F04D1B9F1010F08BFC8F82064CD
:104F9000B01CBDE8F88F00BF2DE9F0470239074685
:104FA000D0F8300415468A18824237D89946D7F887
:104FB0002034B9F1000F34D18B4288BFC7F82014D8
:104FC00001F007020124D7F82C349440E4B203EB3B
:104FD0001138C1F3C80A012241463846904403F013
:104FE000BFF8D8B100EB0A0600F500703278224213
:104FF00014BF012300234B4582EA04024FEA440414
:105000000CD0013D327016D014F0FF04EED1013601
:10501000B042A2464FF00104E8D1DCE70020BDE831
:10502000F0878B42CCD39A42CAD9824228BF002251
:10503000C7F82024C4E70120BDE8F08770B50B68ED
:1050400090F84564D0F838440D464968023B0C405E
:10505000B340D0F82C1403EB5423194400F504702A
:1050600003F07EF818B16B68C3F30803184470BDF1
:105070002DE9F8434B68D0F838540E469918716002
:1050800090F845141D4009311544CAB2D5408146F7
:1050900000F504783DB13468377A631C37B1013DBF
:1050A0003360002DF7D10120BDE8F883D9F8303402
:1050B0000133A3423A4640460FD3D9F8241401EBFA
:1050C000D41103F04DF8A400C4F3080428B1035927
:1050D0005A1CE4D13846BDE8F8834FF0FF30BDE8F4
:1050E000F88300BF38B5D0F8303401338B4215D384
:1050F0000C46D0F82414154600F5047001EBD411C9
:10510000002203F02DF848B1A100C1F30801435873
:105110005A1C1ABF2B600120002038BD4FF0FF3011
:1051200038BD00BF01291BD938B5D0F83034013360
:105130008B4201D2002038BD0C46D0F8241415460D
:1051400000F5047001EBD411012203F009F80346C5
:105150000028EFD0A100C1F3080101205D5038BD47
:10516000002070472DE9F84F0C4606460D46D6F84C
:10517000303401339C4269D8D6F824144FEAD41B4A
:1051800006F5047959444846002202F0E9FF002858
:105190005CD04FEA8408C8F3080850F808A0BAF1B8
:1051A000FF3F0ABFBA4601270027012C4ED9D6F887
:1051B00030240132944249D8D6F824144846594440
:1051C000012202F0CDFF002840D00023013440F836
:1051D00008300FB1A2453ED0641BAB1ED6F8302478
:1051E000E118914232D8D6F8202403F00705934203
:1051F0004FF00101D6F82C2438BFC6F8203401FA4C
:1052000005F5EDB202EB1338C3F3C80B012241469A
:105210003046904402F0A4FFC0B100EB0B0100F552
:1052200000700B782B4283EA050C4FEA45020DD043
:10523000013C81F800C00CD012F0FF05F1D1013122
:105240008842AB464FF00105EBD1DFE70020BDE817
:10525000F88F1FB155465746544688E70120BDE8F0
:10526000F88F00BF2DE9F843044600254FF0FF30CA
:10527000C4F840146160C4F8141284F844542570D2
:1052800084F81052A060C4F81802EAB1042A164645
:1052900002D90020BDE8F88304F5047840462A4688
:1052A000294602F05DFF0028F3D006F18056013E4A
:1052B000360100F5DF7083191A79002AE9D0825D82
:1052C0005006E6D19F6802E01F4604F50478404688
:1052D0000022394602F044FF05460028D9D00522B5
:1052E0006149033009F075F80028D2D195F86C3087
:1052F000092BCED12B6D3B44C4F824346B6DC4F81C
:105300002834A96D3944C4F82C14EB6DC4F830343A
:105310002B6EC4F8343495F86D3084F8453403F1BD
:105320000902012393405A1E0546C4F82004C4F81C
:105330003C34C4F83824064641F2010701EB16312B
:105340000022204602F00CFF002874D0013806F13C
:10535000030E06F1020C731C06EB070810F8012F70
:10536000D1076DD4591B012963D0002B63D0D4F829
:105370003014994274D9960764D4ACEB0506012E1B
:1053800057D0BCF1000F56D0614569D956075BD4A0
:10539000AEEB0506012E4CD0BEF1000F4BD071458F
:1053A0005ED912F0080F03F103064FD1A6EB0509F1
:1053B000B9F1010F3DD0F6B3B14251D912F0100F3F
:1053C00003F1040644D1A6EB0509B9F1010F30D071
:1053D0008EB3B14244D912F0200F03F1050639D142
:1053E000A6EB0509B9F1010F23D026B3B14237D995
:1053F00012F0400F03F106062ED1A6EB0509B9F114
:10540000010F16D0BEB1B1422AD9120603F1070628
:1054100024D4721B012A0CD06EB1B14220D90833BA
:1054200098450EF1080E0CF1080C97D1D4F82C1405
:1054300084E7C4F82054402384F84434012029E749
:105440001D4692E765469CE77546A5E73546B2E7F7
:105450003546BDE73546C8E73546D3E73546DBE791
:1054600000252E46E2E700BF70150400F8B5D0F81D
:105470003034D0F8344401339C4205461FD800F53F
:105480000476002704E0D5F830340133A34216D364
:10549000D5F82414002201EBD411304602F060FE4E
:1054A000A400C4F30804013748B10459631CEAD1CD
:1054B00095F845040930C0B207FA00F0F8BD00279E
:1054C000F6E700BF70B590F902308568002B0446FE
:1054D00082B005F124000ADB02F080FE00283DD1F5
:1054E000637843F001036370002002B070BD0122B5
:1054F000A16902F035FE0028F2D0A38803F00F0363
:105500005B01C518ECD0C35CE52BE9D02378194AC0
:1055100003F03703EB72237816681B0744BFE36977
:10552000EB61236A6B831B0CAB8266B10DF1030246
:105530000DF1060101A8B047BDF80430BDF8062002
:105540002B836B82EA82A378A56803F07F03A370A4
:1055500005F1240002F042FE0028C1D005F50D70CF
:1055600002F03CFE0028BBD0286802F07FFB002838
:10557000B6D0BAE72CAF0020F8B503785B0603D4A9
:10558000224B42699A4202D900263046F8BD0246B3
:10559000054652F8104F8068214601F027FC064668
:1055A0000028F1D02F69AA7854BB42F04002A868C5
:1055B00062F07F02AA70827941690479023F9740C4
:1055C0000F44ACB1002407E008F037F8A8680134B4
:1055D0000379E4B2A3420AD90522E119243002F08A
:1055E000BFFD4FF4007200210028EDD1CCE7827995
:1055F00069694FF40073934011FA83F36B61C4E758
:105600000134BC4218BF02F0BF02D0E7FFFD1F000B
:1056100010B5044680680A462430A16902F0A0FD56
:1056200020B1A38803F00F0300EB431010BD00BFAF
:1056300070B5037882B004462BB901200023237093
:10564000A37002B070BD90F902308568002B05F19F
:10565000240018DB02F0C2FD48B9637843F001036F
:105660006370002000232370A37002B070BD05F5A5
:105670000D7002F0B3FD0028EFD0286802F0F6FAB2
:105680000028EAD0DAE70122A16902F069FD0028CA
:10569000E3D0A38803F00F035B01C518DDD0C35C22
:1056A000E52BDAD02378124A03F03703EB72237824
:1056B00016681B0744BFE369EB61236A6B831B0C0D
:1056C000AB8266B10DF103020DF1060101A8B047EE
:1056D000BDF80430BDF806202B836B82EA82A378E4
:1056E000A56803F07F03A37005F12400B2E700BFB3
:1056F0002CAF0020002946D02DE9F041154692B08C
:10570000027800951F4600230646ADF824308DF838
:105710002630002A33D191F8443413F0D00F2ED024
:105720002B782F2B31D001F244444FF0000805E0D4
:10573000009D86F8008086F8028009AC29466B46F9
:1057400001AA304601F038FA01AA21460023B0B17F
:10575000009D2D783046002D43D001F0A7F8354646
:1057600009AC60B10FCD0FC40FCD0FC433782A68D8
:105770002260002BDCD03046FFF7A4FED8E70020E3
:1057800012B0BDE8F0810846704715F8013F2F2B95
:10579000FBD00095D1F84C4493B109A824220021F4
:1057A00007F04BFF0B94E379102B1FD0202BE6D191
:1057B00080238DF82430012309AC8DF82630B4E71E
:1057C00019462422304607F038FFB460E379102BE5
:1057D00010D0202BD3D1802333700121B170084623
:1057E000CEE73B4601AA01F061F8C9E740238DF8F6
:1057F0002430E0E740233370EFE700BF70B50D467B
:10580000C968044699B906780EB1084670BDAD68FE
:105810002422314607F011FFA560EB79102B13D03D
:10582000202B14D1802323700120A07070BD24226E
:10583000002107F002FF102301202370A070D5E99A
:105840000223A260236270BD40232370ECE7304640
:1058500070BD00BF70B504780CB1002070BD054666
:105860000E462422214607F0E8FEAE60F379102BA5
:1058700009D0202B05D180232B700124AC70204649
:1058800070BD204670BD40232B70F6E72DE9F8432C
:105890008278D3070546D0E9047824D5037813F03D
:1058A00008012AD0C069A0EB0806012E28BF0126F6
:1058B00080451CD013F0400FA868C8F308042DD011
:1058C000016A01EB58212430002202F049FC50B15A
:1058D000012E005D0BD1C5E90478BDE8F8832B7873
:1058E00013F0D00F03D16B7843F002036B704FF0CD
:1058F000FF30C5E90478BDE8F8835E0680681FFACA
:1059000088F408D543895B019BB2A342EFD0C4F36E
:1059100008040126D4E7C4F30804012690F8059092
:1059200009EA58299CB9B9F1000F10D1B8F1000F5C
:105930000FD11A064CBF016A296A296190F806C086
:105940004269023901FA0CF14A441144BBE7394675
:10595000F4E719B1530601D5791CEEE705F1100201
:10596000394601F001FB0028BDDBB8D0A8682969E1
:10597000E4E700BF2DE9F04F884681780546C80767
:1059800085B059D52C782107924699465DD4620698
:1059900008D5AA686B695289C3EB42139BB29A453A
:1059A00028BF9A46BAF1000F00F0AA8005F1100353
:1059B00068690093564600276306AA68C0F3080B7F
:1059C0004FEA50215CD5106A0144BBF1000F43D16E
:1059D000B6F5007F40D3D06A81426DD0B6F5806FB6
:1059E00075D32C7864064FEA562304D41479E41B4B
:1059F000A34228BF234681424FEA432403D801EB48
:105A0000030C60450CD3906A424602F08FF898B1BF
:105A10006869361B2044A044686171D02C78CBE7BC
:105A200002F12400CDE90213019202F0D7FBDDE977
:105A30000121039B0028E6D16B784FF0FF3043F043
:105A400002036B7005B0BDE8F08FEB696A699B1AC1
:105A50009A4528BF9A46A5E7CBF50074B44228BF03
:105A6000344602F12400002202F07AFB0028E3D041
:105A700000EB0B01B9F1000F19D0C9F80010C7E70E
:105A800057790F40BBF1000F0FD177B9B8B9240691
:105A90004CBF116A296A296192F806C0546902391B
:105AA00001FA0CF13C4421448FE72969F4E72246CE
:105AB000404607F09EFDABE74FF40074D1E72007A6
:105AC00029690DD5A87843060AD50131E3E7906A24
:105AD000424601F09BFF0028AED04FF4007497E7D8
:105AE0001046009A01F040FA0028A5DB02D0AA680F
:105AF0002969D1E72B7813F0D00F9DD0AAEB060AC5
:105B0000504605B0BDE8F08F2DE9F04F8378DA07F5
:105B100085B0054640F1988090F800C040691CF0BF
:105B2000080F40F09A801CF04004AA6800F09E80A4
:105B3000B2F80AA0C0EB4A1A1FFA8AFABAF11F0F8C
:105B400000F29480BAF1000F00F08280AA680CF095
:105B50004004002705F11003B846B94656460093A5
:105B6000C0F3080B410A002C37D0106A0144BBF186
:105B7000000F4FD1B6F5007F4CD3D06A88427AD05F
:105B8000B6F5806FC0F083802C7864064FEA562308
:105B900005D41479A4EB0804A34228BF2346884205
:105BA0004FEA432403D301EB030C604540D3906AD2
:105BB0004A4601F0BBFF002846D06869361B2044E6
:105BC000A14468617DD095F800C0AA680CF040043B
:105BD000C0F3080B410A002CC7D192F8058008EAEF
:105BE0000108BBF1000F44D1B8F1000F41D10028EA
:105BF00044D11CF0800F14BF116A296A296192F800
:105C000006C05469023901FA0CF144442144BBF145
:105C1000000FAFD0CBF50074B44228BF344602F178
:105C20002400002202F09CFA70B100EB0B07C4E7DD
:105C300002F12400CDE90213019202F0CFFADDE96E
:105C40000121039B0028B2D16B7843F002036B70F3
:105C50000027384605B0BDE8F08FEB69A3EB000ADA
:105C6000BAF1200F28BF4FF0200A6BE74FF0200A4F
:105C70006FE72969C3E74FF40074D0E71CF0080F01
:105C800029690DD0A87843060AD50131B6E7906A94
:105C90004A4601F0BBFE0028D6D04FF400748CE7D2
:105CA0001046009A01F060F90028CDDB02D0AA6806
:105CB0002969A4E72B7813F0D00F18BFAAEB060AC6
:105CC000C2D0BAF1200FC3D1384605B0BDE8F08F7D
:105CD0002DE9F04103780669044693B10D46416908
:105CE000A94212D045B98278056122F02002A27043
:105CF00065610120BDE8F081180709D5E269AA4273
:105D000011D226610020BDE8F0810120BDE8F081BC
:105D10005A06D4F808C008D5BCF80A30B5EB431FC2
:105D2000EFD8A278E1E7D4F808C09CF80600A27882
:105D30000930C0B26F1E12F0400F27FA00F715D1DC
:105D40004A1E22FA00F0874214D399B13F1A04F197
:105D5000100807E02169A06801F006F9002807F1A2
:105D6000FF37CEDD4246002FF4D1DAE7236A1F4425
:105D70002761BAE71B064CBFDCF82030236A236199
:105D8000E5E700BF2DE9F0410D46904600212422B1
:105D900004461E469DF8187007F04FFCA8682B6A51
:105DA000E36000F1340208F00F0302EB4312A0603D
:105DB000A4F80480D17A0D0712D401F037012170C4
:105DC000D37AE77013F0180F08BF41F0080106F00E
:105DD000030308BF2170012B07D0022B2AD07BB10F
:105DE00000202070A070BDE8F0810223A37011F0A4
:105DF000110FF5D141F02001217006F4806C03E011
:105E000016F4806CECD1012306F008010B43A3705B
:105E1000958A518BC76AA76141EA0541BCF1000F21
:105E20000BD0A9B963F07F03A370730409D40120D8
:105E3000BDE8F0810323A370D9E72162D369E36150
:105E4000F3E7E1692046FFF743FF0028C8D0EEE7FB
:105E500001F0C8F80028C3D0A378E3E70378002B4B
:105E600040F09E800B7813F0D00F00F099802DE960
:105E7000F04F4B698BB0029313F01F0340F09280F8
:105E80000393079301F1100309920D4608900493C0
:105E9000AB7813F0010300F0048195F800C01CF00A
:105EA000080F00F0B280EB69029AA3EB020ABAF184
:105EB000200F28BF4FF0200ABAF1000F72D0AA6855
:105EC00002980CF040040027B846B9465646C0F385
:105ED000080B410A002C39D0136A1944BBF1000F9A
:105EE0004FD1B6F5007F4CD3D06A884260D0B6F56A
:105EF000806F77D32B785C064FEA562B05D4137945
:105F0000A3EB08039B4528BF9B4688424FEA4B24DE
:105F100004D301EB0B039842C0F0A680906A5B4665
:105F20004A4601F003FE00284BD06869361B204426
:105F3000A144686100F0828095F800C0AA680CF066
:105F40004004C0F3080B410A002CC5D192F805802B
:105F500008EA0108BBF1000F28D1B8F1000F25D1E4
:105F6000002836D11CF0800F14BF116A296A2961FC
:105F7000947950690239A14040440144BBF1000FBB
:105F8000AFD0CBF50074B44202F124004FF0000210
:105F900028BF344602F0E4F898B100EB0B07C4E7E1
:105FA0000020704700200BB0BDE8F08F2969DFE7C3
:105FB00002F1240000224FF4007402F0D1F800280E
:105FC000EBD16B7843F002036B7000200BB0BDE89F
:105FD000F08F1CF0080F29690DD0AB785B060AD54D
:105FE0000131C4E7906A4A4601F010FD0028E8D06C
:105FF0004FF4007499E71046049A00F0B5FF0028AA
:10600000DFDB15D0AA682969B2E71CF04004AA6852
:106010003BD0B2F80AA0029BC3EB4A1A1FFA8AFAD5
:10602000BAF11F0F7FF648AF4FF0200A18464AE733
:106030002B7813F0D00FC4D0AAEB060ABAF1200FC8
:10604000B0D1002FAED03B78002BABD02E2B06D09A
:10605000E52B04D0FA7A110729D50F2A19D000238D
:1060600003936B69029313E702F1240006910592F2
:1060700002F0B4F8DDE9052100287FF44FAF6B781A
:1060800043F002036B700020A0E74FF0200A029853
:1060900019E75A06E5D503F01F0303937B7B0793AB
:1060A000DFE76A7842F0020218466A707BE7039ADB
:1060B000002A48D0DA017978787A42EA53035A18EC
:1060C000C2F34603B97843EAC21351FA83F2C2F32A
:1060D0004603F97843EAC21351FA83F2C2F3460346
:1060E000397943EAC21351FA83F2C2F3460379794C
:1060F00043EAC21351FA83F2C2F34603B97943EA81
:10610000C21351FA83F2C2F34603F97943EAC21388
:1061100051FA83F2C2F34603397A43EAC21351FAC1
:1061200083F2C2F3460343EAC21350FA83F2C2F386
:106130004603B97A43EAC21351FA83F3079ADBB2F2
:1061400093427FF42FAF029A039B0093C2F34F1246
:10615000099B08982946FFF715FE24E70378A3B1A9
:1061600070B590F902308568002B044682B005F1C5
:1061700024000CDB02F032F800283CD1637843F0B5
:1061800001036370002002B070BD0120704701223E
:10619000A16901F0E5FF0028F0D0A38803F00F0308
:1061A0005B01C518EAD0C35CE52BE7D02378184A19
:1061B00003F03703EB72237816681B0744BFE369CB
:1061C000EB61236A6B831B0CAB8266B10DF103029A
:1061D0000DF1060101A8B047BDF80430BDF8062056
:1061E0002B836B82EA82A378A56803F07F03A370F8
:1061F00005F12400BEE705F50D7001F0EFFF002862
:10620000BCD0286801F032FD0028B7D0BBE700BF42
:106210002CAF00202DE9F04F83789C0783B0054612
:106220006AD592461A07894661D46A69D3435345B1
:1062300062D3BAF1000F4BD057464FF4007BA868E9
:10624000296990F8058018EA5228C2F308065BD144
:10625000002E40F08680002900F09080AB785B062D
:1062600003D5EB69934200F29E8005F110031A46B4
:10627000019300F079FE00283EDB2C69A868019BA1
:1062800000F0AA8082794369A11E91401944B7F5B4
:10629000007F5CD3B7F5806FC26A73D30379A3EB39
:1062A00008034FEA5728434528BF434691424FEA27
:1062B000432402D8CE18964278D8806A4A4601F024
:1062C00091FEC8B16A693F1B2244A1446A61B6D1FC
:1062D000EB699342C0F099804F4B1B68002B00F094
:1062E0009280AB7863F07F035046AB7009E0C169E0
:1062F000FFF7EEFC002898D16B7843F001036B7038
:10630000002003B0BDE8F08F8379426902399940DB
:1063100011444144002EBAD0C6F50074BC4228BFD7
:106320003C460122243001F01BFF0028E4D0304419
:1063300022464946264407F05CF9B6F5007FC1D1F4
:10634000A868243001F04AFF0028BBD1D4E76A696D
:10635000EB695F453C4628BF5C469A4207D305225D
:10636000E0E783794269023999401144D4E7AB7878
:1063700013F0200F0CBF01220522D3E72C6AE4B1F1
:106380002C617FE7914205D100224FF0FF3380F866
:106390002420C362806A4A4601F004FD0028ABD085
:1063A0004FF400748EE74C1C2C616BE700264FF015
:1063B000FF3280F82460C2627FE7214605F11002B7
:1063C00000F014FD002897D0AB782C692C6263F0A4
:1063D0003F03AB70A86855E71A46214600F006FD5A
:1063E000002889D02A69AB7854B10134944218BF8F
:1063F00003F0BF0363F07F03AB701446A86841E766
:1064000043F04003F6E750467BE7AB78EA6163F080
:106410007F035046AB7074E72CAF00202DE9F04F9E
:106420000546164607468B469A460FCD8DB003ACFF
:106430000FC40FCD0FC42A68336822607360BAF1AD
:10644000000F3ED0CDF804A04FF00109B246ABEBEF
:10645000090189B2490103A8FFF73AFC98B303A8E0
:10646000FFF752FB804670B30026F2B24146384631
:1064700000F0FEFBDAE90121C4B28A4202F1010513
:10648000A4F1610C06F1010621D07F281BD8CAF8BF
:1064900004501578BCF1190F98BF203CA5F161029A
:1064A00098BFE4B2192A9CBF203DEDB2A5420AD1A3
:1064B0000D2EDAD109F10109019B5FFA89F94B45EB
:1064C000C5D2012000E000200DB0BDE8F08FB0FA89
:1064D00080F040090DB0BDE8F08F00BF2DE9F04F0E
:1064E00092F81280D67C157D4FEAC81E4EEA580EEF
:1064F0000EEB0608C8F3460E4EEAC81E55FA8EF893
:106500008446C8F3460E507D4EEAC81E50FA8EF8F7
:106510001446C8F3460E927D94F81A904EEAC81EAF
:1065200052FA8EF8C8F3460E4EEAC81E94F8178049
:106530000F4658FA8EF81D46BCE80F00C8F3460E09
:106540004EEAC81E94F818808BB058FA8EF801AE47
:106550000FC6C8F3460EBCE80F004EEAC81E94F8FA
:10656000198058FA8EF8C8F3460E0FC64EEAC81EB8
:10657000DCF80080E17E227FC6F8008059FA8EFCAC
:10658000CCF3460343EACC1351FA83F3C3F3460634
:1065900046EAC3162368636052FA86F6002D4FD090
:1065A000F6B24FF0010B4FF0000A45F040094FF0F2
:1065B0000F08A7EB0B0189B2490101A8FFF788FB7F
:1065C00000284FD001A8FFF79FFA00284AD0039A6D
:1065D00092F824305D4543F0010382F8243018BF5F
:1065E00059464FF0000308BF494680F80B804673B8
:1065F00001700373D4F808C0438301300BE00A290B
:1066000003F1010394BFA0F80320A0F805200D2B8F
:1066100000F102000ED06268624515D0511C616025
:106620001278042BD9B2EAD801330D2B028000F185
:106630000200F0D10BF1010B5FFA8BFB5D45B8D284
:1066400001200BB0BDE8F08FBAF1000F06D00AF1BF
:10665000010A5FFA8AFA4FF6FF72E2E752464FF0FC
:10666000010ADEE700200BB0BDE8F08F2DE9F0470E
:1066700002464FF0203152F8123BD0F808C0C0F863
:1066800012105160C2F807101A782E2A074614BF5C
:106690000120002003D113F8012F2E2AFBD00CF18A
:1066A000FF3199420FD91CF8012C2E2A18BFACF1EA
:1066B000020203D107E00C782E2C04D0934211463D
:1066C00002F1FF32F7D19C454FF0000E6AD97446B3
:1066D000F2464FF007084FF008091A782E2A20D00A
:1066E000222A26D07C2A24D0A2F15B05022D20D9B3
:1066F000A2F12A05052D5ED9A2F13A05052D12D980
:10670000A2F121055D2D0ED844452DD8A2F16105D9
:10671000192D49D8203A4EEA090ED2B25FFA8EFE00
:106720000BE0994238D002F0C002802A08BF002056
:106730000AD0444518D800205F22651C3E19ECB2EF
:10674000062CB27400D83C7401339C45C5D8BB7C80
:10675000202B11D098B11EEA0A0F18BF4FF0020E7D
:1067600087F811E0BDE8F087B8F10A0F01D099422F
:106770000FD2BB7C202B02D10020BDE8F0873B7CF0
:106780003B4401207E21312278749974DA74BDE88B
:10679000F0874B1E0020D7E74FF00A0808244FF07F
:1067A0001009D1E7F246D2E7A2F14105192D98BFB1
:1067B0004AEA090AC1E72D2AA6D0B4E72DE9F04735
:1067C00091F810808946054601F112074FF0620AE0
:1067D000002602F029FE3044B8F1030F80B228BF32
:1067E0004FF0030800F00F02092A08F104038CBFE0
:1067F00002F1370102F13001DBB208F103024B4430
:10680000D2B2424599744FEA20164DD906F00F06D0
:1068100008F10203092E4A44DBB28CBF373630360A
:10682000434596744FEA20263ED906F00F06092EFE
:106830004B444FEA20308CBF3736303608F1010226
:1068400009289E74C1B2D3B223DD37314B440026F0
:10685000997409EB08037E229A7400212846FFF7F9
:1068600037FA2846FFF750F90B220346014690B14C
:106870001C783846ACB1DB7A1B07F2D406F0AAFECE
:106880000028EED10AF1FF3A1AF0FF0AA1D15046D2
:1068900005E03031DAE76878B0FA80F04009BDE809
:1068A000F0870120BDE8F087B6B2D2E72DE9F04FBE
:1068B0000C7814F0D00F8DB061D00478002C5ED12C
:1068C000D468BA4E557C07930C34A6FB04640E467C
:1068D000AD07C4F3870418BF04F101084FF00001AD
:1068E000B3680990924630460F460494089314BF4B
:1068F0005FFA88F84FF001080691FFF7E9F90AF10D
:106900001203BB463C46B94605970393756930466A
:10691000C5F34F15FFF7F8F830B30378E52B32D005
:10692000002B30D0444538BF00242E2B36D0C27AFD
:106930000F2A36D0130731D4B9F1000F7FD10B22C3
:10694000039906F047FE0028E0D19AF81130D807E5
:1069500040F1C2807569012330460593C5F34F1598
:10696000FFF7D2F80028D8D1737843B9079B1A46AD
:10697000920504D503F00303013B012B38D9002015
:106980000DB0BDE8F08F002C08BF2F4644453CBF3A
:106990000134E4B2002BE9D0E52BC6D14FF0000959
:1069A000B4E7B9F1000F0AD1049A03F01F0B5A455E
:1069B000ACD15906AAD5437B0693914609E00BF169
:1069C000FF3B5FFA8BFB5B45E8D1437B069A934222
:1069D000E4D1BBF1010F99D1691C4B4689B25246F3
:1069E0003046FFF71BFD002808BF4FF000098DE778
:1069F000002C08BF2F46444503D30BE0DCB2A04572
:106A000076D03046FFF780F8631C0028F6D1737803
:106A1000002BB4D1A4B21FFA88F5A5426AD9DDF8DB
:106A2000209006E099F8043004EB0314A4B2A542C8
:106A300060D93046FEF7A0FD0028F3D19FE7BBF1F7
:106A4000010F9CD102784178447AD30143EA520382
:106A50005A18C2F34603817843EAC21351FA83F20B
:106A6000C2F34603C17843EAC21351FA83F2C2F378
:106A70004603017943EAC21351FA83F2C2F3460393
:106A8000417943EAC21351FA83F2C2F34603817992
:106A900043EAC21351FA83F2C2F34603C17943EACF
:106AA000C21351FA83F2C2F34603017A43EAC213D6
:106AB00051FA83F2C2F3460343EAC21354FA83F253
:106AC000C2F34603817A43EAC21351FA83F3069A6A
:106AD000DBB29A427FF453AF079B19053FF54FAFE6
:106AE000CDF800902A4631460998FFF74BF947E761
:106AF00044468FE7059B33B151463046FFF75EFEB3
:106B000000283FF43CAF08F1FF385FFA88F907EB43
:106B10000905ADB229464B4652463046FFF7DEFC2A
:106B200000283FF42CAF69013046FFF7D1F8002868
:106B30003FF425AF3046FEF7E7FF044600283FF458
:106B40001EAF2022002106F078FD5346184A53F864
:106B5000121F58686060216019899B7AA372218195
:106B60009AF81130176803F018032373BFB10DF1C1
:106B70002B020DF12E010BA8B847BDF82C10BDF863
:106B80002E209DF82B302182E2816373089A92F8BF
:106B9000243043F0010382F82430079BA0E745F638
:106BA0002142044B22832361F0E700BF4FECC44E27
:106BB0002CAF0020215C215CF0B40878202803D1A0
:106BC00011F8014F202CFBD00E46002034461160F6
:106BD000D06014F8015BDFF894C03746FDB12F2D6B
:106BE0002DD0A5F120065F2E26D8A5F12206F6B2FB
:106BF0001D2E1DD905F0BF003C281DD05C2D1BD0DB
:106C00002E2DA4EB010003D0202D01D0C2E90240BB
:106C100026463446374614F8015B002DDFD1D16893
:106C20000139FE2908D81F601046F0BCFFF71EBDD1
:106C30002CFA06F6F007DDD50020F0BC7047D168CD
:106C40000139FE29F8D8317820293746264605D162
:106C500031780134202937462646F9D02F29F7D03C
:106C60001F601046F0BCFFF701BD00BF01010031FD
:106C7000042A0CD90A2A06D90C2A9ABF01EB42022F
:106C8000D0880020704701EB42029088704701EBEA
:106C90004202B2F8010070472DE9F0478AB003784C
:106CA0000024ADF8044089468DF80640002B55D0ED
:106CB0009246C2780546002A4AD001A82946FEF726
:106CC0009DFD00284AD0EB78002B00F0888001263B
:106CD0004FF03F08A988891B89B2490101A8F7B282
:106CE000FEF7F6FF002839D001A8FEF70DFFA8B384
:106CF000C37A0F2B32D1037803F01F03BB422DD18F
:106D0000611E013049440023042B2ED90A2B94BF65
:106D1000B0F80320B0F8052003F1010C9AB101345A
:106D2000A2451BD97E2A22D85FFA8CF30D2B01F8DD
:106D3000012F00F10200E7D10137EB78FFB20136F5
:106D4000BB42B6B2C6D2A144002389F8003008E0A5
:106D500013F0C00419D0BAF1010F11D8002489F83A
:106D6000004020460AB0BDE8F0870288D4E75FFA09
:106D70008CF30D2B01F8018F00F10200C4D1DBE789
:106D80002F234A700B700124EBE72146FEF740FCED
:106D90000028E3D023462246082604460EE0057B61
:106DA0002E4201F1200500D0E9B2551CAA45D5D9E3
:106DB00009F80210EAB201330C2B0BD02178082B12
:106DC000A1F141050DD0192D04F10104E7D92029C5
:106DD000EBD1F0E70023144609F80230C1E71C4666
:106DE000B2E72029F6D010262E21DEE72DE9F84360
:106DF000C468C3698C4205460E4617463ABF0C4626
:106E00004FF000084FF0010800F50D790134A3425E
:106E10000BD2B8F1000F02D00020BDE8F883EC6877
:106E20000134A342F8D34FF00108A642F4D0012C5C
:106E3000F2D9EB79202B3DD0102BEDD12A7AAB691A
:106E4000022AC4F3072118BF00221944484601F062
:106E500087F90028E0D0630003F4FF73C25AEB699E
:106E60009A42D3D8002AD1D1B8F1000F00D0EC60FB
:106E70009C42D1D8EB79202B4BD0102BCCD12B7A44
:106E8000A969022BC4F307230CBF03220122194472
:106E9000484601F065F90028BED01FFA84F84FEA91
:106EA000480303F4FF734FF6FF72C2529EB93C6071
:106EB0000120B2E72A7AA969022A18BF002201EB51
:106EC000D411484601F04CF90028A5D0A30003F4E2
:106ED000FE73C258C3E7012E9ED9EB699E429BD830
:106EE000EB79202B2DD0102B96D12B7AA969022B70
:106EF000C6F307230CBF032201224846194401F0C0
:106F00002FF9002888D0730003F4FF7320F8038062
:106F1000CDE72B7AA969022B0CBF0322012201EBDA
:106F2000D411484601F01CF900283FF475AF1FFA50
:106F300084F84FEA880303F4FE736FF07042C25086
:106F4000B4E72B7AA969022B0CBF03220122484621
:106F500001EBD61101F004F900283FF45DAFB30056
:106F600003F4FE73C450A2E7012937D9C3698B42E9
:106F700034D370B5C379202B164605460C4619D07C
:106F8000102B28D1027A8369022AC1F3072118BF86
:106F90000022194400F50D7001F0E2F8D8B161004B
:106FA00001F4FF71435AEA6993429ABF33600120AA
:106FB000002070BD027A8169022A18BF002201EB0D
:106FC000D41100F50D7001F0CBF820B1A10001F44F
:106FD000FE714358E7E74FF0FF3070BD4FF0FF30D0
:106FE000704700BF01297BD92DE9F843C369994255
:106FF0000D46044627D800F50D774FF00008E379D9
:10700000202B23D0102B1ED1227AA369022AC5F38C
:10701000072118BF00221944384601F0A1F890B1A9
:107020006B0003F4FF73C25AE369934226BF16460E
:107030004FF001094FF000099D4204D8E379202B5D
:1070400015D0102B35D00020BDE8F883227AA16935
:10705000022A18BF002201EBD511384601F080F852
:107060000028F0D0AB0003F4FE73C258DCE7237AAB
:10707000A169022B0CBF0322012201EBD511384676
:1070800001F06EF80028DED0AB0003F4FE7340F888
:107090000380E368AB4284BF05F1FF35E560B9F1D9
:1070A000000F1AD0012ECED9E369B3423546A6D2DD
:1070B000C9E7227AA369022AC5F307210CBF03227C
:1070C00001221944384601F04BF80028BBD06B0070
:1070D00003F4FF7320F80380DBE70120BDE8F883A9
:1070E00000207047F8B50446012600204FF0FF3518
:1070F000E6602160A162C4F83812E07184F82400CF
:1071000084F8340204F12406E562C4F83C52D2B19A
:10711000042A154601D90020F8BD02460146304632
:1071200001F01EF80028F6D005F18055013D2D0133
:1071300000F5DF7043191A79002AECD0425D52063F
:10714000E9D19F6800E01F4630460022394601F031
:1071500007F80028DFD0B0F80B30B3F5007FDAD1A4
:10716000017C4B1E012BD6D82172427B2271551E09
:107170000023012A6571A37149D0022A49D0042A4B
:1071800049D0082A49D0102A49D0202A49D0402A7B
:1071900049D0802A03D0082312B1A371BBE707238B
:1071A000A3711D46C68A26610EB9466A2661B0F8EB
:1071B0000EC0BC44C4F818C0B0F81120628153015D
:1071C00006FB01C103F2FF1301EB5323636121624C
:1071D000B0F8132002B9026AFB1A1344EB4040F6E0
:1071E000F472591C9342E1610DD94FF6F472934247
:1071F00085BFC36A236210232023E3712663C4F88A
:1072000040620120F8BD0C23E3710020F8BD1D464B
:10721000C8E70123C4E70223C2E70323C0E704232E
:10722000BEE70523BCE70623BAE700BF81421DD0B5
:10723000F8B5002787638E6BC7630C460546B6B169
:107240000146242000F0D8F807808770A863A76B58
:10725000B842064606D00FCF35460FC50FCF0FC533
:107260003B682B600023C4E90E33F8BD7047CB6B3D
:10727000002BF7D00146382000F0BEF880F83160CE
:1072800080F8326080F83360E863E36B9842E9D0BD
:1072900003F130021E685D689968DF68C7601033CB
:1072A000934206604560816000F11000F2D11B68D6
:1072B0000360D7E710B50446806B60B9E06B28B176
:1072C000FCF740FA0023C4E90E3310BD002301206F
:1072D000C4E90E3310BDFEF7ABF90023C4E90E3349
:1072E00010BD00BF002945D02DE9F8430446806B4E
:1072F0000F469946904600BBE06B00B3FCF722FABC
:10730000D7F880640025C4E90E55FEB9D7F8843457
:107310006BB32146382000F06FF880F8316080F8B8
:10732000326080F83360D7F88414E0634B464246FD
:10733000FDF7F4F8C0B9E06317E0FEF779F9D7F884
:1073400080640025C4E90E55002EDFD0214624209C
:1073500000F052F805808570D7F88014A0634B4682
:107360004246FEF7C7F938B10120BDE8F883002096
:10737000BDE8F88300207047A063BDE8F88300BF34
:107380002DE9F0410446806B0E469046D0B9E06B83
:1073900008B1FCF7D7F90025A563B76BE563A7B182
:1073A0002146242000F028F805808570A06342461D
:1073B000B16BFEF753FD10B10120BDE8F081A06371
:1073C000BDE8F081FEF734F9E5E7F06B0028F4D072
:1073D0002146382000F010F880F8317080F83270C3
:1073E00080F83370E0634246F16BFDF779F80028CE
:1073F000E2D1E063BDE8F081084670472DE9F8432B
:10740000002506460F46C0F8805401464FF49060B0
:1074100098469146FFF7F0FF4FF0FF338360C0F8C6
:10742000183245600570C0F8145280F8105280F888
:10743000445480F8795480F87A5480F87B54089B3F
:10744000C6F88404424639460446FDF70BFF30BBBC
:1074500000253146C6F884544FF48D60FFF7CCFF09
:107460004FF0FF33C362C0F83C32C571856280F8CB
:107470002450C0F8385280F83452A0F8445480F8B0
:10748000465442463946089BC6F880040446FFF736
:1074900029FEF8B90020C6F88004BDE8F88304F599
:1074A00089652846FCF74EF921462846FCF754F931
:1074B0000028CDD0104B1A68DAB1104BB9F1000F8B
:1074C00004D11A6812B10120BDE8F8831E600120C2
:1074D000BDE8F88304F244452846FEF7A9F82146A2
:1074E0002846FEF7B7F90028D4D0054B1A68002AC1
:1074F000E3D11C60E1E700BF20AF002028AF0020EF
:1075000024AF002070B54FF47A7600258660054ED2
:1075100045600446C0E9125540F8106BFFF7E2FEE3
:10752000204670BD0C07040010B504460121807C84
:1075300000F014FEFF212068FAF7A0F82068FAF79F
:1075400055F80023237510BD2DE9F041457D82B02B
:10755000022D04460E46019241D0012D6DD0037DCF
:10756000002B56D096B10C2E10D001F05DFF00F527
:10757000967085B204E001F057FF281A010468D420
:10758000FF212068FAF77AF8FF28F4D146F040018D
:107590002068FAF773F801AF02AD15F8011D2068F5
:1075A000FAF76CF8AF42F8D1002E14BF872195216D
:1075B0002068FAF763F8FF212068FAF75FF80A25D8
:1075C000FF212068FAF75AF8020605F1FF33A0758B
:1075D00002D513F0FF05F3D102B0BDE8F08101F050
:1075E00023FF00F5167087B204E001F01DFF381A82
:1075F000000432D4FF212068FAF740F8FF2805463E
:10760000F3D1FD212068FAF739F8237D002B56D1FC
:107610006375234653F8040B93E80600F9F782FFDD
:1076200001230021A07C237500F098FDFF21206834
:10763000FAF724F8002E96D1A8E7002747753A46B6
:107640000C21FFF781FF237D8046D0B10922E2742F
:107650003BBBFF2002B0BDE8F081237D1F22E27416
:10766000002BF6D00121A07C00F078FDFF212068DE
:10767000FAF704F82068F9F7B9FF00232375FF2013
:10768000AAE7002BC5D02946A07C00F067FDFF21AA
:107690002068F9F7F3FF2068F9F7A8FF84F8148051
:1076A000B7E72946A07C00F059FDFF212068F9F7D3
:1076B000E5FF2068F9F79AFF2775FF208CE7012185
:1076C000A07C00F04BFD29462068F9F7D7FF206821
:1076D000F9F78CFF0023237563759AE72DE9F04FC6
:1076E00087B001AC84E80E00044600259DF8040034
:1076F000A074657425756575A575E575E5749DF8C7
:1077000005A000F027FDA07C012100F027FDBD4B66
:107710000398BD4A2572A84208BF184601231AF0F3
:10772000020F62606372206000F00181257D0126F6
:107730006674002D00F0EA800121A07C00F00EFDAF
:107740000A26FF212068013EF9F798FF16F0FF0690
:10775000F7D13146A07C00F001FD01F065FE00F597
:10776000FA6087B204F104084FF00109657D0596BF
:10777000022D63D0012D00F08D80237D002B79D068
:1077800040212068F9F77AFF0DF1140B06AD15F8CA
:10779000011D2068F9F772FFAB45F8D195212068EB
:1077A000F9F76CFFFF212068F9F768FF0A25FF2130
:1077B0002068F9F763FF10F0800F834605F1FF336F
:1077C000A0751BD013F0FF05F1D101F02DFE381A82
:1077D0000004CBD50123E374207D60B10121A07C9E
:1077E00000F0BCFCFF212068F9F748FF2068F9F79A
:1077F000FDFE0020207507B0BDE8F08F0128E4D120
:1078000008214FF4D5722046FFF79EFE410700F194
:107810009F800425FF212068F9F730FF6B1E13F0CD
:10782000FF05A075F6D1AA2800F0C68001F0FCFD86
:10783000381A0204E4D50623E374CDE701F0F4FD21
:1078400000F516701FFA80FB05E001F0EDFDABEBD3
:10785000000005043ED4FF212068F9F70FFFFF2840
:107860000546F2D1FD212068F9F708FF237D002BA2
:1078700060D1637598E806002068F9F753FEA07C94
:1078800084F81490002100F069FCFF212068F9F7CA
:10789000F5FE75E7667500220C212046FFF754FEC1
:1078A000237D834610B30922E274002B8DD0012181
:1078B000A07C00F053FCFF212068F9F7DFFE206870
:1078C000F9F794FE267501F0AFFD381A00047FF534
:1078D0004DAF7FE7237D1F22E274002BE7D101F03B
:1078E000A3FD381A00047FF541AF73E7002BC1D028
:1078F0002946A07C00F032FCFF212068F9F7BEFE8B
:107900002068F9F773FE84F814B0B3E7234653F800
:10791000040B93E80600F9F705FE2946A07C2675BE
:1079200000F01CFCFF212068F9F7A8FE04E7F9F736
:10793000B5FDFBE60121A07C00F010FC2946206883
:10794000F9F79CFE2068F9F751FE2675667591E7F8
:107950000126002504E001F067FD381A03042FD446
:10796000002237212046FFF7EFFD2A462921204635
:10797000FFF7EAFD0028EED1022E24D0237D63B16B
:107980000121A07C00F0EAFBFF212068F9F776FED8
:107990002068F9F72BFE00232375029A84F817B0AC
:1079A00001200AF0010A002384F810A0626023720B
:1079B000607207B0BDE8F08F02264FF08045CFE738
:1079C0001723E37408E702463A212046FFF7BCFD7F
:1079D00010B11223E374FFE6FF212068F9F74EFE91
:1079E00000F0C000C0280CBF4FF0030B4FF0020B9B
:1079F0000325FF212068013DF9F740FE15F0FF0542
:107A0000F7D1BBE7F8AE0020801A060070B5437DC1
:107A1000012B04460D46164602D1C36899421FD079
:107A2000E37D032B14BF6A022A4612212046FFF78A
:107A30008BFD90B1237D0C22E27453B3A07C012115
:107A400000F08CFBFF212068F9F718FE0025206864
:107A5000F9F7CCFD2575284670BD0123E5606375F7
:107A600001F0E2FC00F5967085B204E001F0DCFC68
:107A7000281A030410D4FF212068F9F7FFFDFF281E
:107A8000A075F3D0FE280AD01923E374237D002BC0
:107A9000D4D10025284670BD1E23E374F6E7751E79
:107AA00006F2FF16FF212068F9F7E8FD05F8010F3F
:107AB000B542F7D10023A375FF212068F9F7DEFD59
:107AC000FF212068F9F7DAFDE368257C0133E360E4
:107AD0000DB10125DEE765752A460C212046FFF72A
:107AE00033FD064688B1237D0922E274002BD0D0F5
:107AF0000121A07C00F032FBFF212068F9F7BEFDD8
:107B00002068F9F773FD2575C4E7257D002DE0D0C9
:107B10000121A07C00F022FBFF212068F9F7AEFDD7
:107B20002068F9F763FD2675B4E700BF2DE9F0473B
:107B30000E46417D0129044690461F4602D1C36886
:107B4000B34220D0E37D032B14BF720232461221D0
:107B50002046FFF7F9FC98B1237D0C22E27493B321
:107B6000A07C012100F0FAFAFF212068F9F786FDD8
:107B700000252068F9F73AFD25752846BDE8F0870D
:107B80000123E6606375002F3FD008F1FF3900261E
:107B900008F2FF1801F048FC00F5967085B204E089
:107BA00001F042FC281A030411D4FF212068F9F7E0
:107BB00065FDFF28A075F3D0FE280BD01923E374D0
:107BC000237D002BCCD100252846BDE8F0871E235D
:107BD000E374F5E74FEA462A09EB0A05C244FF21A0
:107BE0002068F9F74BFD05F8010FAA45F7D10023EE
:107BF000A375FF212068F9F741FD0136FF212068B8
:107C0000F9F73CFDB742C5D1E668257C3744E7600B
:107C10000DB10125D8E765752A460C212046FFF7EE
:107C200093FC064688B1237D0922E274002BCAD05A
:107C30000121A07C00F092FAFF212068F9F71EFDD7
:107C40002068F9F7D3FC2575BEE7257D002DE0D02F
:107C50000121A07C00F082FAFF212068F9F70EFDD7
:107C60002068F9F7C3FC2675AEE700BF70B5457D07
:107C7000022D82B0044640D0012D03D001252846B4
:107C800002B070BD067D0068002363750193002E6D
:107C90006AD04C21F9F7F2FC01AE02AD15F8011DD6
:107CA0002068F9F7EBFCAE42F8D187212068F9F79C
:107CB000E5FCFF212068F9F7E1FC0A25FF21206897
:107CC000F9F7DCFC0206064605F1FF33A07539D54D
:107CD00013F0FF05F2D1257D0923E37475B301216B
:107CE000A07C00F03BFAFF212068F9F7C7FC0025D3
:107CF0002068F9F77BFC2575C1E701F095FB00F5DD
:107D0000167086B204E001F08FFB301A010410D423
:107D1000FF212068F9F7B2FCFF280546F3D1FD21C9
:107D20002068F9F7ABFC237D73BB00236375012545
:107D3000A5E7237D1F22E274002BD0D10025284621
:107D400002B070BD257D0028C6D1002D96D001213E
:107D5000A07C00F003FAFF212068F9F78FFC20686F
:107D6000F9F744FC26758AE7231D93E80600F9F726
:107D7000D9FB3146A07C257500F0F0F9FF21206881
:107D8000F9F77CFC206884E70121A07C00F0E6F98B
:107D900029462068F9F772FC2068F9F727FC0023D0
:107DA0002375C2E7F8B5077C05460C461646002F3A
:107DB00043D1C37D032B18BF4C0222461821FFF785
:107DC000C3FB40B10D23EB742B7D002B40F085806D
:107DD00000273846F8BDFE212868F9F74FFC741ECD
:107DE00006F2FF1614F8011F2868F9F747FCA642AF
:107DF000F8D1FF212868F9F741FCFF212868F9F73D
:107E00003DFCFF212868F9F739FC00F01F03052B22
:107E1000A87575D02B7D2122EA74002BD8D00121C2
:107E2000A87C00F09BF9FF212868F9F727FC286857
:107E3000F9F7DCFB00232B75CAE7437D022B3BD10E
:107E4000C368994238D101F0EFFA00F5167084B298
:107E500004E001F0E9FA201A01046DD4FF2128683A
:107E6000F9F70CFCFF28F4D1FC212868F9F706FC8F
:107E7000741E06F2FF1614F8011F2868F9F7FEFBBE
:107E8000B442F8D1FF212868F9F7F8FBFF212868F0
:107E9000F9F7F4FBFF212868F9F7F0FB00F01F0366
:107EA000052BA875B6D1EB682A7C0133EB60002A5C
:107EB0004CD001273846F8BDEB7D032B14BF62027E
:107EC000224619212846FFF73FFBA8B12B7D0E2241
:107ED000EA74002B3FF47CAFA1E7A87C012100F0FD
:107EE0003DF9FF212868F9F7C9FB2868F9F77EFBFF
:107EF00000232B753846F8BD0223EC606B75A2E7B2
:107F000001F092FA00F5167086B204E001F08CFAE6
:107F1000301A030417D4FF212868F9F7AFFBFF28B4
:107F20000446F3D100220D212846FFF70DFB00285F
:107F30003BD00A23EB7447E72B7D2522EA74002B04
:107F40007FF46DAF44E72423EB743DE701F06CFA56
:107F500000F5167086B204E001F066FA301A0204E9
:107F60000FD4FF212868F9F789FBFF280446F3D1D5
:107F7000FD212868F9F782FB2B7D23BB00236B755D
:107F800027E72B7D1F22EA74002B3FF421AF01214C
:107F9000A87C00F0E3F8FF212868F9F76FFB0027C1
:107FA0002868F9F723FB2F7513E721462868F9F7AE
:107FB00065FB0028BDD12F7D002F3FF47AAF284606
:107FC000FFF7B2FA05E70121A87C00F0C7F82146C7
:107FD0002868F9F753FB2868F9F708FB00232B758D
:107FE000CCE700BF2DE9F0410F46417D022905464F
:107FF0001646984602D1C368BB4212D0EB7D032BD4
:1080000014BF7A023A4619212846FFF79DFA28B193
:108010002B7D0E22EA74002B3CD06BE00223EF6034
:108020006B75B8F1000F3FD006F2FF16002701F084
:10803000FBF900F5167084B204E001F0F5F9201A9E
:10804000020452D4FF212868F9F718FBFF28F4D165
:10805000FC212868F9F712FBA6F5007414F8011F3B
:108060002868F9F70BFBA642F8D1FF212868F9F739
:1080700005FBFF212868F9F701FBFF212868F9F7C4
:10808000FDFA00F01F03052BA87507D02B7D2122D8
:10809000EA747BBB00242046BDE8F0810137B84577
:1080A00006F50076C3D1EF682C7C4744EF60002CC6
:1080B000F1D101F0B9F900F5167087B204E001F0D2
:1080C000B3F9381A030423D4FF212868F9F7D6FA44
:1080D000FF280646F3D1FD212868F9F7CFFA2B7D5A
:1080E0004BBB00236B750124D5E72B7D2522EA7459
:1080F000002BCFD00121A87C00F030F8FF212868A8
:10810000F9F7BCFA2868F9F771FA00232B75C1E773
:108110002B7D1F22EA74002BBCD00121A87C00F02B
:108120001DF8FF212868F9F7A9FA2868F9F75EFA1F
:1081300000232B75AFE70121A87C00F00FF8314632
:108140002868F9F79BFA2868F9F750FA00232B758D
:10815000C7E700BF012104F0B3BA00BF04F034BB8D
:108160002DE9F041476847B30D4681688046A94232
:108170001646044618F8103B05D0D8070AD47307F2
:1081800014D5A560002306F0030213432370404674
:10819000BDE8F08138464246FFF704FE68B1237817
:1081A0009A070FD423F001032370E8E742462946DB
:1081B0006068FFF72BFC0028E3D14FF00008404631
:1081C000BDE8F081D4E90213606819444246FFF724
:1081D000E9FD0028F1D02378E4E700BF70B503780B
:1081E000D90702D40125284670BD00F110060446C7
:1081F0003246D0E90101FFF7D5FD054678B1237875
:108200009A0704D423F001032370284670BDD4E9F3
:108210000213606832461944FFF7C4FD10B9002507
:10822000284670BD2378EDE7704700BFF8B51746C4
:1082300082B105460E46002402E00134A74207D071
:108240002B6816F8011B1B68284698470028F4D1B4
:108250002046F8BD1446FBE703688A685B68096836
:10826000184700BF69B170B5054608460C4606F0D0
:10827000A8F82B680246214628465B68BDE8704096
:1082800018470846704700BF03681B68184700BFBF
:1082900038B503688A685B680968044698472368AC
:1082A00003495B680546022220469847284438BDAA
:1082B000D4150400036870B505460C465E6849B1E4
:1082C000084606F07EF8214602462846B0472B684D
:1082D0005E680446284602220149B047204470BD2A
:1082E000D415040008B54FF40062002105F0A5F98B
:1082F0000022C0F80028C0F8042808BDD0F80028E3
:1083000010B4531CD0F80448C3F30A039C4218BFAE
:1083100081545DF8044B18BFC0F80038704700BFA7
:108320000023C0F80038C0F804387047D0F804388B
:10833000D0F80028934207D05A1CC35CC2F30A024B
:10834000C0F80428184670474FF0FF30704700BF50
:10835000D0F80038D0F80408181A48BF00F50060BB
:10836000704700BFD0F80438D0F80028934214BFFB
:10837000C05C4FF0FF307047D0F80038D0F80408E8
:108380000133C3F30A03181AB0FA80F040097047AA
:1083900041F22303C05C704770B541F21D030446EF
:1083A000C356002B0DDB5A0920320121234803F06C
:1083B0001F0301FA03F340F82230BFF34F8FBFF3DE
:1083C0006F8F23694FF48872C3F808232269002352
:1083D000C2F844312269C2F858312269012353603E
:1083E0002269D36001E003F0BBFF2369D3F8582171
:1083F000002AF8D0D3F84421002AF4D00025C3F88D
:10840000005522694FF0FF33C2F80C352269C2F8DB
:1084100014352269C2F80835226941F22406C2F8EF
:10842000103504F11400FFF77BFFA05901F0FEFEA8
:1084300041F22303A551E55470BD00BF00E100E007
:108440001430FFF785BF00BF1430FFF78BBF00BFAC
:108450001430FFF76BBF00BF08B541F22403C058CA
:1084600001F0DAFE002814BF4FF40060002008BDC0
:1084700041F22303C35C03B9704770B541F2240590
:1084800004464FF0FF31405901F01AFD00236059B6
:108490001A461946BDE8704001F0CAB810B5036825
:1084A000104A5B6882B093428DF8071014D141F2F4
:1084B000240304464FF0FF31C05801F001FD22694A
:1084C0009DF8073084F81D380123C2F84835226929
:1084D0001846936002B010BD01220DF107019847C4
:1084E00002B010BDE98403002DE9F84F4AB300F54E
:1084F000815916468846074609F1040900F61D0B06
:1085000000254FF0010A741BB4F5006F28BF4FF42B
:1085100000644FF0FF31D9F8000001F0D1FC08EB06
:1085200005012246584605F064F83B69C3F8484502
:108530003B692544AE42C3F808A0E4D82846BDE80C
:10854000F88F15462846BDE8F88F00BF70B504685F
:10855000824A246A944240F0BD8041F223020346DD
:10856000825C002A40F0B58041F21F000D46196977
:10857000185CC1F80C0541F21E001969185CC1F8BD
:10858000140541F22201595C012900F0B2801969F9
:10859000C1F86C25B5F5966F45D9B5F5166F40F263
:1085A0009E80B5F5965F40F2B480B5F5165F40F257
:1085B000B280B5F5615F40F2B080B5F5964F40F2FC
:1085C000AE80B5F5E14F40F2AC8047F612229542FD
:1085D00040F2A980B5F5164F40F2A8804DF6C022B2
:1085E000954240F2A680B5F5614F40F2A580B5F501
:1085F000963F40F2A480B5F5E13F40F2A580B5F585
:10860000613F40F29E80564A954240F2A380B5F504
:10861000E12F40F29C80B5F5612F8CBF4FF0805266
:108620004FF0706201E04FF49E221969C1F82425D1
:108630001A690821C2F800151A6903F61D01C2F86B
:1086400044151A690021C2F820111A6903F61C01A9
:10865000C2F834151A690121C2F838151A69116077
:108660001A694FF4887041F21D04C2F804031A57C6
:10867000002A37DB5509603502F01F02394801FA3C
:1086800002F240F825201A57002A2BDB0244602111
:1086900082F8001341F21D029A56002A07DB314886
:1086A00002F01F0401215209A14040F822100322C8
:1086B000002101201C4600F079FF41F22402002332
:1086C000A05019461A4600F0B3FF41F223030122DD
:1086D000E25470BD23460022BDE8704018474FF4B5
:1086E0001D22A2E7204902F00F02114460220A76FF
:1086F000D0E703F5815218691278C0F8102541F2CD
:1087000021001A69185CC2F808051A69C2F86C15CC
:1087100040E7164A89E7164A87E7164A85E7164A68
:1087200083E7164A81E74FF400027EE74FF41D020B
:108730007BE74FF4650278E74FF46B0275E7104A68
:1087400073E74FF06C7270E74FF0EB726DE74FF02C
:10875000E8626AE74FF0806267E700BF8587030041
:1087600090D0030000E100E0FCEC00E000B013005A
:108770000050270000F03A0000A04E0000C0750035
:1087800000903A0138B541F22303C35C002B40F05E
:10879000B48041F21F040369045DC3F80C4541F243
:1087A0001E040369045DC3F8144541F22203C35C4F
:1087B000012B00F0A3800369C3F86C25B1F5966F17
:1087C00045D9B1F5166F40F2AB80B1F5965F40F236
:1087D000B180B1F5165F40F2AF80B1F5615F40F254
:1087E000AD80B1F5964F40F2AB80B1F5E14F40F26C
:1087F000A98047F61223994240F2A680B1F5164FA0
:1088000040F2A5804DF6C023994240F2A380B1F515
:10881000614F40F2A280B1F5963F40F2A180B1F5E0
:10882000E13F40F29F80B1F5613F40F29E80534BA3
:10883000994240F2A080B1F5E12F40F29980B1F564
:10884000612F8CBF4FF080534FF0706301E04FF405
:108850009E230269C2F8243503690822C3F8002563
:10886000036900F61D02C3F8442503690022C3F81A
:108870002021036900F61C02C3F834250369012294
:10888000C3F8382503691A6003694FF4887141F20F
:108890001D04C3F804130357002B44DB5D09603546
:1088A00003F01F03364902FA03F341F8253003575A
:1088B000002B38DB0B44602283F8002341F21D03B8
:1088C000C356002B07DB2E4903F01F0401225B096E
:1088D000A24041F82320044603220021012000F099
:1088E00065FE41F224020023A05019461A4600F00A
:1088F0009FFE41F223030122E25438BD00F581536B
:1089000004691B78C4F8103541F221040369045D41
:10891000C3F80845036942F00102C3F86C254DE72E
:108920004FF41D2395E7174A03F00F031A44602301
:108930001376C3E7144B8CE7144B8AE7144B88E794
:10894000144B86E7144B84E74FF4000381E74FF4A0
:108950001D037EE74FF465037BE74FF46B0378E775
:108960000E4B76E74FF0EB7373E74FF06C7370E7E5
:108970004FF0E8636DE74FF080636AE790D0030043
:1089800000E100E0FCEC00E000B013000050270024
:1089900000F03A0000A04E0000C0750000903A01BF
:1089A000074B10B441F21E0453F82110015541F257
:1089B0001F0153F8223043545DF8044B704700BF49
:1089C0007815040010B5124C2369D3F8102142B178
:1089D0000022C3F81021D3F83C2582B901221A6085
:1089E0002369D3F8202102B910BD002141F22402ED
:1089F000C3F82011A058BDE8104001F0A3B894F8C6
:108A00001C1804F11400FFF779FC2369E6E700BFA6
:108A100030AF002038B5124C124A204600254FF4E2
:108A20007A7340F8142BC4E90153FFF75BFC41F261
:108A30001D010D4B0D4A226102206054D3E9001341
:108A400041F21E0241F21F00A154235441F22201BF
:108A500041F2240241F223036554A550E55438BD88
:108A600030AF0020E015040078150400002000401D
:108A700008B5094B1BB10948EDF73AFC48B9084B5A
:108A80001BB10848FFF764FC00B908BDAFF30080D4
:108A900008BDAFF30080F2E700000000386300205B
:108AA0000000000044AF00202DE9F0431B4B1C4F99
:108AB000D3F80463DFF86C80DFF86C9085B0002495
:108AC0000123A200A34002F18045334205F5C045D1
:108AD0000FD0D5F8003163B1E357013306D052F817
:108AE00008201AB114F809307BB990470023C5F863
:108AF00000310134082CE3D1BFF34F8F00BF00BF1A
:108B000000BF00BF05B0BDE8F08304AB002143F80F
:108B1000041D0846009103F0FDFCE7E700600040FB
:108B200080BF002060BF002058BF0020F8B500259E
:108B30000446C0E90055856091B108460E4605F02F
:108B400040FC0746411C284600F0C4FC50B1A36815
:108B5000C4E9000703B90370A760314605F029FC9A
:108B60002046F8BD206808B100F09EFC0023236079
:108B7000C4E901332046F8BD70B504468C424FF07D
:108B80000000C4E90000A06001D00D680DB92046C6
:108B900070BD8E68711C00F09DFC50B1A368C4E9E3
:108BA000000603B90370A660294605F002FC2046C2
:108BB00070BD206808B100F077FC00232360C4E991
:108BC0000133204670BD00BF0023C0E9003330B43C
:108BD000D1E90045836004608C68C0E90154C1E9B3
:108BE00000338B6030BC704730B504468BB0002337
:108BF0000846C4E90033A36001A902F06FFE01A892
:108C000005F0DFFB0546206810B163689D4209D975
:108C1000691C00F05FFC60B1A368C4E900050BB9F2
:108C200003702068A56001A905F0C3FB20460BB0C6
:108C300030BD206808B100F037FC002320462360D7
:108C4000C4E901330BB030BD30B504468BB000230E
:108C50000846C4E90033A36001A902F087FE01A819
:108C600005F0AFFB0546206810B163689D4209D945
:108C7000691C00F02FFC60B1A368C4E900050BB9C2
:108C800003702068A56001A905F093FB20460BB096
:108C900030BD206808B100F007FC002320462360A7
:108CA000C4E901330BB030BD10B50446006800F0D4
:108CB000FBFB204610BD00BF38B5036813B1426806
:108CC0008A420BD20D4604460131184600F002FCE0
:108CD00028B1A368C4E9000503B90370012038BDB9
:108CE000884270B5044609D00D68006845B908B1DE
:108CF00000F0DAFB0023C4E901332360204670BD95
:108D00008E6810B163689E4209D9711C00F0E2FBC5
:108D100058B1A368C4E900060BB903702068A660C7
:108D2000294605F046FB204670BD20680028DFD1AB
:108D3000E0E700BF884238B5044612D000688B686F
:108D40000D4628B162689A420DD200F0ADFBAB68C7
:108D5000D5E9002122600022C4E90113C5E90022FF
:108D6000AA60204638BD096805F023FBAB68A36004
:108D70000023AB60204638BDF8B50446056849B904
:108D800015B1284600F090FB00232360C4E90133AD
:108D90002046F8BD08460E4605F013FB074615B100
:108DA000636898420BD92846791C00F093FB05466E
:108DB00060B1A368C4E900070BB903702568A76018
:108DC0003146284605F0F5FA2046F8BD206800280F
:108DD000DAD000F069FBD7E770B50E68EEB18D68A8
:108DE0000DB9012070BD826804460068154410B1B9
:108DF00063689D420AD9691C00F06CFB68B1A268E7
:108E0000C4E9000512B902702068A2683146104416
:108E100005F0CFFAA560012070BD002070BD00BF35
:108E200030B5836883B0044600688DF804100022D2
:108E30005D1C8DF8052010B1626895420AD9991C15
:108E400000F048FB60B1A368C4E9000513B90370E2
:108E50002068A368184401A905F0ABFAA5600120B9
:108E600003B030BD70B50E6804461EB18D685DB9A3
:108E7000204670BD206808B100F016FB0023236077
:108E8000C4E90133204670BD82680068154410B102
:108E900063689D420BD9691C00F01CFB0028E9D0D7
:108EA000A268C4E9000512B902702068A2683146C0
:108EB000104405F07EFAA560DAE700BF70B50446FD
:108EC00031B108460D4605F07CFA58B9204670BD10
:108ED000206808B100F0E8FA00232360C4E90133F8
:108EE000204670BDA2682368861813B161688E425F
:108EF0000DD91846711C00F0EDFA03460028E7D0A2
:108F0000A268C4E9000612B902702368A268294663
:108F1000981805F04EFAA660D8E700BF30B5836810
:108F200083B0044600688DF8041000225D1C8DF8A3
:108F3000052010B1626895420AD9991C00F0CAFA5E
:108F400070B1A368C4E9000513B903702068A36871
:108F5000184401A905F02DFA2046A56003B030BDE4
:108F6000206808B100F0A0FA002320462360C4E97D
:108F7000013303B030BD00BF08B58A6883689342EF
:108F800001D0002008BD0068096848B129B105F08A
:108F900006FAB0FA80F0400908BD1BB10078F8E786
:108FA00001B10BB9012008BD08784042F1E700BFCC
:108FB000826808B52AB989B10878B0FA80F040090A
:108FC00008BD006829B105F0EAF9B0FA80F040095F
:108FD00008BD0078B0FA80F0400908BD012008BD46
:108FE00088421BD083688A68934201D00020704772
:108FF000A3B170B504680D68013C08E005F0C2FA41
:10900000064615F8010B05F0BDFA864208D114F8A2
:10901000013F1846002BF1D1012070BD012070479F
:10902000002070BD08B58A688368934209D3006840
:1090300030B1096839B105F0CCF9B0FA80F04009D7
:1090400008BD002008BD084608BD00BF08B58A68F5
:10905000836893420BD3006840B1096849B19B1AF9
:10906000184405F09CF9B0FA80F0400908BD0020D2
:1090700008BD084608BD00BF83688B4203D900685D
:1090800008B108447047024800230370704700BFCE
:1090900088BF002083688B4203D9006810B1405C10
:1090A00070470020704700BF83683BB110B504686B
:1090B000204605F067F920B1001B10BD4FF0FF30CE
:1090C00070474FF0FF3010BD8368934207D910B549
:1090D0000468A01805F056F920B1001B10BD4FF030
:1090E000FF3070474FF0FF3010BD00BF836843B1C1
:1090F00010B504680968204605F091F920B1001BFD
:1091000010BD4FF0FF3070474FF0FF3010BD00BF73
:10911000F8B585686DB1036800225F5D5A55066831
:109120000446304605F067F9775510B12368C01A38
:10913000F8BD4FF0FF30F8BD9A422DE9F8431746CD
:109140001E460446884601D816461F460025C4E937
:109150000055A5602846012100F0BCF908B3C4E918
:109160000005A5600570D8F80820B24216D99742CC
:1091700028BF1746D8F800300022DD5DDA55D8F850
:109180000000861916D1206808B100F08DF900237F
:10919000C4E901332360D8F80030DD552046BDE82E
:1091A000F883206808B100F07FF900232360C4E948
:1091B0000133D8E7304605F004F98146206810B144
:1091C000636899450BD909F1010100F083F9002882
:1091D000D9D0A368C4E900090BB903702068C4F8AA
:1091E0000890314605F0E5F8D5E700BF2DE9F04FCE
:1091F000D0F8089085B0B9F1000F00F09080D1F858
:109200000880B8F1000F00F08A80D2F808A0046846
:109210000F68AAEB0803002B16468B460546019300
:109220006CD07FDB204602942E46019C4D46924630
:1092300001E040442544394605F0F1F80028F8D112
:109240005346AA46D1453546029C1E4667D06B68F8
:109250005345C0F08E80B9F1010760D4C8455ED88F
:10926000CDE902B64646A846B94598BF09F1FF3791
:1092700014EB070A53D2029B20461D684FF0FF3BB8
:1092800004E0974228BF9346504507D8294605F089
:10929000C6F80346021B0130002BF2D1BBF1000FD0
:1092A0003DDB0BEB0602A118019CA9EB0202081999
:1092B00004F0AAF9D8F80820D8F8001022444FF09A
:1092C0000003C8F808208B54039BD8F800009A6864
:1092D0001968584404F08DF90BF1FF37BBF1000F0A
:1092E0001DD0029B9E68D6B1D8F80890B9F1000F46
:1092F00015D04E4513D8D8F80040B5E7554620465E
:10930000394606E0316804F074F9B568DBF80010FE
:10931000601905F084F82A4604460028F2D105B009
:10932000BDE8F08F3946A246019F12E0504604F096
:1093300060F9B2683168484604F05BF9AB68B2681E
:10934000DBF80840DBF800103B4409EB020AAB6095
:109350004444204605F063F8021B804621460AEB90
:1093600002090028E2D1504605B0BDE8F04F05F0F3
:1093700020B820460AF1010100F0ACF804460028AC
:10938000CDD0D5F80890B9F10107C5E9000AC6D4D7
:10939000DBF80880B8F1000FC1D0B9F1000F7FF4FD
:1093A0005DAFBCE710B5046844B1207830B105F07A
:1093B000E9F8207014F8010F0028F8D110BD00BFA3
:1093C0002DE9F0410768F7B18468E4B106463D46EF
:1093D00000E04546287805F1010804F0BEF80028B1
:1093E000F7D1013C3C4402E0A54205D8013C20787D
:1093F00004F0B3F80028F7D1621C521BAF42B260F0
:1094000003D30023BB54BDE8F0813846294604F05D
:10941000F0F83768B268F4E7006808B104F038B8CB
:10942000704700BFFEE700BF08B501F077FA4FF4C0
:109430007A72A0FB0223900A40EA835008BD00BF65
:10944000014638B54FF47A7200238002890D03F08B
:1094500081FE054601F062FA0446ECF739FF01F09F
:109460005DFA001B854200D838BD281ABDE8384097
:1094700001F078BB10B5044601F0CEFD022804D0FF
:109480002046BDE8104004F083B801F03FFA2046C2
:1094900004F07EF8044601F0DFFA0CB1204610BD5E
:1094A00002F070FFFAE700BF10B5044601F0B4FD0A
:1094B00002280AD144B101F029FA204604F070F8DC
:1094C000BDE8104001F0C8BA10BD2046BDE810400C
:1094D00004F066B838B504460D4601F09DFD02283B
:1094E00005D029462046BDE8384004F0FFBE01F013
:1094F0000DFA2046294604F0F9FE044601F0ACFAC4
:109500000CB1204638BD02F03DFFFAE710B5044625
:1095100001F0FCF9204604F03BF8044601F09CFA07
:109520000CB1204610BD02F02DFF204610BD00BF3B
:1095300050B110B5044601F0E9F9204604F030F8C6
:10954000BDE8104001F088BA704700BF38B51C462E
:109550009DF8105043B3002908BF1A460123C4E9FF
:109560000F01226084F8463002F020F8D4E90F138E
:109570002268A26001FB03F1CB1A134400200A44C5
:10958000FF21A063E36084F84410626084F8451012
:1095900004F1100003F034F904F1240003F030F971
:1095A00002F00EF884F84C50204638BDF8B5074656
:1095B00015460E4669B100FB01F05030FFF7A6FFDB
:1095C000044690B3002200F1500380F84620036067
:1095D00007E05020FFF79AFF044630B384F8466056
:1095E0002460C4E90F7601F0E1FFD4E90F1322688B
:1095F000A26001FB03F1CB1A134400200A44FF21AF
:10960000A063E36084F84410626084F8451004F1BC
:10961000100003F0F5F804F1240003F0F1F801F074
:10962000CFFF84F84C502046F8BD00242046F8BDFA
:109630002DE9F04F044685B01D460192884601F0A1
:10964000B5FFA26BE36BA84F4FF000099A424E465C
:10965000C0F08B80022D00F006810198002800F0F8
:109660003081B9F1000F00F0958001F0A9FF01F001
:109670004DF901F09BFF94F84430FF2B08BF84F8AC
:10968000446094F84530FF2B08BF84F8456001F032
:1096900097FF01A902A801F067FC002840F018819B
:1096A00001F084FFA26BE36B9A4277D001F088FF50
:1096B00001F07CFF94F845304FFA83FABAF1000FBD
:1096C0001ADD636AC3B104F1240907E00AF1FF332C
:1096D000DBB24FFA83FA7BB1636A6BB1484601F0A3
:1096E000E9FB0028F2D001F077FC0AF1FF33DBB28E
:1096F0004FFA83FA002BEFD1FF2384F8453001F0B5
:109700005FFF01F053FF94F844304FFA83FABAF147
:10971000000F1ADD2369C3B104F1100907E00AF153
:10972000FF33DBB24FFA83FA7BB123696BB1484652
:1097300001F0C0FB0028F2D001F04EFC0AF1FF332B
:10974000DBB24FFA83FA002BEFD1FF2384F84430C9
:1097500001F036FF01F080F901F028FFA26BE36B06
:109760009A424FF00109BFF475AF226CA66B002A34
:1097700040F0FC8025680136002D00F01881A663BA
:10978000636A002B40F08C8001F01AFF012005B0C5
:10979000BDE8F08F02A801F0DBFB66E704F11009D9
:1097A00001F00EFF4846019901F008FB01F0FEFEB2
:1097B00094F845A04FFA8AFABAF1000F1CDD636AEB
:1097C000D3B104F1240B08E00AF1FF3A5FFA8AF3FF
:1097D0004FFA83FA83B1636A73B1584601F06AFBAA
:1097E0000028F1D00AF1FF3A01F0F6FB5FFA8AF3A4
:1097F0004FFA83FA002BEED1FF2384F8453001F0B5
:10980000DFFE01F0D3FE94F844304FFA83FABAF148
:10981000000F06DC15E00AF1FF33DBB24FFA83FAE2
:109820007BB123696BB1484601F044FB0028F2D0BC
:1098300001F0D2FB0AF1FF33DBB24FFA83FA002BBF
:10984000EFD1FF2384F8443001F0BAFE01F004F9AF
:10985000002881D14FF080537B6040BFBFF34F8F12
:10986000BFF36F8F78E7226CA66B002A82D0414647
:10987000E06803F0BEFE236CE26821685B421A4494
:109880008A42E26080F0898062681344E360022DBE
:1098900000F083800136A663636A002B3FF474AF47
:1098A00004F1240001F006FB00283FF46DAF0E4BDD
:1098B0004FF080525A6040BFBFF34F8FBFF36F8F9E
:1098C00062E7009001F07CFE009805B0BDE8F08FE3
:1098D00001F06CFE94F845506DB2002D18DD636AFE
:1098E000B3B104F1240607E000ED00E0013DEBB266
:1098F0005DB26BB1636A5BB1304601F0DBFA002800
:10990000F4D0013D01F068FBEBB25DB2002BF1D168
:10991000FF2384F8453001F053FE01F047FE94F830
:1099200044506DB2002D16DD2369A3B104F1100679
:1099300005E0013DEBB25DB26BB123695BB130462E
:1099400001F0B8FA0028F4D0013D01F045FBEBB27C
:109950005DB2002BF1D1FF2384F8443001F030FEDA
:1099600001F07AF8002005B0BDE8F08F41465DBBFC
:10997000A06803F03EFEA368216C62680B4493422A
:1099800006F10106A360FFF4FAAEA663636A2268DB
:10999000A260002B3FF4F8AE82E7002E7FF4EFAE1A
:1099A0000123A363636A002B3FF4EEAE78E760689F
:1099B00001F084FBA663636A6560002B7FF470AFDF
:1099C00000287FF474AFDFE6E06803F012FE236C3A
:1099D000E26821685B421A448A42E260BFF457AFF2
:1099E00052E700BFF8B50C4679B30025012321608A
:1099F00081F84630C1E90F35064601F0D7FDD4E9BC
:109A00000F322168A56303FB02F39A1A0A440B4440
:109A1000FF27C4E90131E26084F8447004F11000CA
:109A200084F8457002F0ECFE04F1240002F0E8FE38
:109A300001F0C6FDC4E90055E56084F84C602B4692
:109A40002A4629462046FFF7F3FD2046F8BD00BF11
:109A50002DE9F0418C4682B004461746EFF311869B
:109A6000402282F31188806BE26B904221D3022B5B
:109A700005D0002086F3118802B0BDE8F08194F88B
:109A80004550226CD4F838806DB252BB236808F17F
:109A90000108002B4FD06B1CC4F8388037D001353B
:109AA0006DB284F84550012086F3118802B0BDE8FC
:109AB000F08194F84550226CD4F838806DB2002AB9
:109AC000E4D073B9A06803F094FDA368216C6268C8
:109AD0000B44934208F10108A360DCD32368A36020
:109AE000D9E76146E068019303F083FD206CE268EA
:109AF0002168019B404202448A42E26002D26268CD
:109B00001044E060022B10D008F10108C3E7636A3B
:109B1000002BC8D004F1240001F0CCF90028C2D0F9
:109B2000002FC0D001203860A4E7B8F1000F08BFB3
:109B30004FF00108AFE76068019301F0BFFA019BA5
:109B40006360A8E738B5EFF31184402383F31188ED
:109B5000826BC36B93420ED990F8453001325BB2F1
:109B600082635A1C0BD001335BB280F84530012070
:109B700084F3118838BD002084F3118838BD436A0E
:109B8000002BF4D024300D4601F094F90028EED0DB
:109B9000002DECD001202860EAE700BF2DE9F04756
:109BA000044684B08846019201F000FDD4F8389054
:109BB000B9F1000F40F09380019B002B00F00A8167
:109BC00002A801F0C5F9B34F4E4604F1240501F097
:109BD000F7FC00F09BFE01F0E9FC94F84430FF2B09
:109BE00008BF84F8446094F84530FF2B08BF84F820
:109BF000456001F0E5FC01A902A801F0B5F90028D3
:109C000040F0878001F0D2FCA36B002B40F0E8808D
:109C100001F0D6FC0199284601F0D0F801F0C6FC0D
:109C200094F845304FFA83F9B9F1000F06DC15E0DE
:109C300009F1FF33DBB24FFA83F97BB1636A6BB191
:109C4000284601F037F90028F2D001F0C5F909F1F2
:109C5000FF33DBB24FFA83F9002BEFD1FF2384F8F7
:109C6000453001F0ADFC01F0A1FC94F844304FFA0E
:109C700083FABAF1000F1ADD2369C3B104F11009A8
:109C800007E00AF1FF33DBB24FFA83FA7BB12369B5
:109C90006BB1484601F00EF90028F2D001F09CF9B2
:109CA0000AF1FF33DBB24FFA83FA002BEFD1FF2327
:109CB00084F8443001F084FC00F0CEFE00287ED110
:109CC0004FF080537B6040BFBFF34F8FBFF36F8F68
:109CD00001F06CFCD4F83890B9F1000F76D0226C0A
:109CE00052B1E168636811449942E16024BF216880
:109CF000E160404603F07DFC09F1FF33A363236973
:109D0000002B40F0C98001F05BFC012004B0BDE8ED
:109D1000F08701F04BFC94F845304FFA83F9B9F124
:109D2000000F06DC15E009F1FF33DBB24FFA83F9CF
:109D30007BB1636A6BB1284601F0BCF80028F2D011
:109D400001F04AF909F1FF33DBB24FFA83F9002B36
:109D5000EFD1FF2384F8453001F032FC01F026FCFE
:109D600094F844304FFA83FABAF1000F1ADD2369F0
:109D7000C3B104F1100907E00AF1FF33DBB24FFA77
:109D800083FA7BB123696BB1484601F093F8002850
:109D9000F2D001F021F90AF1FF33DBB24FFA83FA76
:109DA000002BEFD1FF2384F8443001F009FC00F0D0
:109DB00053FE01F0FBFBA36B63B101F001FC01F06A
:109DC000F5FBD4F83890B9F1000F88D1019B002B36
:109DD0007FF4FDAE01F0F4FB002004B0BDE8F08795
:109DE00001F0EEFB01F0E2FB94F845304FFA83F905
:109DF000B9F1000F06DC15E009F1FF33DBB24FFAD1
:109E000083F97BB1636A6BB1284601F053F80028EF
:109E1000F2D001F0E1F809F1FF33DBB24FFA83F938
:109E2000002BEFD1FF2384F8453001F0C9FB01F08E
:109E3000BDFB94F844304FFA83FABAF1000F1ADDF3
:109E40002369C3B104F1100907E00AF1FF33DBB263
:109E50004FFA83FA7BB123696BB1484601F02AF8C7
:109E60000028F2D001F0B8F80AF1FF33DBB24FFA64
:109E700083FA002BEFD1FF2384F8443001F0A0FBDC
:109E800000F0EAFD01F092FBD4F83890B9F1000F30
:109E90009CD024E700ED00E004F1100001F00AF886
:109EA00000283FF430AF054B4FF080525A6040BF5E
:109EB000BFF34F8FBFF36F8F25E700BF00ED00E0CA
:109EC0002DE9F043044685B00026019101F06EFBB8
:109ED000A36BB24FB0463546002B40F0F380019B98
:109EE000002B00F05D81B8F1000F00F0FC8001F064
:109EF00067FB00F00BFD01F059FB94F84430FF2B99
:109F000008BF84F8445094F84530FF2B08BF84F80C
:109F1000455001F055FB01A902A801F025F80028E1
:109F20006CD101F043FBA36B002B40F0E08001F00B
:109F300047FB2368002B00F03C8104F124094846CC
:109F4000019900F03BFF01F031FB94F845304FFAE6
:109F500083F8B8F1000F06DC15E008F1FF33DBB23F
:109F60004FFA83F87BB1636A6BB1484600F0A2FFF9
:109F70000028F2D001F030F808F1FF33DBB24FFADD
:109F800083F8002BEFD1FF2384F8453001F018FB54
:109F900001F00CFB94F844304FFA83F8B8F1000F4D
:109FA0001ADD2369C3B104F1100907E008F1FF339A
:109FB000DBB24FFA83F87BB123696BB1484600F0FE
:109FC00079FF0028F2D001F007F808F1FF33DBB287
:109FD0004FFA83F8002BEFD1FF2384F8443001F0CF
:109FE000EFFA00F039FD002864D14FF080537B6018
:109FF00040BFBFF34F8FBFF36F8F5BE001F0D6FA26
:10A0000094F845304FFA83F8B8F1000F1ADD636A0F
:10A01000C3B104F1240907E008F1FF33DBB24FFAC2
:10A0200083F87BB1636A6BB1484600F043FF0028B8
:10A03000F2D000F0D1FF08F1FF33DBB24FFA83F822
:10A04000002BEFD1FF2384F8453001F0B9FA01F07D
:10A05000ADFA94F844304FFA83F8B8F1000F1ADDE6
:10A060002369C3B104F1100907E008F1FF33DBB243
:10A070004FFA83F87BB123696BB1484600F01AFFB1
:10A080000028F2D000F0A8FF08F1FF33DBB24FFA4E
:10A0900083F8002BEFD1FF2384F8443001F090FACD
:10A0A00000F0DAFC01F082FAA36B002B00F08A804A
:10A0B00001F086FA01F07AFAA36B4FF00108002B49
:10A0C0003FF40DAF2268013BA363002A00F09E809D
:10A0D0002369002B40F0898001F072FA0126304696
:10A0E00005B0BDE8F08302A800F032FFFFE601F002
:10A0F00067FA01F05BFA94F845304FFA83F8B8F14B
:10A10000000F1ADD636AC3B104F1240907E008F106
:10A11000FF33DBB24FFA83F87BB1636A6BB1484619
:10A1200000F0C8FE0028F2D000F056FF08F1FF331F
:10A13000DBB24FFA83F8002BEFD1FF2384F84530D0
:10A1400001F03EFA01F032FA94F844304FFA83F805
:10A15000B8F1000F1ADD2369C3B104F1100907E05B
:10A1600008F1FF33DBB24FFA83F87BB123696BB19F
:10A17000484600F09FFE0028F2D000F02DFF08F1C5
:10A18000FF33DBB24FFA83F8002BEFD1FF2384F8C3
:10A19000443001F015FA00F05FFC8BE700ED00E0C1
:10A1A000009301F00DFA009B1E46304605B0BDE855
:10A1B000F08301F0FBF9606800F03EFF064601F015
:10A1C000FFF9BAE601F0FCF9002E88D001F0EEF9B3
:10A1D000616A19B1236B1968C1F10501606800F06B
:10A1E00099FF002601F0ECF979E704F1100000F086
:10A1F00061FE00283FF470AF064B4FF080525A606A
:10A2000040BFBFF34F8FBFF36F8F65E700F0B8FF1C
:10A2100060605DE700ED00E010B5044601F0C6F9AE
:10A22000A46B01F0CDF9204610BD00BF104B5A6859
:10A23000904208D0DA68904208BF012204D090F81A
:10A24000463093B170470022002110B403EBC204E2
:10A2500043F8321090F84630616013B15DF8044B5A
:10A2600070475DF8044BFFF763B9FFF761B900BFB2
:10A27000D0C90020074B1A681AB19A6802B170471A
:10A28000012210B403EBC20443F8321060605DF8A1
:10A29000044B7047D0C9002070B505460C461646E1
:10A2A00001F084F995F84430FF2B04BF002385F8B2
:10A2B000443095F84530FF2B04BF002385F8453026
:10A2C00001F07EF9AB6B2BB93246214605F1240033
:10A2D00000F0B0FD01F06AF995F8454064B2002C39
:10A2E00016DD6B6AA3B105F1240605E0013CE3B27B
:10A2F0005CB26BB16B6A5BB1304600F0DBFD0028ED
:10A30000F4D0013C00F068FEE3B25CB2002BF1D166
:10A31000FF2385F8453001F053F901F047F995F82E
:10A32000444064B2002C16DD2B69A3B105F1100680
:10A3300005E0013CE3B25CB26BB12B695BB1304626
:10A3400000F0B8FD0028F4D0013C00F045FEE3B277
:10A350005CB2002BF1D1FF2385F84430BDE870409A
:10A3600001F02EB92DE9F041044601F01FF9344AFD
:10A37000344D1368013313602B68002B2FD0324EFD
:10A38000E36A32682AB33148314907680A689F4254
:10A3900038BF03602F48013203EB83030A6000EBF0
:10A3A0008300E263211D02F03BFA01F009F93368F2
:10A3B0006BB12A68E36AD26A9A4208D2264B4FF000
:10A3C00080525A6040BFBFF34F8FBFF36F8FBDE81D
:10A3D000F0812A68D26A9A4298BF2C60D3E72C6039
:10A3E0001368012B02D0E36A174ECCE71948DFF857
:10A3F00094801A4F144E02F003FA194802F000FA42
:10A40000184802F0FDF9184802F0FAF9174802F06E
:10A41000F7F9404602F0F4F9384602F0F1F9144831
:10A4200002F0EEF9134802F0EBF9134802F0E8F9F4
:10A43000124B134AC2F800801F60E36AA3E700BF13
:10A44000FCBF00208CBF00205CC0002010C000209A
:10A450000CC0002098BF002000ED00E028C00020C4
:10A46000ACBF0020C0BF0020D4BF0020E8BF002048
:10A4700048C0002074C0002060C0002094BF0020AD
:10A4800090BF002014C000202DE9F843DDE90964E5
:10A49000002C60D016B93046BDE8F8830D46970011
:10A4A000984602233A4684F8513081462663304666
:10A4B000A52103F0C2F82A78236B84F83420043FE6
:10A4C0002A781F4427F0070702B36B7884F83530E9
:10A4D0006B78DBB1AB7884F83630AB78B3B1EB781E
:10A4E00084F83730EB788BB12B7984F838302B79BE
:10A4F00063B16B7984F839306B793BB1AB7984F80F
:10A500003A30AB7913B1EB7984F83B30089D042DD8
:10A5100028BF04250026E5626564201D84F83B60A1
:10A52000A66402F079F9C5F1050504F1180002F0FE
:10A5300073F9E66442464946A561246184F8506097
:10A540006462384600F0F6FF20602046FFF70AFFFD
:10A550002046BDE8F8832046BDE8F8832DE9F047A2
:10A560009600804630460D469946099FFEF7CEFF7D
:10A57000002869D082465420FEF7C8FF0446002810
:10A580005BD00023C0F830A03246504684F85130EA
:10A59000A52103F052F82A78236B84F83420043E76
:10A5A0002A781E4426F0070A02B36B7884F8353007
:10A5B0006B78DBB1AB7884F83630AB78B3B1EB783D
:10A5C00084F83730EB788BB12B7984F838302B79DD
:10A5D00063B16B7984F839306B793BB1AB7984F82E
:10A5E0003A30AB7913B1EB7984F83B30089D042DF8
:10A5F00028BF04250026E5626564201D84F83B60C1
:10A60000A66402F009F9C5F1050504F1180002F08D
:10A6100003F9E664A561246184F8506064624A46E7
:10A620004146504600F086FF206007B13C6020465E
:10A63000FFF798FE0120BDE8F0875046FEF778FF4F
:10A640004FF0FF30BDE8F0874FF0FF30F3E700BF79
:10A6500070B504464C4E00F0A9FF002C39D0251DE2
:10A66000284602F007F9A36A1BB104F1180002F0B2
:10A6700001F929464548464D02F0D2F894F8503089
:10A68000012B04BF002384F8503000F099FF2B68A1
:10A6900093B93368A34200D070BD2B68DBB93B4946
:10A6A0003C4A09681268914226D03B4B1B682BB389
:10A6B0003A4B01221A6070BD00F078FF384B1A68DF
:10A6C000126892B9374B4FF0FF321A6000F078FFF2
:10A6D000DFE73468C3E7344B4FF080525A6040BF25
:10A6E000BFF34F8FBFF36F8F70BD1A682D4BD268C9
:10A6F000D26852681A60E9E7336070BD274A136078
:10A700003268336812681B6B9A4236D9274C284945
:10A7100022689300981880000858E0B9551EAB00D5
:10A7200058198000085830BB951EAB00581980009E
:10A73000085800BBD51EAB00581980000858D0B986
:10A74000151FAB00581980000858A0B9053A9300AE
:10A7500098188000085813449B00CD180833686887
:10A76000406868600B44984204BF40686860C368F2
:10A770003360226070BD2A46EDE7306831683431BD
:10A7800001F0FEFDC2E700BF8CBF002060C00020CA
:10A790005CC00020FCBF002008C000208CC000204E
:10A7A00090BF002040C0002000ED00E010C000205D
:10A7B00098BF002080B170B51B4D2B6883420AD032
:10A7C000044600F0F3FE194B62699A4205D0BDE8D9
:10A7D000704000F0F5BE70BD7047A36A144A934202
:10A7E000F5D0002BF3D1261D304602F043F8114A74
:10A7F000E36A116810488B4288BF136003EB830340
:10A8000000EB8300314602F00BF82B68E26ADB6A4A
:10A810009A42DCD3094B4FF080525A6040BFBFF3DD
:10A820004F8FBFF36F8FD2E78CBF002060C0002036
:10A8300048C0002010C0002098BF002000ED00E0BC
:10A8400070B584B0002503AA02A901A8CDE901557D
:10A8500001F09AFD019C002C46D00298002843D0BC
:10A86000039E20630223B600A521324684F85130AE
:10A8700002F0E3FE236B1F4A6263201D84F8385008
:10A88000043E84F83B50E562C4E911551E4401F0D2
:10A89000C3FF04F1180001F0BFFF26F007060523EF
:10A8A000A3612A461449E56430462461646284F851
:10A8B000505000F03FFE20602046FFF753FD0F4B45
:10A8C0001C6000F0DBFD012811D1402383F31188C7
:10A8D0000B490C4A0C4B4FF0FF340C6010601D60AC
:10A8E00000F03EFE04B070BD044B00221A6004B0BC
:10A8F00070BD00BF49444C45E9AB03003CC000209B
:10A9000040C000205CC0002088C00020024A1368BC
:10A9100001331360704700BF08C00020014B186866
:10A92000704700BF88C00020024A136818441060B6
:10A93000704700BF88C000202DE9F04F3B4B1B68DB
:10A9400083B0002B42D13A4B1F6801371F60002FA4
:10A950004AD0384B01931B68BB423BD8364EDFF8D8
:10A96000EC80DFF8ECA0DFF8EC90002525E0336800
:10A97000DB68DC68636804F1040B9F42584651D3DE
:10A9800001F078FFA36A04F118000BB101F072FF27
:10A99000E36AD8F8002003EB8300934259460AEBA0
:10A9A000800088BFC8F8003001F03AFFD9F80030C5
:10A9B000E26ADB6A9A4228BF012533681B68002BD4
:10A9C000D5D1019A4FF0FF33136004E01B4A13689E
:10A9D0000133136000251A4B1B68002B0CBF28465F
:10A9E000012003B0BDE8F08F134E164B3168164AB4
:10A9F00018683060196013680133136033681B688E
:10AA00003BB90C4B01931A464FF0FF3313601346CA
:10AA1000A1E73368074ADB680192DB685B68136073
:10AA2000134698E7019A1360D5E700BF08C00020DD
:10AA300088C0002040C0002090BF002004C000203B
:10AA40008CC0002094BF002044C0002010C0002013
:10AA500098BF00208CBF00202DE9F04700F0A6FD34
:10AA6000354B1A68013A1A601C68002C57D1334BD9
:10AA70001B68002B53D0DFF8E0A0314E314FDFF8D8
:10AA8000DC90DFF8DC80336813B3F368DC68251DE5
:10AA900004F1180001F0EEFE284601F0EBFEE36A37
:10AAA0003A6803EB83009342294609EB800088BF94
:10AAB0003B6001F0B5FED8F80030E26ADB6A9A42EA
:10AAC0004FF00103DFD3CAF800303368002BDCD12C
:10AAD0003CB11D4B1A6812683ABB1C4B4FF0FF3259
:10AAE0001A601B4D2C6844B10126FFF725FF08B101
:10AAF000CAF80060013CF8D12C60DAF8003073B17C
:10AB0000144B4FF080525A6040BFBFF34F8FBFF3DA
:10AB10006F8F012400F054FD2046BDE8F08700242B
:10AB200000F04EFD2046BDE8F0871A68074BD2685A
:10AB3000D26852681A60D4E708C00020FCBF002029
:10AB400048C0002010C0002090BF002040C000205E
:10AB500004C0002000ED00E08CC0002098BF002061
:10AB60008CBF002070B548B9184B4FF080525A6026
:10AB700040BFBFF34F8FBFF36F8F70BD144A1549AD
:10AB80001368154E013313600D68044630680430B5
:10AB900001F070FE336864195C600FD20F4B1868C7
:10ABA0003168043101F04CFE0D4B1A68944238BFF5
:10ABB0001C60FFF751FF0028D6D070BD094B186804
:10ABC0003168043101F03CFEF3E700BF00ED00E026
:10ABD00008C0002088C000208CBF002090BF00204B
:10ABE00040C0002094BF00202DE9F84F3C4E3D4D61
:10ABF0003D4CDFF80891DFF80881DFF808B14FF02D
:10AC0000805A2368D3B100F0D1FCF368DF68381DA7
:10AC100001F030FE2B68013B2B602368013B236071
:10AC200000F0CEFC97F85130002B37D0012BE8D143
:10AC30003846FEF77DFC2368002BE4D12B4B1B68C4
:10AC4000012B06D9CBF804A040BFBFF34F8FBFF351
:10AC50006F8F00F041FED9F8003033BBD8F80030D8
:10AC6000DB6A002BCDD1214B1B68012BC9D8204BAF
:10AC7000204A1B6812689B1A012BC2D91E4A13680E
:10AC800001331360D9F80030BBB1D8F80030DB6A6B
:10AC90000BB9164B1B68FFF7DFFEB2E7386BFEF708
:10ACA00047FC3846FEF744FCABE7D8F80030DB6AD7
:10ACB000002BA6D10D4B1B68A3E7D8F80030DB6A48
:10ACC000002BE8D1094B1B68012BE4D8084B18680E
:10ACD000084B1B68C01A0128DDD900F0DDFCDAE75B
:10ACE00074C00020FCBF002000C0002098BF0020DE
:10ACF00040C0002088C0002008C0002010C00020F4
:10AD00008CBF002000ED00E0274B1B68002B40D1DA
:10AD1000264A70B5264C13602268236812681B6BA4
:10AD20009A423AD9234D24492A6893009818800002
:10AD30000858E0B9561EB30098198000085830BB77
:10AD4000961EB30098198000085800BBD61EB300A9
:10AD5000981980000858D0B9161FB30098198000C0
:10AD60000858A0B9053A9300981880000858134471
:10AD70009B00CE1808337068406870600B4498429E
:10AD800004BF40687060C36823602A6070BD3246AB
:10AD9000EDE7064B01221A607047206821683431C4
:10ADA00001F0EEFABEE700BF08C000208CC0002012
:10ADB0008CBF002010C0002098BF002070B5174D38
:10ADC0002B680C4603F1180101F03AFD144B1E6884
:10ADD0002868043001F04EFD631C17D02B68A419BD
:10ADE0005C600BD20F4B18682968043101F028FD14
:10ADF0000D4B1A68944238BF1C6070BD0B4B18682D
:10AE00002968BDE87040043101F01ABD296808487E
:10AE10000431BDE8704001F003BD00BF8CBF0020CD
:10AE200088C0002090BF002040C0002094BF0020B8
:10AE300060C0002070B5194D2B680C46164603F112
:10AE4000180101F0EDFC164B5EB11B682868043058
:10AE500001F010FD296813480431BDE8704001F08D
:10AE6000DFBC1E682868043001F004FD2B68A419BB
:10AE70005C600BD20C4B18682968043101F0E0FCCF
:10AE80000A4B1A68944238BF1C6070BD084B1868A2
:10AE90002968BDE87040043101F0D2BC8CBF0020AD
:10AEA00088C0002060C0002090BF002040C000206B
:10AEB00094BF002038B5C368DC6804F11805284643
:10AEC00001F0D8FC1A4B1B682BBB251D284601F04E
:10AED000D1FC184AE36A116817488B4288BF136097
:10AEE00003EB8303294600EB830001F099FC134B2D
:10AEF000E26A1B68DB6A9A4282BF114B012018602C
:10AF0000104B1A68126898BF00204AB90E4B4FF0D8
:10AF1000FF321A6038BD29460C4801F081FCE6E793
:10AF20001A68094BD268D26852681A6038BD00BFEF
:10AF300008C0002010C0002098BF00208CBF002057
:10AF40008CC0002090BF002040C0002048C00020DE
:10AF5000034A044B12681B68C0E90023704700BF16
:10AF600044C0002088C00020F8B50D46044600F01B
:10AF70001DFB2B681649581C0A6813D0DFF854C013
:10AF8000D4E90060DCF80070BE4201D090421AD9CA
:10AF9000121A93420BD800232B60012500F010FBFE
:10AFA0002846F8BD002500F00BFB2846F8BDDCF86C
:10AFB00000009B1A0A682B60C4E90002002500F01B
:10AFC000FFFA2846F8BD012500F0FAFA2846F8BD38
:10AFD00088C0002044C00020014B01221A60704745
:10AFE0008CC00020084B186860B9084B1B6853B927
:10AFF000074A084B10681B68013B984214BF0120A8
:10B00000022070470020704748C000208CC00020FC
:10B0100060C00020FCBF0020054B1B6833B1054B0E
:10B020001B68002B0CBF02200020704701207047D6
:10B030005CC0002008C0002018B3F8B51C4CC36ADF
:10B040002268D26A934214D28269002A04DB226801
:10B05000D26AC2F105028261164D426903EB830395
:10B0600005EB83039A420DD02368DB6AC36201209B
:10B07000F8BD2368406CDB6A98422CBF0020012099
:10B08000F8BD7047061D0746304601F0F3FB226805
:10B09000094BD06A1A68F862904200D9186000EB38
:10B0A000800005EB8000314601F0BAFB0120F8BDBD
:10B0B0008CBF002098BF002010C0002050B138B5D0
:10B0C000C16A836C426C013B9142836400D01BB126
:10B0D000002038BD00207047051D0446284601F0B9
:10B0E000C9FB0A4A636C1168E362C3F105008B4235
:10B0F000A061074888BF136003EB830300EB830064
:10B10000294601F08DFB012038BD00BF10C0002092
:10B1100098BF002048B1426CC36A914238BF1146C3
:10B120008B4202D0826C012A00D07047826970B5D0
:10B13000114DC162002A03EB83034269A8BFC1F12C
:10B14000050105EB8303A8BF81619A4200D070BD61
:10B15000061D0446304601F08DFB084BE06A1A6874
:10B16000904288BF186000EB800005EB80003146FC
:10B17000BDE8704001F054BB98BF002010C0002013
:10B18000044B1A681AB119688A6C01328A6418680B
:10B19000704700BF8CBF00202DE9F04FAD4EDFF8A7
:10B1A000C482AD4D89B033681C68002C00F08E80DD
:10B1B000DB681C68FFF7AAFBFFF7B0FBD8F800308C
:10B1C000984207465DD38442C8F8000040F20B81E4
:10B1D0000022E11B2868FFF75FF8FFF73DFC88B904
:10B1E0009E4A4FF08053536040BFBFF34F8FBFF371
:10B1F0006F8F07E0019B039920469847009B002B27
:10B2000080F23881286800226946FEF7C7FC0028D2
:10B21000C9D0009B029C002BECDB636913B1201D9D
:10B2200001F028FBFFF77AFBD8F8003098428146FE
:10B2300043D3009BC8F80090092BE3D8012202FAFF
:10B2400003F313F4047F69D113F0C70F40F0A1801A
:10B250009B06D7D594F82C30002BD3D12046FEF78F
:10B2600067F9CFE7DB68DC68D3F800A004F10409D4
:10B27000484601F0FFFA636A20469847E369012BCC
:10B2800036D033681A68002AECD17549C8F80070C6
:10B290000A6832600B60FFF7DFFBB3E7DB68DF684B
:10B2A000D3F800B007F1040A504601F0E3FA7B6AD4
:10B2B00038469847FB69012B25D033681A68002A65
:10B2C000ECD167490A6832600B60B2E7FFF71EFBFA
:10B2D000FFF724FBD8F8003083420746D1D8604BF3
:10B2E000C8F800701B681A68B2FA82F2520970E757
:10B2F000A36953449A45494622D263602461306869
:10B3000001F09EFABDE7BB695B449B45514627D2DD
:10B310007B603F61306801F093FACEE7019B2461C6
:10B3200003EB09024A45A36162602CD8002B3FF46D
:10B3300069AF4B4B211D186801F082FA286862E75B
:10B340002B68002B9DD00023CDE9043A0694FFF72B
:10B3500063FE00231A4604A92868FEF769F990E7FE
:10B360002B68002BA9D00023CDE9043B0697FFF7FB
:10B3700053FE00231A4604A92868FEF759F99CE7F2
:10B380004B4500D998B13068211D01F059FA286861
:10B3900039E7019BA269246199182CBF0120002084
:10B3A00049456160ECD8A9EB03039A42C1D8636AAE
:10B3B00020469847E369012B7FF424AF019BA269E3
:10B3C0002868134400283FF41EAF0022CDE904236F
:10B3D0000694FFF721FE00231A4604A92868FEF709
:10B3E00027F928680FE7FFF737FB3368DB68D3F8E6
:10B3F0000C9009F1040A504601F03CFAD9F81C30CF
:10B40000012B04D0D9F8243048469847FAE6D9F8F9
:10B410001830C9F81090E218BA42C9F8042004D9CB
:10B420005146306801F00CFAECE73F1BBB421BD8D9
:10B430002B68002BE6D00023CDE90434CDF818901A
:10B44000FFF7EAFD00231A4604A92868FEF7F0F882
:10B45000D8E700BF90C0002014C3002000ED00E03A
:10B4600094C00020C0C20020034B5146186801F070
:10B47000E7F9C7E7029CD0E694C00020F0B5204C65
:10B4800089B000F093F82568FDB100F099F82068C4
:10B49000C8B1002407AA06A905A8CDE9054400F013
:10B4A00081FFDDE905300221CDE90010079A029302
:10B4B000144915482346FEF7E7FF144A0346001BCC
:10B4C00018BF0120136009B0F0BD114F114E38466E
:10B4D00001F096F9304601F093F90F4A0F490095B3
:10B4E0000F4B17600E600F4A10212020FEF72EF838
:10B4F00020600028C9D00C49FEF7BCFEC5E700BF9C
:10B5000014C300201416040099B1030018C30020CE
:10B5100098C20020ACC2002090C0002094C000203F
:10B52000C4C2002098C000200C160400402383F3FE
:10B530001188FEE730B46FF002034FF08075074CBE
:10B5400040F8045C40F80C4C40F8081C40F8202CF3
:10B5500040F8243C30BC4438704700BF2DB5030090
:10B560000F4C08B5E02384F8223000F077F80D4B3B
:10B570000D4A00211960D4F8883043F47003C4F8F0
:10B580008830536843F040435360236943F010030D
:10B59000236100F04FF9402383F31188FEE700BFD9
:10B5A00000ED00E01CC3002030EF00E0402383F3F7
:10B5B0001188024A13680133136070471CC30020CE
:10B5C000034A1368013B13600BB983F3118870477A
:10B5D0001CC3002041DF704712DF704770B51B4B62
:10B5E00000251D6082B01B680193019BEFF311865B
:10B5F000402383F31188164A164BD2F804451D6088
:10B600001B680093009BFFF789F9241A24F07F44FC
:10B61000012C0DD844B1FFF78FF9054625B10E4B2B
:10B620004FF080525A6040BF86F3118802B070BD5F
:10B63000FFF7F2FC0228EED1013CFFF77DF9013C57
:10B64000631C45EA0005F8D1E8E700BF401101405E
:10B65000001001400011014000ED00E00B4B0C49CF
:10B6600030B41F200B4DC3F8080501220224E0204E
:10B67000C3F804232A601A60C3F8444381F8110315
:10B680004FF400330B6030BC704700BF0010014026
:10B6900000E100E0081001402DE9F041804684B04F
:10B6A000EFF3108272B6584CA36883B9574B5848D1
:10B6B0000121A160D3F8801001402160C3F880000F
:10B6C000D3F8841061604FF0FF31C3F8841002B9E1
:10B6D00062B6504ED6F80475FFF784FC00283DD0C2
:10B6E0004D4A4E49424528BF4246BB1823F07F438E
:10B6F00001200025C6F80803C6F840350D600B6828
:10B7000001934FF480330199C6F80433BFF34F8F90
:10B71000B8F1000F54D13F4B404D41494FF48030B8
:10B72000C3F80803002028602D680395039D086076
:10B730000968029101210298C3F80413D3F8043573
:10B740003249DB1B23F07F45954228BF15464FF455
:10B750000033012DC1F8803111D827D0A3685BB127
:10B76000EFF3108372B6294A216811606168516055
:10B770000022A26003B962B604B0BDE8F081681E81
:10B78000FFF7D2F8274BDB68DA010FD5264A13689A
:10B79000DB070BD5254B516803FB05F5A5F5742593
:10B7A000A5F51075AD0A01EB85155560FFF7C4F8D6
:10B7B0000028D3D01E4B4FF080525A6040BFCDE7D7
:10B7C000F1EE103A23F09F03E1EE103AF1EE103A59
:10B7D0000E4B04A84FF480614026C3F88461C3F87F
:10B7E000841100F8045DFFF7F7FE9DF80C1039B9DD
:10B7F00020BFD3F80001D3F804110143F8D08AE741
:10B80000FFF7E8FE87E700BFE4C9002000E100E0A1
:10B81000FC06FFBD00100140FDFFFF00401101408C
:10B8200000110140F0ED00E0001000E040420F0088
:10B8300000ED00E00748006880F3088862B661B652
:10B84000BFF34F8FBFF36F8F4FF0E00080F311888D
:10B8500000DF00BF00600200064B19680868B0E80E
:10B86000F04F80F30988BFF36F8F4FF0000080F333
:10B87000118870478CBF0020EFF30980BFF36F8FF2
:10B88000144B1A681EF0100F08BF20ED108A20E933
:10B89000F04F10604DF8043D4FF0400080F31188E8
:10B8A000BFF34F8FBFF36F8FFFF72EFA4FF00000FB
:10B8B00080F3118808BC19680868B0E8F04F1EF0E2
:10B8C000100F08BFB0EC108A80F30988BFF36F8FA8
:10B8D000704700BF8CBF0020704700BF002942D0D6
:10B8E000931E222B3FD8F0B50A2A8BB035D04FF0EB
:10B8F000000E01AF3B4688B1B0FBF2F602FB160525
:10B900005FFA85FC092D0CF1570498BF0CF1300447
:10B91000E4B2304603F8014B0028EDD1302201E0BB
:10B9200003F8012BBB42FBD0BEF1000F11D10D4635
:10B93000BB4209D9681E1A4612F8014D00F8014FA2
:10B94000BA42F9D19B1A1D44002308462B700BB054
:10B95000F0BD2D220A704D1CEAE70028C7DA4042EC
:10B960004FF0010EC5E70020704700BF79B3931E6A
:10B97000222B2CD8F0B48AB001AF3C4670B1B0FB9A
:10B98000F2F602FB1605EBB2092D94BF30335733A4
:10B99000DBB2304604F8013B0028F0D1302301E04F
:10B9A00004F8013BBC42FBD00FD94A1E234613F8D2
:10B9B000010D02F8010FBB42F9D1E41A0C44002337
:10B9C000084623700AB0F0BC70470C46F7E7002029
:10B9D000704700BF0A490B4A0B4B9B1A03DD043B1F
:10B9E000C858D050FBDC094809494FF0AD3202601D
:10B9F00004300439FBD100F0D5FBEAF729FC000044
:10BA000038190400006000201C63002000F80320A7
:10BA100000080000FEE7FEE7FEE7FEE7FEE7FEE7C0
:10BA2000FEE7FEE7FEE7FEE708B50020EAF74AFC7E
:10BA3000F4F710FD0E4B43B10E4B7BB1F4F7C2FE91
:10BA400000F08EFCFDF714F8F8E7F4F7BBFE00F009
:10BA500087FCF4F7B7FE00F083FCF6E7F4F7B2FEDC
:10BA600000F07EFCF4F7AEFE00F07AFCF6E700BFD3
:10BA700000000000718A030000B583B000F0DCFD17
:10BA8000FCF7D2FB0E4B019301234FF480620D496A
:10BA900000930D480023FEF761FD4FF4407000F065
:10BAA0007FFDFEF7CDFEBFF34F8F0849084BCA68F4
:10BAB00002F4E0621343CB60BFF34F8F00BFFDE79A
:10BAC00020C300201C16040029BA030000ED00E08A
:10BAD0000400FA0538B507480C461546EAF77CFD20
:10BAE00000B938BD2A4621460248BDE83840EAF789
:10BAF0004BBC00BF38630020114B1A78EAB90178BB
:10BB0000104810B40A464FF0804402F00102C1F31D
:10BB10004001C4F88015C4F878250268D20706D41D
:10BB2000E021012280F80013C0F880210260012288
:10BB300005481A705DF8044B70470448704700BF11
:10BB4000E0C9002000E100E00000AD0B0C00AD0BEF
:10BB50000268074B4FF0804010B400214FF460742E
:10BB6000C0F80843196002B11A605DF8044B7047D1
:10BB70002CC300204FF080434FF46072C3F80423BD
:10BB8000704700BF10B54FF0804386B0D3F8044330
:10BB9000620705D5D3F8082103F58473002A4ED136
:10BBA000A30603D52A4B1A68002A3FD1600603D5A5
:10BBB000284B1A68002A2FD1210602D5264B1A6875
:10BBC0000ABBE20502D5254B1A6892B9A3050ED52A
:10BBD000234B1A685AB100221A601A68214B059249
:10BBE000059A1B68022006B0BDE81040184706B051
:10BBF00010BD00221A601B4A1B68049301201368C1
:10BC0000049A9847E2E700201860164A1B680393DD
:10BC10001368039A9847D4E700221A60124A1B68F7
:10BC2000029301201368029A9847C5E70020186024
:10BC30000D4A1B6801931368019A9847B6E70022E2
:10BC40001A600A4A1B6800931368009A9847A7E78E
:10BC500014010040180100401C0100402001004078
:10BC6000240100402CC3002028C3002024C300204E
:10BC70002DE9F04F04799D4DE6003719BF0005EB23
:10BC8000070E83B09EF81CC0BCF1000F40F0E580A9
:10BC900091F80CC00068EA51CEF80430BCF1010FF5
:10BCA0000B7840F2DE801F2B87BF03F01F08DFF800
:10BCB00040E298464FF0A04E012707FA08F7CEF869
:10BCC00008751F2B8BBF03F01F071F46DFF820E20C
:10BCD0004FF0A04E07F5E0774FF001084EF82780AF
:10BCE0004F78FF2F00F0E9801F2F8ABF07F01F0950
:10BCF000B946DFF8FC81009798BF4FF0A04809F5DE
:10BD0000E07A4FF0010E0EFA09FE4FF00309C8F871
:10BD10000CE548F82A9091F802E0BEF1FF0F00F020
:10BD2000D580BEF11F0F91F80EA088BFDFF8C0B11B
:10BD3000CDF804E08EBF0EF01F08F0464FF0A04B88
:10BD400008F5E0784FEA8A0A4BF828A006EB0408C9
:10BD500005EB880888F820E091F803E088F81FE0F8
:10BD6000BEF1FF0F2AD091F80490F046B9F1000F10
:10BD700040F08680BEF11F0F87BF0EF01F0B5C4F97
:10BD8000F3464FF0A0474FF0010A0AFA0BFAC7F842
:10BD900008A5BEF11F0F86BF0EF01F08DFF850A1E7
:10BDA0004FF0A04A08F5E07806EB040E4FF0030BC5
:10BDB00005EB8E0E4AF828B08EF81E9091F80DE033
:10BDC000C0F80835009BD1F80880C0F80C351EF18A
:10BDD000000318BF0123019FC0F81075BCF1020FCA
:10BDE000C0F824857FD0BCF1030F79D0BCF1010FDE
:10BDF00056D0C0F854358B79C0F8C035002A58D0D9
:10BE000040220723C0F80423C0F800354A79000B0C
:10BE100043B25201002BD1B2C0B25BDB5A0992008F
:10BE200002F1604203F16043012702F5614203F52C
:10BE3000614300F01F0007FA00F083F80013C2F816
:10BE400080011060344405EB84052A480022012358
:10BE50006A772B7703B0BDE8F08F274803B0BDE8C1
:10BE6000F08F1F2B87BF03F01F08DFF884E0984690
:10BE70004FF0A04E012707FA08F7CEF80C7520E71F
:10BE8000BEF11F0F87BF0EF01F0B194FF3464FF087
:10BE9000A0474FF0010A0AFA0BFAC7F80CA578E799
:10BEA00043F00203C0F854358B79C0F8C035002A3E
:10BEB000A6D10723C0F80035C4E791F802E04FF09F
:10BEC000FF37BEF1FF0F00977FF42BAF4FF0FF3726
:10BED00001973BE7094B00F00F0003441976B1E7E7
:10BEE00043F0060385E743F0040382E730C30020F4
:10BEF000000300500000AD0B0500AD0BFCEC00E0B2
:10BF00002DE9F04F0479644F4FEAC40C0CEB0403A5
:10BF10009B008646F8180E46417F83B0002940F00A
:10BF2000918057F803909046B9F1000F04D012F0B9
:10BF3000140F04BF012343770CEB040507EB8505C1
:10BF400096E80F0095F81FA005F10C0BBAF1FF0F52
:10BF50008BE80F0010D0AA7F5346002A76D0BAF1A2
:10BF60001F0F86BF0AF01F034C494FF0A04101226A
:10BF700002FA03F3C1F8083532686AB102F060438F
:10BF8000B3F1005F08D0644407EB84070023444802
:10BF90007B7703B0BDE8F08FB16821B101F0604359
:10BFA000B3F1005FEFD1DEF800307568F068C3F8D8
:10BFB00044250022C3F84855C3F83415C3F83805A2
:10BFC000C3F81821D3F818210192019A18F0010240
:10BFD00018BF0122C3F8502518F0020218BF012231
:10BFE00018F0080FC3F8402504BF01221A61B9F107
:10BFF000000F0BD02B48402218F0040F14BFC3F8D9
:10C000000823C3F8042303B0BDE8F08FD3F8182148
:10C01000002AFBD0BAF1FF0F2CD0644407EB840751
:10C02000BB7F4BB3BAF11F0F84BF0AF01F0A1B4A34
:10C030001C4898BF4FF0A042012303FA0AF3C2F84C
:10C040000C35A6E7184803B0BDE8F08FBAF11F0F12
:10C050004FF0010288BF0AF01F0302FA03F388BF02
:10C060000E49326898BF4FF0A041C1F80C35002A44
:10C0700084D191E70B488CE7BAF11F0F84BF0AF017
:10C080001F0A064A074898BF4FF0A042012303FA4F
:10C090000AF3C2F808357CE730C3002000030050E3
:10C0A0000A00AD0B0000AD0B0B00AD0B194BD3F824
:10C0B000182102B970470021174AC3F81811D3F8A4
:10C0C0001811D37F82B0FF2B019101990DD0917F80
:10C0D00099B11F2B86BF03F01F0310484FF0A040FB
:10C0E000012101FA03F3C0F80C35002353771372D2
:10C0F000D2E900310A4802B018471F2B86BF03F06F
:10C100001F0306484FF0A040012101FA03F3C0F8D5
:10C110000835EAE70030024030C300200003005039
:10C1200038C300201B4BD3F8182102B970470021F7
:10C13000194AC3F81811D3F8181192F8433082B095
:10C14000FF2B019101990ED092F84210A9B11F2B3B
:10C1500086BF03F01F0311484FF0A040012101FAF0
:10C1600003F3C0F80C35002382F8413082F82C30FC
:10C17000D2E909310A4802B018471F2B86BF03F0E5
:10C180001F0306484FF0A040012101FA03F3C0F855
:10C190000835E8E700F0024030C3002000030050FB
:10C1A0005CC30020604B1B6830B45C1C37D05F4A16
:10C1B000082B126800F08F805B4B5C4A1B6812688A
:10C1C000082B15D0591C23D0584A1268082B12D0BE
:10C1D000574AD2F8883043F47003C2F88830BFF36E
:10C1E0004F8FBFF36F8F534B534A1A6030BC704769
:10C1F000002A00F08280032AEAD84FF08043D3F867
:10C200000024D20744BF6FF00102C3F80024DFE727
:10C210004A4A4B4B12681B78C2F30312D6E7484ACE
:10C22000464B12781B68082AC3F3031301D1032B72
:10C2300053D9424A424B12681B78C2F30312082BAF
:10C24000BAD1032AB8D84FF080523E4BD2F804142A
:10C25000C3F82015D2F80814C3F82415D2F80C142A
:10C26000C3F82815D2F81014C3F82C15D2F81414FA
:10C27000C3F83015D2F81814C3F83415D2F81C14CA
:10C28000C3F84015D2F82014C3F84415D2F824148A
:10C29000C3F84815D2F82814C3F84C15D2F82C145A
:10C2A000C3F85015D2F83014C3F85415D2F834142A
:10C2B000C3F86015D2F83814C3F86415D2F83C14EA
:10C2C000C3F86815D2F84014C3F86C15D2F84424AA
:10C2D000C3F8702570E7032A0CD8134B1B684FF086
:10C2E00080420021581CC2F80C11C2F81011C2F88B
:10C2F00038159ED00D4A1268A1E7134C1349144D0E
:10C3000025601448144AFB24C1F8184501681268D6
:10C31000124C21F00F0102F00F020A434FF400719A
:10C320000260216050E700BF3001001034010010AE
:10C3300000ED00E0206100200090D003E80F00F045
:10C34000E00F00F000C000408C56004000F00040BC
:10C3500048810300E40E004058020010409602405D
:10C3600008B5E9F7B5FF054B4FF080525A6040BF62
:10C37000BFF34F8FBFF36F8F08BD00BF00ED00E02C
:10C38000704700BF704700BF044B036010B46423C4
:10C39000034C0C6013605DF8044B704778C30020B9
:10C3A000CCC30020054B036010B44FF48073044CE1
:10C3B0000C6013605DF8044B704700BF5CC5002043
:10C3C000B0C5002070B51F4C84B04FF0FF3203A9F8
:10C3D0002068FDF7E3FB0028F7D00398037A45684F
:10C3E000052B0DD8DFE803F0272A221C1503D0E91E
:10C3F0000361D0E90523C06900903046A84703983F
:10C4000003681BB11846FDF74FF80398FDF74CF889
:10C41000DBE7D0E90523D0E90301A8470398EFE75C
:10C42000D0E90412C068A8470398E9E7D0E90301FE
:10C43000A8470398E4E7A8470398E1E7C068A8473E
:10C440000398DDE7B4C900202DE9F0432D4B2E4CB5
:10C450005B6885B0C3F30803019001AF2068002B2F
:10C4600044D0002339461A46FDF7F2FA01283AD0A3
:10C47000DFF89880D8F80000002240000421FDF782
:10C4800095F8064678B3DFF88890D9F80000FEF7F3
:10C49000DFF8FFF78BF802E03046FDF7C9F800221D
:10C4A00003A92068FDF77AFB00230546642203A94F
:10C4B0000028F1D12068FDF7B9FE2660FFF780F86B
:10C4C000D9F80000FEF776F9D8F800300D4A206858
:10C4D0005B00C8F800305368C3F30803394653B90A
:10C4E0006422FDF7A5F805B0BDE8F0833946642263
:10C4F000FDF79EF8BAE72B462A46FDF7A9FA05B0E4
:10C50000BDE8F08300ED00E0B4C90020B0C9002010
:10C51000B8C900202DE9F8439DF8205006460F4683
:10C5200091469846CDB1A8000C30FCF7A3FF044615
:10C5300088B10023C0F804900572036006B177B992
:10C540002DB1AA00414604F10C0001F052F820463A
:10C55000FFF77AFF0120BDE8F8831020E5E73846B1
:10C56000FCF788FF81462060A0B13A46314601F0D1
:10C5700040F8002DEBD0691EC9B208EB8101A8F18B
:10C58000040353F8042FB24208BFC3F80090994245
:10C59000F7D1D6E72046FCF787FF4846DBE700BF28
:10C5A00030B540230B4D83B00446002218460421C9
:10C5B0002B60FCF7FBFF084B084918600223CDE90C
:10C5C0000031A2B2002306490648FDF7C7FF03B0B9
:10C5D00030BD00BFB0C90020B4C90020B8C90020D8
:10C5E00024160400C5C3030011DF704708B50446D4
:10C5F000FFF7FAFF0D4B4FF080414FF0FF32C3F8C9
:10C600008020C3F88021C3F88420C3F88421C1F8B6
:10C610001C45BFF34F8F0649064BCA6802F4E0621F
:10C620001343CB60BFF34F8F00BFFDE700E100E095
:10C6300000ED00E00400FA054FF08043194AD3F8FA
:10C640000014194830B41160D3F80054D3F8002412
:10C65000164C17492A43C3F80024D4F84025026039
:10C66000002401224FF40030C3F818459A60C1F845
:10C670008000BFF34F8FBFF36F8F0E4C03F58833ED
:10C680004FF0A0454FF480304FF0FF31C3F848031E
:10C69000C3F808035A609A60C5F80815C4F808156D
:10C6A00030BC7047BCC90020C0C9002000A00040B9
:10C6B00000E100E00003005008B54E20FFF796FFB0
:10C6C00016281BD83C4B53F820301F2B86BF03F095
:10C6D0001F033A4A4FF0A0420E290FD8DFE801F0BD
:10C6E000655F59534D474039322B241D160F080002
:10C6F00003F5E07340F2037142F82310704703F52D
:10C70000E07340F2036142F82310704703F5E073D1
:10C7100040F2035142F82310704703F5E07340F2F2
:10C72000034142F82310704703F5E07340F20331F0
:10C7300042F82310704703F5E07340F2032142F8FA
:10C740002310704703F5E07340F2031142F8231001
:10C75000704703F5E0734FF4403142F823107047FF
:10C7600003F5E0734FF4003142F82310704703F5EE
:10C77000E073134942F82310704703F5E073114941
:10C7800042F82310704703F5E073042142F82310A8
:10C79000704703F5E0730C2142F82310704703F54E
:10C7A000E073032142F82310704703F5E073002182
:10C7B00042F82310704700BF7815040000030050B2
:10C7C000040002000C000300162811D80A4B53F88D
:10C7D00020301F2B88BF03F01F034FF001028CBFD6
:10C7E00006484FF0A04002FA03F311B1C0F8083533
:10C7F0007047C0F80C3570477815040000030050EE
:10C8000000F108034FF0FF310022816002604360B5
:10C81000C0E90333704700BF00230361704700BFC6
:10C820004368026810B49C688C609C684B6001325D
:10C83000616099605DF8044B08610260704700BF59
:10C8400030B40D686B1C11D000F1080200E01A46EC
:10C8500053681C68AC42FAD904684B600134996093
:10C860008A6051600861046030BC70470269536897
:10C87000F2E700BF42688168036910B49160816883
:10C880005C684A601A68844208BF5960013A002116
:10C8900001611A6018685DF8044B70470B46014649
:10C8A000184600F0F9BD000081F0004102E000BF31
:10C8B00083F0004330B54FEA41044FEA430594EA60
:10C8C000050F08BF90EA020F1FBF54EA000C55EA9B
:10C8D000020C7FEA645C7FEA655C00F0E2804FEA6C
:10C8E0005454D4EB5555B8BF6D420CDD2C4480EA4E
:10C8F000020281EA030382EA000083EA010180EA7E
:10C90000020281EA0303362D88BF30BD11F0004FCB
:10C910004FEA01314FF4801C4CEA113102D0404201
:10C9200061EB410113F0004F4FEA03334CEA13333C
:10C9300002D0524263EB430394EA050F00F0A78054
:10C94000A4F10104D5F1200E0DDB02FA0EFC22FA4F
:10C9500005F2801841F1000103FA0EF2801843FA43
:10C9600005F359410EE0A5F120050EF1200E012A34
:10C9700003FA0EFC28BF4CF0020C43FA05F3C01872
:10C9800051EBE37101F0004507D54FF0000EDCF1EB
:10C99000000C7EEB00006EEB0101B1F5801F1BD394
:10C9A000B1F5001F0CD349085FEA30004FEA3C0C98
:10C9B00004F101044FEA445212F5800F80F09A808E
:10C9C000BCF1004F08BF5FEA500C50F1000041EB92
:10C9D000045141EA050130BD5FEA4C0C404141EB96
:10C9E000010111F4801FA4F10104E9D191F0000FBD
:10C9F00004BF01460020B1FA81F308BF2033A3F140
:10CA00000B03B3F120020CDA0C3208DD02F1140C36
:10CA1000C2F10C0201FA0CF021FA02F10CE002F171
:10CA20001402D8BFC2F1200C01FA02F120FA0CFC6A
:10CA3000DCBF41EA0C019040E41AA2BF01EB0451B3
:10CA4000294330BD6FEA04041F3C1CDA0C340EDCB1
:10CA500004F11404C4F1200220FA04F001FA02F3F4
:10CA600040EA030021FA04F345EA030130BDC4F1B2
:10CA70000C04C4F1200220FA02F001FA04F340EAA7
:10CA80000300294630BD21FA04F0294630BD94F058
:10CA9000000F83F4801306BF81F480110134013D3F
:10CAA0004EE77FEA645C18BF7FEA655C29D094EAB0
:10CAB000050F08BF90EA020F05D054EA000C04BF2E
:10CAC0001946104630BD91EA030F1EBF0021002019
:10CAD00030BD5FEA545C05D14000494128BF41F0B8
:10CAE000004130BD14F580043CBF01F5801130BD1C
:10CAF00001F0004545F0FE4141F470014FF00000A7
:10CB000030BD7FEA645C1ABF194610467FEA655C57
:10CB10001CBF0B46024650EA013406BF52EA0335F9
:10CB200091EA030F41F4002130BD00BF90F0000FE7
:10CB300004BF0021704730B54FF4806404F1320423
:10CB40004FF000054FF0000150E700BF90F0000FDC
:10CB500004BF0021704730B54FF4806404F1320403
:10CB600010F0004548BF40424FF000013EE700BFD3
:10CB700042004FEAE2014FEA31014FEA02701FBF63
:10CB800012F07F4393F07F4F81F06051704732F095
:10CB90007F4208BF704793F07F4F04BF41F40021EC
:10CBA000704730B54FF4607401F0004521F000414A
:10CBB0001CE700BF50EA010208BF704730B54FF0D4
:10CBC00000050AE050EA010208BF704730B511F0D5
:10CBD000004502D5404261EB41014FF4806404F10D
:10CBE00032045FEA915C3FF4D8AE4FF003025FEA93
:10CBF000DC0C18BF03325FEADC0C18BF033202EB17
:10CC0000DC02C2F1200300FA03FC20FA02F001FA70
:10CC100003FE40EA0E0021FA02F11444BDE600BF13
:10CC200070B54FF0FF0C4CF4E06C1CEA11541DBFC2
:10CC30001CEA135594EA0C0F95EA0C0F00F0DEF88D
:10CC40002C4481EA030621EA4C5123EA4C5350EA72
:10CC5000013518BF52EA033541F4801143F48013C3
:10CC600038D0A0FB02CE4FF00005E1FB02E506F054
:10CC70000042E0FB03E54FF00006E1FB03569CF0A9
:10CC8000000F18BF4EF0010EA4F1FF04B6F5007FAF
:10CC900064F5407404D25FEA4E0E6D4146EB060621
:10CCA00042EAC62141EA55514FEAC52040EA5E50AA
:10CCB0004FEACE2EB4F1FD0C88BFBCF5E06F1ED854
:10CCC000BEF1004F08BF5FEA500E50F1000041EB8B
:10CCD000045170BD06F0004646EA010140EA020038
:10CCE00081EA0301B4EB5C04C2BFD4EB0C0541EA5A
:10CCF000045170BD41F480114FF0000E013C00F36F
:10CD0000AB8014F1360FDEBF002001F0004170BD92
:10CD1000C4F10004203C35DA0C341BDC04F11404AB
:10CD2000C4F1200500FA05F320FA04F001FA05F237
:10CD300040EA020001F0004221F0004110EBD37004
:10CD400021FA04F642EB06015EEA430E08BF20EA30
:10CD5000D37070BDC4F10C04C4F1200500FA04F3D3
:10CD600020FA05F001FA04F240EA020001F0004165
:10CD700010EBD37041F100015EEA430E08BF20EAD8
:10CD8000D37070BDC4F1200500FA05F24EEA020E20
:10CD900020FA04F301FA05F243EA020321FA04F04F
:10CDA00001F0004121FA04F220EA020000EBD37006
:10CDB0005EEA430E08BF20EAD37070BD94F0000F06
:10CDC0000FD101F00046400041EB010111F4801F3A
:10CDD00008BF013CF7D041EA060195F0000F18BFEB
:10CDE000704703F00046520043EB030313F4801F27
:10CDF00008BF013DF7D043EA0603704794EA0C0FE1
:10CE00000CEA135518BF95EA0C0F0CD050EA4106F6
:10CE100018BF52EA4306D1D181EA030101F0004173
:10CE20004FF0000070BD50EA410606BF104619469B
:10CE300052EA430619D094EA0C0F02D150EA0136A7
:10CE400013D195EA0C0F05D152EA03361CBF1046E8
:10CE500019460AD181EA030101F0004141F0FE4187
:10CE600041F470014FF0000070BD41F0FE4141F40B
:10CE7000780170BD70B54FF0FF0C4CF4E06C1CEA0B
:10CE800011541DBF1CEA135594EA0C0F95EA0C0FC0
:10CE900000F0A7F8A4EB050481EA030E52EA03357B
:10CEA0004FEA013100F088804FEA03334FF080559C
:10CEB00045EA131343EA12634FEA022245EA1115C9
:10CEC00045EA10654FEA00260EF000419D4208BF7A
:10CED000964244F1FD0404F5407402D25B084FEA27
:10CEE0003202B61A65EB03055B084FEA32024FF4D3
:10CEF00080104FF4002CB6EB020E75EB030E22BF30
:10CF0000B61A754640EA0C005B084FEA3202B6EBEF
:10CF1000020E75EB030E22BFB61A754640EA5C009E
:10CF20005B084FEA3202B6EB020E75EB030E22BF2E
:10CF3000B61A754640EA9C005B084FEA3202B6EB2F
:10CF4000020E75EB030E22BFB61A754640EADC00EE
:10CF500055EA060E18D04FEA051545EA16754FEA50
:10CF600006164FEAC30343EA52734FEAC2025FEA6E
:10CF70001C1CC0D111F4801F0BD141EA00014FF0FD
:10CF800000004FF0004CB6E711F4801F04BF0143CE
:10CF90000020B4F1FD0C88BFBCF5E06F3FF6AFAEEA
:10CFA000B5EB030C04BFB6EB020C5FEA500C50F17A
:10CFB000000041EB045170BD0EF0004E4EEA1131FD
:10CFC00014EB5C04C2BFD4EB0C0541EA045170BD04
:10CFD00041F480114FF0000E013C90E645EA060E48
:10CFE0008DE60CEA135594EA0C0F08BF95EA0C0F76
:10CFF0003FF43BAF94EA0C0F0AD150EA01347FF4BE
:10D0000034AF95EA0C0F7FF425AF104619462CE794
:10D0100095EA0C0F06D152EA03353FF4FDAE1046F7
:10D02000194622E750EA410618BF52EA43067FF448
:10D03000C5AE50EA41047FF40DAF52EA43057FF4D8
:10D04000EBAE12E74FF0FF3C06E000BF4FF0010CE3
:10D0500002E000BF4FF0010C4DF804CD4FEA410C47
:10D060007FEA6C5C4FEA430C18BF7FEA6C5C1BD014
:10D0700001B050EA410C0CBF52EA430C91EA030F95
:10D0800002BF90EA020F0020704710F1000F91EAF2
:10D09000030F58BF994208BF90422CBFD8176FEAC0
:10D0A000E37040F0010070474FEA410C7FEA6C5C8E
:10D0B00002D150EA013C07D14FEA430C7FEA6C5C95
:10D0C000D6D152EA033CD3D05DF8040B704700BFC1
:10D0D0008446104662468C461946634600E000BF0F
:10D0E00001B5FFF7B7FF002848BF10F1000F01BDE1
:10D0F0004DF808EDFFF7F4FF0CBF012000205DF8AC
:10D1000008FB00BF4DF808EDFFF7EAFF34BF012030
:10D1100000205DF808FB00BF4DF808EDFFF7E0FFC9
:10D1200094BF012000205DF808FB00BF4DF808ED1A
:10D13000FFF7CEFF94BF012000205DF808FB00BF81
:10D140004DF808EDFFF7C4FF34BF012000205DF863
:10D1500008FB00BF53B94AB9002908BF00281CBF0B
:10D160004FF0FF314FF0FF3000F072B9ADF1080C15
:10D170006DE904CE00F006F8DDF804E0DDE90223F5
:10D1800004B070472DE9F047089E04468846002BFE
:10D190004BD18A42154667D9B2FA82F24AB1C2F13E
:10D1A000200701FA02F320FA07F7954047EA03083F
:10D1B00094404FEA154E230CB8FBFEF71FFA85FC8E
:10D1C0000EFB178843EA084307FB0CF1994209D983
:10D1D000EB1807F1FF3080F01B81994240F2188173
:10D1E000023F2B445B1AA4B2B3FBFEF00EFB1033DC
:10D1F00044EA034400FB0CFCA44509D92C1900F1B6
:10D20000FF3380F00781A44540F2048102382C44AA
:10D2100040EA0740A4EB0C0400271EB1D4400023D1
:10D22000C6E900433946BDE8F0878B4209D9002E94
:10D2300000F0EB800027C6E9000138463946BDE81A
:10D24000F087B3FA83F7002F47D18B4202D3824293
:10D2500000F2FA80841A61EB030301209846002E45
:10D26000E0D0C6E90048DDE702B9FFDEB2FA82F29B
:10D27000002A40F08F80491B4FEA154E1FFA85F8AF
:10D280000127B1FBFEFC230C0EFB1C1143EA0143FA
:10D2900008FB0CF1994207D9EB180CF1FF3002D2D0
:10D2A000994200F2CD808446591AA3B2B1FBFEF038
:10D2B0000EFB101443EA044408FB00F8A04507D90C
:10D2C0002C1900F1FF3302D2A04500F2B6801846B7
:10D2D000A4EB080440EA0C409FE7C7F1200CBB40D8
:10D2E00022FA0CFE4EEA030E01FA07F420FA0CF5BE
:10D2F00021FA0CF34FEA1E482543B3FBF8F92C0C36
:10D3000008FB19331FFA8EFA44EA034309FB0AF4B7
:10D310009C4202FA07F200FA07F10BD91EEB030355
:10D3200009F1FF3080F087809C4240F28480A9F1AF
:10D33000020973441B1BADB2B3FBF8F008FB1033BA
:10D3400045EA034400FB0AFAA24508D91EEB04048F
:10D3500000F1FF336BD2A24569D90238744440EA28
:10D360000940A0FB0289A4EB0A044C45C2464B4687
:10D3700054D351D0002E69D0B1EB0A0564EB0304FD
:10D3800004FA0CFCFD40FC404CEA0505C6E90054DB
:10D39000002747E7C2F1200320FA03F7954001FA7E
:10D3A00002F021FA03F34FEA154E3843010CB3FBA8
:10D3B000FEF71FFA85F80EFB173341EA034107FB1E
:10D3C00008F38B4204FA02F407D9691807F1FF3C0D
:10D3D0002FD28B422DD9023F2944CB1A81B2B3FB05
:10D3E000FEF00EFB103341EA034100FB08F38B42D1
:10D3F00007D9691800F1FF3C17D28B4215D90238C2
:10D400002944C91A40EA07473BE73746304609E74F
:10D410000746E7E61846FBE64145ABD2B8EB020A01
:10D4200069EB0E0201381346A4E76046E9E71846A7
:10D4300095E76746D1E781467CE702382C4447E709
:10D44000ACF1020C2B442FE7384608E73746E9E6F3
:10D45000704700BF1FB51C46094B1B680546D868BE
:10D4600052B1084B0091CDE9013207492B462246C3
:10D4700000F034F801F0A8F9044B1A46F2E700BFB7
:10D4800024610020301604003D1604006B160400D1
:10D490000A22002101F058B810B5054C13462CB1F2
:10D4A0000A4601460220AFF3008010BD2046FCE78B
:10D4B0000000000008B5074B044613B10021AFF38C
:10D4C0000080054B1868836A03B19847204602F034
:10D4D000D7FF00BF000000006C1604000EB403B5B7
:10D4E000014603AB054853F8042B0068019300F094
:10D4F0008DF902B05DF804EB03B0704724610020A1
:10D5000070B50D4E0D4CA41BA4100025A54209D1E9
:10D510000B4E0C4C02F0B6FFA41BA4100025A54234
:10D5200005D170BD56F8253098470135EEE756F81D
:10D53000253098470135F2E7F4620020F4620020BC
:10D54000F46200201863002010B5044600F012F8C1
:10D550002044407800F0070010BD10B5044600F0EC
:10D5600009F82044407800F0080010BDD0F8EC0025
:10D5700070470000044B054A1B681B6A002B08BF5C
:10D580001346D3F8EC007047246100208861002026
:10D59000024B0146186800F0B5B800BF24610020B6
:10D5A000024B0146186800F05FB800BF24610020FC
:10D5B00082B001B901A942B14BB113780B60127866
:10D5C000101C18BF012002B070471046FBE76FF037
:10D5D0000100F8E730B50024A24201D1002007E0A5
:10D5E000035D01340D1915F8015CAB42F4D0581BF2
:10D5F00030BD10B5431E0A44914200D110BD11F850
:10D60000014B03F8014FF7E7884210B501EB020325
:10D6100007D8421E99420AD011F8014B02F8014F77
:10D62000F8E78342F5D98118D21AD34200D110BD50
:10D6300013F8014D01F8014DF7E702440346934208
:10D6400000D1704703F8011BF9E738B502FB01F47C
:10D65000214600F057F8054618B122460021FFF791
:10D66000ECFF284638BD000038B50546002945D0F6
:10D6700051F8043C0C1F002BB8BFE41802F030F93D
:10D680001F4A1368104633B9636014602846BDE82A
:10D69000384002F026B9A3420CD92168621893429F
:10D6A00004BF1A685B68636004BF5218226004609C
:10D6B000ECE713465A680AB1A242FAD91968581819
:10D6C000A0420BD120680144581882421960DDD174
:10D6D000106852685A6001441960D7E702D90C23D8
:10D6E0002B60D3E7206821188A4204BF1168526872
:10D6F000626004BF091821605C60C7E738BD00BFE5
:10D70000C4C9002070B5CD1C25F0030508350C2DCB
:10D7100038BF0C25002D064601DBA94203D90C2396
:10D720003360002070BD02F0DBF8214A1468214606
:10D7300091B9204C23681BB9304600F0DFFD206012
:10D740002946304600F0DAFD431C24D10C23336017
:10D75000304602F0C6F8E4E70B685B1B18D40B2BCD
:10D760000FD90B60CD50CC18304602F0BAF804F156
:10D770000B00231D20F00700C31AD3D05A42E250F9
:10D78000D0E78C424B6816BF636013600C46EBE732
:10D790000C464968CCE7C41C24F00304A04205D021
:10D7A000211A304600F0AAFD0130CFD02560DBE71A
:10D7B000C4C90020C8C900209368013B002B10B4E5
:10D7C000936008DA9469A34201DB0A2903D15DF86A
:10D7D000044B00F02BBF1368581C106019700846EA
:10D7E0005DF8044B7047F8B506460F461446D51849
:10D7F000AC4201D1002007E03A4614F8011B304644
:10D80000FFF7DAFF431CF3D1F8BD00002DE9F04F1C
:10D810009DB00C4617460393064618B183690BB9B1
:10D8200001F00EFF7B4B9C4257D17468A389180707
:10D830005DD52369002B5AD00023099320238DF84E
:10D84000293030238DF82A304FF0010BB846454679
:10D8500015F8013B0BB1252B54D1B8EB070A0BD0BF
:10D8600053463A4621463046FFF7BDFF013000F0EF
:10D87000C280099B5344099398F80030002B00F0B4
:10D88000BA8000234FF0FF32CDE9052304930793BC
:10D890008DF853301A93A846052218F8011B5E48EC
:10D8A00001F0CEFF049B78BBD90644BF20228DF83F
:10D8B00053201A0744BF2B228DF853202A782A2A96
:10D8C0002AD0079AA84600200A25414611F8013BB4
:10D8D000303B092B69D960B324E0504B9C4201D105
:10D8E000B468A3E74E4B9C4208BFF4689EE721460C
:10D8F000304600F0FBFE00289ED04FF0FF301DB0F8
:10D90000BDE8F08FA846A2E7434A801A0BFA00F060
:10D91000184304904546BEE7039A111D126803910F
:10D92000002A01DB079204E0524243F0020307920F
:10D93000049398F800302E2B0ED198F801302A2B42
:10D9400038D1039B1A1D1B680392002BB8BF4FF000
:10D95000FF3308F102080593324D98F800100322B6
:10D96000284601F06DFF40B14023401B03FA00F050
:10D97000049B034308F10108049398F800102A4817
:10D980008DF82810062208F1010701F059FF002840
:10D9900037D0264B1BBB039B073323F00703083309
:10D9A0000393099B4B44099350E705FB0232012086
:10D9B00088468AE7002308F10108059319460A25DD
:10D9C000404610F8012B303A092A03D9002BC3D066
:10D9D0000591C1E705FB012101238046F0E703AB78
:10D9E00000932246124B04A9304600F0B7F8B0F17C
:10D9F000FF3F8146D5D1A3895B063FF57EAF0998ED
:10DA00007DE703AB00932246094B04A9304600F0A2
:10DA10005BFBECE7F01704007A1604001018040012
:10DA2000D017040080160400841604005DDB030098
:10DA3000E7D703002DE9FF4755EC104B0D9FDDF8AC
:10DA400030A0002D0E4691461946B8BF22462B46FF
:10DA500027F02007BBBF05F100431D4600232D23FF
:10DA6000B8BF1446462F0B7004D0452F00D10136A5
:10DA7000022100E0032103AB019302AB0093324685
:10DA8000534645EC104B00F033FF472F804602D140
:10DA900019F0010F26D0462F08EB060911D198F88E
:10DAA0000030302B0AD10022002320462946FFF700
:10DAB0001FFB18B9C6F10106CAF80060DAF8003099
:10DAC00099440022002320462946FFF711FB38B96C
:10DAD0003022039B4B4505D2591C03911A70F8E77D
:10DAE000CDF80C90039B0E9AA3EB080340461360FD
:10DAF00004B0BDE8F087F7B500290446BABF494233
:10DB00002D232B23092904F8022B437020DD0DF16E
:10DB100007031F460A2691FBF6F506FB1511303167
:10DB2000092D03F8011C03F1FF32294609DC3031CD
:10DB3000023B02F8011CBB42224604D3101A03B078
:10DB4000F0BD1346E7E713F8012B04F8012BF2E7C9
:10DB5000302319448370021DC170EFE72DE9F04FA7
:10DB60008DB00C46DDF8588016461F46054601F07C
:10DB7000F1FD03680493184600F023FC00230A9388
:10DB8000D8F800300590073323F0070303F10802AB
:10DB900094F818A0D4F800B0C8F80020D3E9002306
:10DBA000C4E91223D4E9128929F000430793CDF880
:10DBB00018804FF0FF32A74BDDE9060102F0DCFBD5
:10DBC00070BB4FF0FF32A34BDDE90601FFF7A4FA6B
:10DBD00030BB0022002340464946FFF793FA10B1BC
:10DBE0002D2384F843309C4A9C4BBAF1470F8CBFDD
:10DBF0009046984603232BF00402236122604FF0E5
:10DC00000009009733460BAA2146284600F0E6F9A2
:10DC1000013040F08D804FF0FF300DB0BDE8F08F47
:10DC200042464B464046494602F0A6FB10B18C4A9C
:10DC30008C4BDAE761684B1C4BF480620AA83ED13A
:10DC4000062363600023CDE9020309AB009349EC8E
:10DC5000108B0DF123032260CDF804A061682846E3
:10DC6000FFF7E8FE0AF0DF03472B804609D1099B46
:10DC7000D81C02DB6268934247DDAAF1020A5FFA10
:10DC80008AFABAF1650F099924D80139524604F18C
:10DC900050000991FFF72FFF0A9A1318012A8146B5
:10DCA000236102DC2268D10701D5013323619DF88D
:10DCB0002330002BA5D02D2384F84330A1E7BAF1FF
:10DCC000670F00F07781BAF1470FBBD10029B9D1B6
:10DCD0000123B6E7BAF1660F19D1002963680CDD9C
:10DCE000216113B92268D20702D501330B442361A5
:10DCF000099BA3654FF00009D9E713B92268D00743
:10DD000001D50233F3E70123F1E74FF0670ADDE9BC
:10DD10000932934205DB22682361D107E8D501333C
:10DD2000E5E7002BD4BFC3F1020301231344DEE770
:10DD300023685A0507D42369424631462846B84726
:10DD400001302BD167E7BAF1650F40F2DC80002289
:10DD50000023D4E91201FFF7CBF9002833D00123C7
:10DD6000414A31462846B84701303FF454AFDDE917
:10DD700009239A4202DB2368D8070FD5DDE9042383
:10DD800031462846B84701303FF445AF4FF0000810
:10DD900004F11A090A9B013B434509DC23689B07F0
:10DDA00000F10381E0680B9B9842B8BF184634E746
:10DDB00001234A4631462846B84701303FF42BAF8D
:10DDC00008F10108E6E7099B002B2BDC0123264A1A
:10DDD00031462846B84701303FF41DAF099B23B9AF
:10DDE0000A9B13B92368D907D8D5DDE90423314646
:10DDF0002846B84701303FF40EAF4FF0000904F158
:10DE00001A0A099B5B424B4501DC0A9B94E70123FC
:10DE1000524631462846B84701303FF4FCAE09F17E
:10DE20000109EEE70A9AA36D9A42A8BF1A46002A92
:10DE3000914607DD1346314642462846B847013031
:10DE40003FF4E9AE04F11A034FF0000B29EAE97937
:10DE5000069315E0FFFFEF7F8F1604008B1604007A
:10DE600097160400931604009B1604000123069ADB
:10DE700031462846B84701303FF4CDAE0BF1010BD7
:10DE8000D4F858A0AAEB09035B45EFDCDDE90923D0
:10DE90009A42D04415DB2368DA0712D40A9B099909
:10DEA000A3EB0A02A3EB010A9245A8BF9246BAF17E
:10DEB000000F0EDC4FF000082AEAEA7A04F11A0992
:10DEC00019E0DDE9042331462846B8470130E5D1A1
:10DED000A1E65346424631462846B8470130E9D1CB
:10DEE00099E601234A4631462846B84701303FF4B7
:10DEF00092AE08F10108DDE909239B1AA3EB0A039E
:10DF00004345EEDC4AE70A9A012A01DCDB073AD5F1
:10DF10000123424631462846B84701303FF47BAEE4
:10DF2000DDE9042331462846B847013008F10108ED
:10DF30003FF471AE0A9B002203F1FF3AD4E91201CB
:10DF40000023FFF7D5F8C8B9534642463146284664
:10DF5000B84701300ED15EE60123524631462846CD
:10DF6000B84701303FF457AE08F101080A9B013B66
:10DF70004345F1DC4B4604F15002DEE64FF0000869
:10DF800004F11A0AF2E70123DFE701234A4631468A
:10DF90002846B84701303FF43EAE08F10108E36877
:10DFA0000B9A9B1A4345F0DCFCE64FF0000804F1A5
:10DFB0001909F4E700293FF48BAE0023CDE90203F1
:10DFC00009AB009349EC108B2260CDF804A00DF151
:10DFD00023032846FFF72EFD804648E62DE9F0474B
:10DFE00091461F468A680B69DDF820809342B8BFCE
:10DFF0001346C9F8003091F8432006460C4612B18A
:10E000000133C9F800302368990642BFD9F80030BF
:10E010000233C9F80030256815F0060507D104F170
:10E02000190AE368D9F800209B1AAB4228DC94F85F
:10E0300043302268003318BF012392062DD404F127
:10E04000430239463046C047013020D02368E56896
:10E05000D9F8002003F00603042B08BFAD1AA3680B
:10E0600022690CBF25EAE57500259342C4BF9B1ABF
:10E07000ED184FF000091A344D451AD1002008E080
:10E080000123524639463046C047013003D14FF094
:10E09000FF30BDE8F0870135C3E7E1185A1C302096
:10E0A00081F84300224494F8451082F8431002336B
:10E0B000C5E70123224639463046C0470130E6D045
:10E0C00009F10109D8E700002DE9F04301F1430C03
:10E0D0000C46097E85B06E291746064698460C9A6E
:10E0E00000F0B38022D8632936D00AD8002900F086
:10E0F000B980582900F0838004F1420584F8421069
:10E1000032E0642901D06929F6D120681368050638
:10E1100003F104012AD51B681160002B03DA2D22BC
:10E120005B4284F843206F480A2239E0732900F0EB
:10E130009D8008D86F2920D07029DDD1236843F055
:10E140002003236003E0752917D07829D4D17823E0
:10E1500084F84530644855E01368191D1B68116048
:10E1600004F1420584F8423001238CE01B68116001
:10E1700010F0400F18BF1BB2CFE713682568181DB9
:10E180001060280601D51B6802E06806FBD51B88D5
:10E1900054486F2914BF0A220822002184F8431032
:10E1A0006568A560002DC0F29580216821F004010A
:10E1B0002160002B3DD1002D40F08E806546082A5D
:10E1C0000BD12368DB0708D5236962689A42DEBF5A
:10E1D000302305F8013C05F1FF35ACEB0503236165
:10E1E000CDF800803B4603AA21463046FFF7F6FEF5
:10E1F00001304DD14FF0FF3005B0BDE8F083394814
:10E2000084F84510136821681D1D1B6815600A06F7
:10E210000BD5CA0744BF41F0200121601BB9226819
:10E2200022F0200222601022B7E74D0648BF9BB2C1
:10E23000EFE76546B3FBF2F102FB1133C35C05F86F
:10E24000013D0B460029F5D1B9E7136825686169DE
:10E25000181D106028061B6801D5196002E06A06C7
:10E26000FBD51980002323616546B9E71368191DA2
:10E2700011601D6862680021284601F0E1FA08B1CA
:10E28000401B606063682361002384F84330A7E784
:10E2900023692A4639463046C0470130AAD0236850
:10E2A0009B0713D4E068039B9842B8BF1846A3E7C6
:10E2B00001234A4639463046C04701309AD00135DD
:10E2C000E368039A9B1AAB42F2DCEBE7002504F10A
:10E2D0001909F5E7002BACD1037884F8423004F13A
:10E2E00042056CE79D160400AE160400024B0A4678
:10E2F0000146186801F0D2BD2461002038B5064CF3
:10E30000002305460846236002F0ACF8431C02D106
:10E31000236803B12B6038BDF0C900200CB430B5C0
:10E32000174B0C1E9DB01D6808DA8B232B604FF035
:10E33000FF301DB0BDE8304002B070474FF40273AB
:10E34000ADF8143014BF04F1FF3323460493079350
:10E350004FF6FF7302900690ADF81630209A21AB6D
:10E3600002A92846019301F019FE431CBCBF8B2370
:10E370002B60002CDDD0029B00221A70D9E700BF71
:10E3800024610020C9B2034610F8012B1AB18A4259
:10E39000F9D118467047002918BF0023F9E710F893
:10E3A000012B11F8013B012A28BF9A42F7D0D01A5D
:10E3B0007047034611F8012B03F8012B002AF9D10D
:10E3C0007047034613F8012B002AFBD1181A0138B5
:10E3D000704710B56AB10139841810F8013B11F883
:10E3E000012F934203D1A04201D0002BF5D1981AFE
:10E3F00010BD1046FCE738B503460D4669B9BDE8C7
:10E400003840FFF7BFBF431C044629461846FFF7B4
:10E41000B9FF0028F7D1204638BD0024F5E7F0B554
:10E4200003787BB1044623782046661C7BB14A1EE4
:10E43000631E12F8015F4DB113F8017FAF423446FD
:10E44000F7D0F0E70B78002B18BF0020F0BD18467E
:10E45000FCE72DE9F0478046894692461E460F4666
:10E460003D46089815F8014BFFF780F820444378A3
:10E4700013F0080332D12D2C32D17C78BD1C01223F
:10E48000002E5DD0102E09D1302C07D12B7803F04F
:10E49000DF03582B4FD16C7810260235002A14BFA9
:10E4A0004FF000416FF000410027B1FBF6FC384609
:10E4B00006FB1C1EA4F13003092B17D81C46A642EC
:10E4C00023DD7B1C07D084451CD301D1A64519DB75
:10E4D00000FB0640012715F8014BEBE72F46BFE78D
:10E4E0002B2C04BFBD1C7C781A46C9E7A4F141035C
:10E4F000192B01D8373CE2E7A4F16103192B04D8AA
:10E50000573CDCE74FF0FF37E5E77B1C08D12223BF
:10E51000C8F800300846BAF1000F07D1BDE8F0870F
:10E5200002B14042BAF1000FF8D00FB105F1FF3946
:10E53000CAF80090F2E73024002EAFD10826ADE7EC
:10E54000302CA3D00A26A9E7084B37B51C68084D24
:10E55000236A002B08BF2B46009313460A46014648
:10E560002046FFF776FF03B030BD00BF24610020D6
:10E5700088610020024B01461868FFF7BFBE00BF4C
:10E580002461002010B50446FEF7F4FF20444378D0
:10E5900003F00303012B08BF2034204610BD10B543
:10E5A0000446FEF7E7FF2044437803F00303022B01
:10E5B00008BF203C204610BD30B5141E05469BB058
:10E5C000184605DA8B232B604FF0FF301BB030BDAF
:10E5D0004FF40273ADF80C3014BF04F1FF3323463F
:10E5E000029305934FF6FF7300910491ADF80E303E
:10E5F00002461E9B6946284601F0D0FC431CBCBF66
:10E600008B232B60002CE1D0009B00221A70DDE7E9
:10E6100007B5009313460A46014603480068FFF712
:10E62000CBFF03B05DF804FB24610020F8B50E4673
:10E630001446054618B183690BB901F001F8214B66
:10E640009C422AD16C68A369A360A3891A072ED5BE
:10E65000236963B323692068C01A6369F6B28342F1
:10E66000374604DC2146284600F080FF28BBA3681B
:10E67000013BA36023685A1C22601E70636901304D
:10E68000834204D0A389DB0719D50A2E17D121466E
:10E69000284600F06BFF90B10FE00B4B9C4201D17C
:10E6A000AC68D0E7094B9C4208BFEC68CBE7214639
:10E6B000284600F01BF80028CCD04FF0FF37384632
:10E6C000F8BD00BFF017040010180400D0170400B4
:10E6D00049B1FF2A85BF8A2303600A704FF0FF30DB
:10E6E00098BF01207047084670470000324B70B554
:10E6F0001D6806460C4625B1AB6913B9284600F0E3
:10E700009FFF2E4B9C420FD16C68B4F90C309AB22B
:10E7100015072CD4D00611D40922326043F04003EF
:10E72000A3814FF0FF303EE0254B9C4201D1AC6805
:10E73000EBE7244B9C4208BFEC68E6E7510712D593
:10E74000616B41B104F14403994202D03046FEF7B7
:10E750008BFF00236363A38923F02403A381002399
:10E76000636023692360A38943F00803A3812369BD
:10E770004BB9A38903F42073B3F5007F03D021467E
:10E78000304601F019F8A28912F001030CD00023E1
:10E79000A36063695B42A361236953B9B4F90C3088
:10E7A00013F08000BAD170BD920758BF6369A360AF
:10E7B000F2E70020F7E700BF24610020F017040013
:10E7C00010180400D017040008B5062001F004FD5D
:10E7D000012001F055FE2DE9F74F03690C69A342B2
:10E7E0008046C0F28280013C01F114074FEA840C9C
:10E7F00000F1140657F8245056F8240006EB0C03D9
:10E80000013507EB0C090193B0FBF5F595B34FF01B
:10E81000000A3846B646D34650F8042B93B205FB9F
:10E8200003A34FEA134A9BB2ABEB0303120CDEF8CF
:10E8300000B005FB02A213FA8BF34FEA124A1FFA4B
:10E8400082FBDEF80020CBEB124202EB23429BB2AC
:10E8500043EA024381454FEA224B4EF8043BDBD2A8
:10E8600056F80C3033B9019B043B9E421A4630D314
:10E87000C8F81040404601F04BFA002825DB01356E
:10E8800030464FF0000C57F8042BD0F800E093B25C
:10E89000ACEB0303120C13FA8EF3C2EB1E4202EB35
:10E8A00023429BB243EA0243B9454FEA224C40F867
:10E8B000043BE8D256F8242006EB84032AB9043B33
:10E8C0009E421A460BD3C8F81040284603B0BDE854
:10E8D000F08F1268043B002ACAD1013CC5E71268D8
:10E8E000043B002AEFD1013CEAE70020EEE70000FC
:10E8F0002DE9F04F57EC106B97B0456A069104462E
:10E900000B921293DDF88080CDE900673DB91020AD
:10E91000FAF7B0FD6062C0E901550560C560636A41
:10E92000196851B15A684A60012393408B602046B0
:10E9300001F00CF8636A00221A603B1EBBBF23F093
:10E940000043019300230122ACBFC8F80030C8F88F
:10E950000020AF4BDDF8048033EA080314D1129A8B
:10E9600042F20F731360009B23B9C8F31300002811
:10E9700000F04285219BDFF8ACB2002B00F044850B
:10E980000BF1030300F03EBDDDE900670022002328
:10E9900030463946FEF7ACFB814668B1129A012336
:10E9A0001360219B002B00F024859A4B219A03F1E0
:10E9B000FF3B136000F028BD14AA15A947EC106BAB
:10E9C000204601F01CFAC8F30A550490002D7CD0B3
:10E9D000C7F3130343F07F5BB2464BF4401BA5F231
:10E9E000FF35CDF84C9000228B4B50465946FDF731
:10E9F0005FFF81A3D3E90023FEF712F980A3D3E9D7
:10EA00000023FDF757FF064628460F46FEF79EF8FF
:10EA10007DA3D3E90023FEF703F902460B463046F7
:10EA20003946FDF747FF06460F4601F0BBFC0022C2
:10EA30008246002330463946FEF764FB48B1504613
:10EA4000FEF784F832463B46FEF752FB08B90AF15E
:10EA5000FF3ABAF1160F59D8704901EBCA01DDE946
:10EA60000023D1E90001FEF76BFB002850D00AF12A
:10EA7000FF3A00230F93149B5D1BB5F1010849BFBA
:10EA8000C5F10103002305934FF0000858BF05931B
:10EA9000BAF1000F3EDB0023D044CDF838A0079335
:10EAA000069B092B00F29080052BC4BF043B069304
:10EAB000069BA3F10203CCBF00250125032B00F226
:10EAC0008F80DFE803F07D7F3171DDE914531D4451
:10EAD00005F23240202813DDC0F14000009B08FA07
:10EAE00000F805F2124023FA00F048EA0000FEF7B1
:10EAF0001DF801238246A1F1F87B013D139372E7D3
:10EB0000009BC0F1200003FA00F0F0E70123B1E719
:10EB10000F90B0E7059BA3EB0A030593CAF100032E
:10EB2000079300230E93BBE701230A930B9B002B53
:10EB300059DD02939946666A00227260042202F14E
:10EB400014009842716853D9204600F0CBFE636AE6
:10EB50003060B9F10E0FD3F800B000F2E680002D5E
:10EB600000F0E3809DED007BBAF1000F8DED107B8E
:10EB700074DD2A4A0AF00F0302EBC30393ED007B16
:10EB80004FEA2A16F0068DED087B65D5244BDDE9AA
:10EB90001001D3E90823FEF76DF9CDE9000106F075
:10EBA0000F0603251E4F4CE001230A930B9B534491
:10EBB00003F1010902934B46012BB8BF0123BAE7C9
:10EBC0000023B2E70023F0E70125002306930A950E
:10EBD0004FF0FF3302939946002212230B92AAE7CB
:10EBE00001230A93F4E70123029399461A46F5E7B5
:10EBF000013171605200A2E761436F63A787D23F82
:10EC0000B3C8608B288AC63FFB799F501344D33F1B
:10EC10000000F07F9C1604000000F83F5818040024
:10EC200030180400C9170400F10708D5DDE9080110
:10EC3000D7E90023FDF7F4FFCDE90801013576108F
:10EC40000837002EF0D1DDE90823DDE90001FEF7E9
:10EC500011F9CDE900011AE00225A3E700F0A08038
:10EC6000CAF100069F4BA04F06F00F0203EBC20350
:10EC7000D3E90023DDE91001FDF7D2FFCDE9000162
:10EC8000361100230225002E7FD1002BE1D10F9BEE
:10EC9000002B00F08780DDE900670022934B3046AF
:10ECA0003946FEF72FFA00287CD0B9F1000F79D051
:10ECB000029B002B35DD0AF1FF3308933946002211
:10ECC0008B4B3046FDF7ACFFCDE90001029F0135CB
:10ECD0002846FDF73BFFDDE90023FDF7A1FF0022F9
:10ECE000844BFDF7E7FD0546A1F15076002F5DD17D
:10ECF0000022814BDDE90001FDF7DAFD2A463346AB
:10ED0000CDE90001FEF71CFA002840F088822A466F
:10ED100006F10043DDE90001FEF7F4F9002840F0B8
:10ED20007C82DDE91023CDE90023159B002BC0F286
:10ED30005081BAF10E0F00F34C816A4B03EBCA030A
:10ED400093ED007B0B9B002B8DED027B80F2D88036
:10ED5000B9F1000F00F3D48040F05E820022664BD0
:10ED600051EC170BFDF75CFFDDE90023FEF7DEF940
:10ED70004F464E46002840F0348231230BF1010506
:10ED80008BF800300AF1010A2FE2F20705D5D7E926
:10ED90000023FDF745FF013501237610083772E7A0
:10EDA000022574E7CDF820A04F4691E74D4B03EBC9
:10EDB000C70353E902010A9B002B47D002460B46CA
:10EDC00000204E49FEF756F82A463346FDF770FDFF
:10EDD000CDE90C015D46DDE9000101F0E3FA0646EC
:10EDE000FDF7B4FE02460B46DDE90001FDF760FDCC
:10EDF000303605F8016BDDE90C23CDE90001FEF7A3
:10EE000081F9002863D1DDE9002300203749FDF7AF
:10EE10004FFDDDE90C23FEF775F9002840F0B780BF
:10EE2000A5EB0B039F427FF77CAF0022304BDDE95F
:10EE30000C01FDF7F5FE0022CDE90C012C4BDDE9BC
:10EE40000001FDF7EDFECDE90001C4E72A46334697
:10EE5000FDF7E6FECDE90C010BEB07055E46DDE9AB
:10EE6000000101F09FFA0746FDF770FE30370246B9
:10EE70000B46DDE90001FDF71BFD06F8017BAE4204
:10EE8000CDE900014FF0000226D11C4BDDE90C0159
:10EE9000FDF710FD02460B46DDE90001FEF750F9D3
:10EEA000002874D1DDE90C2300201449FDF700FD92
:10EEB00002460B46DDE90001FEF724F900283FF485
:10EEC00030AF15F8013C302B05F1FF3202D0DDF8F0
:10EED00020A04AE01546F4E7054BFDF7A1FECDE979
:10EEE0000001BCE758180400301804000000F03F8F
:10EEF0000000244000001C40000014400000E03FDF
:10EF0000DDE900675D46DDE9022330463946FDF75D
:10EF1000B1FF01F047FA8046FDF718FEDDE9022354
:10EF2000FDF77EFE02460B463046394608F13006B4
:10EF3000FDF7BEFC05F8016BA5EB0B06B1450246DB
:10EF40000B4639D1FDF7B6FCDDE9022306460F4634
:10EF5000FEF7F6F8C8B9DDE9022330463946FEF778
:10EF6000C7F810B118F0010F0FD10499204600F036
:10EF7000EDFC0023129A2B700AF101031360219B10
:10EF8000002B00F041821D603EE2CDF820A015F874
:10EF9000012C392A05F1FF3308D19B450AD1089B82
:10EFA0000133089330238BF800305B461A78013226
:10EFB0001A708CE71D46EAE700229B4BFDF730FEF6
:10EFC0000022002306460F46FEF792F800289AD04A
:10EFD000CBE70A9A002A00F08B80069A012A6EDCA1
:10EFE000139A002A67D003F23343079F059D059AC1
:10EFF00001211A4420460592984400F047FD064638
:10F00000002D0CDDB8F1000F09DD4545059A2B46B2
:10F01000A8BF4346D21A0592ED1AA8EB0308079B36
:10F02000EBB10A9B002B67D08FB131463A462046A0
:10F0300000F0CCFD049A01460646204600F02FFD64
:10F0400004990890204600F081FC089B0493079BDC
:10F05000DA1B04D00499204600F0B8FD0490012189
:10F06000204600F013FD0E9B0746002B00F0D081D8
:10F070001A460146204600F0A9FD069B012B0746D3
:10F0800040DC009B002B39D1019BC3F31303002B01
:10F0900036D1019B23F000431B0D1B052BB1059BB3
:10F0A0000133059308F10108012307930E9B002B00
:10F0B0002AD1012030E0149BC3F1360395E7079B6A
:10F0C00009F1FF37BB42BFBF079B0797FA1A0E9B98
:10F0D000BBBF9B180E93DF1B0027B9F1000FB5BF14
:10F0E000059B059DA3EB09054B46B8BF00237EE7B2
:10F0F000079F059D0A9E83E7079AABE70023D4E7A5
:10F10000009BD2E7002307933B6907EB8303186951
:10F1100000F06EFCC0F12000404410F01F0047D00A
:10F12000C0F12003042B3BDD059BC0F11C00034410
:10F13000059305448044059B002B05DD1A46049980
:10F14000204600F091FD0490B8F1000F05DD39462E
:10F150004246204600F088FD07460F9B53B33946D0
:10F16000049800F0D5FD002824DA00230A2204992F
:10F17000204600F002FC0A9B04900AF1FF3A002BA3
:10F1800000F04D81002331460A22204600F0F5FBB5
:10F19000029B002B06464FDC069B022B4CDD11E048
:10F1A000C9D0059A1C331A4405921D449844C2E7FD
:10F1B0000346F6E7B9F1000F38DC069B022B35DD7C
:10F1C000CDF80890029B63B939460522204600F02D
:10F1D000D4FB01460746049800F09AFD00283FF74B
:10F1E000CCAD0B9B5D466FEA030A4FF00009394630
:10F1F000204600F0ABFB002E3FF4B7AEB9F1000F94
:10F2000005D0B14503D04946204600F09FFB31466A
:10F21000204600F09BFBA8E600273E46E1E7DDF82C
:10F2200020A03E46A9E500BF000024400A9BCDF87F
:10F230000890002B00F0FA80002D05DD31462A46AB
:10F24000204600F011FD0646079B002B4CD071684C
:10F25000204600F047FB326902320546920006F173
:10F260000C010C30FEF7C5F901222946204600F0BA
:10F27000FBFC009BCDF814B003F00103B1460793EB
:10F28000064639460498FFF7A6FA4946054600F1B6
:10F290003008049800F03CFD324600903946204684
:10F2A00000F050FDC368024603BB01460890049875
:10F2B00000F02EFD089A034611462046089300F000
:10F2C00045FB089BA3B9069A92B9079A82B9B8F18F
:10F2D000390F29D0009B002B01DD05F13108059B7A
:10F2E0005D1C83F8008082E73046C2E70123E3E734
:10F2F000009A002A04DB25D1069A1ABB079A0ABB9A
:10F30000002BECDD01220499204600F0ADFC3946CB
:10F31000049000F0FDFC002803DCE0D118F0010FA0
:10F32000DDD0B8F1390FD8D1059B059A5D1C392382
:10F33000137015F8013C392B05F1FF324FD0013322
:10F34000137054E7059A002B02F1010506DDB8F1B0
:10F35000390FE9D008F10108059BC2E7029A05F8C8
:10F36000018CA5EB0B03934221D000230A220499C0
:10F37000204600F002FBB14504904FF000034FF02F
:10F380000A024946204605D100F0F7FA81460646B2
:10F39000059576E700F0F1FA3146814600230A220E
:10F3A000204600F0EAFA0646F2E74FF00009012293
:10F3B0000499204600F058FC3946049000F0A8FC5F
:10F3C0000028B6DC02D118F0010FB2D115F8013CCB
:10F3D000302B05F1FF327FF40AAF1546F6E793456F
:10F3E00005D131230AF1010A8BF80030FFE61546FA
:10F3F0009FE7DFF864B007E0219BDFF860B01BB146
:10F400000BF10803219A1360584617B0BDE8F08F3E
:10F41000069B012B7FF735AE0E9B079349E6029BB7
:10F42000002B03DC069B022B3FF7CCAE5D46394632
:10F430000498FFF7D0F900F1300805F8018B029A23
:10F44000A5EB0B039A42B0DD00230A220499204663
:10F4500000F093FA0490EAE79B160400C01704003A
:10F460008A892DE9F041054610070C4658D44B68AF
:10F47000002B05DC0B6C002B02DC0020BDE8F081CA
:10F48000E66A002EF9D0002312F480522F68216A18
:10F490002B6032D0606DA3895A0705D56368C01A06
:10F4A000636B0BB1236CC01A00230246E66A216A23
:10F4B0002846B047431CA38906D129681D2948D88E
:10F4C000294ACA40D60744D500226260D90422697D
:10F4D000226004D5421C01D12B6803B96065616BC1
:10F4E0002F600029C9D004F14403994202D0284674
:10F4F000FEF7BAF800206063C0E701232846B04752
:10F50000411CC8D12B68002BC5D01D2B01D0162B58
:10F5100001D12F60B1E7A38943F04003A381ADE798
:10F520000F69002FA9D093070E6808BF4B690F60C1
:10F5300018BF0023A6EB07088B60B8F1000F9CDD15
:10F5400043463A46216AA66A2846B047002806DCA8
:10F55000A38943F04003A3814FF0FF308EE70744B7
:10F56000A8EB0008E9E700BF0100402038B50B69AF
:10F5700005460C46DBB118B183690BB900F060F8A1
:10F580000C4B9C4209D16C68B4F90C307BB121461C
:10F590002846BDE83840FFF763BF074B9C4201D1C6
:10F5A000AC68F1E7054B9C4208BFEC68ECE7002033
:10F5B00038BD00BFF017040010180400D017040075
:10F5C000002310B50446C0E900338360818143669F
:10F5D000C281C0E904338361194608225C30FEF71A
:10F5E0002CF8054B6362054BA362054BE362054BA8
:10F5F0002462236310BD00BF110204003302040023
:10F600006B0204008F020400014900F085B800BFBE
:10F610006DF5030070B54A1E682555430E4605F189
:10F620007401FEF76FF8044640B10021C0E90016EE
:10F630000C30A06005F16802FDF7FFFF204670BDA9
:10F64000836910B5044633BBC0E912330365124B1E
:10F65000124A1B688262984204BF0123836100F052
:10F660001FF86060204600F01BF8A060204600F004
:10F6700017F80022E06004216068FFF7A1FF012273
:10F680000921A068FFF79CFF02221221E068FFF722
:10F6900097FF0123A36110BD6C16040009F6030057
:10F6A000F8B51B4B1E68B369074613B93046FFF720
:10F6B000C7FF4836D6E90134013B03D5336833B17F
:10F6C0003668F7E7B4F90C506DB16834F4E70421FB
:10F6D0003846FFF79FFF30600028F1D10C233B60D4
:10F6E00004462046F8BD0B4B6566C4E90055A5608D
:10F6F000C4E90335C4E905550822294604F15C0034
:10F70000FDF79BFFC4E90D55C4E91255E9E700BFB9
:10F710006C1604000100FFFF2DE9F843804689467E
:10F7200000F14804002614B93046BDE8F883D4E956
:10F730000175013F01D52468F5E7AB89012B07D995
:10F74000B5F90E30013303D029464046C847064379
:10F750006835EEE7044B1B68186A044B002808BFA5
:10F760001846F030704700BF2461002088610020F7
:10F7700070B50E46B1F90E10002996B014461D461C
:10F7800007DA00232B60B3891A0610D44FF4806384
:10F790000EE06A4600F0A2FD0028F2DB019A02F4B6
:10F7A0007042A2F500535A425A412A60EEE74023C4
:10F7B0000020236016B070BD8B8973B59D07064687
:10F7C0000C4607D504F147032360236101236361DD
:10F7D00002B070BD01AB6A46FFF7CAFF009905464B
:10F7E0003046FDF78FFF48B9B4F90C309A05EFD4D5
:10F7F00023F0030343F00203A381E3E70D4BB3625D
:10F80000A389206043F08003A381009B6361019B77
:10F8100020615BB1B4F90E10304600F071FD28B1E3
:10F82000A38923F0030343F00103A381A3891D43AC
:10F83000A581CDE709F603000000000000000000EC
:10F8400001F0FF01102A2BDB10F0070F08D010F891
:10F85000013B013A8B422DD010F0070F42B3F6D195
:10F86000F0B441EA012141EA014122F007047FF0AE
:10F8700000070023F0E80256083C85EA010586EA05
:10F88000010685FA47F5A3FA87F586FA47F6A5FA41
:10F8900087F68EB9EED1F0BC01F0FF0102F007024D
:10F8A00032B110F8013B013A83EA010313B1F8D1F8
:10F8B0000020704701387047002D06BF35460338D9
:10F8C000073815F0010F07D1013015F4807F02BF12
:10F8D000013015F4C03F0130F0BC0138704700BF63
:10F8E0007047704770B5456A04460E463DB9102012
:10F8F000F9F7C0FD6062C0E901550560C560656A41
:10F90000EB6883B1636ADB6853F82600B8B901215C
:10F9100001FA06F56A1D92002046FDF796FE60B1D9
:10F92000C0E901650EE0212204212046FDF78DFE8D
:10F93000636AE860DB68002BE4D1002070BD0268D8
:10F9400043F826200023C0E90333F7E770B5446A83
:10F9500006460D463CB91020F9F78CFD7062C0E9EF
:10F9600001440460C4603DB1736A6A68DB6853F89F
:10F970002210296043F8225070BD2DE9F0410D6935
:10F980001F4606460C4601F1140C0023DCF800006B
:10F9900081B202FB01710F0C000C02FB007089B2F6
:10F9A000013301EB00419D424FEA10474CF8041B24
:10F9B000ECDCD7B1A368AB4212DC616830460131A0
:10F9C000FFF790FF2269023204F10C018046920099
:10F9D0000C30FDF70EFE21463046FFF7B7FF4446D8
:10F9E00004EB850301355F6125612046BDE8F081A8
:10F9F000020C12040346B2B90304102013F07F4F27
:10FA000004BF1B02083013F0704F04BF1B01043009
:10FA100013F0404F04BF9B000230002B06DB5B005D
:10FA200003D5013070470020E8E7202070470368C5
:10FA300013F0070201460BD0DA0723D4980749BF19
:10FA40005B089B0801200B605CBF0B6002207047C5
:10FA500098B2A8B91B0C102013F0FF0F04BF1B0AAB
:10FA600008301A0704BF1B0904309A0704BF9B081B
:10FA70000230DA0702D45B0806D001300B60704711
:10FA80001046E9E7002070472020704710B50C466B
:10FA90000121FFF727FF01224461026110BD2DE91A
:10FAA000F74F14460A6923699A42B8BF0B46884645
:10FAB000BCBFA0461C46D8F81070D4F81090D8F8F7
:10FAC0000830D8F8041007EB0906B342B8BF01317B
:10FAD000FFF708FF00F1140505EB860E2B46002208
:10FAE000734516D304F1140208F1140102EB8903E3
:10FAF00001EB87070093009B019293420CD8002EE4
:10FB000003DD5EF8043D002B5DD0066103B0BDE867
:10FB1000F08F43F8042BE3E7B2F800B0BBF1000F1D
:10FB200023D08946AC464FF0000859F8044BDCF866
:10FB300000A0A3B21FFA8AFA0BFB03A34FEA144AF0
:10FB4000DCF8004043444FEA14480BFB0A8404EB02
:10FB50001344E2469BB243EA04434F454FEA14483C
:10FB60004AF8043B2BD8CCF80480019BB3F802A0E0
:10FB70000432BAF1000F20D02B688946A8464FF016
:10FB8000000BB9F800C0B8F802400AFB0C445C4412
:10FB9000C4469BB243EA04434CF8043B59F8043B87
:10FBA000B8F804B01B0C0AFB03B303EB14434F4536
:10FBB0004FEA134B05D8C8F8043004359BE7D44608
:10FBC000B3E7E046DDE7013E99E700002DE9F843A1
:10FBD000154612F0030206460F4607D0013A214CA3
:10FBE000002354F82220FFF7C8FE0746AD1035D099
:10FBF000746A3CB91020F9F73DFC7062C0E9014419
:10FC00000460C460D6F82480D8F808404CB940F2AB
:10FC100071213046FFF73AFF0023C8F80800044678
:10FC200003604FF00008EB070AD5394622463046FC
:10FC3000FFF735FF394681463046FFF787FE4F46CE
:10FC40006D100BD0206838B9224621463046FFF7A8
:10FC500026FF2060C0F800800446E4E73846BDE88F
:10FC6000F88300BF201904002DE9F0470C464FEA45
:10FC7000621A236949680AEB0309A3680746164616
:10FC800009F10105AB4232DB3846FFF72BFE0023BA
:10FC9000804600F114011A4653452BDB20692AEAFD
:10FCA000EA7A04F1140316F01F0201EB8A0103EB58
:10FCB000800C25D0C2F1200E00201E688A46964096
:10FCC00030434AF8040B53F8040B9C4520FA0EF01D
:10FCD00014D8486008B109F10205013D3846C8F85A
:10FCE00010502146FFF732FE4046BDE8F087013153
:10FCF0005B00C7E741F823200133CDE75146DCE73D
:10FD0000043953F8042B41F8042F9C45F9D8E4E753
:10FD100003690A699B1A30B50CD192001430143172
:10FD20008418114454F8045D51F8042D954203D011
:10FD300005D30123184630BDA042F3D3FAE74FF0B4
:10FD4000FF33F7E72DE9F0470D46074611462846F1
:10FD50001446FFF7DDFF061E08D131463846FFF78F
:10FD6000C1FD0123C0E90436BDE8F087A4BF2346E6
:10FD70002C4638466168A6BF1D4600260126FFF7BF
:10FD8000B1FD2B69C660266905F1140904F114025E
:10FD900002EB860709EB830800F114054FF0000E13
:10FDA00052F804AB59F8044B1EFA8AF1A3B2C91AEF
:10FDB000230CC3EB1A4303EB214389B24FEA234ED2
:10FDC000C84541EA0343944645F8043BE8D8BC459E
:10FDD00004D355F8043D83B10661C5E75CF8041B04
:10FDE0001EFA81F31A1402EB11429BB243EA02435A
:10FDF0004FEA224E45F8043BE9E7013EE9E72DE9E9
:10FE0000F7430E46012159EC108B1546FFF76AFDAA
:10FE1000C9F30A540746C9F3130334BB0193B8F17D
:10FE2000000327D002A840F8083DFFF700FE009924
:10FE3000F0B1019AC0F1200302FA03F30B43C24070
:10FE40007B610192019BBB61002B14BF0221012148
:10FE50003961C4B1A4F2334404443460C0F13500C4
:10FE60002860384603B0BDE8F08343F48013D5E73B
:10FE70007961E7E701A8FFF7DAFD019B7B610121CA
:10FE800039612030E5E707EB8103A0F232403060B2
:10FE90001869FFF7ADFDC0EB4110E1E7F8B5074683
:10FEA00014460E4621B91146BDE8F840FDF72ABCBC
:10FEB00022B9FDF7D9FB25462846F8BD00F042FAE5
:10FEC000A0420FD221463846FDF71CFC054600280B
:10FED000F2D031462246FDF78CFB31463846FDF71D
:10FEE000C3FBE9E73546E7E72DE9F0478E689E4218
:10FEF00082460C469046994637D88A8912F4906F0C
:10FF000031D0256809696F1A6569022305EB45053B
:10FF100095FBF3F509F101033B449D4238BF1D46B3
:10FF2000530530D52946FDF7EDFB064650B90C23A5
:10FF3000CAF80030A38943F04003A3814FF0FF309B
:10FF4000BDE8F0873A462169FDF753FBA38923F406
:10FF5000906343F08003A381266165613E44ED1BFD
:10FF60002660A5604E464E4500D94E463246414673
:10FF70002068FDF749FBA3689B1BA36023681E4410
:10FF800026600020DCE72A46FFF788FF06460028A7
:10FF9000E2D121695046FDF767FBC8E72DE9F04F34
:10FFA0009DB0804603938B891D060C4616460FD5DF
:10FFB0000B696BB94021FDF7A5FB2060206128B9D2
:10FFC0000C23C8F800304FF0FF30C7E040236361D6
:10FFD0000023099320238DF8293030238DF82A300F
:10FFE0004FF0010B37463D4615F8013B0BB1252B71
:10FFF0003ED1B7EB060A0BD0534632462146404667
:020000024000BC
:10000000FFF772FF013000F0A480099B534409936D
:100010003B78002B00F09D8000234FF0FF32CDE9AC
:100020000523049307938DF853301A932F46052226
:1000300017F8011B4F48FFF703FC049BD0B9D90602
:1000400044BF20228DF853201A0744BF2B228DF87D
:1000500053202A782A2A15D0079A2F4600200A25ED
:10006000394611F8013B303B092B4DD9B8B10FE0AF
:100070002F46B8E73F4A801A0BFA00F01843049065
:100080003D46D3E7039A111D12680391002A01DB54
:10009000079204E0524243F00203079204933B7834
:1000A0002E2B0CD17B782A2B33D1039B1A1D1B6876
:1000B0000392002BB8BF4FF0FF33023705932E4D4C
:1000C000397803222846FFF7BBFB38B14023401B99
:1000D00003FA00F0049B034301370493397827485F
:1000E0008DF8281006227E1CFFF7AAFB002838D0C6
:1000F000234B13BB039B073323F0070308330393FE
:10010000099B4B4409936DE705FB023201200F4622
:10011000A6E700230137059319460A25384610F84B
:10012000012B303A092A03D9002BC8D00591C6E724
:1001300005FB012101230746F0E703AB00932246AC
:10014000104B04A94046FDF709FDB0F1FF3F814681
:10015000D6D1A3895B063FF536AF09981DB0BDE83F
:10016000F08F03AB00932246064B04A94046FDF7EF
:10017000ABFFEAE77A160400801604008416040038
:100180005DDB0300E9FE03001F2938B504460D4678
:1001900004D9162303604FF0FF3038BD426C12B112
:1001A00052F821304BB9204600F030F82A4601467B
:1001B0002046BDE8384000F017B8012B0AD0591C82
:1001C00003D1162303600120E7E7002442F825400D
:1001D000284698470020E0E7024B01461868FFF7E1
:1001E000D3BF00BF2461002038B5074C002305466B
:1001F00008461146236000F01DF9431C02D1236814
:1002000003B12B6038BD00BFF0C9002000F002B977
:1002100010B50C46B1F90E1000F09CF80028ABBFE9
:10022000636DA3891B1823F48053ACBF6365A3815E
:1002300010BD2DE9F0411F468B89DB0505460C46B4
:10024000164605D502230022B1F90E1000F068F819
:10025000A389B4F90E1023F48053A38132463B46A0
:100260002846BDE8F04100F017B810B50C46B1F9CA
:100270000E1000F055F8431CA38915BF606523F4E8
:10028000805343F48053A38118BFA38110BDB1F9FB
:100290000E1000F013B8000038B5074C05460846AC
:1002A0001146002222601A46FBF714FC431C02D1BF
:1002B000236803B12B6038BDF0C9002038B5064C67
:1002C000002305460846236000F094F8431C02D141
:1002D000236803B12B6038BDF0C9002038B5074C46
:1002E0000023054608461146236000F08BF8431CA6
:1002F00002D1236803B12B6038BD00BFF0C90020D4
:1003000038B5064C002305460846236000F08AF8FD
:10031000431C02D1236803B12B6038BDF0C9002013
:1003200038B5074C054608461146002222601A4699
:1003300000F088F8431C02D1236803B12B6038BD5C
:10034000F0C9002051F8043C181F002BBCBF0B580B
:10035000C018704738B5074C0546084611460022BC
:1003600022601A4600F076F8431C02D1236803B1DC
:100370002B6038BDF0C900204FEA410C7FEA6C5C6D
:1003800002D150EA013C0AD14FEA430C7FEA6C5C8F
:1003900002D152EA033C02D14FF0000070474FF007
:1003A000010070474FEA410212F5001215D211D533
:1003B0006FF47873B3EB625212D94FEAC12343F062
:1003C000004343EA505311F0004F23FA02F018BFE4
:1003D000404270474FF00000704750EA013005D1AD
:1003E00011F0004008BF6FF0004070474FF0000070
:1003F000704700BF024B58221A604FF0FF30704721
:10040000F0C90020024B58221A604FF0FF307047AD
:10041000F0C90020024B58221A604FF0FF3070479D
:10042000F0C90020024B58221A600020704700BF1C
:10043000F0C90020024B58221A604FF0FF3070477D
:10044000F0C90020024B58221A604FF0FF3070476D
:10045000F0C90020024B58221A604FF0FF3070475D
:10046000F0C90020044A05491368002B08BF0B4659
:100470001844106018467047CCC90020F4C9002009
:10048000FEE700BFF8B500BFF8BC08BC9E46704749
:10049000F8B500BFF8BC08BC9E46704754696E7939
:1004A0005553422053657269616C000000000000E2
:1004B00000000000316502008963020079630200D8
:1004C0006D630200F16202003D63020011630200ED
:1004D000D1630200F0FFFFFF000000002965020069
:1004E00012010002000000409A23B3000001010243
:1004F0000301000009020900000100A03200000011
:100500003031323334353637383941424344454649
:100510004E6F6C6F676F000050726F4D6963726F42
:10052000204E524635323834300000004164616656
:1005300072756974000000004D6173732053746F0D
:100540007261676500000000312E300075736264CF
:1005500000000000050F3900021810050038B60829
:1005600034A909A0478BFDA0768815B66500010166
:10057000011C100500DF60DDD88945C74C9CD265A1
:100580009D9E648A9F00000306B2000200010300E2
:100590000000000019700200A9700200D57002006E
:1005A0001D71020029720200FD72020000000000AD
:1005B00000000000757D020000000000857D020043
:1005C000957D02002D7E02007D7F0200000000006C
:1005D00000000000B5740200CD740200D174020066
:1005E000E9740200B1750200D97702000000000032
:1005F00000000000758C0200998C02009D8C0200A6
:10060000C18C0200E98D0200699502000000000023
:100610000000000099780200097902003579020093
:100620005D790200917A0200957A020000000000D4
:10063000000000004D860200A5860200C18602006F
:10064000E58602003D6D02001D88020000000000EA
:100650005F757362645F71646566000061646472F3
:10066000657373626F6F6B2E74787400636F6E7452
:10067000616374732E7478740000000061646472A6
:1006800065737320626F6F6B2066756C6C20282514
:10069000642900006164646564202573202D3E2078
:1006A000257300006E6F206164647265737320624D
:1006B0006F6F6B206F6E206361726400636F6E7486
:1006C00061637473000000006C6F616465642025D1
:1006D000640000002B00000063616E6E6F74206F79
:1006E00070656E20257320666F7220777269746959
:1006F0006E67000073617665642025640000000069
:100700005D20000000000000000000005DD302003A
:10071000CDD30200996A020049D30200D5D202006B
:1007200091D3020031D302004469723A204F5554EC
:10073000000000004469723A20494E0063616E6E09
:100740006F7420637265617465202573000000007A
:10075000736D730046726F6D3A200000546F3A203B
:100760000000000054696D653A200000436F6E740C
:10077000656E743A2000000077726F7465202573EF
:10078000000000002F0000005F000000736D735F29
:1007900000000000257320616C726561647920732C
:1007A000746F7265640000006F75745F0000000074
:1007B00046726F6D00000000546F000044697200C3
:1007C00054696D65000000004C6F63616C54696D85
:1007D00065000000436F6E74656E74004F555400E1
:1007E000180A0400200A0400280A0400300A040041
:1007F0003C0A0400440A0400500A0400600A040091
:100800006C0A040041542B434D49434741494E3D36
:100810002575000041542B43434C4B3F0000000022
:1008200041542B43504D533D22534D222C22534DC6
:10083000222C22534D22000041542B434D47443D6E
:100840003400000041542B434F50533F0000000040
:100850006F70657261746F723A202573000000003A
:100860002B434D4752443A002B434D47523A000028
:100870006E6F202B434D475220686561646572207E
:10088000696E207265706C7900000000756E657885
:10089000706563746564202B434D4752207061720C
:1008A000616D65746572732028256429000000005D
:1008B00041542B43535100002B4353513A00000045
:1008C0006E6F20273E272070726F6D7074000000DD
:1008D00041542B434C49503D3100000041542B43BF
:1008E0004D4752443D25750041542B434C564C3DD9
:1008F0002575000041542B43534456433D25750054
:1009000041544425733B000069676E6F7265643A19
:100910002025730041544530000000004154000080
:100920004154410041542B43485550006E6F746947
:100930006669636174696F6E20717565756520669F
:10094000756C6C2C2064726F7070696E673A20252C
:10095000730000004552524F520000002B434D459A
:10096000204552524F5200002B434D5320455252C6
:100970004F5200002573202D3E20257300000000FB
:1009800025732074696D6564206F75740000000024
:1009900041542B434D47533D222573220000000054
:1009A00073656E64206661696C65643A2025730026
:1009B00073656E642074696D6564206F75740000E2
:1009C00052582025730000006F76657273697A654E
:1009D00064206C696E652064697363617264656428
:1009E0000000000041542B43504D533F00000000D5
:1009F00041542B434D47463D3100000041542B43A9
:100A00004D47443D257500005458202573000000D3
:100A10006D6F64656D00000052494E470000000094
:100A20002B434C49503A00002B434D54493A0000A7
:100A30004E4F204341525249455200002B43454EF0
:100A4000443A0000564F4943452043414C4C3A003C
:100A50004D49535345445F43414C4C3A000000001C
:100A60004E4F20414E5357455200000042555359B6
:100A7000000000005374617274696E67000000002A
:100A80003E2000005345415243483A2000000000F8
:100A9000434F4E5441435453000000002D2D00009D
:100AA000256C754B0000000053656C656374206114
:100AB00020636F6E766572736174696F6E000000FB
:100AC0004449592050686F6E65000000737461746A
:100AD0007573000072656164790000007364000042
:100AE000696E697469616C697A6174696F6E206698
:100AF00061696C65640000002564206D6573736135
:100B00006765732077697468202573002564206306
:100B10006F6E766572736174696F6E7300000000AA
:100B20007468726561647300253032753A2530321D
:100B300075000000756E706172736561626C653A74
:100B40002025730074696D65000000006F757420C6
:100B50006F662072616E67653A20257300000000A1
:100B6000556E6B6E6F776E2000000000496E636FEC
:100B70006D696E672063616C6C00000043616C6C92
:100B80003A2025730000000043616C6C20656E64A0
:100B9000656400004E6577206D657373616765005D
:100BA000534D532072656164206661696C65640011
:100BB000534D532073617665206661696C656400EE
:100BC0004D6573736167652066726F6D20257300D4
:100BD000763431006F6E00006F6666003078253025
:100BE000325800006B657900537065616B65722047
:100BF00025642F25640000004D69632025642F259E
:100C00006400000043616C6C20636F6E6E656374FA
:100C100065640000416E73776572206661696C657A
:100C20006400000043616C6C696E672025730000EE
:100C3000496E2063616C6C0043616C6C2066616975
:100C40006C6564005369676E616C2025642F3331D5
:100C5000000000004D6F64656D204F4B00000000E8
:100C60004D6F64656D2073696C656E7400000000E3
:100C700053494D207175657279206661696C6564B0
:100C80000000000052656164696E6720256420538E
:100C90004D53000053746F72656420256420534DDA
:100CA00053000000746573745F256C752E7478743E
:100CB0000000000053442077726974652066616902
:100CC0006C6564007634312073746F7261676520DF
:100CD000636865636B0000005344204F4B20282558
:100CE00064206D73677329004E6574776F726B2093
:100CF0004F4B00004E6574776F726B206661696CB4
:100D00006564000044656C657465642025640000BA
:100D100053494D20636C656172656400436C656185
:100D200072206661696C656400000000446562754C
:100D3000672025730000000053656E64696E6700CC
:100D400053656E64206661696C6564006E6F206E29
:100D50006574776F726B2074696D653B2073656E87
:100D600074206D657373616765206E6F7420737492
:100D70006F7265640000000053656E74000000002F
:100D80004449592050686F6E6520257300000000AB
:100D9000626F6F74000000006B6579626F6172644E
:100DA0002070726573656E74000000006B65796277
:100DB0006F617264206E6F7420726573706F6E6401
:100DC000696E672061742030782530325800000049
:100DD0004E6F205344206361726400007369676E34
:100DE000616C2025642F3331000000004D6F646575
:100DF0006D206661696C6564000000005265616485
:100E000079202573000000000000000000000000B1
:100E100081100300A9100300996A02006510030005
:100E2000691003007110030079100300705F737084
:100E30006920213D204E554C4C0000002F686F6DFD
:100E4000652F6477626C6169722F2E706C617466B5
:100E50006F726D696F2F7061636B616765732F6669
:100E600072616D65776F726B2D61726475696E6FFB
:100E700061646166727569746E726635322F6C6971
:100E8000627261726965732F5350492F5350492E16
:100E900063707000535049436C6173733A3A535016
:100EA00049436C617373284E52465F5350494D5FFE
:100EB000547970652A2C2075696E74385F742C2003
:100EC00075696E74385F742C2075696E74385F7440
:100ED0002900000000000000003E5B4F5B3E3E6BBF
:100EE0004F6B3E1C3E7C3E1C183C7E3C181C577DC4
:100EF000571C1C5E7F5E1C00183C1800FFE7C3E710
:100F0000FF0018241800FFE7DBE7FF30483A060E21
:100F10002629792926407F050507407F05253F5A68
:100F20003CE73C5A7F3E1C1C08081C1C3E7F1422D8
:100F30007F22145F5F005F5F06097F017F00668983
:100F4000956A606060606094A2FFA29408047E04C9
:100F50000810207E201008082A1C08081C2A0808EF
:100F60001E101010100C1E0C1E0C30383E383006AF
:100F70000E3E0E06000000000000005F00000007AB
:100F8000000700147F147F14242A7F2A12231308D9
:100F9000646236495620500008070300001C2241B5
:100FA000000041221C002A1C7F1C2A08083E080859
:100FB0000080703000080808080800006060002009
:100FC000100804023E5149453E00427F40007249EC
:100FD0004949462141494D331814127F1027454590
:100FE00045393C4A494931412111090736494949A6
:100FF00036464949291E0000140000004034000014
:10100000000814224114141414140041221408027C
:10101000015909063E415D594E7C1211127C7F49EF
:101020004949363E414141227F4141413E7F494944
:1010300049417F090909013E414151737F08080870
:101040007F00417F41002040413F017F0814224141
:101050007F404040407F021C027F7F0408107F3E9B
:101060004141413E7F090909063E4151215E7F0908
:10107000192946264949493203017F01033F40406F
:10108000403F1F2040201F3F4038403F631408145A
:101090006303047804036159494D43007F41414192
:1010A0000204081020004141417F04020102044073
:1010B00040404040000307080020545478407F28F7
:1010C0004444383844444428384444287F385454ED
:1010D000541800087E090218A4A49C787F08040410
:1010E0007800447D40002040403D007F10284400AF
:1010F00000417F40007C047804787C080404783840
:1011000044444438FC1824241818242418FC7C086F
:10111000040408485454542404043F44243C4040EC
:10112000207C1C2040201C3C4030403C442810289F
:10113000444C9090907C4464544C440008364100E8
:101140000000770000004136080002010204023C62
:101150002623263C1EA1A161123A4040207A385431
:1011600054555921555579412254547842215554AA
:10117000784020545579400C1E52721239555555FD
:1011800059395454545939555454580000457C41E8
:101190000002457D420001457C407D1211127DF028
:1011A000282528F07C545545002054547C547C0A52
:1011B000097F4932494949323A4444443A324A481B
:1011C00048303A4141217A3A42402078009DA0A01F
:1011D0007D3D4242423D3D4040403D3C24FF242471
:1011E000487E4943662B2FFC2F2BFF0929F620C090
:1011F000887E090320545479410000447D413048E1
:10120000484A32384040227A007A0A0A727D0D1923
:10121000317D2629292F28262929292630484D4085
:1012200020380808080808080808382F10C8ACBA81
:101230002F102834FA00007B000008142A14222200
:10124000142A14085500550055AA55AA55AAFF5549
:10125000FF55FF000000FF00101010FF00141414D1
:10126000FF001010FF00FF1010F010F0141414FC19
:10127000001414F700FF0000FF00FF1414F404FC36
:10128000141417101F10101F101F1414141F001017
:101290001010F0000000001F101010101F10101090
:1012A00010F010000000FF1010101010101010109F
:1012B000FF10000000FF140000FF00FF00001F10DF
:1012C000170000FC04F414141710171414F404F499
:1012D0000000FF00F714141414141414F700F7148A
:1012E0001414171410101F101F141414F4141010D9
:1012F000F010F000001F101F0000001F140000007D
:10130000FC140000F010F01010FF10FF141414FF74
:10131000141010101F00000000F010FFFFFFFFFF6F
:10132000F0F0F0F0F0FFFFFF0000000000FFFF0F03
:101330000F0F0F0F3844443844FC4A4A4A347E02A7
:10134000020606027E027E02635549416338444428
:101350003C04407E201E2006027E020299A5E7A5DD
:10136000991C2A492A1C4C7201724C304A4D4D304E
:101370003048784830BC625A463D3E494949007E73
:101380000101017E2A2A2A2A2A44445F444440510A
:101390004A444040444A51400000FF0103E080FFBE
:1013A000000008086B6B083612362436060F090F4A
:1013B00006000018180000001010003040FF010166
:1013C000001F01011E00191D1712003C3C3C3C008F
:1013D000000000000000000000000000C123030026
:1013E0002D820300996A0200F91603002594030078
:1013F000FD160300011703008D1A030011170300E7
:101400002517030059190300FD1603003D170300BB
:1014100039170300BD1C0300E11B0300091803007A
:10142000291B030061170300891803000000000056
:1014300000000000C12303002D820300996A02000E
:10144000F9160300DD260300E92403003526030016
:10145000912A0300712B0300F12B0300591903009B
:10146000192503003D1703003D250300692D0300E6
:10147000752C0300592E0300291B0300611703007C
:101480008918030025940300259403000901809620
:1014900011800A3A81550A3601082A04000000F03A
:1014A0002B040000014021800A13800A29800A00D1
:1014B0000000000000000000C12303002D82030093
:1014C000996A0200F9160300DD260300E9240300EF
:1014D00035260300912A0300712B0300F12B030032
:1014E0005919030019250300C13303003D250300EA
:1014F000692D0300752C0300592E0300291B0300DE
:10150000611703008918030049350300653503009E
:101510000000000000000000C12303002D82030032
:10152000996A0200F9160300DD260300E92403008E
:1015300035260300912A0300712B0300F12B0300D1
:101540005919030019250300B53503003D25030093
:10155000692D0300752C0300592E0300291B03007D
:10156000611703008918030049350300653503003E
:1015700045584641540000000800000006000000E5
:101580001100000014000000160000001800000008
:10159000200000000B0000002400000026000000D6
:1015A000090000000A0000002B0000002D000000D0
:1015B0002F000000020000001D0000001F000000BE
:1015C0002100000022000000250000000D000000A6
:1015D0000F0000000D0A00000000000000000000E5
:1015E0009D840300E984030059840300718403008F
:1015F0004184030051840300498403004D850300A6
:10160000858703009983030091830300546D725111
:1016100000000000546D7220537663006C6F6F7091
:101620000000000043616C6C6261636B00000000AD
:101630002C2066756E6374696F6E3A200061737357
:10164000657274696F6E2022257322206661696C51
:1016500065643A2066696C6520222573222C206C13
:10166000696E65202564257325730A0028610020B2
:101670004300504F534958002E00232D302B20009B
:10168000686C4C0065666745464700494E460069F0
:101690006E66004E414E006E616E00300030313299
:1016A00033343536373839414243444546003031CA
:1016B0003233343536373839616263646566000029
:1016C00020202020202020202028282828282020F2
:1016D000202020202020202020202020202020200A
:1016E0008810101010101010101010101010101082
:1016F0000404040404040404040410101010101062
:10170000104141414141410101010101010101013A
:10171000010101010101010101010110101010106E
:10172000104242424242420202020202020202020B
:101730000202020202020202020202101010102033
:101740000000000000000000000000000000000099
:101750000000000000000000000000000000000089
:101760000000000000000000000000000000000079
:101770000000000000000000000000000000000069
:101780000000000000000000000000000000000059
:101790000000000000000000000000000000000049
:1017A0000000000000000000000000000000000039
:1017B0000000000000000000000000000000000029
:1017C000496E66696E697479004E614E00000000D2
:1017D0000000000000000000000000000000000009
:1017E00000000000000000000000000000000000F9
:1017F00000000000000000000000000000000000E9
:1018000000000000000000000000000000000000D8
:1018100000000000000000000000000000000000C8
:1018200000000000000000000000000000000000B8
:101830000080E03779C34143176E05B5B5B89346CC
:10184000F5F93FE9034F384D321D30F94877825A98
:101850003CBF737FDD4F1575000000000000F03FB6
:10186000000000000000244000000000000059407B
:101870000000000000408F40000000000088C340CE
:1018800000000000006AF8400000000080842E4143
:1018900000000000D01263410000000084D797418F
:1018A0000000000065CDCD41000000205FA0024295
:1018B000000000E876483742000000A2941A6D420A
:1018C000000040E59C30A2420000901EC4BCD642FD
:1018D00000003426F56B0C430080E03779C34143A8
:1018E00000A0D8855734764300C84E676DC1AB431E
:1018F000003D9160E458E143408CB5781DAF15443C
:1019000050EFE2D6E41A4B4492D54D06CFF0804416
:10191000F64AE1C7022DB544B49DD9794378EA442B
:1019200005000000190000007D000000000000001C
:081930002049FE7F01000000C8
:10193800000000000A00000000000306B2000800D2
:1019480001000000A800080002000000A000140028
:10195800030057494E5553420000000000000000A4
:1019680000008400040007002A0044006500760097
:1019780069006300650049006E007400650072002C
:101988006600610063006500470055004900440097
:101998007300000050007B00390037003500460016
:1019A80034003400440039002D0030004400300079
:1019B80038002D0034003300460044002D00380064
:1019C8004200330045002D0031003200370043004B
:1019D80041003800410046004600460039004400F6
:1019E8007D000000000000000400000010000C0052
:1019F800547200205006040000000000000000009F
:101A080000000000000000000000000000000000CE
:101A180000000000000000000000000000000000BE
:101A280000000000000000000000000000000000AE
:101A3800000000000000000000000000000000009E
:101A48000000000000000000FF02FF07040104007E
:101A58000090D0032861002000000000F017040067
:101A680010180400D0170400000000000000000057
:101A7800000000000000000000000000000000005E
:101A8800000000000000000000000000000000004E
:101A9800000000000000000000000000000000003E
:101AA800000000000000000000000000000000002E
:101AB80000000000000000004300000000000000DB
:101AC800000000000000000000000000000000000E
:101AD80000000000000000004300000000000000BB
:101AE80000000000000000000000000000000000EE
:101AF800000000000000000043000000000000009B
:101B080000000000000000000000000000000000CD
:101B1800000000000000000043000000000000007A
:101B280000000000000000000000000000000000AD
:101B3800000000000000000043000000000000005A
:101B4800000000000000000000000000000000008D
:101B5800000000000000000043000000000000003A
:101B6800000000000000000000000000000000006D
:101B7800000000000000000043000000000000001A
:101B8800000000000000000000000000000000004D
:101B98000000000000000000D1E60300B1D50300FA
:101BA80000000000BF160400781604006B1604003D
:101BB8006B1604006B1604006B1604006B16040009
:101BC8006B1604006B1604006B1604006B160400F9
:101BD800FFFFFFFFFFFFFFFFFFFFFFFFFFFF00000B
:101BE8000100415343494900000000000000000083
:101BF80000000000000000000000000000000000DD
:101C08000000415343494900000000000000000063
:101C180000000000000000000000000000000000BC
:101C28000000000001620200356202002566020021
:101C380095F002009DF202002D060300ED1303004B
:0C1C4800A1160300158A030011620200BF
:040000033000B9D53B
:00000001FF
